id,8x8dct,analyse,aq-mode,aq-strength,b-adapt,bframes,cabac,chroma-qp-offset,crf,deblock,direct,fast-pskip,keyint,lookahead-threads,me,merange,mixed-refs,mbtree,nal-hrd,open-gop,profile,qcomp,qpmax,qpmin,rc-lookahead,ref,scenecut,subme,threads,trellis,weightb,weightp,weight,selected
2051,0,p8x8,2,0.296249058842245,1,10,1,-10,29.32159763936856,-4:4,temporal,0,184,4,dia,4,1,1,vbr,0,high,0.3314707658397848,22,10,153,4,76,8,3,1,1,1,1.016,0
2051,0,p8x8,2,0.296249058842245,1,10,0,-10,29.32159763936856,-4:4,temporal,0,184,4,dia,4,1,1,vbr,0,high,0.3314707658397848,22,10,153,4,80,0,42,0,0,1,1.016,0
1320,1,p4x4,3,0.6157864219350295,1,12,0,8,38.687654164818326,2:-2,spatial,1,435,3,dia,15,1,0,cbr,1,main,0.7214316074693485,25,3,141,7,40,5,63,1,0,2,1.016,0
2051,0,p8x8,2,0.7254294592101662,2,10,0,5,29.58495568862226,4:4,spatial,0,455,0,tesa,54,1,1,none,1,baseline,0.6493532546000097,44,15,26,16,80,1,2,0,0,0,1.016,0
76,0,p8x8,1,0.6295137611273145,2,0,1,9,29.58495568862226,4:4,spatial,0,51,0,dia,54,0,1,none,0,baseline,0.6493532546000097,48,4,92,2,80,0,2,0,0,0,1.96,0
344,0,p8x8,1,0.7769498651393252,2,8,1,8,49.654252470083385,5:5,temporal,0,100,3,tesa,45,0,1,none,0,main,0.20369733279575,40,10,129,1,82,0,8,0,0,0,1.016,0
2233,0,none,1,1.3653973567571176,0,9,0,11,15.204349918038613,4:4,spatial,0,51,0,tesa,54,0,1,none,0,baseline,0.6493532546000097,48,4,92,2,80,1,2,0,0,0,1.016,0
2051,0,p8x8,2,0.296249058842245,2,10,1,-4,29.58495568862226,4:4,spatial,0,51,0,dia,54,0,1,none,0,baseline,0.6493532546000097,48,4,92,2,80,0,2,1,0,0,1.016,0
2051,0,p8x8,2,0.296249058842245,1,10,1,12,29.32159763936856,-4:4,spatial,0,204,3,dia,54,0,1,none,1,baseline,0.6493532546000097,48,4,92,7,80,0,2,0,0,0,1.016,0
1320,1,all,3,0.6157864219350295,2,12,1,8,38.687654164818326,2:-2,spatial,1,435,0,dia,54,0,1,none,0,baseline,0.6493532546000097,48,4,92,2,80,0,2,0,0,0,1.016,0
328,1,p8x8,2,0.4063817096971824,2,15,0,-9,23.36341914618729,3:-3,temporal,0,391,0,hex,54,0,0,vbr,0,baseline,0.4042248166211642,36,4,216,3,44,0,29,0,1,0,1.048,0
2233,1,none,1,1.3653973567571176,1,9,0,-9,23.36341914618729,3:-3,temporal,1,391,0,hex,54,0,0,vbr,0,baseline,0.4042248166211642,36,4,216,3,44,0,29,0,1,0,1.048,0
1320,1,p4x4,3,0.6157864219350295,1,15,0,-9,23.36341914618729,3:-3,temporal,0,391,0,hex,54,0,1,vbr,0,baseline,0.4042248166211642,36,4,216,3,46,0,29,0,1,0,1.048,0
2233,0,p8x8,2,0.7492043735568398,2,15,0,-9,23.36341914618729,3:-3,temporal,0,391,0,hex,54,0,0,vbr,0,baseline,0.4042248166211642,36,4,216,7,44,0,29,0,1,1,1.048,0
2233,1,none,1,1.3653973567571176,1,9,0,-9,23.36341914618729,6:-6,temporal,1,391,0,hex,54,0,0,vbr,0,baseline,0.4042248166211642,36,4,216,3,44,0,29,2,1,0,1.048,0
328,1,p8x8,2,0.4063817096971824,2,15,0,-3,23.36341914618729,3:-3,temporal,0,391,0,dia,54,0,0,vbr,0,main,0.7214316074693485,36,3,141,7,40,0,63,1,0,2,1.048,0
2233,1,none,1,1.3653973567571176,1,9,0,-9,23.36341914618729,3:-3,temporal,1,391,0,hex,54,0,0,vbr,0,high,0.4042248166211642,40,4,216,3,44,1,2,0,0,0,1.048,0
2051,1,none,1,0.6213877150429228,1,2,0,-9,23.36341914618729,3:-3,temporal,1,89,0,hex,54,0,0,vbr,1,baseline,0.4042248166211642,36,4,216,16,44,0,29,0,1,0,1.048,0
328,1,p8x8,2,0.4063817096971824,2,15,0,-9,23.36341914618729,3:-3,temporal,0,391,3,hex,54,0,1,none,1,main,0.20369733279575,40,11,129,1,82,1,8,0,0,0,1.048,0
2233,1,all,1,1.3653973567571176,1,9,0,10,23.36341914618729,5:-5,temporal,1,391,0,hex,54,0,0,vbr,0,baseline,0.4042248166211642,36,20,216,3,44,0,29,0,1,0,1.048,0
76,0,p4x4,1,0.6295137611273145,1,0,1,4,29.58495568862226,4:4,spatial,0,51,0,dia,32,0,0,cbr,1,main,0.6897878317813976,30,18,26,5,7,1,3,1,0,0,1.032,0
762,1,p4x4,0,0.1252347426477105,2,1,1,4,41.48298590681043,-5:5,spatial,0,80,0,dia,39,1,0,none,0,main,0.2500707216882556,29,17,241,1,80,8,52,0,0,2,1.032,0
762,1,p4x4,0,0.1252347426477105,2,1,1,4,41.48298590681043,-2:2,spatial,0,80,0,dia,9,1,0,cbr,0,main,0.8623170732099653,30,13,26,5,7,3,30,1,0,0,1.032,0
519,0,p8x8,1,0.6295137611273145,0,0,1,9,29.58495568862226,4:4,spatial,0,51,0,dia,54,0,1,none,0,baseline,0.6493532546000097,31,4,116,2,47,0,2,0,0,0,1.032,0
834,0,p8x8,1,0.6295137611273145,0,0,1,9,2.185327087253972,4:4,spatial,0,51,1,dia,54,0,1,none,0,baseline,0.6493532546000097,31,4,116,2,47,0,2,0,0,1,1.032,0
519,0,p8x8,1,0.6295137611273145,0,0,1,9,29.58495568862226,4:4,spatial,0,51,0,dia,54,1,1,none,0,baseline,0.6493532546000097,31,12,5,10,87,4,49,0,1,1,1.032,0
519,0,p8x8,1,0.6295137611273145,0,0,1,9,29.58495568862226,4:4,spatial,0,51,0,dia,54,0,1,none,0,baseline,0.6493532546000097,31,4,116,2,47,0,2,0,0,1,1.032,0
519,1,p8x8,2,0.6295137611273145,0,0,1,9,29.58495568862226,4:4,spatial,0,51,0,dia,54,0,1,none,0,baseline,0.6493532546000097,31,3,116,2,47,0,2,1,0,0,1.032,0
762,0,p4x4,0,0.1252347426477105,2,0,1,9,29.58495568862226,4:4,spatial,0,51,4,dia,54,0,1,none,0,baseline,0.6341042392456505,48,4,92,2,80,0,2,0,0,0,1.032,0
1718,0,none,2,1.222758730856049,1,6,1,8,13.35893353578019,1:-1,none,1,214,3,dia,57,0,0,cbr,1,main,0.7409733992407639,21,19,126,2,51,9,53,1,0,0,1.08,0
76,0,p8x8,3,0.6295137611273145,1,0,1,8,13.35893353578019,1:-1,none,1,214,3,dia,57,0,0,cbr,1,main,0.7409733992407639,21,19,126,2,51,5,53,1,0,0,1.08,0
1109,0,none,3,0.922724152065378,2,9,0,7,44.93523280652223,-1:1,auto,1,458,3,esa,37,0,1,cbr,1,high,0.4255726247860975,51,18,121,16,1,8,17,0,1,1,1.072,0
1718,0,none,3,0.922724152065378,2,9,0,7,44.93523280652223,-1:1,auto,1,458,3,esa,37,0,1,cbr,0,high,0.4255726247860975,51,18,121,16,1,3,59,0,0,1,1.048,0
1718,0,none,3,0.922724152065378,2,9,0,5,44.93523280652223,-1:1,auto,1,458,3,esa,37,0,1,cbr,0,high,0.8309780989038396,36,18,167,6,33,5,62,0,0,0,1.048,0
76,0,p8x8,1,0.6295137611273145,2,0,1,9,29.58495568862226,4:4,spatial,1,51,0,tesa,54,0,1,none,0,baseline,0.6493532546000097,48,4,92,2,12,1,2,2,0,2,1.048,0
1553,1,"p8x8,b8x8,i8x8,i4x4",1,0.6794705123780858,0,8,1,2,23.19718417701521,-6:6,none,0,51,0,dia,54,0,1,none,1,high,0.935510519771053,48,4,92,2,80,0,2,0,0,0,1.048,0
1553,1,p8x8,1,0.6295137611273145,1,0,1,9,29.58495568862226,4:4,spatial,0,51,0,dia,54,0,1,none,0,baseline,0.6493532546000097,48,4,92,2,80,0,52,0,0,0,1.048,0
76,0,"p8x8,b8x8,i8x8,i4x4",1,0.6794705123780858,0,8,1,2,24.379438081413426,-6:6,none,0,51,0,dia,6,0,1,none,1,high,0.935510519771053,48,4,92,2,80,0,2,0,0,0,1.064,0
1553,1,"p8x8,b8x8,i8x8,i4x4",1,0.6794705123780858,0,8,1,-7,23.19718417701521,-6:6,none,0,51,0,dia,54,0,1,none,1,baseline,0.6493532546000097,48,4,92,2,80,0,52,0,0,2,1.072,0
76,0,p8x8,3,0.6295137611273145,1,0,1,8,13.35893353578019,1:-1,none,1,214,3,dia,57,0,1,cbr,1,main,0.9898119876376972,48,4,92,2,85,0,2,0,0,0,1.056,0
76,0,"p8x8,b8x8,i8x8,i4x4",0,0.6794705123780858,0,8,1,12,24.379438081413426,-6:6,none,0,51,0,dia,6,0,1,none,1,high,0.935510519771053,21,19,91,2,80,7,47,1,0,1,1.056,0
2395,0,none,2,1.222758730856049,1,6,1,8,13.35893353578019,1:-1,none,1,114,3,dia,40,0,0,cbr,1,main,0.7409733992407639,21,19,92,2,80,0,47,1,0,1,1.072,0
1718,0,none,2,1.222758730856049,1,6,1,8,13.35893353578019,1:-1,none,1,214,3,dia,57,0,1,cbr,1,main,0.9898119876376972,48,4,92,2,85,0,32,0,0,0,1.072,0
1718,0,none,2,1.222758730856049,1,6,1,8,13.35893353578019,1:-1,none,1,214,3,dia,57,0,1,cbr,0,baseline,0.4042248166211642,36,4,216,12,46,8,29,0,1,0,1.056,0
1715,0,none,2,1.222758730856049,1,6,1,8,13.35893353578019,1:-1,none,1,214,3,dia,57,0,0,cbr,1,main,0.7409733992407639,21,19,126,2,51,5,53,2,0,0,1.064,0
1718,0,none,2,1.222758730856049,1,6,1,8,13.35893353578019,1:-1,none,1,114,3,dia,40,0,0,cbr,1,main,0.7409733992407639,21,19,92,2,58,0,47,1,0,0,1.064,0
2395,0,none,2,1.222758730856049,1,6,1,8,13.35893353578019,1:-1,none,1,114,3,dia,40,0,0,cbr,1,baseline,0.4255726247860975,51,18,121,16,1,8,17,0,1,1,1.064,0
1718,0,none,2,1.222758730856049,2,15,0,-9,37.37799214063269,3:-3,temporal,0,391,3,dia,54,0,1,none,1,main,0.20369733279575,40,11,129,1,25,1,8,0,0,0,1.064,0
1052,0,"p8x8,b8x8,i8x8,i4x4",1,1.0429460670983646,1,16,0,6,32.94144844997256,2:-2,auto,1,212,2,hex,16,0,0,cbr,0,baseline,0.0159168032975517,45,8,212,3,71,1,46,2,1,0,1.072,0
1052,1,"p8x8,b8x8,i8x8,i4x4",1,1.0429460670983646,1,16,1,6,32.94144844997256,2:-2,spatial,1,466,2,hex,25,1,0,none,0,baseline,0.1625059288059917,31,5,66,7,84,1,3,0,0,0,1.072,0
1052,1,"p8x8,b8x8,i8x8,i4x4",1,1.0429460670983646,1,16,0,6,32.94144844997256,2:-2,auto,1,212,2,umh,16,0,0,cbr,0,baseline,0.0159168032975517,45,8,237,3,71,1,46,2,0,0,1.072,0
342,1,p8x8,0,1.0429460670983646,1,16,1,6,32.94144844997256,2:-2,none,1,466,2,hex,28,0,0,none,1,baseline,0.1625059288059917,49,5,231,7,84,1,3,0,1,0,1.072,0
1521,0,p4x4,1,0.1314407456198111,1,11,1,-12,21.83622780024446,-6:6,spatial,0,477,1,umh,38,1,1,vbr,1,baseline,0.0769293170090017,25,6,181,8,20,9,38,2,1,2,1.072,0
1521,0,p4x4,1,0.1314407456198111,1,11,1,-12,21.83622780024446,-6:6,spatial,1,477,1,umh,38,1,1,vbr,1,high,0.5777242600107036,25,6,181,8,20,5,38,0,1,2,1.072,0
1052,0,"p8x8,b8x8,i8x8,i4x4",1,1.0429460670983646,1,16,1,6,32.94144844997256,2:-2,spatial,0,466,2,hex,28,0,0,cbr,1,high,0.0159168032975517,45,16,212,13,71,1,15,2,0,2,1.096,0
1052,0,"p8x8,b8x8,i8x8,i4x4",1,1.0429460670983646,1,16,1,6,32.94144844997256,2:-2,spatial,0,466,2,hex,15,1,0,cbr,0,baseline,0.0159168032975517,45,16,212,3,71,1,46,0,0,2,1.096,0
1052,1,"p8x8,b8x8,i8x8,i4x4",1,1.0429460670983646,1,16,1,6,32.94144844997256,2:-2,spatial,1,466,2,hex,28,0,0,cbr,1,high,0.0159168032975517,40,13,100,5,26,8,35,0,1,1,1.096,0
772,0,"p8x8,b8x8,i8x8,i4x4",1,1.0429460670983646,1,16,0,6,32.94144844997256,2:-2,spatial,0,466,2,hex,28,1,0,cbr,1,main,0.0159168032975517,45,16,212,13,71,1,15,2,0,2,1.096,0
1149,1,none,1,1.567491177328455,1,4,0,1,35.91237828217597,1:1,temporal,0,360,4,dia,27,1,0,none,1,main,0.4112734498641336,50,16,105,8,97,6,29,0,1,0,1.08,0
1412,1,none,1,1.567491177328455,1,8,1,1,35.91237828217597,1:1,temporal,0,360,4,dia,27,1,0,none,0,main,0.4112734498641336,33,16,105,8,97,6,29,0,0,0,1.08,0
1945,0,"p8x8,b8x8,i8x8,i4x4",1,0.9506326634873168,1,6,1,10,4.770184967694013,-1:1,spatial,0,102,0,dia,34,0,1,cbr,0,high,0.9110201119157372,23,8,95,10,90,0,32,1,0,2,1.08,0
1945,0,"p8x8,b8x8,i8x8,i4x4",1,0.9506326634873168,1,7,1,10,4.770184967694013,-1:1,spatial,0,102,0,dia,34,1,1,cbr,0,high,0.8556521131749509,23,8,95,10,90,0,32,1,0,2,1.08,0
1945,0,"p8x8,b8x8,i8x8,i4x4",1,0.9506326634873168,1,6,1,10,4.770184967694013,-1:1,spatial,0,102,0,dia,34,0,1,vbr,0,baseline,0.3491420501492,44,12,7,2,10,8,41,1,1,2,1.08,0
1945,0,"p8x8,b8x8,i8x8,i4x4",1,0.9506326634873168,2,7,1,10,4.770184967694013,-1:1,spatial,0,102,0,dia,34,0,0,cbr,1,main,0.8366784484093521,40,2,92,16,92,6,61,2,0,1,1.08,0
1945,1,"p8x8,b8x8,i8x8,i4x4",1,0.9506326634873168,1,6,1,-12,4.770184967694013,-1:1,spatial,0,102,0,dia,34,0,0,cbr,0,high,0.3416427309741749,22,14,91,8,89,7,41,1,0,0,1.08,0
1945,0,"p8x8,b8x8,i8x8,i4x4",1,0.9506326634873168,1,6,1,10,4.770184967694013,-1:1,spatial,0,102,0,dia,34,0,1,cbr,0,high,0.9110201119157372,23,8,95,10,90,0,32,1,1,1,1.08,0
1960,0,all,0,1.1644302425737592,1,7,1,10,4.770184967694013,-1:1,spatial,0,479,0,dia,34,1,1,cbr,0,high,0.8556521131749509,48,8,95,10,90,11,45,1,0,2,1.08,0
2392,1,all,0,1.1644302425737592,1,15,1,10,4.770184967694013,-1:1,spatial,0,343,0,dia,34,0,1,cbr,0,high,0.9110201119157372,23,8,95,10,90,1,32,1,0,2,1.08,0
1052,0,"p8x8,b8x8,i8x8,i4x4",1,1.0429460670983646,0,2,1,6,32.94144844997256,2:-2,spatial,0,466,2,hex,15,0,0,none,0,baseline,0.0159168032975517,48,4,92,2,0,0,2,0,0,0,1.088,0
1718,0,none,2,1.222758730856049,1,5,1,8,13.35893353578019,1:-1,none,1,290,3,dia,57,0,0,cbr,0,baseline,0.0159168032975517,45,16,212,3,71,1,46,0,0,2,1.088,0
1369,0,"p8x8,b8x8,i8x8,i4x4",1,1.0429460670983646,1,13,1,-8,32.94144844997256,6:6,spatial,0,466,2,hex,15,0,0,none,0,baseline,0.0159168032975517,48,4,92,2,0,0,49,0,0,0,1.088,0
1718,0,none,0,1.222758730856049,1,5,0,6,13.35893353578019,2:2,spatial,0,466,2,umh,15,1,0,cbr,1,baseline,0.0159168032975517,45,0,212,3,71,1,46,1,0,2,1.088,0
772,0,"p8x8,b8x8,i8x8,i4x4",1,1.0429460670983646,1,16,0,6,35.83421612572595,2:-2,spatial,0,466,2,hex,28,1,0,cbr,1,main,0.0159168032975517,45,16,212,13,71,1,15,1,0,0,1.088,0
772,0,"p8x8,b8x8,i8x8,i4x4",1,1.0429460670983646,1,13,1,-8,32.94144844997256,6:6,spatial,0,466,2,hex,28,0,0,cbr,0,baseline,0.0159168032975517,45,16,212,13,32,1,15,2,0,2,1.088,0
1280,1,none,3,0.5054672097180761,0,14,1,12,21.37227474930833,1:1,spatial,0,8,4,tesa,9,0,1,none,0,high,0.5095017405492828,49,1,192,7,78,1,9,1,0,2,1.096,0
76,1,none,0,0.6295137611273145,2,0,0,9,29.58495568862226,4:4,temporal,0,51,0,tesa,24,0,1,none,0,baseline,0.6493532546000097,48,4,92,2,80,2,37,1,1,1,1.096,0
1732,1,p4x4,1,0.3288599459493289,2,4,0,-11,5.674294418405858,4:-4,temporal,0,51,3,dia,22,0,0,none,0,main,0.395800579141686,35,12,192,7,78,1,9,1,0,2,1.096,0
743,1,p4x4,1,0.3288599459493289,0,4,0,-11,5.674294418405858,4:-4,temporal,0,51,1,dia,22,0,0,none,0,main,0.395800579141686,37,12,192,7,78,1,9,1,0,2,1.096,0
1595,1,none,1,0.5854103283902078,2,5,0,5,29.75079221747932,3:3,spatial,1,24,2,dia,24,0,1,none,0,baseline,0.6493532546000097,48,4,92,2,80,2,37,0,1,1,1.096,0
2095,0,p8x8,3,0.2747062389104263,0,4,0,7,15.608853876020824,-6:6,none,1,250,4,hex,46,1,0,vbr,0,high,0.1241810588264476,22,0,47,13,5,10,40,1,1,1,1.096,0
1595,1,none,1,0.5854103283902078,2,5,0,5,29.75079221747932,3:3,spatial,1,24,2,dia,36,0,1,none,1,high,0.813740992519497,24,8,96,5,2,0,18,0,0,1,1.096,0
1595,1,none,1,0.5854103283902078,2,4,0,5,29.75079221747932,3:3,spatial,1,24,2,dia,36,0,1,none,1,high,0.6493532546000097,46,14,92,16,80,0,2,1,0,0,1.096,0
2394,0,none,1,0.5854103283902078,2,5,0,5,29.75079221747932,3:3,none,1,24,2,dia,36,0,1,none,1,high,0.813740992519497,24,8,96,5,2,0,18,0,0,2,1.096,0
2102,1,p4x4,3,1.8608182563379665,1,12,0,-1,44.84795939735755,-5:5,none,1,362,4,esa,54,0,0,vbr,1,baseline,0.6493532546000097,48,19,92,2,87,1,2,0,0,0,1.096,0
1150,0,none,0,0.833612777093194,2,14,1,8,8.18468222928954,1:1,none,1,99,0,dia,64,0,1,vbr,0,baseline,0.522821707066363,32,14,89,4,43,2,34,0,0,1,1.176,0
1150,0,"p8x8,b8x8,i8x8,i4x4",1,0.833612777093194,2,14,1,8,8.18468222928954,1:1,none,1,99,0,dia,64,0,1,vbr,1,baseline,0.522821707066363,32,14,89,6,22,0,53,2,0,1,1.392,0
1150,0,p8x8,1,0.833612777093194,0,14,1,8,8.18468222928954,1:1,none,1,99,0,dia,64,0,1,vbr,1,baseline,0.522821707066363,26,8,79,3,65,7,49,1,1,1,1.28,0
1150,0,none,0,0.833612777093194,2,8,1,8,1.1147926385211078,1:1,none,1,99,0,dia,64,0,1,vbr,0,main,0.522821707066363,32,14,89,4,43,3,15,0,0,1,1.176,0
1150,0,none,0,0.833612777093194,1,14,1,8,8.18468222928954,6:6,none,1,99,0,dia,61,0,1,vbr,0,baseline,0.522821707066363,32,1,89,4,43,2,34,2,0,1,1.104,0
1150,0,none,0,0.833612777093194,2,0,1,8,8.18468222928954,1:1,none,1,99,0,dia,64,0,1,vbr,0,baseline,0.522821707066363,32,14,89,4,43,2,34,2,1,1,1.392,0
1150,0,"p8x8,b8x8,i8x8,i4x4",1,0.833612777093194,2,5,1,8,8.18468222928954,6:6,none,1,99,4,dia,61,0,1,vbr,0,baseline,0.522821707066363,32,1,89,4,43,2,34,2,0,1,1.28,0
1150,0,none,0,0.833612777093194,1,14,1,8,8.18468222928954,1:1,spatial,1,99,0,dia,64,0,1,vbr,1,baseline,0.522821707066363,32,14,89,6,22,0,22,2,0,1,1.28,0
1150,0,p8x8,1,0.833612777093194,0,14,1,8,8.18468222928954,1:1,none,1,99,0,dia,64,0,1,vbr,0,baseline,0.522821707066363,22,20,89,4,43,2,34,2,1,1,1.392,0
1150,0,none,0,0.833612777093194,2,0,1,8,27.914037768996216,1:1,none,1,99,0,dia,64,0,1,vbr,1,baseline,0.522821707066363,26,8,79,3,65,7,49,1,1,1,1.184,0
1936,0,all,0,0.0307722080746771,1,8,0,11,48.99821968539017,3:3,spatial,0,12,0,hex,13,0,1,none,1,baseline,0.6820121506383553,24,4,114,3,67,0,6,0,0,1,1.112,0
1048,0,none,0,0.0912060476289293,2,5,1,-7,50.84274949317081,4:-4,none,1,33,3,esa,28,0,0,vbr,1,main,0.1190618691588216,35,17,179,10,12,7,62,1,1,2,1.16,0
1936,1,all,3,0.0307722080746771,1,8,1,11,48.99821968539017,3:3,spatial,0,192,4,hex,13,0,1,none,1,baseline,0.6820121506383553,24,4,114,6,67,0,6,0,0,1,1.112,0
422,1,none,3,1.404486935123255,2,0,1,5,29.58495568862226,4:4,spatial,1,51,0,dia,54,0,1,none,0,baseline,0.4477969605903525,48,4,150,9,67,7,64,2,0,2,1.112,0
76,0,p8x8,1,0.6295137611273145,2,0,1,5,29.58495568862226,4:4,spatial,1,51,0,dia,54,0,1,none,0,baseline,0.6493532546000097,48,4,150,10,67,7,64,2,1,2,1.112,0
698,1,p4x4,0,1.106609135288933,1,8,1,-6,34.76968889996238,0:0,auto,0,51,0,dia,54,0,1,none,0,baseline,0.3106997627973999,48,4,92,2,80,0,2,0,0,0,1.112,0
422,0,p4x4,3,1.7242186518228328,2,5,0,2,29.664439579982087,-2:2,none,1,2,2,dia,54,0,1,none,0,baseline,0.6493532546000097,48,4,92,2,36,0,2,1,0,0,1.112,0
345,1,p4x4,0,1.072103528483132,1,8,1,-6,34.76968889996238,0:0,spatial,0,51,0,dia,54,0,0,none,1,baseline,0.6493532546000097,48,4,92,15,80,0,2,0,0,0,1.112,0
773,1,p4x4,0,1.106609135288933,1,8,1,-6,34.76968889996238,0:0,auto,0,51,0,dia,54,0,1,none,0,baseline,0.3106997627973999,48,4,92,2,23,0,2,0,1,0,1.112,0
1048,0,none,0,0.0912060476289293,2,5,1,-7,50.84274949317081,4:-4,none,1,33,3,esa,28,0,0,vbr,1,baseline,0.522821707066363,32,18,89,6,22,0,53,2,0,1,1.128,0
1048,0,none,0,0.1193365485352483,2,5,1,-7,50.84274949317081,4:-4,none,0,33,3,esa,28,0,0,vbr,1,baseline,0.522821707066363,32,18,89,3,65,1,49,2,0,0,1.128,0
1468,0,none,0,0.833612777093194,2,1,1,8,1.1147926385211078,0:0,none,1,99,0,dia,64,0,0,vbr,1,main,0.1190618691588216,35,17,179,10,12,7,62,1,1,2,1.136,0
1150,0,"p8x8,b8x8,i8x8,i4x4",1,0.833612777093194,0,5,1,8,8.18468222928954,6:6,none,1,99,4,dia,64,0,0,vbr,1,main,0.1190618691588216,35,12,179,10,12,7,62,1,1,2,1.136,0
1468,0,none,0,0.833612777093194,2,1,1,8,1.1147926385211078,0:0,none,0,99,0,dia,12,0,0,vbr,1,main,0.1190618691588216,35,17,157,14,12,7,62,1,1,2,1.136,0
776,0,none,1,0.833612777093194,0,11,1,8,8.18468222928954,1:1,none,1,99,0,umh,64,0,1,vbr,0,baseline,0.522821707066363,32,14,89,4,43,2,26,0,0,1,1.16,0
2050,1,all,3,0.3062382265566493,2,0,0,11,40.60407095519528,4:4,spatial,0,426,2,dia,10,0,0,none,0,high,0.2249509315111708,43,16,30,2,59,3,58,2,0,0,1.16,0
2097,1,all,2,0.3329065721413176,0,1,0,-1,16.714101129513814,-1:1,auto,0,429,0,dia,29,0,1,none,1,baseline,0.004491017910847,45,19,125,11,62,5,18,0,1,2,1.16,0
125,0,"p8x8,b8x8,i8x8,i4x4",2,0.1677485510570548,1,2,1,-12,37.17689849024164,-4:4,auto,1,364,4,dia,29,0,1,none,1,baseline,0.8307857576246869,45,19,125,16,62,5,18,0,1,2,1.16,0
1907,0,all,0,0.1891691090659957,0,5,0,12,4.970835676683495,6:6,temporal,0,324,4,hex,6,0,0,none,1,high,0.8362550670036247,26,14,162,16,85,5,61,0,0,0,1.16,0
125,0,none,2,0.1677485510570548,1,2,1,-12,37.17689849024164,-4:4,auto,1,364,4,tesa,50,0,0,none,0,baseline,0.2465922931595889,23,8,159,8,25,5,53,2,1,2,1.16,0
1272,1,p4x4,1,1.9680592618204027,2,2,0,-11,21.89104669916225,-1:1,auto,1,111,3,hex,55,1,0,cbr,1,baseline,0.5051797837092106,20,16,97,4,77,4,39,1,1,2,1.16,0
1907,1,all,0,0.1891691090659957,0,0,0,12,4.970835676683495,-2:2,temporal,1,324,0,hex,63,0,1,none,1,high,0.8362550670036247,26,14,162,16,85,5,61,0,0,0,1.16,0
2050,1,all,0,1.8660114112999928,0,0,0,12,4.970835676683495,-2:2,temporal,1,324,0,hex,63,0,1,none,1,high,0.8362550670036247,26,14,162,16,85,5,61,0,0,0,1.16,0
1180,1,all,0,1.4063511916382658,0,3,1,-10,35.55545997220386,-3:3,auto,0,196,3,dia,40,0,0,none,1,baseline,0.1404351194194261,51,16,104,5,30,9,58,1,0,1,1.456,0
2097,1,all,2,0.5206390606991592,0,3,1,-10,35.55545997220386,-3:3,spatial,0,196,3,dia,35,0,0,none,1,baseline,0.1404351194194261,51,19,104,5,30,9,58,1,0,1,1.16,0
1057,1,p4x4,2,0.2464427810644444,0,12,1,-2,17.830423834761135,3:-3,none,0,5,4,hex,48,1,0,none,1,baseline,0.8081202953820426,23,17,244,13,56,6,12,0,0,0,1.232,0
2254,1,p4x4,2,0.2464427810644444,0,14,1,-2,17.830423834761135,3:-3,none,0,5,4,hex,48,1,0,none,1,baseline,0.8081202953820426,23,17,244,13,80,6,12,0,0,1,1.168,0
1057,1,p4x4,2,0.2464427810644444,0,12,1,-2,17.830423834761135,3:-3,none,0,23,4,hex,48,1,0,none,1,baseline,0.8081202953820426,23,17,244,13,56,6,12,0,0,1,1.168,0
1057,1,p4x4,2,0.2464427810644444,0,12,1,7,17.830423834761135,3:-3,spatial,0,5,4,hex,48,1,0,none,1,baseline,0.8081202953820426,23,7,248,16,23,8,25,2,1,1,1.168,0
872,1,"p8x8,b8x8,i8x8,i4x4",2,1.0654271704629996,1,14,1,0,46.76378373416208,-6:6,spatial,1,344,3,hex,49,1,0,none,1,baseline,0.8081202953820426,23,17,244,13,56,6,12,0,0,0,1.168,0
842,1,p4x4,2,0.2464427810644444,0,12,1,-2,17.830423834761135,3:-3,none,0,5,4,hex,48,1,0,none,1,high,0.002853226831715,35,7,110,13,23,8,25,2,1,1,1.168,0
2069,1,"p8x8,b8x8,i8x8,i4x4",2,1.0654271704629996,1,3,1,0,46.76378373416208,-1:1,temporal,0,344,0,hex,48,1,0,none,1,baseline,0.8081202953820426,23,17,244,13,56,6,12,0,0,0,1.168,0
1057,1,p4x4,2,0.2464427810644444,0,12,1,-2,17.830423834761135,3:-3,none,0,5,4,hex,48,1,0,cbr,1,baseline,0.8081202953820426,23,17,244,13,56,6,12,0,0,0,1.168,0
872,1,"p8x8,b8x8,i8x8,i4x4",2,1.0654271704629996,1,14,1,0,46.76378373416208,-6:6,spatial,1,344,3,hex,49,1,0,none,1,high,0.983721374819952,23,4,244,13,56,6,12,0,0,0,1.168,0
1898,1,"p8x8,b8x8,i8x8,i4x4",2,1.0654271704629996,1,9,1,0,46.76378373416208,-6:6,spatial,1,344,3,hex,49,1,0,none,1,baseline,0.8081202953820426,23,17,244,13,56,6,12,0,0,0,1.168,0
778,0,none,2,0.5327169585191666,0,2,0,5,7.514863167519044,-5:5,none,1,409,4,esa,11,1,0,none,0,high,0.3509747585402405,42,4,92,8,48,0,62,2,0,2,1.176,0
1079,0,p4x4,0,0.9308959757744592,1,13,1,9,29.58495568862226,-2:2,spatial,1,51,0,dia,54,0,1,vbr,0,baseline,0.6493532546000097,36,17,135,10,89,7,14,1,1,2,1.176,0
778,0,none,0,0.5327169585191666,0,2,0,5,7.514863167519044,5:5,none,1,409,4,hex,11,1,0,none,1,high,0.3509747585402405,38,4,92,2,48,0,62,2,0,0,1.176,0
2082,1,all,1,1.7643605696555218,0,6,1,-3,1.118736961751898,-5:5,auto,0,478,2,dia,22,0,1,none,0,main,0.0482086951491995,28,15,224,15,54,1,16,0,1,0,1.176,0
778,0,none,0,0.5327169585191666,0,2,0,5,10.52552055753904,5:5,none,1,409,4,hex,18,1,0,cbr,0,baseline,0.4656771502101967,21,9,181,5,83,7,14,1,1,0,1.176,0
778,0,none,0,0.5327169585191666,0,2,0,5,10.52552055753904,5:5,none,0,409,4,esa,18,1,1,cbr,0,baseline,0.4656771502101967,21,9,181,5,83,6,60,0,1,1,1.176,0
1642,0,none,0,0.5327169585191666,0,2,0,5,10.52552055753904,5:5,none,0,409,4,esa,18,1,1,cbr,0,baseline,0.4656771502101967,21,9,181,5,83,6,4,0,1,1,1.176,0
778,0,none,0,0.5327169585191666,0,2,0,5,10.52552055753904,5:5,none,1,409,4,tesa,35,0,1,cbr,0,baseline,0.4656771502101967,38,4,92,2,48,0,62,2,0,0,1.176,0
778,0,"p8x8,b8x8,i8x8,i4x4",0,0.5327169585191666,0,5,0,5,28.350071947390937,5:5,none,1,409,4,hex,52,1,0,none,1,high,0.3509747585402405,25,9,181,5,93,6,60,0,1,1,1.176,0
691,1,none,1,1.4737604284031651,1,6,0,0,36.338810510853776,3:-3,none,0,166,4,esa,48,0,0,none,1,baseline,0.8081202953820426,23,7,244,13,91,6,12,0,1,1,1.184,0
1468,1,p4x4,2,0.2464427810644444,0,6,1,-2,17.830423834761135,2:-2,none,1,5,4,hex,48,1,1,none,1,baseline,0.6397928417754474,44,13,65,2,18,1,11,1,0,1,1.184,0
2134,1,"p8x8,b8x8,i8x8,i4x4",1,0.57997326180197,1,16,1,-3,22.75085843499005,-2:2,auto,1,70,4,umh,39,0,0,vbr,0,main,0.0586553053885529,28,2,152,4,90,2,0,0,1,1,1.184,0
691,1,none,2,0.2598303388488598,1,16,1,-3,22.75085843499005,-2:2,auto,1,70,4,umh,39,0,0,vbr,0,main,0.0586553053885529,28,2,152,4,90,2,0,0,1,1,1.184,0
2134,1,"p8x8,b8x8,i8x8,i4x4",1,0.57997326180197,1,16,1,-3,22.75085843499005,-2:2,auto,1,70,4,umh,39,0,0,vbr,0,main,0.0586553053885529,28,2,152,4,90,2,12,0,1,1,1.184,0
691,1,none,1,1.5918000964484404,1,6,1,0,36.338810510853776,3:-3,none,0,5,4,esa,48,0,0,none,0,baseline,0.8081202953820426,23,7,244,13,16,6,12,0,0,0,1.224,0
376,0,p4x4,1,0.1522253691877485,2,8,0,12,19.12255445860196,3:-3,auto,1,16,4,hex,48,1,1,none,0,baseline,0.8081202953820426,23,17,244,13,56,6,12,0,0,0,1.224,0
691,1,none,2,0.2598303388488598,1,16,1,-3,17.830423834761135,3:-3,auto,0,5,4,dia,48,1,0,none,1,baseline,0.8081202953820426,23,17,170,13,56,6,12,0,1,0,1.224,0
691,1,none,1,1.4737604284031651,1,6,1,0,36.338810510853776,3:-3,none,0,5,4,esa,48,1,0,none,1,baseline,0.8081202953820426,23,7,244,13,16,6,12,0,1,1,1.224,0
99,1,p4x4,2,0.2464427810644444,0,12,0,-2,17.830423834761135,3:-3,none,0,5,4,hex,48,1,0,none,1,baseline,0.8081202953820426,23,17,170,13,83,6,12,0,1,0,1.192,0
691,1,none,2,0.2598303388488598,2,16,1,-9,17.830423834761135,3:-3,auto,0,5,4,dia,48,1,0,none,1,baseline,0.8081202953820426,23,17,244,13,56,6,12,0,0,1,1.216,0
1742,1,p8x8,1,0.833612777093194,0,14,1,8,8.18468222928954,1:1,none,0,5,4,hex,48,1,0,none,1,baseline,0.8081202953820426,23,17,244,13,56,6,37,0,0,0,1.216,0
1057,1,p4x4,2,0.2464427810644444,0,12,1,-2,17.830423834761135,3:-3,none,1,5,4,hex,48,1,0,none,1,baseline,0.8081202953820426,23,17,244,14,56,6,12,0,0,0,1.216,0
1057,1,p4x4,2,0.2464427810644444,0,12,1,-2,48.7284235930732,3:-3,none,0,5,4,hex,48,1,0,none,1,baseline,0.8081202953820426,23,17,244,13,56,0,12,0,0,0,1.216,0
1742,1,p8x8,1,0.833612777093194,0,14,1,8,8.18468222928954,1:1,none,1,99,0,umh,64,0,1,vbr,1,baseline,0.522821707066363,32,14,89,6,22,0,53,2,0,1,1.2,0
1150,0,p8x8,1,0.833612777093194,1,14,1,8,8.18468222928954,1:1,none,1,99,0,dia,64,0,1,vbr,0,high,0.522821707066363,23,7,244,13,16,6,12,2,1,1,1.2,0
1150,0,p8x8,1,0.833612777093194,0,14,1,8,8.18468222928954,1:1,none,1,99,0,dia,64,0,1,vbr,0,baseline,0.522821707066363,22,20,89,4,58,5,34,2,1,1,1.2,0
1150,0,none,0,0.833612777093194,2,0,1,8,8.18468222928954,1:1,none,1,99,0,dia,64,0,1,cbr,0,baseline,0.522821707066363,30,15,89,4,81,2,34,0,1,1,1.2,0
1057,1,p4x4,2,0.2464427810644444,0,5,0,-2,48.7284235930732,5:5,auto,0,279,4,hex,48,1,0,none,1,baseline,0.8081202953820426,23,17,244,13,56,0,12,0,0,2,1.208,0
958,0,p4x4,2,1.0794022750892387,2,12,1,9,3.362357008986277,0:0,none,1,336,1,umh,56,0,1,vbr,0,high,0.1782623695082673,32,17,4,1,9,7,12,1,0,1,1.232,0
661,1,none,1,0.0760708997808303,1,5,0,-1,44.34358179869584,3:-3,temporal,0,150,2,dia,36,1,0,vbr,1,main,0.2227061193445139,33,5,126,5,14,4,12,0,1,2,1.216,0
909,1,all,1,0.0760708997808303,1,5,0,-12,44.34358179869584,3:-3,temporal,0,150,3,dia,36,1,0,vbr,1,main,0.2227061193445139,33,5,126,5,14,4,12,0,1,0,1.216,0
958,0,p4x4,2,1.0794022750892387,2,12,1,9,3.362357008986277,3:-3,none,0,336,2,umh,56,0,1,vbr,0,high,0.1782623695082673,32,17,4,1,9,7,12,0,0,1,1.216,0
958,0,p4x4,2,1.0794022750892387,2,12,1,9,3.362357008986277,3:-3,none,0,336,2,umh,56,0,1,vbr,0,high,0.0885519450022864,32,17,4,16,9,7,12,0,0,0,1.216,0
954,0,p8x8,2,1.8730000062338965,1,12,1,1,26.742994964876253,-1:1,none,1,1,4,hex,56,0,0,vbr,0,high,0.2413842509767567,33,13,15,3,56,1,21,0,1,0,1.216,0
1977,0,p8x8,1,0.6295137611273145,2,0,1,-6,29.58495568862226,4:4,spatial,0,51,0,dia,54,0,1,cbr,0,baseline,0.5783877571201925,35,7,107,11,69,2,48,2,1,2,1.216,0
1302,1,none,1,0.9166335256847372,2,5,1,-5,23.66608224060565,3:3,spatial,0,68,2,esa,19,1,0,vbr,1,main,0.6010960294402358,34,4,217,8,11,4,51,1,1,2,1.216,0
245,1,none,2,1.9483125494789464,2,2,1,6,44.90713584926058,4:4,spatial,1,373,4,esa,19,1,0,vbr,1,main,0.6010960294402358,34,4,217,8,11,4,51,1,1,2,1.216,0
1486,1,p8x8,2,1.9483125494789464,2,2,1,6,44.90713584926058,3:3,spatial,0,68,2,esa,21,1,0,vbr,1,main,0.6010960294402358,34,4,217,8,11,4,51,1,1,2,1.216,0
1150,0,none,0,0.833612777093194,2,5,1,8,8.18468222928954,6:6,none,1,99,4,dia,61,0,1,vbr,0,baseline,0.522821707066363,32,3,89,4,43,2,34,2,0,1,1.224,0
1150,0,"p8x8,b8x8,i8x8,i4x4",1,0.833612777093194,2,0,1,8,8.18468222928954,1:1,none,1,99,0,dia,64,0,1,vbr,0,baseline,0.522821707066363,32,14,89,4,43,2,34,2,0,1,1.224,0
1150,1,p8x8,0,0.833612777093194,2,0,1,8,8.18468222928954,1:1,none,1,99,0,dia,64,0,1,vbr,0,baseline,0.8081202953820426,23,17,244,13,56,0,12,0,0,0,1.224,0
771,0,none,1,1.515499896210157,2,2,1,-4,43.29106615121353,1:-1,spatial,1,478,3,esa,4,0,0,cbr,1,baseline,0.6759901611479516,28,8,102,5,90,3,58,1,0,0,1.232,0
771,0,none,1,1.515499896210157,2,10,1,-4,43.29106615121353,1:-1,spatial,1,478,3,esa,35,0,0,cbr,1,baseline,0.6759901611479516,28,8,102,5,94,0,32,2,1,1,1.232,0
771,0,none,1,1.515499896210157,2,2,1,-4,43.29106615121353,1:-1,spatial,1,478,0,esa,4,1,0,cbr,1,baseline,0.8864230049160748,28,8,102,5,90,3,58,1,0,0,1.232,0
771,0,none,1,1.515499896210157,2,2,1,-4,43.29106615121353,1:-1,spatial,1,478,0,esa,4,1,0,cbr,1,baseline,0.8864230049160748,28,8,102,12,90,3,58,1,0,0,1.232,0
771,0,all,1,1.515499896210157,2,2,1,-4,43.29106615121353,6:-6,spatial,1,478,3,esa,4,0,0,cbr,1,high,0.6759901611479516,23,20,109,15,47,5,51,0,0,0,1.232,0
771,1,none,1,1.515499896210157,2,10,1,-4,43.29106615121353,1:-1,spatial,0,478,3,esa,35,0,0,cbr,1,baseline,0.6759901611479516,28,8,102,5,94,0,32,2,1,0,1.232,0
771,0,none,1,1.515499896210157,2,10,1,-4,43.29106615121353,1:-1,spatial,1,478,3,esa,35,1,0,cbr,1,baseline,0.6759901611479516,51,8,102,5,66,0,32,2,1,1,1.232,0
184,0,none,1,1.515499896210157,2,11,1,-4,43.29106615121353,1:-1,spatial,1,478,3,esa,35,0,0,none,1,baseline,0.6759901611479516,28,8,102,5,99,0,32,2,1,1,1.232,0
1917,1,none,2,0.7781290728742148,1,0,0,7,8.138528972279088,-3:3,spatial,0,366,3,esa,4,0,0,cbr,1,baseline,0.6759901611479516,28,8,102,5,90,3,58,1,0,0,1.232,0
377,0,all,1,0.8509513127974764,2,2,1,-4,43.29106615121353,1:-1,spatial,1,478,3,tesa,4,0,0,cbr,1,baseline,0.6759901611479516,28,8,102,5,90,3,58,1,0,0,1.232,0
682,1,p4x4,1,1.5713477879962647,0,7,0,-9,38.81153483223815,-6:6,auto,1,212,4,hex,23,0,0,none,0,baseline,0.2794563705787773,28,11,187,1,0,0,54,0,0,2,1.24,0
26,0,p4x4,1,1.0571496208570437,0,12,1,6,37.29895552225626,3:-3,spatial,0,492,1,hex,17,0,1,none,0,baseline,0.2794563705787773,30,11,187,1,0,0,35,0,0,2,1.24,0
26,0,p4x4,1,1.0571496208570437,0,12,1,6,37.29895552225626,3:-3,spatial,0,492,1,hex,17,0,1,none,1,baseline,0.2794563705787773,30,11,187,8,0,0,35,0,0,0,1.24,0
682,1,none,1,1.5713477879962647,0,7,0,-9,38.81153483223815,-6:6,temporal,1,212,4,hex,23,0,0,none,0,high,0.4084882634057388,40,0,92,2,40,0,2,0,0,1,1.24,0
1895,1,all,0,0.142740749190965,0,10,1,-8,1.926294133119557,6:6,none,1,103,1,umh,24,1,0,none,0,high,0.1319388771806904,47,15,15,16,20,0,9,1,0,2,1.24,0
26,0,p4x4,1,1.0571496208570437,0,12,0,6,37.29895552225626,3:-3,spatial,0,492,1,hex,17,0,1,none,0,baseline,0.2794563705787773,30,11,187,1,0,0,35,0,0,2,1.24,0
682,1,p4x4,3,1.5713477879962647,0,7,0,-9,6.353132988960039,5:-5,spatial,1,281,0,dia,23,0,1,vbr,0,high,0.2387568005123839,49,18,13,5,30,4,56,1,1,0,1.24,0
1895,1,p4x4,0,0.142740749190965,0,0,1,9,29.58495568862226,4:4,spatial,1,473,0,dia,54,0,1,none,1,high,0.6493532546000097,40,4,92,2,40,0,2,0,0,1,1.24,0
2174,1,"p8x8,b8x8,i8x8,i4x4",1,1.0571496208570437,0,12,1,6,37.29895552225626,4:4,spatial,1,492,1,dia,47,0,1,vbr,0,main,0.2387568005123839,49,18,13,5,30,4,56,1,0,0,1.24,0
1895,1,p4x4,0,0.142740749190965,0,0,1,0,29.58495568862226,4:4,spatial,1,473,0,tesa,54,0,1,none,0,high,0.6493532546000097,40,4,92,2,40,0,2,0,0,1,1.24,0
85,0,p4x4,0,0.8774330427703273,1,10,1,5,37.50720708540884,-5:5,auto,1,353,0,dia,27,0,1,vbr,1,baseline,0.2002510854560951,43,13,88,9,37,9,36,0,1,1,1.248,0
85,0,p4x4,0,0.8774330427703273,0,10,1,5,37.50720708540884,1:-1,auto,1,353,0,dia,18,0,1,vbr,1,baseline,0.2002510854560951,26,16,207,9,37,9,36,0,1,0,1.248,0
1074,0,"p8x8,b8x8,i8x8,i4x4",2,1.112899641612742,1,7,0,9,31.241334207786537,2:2,auto,1,466,0,tesa,45,0,1,none,0,baseline,0.4722150270287825,26,12,212,1,45,5,60,0,0,1,1.248,0
85,0,p4x4,2,0.8774330427703273,1,10,0,5,37.50720708540884,-5:5,auto,1,353,0,dia,27,0,1,vbr,1,baseline,0.2002510854560951,43,13,88,9,37,9,36,0,1,1,1.248,0
85,0,p4x4,2,0.8774330427703273,1,10,0,6,37.50720708540884,-5:5,auto,1,353,0,dia,27,0,1,vbr,1,baseline,0.2002510854560951,48,13,88,9,37,9,36,0,1,1,1.248,0
507,1,none,3,1.222758730856049,0,16,1,4,48.98979055395992,-5:5,none,0,466,3,tesa,45,0,1,none,0,baseline,0.4722150270287825,26,10,212,1,45,11,60,0,0,1,1.248,0
507,1,none,3,1.222758730856049,0,16,1,4,12.22831371334633,-5:5,none,0,466,3,tesa,45,0,1,none,0,baseline,0.4722150270287825,36,10,212,1,45,11,60,0,0,1,1.248,0
1074,1,"p8x8,b8x8,i8x8,i4x4",2,1.112899641612742,0,7,0,9,31.241334207786537,2:2,auto,1,345,0,tesa,45,0,1,none,0,baseline,0.806715158351172,44,1,16,6,74,1,37,0,1,0,1.248,0
1074,0,"p8x8,b8x8,i8x8,i4x4",2,1.112899641612742,1,7,0,9,31.241334207786537,2:2,auto,1,353,0,dia,23,0,1,vbr,1,baseline,0.2002510854560951,43,13,88,9,37,9,36,0,1,1,1.248,0
1074,1,"p8x8,b8x8,i8x8,i4x4",2,1.112899641612742,0,7,0,4,31.241334207786537,2:2,auto,1,345,0,tesa,45,0,1,none,1,baseline,0.806715158351172,46,1,16,13,99,1,37,0,1,0,1.248,0
1176,0,all,2,1.906561411444758,0,1,0,-11,30.323225287876458,-6:6,spatial,1,205,1,dia,42,0,0,none,1,main,0.3739897001746642,34,15,32,14,66,11,19,2,0,0,1.296,0
1601,1,p4x4,3,0.652229963346499,0,1,1,8,22.189436569989216,-2:2,none,0,141,4,hex,61,1,0,none,0,baseline,0.6493532546000097,48,4,69,2,3,0,2,0,0,0,1.296,0
2291,0,"p8x8,b8x8,i8x8,i4x4",3,0.8428687264016085,1,7,1,-7,16.675685116585825,-4:4,spatial,0,51,0,dia,54,0,1,vbr,1,baseline,0.9042368790367616,24,16,108,15,90,7,21,2,0,2,1.256,0
1176,1,"p8x8,b8x8,i8x8,i4x4",2,1.906561411444758,0,1,0,-8,30.323225287876458,2:2,spatial,1,205,1,dia,42,0,0,vbr,1,main,0.9042368790367616,32,18,238,2,21,1,39,2,0,0,1.256,0
1601,1,p4x4,1,0.652229963346499,1,1,0,8,22.189436569989216,-2:2,none,0,141,4,hex,61,0,0,vbr,1,baseline,0.9042368790367616,24,4,108,1,90,7,21,2,0,2,1.256,0
2394,1,p4x4,1,0.652229963346499,1,1,0,8,22.189436569989216,-2:2,none,1,141,4,hex,14,0,0,vbr,1,main,0.9042368790367616,32,18,238,2,21,1,16,2,0,0,1.256,0
2329,0,none,1,0.652229963346499,1,1,0,8,22.189436569989216,-2:2,none,0,141,4,esa,61,1,0,vbr,1,baseline,0.9042368790367616,24,4,108,1,90,7,21,2,0,2,1.376,0
1176,0,p4x4,1,0.652229963346499,0,1,0,8,22.189436569989216,-2:2,none,1,141,4,hex,14,0,0,vbr,1,main,0.9042368790367616,32,18,238,2,56,1,16,2,0,1,1.376,0
2394,1,p8x8,1,0.652229963346499,1,1,0,-6,22.189436569989216,-2:2,none,1,141,4,hex,14,0,0,vbr,0,baseline,0.2794563705787773,32,18,238,2,21,9,16,2,0,2,1.256,0
1601,1,p4x4,1,0.652229963346499,1,14,0,8,22.189436569989216,-2:2,none,0,141,4,hex,61,0,0,vbr,1,baseline,0.6493532546000097,48,4,92,2,80,0,2,0,0,0,1.256,0
85,1,p4x4,3,0.8774330427703273,0,10,1,-3,37.50720708540884,6:-6,auto,0,353,0,umh,38,1,1,none,0,baseline,0.6485482170962998,32,9,39,16,55,1,63,0,0,0,1.288,0
2123,0,none,2,0.8774330427703273,0,10,0,5,6.324436376188009,4:4,temporal,1,353,1,dia,38,1,0,cbr,1,baseline,0.6485482170962998,32,9,39,8,55,1,35,1,1,1,1.288,0
85,0,p4x4,2,0.8774330427703273,0,10,0,5,37.50720708540884,-5:5,auto,1,353,0,dia,38,1,0,none,0,baseline,0.6485482170962998,32,9,39,6,55,1,63,2,0,0,1.264,0
85,0,p4x4,2,0.8774330427703273,0,10,0,5,37.50720708540884,-5:5,auto,1,353,0,dia,38,1,0,none,0,baseline,0.084472226903912,32,9,203,8,86,0,48,1,1,1,1.264,0
1333,1,p4x4,2,0.8774330427703273,0,10,0,5,15.24651349799879,-5:5,auto,1,353,0,dia,38,1,0,none,0,high,0.6485482170962998,32,9,39,6,55,1,63,2,0,0,1.264,0
85,0,p4x4,2,0.8774330427703273,0,10,1,5,37.50720708540884,-5:5,auto,1,205,0,dia,38,1,0,none,0,baseline,0.6485482170962998,32,9,82,6,29,1,63,2,0,0,1.264,0
85,0,p4x4,2,0.8774330427703273,0,10,1,5,37.50720708540884,-5:5,auto,1,353,0,dia,38,1,0,none,0,baseline,0.6485482170962998,32,9,39,6,55,1,9,2,1,0,1.264,0
1532,0,p8x8,0,0.7876201876686689,2,6,0,3,6.961693592672924,2:2,auto,1,353,0,dia,38,1,0,none,0,baseline,0.6485482170962998,32,9,39,6,55,1,63,2,0,0,1.264,0
2123,0,none,2,0.8774330427703273,0,10,0,5,6.324436376188009,-5:5,auto,1,353,1,dia,38,1,0,cbr,1,baseline,0.6485482170962998,32,9,39,6,55,1,63,0,0,0,1.264,0
1532,0,p8x8,0,0.7876201876686689,2,6,0,3,6.961693592672924,2:2,auto,1,353,0,dia,38,1,0,none,0,baseline,0.6485482170962998,32,9,39,6,55,1,34,2,0,1,1.264,0
1176,0,all,2,0.7905686663270048,0,1,0,-11,30.323225287876458,-6:6,spatial,1,205,1,dia,42,0,0,none,1,main,0.3739897001746642,34,15,32,14,66,11,19,2,0,2,1.288,0
1176,0,p4x4,1,0.652229963346499,0,1,0,8,22.189436569989216,-2:2,none,1,141,4,esa,61,1,0,vbr,1,baseline,0.9042368790367616,24,4,108,1,90,7,55,2,0,2,1.272,0
2329,1,none,1,0.652229963346499,1,1,0,8,22.189436569989216,-2:2,none,1,141,4,hex,14,1,0,vbr,1,main,0.9042368790367616,32,1,238,2,56,1,16,2,0,1,1.272,0
1150,0,p8x8,2,0.833612777093194,0,14,0,8,22.189436569989216,-2:2,none,0,141,4,esa,61,1,0,vbr,1,baseline,0.9042368790367616,24,4,108,1,90,7,21,2,0,2,1.272,0
1150,0,none,0,0.833612777093194,2,0,1,8,22.189436569989216,-2:2,none,0,141,4,esa,61,1,0,vbr,1,baseline,0.9042368790367616,24,4,108,1,90,7,21,2,0,2,1.272,0
1176,0,p4x4,1,0.652229963346499,0,1,0,8,22.189436569989216,-2:2,none,1,164,4,esa,61,1,0,vbr,1,baseline,0.9042368790367616,24,4,108,1,90,7,2,0,0,0,1.272,0
1254,0,all,2,1.906561411444758,0,0,0,-11,30.323225287876458,-6:6,spatial,1,205,1,dia,42,0,0,none,1,main,0.3739897001746642,34,15,32,14,66,11,19,2,0,0,1.28,0
1478,0,all,2,1.906561411444758,0,1,0,-11,30.323225287876458,-6:6,spatial,1,205,1,dia,42,0,0,none,1,main,0.3739897001746642,34,15,17,14,55,1,35,1,1,1,1.28,0
120,0,"p8x8,b8x8,i8x8,i4x4",2,0.6224614322758999,1,1,0,-6,42.39063051967968,4:4,auto,1,14,3,dia,14,0,1,vbr,1,main,0.754809731459133,43,15,224,15,60,11,16,0,1,0,1.288,0
435,1,none,1,1.61840119487517,1,1,0,-6,42.39063051967968,4:4,auto,1,232,3,hex,14,0,0,cbr,1,main,0.754809731459133,43,15,224,15,60,11,16,0,1,0,1.288,0
435,1,none,1,1.61840119487517,1,1,0,-6,42.39063051967968,4:4,auto,1,232,3,hex,14,0,0,cbr,1,main,0.754809731459133,43,15,224,15,60,11,16,0,1,1,1.288,0
435,1,p4x4,2,1.456849172499039,1,1,0,-6,46.66994270916441,4:4,auto,1,14,3,dia,39,0,1,vbr,1,main,0.3878733886467093,43,15,224,15,60,11,16,0,1,0,1.288,0
636,1,"p8x8,b8x8,i8x8,i4x4",1,0.1079265839304079,1,9,1,-11,48.798364486726285,2:2,auto,0,31,3,dia,40,1,0,vbr,1,main,0.428395996695526,36,14,16,9,99,1,9,0,0,1,1.288,0
636,1,"p8x8,b8x8,i8x8,i4x4",3,0.1079265839304079,1,9,1,-11,48.798364486726285,2:2,auto,0,31,3,hex,18,0,1,cbr,0,high,0.8187346776433542,40,12,120,6,9,4,58,0,0,1,1.288,0
636,1,"p8x8,b8x8,i8x8,i4x4",0,0.1079265839304079,1,9,1,-11,48.798364486726285,2:2,auto,0,31,3,umh,40,0,0,vbr,1,main,0.5207858976885832,36,7,16,9,3,1,9,0,0,1,1.288,0
636,1,"p8x8,b8x8,i8x8,i4x4",1,0.1079265839304079,1,9,1,-11,48.798364486726285,2:2,auto,0,31,3,hex,18,0,1,cbr,0,high,0.8187346776433542,40,12,120,6,9,4,58,0,0,1,1.288,0
120,0,"p8x8,b8x8,i8x8,i4x4",2,0.6224614322758999,0,9,0,2,40.47608643692711,4:4,spatial,0,31,3,hex,18,0,1,cbr,0,high,0.8187346776433542,40,12,120,6,9,4,46,0,0,1,1.288,0
1602,1,"p8x8,b8x8,i8x8,i4x4",3,0.1079265839304079,1,9,1,-11,48.798364486726285,2:2,auto,0,31,3,hex,18,0,1,cbr,0,high,0.8187346776433542,40,12,120,6,9,4,58,0,0,1,1.288,0
2329,0,none,1,0.652229963346499,0,1,0,5,22.189436569989216,4:4,none,0,141,4,esa,61,1,0,vbr,1,baseline,0.9042368790367616,24,1,108,1,90,7,21,1,0,2,1.312,0
1601,1,none,1,0.652229963346499,1,1,0,8,22.189436569989216,-2:2,none,0,141,4,esa,61,1,0,vbr,1,baseline,0.9042368790367616,24,12,108,1,90,7,21,2,0,0,1.312,0
1176,0,p4x4,1,0.652229963346499,0,1,0,8,22.189436569989216,-2:2,none,1,141,4,hex,14,0,0,vbr,1,main,0.7592486981119467,48,4,69,2,65,0,2,1,0,0,1.312,0
1601,1,p4x4,3,0.652229963346499,0,1,1,8,22.189436569989216,-2:2,none,0,141,4,hex,61,1,0,vbr,0,baseline,0.9042368790367616,36,18,238,2,56,9,16,2,0,1,1.312,0
1601,1,p4x4,3,0.652229963346499,0,1,1,8,22.189436569989216,-2:2,none,0,141,4,hex,12,1,0,vbr,0,baseline,0.9042368790367616,36,18,238,2,56,9,16,2,1,1,1.312,0
1176,0,p4x4,1,0.652229963346499,0,1,0,8,22.189436569989216,-2:2,none,1,141,4,hex,14,0,0,vbr,0,baseline,0.9042368790367616,36,18,238,2,56,9,16,2,0,1,1.312,0
1601,1,p4x4,3,0.652229963346499,0,1,0,8,22.189436569989216,3:3,none,0,365,4,hex,61,1,0,vbr,1,main,0.9042368790367616,32,18,238,2,56,1,16,2,0,1,1.312,0
435,1,p4x4,2,0.7465744120613967,1,1,0,-6,46.66994270916441,4:4,none,0,141,4,esa,61,1,1,vbr,1,baseline,0.9042368790367616,24,1,108,1,90,7,21,1,0,1,1.312,0
1004,1,all,0,0.1097105882687348,1,15,1,-11,39.99158204942191,-2:2,none,0,249,1,hex,32,0,0,none,0,main,0.0144497484505856,31,1,114,10,31,3,3,0,1,0,1.328,0
1004,1,all,0,0.1097105882687348,1,15,1,-11,17.760769974633675,-2:2,none,0,249,1,hex,32,0,0,none,0,baseline,0.916497737652356,48,3,92,2,43,0,2,0,1,0,1.328,0
1174,1,all,0,0.1097105882687348,1,15,1,-11,17.760769974633675,4:-4,none,0,249,1,hex,32,0,0,none,0,baseline,0.916497737652356,48,3,92,2,43,0,2,0,1,0,1.312,0
1004,1,all,0,0.1097105882687348,1,15,0,-11,39.99158204942191,-2:2,none,0,249,1,hex,32,0,0,none,0,baseline,0.0144497484505856,50,1,114,10,0,3,3,0,1,0,1.312,0
1004,1,all,0,0.1097105882687348,1,15,1,-11,37.62230308663513,-2:2,none,0,249,1,hex,32,0,0,none,0,high,0.916497737652356,25,3,92,2,43,0,2,0,1,0,1.328,0
1972,0,"p8x8,b8x8,i8x8,i4x4",3,0.6807787787673821,0,3,1,-9,25.839508181674027,2:2,temporal,1,376,3,dia,45,0,1,cbr,0,baseline,0.0104168854384652,23,4,72,16,3,5,21,1,0,0,1.312,0
1972,0,none,3,0.6807787787673821,0,3,1,-9,25.839508181674027,2:2,none,1,376,3,dia,45,0,1,cbr,1,high,0.0104168854384652,23,4,72,16,91,5,21,1,0,0,1.312,0
1972,0,"p8x8,b8x8,i8x8,i4x4",3,0.6807787787673821,1,3,1,-9,25.839508181674027,2:2,auto,1,370,2,hex,23,1,0,cbr,0,main,0.9614790448041663,37,18,229,11,76,1,31,2,1,2,1.312,0
1174,1,"p8x8,b8x8,i8x8,i4x4",0,0.8846362895873626,1,1,1,-9,25.839508181674027,2:2,auto,1,370,2,hex,23,1,0,none,1,main,0.9614790448041663,37,7,229,11,76,1,31,2,1,2,1.312,0
1972,0,"p8x8,b8x8,i8x8,i4x4",3,0.6807787787673821,1,3,1,-9,25.839508181674027,2:2,auto,1,370,2,hex,31,1,0,cbr,0,main,0.9614790448041663,31,1,114,12,31,3,3,0,1,0,1.312,0
1004,1,all,0,0.1097105882687348,1,4,1,-11,17.760769974633675,-2:2,none,0,249,4,hex,32,0,0,none,0,baseline,0.916497737652356,48,3,92,2,43,0,2,0,1,0,1.32,0
1150,0,none,0,0.833612777093194,2,0,1,8,8.18468222928954,6:6,none,1,99,0,dia,64,0,1,vbr,1,baseline,0.522821707066363,32,14,89,15,43,2,34,2,1,1,1.32,0
1150,0,none,0,0.833612777093194,2,0,1,8,8.18468222928954,1:1,none,1,99,0,dia,64,0,1,vbr,0,baseline,0.522821707066363,32,5,89,4,43,2,34,2,1,0,1.32,0
1601,1,p4x4,3,1.4468380325675676,0,1,1,-10,48.798364486726285,1:1,none,1,99,0,dia,64,0,1,vbr,0,baseline,0.522821707066363,32,14,89,4,43,2,34,2,1,1,1.32,0
1747,0,p8x8,0,1.2609899964699047,2,7,1,-6,19.525258721275065,3:3,spatial,0,3,1,dia,56,0,0,vbr,0,main,0.11272921792057,34,9,240,6,100,11,45,0,1,2,1.328,0
971,0,all,0,0.5956675342343548,2,0,1,9,29.58495568862226,4:4,spatial,0,51,1,dia,54,1,1,none,0,baseline,0.6493532546000097,48,4,92,2,80,0,2,0,0,0,1.328,0
428,1,p8x8,0,0.3040522051208014,0,0,1,-7,29.58495568862226,4:4,spatial,0,51,0,dia,54,0,1,none,0,baseline,0.6493532546000097,48,4,92,2,80,0,2,0,0,1,1.328,0
76,0,p8x8,1,1.4280740192306902,2,0,1,9,29.58495568862226,4:4,spatial,0,51,2,dia,54,0,1,none,0,baseline,0.6493532546000097,48,14,166,2,45,5,9,1,1,2,1.328,0
76,0,p8x8,1,0.6295137611273145,0,0,1,9,29.58495568862226,4:4,spatial,0,51,4,dia,54,0,1,none,0,baseline,0.6493532546000097,48,4,92,2,80,0,2,0,0,0,1.328,0
1747,0,p8x8,0,1.2609899964699047,2,7,0,4,19.525258721275065,3:3,spatial,1,51,1,dia,54,0,1,none,0,baseline,0.6493532546000097,48,4,92,2,80,9,2,0,0,1,1.328,0
416,0,p8x8,1,0.6295137611273145,0,0,1,9,29.58495568862226,4:4,spatial,0,51,3,dia,59,1,1,none,0,baseline,0.6493532546000097,48,4,92,2,80,11,16,0,1,1,1.328,0
76,0,p8x8,1,0.6295137611273145,2,0,1,9,29.58495568862226,4:4,spatial,0,51,0,dia,54,0,1,none,0,baseline,0.6493532546000097,48,4,73,11,24,0,38,2,1,0,1.328,0
1049,0,"p8x8,b8x8,i8x8,i4x4",0,0.489872862652343,1,7,1,9,29.58495568862226,4:4,spatial,0,51,0,dia,54,0,1,none,0,baseline,0.6493532546000097,48,4,92,2,80,0,2,0,0,0,1.328,0
1160,1,none,3,0.8483714452546363,0,6,1,-7,23.66608224060565,2:2,none,1,76,4,hex,60,0,1,none,1,baseline,0.2668424722885874,40,12,129,5,10,10,42,0,0,2,1.336,0
1919,1,none,3,0.8483714452546363,0,6,0,-7,23.66608224060565,2:2,none,1,370,4,hex,60,0,1,none,0,main,0.2668424722885874,40,6,181,6,94,3,8,1,1,2,1.336,0
1924,0,"p8x8,b8x8,i8x8,i4x4",3,0.7866495406263841,0,10,1,-7,23.66608224060565,2:2,none,1,76,4,umh,60,0,1,none,1,baseline,0.2668424722885874,40,14,129,5,10,10,42,1,0,2,1.336,0
415,1,none,3,0.8483714452546363,0,6,0,-11,26.905861691361515,-3:3,temporal,1,1,3,dia,54,0,1,none,0,baseline,0.5575039796799706,36,10,96,4,87,10,55,0,0,2,1.336,0
1160,1,none,3,0.8483714452546363,0,5,1,-7,23.66608224060565,2:2,none,1,76,4,hex,60,0,1,none,0,baseline,0.5575039796799706,36,10,96,1,87,1,55,2,0,1,1.336,0
1924,0,"p8x8,b8x8,i8x8,i4x4",3,0.7866495406263841,1,12,0,6,26.905861691361515,-3:3,temporal,1,1,3,dia,54,0,1,none,1,baseline,0.5575039796799706,36,10,13,16,69,1,51,0,1,1,1.336,0
144,1,p4x4,3,1.7633768958285674,0,7,0,-11,29.58495568862226,4:4,spatial,0,51,0,dia,54,1,1,none,0,main,0.6493532546000097,48,4,99,15,80,6,2,0,0,2,1.336,0
2307,0,p4x4,2,0.3449194985357809,0,7,0,-7,26.23196262793729,2:-2,temporal,1,325,0,umh,26,1,1,vbr,0,main,0.9380347564681378,40,12,3,5,10,1,42,0,0,2,1.336,0
144,1,p4x4,3,1.7633768958285674,0,7,0,-11,26.905861691361515,4:4,spatial,0,51,0,dia,54,0,1,none,1,baseline,0.6493532546000097,48,4,92,8,80,9,2,0,0,0,1.336,0
1176,0,p4x4,1,0.652229963346499,0,1,0,8,22.189436569989216,-2:2,none,0,141,4,hex,14,0,0,vbr,1,main,0.9042368790367616,22,18,238,2,56,6,16,2,0,1,1.344,0
1509,1,none,1,0.652229963346499,1,1,0,8,22.189436569989216,4:4,none,1,141,4,esa,61,1,0,vbr,1,baseline,0.9042368790367616,24,4,108,7,90,11,21,2,0,2,1.344,0
1004,1,p4x4,0,0.1097105882687348,1,15,1,-11,17.760769974633675,-2:2,temporal,0,141,4,esa,61,1,0,vbr,1,baseline,0.9042368790367616,24,4,108,1,90,7,41,2,0,1,1.344,0
1004,1,all,0,0.1097105882687348,1,15,1,-7,37.62230308663513,-2:2,none,0,142,4,esa,61,1,0,vbr,1,high,0.9042368790367616,24,4,108,1,90,7,21,2,0,2,1.344,0
1176,1,p4x4,1,0.652229963346499,0,1,0,8,22.189436569989216,-2:2,none,0,141,4,hex,14,0,0,vbr,1,main,0.9042368790367616,21,18,148,2,56,6,38,2,0,1,1.344,0
1004,1,p4x4,0,0.1097105882687348,1,15,0,-11,17.760769974633675,-2:2,temporal,0,141,4,esa,61,1,1,vbr,1,baseline,0.9042368790367616,24,4,108,1,90,7,41,2,0,1,1.344,0
1747,0,"p8x8,b8x8,i8x8,i4x4",0,0.7866495406263841,1,12,0,-10,37.62230308663513,-2:2,none,0,142,4,esa,61,0,0,vbr,1,high,0.9042368790367616,24,4,108,1,90,7,21,2,0,0,1.344,0
2329,1,none,1,0.652229963346499,1,1,1,8,22.189436569989216,4:4,none,1,141,4,esa,61,1,0,vbr,1,baseline,0.9042368790367616,24,4,108,10,90,11,21,2,0,1,1.344,0
1135,1,p8x8,2,0.2448882861477751,0,5,1,-2,15.269909978502003,3:-3,temporal,0,8,4,dia,48,1,1,cbr,1,baseline,0.7363196137975182,40,1,8,10,12,9,53,0,1,0,1.352,0
652,1,p4x4,2,0.2598303388488598,2,13,1,9,20.533401294486865,-3:3,none,0,180,3,esa,48,1,0,none,1,high,0.2834053687505046,44,14,225,10,2,10,9,2,0,0,1.352,0
652,1,p4x4,2,0.2598303388488598,2,13,1,9,20.533401294486865,6:6,none,0,180,3,esa,48,1,0,none,1,high,0.2834053687505046,44,14,225,10,2,10,9,2,0,0,1.352,0
1760,1,none,3,0.6213877150429228,0,11,0,10,18.968836038370767,-2:2,spatial,0,333,4,tesa,40,0,1,vbr,0,baseline,0.6493532546000097,48,4,92,2,73,0,2,2,0,0,1.352,0
1760,1,none,3,0.6213877150429228,0,11,0,10,18.968836038370767,-2:2,spatial,0,333,4,tesa,40,0,1,vbr,0,baseline,0.6493532546000097,48,4,92,2,40,0,2,2,1,1,1.352,0
1760,1,none,3,1.7693267634985448,0,11,0,10,18.968836038370767,-2:2,spatial,0,333,0,tesa,26,0,1,vbr,0,baseline,0.6493532546000097,48,4,92,2,40,0,2,2,1,0,1.352,0
76,0,p8x8,0,0.6213877150429228,0,11,0,12,18.968836038370767,-2:2,temporal,0,155,4,hex,40,1,1,vbr,0,baseline,0.1962586791910841,48,4,92,2,40,0,2,2,1,1,1.352,0
1135,0,p8x8,2,0.2448882861477751,0,5,1,-2,15.269909978502003,3:-3,temporal,1,8,4,dia,48,1,1,vbr,1,baseline,0.7363196137975182,40,1,8,10,12,9,57,1,0,1,1.352,0
76,0,p8x8,3,0.6295137611273145,2,0,1,9,29.58495568862226,4:4,spatial,1,51,0,dia,54,1,1,vbr,0,baseline,0.4324797694416726,27,11,58,16,8,9,21,0,0,0,1.352,0
378,1,p4x4,1,0.9844437172708528,0,11,0,0,18.518682570557125,5:-5,spatial,0,440,4,hex,33,1,1,none,1,high,0.6407411631595799,44,3,22,2,95,1,21,0,1,1,1.36,0
378,1,p4x4,1,0.9844437172708528,0,11,0,0,18.518682570557125,5:-5,spatial,0,440,4,esa,33,1,1,vbr,1,high,0.842362423650262,32,8,180,4,82,5,31,0,1,2,1.36,0
962,0,p4x4,1,0.9874431828832262,2,2,1,0,18.518682570557125,5:-5,spatial,0,440,4,hex,33,1,1,none,1,high,0.6407411631595799,44,3,22,2,95,1,21,0,1,1,1.36,0
378,1,p4x4,1,0.9844437172708528,0,11,0,-2,18.518682570557125,5:-5,spatial,0,440,4,hex,7,1,1,none,1,high,0.6407411631595799,44,3,22,2,31,6,62,2,1,1,1.36,0
378,1,all,1,0.9844437172708528,0,11,0,0,48.98047596095174,5:-5,spatial,0,440,4,hex,33,0,1,none,1,high,0.2560509306016201,44,3,22,11,95,1,21,0,1,2,1.36,0
1057,0,p4x4,1,0.8145269754488417,0,11,0,0,4.983576881606389,5:-5,spatial,0,440,4,hex,33,1,1,none,1,high,0.6407411631595799,49,3,22,9,95,7,21,0,1,1,1.36,0
378,1,p4x4,2,0.9844437172708528,0,11,0,0,18.518682570557125,5:-5,spatial,0,317,4,esa,33,1,0,vbr,1,main,0.842362423650262,32,8,22,2,95,1,21,0,1,0,1.36,0
378,1,p4x4,1,1.5200095952202684,0,1,1,0,1.9968515835133664,5:-5,spatial,0,440,4,tesa,33,1,1,none,1,high,0.6407411631595799,44,11,180,4,82,5,31,0,1,0,1.36,0
1499,0,none,2,0.3662981685102694,0,1,1,0,33.36921344441405,5:-5,spatial,0,440,2,hex,33,1,1,cbr,1,high,0.6407411631595799,44,3,237,2,95,1,21,0,1,1,1.36,0
2222,0,none,2,0.3662981685102694,0,1,1,2,40.204606864794656,5:-5,spatial,0,440,4,hex,7,1,1,none,1,high,0.6407411631595799,44,3,22,2,31,6,62,2,1,1,1.36,0
1286,1,none,3,0.2150301871019863,1,1,1,0,46.1513724859604,6:6,spatial,1,197,3,dia,7,1,1,vbr,1,high,0.6661240681542979,26,9,159,11,7,9,28,2,1,1,1.368,0
1286,1,none,3,0.2150301871019863,1,1,1,0,46.1513724859604,3:3,spatial,1,197,3,dia,16,1,1,vbr,1,high,0.6661240681542979,26,9,159,11,7,9,9,1,1,2,1.368,0
2220,1,p8x8,2,0.6842316185031362,1,14,1,-1,46.1513724859604,6:6,spatial,1,197,3,dia,5,1,1,vbr,0,high,0.6661240681542979,26,9,159,11,7,9,28,2,1,0,1.368,0
1286,1,p8x8,3,0.2150301871019863,1,1,1,-7,46.1513724859604,3:3,spatial,1,197,3,dia,16,1,0,vbr,1,high,0.6661240681542979,26,9,159,11,7,9,9,1,1,2,1.368,0
1286,1,none,3,0.2150301871019863,2,1,1,0,46.1513724859604,3:3,spatial,1,197,3,dia,16,1,1,vbr,1,high,0.6661240681542979,26,9,159,13,7,9,9,1,1,2,1.368,0
2297,0,none,3,1.2702875263645028,2,7,1,10,17.677886521147766,5:5,spatial,1,360,3,esa,56,0,0,none,1,high,0.966133998258646,27,1,91,4,96,0,58,2,0,0,1.368,0
1286,1,none,0,0.6946107451703206,1,14,1,0,46.1513724859604,3:3,spatial,1,197,3,esa,12,0,0,none,1,high,0.966133998258646,47,1,91,4,96,0,58,1,0,0,1.368,0
901,0,none,2,0.1268705957246806,0,10,0,6,46.25334609933984,-3:3,auto,1,138,1,umh,54,1,1,none,0,baseline,0.3598537077429952,27,1,91,4,96,0,58,2,1,2,1.368,0
901,0,none,2,0.1268705957246806,0,10,0,6,46.25334609933984,-3:3,auto,1,138,1,umh,54,1,1,none,0,baseline,0.3598537077429952,27,1,91,4,96,0,60,2,1,1,1.368,0
2220,0,none,3,1.2702875263645028,2,13,1,10,17.677886521147766,5:5,spatial,1,360,3,esa,56,1,0,none,1,high,0.966133998258646,27,15,91,4,96,0,58,0,0,0,1.368,0
1690,1,none,2,1.1536539324358672,0,13,1,7,37.37799214063269,4:-4,auto,0,20,4,esa,63,1,0,vbr,1,high,0.0833025022174705,43,10,149,12,23,0,20,1,1,1,2.28,1
183,0,p4x4,1,0.947122531673516,2,13,0,7,37.37799214063269,4:-4,auto,0,20,4,esa,9,1,0,vbr,1,high,0.0833025022174705,43,10,149,12,21,0,20,1,1,1,1.464,0
183,1,p4x4,1,0.1252347426477105,2,13,0,7,37.37799214063269,4:-4,auto,1,20,4,esa,9,1,0,vbr,1,high,0.0833025022174705,43,10,149,12,21,0,20,1,1,1,1.496,0
183,0,p4x4,1,0.947122531673516,2,13,1,7,37.37799214063269,6:6,auto,0,20,3,esa,9,1,0,vbr,1,high,0.0833025022174705,43,10,167,12,21,0,11,1,1,1,1.464,0
1690,1,none,2,1.1536539324358672,0,13,0,7,37.37799214063269,4:-4,auto,0,20,4,esa,63,1,1,none,0,baseline,0.6071985520676814,48,4,92,2,80,0,2,0,0,0,2.264,1
1690,1,none,2,1.1536539324358672,0,13,1,7,37.37799214063269,4:-4,auto,1,20,2,esa,63,1,0,vbr,1,high,0.595637840609091,43,10,134,12,23,0,20,1,1,1,2.272,1
183,1,p4x4,1,0.1252347426477105,2,13,0,7,19.803305101281254,-6:6,auto,1,20,4,esa,9,1,0,vbr,1,high,0.0833025022174705,43,10,149,12,21,0,20,1,1,1,2.272,1
183,0,p4x4,1,0.947122531673516,2,1,0,7,37.37799214063269,4:-4,auto,0,20,4,esa,9,1,0,vbr,1,high,0.0833025022174705,43,10,149,12,56,0,20,1,1,1,1.496,0
183,0,p4x4,1,0.947122531673516,0,13,0,7,37.37799214063269,4:-4,auto,0,20,4,esa,9,1,0,vbr,1,high,0.0833025022174705,43,10,149,12,21,0,20,1,1,1,1.464,0
183,0,p4x4,1,0.1252347426477105,2,13,0,7,37.37799214063269,4:-4,auto,1,20,1,esa,9,1,0,vbr,1,high,0.0833025022174705,43,10,26,8,23,0,20,1,1,1,1.416,0
183,0,p4x4,1,0.947122531673516,2,1,1,-7,37.37799214063269,4:-4,temporal,0,222,4,umh,9,0,0,vbr,1,baseline,0.0833025022174705,43,10,149,12,56,0,20,1,1,1,1.392,0
76,0,p8x8,1,1.4071499078290364,0,4,1,9,17.913017377509092,4:4,spatial,1,417,0,dia,40,0,1,vbr,1,high,0.5069377612108218,38,13,74,9,47,0,52,0,0,0,1.408,0
76,0,p8x8,1,0.6295137611273145,2,0,1,10,44.2197131651139,3:-3,none,0,288,4,dia,4,1,1,cbr,0,baseline,0.2881058655174789,26,7,34,2,13,3,7,0,0,1,1.408,0
2237,1,none,3,1.4286506417890164,0,16,1,12,42.90932982238323,-6:6,spatial,1,343,0,esa,5,0,1,cbr,1,main,0.3010544535217356,29,0,13,4,24,11,45,2,0,1,1.408,0
2237,1,none,3,0.1173510236692619,0,16,1,12,42.90932982238323,-6:6,spatial,1,343,0,esa,5,0,1,cbr,1,main,0.3169589237889246,51,11,8,16,13,9,3,1,1,2,1.408,0
2237,1,none,3,0.1173510236692619,0,16,1,12,42.90932982238323,-6:6,spatial,1,343,0,esa,5,1,1,cbr,0,main,0.3169589237889246,38,13,74,9,47,0,52,0,0,0,1.408,0
2237,1,none,3,0.1173510236692619,0,16,1,12,42.90932982238323,-6:6,spatial,1,343,0,esa,5,0,1,cbr,0,main,0.3169589237889246,51,11,8,16,13,9,2,0,0,1,1.408,0
737,0,all,1,1.977708899248494,0,5,1,9,29.58495568862226,4:4,spatial,0,51,4,dia,54,1,1,none,1,baseline,0.6493532546000097,48,4,92,2,80,0,2,0,0,0,1.408,0
76,0,p8x8,1,0.6295137611273145,2,4,1,9,17.913017377509092,4:4,spatial,1,417,0,dia,54,0,1,none,0,baseline,0.6493532546000097,39,4,92,2,80,0,2,0,0,0,1.408,0
76,0,p8x8,1,0.6295137611273145,2,0,1,9,29.58495568862226,4:4,spatial,0,51,0,dia,28,0,0,none,0,baseline,0.6493532546000097,48,4,92,2,80,0,32,0,0,0,1.408,0
1503,1,p8x8,2,0.4293640355440878,0,3,1,10,19.737654889640883,3:-3,none,0,3,4,dia,15,0,0,none,0,main,0.9343047742494072,46,19,134,8,49,8,2,0,0,0,1.416,0
1289,1,p8x8,2,0.4293640355440878,0,0,1,10,19.737654889640883,3:-3,none,0,3,4,dia,15,0,0,none,1,baseline,0.729846851041941,26,9,171,11,72,8,48,0,0,1,1.416,0
1393,0,all,3,1.3341012194651063,1,16,1,4,44.04710981973,-6:6,none,1,432,3,hex,7,0,0,cbr,0,baseline,0.6493532546000097,48,4,92,2,80,0,2,0,0,2,1.416,0
1129,0,p8x8,3,1.2903153917733805,0,14,1,-9,43.24833486053262,3:-3,auto,0,238,2,tesa,19,1,0,vbr,0,baseline,0.6493532546000097,39,4,79,10,80,0,2,2,0,0,1.416,0
1272,1,p8x8,3,1.2903153917733805,0,14,1,-9,43.24833486053262,3:-3,auto,0,238,2,tesa,19,1,0,vbr,0,main,0.6420179376261412,38,2,82,3,45,9,62,0,0,2,1.416,0
1272,1,all,3,1.2903153917733805,0,14,1,-9,43.24833486053262,3:-3,auto,0,238,2,tesa,19,1,0,vbr,0,main,0.6420179376261412,38,2,82,3,45,5,25,1,0,1,1.416,0
1393,1,all,3,1.3341012194651063,0,16,1,4,44.04710981973,-6:6,none,0,432,3,hex,7,0,0,cbr,0,baseline,0.6493532546000097,48,4,92,2,80,0,2,0,0,2,1.416,0
521,1,p4x4,1,0.5821828429304455,1,8,0,1,7.570701813987902,-3:3,spatial,1,437,1,dia,8,1,0,cbr,1,baseline,0.6334177139753278,29,0,201,3,63,0,39,1,1,1,1.416,0
1129,0,p8x8,3,1.2903153917733805,0,14,1,-9,43.24833486053262,3:-3,spatial,1,437,1,esa,8,1,0,cbr,1,baseline,0.6334177139753278,29,0,201,3,63,0,39,1,1,1,1.416,0
521,1,p4x4,1,0.5821828429304455,1,8,0,1,7.570701813987902,-3:3,spatial,1,437,1,dia,8,1,0,none,1,baseline,0.6334177139753278,29,0,201,5,63,0,39,1,1,1,1.416,0
2159,0,none,2,1.0717293726848722,1,4,1,12,32.951395530387586,4:-4,none,1,207,4,dia,54,0,0,vbr,1,main,0.6854490942310714,44,14,67,3,15,0,62,1,1,1,1.424,0
1134,0,none,1,1.0717293726848722,1,4,1,12,32.951395530387586,4:-4,none,1,207,4,dia,54,0,0,vbr,0,baseline,0.6493532546000097,48,1,92,2,80,0,2,0,0,0,1.424,0
801,1,all,2,1.3660627367456517,1,2,0,-9,35.88075575408144,-4:4,auto,1,207,4,dia,54,0,0,cbr,1,main,0.3167844126640051,44,14,67,3,15,0,62,1,1,1,1.424,0
2159,0,none,2,1.0717293726848722,1,4,1,12,32.951395530387586,4:-4,none,1,340,2,dia,48,0,0,cbr,0,main,0.4536824482423743,32,8,86,10,8,7,59,0,1,1,1.424,0
1158,1,all,2,1.3660627367456517,1,2,1,-9,35.88075575408144,-4:4,auto,1,207,4,dia,9,0,0,cbr,1,main,0.3167844126640051,44,8,67,3,15,0,62,1,1,1,1.424,0
2159,0,none,3,1.0717293726848722,1,4,1,12,32.951395530387586,-6:6,none,1,207,4,dia,54,0,0,cbr,1,main,0.3167844126640051,44,14,67,3,15,0,62,1,0,1,1.424,0
801,1,none,2,1.3660627367456517,1,2,0,-9,35.88075575408144,-4:4,auto,1,207,4,dia,54,0,0,vbr,1,main,0.6854490942310714,44,14,67,3,15,0,62,1,1,1,1.424,0
2159,0,none,2,1.0717293726848722,1,4,1,12,43.29106615121353,4:-4,none,1,207,4,dia,54,0,0,vbr,1,main,0.0414215264973928,28,6,106,13,57,6,7,2,0,1,1.424,0
2159,0,none,2,0.6946107451703206,1,4,1,12,32.951395530387586,4:-4,none,1,207,4,dia,54,0,0,vbr,0,baseline,0.4118804132525939,48,1,92,2,80,0,2,0,0,0,1.424,0
236,0,p8x8,1,1.0717293726848722,1,4,1,12,28.656097571494872,4:-4,none,1,207,4,dia,54,0,1,vbr,1,main,0.6854490942310714,44,14,67,3,15,0,43,1,1,1,1.424,0
183,1,p4x4,1,1.356481654370557,2,13,0,7,37.37799214063269,4:-4,auto,1,20,4,esa,9,0,0,vbr,1,high,0.0833025022174705,43,11,149,12,21,0,20,1,1,2,1.432,0
8,0,p8x8,3,1.587881875008851,1,0,1,-10,25.29973279662708,0:0,auto,1,121,4,hex,36,1,0,cbr,1,high,0.9838854849652862,37,1,56,9,2,3,28,0,1,2,1.44,0
2159,1,none,0,0.776152378055929,2,10,1,3,10.77269534741508,-4:4,none,0,244,2,esa,63,0,1,vbr,0,baseline,0.734870018166699,27,14,69,10,7,8,34,0,1,1,1.44,0
2159,1,none,0,1.2697140594533922,2,11,0,3,10.77269534741508,-4:4,none,0,244,0,esa,63,0,1,cbr,0,baseline,0.734870018166699,27,14,69,7,32,3,48,1,0,1,1.44,0
328,1,none,0,0.776152378055929,2,11,1,3,10.77269534741508,-4:4,none,0,244,2,esa,63,0,1,vbr,0,baseline,0.7305951078550372,27,14,69,10,7,8,34,0,1,1,1.44,0
290,0,none,0,1.6240776329879256,0,14,1,3,10.77269534741508,4:4,none,1,244,0,esa,63,0,1,cbr,1,baseline,0.734870018166699,27,14,69,7,32,3,48,1,0,1,1.44,0
2159,1,none,0,0.776152378055929,2,10,1,3,10.77269534741508,-4:4,none,0,496,2,dia,63,0,1,none,0,baseline,0.734870018166699,35,8,159,12,23,8,46,0,0,1,1.44,0
76,0,p8x8,1,0.6295137611273145,2,0,1,9,29.58495568862226,6:6,spatial,0,51,0,dia,51,0,0,cbr,1,baseline,0.5724638543375727,28,20,28,5,27,0,61,0,1,2,1.44,0
2159,1,none,0,0.776152378055929,2,10,1,3,10.77269534741508,6:-6,none,0,244,2,esa,63,0,1,vbr,0,baseline,0.734870018166699,27,14,69,10,7,0,61,1,1,2,1.44,0
328,1,none,0,0.776152378055929,2,11,1,-2,10.77269534741508,-4:4,none,0,244,2,esa,39,0,1,vbr,0,baseline,0.7305951078550372,45,14,69,10,7,8,34,0,1,1,1.44,0
2074,0,none,3,1.6240776329879256,0,14,1,-4,34.39312855686856,-6:6,none,0,496,2,tesa,51,0,0,cbr,1,baseline,0.5724638543375727,28,20,28,13,64,3,11,1,0,2,1.44,0
1180,1,p4x4,0,1.3374303110676122,0,10,1,11,45.725577216908825,5:-5,spatial,1,471,4,dia,30,1,1,none,1,high,0.938326367437642,37,19,172,7,15,4,22,0,1,2,1.504,0
54,0,p4x4,1,1.3374303110676122,0,10,1,10,32.04953961770379,5:-5,spatial,1,338,4,esa,9,0,0,vbr,1,baseline,0.6446140179096544,21,4,191,10,38,2,41,0,0,0,1.448,0
1180,1,all,0,1.4063511916382658,0,3,1,5,12.726357995537752,3:3,auto,0,196,3,dia,40,0,1,none,1,high,0.6446140179096544,21,4,191,10,38,2,41,0,1,1,1.448,0
54,0,p4x4,0,1.3374303110676122,0,10,1,11,45.725577216908825,5:-5,spatial,1,471,4,dia,30,0,1,none,1,high,0.938326367437642,37,19,172,7,15,4,22,0,1,2,1.448,0
476,0,p4x4,0,1.3374303110676122,0,10,1,11,45.725577216908825,5:-5,spatial,1,425,4,dia,30,0,1,none,1,high,0.938326367437642,37,16,104,5,30,9,58,1,0,1,1.448,0
1180,1,all,0,1.4063511916382658,0,3,1,-6,35.55545997220386,-3:3,auto,0,196,2,umh,40,0,0,none,1,baseline,0.1404351194194261,24,1,204,8,86,5,11,1,0,0,1.448,0
1180,1,all,0,1.4063511916382658,0,3,1,-10,35.55545997220386,-3:3,auto,0,196,3,dia,40,0,0,none,0,high,0.1404351194194261,51,16,104,5,30,9,58,1,0,1,1.448,0
1180,1,all,0,1.4063511916382658,0,3,1,-10,35.55545997220386,3:3,auto,0,196,3,dia,40,0,0,none,1,baseline,0.1404351194194261,51,16,104,14,30,7,58,1,0,1,1.448,0
1180,1,all,0,1.4063511916382658,1,3,0,-10,35.55545997220386,-3:3,auto,0,196,3,dia,24,0,0,cbr,1,baseline,0.1404351194194261,51,7,101,3,68,6,47,0,1,0,1.448,0
476,0,p4x4,0,1.926558024507436,1,3,0,-10,35.55545997220386,-3:3,auto,0,196,3,dia,24,0,0,cbr,1,baseline,0.1404351194194261,51,5,101,3,68,6,47,0,1,0,1.496,0
476,0,p4x4,0,0.5949890779589972,1,3,0,8,35.55545997220386,-3:3,auto,0,196,3,dia,24,0,0,cbr,0,baseline,0.1404351194194261,30,5,101,3,68,7,47,0,1,0,1.496,0
774,1,p4x4,0,1.3374303110676122,0,10,1,11,45.725577216908825,5:-5,spatial,1,471,4,dia,30,1,1,none,1,baseline,0.938326367437642,37,0,172,7,15,0,22,0,1,2,1.496,0
2341,0,p4x4,0,0.5949890779589972,1,3,1,8,35.55545997220386,-3:3,auto,0,196,3,dia,24,0,0,cbr,1,baseline,0.1404351194194261,30,5,101,3,68,7,47,0,1,1,1.464,0
476,0,p4x4,0,1.926558024507436,0,3,0,-10,35.55545997220386,-3:3,auto,0,196,3,dia,24,0,0,cbr,1,baseline,0.1404351194194261,51,5,161,3,70,6,47,0,1,0,1.464,0
1664,0,p4x4,0,1.926558024507436,1,3,0,-10,26.84810959998877,-3:3,auto,0,196,3,dia,24,0,0,cbr,1,baseline,0.1404351194194261,51,5,101,3,82,6,47,1,1,0,1.464,0
2341,0,p4x4,0,0.5949890779589972,2,13,1,8,35.55545997220386,-3:3,auto,0,196,3,dia,24,0,0,vbr,1,baseline,0.1404351194194261,51,5,247,3,68,6,47,0,1,0,1.464,0
476,0,p4x4,0,1.926558024507436,1,3,0,-10,49.21910888364848,0:0,auto,0,196,3,dia,24,0,0,cbr,1,baseline,0.1404351194194261,30,5,101,4,68,7,47,0,1,1,1.464,0
183,1,p4x4,1,1.926558024507436,1,3,0,-10,35.55545997220386,-3:3,auto,0,196,3,dia,24,0,0,vbr,1,baseline,0.1404351194194261,36,5,101,3,68,6,47,1,1,0,1.464,0
1377,1,all,3,1.563553340661942,2,4,0,4,35.02815848969296,4:4,temporal,0,282,2,dia,63,0,0,none,0,main,0.6493532546000097,48,4,92,2,80,0,2,0,0,0,1.472,0
2051,0,p4x4,0,1.896988769287248,0,14,1,9,29.58495568862226,4:4,temporal,1,51,0,hex,49,0,1,cbr,0,baseline,0.6493532546000097,48,4,92,2,97,0,54,1,0,0,1.472,0
2051,0,p4x4,0,1.896988769287248,0,14,1,9,29.58495568862226,4:4,spatial,1,215,0,hex,54,0,0,none,0,baseline,0.6493532546000097,48,4,92,2,80,0,2,0,0,0,1.472,0
2051,0,p4x4,0,1.896988769287248,0,14,1,9,29.58495568862226,4:4,spatial,1,51,0,hex,54,0,1,cbr,0,baseline,0.6493532546000097,48,4,92,2,81,0,2,0,0,0,1.472,0
2077,0,p8x8,1,0.6295137611273145,2,0,1,9,29.58495568862226,4:4,spatial,0,51,0,dia,54,0,1,none,1,baseline,0.6493532546000097,48,4,92,2,18,0,2,0,0,0,1.472,0
1444,0,p8x8,1,0.6295137611273145,2,0,1,9,25.110719237444787,4:4,spatial,0,51,0,dia,54,0,0,none,0,baseline,0.6493532546000097,48,4,92,2,80,0,2,0,0,0,1.472,0
2051,0,p4x4,1,0.6295137611273145,2,0,1,9,29.58495568862226,4:4,spatial,0,51,0,dia,54,0,0,none,0,baseline,0.6493532546000097,48,8,92,2,80,0,12,1,0,0,1.472,0
1444,0,p8x8,1,0.6295137611273145,2,0,1,9,29.58495568862226,4:4,spatial,1,194,0,hex,54,0,1,none,0,baseline,0.6493532546000097,48,4,92,2,81,0,43,0,0,0,1.472,0
2133,0,"p8x8,b8x8,i8x8,i4x4",0,1.563553340661942,2,4,0,4,35.02815848969296,4:4,temporal,0,282,2,dia,47,0,0,none,0,baseline,0.6493532546000097,48,4,92,2,80,0,2,0,0,0,1.472,0
476,0,p4x4,0,1.926558024507436,1,3,0,-10,35.55545997220386,-3:3,auto,0,196,3,dia,24,0,0,cbr,1,baseline,0.1404351194194261,51,5,101,3,59,0,54,0,0,0,1.48,0
1180,1,p4x4,3,1.3374303110676122,0,10,0,11,18.2127339594342,5:-5,spatial,1,471,4,dia,30,1,1,none,1,high,0.938326367437642,37,19,134,12,23,0,13,1,1,0,1.48,0
526,1,all,2,0.1010842381336602,0,4,1,-3,22.59156246642177,4:-4,spatial,1,237,4,hex,61,0,0,cbr,1,baseline,0.6387681857014684,22,12,120,2,71,0,2,0,0,0,1.488,0
745,1,p8x8,0,0.0290056165332518,1,11,1,-7,19.737654889640883,6:6,auto,1,342,0,hex,49,0,0,none,1,main,0.4551514067890393,46,7,142,10,4,0,27,0,1,1,1.488,0
2088,0,all,0,0.5919002570429192,1,5,0,-1,23.40579007344844,1:1,auto,1,342,0,hex,49,0,0,none,1,main,0.4551514067890393,46,7,155,10,4,0,27,0,0,1,1.488,0
76,0,p8x8,1,0.6295137611273145,2,0,1,9,17.31885750274167,4:4,spatial,0,51,0,dia,54,0,1,cbr,0,main,0.0125755748911785,48,4,99,8,36,6,46,2,1,0,1.488,0
215,0,p8x8,2,0.6295137611273145,2,0,1,9,29.58495568862226,4:4,auto,0,51,0,dia,54,0,1,none,0,main,0.6493532546000097,48,9,92,2,80,1,39,2,1,2,1.488,0
76,0,p8x8,1,0.6295137611273145,2,0,1,9,17.31885750274167,4:4,spatial,0,51,0,tesa,54,0,1,cbr,0,baseline,0.0125755748911785,48,10,218,5,32,2,41,1,0,1,1.488,0
746,0,p8x8,1,0.6295137611273145,2,0,1,9,17.31885750274167,4:4,spatial,0,51,0,dia,54,0,1,cbr,0,baseline,0.6067426035845275,48,4,92,2,71,0,2,0,0,0,1.488,0
796,0,p8x8,1,0.6295137611273145,1,1,1,10,29.58495568862226,3:-3,spatial,0,51,0,dia,59,0,1,none,0,baseline,0.0125755748911785,48,4,99,8,32,6,46,2,1,0,1.488,0
215,0,p8x8,2,0.6295137611273145,2,7,1,9,29.58495568862226,4:4,auto,0,51,1,hex,54,0,1,none,1,main,0.4551514067890393,46,7,22,10,86,0,27,0,0,1,1.488,0
291,0,all,2,0.1193365485352483,1,15,0,-1,1.9968515835133664,5:-5,auto,0,360,1,hex,49,0,1,cbr,1,main,0.6153815473027766,21,19,169,6,64,3,6,1,0,0,1.496,0
291,1,all,2,0.1193365485352483,1,15,1,-1,1.9968515835133664,5:-5,auto,0,360,4,dia,49,0,1,cbr,1,baseline,0.6153815473027766,21,19,201,5,54,0,20,0,1,1,1.496,0
431,0,p8x8,0,0.8955349413691472,0,2,1,3,43.45351094791903,2:2,none,1,154,0,hex,25,1,1,cbr,1,baseline,0.142462111336512,50,1,51,16,2,8,30,2,1,1,1.496,0
1657,1,p4x4,2,0.7043900227900087,2,9,1,-5,29.58495568862226,4:4,spatial,0,51,2,dia,54,0,0,none,0,baseline,0.8969129962060315,49,8,222,11,49,3,21,2,1,1,1.496,0
431,0,p8x8,0,0.8955349413691472,0,2,1,3,43.45351094791903,2:2,none,1,154,0,umh,51,1,1,cbr,0,baseline,0.0231857084398211,47,14,155,12,83,4,1,2,1,2,1.496,0
1698,1,p8x8,1,0.8939681657390562,0,5,0,7,23.69803648820458,-2:2,temporal,1,310,0,hex,60,0,0,none,0,high,0.5499795828533962,47,14,201,5,54,0,20,0,1,1,1.496,0
916,0,all,0,0.8600907957479925,1,13,1,-6,5.737854668273017,-2:2,none,1,32,3,esa,50,0,1,vbr,1,high,0.8306372140918717,46,7,113,14,96,1,7,2,0,1,1.496,0
1698,1,p8x8,1,0.8939681657390562,0,5,1,8,45.69049432205812,-2:2,auto,1,310,0,hex,27,1,1,none,1,high,0.5499795828533962,45,14,201,5,79,0,20,0,1,1,1.496,0
916,1,all,0,0.8600907957479925,1,15,1,-6,5.737854668273017,-2:2,none,0,32,3,dia,50,0,1,none,1,high,0.8306372140918717,22,7,113,14,96,1,7,2,0,1,1.496,0
916,1,all,0,0.8600907957479925,1,15,1,11,5.737854668273017,-2:2,none,0,32,3,dia,50,0,1,none,1,high,0.8306372140918717,22,7,113,14,39,1,7,2,0,1,1.496,0
258,1,p4x4,1,0.1547917854728039,1,11,0,1,12.03955981956035,5:-5,spatial,1,210,0,hex,31,1,0,vbr,1,main,0.759777949391024,49,0,219,6,34,4,47,2,0,1,1.504,0
2002,1,p4x4,3,0.4771290174931774,1,4,1,2,16.61881019417569,3:-3,temporal,0,210,3,hex,31,1,0,vbr,0,main,0.759777949391024,49,0,190,6,34,4,47,0,0,1,1.504,0
2002,1,p4x4,3,0.4771290174931774,1,4,1,2,9.321228297970876,3:-3,none,0,77,3,tesa,16,1,1,none,1,high,0.6643949625490938,36,16,126,4,54,1,60,1,1,2,1.504,0
2002,1,p4x4,3,0.4771290174931774,1,4,1,2,9.321228297970876,3:-3,none,0,342,4,tesa,10,1,1,vbr,1,main,0.6569189092860399,34,0,237,13,83,2,36,2,1,1,1.504,0
2029,1,p4x4,3,1.1717958185070505,1,8,0,-9,2.502534207261911,-2:2,auto,0,77,3,tesa,16,1,1,none,1,high,0.6489835788225751,36,6,126,4,54,1,60,1,1,2,1.504,0
2029,1,p4x4,3,0.1775538506567019,1,8,1,-9,2.502534207261911,-2:2,auto,0,77,3,tesa,28,1,1,none,1,high,0.6489835788225751,36,5,126,4,54,1,60,1,1,2,1.504,0
1899,0,p8x8,1,0.6295137611273145,2,0,1,9,29.58495568862226,4:4,spatial,0,51,1,tesa,16,1,1,none,1,high,0.6643949625490938,36,20,126,4,54,1,60,2,1,2,1.504,0
2029,1,p4x4,3,0.1775538506567019,1,8,1,-9,13.007904881027825,-2:2,auto,1,77,3,tesa,28,1,1,none,1,high,0.6489835788225751,36,5,126,4,54,1,60,2,1,2,1.504,0
2029,1,p4x4,3,1.1717958185070505,1,8,0,-9,2.502534207261911,-2:2,temporal,0,77,3,tesa,16,1,1,none,1,high,0.6489835788225751,36,5,126,4,54,1,60,1,1,2,1.504,0
2029,1,p4x4,3,0.1775538506567019,1,8,1,-9,2.502534207261911,-2:2,auto,0,77,3,tesa,28,0,1,none,0,high,0.6489835788225751,36,6,126,4,81,1,60,1,1,2,1.504,0
291,0,none,0,0.3288599459493289,1,7,0,10,27.60370491397178,3:-3,none,1,438,0,dia,9,0,1,cbr,0,baseline,0.6493532546000097,48,4,92,2,80,0,2,0,0,1,1.512,0
1641,0,p8x8,2,0.6852485530842913,0,14,1,-6,23.43967311937345,4:-4,none,0,49,1,tesa,37,0,0,cbr,0,baseline,0.8403633032237157,29,13,70,14,27,1,52,0,0,0,1.512,0
2152,0,"p8x8,b8x8,i8x8,i4x4",2,0.4068796369042392,0,12,1,9,29.58495568862226,3:3,spatial,0,51,2,dia,54,1,1,vbr,0,high,0.6493532546000097,48,4,92,2,80,0,25,0,1,0,1.512,0
291,0,none,0,0.3288599459493289,1,7,0,10,27.60370491397178,3:-3,none,1,438,2,umh,4,0,1,none,0,main,0.9601945041226374,30,4,41,2,51,1,60,2,0,1,1.512,0
291,0,none,0,0.1242251522190411,1,7,0,9,29.58495568862226,6:-6,none,0,51,0,dia,58,0,0,none,0,baseline,0.6493532546000097,30,4,41,2,51,1,60,2,0,2,1.512,0
835,0,none,2,1.1561606913061346,0,13,0,-1,44.52716503298801,4:-4,none,0,49,1,esa,37,0,0,cbr,1,baseline,0.8403633032237157,29,13,70,14,27,1,52,0,0,0,1.512,0
354,1,p8x8,1,1.0455357668283287,1,10,0,1,45.725577216908825,1:1,auto,1,411,0,dia,17,0,1,vbr,1,high,0.8312621137471209,33,17,249,15,86,4,18,0,1,0,1.512,0
354,1,p8x8,1,1.0455357668283287,1,10,0,1,45.725577216908825,1:1,auto,1,411,0,dia,17,0,1,vbr,1,high,0.8312621137471209,33,17,249,15,86,4,18,0,0,0,1.512,0
354,1,p8x8,1,1.0455357668283287,1,10,0,1,45.725577216908825,1:1,auto,1,411,0,dia,17,0,0,cbr,1,baseline,0.8403633032237157,29,13,70,14,27,1,52,0,0,0,1.512,0
1619,0,p4x4,3,0.871339017309799,0,2,0,0,44.481855464674,2:2,temporal,0,279,1,esa,57,0,0,cbr,0,high,0.0639475348227452,45,6,27,1,48,0,39,1,1,2,1.52,0
1619,0,p4x4,3,0.871339017309799,0,2,0,0,44.481855464674,2:2,temporal,0,279,1,esa,57,0,0,vbr,1,main,0.8655635668128767,46,17,157,11,90,1,34,0,0,1,1.52,0
2347,1,none,0,1.7470096272584414,2,7,1,7,23.12503960328424,2:2,temporal,0,279,1,esa,57,0,0,cbr,0,high,0.0639475348227452,45,6,27,10,48,0,47,1,1,2,1.52,0
2182,0,p4x4,3,0.871339017309799,0,2,0,0,48.75732026276623,2:2,temporal,0,279,1,esa,57,0,0,cbr,0,baseline,0.0639475348227452,45,6,27,1,48,0,13,2,1,2,1.52,0
1619,0,p4x4,3,0.871339017309799,0,2,0,0,44.481855464674,2:2,temporal,0,456,4,dia,57,1,1,cbr,1,high,0.2948229351465231,32,17,0,3,2,1,19,1,1,1,1.52,0
1619,0,p4x4,3,0.871339017309799,0,2,0,0,48.75732026276623,2:2,temporal,0,279,1,esa,57,0,1,cbr,0,baseline,0.0639475348227452,45,3,27,1,48,0,13,2,1,2,1.52,0
2182,0,p4x4,3,0.871339017309799,0,2,0,0,48.75732026276623,2:2,temporal,0,279,3,esa,57,0,0,cbr,0,baseline,0.0639475348227452,45,6,27,1,26,9,60,0,1,1,1.52,0
1987,0,p4x4,3,0.871339017309799,0,2,0,0,44.481855464674,2:2,temporal,0,279,1,esa,57,0,0,cbr,0,high,0.0639475348227452,45,6,12,12,48,0,39,1,1,0,1.52,0
1619,0,p4x4,3,0.871339017309799,0,2,0,0,48.75732026276623,2:2,temporal,0,82,1,esa,57,0,0,none,0,baseline,0.0639475348227452,45,6,27,1,48,0,13,2,1,2,1.52,0
2182,0,p4x4,3,0.871339017309799,2,2,0,0,44.481855464674,2:2,temporal,0,279,1,esa,57,0,0,cbr,1,main,0.1943114536678557,46,17,157,4,90,1,34,0,0,1,1.52,0
1275,1,none,1,1.1536539324358672,0,13,1,7,25.96995912262302,4:-4,spatial,0,265,4,dia,63,1,1,vbr,1,high,0.8526836725877067,43,10,149,12,15,0,20,2,1,1,1.568,0
1690,1,none,2,0.6957458181602026,0,13,1,7,37.37799214063269,4:-4,temporal,0,20,4,esa,63,1,1,vbr,1,high,0.0833025022174705,43,10,149,12,23,0,23,1,1,1,1.568,0
1690,0,none,2,1.1536539324358672,0,13,1,7,37.37799214063269,4:-4,auto,0,20,4,dia,63,1,0,none,0,baseline,0.0639475348227452,45,19,27,7,48,0,13,2,1,2,1.568,0
1275,1,none,0,1.1536539324358672,0,13,1,-1,25.96995912262302,4:-4,spatial,0,132,4,dia,63,1,1,vbr,0,high,0.8526836725877067,43,10,149,2,80,0,2,1,0,1,1.544,0
354,1,p8x8,1,1.0455357668283287,1,10,1,7,31.36313635584817,4:-4,spatial,0,20,2,esa,63,1,0,vbr,1,high,0.2985167701928203,43,10,134,12,23,0,20,1,1,1,1.544,0
1690,0,none,2,0.6957458181602026,0,13,1,7,37.37799214063269,4:-4,temporal,0,20,4,dia,63,1,1,vbr,1,high,0.0833025022174705,33,17,249,15,86,4,18,0,1,1,1.6,0
76,1,p8x8,3,0.6295137611273145,1,0,0,9,29.58495568862226,4:4,spatial,1,51,2,umh,54,0,1,cbr,1,baseline,0.6493532546000097,36,4,92,2,80,0,2,2,0,0,1.544,0
76,1,p8x8,1,0.955156668830312,2,0,1,-2,29.58495568862226,4:4,spatial,1,70,0,dia,54,0,1,none,1,high,0.6493532546000097,48,4,92,15,9,0,50,1,1,2,1.592,0
1277,0,all,0,0.8955349413691472,1,12,1,12,17.940091865412743,6:6,auto,1,447,3,dia,62,0,1,none,1,main,0.006103345590743,48,4,26,5,61,11,43,1,1,1,1.544,0
1357,1,none,3,0.927218498224632,0,6,1,12,17.940091865412743,6:6,auto,1,447,3,dia,62,0,1,none,1,main,0.006103345590743,48,4,26,5,61,11,43,1,1,1,1.544,0
1363,1,p8x8,2,1.2431066719971349,0,6,1,-11,10.416691377066432,4:4,spatial,0,175,0,dia,54,0,1,none,0,baseline,0.6493532546000097,48,4,92,2,81,0,2,0,0,0,1.544,0
76,1,p8x8,1,0.6295137611273145,2,0,1,9,29.58495568862226,4:4,spatial,1,51,0,dia,54,0,1,none,0,baseline,0.6493532546000097,48,4,92,2,9,0,50,0,0,2,1.544,0
2214,0,p8x8,1,1.9095086171653568,2,0,1,-6,29.58495568862226,4:4,spatial,0,350,0,dia,51,0,1,none,0,baseline,0.6493532546000097,48,4,92,2,80,0,2,2,0,0,1.544,0
41,0,all,1,0.6074419713865158,2,0,1,9,29.58495568862226,4:4,spatial,0,350,0,tesa,51,0,1,none,0,baseline,0.751790034854561,22,4,92,2,80,0,1,2,0,0,1.544,0
76,1,p8x8,3,0.6295137611273145,2,0,0,9,29.58495568862226,4:4,spatial,1,51,0,dia,54,0,1,none,1,baseline,0.6493532546000097,48,4,92,2,81,0,58,0,1,0,1.544,0
76,1,p8x8,1,0.955156668830312,2,0,1,-2,29.58495568862226,4:4,spatial,1,70,0,dia,54,0,1,vbr,1,high,0.0833025022174705,43,10,149,12,23,0,23,1,1,1,1.552,0
740,1,none,2,0.8525031129601375,2,6,1,-10,38.41013554128254,6:6,none,1,93,3,dia,54,0,1,none,1,high,0.4428227225599475,28,15,49,1,92,2,63,0,0,1,1.56,0
740,0,none,2,0.3997210510146373,0,10,1,-10,27.64649970206645,6:6,auto,1,93,3,dia,7,0,1,none,1,high,0.4428227225599475,28,17,49,1,47,2,57,1,0,2,1.56,0
504,1,p8x8,3,0.1326677839752556,1,13,1,2,5.098694206335591,-6:6,temporal,0,177,2,hex,61,0,1,vbr,0,high,0.6973151055899826,44,1,43,10,88,4,57,1,1,2,1.56,0
412,1,none,1,0.8525031129601375,2,10,1,-10,38.41013554128254,6:6,none,1,93,3,dia,7,1,1,none,1,high,0.4428227225599475,32,17,49,6,47,3,45,0,1,2,1.56,0
216,1,all,0,0.1054414715618423,1,5,0,-5,26.23196262793729,-2:2,auto,1,182,0,dia,9,0,0,none,0,main,0.3436963962354139,32,14,82,9,27,3,17,0,0,0,1.56,0
216,1,all,0,0.1054414715618423,0,5,0,-5,26.23196262793729,-2:2,spatial,1,182,0,dia,9,0,0,none,0,main,0.3436963962354139,32,14,82,9,27,3,12,0,0,0,1.56,0
504,0,p8x8,3,0.1326677839752556,1,13,1,2,5.098694206335591,-6:6,temporal,0,177,2,hex,61,0,1,vbr,0,high,0.6973151055899826,44,1,43,10,88,4,57,1,0,2,1.56,0
740,0,none,2,0.8525031129601375,2,10,1,-10,38.41013554128254,6:6,none,1,93,3,dia,7,0,1,none,1,high,0.4428227225599475,28,17,49,1,47,2,45,0,1,1,1.56,0
740,0,p4x4,2,0.8525031129601375,2,10,1,-10,38.41013554128254,6:6,none,1,93,3,dia,7,0,1,none,1,high,0.4428227225599475,28,17,49,10,14,0,30,1,0,2,1.56,0
412,1,none,3,0.5558499898581044,2,1,0,2,5.098694206335591,-6:6,temporal,0,294,2,hex,61,0,1,none,1,main,0.7454016104869238,36,13,240,10,14,0,54,1,0,1,1.56,0
1975,0,none,1,0.6932554072549802,2,12,0,8,13.35893353578019,0:0,none,0,353,0,hex,40,1,0,cbr,1,baseline,0.4193804235300311,40,14,10,2,29,1,58,1,1,1,1.568,0
1000,0,all,2,1.8345793876815013,0,12,0,-2,13.35893353578019,0:0,spatial,0,353,0,hex,40,1,0,cbr,1,baseline,0.4193804235300311,40,14,10,2,29,1,17,1,1,1,1.568,0
1000,0,all,2,1.8345793876815013,0,12,0,12,13.35893353578019,0:0,spatial,0,353,0,hex,57,1,0,cbr,1,baseline,0.4193804235300311,40,14,13,2,53,7,59,2,0,1,1.568,0
714,0,all,2,0.2726646230528159,1,5,1,-9,29.952507312758723,2:-2,spatial,0,51,0,dia,54,0,1,none,0,baseline,0.54455612343395,48,4,19,2,80,0,2,0,0,0,1.568,0
1975,0,none,1,0.6932554072549802,2,5,0,-10,28.74417029968711,-4:4,none,0,202,1,dia,13,1,1,vbr,1,main,0.1769308723334453,38,0,39,1,94,3,38,2,1,2,1.568,0
1975,0,none,1,0.6932554072549802,2,5,0,-10,28.74417029968711,-4:4,none,0,202,1,dia,13,0,1,vbr,1,main,0.1769308723334453,38,0,39,1,94,3,38,2,1,2,1.568,0
1975,0,none,1,0.6932554072549802,2,8,0,-10,28.74417029968711,-4:4,none,0,414,1,dia,13,1,1,vbr,1,main,0.1769308723334453,36,0,39,1,100,6,11,2,1,0,1.568,0
1940,1,p4x4,0,1.2097793863810706,2,5,0,0,46.28373159492028,4:4,auto,1,442,3,hex,24,1,0,none,1,high,0.9171349574400796,36,19,69,15,4,5,6,0,1,1,1.568,0
714,0,p4x4,2,1.1156797772280571,1,5,0,-9,29.952507312758723,2:-2,auto,1,400,3,dia,24,0,0,none,0,high,0.9171349574400796,36,19,69,15,4,5,6,0,1,1,1.568,0
76,1,p8x8,2,0.955156668830312,2,0,1,-2,24.631351728819865,4:4,spatial,1,70,0,dia,54,0,1,none,1,high,0.6493532546000097,48,4,92,15,9,0,50,1,1,2,1.576,0
76,1,p8x8,1,0.955156668830312,2,0,1,-2,29.58495568862226,-2:2,spatial,1,70,0,dia,54,0,1,cbr,1,high,0.6493532546000097,48,9,92,15,9,0,15,1,1,2,1.576,0
76,1,p8x8,2,0.955156668830312,2,0,1,-2,24.631351728819865,4:4,spatial,1,70,2,dia,54,1,0,none,1,high,0.334900129455401,48,4,92,15,9,0,29,1,1,2,1.576,0
76,1,p8x8,3,0.955156668830312,2,0,1,-2,29.58495568862226,-2:2,spatial,1,14,0,dia,54,0,1,cbr,1,high,0.6493532546000097,48,9,92,15,9,0,13,2,1,1,1.576,0
17,1,p4x4,0,0.6576450568046407,0,14,1,6,16.439143966984506,5:-5,none,1,304,3,hex,44,0,1,none,0,high,0.3554461269108098,34,18,166,1,19,4,25,2,0,1,1.584,0
1433,0,p8x8,2,0.9015445785289348,0,11,1,3,15.023015526431092,-6:6,auto,0,55,4,hex,5,0,0,none,0,baseline,0.0305585828629144,27,7,72,13,84,1,22,2,0,0,1.584,0
772,0,"p8x8,b8x8,i8x8,i4x4",2,0.9015445785289348,0,11,1,9,25.79863055320933,-6:6,auto,1,55,4,hex,5,0,0,none,0,baseline,0.0305585828629144,27,7,12,13,80,0,2,1,0,0,1.584,0
1433,0,p8x8,2,0.9015445785289348,0,11,1,3,15.023015526431092,-6:6,auto,0,55,4,hex,5,1,0,none,0,baseline,0.0305585828629144,27,7,72,13,84,1,35,0,1,0,1.584,0
309,1,p4x4,3,0.9015445785289348,0,11,1,3,15.023015526431092,-6:6,auto,0,55,4,esa,5,0,0,cbr,0,baseline,0.0305585828629144,27,7,72,13,84,1,26,2,1,0,1.584,0
1433,0,p8x8,2,0.9015445785289348,0,11,1,3,13.537170980942305,-6:6,auto,0,55,4,dia,5,0,0,none,0,baseline,0.0305585828629144,27,7,72,13,41,6,23,0,1,0,1.584,0
772,0,"p8x8,b8x8,i8x8,i4x4",2,0.9015445785289348,0,11,1,9,25.79863055320933,-6:6,auto,1,55,4,hex,37,0,0,none,0,baseline,0.0305585828629144,27,7,12,13,80,0,2,1,0,1,1.584,0
1652,0,none,1,1.0973969327168838,1,10,0,-8,6.614199268452717,-6:6,auto,0,55,4,dia,5,0,0,none,0,baseline,0.0305585828629144,27,1,72,13,41,6,36,1,1,0,1.584,0
1433,0,p8x8,2,0.9015445785289348,0,11,1,3,13.537170980942305,-6:6,auto,0,55,4,dia,51,0,0,none,0,baseline,0.6493532546000097,48,4,92,2,84,1,11,2,0,0,1.584,0
1433,0,p8x8,2,1.6458816346857852,0,11,1,3,15.023015526431092,-6:6,temporal,0,126,4,hex,5,1,0,none,0,baseline,0.0305585828629144,27,7,81,5,84,1,9,2,0,1,1.584,0
1580,1,p8x8,2,1.765282485233605,2,4,0,-5,48.98047596095174,0:0,none,0,216,2,esa,55,1,0,none,0,baseline,0.1518066209778789,50,5,78,2,67,10,28,0,1,1,1.592,0
76,0,p8x8,1,0.6295137611273145,0,11,0,9,29.58495568862226,4:4,spatial,0,51,0,hex,48,1,0,none,1,baseline,0.6493532546000097,48,19,234,4,54,3,45,0,1,2,1.592,0
227,1,p8x8,2,1.765282485233605,2,4,0,-5,28.88843710839308,3:3,spatial,1,434,3,esa,35,1,1,vbr,1,baseline,0.9603078640875774,33,13,193,4,22,5,7,2,0,0,1.592,0
1580,1,p8x8,2,1.765282485233605,2,4,0,-5,28.88843710839308,3:3,spatial,1,434,3,umh,35,1,1,vbr,1,baseline,0.9603078640875774,33,13,193,4,22,5,7,2,0,0,1.592,0
150,0,p8x8,3,1.5710483738595258,2,1,1,-1,28.88843710839308,3:3,spatial,1,434,3,umh,35,1,1,vbr,1,main,0.9603078640875774,33,13,132,4,22,5,7,2,0,0,1.592,0
1580,1,p8x8,2,1.765282485233605,2,4,0,-5,28.88843710839308,3:3,spatial,1,434,3,umh,35,1,1,vbr,1,baseline,0.9603078640875774,33,13,193,4,26,5,7,2,0,0,1.592,0
227,1,p8x8,2,1.765282485233605,2,4,0,-5,28.88843710839308,3:3,spatial,1,434,3,umh,35,1,0,cbr,1,baseline,0.9603078640875774,33,13,193,4,22,5,7,2,0,0,1.592,0
1580,1,p8x8,2,1.765282485233605,2,4,0,-3,28.88843710839308,3:3,spatial,1,434,3,esa,21,0,1,vbr,1,high,0.9603078640875774,33,13,130,4,22,5,7,2,0,0,1.592,0
1603,0,"p8x8,b8x8,i8x8,i4x4",0,0.2608948090902501,1,9,0,-4,4.561344838176452,4:-4,auto,0,479,1,umh,39,1,0,none,1,main,0.2146815112497462,24,14,73,6,22,5,7,2,0,0,1.592,0
150,0,"p8x8,b8x8,i8x8,i4x4",1,0.1292048739838269,2,0,1,-1,4.561344838176452,4:-4,auto,0,479,1,umh,39,1,0,none,1,main,0.2146815112497462,24,14,73,6,22,5,7,2,0,0,1.592,0
745,0,p4x4,2,1.2881622200044331,0,1,1,0,29.30978175128106,-4:4,temporal,1,18,3,hex,30,0,0,vbr,0,main,0.6604964527259688,27,13,211,2,80,0,2,0,0,0,1.6,0
745,0,p4x4,3,1.2881622200044331,0,1,1,0,29.30978175128106,1:-1,temporal,1,18,3,hex,30,0,0,vbr,0,main,0.6604964527259688,27,13,33,8,80,0,2,0,0,0,1.6,0
2144,0,none,0,0.736046658227053,0,7,1,6,49.376471962682494,4:4,temporal,0,177,0,umh,24,0,0,cbr,0,baseline,0.1924882894062069,28,18,214,9,25,2,41,2,1,1,1.6,0
275,0,p8x8,0,0.1268705957246806,1,11,1,9,1.4295047624665382,5:-5,spatial,1,280,2,umh,48,0,1,none,1,baseline,0.6718077387451974,24,17,219,7,100,8,25,1,1,2,1.6,0
414,1,"p8x8,b8x8,i8x8,i4x4",1,1.6848569439173615,0,11,0,-12,34.691924317849285,6:6,temporal,1,135,1,tesa,18,1,1,none,0,high,0.6882108435804833,35,17,228,6,49,1,44,2,0,1,1.6,0
414,1,"p8x8,b8x8,i8x8,i4x4",1,1.6848569439173615,0,11,0,-12,21.423975879912216,6:6,temporal,1,135,1,tesa,18,1,1,none,0,high,0.6882108435804833,35,17,228,6,49,1,44,2,0,1,1.6,0
414,1,"p8x8,b8x8,i8x8,i4x4",1,1.6848569439173615,0,11,0,-12,34.691924317849285,6:6,temporal,1,135,1,tesa,61,1,1,none,0,high,0.6831336732219722,35,11,152,10,26,0,41,2,0,1,1.6,0
414,0,"p8x8,b8x8,i8x8,i4x4",1,1.6848569439173615,0,11,0,-12,34.691924317849285,6:6,temporal,1,135,1,tesa,18,1,1,none,0,high,0.6882108435804833,35,17,152,10,74,0,26,1,0,2,1.6,0
1348,1,p8x8,2,0.1492449558469054,1,7,0,-9,17.760769974633675,4:4,temporal,0,177,0,umh,24,0,0,cbr,0,baseline,0.1924882894062069,28,18,214,9,25,2,50,2,1,1,1.6,0
1348,1,p8x8,2,0.1492449558469054,1,7,0,-9,17.760769974633675,4:4,spatial,0,177,0,umh,24,0,0,cbr,0,baseline,0.1924882894062069,28,18,214,9,25,2,50,2,1,1,1.6,0
143,0,none,0,1.997601325586333,0,8,0,-7,31.53640878592952,-4:4,none,1,426,4,tesa,63,1,0,cbr,1,baseline,0.8065249436832351,48,4,175,7,74,6,50,1,0,0,1.608,0
1467,0,none,0,1.8245416022471044,0,4,1,9,28.75601225955332,-2:2,temporal,1,251,1,tesa,45,1,0,vbr,0,high,0.9431299319713118,27,17,48,11,61,7,60,0,1,0,1.608,0
1708,0,none,0,1.8245416022471044,0,4,1,9,28.75601225955332,-2:2,temporal,1,251,1,tesa,45,1,0,vbr,0,high,0.9431299319713118,30,17,48,13,61,7,60,0,1,0,1.608,0
1708,0,none,0,1.8245416022471044,0,4,1,9,28.75601225955332,-2:2,temporal,1,220,1,tesa,45,1,0,vbr,0,high,0.9431299319713118,30,17,48,13,61,7,60,0,1,0,1.608,0
1708,0,none,0,1.8245416022471044,0,4,1,9,28.75601225955332,-2:2,temporal,1,251,1,tesa,45,1,0,vbr,0,high,0.9431299319713118,30,17,48,7,61,7,60,0,1,0,1.608,0
1708,0,none,0,1.8245416022471044,0,4,1,9,28.75601225955332,-2:2,temporal,1,251,0,tesa,45,1,0,vbr,0,high,0.9431299319713118,30,17,48,9,61,4,60,0,1,0,1.608,0
143,1,none,0,1.997601325586333,0,8,0,-7,31.53640878592952,-4:4,none,1,351,4,tesa,63,1,0,cbr,0,baseline,0.623709790865616,48,7,182,2,82,6,51,2,1,0,1.608,0
76,0,p8x8,1,1.892620996835481,2,0,0,9,29.58495568862226,4:4,spatial,0,51,0,dia,54,0,0,none,0,baseline,0.6493532546000097,48,4,92,2,80,0,58,0,0,0,1.608,0
76,0,p8x8,3,0.6295137611273145,2,0,0,9,29.58495568862226,4:4,spatial,0,51,0,dia,54,0,1,none,0,main,0.6493532546000097,48,4,33,10,80,3,62,2,1,1,1.608,0
1436,1,p8x8,2,0.6074419713865158,1,0,1,-12,42.62397521387294,0:0,spatial,1,22,4,dia,26,1,1,vbr,1,high,0.754809731459133,50,2,42,11,37,2,13,2,1,2,1.664,0
2111,0,p8x8,3,1.001223354873627,0,9,0,-11,34.66258545387875,0:0,spatial,1,22,4,dia,26,1,1,vbr,1,high,0.754809731459133,50,2,42,11,37,2,13,2,1,2,1.64,0
76,1,p8x8,1,0.5233070470635094,2,0,1,-7,29.58495568862226,4:4,spatial,0,51,0,dia,35,0,1,vbr,1,high,0.6497021670944326,46,16,15,5,91,8,4,2,1,2,1.64,0
994,0,none,1,0.34609367040508,1,0,0,-12,42.62397521387294,0:0,spatial,1,22,4,dia,26,1,1,vbr,0,main,0.754809731459133,50,2,42,11,37,2,13,2,1,2,1.616,0
1436,1,p8x8,2,0.6074419713865158,1,14,1,-12,42.62397521387294,0:0,auto,1,391,4,hex,4,0,1,vbr,1,high,0.9856451086442882,50,9,46,5,59,1,25,2,1,2,1.616,0
1879,1,"p8x8,b8x8,i8x8,i4x4",0,1.8904587036270388,0,13,0,3,5.511207645431871,2:-2,spatial,1,22,3,dia,26,1,1,vbr,1,high,0.754809731459133,50,2,42,11,37,2,13,2,1,1,1.616,0
1436,1,p8x8,2,0.6074419713865158,1,0,1,-12,42.62397521387294,0:0,spatial,1,22,4,dia,26,1,1,vbr,1,high,0.754809731459133,50,19,152,3,68,4,11,0,1,0,1.64,0
287,0,p8x8,3,1.001223354873627,0,9,1,-11,34.66258545387875,-3:3,none,0,344,2,dia,24,1,1,vbr,1,high,0.2849238145104008,50,2,42,11,37,2,13,2,1,2,1.616,0
1436,1,p8x8,3,0.6074419713865158,1,0,1,-12,15.086797179406874,-3:3,spatial,1,22,4,dia,59,1,1,vbr,1,main,0.754809731459133,50,2,42,11,37,2,13,2,1,2,1.616,0
994,0,none,1,0.34609367040508,1,0,0,-12,42.62397521387294,0:0,auto,1,22,4,dia,26,1,1,vbr,0,main,0.754809731459133,50,2,206,11,37,1,48,2,0,2,1.64,0
636,1,none,2,0.4371457905377309,2,14,0,-10,9.377312840357307,3:-3,temporal,1,345,3,hex,39,1,0,vbr,1,high,0.1487075570796548,45,19,129,11,9,11,16,1,0,0,1.624,0
636,1,none,2,0.4371457905377309,2,14,0,-10,9.377312840357307,3:-3,temporal,1,345,3,hex,39,1,0,vbr,1,high,0.3767874836030233,45,19,129,11,9,11,16,1,0,1,1.624,0
340,1,p4x4,1,0.1494197407334924,1,0,0,4,6.214650124306135,1:-1,temporal,1,144,1,umh,39,1,0,vbr,1,high,0.1487075570796548,45,19,169,11,9,6,16,2,0,0,1.624,0
340,1,p4x4,1,0.1494197407334924,1,14,0,-10,9.377312840357307,3:-3,temporal,1,345,3,hex,39,1,0,vbr,1,high,0.3767874836030233,45,19,129,11,9,11,16,1,0,0,1.624,0
340,1,p4x4,1,0.1494197407334924,1,0,0,4,6.214650124306135,1:-1,spatial,1,144,1,umh,51,0,0,cbr,1,baseline,0.4722150270287825,37,13,42,1,21,2,59,0,1,0,1.624,0
340,0,p4x4,3,0.1494197407334924,2,0,0,4,6.214650124306135,1:-1,spatial,1,144,2,umh,51,0,1,vbr,1,baseline,0.4722150270287825,37,13,42,1,21,2,59,0,1,0,1.624,0
2295,0,p4x4,1,0.1494197407334924,1,0,0,4,6.214650124306135,1:-1,spatial,1,481,1,umh,26,0,0,cbr,1,baseline,0.4722150270287825,34,13,42,1,21,2,59,0,1,2,1.624,0
340,1,"p8x8,b8x8,i8x8,i4x4",1,0.1494197407334924,1,0,0,4,6.214650124306135,1:-1,spatial,1,144,1,umh,51,0,0,cbr,1,baseline,0.4722150270287825,40,8,23,1,50,8,62,1,0,0,1.624,0
340,0,p4x4,3,0.1494197407334924,2,0,0,4,6.214650124306135,1:-1,spatial,1,48,0,umh,51,0,1,vbr,1,baseline,0.4722150270287825,37,8,42,1,21,1,43,1,0,1,1.624,0
340,1,p4x4,1,0.4548723744877707,1,0,1,4,6.214650124306135,1:-1,spatial,1,48,0,umh,51,0,1,vbr,0,baseline,0.4722150270287825,37,8,42,1,21,1,29,1,0,1,1.624,0
76,0,none,1,0.34609367040508,1,0,0,-12,42.62397521387294,0:0,auto,1,22,4,dia,26,1,1,vbr,0,main,0.754809731459133,50,2,206,11,37,1,48,2,0,2,1.632,0
1436,1,p8x8,2,0.6074419713865158,1,0,1,8,42.62397521387294,0:0,spatial,1,22,4,dia,26,1,1,none,1,high,0.754809731459133,50,19,152,3,68,4,11,0,1,0,1.632,0
1436,1,p4x4,2,0.6074419713865158,1,0,1,-12,42.62397521387294,0:0,spatial,1,22,2,dia,26,1,1,vbr,1,high,0.754809731459133,50,2,206,11,37,1,48,2,0,2,1.632,0
1883,0,p8x8,1,0.34609367040508,1,0,0,-12,42.62397521387294,3:3,auto,1,22,4,dia,26,1,1,vbr,0,main,0.754809731459133,50,2,42,11,37,2,13,2,1,2,1.632,0
1436,1,p8x8,2,0.412354198209756,2,0,1,8,42.62397521387294,0:0,spatial,1,22,4,dia,26,0,1,none,1,high,0.754809731459133,50,19,152,3,68,4,11,2,0,2,1.632,0
1699,0,none,3,0.9753679292089328,2,12,0,0,33.659914367378114,2:2,none,0,163,2,esa,18,1,1,none,1,high,0.9042368790367616,47,6,12,2,16,7,28,1,1,0,1.64,0
1699,0,none,3,0.9753679292089328,2,12,0,-1,33.659914367378114,2:2,none,0,163,2,esa,18,1,1,none,1,high,0.9042368790367616,47,6,12,2,16,7,61,1,1,0,1.64,0
2132,0,none,2,0.5538205485491322,2,7,0,0,33.659914367378114,2:2,none,0,163,2,esa,19,1,1,none,1,baseline,0.9042368790367616,47,6,12,2,16,7,28,1,1,0,1.64,0
307,0,p4x4,2,0.7109932528244155,0,8,1,4,1.617933309162861,-6:6,auto,0,384,4,hex,46,0,1,cbr,1,baseline,0.3437790214195466,37,20,160,6,13,2,34,0,0,1,1.64,0
1699,0,none,3,0.9753679292089328,0,12,0,0,33.659914367378114,2:2,none,0,163,2,esa,18,1,1,none,1,baseline,0.9042368790367616,47,6,12,2,16,7,28,1,0,0,1.64,0
2,1,all,2,0.0308912276085484,0,14,1,4,46.5642071193505,-5:5,temporal,1,331,1,dia,58,1,0,none,0,main,0.4294696923790868,27,4,131,12,34,4,1,0,1,2,1.64,0
2132,0,"p8x8,b8x8,i8x8,i4x4",2,0.2463366389657999,0,7,0,-6,5.497733642497615,1:-1,none,1,371,4,umh,49,0,0,vbr,0,high,0.6496306394632878,25,19,185,2,78,11,11,1,0,1,1.64,0
2132,0,"p8x8,b8x8,i8x8,i4x4",2,0.2463366389657999,0,7,0,-6,37.5505870636302,-5:5,none,1,371,4,umh,49,0,0,vbr,0,high,0.6390118687603747,25,19,185,2,78,11,11,0,0,2,1.64,0
76,0,p8x8,1,0.6295137611273145,2,0,1,9,29.58495568862226,4:4,auto,0,3,4,hex,48,0,0,cbr,1,high,0.2168483410483085,23,7,141,10,89,11,61,1,1,0,1.64,0
2112,0,p8x8,3,0.2990198569831506,0,0,1,-11,14.99197773070051,-6:6,auto,0,3,4,hex,48,0,0,cbr,1,high,0.2168483410483085,23,7,141,10,89,11,41,1,1,1,1.64,0
488,1,all,2,0.2913705567063958,0,2,0,9,32.42122192642809,-5:5,spatial,0,419,4,hex,53,1,1,none,1,high,0.2402450984128565,25,2,93,6,48,5,10,1,0,1,1.648,0
1442,1,p4x4,2,0.2913705567063958,0,1,0,0,32.42122192642809,-5:5,spatial,0,419,4,hex,53,1,1,none,0,high,0.2402450984128565,25,2,93,6,48,5,10,1,0,1,1.648,0
2342,1,p8x8,3,0.8089347264506862,1,7,1,-4,11.641224517193136,0:0,spatial,1,183,0,tesa,17,1,1,vbr,1,main,0.754809731459133,50,2,42,11,37,2,13,2,1,2,1.648,0
492,1,p8x8,3,0.8089347264506862,1,7,1,-4,11.641224517193136,0:0,none,1,183,0,umh,17,1,1,vbr,1,main,0.754809731459133,50,2,42,11,37,2,13,2,1,1,1.648,0
488,0,"p8x8,b8x8,i8x8,i4x4",2,0.2913705567063958,0,9,0,-12,42.62397521387294,0:0,spatial,1,22,4,dia,26,0,0,vbr,0,high,0.754809731459133,20,2,42,11,49,2,13,2,1,2,1.648,0
1442,0,p4x4,2,1.7242186518228328,1,15,1,-12,11.641224517193136,0:0,spatial,1,183,0,tesa,17,1,1,vbr,1,main,0.754809731459133,50,2,42,11,37,2,13,2,1,1,1.648,0
1709,0,p4x4,3,1.7242186518228328,0,16,0,-2,14.779911022145122,5:-5,spatial,0,171,1,tesa,8,0,1,vbr,0,high,0.5669428058565998,39,18,153,1,83,6,42,1,1,0,1.648,0
488,1,"p8x8,b8x8,i8x8,i4x4",2,0.2913705567063958,0,2,0,9,32.42122192642809,-5:5,spatial,0,419,4,hex,23,0,0,none,1,high,0.1767997047459066,48,3,162,1,52,1,0,2,0,2,1.648,0
1256,1,"p8x8,b8x8,i8x8,i4x4",1,0.142740749190965,1,5,1,-10,50.09337001092275,2:2,none,1,219,3,hex,23,0,0,none,0,high,0.1767997047459066,50,3,162,1,52,4,0,2,0,2,1.648,0
133,1,"p8x8,b8x8,i8x8,i4x4",2,0.6074419713865158,0,13,0,7,37.37799214063269,4:-4,auto,0,20,2,esa,63,1,0,vbr,1,high,0.595637840609091,43,10,134,12,23,0,20,1,1,1,2.144,1
1690,1,none,0,1.1536539324358672,0,13,1,7,37.37799214063269,4:-4,auto,0,20,4,esa,63,1,0,vbr,0,high,0.0833025022174705,43,10,149,12,23,0,20,1,1,0,1.68,0
1442,0,p4x4,2,0.2913705567063958,0,13,1,7,37.37799214063269,4:-4,auto,1,20,2,esa,63,1,0,vbr,0,baseline,0.595637840609091,43,10,134,12,23,0,20,1,1,2,2.168,1
1690,1,none,2,1.1536539324358672,0,13,1,7,37.37799214063269,3:3,auto,0,311,2,tesa,63,1,0,vbr,1,high,0.0833025022174705,43,1,134,12,23,0,20,1,0,0,2.168,1
1442,0,p4x4,2,0.2913705567063958,0,13,1,7,37.37799214063269,1:-1,auto,1,20,2,esa,63,1,0,vbr,0,baseline,0.3189017585171001,43,10,149,12,23,0,20,1,1,1,2.168,1
391,1,p4x4,2,0.2913705567063958,0,15,1,7,37.37799214063269,4:-4,auto,1,20,2,esa,63,1,0,vbr,0,baseline,0.595637840609091,43,10,134,14,17,0,20,0,1,1,1.656,0
1346,0,p4x4,1,1.257082835703612,1,6,1,-7,45.24406085422919,6:6,spatial,1,466,4,dia,27,0,0,vbr,0,baseline,0.0049695102998601,41,20,40,12,57,8,40,1,1,2,1.704,0
1325,0,p8x8,2,1.072103528483132,2,5,0,11,20.38612517851524,6:6,spatial,1,256,1,hex,18,0,1,none,1,baseline,0.6493532546000097,23,4,92,2,41,0,25,1,1,1,1.664,0
1325,0,p8x8,2,1.072103528483132,2,5,0,11,20.38612517851524,6:6,spatial,1,256,1,hex,18,0,1,none,1,baseline,0.6493532546000097,23,4,92,2,80,0,25,0,1,0,1.664,0
1325,0,p8x8,2,1.072103528483132,2,5,0,11,20.38612517851524,6:6,spatial,1,256,1,hex,18,0,1,cbr,1,baseline,0.6493532546000097,23,4,7,2,80,0,25,0,1,0,1.664,0
1325,0,p8x8,2,1.072103528483132,2,5,0,11,20.38612517851524,6:6,spatial,0,256,1,hex,18,0,1,none,1,baseline,0.6493532546000097,23,2,92,2,41,0,25,0,1,2,1.664,0
1325,0,p8x8,2,1.072103528483132,2,5,0,11,20.38612517851524,6:6,spatial,0,256,1,hex,18,0,0,none,0,high,0.6241726194750598,50,20,83,3,39,4,38,0,1,1,1.664,0
1188,0,p4x4,1,1.257082835703612,0,6,1,-1,45.24406085422919,6:6,spatial,0,256,0,hex,18,1,0,vbr,1,high,0.9283633564874206,45,19,217,1,25,2,14,0,1,2,1.664,0
76,0,p8x8,1,0.6295137611273145,2,0,1,9,29.58495568862226,4:4,spatial,0,51,0,dia,54,0,0,none,0,baseline,0.6493532546000097,48,4,92,2,12,1,52,2,0,2,1.664,0
76,0,p8x8,1,0.6295137611273145,2,0,1,-12,29.58495568862226,4:4,spatial,0,51,0,tesa,54,0,0,none,0,baseline,0.6493532546000097,48,4,92,2,12,9,35,2,0,2,1.664,0
1916,1,p4x4,2,1.1063767469630867,2,10,0,-8,7.566930368611915,4:-4,auto,1,189,1,hex,30,1,0,vbr,1,main,0.5547057282631691,39,14,118,1,42,5,30,0,1,2,1.696,0
194,1,none,0,0.2690586858062287,1,3,0,8,46.132777880440365,4:-4,auto,1,131,2,hex,15,0,0,vbr,0,baseline,0.9882218556581384,32,15,86,6,42,6,36,0,0,2,1.68,0
76,0,p8x8,1,0.6295137611273145,0,0,1,9,31.241334207786537,1:1,none,1,417,1,hex,21,1,1,vbr,0,baseline,0.3206125881222627,28,14,23,6,84,1,48,2,0,0,1.68,0
194,0,none,0,0.2690586858062287,1,3,0,-4,23.1320001770195,-1:1,temporal,0,362,3,hex,53,0,1,vbr,1,high,0.7679620017882163,28,14,23,6,84,1,48,2,0,0,1.68,0
1054,1,p4x4,3,0.5890450258807945,0,16,0,-9,48.50253163214293,-3:3,spatial,0,126,4,hex,31,1,1,none,0,baseline,0.7012005306320204,23,17,215,1,40,2,18,1,1,1,1.68,0
942,0,"p8x8,b8x8,i8x8,i4x4",3,1.918582397557536,0,0,1,9,31.241334207786537,1:1,none,0,417,1,tesa,21,1,1,vbr,1,high,0.3206125881222627,28,14,23,6,84,1,48,2,0,0,1.68,0
1054,1,"p8x8,b8x8,i8x8,i4x4",3,0.997204051885666,0,0,1,9,31.241334207786537,1:1,none,0,417,1,tesa,21,1,1,vbr,1,high,0.3206125881222627,28,14,23,6,84,1,48,2,0,0,1.68,0
942,0,p8x8,3,0.997204051885666,0,1,1,9,31.241334207786537,1:1,none,0,417,1,tesa,21,1,1,vbr,1,high,0.3206125881222627,28,14,23,6,84,1,43,2,0,0,1.68,0
1054,1,"p8x8,b8x8,i8x8,i4x4",3,1.918582397557536,0,0,1,9,31.241334207786537,1:1,none,0,417,1,tesa,21,1,0,vbr,1,high,0.3206125881222627,28,14,38,6,84,7,48,2,1,0,1.68,0
1285,0,p8x8,3,0.9772965516020578,1,0,0,-3,32.97203141177098,0:0,auto,1,482,4,esa,46,1,1,none,1,main,0.8507337593698167,37,12,244,16,92,3,19,0,0,1,1.68,0
1442,0,p4x4,2,0.2913705567063958,0,10,0,-8,7.566930368611915,4:-4,auto,1,189,1,hex,30,1,0,vbr,1,main,0.5547057282631691,39,14,118,1,42,5,30,0,1,2,1.688,0
1690,1,none,2,1.1536539324358672,0,16,1,7,37.37799214063269,3:3,auto,1,311,2,tesa,63,1,0,vbr,1,high,0.0833025022174705,41,13,40,12,57,7,6,1,1,2,1.696,0
1690,1,p4x4,2,0.2913705567063958,2,13,1,7,37.37799214063269,4:-4,spatial,1,20,2,esa,63,1,0,vbr,0,baseline,0.595637840609091,43,10,134,12,23,0,20,1,0,2,1.696,0
783,1,p8x8,3,0.0380417584827072,0,15,0,-11,22.31434987361076,2:2,spatial,1,134,0,hex,21,1,1,vbr,0,main,0.2274328122490271,26,2,50,10,22,1,38,0,1,2,1.824,0
783,1,p8x8,3,0.0380417584827072,0,15,0,2,22.31434987361076,2:2,spatial,1,134,0,hex,21,1,1,vbr,0,main,0.2274328122490271,43,5,50,10,22,1,38,0,1,2,1.704,0
1439,0,all,1,0.5570314649992147,2,12,0,6,4.946297833516605,3:-3,none,0,175,1,dia,53,0,0,vbr,0,baseline,0.6441896470547528,51,11,73,3,21,10,49,1,0,0,1.704,0
1562,0,"p8x8,b8x8,i8x8,i4x4",0,1.8350621902850304,1,0,1,-9,32.429834269356896,2:-2,temporal,1,46,1,dia,23,0,1,vbr,1,high,0.4980154520197328,51,19,107,13,82,6,19,0,1,0,1.704,0
1562,0,"p8x8,b8x8,i8x8,i4x4",0,1.8350621902850304,1,0,1,-9,32.429834269356896,2:-2,temporal,0,46,1,dia,52,1,1,vbr,0,high,0.4980154520197328,51,19,91,12,45,3,4,0,1,1,1.704,0
1562,0,"p8x8,b8x8,i8x8,i4x4",0,1.8350621902850304,1,0,1,-9,32.429834269356896,2:-2,temporal,1,46,2,dia,23,1,1,vbr,1,baseline,0.6389221696225792,32,3,36,4,99,10,41,2,0,0,1.704,0
1562,0,"p8x8,b8x8,i8x8,i4x4",0,1.8350621902850304,1,0,1,-9,32.429834269356896,2:-2,temporal,1,46,1,dia,53,0,0,vbr,0,baseline,0.6441896470547528,51,11,73,3,21,10,64,1,1,0,1.704,0
1562,0,"p8x8,b8x8,i8x8,i4x4",0,1.8350621902850304,1,0,1,-9,32.429834269356896,2:-2,temporal,1,46,1,dia,23,0,0,cbr,1,high,0.2274328122490271,39,2,50,10,22,7,38,0,1,2,1.704,0
1562,0,"p8x8,b8x8,i8x8,i4x4",0,1.8350621902850304,1,0,1,-9,32.429834269356896,2:-2,temporal,0,46,1,dia,38,0,0,vbr,1,main,0.120531870027997,41,3,81,6,43,10,33,0,1,2,1.704,0
1562,0,"p8x8,b8x8,i8x8,i4x4",0,1.8350621902850304,1,3,1,-9,32.429834269356896,2:-2,temporal,1,46,1,dia,23,0,1,vbr,0,high,0.4980154520197328,51,19,102,13,82,6,57,0,1,0,1.704,0
684,0,none,2,1.1605122648671369,1,4,0,10,50.107757901417806,-6:6,auto,1,403,0,dia,9,0,1,vbr,1,baseline,0.4583909066972784,48,9,24,9,8,6,5,2,1,1,1.712,0
684,0,none,2,1.1605122648671369,1,4,0,10,50.107757901417806,-6:6,auto,1,403,0,dia,9,0,1,vbr,1,main,0.4583909066972784,48,9,24,14,8,6,5,2,1,0,1.712,0
684,0,none,2,0.6638200461877284,1,2,0,10,50.107757901417806,-2:2,auto,1,403,0,hex,10,1,1,cbr,1,baseline,0.4583909066972784,48,9,205,10,82,7,45,2,1,1,1.712,0
684,0,none,2,1.1605122648671369,1,4,0,10,3.1779538617383563,-6:6,auto,1,403,0,dia,9,0,1,vbr,1,main,0.4583909066972784,48,9,24,14,49,6,5,2,1,0,1.712,0
684,0,none,2,1.1605122648671369,1,4,0,10,50.107757901417806,-6:6,auto,1,403,0,dia,9,0,1,vbr,1,main,0.4583909066972784,48,9,217,14,8,6,5,2,1,0,1.712,0
546,0,none,0,0.6638200461877284,0,2,0,8,50.107757901417806,-6:6,auto,1,403,0,dia,9,0,1,vbr,1,main,0.4583909066972784,48,9,24,14,8,6,5,2,1,0,1.712,0
248,0,none,0,1.353855279273838,1,6,1,2,33.65480120563705,4:-4,temporal,1,84,0,umh,44,1,1,none,1,main,0.7088131673910462,26,0,49,3,49,9,32,0,1,0,1.712,0
288,1,all,3,1.4144727288334005,0,8,1,-9,20.491957458323835,1:-1,temporal,1,84,0,umh,44,1,1,none,1,main,0.7088131673910462,26,0,49,3,49,9,32,0,1,0,1.712,0
2248,1,all,3,1.4144727288334005,0,8,1,-9,20.491957458323835,1:-1,temporal,1,84,0,umh,44,1,1,none,1,main,0.7088131673910462,26,0,49,3,49,9,32,0,1,0,1.712,0
288,1,all,3,1.4144727288334005,0,13,1,-9,20.491957458323835,1:-1,temporal,1,84,0,umh,44,0,1,none,1,main,0.7088131673910462,26,0,49,3,49,9,32,0,1,0,1.712,0
684,0,none,2,1.1605122648671369,1,4,0,10,50.107757901417806,-6:6,auto,0,403,0,dia,9,0,1,vbr,1,baseline,0.4583909066972784,51,9,24,9,8,0,20,1,0,0,1.72,0
1690,1,none,2,1.1536539324358672,0,13,0,7,37.37799214063269,4:-4,auto,0,20,4,hex,63,1,1,none,0,main,0.6071985520676814,48,4,92,2,50,0,2,0,1,1,1.728,0
783,1,p8x8,3,0.0380417584827072,0,0,1,-11,22.31434987361076,2:2,spatial,0,134,0,hex,21,1,1,vbr,0,main,0.2274328122490271,26,2,50,10,22,1,38,0,0,0,1.728,0
288,1,all,3,1.4144727288334005,0,13,1,2,20.491957458323835,1:-1,auto,0,403,0,dia,9,0,1,vbr,1,baseline,0.4583909066972784,51,9,24,9,8,0,20,1,0,0,1.728,0
183,1,p4x4,1,0.1252347426477105,2,13,0,7,19.803305101281254,-6:6,auto,1,20,4,tesa,59,1,0,vbr,1,high,0.0833025022174705,43,10,12,12,47,0,20,1,0,0,1.728,0
783,1,p8x8,3,0.7465744120613967,0,15,0,-11,22.31434987361076,2:2,spatial,1,134,0,hex,63,1,0,vbr,1,high,0.0833025022174705,43,10,149,12,23,0,20,1,1,1,1.728,0
1877,1,all,3,0.1756666306068738,1,2,0,-3,31.34229722904857,6:6,temporal,1,114,3,dia,21,1,0,cbr,1,baseline,0.010613419663523,28,16,138,3,24,2,30,1,1,1,1.736,0
1877,1,all,3,0.1756666306068738,1,2,0,-3,31.34229722904857,6:6,temporal,1,114,3,dia,21,1,0,cbr,1,baseline,0.010613419663523,28,16,138,15,24,2,30,1,1,1,1.736,0
1877,1,none,3,0.1756666306068738,1,2,0,-3,31.34229722904857,6:6,temporal,0,114,3,dia,21,1,0,cbr,1,baseline,0.010613419663523,28,16,138,15,24,2,30,1,1,1,1.736,0
1061,0,none,1,1.401762572048965,2,1,1,-5,20.22392099321321,4:4,spatial,1,5,4,esa,13,0,1,cbr,0,high,0.7330261409284187,41,11,244,14,59,2,22,1,1,0,1.752,0
1061,0,none,1,1.401762572048965,2,1,1,-5,20.22392099321321,1:1,spatial,1,5,4,esa,13,0,0,cbr,0,high,0.7330261409284187,41,11,138,15,10,2,4,2,0,0,1.752,0
219,1,"p8x8,b8x8,i8x8,i4x4",2,0.7608309600699488,0,11,1,-6,20.491957458323835,4:4,spatial,1,5,4,esa,13,0,1,cbr,0,high,0.7330261409284187,41,11,244,14,59,2,22,1,1,0,1.752,0
76,0,none,1,1.401762572048965,2,1,1,-5,20.22392099321321,5:-5,spatial,1,5,4,umh,13,0,0,cbr,0,high,0.7330261409284187,41,11,138,15,10,2,4,1,0,0,1.752,0
1061,0,none,1,1.401762572048965,2,1,1,-5,20.22392099321321,4:4,spatial,1,5,3,esa,15,0,1,cbr,0,high,0.7330261409284187,41,11,244,14,59,2,22,1,1,0,1.752,0
551,0,p4x4,2,1.9534211951819147,2,1,1,-5,20.22392099321321,1:1,spatial,1,5,4,tesa,13,0,0,cbr,0,high,0.7330261409284187,41,11,147,15,10,2,4,2,0,0,1.752,0
219,1,all,2,1.0851588374916772,1,11,1,-6,20.491957458323835,5:5,auto,1,5,4,esa,13,0,1,cbr,0,high,0.7330261409284187,41,11,244,2,59,2,22,1,1,0,1.752,0
783,1,p8x8,3,0.0380417584827072,0,15,0,-11,22.31434987361076,2:2,spatial,1,465,0,hex,21,0,1,cbr,0,main,0.2274328122490271,26,2,50,10,22,5,38,0,1,2,1.744,0
76,1,none,1,1.401762572048965,2,10,1,-5,20.22392099321321,5:-5,spatial,1,5,4,tesa,13,0,0,cbr,1,high,0.7330261409284187,41,11,138,15,10,2,4,1,1,1,1.744,0
1442,0,p4x4,2,0.2913705567063958,0,13,1,7,37.37799214063269,4:-4,auto,0,20,2,esa,63,1,0,none,1,baseline,0.595637840609091,43,10,134,12,23,0,20,1,1,2,1.752,0
1690,1,none,2,1.1536539324358672,0,13,1,7,37.37799214063269,4:-4,auto,0,20,4,esa,13,1,1,none,0,high,0.7330261409284187,41,11,138,15,10,2,4,2,1,0,1.752,0
1412,1,p8x8,3,0.9990668565461452,1,9,0,-5,14.804389099586238,-2:2,temporal,0,169,1,dia,35,0,1,vbr,1,main,0.4670239781045683,26,20,57,7,5,4,59,0,0,2,1.816,0
23,0,none,2,0.3254191908102056,1,16,0,4,8.909250734697395,-6:6,none,1,207,2,dia,40,0,1,vbr,1,high,0.9936338051891844,51,19,237,15,29,8,11,0,0,1,1.784,0
1035,0,p8x8,1,1.2270398098510868,0,6,0,-5,14.804389099586238,-2:2,temporal,0,169,1,dia,35,1,1,vbr,1,main,0.4670239781045683,26,20,153,7,5,4,59,0,1,1,1.76,0
76,0,p8x8,1,0.6295137611273145,2,0,1,-11,29.58495568862226,4:4,spatial,0,51,0,dia,54,0,1,cbr,1,main,0.5361646782472449,29,15,63,8,87,1,13,1,0,1,1.76,0
289,0,p8x8,1,0.7373771130096264,2,0,1,9,29.58495568862226,4:4,spatial,0,51,0,dia,54,0,1,none,0,baseline,0.8507337593698167,42,4,92,15,29,8,61,0,0,1,1.76,0
653,0,"p8x8,b8x8,i8x8,i4x4",1,1.289989263081695,2,8,1,-11,28.260382569404623,5:-5,temporal,1,86,3,dia,11,0,1,none,0,baseline,0.6493532546000097,48,4,92,2,75,0,2,0,0,2,1.76,0
289,1,p8x8,1,0.7373771130096264,2,0,1,9,29.58495568862226,4:4,spatial,0,51,0,dia,59,0,1,none,0,main,0.8507337593698167,24,4,92,2,80,0,24,0,0,0,1.76,0
76,0,p8x8,1,0.6295137611273145,2,0,0,9,29.58495568862226,4:4,spatial,0,51,0,hex,45,1,1,none,0,baseline,0.6493532546000097,48,4,92,15,29,8,61,0,0,1,1.76,0
76,0,p8x8,1,0.6295137611273145,2,0,1,9,29.58495568862226,4:4,spatial,0,51,0,dia,54,0,0,none,0,baseline,0.6493532546000097,48,4,92,2,80,0,2,0,1,0,1.76,0
1690,1,none,0,1.1536539324358672,0,13,1,7,37.37799214063269,4:-4,auto,1,20,4,hex,63,1,0,vbr,1,high,0.0833025022174705,43,10,149,12,23,0,20,1,0,0,1.768,0
1690,1,none,2,1.1536539324358672,0,13,1,7,37.37799214063269,3:3,auto,0,311,2,tesa,63,1,0,vbr,1,high,0.0833025022174705,43,1,134,12,23,0,20,1,1,1,1.768,0
1690,1,none,2,1.1536539324358672,1,13,1,7,37.37799214063269,4:-4,auto,0,20,4,dia,54,0,1,none,0,baseline,0.6493532546000097,48,13,92,2,80,0,2,0,0,0,1.8,0
1412,0,p8x8,3,0.9990668565461452,0,9,0,-5,14.804389099586238,-2:2,temporal,0,169,1,dia,41,0,1,vbr,1,main,0.4670239781045683,26,20,57,4,5,0,30,0,0,2,1.808,0
23,0,none,2,0.3254191908102056,1,16,0,4,8.909250734697395,-2:2,temporal,0,169,1,dia,41,0,0,vbr,1,main,0.4670239781045683,26,20,57,4,5,0,30,0,0,2,1.808,0
1442,0,"p8x8,b8x8,i8x8,i4x4",2,0.1252347426477105,2,13,0,7,19.803305101281254,-6:6,auto,1,20,3,esa,9,1,0,vbr,0,high,0.1965801781152038,43,10,149,3,21,0,20,1,1,1,1.8,0
1442,0,"p8x8,b8x8,i8x8,i4x4",2,0.6074419713865158,0,13,1,7,37.37799214063269,6:-6,none,1,20,2,esa,63,1,0,vbr,0,high,0.595637840609091,20,10,82,12,23,0,51,1,1,1,1.776,0
183,1,p4x4,1,0.400273873821913,0,13,1,7,37.37799214063269,1:1,none,1,20,2,dia,41,1,0,vbr,0,high,0.595637840609091,20,10,82,12,23,0,51,1,1,1,1.776,0
1412,0,p8x8,3,0.9990668565461452,0,13,0,-5,14.804389099586238,-2:2,none,0,169,1,dia,39,0,1,vbr,0,high,0.595637840609091,20,10,36,12,23,0,19,0,1,1,1.776,0
1442,0,"p8x8,b8x8,i8x8,i4x4",2,0.6074419713865158,0,13,1,7,37.37799214063269,6:-6,none,1,16,1,hex,41,0,0,vbr,1,baseline,0.4670239781045683,26,20,57,1,5,0,30,1,1,2,1.776,0
1442,0,p8x8,3,0.9990668565461452,1,9,0,-5,14.804389099586238,-2:2,temporal,0,4,1,dia,35,0,1,vbr,1,main,0.4670239781045683,26,20,57,7,5,4,59,0,0,2,1.792,0
1442,0,"p8x8,b8x8,i8x8,i4x4",2,0.1252347426477105,2,1,0,7,19.803305101281254,3:-3,auto,1,20,3,esa,9,0,0,vbr,0,high,0.1965801781152038,43,10,149,3,21,0,20,1,1,1,1.792,0
1442,0,p4x4,1,0.400273873821913,2,13,1,7,37.37799214063269,1:1,none,0,20,2,dia,41,0,0,vbr,0,high,0.595637840609091,20,10,82,12,23,0,51,1,0,1,1.792,0
1442,0,p8x8,3,0.0380417584827072,0,15,0,-11,22.31434987361076,2:2,spatial,1,134,0,hex,21,1,1,vbr,0,high,0.2274328122490271,26,2,50,10,22,1,38,0,1,2,1.792,0
1442,0,p4x4,1,0.2913705567063958,2,13,1,7,37.37799214063269,4:-4,auto,1,20,2,esa,63,1,0,vbr,0,baseline,0.8149397671399523,43,10,134,12,23,0,20,1,1,2,1.8,0
133,1,"p8x8,b8x8,i8x8,i4x4",2,0.6074419713865158,1,13,1,7,37.37799214063269,4:-4,auto,0,20,2,esa,63,1,0,vbr,1,high,0.595637840609091,43,10,134,12,23,0,14,1,0,1,1.8,0
241,1,p4x4,2,0.2905809161509881,2,0,1,-2,9.205166181194148,-6:6,none,0,82,1,hex,44,1,1,none,1,baseline,0.9226382282902889,30,13,181,15,32,11,30,1,0,2,1.808,0
241,1,p4x4,0,0.5536602571519295,2,16,1,-2,9.205166181194148,-6:6,none,0,82,1,hex,44,1,1,none,1,baseline,0.9226382282902889,30,2,181,14,70,5,57,0,0,2,1.808,0
241,1,p4x4,2,0.2905809161509881,0,0,1,-2,15.67979227714862,-6:6,none,0,82,1,hex,44,1,1,none,1,baseline,0.9226382282902889,30,13,181,15,32,4,22,0,0,2,1.808,0
1875,0,none,1,0.4472045392535517,1,4,1,6,21.25895469377413,-3:3,spatial,1,499,4,hex,32,1,0,vbr,0,high,0.8037210559352315,47,2,52,15,49,0,64,1,1,0,1.808,0
739,0,p8x8,3,1.2938894874112925,2,14,1,3,17.41306946347065,6:6,none,1,145,1,esa,22,0,1,vbr,0,baseline,0.5807734841301935,48,4,92,2,83,0,2,0,0,0,1.808,0
739,0,p8x8,3,1.2938894874112925,2,14,1,3,17.41306946347065,6:6,none,1,145,1,dia,22,0,1,vbr,0,baseline,0.5807734841301935,48,4,92,15,49,0,38,1,0,1,1.808,0
1875,0,none,1,0.4472045392535517,0,14,1,11,14.08811015067922,-3:3,spatial,1,499,0,hex,32,1,0,vbr,0,high,0.8037210559352315,47,0,52,15,49,0,38,1,1,1,1.808,0
1731,0,p8x8,0,0.3761424781799839,0,10,0,-8,15.395310648816606,1:1,auto,0,159,3,esa,60,1,1,vbr,0,main,0.1432121870629345,41,12,70,3,37,4,22,0,1,2,1.808,0
1731,0,p8x8,0,0.3761424781799839,0,10,0,-8,15.395310648816606,1:1,auto,0,467,3,esa,60,1,1,vbr,0,main,0.1432121870629345,41,12,70,3,37,4,22,0,1,1,1.808,0
739,0,p8x8,3,1.820403599247483,2,14,1,-1,17.41306946347065,-6:6,none,0,489,1,hex,44,0,1,none,0,baseline,0.9226382282902889,30,14,181,15,32,4,22,0,0,2,1.808,0
275,1,none,2,0.4841594530705667,0,2,1,12,19.20097501912712,2:2,none,1,93,3,hex,28,0,0,none,1,high,0.9306224373092584,40,12,224,3,44,8,24,0,1,2,1.816,0
275,1,none,2,0.4841594530705667,0,2,1,12,36.338810510853776,2:2,none,1,93,3,hex,28,0,0,none,1,high,0.9306224373092584,40,12,79,4,27,6,33,1,0,2,1.816,0
1112,0,"p8x8,b8x8,i8x8,i4x4",0,0.6529491100404441,0,15,1,10,11.516019648473764,0:0,auto,1,344,0,hex,7,1,1,vbr,1,baseline,0.3150069371971699,33,2,79,4,27,6,21,0,0,2,1.816,0
772,1,none,2,1.6219573113782677,1,3,0,-3,8.798928795452127,1:1,temporal,1,246,2,hex,28,0,0,none,1,high,0.9306224373092584,40,20,224,3,44,8,24,0,1,2,1.816,0
1112,0,"p8x8,b8x8,i8x8,i4x4",0,0.7680557459309773,0,5,1,10,11.516019648473764,0:0,auto,1,344,0,dia,47,1,0,none,0,baseline,0.6493532546000097,48,4,92,12,88,0,51,2,0,1,1.816,0
1112,0,"p8x8,b8x8,i8x8,i4x4",0,0.7680557459309773,0,5,1,10,11.516019648473764,0:0,auto,1,344,0,hex,16,1,1,vbr,1,main,0.9692304844040338,35,3,122,2,68,0,26,1,1,1,1.816,0
1738,0,p8x8,1,0.7680557459309773,0,5,1,10,11.516019648473764,0:0,auto,1,344,0,hex,16,1,1,vbr,1,main,0.9692304844040338,35,3,122,2,68,0,26,1,1,0,1.816,0
1738,0,p8x8,1,0.7680557459309773,0,5,1,10,11.516019648473764,0:0,auto,1,344,0,hex,16,1,1,vbr,1,main,0.9692304844040338,35,3,122,2,22,0,26,1,1,2,1.816,0
1112,0,"p8x8,b8x8,i8x8,i4x4",0,0.296249058842245,0,15,1,10,11.516019648473764,0:0,auto,1,344,0,hex,7,1,1,vbr,1,baseline,0.2321695784618771,33,2,42,2,31,0,34,0,0,0,1.816,0
1504,1,p4x4,3,1.5648090898349587,1,12,1,9,20.0071944139867,2:2,spatial,0,78,3,hex,58,0,1,none,1,main,0.1823536368718896,39,16,206,1,45,4,1,1,0,2,1.84,0
1504,1,p4x4,3,1.5648090898349587,1,12,1,9,20.0071944139867,2:2,spatial,1,78,3,hex,58,1,1,none,1,main,0.1792117276422599,39,16,86,1,45,4,1,1,0,2,1.84,0
1504,1,none,3,1.5648090898349587,1,11,1,9,20.0071944139867,4:4,temporal,1,405,3,hex,30,0,1,none,1,baseline,0.7931890431279243,45,10,106,9,23,2,26,0,0,1,1.84,0
420,0,p4x4,1,1.2881622200044331,0,13,1,0,29.30978175128106,4:4,none,1,496,2,esa,58,0,1,none,1,main,0.1823536368718896,39,16,206,1,45,4,1,1,0,2,1.824,0
2218,0,p4x4,1,1.2881622200044331,0,10,1,0,29.30978175128106,4:4,temporal,1,18,3,dia,30,0,1,vbr,1,baseline,0.6604964527259688,45,13,86,8,56,5,29,2,0,1,1.824,0
2218,0,p4x4,1,1.2881622200044331,0,13,0,0,29.30978175128106,4:4,temporal,1,496,3,dia,30,0,1,vbr,1,baseline,0.7931890431279243,45,13,86,8,72,5,29,2,0,2,1.824,0
2218,0,p4x4,1,1.2881622200044331,0,13,1,6,29.30978175128106,4:4,temporal,1,405,3,dia,30,0,1,vbr,1,baseline,0.7931890431279243,45,10,106,9,23,2,27,0,0,1,1.824,0
39,0,p4x4,2,1.2881622200044331,1,13,0,0,29.30978175128106,4:4,temporal,1,496,3,dia,30,0,1,vbr,1,baseline,0.7931890431279243,45,10,86,8,72,5,37,0,0,0,1.824,0
2150,1,none,0,0.1803543598779745,0,11,0,0,29.30978175128106,4:4,temporal,0,18,3,dia,30,0,1,vbr,1,baseline,0.6604964527259688,26,13,86,8,56,5,29,2,0,1,1.824,0
1504,1,none,3,1.5648090898349587,1,11,1,9,20.0071944139867,2:2,spatial,0,78,3,dia,30,0,1,vbr,1,baseline,0.7931890431279243,45,13,86,8,47,5,29,2,0,2,1.824,0
1504,1,p4x4,3,1.5648090898349587,1,3,1,9,20.0071944139867,2:2,spatial,0,78,3,hex,58,0,1,none,1,main,0.1823536368718896,39,16,8,1,45,4,1,1,0,2,1.832,0
1504,1,p4x4,3,1.5648090898349587,1,3,1,9,20.0071944139867,2:2,spatial,0,78,3,hex,58,0,1,none,1,main,0.1823536368718896,39,16,8,1,45,2,26,0,0,1,1.832,0
1504,1,all,3,1.5648090898349587,1,3,1,9,20.0071944139867,2:2,spatial,0,78,3,hex,58,0,1,none,1,main,0.1823536368718896,39,16,206,1,45,0,1,1,0,2,1.832,0
1921,1,p4x4,3,1.5648090898349587,1,3,1,9,9.623761473626468,2:2,spatial,0,78,3,hex,58,0,1,none,1,main,0.1823536368718896,39,16,8,1,45,4,1,1,0,2,1.832,0
519,1,p4x4,1,1.519986124783117,1,1,0,-8,48.779029266931005,0:0,temporal,1,154,2,umh,58,0,0,cbr,1,high,0.9557089646479724,37,16,159,3,82,4,30,1,1,1,1.84,0
519,1,p4x4,0,0.3322388140761982,0,3,0,-6,32.4606817024506,-2:2,temporal,1,154,1,umh,58,0,0,cbr,1,baseline,0.9557089646479724,37,16,159,3,82,3,30,2,1,1,1.84,0
2185,1,all,2,1.6346671264269053,1,15,0,-9,42.39063051967968,-5:5,temporal,1,154,2,umh,58,0,0,cbr,1,baseline,0.9557089646479724,37,16,159,3,82,3,30,2,1,1,1.84,0
519,1,p4x4,3,0.3322388140761982,1,14,0,-8,48.779029266931005,0:0,temporal,1,154,2,umh,58,0,0,cbr,1,high,0.9557089646479724,37,16,159,3,82,4,30,1,1,1,1.84,0
2185,0,all,2,1.845101592667956,1,7,0,-9,42.39063051967968,-5:5,temporal,1,154,2,umh,58,0,0,cbr,1,baseline,0.9557089646479724,20,17,51,7,42,3,27,0,1,1,1.84,0
1548,0,p8x8,1,1.6038343691557648,0,13,1,-5,36.55998927898478,2:-2,none,1,353,0,umh,10,1,0,cbr,0,main,0.8060695165802594,37,16,159,3,82,3,30,2,1,0,1.84,0
76,0,p8x8,1,0.6295137611273145,1,3,0,-6,32.4606817024506,2:-2,spatial,1,386,4,dia,6,1,1,cbr,0,main,0.4870954743970127,27,13,196,14,89,8,6,0,1,0,1.84,0
76,0,p8x8,2,0.3666889644172296,1,3,0,-6,34.15819121627516,2:-2,spatial,1,353,0,umh,10,1,0,cbr,0,main,0.8060695165802594,42,16,159,3,82,3,30,2,1,0,1.84,0
1313,1,none,0,1.2284413190883303,0,3,1,2,48.98979055395992,-4:4,temporal,1,386,4,dia,6,1,1,cbr,0,main,0.4870954743970127,27,6,196,9,89,8,6,0,1,0,1.84,0
1519,1,p8x8,1,1.6038343691557648,0,13,1,-5,12.35999823164585,2:-2,none,1,242,4,dia,20,1,1,cbr,0,main,0.4870954743970127,27,13,196,14,89,8,6,0,1,0,1.84,0
2014,1,none,0,1.149678666191927,2,11,0,4,24.64674788772241,4:4,auto,1,51,0,dia,25,0,1,none,1,main,0.344550229406765,34,8,97,9,35,7,59,1,0,1,1.864,0
2014,1,none,0,1.149678666191927,2,11,1,4,24.64674788772241,4:4,auto,1,51,0,dia,25,0,1,none,1,main,0.344550229406765,34,8,97,4,35,7,59,0,0,1,1.864,0
1069,0,p8x8,0,1.5270546797508,2,4,0,11,33.87353378196309,3:3,spatial,0,84,0,dia,63,0,0,vbr,0,high,0.0177802665461982,47,12,225,16,60,6,51,0,0,2,1.848,0
24,0,p8x8,0,1.5270546797508,2,4,0,11,46.928797931992825,2:2,spatial,0,84,0,dia,11,0,0,vbr,0,high,0.4211485133068516,47,12,225,16,44,3,51,0,1,2,1.848,0
24,0,p8x8,0,1.5270546797508,2,4,0,11,33.87353378196309,2:2,spatial,0,84,0,dia,11,0,0,vbr,0,high,0.4211485133068516,47,12,225,16,44,3,39,0,0,1,1.848,0
1465,1,p8x8,2,0.6295137611273145,1,0,1,9,29.58495568862226,4:4,spatial,0,346,0,dia,54,0,1,none,0,high,0.8907370559173712,48,8,97,9,35,7,59,1,1,1,1.848,0
24,0,p8x8,2,0.6295137611273145,2,0,1,9,29.58495568862226,-6:6,none,0,59,2,tesa,29,0,0,vbr,0,high,0.4869701459308392,47,12,225,16,44,3,39,0,0,1,1.848,0
1069,1,p8x8,0,1.5270546797508,2,4,0,11,33.87353378196309,3:3,spatial,0,84,0,dia,11,0,0,vbr,0,high,0.4211485133068516,47,12,225,16,44,3,39,0,0,1,1.848,0
24,0,p8x8,0,1.5326016100050552,1,9,1,3,2.6111026092661445,0:0,spatial,1,60,3,esa,30,1,0,cbr,1,high,0.6259323628873863,46,11,102,13,60,6,51,0,0,2,1.848,0
2014,0,none,0,1.149678666191927,2,11,0,4,24.64674788772241,4:4,auto,1,51,0,dia,25,0,1,none,1,main,0.344550229406765,34,12,225,16,44,9,39,0,0,1,1.848,0
2014,1,none,0,1.149678666191927,1,0,1,4,24.64674788772241,4:4,auto,0,311,2,tesa,63,1,0,vbr,1,high,0.0833025022174705,43,1,134,12,78,0,20,1,1,0,1.88,0
1690,1,none,2,1.1536539324358672,0,13,1,7,37.37799214063269,4:-4,temporal,0,20,4,esa,63,1,0,vbr,0,main,0.4211485133068516,47,12,118,16,44,3,40,0,1,2,1.904,0
2345,0,p8x8,0,0.1934235221534979,0,12,1,11,26.119924873545607,1:1,auto,0,8,2,hex,62,1,1,vbr,0,main,0.3543964670677216,47,6,241,6,54,11,48,0,0,1,1.88,0
2345,0,p8x8,0,0.1934235221534979,0,12,1,-10,26.119924873545607,1:1,auto,0,8,2,hex,62,1,1,vbr,0,high,0.8198602306932377,21,6,173,2,42,6,15,0,1,2,1.88,0
2345,1,p8x8,0,0.1934235221534979,0,12,1,11,26.119924873545607,1:1,spatial,0,250,2,umh,62,1,1,cbr,0,main,0.3543964670677216,47,2,92,2,80,0,2,0,0,0,1.904,0
291,0,p8x8,0,1.2567582244302409,0,12,1,11,26.119924873545607,1:1,auto,0,8,2,hex,62,0,1,none,0,high,0.6493532546000097,48,4,241,6,54,11,48,0,1,1,1.904,0
2345,1,p8x8,0,0.1934235221534979,0,12,1,11,22.291348543416948,1:1,spatial,0,250,2,umh,62,1,1,cbr,0,main,0.3054820968992525,31,17,85,5,49,4,40,0,0,1,1.904,0
2345,0,p8x8,0,0.1934235221534979,0,12,1,-10,26.119924873545607,1:1,auto,0,8,2,hex,62,1,1,vbr,0,high,0.8198602306932377,46,2,104,10,59,7,37,2,1,2,1.904,0
76,0,p8x8,1,0.6295137611273145,2,0,1,11,26.119924873545607,1:1,auto,1,287,2,hex,15,1,1,vbr,0,main,0.3543964670677216,47,6,243,6,54,11,4,0,0,1,1.904,0
2169,0,p8x8,0,0.9860959640167792,0,12,1,11,26.119924873545607,1:1,auto,1,8,2,hex,62,1,1,none,0,main,0.9031510381502236,47,9,241,6,54,11,48,0,0,1,1.904,0
295,0,"p8x8,b8x8,i8x8,i4x4",2,0.4982688530848584,1,0,0,3,42.37844532755855,-2:2,auto,1,423,3,hex,34,0,1,vbr,1,main,0.7933934114213569,46,2,104,14,59,7,19,2,1,2,1.88,0
63,0,"p8x8,b8x8,i8x8,i4x4",2,0.4982688530848584,1,0,0,3,31.72690041520008,-2:2,auto,1,423,3,hex,34,0,1,vbr,1,main,0.7933934114213569,46,2,102,7,49,7,9,1,0,0,1.88,0
1442,0,none,2,0.2913705567063958,1,13,0,7,37.37799214063269,4:-4,none,0,20,4,esa,63,1,1,cbr,0,baseline,0.6071985520676814,48,4,179,2,80,0,2,0,0,0,1.992,1
2345,0,p8x8,0,0.1934235221534979,0,16,1,11,26.119924873545607,3:3,spatial,0,250,2,umh,62,1,1,cbr,0,main,0.3543964670677216,47,2,92,2,80,0,2,0,0,0,1.984,0
2345,0,p8x8,0,0.1934235221534979,0,16,1,-10,26.119924873545607,1:1,auto,0,8,2,hex,62,1,1,vbr,0,main,0.8198602306932377,46,12,118,16,44,3,40,0,1,2,1.896,0
2345,0,"p8x8,b8x8,i8x8,i4x4",0,0.1934235221534979,0,12,1,12,26.119924873545607,1:1,auto,0,8,2,hex,62,1,1,none,0,baseline,0.3543964670677216,47,2,92,2,80,0,2,0,0,0,1.896,0
1442,1,p4x4,2,0.2913705567063958,0,13,1,6,37.37799214063269,1:-1,auto,1,20,2,esa,63,1,1,vbr,0,baseline,0.6071985520676814,48,4,92,2,80,0,2,0,1,0,1.904,0
2373,0,"p8x8,b8x8,i8x8,i4x4",2,0.1934235221534979,0,16,1,11,26.119924873545607,3:3,spatial,0,250,2,umh,62,1,1,cbr,0,main,0.3543964670677216,29,2,92,2,80,0,2,0,0,0,1.912,0
2345,0,p8x8,0,0.2913705567063958,1,13,0,7,37.37799214063269,4:-4,none,1,20,4,esa,63,1,1,cbr,0,baseline,0.6071985520676814,48,4,136,2,80,0,2,0,0,0,1.912,0
1442,0,p8x8,2,0.2913705567063958,1,13,0,7,37.37799214063269,4:-4,temporal,0,20,4,esa,63,1,1,cbr,0,baseline,0.6666953544373169,47,2,92,2,80,0,53,1,0,0,1.912,0
2345,0,none,0,0.1934235221534979,0,16,1,11,26.119924873545607,3:3,spatial,0,250,2,hex,62,1,1,cbr,0,baseline,0.3543964670677216,47,2,92,2,80,0,2,0,0,0,1.912,0
2345,1,p8x8,0,0.2913705567063958,1,13,0,-11,37.37799214063269,4:-4,none,0,20,4,esa,63,1,1,cbr,0,baseline,0.6666953544373169,46,2,92,6,80,0,53,1,0,0,1.912,0
1345,1,p8x8,0,0.2913705567063958,1,14,0,7,37.37799214063269,4:-4,none,1,20,2,esa,63,1,1,cbr,0,baseline,0.6071985520676814,48,4,136,2,47,0,2,1,0,0,1.912,0
2345,1,p8x8,0,0.2913705567063958,1,13,0,-11,37.37799214063269,4:-4,none,0,20,4,esa,63,1,1,cbr,0,baseline,0.3585203474760568,46,2,92,6,80,0,53,2,0,1,1.912,0
183,1,p4x4,1,0.1252347426477105,2,13,0,7,19.803305101281254,-3:3,auto,1,20,4,esa,9,1,0,vbr,1,high,0.0833025022174705,43,16,149,12,23,0,20,1,0,1,1.912,0
1432,1,p4x4,1,1.0313449726617554,0,10,0,7,7.768111839228528,1:-1,temporal,1,279,1,hex,33,1,0,cbr,1,main,0.7543206322893805,40,10,147,2,14,1,40,0,0,1,1.92,0
76,1,p4x4,1,1.0313449726617554,0,10,0,7,7.768111839228528,1:-1,temporal,1,279,3,hex,33,1,0,cbr,1,main,0.7543206322893805,40,10,147,2,14,1,40,0,0,1,1.952,0
1432,1,p4x4,1,1.0313449726617554,0,10,0,7,7.768111839228528,1:-1,temporal,1,279,1,hex,33,0,1,cbr,1,main,0.7543206322893805,50,10,147,2,14,1,40,0,0,0,1.952,0
1432,1,p4x4,1,1.0313449726617554,0,10,0,7,7.768111839228528,1:-1,temporal,1,279,1,tesa,33,1,0,cbr,1,main,0.7543206322893805,45,10,147,2,80,0,14,0,0,0,1.92,0
1437,1,all,1,1.0313449726617554,0,10,1,7,7.768111839228528,1:-1,temporal,1,279,1,hex,33,0,0,cbr,1,main,0.7543206322893805,40,10,147,2,14,1,52,1,0,1,1.952,0
1432,1,p4x4,1,1.0313449726617554,1,10,0,-10,7.768111839228528,1:-1,temporal,1,279,1,hex,33,1,0,none,0,baseline,0.225596642462863,48,4,92,2,80,0,2,0,0,0,1.92,0
472,0,all,0,1.5391129089069115,2,1,0,12,41.83286521846591,0:0,spatial,0,103,2,tesa,42,1,0,cbr,1,baseline,0.9525805802584616,49,17,30,14,79,4,18,2,0,2,1.92,0
76,0,p4x4,1,0.6295137611273145,0,0,1,9,29.58495568862226,3:3,spatial,0,363,3,hex,9,1,1,cbr,1,baseline,0.7726198751042075,20,1,50,3,59,4,42,0,1,2,1.92,0
746,0,p4x4,1,0.6295137611273145,0,0,1,9,29.58495568862226,3:3,spatial,1,363,3,hex,9,1,1,cbr,1,baseline,0.6493532546000097,48,4,55,2,30,0,2,0,0,1,1.92,0
76,0,p4x4,1,0.6295137611273145,0,0,1,9,29.58495568862226,3:3,spatial,0,363,3,hex,8,1,1,cbr,1,baseline,0.7726198751042075,47,1,92,2,80,0,2,0,0,0,1.92,0
1690,1,"p8x8,b8x8,i8x8,i4x4",2,1.1536539324358672,0,13,1,7,37.37799214063269,4:-4,auto,0,20,4,esa,57,1,0,vbr,1,high,0.0833025022174705,43,10,149,12,23,0,20,1,1,2,1.944,0
1442,1,"p8x8,b8x8,i8x8,i4x4",2,0.6074419713865158,0,13,1,7,37.37799214063269,4:-4,auto,0,20,2,esa,63,1,0,vbr,1,high,0.595637840609091,43,10,134,12,88,0,20,1,1,1,1.944,0
1432,1,p4x4,1,1.0313449726617554,0,10,1,7,7.768111839228528,1:-1,spatial,1,279,1,hex,33,0,1,none,1,main,0.7543206322893805,50,10,226,12,80,0,2,2,1,0,1.96,0
1432,1,p4x4,1,1.0313449726617554,0,6,1,7,7.768111839228528,1:-1,auto,1,279,1,hex,33,1,1,none,1,main,0.7543206322893805,50,2,221,12,88,0,20,1,1,1,1.96,0
1432,1,p4x4,1,1.0313449726617554,0,10,1,7,7.768111839228528,1:-1,temporal,1,279,1,hex,33,0,1,none,1,main,0.7543206322893805,50,10,134,12,88,0,20,1,1,1,1.944,0
1432,1,"p8x8,b8x8,i8x8,i4x4",2,1.9898091605805617,0,10,0,7,7.768111839228528,1:-1,temporal,1,279,1,hex,33,1,1,cbr,1,main,0.7543206322893805,50,10,147,2,14,1,40,0,0,0,1.944,0
1432,1,p4x4,1,1.0313449726617554,0,10,0,-1,7.768111839228528,1:-1,temporal,1,279,1,hex,33,0,1,cbr,1,main,0.7543206322893805,50,10,147,8,14,1,20,1,1,1,1.944,0
1437,0,"p8x8,b8x8,i8x8,i4x4",2,0.6074419713865158,0,13,1,7,37.37799214063269,4:-4,auto,0,347,2,esa,62,0,1,cbr,0,main,0.3543964670677216,47,2,92,2,80,0,2,0,0,0,1.952,0
2345,0,p8x8,0,0.1934235221534979,0,16,1,11,26.119924873545607,3:3,spatial,0,250,0,umh,56,1,1,vbr,0,main,0.3543964670677216,47,10,226,12,80,0,2,2,0,0,1.952,0
1690,1,none,2,0.7623991167746189,0,0,1,7,37.37799214063269,3:3,auto,0,311,2,tesa,63,0,0,none,1,main,0.7543206322893805,50,10,226,12,80,0,2,2,1,0,1.952,0
1690,1,none,2,0.7623991167746189,0,0,1,7,37.37799214063269,3:3,auto,0,311,1,hex,63,0,0,none,1,main,0.7543206322893805,50,10,226,3,80,0,2,1,0,2,1.952,0
1690,1,none,2,0.7623991167746189,0,0,1,7,14.508101424212924,3:3,auto,0,311,2,tesa,63,0,0,none,1,main,0.7543206322893805,50,10,87,12,80,0,2,2,1,0,1.952,0
1092,1,none,2,1.1536539324358672,0,13,1,7,37.37799214063269,4:-4,auto,0,20,4,esa,63,1,0,vbr,1,high,0.0833025022174705,43,10,149,12,23,0,20,1,1,1,2.04,1
1442,0,p4x4,2,0.2913705567063958,0,13,1,7,37.37799214063269,4:-4,auto,1,20,2,esa,63,1,0,vbr,0,baseline,0.595637840609091,43,10,108,12,23,0,20,1,1,2,2.04,1
51,1,none,3,0.8765841334300998,1,11,1,-6,39.33358525185988,-3:3,none,1,290,4,tesa,38,0,1,none,0,main,0.8033585026620205,44,19,73,4,19,4,52,2,0,2,1.984,0
2233,0,none,1,1.3653973567571176,0,9,0,7,41.62378391495786,4:4,spatial,0,480,0,umh,45,0,0,none,0,baseline,0.8577477619777601,22,13,242,7,67,0,42,0,1,1,1.984,0
2233,0,none,1,0.3349388951485356,0,9,0,7,41.62378391495786,4:4,spatial,0,480,0,umh,45,0,0,none,0,baseline,0.8577477619777601,22,13,242,7,67,11,64,1,1,0,1.984,0
2233,0,none,1,1.3653973567571176,0,9,0,6,41.62378391495786,4:4,spatial,0,480,0,umh,45,0,1,cbr,0,baseline,0.8577477619777601,22,13,242,7,63,0,17,0,1,1,1.984,0
2233,0,none,1,1.3653973567571176,0,5,0,7,41.62378391495786,4:4,spatial,1,480,0,umh,45,0,0,none,0,baseline,0.8577477619777601,22,13,242,7,67,10,2,0,0,0,1.984,0
561,1,"p8x8,b8x8,i8x8,i4x4",0,1.5597718349216168,2,9,0,7,41.62378391495786,4:4,spatial,0,480,0,umh,45,1,0,none,0,baseline,0.8577477619777601,22,13,242,8,67,0,4,0,1,1,1.984,0
2203,0,all,0,0.9753679292089328,0,12,1,0,41.62378391495786,4:4,spatial,1,480,2,umh,45,0,0,none,0,baseline,0.8577477619777601,22,13,242,7,67,10,2,0,0,0,1.984,0
2233,0,none,1,0.1097105882687348,0,9,0,7,41.62378391495786,4:4,spatial,0,480,0,umh,45,0,0,none,0,baseline,0.8577477619777601,25,13,242,7,67,0,17,0,1,1,1.984,0
2233,0,none,1,1.3653973567571176,0,9,0,6,41.62378391495786,4:4,spatial,0,480,0,umh,45,0,1,cbr,0,baseline,0.8577477619777601,22,13,72,7,63,2,64,1,1,0,1.984,0
2395,0,p4x4,0,0.895384617988771,0,12,1,5,46.461744258739024,3:-3,temporal,1,442,3,dia,45,0,0,none,0,baseline,0.8577477619777601,22,13,242,8,67,0,4,0,1,1,1.984,0
1031,0,p8x8,1,0.6295137611273145,2,0,0,9,29.58495568862226,4:4,spatial,1,51,0,dia,63,0,1,none,1,high,0.9838854849652862,45,15,5,12,21,1,12,2,1,0,1.992,0
1031,0,p8x8,1,0.6295137611273145,2,0,0,9,29.58495568862226,4:4,spatial,1,51,0,dia,63,0,1,none,1,high,0.4073780005210348,45,15,5,6,21,1,12,2,1,1,1.992,1
76,1,p8x8,1,0.6295137611273145,2,0,1,10,20.794411285100857,3:3,none,0,467,2,dia,63,0,1,none,1,high,0.9838854849652862,45,15,5,4,50,1,12,2,1,1,1.992,1
41,1,all,3,1.7382868095271908,2,3,0,10,20.794411285100857,3:3,none,0,467,2,dia,63,0,1,none,1,high,0.9838854849652862,45,15,5,4,21,1,12,2,1,1,1.992,1
41,1,all,3,1.7382868095271908,2,3,0,10,39.19104779517417,3:3,none,0,467,2,dia,63,0,1,none,1,high,0.9838854849652862,45,15,5,4,21,1,12,2,1,2,1.992,1
41,1,all,3,1.7382868095271908,0,3,0,10,20.794411285100857,3:3,none,0,440,2,dia,63,1,1,none,1,baseline,0.9838854849652862,45,15,132,7,40,5,36,2,0,1,1.992,1
60,0,all,3,1.8353289689685592,2,3,0,10,20.794411285100857,3:3,none,0,467,2,dia,63,0,1,none,1,high,0.878683836184495,45,15,5,4,68,1,12,2,1,1,1.992,1
41,0,none,2,1.7382868095271908,0,3,0,10,20.794411285100857,3:3,none,0,440,2,dia,63,0,1,none,1,high,0.9838854849652862,45,15,132,7,40,5,36,2,0,1,1.992,1
60,1,all,2,1.8353289689685592,2,3,1,10,20.794411285100857,3:3,none,0,467,2,dia,63,0,1,none,0,high,0.878683836184495,47,15,5,4,68,7,12,2,1,1,1.992,1
1031,0,all,2,1.9388859071863007,2,3,1,-2,33.40862593955256,3:3,none,0,467,2,dia,63,0,1,none,0,high,0.878683836184495,47,15,5,4,68,7,12,2,1,1,1.992,1
