id,8x8dct,analyse,aq-mode,aq-strength,b-adapt,bframes,cabac,chroma-qp-offset,crf,deblock,direct,fast-pskip,keyint,lookahead-threads,me,merange,mixed-refs,mbtree,nal-hrd,open-gop,profile,qcomp,qpmax,qpmin,rc-lookahead,ref,scenecut,subme,threads,trellis,weightb,weightp,workload
76,0,p8x8,3,0.6157864219350295,1,12,0,8,38.687654164818326,2:-2,spatial,1,129,3,dia,15,0,0,cbr,0,main,0.7214316074693485,25,3,141,7,40,5,63,1,0,1,Action_1080p_30fps_10s
76,0,p8x8,1,1.1644302425737592,2,14,1,-3,38.687654164818326,2:-2,spatial,1,129,3,dia,15,0,0,cbr,1,main,0.7214316074693485,25,3,141,7,40,5,63,1,0,1,Action_1080p_30fps_10s
721,1,none,2,0.2647069182947271,1,9,0,-5,40.323908075426026,-2:2,spatial,0,450,4,dia,29,0,0,none,1,baseline,0.0784792835710588,21,8,141,7,40,5,63,2,1,2,Action_1080p_30fps_10s
721,1,none,2,0.2647069182947271,1,6,1,-5,40.323908075426026,-2:2,spatial,0,450,4,dia,29,0,0,none,1,baseline,0.0784792835710588,24,8,141,7,40,5,63,0,1,2,Action_1080p_30fps_10s
721,1,none,3,1.8245416022471044,0,9,0,-5,40.323908075426026,3:-3,spatial,0,338,4,hex,10,1,0,vbr,0,high,0.9859873526355616,22,4,92,2,80,3,2,0,0,0,Action_1080p_30fps_10s
721,1,none,3,1.8245416022471044,0,9,0,-5,40.323908075426026,-2:2,spatial,1,338,4,dia,29,0,0,none,1,baseline,0.0784792835710588,40,8,46,8,100,11,45,2,1,0,Action_1080p_30fps_10s
1320,1,p4x4,3,0.6157864219350295,1,12,0,8,38.687654164818326,2:-2,spatial,1,435,3,dia,15,1,0,cbr,1,main,0.7214316074693485,25,3,141,7,40,5,63,1,0,2,Action_1080p_30fps_10s
1320,1,p4x4,0,0.6157864219350295,2,12,0,8,38.687654164818326,2:-2,spatial,1,435,3,dia,15,1,0,cbr,1,main,0.7214316074693485,25,3,92,2,80,0,2,0,1,0,Action_1080p_30fps_10s
76,1,p8x8,1,0.946410533372848,2,0,1,9,29.58495568862226,4:4,none,0,480,0,dia,45,1,0,none,0,baseline,0.8577477619777601,22,13,246,7,67,0,42,0,1,1,Action_1080p_30fps_10s
721,1,none,3,1.8245416022471044,0,9,0,-5,40.323908075426026,3:-3,spatial,0,338,4,dia,29,0,0,none,1,main,0.7214316074693485,25,3,141,7,40,5,63,2,0,2,Action_1080p_30fps_10s
76,0,p8x8,1,0.6295137611273145,2,0,1,9,29.58495568862226,4:4,spatial,0,51,0,dia,54,0,1,none,0,baseline,0.6493532546000097,48,4,92,2,80,0,2,0,0,0,Action_1080p_30fps_10s
76,0,"p8x8,b8x8,i8x8,i4x4",1,0.6295137611273145,2,0,1,9,23.925183124101647,4:4,spatial,0,51,0,dia,59,0,1,none,0,baseline,0.9156623594608096,48,14,240,2,81,11,23,2,0,2,Action_1080p_30fps_10s
76,0,p8x8,1,0.6295137611273145,2,0,1,9,29.58495568862226,4:4,none,0,51,0,dia,54,0,1,vbr,0,baseline,0.6493532546000097,48,4,141,7,40,5,63,0,0,2,Action_1080p_30fps_10s
1320,0,p4x4,3,0.6157864219350295,1,15,0,8,38.687654164818326,2:-2,spatial,0,51,0,dia,25,0,1,none,0,baseline,0.4637050419846092,48,4,92,2,80,0,2,2,0,0,Action_1080p_30fps_10s
76,0,p8x8,1,1.4437908389182843,2,3,1,9,29.58495568862226,4:4,spatial,0,51,0,dia,54,0,1,none,1,baseline,0.6493532546000097,48,4,92,2,80,2,2,0,0,0,Action_1080p_30fps_10s
76,0,p8x8,1,0.6295137611273145,2,0,0,9,29.58495568862226,4:4,temporal,0,51,3,dia,54,0,1,cbr,0,baseline,0.6493532546000097,48,4,242,7,67,0,42,1,1,1,Action_1080p_30fps_10s
76,0,p8x8,1,1.1644302425737592,2,0,1,9,29.58495568862226,4:4,spatial,0,480,0,umh,45,0,1,none,1,baseline,0.8577477619777601,42,13,242,7,67,0,42,0,1,1,Action_1080p_30fps_10s
76,0,p8x8,2,1.4437908389182843,2,3,1,9,29.58495568862226,4:4,temporal,0,51,0,dia,54,0,1,none,1,main,0.2808994175052507,48,2,92,2,77,0,2,2,0,1,Action_1080p_30fps_10s
1320,0,p4x4,3,0.6157864219350295,1,15,0,8,38.687654164818326,2:-2,spatial,0,51,0,dia,25,0,0,none,1,baseline,0.4637050419846092,48,4,92,2,80,2,2,0,0,0,Action_1080p_30fps_10s
76,0,p8x8,1,1.4437908389182843,2,3,1,9,29.58495568862226,4:4,spatial,0,51,0,dia,54,0,1,none,1,baseline,0.6493532546000097,48,4,246,7,67,0,42,0,1,1,Action_1080p_30fps_10s
721,1,none,3,1.8245416022471044,0,9,0,-5,40.323908075426026,3:-3,spatial,0,338,4,hex,10,1,0,vbr,0,high,0.9859873526355616,22,4,92,2,80,3,2,0,0,0,Still_image_720p_25fps_10s
721,1,none,2,1.8245416022471044,0,9,0,-5,40.323908075426026,3:-3,spatial,0,338,3,hex,10,1,0,vbr,0,high,0.9859873526355616,46,4,92,2,80,11,2,0,0,0,Still_image_720p_25fps_10s
76,0,p8x8,1,1.1644302425737592,2,14,1,-3,38.687654164818326,2:-2,spatial,1,129,3,dia,15,0,0,cbr,1,main,0.7214316074693485,25,3,141,7,40,5,63,1,0,1,Still_image_720p_25fps_10s
76,1,p8x8,1,0.946410533372848,2,0,1,9,29.58495568862226,4:4,none,0,480,0,dia,45,1,0,none,0,baseline,0.8577477619777601,22,13,246,7,67,0,42,0,1,1,Still_image_720p_25fps_10s
721,1,p8x8,1,0.946410533372848,2,0,1,9,29.58495568862226,4:4,none,0,480,4,dia,45,1,0,none,0,baseline,0.8577477619777601,22,13,246,7,67,0,42,2,1,1,Still_image_720p_25fps_10s
76,0,p8x8,3,0.6157864219350295,1,12,0,8,38.687654164818326,2:-2,spatial,1,129,3,dia,15,0,0,cbr,0,main,0.7214316074693485,25,3,141,7,40,5,63,1,0,1,Still_image_720p_25fps_10s
395,0,none,2,0.6157864219350295,1,12,0,8,38.687654164818326,2:-2,spatial,1,129,3,dia,15,0,0,cbr,0,main,0.7214316074693485,25,3,141,7,40,5,63,1,0,1,Still_image_720p_25fps_10s
721,1,none,2,0.2647069182947271,1,9,0,-5,40.323908075426026,-2:2,spatial,0,450,4,dia,29,0,0,none,1,baseline,0.0784792835710588,21,8,141,7,40,5,63,2,1,2,Still_image_720p_25fps_10s
721,1,none,2,0.2647069182947271,1,6,1,-5,40.323908075426026,-2:2,spatial,0,450,4,dia,29,0,0,none,1,baseline,0.0784792835710588,24,8,141,7,40,5,63,0,1,2,Still_image_720p_25fps_10s
721,1,none,2,0.2647069182947271,1,9,0,-5,40.323908075426026,-2:2,spatial,0,450,4,dia,29,0,0,none,1,baseline,0.0784792835710588,21,8,141,7,3,5,63,2,1,2,Still_image_720p_25fps_10s
721,1,none,2,0.2647069182947271,1,9,0,-5,40.323908075426026,-2:2,spatial,0,414,4,dia,29,0,0,none,1,baseline,0.976575663590999,24,8,141,2,40,5,63,0,1,2,Still_image_720p_25fps_10s
76,0,p8x8,3,0.6157864219350295,1,12,0,8,38.687654164818326,2:-2,spatial,1,190,3,dia,7,1,1,cbr,0,main,0.3046022053106513,43,18,91,7,86,2,1,1,0,0,Still_image_720p_25fps_10s
1320,1,p4x4,3,0.6157864219350295,1,12,0,8,38.687654164818326,2:-2,spatial,1,435,3,dia,15,1,0,cbr,1,main,0.7214316074693485,25,3,141,7,40,5,63,1,0,2,Still_image_720p_25fps_10s
1320,1,p4x4,0,0.6157864219350295,2,12,0,8,38.687654164818326,2:-2,spatial,1,435,3,dia,15,1,0,cbr,1,main,0.7214316074693485,25,3,92,2,80,0,2,0,1,0,Still_image_720p_25fps_10s
1320,1,p4x4,0,0.6157864219350295,2,12,0,8,18.82484492284032,2:-2,spatial,1,435,3,dia,15,1,0,cbr,1,main,0.7214316074693485,25,3,92,2,80,0,2,0,1,2,Still_image_720p_25fps_10s
76,0,p8x8,3,0.6157864219350295,1,12,0,-5,38.687654164818326,2:-2,spatial,1,129,3,dia,11,0,0,vbr,0,main,0.7214316074693485,25,3,141,7,40,5,63,1,0,1,Still_image_720p_25fps_10s
721,1,none,3,1.8245416022471044,0,9,0,-5,40.323908075426026,-2:2,spatial,1,338,4,dia,29,0,0,none,1,baseline,0.0784792835710588,40,8,46,8,100,11,45,2,1,0,Still_image_720p_25fps_10s
1047,1,none,0,0.6638200461877284,1,5,0,4,11.131439745404744,0:0,auto,1,61,3,tesa,20,0,0,vbr,1,high,0.4656771502101967,31,11,97,7,92,1,51,0,0,2,Still_image_720p_25fps_10s
76,0,p8x8,3,0.6157864219350295,1,12,0,8,38.687654164818326,2:-2,spatial,1,129,3,dia,45,1,0,cbr,0,baseline,0.8577477619777601,22,13,246,7,67,0,42,0,1,0,Still_image_720p_25fps_10s
395,0,none,2,0.6728815118447868,1,0,0,-2,35.73079183579245,-2:2,auto,0,40,3,umh,38,1,1,cbr,0,main,0.3046022053106513,43,18,91,7,86,2,1,1,0,0,Still_image_720p_25fps_10s
76,0,p8x8,1,1.1644302425737592,2,14,1,-3,38.687654164818326,2:-2,spatial,1,129,3,dia,15,0,0,cbr,1,main,0.7214316074693485,25,3,141,7,40,5,63,1,0,1,Standard_720p_30fps_10s
721,1,p8x8,1,0.946410533372848,2,0,1,9,29.58495568862226,4:4,none,0,480,4,dia,45,1,0,none,0,baseline,0.8577477619777601,22,13,246,7,67,0,42,2,1,1,Standard_720p_30fps_10s
76,1,p8x8,1,0.946410533372848,2,0,1,9,29.58495568862226,4:4,none,0,480,0,dia,45,1,0,none,0,baseline,0.8577477619777601,22,13,246,7,67,0,42,0,1,1,Standard_720p_30fps_10s
395,0,none,2,0.6157864219350295,1,12,0,8,38.687654164818326,2:-2,spatial,1,129,3,dia,15,0,0,cbr,0,main,0.7214316074693485,25,3,141,7,40,5,63,1,0,1,Standard_720p_30fps_10s
76,0,p8x8,3,0.6157864219350295,1,12,0,8,38.687654164818326,2:-2,spatial,1,129,3,dia,15,0,0,cbr,0,main,0.7214316074693485,25,3,141,7,40,5,63,1,0,1,Standard_720p_30fps_10s
395,0,none,3,0.6157864219350295,2,12,0,3,38.687654164818326,2:-2,spatial,1,129,3,dia,15,0,0,cbr,0,main,0.7214316074693485,25,3,141,7,40,5,63,1,0,1,Standard_720p_30fps_10s
721,1,none,2,1.8245416022471044,0,9,0,-5,40.323908075426026,3:-3,spatial,0,338,3,hex,10,1,0,vbr,0,high,0.9859873526355616,46,4,92,2,80,11,2,0,0,0,Standard_720p_30fps_10s
721,1,none,3,1.8245416022471044,0,9,0,-5,40.323908075426026,3:-3,spatial,0,338,4,hex,10,1,0,vbr,0,high,0.9859873526355616,22,4,92,2,80,3,2,0,0,0,Standard_720p_30fps_10s
2295,0,all,3,1.8245416022471044,0,9,1,-5,40.323908075426026,3:-3,spatial,0,338,1,hex,10,0,0,vbr,0,baseline,0.9859873526355616,22,4,9,2,80,3,2,0,0,0,Standard_720p_30fps_10s
2295,0,all,3,1.8245416022471044,0,9,1,-5,40.323908075426026,0:0,none,0,338,1,hex,10,0,0,vbr,0,baseline,0.9859873526355616,22,7,9,2,67,0,42,0,1,1,Standard_720p_30fps_10s
971,0,all,3,1.8245416022471044,0,9,1,-5,40.323908075426026,0:0,none,0,338,1,hex,10,0,0,vbr,0,baseline,0.9859873526355616,22,7,9,2,67,0,42,0,1,1,Standard_720p_30fps_10s
76,1,p8x8,3,0.6157864219350295,1,12,0,8,38.687654164818326,2:-2,spatial,1,129,3,hex,44,1,1,vbr,0,high,0.5897158704772867,35,10,222,14,53,2,10,0,1,2,Standard_720p_30fps_10s
1881,1,p8x8,1,1.1644302425737592,2,14,1,5,38.687654164818326,2:-2,none,1,437,2,hex,44,0,1,none,0,baseline,0.5897158704772867,32,10,213,14,53,2,10,2,1,2,Standard_720p_30fps_10s
721,1,none,2,0.2647069182947271,1,9,0,-5,40.323908075426026,-2:2,spatial,0,450,4,dia,29,0,0,none,1,baseline,0.0784792835710588,21,8,141,7,3,5,63,2,1,2,Standard_720p_30fps_10s
721,1,none,2,0.2647069182947271,1,6,1,-5,40.323908075426026,-2:2,spatial,0,450,4,dia,29,0,0,none,1,baseline,0.0784792835710588,24,8,141,7,40,5,63,0,1,2,Standard_720p_30fps_10s
721,1,none,2,0.2647069182947271,1,9,0,-5,40.323908075426026,-2:2,spatial,0,450,4,dia,29,0,0,none,1,baseline,0.0784792835710588,21,8,141,7,40,5,63,2,1,2,Standard_720p_30fps_10s
1955,0,p8x8,3,0.6157864219350295,1,0,1,9,4.08007754083505,4:4,none,0,480,0,dia,45,1,0,none,0,baseline,0.8577477619777601,22,13,246,7,67,0,42,0,1,1,Standard_720p_30fps_10s
76,0,none,3,0.946410533372848,2,0,1,9,29.58495568862226,4:4,none,0,480,0,dia,45,1,0,none,0,baseline,0.8577477619777601,22,13,246,7,50,0,42,0,1,1,Standard_720p_30fps_10s
1955,1,none,3,0.6157864219350295,1,0,0,9,4.08007754083505,4:4,none,0,480,2,dia,45,1,0,none,0,baseline,0.8577477619777601,22,13,246,1,67,0,42,0,1,2,Standard_720p_30fps_10s
1955,0,p8x8,3,0.6157864219350295,2,0,1,9,4.08007754083505,4:4,none,0,480,0,dia,45,0,0,none,0,baseline,0.8577477619777601,22,13,246,7,67,0,42,0,1,1,Standard_720p_30fps_10s
378,1,p4x4,1,0.9844437172708528,0,11,0,0,18.518682570557125,5:-5,spatial,0,440,4,hex,33,1,1,none,1,high,0.6407411631595799,44,3,22,2,95,1,21,0,1,1,Standard_1080p_30fps_5s
378,1,p4x4,1,0.9844437172708528,0,11,0,-2,18.518682570557125,5:-5,temporal,0,440,1,hex,33,0,1,none,0,high,0.6407411631595799,44,4,92,2,80,11,11,2,0,0,Standard_1080p_30fps_5s
2295,1,all,3,1.8245416022471044,0,9,1,-12,18.518682570557125,5:-5,spatial,0,440,4,hex,41,0,1,none,1,high,0.6407411631595799,44,3,22,2,95,1,21,0,1,1,Standard_1080p_30fps_5s
378,1,p4x4,1,0.9844437172708528,2,11,0,8,18.518682570557125,5:-5,spatial,0,440,1,hex,33,1,1,none,1,high,0.6407411631595799,44,3,22,2,95,1,21,2,0,1,Standard_1080p_30fps_5s
2120,1,p4x4,1,0.9844437172708528,2,11,0,0,18.518682570557125,5:-5,spatial,0,151,4,dia,33,1,1,none,0,high,0.6407411631595799,44,4,155,2,80,11,11,2,0,0,Standard_1080p_30fps_5s
76,0,p8x8,3,1.997601325586333,1,12,0,8,38.687654164818326,5:-5,spatial,0,440,4,hex,33,1,1,none,1,high,0.6407411631595799,44,3,22,2,95,2,21,0,1,0,Standard_1080p_30fps_5s
378,1,p8x8,1,0.9844437172708528,1,9,1,-12,18.518682570557125,5:-5,spatial,0,440,4,hex,41,0,1,none,1,high,0.6407411631595799,44,3,22,2,95,1,21,0,1,1,Standard_1080p_30fps_5s
378,1,p4x4,0,0.9844437172708528,2,11,0,-7,18.518682570557125,5:-5,spatial,0,440,1,hex,33,1,1,none,0,high,0.128052689104238,44,4,155,2,80,11,11,2,0,0,Standard_1080p_30fps_5s
2120,1,p4x4,1,0.9844437172708528,2,5,0,0,18.518682570557125,5:-5,spatial,0,151,4,dia,53,1,1,none,1,high,0.6407411631595799,44,3,22,2,95,1,21,2,0,1,Standard_1080p_30fps_5s
378,1,all,1,0.9844437172708528,0,11,0,8,18.518682570557125,5:-5,spatial,0,440,1,hex,33,0,1,none,1,high,0.6407411631595799,44,3,22,2,95,1,33,2,1,1,Standard_1080p_30fps_5s
2120,1,p4x4,1,0.9844437172708528,2,11,0,11,18.518682570557125,5:-5,spatial,0,151,4,dia,33,1,0,none,0,high,0.6407411631595799,44,4,155,2,95,1,21,2,0,2,Standard_1080p_30fps_5s
378,1,p4x4,1,0.9844437172708528,2,11,0,8,18.518682570557125,5:-5,spatial,0,440,1,hex,33,1,1,none,1,baseline,0.6407411631595799,44,3,236,2,80,11,11,2,0,0,Standard_1080p_30fps_5s
378,1,p4x4,1,0.9844437172708528,0,11,0,0,11.991244149745526,5:-5,spatial,0,440,4,hex,10,1,1,none,0,high,0.6407411631595799,44,4,155,2,80,11,11,2,0,0,Standard_1080p_30fps_5s
2120,1,p4x4,1,0.9844437172708528,2,11,0,-4,18.518682570557125,5:-5,spatial,0,151,4,dia,33,1,1,cbr,1,high,0.6407411631595799,44,3,22,2,95,1,21,0,1,1,Standard_1080p_30fps_5s
1571,1,p4x4,1,1.4166752275583223,2,11,0,8,18.518682570557125,1:-1,spatial,0,440,1,hex,33,1,1,none,1,high,0.6407411631595799,44,3,22,2,40,5,63,1,0,1,Standard_1080p_30fps_5s
2120,1,p4x4,1,0.9844437172708528,0,9,0,-12,18.518682570557125,5:-5,spatial,0,440,4,hex,41,0,1,none,1,main,0.6407411631595799,44,3,22,2,95,1,21,0,1,1,Standard_1080p_30fps_5s
2295,0,all,3,1.8245416022471044,0,9,1,-5,40.323908075426026,0:0,none,0,338,1,hex,10,0,0,vbr,0,baseline,0.9859873526355616,22,7,9,2,67,0,42,0,1,1,Standard_1080p_30fps_5s
2295,0,all,3,1.8245416022471044,0,9,1,-5,40.323908075426026,3:-3,spatial,0,338,1,hex,10,0,0,vbr,0,baseline,0.9859873526355616,22,4,9,2,80,3,2,0,0,0,Standard_1080p_30fps_5s
2295,0,all,3,1.8245416022471044,0,9,1,3,40.323908075426026,3:-3,spatial,0,338,1,hex,55,0,0,vbr,0,baseline,0.9859873526355616,22,4,9,2,80,3,2,0,0,0,Standard_1080p_30fps_5s
2295,1,all,3,1.8245416022471044,0,9,1,3,40.323908075426026,3:-3,spatial,0,338,1,hex,55,0,0,vbr,0,baseline,0.9859873526355616,22,4,9,2,80,3,2,0,0,0,Standard_1080p_30fps_5s
1178,0,all,3,0.9065584540988204,2,3,0,-11,11.649183250274437,0:0,auto,1,410,4,umh,11,0,0,cbr,1,baseline,0.5123914458022217,39,0,10,4,37,0,30,0,1,0,Standard_480p_60fps_20s
1178,0,all,3,0.9065584540988204,2,3,0,-11,11.649183250274437,0:0,auto,0,410,4,umh,11,0,0,cbr,1,baseline,0.5123914458022217,39,14,29,2,19,6,40,1,0,1,Standard_480p_60fps_20s
1178,0,all,3,0.9065584540988204,2,3,1,-10,11.649183250274437,0:0,auto,0,410,4,umh,11,0,0,cbr,1,baseline,0.5123914458022217,39,0,10,4,37,0,30,0,1,2,Standard_480p_60fps_20s
1178,0,all,1,0.9065584540988204,2,3,0,-11,11.649183250274437,0:0,temporal,1,410,4,umh,11,0,1,none,1,baseline,0.5123914458022217,39,0,192,2,19,6,40,1,1,1,Standard_480p_60fps_20s
1178,0,all,3,0.9065584540988204,2,3,1,-3,11.649183250274437,0:0,auto,0,410,4,umh,11,0,1,cbr,1,baseline,0.5123914458022217,39,0,10,4,37,0,59,0,1,2,Standard_480p_60fps_20s
1178,0,all,3,0.9065584540988204,2,3,1,-10,11.649183250274437,0:0,auto,0,410,4,umh,11,1,0,cbr,1,high,0.5123914458022217,39,0,10,4,37,0,30,0,1,2,Standard_480p_60fps_20s
1178,0,all,3,0.9065584540988204,2,4,1,-10,11.649183250274437,0:0,auto,0,410,4,umh,11,0,0,cbr,1,baseline,0.5123914458022217,39,0,10,4,37,6,30,0,1,2,Standard_480p_60fps_20s
1178,0,all,3,0.8875295029693533,2,3,1,-11,11.649183250274437,0:0,auto,0,410,4,umh,11,1,1,cbr,1,baseline,0.9148497995135092,46,1,88,14,43,4,38,0,0,0,Standard_480p_60fps_20s
1178,0,all,1,0.9065584540988204,2,3,0,-11,11.649183250274437,0:0,temporal,0,410,4,umh,11,0,0,cbr,1,main,0.965829524139684,22,0,10,4,37,0,30,0,1,2,Standard_480p_60fps_20s
1178,0,all,3,0.9065584540988204,2,3,1,-10,11.649183250274437,0:0,auto,1,410,0,umh,11,0,1,none,1,baseline,0.5123914458022217,39,0,192,2,19,6,40,1,0,1,Standard_480p_60fps_20s
351,1,p8x8,1,0.9065584540988204,2,3,0,-11,11.649183250274437,0:0,temporal,1,410,4,umh,11,0,0,none,1,baseline,0.6713203527661576,39,0,192,2,19,6,40,1,1,1,Standard_480p_60fps_20s
1178,0,all,3,0.9065584540988204,2,3,0,9,11.649183250274437,0:0,auto,1,151,4,umh,11,0,0,cbr,1,baseline,0.5123914458022217,39,0,10,4,37,0,30,0,1,0,Standard_480p_60fps_20s
1178,0,all,3,0.9065584540988204,2,3,0,-11,11.649183250274437,0:0,auto,0,410,4,umh,11,0,0,cbr,0,baseline,0.5123914458022217,39,14,29,2,19,6,40,1,0,0,Standard_480p_60fps_20s
1178,1,none,3,0.9065584540988204,2,3,1,-10,11.649183250274437,0:0,auto,0,410,2,umh,11,0,0,cbr,1,baseline,0.5123914458022217,39,0,169,4,37,0,30,0,0,0,Standard_480p_60fps_20s
1274,0,none,1,0.1775538506567019,2,16,1,-6,20.491957458323835,4:4,temporal,1,301,0,dia,29,1,0,cbr,1,main,0.5787054525642361,34,16,38,8,31,8,0,1,1,0,Standard_480p_60fps_20s
351,1,p8x8,1,0.8551610239121781,1,9,1,-4,43.73421750954973,6:6,spatial,0,32,2,dia,61,0,1,vbr,1,baseline,0.9148497995135092,47,13,88,4,43,0,38,1,0,0,Standard_480p_60fps_20s
1178,0,all,3,0.8551610239121781,1,9,1,8,43.73421750954973,2:-2,spatial,0,32,2,dia,61,0,0,vbr,1,baseline,0.9148497995135092,46,1,88,4,78,0,38,0,0,0,Standard_480p_60fps_20s
1502,1,p4x4,2,1.660835903357898,0,3,1,7,36.72200526933185,2:2,none,1,389,0,tesa,29,1,0,cbr,1,main,0.5787054525642361,34,3,6,8,31,8,54,1,1,0,Standard_480p_60fps_20s
1178,0,all,1,0.8551610239121781,2,9,1,8,43.73421750954973,6:6,spatial,0,32,2,dia,61,0,0,vbr,0,baseline,0.9148497995135092,47,1,88,4,43,0,38,0,0,0,Standard_480p_60fps_20s
351,1,p8x8,1,0.8551610239121781,1,9,1,8,43.73421750954973,6:6,spatial,0,32,2,dia,61,0,0,vbr,0,baseline,0.9148497995135092,47,1,88,4,43,0,38,1,0,0,Standard_480p_60fps_20s
2120,1,p4x4,1,0.9844437172708528,2,5,0,0,18.518682570557125,5:-5,spatial,0,151,4,dia,53,1,1,none,1,high,0.6407411631595799,44,3,22,2,95,1,21,2,0,1,Big_480p_60fps_15s
378,1,p4x4,1,0.9844437172708528,0,11,0,0,18.518682570557125,5:-5,spatial,0,440,4,hex,33,1,1,none,1,high,0.6407411631595799,44,3,22,2,95,1,21,0,1,1,Big_480p_60fps_15s
378,1,p4x4,1,0.9844437172708528,0,11,0,-2,18.518682570557125,5:-5,temporal,0,440,1,hex,33,0,1,none,0,high,0.6407411631595799,44,4,92,2,80,11,11,2,0,0,Big_480p_60fps_15s
2295,1,all,3,1.8245416022471044,0,9,1,-12,18.518682570557125,5:-5,spatial,0,440,4,hex,41,0,1,none,1,high,0.6407411631595799,44,3,22,2,95,1,21,0,1,1,Big_480p_60fps_15s
378,1,p4x4,1,0.9844437172708528,2,11,0,8,18.518682570557125,5:-5,spatial,0,440,1,hex,33,1,1,none,1,high,0.6407411631595799,44,3,22,2,95,1,21,2,0,1,Big_480p_60fps_15s
76,0,p8x8,3,1.997601325586333,1,12,0,8,38.687654164818326,5:-5,spatial,0,440,4,hex,33,1,1,none,1,high,0.6407411631595799,44,3,22,2,95,2,21,0,1,0,Big_480p_60fps_15s
2120,1,p4x4,1,0.9844437172708528,2,11,0,0,18.518682570557125,5:-5,spatial,0,151,4,dia,33,1,1,none,0,high,0.6407411631595799,44,4,155,2,80,11,11,2,0,0,Big_480p_60fps_15s
378,1,p8x8,1,0.9844437172708528,1,9,1,-12,18.518682570557125,5:-5,spatial,0,440,4,hex,41,0,1,none,1,high,0.6407411631595799,44,3,22,2,95,1,21,0,1,1,Big_480p_60fps_15s
378,1,p4x4,0,0.9844437172708528,2,11,0,-7,18.518682570557125,5:-5,spatial,0,440,1,hex,33,1,1,none,0,high,0.128052689104238,44,4,155,2,80,11,11,2,0,0,Big_480p_60fps_15s
378,1,all,1,0.9844437172708528,0,11,0,8,18.518682570557125,5:-5,spatial,0,440,1,hex,33,0,1,none,1,high,0.6407411631595799,44,3,22,2,95,1,33,2,1,1,Big_480p_60fps_15s
2295,1,all,3,1.8245416022471044,0,9,1,-12,18.518682570557125,5:-5,spatial,0,440,4,hex,41,0,1,none,1,high,0.6407411631595799,44,3,22,2,95,1,21,0,1,2,Big_480p_60fps_15s
2295,1,all,3,1.8245416022471044,1,9,1,-12,18.518682570557125,5:-5,spatial,0,440,4,hex,41,0,1,none,1,high,0.6407411631595799,44,3,22,2,95,6,21,0,0,1,Big_480p_60fps_15s
2120,1,p4x4,1,0.9844437172708528,2,16,0,0,18.518682570557125,5:-5,spatial,0,151,4,dia,53,1,1,none,0,high,0.6407411631595799,44,3,22,2,95,1,21,0,0,1,Big_480p_60fps_15s
2120,0,p4x4,1,0.9844437172708528,2,11,0,0,17.713922536937257,5:-5,spatial,0,151,4,dia,33,0,1,none,1,high,0.6407411631595799,44,3,22,14,95,2,21,0,1,0,Big_480p_60fps_15s
76,0,p8x8,3,1.997601325586333,1,12,0,8,38.687654164818326,5:-5,spatial,0,440,4,hex,53,1,1,none,1,high,0.6407411631595799,35,3,22,2,95,1,21,1,0,1,Big_480p_60fps_15s
2120,1,p4x4,1,0.3257239238209488,2,5,0,0,18.518682570557125,5:-5,spatial,1,151,4,hex,33,1,1,none,1,high,0.6407411631595799,44,3,22,2,95,2,21,0,0,0,Big_480p_60fps_15s
378,1,p8x8,1,0.9844437172708528,1,9,1,-12,18.518682570557125,5:-5,spatial,0,440,4,hex,41,1,1,none,1,high,0.6407411631595799,44,3,22,2,95,5,21,0,1,1,Big_480p_60fps_15s
378,1,p8x8,1,0.9844437172708528,1,9,1,-12,18.518682570557125,5:-5,spatial,0,440,4,hex,41,0,1,none,1,high,0.6407411631595799,44,3,22,7,95,1,21,0,1,1,Big_480p_60fps_15s
378,1,p8x8,1,0.9844437172708528,1,9,1,-12,18.518682570557125,5:-5,spatial,1,440,4,hex,64,0,1,vbr,1,high,0.6407411631595799,44,3,34,2,95,1,21,0,1,1,Big_480p_60fps_15s
378,1,p4x4,1,0.9844437172708528,0,11,0,0,18.518682570557125,5:-5,spatial,0,440,4,hex,33,0,1,none,1,high,0.6407411631595799,44,3,93,16,95,1,21,0,1,1,Big_480p_60fps_15s
1178,0,all,3,0.9065584540988204,2,3,1,-10,11.649183250274437,0:0,auto,1,410,0,umh,11,0,1,none,1,baseline,0.5123914458022217,39,0,192,2,19,6,40,1,0,1,Standard_1080p_60fps_15s
1178,0,all,1,0.9065584540988204,2,3,0,-11,11.649183250274437,0:0,temporal,0,410,4,umh,11,0,0,cbr,1,main,0.965829524139684,22,0,10,4,37,0,30,0,1,2,Standard_1080p_60fps_15s
1178,0,all,3,0.8875295029693533,2,3,1,-11,11.649183250274437,0:0,auto,0,410,4,umh,11,1,1,cbr,1,baseline,0.9148497995135092,46,1,88,14,43,4,38,0,0,0,Standard_1080p_60fps_15s
1178,0,all,3,0.9065584540988204,2,4,1,-10,11.649183250274437,0:0,auto,0,410,4,umh,11,0,0,cbr,1,baseline,0.5123914458022217,39,0,10,4,37,6,30,0,1,2,Standard_1080p_60fps_15s
1178,0,all,3,0.9065584540988204,2,3,1,-10,11.649183250274437,0:0,auto,0,410,4,umh,11,1,0,cbr,1,high,0.5123914458022217,39,0,10,4,37,0,30,0,1,2,Standard_1080p_60fps_15s
1178,0,all,3,0.9065584540988204,2,3,1,-3,11.649183250274437,0:0,auto,0,410,4,umh,11,0,1,cbr,1,baseline,0.5123914458022217,39,0,10,4,37,0,59,0,1,2,Standard_1080p_60fps_15s
1178,0,all,1,0.9065584540988204,2,3,0,-11,11.649183250274437,0:0,temporal,1,410,4,umh,11,0,1,none,1,baseline,0.5123914458022217,39,0,192,2,19,6,40,1,1,1,Standard_1080p_60fps_15s
1178,0,all,3,0.9065584540988204,2,3,1,-10,11.649183250274437,0:0,auto,0,410,4,umh,11,0,0,cbr,1,baseline,0.5123914458022217,39,0,10,4,37,0,30,0,1,2,Standard_1080p_60fps_15s
1178,0,all,3,0.9065584540988204,2,3,0,-11,11.649183250274437,0:0,auto,0,410,4,umh,11,0,0,cbr,1,baseline,0.5123914458022217,39,14,29,2,19,6,40,1,0,1,Standard_1080p_60fps_15s
1178,0,all,3,0.9065584540988204,2,3,0,-11,11.649183250274437,0:0,auto,1,410,4,umh,11,0,0,cbr,1,baseline,0.5123914458022217,39,0,10,4,37,0,30,0,1,0,Standard_1080p_60fps_15s
1178,0,all,3,0.9065584540988204,2,16,0,-10,11.649183250274437,0:0,auto,1,446,0,umh,11,0,0,none,1,baseline,0.0381427310273622,39,0,192,2,19,6,40,1,0,1,Standard_1080p_60fps_15s
1178,1,all,3,0.8004879615092854,2,3,0,-11,11.649183250274437,0:0,auto,0,410,4,umh,11,0,0,cbr,1,baseline,0.5123914458022217,39,14,29,3,19,6,40,2,0,2,Standard_1080p_60fps_15s
1178,0,all,3,0.9065584540988204,2,3,1,-10,11.649183250274437,0:0,auto,0,410,4,umh,11,1,1,cbr,1,baseline,0.0188193328464658,39,0,10,4,37,0,59,0,1,2,Standard_1080p_60fps_15s
1178,0,p4x4,3,0.9065584540988204,2,4,1,-10,11.649183250274437,0:0,auto,1,410,4,umh,22,0,1,cbr,1,baseline,0.5123914458022217,39,0,10,4,37,6,30,0,1,2,Standard_1080p_60fps_15s
1178,1,all,1,0.9065584540988204,2,3,0,-11,11.649183250274437,0:0,temporal,0,54,0,umh,11,0,0,cbr,1,main,0.965829524139684,22,0,10,4,37,0,30,0,1,2,Standard_1080p_60fps_15s
1178,0,all,3,0.5906347673363552,2,3,0,-11,11.649183250274437,0:0,temporal,0,410,3,dia,11,0,0,cbr,1,main,0.965829524139684,22,0,10,4,37,0,30,0,1,2,Standard_1080p_60fps_15s
721,1,none,3,0.7044956295722401,2,4,1,-10,11.649183250274437,0:0,auto,0,410,4,umh,11,0,0,cbr,1,baseline,0.5123914458022217,39,0,10,4,37,6,30,0,0,2,Standard_1080p_60fps_15s
1178,0,all,3,0.9065584540988204,2,4,1,-10,11.649183250274437,0:0,auto,0,410,4,umh,11,0,0,cbr,1,baseline,0.5123914458022217,39,17,10,4,37,10,49,0,1,2,Standard_1080p_60fps_15s
1178,0,all,3,0.2218906115326196,2,4,1,-10,11.649183250274437,0:0,auto,0,410,4,hex,11,0,0,cbr,1,baseline,0.5123914458022217,39,0,10,4,37,10,30,0,1,2,Standard_1080p_60fps_15s
1178,0,all,1,0.9826750407967392,2,3,0,-11,11.649183250274437,0:0,temporal,1,410,4,umh,11,0,1,none,1,baseline,0.5123914458022217,39,0,10,4,37,0,30,0,1,2,Standard_1080p_60fps_15s
1178,0,all,3,0.9065584540988204,2,4,1,-10,11.649183250274437,0:0,auto,0,410,4,umh,11,0,0,cbr,1,baseline,0.5123914458022217,39,0,10,4,37,6,30,0,1,2,Still_image_480p_25fps_15s
1178,0,all,3,0.9065584540988204,2,3,1,-10,11.649183250274437,0:0,auto,1,410,0,umh,11,0,1,none,1,baseline,0.5123914458022217,39,0,192,2,19,6,40,1,0,1,Still_image_480p_25fps_15s
1178,0,all,1,0.9065584540988204,2,3,0,-11,11.649183250274437,0:0,temporal,0,410,4,umh,11,0,0,cbr,1,main,0.965829524139684,22,0,10,4,37,0,30,0,1,2,Still_image_480p_25fps_15s
1178,0,all,3,0.9065584540988204,2,3,1,-10,11.649183250274437,0:0,auto,1,410,0,umh,11,0,1,vbr,1,high,0.6407411631595799,44,3,22,2,95,1,16,2,1,1,Still_image_480p_25fps_15s
1178,0,all,1,0.9065584540988204,2,3,0,-11,11.649183250274437,0:0,temporal,0,410,4,umh,11,0,0,cbr,1,main,0.965829524139684,44,3,22,2,95,1,21,0,1,0,Still_image_480p_25fps_15s
1178,0,all,3,0.9065584540988204,2,3,0,-11,11.649183250274437,0:0,temporal,0,410,4,umh,11,0,0,cbr,1,high,0.6407411631595799,44,3,22,2,95,8,21,0,0,1,Still_image_480p_25fps_15s
1178,0,p4x4,3,0.9065584540988204,2,4,1,-10,21.03743211730354,0:0,auto,0,410,4,umh,11,0,0,cbr,1,baseline,0.5425323994412006,30,0,10,4,37,0,30,0,1,2,Still_image_480p_25fps_15s
1178,0,all,1,0.9065584540988204,2,3,0,-11,11.649183250274437,0:0,temporal,0,410,4,umh,11,0,0,cbr,1,baseline,0.5123914458022217,39,0,10,4,37,6,30,0,1,2,Still_image_480p_25fps_15s
1178,0,all,3,0.9065584540988204,2,3,1,-10,11.649183250274437,0:0,auto,0,410,0,umh,11,0,1,vbr,1,high,0.6407411631595799,44,3,22,2,95,1,21,0,1,1,Still_image_480p_25fps_15s
1178,0,all,1,1.0254641378963725,2,3,0,-11,11.649183250274437,0:0,none,0,410,0,umh,11,0,0,cbr,1,main,0.965829524139684,47,3,22,2,95,1,21,0,1,0,Still_image_480p_25fps_15s
1178,0,all,1,1.533015419545262,1,3,0,-11,11.649183250274437,4:-4,temporal,0,410,4,umh,11,0,0,cbr,1,main,0.965829524139684,44,3,22,2,95,1,21,0,1,0,Still_image_480p_25fps_15s
1178,0,all,3,0.9065584540988204,2,3,1,-10,11.649183250274437,0:0,auto,1,410,0,umh,11,0,1,none,1,baseline,0.1162167703986082,39,7,192,4,41,6,40,1,0,1,Still_image_480p_25fps_15s
1178,0,all,3,0.9065584540988204,1,3,0,-10,11.649183250274437,0:0,auto,1,410,0,umh,11,0,0,none,1,baseline,0.0017656965364196,39,0,192,2,19,6,40,1,0,1,Still_image_480p_25fps_15s
378,1,p8x8,1,0.9065584540988204,2,3,0,-11,11.649183250274437,0:0,temporal,0,410,0,umh,11,0,0,cbr,1,baseline,0.5123914458022217,50,0,10,4,37,6,30,0,1,2,Still_image_480p_25fps_15s
1178,0,all,3,1.9785408088626588,0,3,1,-10,11.649183250274437,0:0,auto,0,410,0,umh,11,1,0,cbr,1,main,0.965829524139684,47,3,22,14,95,1,21,0,1,0,Still_image_480p_25fps_15s
1178,0,all,1,1.533015419545262,1,3,0,-11,11.649183250274437,4:-4,temporal,0,410,4,umh,11,0,0,cbr,1,main,0.7103598872455833,44,3,22,13,95,1,21,0,1,0,Still_image_480p_25fps_15s
1656,0,all,1,0.9065584540988204,2,3,0,-11,11.649183250274437,-6:6,none,0,417,4,umh,11,0,0,cbr,1,main,0.965829524139684,44,3,22,2,95,1,21,0,1,0,Still_image_480p_25fps_15s
1178,1,none,1,0.9065584540988204,2,3,0,-11,11.649183250274437,0:0,temporal,0,410,2,umh,11,0,0,cbr,1,main,0.965829524139684,22,0,10,4,37,0,30,0,0,2,Still_image_480p_25fps_15s
1178,0,all,1,0.9065584540988204,2,3,1,-10,11.649183250274437,0:0,auto,1,309,0,umh,11,0,1,vbr,1,high,0.6407411631595799,44,3,22,2,95,1,16,2,1,1,Still_image_480p_25fps_15s
1178,0,p8x8,3,0.9065584540988204,2,4,1,-10,11.649183250274437,0:0,auto,0,410,4,umh,11,0,0,cbr,1,baseline,0.5123914458022217,39,0,10,4,37,6,30,0,1,2,Still_image_480p_25fps_15s
1178,0,all,1,1.0254641378963725,2,3,0,-11,11.649183250274437,0:0,none,0,410,0,umh,11,0,0,cbr,1,main,0.965829524139684,47,3,22,2,95,1,21,0,1,0,Big_480p_25fps_20s
1178,0,all,3,0.9065584540988204,2,3,1,-10,11.649183250274437,0:0,auto,0,410,0,umh,11,0,1,vbr,1,high,0.6407411631595799,44,3,22,2,95,1,21,0,1,1,Big_480p_25fps_20s
1178,0,all,1,0.9065584540988204,2,3,0,-11,11.649183250274437,0:0,temporal,0,410,4,umh,11,0,0,cbr,1,baseline,0.5123914458022217,39,0,10,4,37,6,30,0,1,2,Big_480p_25fps_20s
1178,0,p4x4,3,0.9065584540988204,2,4,1,-10,21.03743211730354,0:0,auto,0,410,4,umh,11,0,0,cbr,1,baseline,0.5425323994412006,30,0,10,4,37,0,30,0,1,2,Big_480p_25fps_20s
1178,0,all,3,0.9065584540988204,2,3,0,-11,11.649183250274437,0:0,temporal,0,410,4,umh,11,0,0,cbr,1,high,0.6407411631595799,44,3,22,2,95,8,21,0,0,1,Big_480p_25fps_20s
1178,0,all,1,0.9065584540988204,2,3,0,-11,11.649183250274437,0:0,temporal,0,410,4,umh,11,0,0,cbr,1,main,0.965829524139684,44,3,22,2,95,1,21,0,1,0,Big_480p_25fps_20s
1178,0,all,3,0.9065584540988204,2,3,1,-10,11.649183250274437,0:0,auto,1,410,0,umh,11,0,1,vbr,1,high,0.6407411631595799,44,3,22,2,95,1,16,2,1,1,Big_480p_25fps_20s
1178,0,all,1,0.9065584540988204,2,3,0,-11,11.649183250274437,0:0,temporal,0,410,4,umh,11,0,0,cbr,1,main,0.965829524139684,22,0,10,4,37,0,30,0,1,2,Big_480p_25fps_20s
1178,0,all,3,0.9065584540988204,2,3,1,-10,11.649183250274437,0:0,auto,1,410,0,umh,11,0,1,none,1,baseline,0.5123914458022217,39,0,192,2,19,6,40,1,0,1,Big_480p_25fps_20s
1178,0,all,3,0.9065584540988204,2,4,1,-10,11.649183250274437,0:0,auto,0,410,4,umh,11,0,0,cbr,1,baseline,0.5123914458022217,39,0,10,4,37,6,30,0,1,2,Big_480p_25fps_20s
204,0,all,3,0.6408795460421314,2,3,1,-10,11.649183250274437,0:0,auto,1,410,0,umh,11,0,0,cbr,1,main,0.965829524139684,47,3,22,2,95,1,21,0,1,0,Big_480p_25fps_20s
2120,1,p4x4,1,0.9844437172708528,2,3,0,-11,11.649183250274437,0:0,temporal,1,410,4,umh,29,0,0,cbr,1,main,0.965829524139684,44,3,22,10,95,1,21,0,1,0,Big_480p_25fps_20s
1178,0,p4x4,1,0.9065584540988204,2,9,0,-11,11.649183250274437,0:0,temporal,1,410,4,umh,11,0,0,cbr,0,baseline,0.013114240955732,44,3,22,8,95,1,21,0,1,0,Big_480p_25fps_20s
2195,0,p4x4,0,0.9065584540988204,1,4,1,-10,21.03743211730354,0:0,auto,0,410,4,umh,11,1,0,cbr,1,baseline,0.5425323994412006,41,0,10,4,37,0,2,0,1,2,Big_480p_25fps_20s
1178,0,p4x4,3,0.9065584540988204,2,4,1,-10,29.2873187942191,0:0,auto,0,410,4,umh,11,0,0,cbr,1,baseline,0.5425323994412006,30,0,10,4,37,0,30,2,1,2,Big_480p_25fps_20s
1178,0,all,3,0.9065584540988204,1,3,1,-10,11.649183250274437,0:0,auto,1,410,1,umh,11,0,1,none,1,baseline,0.5123914458022217,39,3,22,2,95,1,33,2,1,1,Big_480p_25fps_20s
727,0,all,3,0.9065584540988204,2,3,1,-10,20.22392099321321,0:0,auto,0,410,0,umh,11,0,1,vbr,1,high,0.6407411631595799,44,3,22,2,95,1,21,0,1,1,Big_480p_25fps_20s
1178,0,all,3,0.9065584540988204,2,3,0,-10,11.649183250274437,0:0,auto,1,410,0,umh,11,0,1,none,1,baseline,0.5123914458022217,39,0,192,2,19,6,40,1,0,2,Big_480p_25fps_20s
1178,0,p4x4,1,0.9065584540988204,2,16,0,-11,11.649183250274437,0:0,temporal,0,410,4,umh,11,0,0,cbr,1,main,0.965829524139684,22,0,10,4,76,0,30,0,0,2,Big_480p_25fps_20s
1178,0,all,1,0.9065584540988204,2,3,0,-11,11.649183250274437,0:0,spatial,0,410,4,umh,11,0,0,cbr,1,high,0.6407411631595799,44,3,22,13,95,8,21,0,1,1,Big_480p_25fps_20s
1178,0,all,3,0.9065584540988204,2,4,1,-10,11.649183250274437,0:0,auto,0,410,4,umh,11,0,0,cbr,1,baseline,0.5123914458022217,39,0,10,4,37,6,30,0,1,2,Standard_480p_25fps_5s
1178,0,all,3,0.9065584540988204,2,3,1,-10,11.649183250274437,0:0,auto,1,410,0,umh,11,0,1,none,1,baseline,0.5123914458022217,39,0,192,2,19,6,40,1,0,1,Standard_480p_25fps_5s
1178,0,all,1,0.9065584540988204,2,3,0,-11,11.649183250274437,0:0,temporal,0,410,4,umh,11,0,0,cbr,1,main,0.965829524139684,22,0,10,4,37,0,30,0,1,2,Standard_480p_25fps_5s
1178,0,all,3,0.8875295029693533,2,3,1,-11,11.649183250274437,0:0,auto,0,410,4,umh,11,1,1,cbr,1,baseline,0.9148497995135092,46,1,88,14,43,4,38,0,0,0,Standard_480p_25fps_5s
1178,0,all,3,0.9065584540988204,2,3,1,-10,11.649183250274437,0:0,auto,0,410,4,umh,11,0,0,cbr,1,baseline,0.5123914458022217,39,0,10,4,37,0,30,0,1,2,Standard_480p_25fps_5s
1178,0,all,3,0.9065584540988204,2,3,0,-11,11.649183250274437,0:0,auto,1,410,4,umh,11,0,0,cbr,1,baseline,0.5123914458022217,39,0,10,4,37,0,30,0,1,0,Standard_480p_25fps_5s
1178,0,all,3,0.9065584540988204,2,3,0,-11,11.649183250274437,0:0,auto,0,410,4,umh,11,0,0,cbr,1,baseline,0.5123914458022217,39,14,29,2,19,6,40,1,0,1,Standard_480p_25fps_5s
1178,0,all,3,0.9065584540988204,2,3,1,-3,11.649183250274437,0:0,auto,0,410,4,umh,11,0,1,cbr,1,baseline,0.5123914458022217,39,0,10,4,37,0,59,0,1,2,Standard_480p_25fps_5s
1178,0,all,3,0.9065584540988204,2,3,1,-10,11.649183250274437,0:0,auto,0,410,4,umh,11,1,0,cbr,1,high,0.5123914458022217,39,0,10,4,37,0,30,0,1,2,Standard_480p_25fps_5s
1178,0,all,1,0.9065584540988204,2,3,0,-11,11.649183250274437,0:0,temporal,1,410,4,umh,11,0,1,none,1,baseline,0.5123914458022217,39,0,192,2,19,6,40,1,1,1,Standard_480p_25fps_5s
1178,0,all,1,1.0254641378963725,2,3,0,-11,11.649183250274437,0:0,none,0,410,0,umh,11,0,0,cbr,1,main,0.965829524139684,47,3,22,2,95,1,21,0,1,0,Standard_480p_25fps_5s
1178,0,all,1,0.9065584540988204,2,3,0,-11,11.649183250274437,0:0,temporal,0,410,4,umh,11,0,0,cbr,1,baseline,0.5123914458022217,39,0,10,4,37,6,30,0,1,2,Standard_480p_25fps_5s
1178,0,all,3,0.9065584540988204,2,3,1,-10,11.649183250274437,0:0,auto,0,410,0,umh,11,0,1,vbr,1,high,0.6407411631595799,44,3,22,2,95,1,21,0,1,1,Standard_480p_25fps_5s
1178,0,all,3,0.9065584540988204,2,3,0,-11,11.649183250274437,0:0,temporal,0,410,4,umh,11,0,0,cbr,1,high,0.6407411631595799,44,3,22,2,95,8,21,0,0,1,Standard_480p_25fps_5s
1178,0,p4x4,3,0.9065584540988204,2,4,1,-10,21.03743211730354,0:0,auto,0,410,4,umh,11,0,0,cbr,1,baseline,0.5425323994412006,30,0,10,4,37,0,30,0,1,2,Standard_480p_25fps_5s
1178,0,all,1,0.9065584540988204,2,3,0,-11,11.649183250274437,0:0,temporal,0,410,4,umh,11,0,0,cbr,1,main,0.965829524139684,44,3,22,2,95,1,21,0,1,0,Standard_480p_25fps_5s
1178,0,all,3,0.9065584540988204,2,3,1,-10,11.649183250274437,0:0,auto,1,410,0,umh,11,0,1,vbr,1,high,0.6407411631595799,44,3,22,2,95,1,16,2,1,1,Standard_480p_25fps_5s
1178,0,all,3,0.9065584540988204,2,3,1,-10,11.649183250274437,0:0,auto,1,410,2,umh,11,0,1,none,1,high,0.5123914458022217,39,0,192,2,19,6,40,1,0,1,Standard_480p_25fps_5s
2057,0,all,1,0.9065584540988204,2,3,0,-11,11.649183250274437,0:0,temporal,0,410,4,umh,11,0,1,vbr,1,high,0.6407411631595799,44,3,22,2,95,1,16,2,1,1,Standard_480p_25fps_5s
1178,0,all,3,0.9065584540988204,2,3,1,-10,11.649183250274437,0:0,auto,1,410,2,umh,11,0,0,cbr,1,high,0.965829524139684,22,0,10,4,37,0,30,0,1,2,Standard_480p_25fps_5s
76,0,p8x8,3,1.997601325586333,1,12,0,8,38.687654164818326,5:-5,spatial,0,440,4,hex,33,1,1,none,1,high,0.6407411631595799,44,3,22,2,95,2,21,0,1,0,Standard_720p_30fps_15s
2120,1,p4x4,1,0.9844437172708528,2,11,0,0,18.518682570557125,5:-5,spatial,0,151,4,dia,33,1,1,none,0,high,0.6407411631595799,44,4,155,2,80,11,11,2,0,0,Standard_720p_30fps_15s
378,1,p8x8,1,0.9844437172708528,1,9,1,-12,18.518682570557125,5:-5,spatial,0,440,4,hex,41,0,1,none,1,high,0.6407411631595799,44,3,22,2,95,1,21,0,1,1,Standard_720p_30fps_15s
378,1,p4x4,0,0.9844437172708528,2,11,0,-7,18.518682570557125,5:-5,spatial,0,440,1,hex,33,1,1,none,0,high,0.128052689104238,44,4,155,2,80,11,11,2,0,0,Standard_720p_30fps_15s
2120,1,p4x4,1,0.9844437172708528,2,5,0,0,18.518682570557125,5:-5,spatial,0,151,4,dia,53,1,1,none,1,high,0.6407411631595799,44,3,22,2,95,1,21,2,0,1,Standard_720p_30fps_15s
378,1,all,1,0.9844437172708528,0,11,0,8,18.518682570557125,5:-5,spatial,0,440,1,hex,33,0,1,none,1,high,0.6407411631595799,44,3,22,2,95,1,33,2,1,1,Standard_720p_30fps_15s
378,1,p4x4,1,0.9844437172708528,2,11,0,8,18.518682570557125,5:-5,spatial,0,440,1,hex,33,1,1,none,1,high,0.6407411631595799,44,3,22,2,95,1,21,2,0,1,Standard_720p_30fps_15s
378,1,p4x4,1,0.9844437172708528,0,11,0,0,18.518682570557125,5:-5,spatial,0,440,4,hex,33,1,1,none,1,high,0.6407411631595799,44,3,22,2,95,1,21,0,1,1,Standard_720p_30fps_15s
378,1,p4x4,1,0.9844437172708528,0,11,0,-2,18.518682570557125,5:-5,temporal,0,440,1,hex,33,0,1,none,0,high,0.6407411631595799,44,4,92,2,80,11,11,2,0,0,Standard_720p_30fps_15s
2295,1,all,3,1.8245416022471044,0,9,1,-12,18.518682570557125,5:-5,spatial,0,440,4,hex,41,0,1,none,1,high,0.6407411631595799,44,3,22,2,95,1,21,0,1,1,Standard_720p_30fps_15s
2120,1,p4x4,1,0.9844437172708528,1,5,0,0,18.518682570557125,5:-5,spatial,0,320,4,hex,41,0,1,none,1,high,0.6407411631595799,44,3,22,2,95,1,21,0,1,2,Standard_720p_30fps_15s
378,1,all,1,0.9844437172708528,0,11,0,8,18.518682570557125,5:-5,spatial,0,440,1,esa,33,0,1,none,0,high,0.6407411631595799,44,1,22,2,95,1,33,2,0,0,Standard_720p_30fps_15s
2120,1,p4x4,1,0.9844437172708528,2,5,0,0,18.518682570557125,5:-5,spatial,0,151,4,dia,53,1,1,none,1,high,0.6407411631595799,44,3,22,2,95,1,21,0,1,0,Standard_720p_30fps_15s
2295,1,all,3,0.3288599459493289,0,9,0,-12,18.518682570557125,5:-5,spatial,0,440,3,hex,41,0,1,none,0,high,0.6407411631595799,44,3,22,2,95,1,6,2,0,1,Standard_720p_30fps_15s
378,1,p4x4,1,0.9844437172708528,2,11,0,8,18.518682570557125,5:-5,spatial,0,440,1,hex,22,1,1,none,1,high,0.6407411631595799,44,3,22,2,37,1,21,0,1,1,Standard_720p_30fps_15s
76,0,p4x4,3,1.997601325586333,1,12,0,8,38.687654164818326,5:-5,spatial,1,440,4,hex,59,1,1,none,1,high,0.6407411631595799,44,3,136,2,95,2,21,1,1,0,Standard_720p_30fps_15s
2395,1,p4x4,1,0.9844437172708528,2,11,0,-12,18.518682570557125,5:-5,temporal,0,440,1,hex,33,1,1,none,1,high,0.0997238080655871,38,3,22,2,95,1,21,2,0,1,Standard_720p_30fps_15s
1178,0,all,3,0.9065584540988204,0,11,0,-12,18.518682570557125,5:-5,spatial,0,440,4,hex,33,0,1,none,1,high,0.6407411631595799,44,3,22,2,95,1,33,1,1,0,Standard_720p_30fps_15s
378,1,p4x4,1,0.9844437172708528,2,11,0,8,18.518682570557125,5:-5,spatial,0,440,1,hex,33,1,1,none,1,high,0.6407411631595799,44,3,22,2,95,1,21,2,1,1,Standard_720p_30fps_15s
378,1,all,1,0.9844437172708528,0,3,0,8,18.518682570557125,5:-5,spatial,0,440,1,tesa,33,0,1,none,1,high,0.6407411631595799,34,3,22,2,95,7,33,2,1,1,Standard_720p_30fps_15s
1178,0,all,3,0.9065584540988204,2,3,1,-10,11.649183250274437,0:0,auto,1,410,0,umh,11,0,1,none,1,baseline,0.5123914458022217,39,0,192,2,19,6,40,1,0,1,Still_image_480p_60fps_10s
1178,0,all,3,0.9065584540988204,2,4,1,-10,11.649183250274437,0:0,auto,0,410,4,umh,11,0,0,cbr,1,baseline,0.5123914458022217,39,0,10,4,37,6,30,0,1,2,Still_image_480p_60fps_10s
1178,0,all,1,0.9065584540988204,2,3,0,-11,11.649183250274437,0:0,temporal,0,410,4,umh,11,0,0,cbr,1,main,0.965829524139684,22,0,10,4,37,0,30,0,1,2,Still_image_480p_60fps_10s
1178,0,all,1,1.0254641378963725,2,3,0,-11,11.649183250274437,0:0,none,0,410,0,umh,11,0,0,cbr,1,main,0.965829524139684,47,3,22,2,95,1,21,0,1,0,Still_image_480p_60fps_10s
1178,0,all,3,0.9065584540988204,2,3,0,-11,11.649183250274437,0:0,temporal,0,410,4,umh,11,0,0,cbr,1,high,0.6407411631595799,44,3,22,2,95,8,21,0,0,1,Still_image_480p_60fps_10s
1178,0,all,1,0.9065584540988204,2,3,0,-11,11.649183250274437,0:0,temporal,0,410,4,umh,11,0,0,cbr,1,main,0.965829524139684,44,3,22,2,95,1,21,0,1,0,Still_image_480p_60fps_10s
1178,0,all,3,0.9065584540988204,2,3,1,-10,11.649183250274437,0:0,auto,1,410,0,umh,11,0,1,vbr,1,high,0.6407411631595799,44,3,22,2,95,1,16,2,1,1,Still_image_480p_60fps_10s
1178,0,p4x4,3,0.9065584540988204,2,4,1,-10,21.03743211730354,0:0,auto,0,410,4,umh,11,0,0,cbr,1,baseline,0.5425323994412006,30,0,10,4,37,0,30,0,1,2,Still_image_480p_60fps_10s
1178,0,all,1,0.9065584540988204,2,3,0,-11,11.649183250274437,0:0,temporal,0,410,4,umh,11,0,0,cbr,1,baseline,0.5123914458022217,39,0,10,4,37,6,30,0,1,2,Still_image_480p_60fps_10s
1178,0,all,3,0.9065584540988204,2,3,1,-10,11.649183250274437,0:0,auto,0,410,0,umh,11,0,1,vbr,1,high,0.6407411631595799,44,3,22,2,95,1,21,0,1,1,Still_image_480p_60fps_10s
1178,0,all,3,0.8875295029693533,2,3,1,-11,11.649183250274437,0:0,auto,0,410,4,umh,11,1,1,cbr,1,baseline,0.9148497995135092,46,1,88,14,43,4,38,0,0,0,Still_image_480p_60fps_10s
1178,0,all,1,0.9065584540988204,2,3,0,-11,11.649183250274437,0:0,temporal,1,410,4,umh,11,0,1,none,1,baseline,0.5123914458022217,39,0,192,2,19,6,40,1,1,1,Still_image_480p_60fps_10s
1178,0,all,3,0.9065584540988204,2,3,0,-11,11.649183250274437,0:0,auto,1,410,4,umh,11,0,0,cbr,1,baseline,0.5123914458022217,39,0,10,4,37,0,30,0,1,0,Still_image_480p_60fps_10s
1178,0,all,3,0.9065584540988204,2,3,0,-11,11.649183250274437,0:0,auto,0,410,4,umh,11,0,0,cbr,1,baseline,0.5123914458022217,39,14,29,2,19,6,40,1,0,1,Still_image_480p_60fps_10s
1178,0,all,3,0.9065584540988204,2,3,1,-10,11.649183250274437,0:0,auto,0,410,4,umh,11,1,0,cbr,1,high,0.5123914458022217,39,0,10,4,37,0,30,0,1,2,Still_image_480p_60fps_10s
1178,0,all,3,0.9065584540988204,2,3,1,-10,11.649183250274437,0:0,auto,0,410,4,umh,11,0,0,cbr,1,baseline,0.5123914458022217,39,0,10,4,37,0,30,0,1,2,Still_image_480p_60fps_10s
1178,0,all,3,0.9065584540988204,2,3,1,-3,11.649183250274437,0:0,auto,0,410,4,umh,11,0,1,cbr,1,baseline,0.5123914458022217,39,0,10,4,37,0,59,0,1,2,Still_image_480p_60fps_10s
1178,0,all,3,0.9065584540988204,2,3,1,-3,11.649183250274437,0:0,auto,0,410,4,umh,11,0,1,none,1,baseline,0.5123914458022217,39,16,192,2,19,6,40,1,1,1,Still_image_480p_60fps_10s
1982,0,all,1,0.9065584540988204,1,3,0,-11,11.649183250274437,0:0,temporal,1,410,0,umh,6,0,1,cbr,1,baseline,0.5123914458022217,39,0,10,4,37,6,59,0,1,2,Still_image_480p_60fps_10s
1178,0,all,3,0.9065584540988204,2,3,0,-11,11.649183250274437,0:0,auto,0,410,4,umh,11,0,0,cbr,0,baseline,0.5123914458022217,39,0,131,13,37,1,16,2,1,1,Still_image_480p_60fps_10s
1178,0,all,1,0.9065584540988204,2,3,0,-11,11.649183250274437,0:0,temporal,0,410,4,umh,11,0,0,cbr,1,main,0.965829524139684,22,0,10,4,37,0,30,0,1,2,Big_1080p_25fps_5s
1178,0,all,3,0.9065584540988204,2,3,1,-10,11.649183250274437,0:0,auto,1,410,0,umh,11,0,1,none,1,baseline,0.5123914458022217,39,0,192,2,19,6,40,1,0,1,Big_1080p_25fps_5s
1178,0,all,3,0.9065584540988204,2,4,1,-10,11.649183250274437,0:0,auto,0,410,4,umh,11,0,0,cbr,1,baseline,0.5123914458022217,39,0,10,4,37,6,30,0,1,2,Big_1080p_25fps_5s
1178,0,all,3,0.8875295029693533,2,3,1,-11,11.649183250274437,0:0,auto,0,410,4,umh,11,1,1,cbr,1,baseline,0.9148497995135092,46,1,88,14,43,4,38,0,0,0,Big_1080p_25fps_5s
1178,0,all,3,0.9065584540988204,2,3,1,-10,11.649183250274437,0:0,auto,0,410,4,umh,11,1,0,cbr,1,high,0.5123914458022217,39,0,10,4,37,0,30,0,1,2,Big_1080p_25fps_5s
1178,0,all,3,0.9065584540988204,2,3,0,-11,11.649183250274437,0:0,auto,0,410,4,umh,11,0,0,cbr,1,baseline,0.5123914458022217,39,14,29,2,19,6,40,1,0,1,Big_1080p_25fps_5s
1178,0,all,3,0.9065584540988204,2,3,0,-11,11.649183250274437,0:0,auto,1,410,4,umh,11,0,0,cbr,1,baseline,0.5123914458022217,39,0,10,4,37,0,30,0,1,0,Big_1080p_25fps_5s
1178,0,all,3,0.9065584540988204,2,3,1,-10,11.649183250274437,0:0,auto,0,410,4,umh,11,0,0,cbr,1,baseline,0.5123914458022217,39,0,10,4,37,0,30,0,1,2,Big_1080p_25fps_5s
1178,0,all,1,0.9065584540988204,2,3,0,-11,11.649183250274437,0:0,temporal,1,410,4,umh,11,0,1,none,1,baseline,0.5123914458022217,39,0,192,2,19,6,40,1,1,1,Big_1080p_25fps_5s
1178,0,all,3,0.9065584540988204,2,3,1,-3,11.649183250274437,0:0,auto,0,410,4,umh,11,0,1,cbr,1,baseline,0.5123914458022217,39,0,10,4,37,0,59,0,1,2,Big_1080p_25fps_5s
1178,0,all,3,0.9065584540988204,2,3,1,-10,11.649183250274437,0:0,auto,0,410,0,umh,11,0,1,vbr,1,high,0.6407411631595799,44,3,22,2,95,1,21,0,1,1,Big_1080p_25fps_5s
1178,0,p4x4,3,0.9065584540988204,2,4,1,-10,21.03743211730354,0:0,auto,0,410,4,umh,11,0,0,cbr,1,baseline,0.5425323994412006,30,0,10,4,37,0,30,0,1,2,Big_1080p_25fps_5s
1178,0,all,1,0.9065584540988204,2,3,0,-11,11.649183250274437,0:0,temporal,0,410,4,umh,11,0,0,cbr,1,baseline,0.5123914458022217,39,0,10,4,37,6,30,0,1,2,Big_1080p_25fps_5s
1178,0,all,1,0.9065584540988204,2,3,0,-11,11.649183250274437,0:0,temporal,0,410,4,umh,11,0,0,cbr,1,main,0.965829524139684,44,3,22,2,95,1,21,0,1,0,Big_1080p_25fps_5s
1178,0,all,3,0.9065584540988204,2,3,1,-10,11.649183250274437,0:0,auto,1,410,0,umh,11,0,1,vbr,1,high,0.6407411631595799,44,3,22,2,95,1,16,2,1,1,Big_1080p_25fps_5s
1178,0,all,1,1.0254641378963725,2,3,0,-11,11.649183250274437,0:0,none,0,410,0,umh,11,0,0,cbr,1,main,0.965829524139684,47,3,22,2,95,1,21,0,1,0,Big_1080p_25fps_5s
1178,0,all,3,0.9065584540988204,2,3,0,-11,11.649183250274437,0:0,temporal,0,410,4,umh,11,0,0,cbr,1,high,0.6407411631595799,44,3,22,2,95,8,21,0,0,1,Big_1080p_25fps_5s
1178,0,all,1,0.9065584540988204,2,1,0,-11,11.649183250274437,0:0,auto,0,410,0,umh,11,0,1,none,1,high,0.6407411631595799,51,3,22,2,95,1,16,2,1,1,Big_1080p_25fps_5s
1178,0,all,3,0.777486610269687,2,3,1,-10,11.649183250274437,0:0,temporal,0,410,4,umh,11,0,0,cbr,1,baseline,0.5123914458022217,39,0,10,4,37,6,30,0,1,2,Big_1080p_25fps_5s
1178,0,p4x4,3,0.9065584540988204,2,4,0,0,11.649183250274437,6:6,auto,1,410,4,umh,11,0,0,cbr,1,baseline,0.5123914458022217,39,0,10,11,37,0,30,0,1,0,Big_1080p_25fps_5s
1178,0,all,3,0.9065584540988204,2,4,1,-10,11.649183250274437,0:0,auto,0,410,4,umh,11,0,0,cbr,1,baseline,0.5123914458022217,39,0,10,4,37,6,30,0,1,2,Standard_720p_60fps_5s
1178,0,all,1,0.9065584540988204,2,3,0,-11,11.649183250274437,0:0,temporal,0,410,4,umh,11,0,0,cbr,1,main,0.965829524139684,22,0,10,4,37,0,30,0,1,2,Standard_720p_60fps_5s
1178,0,all,3,0.9065584540988204,2,3,1,-10,11.649183250274437,0:0,auto,1,410,0,umh,11,0,1,none,1,baseline,0.5123914458022217,39,0,192,2,19,6,40,1,0,1,Standard_720p_60fps_5s
1178,0,all,3,0.8875295029693533,2,3,1,-11,11.649183250274437,0:0,auto,0,410,4,umh,11,1,1,cbr,1,baseline,0.9148497995135092,46,1,88,14,43,4,38,0,0,0,Standard_720p_60fps_5s
1178,0,all,1,0.9065584540988204,2,3,0,-11,11.649183250274437,0:0,temporal,1,410,4,umh,11,0,1,none,1,baseline,0.5123914458022217,39,0,192,2,19,6,40,1,1,1,Standard_720p_60fps_5s
1178,0,all,3,0.9065584540988204,2,3,1,-3,11.649183250274437,0:0,auto,0,410,4,umh,11,0,1,cbr,1,baseline,0.5123914458022217,39,0,10,4,37,0,59,0,1,2,Standard_720p_60fps_5s
1178,0,all,3,0.9065584540988204,2,3,1,-10,11.649183250274437,0:0,auto,0,410,4,umh,11,1,0,cbr,1,high,0.5123914458022217,39,0,10,4,37,0,30,0,1,2,Standard_720p_60fps_5s
1178,0,all,3,0.9065584540988204,2,3,1,-10,11.649183250274437,0:0,auto,0,410,4,umh,11,0,0,cbr,1,baseline,0.5123914458022217,39,0,10,4,37,0,30,0,1,2,Standard_720p_60fps_5s
1178,0,all,3,0.9065584540988204,2,3,0,-11,11.649183250274437,0:0,auto,0,410,4,umh,11,0,0,cbr,1,baseline,0.5123914458022217,39,14,29,2,19,6,40,1,0,1,Standard_720p_60fps_5s
1178,0,all,3,0.9065584540988204,2,3,0,-11,11.649183250274437,0:0,auto,1,410,4,umh,11,0,0,cbr,1,baseline,0.5123914458022217,39,0,10,4,37,0,30,0,1,0,Standard_720p_60fps_5s
1178,0,all,1,1.0254641378963725,2,3,0,-11,11.649183250274437,0:0,none,0,410,0,umh,11,0,0,cbr,1,main,0.965829524139684,47,3,22,2,95,1,21,0,1,0,Standard_720p_60fps_5s
1178,0,p4x4,3,0.9065584540988204,2,4,1,-10,21.03743211730354,0:0,auto,0,410,4,umh,11,0,0,cbr,1,baseline,0.5425323994412006,30,0,10,4,37,0,30,0,1,2,Standard_720p_60fps_5s
1178,0,all,1,0.9065584540988204,2,3,0,-11,11.649183250274437,0:0,temporal,0,410,4,umh,11,0,0,cbr,1,baseline,0.5123914458022217,39,0,10,4,37,6,30,0,1,2,Standard_720p_60fps_5s
1178,0,all,1,0.9065584540988204,2,3,0,-11,11.649183250274437,0:0,temporal,0,410,4,umh,11,0,0,cbr,1,main,0.965829524139684,44,3,22,2,95,1,21,0,1,0,Standard_720p_60fps_5s
1178,0,all,3,0.9065584540988204,2,3,0,-11,11.649183250274437,0:0,temporal,0,410,4,umh,11,0,0,cbr,1,high,0.6407411631595799,44,3,22,2,95,8,21,0,0,1,Standard_720p_60fps_5s
1178,0,all,3,0.9065584540988204,2,3,1,-10,11.649183250274437,0:0,auto,1,410,0,umh,11,0,1,vbr,1,high,0.6407411631595799,44,3,22,2,95,1,16,2,1,1,Standard_720p_60fps_5s
1178,0,all,3,0.9065584540988204,2,3,1,-10,11.649183250274437,0:0,auto,0,410,0,umh,11,0,1,vbr,1,high,0.6407411631595799,44,3,22,2,95,1,21,0,1,1,Standard_720p_60fps_5s
1178,0,all,1,1.0254641378963725,2,3,0,-11,11.649183250274437,0:0,none,0,410,0,umh,11,1,1,cbr,0,baseline,0.5123914458022217,39,0,10,4,37,0,59,0,1,2,Standard_720p_60fps_5s
1178,0,all,3,0.9065584540988204,2,3,1,-10,11.649183250274437,0:0,auto,1,410,4,umh,11,0,0,cbr,1,high,0.5123914458022217,39,0,10,4,37,0,21,0,1,2,Standard_720p_60fps_5s
1178,0,all,3,0.9065584540988204,0,3,1,-11,11.649183250274437,0:0,auto,0,410,4,umh,11,1,0,cbr,1,baseline,0.5123914458022217,39,0,10,4,37,0,30,0,0,2,Standard_720p_60fps_5s
1178,0,all,3,0.9065584540988204,2,4,1,-10,11.649183250274437,0:0,auto,0,410,4,umh,11,0,0,cbr,1,baseline,0.5123914458022217,39,0,10,4,37,6,30,0,1,2,Action_1080p_60fps_20s
1178,0,all,3,0.9065584540988204,2,3,1,-10,11.649183250274437,0:0,auto,1,410,0,umh,11,0,1,none,1,baseline,0.5123914458022217,39,0,192,2,19,6,40,1,0,1,Action_1080p_60fps_20s
1178,0,all,1,0.9065584540988204,2,3,0,-11,11.649183250274437,0:0,temporal,0,410,4,umh,11,0,0,cbr,1,main,0.965829524139684,22,0,10,4,37,0,30,0,1,2,Action_1080p_60fps_20s
1178,0,all,3,0.8875295029693533,2,3,1,-11,11.649183250274437,0:0,auto,0,410,4,umh,11,1,1,cbr,1,baseline,0.9148497995135092,46,1,88,14,43,4,38,0,0,0,Action_1080p_60fps_20s
1178,0,all,3,0.9065584540988204,2,3,1,-10,11.649183250274437,0:0,auto,0,410,4,umh,11,0,0,cbr,1,baseline,0.5123914458022217,39,0,10,4,37,0,30,0,1,2,Action_1080p_60fps_20s
1178,0,all,3,0.9065584540988204,2,3,0,-11,11.649183250274437,0:0,auto,1,410,4,umh,11,0,0,cbr,1,baseline,0.5123914458022217,39,0,10,4,37,0,30,0,1,0,Action_1080p_60fps_20s
1178,0,all,3,0.9065584540988204,2,3,0,-11,11.649183250274437,0:0,auto,0,410,4,umh,11,0,0,cbr,1,baseline,0.5123914458022217,39,14,29,2,19,6,40,1,0,1,Action_1080p_60fps_20s
1178,0,all,3,0.9065584540988204,2,3,1,-3,11.649183250274437,0:0,auto,0,410,4,umh,11,0,1,cbr,1,baseline,0.5123914458022217,39,0,10,4,37,0,59,0,1,2,Action_1080p_60fps_20s
1178,0,all,3,0.9065584540988204,2,3,1,-10,11.649183250274437,0:0,auto,0,410,4,umh,11,1,0,cbr,1,high,0.5123914458022217,39,0,10,4,37,0,30,0,1,2,Action_1080p_60fps_20s
1178,0,all,1,0.9065584540988204,2,3,0,-11,11.649183250274437,0:0,temporal,1,410,4,umh,11,0,1,none,1,baseline,0.5123914458022217,39,0,192,2,19,6,40,1,1,1,Action_1080p_60fps_20s
1178,1,all,3,0.9065584540988204,2,7,1,-10,11.649183250274437,0:0,auto,0,500,4,umh,11,0,0,cbr,1,baseline,0.5123914458022217,39,14,29,2,19,6,40,1,0,1,Action_1080p_60fps_20s
1178,0,all,3,0.8875295029693533,2,3,1,-11,11.649183250274437,0:0,auto,0,410,4,esa,11,1,1,cbr,1,baseline,0.9148497995135092,46,1,88,14,43,4,38,0,1,0,Action_1080p_60fps_20s
1178,0,all,3,0.9065584540988204,2,14,0,-11,11.649183250274437,0:0,auto,0,410,3,umh,26,0,0,cbr,1,baseline,0.5123914458022217,39,14,29,2,19,6,40,1,0,1,Action_1080p_60fps_20s
228,0,all,3,0.9065584540988204,2,3,0,-11,11.649183250274437,0:0,auto,1,410,4,umh,11,0,0,cbr,1,baseline,0.5123914458022217,39,14,29,2,19,6,40,1,1,1,Action_1080p_60fps_20s
1178,0,all,3,0.9065584540988204,2,3,0,-11,45.038072337103664,3:3,auto,1,410,4,umh,11,0,0,cbr,0,baseline,0.5123914458022217,39,0,10,4,37,4,30,0,1,0,Action_1080p_60fps_20s
1178,0,all,1,0.9065584540988204,2,3,0,-11,11.649183250274437,0:0,temporal,0,410,4,umh,11,0,0,cbr,1,high,0.6407411631595799,44,3,144,2,82,2,21,2,0,1,Action_1080p_60fps_20s
1178,0,all,3,0.9065584540988204,2,3,1,-10,11.649183250274437,0:0,auto,0,410,4,umh,11,0,0,cbr,1,baseline,0.7052631467052223,39,0,67,6,37,3,30,0,1,2,Action_1080p_60fps_20s
1178,0,all,3,0.9065584540988204,2,3,1,-3,11.649183250274437,0:0,auto,1,410,4,umh,11,0,1,cbr,1,baseline,0.5123914458022217,39,7,10,4,37,6,60,0,1,2,Action_1080p_60fps_20s
1178,0,all,3,0.9065584540988204,2,3,1,-3,11.649183250274437,6:6,auto,0,410,3,umh,11,1,1,cbr,1,baseline,0.5123914458022217,39,0,10,12,37,0,30,1,1,2,Action_1080p_60fps_20s
1178,0,all,3,0.8875295029693533,2,3,1,-11,38.93115800166301,0:0,auto,0,410,4,umh,11,1,1,cbr,1,baseline,0.9148497995135092,46,1,88,14,43,4,38,0,1,0,Action_1080p_60fps_20s
987,0,all,1,0.9065584540988204,2,3,1,-10,11.649183250274437,0:0,auto,0,454,1,hex,33,1,1,none,1,high,0.140582926645761,44,3,22,2,95,1,21,0,0,1,Standard_480p_30fps_10s
378,1,p4x4,1,0.9844437172708528,0,11,0,0,18.518682570557125,5:-5,spatial,0,440,4,hex,33,1,1,none,1,high,0.6407411631595799,44,3,22,2,95,1,21,0,1,1,Standard_480p_30fps_10s
378,1,p4x4,1,0.9844437172708528,0,11,0,-2,18.518682570557125,5:-5,temporal,0,440,1,hex,33,0,1,none,0,high,0.6407411631595799,44,4,92,2,80,11,11,2,0,0,Standard_480p_30fps_10s
378,1,p8x8,1,0.9844437172708528,1,9,1,-12,18.518682570557125,5:-5,spatial,0,440,4,hex,41,0,1,none,1,high,0.6407411631595799,44,3,22,2,95,1,21,0,1,1,Standard_480p_30fps_10s
76,0,p8x8,3,1.997601325586333,1,12,0,8,38.687654164818326,5:-5,spatial,0,440,4,hex,33,1,1,none,1,high,0.6407411631595799,44,3,22,2,95,2,21,0,1,0,Standard_480p_30fps_10s
2120,1,p4x4,1,0.9844437172708528,2,11,0,0,18.518682570557125,5:-5,spatial,0,151,4,dia,33,1,1,none,0,high,0.6407411631595799,44,4,155,2,80,11,11,2,0,0,Standard_480p_30fps_10s
378,1,p4x4,0,0.9844437172708528,2,11,0,-7,18.518682570557125,5:-5,spatial,0,440,1,hex,33,1,1,none,0,high,0.128052689104238,44,4,155,2,80,11,11,2,0,0,Standard_480p_30fps_10s
2295,1,all,3,1.8245416022471044,0,9,1,-12,18.518682570557125,5:-5,spatial,0,440,4,hex,41,0,1,none,1,high,0.6407411631595799,44,3,22,2,95,1,21,0,1,1,Standard_480p_30fps_10s
378,1,all,1,0.9844437172708528,0,11,0,8,18.518682570557125,5:-5,spatial,0,440,1,hex,33,0,1,none,1,high,0.6407411631595799,44,3,22,2,95,1,33,2,1,1,Standard_480p_30fps_10s
2120,1,p4x4,1,0.9844437172708528,2,5,0,0,18.518682570557125,5:-5,spatial,0,151,4,dia,53,1,1,none,1,high,0.6407411631595799,44,3,22,2,95,1,21,2,0,1,Standard_480p_30fps_10s
378,1,p4x4,1,0.9844437172708528,2,11,0,8,18.518682570557125,5:-5,spatial,0,440,1,hex,33,1,1,none,1,high,0.6407411631595799,44,3,22,2,95,1,21,2,0,1,Standard_480p_30fps_10s
378,1,p4x4,2,0.9844437172708528,0,11,0,-2,18.518682570557125,5:-5,temporal,0,440,1,tesa,33,0,1,none,0,main,0.6407411631595799,44,3,22,2,95,1,1,0,1,1,Standard_480p_30fps_10s
378,0,p4x4,1,0.9844437172708528,0,11,1,-2,18.518682570557125,5:-5,spatial,0,440,1,hex,33,1,1,none,1,high,0.6407411631595799,44,3,22,2,95,1,21,1,0,1,Standard_480p_30fps_10s
76,0,p8x8,3,1.997601325586333,1,10,0,8,38.687654164818326,5:-5,spatial,0,440,4,hex,33,1,1,cbr,1,high,0.6407411631595799,44,3,22,2,95,2,21,0,1,0,Standard_480p_30fps_10s
378,1,p4x4,1,0.9844437172708528,0,11,1,0,18.518682570557125,5:-5,spatial,0,440,4,hex,33,1,1,none,0,main,0.6407411631595799,44,3,153,2,95,1,21,0,1,1,Standard_480p_30fps_10s
378,1,p4x4,3,0.9844437172708528,2,11,0,-7,18.518682570557125,5:-5,spatial,0,454,1,hex,33,1,1,none,1,high,0.140582926645761,44,3,22,2,95,1,21,2,0,1,Standard_480p_30fps_10s
378,1,p4x4,0,0.9844437172708528,2,12,0,-7,18.518682570557125,5:-5,spatial,1,381,3,hex,8,0,1,vbr,1,high,0.8844813874372051,44,3,22,2,95,1,21,0,1,1,Standard_480p_30fps_10s
378,1,p4x4,0,0.9844437172708528,2,11,1,-7,18.518682570557125,5:-5,spatial,0,440,1,hex,33,1,1,none,0,high,0.6407411631595799,44,9,92,2,80,11,11,2,1,0,Standard_480p_30fps_10s
378,1,p4x4,3,0.9844437172708528,0,11,0,-2,18.518682570557125,5:-5,temporal,0,440,1,hex,33,0,1,none,0,high,0.6407411631595799,44,10,22,2,95,1,21,0,1,1,Standard_480p_30fps_10s
378,1,p4x4,1,0.9844437172708528,2,11,0,8,29.649008445675488,5:-5,spatial,0,440,1,hex,33,1,1,none,0,main,0.6407411631595799,44,3,153,2,95,1,14,0,1,1,Standard_480p_30fps_10s
1178,0,all,3,0.9065584540988204,2,4,1,-10,11.649183250274437,0:0,auto,0,410,4,umh,11,0,0,cbr,1,baseline,0.5123914458022217,39,0,10,4,37,6,30,0,1,2,Action_480p_25fps_5s
1178,0,all,3,0.9065584540988204,2,3,1,-10,11.649183250274437,0:0,auto,1,410,0,umh,11,0,1,none,1,baseline,0.5123914458022217,39,0,192,2,19,6,40,1,0,1,Action_480p_25fps_5s
1178,0,all,1,0.9065584540988204,2,3,0,-11,11.649183250274437,0:0,temporal,0,410,4,umh,11,0,0,cbr,1,main,0.965829524139684,22,0,10,4,37,0,30,0,1,2,Action_480p_25fps_5s
1178,0,all,3,0.8875295029693533,2,3,1,-11,11.649183250274437,0:0,auto,0,410,4,umh,11,1,1,cbr,1,baseline,0.9148497995135092,46,1,88,14,43,4,38,0,0,0,Action_480p_25fps_5s
1178,0,all,3,0.9065584540988204,2,3,0,-11,11.649183250274437,0:0,auto,1,410,4,umh,11,0,0,cbr,1,baseline,0.5123914458022217,39,0,10,4,37,0,30,0,1,0,Action_480p_25fps_5s
1178,0,all,3,0.9065584540988204,2,3,0,-11,11.649183250274437,0:0,auto,0,410,4,umh,11,0,0,cbr,1,baseline,0.5123914458022217,39,14,29,2,19,6,40,1,0,1,Action_480p_25fps_5s
1178,0,all,3,0.9065584540988204,2,3,1,-10,11.649183250274437,0:0,auto,0,410,4,umh,11,0,0,cbr,1,baseline,0.5123914458022217,39,0,10,4,37,0,30,0,1,2,Action_480p_25fps_5s
1178,0,all,3,0.9065584540988204,2,3,1,-3,11.649183250274437,0:0,auto,0,410,4,umh,11,0,1,cbr,1,baseline,0.5123914458022217,39,0,10,4,37,0,59,0,1,2,Action_480p_25fps_5s
1178,0,all,3,0.9065584540988204,2,3,1,-10,11.649183250274437,0:0,auto,0,410,4,umh,11,1,0,cbr,1,high,0.5123914458022217,39,0,10,4,37,0,30,0,1,2,Action_480p_25fps_5s
1178,0,all,1,0.9065584540988204,2,3,0,-11,11.649183250274437,0:0,temporal,1,410,4,umh,11,0,1,none,1,baseline,0.5123914458022217,39,0,192,2,19,6,40,1,1,1,Action_480p_25fps_5s
1178,0,all,3,0.8875295029693533,2,3,1,-11,11.649183250274437,0:0,auto,0,410,4,umh,11,0,0,cbr,1,main,0.965829524139684,22,0,10,4,37,0,30,0,0,2,Action_480p_25fps_5s
1178,0,all,1,0.9065584540988204,2,3,0,-11,11.649183250274437,0:0,auto,0,410,4,umh,11,1,1,none,1,baseline,0.9148497995135092,46,1,88,14,43,4,38,0,0,0,Action_480p_25fps_5s
1178,0,all,3,0.9065584540988204,2,3,1,-10,11.649183250274437,0:0,auto,0,410,4,umh,11,0,1,cbr,1,baseline,0.5123914458022217,49,0,10,4,37,0,59,0,0,2,Action_480p_25fps_5s
1178,1,all,3,0.9065584540988204,2,3,1,-3,11.649183250274437,0:0,auto,0,410,4,umh,11,0,0,cbr,1,baseline,0.5123914458022217,39,0,10,4,37,0,30,2,1,2,Action_480p_25fps_5s
1178,0,all,1,0.8875295029693533,2,3,1,-11,11.649183250274437,0:0,auto,1,410,4,umh,11,1,1,cbr,1,baseline,0.9148497995135092,46,1,88,14,43,4,38,0,0,1,Action_480p_25fps_5s
1178,0,none,1,0.9065584540988204,2,2,0,-11,11.649183250274437,0:0,temporal,1,410,4,umh,11,0,1,none,1,baseline,0.8843341433892122,39,0,192,2,19,6,40,1,1,1,Action_480p_25fps_5s
1178,0,all,3,0.9065584540988204,2,3,1,-3,11.649183250274437,0:0,auto,0,410,4,umh,11,0,1,cbr,1,baseline,0.5123914458022217,39,14,29,2,19,5,40,1,0,1,Action_480p_25fps_5s
1178,1,all,3,0.9065584540988204,2,3,0,-11,11.649183250274437,0:0,auto,0,410,4,umh,11,0,1,cbr,1,baseline,0.5123914458022217,39,0,10,4,37,0,59,0,1,2,Action_480p_25fps_5s
1178,0,all,3,0.9065584540988204,2,15,1,-10,11.649183250274437,0:0,auto,0,410,4,umh,11,0,0,vbr,1,main,0.5123914458022217,39,3,122,4,68,0,46,0,1,2,Action_480p_25fps_5s
1178,1,all,3,0.9065584540988204,2,3,1,-11,11.649183250274437,0:0,auto,1,410,4,umh,11,0,1,cbr,1,baseline,0.5123914458022217,39,0,10,4,37,6,30,0,1,2,Action_480p_25fps_5s
987,0,all,1,0.9065584540988204,2,3,1,-10,11.649183250274437,0:0,auto,0,454,1,hex,33,1,1,none,1,high,0.140582926645761,44,3,22,2,95,1,21,0,0,1,Action_480p_30fps_10s
1178,0,all,3,0.8875295029693533,2,5,1,-11,22.889638866227955,0:0,auto,0,410,4,umh,11,0,1,none,1,main,0.140582926645761,44,3,22,2,95,1,21,0,0,1,Action_480p_30fps_10s
987,0,all,1,0.2889823163488238,1,3,1,-10,11.649183250274437,0:0,auto,0,454,1,hex,33,1,1,vbr,1,high,0.140582926645761,44,9,22,2,95,1,21,0,0,1,Action_480p_30fps_10s
1178,0,all,1,0.9065584540988204,2,3,0,-11,11.649183250274437,0:0,temporal,0,410,4,umh,11,0,0,cbr,1,main,0.965829524139684,22,0,10,4,37,0,30,0,1,2,Action_480p_30fps_10s
1178,0,all,3,0.8875295029693533,2,3,1,-11,11.649183250274437,0:0,auto,0,410,4,umh,11,1,1,cbr,1,baseline,0.9148497995135092,46,1,88,14,43,4,38,0,0,0,Action_480p_30fps_10s
1178,0,all,3,0.9065584540988204,2,4,1,-10,11.649183250274437,0:0,auto,0,410,4,umh,11,0,0,cbr,1,baseline,0.5123914458022217,39,0,10,4,37,6,30,0,1,2,Action_480p_30fps_10s
1178,0,all,3,0.9065584540988204,2,3,1,-10,11.649183250274437,0:0,auto,1,410,0,umh,11,0,1,none,1,baseline,0.5123914458022217,39,0,192,2,19,6,40,1,0,1,Action_480p_30fps_10s
1178,0,all,1,0.9065584540988204,2,3,0,-11,11.649183250274437,0:0,temporal,1,410,4,umh,11,0,1,none,1,baseline,0.5123914458022217,39,0,192,2,19,6,40,1,1,1,Action_480p_30fps_10s
1178,0,all,3,0.9065584540988204,2,3,1,-3,11.649183250274437,0:0,auto,0,410,4,umh,11,0,1,cbr,1,baseline,0.5123914458022217,39,0,10,4,37,0,59,0,1,2,Action_480p_30fps_10s
1178,0,all,3,0.9065584540988204,2,3,1,-10,11.649183250274437,0:0,auto,0,410,4,umh,11,1,0,cbr,1,high,0.5123914458022217,39,0,10,4,37,0,30,0,1,2,Action_480p_30fps_10s
1178,0,all,3,0.9065584540988204,2,3,1,-10,11.649183250274437,0:0,auto,0,410,4,umh,11,0,0,cbr,1,baseline,0.5123914458022217,39,0,10,4,37,0,30,0,1,2,Action_480p_30fps_10s
1178,0,all,3,0.9065584540988204,2,3,0,-11,11.649183250274437,0:0,auto,0,410,4,umh,11,0,0,cbr,1,baseline,0.5123914458022217,39,14,29,2,19,6,40,1,0,1,Action_480p_30fps_10s
1178,0,all,3,0.9065584540988204,2,3,0,-11,11.649183250274437,0:0,auto,1,410,4,umh,11,0,0,cbr,1,baseline,0.5123914458022217,39,0,10,4,37,0,30,0,1,0,Action_480p_30fps_10s
1178,0,all,3,0.9065584540988204,2,3,0,-11,11.649183250274437,0:0,auto,0,410,4,umh,11,0,1,cbr,1,baseline,0.5123914458022217,39,0,10,4,37,0,21,0,0,1,Action_480p_30fps_10s
1178,0,all,3,0.9065584540988204,2,3,1,-10,11.649183250274437,0:0,auto,1,410,0,umh,11,0,1,cbr,1,baseline,0.5123914458022217,39,0,192,2,40,6,40,1,0,2,Action_480p_30fps_10s
987,1,all,1,0.9065584540988204,2,3,1,-10,11.649183250274437,0:0,auto,0,454,1,umh,11,0,0,cbr,1,main,0.7319114972056074,22,0,10,4,37,0,30,0,1,2,Action_480p_30fps_10s
1178,0,all,3,0.8875295029693533,2,3,1,-11,22.889638866227955,0:0,auto,0,410,4,umh,11,0,1,none,1,baseline,0.5123914458022217,39,0,192,2,19,6,40,1,1,1,Action_480p_30fps_10s
144,0,all,3,0.8875295029693533,2,3,1,-11,11.649183250274437,0:0,auto,0,410,4,umh,11,0,0,cbr,1,baseline,0.5807734841301935,39,0,140,4,37,0,59,0,1,2,Action_480p_30fps_10s
1178,0,all,3,0.9065584540988204,2,9,0,3,11.649183250274437,-6:6,temporal,0,410,4,umh,11,0,0,cbr,1,main,0.965829524139684,41,0,10,4,37,0,30,0,1,2,Action_480p_30fps_10s
1178,0,all,3,0.9065584540988204,2,3,1,-10,11.649183250274437,0:0,auto,0,410,4,umh,11,1,0,cbr,1,high,0.5123914458022217,39,0,10,10,37,0,30,0,1,2,Action_480p_30fps_10s
1178,0,all,3,0.9065584540988204,2,4,1,-10,11.649183250274437,0:0,auto,0,410,4,umh,11,0,0,cbr,1,baseline,0.5123914458022217,39,0,10,4,37,6,30,0,1,2,Big_720p_60fps_15s
1178,0,all,1,0.9065584540988204,2,3,0,-11,11.649183250274437,0:0,temporal,0,410,4,umh,11,0,0,cbr,1,main,0.965829524139684,22,0,10,4,37,0,30,0,1,2,Big_720p_60fps_15s
1178,0,all,3,0.9065584540988204,2,3,1,-10,11.649183250274437,0:0,auto,1,410,0,umh,11,0,1,none,1,baseline,0.5123914458022217,39,0,192,2,19,6,40,1,0,1,Big_720p_60fps_15s
1178,0,all,3,0.8875295029693533,2,3,1,-11,11.649183250274437,0:0,auto,0,410,4,umh,11,1,1,cbr,1,baseline,0.9148497995135092,46,1,88,14,43,4,38,0,0,0,Big_720p_60fps_15s
1178,0,all,3,0.9065584540988204,2,3,1,-3,11.649183250274437,0:0,auto,0,410,4,umh,11,0,1,cbr,1,baseline,0.5123914458022217,39,0,10,4,37,0,59,0,1,2,Big_720p_60fps_15s
1178,0,all,3,0.9065584540988204,2,3,1,-10,11.649183250274437,0:0,auto,0,410,4,umh,11,1,0,cbr,1,high,0.5123914458022217,39,0,10,4,37,0,30,0,1,2,Big_720p_60fps_15s
1178,0,all,1,0.9065584540988204,2,3,0,-11,11.649183250274437,0:0,temporal,1,410,4,umh,11,0,1,none,1,baseline,0.5123914458022217,39,0,192,2,19,6,40,1,1,1,Big_720p_60fps_15s
1178,0,all,3,0.9065584540988204,2,3,1,-10,11.649183250274437,0:0,auto,0,410,4,umh,11,0,0,cbr,1,baseline,0.5123914458022217,39,0,10,4,37,0,30,0,1,2,Big_720p_60fps_15s
1178,0,all,3,0.9065584540988204,2,3,0,-11,11.649183250274437,0:0,auto,1,410,4,umh,11,0,0,cbr,1,baseline,0.5123914458022217,39,0,10,4,37,0,30,0,1,0,Big_720p_60fps_15s
1178,0,all,3,0.9065584540988204,2,3,0,-11,11.649183250274437,0:0,auto,0,410,4,umh,11,0,0,cbr,1,baseline,0.5123914458022217,39,14,29,2,19,6,40,1,0,1,Big_720p_60fps_15s
1178,0,all,3,0.9065584540988204,2,3,0,-11,11.649183250274437,0:0,temporal,0,410,4,umh,11,0,0,cbr,1,high,0.6407411631595799,44,3,22,2,95,8,21,0,0,1,Big_720p_60fps_15s
1178,0,p4x4,3,0.9065584540988204,2,4,1,-10,21.03743211730354,0:0,auto,0,410,4,umh,11,0,0,cbr,1,baseline,0.5425323994412006,30,0,10,4,37,0,30,0,1,2,Big_720p_60fps_15s
1178,0,all,1,0.9065584540988204,2,3,0,-11,11.649183250274437,0:0,temporal,0,410,4,umh,11,0,0,cbr,1,baseline,0.5123914458022217,39,0,10,4,37,6,30,0,1,2,Big_720p_60fps_15s
1178,0,all,3,0.9065584540988204,2,3,1,-10,11.649183250274437,0:0,auto,0,410,0,umh,11,0,1,vbr,1,high,0.6407411631595799,44,3,22,2,95,1,21,0,1,1,Big_720p_60fps_15s
1178,0,all,1,1.0254641378963725,2,3,0,-11,11.649183250274437,0:0,none,0,410,0,umh,11,0,0,cbr,1,main,0.965829524139684,47,3,22,2,95,1,21,0,1,0,Big_720p_60fps_15s
1178,0,all,1,0.9065584540988204,2,3,0,-11,11.649183250274437,0:0,temporal,0,410,4,umh,11,0,0,cbr,1,main,0.965829524139684,44,3,22,2,95,1,21,0,1,0,Big_720p_60fps_15s
1178,0,all,3,0.9065584540988204,2,3,1,-10,11.649183250274437,0:0,auto,1,410,0,umh,11,0,1,vbr,1,high,0.6407411631595799,44,3,22,2,95,1,16,2,1,1,Big_720p_60fps_15s
1178,0,all,2,0.9065584540988204,2,3,1,-10,37.71845183953907,0:0,auto,1,410,0,umh,11,0,1,vbr,1,high,0.9237506565614656,44,3,22,2,95,1,21,0,1,0,Big_720p_60fps_15s
1178,0,all,3,0.9065584540988204,2,3,0,11,11.649183250274437,0:0,auto,0,410,4,umh,11,1,0,cbr,1,high,0.5123914458022217,39,0,10,4,37,0,59,0,1,2,Big_720p_60fps_15s
1178,0,p4x4,3,0.9065584540988204,2,3,1,-3,11.649183250274437,0:0,auto,0,410,4,umh,11,0,1,cbr,1,baseline,0.5123914458022217,39,0,10,4,41,0,30,0,1,2,Big_720p_60fps_15s
1178,0,all,1,0.9065584540988204,2,3,0,-11,11.649183250274437,0:0,temporal,1,410,4,umh,11,0,1,none,1,baseline,0.5123914458022217,39,0,192,2,19,6,40,1,1,1,Big_1080p_25fps_10s
1178,0,all,3,0.9065584540988204,2,3,0,-11,11.649183250274437,0:0,auto,0,410,4,umh,11,0,0,cbr,1,baseline,0.5123914458022217,39,14,29,2,19,6,40,1,0,1,Big_1080p_25fps_10s
1178,0,all,3,0.9065584540988204,2,3,1,-10,11.649183250274437,0:0,auto,1,410,0,umh,11,0,1,none,1,baseline,0.5123914458022217,39,0,192,2,19,6,40,1,0,1,Big_1080p_25fps_10s
1178,0,all,3,0.8875295029693533,2,3,1,-11,11.649183250274437,0:0,auto,0,410,4,umh,11,1,1,cbr,1,baseline,0.9148497995135092,46,1,88,14,43,4,38,0,0,0,Big_1080p_25fps_10s
1178,0,all,3,0.9065584540988204,2,3,1,-10,11.649183250274437,0:0,auto,0,410,4,umh,11,0,0,cbr,1,baseline,0.5123914458022217,39,0,10,4,37,0,30,0,1,2,Big_1080p_25fps_10s
1178,0,all,3,0.9065584540988204,2,3,0,-11,11.649183250274437,0:0,auto,1,410,4,umh,11,0,0,cbr,1,baseline,0.5123914458022217,39,0,10,4,37,0,30,0,1,0,Big_1080p_25fps_10s
1178,0,all,1,0.9065584540988204,2,3,0,-11,11.649183250274437,0:0,temporal,0,410,4,umh,11,0,0,cbr,1,main,0.965829524139684,22,0,10,4,37,0,30,0,1,2,Big_1080p_25fps_10s
1178,0,all,3,0.9065584540988204,2,3,1,-10,11.649183250274437,0:0,auto,0,410,4,umh,11,1,0,cbr,1,high,0.5123914458022217,39,0,10,4,37,0,30,0,1,2,Big_1080p_25fps_10s
1178,0,all,3,0.9065584540988204,2,3,1,-3,11.649183250274437,0:0,auto,0,410,4,umh,11,0,1,cbr,1,baseline,0.5123914458022217,39,0,10,4,37,0,59,0,1,2,Big_1080p_25fps_10s
1178,0,all,3,0.9065584540988204,2,4,1,-10,11.649183250274437,0:0,auto,0,410,4,umh,11,0,0,cbr,1,baseline,0.5123914458022217,39,0,10,4,37,6,30,0,1,2,Big_1080p_25fps_10s
1178,0,all,3,0.2492032954064232,2,3,1,-3,11.649183250274437,0:0,auto,0,410,4,umh,11,0,1,cbr,1,baseline,0.5123914458022217,33,0,10,4,5,6,30,0,1,2,Big_1080p_25fps_10s
1178,0,all,3,0.9065584540988204,2,4,1,-10,20.60851486732971,0:0,auto,0,410,4,umh,11,1,0,cbr,1,baseline,0.7960514616500257,39,18,10,1,37,0,59,0,0,2,Big_1080p_25fps_10s
1178,0,all,3,1.4309639665686955,2,3,0,-10,11.649183250274437,0:0,auto,0,410,4,umh,11,1,0,cbr,0,high,0.2982479435103974,39,0,10,4,37,0,30,0,1,2,Big_1080p_25fps_10s
1178,0,all,1,0.9065584540988204,2,3,0,-11,11.649183250274437,0:0,temporal,1,410,4,umh,11,0,1,none,1,high,0.5123914458022217,39,0,192,2,19,6,40,1,1,1,Big_1080p_25fps_10s
1406,1,p4x4,0,0.9844437172708528,2,3,1,-10,11.649183250274437,0:0,auto,0,410,4,umh,11,1,0,cbr,1,high,0.5123914458022217,39,0,10,4,37,0,30,0,1,1,Big_1080p_25fps_10s
1178,0,all,1,0.9065584540988204,2,3,0,-11,11.649183250274437,0:0,temporal,0,199,4,umh,11,0,0,cbr,1,main,0.965829524139684,22,6,10,4,95,1,21,0,0,1,Big_1080p_25fps_10s
1178,0,p8x8,1,0.9065584540988204,2,3,1,-11,11.649183250274437,0:0,temporal,0,410,4,umh,11,0,0,cbr,1,main,0.965829524139684,22,0,10,4,37,6,30,0,1,2,Big_1080p_25fps_10s
1178,0,all,1,0.9065584540988204,2,4,1,-10,11.649183250274437,0:0,auto,0,410,4,umh,11,0,0,none,0,baseline,0.5123914458022217,39,0,10,4,37,6,30,0,1,2,Big_1080p_25fps_10s
1178,0,all,0,0.9065584540988204,2,3,0,-11,50.71076256650591,0:0,temporal,1,493,4,umh,11,0,0,none,1,baseline,0.5123914458022217,39,0,192,2,19,6,40,1,1,1,Big_1080p_25fps_10s
1178,0,all,3,0.9065584540988204,2,3,1,-3,11.649183250274437,0:0,none,0,410,4,umh,11,0,1,none,1,baseline,0.5123914458022217,39,0,192,2,19,6,40,1,1,1,Big_1080p_25fps_10s
378,1,all,1,0.9844437172708528,0,11,0,8,18.518682570557125,5:-5,spatial,0,440,1,hex,33,0,1,none,1,high,0.6407411631595799,44,3,22,2,95,1,33,2,1,1,Action_1080p_25fps_10s
2120,1,p4x4,1,0.9844437172708528,2,5,0,0,18.518682570557125,5:-5,spatial,0,151,4,dia,53,1,1,none,1,high,0.6407411631595799,44,3,22,2,95,1,21,2,0,1,Action_1080p_25fps_10s
378,1,p4x4,0,0.9844437172708528,2,11,0,-7,18.518682570557125,5:-5,spatial,0,440,1,hex,33,1,1,none,0,high,0.128052689104238,44,4,155,2,80,11,11,2,0,0,Action_1080p_25fps_10s
378,1,p4x4,0,0.9844437172708528,2,11,1,-7,18.518682570557125,5:-5,spatial,0,440,1,hex,33,1,1,none,0,high,0.128052689104238,44,4,10,4,37,6,30,0,1,1,Action_1080p_25fps_10s
2120,1,p4x4,1,0.9844437172708528,2,6,0,0,18.518682570557125,5:-5,spatial,0,151,4,dia,53,1,0,none,1,baseline,0.5425323994412006,30,0,10,4,37,0,30,0,1,2,Action_1080p_25fps_10s
378,1,p4x4,0,0.9844437172708528,2,11,1,-7,18.518682570557125,5:-5,spatial,0,440,1,hex,33,0,1,none,0,high,0.128052689104238,44,4,10,4,37,6,30,0,1,1,Action_1080p_25fps_10s
2120,1,p4x4,1,0.9844437172708528,0,5,0,0,17.913017377509092,1:1,spatial,0,151,4,dia,53,1,1,none,1,high,0.6407411631595799,44,3,22,2,95,1,21,0,1,0,Action_1080p_25fps_10s
378,1,p4x4,1,0.9844437172708528,2,15,0,-7,18.518682570557125,5:-5,spatial,0,410,4,umh,46,1,0,none,1,high,0.5123914458022217,39,0,57,4,37,0,30,0,1,2,Action_1080p_25fps_10s
378,1,all,1,0.9844437172708528,0,11,0,-3,18.518682570557125,6:6,spatial,0,151,4,dia,17,1,1,none,1,baseline,0.6407411631595799,44,3,22,2,95,9,21,2,0,1,Action_1080p_25fps_10s
2120,1,p4x4,1,0.9844437172708528,2,5,0,8,18.518682570557125,5:-5,spatial,1,440,1,hex,33,0,1,none,1,high,0.6407411631595799,44,3,22,2,95,1,33,2,1,1,Action_1080p_25fps_10s
378,1,p4x4,0,0.9844437172708528,2,11,0,-7,18.518682570557125,5:-5,spatial,0,440,1,hex,33,1,0,none,0,high,0.128052689104238,44,4,10,4,37,6,30,0,1,1,Action_1080p_25fps_10s
378,1,p4x4,0,0.9844437172708528,2,11,1,5,18.518682570557125,5:-5,none,0,485,1,hex,33,1,1,none,0,high,0.128052689104238,44,4,10,16,37,5,30,1,1,1,Action_1080p_25fps_10s
1178,0,all,0,0.8875295029693533,2,3,1,-11,11.649183250274437,0:0,auto,0,284,4,hex,51,1,1,cbr,1,baseline,0.6611632290585722,46,1,88,14,43,4,38,0,0,0,Action_1080p_25fps_10s
1178,0,all,3,0.9065584540988204,2,4,1,-10,11.649183250274437,0:0,auto,0,410,4,umh,11,0,0,cbr,1,baseline,0.5123914458022217,39,0,10,4,37,6,30,0,1,2,Action_1080p_25fps_10s
1178,0,all,3,0.9065584540988204,2,3,1,-10,11.649183250274437,0:0,auto,1,410,0,umh,11,0,1,none,1,baseline,0.5123914458022217,39,0,192,2,19,6,40,1,0,1,Action_1080p_25fps_10s
1178,0,all,1,0.9065584540988204,2,3,0,-11,11.649183250274437,0:0,temporal,0,410,4,umh,11,0,0,cbr,1,main,0.965829524139684,22,0,10,4,37,0,30,0,1,2,Action_1080p_25fps_10s
1178,0,all,3,0.9065584540988204,2,3,1,-3,11.649183250274437,0:0,auto,0,410,4,umh,11,0,1,cbr,1,baseline,0.5123914458022217,39,0,10,4,37,0,59,0,1,2,Action_1080p_25fps_10s
1178,0,all,3,0.9065584540988204,2,3,0,-11,11.649183250274437,0:0,auto,1,410,4,umh,11,0,0,cbr,1,baseline,0.5123914458022217,39,0,10,4,37,0,30,0,1,0,Action_1080p_25fps_10s
1178,0,all,3,0.9065584540988204,2,3,0,-11,11.649183250274437,0:0,auto,0,410,4,umh,11,0,0,cbr,1,baseline,0.5123914458022217,39,14,29,2,19,6,40,1,0,1,Action_1080p_25fps_10s
1178,0,all,3,0.9065584540988204,2,3,1,-10,11.649183250274437,0:0,auto,0,410,4,umh,11,0,0,cbr,1,baseline,0.5123914458022217,39,0,10,4,37,0,30,0,1,2,Action_1080p_25fps_10s
378,1,all,1,0.7918128443143394,0,11,1,-10,18.518682570557125,5:-5,spatial,0,440,1,hex,33,0,1,cbr,1,baseline,0.9148497995135092,46,1,88,10,43,4,21,2,0,1,Action_480p_25fps_20s
378,1,all,1,0.9844437172708528,0,11,0,8,18.518682570557125,5:-5,spatial,0,440,1,hex,33,0,1,none,1,high,0.6407411631595799,44,3,22,2,95,1,33,2,1,1,Action_480p_25fps_20s
378,1,p4x4,1,0.9844437172708528,0,11,0,0,18.518682570557125,5:-5,spatial,0,440,4,hex,33,1,1,none,1,high,0.6407411631595799,44,3,22,2,95,1,21,0,1,1,Action_480p_25fps_20s
378,1,p4x4,1,0.9844437172708528,2,11,0,8,18.518682570557125,5:-5,spatial,0,440,1,hex,33,1,1,none,1,high,0.6407411631595799,44,3,22,2,95,1,21,2,0,1,Action_480p_25fps_20s
1178,0,all,3,0.9844437172708528,0,11,0,0,18.518682570557125,5:-5,spatial,1,440,2,hex,57,1,1,none,1,high,0.6407411631595799,44,18,22,2,95,1,21,0,1,0,Action_480p_25fps_20s
378,1,p4x4,1,0.3337954328233935,0,11,0,0,18.518682570557125,5:-5,spatial,0,440,4,hex,33,1,0,none,0,main,0.4021226639805523,44,3,22,2,95,0,30,0,0,0,Action_480p_25fps_20s
378,1,p4x4,0,1.8308092128246145,2,11,0,8,18.518682570557125,5:-5,spatial,1,440,1,hex,33,0,1,none,1,high,0.6407411631595799,44,3,22,2,95,1,21,2,0,2,Action_480p_25fps_20s
378,1,all,1,0.9844437172708528,0,11,0,8,18.518682570557125,5:-5,spatial,0,440,1,hex,33,0,1,cbr,1,baseline,0.9148497995135092,46,1,88,10,43,4,46,0,0,0,Action_480p_25fps_20s
378,1,all,1,0.9844437172708528,0,11,0,8,18.518682570557125,5:-5,spatial,0,440,1,hex,33,1,1,none,1,high,0.6407411631595799,44,3,205,2,95,1,33,2,1,1,Action_480p_25fps_20s
378,1,p4x4,1,0.9844437172708528,2,11,1,8,32.951395530387586,5:-5,spatial,0,103,1,hex,33,1,1,none,1,high,0.6407411631595799,38,3,22,2,95,1,21,2,0,1,Action_480p_25fps_20s
378,1,p4x4,1,0.3337954328233935,0,11,0,8,18.518682570557125,5:-5,auto,0,440,1,umh,33,0,1,none,1,baseline,0.6407411631595799,44,3,22,2,95,10,21,2,0,1,Action_480p_25fps_20s
378,1,p4x4,0,1.1001807441560567,2,11,0,0,41.97215779676975,5:-5,spatial,1,440,4,umh,30,1,0,vbr,0,high,0.0994476287530445,44,3,22,2,95,0,30,0,0,0,Action_480p_25fps_20s
378,1,all,1,0.9844437172708528,1,11,0,8,18.518682570557125,5:-5,spatial,0,440,1,hex,33,1,1,none,1,high,0.6407411631595799,44,3,205,10,10,4,32,0,0,0,Action_480p_25fps_20s
1178,0,all,1,0.9844437172708528,2,11,0,8,18.518682570557125,5:-5,spatial,0,440,1,hex,33,0,1,none,1,high,0.6407411631595799,44,3,87,2,95,1,41,2,1,1,Action_480p_25fps_20s
1178,0,all,3,0.9844437172708528,1,11,0,8,18.518682570557125,5:-5,spatial,0,440,1,hex,33,0,1,none,1,high,0.6754435211854483,44,3,22,2,81,1,33,2,1,1,Action_480p_25fps_20s
378,1,all,1,0.9844437172708528,0,11,0,0,18.518682570557125,5:-5,spatial,1,440,2,hex,57,0,1,none,1,high,0.6407411631595799,44,18,22,2,95,1,21,0,1,0,Action_480p_25fps_20s
378,1,p4x4,1,0.3337954328233935,0,11,0,0,47.76281578914994,5:-5,spatial,0,440,4,hex,33,1,0,none,0,main,0.2930950044308443,44,3,22,4,95,1,25,0,1,1,Action_480p_25fps_20s
378,0,p4x4,1,0.9844437172708528,0,11,0,0,18.518682570557125,5:-5,spatial,0,440,4,hex,33,1,1,none,1,baseline,0.6407411631595799,44,3,22,2,95,0,30,0,0,0,Action_480p_25fps_20s
1571,1,p4x4,0,0.5050253584545359,2,11,0,8,18.518682570557125,5:-5,spatial,0,440,4,hex,33,1,0,none,0,high,0.4021226639805523,44,12,22,14,95,0,62,1,0,0,Action_480p_25fps_20s
378,1,p4x4,1,0.3337954328233935,0,11,1,0,39.875972953495456,5:-5,spatial,1,440,1,hex,33,0,1,none,1,high,0.9225065746749818,44,3,22,2,95,1,21,2,0,2,Action_480p_25fps_20s
1178,0,all,3,0.9065584540988204,2,3,1,-10,11.649183250274437,0:0,auto,1,410,0,umh,11,0,1,none,1,baseline,0.5123914458022217,39,0,192,2,19,6,40,1,0,1,Big_480p_30fps_15s
1178,0,all,3,0.9065584540988204,2,4,1,-10,11.649183250274437,0:0,auto,0,410,4,umh,11,0,0,cbr,1,baseline,0.5123914458022217,39,0,10,4,37,6,30,0,1,2,Big_480p_30fps_15s
1178,0,all,1,0.9065584540988204,2,3,0,-11,11.649183250274437,0:0,temporal,0,410,4,umh,11,0,0,cbr,1,main,0.965829524139684,22,0,10,4,37,0,30,0,1,2,Big_480p_30fps_15s
1178,0,all,1,0.9065584540988204,2,3,0,-11,11.649183250274437,0:0,temporal,1,410,4,umh,11,0,1,none,1,baseline,0.5123914458022217,39,0,192,2,19,6,40,1,1,1,Big_480p_30fps_15s
1178,0,all,3,0.8875295029693533,2,3,1,-11,11.649183250274437,0:0,auto,0,410,4,umh,11,1,1,cbr,1,baseline,0.9148497995135092,46,1,88,14,43,4,38,0,0,0,Big_480p_30fps_15s
1178,0,all,3,0.9065584540988204,2,3,1,-10,11.649183250274437,0:0,auto,0,410,4,umh,11,1,0,cbr,1,high,0.5123914458022217,39,0,10,4,37,0,30,0,1,2,Big_480p_30fps_15s
1178,0,all,3,0.9065584540988204,2,3,1,-3,11.649183250274437,0:0,auto,0,410,4,umh,11,0,1,cbr,1,baseline,0.5123914458022217,39,0,10,4,37,0,59,0,1,2,Big_480p_30fps_15s
1178,0,all,3,0.9065584540988204,2,3,0,-11,11.649183250274437,0:0,auto,0,410,4,umh,11,0,0,cbr,1,baseline,0.5123914458022217,39,14,29,2,19,6,40,1,0,1,Big_480p_30fps_15s
1178,0,all,3,0.9065584540988204,2,3,0,-11,11.649183250274437,0:0,auto,1,410,4,umh,11,0,0,cbr,1,baseline,0.5123914458022217,39,0,10,4,37,0,30,0,1,0,Big_480p_30fps_15s
1178,0,all,3,0.9065584540988204,2,3,1,-10,11.649183250274437,0:0,auto,0,410,4,umh,11,0,0,cbr,1,baseline,0.5123914458022217,39,0,10,4,37,0,30,0,1,2,Big_480p_30fps_15s
200,0,all,1,0.9065584540988204,0,3,0,-11,11.649183250274437,0:0,auto,0,410,4,umh,11,0,0,vbr,1,baseline,0.5123914458022217,39,14,29,14,19,6,40,1,1,1,Big_480p_30fps_15s
1178,0,all,3,0.9065584540988204,2,3,0,-11,11.649183250274437,0:0,temporal,0,410,4,umh,11,1,0,cbr,1,main,0.965829524139684,22,0,10,4,37,0,30,0,1,2,Big_480p_30fps_15s
1178,0,all,3,0.9065584540988204,2,3,1,-10,11.649183250274437,0:0,auto,0,410,4,umh,11,0,0,cbr,1,high,0.5123914458022217,39,0,10,4,39,1,23,2,0,1,Big_480p_30fps_15s
1178,0,all,3,0.9065584540988204,2,1,1,12,11.649183250274437,6:-6,auto,0,410,4,umh,11,0,0,cbr,1,main,0.965829524139684,22,0,3,4,37,0,30,0,1,2,Big_480p_30fps_15s
1178,0,all,1,0.9065584540988204,2,16,0,-11,11.649183250274437,0:0,temporal,0,410,4,umh,11,0,1,cbr,1,baseline,0.5123914458022217,39,0,10,4,37,0,55,1,1,2,Big_480p_30fps_15s
1178,0,all,3,0.9065584540988204,2,3,1,-10,11.649183250274437,0:0,auto,0,410,4,umh,11,0,0,cbr,1,baseline,0.5123914458022217,39,0,192,2,19,6,40,1,1,1,Big_480p_30fps_15s
188,0,all,3,0.9065584540988204,2,4,1,-10,11.649183250274437,0:0,auto,0,410,4,umh,56,0,0,cbr,0,baseline,0.5123914458022217,39,0,10,4,37,6,30,0,1,2,Big_480p_30fps_15s
1178,0,all,3,0.9065584540988204,2,3,1,-10,11.649183250274437,0:0,auto,1,410,4,umh,11,0,1,none,1,baseline,0.5123914458022217,26,0,10,4,37,0,59,0,1,2,Big_480p_30fps_15s
1599,0,all,3,0.9065584540988204,2,3,1,-3,11.649183250274437,0:0,auto,0,410,4,esa,11,1,1,cbr,1,baseline,0.5123914458022217,39,0,10,4,37,7,21,0,1,1,Big_480p_30fps_15s
1178,1,all,3,0.9065584540988204,2,3,1,-10,11.649183250274437,5:-5,auto,1,410,0,tesa,11,0,0,cbr,1,main,0.5123914458022217,39,0,10,4,37,6,30,2,1,2,Big_480p_30fps_15s
378,1,p4x4,1,0.9844437172708528,2,11,1,8,32.951395530387586,5:-5,spatial,0,103,1,hex,33,1,1,none,1,high,0.6407411631595799,38,3,22,2,95,1,21,2,0,1,Standard_720p_30fps_5s
378,1,all,1,0.9844437172708528,0,11,0,8,18.518682570557125,5:-5,spatial,0,440,1,hex,33,1,1,none,1,high,0.6407411631595799,44,3,205,2,95,1,33,2,1,1,Standard_720p_30fps_5s
378,1,p4x4,0,1.8308092128246145,2,11,0,8,18.518682570557125,5:-5,spatial,1,440,1,hex,33,0,1,none,1,high,0.6407411631595799,44,3,22,2,95,1,21,2,0,2,Standard_720p_30fps_5s
378,1,all,1,0.9844437172708528,0,11,0,8,18.518682570557125,5:-5,spatial,0,440,1,hex,33,0,1,cbr,1,baseline,0.9148497995135092,46,1,88,10,43,4,46,0,0,0,Standard_720p_30fps_5s
1178,0,all,3,0.9844437172708528,0,11,0,0,18.518682570557125,5:-5,spatial,1,440,2,hex,57,1,1,none,1,high,0.6407411631595799,44,18,22,2,95,1,21,0,1,0,Standard_720p_30fps_5s
378,1,p4x4,1,0.3337954328233935,0,11,0,0,18.518682570557125,5:-5,spatial,0,440,4,hex,33,1,0,none,0,main,0.4021226639805523,44,3,22,2,95,0,30,0,0,0,Standard_720p_30fps_5s
378,1,p4x4,1,0.9844437172708528,0,11,0,0,18.518682570557125,5:-5,spatial,0,440,4,hex,33,1,1,none,1,high,0.6407411631595799,44,3,22,2,95,1,21,0,1,1,Standard_720p_30fps_5s
378,1,p4x4,1,0.9844437172708528,2,11,0,8,18.518682570557125,5:-5,spatial,0,440,1,hex,33,1,1,none,1,high,0.6407411631595799,44,3,22,2,95,1,21,2,0,1,Standard_720p_30fps_5s
378,1,all,1,0.9844437172708528,0,11,0,8,18.518682570557125,5:-5,spatial,0,440,1,hex,33,0,1,none,1,high,0.6407411631595799,44,3,22,2,95,1,33,2,1,1,Standard_720p_30fps_5s
378,1,p4x4,1,0.3337954328233935,0,11,0,0,18.518682570557125,6:-6,spatial,0,440,4,hex,46,1,0,none,0,main,0.4021226639805523,44,3,22,2,95,0,33,2,1,1,Standard_720p_30fps_5s
378,1,all,1,0.9844437172708528,0,11,0,8,18.518682570557125,5:-5,spatial,0,440,2,hex,33,1,0,none,1,high,0.6407411631595799,30,5,22,2,95,0,30,0,0,0,Standard_720p_30fps_5s
378,1,p4x4,1,0.9844437172708528,2,11,0,0,18.518682570557125,5:-5,spatial,0,440,4,hex,33,1,0,none,0,main,0.4021226639805523,44,3,22,2,95,0,30,0,0,0,Standard_720p_30fps_5s
378,1,p4x4,1,0.3337954328233935,0,11,1,8,32.951395530387586,5:-5,spatial,0,103,0,hex,33,1,1,none,1,high,0.6407411631595799,38,3,22,2,36,2,21,2,0,1,Standard_720p_30fps_5s
378,1,p4x4,0,1.8308092128246145,2,11,0,8,18.518682570557125,5:-5,spatial,1,440,4,hex,33,0,1,none,1,high,0.6407411631595799,44,18,248,2,95,1,15,0,1,0,Standard_720p_30fps_5s
378,1,all,3,0.9844437172708528,2,11,0,8,18.518682570557125,5:-5,spatial,0,440,1,hex,33,1,1,none,1,high,0.6407411631595799,44,3,22,15,95,5,21,1,0,1,Standard_720p_30fps_5s
378,1,all,1,0.9844437172708528,0,11,0,8,18.518682570557125,5:-5,spatial,0,440,1,hex,33,0,1,none,1,high,0.6407411631595799,41,3,205,2,95,1,33,2,1,1,Standard_720p_30fps_5s
378,1,all,0,1.8308092128246145,2,11,0,8,11.302398815321745,5:-5,spatial,1,440,4,hex,33,0,1,none,1,high,0.6407411631595799,44,3,8,2,95,1,21,2,0,0,Standard_720p_30fps_5s
378,1,p4x4,1,0.9844437172708528,0,11,0,0,18.518682570557125,5:-5,spatial,0,440,3,hex,33,1,1,none,1,high,0.4463040942815339,44,3,22,2,95,1,21,0,0,0,Standard_720p_30fps_5s
378,1,p4x4,1,0.6998466109290318,0,11,0,0,18.518682570557125,5:-5,spatial,0,440,4,hex,33,1,0,vbr,1,main,0.4021226639805523,44,3,64,2,95,0,30,1,1,2,Standard_720p_30fps_5s
378,1,all,1,0.3337954328233935,0,11,0,0,18.518682570557125,5:-5,spatial,0,242,4,hex,33,1,0,none,0,main,0.4021226639805523,44,3,22,2,95,6,30,0,1,0,Standard_720p_30fps_5s
1178,0,all,3,0.9065584540988204,2,3,1,-10,11.649183250274437,0:0,auto,1,410,0,umh,11,0,1,none,1,baseline,0.5123914458022217,39,0,192,2,19,6,40,1,0,1,Still_image_1080p_60fps_15s
1178,0,all,1,0.9065584540988204,2,3,0,-11,11.649183250274437,0:0,temporal,0,410,4,umh,11,0,0,cbr,1,main,0.965829524139684,22,0,10,4,37,0,30,0,1,2,Still_image_1080p_60fps_15s
1178,0,all,3,0.9065584540988204,2,4,1,-10,11.649183250274437,0:0,auto,0,410,4,umh,11,0,0,cbr,1,baseline,0.5123914458022217,39,0,10,4,37,6,30,0,1,2,Still_image_1080p_60fps_15s
1178,0,all,3,0.9065584540988204,2,3,1,-3,11.649183250274437,0:0,auto,0,410,4,umh,11,0,1,cbr,1,baseline,0.5123914458022217,39,0,10,4,37,0,59,0,1,2,Still_image_1080p_60fps_15s
1178,0,all,3,0.9065584540988204,2,3,1,-10,11.649183250274437,0:0,auto,0,410,4,umh,11,1,0,cbr,1,high,0.5123914458022217,39,0,10,4,37,0,30,0,1,2,Still_image_1080p_60fps_15s
1178,0,all,3,0.8875295029693533,2,3,1,-11,11.649183250274437,0:0,auto,0,410,4,umh,11,1,1,cbr,1,baseline,0.9148497995135092,46,1,88,14,43,4,38,0,0,0,Still_image_1080p_60fps_15s
1178,0,all,1,0.9065584540988204,2,3,0,-11,11.649183250274437,0:0,temporal,1,410,4,umh,11,0,1,none,1,baseline,0.5123914458022217,39,0,192,2,19,6,40,1,1,1,Still_image_1080p_60fps_15s
1178,0,all,3,0.9065584540988204,2,3,0,-11,11.649183250274437,0:0,auto,0,410,4,umh,11,0,0,cbr,1,baseline,0.5123914458022217,39,14,29,2,19,6,40,1,0,1,Still_image_1080p_60fps_15s
1178,0,all,3,0.9065584540988204,2,3,0,-11,11.649183250274437,0:0,auto,1,410,4,umh,11,0,0,cbr,1,baseline,0.5123914458022217,39,0,10,4,37,0,30,0,1,0,Still_image_1080p_60fps_15s
1178,0,all,3,0.9065584540988204,2,3,1,-10,11.649183250274437,0:0,auto,0,410,4,umh,11,0,0,cbr,1,baseline,0.5123914458022217,39,0,10,4,37,0,30,0,1,2,Still_image_1080p_60fps_15s
1178,0,all,3,0.9065584540988204,2,3,0,-11,11.649183250274437,0:0,auto,0,93,4,umh,11,1,0,vbr,1,baseline,0.5123914458022217,39,14,29,2,19,6,40,1,1,1,Still_image_1080p_60fps_15s
1178,0,all,3,0.9065584540988204,2,3,0,-11,11.649183250274437,0:0,auto,0,410,4,dia,11,0,0,cbr,1,baseline,0.5123914458022217,39,14,29,2,19,6,57,1,0,1,Still_image_1080p_60fps_15s
1178,0,all,3,1.9210502106614464,2,3,1,-10,11.649183250274437,0:0,auto,0,410,4,umh,11,1,0,cbr,1,high,0.5123914458022217,39,7,10,4,95,0,33,0,1,1,Still_image_1080p_60fps_15s
1178,0,all,3,0.9065584540988204,2,3,0,-11,11.649183250274437,0:0,auto,0,410,4,umh,11,0,0,cbr,1,baseline,0.5123914458022217,39,0,164,4,37,6,30,0,1,2,Still_image_1080p_60fps_15s
1178,1,all,3,0.9065584540988204,2,1,1,-10,11.649183250274437,0:0,auto,1,410,4,umh,11,0,0,cbr,1,baseline,0.5123914458022217,39,0,10,9,37,4,30,0,1,2,Still_image_1080p_60fps_15s
1178,0,all,3,0.9009704536636288,2,3,0,-10,11.649183250274437,0:0,auto,1,410,0,umh,11,0,1,none,1,baseline,0.5123914458022217,39,0,10,4,37,0,59,0,0,2,Still_image_1080p_60fps_15s
1178,0,p8x8,3,0.9065584540988204,2,3,1,-3,11.649183250274437,0:0,auto,0,410,4,umh,11,0,1,cbr,1,baseline,0.5123914458022217,37,0,192,2,19,6,27,1,0,1,Still_image_1080p_60fps_15s
1178,0,all,3,0.9065584540988204,2,3,1,-10,11.649183250274437,0:0,spatial,0,410,4,umh,11,0,1,cbr,1,baseline,0.9254823181740212,39,0,10,2,37,0,30,2,1,2,Still_image_1080p_60fps_15s
1178,0,all,1,0.9065584540988204,2,3,0,-10,11.649183250274437,0:0,auto,0,410,0,umh,11,0,1,none,1,baseline,0.5123914458022217,39,0,192,2,19,10,30,0,1,2,Still_image_1080p_60fps_15s
1178,0,all,3,0.2597690928554347,2,5,1,-10,11.649183250274437,0:0,auto,0,410,4,umh,11,0,0,cbr,1,main,0.5123914458022217,39,0,10,4,37,6,40,1,0,1,Still_image_1080p_60fps_15s
1178,1,p4x4,0,0.9065584540988204,2,9,0,-11,11.649183250274437,0:0,temporal,0,475,4,umh,11,0,1,cbr,1,high,0.965829524139684,44,0,22,2,95,1,21,0,1,1,Standard_480p_25fps_20s
1178,0,all,1,0.9065584540988204,2,3,0,-11,11.649183250274437,0:0,temporal,0,410,4,umh,11,0,0,cbr,1,main,0.965829524139684,22,0,10,4,37,0,30,0,1,2,Standard_480p_25fps_20s
1178,0,all,3,0.9065584540988204,2,3,1,-10,11.649183250274437,0:0,auto,1,410,0,umh,11,0,1,none,1,baseline,0.5123914458022217,39,0,192,2,19,6,40,1,0,1,Standard_480p_25fps_20s
1178,0,all,3,0.9065584540988204,2,4,1,-10,11.649183250274437,0:0,auto,0,410,4,umh,11,0,0,cbr,1,baseline,0.5123914458022217,39,0,10,4,37,6,30,0,1,2,Standard_480p_25fps_20s
1178,0,all,3,0.8875295029693533,2,3,1,-11,11.649183250274437,0:0,auto,0,410,4,umh,11,1,1,cbr,1,baseline,0.9148497995135092,46,1,88,14,43,4,38,0,0,0,Standard_480p_25fps_20s
1178,0,all,3,0.9065584540988204,2,3,1,-10,11.649183250274437,0:0,auto,0,410,4,umh,11,1,0,cbr,1,high,0.5123914458022217,39,0,10,4,37,0,30,0,1,2,Standard_480p_25fps_20s
1178,0,all,3,0.9065584540988204,2,3,1,-3,11.649183250274437,0:0,auto,0,410,4,umh,11,0,1,cbr,1,baseline,0.5123914458022217,39,0,10,4,37,0,59,0,1,2,Standard_480p_25fps_20s
1178,0,all,1,0.9065584540988204,2,3,0,-11,11.649183250274437,0:0,temporal,1,410,4,umh,11,0,1,none,1,baseline,0.5123914458022217,39,0,192,2,19,6,40,1,1,1,Standard_480p_25fps_20s
1178,0,all,3,0.9065584540988204,2,3,1,-10,11.649183250274437,0:0,auto,0,410,4,umh,11,0,0,cbr,1,baseline,0.5123914458022217,39,0,10,4,37,0,30,0,1,2,Standard_480p_25fps_20s
1178,0,all,3,0.9065584540988204,2,3,0,-11,11.649183250274437,0:0,auto,1,410,4,umh,11,0,0,cbr,1,baseline,0.5123914458022217,39,0,10,4,37,0,30,0,1,0,Standard_480p_25fps_20s
1178,0,all,3,0.9065584540988204,2,3,0,-11,11.649183250274437,0:0,auto,0,410,4,umh,11,0,0,cbr,1,baseline,0.5123914458022217,39,14,29,2,19,6,40,1,0,1,Standard_480p_25fps_20s
1178,0,all,1,1.0254641378963725,2,3,0,-11,11.649183250274437,0:0,none,0,410,0,umh,11,0,0,cbr,1,main,0.965829524139684,47,3,22,2,95,1,21,0,1,0,Standard_480p_25fps_20s
1178,0,all,1,0.9065584540988204,2,3,0,-11,11.649183250274437,0:0,temporal,0,410,4,umh,11,0,0,cbr,1,baseline,0.5123914458022217,39,0,10,4,37,6,30,0,1,2,Standard_480p_25fps_20s
1178,0,all,3,0.9065584540988204,2,3,1,-10,11.649183250274437,0:0,auto,0,410,0,umh,11,0,1,vbr,1,high,0.6407411631595799,44,3,22,2,95,1,21,0,1,1,Standard_480p_25fps_20s
1178,0,all,3,0.9065584540988204,2,3,0,-11,11.649183250274437,0:0,temporal,0,410,4,umh,11,0,0,cbr,1,high,0.6407411631595799,44,3,22,2,95,8,21,0,0,1,Standard_480p_25fps_20s
1178,0,p4x4,3,0.9065584540988204,2,4,1,-10,21.03743211730354,0:0,auto,0,410,4,umh,11,0,0,cbr,1,baseline,0.5425323994412006,30,0,10,4,37,0,30,0,1,2,Standard_480p_25fps_20s
1178,0,all,3,0.9065584540988204,2,3,1,-10,11.649183250274437,0:0,auto,1,410,0,umh,11,0,1,vbr,1,high,0.6407411631595799,44,3,22,2,95,1,16,2,1,1,Standard_480p_25fps_20s
1178,0,all,1,0.9065584540988204,2,3,0,-11,11.649183250274437,0:0,temporal,0,410,4,umh,11,0,0,cbr,1,main,0.965829524139684,44,3,22,2,95,1,21,0,1,0,Standard_480p_25fps_20s
1178,0,all,3,0.9065584540988204,2,4,1,-10,11.649183250274437,0:0,auto,0,410,4,hex,11,0,0,cbr,1,baseline,0.5123914458022217,47,0,10,4,37,0,30,0,1,0,Standard_480p_25fps_20s
1178,0,all,3,0.9065584540988204,2,3,0,-11,11.649183250274437,-3:3,spatial,1,410,4,umh,11,0,0,cbr,1,baseline,0.5123914458022217,39,0,10,4,11,6,30,0,1,2,Standard_480p_25fps_20s
378,1,all,1,0.9844437172708528,0,11,0,8,18.518682570557125,5:-5,spatial,0,440,1,hex,33,0,1,none,1,high,0.6407411631595799,44,3,22,2,95,1,33,2,1,1,Big_1080p_60fps_20s
378,1,p4x4,1,0.9844437172708528,0,11,0,0,18.518682570557125,5:-5,spatial,0,440,4,hex,33,1,1,none,1,high,0.6407411631595799,44,3,22,2,95,1,21,0,1,1,Big_1080p_60fps_20s
378,1,p4x4,1,0.9844437172708528,2,11,0,8,18.518682570557125,5:-5,spatial,0,440,1,hex,33,1,1,none,1,high,0.6407411631595799,44,3,22,2,95,1,21,2,0,1,Big_1080p_60fps_20s
378,1,p4x4,0,0.9844437172708528,2,11,0,-7,18.518682570557125,5:-5,spatial,0,440,1,hex,33,1,1,none,0,high,0.128052689104238,44,4,155,2,80,11,11,2,0,0,Big_1080p_60fps_20s
2120,1,p4x4,1,0.9844437172708528,2,5,0,0,18.518682570557125,5:-5,spatial,0,151,4,dia,53,1,1,none,1,high,0.6407411631595799,44,3,22,2,95,1,21,2,0,1,Big_1080p_60fps_20s
2295,1,all,3,1.8245416022471044,0,9,1,-12,18.518682570557125,5:-5,spatial,0,440,4,hex,41,0,1,none,1,high,0.6407411631595799,44,3,22,2,95,1,21,0,1,1,Big_1080p_60fps_20s
378,1,p8x8,1,0.9844437172708528,1,9,1,-12,18.518682570557125,5:-5,spatial,0,440,4,hex,41,0,1,none,1,high,0.6407411631595799,44,3,22,2,95,1,21,0,1,1,Big_1080p_60fps_20s
2120,1,p4x4,1,0.9844437172708528,2,11,0,0,18.518682570557125,5:-5,spatial,0,151,4,dia,33,1,1,none,0,high,0.6407411631595799,44,4,155,2,80,11,11,2,0,0,Big_1080p_60fps_20s
76,0,p8x8,3,1.997601325586333,1,12,0,8,38.687654164818326,5:-5,spatial,0,440,4,hex,33,1,1,none,1,high,0.6407411631595799,44,3,22,2,95,2,21,0,1,0,Big_1080p_60fps_20s
378,1,all,1,0.9844437172708528,1,9,1,-12,18.518682570557125,5:-5,spatial,1,440,4,hex,41,0,1,none,1,high,0.6407411631595799,44,3,22,14,95,1,1,0,1,1,Big_1080p_60fps_20s
801,1,p4x4,1,0.9844437172708528,2,11,0,8,18.518682570557125,5:-5,spatial,0,440,1,hex,33,1,1,vbr,1,high,0.6407411631595799,44,3,22,2,48,1,21,2,0,2,Big_1080p_60fps_20s
76,0,p8x8,3,1.997601325586333,1,12,0,8,38.687654164818326,5:-5,spatial,0,440,4,hex,33,1,1,none,1,high,0.6407411631595799,44,3,22,2,95,2,21,0,1,2,Big_1080p_60fps_20s
245,1,all,3,1.8245416022471044,0,9,1,8,38.687654164818326,5:-5,spatial,0,440,4,hex,33,1,1,vbr,1,high,0.6407411631595799,44,3,22,2,95,2,21,0,1,0,Big_1080p_60fps_20s
76,1,p8x8,3,1.997601325586333,1,12,0,-12,18.518682570557125,5:-5,none,0,440,4,hex,41,0,1,none,1,high,0.6407411631595799,44,3,22,2,95,1,21,0,1,1,Big_1080p_60fps_20s
1178,0,all,3,1.997601325586333,1,12,0,8,38.687654164818326,5:-5,spatial,0,440,4,hex,33,1,1,vbr,0,high,0.6407411631595799,44,1,22,6,95,2,21,0,1,2,Big_1080p_60fps_20s
2120,1,all,2,0.9844437172708528,1,9,1,-12,18.518682570557125,5:-5,spatial,0,440,4,hex,63,0,1,none,1,high,0.6407411631595799,44,3,22,2,95,1,52,0,1,1,Big_1080p_60fps_20s
2295,1,all,3,1.8245416022471044,0,9,0,-12,18.518682570557125,5:-5,spatial,0,440,4,umh,41,1,1,none,1,high,0.6407411631595799,44,3,22,2,95,6,21,0,1,0,Big_1080p_60fps_20s
76,1,p8x8,3,1.997601325586333,1,12,0,8,38.687654164818326,5:-5,spatial,1,440,4,hex,33,0,1,cbr,1,high,0.6407411631595799,44,3,22,2,95,1,21,0,1,1,Big_1080p_60fps_20s
378,0,all,1,0.9844437172708528,1,9,1,-12,18.518682570557125,0:0,spatial,1,440,4,hex,33,0,1,none,1,high,0.6407411631595799,44,3,22,2,95,1,21,0,1,1,Big_1080p_60fps_20s
76,0,p8x8,3,1.997601325586333,1,12,0,8,38.687654164818326,1:-1,spatial,0,440,3,hex,33,1,1,none,1,baseline,0.6407411631595799,44,3,22,2,95,1,21,2,0,1,Big_1080p_60fps_20s
1178,0,all,3,0.9065584540988204,2,4,1,-10,11.649183250274437,0:0,auto,0,410,4,umh,11,0,0,cbr,1,baseline,0.5123914458022217,39,0,10,4,37,6,30,0,1,2,Big_1080p_60fps_15s
1178,0,all,3,0.9065584540988204,2,3,1,-10,11.649183250274437,0:0,auto,1,410,0,umh,11,0,1,none,1,baseline,0.5123914458022217,39,0,192,2,19,6,40,1,0,1,Big_1080p_60fps_15s
1178,0,all,1,0.9065584540988204,2,3,0,-11,11.649183250274437,0:0,temporal,0,410,4,umh,11,0,0,cbr,1,main,0.965829524139684,22,0,10,4,37,0,30,0,1,2,Big_1080p_60fps_15s
1178,0,all,3,0.8875295029693533,2,3,1,-11,11.649183250274437,0:0,auto,0,410,4,umh,11,1,1,cbr,1,baseline,0.9148497995135092,46,1,88,14,43,4,38,0,0,0,Big_1080p_60fps_15s
1178,0,all,3,0.9065584540988204,2,3,1,-10,11.649183250274437,0:0,auto,0,410,4,umh,11,1,0,cbr,1,high,0.5123914458022217,39,0,10,4,37,0,30,0,1,2,Big_1080p_60fps_15s
1178,0,all,3,0.9065584540988204,2,3,1,-3,11.649183250274437,0:0,auto,0,410,4,umh,11,0,1,cbr,1,baseline,0.5123914458022217,39,0,10,4,37,0,59,0,1,2,Big_1080p_60fps_15s
1178,0,all,1,0.9065584540988204,2,3,0,-11,11.649183250274437,0:0,temporal,1,410,4,umh,11,0,1,none,1,baseline,0.5123914458022217,39,0,192,2,19,6,40,1,1,1,Big_1080p_60fps_15s
1178,0,all,3,0.9065584540988204,2,3,1,-10,11.649183250274437,0:0,auto,0,410,4,umh,11,0,0,cbr,1,baseline,0.5123914458022217,39,0,10,4,37,0,30,0,1,2,Big_1080p_60fps_15s
1178,0,all,3,0.9065584540988204,2,3,0,-11,11.649183250274437,0:0,auto,1,410,4,umh,11,0,0,cbr,1,baseline,0.5123914458022217,39,0,10,4,37,0,30,0,1,0,Big_1080p_60fps_15s
1178,0,all,3,0.9065584540988204,2,3,0,-11,11.649183250274437,0:0,auto,0,410,4,umh,11,0,0,cbr,1,baseline,0.5123914458022217,39,14,29,2,19,6,40,1,0,1,Big_1080p_60fps_15s
1178,0,all,3,0.2406564473937466,2,3,1,-10,11.649183250274437,0:0,auto,0,410,4,umh,11,0,0,vbr,1,baseline,0.5123914458022217,39,10,10,4,37,0,30,0,0,0,Big_1080p_60fps_15s
1178,0,p4x4,3,0.9065584540988204,2,3,0,-11,11.649183250274437,0:0,auto,1,410,4,umh,11,0,0,cbr,1,baseline,0.5123914458022217,39,0,10,4,18,0,30,0,1,2,Big_1080p_60fps_15s
1178,0,all,1,0.9065584540988204,2,13,0,8,11.649183250274437,5:-5,auto,1,410,4,umh,11,0,0,cbr,1,baseline,0.5123914458022217,39,14,29,2,19,6,40,2,0,1,Big_1080p_60fps_15s
1178,0,all,3,0.9065584540988204,2,4,1,-10,11.649183250274437,0:0,auto,0,410,2,umh,11,0,0,cbr,1,baseline,0.5123914458022217,39,7,10,4,37,1,30,0,1,2,Big_1080p_60fps_15s
1178,0,all,2,0.9065584540988204,2,3,1,-10,11.649183250274437,0:0,spatial,1,410,0,umh,11,0,1,none,1,baseline,0.5123914458022217,46,1,88,14,43,4,38,0,1,0,Big_1080p_60fps_15s
1178,0,all,3,0.9065584540988204,2,3,0,-10,11.649183250274437,0:0,auto,1,410,0,umh,11,0,1,none,1,baseline,0.5123914458022217,39,19,10,4,37,0,59,0,1,2,Big_1080p_60fps_15s
1178,0,all,0,0.9065584540988204,2,3,1,-3,11.649183250274437,0:0,auto,0,410,4,umh,11,0,1,cbr,0,baseline,0.5123914458022217,39,0,192,8,19,1,40,0,0,1,Big_1080p_60fps_15s
1178,0,p8x8,3,0.9065584540988204,2,3,1,-10,11.649183250274437,0:0,auto,0,410,4,umh,11,1,1,cbr,1,baseline,0.9148497995135092,46,1,88,7,43,4,38,0,0,0,Big_1080p_60fps_15s
1178,0,all,3,0.8875295029693533,2,3,1,-11,11.649183250274437,0:0,auto,0,410,4,umh,11,0,0,cbr,1,high,0.5123914458022217,39,0,10,15,37,0,30,0,0,2,Big_1080p_60fps_15s
1178,0,all,3,0.9065584540988204,2,16,0,-10,11.649183250274437,0:0,auto,1,410,0,umh,11,0,0,none,0,baseline,0.5123914458022217,39,0,192,2,90,6,40,1,0,1,Big_1080p_60fps_15s
1178,0,all,3,0.9065584540988204,2,4,1,-10,11.649183250274437,0:0,auto,0,410,4,umh,11,0,0,cbr,1,baseline,0.5123914458022217,39,0,10,4,37,6,30,0,1,2,Still_image_1080p_25fps_20s
1178,0,all,1,0.9065584540988204,2,3,0,-11,11.649183250274437,0:0,temporal,0,410,4,umh,11,0,0,cbr,1,main,0.965829524139684,22,0,10,4,37,0,30,0,1,2,Still_image_1080p_25fps_20s
1178,0,all,3,0.9065584540988204,2,3,1,-10,11.649183250274437,0:0,auto,1,410,0,umh,11,0,1,none,1,baseline,0.5123914458022217,39,0,192,2,19,6,40,1,0,1,Still_image_1080p_25fps_20s
1178,0,all,3,0.8875295029693533,2,3,1,-11,11.649183250274437,0:0,auto,0,410,4,umh,11,1,1,cbr,1,baseline,0.9148497995135092,46,1,88,14,43,4,38,0,0,0,Still_image_1080p_25fps_20s
1178,0,all,1,0.9065584540988204,2,3,0,-11,11.649183250274437,0:0,temporal,1,410,4,umh,11,0,1,none,1,baseline,0.5123914458022217,39,0,192,2,19,6,40,1,1,1,Still_image_1080p_25fps_20s
1178,0,all,3,0.9065584540988204,2,3,1,-3,11.649183250274437,0:0,auto,0,410,4,umh,11,0,1,cbr,1,baseline,0.5123914458022217,39,0,10,4,37,0,59,0,1,2,Still_image_1080p_25fps_20s
1178,0,all,3,0.9065584540988204,2,3,1,-10,11.649183250274437,0:0,auto,0,410,4,umh,11,1,0,cbr,1,high,0.5123914458022217,39,0,10,4,37,0,30,0,1,2,Still_image_1080p_25fps_20s
1178,0,all,3,0.9065584540988204,2,3,1,-10,11.649183250274437,0:0,auto,0,410,4,umh,11,0,0,cbr,1,baseline,0.5123914458022217,39,0,10,4,37,0,30,0,1,2,Still_image_1080p_25fps_20s
1178,0,all,3,0.9065584540988204,2,3,0,-11,11.649183250274437,0:0,auto,1,410,4,umh,11,0,0,cbr,1,baseline,0.5123914458022217,39,0,10,4,37,0,30,0,1,0,Still_image_1080p_25fps_20s
1178,0,all,3,0.9065584540988204,2,3,0,-11,11.649183250274437,0:0,auto,0,410,4,umh,11,0,0,cbr,1,baseline,0.5123914458022217,39,14,29,2,19,6,40,1,0,1,Still_image_1080p_25fps_20s
1178,0,all,3,0.9065584540988204,1,3,1,-11,11.649183250274437,0:0,auto,0,410,4,umh,11,0,1,cbr,1,baseline,0.5123914458022217,39,0,10,4,37,0,21,0,1,1,Still_image_1080p_25fps_20s
1178,1,p4x4,3,0.9065584540988204,2,4,0,-10,11.649183250274437,5:5,auto,0,410,4,umh,11,0,0,cbr,1,high,0.9566780713654816,39,0,10,4,37,8,33,2,0,1,Still_image_1080p_25fps_20s
2120,1,p4x4,1,0.2457056266506868,2,5,0,0,11.649183250274437,0:0,auto,0,402,4,umh,11,0,0,cbr,1,baseline,0.5123914458022217,39,0,10,4,37,0,30,0,1,2,Still_image_1080p_25fps_20s
1178,0,all,3,0.9065584540988204,2,3,1,-10,11.649183250274437,6:-6,auto,0,410,4,umh,28,0,0,cbr,1,baseline,0.7387114977417438,39,14,29,2,19,6,40,1,0,1,Still_image_1080p_25fps_20s
1178,0,all,3,1.6491529735181825,2,3,0,-11,11.649183250274437,0:0,auto,0,410,4,umh,11,0,1,cbr,1,baseline,0.5123914458022217,39,9,10,3,37,0,30,0,1,2,Still_image_1080p_25fps_20s
1178,0,all,1,0.9065584540988204,2,5,0,-3,11.649183250274437,0:0,temporal,1,410,4,umh,13,0,1,none,1,baseline,0.5123914458022217,39,0,192,2,9,6,40,1,0,1,Still_image_1080p_25fps_20s
1178,0,all,1,0.9065584540988204,2,4,1,-10,11.649183250274437,0:0,auto,0,410,4,umh,9,0,0,none,1,baseline,0.5123914458022217,39,0,10,4,37,3,30,0,1,2,Still_image_1080p_25fps_20s
1178,1,all,1,0.9065584540988204,2,3,0,-11,11.649183250274437,0:0,temporal,1,410,4,umh,11,0,1,none,0,baseline,0.5123914458022217,39,0,48,2,19,6,40,1,1,1,Still_image_1080p_25fps_20s
1178,0,all,3,0.9065584540988204,2,3,1,-10,11.649183250274437,0:0,auto,0,245,4,umh,11,0,1,none,1,baseline,0.5123914458022217,39,0,192,2,19,6,62,1,1,1,Still_image_1080p_25fps_20s
1178,0,all,3,0.9065584540988204,2,3,0,-7,11.649183250274437,0:0,temporal,1,122,4,umh,11,0,1,none,1,baseline,0.5123914458022217,39,6,48,2,72,6,40,1,1,1,Still_image_1080p_25fps_20s
1178,0,all,3,0.9065584540988204,2,4,1,-10,11.649183250274437,0:0,auto,0,410,4,umh,11,0,0,cbr,1,baseline,0.5123914458022217,39,0,10,4,37,6,30,0,1,2,Still_image_1080p_60fps_20s
1178,0,all,3,0.9065584540988204,2,3,1,-10,11.649183250274437,0:0,auto,1,410,0,umh,11,0,1,none,1,baseline,0.5123914458022217,39,0,192,2,19,6,40,1,0,1,Still_image_1080p_60fps_20s
1178,0,all,1,0.9065584540988204,2,3,0,-11,11.649183250274437,0:0,temporal,0,410,4,umh,11,0,0,cbr,1,main,0.965829524139684,22,0,10,4,37,0,30,0,1,2,Still_image_1080p_60fps_20s
1178,0,all,3,0.8875295029693533,2,3,1,-11,11.649183250274437,0:0,auto,0,410,4,umh,11,1,1,cbr,1,baseline,0.9148497995135092,46,1,88,14,43,4,38,0,0,0,Still_image_1080p_60fps_20s
1178,0,all,3,0.9065584540988204,2,3,1,-10,11.649183250274437,0:0,auto,0,410,4,umh,11,0,0,cbr,1,baseline,0.5123914458022217,39,0,10,4,37,0,30,0,1,2,Still_image_1080p_60fps_20s
1178,0,all,3,0.9065584540988204,2,3,1,-10,11.649183250274437,0:0,auto,0,410,4,umh,11,1,0,cbr,1,high,0.5123914458022217,39,0,10,4,37,0,30,0,1,2,Still_image_1080p_60fps_20s
1178,0,all,3,0.9065584540988204,2,3,1,-3,11.649183250274437,0:0,auto,0,410,4,umh,11,0,1,cbr,1,baseline,0.5123914458022217,39,0,10,4,37,0,59,0,1,2,Still_image_1080p_60fps_20s
1178,0,all,1,0.9065584540988204,2,3,0,-11,11.649183250274437,0:0,temporal,1,410,4,umh,11,0,1,none,1,baseline,0.5123914458022217,39,0,192,2,19,6,40,1,1,1,Still_image_1080p_60fps_20s
1178,0,all,3,0.9065584540988204,2,3,0,-11,11.649183250274437,0:0,auto,1,410,4,umh,11,0,0,cbr,1,baseline,0.5123914458022217,39,0,10,4,37,0,30,0,1,0,Still_image_1080p_60fps_20s
1178,0,all,3,0.9065584540988204,2,3,0,-11,11.649183250274437,0:0,auto,0,410,4,umh,11,0,0,cbr,1,baseline,0.5123914458022217,39,14,29,2,19,6,40,1,0,1,Still_image_1080p_60fps_20s
1178,0,all,1,0.9065584540988204,2,3,0,-11,11.649183250274437,0:0,temporal,0,410,4,umh,11,0,0,cbr,1,main,0.965829524139684,22,0,68,4,37,0,30,0,1,2,Still_image_1080p_60fps_20s
1178,0,all,3,0.9065584540988204,2,3,1,-10,11.649183250274437,0:0,spatial,0,410,4,dia,11,0,0,cbr,1,baseline,0.5123914458022217,39,0,10,4,6,0,30,0,1,0,Still_image_1080p_60fps_20s
395,0,all,3,0.9065584540988204,2,3,0,-3,11.649183250274437,-6:6,temporal,0,410,4,umh,9,0,0,cbr,1,baseline,0.5123914458022217,37,0,10,4,37,0,30,0,1,0,Still_image_1080p_60fps_20s
1178,0,all,3,0.9065584540988204,2,3,0,-11,11.649183250274437,0:0,auto,0,410,4,umh,11,0,0,cbr,1,baseline,0.5123914458022217,39,14,29,1,19,6,40,1,0,1,Still_image_1080p_60fps_20s
1178,0,all,3,0.9065584540988204,2,3,1,-10,11.649183250274437,0:0,auto,0,410,4,umh,11,0,0,none,1,baseline,0.5123914458022217,39,3,29,2,19,6,40,1,0,1,Still_image_1080p_60fps_20s
1312,0,all,3,0.9065584540988204,2,13,0,-11,11.649183250274437,0:0,auto,0,410,4,dia,11,0,0,cbr,1,high,0.5123914458022217,39,0,10,4,37,0,30,0,1,2,Still_image_1080p_60fps_20s
1178,0,all,3,0.9065584540988204,2,3,0,-11,11.649183250274437,6:6,auto,0,410,4,umh,11,0,0,cbr,1,high,0.6407411631595799,44,3,22,2,95,1,33,2,1,1,Still_image_1080p_60fps_20s
1178,0,all,3,0.9065584540988204,1,3,1,-10,11.649183250274437,6:-6,auto,0,410,4,umh,11,0,0,cbr,1,main,0.5123914458022217,39,0,10,4,37,0,59,0,1,2,Still_image_1080p_60fps_20s
1178,0,all,3,0.9065584540988204,2,3,1,-10,50.44790150547821,0:0,auto,0,410,4,umh,11,0,0,cbr,1,high,0.5123914458022217,39,0,10,4,37,0,30,0,1,2,Still_image_1080p_60fps_20s
1178,0,all,3,0.9065584540988204,2,3,0,-1,4.280807286911536,0:0,auto,1,410,4,umh,11,0,0,cbr,1,high,0.5123914458022217,39,0,10,4,37,0,30,0,1,0,Still_image_1080p_60fps_20s
2120,1,p4x4,1,0.9844437172708528,2,5,0,0,18.518682570557125,5:-5,spatial,0,151,4,dia,53,1,1,none,1,high,0.6407411631595799,44,3,22,2,95,1,21,2,0,1,Big_480p_60fps_10s
378,1,p4x4,0,0.9844437172708528,2,11,0,-7,18.518682570557125,5:-5,spatial,0,440,1,hex,33,1,1,none,0,high,0.128052689104238,44,4,155,2,80,11,11,2,0,0,Big_480p_60fps_10s
76,0,p8x8,3,1.997601325586333,1,12,0,8,38.687654164818326,5:-5,spatial,0,440,4,hex,33,1,1,none,1,high,0.6407411631595799,44,3,22,2,95,2,21,0,1,0,Big_480p_60fps_10s
378,1,p8x8,1,0.9844437172708528,1,9,1,-12,18.518682570557125,5:-5,spatial,0,440,4,hex,41,0,1,none,1,high,0.6407411631595799,44,3,22,2,95,1,21,0,1,1,Big_480p_60fps_10s
378,1,p4x4,1,0.9844437172708528,0,11,0,0,18.518682570557125,5:-5,spatial,0,440,4,hex,33,1,1,none,1,high,0.6407411631595799,44,3,22,2,95,1,21,0,1,1,Big_480p_60fps_10s
2295,1,all,3,1.8245416022471044,0,9,1,-12,18.518682570557125,5:-5,spatial,0,440,4,hex,41,0,1,none,1,high,0.6407411631595799,44,3,22,2,95,1,21,0,1,1,Big_480p_60fps_10s
378,1,all,1,0.9844437172708528,0,11,0,8,18.518682570557125,5:-5,spatial,0,440,1,hex,33,0,1,none,1,high,0.6407411631595799,44,3,22,2,95,1,33,2,1,1,Big_480p_60fps_10s
2120,1,p4x4,1,0.9844437172708528,2,11,0,0,18.518682570557125,5:-5,spatial,0,151,4,dia,33,1,1,none,0,high,0.6407411631595799,44,4,155,2,80,11,11,2,0,0,Big_480p_60fps_10s
378,1,all,1,0.9844437172708528,1,9,1,-12,18.518682570557125,5:-5,spatial,1,440,4,hex,41,0,1,none,1,high,0.6407411631595799,44,3,22,14,95,1,1,0,1,1,Big_480p_60fps_10s
378,1,p4x4,1,0.9844437172708528,2,11,0,8,18.518682570557125,5:-5,spatial,0,440,1,hex,33,1,1,none,1,high,0.6407411631595799,44,3,22,2,95,1,21,2,0,1,Big_480p_60fps_10s
378,1,"p8x8,b8x8,i8x8,i4x4",1,0.9844437172708528,2,11,0,-12,4.970835676683495,5:-5,spatial,1,440,4,tesa,6,0,1,none,1,high,0.6407411631595799,44,3,22,2,40,1,21,1,1,1,Big_480p_60fps_10s
2009,1,all,1,0.9844437172708528,2,9,1,8,18.518682570557125,5:-5,spatial,0,440,1,hex,33,1,1,none,1,baseline,0.6407411631595799,44,3,22,2,95,1,17,2,0,1,Big_480p_60fps_10s
378,1,p4x4,0,1.0163892858051606,2,11,0,-7,18.518682570557125,5:-5,spatial,0,440,4,hex,33,1,1,none,0,high,0.6407411631595799,44,3,22,2,95,2,21,0,1,0,Big_480p_60fps_10s
378,1,p8x8,1,0.9844437172708528,1,4,1,-12,18.518682570557125,5:-5,spatial,0,440,4,hex,16,0,1,none,1,high,0.6407411631595799,44,3,22,2,95,1,33,2,1,1,Big_480p_60fps_10s
378,1,none,1,0.9844437172708528,0,11,1,8,18.518682570557125,5:-5,auto,0,440,1,tesa,33,0,1,none,1,high,0.6407411631595799,44,3,108,2,95,1,21,0,1,1,Big_480p_60fps_10s
378,1,all,1,0.9844437172708528,1,9,1,-12,18.518682570557125,5:-5,spatial,0,440,4,hex,41,1,1,none,1,high,0.6407411631595799,44,3,22,2,95,1,21,2,0,1,Big_480p_60fps_10s
378,1,p4x4,1,0.9844437172708528,2,11,0,8,18.518682570557125,5:-5,spatial,0,440,1,hex,33,0,1,vbr,1,baseline,0.6407411631595799,44,3,22,2,95,1,14,0,1,0,Big_480p_60fps_10s
1178,0,all,1,0.9844437172708528,0,11,0,0,18.518682570557125,5:-5,spatial,0,440,4,hex,33,1,1,none,1,high,0.1202041301255583,26,3,22,2,27,1,21,0,1,1,Big_480p_60fps_10s
2120,1,p4x4,1,0.9844437172708528,2,11,0,0,18.518682570557125,5:-5,spatial,0,151,4,dia,53,1,1,none,1,high,0.6407411631595799,44,7,22,2,95,1,21,0,0,1,Big_480p_60fps_10s
378,1,p4x4,1,0.9844437172708528,0,11,1,0,18.518682570557125,5:-5,temporal,0,440,4,hex,33,1,1,none,0,high,0.6407411631595799,44,3,22,2,95,1,21,0,1,1,Big_480p_60fps_10s
378,1,all,1,0.9844437172708528,0,11,0,8,18.518682570557125,5:-5,spatial,0,440,1,hex,33,0,1,none,1,high,0.6407411631595799,44,3,22,2,95,1,33,2,1,1,Still_image_720p_25fps_15s
378,1,p4x4,1,0.9844437172708528,0,11,0,0,18.518682570557125,5:-5,spatial,0,440,4,hex,33,1,1,none,1,high,0.6407411631595799,44,3,22,2,95,1,21,0,1,1,Still_image_720p_25fps_15s
378,1,p4x4,1,0.9844437172708528,2,11,0,8,18.518682570557125,5:-5,spatial,0,440,1,hex,33,1,1,none,1,high,0.6407411631595799,44,3,22,2,95,1,21,2,0,1,Still_image_720p_25fps_15s
378,1,all,1,0.9844437172708528,0,11,0,8,18.518682570557125,5:-5,spatial,0,440,1,hex,33,0,1,cbr,1,baseline,0.9148497995135092,46,1,88,10,43,4,46,0,0,0,Still_image_720p_25fps_15s
378,1,all,1,0.9844437172708528,0,11,0,8,18.518682570557125,5:-5,spatial,0,440,1,hex,33,1,1,none,1,high,0.6407411631595799,44,3,205,2,95,1,33,2,1,1,Still_image_720p_25fps_15s
378,1,p4x4,1,0.9844437172708528,2,11,1,8,32.951395530387586,5:-5,spatial,0,103,1,hex,33,1,1,none,1,high,0.6407411631595799,38,3,22,2,95,1,21,2,0,1,Still_image_720p_25fps_15s
1178,0,all,3,0.9844437172708528,0,11,0,0,18.518682570557125,5:-5,spatial,1,440,2,hex,57,1,1,none,1,high,0.6407411631595799,44,18,22,2,95,1,21,0,1,0,Still_image_720p_25fps_15s
378,1,p4x4,0,1.8308092128246145,2,11,0,8,18.518682570557125,5:-5,spatial,1,440,1,hex,33,0,1,none,1,high,0.6407411631595799,44,3,22,2,95,1,21,2,0,2,Still_image_720p_25fps_15s
378,1,p4x4,1,0.3337954328233935,0,11,0,0,18.518682570557125,5:-5,spatial,0,440,4,hex,33,1,0,none,0,main,0.4021226639805523,44,3,22,2,95,0,30,0,0,0,Still_image_720p_25fps_15s
378,1,p4x4,1,0.3337954328233935,0,11,0,0,18.518682570557125,6:-6,spatial,0,440,4,hex,46,1,0,none,0,main,0.4021226639805523,44,3,22,2,95,0,33,2,1,1,Still_image_720p_25fps_15s
1394,1,all,1,0.9844437172708528,0,11,0,8,18.518682570557125,5:-5,spatial,0,440,4,hex,33,1,1,none,1,high,0.6407411631595799,44,3,237,2,95,1,21,2,1,2,Still_image_720p_25fps_15s
1522,1,p4x4,0,1.8308092128246145,2,11,0,8,18.518682570557125,5:-5,spatial,1,440,1,hex,33,0,1,none,1,high,0.6407411631595799,44,3,22,2,95,1,33,2,1,1,Still_image_720p_25fps_15s
378,1,all,2,0.9844437172708528,0,11,1,8,18.518682570557125,5:-5,spatial,0,440,1,hex,33,1,1,none,1,high,0.6407411631595799,44,3,22,2,95,9,21,2,1,2,Still_image_720p_25fps_15s
378,1,p4x4,1,0.3337954328233935,0,11,0,12,18.518682570557125,5:-5,auto,0,440,4,hex,24,1,0,none,0,main,0.4021226639805523,44,3,22,2,95,1,21,2,0,2,Still_image_720p_25fps_15s
378,1,p4x4,0,1.072103528483132,2,16,0,8,18.518682570557125,5:-5,temporal,1,440,1,hex,33,0,1,none,1,high,0.6407411631595799,44,3,22,2,95,0,30,0,0,0,Still_image_720p_25fps_15s
378,1,all,1,0.9844437172708528,0,11,0,0,18.518682570557125,5:-5,spatial,1,93,2,hex,57,1,1,none,1,high,0.6407411631595799,44,18,22,2,95,1,21,0,1,0,Still_image_720p_25fps_15s
378,1,p4x4,1,0.3337954328233935,0,11,0,0,32.951395530387586,5:-5,spatial,0,274,1,hex,33,1,1,none,1,high,0.6407411631595799,38,3,22,2,95,1,21,2,0,1,Still_image_720p_25fps_15s
378,1,p4x4,1,0.9844437172708528,2,11,1,8,50.44790150547821,5:-5,spatial,0,440,4,hex,33,1,0,none,0,main,0.4021226639805523,44,3,22,2,95,0,30,1,0,0,Still_image_720p_25fps_15s
2017,1,all,1,0.9844437172708528,0,11,0,8,18.518682570557125,5:-5,spatial,0,287,1,hex,33,0,1,cbr,1,main,0.6407411631595799,44,3,22,2,95,1,33,2,1,1,Still_image_720p_25fps_15s
378,1,all,1,0.9844437172708528,0,11,0,8,18.518682570557125,5:-5,spatial,0,54,1,hex,33,0,1,none,1,high,0.9148497995135092,32,1,88,10,43,4,46,0,0,0,Still_image_720p_25fps_15s
1178,0,all,1,0.9065584540988204,2,3,0,-11,11.649183250274437,0:0,temporal,0,410,4,umh,11,0,0,cbr,1,main,0.965829524139684,22,0,10,4,37,0,30,0,1,2,Big_1080p_60fps_10s
1178,0,all,3,0.8875295029693533,2,3,1,-11,11.649183250274437,0:0,auto,0,410,4,umh,11,1,1,cbr,1,baseline,0.9148497995135092,46,1,88,14,43,4,38,0,0,0,Big_1080p_60fps_10s
1178,0,all,1,0.9065584540988204,2,3,0,-11,11.649183250274437,0:0,temporal,1,410,4,umh,11,0,1,none,1,baseline,0.5123914458022217,39,0,192,2,19,6,40,1,1,1,Big_1080p_60fps_10s
1178,0,all,3,0.9065584540988204,2,3,1,-3,11.649183250274437,0:0,auto,0,410,4,umh,11,0,1,cbr,1,baseline,0.5123914458022217,39,0,10,4,37,0,59,0,1,2,Big_1080p_60fps_10s
1178,0,all,3,0.9065584540988204,2,3,1,-10,11.649183250274437,0:0,auto,0,410,4,umh,11,1,0,cbr,1,high,0.5123914458022217,39,0,10,4,37,0,30,0,1,2,Big_1080p_60fps_10s
1178,0,all,3,0.9065584540988204,2,3,1,-10,11.649183250274437,0:0,auto,1,410,0,umh,11,0,1,none,1,baseline,0.5123914458022217,39,0,192,2,19,6,40,1,0,1,Big_1080p_60fps_10s
1178,0,all,3,0.9065584540988204,2,4,1,-10,11.649183250274437,0:0,auto,0,410,4,umh,11,0,0,cbr,1,baseline,0.5123914458022217,39,0,10,4,37,6,30,0,1,2,Big_1080p_60fps_10s
1178,0,all,3,0.9065584540988204,2,3,0,-11,11.649183250274437,0:0,auto,0,410,4,umh,11,0,0,cbr,1,baseline,0.5123914458022217,39,14,29,2,19,6,40,1,0,1,Big_1080p_60fps_10s
1178,0,all,3,0.9065584540988204,2,3,0,-11,11.649183250274437,0:0,auto,1,410,4,umh,11,0,0,cbr,1,baseline,0.5123914458022217,39,0,10,4,37,0,30,0,1,0,Big_1080p_60fps_10s
1178,0,all,3,0.9065584540988204,2,3,1,-10,11.649183250274437,0:0,auto,0,410,4,umh,11,0,0,cbr,1,baseline,0.5123914458022217,39,0,10,4,37,0,30,0,1,2,Big_1080p_60fps_10s
1141,0,all,3,0.9065584540988204,2,3,0,-10,11.649183250274437,0:0,none,0,410,4,umh,11,1,0,cbr,1,high,0.5123914458022217,39,0,10,4,37,4,38,0,0,0,Big_1080p_60fps_10s
1178,0,all,1,0.9065584540988204,2,3,0,-11,11.649183250274437,0:0,temporal,0,109,4,umh,11,0,0,cbr,1,main,0.965829524139684,22,0,43,2,19,6,40,1,1,0,Big_1080p_60fps_10s
1178,0,all,0,0.9065584540988204,2,3,0,-11,11.649183250274437,0:0,temporal,1,410,4,umh,64,1,1,cbr,1,main,0.5123914458022217,39,0,10,4,37,0,30,0,1,2,Big_1080p_60fps_10s
1178,0,all,3,0.9065584540988204,0,4,1,-10,11.649183250274437,0:0,auto,0,410,4,umh,11,0,0,cbr,1,main,0.965829524139684,22,0,10,4,37,0,36,0,1,2,Big_1080p_60fps_10s
1956,0,all,3,0.9065584540988204,2,3,1,-10,11.649183250274437,0:0,temporal,0,410,4,umh,11,0,0,vbr,1,main,0.965829524139684,22,0,10,4,37,0,30,0,1,2,Big_1080p_60fps_10s
1178,0,all,1,0.9065584540988204,2,3,0,-11,15.210143950854674,0:0,auto,0,410,4,umh,11,1,1,cbr,1,high,0.5123914458022217,39,0,43,4,37,0,30,0,0,2,Big_1080p_60fps_10s
378,0,p4x4,1,0.9065584540988204,2,4,1,-10,11.649183250274437,0:0,auto,0,410,4,esa,11,0,0,cbr,1,baseline,0.5123914458022217,39,0,10,4,37,6,30,0,1,2,Big_1080p_60fps_10s
1178,0,all,3,0.8875295029693533,2,3,1,-11,44.3468159931044,0:0,auto,0,410,4,umh,11,1,1,cbr,1,baseline,0.9148497995135092,46,1,88,14,43,4,38,0,0,0,Big_1080p_60fps_10s
1178,0,all,3,0.0676090661439774,2,3,1,-3,11.649183250274437,0:0,auto,0,410,4,umh,11,1,0,cbr,1,baseline,0.5123914458022217,39,0,10,4,37,0,59,2,1,2,Big_1080p_60fps_10s
825,0,all,3,0.9065584540988204,2,3,1,-10,11.649183250274437,0:0,auto,0,410,4,umh,11,0,0,cbr,1,baseline,0.9573240032276056,38,0,10,4,37,0,53,0,1,2,Big_1080p_60fps_10s
1178,0,all,1,0.9065584540988204,2,3,0,-11,11.649183250274437,0:0,temporal,0,410,4,umh,11,0,0,cbr,1,main,0.965829524139684,22,0,10,4,37,0,30,0,1,2,Big_480p_60fps_20s
1178,0,all,3,0.9065584540988204,2,4,1,-10,11.649183250274437,0:0,auto,0,410,4,umh,11,0,0,cbr,1,baseline,0.5123914458022217,39,0,10,4,37,6,30,0,1,2,Big_480p_60fps_20s
1178,0,all,3,0.9065584540988204,2,3,1,-10,11.649183250274437,0:0,auto,1,410,0,umh,11,0,1,none,1,baseline,0.5123914458022217,39,0,192,2,19,6,40,1,0,1,Big_480p_60fps_20s
1178,0,all,1,0.9065584540988204,2,3,0,-11,11.649183250274437,0:0,temporal,1,410,4,umh,11,0,1,none,1,baseline,0.5123914458022217,39,0,192,2,19,6,40,1,1,1,Big_480p_60fps_20s
1178,0,all,3,0.9065584540988204,2,3,1,-3,11.649183250274437,0:0,auto,0,410,4,umh,11,0,1,cbr,1,baseline,0.5123914458022217,39,0,10,4,37,0,59,0,1,2,Big_480p_60fps_20s
1178,0,all,3,0.8875295029693533,2,3,1,-11,11.649183250274437,0:0,auto,0,410,4,umh,11,1,1,cbr,1,baseline,0.9148497995135092,46,1,88,14,43,4,38,0,0,0,Big_480p_60fps_20s
1178,0,all,3,0.9065584540988204,2,3,1,-10,11.649183250274437,0:0,auto,0,410,4,umh,11,1,0,cbr,1,high,0.5123914458022217,39,0,10,4,37,0,30,0,1,2,Big_480p_60fps_20s
1178,0,all,3,0.9065584540988204,2,3,0,-11,11.649183250274437,0:0,auto,1,410,4,umh,11,0,0,cbr,1,baseline,0.5123914458022217,39,0,10,4,37,0,30,0,1,0,Big_480p_60fps_20s
1178,0,all,3,0.9065584540988204,2,3,1,-10,11.649183250274437,0:0,auto,0,410,4,umh,11,0,0,cbr,1,baseline,0.5123914458022217,39,0,10,4,37,0,30,0,1,2,Big_480p_60fps_20s
1178,0,all,3,0.9065584540988204,2,3,0,-11,11.649183250274437,0:0,auto,0,410,4,umh,11,0,0,cbr,1,baseline,0.5123914458022217,39,14,29,2,19,6,40,1,0,1,Big_480p_60fps_20s
1178,0,all,1,0.9065584540988204,2,3,0,-11,11.649183250274437,0:0,auto,1,298,3,umh,11,0,1,cbr,1,baseline,0.4166545423274195,39,0,10,4,37,0,30,0,1,0,Big_480p_60fps_20s
1178,0,all,3,0.9065584540988204,2,3,0,-11,11.649183250274437,0:0,auto,0,410,4,esa,11,0,0,cbr,1,baseline,0.5123914458022217,39,0,192,2,19,6,40,1,1,1,Big_480p_60fps_20s
1178,0,all,3,0.9065584540988204,2,3,0,-11,11.649183250274437,0:0,temporal,1,410,4,umh,11,0,1,none,0,baseline,0.5123914458022217,39,0,192,2,23,6,40,1,1,1,Big_480p_60fps_20s
1178,0,all,1,0.9065584540988204,2,3,1,-3,11.649183250274437,0:0,auto,1,410,4,umh,11,0,1,none,1,baseline,0.5123914458022217,39,0,10,8,37,0,59,0,0,2,Big_480p_60fps_20s
1178,0,all,3,0.9065584540988204,2,3,0,-11,11.649183250274437,0:0,auto,1,410,4,esa,11,0,0,cbr,1,baseline,0.5123914458022217,39,3,22,2,30,1,21,2,0,1,Big_480p_60fps_20s
2300,1,all,3,0.9065584540988204,2,3,0,-1,11.649183250274437,0:0,temporal,0,410,4,umh,11,0,0,cbr,1,main,0.965829524139684,22,0,10,4,37,0,30,0,1,2,Big_480p_60fps_20s
1178,0,all,1,0.9065584540988204,2,3,1,-3,11.649183250274437,0:0,auto,0,410,4,umh,11,0,1,cbr,1,baseline,0.5123914458022217,39,0,10,4,37,0,59,0,1,2,Big_480p_60fps_20s
1178,0,all,3,0.9065584540988204,2,3,1,-10,29.73640679941657,0:0,auto,0,410,4,umh,11,0,1,cbr,1,baseline,0.5123914458022217,39,0,10,4,37,10,30,0,1,2,Big_480p_60fps_20s
1178,0,all,3,1.2354273408653258,2,3,1,-3,11.649183250274437,0:0,auto,0,410,4,umh,11,0,1,cbr,0,baseline,0.5123914458022217,39,0,230,13,37,0,59,0,1,2,Big_480p_60fps_20s
2295,1,all,3,1.8245416022471044,1,9,0,-11,11.649183250274437,0:0,temporal,1,410,4,umh,20,1,0,cbr,1,main,0.965829524139684,22,0,10,7,37,0,30,0,1,2,Big_480p_60fps_20s
1178,0,all,3,0.9065584540988204,2,4,1,-10,11.649183250274437,0:0,auto,0,410,4,umh,11,0,0,cbr,1,baseline,0.5123914458022217,39,0,10,4,37,6,30,0,1,2,Still_image_1080p_30fps_15s
1178,0,all,1,0.9065584540988204,2,3,0,-11,11.649183250274437,0:0,temporal,0,410,4,umh,11,0,0,cbr,1,main,0.965829524139684,22,0,10,4,37,0,30,0,1,2,Still_image_1080p_30fps_15s
1178,0,all,3,0.9065584540988204,2,3,1,-10,11.649183250274437,0:0,auto,1,410,0,umh,11,0,1,none,1,baseline,0.5123914458022217,39,0,192,2,19,6,40,1,0,1,Still_image_1080p_30fps_15s
1178,0,all,3,0.8875295029693533,2,3,1,-11,11.649183250274437,0:0,auto,0,410,4,umh,11,1,1,cbr,1,baseline,0.9148497995135092,46,1,88,14,43,4,38,0,0,0,Still_image_1080p_30fps_15s
1178,0,all,3,0.9065584540988204,2,3,1,-10,11.649183250274437,0:0,auto,0,410,4,umh,11,0,0,cbr,1,baseline,0.5123914458022217,39,0,10,4,37,0,30,0,1,2,Still_image_1080p_30fps_15s
1178,0,all,3,0.9065584540988204,2,3,0,-11,11.649183250274437,0:0,auto,1,410,4,umh,11,0,0,cbr,1,baseline,0.5123914458022217,39,0,10,4,37,0,30,0,1,0,Still_image_1080p_30fps_15s
1178,0,all,1,0.9065584540988204,2,3,0,-11,11.649183250274437,0:0,temporal,1,410,4,umh,11,0,1,none,1,baseline,0.5123914458022217,39,0,192,2,19,6,40,1,1,1,Still_image_1080p_30fps_15s
1178,0,all,3,0.9065584540988204,2,3,1,-3,11.649183250274437,0:0,auto,0,410,4,umh,11,0,1,cbr,1,baseline,0.5123914458022217,39,0,10,4,37,0,59,0,1,2,Still_image_1080p_30fps_15s
1178,0,all,3,0.9065584540988204,2,3,1,-10,11.649183250274437,0:0,auto,0,410,4,umh,11,1,0,cbr,1,high,0.5123914458022217,39,0,10,4,37,0,30,0,1,2,Still_image_1080p_30fps_15s
1178,0,all,3,0.9065584540988204,2,3,0,-11,11.649183250274437,0:0,auto,0,410,4,umh,11,0,0,cbr,1,baseline,0.5123914458022217,39,14,29,2,19,6,40,1,0,1,Still_image_1080p_30fps_15s
1178,0,all,3,0.9065584540988204,2,3,1,-10,11.649183250274437,0:0,auto,0,410,4,esa,11,1,0,cbr,1,high,0.5123914458022217,39,0,231,4,37,0,30,0,1,2,Still_image_1080p_30fps_15s
1178,0,none,0,0.9065584540988204,2,3,1,-10,18.70829447661428,1:1,auto,0,410,0,umh,11,1,0,cbr,1,baseline,0.5123914458022217,39,0,10,4,37,8,30,0,1,2,Still_image_1080p_30fps_15s
535,0,all,3,0.9065584540988204,2,3,1,-10,11.649183250274437,0:0,temporal,0,410,4,umh,11,0,0,none,1,baseline,0.5123914458022217,39,0,10,4,37,6,30,0,1,2,Still_image_1080p_30fps_15s
1178,1,all,3,0.9065584540988204,2,3,1,-10,11.649183250274437,0:0,auto,0,410,4,umh,11,1,0,cbr,1,baseline,0.5123914458022217,39,0,10,4,37,0,46,0,1,2,Still_image_1080p_30fps_15s
1178,0,"p8x8,b8x8,i8x8,i4x4",3,0.9065584540988204,2,1,1,-10,13.310397701787146,0:0,auto,0,410,4,umh,11,0,0,cbr,0,baseline,0.5123914458022217,39,14,70,2,19,6,39,1,1,1,Still_image_1080p_30fps_15s
1178,0,all,3,0.9065584540988204,2,10,0,-11,17.195579452247316,-3:3,auto,0,410,4,umh,11,0,0,cbr,0,baseline,0.5123914458022217,39,0,10,4,37,0,24,1,1,2,Still_image_1080p_30fps_15s
1178,0,all,3,0.9065584540988204,2,3,1,-10,11.649183250274437,0:0,auto,0,52,4,umh,11,1,0,cbr,1,baseline,0.5123914458022217,39,6,10,4,37,0,30,0,0,2,Still_image_1080p_30fps_15s
1178,0,all,3,0.9065584540988204,2,5,0,-10,11.649183250274437,0:0,auto,0,410,4,umh,11,0,0,cbr,0,high,0.5123914458022217,39,0,10,4,10,0,30,0,1,2,Still_image_1080p_30fps_15s
1178,0,all,3,0.8431913737033788,2,0,0,-11,2.748446662619774,0:0,auto,0,410,0,umh,11,1,1,cbr,1,high,0.6407411631595799,44,3,22,2,95,1,33,2,1,1,Still_image_1080p_30fps_15s
1178,0,all,3,0.9065584540988204,2,3,1,-11,11.649183250274437,0:0,auto,0,410,4,umh,11,1,0,cbr,1,baseline,0.5123914458022217,27,14,29,2,19,6,40,1,0,1,Still_image_1080p_30fps_15s
378,1,all,1,0.9844437172708528,0,11,0,8,18.518682570557125,5:-5,spatial,0,440,1,hex,33,0,1,none,1,high,0.6407411631595799,44,3,22,2,95,1,33,2,1,1,Standard_1080p_25fps_10s
378,1,p4x4,1,0.9844437172708528,0,11,0,0,18.518682570557125,5:-5,spatial,0,440,4,hex,33,1,1,none,1,high,0.6407411631595799,44,3,22,2,95,1,21,0,1,1,Standard_1080p_25fps_10s
378,1,p4x4,1,0.9844437172708528,2,11,0,8,18.518682570557125,5:-5,spatial,0,440,1,hex,33,1,1,none,1,high,0.6407411631595799,44,3,22,2,95,1,21,2,0,1,Standard_1080p_25fps_10s
378,1,p4x4,0,0.9844437172708528,2,11,0,-7,18.518682570557125,5:-5,spatial,0,440,1,hex,33,1,1,none,0,high,0.128052689104238,44,4,155,2,80,11,11,2,0,0,Standard_1080p_25fps_10s
2120,1,p4x4,1,0.9844437172708528,2,5,0,0,18.518682570557125,5:-5,spatial,0,151,4,dia,53,1,1,none,1,high,0.6407411631595799,44,3,22,2,95,1,21,2,0,1,Standard_1080p_25fps_10s
2120,1,p4x4,1,0.9844437172708528,2,11,0,0,18.518682570557125,5:-5,spatial,0,151,4,dia,33,1,1,none,0,high,0.6407411631595799,44,4,155,2,80,11,11,2,0,0,Standard_1080p_25fps_10s
378,1,p8x8,1,0.9844437172708528,1,9,1,-12,18.518682570557125,5:-5,spatial,0,440,4,hex,41,0,1,none,1,high,0.6407411631595799,44,3,22,2,95,1,21,0,1,1,Standard_1080p_25fps_10s
2295,1,all,3,1.8245416022471044,0,9,1,-12,18.518682570557125,5:-5,spatial,0,440,4,hex,41,0,1,none,1,high,0.6407411631595799,44,3,22,2,95,1,21,0,1,1,Standard_1080p_25fps_10s
76,0,p8x8,3,1.997601325586333,1,12,0,8,38.687654164818326,5:-5,spatial,0,440,4,hex,33,1,1,none,1,high,0.6407411631595799,44,3,22,2,95,2,21,0,1,0,Standard_1080p_25fps_10s
378,1,all,1,0.9844437172708528,1,9,1,-12,18.518682570557125,5:-5,spatial,1,440,4,hex,41,0,1,none,1,high,0.6407411631595799,44,3,22,14,95,1,1,0,1,1,Standard_1080p_25fps_10s
378,1,p8x8,1,1.9898091605805617,1,9,1,-12,18.518682570557125,5:-5,spatial,1,440,4,hex,41,0,1,none,0,high,0.6407411631595799,44,3,22,14,95,1,1,0,1,1,Standard_1080p_25fps_10s
378,1,p8x8,1,0.9844437172708528,1,9,1,-12,18.518682570557125,5:-5,spatial,0,440,4,hex,41,0,1,vbr,1,high,0.6407411631595799,44,3,22,2,95,6,40,1,1,1,Standard_1080p_25fps_10s
378,1,all,1,0.9844437172708528,0,11,0,8,18.518682570557125,5:-5,spatial,0,440,1,hex,33,0,1,cbr,1,baseline,0.7609880662800476,44,3,10,4,37,5,30,0,1,2,Standard_1080p_25fps_10s
378,0,p4x4,1,0.9844437172708528,0,11,0,7,18.518682570557125,5:-5,spatial,0,440,4,dia,33,1,1,none,0,high,0.6407411631595799,44,4,1,2,80,11,11,2,0,0,Standard_1080p_25fps_10s
2120,1,p4x4,1,0.9844437172708528,2,11,0,0,18.518682570557125,5:-5,spatial,0,151,4,hex,33,1,0,none,1,high,0.6407411631595799,44,3,22,2,95,1,21,0,1,1,Standard_1080p_25fps_10s
1178,0,all,1,0.9065584540988204,2,3,0,0,18.518682570557125,5:-5,spatial,0,229,1,hex,27,1,0,none,1,high,0.6407411631595799,40,3,22,2,95,1,28,2,0,1,Standard_1080p_25fps_10s
2120,0,p4x4,1,0.9844437172708528,2,0,0,0,18.518682570557125,5:-5,spatial,0,151,4,hex,41,0,1,none,1,high,0.6407411631595799,44,3,22,14,95,1,1,0,1,1,Standard_1080p_25fps_10s
2120,1,all,1,0.9844437172708528,0,9,0,-12,18.518682570557125,5:-5,spatial,0,440,4,hex,41,0,1,none,1,high,0.6407411631595799,44,3,22,2,95,1,21,1,1,1,Standard_1080p_25fps_10s
378,1,p4x4,1,0.9844437172708528,2,11,0,3,18.518682570557125,5:-5,spatial,0,440,1,hex,33,1,1,none,1,main,0.5559464985206742,22,0,10,4,76,0,30,0,1,2,Standard_1080p_25fps_10s
2120,0,p4x4,1,0.9844437172708528,2,11,0,0,18.518682570557125,6:6,spatial,0,151,4,dia,33,1,1,none,0,high,0.8185650496112528,34,4,22,14,95,1,1,0,1,2,Standard_1080p_25fps_10s
1178,0,all,3,0.9065584540988204,2,3,1,-10,11.649183250274437,0:0,auto,1,410,0,umh,11,0,1,none,1,baseline,0.5123914458022217,39,0,192,2,19,6,40,1,0,1,Action_480p_25fps_15s
1178,0,all,3,0.9065584540988204,2,4,1,-10,11.649183250274437,0:0,auto,0,410,4,umh,11,0,0,cbr,1,baseline,0.5123914458022217,39,0,10,4,37,6,30,0,1,2,Action_480p_25fps_15s
1178,0,all,1,0.9065584540988204,2,3,0,-11,11.649183250274437,0:0,temporal,0,410,4,umh,11,0,0,cbr,1,main,0.965829524139684,22,0,10,4,37,0,30,0,1,2,Action_480p_25fps_15s
1178,0,all,3,0.9065584540988204,2,3,1,-10,11.649183250274437,0:0,auto,0,410,4,umh,11,1,0,cbr,1,high,0.5123914458022217,39,0,10,4,37,0,30,0,1,2,Action_480p_25fps_15s
1178,0,all,3,0.8875295029693533,2,3,1,-11,11.649183250274437,0:0,auto,0,410,4,umh,11,1,1,cbr,1,baseline,0.9148497995135092,46,1,88,14,43,4,38,0,0,0,Action_480p_25fps_15s
1178,0,all,3,0.9065584540988204,2,3,1,-10,11.649183250274437,0:0,auto,0,410,4,umh,11,0,0,cbr,1,baseline,0.5123914458022217,39,0,10,4,37,0,30,0,1,2,Action_480p_25fps_15s
1178,0,all,1,0.9065584540988204,2,3,0,-11,11.649183250274437,0:0,temporal,1,410,4,umh,11,0,1,none,1,baseline,0.5123914458022217,39,0,192,2,19,6,40,1,1,1,Action_480p_25fps_15s
1178,0,all,3,0.9065584540988204,2,3,1,-3,11.649183250274437,0:0,auto,0,410,4,umh,11,0,1,cbr,1,baseline,0.5123914458022217,39,0,10,4,37,0,59,0,1,2,Action_480p_25fps_15s
1178,0,all,3,0.9065584540988204,2,3,0,-11,11.649183250274437,0:0,auto,1,410,4,umh,11,0,0,cbr,1,baseline,0.5123914458022217,39,0,10,4,37,0,30,0,1,0,Action_480p_25fps_15s
1178,0,all,3,0.9065584540988204,2,3,0,-11,11.649183250274437,0:0,auto,0,410,4,umh,11,0,0,cbr,1,baseline,0.5123914458022217,39,14,29,2,19,6,40,1,0,1,Action_480p_25fps_15s
1178,0,all,2,0.9065584540988204,2,3,1,-10,11.649183250274437,0:0,auto,0,410,2,umh,52,1,0,cbr,1,main,0.5123914458022217,39,0,76,4,37,6,30,0,1,2,Action_480p_25fps_15s
1178,1,all,3,0.9065584540988204,2,12,1,-10,11.649183250274437,0:0,auto,0,410,4,umh,11,1,0,cbr,1,main,0.5123914458022217,39,0,10,4,37,0,30,0,1,2,Action_480p_25fps_15s
1918,0,all,1,0.9065584540988204,2,3,0,-11,11.649183250274437,0:0,temporal,0,410,4,dia,11,0,0,cbr,1,main,0.965829524139684,22,0,245,4,37,0,30,0,0,0,Action_480p_25fps_15s
1178,0,all,3,0.9065584540988204,2,3,1,-2,11.649183250274437,0:0,auto,0,99,4,umh,11,1,0,cbr,1,baseline,0.5123914458022217,39,0,10,4,37,0,30,0,1,2,Action_480p_25fps_15s
2363,0,all,3,0.9065584540988204,2,3,1,-10,11.649183250274437,6:-6,auto,1,410,2,umh,24,0,1,none,1,baseline,0.5123914458022217,39,0,10,4,37,0,6,0,1,2,Action_480p_25fps_15s
1178,0,all,3,0.9065584540988204,2,3,0,-11,11.649183250274437,0:0,temporal,1,440,4,umh,11,0,1,none,0,baseline,0.5123914458022217,39,0,192,2,19,6,40,1,0,0,Action_480p_25fps_15s
1178,1,all,1,0.9065584540988204,2,3,0,-11,11.649183250274437,0:0,auto,0,410,4,umh,11,0,0,cbr,1,baseline,0.5123914458022217,39,14,29,2,19,6,40,1,0,1,Action_480p_25fps_15s
1178,0,all,3,0.6503366820400069,2,3,1,-10,11.649183250274437,0:0,auto,0,410,4,umh,11,0,0,none,1,baseline,0.5123914458022217,39,0,10,4,37,0,30,0,0,2,Action_480p_25fps_15s
1178,0,all,3,0.9065584540988204,0,3,1,-10,32.22629261002107,0:0,auto,0,410,4,umh,11,0,0,cbr,0,baseline,0.5123914458022217,39,0,10,3,37,0,37,0,1,2,Action_480p_25fps_15s
1066,0,all,3,0.9065584540988204,2,3,1,-10,11.649183250274437,0:0,none,0,410,4,hex,11,0,0,vbr,1,baseline,0.5123914458022217,39,0,10,4,37,0,30,0,1,2,Action_480p_25fps_15s
1178,0,all,1,0.9065584540988204,2,3,0,-11,11.649183250274437,0:0,temporal,0,410,4,umh,11,0,0,cbr,1,main,0.965829524139684,22,0,10,4,37,0,30,0,1,2,Big_720p_25fps_20s
1178,0,all,3,0.9065584540988204,2,4,1,-10,11.649183250274437,0:0,auto,0,410,4,umh,11,0,0,cbr,1,baseline,0.5123914458022217,39,0,10,4,37,6,30,0,1,2,Big_720p_25fps_20s
1178,0,all,3,0.9065584540988204,2,3,1,-10,11.649183250274437,0:0,auto,1,410,0,umh,11,0,1,none,1,baseline,0.5123914458022217,39,0,192,2,19,6,40,1,0,1,Big_720p_25fps_20s
1178,0,all,3,0.9065584540988204,2,3,1,-10,11.649183250274437,0:0,auto,0,410,4,umh,11,0,0,cbr,1,baseline,0.5123914458022217,39,0,10,4,37,0,30,0,1,2,Big_720p_25fps_20s
1178,0,all,3,0.9065584540988204,2,3,1,-3,11.649183250274437,0:0,auto,0,410,4,umh,11,0,1,cbr,1,baseline,0.5123914458022217,39,0,10,4,37,0,59,0,1,2,Big_720p_25fps_20s
1178,0,all,3,0.9065584540988204,2,3,0,-11,11.649183250274437,0:0,auto,0,410,4,umh,11,0,0,cbr,1,baseline,0.5123914458022217,39,14,29,2,19,6,40,1,0,1,Big_720p_25fps_20s
1178,0,all,3,0.9065584540988204,2,3,1,-10,11.649183250274437,0:0,auto,0,410,4,umh,11,1,0,cbr,1,high,0.5123914458022217,39,0,10,4,37,0,30,0,1,2,Big_720p_25fps_20s
1178,0,all,1,0.9065584540988204,2,3,0,-11,11.649183250274437,0:0,temporal,1,410,4,umh,11,0,1,none,1,baseline,0.5123914458022217,39,0,192,2,19,6,40,1,1,1,Big_720p_25fps_20s
1178,0,all,3,0.8875295029693533,2,3,1,-11,11.649183250274437,0:0,auto,0,410,4,umh,11,1,1,cbr,1,baseline,0.9148497995135092,46,1,88,14,43,4,38,0,0,0,Big_720p_25fps_20s
1178,0,all,3,0.9065584540988204,2,3,0,-11,11.649183250274437,0:0,auto,1,410,4,umh,11,0,0,cbr,1,baseline,0.5123914458022217,39,0,10,4,37,0,30,0,1,0,Big_720p_25fps_20s
1178,0,all,3,0.9065584540988204,2,3,1,-10,11.649183250274437,0:0,auto,1,410,4,umh,11,0,0,cbr,1,baseline,0.5123914458022217,39,0,10,4,37,0,30,0,1,0,Big_720p_25fps_20s
1178,0,all,3,0.9065584540988204,2,3,0,-11,11.649183250274437,0:0,auto,1,410,0,umh,11,0,1,none,1,baseline,0.5123914458022217,39,0,192,2,19,6,40,0,0,1,Big_720p_25fps_20s
2247,0,all,3,0.9065584540988204,2,3,1,-10,11.649183250274437,0:0,auto,0,410,4,umh,11,0,0,vbr,1,high,0.5123914458022217,39,0,10,4,37,0,30,0,1,0,Big_720p_25fps_20s
1178,0,all,3,0.9065584540988204,2,3,0,-11,11.649183250274437,0:0,auto,0,410,4,umh,11,0,0,cbr,1,baseline,0.5123914458022217,39,0,126,4,37,0,30,0,1,2,Big_720p_25fps_20s
1178,0,all,3,0.9065584540988204,2,3,1,-10,11.649183250274437,0:0,auto,0,410,4,dia,11,1,0,cbr,1,high,0.5123914458022217,39,0,10,4,37,6,30,0,1,2,Big_720p_25fps_20s
1178,0,all,1,0.9065584540988204,2,3,0,-11,11.649183250274437,0:0,temporal,1,410,4,umh,11,0,1,none,0,baseline,0.5123914458022217,39,0,192,2,23,6,16,1,1,1,Big_720p_25fps_20s
1178,0,all,3,0.9065584540988204,2,3,1,-3,11.649183250274437,0:0,auto,0,410,4,umh,11,1,1,cbr,1,high,0.5123914458022217,39,0,10,2,95,1,21,0,1,1,Big_720p_25fps_20s
1178,0,none,3,0.4745949946604065,2,3,1,-10,11.649183250274437,0:0,auto,0,410,4,umh,11,0,0,cbr,1,high,0.5123914458022217,39,0,10,4,37,6,30,1,1,2,Big_720p_25fps_20s
1178,0,all,3,0.9065584540988204,2,4,1,-10,11.649183250274437,0:0,auto,0,410,4,umh,11,1,0,cbr,1,high,0.5123914458022217,39,0,10,4,37,0,49,0,1,2,Big_720p_25fps_20s
1178,0,all,3,0.9065584540988204,2,3,0,7,11.649183250274437,5:5,auto,0,410,4,umh,11,0,0,cbr,1,baseline,0.5123914458022217,39,0,10,4,37,0,28,0,1,0,Big_720p_25fps_20s
378,1,all,1,0.9844437172708528,0,11,0,8,18.518682570557125,5:-5,spatial,0,440,1,hex,33,0,1,none,1,high,0.6407411631595799,44,3,22,2,95,1,33,2,1,1,Still_image_480p_25fps_10s
2120,1,p4x4,1,0.9844437172708528,2,5,0,0,18.518682570557125,5:-5,spatial,0,151,4,dia,53,1,1,none,1,high,0.6407411631595799,44,3,22,2,95,1,21,2,0,1,Still_image_480p_25fps_10s
76,0,p8x8,3,1.997601325586333,1,12,0,8,38.687654164818326,5:-5,spatial,0,440,4,hex,33,1,1,none,1,high,0.6407411631595799,44,3,22,2,95,2,21,0,1,0,Still_image_480p_25fps_10s
378,1,p8x8,1,0.9844437172708528,1,9,1,-12,18.518682570557125,5:-5,spatial,0,440,4,hex,41,0,1,none,1,high,0.6407411631595799,44,3,22,2,95,1,21,0,1,1,Still_image_480p_25fps_10s
378,1,p4x4,0,0.9844437172708528,2,11,0,-7,18.518682570557125,5:-5,spatial,0,440,1,hex,33,1,1,none,0,high,0.128052689104238,44,4,155,2,80,11,11,2,0,0,Still_image_480p_25fps_10s
2295,1,all,3,1.8245416022471044,0,9,1,-12,18.518682570557125,5:-5,spatial,0,440,4,hex,41,0,1,none,1,high,0.6407411631595799,44,3,22,2,95,1,21,0,1,1,Still_image_480p_25fps_10s
378,1,p4x4,1,0.9844437172708528,0,11,0,0,18.518682570557125,5:-5,spatial,0,440,4,hex,33,1,1,none,1,high,0.6407411631595799,44,3,22,2,95,1,21,0,1,1,Still_image_480p_25fps_10s
2120,1,p4x4,1,0.9844437172708528,2,11,0,0,18.518682570557125,5:-5,spatial,0,151,4,dia,33,1,1,none,0,high,0.6407411631595799,44,4,155,2,80,11,11,2,0,0,Still_image_480p_25fps_10s
378,1,p4x4,1,0.9844437172708528,2,11,0,8,18.518682570557125,5:-5,spatial,0,440,1,hex,33,1,1,none,1,high,0.6407411631595799,44,3,22,2,95,1,21,2,0,1,Still_image_480p_25fps_10s
378,1,all,1,0.9844437172708528,1,9,1,-12,18.518682570557125,5:-5,spatial,1,440,4,hex,41,0,1,none,1,high,0.6407411631595799,44,3,22,14,95,1,1,0,1,1,Still_image_480p_25fps_10s
378,1,p8x8,1,0.9844437172708528,1,9,0,-12,18.518682570557125,5:-5,spatial,0,440,4,hex,41,0,0,none,1,high,0.6407411631595799,44,3,22,2,95,1,21,2,0,2,Still_image_480p_25fps_10s
378,0,p4x4,3,0.9844437172708528,2,11,0,8,18.518682570557125,-6:6,spatial,0,440,1,hex,33,1,1,none,1,high,0.6407411631595799,44,11,22,2,95,1,21,0,1,1,Still_image_480p_25fps_10s
378,1,p8x8,1,0.9844437172708528,2,9,1,-12,18.518682570557125,5:-5,spatial,0,440,4,hex,41,0,1,none,1,high,0.6407411631595799,44,3,22,2,95,1,21,0,1,1,Still_image_480p_25fps_10s
2295,1,all,3,1.8245416022471044,0,9,1,-3,18.518682570557125,5:-5,spatial,0,440,4,hex,41,0,1,none,1,high,0.6407411631595799,44,3,166,12,95,1,21,0,1,1,Still_image_480p_25fps_10s
378,1,all,1,0.9844437172708528,1,9,0,-12,16.149089916272075,5:-5,spatial,1,440,4,hex,41,0,1,none,1,high,0.6407411631595799,44,3,22,14,95,1,33,2,1,1,Still_image_480p_25fps_10s
378,1,all,1,0.9844437172708528,0,11,1,8,18.518682570557125,6:-6,spatial,0,440,1,umh,33,0,1,none,1,high,0.6407411631595799,44,19,22,2,95,1,1,0,0,1,Still_image_480p_25fps_10s
378,1,p4x4,1,0.9844437172708528,0,11,0,0,18.518682570557125,5:-5,spatial,0,440,4,hex,33,1,1,cbr,1,high,0.6407411631595799,44,3,22,2,95,1,21,0,1,0,Still_image_480p_25fps_10s
76,0,p8x8,3,1.997601325586333,1,12,1,8,38.687654164818326,5:-5,spatial,0,440,4,hex,33,1,1,none,0,high,0.6407411631595799,44,3,22,2,95,2,21,0,1,1,Still_image_480p_25fps_10s
76,0,p8x8,3,1.997601325586333,1,12,0,8,38.687654164818326,5:-5,spatial,0,440,4,hex,33,1,1,cbr,1,high,0.5733392086412672,44,3,22,2,95,1,21,0,1,1,Still_image_480p_25fps_10s
378,1,p4x4,1,0.9844437172708528,2,11,0,-3,18.518682570557125,5:-5,spatial,0,440,3,umh,41,0,1,none,1,high,0.6407411631595799,44,3,22,2,95,5,21,0,1,1,Still_image_480p_25fps_10s
378,1,all,1,0.9844437172708528,0,11,0,8,18.518682570557125,5:-5,spatial,0,440,1,hex,33,0,1,none,1,high,0.6407411631595799,44,3,22,2,95,1,33,2,1,1,Action_1080p_25fps_5s
378,1,p4x4,1,0.9844437172708528,0,11,0,0,18.518682570557125,5:-5,spatial,0,440,4,hex,33,1,1,none,1,high,0.6407411631595799,44,3,22,2,95,1,21,0,1,1,Action_1080p_25fps_5s
378,1,p4x4,1,0.9844437172708528,2,11,0,8,18.518682570557125,5:-5,spatial,0,440,1,hex,33,1,1,none,1,high,0.6407411631595799,44,3,22,2,95,1,21,2,0,1,Action_1080p_25fps_5s
1178,0,all,3,0.9844437172708528,0,11,0,0,18.518682570557125,5:-5,spatial,1,440,2,hex,57,1,1,none,1,high,0.6407411631595799,44,18,22,2,95,1,21,0,1,0,Action_1080p_25fps_5s
378,1,all,1,0.9844437172708528,0,11,0,8,18.518682570557125,5:-5,spatial,0,440,1,hex,33,1,1,none,1,high,0.6407411631595799,44,3,205,2,95,1,33,2,1,1,Action_1080p_25fps_5s
378,1,all,1,0.9844437172708528,0,11,0,8,18.518682570557125,5:-5,spatial,0,440,1,hex,33,0,1,cbr,1,baseline,0.9148497995135092,46,1,88,10,43,4,46,0,0,0,Action_1080p_25fps_5s
378,1,p4x4,0,1.8308092128246145,2,11,0,8,18.518682570557125,5:-5,spatial,1,440,1,hex,33,0,1,none,1,high,0.6407411631595799,44,3,22,2,95,1,21,2,0,2,Action_1080p_25fps_5s
378,1,p4x4,1,0.3337954328233935,0,11,0,0,18.518682570557125,5:-5,spatial,0,440,4,hex,33,1,0,none,0,main,0.4021226639805523,44,3,22,2,95,0,30,0,0,0,Action_1080p_25fps_5s
378,1,p4x4,1,0.9844437172708528,2,11,1,8,32.951395530387586,5:-5,spatial,0,103,1,hex,33,1,1,none,1,high,0.6407411631595799,38,3,22,2,95,1,21,2,0,1,Action_1080p_25fps_5s
378,1,p4x4,0,0.9844437172708528,2,11,0,-7,18.518682570557125,5:-5,spatial,0,440,1,hex,33,1,1,none,0,high,0.128052689104238,44,4,155,2,80,11,11,2,0,0,Action_1080p_25fps_5s
378,0,p4x4,1,0.3337954328233935,0,11,0,-9,18.518682570557125,5:-5,spatial,0,385,0,hex,33,1,0,none,0,main,0.4021226639805523,44,3,22,2,95,0,30,0,0,2,Action_1080p_25fps_5s
378,1,p4x4,1,0.9844437172708528,2,11,1,8,32.951395530387586,5:-5,spatial,1,103,1,hex,63,1,1,none,1,high,0.6407411631595799,38,3,22,2,95,1,21,2,0,1,Action_1080p_25fps_5s
378,1,p4x4,1,0.9844437172708528,0,11,1,0,33.22580919165698,5:-5,temporal,0,440,4,hex,33,1,1,none,1,high,0.6407411631595799,44,3,22,10,37,0,30,0,0,2,Action_1080p_25fps_5s
378,1,all,1,0.9844437172708528,0,11,0,8,18.518682570557125,5:-5,spatial,0,440,1,hex,33,1,1,none,1,high,0.6407411631595799,32,3,205,2,95,1,33,1,1,1,Action_1080p_25fps_5s
378,1,all,1,0.7502168010495297,0,11,0,8,41.97215779676975,5:-5,spatial,0,440,1,hex,64,1,1,cbr,1,high,0.6407411631595799,44,16,205,2,95,1,33,2,1,1,Action_1080p_25fps_5s
378,0,p4x4,0,1.8308092128246145,2,11,0,8,31.825513984228632,-5:5,spatial,0,440,1,hex,33,0,1,none,1,high,0.6407411631595799,44,3,22,2,95,1,21,0,1,0,Action_1080p_25fps_5s
378,1,p4x4,0,1.8308092128246145,0,11,0,8,18.518682570557125,5:-5,spatial,1,440,1,hex,33,0,1,vbr,1,high,0.8496224951105323,44,0,22,2,95,1,21,2,0,1,Action_1080p_25fps_5s
378,1,p4x4,1,0.9844437172708528,2,11,0,8,18.518682570557125,5:-5,spatial,0,440,1,hex,33,1,1,none,1,high,0.6407411631595799,44,3,22,2,95,1,21,2,0,0,Action_1080p_25fps_5s
378,1,all,3,0.9844437172708528,0,11,0,-5,18.518682570557125,5:-5,spatial,1,440,3,tesa,33,0,1,none,1,high,0.6407411631595799,44,3,22,2,91,1,21,2,0,2,Action_1080p_25fps_5s
1171,1,p4x4,1,1.8308092128246145,2,11,0,8,18.518682570557125,5:-5,spatial,0,440,4,hex,33,0,1,none,1,high,0.6407411631595799,44,3,205,2,95,1,20,2,0,1,Action_1080p_25fps_5s
378,1,p4x4,1,0.9844437172708528,0,11,0,0,18.518682570557125,5:-5,spatial,0,440,4,hex,33,1,1,none,1,high,0.6407411631595799,44,3,22,2,95,1,21,0,1,1,Standard_480p_60fps_5s
378,1,p4x4,1,0.9844437172708528,2,11,0,8,18.518682570557125,5:-5,spatial,0,440,1,hex,33,1,1,none,1,high,0.6407411631595799,44,3,22,2,95,1,21,2,0,1,Standard_480p_60fps_5s
378,1,all,1,0.9844437172708528,0,11,0,8,18.518682570557125,5:-5,spatial,0,440,1,hex,33,0,1,none,1,high,0.6407411631595799,44,3,22,2,95,1,33,2,1,1,Standard_480p_60fps_5s
2120,1,p4x4,1,0.9844437172708528,2,5,0,0,18.518682570557125,5:-5,spatial,0,151,4,dia,53,1,1,none,1,high,0.6407411631595799,44,3,22,2,95,1,21,2,0,1,Standard_480p_60fps_5s
2120,1,p4x4,1,0.9844437172708528,2,11,0,0,18.518682570557125,5:-5,spatial,0,151,4,dia,33,1,1,none,0,high,0.6407411631595799,44,4,155,2,80,11,11,2,0,0,Standard_480p_60fps_5s
76,0,p8x8,3,1.997601325586333,1,12,0,8,38.687654164818326,5:-5,spatial,0,440,4,hex,33,1,1,none,1,high,0.6407411631595799,44,3,22,2,95,2,21,0,1,0,Standard_480p_60fps_5s
378,1,p8x8,1,0.9844437172708528,1,9,1,-12,18.518682570557125,5:-5,spatial,0,440,4,hex,41,0,1,none,1,high,0.6407411631595799,44,3,22,2,95,1,21,0,1,1,Standard_480p_60fps_5s
378,1,p4x4,0,0.9844437172708528,2,11,0,-7,18.518682570557125,5:-5,spatial,0,440,1,hex,33,1,1,none,0,high,0.128052689104238,44,4,155,2,80,11,11,2,0,0,Standard_480p_60fps_5s
2295,1,all,3,1.8245416022471044,0,9,1,-12,18.518682570557125,5:-5,spatial,0,440,4,hex,41,0,1,none,1,high,0.6407411631595799,44,3,22,2,95,1,21,0,1,1,Standard_480p_60fps_5s
378,1,all,1,0.9844437172708528,1,9,1,-12,18.518682570557125,5:-5,spatial,1,440,4,hex,41,0,1,none,1,high,0.6407411631595799,44,3,22,14,95,1,1,0,1,1,Standard_480p_60fps_5s
378,1,p4x4,0,0.9844437172708528,0,11,0,-7,18.518682570557125,5:-5,spatial,0,440,1,hex,33,1,1,none,0,high,0.128052689104238,44,4,155,13,80,11,11,2,0,0,Standard_480p_60fps_5s
378,1,all,2,0.8025317112005419,0,11,0,8,18.518682570557125,5:-5,spatial,0,38,1,dia,33,0,1,none,1,high,0.6407411631595799,27,3,22,2,95,1,33,2,1,1,Standard_480p_60fps_5s
2120,1,p8x8,1,0.9844437172708528,1,9,1,-12,15.873345918497415,5:-5,spatial,0,440,4,hex,41,0,1,cbr,1,high,0.6407411631595799,44,3,22,2,95,1,21,0,1,1,Standard_480p_60fps_5s
378,1,p4x4,0,0.9844437172708528,2,11,0,0,18.518682570557125,5:-5,spatial,0,151,4,dia,33,1,1,cbr,0,high,0.6407411631595799,44,4,84,2,80,11,11,1,0,0,Standard_480p_60fps_5s
378,1,all,1,0.4314059973852612,0,11,0,8,18.518682570557125,5:-5,spatial,0,440,1,hex,33,0,1,none,0,high,0.6407411631595799,44,10,22,2,95,1,10,2,1,1,Standard_480p_60fps_5s
378,1,none,1,0.6310593546888597,2,11,0,8,18.518682570557125,2:2,auto,0,440,1,hex,33,1,1,none,1,baseline,0.6407411631595799,44,3,22,2,95,1,33,2,1,1,Standard_480p_60fps_5s
2120,1,p4x4,1,0.9844437172708528,2,5,0,0,47.618401137165606,5:-5,spatial,0,151,4,dia,53,1,1,none,1,high,0.6407411631595799,44,3,22,2,95,1,38,2,0,1,Standard_480p_60fps_5s
76,0,p8x8,3,0.1775538506567019,1,12,0,8,38.687654164818326,5:-5,spatial,0,440,3,hex,33,1,1,none,0,high,0.6407411631595799,44,3,22,2,95,1,21,2,1,1,Standard_480p_60fps_5s
378,1,p4x4,1,0.9844437172708528,0,11,0,4,18.518682570557125,5:-5,spatial,0,440,2,hex,33,0,1,none,1,main,0.6407411631595799,27,3,22,2,95,2,21,2,0,0,Standard_480p_60fps_5s
76,0,p8x8,2,1.997601325586333,1,12,0,8,38.687654164818326,5:-5,spatial,0,440,1,hex,33,0,1,none,0,high,0.6407411631595799,44,3,22,2,95,1,48,1,1,1,Standard_480p_60fps_5s
76,0,p8x8,3,1.997601325586333,1,12,0,8,38.687654164818326,5:-5,spatial,0,440,4,hex,33,1,1,none,1,high,0.6407411631595799,44,3,22,2,95,2,21,0,1,0,Standard_1080p_30fps_10s
2120,1,p4x4,1,0.9844437172708528,2,11,0,0,18.518682570557125,5:-5,spatial,0,151,4,dia,33,1,1,none,0,high,0.6407411631595799,44,4,155,2,80,11,11,2,0,0,Standard_1080p_30fps_10s
378,1,all,1,0.9844437172708528,0,11,0,8,18.518682570557125,5:-5,spatial,0,440,1,hex,33,0,1,none,1,high,0.6407411631595799,44,3,22,2,95,1,33,2,1,1,Standard_1080p_30fps_10s
2295,1,all,3,1.8245416022471044,0,9,1,-12,18.518682570557125,5:-5,spatial,0,440,4,hex,41,0,1,none,1,high,0.6407411631595799,44,3,22,2,95,1,21,0,1,1,Standard_1080p_30fps_10s
378,1,p4x4,0,0.9844437172708528,2,11,0,-7,18.518682570557125,5:-5,spatial,0,440,1,hex,33,1,1,none,0,high,0.128052689104238,44,4,155,2,80,11,11,2,0,0,Standard_1080p_30fps_10s
2120,1,p4x4,1,0.9844437172708528,2,5,0,0,18.518682570557125,5:-5,spatial,0,151,4,dia,53,1,1,none,1,high,0.6407411631595799,44,3,22,2,95,1,21,2,0,1,Standard_1080p_30fps_10s
378,1,p4x4,1,0.9844437172708528,0,11,0,0,18.518682570557125,5:-5,spatial,0,440,4,hex,33,1,1,none,1,high,0.6407411631595799,44,3,22,2,95,1,21,0,1,1,Standard_1080p_30fps_10s
378,1,p8x8,1,0.9844437172708528,1,9,1,-12,18.518682570557125,5:-5,spatial,0,440,4,hex,41,0,1,none,1,high,0.6407411631595799,44,3,22,2,95,1,21,0,1,1,Standard_1080p_30fps_10s
378,1,all,1,0.9844437172708528,1,9,1,-12,18.518682570557125,5:-5,spatial,1,440,4,hex,41,0,1,none,1,high,0.6407411631595799,44,3,22,14,95,1,1,0,1,1,Standard_1080p_30fps_10s
378,1,p4x4,1,0.9844437172708528,2,11,0,8,18.518682570557125,5:-5,spatial,0,440,1,hex,33,1,1,none,1,high,0.6407411631595799,44,3,22,2,95,1,21,2,0,1,Standard_1080p_30fps_10s
378,1,p8x8,1,0.9844437172708528,0,11,0,8,18.518682570557125,5:-5,spatial,1,440,1,hex,33,0,1,none,1,high,0.6407411631595799,44,6,22,2,95,1,21,0,1,1,Standard_1080p_30fps_10s
944,1,p8x8,1,0.9844437172708528,0,11,0,0,18.518682570557125,5:-5,temporal,0,440,4,tesa,33,1,1,none,1,high,0.7765931346104298,44,3,22,2,95,1,21,0,1,1,Standard_1080p_30fps_10s
378,1,p4x4,1,0.9844437172708528,1,9,1,-12,18.518682570557125,5:-5,none,0,440,4,hex,41,0,1,cbr,0,high,0.6407411631595799,44,3,22,2,95,2,21,0,1,1,Standard_1080p_30fps_10s
378,1,p4x4,1,0.9844437172708528,0,11,0,0,18.518682570557125,5:-5,spatial,0,328,4,hex,33,1,1,none,1,high,0.6407411631595799,44,3,22,2,95,1,21,0,1,1,Standard_1080p_30fps_10s
2295,1,all,3,1.8245416022471044,0,9,1,0,18.518682570557125,5:-5,spatial,0,440,4,hex,41,0,1,none,1,high,0.6407411631595799,44,3,22,2,95,1,21,0,1,1,Standard_1080p_30fps_10s
76,1,p8x8,3,1.997601325586333,1,12,0,8,26.871059528899416,5:-5,spatial,0,440,4,hex,33,1,1,none,1,high,0.6407411631595799,44,3,22,2,8,1,21,2,0,0,Standard_1080p_30fps_10s
2120,1,p4x4,1,0.9844437172708528,2,5,0,0,18.518682570557125,5:-5,auto,0,151,4,dia,53,1,1,none,1,high,0.6407411631595799,44,3,22,2,95,2,21,0,0,2,Standard_1080p_30fps_10s
378,1,all,1,0.9844437172708528,0,11,0,8,18.518682570557125,5:-5,spatial,0,440,1,hex,33,0,1,none,1,high,0.6643949625490938,44,3,10,4,37,0,30,1,1,1,Standard_1080p_30fps_10s
378,1,all,3,1.3446797288834942,2,11,0,8,18.518682570557125,5:-5,spatial,0,440,1,hex,33,1,1,none,1,high,0.6407411631595799,44,3,22,2,95,1,21,2,0,1,Standard_1080p_30fps_10s
378,1,p4x4,0,0.0563065955649855,2,11,0,8,18.518682570557125,5:-5,spatial,0,440,1,hex,33,1,1,none,0,high,0.128052689104238,44,4,10,4,37,10,30,2,0,2,Standard_1080p_30fps_10s
378,1,all,1,0.9844437172708528,0,11,0,8,18.518682570557125,5:-5,spatial,0,440,1,hex,33,0,1,none,1,high,0.6407411631595799,44,3,22,2,95,1,33,2,1,1,Action_480p_30fps_20s
378,1,p4x4,1,0.9844437172708528,2,11,0,8,18.518682570557125,5:-5,spatial,0,440,1,hex,33,1,1,none,1,high,0.6407411631595799,44,3,22,2,95,1,21,2,0,1,Action_480p_30fps_20s
378,1,p4x4,1,0.9844437172708528,0,11,0,0,18.518682570557125,5:-5,spatial,0,440,4,hex,33,1,1,none,1,high,0.6407411631595799,44,3,22,2,95,1,21,0,1,1,Action_480p_30fps_20s
378,1,p4x4,0,0.9844437172708528,2,11,0,-7,18.518682570557125,5:-5,spatial,0,440,1,hex,33,1,1,none,0,high,0.128052689104238,44,4,155,2,80,11,11,2,0,0,Action_480p_30fps_20s
2120,1,p4x4,1,0.9844437172708528,2,5,0,0,18.518682570557125,5:-5,spatial,0,151,4,dia,53,1,1,none,1,high,0.6407411631595799,44,3,22,2,95,1,21,2,0,1,Action_480p_30fps_20s
378,1,p8x8,1,0.9844437172708528,1,9,1,-12,18.518682570557125,5:-5,spatial,0,440,4,hex,41,0,1,none,1,high,0.6407411631595799,44,3,22,2,95,1,21,0,1,1,Action_480p_30fps_20s
76,0,p8x8,3,1.997601325586333,1,12,0,8,38.687654164818326,5:-5,spatial,0,440,4,hex,33,1,1,none,1,high,0.6407411631595799,44,3,22,2,95,2,21,0,1,0,Action_480p_30fps_20s
2120,1,p4x4,1,0.9844437172708528,2,11,0,0,18.518682570557125,5:-5,spatial,0,151,4,dia,33,1,1,none,0,high,0.6407411631595799,44,4,155,2,80,11,11,2,0,0,Action_480p_30fps_20s
2295,1,all,3,1.8245416022471044,0,9,1,-12,18.518682570557125,5:-5,spatial,0,440,4,hex,41,0,1,none,1,high,0.6407411631595799,44,3,22,2,95,1,21,0,1,1,Action_480p_30fps_20s
378,1,all,1,0.9844437172708528,1,9,1,-12,18.518682570557125,5:-5,spatial,1,440,4,hex,41,0,1,none,1,high,0.6407411631595799,44,3,22,14,95,1,1,0,1,1,Action_480p_30fps_20s
378,1,p4x4,1,0.9844437172708528,0,11,1,8,38.687654164818326,5:-5,spatial,0,14,4,hex,33,0,0,cbr,1,high,0.6407411631595799,44,3,22,2,95,2,21,0,1,0,Action_480p_30fps_20s
76,0,p8x8,3,1.997601325586333,1,12,0,0,18.518682570557125,5:-5,temporal,1,440,4,hex,28,1,1,none,1,main,0.6407411631595799,44,3,22,2,95,1,21,0,1,2,Action_480p_30fps_20s
2295,1,all,3,1.8245416022471044,0,9,1,-12,18.518682570557125,5:-5,spatial,0,440,4,hex,41,0,1,none,1,high,0.6407411631595799,44,11,22,2,95,1,21,0,1,1,Action_480p_30fps_20s
76,0,all,3,1.997601325586333,1,12,0,8,38.687654164818326,5:-5,spatial,0,440,4,hex,33,0,1,none,1,high,0.6407411631595799,44,13,95,2,95,2,3,0,0,0,Action_480p_30fps_20s
76,0,p8x8,3,1.997601325586333,1,12,0,8,11.03215546524333,5:-5,spatial,0,440,1,hex,33,1,1,none,1,high,0.6407411631595799,41,3,22,2,95,4,21,0,1,1,Action_480p_30fps_20s
378,1,p8x8,1,0.0854615326045347,1,9,1,-12,18.518682570557125,5:-5,spatial,1,440,4,hex,41,0,1,none,1,high,0.6407411631595799,44,3,22,2,95,2,21,0,1,0,Action_480p_30fps_20s
378,1,all,1,0.9844437172708528,0,11,0,8,18.518682570557125,5:-5,spatial,0,440,1,hex,37,0,1,none,0,high,0.6407411631595799,36,3,22,2,95,1,33,2,1,1,Action_480p_30fps_20s
378,1,all,1,0.9844437172708528,1,9,1,-12,18.518682570557125,5:-5,spatial,1,440,4,hex,41,0,1,none,1,high,0.6407411631595799,44,3,22,14,95,1,1,1,1,2,Action_480p_30fps_20s
1178,1,p4x4,1,0.9844437172708528,2,5,0,0,18.518682570557125,5:-5,spatial,0,151,4,dia,53,1,0,none,1,high,0.6407411631595799,44,11,22,2,54,1,21,2,0,1,Action_480p_30fps_20s
378,1,p4x4,0,0.9844437172708528,2,11,0,-7,18.518682570557125,-5:5,none,0,440,1,hex,33,1,1,none,1,high,0.6407411631595799,44,3,88,2,95,1,21,2,0,1,Action_480p_30fps_20s
1178,0,all,3,0.9065584540988204,2,3,1,-10,11.649183250274437,0:0,auto,1,410,0,umh,11,0,1,none,1,baseline,0.5123914458022217,39,0,192,2,19,6,40,1,0,1,Still_image_1080p_25fps_10s
1178,0,all,3,0.9065584540988204,2,4,1,-10,11.649183250274437,0:0,auto,0,410,4,umh,11,0,0,cbr,1,baseline,0.5123914458022217,39,0,10,4,37,6,30,0,1,2,Still_image_1080p_25fps_10s
1178,0,all,1,0.9065584540988204,2,3,0,-11,11.649183250274437,0:0,temporal,0,410,4,umh,11,0,0,cbr,1,main,0.965829524139684,22,0,10,4,37,0,30,0,1,2,Still_image_1080p_25fps_10s
1178,0,all,3,0.9065584540988204,2,3,1,-3,11.649183250274437,0:0,auto,0,410,4,umh,11,0,1,cbr,1,baseline,0.5123914458022217,39,0,10,4,37,0,59,0,1,2,Still_image_1080p_25fps_10s
1178,0,all,3,0.9065584540988204,2,3,1,-10,11.649183250274437,0:0,auto,0,410,4,umh,11,1,0,cbr,1,high,0.5123914458022217,39,0,10,4,37,0,30,0,1,2,Still_image_1080p_25fps_10s
1178,0,all,1,0.9065584540988204,2,3,0,-11,11.649183250274437,0:0,temporal,1,410,4,umh,11,0,1,none,1,baseline,0.5123914458022217,39,0,192,2,19,6,40,1,1,1,Still_image_1080p_25fps_10s
1178,0,all,3,0.8875295029693533,2,3,1,-11,11.649183250274437,0:0,auto,0,410,4,umh,11,1,1,cbr,1,baseline,0.9148497995135092,46,1,88,14,43,4,38,0,0,0,Still_image_1080p_25fps_10s
1178,0,all,3,0.9065584540988204,2,3,1,-10,11.649183250274437,0:0,auto,0,410,4,umh,11,0,0,cbr,1,baseline,0.5123914458022217,39,0,10,4,37,0,30,0,1,2,Still_image_1080p_25fps_10s
1178,0,all,3,0.9065584540988204,2,3,0,-11,11.649183250274437,0:0,auto,1,410,4,umh,11,0,0,cbr,1,baseline,0.5123914458022217,39,0,10,4,37,0,30,0,1,0,Still_image_1080p_25fps_10s
1178,0,all,3,0.9065584540988204,2,3,0,-11,11.649183250274437,0:0,auto,0,410,4,umh,11,0,0,cbr,1,baseline,0.5123914458022217,39,14,29,2,19,6,40,1,0,1,Still_image_1080p_25fps_10s
1178,0,all,3,0.9065584540988204,2,3,1,-10,11.649183250274437,0:0,auto,1,410,4,umh,11,0,0,cbr,1,baseline,0.5123914458022217,39,0,10,4,37,0,30,0,1,2,Still_image_1080p_25fps_10s
1178,1,all,3,0.9065584540988204,2,3,0,-10,11.649183250274437,6:-6,auto,0,410,4,umh,11,0,0,cbr,1,baseline,0.5123914458022217,39,0,10,4,37,0,30,0,1,2,Still_image_1080p_25fps_10s
1178,0,all,3,0.9065584540988204,2,3,1,-3,4.208706495921804,0:0,auto,0,410,4,umh,11,0,0,cbr,1,high,0.5123914458022217,39,0,33,4,37,10,30,0,1,2,Still_image_1080p_25fps_10s
1178,1,p8x8,1,0.9065584540988204,1,3,1,-10,11.649183250274437,0:0,auto,0,491,4,umh,11,0,0,cbr,1,baseline,0.5123914458022217,39,0,206,4,28,0,59,0,1,2,Still_image_1080p_25fps_10s
1178,0,all,3,0.9065584540988204,2,3,0,-11,11.649183250274437,0:0,auto,1,410,4,umh,11,0,0,cbr,1,high,0.128052689104238,44,4,155,2,80,11,11,2,0,0,Still_image_1080p_25fps_10s
977,0,all,3,0.9065584540988204,2,1,1,-10,11.649183250274437,0:0,auto,0,410,4,umh,11,0,0,vbr,1,baseline,0.5123914458022217,39,19,10,4,37,6,30,0,1,2,Still_image_1080p_25fps_10s
1178,0,all,3,0.0155150049448848,2,3,1,-10,11.649183250274437,0:0,auto,0,410,4,umh,11,1,0,cbr,1,baseline,0.5123914458022217,39,0,76,4,37,0,30,1,1,2,Still_image_1080p_25fps_10s
1178,0,all,3,0.9065584540988204,2,8,1,-10,11.649183250274437,0:0,auto,0,402,1,umh,11,0,0,cbr,1,high,0.5123914458022217,39,0,10,7,37,8,30,0,0,2,Still_image_1080p_25fps_10s
1178,0,all,3,0.9065584540988204,2,3,0,-11,11.649183250274437,0:0,auto,1,410,4,umh,11,0,1,cbr,1,baseline,0.3384779220418737,39,0,2,4,37,0,59,0,1,2,Still_image_1080p_25fps_10s
1178,0,p8x8,3,0.9065584540988204,2,3,1,-3,11.649183250274437,0:0,auto,0,410,2,umh,11,0,0,none,0,baseline,0.5123914458022217,39,0,10,4,37,0,30,0,1,0,Still_image_1080p_25fps_10s
1178,0,all,3,0.9065584540988204,2,3,1,-10,11.649183250274437,0:0,auto,1,410,0,umh,11,0,1,none,1,baseline,0.5123914458022217,39,0,192,2,19,6,40,1,0,1,Big_720p_60fps_20s
1178,0,all,3,0.9065584540988204,2,4,1,-10,11.649183250274437,0:0,auto,0,410,4,umh,11,0,0,cbr,1,baseline,0.5123914458022217,39,0,10,4,37,6,30,0,1,2,Big_720p_60fps_20s
1178,0,all,1,0.9065584540988204,2,3,0,-11,11.649183250274437,0:0,temporal,0,410,4,umh,11,0,0,cbr,1,main,0.965829524139684,22,0,10,4,37,0,30,0,1,2,Big_720p_60fps_20s
1178,0,all,3,0.8875295029693533,2,3,1,-11,11.649183250274437,0:0,auto,0,410,4,umh,11,1,1,cbr,1,baseline,0.9148497995135092,46,1,88,14,43,4,38,0,0,0,Big_720p_60fps_20s
1178,0,all,1,0.9065584540988204,2,3,0,-11,11.649183250274437,0:0,temporal,1,410,4,umh,11,0,1,none,1,baseline,0.5123914458022217,39,0,192,2,19,6,40,1,1,1,Big_720p_60fps_20s
1178,0,all,3,0.9065584540988204,2,3,1,-3,11.649183250274437,0:0,auto,0,410,4,umh,11,0,1,cbr,1,baseline,0.5123914458022217,39,0,10,4,37,0,59,0,1,2,Big_720p_60fps_20s
1178,0,all,3,0.9065584540988204,2,3,1,-10,11.649183250274437,0:0,auto,0,410,4,umh,11,1,0,cbr,1,high,0.5123914458022217,39,0,10,4,37,0,30,0,1,2,Big_720p_60fps_20s
1178,0,all,3,0.9065584540988204,2,3,1,-10,11.649183250274437,0:0,auto,0,410,4,umh,11,0,0,cbr,1,baseline,0.5123914458022217,39,0,10,4,37,0,30,0,1,2,Big_720p_60fps_20s
1178,0,all,3,0.9065584540988204,2,3,0,-11,11.649183250274437,0:0,auto,1,410,4,umh,11,0,0,cbr,1,baseline,0.5123914458022217,39,0,10,4,37,0,30,0,1,0,Big_720p_60fps_20s
1178,0,all,3,0.9065584540988204,2,3,0,-11,11.649183250274437,0:0,auto,0,410,4,umh,11,0,0,cbr,1,baseline,0.5123914458022217,39,14,29,2,19,6,40,1,0,1,Big_720p_60fps_20s
1178,0,all,3,0.9065584540988204,2,3,0,-2,11.649183250274437,0:0,auto,1,410,4,umh,11,0,0,cbr,1,baseline,0.5123914458022217,39,0,10,4,37,0,30,0,1,2,Big_720p_60fps_20s
1178,0,all,3,0.9065584540988204,2,3,0,-10,11.649183250274437,5:5,auto,0,410,4,umh,11,0,0,cbr,1,main,0.5123914458022217,31,0,10,4,37,0,30,0,1,0,Big_720p_60fps_20s
1178,0,all,3,0.9065584540988204,2,3,0,-11,11.649183250274437,0:0,auto,0,410,4,umh,11,0,0,cbr,1,main,0.4326403739559353,39,14,29,4,37,0,59,0,1,1,Big_720p_60fps_20s
1178,0,all,3,0.4540736038055634,2,3,1,-3,11.649183250274437,0:0,auto,0,410,4,umh,11,0,1,cbr,1,baseline,0.5123914458022217,39,0,10,2,19,6,40,1,0,1,Big_720p_60fps_20s
1178,0,all,3,0.9065584540988204,2,3,1,-10,11.649183250274437,0:0,auto,0,410,4,umh,11,1,0,cbr,1,baseline,0.5123914458022217,39,0,204,4,37,0,30,0,1,2,Big_720p_60fps_20s
1178,0,all,1,0.9065584540988204,2,3,0,-11,11.649183250274437,-5:5,spatial,0,410,4,umh,11,0,0,cbr,1,main,0.965829524139684,22,0,10,4,37,6,30,0,1,2,Big_720p_60fps_20s
378,1,none,0,0.9844437172708528,2,11,0,-11,11.649183250274437,0:0,auto,1,410,4,umh,11,0,0,cbr,1,baseline,0.5123914458022217,39,0,10,4,37,0,30,0,1,0,Big_720p_60fps_20s
1178,0,all,3,0.9065584540988204,2,3,0,-11,11.649183250274437,0:0,auto,0,410,4,umh,11,1,0,cbr,1,baseline,0.9148497995135092,46,1,176,14,61,4,38,0,0,0,Big_720p_60fps_20s
1178,0,all,3,0.8875295029693533,2,3,1,-11,11.649183250274437,0:0,auto,1,410,4,umh,11,0,0,cbr,1,baseline,0.5123914458022217,39,0,10,4,37,0,30,0,1,0,Big_720p_60fps_20s
1178,0,all,3,0.9065584540988204,2,3,0,-11,11.649183250274437,0:0,temporal,0,410,4,hex,11,0,0,cbr,1,main,0.965829524139684,22,0,10,6,37,0,30,0,0,2,Big_720p_60fps_20s
1178,0,all,3,0.9065584540988204,2,3,1,-10,11.649183250274437,0:0,auto,1,410,0,umh,11,0,1,none,1,baseline,0.5123914458022217,39,0,192,2,19,6,40,1,0,1,Big_480p_30fps_10s
1178,0,all,1,0.9065584540988204,2,3,0,-11,11.649183250274437,0:0,temporal,0,410,4,umh,11,0,0,cbr,1,main,0.965829524139684,22,0,10,4,37,0,30,0,1,2,Big_480p_30fps_10s
1178,0,all,3,0.9065584540988204,2,4,1,-10,11.649183250274437,0:0,auto,0,410,4,umh,11,0,0,cbr,1,baseline,0.5123914458022217,39,0,10,4,37,6,30,0,1,2,Big_480p_30fps_10s
1178,0,all,3,0.9065584540988204,2,3,0,-11,11.649183250274437,0:0,auto,1,410,4,umh,11,0,0,cbr,1,baseline,0.5123914458022217,39,0,10,4,37,0,30,0,1,0,Big_480p_30fps_10s
1178,0,all,3,0.9065584540988204,2,3,1,-10,11.649183250274437,0:0,auto,0,410,4,umh,11,0,0,cbr,1,baseline,0.5123914458022217,39,0,10,4,37,0,30,0,1,2,Big_480p_30fps_10s
1178,0,all,3,0.8875295029693533,2,3,1,-11,11.649183250274437,0:0,auto,0,410,4,umh,11,1,1,cbr,1,baseline,0.9148497995135092,46,1,88,14,43,4,38,0,0,0,Big_480p_30fps_10s
1178,0,all,1,0.9065584540988204,2,3,0,-11,11.649183250274437,0:0,temporal,1,410,4,umh,11,0,1,none,1,baseline,0.5123914458022217,39,0,192,2,19,6,40,1,1,1,Big_480p_30fps_10s
1178,0,all,3,0.9065584540988204,2,3,1,-3,11.649183250274437,0:0,auto,0,410,4,umh,11,0,1,cbr,1,baseline,0.5123914458022217,39,0,10,4,37,0,59,0,1,2,Big_480p_30fps_10s
1178,0,all,3,0.9065584540988204,2,3,1,-10,11.649183250274437,0:0,auto,0,410,4,umh,11,1,0,cbr,1,high,0.5123914458022217,39,0,10,4,37,0,30,0,1,2,Big_480p_30fps_10s
1178,0,all,3,0.9065584540988204,2,3,0,-11,11.649183250274437,0:0,auto,0,410,4,umh,11,0,0,cbr,1,baseline,0.5123914458022217,39,14,29,2,19,6,40,1,0,1,Big_480p_30fps_10s
2364,0,all,3,0.9065584540988204,2,3,1,-3,11.649183250274437,0:0,auto,0,410,4,umh,11,0,1,cbr,1,high,0.5123914458022217,39,11,10,4,37,0,59,0,1,2,Big_480p_30fps_10s
2372,1,all,3,0.9065584540988204,2,3,0,-11,11.649183250274437,0:0,auto,0,410,4,umh,11,0,0,cbr,1,baseline,0.5123914458022217,39,14,29,2,76,6,40,1,0,1,Big_480p_30fps_10s
1178,0,all,2,0.9981664009123554,2,3,0,-11,11.649183250274437,-6:6,temporal,0,410,4,umh,54,0,0,cbr,0,main,0.965829524139684,22,0,10,4,37,0,30,0,1,2,Big_480p_30fps_10s
1178,1,all,3,0.9065584540988204,2,3,0,-11,1.6945569839928698,0:0,auto,1,410,4,umh,38,0,0,none,1,baseline,0.5123914458022217,39,0,45,4,37,0,30,0,0,0,Big_480p_30fps_10s
1178,0,all,3,0.9065584540988204,2,3,1,-10,11.649183250274437,0:0,spatial,1,410,4,umh,11,0,0,cbr,1,baseline,0.5123914458022217,39,0,10,4,95,1,38,2,0,0,Big_480p_30fps_10s
1178,0,all,1,0.9065584540988204,2,3,0,-11,11.649183250274437,0:0,auto,0,410,4,umh,11,0,0,cbr,1,baseline,0.5123914458022217,39,14,29,2,19,6,40,1,0,1,Big_480p_30fps_10s
1178,0,all,3,0.8875295029693533,0,1,1,-11,11.649183250274437,0:0,auto,0,410,4,umh,11,1,0,cbr,1,baseline,0.9148497995135092,46,1,88,14,43,4,59,0,1,2,Big_480p_30fps_10s
1178,0,all,3,0.9065584540988204,2,3,1,-3,11.649183250274437,0:0,spatial,0,410,3,umh,11,0,1,cbr,1,baseline,0.5123914458022217,49,0,10,4,37,0,38,0,0,0,Big_480p_30fps_10s
1178,1,all,3,0.9065584540988204,2,3,1,-10,11.649183250274437,0:0,auto,0,410,4,umh,11,1,0,cbr,1,baseline,0.5123914458022217,39,0,10,4,37,0,63,0,1,2,Big_480p_30fps_10s
1178,0,p8x8,3,0.9065584540988204,2,3,1,-10,13.838818948952254,0:0,auto,0,410,2,umh,11,1,0,cbr,1,baseline,0.5123914458022217,39,5,10,4,37,0,30,0,1,2,Big_480p_30fps_10s
378,1,all,1,0.9844437172708528,0,11,0,8,18.518682570557125,5:-5,spatial,0,440,1,hex,33,0,1,none,1,high,0.6407411631595799,44,3,22,2,95,1,33,2,1,1,Big_480p_25fps_10s
378,1,p4x4,1,0.9844437172708528,2,11,0,8,18.518682570557125,5:-5,spatial,0,440,1,hex,33,1,1,none,1,high,0.6407411631595799,44,3,22,2,95,1,21,2,0,1,Big_480p_25fps_10s
378,1,p4x4,1,0.9844437172708528,0,11,0,0,18.518682570557125,5:-5,spatial,0,440,4,hex,33,1,1,none,1,high,0.6407411631595799,44,3,22,2,95,1,21,0,1,1,Big_480p_25fps_10s
378,1,all,1,0.9844437172708528,0,11,0,8,18.518682570557125,5:-5,spatial,0,440,1,hex,33,1,1,none,1,high,0.6407411631595799,44,3,205,2,95,1,33,2,1,1,Big_480p_25fps_10s
378,1,p4x4,0,1.8308092128246145,2,11,0,8,18.518682570557125,5:-5,spatial,1,440,1,hex,33,0,1,none,1,high,0.6407411631595799,44,3,22,2,95,1,21,2,0,2,Big_480p_25fps_10s
378,1,p4x4,1,0.9844437172708528,2,11,1,8,32.951395530387586,5:-5,spatial,0,103,1,hex,33,1,1,none,1,high,0.6407411631595799,38,3,22,2,95,1,21,2,0,1,Big_480p_25fps_10s
378,1,p4x4,1,0.3337954328233935,0,11,0,0,18.518682570557125,5:-5,spatial,0,440,4,hex,33,1,0,none,0,main,0.4021226639805523,44,3,22,2,95,0,30,0,0,0,Big_480p_25fps_10s
1178,0,all,3,0.9844437172708528,0,11,0,0,18.518682570557125,5:-5,spatial,1,440,2,hex,57,1,1,none,1,high,0.6407411631595799,44,18,22,2,95,1,21,0,1,0,Big_480p_25fps_10s
378,1,all,1,0.9844437172708528,0,11,0,8,18.518682570557125,5:-5,spatial,0,440,1,hex,33,0,1,cbr,1,baseline,0.9148497995135092,46,1,88,10,43,4,46,0,0,0,Big_480p_25fps_10s
378,1,p4x4,0,0.9844437172708528,2,11,0,-7,18.518682570557125,5:-5,spatial,0,440,1,hex,33,1,1,none,0,high,0.128052689104238,44,4,155,2,80,11,11,2,0,0,Big_480p_25fps_10s
1178,0,all,2,0.9065584540988204,2,3,0,-11,11.649183250274437,5:-5,spatial,0,440,1,hex,33,0,1,none,1,high,0.6407411631595799,44,3,22,2,95,1,33,2,1,2,Big_480p_25fps_10s
378,1,p4x4,0,0.9844437172708528,2,11,0,-7,18.518682570557125,2:-2,spatial,0,440,1,hex,33,1,1,none,1,high,0.6407411631595799,44,3,22,7,95,1,21,2,0,1,Big_480p_25fps_10s
378,1,all,1,0.9844437172708528,0,4,0,8,18.518682570557125,5:-5,auto,0,440,1,hex,33,1,1,none,1,high,0.6407411631595799,44,3,205,2,95,1,33,2,1,1,Big_480p_25fps_10s
378,0,p4x4,0,1.8308092128246145,0,11,0,12,32.951395530387586,6:-6,spatial,0,103,1,hex,33,1,1,none,1,high,0.6407411631595799,38,3,120,2,95,1,21,1,0,1,Big_480p_25fps_10s
378,1,p4x4,1,0.9844437172708528,2,11,0,8,32.951395530387586,5:-5,spatial,0,103,1,hex,33,1,1,none,1,high,0.6407411631595799,44,3,22,2,95,1,21,2,0,2,Big_480p_25fps_10s
378,1,p4x4,0,1.8308092128246145,2,11,0,8,18.518682570557125,5:-5,spatial,1,440,1,hex,33,0,1,none,1,high,0.6407411631595799,38,3,22,2,95,1,21,2,0,0,Big_480p_25fps_10s
378,1,p4x4,1,0.9844437172708528,0,11,0,8,18.518682570557125,5:-5,spatial,0,440,1,hex,13,0,1,none,1,high,0.1680347494162737,39,3,22,2,95,1,21,0,1,1,Big_480p_25fps_10s
378,1,none,1,0.9844437172708528,0,11,0,0,18.518682570557125,5:-5,spatial,0,440,4,hex,33,1,1,none,1,high,0.6407411631595799,44,3,22,2,95,1,33,2,1,1,Big_480p_25fps_10s
378,1,p4x4,1,0.3337954328233935,0,11,0,0,18.518682570557125,5:-5,spatial,0,440,4,dia,33,1,0,none,1,main,0.4021226639805523,44,3,22,2,95,1,21,2,0,1,Big_480p_25fps_10s
378,1,p4x4,1,0.9844437172708528,2,11,0,8,29.343366137659665,5:-5,spatial,0,440,0,hex,33,1,0,none,0,baseline,0.2797117077885626,44,3,22,2,95,0,30,0,0,0,Big_480p_25fps_10s
378,1,all,1,0.9844437172708528,0,11,0,8,18.518682570557125,5:-5,spatial,0,440,1,hex,33,0,1,none,1,high,0.6407411631595799,44,3,22,2,95,1,33,2,1,1,Standard_1080p_30fps_15s
378,1,p4x4,0,0.9844437172708528,2,11,0,-7,18.518682570557125,5:-5,spatial,0,440,1,hex,33,1,1,none,0,high,0.128052689104238,44,4,155,2,80,11,11,2,0,0,Standard_1080p_30fps_15s
2120,1,p4x4,1,0.9844437172708528,2,5,0,0,18.518682570557125,5:-5,spatial,0,151,4,dia,53,1,1,none,1,high,0.6407411631595799,44,3,22,2,95,1,21,2,0,1,Standard_1080p_30fps_15s
378,1,p8x8,1,0.9844437172708528,1,9,1,-12,18.518682570557125,5:-5,spatial,0,440,4,hex,41,0,1,none,1,high,0.6407411631595799,44,3,22,2,95,1,21,0,1,1,Standard_1080p_30fps_15s
76,0,p8x8,3,1.997601325586333,1,12,0,8,38.687654164818326,5:-5,spatial,0,440,4,hex,33,1,1,none,1,high,0.6407411631595799,44,3,22,2,95,2,21,0,1,0,Standard_1080p_30fps_15s
378,1,p4x4,1,0.9844437172708528,0,11,0,0,18.518682570557125,5:-5,spatial,0,440,4,hex,33,1,1,none,1,high,0.6407411631595799,44,3,22,2,95,1,21,0,1,1,Standard_1080p_30fps_15s
2120,1,p4x4,1,0.9844437172708528,2,11,0,0,18.518682570557125,5:-5,spatial,0,151,4,dia,33,1,1,none,0,high,0.6407411631595799,44,4,155,2,80,11,11,2,0,0,Standard_1080p_30fps_15s
378,1,p4x4,1,0.9844437172708528,2,11,0,8,18.518682570557125,5:-5,spatial,0,440,1,hex,33,1,1,none,1,high,0.6407411631595799,44,3,22,2,95,1,21,2,0,1,Standard_1080p_30fps_15s
2295,1,all,3,1.8245416022471044,0,9,1,-12,18.518682570557125,5:-5,spatial,0,440,4,hex,41,0,1,none,1,high,0.6407411631595799,44,3,22,2,95,1,21,0,1,1,Standard_1080p_30fps_15s
378,1,all,1,0.9844437172708528,1,9,1,-12,18.518682570557125,5:-5,spatial,1,440,4,hex,41,0,1,none,1,high,0.6407411631595799,44,3,22,14,95,1,1,0,1,1,Standard_1080p_30fps_15s
378,0,p8x8,1,0.9844437172708528,1,9,0,-12,18.518682570557125,5:-5,spatial,0,486,4,hex,41,0,0,none,1,high,0.6407411631595799,44,3,22,4,37,0,59,0,1,2,Standard_1080p_30fps_15s
378,1,p4x4,0,0.9844437172708528,2,11,0,-7,18.518682570557125,5:-5,spatial,0,440,1,hex,33,1,1,none,0,high,0.128052689104238,42,4,216,2,80,11,11,2,0,0,Standard_1080p_30fps_15s
2295,1,p4x4,0,0.9844437172708528,2,11,0,-7,18.518682570557125,5:-5,spatial,0,440,1,hex,33,1,1,none,0,high,0.128052689104238,44,4,155,4,80,11,11,2,0,0,Standard_1080p_30fps_15s
378,0,all,3,1.8245416022471044,0,9,1,-12,18.518682570557125,5:-5,spatial,0,440,2,dia,41,0,1,none,1,high,0.6407411631595799,44,3,22,11,40,1,21,0,1,1,Standard_1080p_30fps_15s
146,1,p4x4,1,0.9371347697722828,2,11,0,0,18.518682570557125,5:-5,spatial,0,440,1,hex,33,1,0,none,1,high,0.6407411631595799,44,3,22,2,95,1,21,2,0,1,Standard_1080p_30fps_15s
378,1,none,1,0.9844437172708528,2,11,1,8,18.518682570557125,-2:2,spatial,0,440,4,hex,9,0,1,none,1,high,0.6407411631595799,44,3,22,2,95,1,61,0,1,1,Standard_1080p_30fps_15s
378,0,p4x4,0,0.9844437172708528,2,11,1,8,18.518682570557125,5:-5,spatial,0,440,1,hex,33,1,1,none,1,high,0.6407411631595799,44,3,22,2,95,1,21,2,0,1,Standard_1080p_30fps_15s
76,0,p8x8,3,1.997601325586333,1,12,0,8,38.687654164818326,5:-5,spatial,0,440,4,hex,33,1,1,none,1,high,0.6407411631595799,44,3,22,13,95,1,21,2,1,1,Standard_1080p_30fps_15s
378,1,p4x4,1,0.9844437172708528,0,11,0,0,18.518682570557125,5:-5,none,0,440,4,hex,33,1,1,none,1,high,0.6407411631595799,44,3,22,2,95,2,21,0,1,1,Standard_1080p_30fps_15s
378,1,all,1,0.9844437172708528,0,11,0,8,18.518682570557125,5:-5,spatial,0,440,1,hex,33,0,1,none,1,high,0.6407411631595799,44,3,22,4,95,1,42,0,1,1,Standard_1080p_30fps_15s
1178,0,all,1,0.9065584540988204,2,3,0,-11,11.649183250274437,0:0,temporal,0,410,4,umh,11,0,0,cbr,1,main,0.965829524139684,22,0,10,4,37,0,30,0,1,2,Still_image_480p_30fps_10s
1178,0,all,3,0.9065584540988204,2,3,1,-10,11.649183250274437,0:0,auto,1,410,0,umh,11,0,1,none,1,baseline,0.5123914458022217,39,0,192,2,19,6,40,1,0,1,Still_image_480p_30fps_10s
1178,0,all,3,0.9065584540988204,2,4,1,-10,11.649183250274437,0:0,auto,0,410,4,umh,11,0,0,cbr,1,baseline,0.5123914458022217,39,0,10,4,37,6,30,0,1,2,Still_image_480p_30fps_10s
1178,0,all,3,0.9065584540988204,2,3,0,-11,11.649183250274437,0:0,auto,1,410,4,umh,11,0,0,cbr,1,baseline,0.5123914458022217,39,0,10,4,37,0,30,0,1,0,Still_image_480p_30fps_10s
1178,0,all,3,0.9065584540988204,2,3,1,-10,11.649183250274437,0:0,auto,0,410,4,umh,11,0,0,cbr,1,baseline,0.5123914458022217,39,0,10,4,37,0,30,0,1,2,Still_image_480p_30fps_10s
1178,0,all,1,0.9065584540988204,2,3,0,-11,11.649183250274437,0:0,temporal,1,410,4,umh,11,0,1,none,1,baseline,0.5123914458022217,39,0,192,2,19,6,40,1,1,1,Still_image_480p_30fps_10s
1178,0,all,3,0.9065584540988204,2,3,1,-3,11.649183250274437,0:0,auto,0,410,4,umh,11,0,1,cbr,1,baseline,0.5123914458022217,39,0,10,4,37,0,59,0,1,2,Still_image_480p_30fps_10s
1178,0,all,3,0.8875295029693533,2,3,1,-11,11.649183250274437,0:0,auto,0,410,4,umh,11,1,1,cbr,1,baseline,0.9148497995135092,46,1,88,14,43,4,38,0,0,0,Still_image_480p_30fps_10s
1178,0,all,3,0.9065584540988204,2,3,1,-10,11.649183250274437,0:0,auto,0,410,4,umh,11,1,0,cbr,1,high,0.5123914458022217,39,0,10,4,37,0,30,0,1,2,Still_image_480p_30fps_10s
1178,0,all,3,0.9065584540988204,2,3,0,-11,11.649183250274437,0:0,auto,0,410,4,umh,11,0,0,cbr,1,baseline,0.5123914458022217,39,14,29,2,19,6,40,1,0,1,Still_image_480p_30fps_10s
1178,0,all,3,1.0323387658064085,2,3,1,-9,11.649183250274437,0:0,none,1,410,0,umh,11,0,0,none,1,baseline,0.5123914458022217,39,0,192,2,16,6,27,1,0,1,Still_image_480p_30fps_10s
1178,0,all,3,0.1186840764483573,2,3,1,-10,11.649183250274437,0:0,auto,0,410,4,umh,11,1,0,cbr,1,baseline,0.5123914458022217,39,0,10,4,28,6,30,0,1,2,Still_image_480p_30fps_10s
1178,0,all,0,0.9065584540988204,2,0,0,-10,11.649183250274437,-6:6,auto,0,470,4,umh,11,0,0,none,1,high,0.5123914458022217,39,0,10,4,61,0,30,0,1,2,Still_image_480p_30fps_10s
1178,0,all,3,0.9065584540988204,2,3,1,-11,25.59903827108989,0:0,auto,0,410,4,umh,11,0,0,cbr,1,baseline,0.9262630939965132,39,14,29,1,19,6,40,1,0,1,Still_image_480p_30fps_10s
1178,0,all,3,0.9065584540988204,2,3,1,-10,11.649183250274437,0:0,auto,1,410,0,tesa,11,0,1,none,1,baseline,0.5123914458022217,39,0,192,2,19,6,40,1,0,1,Still_image_480p_30fps_10s
2342,0,all,3,1.4030406682945868,1,3,1,-10,11.649183250274437,0:0,auto,0,410,4,umh,11,0,1,vbr,1,baseline,0.5123914458022217,39,0,10,4,37,0,53,0,1,2,Still_image_480p_30fps_10s
1178,0,all,1,0.9065584540988204,2,3,1,-3,11.649183250274437,0:0,auto,0,410,4,umh,11,1,0,cbr,1,baseline,0.5123914458022217,39,0,10,4,37,0,30,0,1,2,Still_image_480p_30fps_10s
822,0,all,1,0.9065584540988204,2,3,0,-11,11.649183250274437,0:0,temporal,0,410,4,umh,11,0,0,vbr,1,main,0.965829524139684,22,0,10,4,37,11,30,0,1,0,Still_image_480p_30fps_10s
1178,0,all,3,0.9065584540988204,2,3,0,-11,11.649183250274437,0:0,auto,0,410,4,umh,11,0,0,cbr,1,main,0.5123914458022217,40,14,29,2,19,6,40,1,1,1,Still_image_480p_30fps_10s
76,0,p8x8,3,1.997601325586333,1,12,1,2,11.649183250274437,0:0,auto,0,410,4,umh,11,0,0,cbr,1,baseline,0.5123914458022217,39,0,10,4,37,0,30,0,1,2,Still_image_480p_30fps_10s
2120,1,p4x4,1,0.9844437172708528,2,11,0,0,18.518682570557125,5:-5,spatial,0,151,4,dia,33,1,1,none,0,high,0.6407411631595799,44,4,155,2,80,11,11,2,0,0,Standard_1080p_60fps_5s
378,1,p8x8,1,0.9844437172708528,1,9,1,-12,18.518682570557125,5:-5,spatial,0,440,4,hex,41,0,1,none,1,high,0.6407411631595799,44,3,22,2,95,1,21,0,1,1,Standard_1080p_60fps_5s
378,1,p4x4,0,0.9844437172708528,2,11,0,-7,18.518682570557125,5:-5,spatial,0,440,1,hex,33,1,1,none,0,high,0.128052689104238,44,4,155,2,80,11,11,2,0,0,Standard_1080p_60fps_5s
378,1,all,1,0.9844437172708528,0,11,0,8,18.518682570557125,5:-5,spatial,0,440,1,hex,33,0,1,none,1,high,0.6407411631595799,44,3,22,2,95,1,33,2,1,1,Standard_1080p_60fps_5s
2120,1,p4x4,1,0.9844437172708528,2,5,0,0,18.518682570557125,5:-5,spatial,0,151,4,dia,53,1,1,none,1,high,0.6407411631595799,44,3,22,2,95,1,21,2,0,1,Standard_1080p_60fps_5s
378,1,p4x4,1,0.9844437172708528,2,11,0,8,18.518682570557125,5:-5,spatial,0,440,1,hex,33,1,1,none,1,high,0.6407411631595799,44,3,22,2,95,1,21,2,0,1,Standard_1080p_60fps_5s
2295,1,all,3,1.8245416022471044,0,9,1,-12,18.518682570557125,5:-5,spatial,0,440,4,hex,41,0,1,none,1,high,0.6407411631595799,44,3,22,2,95,1,21,0,1,1,Standard_1080p_60fps_5s
378,1,p4x4,1,0.9844437172708528,0,11,0,0,18.518682570557125,5:-5,spatial,0,440,4,hex,33,1,1,none,1,high,0.6407411631595799,44,3,22,2,95,1,21,0,1,1,Standard_1080p_60fps_5s
76,0,p8x8,3,1.997601325586333,1,12,0,8,38.687654164818326,5:-5,spatial,0,440,4,hex,33,1,1,none,1,high,0.6407411631595799,44,3,22,2,95,2,21,0,1,0,Standard_1080p_60fps_5s
378,1,all,1,0.9844437172708528,1,9,1,-12,18.518682570557125,5:-5,spatial,1,440,4,hex,41,0,1,none,1,high,0.6407411631595799,44,3,22,14,95,1,1,0,1,1,Standard_1080p_60fps_5s
378,1,all,2,0.9844437172708528,0,11,0,8,18.518682570557125,5:-5,spatial,0,440,1,hex,54,0,1,none,1,baseline,0.5123914458022217,39,0,10,11,37,6,30,0,1,2,Standard_1080p_60fps_5s
378,1,p8x8,1,0.9844437172708528,0,11,0,8,18.518682570557125,5:-5,spatial,0,185,1,hex,33,0,1,none,1,high,0.6407411631595799,44,11,22,2,95,1,33,2,1,1,Standard_1080p_60fps_5s
378,1,p4x4,1,0.9844437172708528,0,11,0,0,18.518682570557125,5:-5,spatial,0,440,4,hex,33,1,1,cbr,0,high,0.6407411631595799,44,4,155,7,80,11,11,2,0,1,Standard_1080p_60fps_5s
2120,1,p4x4,1,0.9844437172708528,2,11,0,0,18.518682570557125,5:-5,spatial,0,151,4,dia,33,1,1,none,1,high,0.6407411631595799,44,3,22,2,70,1,21,0,1,1,Standard_1080p_60fps_5s
378,1,all,3,0.9844437172708528,1,9,1,-12,18.518682570557125,5:-5,spatial,1,440,4,hex,41,0,1,none,1,high,0.6407411631595799,44,3,22,14,95,1,1,0,1,1,Standard_1080p_60fps_5s
378,1,p4x4,1,0.9844437172708528,0,14,0,0,18.518682570557125,5:-5,spatial,0,440,1,hex,33,1,1,none,0,high,0.128052689104238,44,4,155,2,80,11,11,2,1,0,Standard_1080p_60fps_5s
378,1,p4x4,0,0.9844437172708528,2,11,0,-7,18.518682570557125,5:-5,spatial,0,440,1,hex,33,1,1,none,1,high,0.6407411631595799,44,3,22,1,95,1,21,0,1,1,Standard_1080p_60fps_5s
2295,1,all,3,1.8245416022471044,0,9,1,-12,18.518682570557125,5:-5,spatial,0,440,4,hex,41,0,1,none,1,main,0.6407411631595799,44,3,22,2,97,1,21,0,1,0,Standard_1080p_60fps_5s
378,0,p4x4,1,0.9844437172708528,2,11,1,8,18.518682570557125,5:-5,spatial,0,440,1,hex,33,1,0,none,1,high,0.6407411631595799,44,3,22,2,95,1,33,2,1,1,Standard_1080p_60fps_5s
378,1,all,1,0.9844437172708528,0,11,0,8,18.518682570557125,5:-5,spatial,0,225,1,hex,33,0,1,none,1,high,0.6407411631595799,44,4,22,2,95,1,58,2,0,1,Standard_1080p_60fps_5s
378,1,all,1,0.9844437172708528,0,11,0,8,18.518682570557125,5:-5,spatial,0,440,1,hex,33,0,1,none,1,high,0.6407411631595799,44,3,22,2,95,1,33,2,1,1,Still_image_720p_30fps_15s
378,1,p4x4,1,0.9844437172708528,0,11,0,0,18.518682570557125,5:-5,spatial,0,440,4,hex,33,1,1,none,1,high,0.6407411631595799,44,3,22,2,95,1,21,0,1,1,Still_image_720p_30fps_15s
378,1,p4x4,1,0.9844437172708528,2,11,0,8,18.518682570557125,5:-5,spatial,0,440,1,hex,33,1,1,none,1,high,0.6407411631595799,44,3,22,2,95,1,21,2,0,1,Still_image_720p_30fps_15s
378,1,p4x4,0,0.9844437172708528,2,11,0,-7,18.518682570557125,5:-5,spatial,0,440,1,hex,33,1,1,none,0,high,0.128052689104238,44,4,155,2,80,11,11,2,0,0,Still_image_720p_30fps_15s
378,1,p8x8,1,0.9844437172708528,1,9,1,-12,18.518682570557125,5:-5,spatial,0,440,4,hex,41,0,1,none,1,high,0.6407411631595799,44,3,22,2,95,1,21,0,1,1,Still_image_720p_30fps_15s
2295,1,all,3,1.8245416022471044,0,9,1,-12,18.518682570557125,5:-5,spatial,0,440,4,hex,41,0,1,none,1,high,0.6407411631595799,44,3,22,2,95,1,21,0,1,1,Still_image_720p_30fps_15s
2120,1,p4x4,1,0.9844437172708528,2,11,0,0,18.518682570557125,5:-5,spatial,0,151,4,dia,33,1,1,none,0,high,0.6407411631595799,44,4,155,2,80,11,11,2,0,0,Still_image_720p_30fps_15s
76,0,p8x8,3,1.997601325586333,1,12,0,8,38.687654164818326,5:-5,spatial,0,440,4,hex,33,1,1,none,1,high,0.6407411631595799,44,3,22,2,95,2,21,0,1,0,Still_image_720p_30fps_15s
2120,1,p4x4,1,0.9844437172708528,2,5,0,0,18.518682570557125,5:-5,spatial,0,151,4,dia,53,1,1,none,1,high,0.6407411631595799,44,3,22,2,95,1,21,2,0,1,Still_image_720p_30fps_15s
378,1,all,1,0.9844437172708528,1,9,1,-12,18.518682570557125,5:-5,spatial,1,440,4,hex,41,0,1,none,1,high,0.6407411631595799,44,3,22,14,95,1,1,0,1,1,Still_image_720p_30fps_15s
728,1,p4x4,1,0.9844437172708528,2,11,0,8,50.051504041190114,5:-5,none,0,440,4,dia,33,1,1,none,1,high,0.6407411631595799,44,3,22,2,95,2,21,0,1,0,Still_image_720p_30fps_15s
76,0,p8x8,3,1.997601325586333,1,12,0,8,18.518682570557125,5:-5,spatial,0,440,1,umh,33,1,1,none,1,high,0.6407411631595799,44,3,22,2,95,1,21,2,0,1,Still_image_720p_30fps_15s
378,1,p4x4,1,0.9844437172708528,2,11,0,-7,18.518682570557125,5:-5,spatial,0,440,1,hex,33,1,1,vbr,0,main,0.128052689104238,44,4,71,2,95,1,21,0,1,1,Still_image_720p_30fps_15s
378,1,p4x4,1,0.9844437172708528,0,11,0,0,18.518682570557125,5:-5,spatial,0,440,4,hex,33,1,1,none,1,baseline,0.128052689104238,23,4,155,2,80,0,11,1,0,0,Still_image_720p_30fps_15s
378,1,p4x4,1,0.9844437172708528,2,12,0,-7,18.518682570557125,5:-5,spatial,0,440,1,hex,33,1,1,vbr,1,high,0.6407411631595799,44,6,180,2,95,1,49,0,1,0,Still_image_720p_30fps_15s
2070,1,p4x4,1,0.0356493261994928,0,11,0,8,18.518682570557125,5:-5,spatial,0,440,1,hex,33,1,1,none,0,high,0.6407411631595799,44,3,22,2,19,6,40,1,0,0,Still_image_720p_30fps_15s
378,1,p4x4,1,0.9844437172708528,0,11,0,0,18.518682570557125,5:-5,spatial,0,440,4,hex,33,0,1,none,1,high,0.6407411631595799,44,3,22,6,24,1,1,0,0,1,Still_image_720p_30fps_15s
378,1,all,1,0.9844437172708528,1,9,1,-12,18.518682570557125,5:-5,temporal,1,440,2,hex,41,0,1,none,1,high,0.6407411631595799,42,3,22,2,95,1,21,0,1,1,Still_image_720p_30fps_15s
1178,0,all,3,0.3344214845460518,2,3,0,-11,11.649183250274437,5:-5,temporal,0,440,4,hex,41,0,1,none,1,high,0.6407411631595799,44,3,22,2,95,1,21,0,1,2,Still_image_720p_30fps_15s
2120,1,p4x4,1,0.9844437172708528,2,1,0,0,18.518682570557125,5:-5,spatial,0,151,0,dia,53,1,1,none,1,high,0.6407411631595799,44,3,22,2,95,6,30,0,1,2,Still_image_720p_30fps_15s
1178,0,all,3,0.9065584540988204,2,4,1,-10,11.649183250274437,0:0,auto,0,410,4,umh,11,0,0,cbr,1,baseline,0.5123914458022217,39,0,10,4,37,6,30,0,1,2,Action_480p_60fps_15s
1178,0,all,3,0.9065584540988204,2,3,1,-10,11.649183250274437,0:0,auto,1,410,0,umh,11,0,1,none,1,baseline,0.5123914458022217,39,0,192,2,19,6,40,1,0,1,Action_480p_60fps_15s
1178,0,all,1,0.9065584540988204,2,3,0,-11,11.649183250274437,0:0,temporal,0,410,4,umh,11,0,0,cbr,1,main,0.965829524139684,22,0,10,4,37,0,30,0,1,2,Action_480p_60fps_15s
1178,0,all,1,0.9065584540988204,2,3,0,-11,11.649183250274437,0:0,temporal,1,410,4,umh,11,0,1,none,1,baseline,0.5123914458022217,39,0,192,2,19,6,40,1,1,1,Action_480p_60fps_15s
1178,0,all,3,0.9065584540988204,2,3,0,-11,11.649183250274437,0:0,auto,1,410,4,umh,11,0,0,cbr,1,baseline,0.5123914458022217,39,0,10,4,37,0,30,0,1,0,Action_480p_60fps_15s
1178,0,all,3,0.8875295029693533,2,3,1,-11,11.649183250274437,0:0,auto,0,410,4,umh,11,1,1,cbr,1,baseline,0.9148497995135092,46,1,88,14,43,4,38,0,0,0,Action_480p_60fps_15s
1178,0,all,3,0.9065584540988204,2,3,1,-10,11.649183250274437,0:0,auto,0,410,4,umh,11,1,0,cbr,1,high,0.5123914458022217,39,0,10,4,37,0,30,0,1,2,Action_480p_60fps_15s
1178,0,all,3,0.9065584540988204,2,3,1,-3,11.649183250274437,0:0,auto,0,410,4,umh,11,0,1,cbr,1,baseline,0.5123914458022217,39,0,10,4,37,0,59,0,1,2,Action_480p_60fps_15s
1178,0,all,3,0.9065584540988204,2,3,1,-10,11.649183250274437,0:0,auto,0,410,4,umh,11,0,0,cbr,1,baseline,0.5123914458022217,39,0,10,4,37,0,30,0,1,2,Action_480p_60fps_15s
1178,0,all,3,0.9065584540988204,2,3,0,-11,11.649183250274437,0:0,auto,0,410,4,umh,11,0,0,cbr,1,baseline,0.5123914458022217,39,14,29,2,19,6,40,1,0,1,Action_480p_60fps_15s
1178,0,all,3,0.9065584540988204,2,3,1,-10,26.669431422064,0:0,auto,0,410,4,umh,11,1,0,cbr,1,main,0.5123914458022217,39,0,10,4,37,0,30,0,1,2,Action_480p_60fps_15s
1178,0,all,3,0.9065584540988204,2,3,0,-11,11.649183250274437,0:0,auto,0,410,4,umh,11,0,0,cbr,1,baseline,0.5123914458022217,39,14,29,2,19,11,43,1,0,1,Action_480p_60fps_15s
1178,0,all,3,0.8875295029693533,1,4,1,-11,11.649183250274437,0:0,auto,0,410,4,umh,11,0,1,none,1,baseline,0.4533312853075793,37,0,192,2,19,6,40,1,1,2,Action_480p_60fps_15s
1178,0,all,3,0.9065584540988204,2,3,1,-10,8.685753567343948,0:0,auto,1,410,4,umh,11,1,0,cbr,1,baseline,0.5123914458022217,39,0,10,4,37,0,30,0,1,2,Action_480p_60fps_15s
1178,0,all,3,0.9065584540988204,2,3,1,-10,11.649183250274437,-3:3,auto,1,410,4,umh,11,0,0,cbr,1,baseline,0.5123914458022217,47,0,10,11,19,6,40,1,1,2,Action_480p_60fps_15s
1178,0,all,1,0.9065584540988204,2,11,1,-11,11.649183250274437,0:0,temporal,1,410,4,umh,11,0,1,none,1,baseline,0.5123914458022217,39,0,192,4,37,0,30,0,1,2,Action_480p_60fps_15s
1178,0,all,3,0.9065584540988204,2,3,0,-11,11.649183250274437,0:0,auto,1,410,3,umh,11,0,0,cbr,1,baseline,0.5123914458022217,43,3,22,2,95,1,21,0,0,1,Action_480p_60fps_15s
1178,0,all,1,0.9065584540988204,2,3,0,-11,11.649183250274437,0:0,temporal,0,410,4,umh,11,0,1,none,1,baseline,0.5123914458022217,39,0,192,2,19,6,40,1,1,1,Action_480p_60fps_15s
1178,0,all,2,0.9065584540988204,0,3,0,-11,11.649183250274437,0:0,temporal,0,410,4,umh,6,0,1,none,1,baseline,0.5123914458022217,39,0,192,2,19,6,40,1,1,1,Action_480p_60fps_15s
1178,0,all,1,0.9065584540988204,2,12,0,-11,11.649183250274437,0:0,temporal,0,410,3,umh,11,0,0,cbr,0,main,0.6407411631595799,44,3,22,2,95,1,21,0,1,1,Action_480p_60fps_15s
378,1,all,1,0.9844437172708528,0,11,0,8,18.518682570557125,5:-5,spatial,0,440,1,hex,33,0,1,none,1,high,0.6407411631595799,44,3,22,2,95,1,33,2,1,1,Still_image_720p_60fps_20s
378,1,p4x4,1,0.9844437172708528,0,11,0,0,18.518682570557125,5:-5,spatial,0,440,4,hex,33,1,1,none,1,high,0.6407411631595799,44,3,22,2,95,1,21,0,1,1,Still_image_720p_60fps_20s
378,1,p4x4,1,0.9844437172708528,2,11,0,8,18.518682570557125,5:-5,spatial,0,440,1,hex,33,1,1,none,1,high,0.6407411631595799,44,3,22,2,95,1,21,2,0,1,Still_image_720p_60fps_20s
378,1,p4x4,0,1.8308092128246145,2,11,0,8,18.518682570557125,5:-5,spatial,1,440,1,hex,33,0,1,none,1,high,0.6407411631595799,44,3,22,2,95,1,21,2,0,2,Still_image_720p_60fps_20s
378,1,all,1,0.9844437172708528,0,11,0,8,18.518682570557125,5:-5,spatial,0,440,1,hex,33,1,1,none,1,high,0.6407411631595799,44,3,205,2,95,1,33,2,1,1,Still_image_720p_60fps_20s
1178,0,all,3,0.9844437172708528,0,11,0,0,18.518682570557125,5:-5,spatial,1,440,2,hex,57,1,1,none,1,high,0.6407411631595799,44,18,22,2,95,1,21,0,1,0,Still_image_720p_60fps_20s
378,1,p4x4,1,0.3337954328233935,0,11,0,0,18.518682570557125,5:-5,spatial,0,440,4,hex,33,1,0,none,0,main,0.4021226639805523,44,3,22,2,95,0,30,0,0,0,Still_image_720p_60fps_20s
378,1,all,1,0.9844437172708528,0,11,0,8,18.518682570557125,5:-5,spatial,0,440,1,hex,33,0,1,cbr,1,baseline,0.9148497995135092,46,1,88,10,43,4,46,0,0,0,Still_image_720p_60fps_20s
378,1,p4x4,1,0.9844437172708528,2,11,1,8,32.951395530387586,5:-5,spatial,0,103,1,hex,33,1,1,none,1,high,0.6407411631595799,38,3,22,2,95,1,21,2,0,1,Still_image_720p_60fps_20s
378,1,p4x4,0,0.9844437172708528,2,11,0,-7,18.518682570557125,5:-5,spatial,0,440,1,hex,33,1,1,none,0,high,0.128052689104238,44,4,155,2,80,11,11,2,0,0,Still_image_720p_60fps_20s
378,0,p4x4,1,0.3337954328233935,1,11,0,0,16.885870350148362,5:-5,spatial,0,440,4,hex,33,1,0,none,1,high,0.6407411631595799,44,18,22,2,95,1,21,0,1,0,Still_image_720p_60fps_20s
378,0,all,1,0.9844437172708528,0,11,1,8,18.518682570557125,5:-5,spatial,0,440,1,hex,34,1,1,none,1,high,0.6407411631595799,44,3,205,2,95,1,33,2,1,1,Still_image_720p_60fps_20s
378,1,p4x4,1,0.9844437172708528,2,11,0,11,18.518682570557125,5:-5,spatial,0,440,1,umh,33,1,1,none,1,high,0.6407411631595799,44,3,22,2,95,1,33,2,1,1,Still_image_720p_60fps_20s
378,1,all,3,0.9844437172708528,0,11,0,8,18.518682570557125,5:-5,spatial,0,440,1,hex,33,1,1,none,1,high,0.6407411631595799,44,3,205,15,95,1,18,2,0,1,Still_image_720p_60fps_20s
378,1,p4x4,0,0.0307722080746771,2,11,0,-7,18.518682570557125,5:-5,spatial,0,440,1,hex,33,1,0,none,1,high,0.6407411631595799,44,18,22,2,15,1,21,0,1,0,Still_image_720p_60fps_20s
378,1,all,1,0.9844437172708528,0,11,0,8,18.518682570557125,5:-5,spatial,0,23,0,hex,33,1,1,none,1,high,0.6407411631595799,44,12,22,6,95,1,21,0,1,0,Still_image_720p_60fps_20s
261,1,p4x4,0,1.1011576678930228,2,11,0,-7,14.08811015067922,5:-5,spatial,0,440,1,hex,33,1,1,none,0,high,0.6407411631595799,44,3,22,2,95,1,33,0,1,1,Still_image_720p_60fps_20s
378,1,p4x4,1,0.9844437172708528,2,11,0,8,18.518682570557125,5:-5,spatial,0,440,1,hex,33,1,1,none,1,baseline,0.6407411631595799,44,16,22,2,95,1,21,2,1,0,Still_image_720p_60fps_20s
378,1,p4x4,1,0.3337954328233935,0,11,0,0,18.518682570557125,5:-5,spatial,0,440,4,hex,33,1,1,none,1,high,0.6407411631595799,44,3,205,2,95,1,33,2,1,1,Still_image_720p_60fps_20s
378,1,all,3,0.9844437172708528,0,11,0,0,18.518682570557125,5:-5,spatial,1,440,2,hex,57,1,1,cbr,0,high,0.6407411631595799,44,5,22,5,51,1,21,0,1,0,Still_image_720p_60fps_20s
1757,1,p4x4,1,0.9844437172708528,2,11,0,0,18.518682570557125,5:-5,none,1,151,4,esa,28,1,1,none,1,baseline,0.6407411631595799,44,3,249,2,95,1,21,2,0,1,Action_1080p_25fps_15s
2120,1,p4x4,1,0.9844437172708528,2,5,0,0,18.518682570557125,5:-5,spatial,0,151,4,dia,53,1,1,none,1,high,0.6407411631595799,44,3,22,2,95,1,21,2,0,1,Action_1080p_25fps_15s
378,1,all,1,0.9844437172708528,0,11,0,8,18.518682570557125,5:-5,spatial,0,440,1,hex,33,0,1,none,1,high,0.6407411631595799,44,3,22,2,95,1,33,2,1,1,Action_1080p_25fps_15s
378,1,p4x4,0,0.9844437172708528,2,11,0,-7,18.518682570557125,5:-5,spatial,0,440,1,hex,33,1,1,none,0,high,0.128052689104238,44,4,155,2,80,11,11,2,0,0,Action_1080p_25fps_15s
378,1,p8x8,1,0.9844437172708528,1,9,1,-12,18.518682570557125,5:-5,spatial,0,440,4,hex,41,0,1,none,1,high,0.6407411631595799,44,3,22,2,95,1,21,0,1,1,Action_1080p_25fps_15s
76,0,p8x8,3,1.997601325586333,1,12,0,8,38.687654164818326,5:-5,spatial,0,440,4,hex,33,1,1,none,1,high,0.6407411631595799,44,3,22,2,95,2,21,0,1,0,Action_1080p_25fps_15s
2120,1,p4x4,1,0.9844437172708528,2,11,0,0,18.518682570557125,5:-5,spatial,0,151,4,dia,33,1,1,none,0,high,0.6407411631595799,44,4,155,2,80,11,11,2,0,0,Action_1080p_25fps_15s
378,1,p4x4,1,0.9844437172708528,2,11,0,8,18.518682570557125,5:-5,spatial,0,440,1,hex,33,1,1,none,1,high,0.6407411631595799,44,3,22,2,95,1,21,2,0,1,Action_1080p_25fps_15s
2295,1,all,3,1.8245416022471044,0,9,1,-12,18.518682570557125,5:-5,spatial,0,440,4,hex,41,0,1,none,1,high,0.6407411631595799,44,3,22,2,95,1,21,0,1,1,Action_1080p_25fps_15s
378,1,p4x4,1,0.9844437172708528,0,11,0,0,18.518682570557125,5:-5,spatial,0,440,4,hex,33,1,1,none,1,high,0.6407411631595799,44,3,22,2,95,1,21,0,1,1,Action_1080p_25fps_15s
378,1,all,1,0.9844437172708528,1,9,1,-12,18.518682570557125,5:-5,spatial,1,440,4,hex,41,0,1,none,1,high,0.6407411631595799,44,3,22,14,95,1,1,0,1,1,Action_1080p_25fps_15s
2120,1,p4x4,1,1.8245416022471044,0,9,1,-12,45.720532096796,5:-5,spatial,0,440,4,hex,41,0,1,none,1,high,0.6407411631595799,44,3,22,2,33,1,21,0,1,1,Action_1080p_25fps_15s
378,1,p4x4,1,0.9844437172708528,2,11,0,0,18.518682570557125,5:-5,spatial,0,151,4,dia,28,1,1,none,1,baseline,0.6407411631595799,44,3,249,2,95,1,21,2,0,1,Action_1080p_25fps_15s
378,0,p4x4,1,0.3199705817495176,2,11,0,8,18.518682570557125,5:-5,spatial,0,440,0,hex,33,1,1,none,1,high,0.6407411631595799,44,3,22,2,95,1,21,0,0,1,Action_1080p_25fps_15s
378,1,all,1,0.9844437172708528,0,12,0,8,18.518682570557125,5:-5,spatial,0,440,1,hex,41,0,1,none,1,high,0.6407411631595799,44,15,22,2,56,1,21,0,1,1,Action_1080p_25fps_15s
2295,1,all,3,1.8245416022471044,0,9,1,-12,18.518682570557125,5:-5,spatial,0,440,4,hex,33,0,1,none,0,main,0.6407411631595799,44,3,22,12,95,1,33,2,1,1,Action_1080p_25fps_15s
378,1,p4x4,1,0.9844437172708528,2,5,0,0,18.518682570557125,5:-5,spatial,0,151,4,dia,53,1,1,none,1,high,0.6407411631595799,21,3,22,8,95,1,21,2,0,1,Action_1080p_25fps_15s
2120,1,p4x4,1,0.9844437172708528,2,11,0,8,18.518682570557125,5:-5,spatial,0,440,1,hex,33,1,1,vbr,1,high,0.6407411631595799,44,3,22,2,95,10,21,2,0,1,Action_1080p_25fps_15s
378,1,p4x4,1,0.9844437172708528,2,11,0,8,18.518682570557125,5:-5,spatial,1,440,1,hex,33,0,1,none,1,baseline,0.5123914458022217,39,0,192,2,19,6,58,1,1,1,Action_1080p_25fps_15s
76,0,p8x8,3,0.589881727585128,1,12,0,8,38.687654164818326,5:-5,none,1,440,4,hex,33,1,1,none,1,high,0.2187640402776399,44,3,22,2,95,2,21,0,1,0,Action_1080p_25fps_15s
76,0,p8x8,3,1.997601325586333,1,12,0,8,38.687654164818326,5:-5,spatial,0,440,4,hex,33,1,1,none,1,high,0.6407411631595799,44,3,22,2,95,2,21,0,1,0,Standard_720p_60fps_15s
2120,1,p4x4,1,0.9844437172708528,2,11,0,0,18.518682570557125,5:-5,spatial,0,151,4,dia,33,1,1,none,0,high,0.6407411631595799,44,4,155,2,80,11,11,2,0,0,Standard_720p_60fps_15s
2120,1,p4x4,1,0.9844437172708528,2,5,0,0,18.518682570557125,5:-5,spatial,0,151,4,dia,53,1,1,none,1,high,0.6407411631595799,44,3,22,2,95,1,21,2,0,1,Standard_720p_60fps_15s
378,1,all,1,0.9844437172708528,0,11,0,8,18.518682570557125,5:-5,spatial,0,440,1,hex,33,0,1,none,1,high,0.6407411631595799,44,3,22,2,95,1,33,2,1,1,Standard_720p_60fps_15s
2295,1,all,3,1.8245416022471044,0,9,1,-12,18.518682570557125,5:-5,spatial,0,440,4,hex,41,0,1,none,1,high,0.6407411631595799,44,3,22,2,95,1,21,0,1,1,Standard_720p_60fps_15s
378,1,p4x4,0,0.9844437172708528,2,11,0,-7,18.518682570557125,5:-5,spatial,0,440,1,hex,33,1,1,none,0,high,0.128052689104238,44,4,155,2,80,11,11,2,0,0,Standard_720p_60fps_15s
378,1,p8x8,1,0.9844437172708528,1,9,1,-12,18.518682570557125,5:-5,spatial,0,440,4,hex,41,0,1,none,1,high,0.6407411631595799,44,3,22,2,95,1,21,0,1,1,Standard_720p_60fps_15s
378,1,p4x4,1,0.9844437172708528,0,11,0,0,18.518682570557125,5:-5,spatial,0,440,4,hex,33,1,1,none,1,high,0.6407411631595799,44,3,22,2,95,1,21,0,1,1,Standard_720p_60fps_15s
378,1,p4x4,1,0.9844437172708528,2,11,0,8,18.518682570557125,5:-5,spatial,0,440,1,hex,33,1,1,none,1,high,0.6407411631595799,44,3,22,2,95,1,21,2,0,1,Standard_720p_60fps_15s
378,1,all,1,0.9844437172708528,1,9,1,-12,18.518682570557125,5:-5,spatial,1,440,4,hex,41,0,1,none,1,high,0.6407411631595799,44,3,22,14,95,1,1,0,1,1,Standard_720p_60fps_15s
2120,1,p4x4,1,0.9844437172708528,2,5,0,0,18.518682570557125,5:-5,spatial,0,440,4,hex,41,0,1,none,1,high,0.6407411631595799,44,19,22,2,95,1,21,1,1,1,Standard_720p_60fps_15s
2295,0,all,3,1.8245416022471044,0,9,0,-12,18.518682570557125,5:-5,spatial,0,229,4,dia,53,1,1,none,1,high,0.6407411631595799,38,3,22,2,95,4,21,2,0,1,Standard_720p_60fps_15s
378,1,p8x8,1,0.9844437172708528,1,9,1,-12,18.518682570557125,-4:4,spatial,0,440,4,hex,41,0,1,none,1,high,0.6407411631595799,44,3,22,2,95,1,21,0,0,1,Standard_720p_60fps_15s
2295,1,p8x8,3,1.8245416022471044,0,9,1,-12,33.43451838273444,5:-5,spatial,0,440,4,hex,41,0,1,none,1,high,0.6407411631595799,44,3,22,2,95,1,53,0,1,1,Standard_720p_60fps_15s
2120,1,p4x4,1,0.9844437172708528,2,11,0,0,18.518682570557125,5:-5,spatial,0,440,4,hex,41,0,1,none,1,high,0.7027400997231062,44,20,22,2,95,1,21,0,1,1,Standard_720p_60fps_15s
1416,0,all,1,0.9065584540988204,2,3,0,8,38.687654164818326,5:-5,spatial,0,440,4,hex,62,1,1,none,1,high,0.6407411631595799,44,3,22,10,95,4,21,0,1,0,Standard_720p_60fps_15s
378,1,p4x4,1,0.9844437172708528,0,11,0,0,18.518682570557125,5:-5,spatial,0,156,4,hex,33,1,1,none,1,high,0.6407411631595799,44,4,22,2,95,10,21,0,1,1,Standard_720p_60fps_15s
1928,1,all,3,1.8245416022471044,0,9,1,-12,7.492583749671922,5:-5,none,0,440,4,hex,41,0,1,none,1,high,0.6407411631595799,44,3,22,2,95,1,21,0,1,1,Standard_720p_60fps_15s
378,1,p4x4,0,0.9844437172708528,2,11,1,-7,18.518682570557125,5:-5,spatial,0,440,1,hex,33,1,1,none,1,main,0.5123914458022217,40,0,10,4,37,0,30,0,1,2,Standard_720p_60fps_15s
378,1,all,1,1.997601325586333,1,12,0,8,38.687654164818326,5:-5,spatial,0,440,4,hex,37,1,1,none,1,high,0.3960905081198876,44,3,192,2,95,2,21,0,0,0,Standard_720p_60fps_15s
378,1,p4x4,1,0.9844437172708528,2,11,0,8,18.518682570557125,5:-5,spatial,0,440,1,hex,33,1,1,none,1,high,0.6407411631595799,44,3,22,2,95,1,21,2,0,1,Standard_1080p_25fps_20s
378,1,all,1,0.9844437172708528,0,11,0,8,18.518682570557125,5:-5,spatial,0,440,1,hex,33,0,1,none,1,high,0.6407411631595799,44,3,22,2,95,1,33,2,1,1,Standard_1080p_25fps_20s
378,1,p4x4,1,0.9844437172708528,0,11,0,0,18.518682570557125,5:-5,spatial,0,440,4,hex,33,1,1,none,1,high,0.6407411631595799,44,3,22,2,95,1,21,0,1,1,Standard_1080p_25fps_20s
378,1,p4x4,0,0.9844437172708528,2,11,0,-7,18.518682570557125,5:-5,spatial,0,440,1,hex,33,1,1,none,0,high,0.128052689104238,44,4,155,2,80,11,11,2,0,0,Standard_1080p_25fps_20s
378,1,p8x8,1,0.9844437172708528,1,9,1,-12,18.518682570557125,5:-5,spatial,0,440,4,hex,41,0,1,none,1,high,0.6407411631595799,44,3,22,2,95,1,21,0,1,1,Standard_1080p_25fps_20s
2295,1,all,3,1.8245416022471044,0,9,1,-12,18.518682570557125,5:-5,spatial,0,440,4,hex,41,0,1,none,1,high,0.6407411631595799,44,3,22,2,95,1,21,0,1,1,Standard_1080p_25fps_20s
2120,1,p4x4,1,0.9844437172708528,2,5,0,0,18.518682570557125,5:-5,spatial,0,151,4,dia,53,1,1,none,1,high,0.6407411631595799,44,3,22,2,95,1,21,2,0,1,Standard_1080p_25fps_20s
2120,1,p4x4,1,0.9844437172708528,2,11,0,0,18.518682570557125,5:-5,spatial,0,151,4,dia,33,1,1,none,0,high,0.6407411631595799,44,4,155,2,80,11,11,2,0,0,Standard_1080p_25fps_20s
76,0,p8x8,3,1.997601325586333,1,12,0,8,38.687654164818326,5:-5,spatial,0,440,4,hex,33,1,1,none,1,high,0.6407411631595799,44,3,22,2,95,2,21,0,1,0,Standard_1080p_25fps_20s
378,1,all,1,0.9844437172708528,1,9,1,-12,18.518682570557125,5:-5,spatial,1,440,4,hex,41,0,1,none,1,high,0.6407411631595799,44,3,22,14,95,1,1,0,1,1,Standard_1080p_25fps_20s
378,1,p4x4,1,0.9844437172708528,2,11,0,-12,18.518682570557125,2:2,spatial,1,440,3,hex,41,0,1,none,1,high,0.6407411631595799,44,3,22,2,95,1,21,0,1,1,Standard_1080p_25fps_20s
378,1,all,1,0.9844437172708528,1,9,0,-12,18.518682570557125,5:-5,spatial,0,440,4,hex,5,0,1,none,1,main,0.6407411631595799,44,3,22,2,95,1,19,2,1,1,Standard_1080p_25fps_20s
378,1,all,1,0.1752806789959263,0,11,0,8,18.518682570557125,5:-5,spatial,0,440,4,hex,41,0,1,none,1,high,0.6407411631595799,44,3,22,14,95,1,1,2,1,1,Standard_1080p_25fps_20s
378,1,p4x4,1,0.9844437172708528,2,11,0,8,18.518682570557125,5:-5,spatial,0,440,1,hex,33,1,1,none,1,high,0.6407411631595799,36,3,22,2,86,1,33,2,1,1,Standard_1080p_25fps_20s
378,0,all,1,0.9844437172708528,0,11,0,8,18.518682570557125,5:-5,spatial,0,440,1,hex,33,0,1,vbr,1,high,0.6407411631595799,44,3,22,2,95,1,21,2,0,1,Standard_1080p_25fps_20s
2120,1,"p8x8,b8x8,i8x8,i4x4",3,0.9844437172708528,2,3,0,0,18.518682570557125,5:-5,spatial,0,151,4,dia,33,1,1,none,0,high,0.6407411631595799,44,4,155,2,95,1,21,0,1,1,Standard_1080p_25fps_20s
378,1,p4x4,0,0.9844437172708528,1,11,0,2,18.518682570557125,5:-5,spatial,0,440,1,hex,33,0,1,none,0,high,0.128052689104238,44,14,220,2,80,11,11,0,0,0,Standard_1080p_25fps_20s
378,0,p4x4,1,0.9844437172708528,2,11,0,8,18.518682570557125,5:-5,spatial,0,440,1,hex,33,0,1,none,1,high,0.6407411631595799,44,3,22,2,95,1,33,2,1,1,Standard_1080p_25fps_20s
378,1,all,1,0.9844437172708528,0,11,0,-12,8.028609310025605,5:-5,spatial,0,440,4,hex,33,1,1,none,1,high,0.6407411631595799,36,3,93,2,86,1,35,2,1,1,Standard_1080p_25fps_20s
378,1,p4x4,0,0.9844437172708528,2,11,0,-7,18.518682570557125,5:-5,spatial,1,440,1,hex,5,0,1,none,1,main,0.6407411631595799,44,3,22,6,95,1,19,2,0,1,Standard_1080p_25fps_20s
378,1,all,1,0.9844437172708528,0,11,0,8,18.518682570557125,5:-5,spatial,0,440,1,hex,33,0,1,none,1,high,0.6407411631595799,44,3,22,2,95,1,33,2,1,1,Action_1080p_30fps_15s
378,1,p4x4,1,0.9844437172708528,0,11,0,0,18.518682570557125,5:-5,spatial,0,440,4,hex,33,1,1,none,1,high,0.6407411631595799,44,3,22,2,95,1,21,0,1,1,Action_1080p_30fps_15s
378,1,p4x4,1,0.9844437172708528,2,11,0,8,18.518682570557125,5:-5,spatial,0,440,1,hex,33,1,1,none,1,high,0.6407411631595799,44,3,22,2,95,1,21,2,0,1,Action_1080p_30fps_15s
378,1,p4x4,0,0.9844437172708528,2,11,0,-7,18.518682570557125,5:-5,spatial,0,440,1,hex,33,1,1,none,0,high,0.128052689104238,44,4,155,2,80,11,11,2,0,0,Action_1080p_30fps_15s
2120,1,p4x4,1,0.9844437172708528,2,5,0,0,18.518682570557125,5:-5,spatial,0,151,4,dia,53,1,1,none,1,high,0.6407411631595799,44,3,22,2,95,1,21,2,0,1,Action_1080p_30fps_15s
378,1,p8x8,1,0.9844437172708528,1,9,1,-12,18.518682570557125,5:-5,spatial,0,440,4,hex,41,0,1,none,1,high,0.6407411631595799,44,3,22,2,95,1,21,0,1,1,Action_1080p_30fps_15s
2120,1,p4x4,1,0.9844437172708528,2,11,0,0,18.518682570557125,5:-5,spatial,0,151,4,dia,33,1,1,none,0,high,0.6407411631595799,44,4,155,2,80,11,11,2,0,0,Action_1080p_30fps_15s
2295,1,all,3,1.8245416022471044,0,9,1,-12,18.518682570557125,5:-5,spatial,0,440,4,hex,41,0,1,none,1,high,0.6407411631595799,44,3,22,2,95,1,21,0,1,1,Action_1080p_30fps_15s
76,0,p8x8,3,1.997601325586333,1,12,0,8,38.687654164818326,5:-5,spatial,0,440,4,hex,33,1,1,none,1,high,0.6407411631595799,44,3,22,2,95,2,21,0,1,0,Action_1080p_30fps_15s
378,1,all,1,0.9844437172708528,1,9,1,-12,18.518682570557125,5:-5,spatial,1,440,4,hex,41,0,1,none,1,high,0.6407411631595799,44,3,22,14,95,1,1,0,1,1,Action_1080p_30fps_15s
76,0,p8x8,3,1.997601325586333,1,12,0,8,38.687654164818326,5:-5,spatial,0,440,4,hex,41,1,1,cbr,1,high,0.6407411631595799,44,3,101,2,95,1,23,0,1,0,Action_1080p_30fps_15s
378,1,p8x8,1,0.9844437172708528,1,9,1,-12,18.518682570557125,5:-5,spatial,1,440,4,hex,41,1,1,none,1,high,0.6407411631595799,44,3,234,14,95,2,21,0,1,0,Action_1080p_30fps_15s
2120,0,p4x4,1,0.9844437172708528,0,5,0,0,18.518682570557125,5:-5,spatial,0,151,4,dia,53,1,1,cbr,1,high,0.6407411631595799,44,3,22,2,95,1,21,2,1,2,Action_1080p_30fps_15s
378,1,p4x4,1,0.9844437172708528,0,11,0,0,18.518682570557125,6:6,spatial,0,199,4,hex,33,0,1,none,1,baseline,0.6407411631595799,44,3,22,12,95,1,21,2,0,0,Action_1080p_30fps_15s
378,1,p4x4,1,0.9844437172708528,2,11,0,8,18.518682570557125,5:-5,spatial,0,440,1,dia,33,1,1,none,1,high,0.6407411631595799,44,3,22,2,95,1,21,0,0,1,Action_1080p_30fps_15s
1901,1,p4x4,0,0.9844437172708528,0,5,0,0,18.518682570557125,5:-5,spatial,0,151,4,umh,53,1,1,none,1,high,0.6407411631595799,44,3,22,2,95,1,21,2,0,1,Action_1080p_30fps_15s
2120,1,p4x4,1,0.9844437172708528,2,5,0,0,18.518682570557125,5:-5,spatial,0,210,4,dia,53,1,1,none,1,high,0.6407411631595799,44,3,22,2,95,1,21,2,0,1,Action_1080p_30fps_15s
2120,1,p4x4,1,0.9844437172708528,2,5,0,0,18.518682570557125,5:-5,spatial,0,151,4,dia,53,1,1,cbr,1,high,0.6407411631595799,44,3,22,2,95,1,1,2,1,0,Action_1080p_30fps_15s
378,1,all,1,0.9844437172708528,0,11,0,8,18.518682570557125,5:-5,spatial,0,440,1,hex,33,0,0,cbr,1,high,0.6407411631595799,44,3,22,2,95,1,33,2,0,1,Action_1080p_30fps_15s
2120,1,p4x4,1,0.9844437172708528,2,11,0,0,18.518682570557125,5:-5,spatial,0,440,1,umh,33,0,1,none,1,high,0.4504721654663253,44,3,22,2,95,1,33,2,1,1,Action_1080p_30fps_15s
1178,0,all,3,0.9065584540988204,2,3,1,-10,11.649183250274437,0:0,auto,0,410,4,umh,11,1,0,cbr,1,high,0.5123914458022217,39,0,10,4,37,0,30,0,1,2,Still_image_720p_60fps_15s
1178,0,all,3,0.9065584540988204,2,3,1,-3,11.649183250274437,0:0,auto,0,410,4,umh,11,0,1,cbr,1,baseline,0.5123914458022217,39,0,10,4,37,0,59,0,1,2,Still_image_720p_60fps_15s
1178,0,all,1,0.9065584540988204,2,3,0,-11,11.649183250274437,0:0,temporal,0,410,4,umh,11,0,0,cbr,1,main,0.965829524139684,22,0,10,4,37,0,30,0,1,2,Still_image_720p_60fps_15s
1178,0,all,3,0.9065584540988204,2,3,1,-10,11.649183250274437,0:0,auto,1,410,0,umh,11,0,1,none,1,baseline,0.5123914458022217,39,0,192,2,19,6,40,1,0,1,Still_image_720p_60fps_15s
1178,0,all,3,0.8875295029693533,2,3,1,-11,11.649183250274437,0:0,auto,0,410,4,umh,11,1,1,cbr,1,baseline,0.9148497995135092,46,1,88,14,43,4,38,0,0,0,Still_image_720p_60fps_15s
1178,0,all,1,0.9065584540988204,2,3,0,-11,11.649183250274437,0:0,temporal,1,410,4,umh,11,0,1,none,1,baseline,0.5123914458022217,39,0,192,2,19,6,40,1,1,1,Still_image_720p_60fps_15s
1178,0,all,3,0.9065584540988204,2,4,1,-10,11.649183250274437,0:0,auto,0,410,4,umh,11,0,0,cbr,1,baseline,0.5123914458022217,39,0,10,4,37,6,30,0,1,2,Still_image_720p_60fps_15s
1178,0,all,3,0.9065584540988204,2,3,1,-10,11.649183250274437,0:0,auto,0,410,4,umh,11,0,0,cbr,1,baseline,0.5123914458022217,39,0,10,4,37,0,30,0,1,2,Still_image_720p_60fps_15s
1178,0,all,3,0.9065584540988204,2,3,0,-11,11.649183250274437,0:0,auto,1,410,4,umh,11,0,0,cbr,1,baseline,0.5123914458022217,39,0,10,4,37,0,30,0,1,0,Still_image_720p_60fps_15s
1178,0,all,3,0.9065584540988204,2,3,0,-11,11.649183250274437,0:0,auto,0,410,4,umh,11,0,0,cbr,1,baseline,0.5123914458022217,39,14,29,2,19,6,40,1,0,1,Still_image_720p_60fps_15s
1178,0,all,3,0.9065584540988204,2,3,1,-3,11.649183250274437,0:0,auto,0,410,4,umh,11,0,0,cbr,1,baseline,0.5123914458022217,39,0,10,4,37,0,59,0,1,2,Still_image_720p_60fps_15s
1178,1,all,3,0.9065584540988204,2,3,1,11,11.649183250274437,0:0,auto,0,410,4,umh,11,0,1,vbr,1,baseline,0.5123914458022217,39,0,10,2,95,1,33,2,1,1,Still_image_720p_60fps_15s
1178,0,all,3,0.9065584540988204,1,9,1,-10,11.649183250274437,0:0,auto,0,410,4,umh,11,1,0,cbr,1,high,0.5123914458022217,39,0,10,4,37,0,30,0,1,2,Still_image_720p_60fps_15s
1178,0,p4x4,3,0.9065584540988204,2,3,1,-10,11.649183250274437,0:0,auto,0,410,4,umh,11,0,0,cbr,1,baseline,0.5123914458022217,39,0,10,4,37,6,30,0,1,2,Still_image_720p_60fps_15s
1178,0,none,3,0.8875295029693533,2,3,1,-10,11.649183250274437,0:0,auto,0,410,4,umh,11,0,0,cbr,1,high,0.5123914458022217,39,0,10,2,37,0,30,2,1,2,Still_image_720p_60fps_15s
1178,0,all,3,0.9065584540988204,2,3,0,-11,11.649183250274437,0:0,auto,0,410,4,umh,42,1,1,cbr,1,baseline,0.9148497995135092,46,1,88,14,43,4,38,0,1,1,Still_image_720p_60fps_15s
1178,0,all,3,0.9065584540988204,2,4,1,-10,11.649183250274437,0:0,auto,1,410,4,umh,47,0,0,cbr,1,baseline,0.5123914458022217,39,0,10,4,37,6,30,0,1,2,Still_image_720p_60fps_15s
1178,0,all,3,0.9065584540988204,1,3,1,-10,11.649183250274437,0:0,none,0,410,4,umh,11,1,0,cbr,1,baseline,0.5123914458022217,39,0,10,4,37,6,3,0,1,1,Still_image_720p_60fps_15s
1178,0,all,3,0.9065584540988204,2,4,1,-10,11.649183250274437,2:2,auto,1,410,4,umh,50,0,1,none,1,baseline,0.5123914458022217,39,0,192,3,19,6,40,1,0,1,Still_image_720p_60fps_15s
378,0,all,3,0.9065584540988204,2,4,1,-10,11.649183250274437,0:0,auto,1,410,0,umh,11,0,0,cbr,1,baseline,0.5123914458022217,39,0,10,4,37,6,30,0,1,2,Still_image_720p_60fps_15s
378,1,all,1,0.9844437172708528,0,11,0,8,18.518682570557125,5:-5,spatial,0,440,1,hex,33,0,1,none,1,high,0.6407411631595799,44,3,22,2,95,1,33,2,1,1,Still_image_1080p_25fps_5s
378,1,p4x4,1,0.9844437172708528,2,11,0,8,18.518682570557125,5:-5,spatial,0,440,1,hex,33,1,1,none,1,high,0.6407411631595799,44,3,22,2,95,1,21,2,0,1,Still_image_1080p_25fps_5s
378,1,p4x4,1,0.9844437172708528,0,11,0,0,18.518682570557125,5:-5,spatial,0,440,4,hex,33,1,1,none,1,high,0.6407411631595799,44,3,22,2,95,1,21,0,1,1,Still_image_1080p_25fps_5s
378,1,p4x4,0,0.9844437172708528,2,11,0,-7,18.518682570557125,5:-5,spatial,0,440,1,hex,33,1,1,none,0,high,0.128052689104238,44,4,155,2,80,11,11,2,0,0,Still_image_1080p_25fps_5s
2295,1,all,3,1.8245416022471044,0,9,1,-12,18.518682570557125,5:-5,spatial,0,440,4,hex,41,0,1,none,1,high,0.6407411631595799,44,3,22,2,95,1,21,0,1,1,Still_image_1080p_25fps_5s
378,1,p8x8,1,0.9844437172708528,1,9,1,-12,18.518682570557125,5:-5,spatial,0,440,4,hex,41,0,1,none,1,high,0.6407411631595799,44,3,22,2,95,1,21,0,1,1,Still_image_1080p_25fps_5s
76,0,p8x8,3,1.997601325586333,1,12,0,8,38.687654164818326,5:-5,spatial,0,440,4,hex,33,1,1,none,1,high,0.6407411631595799,44,3,22,2,95,2,21,0,1,0,Still_image_1080p_25fps_5s
2120,1,p4x4,1,0.9844437172708528,2,11,0,0,18.518682570557125,5:-5,spatial,0,151,4,dia,33,1,1,none,0,high,0.6407411631595799,44,4,155,2,80,11,11,2,0,0,Still_image_1080p_25fps_5s
2120,1,p4x4,1,0.9844437172708528,2,5,0,0,18.518682570557125,5:-5,spatial,0,151,4,dia,53,1,1,none,1,high,0.6407411631595799,44,3,22,2,95,1,21,2,0,1,Still_image_1080p_25fps_5s
378,1,all,1,0.9844437172708528,1,9,1,-12,18.518682570557125,5:-5,spatial,1,440,4,hex,41,0,1,none,1,high,0.6407411631595799,44,3,22,14,95,1,1,0,1,1,Still_image_1080p_25fps_5s
378,1,p4x4,1,0.9844437172708528,2,11,0,8,18.518682570557125,5:-5,none,0,440,4,hex,41,0,1,vbr,1,high,0.6407411631595799,27,3,22,14,80,1,1,0,1,1,Still_image_1080p_25fps_5s
76,0,p8x8,3,0.8213309357863207,1,12,0,8,38.687654164818326,5:-5,spatial,0,440,3,hex,33,1,1,none,1,high,0.6407411631595799,44,3,22,2,95,2,21,0,0,0,Still_image_1080p_25fps_5s
378,1,p4x4,1,0.9844437172708528,1,2,0,8,18.518682570557125,5:-5,spatial,0,440,1,hex,41,0,0,none,1,high,0.6407411631595799,44,10,22,2,95,1,21,0,1,1,Still_image_1080p_25fps_5s
2295,1,all,3,1.8245416022471044,0,9,1,-12,18.518682570557125,5:-5,spatial,0,440,4,hex,33,1,0,none,1,high,0.6407411631595799,44,3,22,2,95,1,21,2,0,1,Still_image_1080p_25fps_5s
2295,1,all,3,1.8245416022471044,0,15,1,-12,18.518682570557125,5:-5,spatial,0,214,4,hex,41,1,1,none,1,baseline,0.6407411631595799,45,3,22,2,95,11,11,2,1,0,Still_image_1080p_25fps_5s
2120,1,p4x4,1,0.9844437172708528,2,11,0,0,18.518682570557125,5:-5,spatial,0,151,4,dia,18,1,1,none,1,high,0.6407411631595799,44,4,155,2,80,1,21,0,1,1,Still_image_1080p_25fps_5s
2120,1,p4x4,1,0.9844437172708528,0,5,1,3,18.518682570557125,5:-5,spatial,0,151,4,dia,53,1,1,none,1,high,0.6407411631595799,44,3,89,2,95,1,21,2,0,0,Still_image_1080p_25fps_5s
2120,0,p4x4,1,0.9844437172708528,2,5,1,0,18.518682570557125,5:-5,spatial,0,151,4,dia,35,1,1,none,1,high,0.6407411631595799,44,3,22,6,95,1,21,0,1,1,Still_image_1080p_25fps_5s
378,1,p8x8,1,0.9844437172708528,1,9,1,-7,18.518682570557125,5:-5,spatial,0,440,4,hex,41,0,1,none,1,high,0.6407411631595799,44,3,22,2,95,1,21,2,1,1,Still_image_1080p_25fps_5s
378,1,all,1,1.0029606651469845,0,11,0,8,18.518682570557125,5:-5,auto,0,396,1,hex,33,1,1,none,1,high,0.6407411631595799,44,3,22,2,95,1,21,1,1,2,Still_image_1080p_25fps_5s
1178,0,all,3,0.9065584540988204,2,4,1,-10,11.649183250274437,0:0,auto,0,410,4,umh,11,0,0,cbr,1,baseline,0.5123914458022217,39,0,10,4,37,6,30,0,1,2,Big_1080p_30fps_20s
1178,0,all,1,0.9065584540988204,2,3,0,-11,11.649183250274437,0:0,temporal,0,410,4,umh,11,0,0,cbr,1,main,0.965829524139684,22,0,10,4,37,0,30,0,1,2,Big_1080p_30fps_20s
1178,0,all,3,0.9065584540988204,2,3,1,-10,11.649183250274437,0:0,auto,1,410,0,umh,11,0,1,none,1,baseline,0.5123914458022217,39,0,192,2,19,6,40,1,0,1,Big_1080p_30fps_20s
1178,0,all,3,0.9065584540988204,2,3,1,-3,11.649183250274437,0:0,auto,0,410,4,umh,11,0,1,cbr,1,baseline,0.5123914458022217,39,0,10,4,37,0,59,0,1,2,Big_1080p_30fps_20s
1178,0,all,3,0.9065584540988204,2,3,1,-10,11.649183250274437,0:0,auto,0,410,4,umh,11,0,0,cbr,1,baseline,0.5123914458022217,39,0,10,4,37,0,30,0,1,2,Big_1080p_30fps_20s
1178,0,all,3,0.9065584540988204,2,3,0,-11,11.649183250274437,0:0,auto,0,410,4,umh,11,0,0,cbr,1,baseline,0.5123914458022217,39,14,29,2,19,6,40,1,0,1,Big_1080p_30fps_20s
1178,0,all,3,0.8875295029693533,2,3,1,-11,11.649183250274437,0:0,auto,0,410,4,umh,11,1,1,cbr,1,baseline,0.9148497995135092,46,1,88,14,43,4,38,0,0,0,Big_1080p_30fps_20s
1178,0,all,3,0.9065584540988204,2,3,1,-10,11.649183250274437,0:0,auto,0,410,4,umh,11,1,0,cbr,1,high,0.5123914458022217,39,0,10,4,37,0,30,0,1,2,Big_1080p_30fps_20s
1178,0,all,1,0.9065584540988204,2,3,0,-11,11.649183250274437,0:0,temporal,1,410,4,umh,11,0,1,none,1,baseline,0.5123914458022217,39,0,192,2,19,6,40,1,1,1,Big_1080p_30fps_20s
1178,0,all,3,0.9065584540988204,2,3,0,-11,11.649183250274437,0:0,auto,1,410,4,umh,11,0,0,cbr,1,baseline,0.5123914458022217,39,0,10,4,37,0,30,0,1,0,Big_1080p_30fps_20s
1178,1,all,1,0.9065584540988204,2,3,1,-10,37.6763688630988,0:0,auto,0,410,0,umh,11,1,0,cbr,1,high,0.5123914458022217,39,0,10,4,37,0,30,0,1,2,Big_1080p_30fps_20s
1178,0,all,3,0.9065584540988204,2,3,1,-10,11.649183250274437,0:0,auto,0,410,1,umh,11,0,0,cbr,1,baseline,0.5123914458022217,39,2,10,4,37,0,62,0,1,2,Big_1080p_30fps_20s
1178,0,all,3,0.9065584540988204,2,3,1,-10,11.649183250274437,0:0,auto,0,410,4,hex,11,0,0,cbr,1,high,0.5123914458022217,39,0,10,4,97,0,30,0,1,2,Big_1080p_30fps_20s
1178,0,p8x8,3,1.7595704479643628,2,3,1,-5,11.649183250274437,0:0,auto,1,410,4,umh,11,1,0,cbr,1,baseline,0.5123914458022217,39,0,10,10,37,0,30,0,1,2,Big_1080p_30fps_20s
1178,0,all,3,0.9065584540988204,1,3,0,-10,11.649183250274437,0:0,auto,0,410,4,umh,11,1,0,cbr,1,high,0.0979941368294429,39,0,10,4,37,0,59,0,0,2,Big_1080p_30fps_20s
1178,0,all,3,0.9065584540988204,2,3,1,-3,11.649183250274437,0:0,auto,0,410,4,umh,11,0,1,cbr,1,baseline,0.5123914458022217,29,0,10,4,37,0,39,0,1,2,Big_1080p_30fps_20s
1178,0,all,3,0.8875295029693533,2,3,1,-11,11.649183250274437,0:0,auto,0,410,4,umh,11,0,1,cbr,1,baseline,0.9148497995135092,23,1,88,14,43,3,38,0,0,0,Big_1080p_30fps_20s
1178,0,p8x8,3,1.149678666191927,2,3,0,-10,11.649183250274437,0:0,auto,1,410,4,umh,11,0,0,cbr,1,high,0.5123914458022217,39,0,10,4,37,6,30,2,0,2,Big_1080p_30fps_20s
1178,1,all,3,0.9065584540988204,0,3,0,-10,11.649183250274437,0:0,auto,0,410,2,umh,11,1,0,cbr,1,high,0.5123914458022217,39,0,10,4,37,0,30,0,1,2,Big_1080p_30fps_20s
1178,0,all,3,0.5253753380430676,2,3,0,-11,11.649183250274437,0:0,auto,1,410,4,tesa,53,0,0,cbr,1,baseline,0.5123914458022217,39,14,29,2,19,6,40,1,0,1,Big_1080p_30fps_20s
378,1,all,1,0.9844437172708528,0,11,0,8,18.518682570557125,5:-5,spatial,0,440,1,hex,33,0,1,none,1,high,0.6407411631595799,44,3,22,2,95,1,33,2,1,1,Action_1080p_30fps_20s
378,1,p4x4,1,0.9844437172708528,0,11,0,0,18.518682570557125,5:-5,spatial,0,440,4,hex,33,1,1,none,1,high,0.6407411631595799,44,3,22,2,95,1,21,0,1,1,Action_1080p_30fps_20s
378,1,p4x4,1,0.9844437172708528,2,11,0,8,18.518682570557125,5:-5,spatial,0,440,1,hex,33,1,1,none,1,high,0.6407411631595799,44,3,22,2,95,1,21,2,0,1,Action_1080p_30fps_20s
378,1,p4x4,0,0.9844437172708528,2,11,0,-7,18.518682570557125,5:-5,spatial,0,440,1,hex,33,1,1,none,0,high,0.128052689104238,44,4,155,2,80,11,11,2,0,0,Action_1080p_30fps_20s
2120,1,p4x4,1,0.9844437172708528,2,5,0,0,18.518682570557125,5:-5,spatial,0,151,4,dia,53,1,1,none,1,high,0.6407411631595799,44,3,22,2,95,1,21,2,0,1,Action_1080p_30fps_20s
378,1,p8x8,1,0.9844437172708528,1,9,1,-12,18.518682570557125,5:-5,spatial,0,440,4,hex,41,0,1,none,1,high,0.6407411631595799,44,3,22,2,95,1,21,0,1,1,Action_1080p_30fps_20s
2295,1,all,3,1.8245416022471044,0,9,1,-12,18.518682570557125,5:-5,spatial,0,440,4,hex,41,0,1,none,1,high,0.6407411631595799,44,3,22,2,95,1,21,0,1,1,Action_1080p_30fps_20s
76,0,p8x8,3,1.997601325586333,1,12,0,8,38.687654164818326,5:-5,spatial,0,440,4,hex,33,1,1,none,1,high,0.6407411631595799,44,3,22,2,95,2,21,0,1,0,Action_1080p_30fps_20s
2120,1,p4x4,1,0.9844437172708528,2,11,0,0,18.518682570557125,5:-5,spatial,0,151,4,dia,33,1,1,none,0,high,0.6407411631595799,44,4,155,2,80,11,11,2,0,0,Action_1080p_30fps_20s
378,1,p4x4,1,0.3337954328233935,0,11,0,0,18.518682570557125,5:-5,spatial,0,440,4,hex,33,1,0,none,0,main,0.4021226639805523,44,3,22,2,95,0,30,0,0,0,Action_1080p_30fps_20s
1178,1,all,3,0.9065584540988204,1,9,1,-12,18.518682570557125,5:-5,auto,0,440,4,hex,41,0,1,none,1,high,0.6407411631595799,44,3,22,2,95,1,21,0,1,1,Action_1080p_30fps_20s
378,1,p4x4,0,0.9844437172708528,2,11,0,-7,18.518682570557125,5:-5,spatial,0,440,1,hex,33,0,1,none,1,high,0.6407411631595799,44,3,159,2,95,1,21,0,0,1,Action_1080p_30fps_20s
1178,1,p8x8,3,1.8245416022471044,0,9,1,-12,18.518682570557125,5:-5,spatial,0,440,4,hex,41,0,1,none,1,high,0.6407411631595799,44,18,22,2,95,1,21,0,1,1,Action_1080p_30fps_20s
982,1,p4x4,1,0.9844437172708528,0,11,0,0,18.518682570557125,5:-5,spatial,0,440,1,umh,33,0,1,none,1,baseline,0.6407411631595799,44,3,22,2,95,1,33,2,1,1,Action_1080p_30fps_20s
378,1,all,1,0.9844437172708528,0,11,0,8,18.518682570557125,5:-5,spatial,0,341,4,hex,33,1,1,none,1,high,0.6407411631595799,44,3,22,2,95,1,52,0,1,1,Action_1080p_30fps_20s
378,1,p4x4,1,0.3337954328233935,0,11,0,0,18.32520971702698,5:-5,spatial,0,440,4,hex,33,1,1,none,0,main,0.4021226639805523,44,3,22,2,72,0,30,0,0,0,Action_1080p_30fps_20s
799,1,p4x4,1,0.9844437172708528,2,5,0,0,18.518682570557125,5:-5,spatial,0,151,4,dia,53,1,1,none,1,high,0.6407411631595799,44,3,22,2,95,1,21,2,0,1,Action_1080p_30fps_20s
2120,0,p4x4,1,0.9844437172708528,2,5,0,0,18.518682570557125,5:-5,spatial,1,151,4,dia,53,1,1,none,1,high,0.6407411631595799,44,3,22,2,95,1,21,2,0,1,Action_1080p_30fps_20s
1178,0,all,1,0.9844437172708528,0,11,0,0,18.518682570557125,5:-5,spatial,0,440,0,hex,33,1,1,none,1,high,0.6407411631595799,44,3,22,2,20,1,21,0,1,1,Action_1080p_30fps_20s
378,1,p8x8,1,0.9844437172708528,1,9,1,-12,18.518682570557125,5:-5,auto,0,440,4,hex,41,0,1,none,1,high,0.1798379852893151,44,3,152,13,95,1,21,0,1,1,Action_1080p_30fps_20s
1178,0,all,1,0.9065584540988204,2,3,0,-11,11.649183250274437,0:0,temporal,0,410,4,umh,11,0,0,cbr,1,main,0.965829524139684,22,0,10,4,37,0,30,0,1,2,Still_image_1080p_25fps_15s
1178,0,all,3,0.9065584540988204,2,4,1,-10,11.649183250274437,0:0,auto,0,410,4,umh,11,0,0,cbr,1,baseline,0.5123914458022217,39,0,10,4,37,6,30,0,1,2,Still_image_1080p_25fps_15s
1178,0,all,3,0.9065584540988204,2,3,1,-10,11.649183250274437,0:0,auto,1,410,0,umh,11,0,1,none,1,baseline,0.5123914458022217,39,0,192,2,19,6,40,1,0,1,Still_image_1080p_25fps_15s
1178,0,all,3,0.9065584540988204,2,3,1,-3,11.649183250274437,0:0,auto,0,410,4,umh,11,0,1,cbr,1,baseline,0.5123914458022217,39,0,10,4,37,0,59,0,1,2,Still_image_1080p_25fps_15s
1178,0,all,3,0.9065584540988204,2,3,0,-11,11.649183250274437,0:0,auto,0,410,4,umh,11,0,0,cbr,1,baseline,0.5123914458022217,39,14,29,2,19,6,40,1,0,1,Still_image_1080p_25fps_15s
1178,0,all,3,0.9065584540988204,2,3,0,-11,11.649183250274437,0:0,auto,1,410,4,umh,11,0,0,cbr,1,baseline,0.5123914458022217,39,0,10,4,37,0,30,0,1,0,Still_image_1080p_25fps_15s
1178,0,all,3,0.9065584540988204,2,3,1,-10,11.649183250274437,0:0,auto,0,410,4,umh,11,1,0,cbr,1,high,0.5123914458022217,39,0,10,4,37,0,30,0,1,2,Still_image_1080p_25fps_15s
1178,0,all,3,0.9065584540988204,2,3,1,-10,11.649183250274437,0:0,auto,0,410,4,umh,11,0,0,cbr,1,baseline,0.5123914458022217,39,0,10,4,37,0,30,0,1,2,Still_image_1080p_25fps_15s
1178,0,all,1,0.9065584540988204,2,3,0,-11,11.649183250274437,0:0,temporal,1,410,4,umh,11,0,1,none,1,baseline,0.5123914458022217,39,0,192,2,19,6,40,1,1,1,Still_image_1080p_25fps_15s
1178,0,all,3,0.8875295029693533,2,3,1,-11,11.649183250274437,0:0,auto,0,410,4,umh,11,1,1,cbr,1,baseline,0.9148497995135092,46,1,88,14,43,4,38,0,0,0,Still_image_1080p_25fps_15s
1178,0,all,3,0.9065584540988204,2,3,0,-11,11.649183250274437,0:0,auto,1,410,4,hex,30,0,1,vbr,1,high,0.5123914458022217,22,0,192,2,19,6,40,1,1,1,Still_image_1080p_25fps_15s
1178,0,none,1,0.9065584540988204,2,3,0,-11,11.649183250274437,-5:5,temporal,1,410,4,umh,11,0,0,cbr,1,baseline,0.5123914458022217,39,0,216,4,37,0,30,2,1,0,Still_image_1080p_25fps_15s
1502,0,all,3,0.9065584540988204,2,3,1,-10,11.649183250274437,0:0,auto,0,410,4,umh,11,1,0,cbr,1,high,0.5123914458022217,44,3,22,13,95,3,21,2,0,1,Still_image_1080p_25fps_15s
1178,1,all,3,0.9065584540988204,2,3,0,-11,1.985068352607912,0:0,auto,0,410,4,umh,11,0,1,none,1,baseline,0.5123914458022217,39,7,10,4,37,0,20,0,1,2,Still_image_1080p_25fps_15s
1178,0,all,3,0.9065584540988204,2,3,0,-11,11.649183250274437,-1:1,temporal,0,410,4,umh,11,0,1,none,1,baseline,0.5123914458022217,39,0,192,2,19,6,40,1,1,1,Still_image_1080p_25fps_15s
1178,0,all,1,0.9065584540988204,2,3,1,-10,11.649183250274437,0:0,auto,0,410,2,tesa,11,0,0,cbr,1,baseline,0.5123914458022217,39,0,10,4,37,0,30,0,1,2,Still_image_1080p_25fps_15s
1178,0,all,3,0.9065584540988204,2,3,1,-3,11.649183250274437,0:0,auto,0,410,4,umh,11,0,1,cbr,0,main,0.5123914458022217,39,0,10,4,37,0,59,0,1,1,Still_image_1080p_25fps_15s
1178,0,all,3,0.9065584540988204,2,3,1,-10,11.649183250274437,0:0,temporal,1,410,4,dia,11,0,1,none,1,baseline,0.5123914458022217,39,0,192,2,70,6,40,1,1,1,Still_image_1080p_25fps_15s
1178,0,all,1,0.9065584540988204,0,3,1,-11,11.649183250274437,0:0,auto,0,410,4,umh,11,1,0,cbr,1,high,0.5123914458022217,39,0,10,4,37,0,30,0,1,2,Still_image_1080p_25fps_15s
1178,0,all,3,0.9065584540988204,2,3,1,-10,11.649183250274437,0:0,auto,0,410,4,umh,11,1,0,vbr,1,high,0.5123914458022217,41,0,10,4,37,0,30,0,1,1,Still_image_1080p_25fps_15s
1178,0,all,3,0.9065584540988204,2,4,1,-10,11.649183250274437,0:0,auto,0,410,4,umh,11,0,0,cbr,1,baseline,0.5123914458022217,39,0,10,4,37,6,30,0,1,2,Action_1080p_60fps_5s
1178,0,all,3,0.9065584540988204,2,3,1,-10,11.649183250274437,0:0,auto,1,410,0,umh,11,0,1,none,1,baseline,0.5123914458022217,39,0,192,2,19,6,40,1,0,1,Action_1080p_60fps_5s
1178,0,all,1,0.9065584540988204,2,3,0,-11,11.649183250274437,0:0,temporal,0,410,4,umh,11,0,0,cbr,1,main,0.965829524139684,22,0,10,4,37,0,30,0,1,2,Action_1080p_60fps_5s
1178,0,all,1,0.9065584540988204,2,3,0,-11,11.649183250274437,0:0,temporal,1,410,4,umh,11,0,1,none,1,baseline,0.5123914458022217,39,0,192,2,19,6,40,1,1,1,Action_1080p_60fps_5s
1178,0,all,3,0.9065584540988204,2,3,1,-10,11.649183250274437,0:0,auto,0,410,4,umh,11,1,0,cbr,1,high,0.5123914458022217,39,0,10,4,37,0,30,0,1,2,Action_1080p_60fps_5s
1178,0,all,3,0.8875295029693533,2,3,1,-11,11.649183250274437,0:0,auto,0,410,4,umh,11,1,1,cbr,1,baseline,0.9148497995135092,46,1,88,14,43,4,38,0,0,0,Action_1080p_60fps_5s
1178,0,all,3,0.9065584540988204,2,3,1,-3,11.649183250274437,0:0,auto,0,410,4,umh,11,0,1,cbr,1,baseline,0.5123914458022217,39,0,10,4,37,0,59,0,1,2,Action_1080p_60fps_5s
1178,0,all,3,0.9065584540988204,2,3,0,-11,11.649183250274437,0:0,auto,1,410,4,umh,11,0,0,cbr,1,baseline,0.5123914458022217,39,0,10,4,37,0,30,0,1,0,Action_1080p_60fps_5s
1178,0,all,3,0.9065584540988204,2,3,1,-10,11.649183250274437,0:0,auto,0,410,4,umh,11,0,0,cbr,1,baseline,0.5123914458022217,39,0,10,4,37,0,30,0,1,2,Action_1080p_60fps_5s
1178,0,all,3,0.9065584540988204,2,3,0,-11,11.649183250274437,0:0,auto,0,410,4,umh,11,0,0,cbr,1,baseline,0.5123914458022217,39,14,29,2,19,6,40,1,0,1,Action_1080p_60fps_5s
1178,0,all,1,0.9065584540988204,2,3,0,-11,11.649183250274437,0:0,temporal,0,410,4,umh,11,0,0,cbr,1,main,0.8634323422217298,39,3,10,4,37,0,30,0,1,2,Action_1080p_60fps_5s
1178,0,all,3,0.9065584540988204,2,3,0,-10,11.649183250274437,0:0,spatial,0,410,4,umh,11,1,0,vbr,1,high,0.965829524139684,22,0,10,4,37,0,30,0,1,2,Action_1080p_60fps_5s
1178,0,all,3,0.9065584540988204,2,4,1,-11,11.649183250274437,0:0,auto,0,410,4,umh,11,0,0,cbr,1,main,0.5123914458022217,31,0,10,4,37,6,30,0,0,2,Action_1080p_60fps_5s
1178,0,all,2,0.9065584540988204,2,3,1,-10,11.649183250274437,0:0,auto,1,410,0,umh,11,0,0,none,1,baseline,0.4005481359266314,39,0,192,2,19,6,40,2,0,1,Action_1080p_60fps_5s
1178,0,all,1,0.9065584540988204,2,3,0,-11,11.649183250274437,0:0,auto,0,484,4,umh,11,0,0,cbr,1,main,0.965829524139684,22,0,10,4,37,0,30,0,1,2,Action_1080p_60fps_5s
787,0,all,1,0.9065584540988204,2,3,1,-11,11.649183250274437,0:0,temporal,0,410,4,umh,11,0,0,cbr,1,high,0.6407411631595799,44,11,22,2,95,2,21,0,1,0,Action_1080p_60fps_5s
1178,0,all,3,0.9065584540988204,2,3,0,-11,11.649183250274437,0:0,auto,0,410,4,dia,11,0,0,none,1,baseline,0.5123914458022217,39,0,192,15,19,6,58,1,1,1,Action_1080p_60fps_5s
1178,0,all,1,0.9065584540988204,2,3,0,-11,11.649183250274437,0:0,temporal,1,410,4,umh,11,0,1,cbr,1,baseline,0.5123914458022217,39,14,29,2,86,6,40,1,0,1,Action_1080p_60fps_5s
1178,0,all,3,0.9065584540988204,2,3,1,-10,11.649183250274437,0:0,auto,1,179,0,umh,11,0,1,none,1,baseline,0.5123914458022217,39,0,52,14,43,4,0,0,0,0,Action_1080p_60fps_5s
1178,0,all,3,0.9065584540988204,2,3,0,-10,11.649183250274437,0:0,temporal,1,410,3,umh,11,0,0,cbr,0,baseline,0.5123914458022217,39,0,10,4,37,0,30,0,1,2,Action_1080p_60fps_5s
1178,0,all,1,0.9065584540988204,2,3,0,-11,11.649183250274437,0:0,temporal,0,410,4,umh,11,0,0,cbr,1,main,0.965829524139684,22,0,10,4,37,0,30,0,1,2,Still_image_480p_30fps_5s
1178,0,all,3,0.9065584540988204,2,3,1,-10,11.649183250274437,0:0,auto,1,410,0,umh,11,0,1,none,1,baseline,0.5123914458022217,39,0,192,2,19,6,40,1,0,1,Still_image_480p_30fps_5s
1178,0,all,3,0.9065584540988204,2,4,1,-10,11.649183250274437,0:0,auto,0,410,4,umh,11,0,0,cbr,1,baseline,0.5123914458022217,39,0,10,4,37,6,30,0,1,2,Still_image_480p_30fps_5s
1178,0,all,3,0.8875295029693533,2,3,1,-11,11.649183250274437,0:0,auto,0,410,4,umh,11,1,1,cbr,1,baseline,0.9148497995135092,46,1,88,14,43,4,38,0,0,0,Still_image_480p_30fps_5s
1178,0,all,3,0.9065584540988204,2,3,1,-10,11.649183250274437,0:0,auto,0,410,4,umh,11,1,0,cbr,1,high,0.5123914458022217,39,0,10,4,37,0,30,0,1,2,Still_image_480p_30fps_5s
1178,0,all,3,0.9065584540988204,2,3,1,-3,11.649183250274437,0:0,auto,0,410,4,umh,11,0,1,cbr,1,baseline,0.5123914458022217,39,0,10,4,37,0,59,0,1,2,Still_image_480p_30fps_5s
1178,0,all,1,0.9065584540988204,2,3,0,-11,11.649183250274437,0:0,temporal,1,410,4,umh,11,0,1,none,1,baseline,0.5123914458022217,39,0,192,2,19,6,40,1,1,1,Still_image_480p_30fps_5s
1178,0,all,3,0.9065584540988204,2,3,1,-10,11.649183250274437,0:0,auto,0,410,4,umh,11,0,0,cbr,1,baseline,0.5123914458022217,39,0,10,4,37,0,30,0,1,2,Still_image_480p_30fps_5s
1178,0,all,3,0.9065584540988204,2,3,0,-11,11.649183250274437,0:0,auto,1,410,4,umh,11,0,0,cbr,1,baseline,0.5123914458022217,39,0,10,4,37,0,30,0,1,0,Still_image_480p_30fps_5s
1178,0,all,3,0.9065584540988204,2,3,0,-11,11.649183250274437,0:0,auto,0,410,4,umh,11,0,0,cbr,1,baseline,0.5123914458022217,39,14,29,2,19,6,40,1,0,1,Still_image_480p_30fps_5s
1178,0,all,3,0.8875295029693533,2,6,1,-11,11.649183250274437,0:0,spatial,1,410,4,umh,11,0,1,none,1,high,0.5123914458022217,39,0,192,2,19,6,63,1,1,1,Still_image_480p_30fps_5s
378,1,all,3,0.9065584540988204,2,4,1,-10,11.649183250274437,0:0,auto,0,221,4,umh,11,0,0,cbr,1,baseline,0.5123914458022217,39,0,10,4,37,6,30,0,1,2,Still_image_480p_30fps_5s
2120,1,p4x4,1,0.9844437172708528,2,5,0,-9,11.649183250274437,0:0,temporal,0,410,4,umh,11,0,0,cbr,0,baseline,0.965829524139684,22,0,10,4,37,0,30,0,1,2,Still_image_480p_30fps_5s
1178,0,all,3,0.9065584540988204,2,3,0,-11,11.649183250274437,0:0,auto,0,410,4,umh,11,0,1,cbr,1,baseline,0.5123914458022217,39,16,10,4,20,10,30,0,1,2,Still_image_480p_30fps_5s
1178,0,all,3,0.9065584540988204,0,4,1,-10,20.27169482945443,0:0,auto,1,410,4,umh,11,0,1,none,1,baseline,0.5123914458022217,39,0,246,4,37,0,30,0,1,0,Still_image_480p_30fps_5s
1178,0,all,3,0.9065584540988204,2,3,1,-10,11.649183250274437,0:0,auto,0,410,4,umh,11,0,0,cbr,1,baseline,0.5123914458022217,39,0,10,4,37,0,30,0,0,2,Still_image_480p_30fps_5s
152,0,all,3,0.9065584540988204,2,3,1,-3,11.649183250274437,0:0,spatial,0,410,3,umh,46,0,1,vbr,1,baseline,0.5123914458022217,39,0,151,4,37,0,59,0,1,2,Still_image_480p_30fps_5s
1178,0,all,3,0.9065584540988204,2,3,1,6,11.649183250274437,0:0,auto,0,410,4,umh,11,0,1,cbr,1,high,0.6407411631595799,44,3,22,2,95,1,21,0,1,1,Still_image_480p_30fps_5s
1178,0,all,2,1.0576659936748651,2,3,1,-3,11.649183250274437,0:0,auto,0,410,4,umh,11,0,0,cbr,1,baseline,0.5123914458022217,39,0,10,4,37,6,30,0,1,2,Still_image_480p_30fps_5s
1178,0,all,3,0.9065584540988204,2,3,1,-10,11.649183250274437,0:0,auto,0,410,4,umh,11,0,0,cbr,1,baseline,0.5123914458022217,39,0,222,4,37,0,59,0,1,2,Still_image_480p_30fps_5s
1178,0,all,3,0.9065584540988204,2,4,1,-10,11.649183250274437,0:0,auto,0,410,4,umh,11,0,0,cbr,1,baseline,0.5123914458022217,39,0,10,4,37,6,30,0,1,2,Still_image_480p_25fps_20s
1178,0,all,3,0.9065584540988204,2,3,1,-10,11.649183250274437,0:0,auto,1,410,0,umh,11,0,1,none,1,baseline,0.5123914458022217,39,0,192,2,19,6,40,1,0,1,Still_image_480p_25fps_20s
1178,0,all,1,0.9065584540988204,2,3,0,-11,11.649183250274437,0:0,temporal,0,410,4,umh,11,0,0,cbr,1,main,0.965829524139684,22,0,10,4,37,0,30,0,1,2,Still_image_480p_25fps_20s
1178,0,all,1,0.9065584540988204,2,3,0,-11,11.649183250274437,0:0,temporal,1,410,4,umh,11,0,1,none,1,baseline,0.5123914458022217,39,0,192,2,19,6,40,1,1,1,Still_image_480p_25fps_20s
1178,0,all,3,0.9065584540988204,2,3,1,-10,11.649183250274437,0:0,auto,0,410,4,umh,11,1,0,cbr,1,high,0.5123914458022217,39,0,10,4,37,0,30,0,1,2,Still_image_480p_25fps_20s
1178,0,all,3,0.9065584540988204,2,3,1,-3,11.649183250274437,0:0,auto,0,410,4,umh,11,0,1,cbr,1,baseline,0.5123914458022217,39,0,10,4,37,0,59,0,1,2,Still_image_480p_25fps_20s
1178,0,all,3,0.8875295029693533,2,3,1,-11,11.649183250274437,0:0,auto,0,410,4,umh,11,1,1,cbr,1,baseline,0.9148497995135092,46,1,88,14,43,4,38,0,0,0,Still_image_480p_25fps_20s
1178,0,all,3,0.9065584540988204,2,3,1,-10,11.649183250274437,0:0,auto,0,410,4,umh,11,0,0,cbr,1,baseline,0.5123914458022217,39,0,10,4,37,0,30,0,1,2,Still_image_480p_25fps_20s
1178,0,all,3,0.9065584540988204,2,3,0,-11,11.649183250274437,0:0,auto,0,410,4,umh,11,0,0,cbr,1,baseline,0.5123914458022217,39,14,29,2,19,6,40,1,0,1,Still_image_480p_25fps_20s
1178,0,all,3,0.9065584540988204,2,3,0,-11,11.649183250274437,0:0,auto,1,410,4,umh,11,0,0,cbr,1,baseline,0.5123914458022217,39,0,10,4,37,0,30,0,1,0,Still_image_480p_25fps_20s
1178,0,all,3,0.9065584540988204,2,13,0,-11,11.649183250274437,0:0,auto,0,410,4,tesa,11,0,0,vbr,1,high,0.5123914458022217,39,15,10,4,85,0,30,0,1,2,Still_image_480p_25fps_20s
701,0,all,3,0.9065584540988204,0,14,1,-10,11.649183250274437,0:0,auto,0,410,4,umh,11,0,0,cbr,1,baseline,0.5123914458022217,39,14,29,2,19,6,30,1,0,1,Still_image_480p_25fps_20s
1178,0,all,3,0.9065584540988204,2,3,1,-3,11.649183250274437,0:0,auto,0,410,4,umh,8,0,1,cbr,1,baseline,0.5123914458022217,39,0,10,4,37,0,59,0,1,1,Still_image_480p_25fps_20s
1178,0,all,1,0.7640060293152503,2,3,1,-10,11.649183250274437,0:0,auto,1,410,0,umh,11,0,1,cbr,1,baseline,0.5123914458022217,42,0,143,2,19,6,40,1,1,1,Still_image_480p_25fps_20s
1178,0,all,1,0.9065584540988204,2,3,0,-11,11.649183250274437,0:0,temporal,0,410,4,umh,11,1,1,cbr,1,main,0.965829524139684,22,0,10,4,37,0,30,0,1,1,Still_image_480p_25fps_20s
1178,0,all,3,0.9065584540988204,2,4,1,-10,11.649183250274437,0:0,auto,0,410,4,umh,24,0,0,cbr,1,high,0.5123914458022217,39,0,21,4,37,6,30,0,1,2,Still_image_480p_25fps_20s
1178,0,all,3,0.9065584540988204,2,3,1,-10,11.649183250274437,0:0,auto,1,410,0,umh,11,1,1,cbr,1,baseline,0.4375765600347916,46,1,88,14,43,6,38,0,0,0,Still_image_480p_25fps_20s
1178,0,all,3,0.8875295029693533,2,3,1,-11,11.649183250274437,0:0,auto,0,410,4,umh,12,0,1,none,1,baseline,0.5123914458022217,39,0,92,2,19,2,40,1,0,1,Still_image_480p_25fps_20s
1178,0,all,3,1.714996604014625,2,3,1,-3,30.071529026179338,0:0,auto,0,410,4,umh,11,0,1,cbr,1,baseline,0.7400719031298344,39,0,10,2,95,1,21,0,1,1,Still_image_480p_25fps_20s
1178,0,all,3,0.9065584540988204,2,14,0,-11,11.649183250274437,0:0,auto,1,410,1,umh,11,0,0,cbr,1,baseline,0.5123914458022217,39,0,10,4,37,0,30,0,1,1,Still_image_480p_25fps_20s
378,1,all,1,0.9844437172708528,0,11,0,8,18.518682570557125,5:-5,spatial,0,440,1,hex,33,0,1,none,1,high,0.6407411631595799,44,3,22,2,95,1,33,2,1,1,Still_image_720p_25fps_5s
378,1,p4x4,1,0.9844437172708528,2,11,0,8,18.518682570557125,5:-5,spatial,0,440,1,hex,33,1,1,none,1,high,0.6407411631595799,44,3,22,2,95,1,21,2,0,1,Still_image_720p_25fps_5s
378,1,p4x4,1,0.9844437172708528,0,11,0,0,18.518682570557125,5:-5,spatial,0,440,4,hex,33,1,1,none,1,high,0.6407411631595799,44,3,22,2,95,1,21,0,1,1,Still_image_720p_25fps_5s
378,1,p4x4,0,0.9844437172708528,2,11,0,-7,18.518682570557125,5:-5,spatial,0,440,1,hex,33,1,1,none,0,high,0.128052689104238,44,4,155,2,80,11,11,2,0,0,Still_image_720p_25fps_5s
2120,1,p4x4,1,0.9844437172708528,2,5,0,0,18.518682570557125,5:-5,spatial,0,151,4,dia,53,1,1,none,1,high,0.6407411631595799,44,3,22,2,95,1,21,2,0,1,Still_image_720p_25fps_5s
378,1,p8x8,1,0.9844437172708528,1,9,1,-12,18.518682570557125,5:-5,spatial,0,440,4,hex,41,0,1,none,1,high,0.6407411631595799,44,3,22,2,95,1,21,0,1,1,Still_image_720p_25fps_5s
2295,1,all,3,1.8245416022471044,0,9,1,-12,18.518682570557125,5:-5,spatial,0,440,4,hex,41,0,1,none,1,high,0.6407411631595799,44,3,22,2,95,1,21,0,1,1,Still_image_720p_25fps_5s
76,0,p8x8,3,1.997601325586333,1,12,0,8,38.687654164818326,5:-5,spatial,0,440,4,hex,33,1,1,none,1,high,0.6407411631595799,44,3,22,2,95,2,21,0,1,0,Still_image_720p_25fps_5s
2120,1,p4x4,1,0.9844437172708528,2,11,0,0,18.518682570557125,5:-5,spatial,0,151,4,dia,33,1,1,none,0,high,0.6407411631595799,44,4,155,2,80,11,11,2,0,0,Still_image_720p_25fps_5s
378,1,all,1,0.9844437172708528,1,9,1,-12,18.518682570557125,5:-5,spatial,1,440,4,hex,41,0,1,none,1,high,0.6407411631595799,44,3,22,14,95,1,1,0,1,1,Still_image_720p_25fps_5s
378,1,p8x8,1,0.9844437172708528,1,9,1,-12,18.518682570557125,5:-5,spatial,1,440,4,hex,41,0,1,none,0,high,0.6407411631595799,44,3,22,2,8,1,21,0,1,2,Still_image_720p_25fps_5s
1118,1,all,3,1.8245416022471044,2,9,0,-12,28.89234465838372,5:-5,spatial,0,440,4,hex,41,0,1,none,1,high,0.6407411631595799,44,0,22,2,95,1,21,0,1,1,Still_image_720p_25fps_5s
2108,1,p4x4,1,0.9844437172708528,1,3,1,-12,18.518682570557125,5:-5,auto,0,440,4,hex,31,0,1,cbr,0,high,0.6407411631595799,44,3,22,2,95,1,36,1,1,1,Still_image_720p_25fps_5s
76,0,p8x8,0,1.997601325586333,1,12,0,8,38.687654164818326,5:-5,spatial,0,440,1,hex,33,1,0,none,1,high,0.6407411631595799,44,3,22,2,95,1,21,2,0,1,Still_image_720p_25fps_5s
378,1,p8x8,1,0.9844437172708528,0,11,0,8,18.518682570557125,5:-5,spatial,0,440,4,hex,33,1,1,none,1,high,0.6407411631595799,44,3,22,2,95,2,21,0,1,0,Still_image_720p_25fps_5s
378,1,p4x4,1,0.9844437172708528,2,11,0,8,18.518682570557125,5:-5,spatial,0,440,1,hex,41,0,1,none,1,high,0.6407411631595799,44,3,22,2,95,1,21,0,1,1,Still_image_720p_25fps_5s
2295,1,p8x8,3,1.8245416022471044,0,9,1,-7,18.518682570557125,5:-5,spatial,0,440,4,hex,33,1,1,none,1,high,0.6407411631595799,41,3,22,2,95,1,21,2,0,1,Still_image_720p_25fps_5s
378,0,p4x4,1,0.9844437172708528,1,11,0,0,18.518682570557125,5:-5,spatial,0,453,3,hex,33,1,1,none,1,main,0.6407411631595799,44,3,22,2,16,1,21,0,1,1,Still_image_720p_25fps_5s
378,1,p4x4,1,0.9844437172708528,2,11,1,0,18.518682570557125,5:-5,spatial,0,440,4,hex,33,1,0,none,1,high,0.6407411631595799,44,3,22,9,95,1,21,0,1,1,Still_image_720p_25fps_5s
1374,0,all,1,0.9844437172708528,0,11,0,8,18.518682570557125,5:-5,spatial,0,440,1,hex,33,0,1,none,1,high,0.6407411631595799,44,3,22,2,95,2,21,0,1,0,Still_image_720p_25fps_5s
378,1,all,1,0.9844437172708528,0,11,0,8,18.518682570557125,5:-5,spatial,0,440,1,hex,33,0,1,none,1,high,0.6407411631595799,44,3,22,2,95,1,33,2,1,1,Still_image_1080p_30fps_10s
378,1,p4x4,0,0.9844437172708528,2,11,0,-7,18.518682570557125,5:-5,spatial,0,440,1,hex,33,1,1,none,0,high,0.128052689104238,44,4,155,2,80,11,11,2,0,0,Still_image_1080p_30fps_10s
378,1,p4x4,1,0.9844437172708528,2,11,0,8,18.518682570557125,5:-5,spatial,0,440,1,hex,33,1,1,none,1,high,0.6407411631595799,44,3,22,2,95,1,21,2,0,1,Still_image_1080p_30fps_10s
378,1,p4x4,1,0.9844437172708528,0,11,0,0,18.518682570557125,5:-5,spatial,0,440,4,hex,33,1,1,none,1,high,0.6407411631595799,44,3,22,2,95,1,21,0,1,1,Still_image_1080p_30fps_10s
2120,1,p4x4,1,0.9844437172708528,2,5,0,0,18.518682570557125,5:-5,spatial,0,151,4,dia,53,1,1,none,1,high,0.6407411631595799,44,3,22,2,95,1,21,2,0,1,Still_image_1080p_30fps_10s
76,0,p8x8,3,1.997601325586333,1,12,0,8,38.687654164818326,5:-5,spatial,0,440,4,hex,33,1,1,none,1,high,0.6407411631595799,44,3,22,2,95,2,21,0,1,0,Still_image_1080p_30fps_10s
378,1,p8x8,1,0.9844437172708528,1,9,1,-12,18.518682570557125,5:-5,spatial,0,440,4,hex,41,0,1,none,1,high,0.6407411631595799,44,3,22,2,95,1,21,0,1,1,Still_image_1080p_30fps_10s
2120,1,p4x4,1,0.9844437172708528,2,11,0,0,18.518682570557125,5:-5,spatial,0,151,4,dia,33,1,1,none,0,high,0.6407411631595799,44,4,155,2,80,11,11,2,0,0,Still_image_1080p_30fps_10s
2295,1,all,3,1.8245416022471044,0,9,1,-12,18.518682570557125,5:-5,spatial,0,440,4,hex,41,0,1,none,1,high,0.6407411631595799,44,3,22,2,95,1,21,0,1,1,Still_image_1080p_30fps_10s
378,1,all,1,0.9844437172708528,1,9,1,-12,18.518682570557125,5:-5,spatial,1,440,4,hex,41,0,1,none,1,high,0.6407411631595799,44,3,22,14,95,1,1,0,1,1,Still_image_1080p_30fps_10s
2120,0,p8x8,3,1.997601325586333,1,12,0,8,38.687654164818326,5:-5,spatial,0,349,4,hex,61,1,1,none,1,high,0.6407411631595799,44,3,22,2,95,2,21,0,1,0,Still_image_1080p_30fps_10s
2295,1,all,3,1.0842201710849777,0,9,0,-12,18.518682570557125,5:-5,spatial,0,440,4,hex,41,1,1,none,1,high,0.6407411631595799,44,3,22,5,95,1,21,0,1,2,Still_image_1080p_30fps_10s
2120,1,p4x4,1,0.9844437172708528,0,5,0,0,18.518682570557125,5:-5,spatial,1,151,4,dia,53,1,1,none,1,high,0.6407411631595799,39,14,29,2,19,6,40,1,0,0,Still_image_1080p_30fps_10s
1178,1,p8x8,3,1.8245416022471044,0,9,1,-12,47.75843107806303,5:-5,spatial,0,440,0,hex,61,1,1,none,1,high,0.4996772539233816,44,3,22,2,21,1,21,0,1,1,Still_image_1080p_30fps_10s
2295,1,all,3,1.8245416022471044,0,9,1,-12,18.518682570557125,5:-5,spatial,0,440,4,hex,41,1,1,none,1,high,0.6407411631595799,44,3,22,2,95,1,21,0,1,0,Still_image_1080p_30fps_10s
378,1,p4x4,0,0.9844437172708528,2,11,0,-7,18.518682570557125,5:-5,spatial,0,440,1,umh,33,1,1,none,1,baseline,0.6407411631595799,44,6,22,2,95,1,33,2,1,1,Still_image_1080p_30fps_10s
378,1,all,1,0.9844437172708528,0,11,0,8,18.518682570557125,5:-5,spatial,0,440,1,hex,33,0,1,none,0,high,0.128052689104238,44,4,155,2,80,2,11,2,0,0,Still_image_1080p_30fps_10s
76,0,p8x8,3,1.997601325586333,2,12,0,8,38.687654164818326,5:-5,spatial,0,440,4,hex,41,0,0,none,1,high,0.6407411631595799,44,8,22,14,95,1,1,0,1,1,Still_image_1080p_30fps_10s
378,1,all,1,0.9844437172708528,1,9,1,-12,18.518682570557125,5:-5,spatial,0,278,4,hex,33,1,1,none,1,main,0.6407411631595799,44,3,22,2,95,2,21,0,1,0,Still_image_1080p_30fps_10s
378,1,p4x4,2,0.9844437172708528,2,11,0,8,18.518682570557125,5:-5,spatial,0,440,1,hex,33,1,1,none,1,high,0.6407411631595799,44,3,22,14,95,1,1,0,1,1,Still_image_1080p_30fps_10s
1178,0,all,1,0.9065584540988204,2,3,0,-11,11.649183250274437,0:0,temporal,0,410,4,umh,11,0,0,cbr,1,main,0.965829524139684,22,0,10,4,37,0,30,0,1,2,Action_480p_60fps_20s
1178,0,all,3,0.9065584540988204,2,3,1,-10,11.649183250274437,0:0,auto,1,410,0,umh,11,0,1,none,1,baseline,0.5123914458022217,39,0,192,2,19,6,40,1,0,1,Action_480p_60fps_20s
1178,0,all,3,0.9065584540988204,2,4,1,-10,11.649183250274437,0:0,auto,0,410,4,umh,11,0,0,cbr,1,baseline,0.5123914458022217,39,0,10,4,37,6,30,0,1,2,Action_480p_60fps_20s
1178,0,all,3,0.8875295029693533,2,3,1,-11,11.649183250274437,0:0,auto,0,410,4,umh,11,1,1,cbr,1,baseline,0.9148497995135092,46,1,88,14,43,4,38,0,0,0,Action_480p_60fps_20s
1178,0,all,3,0.9065584540988204,2,3,1,-3,11.649183250274437,0:0,auto,0,410,4,umh,11,0,1,cbr,1,baseline,0.5123914458022217,39,0,10,4,37,0,59,0,1,2,Action_480p_60fps_20s
1178,0,all,3,0.9065584540988204,2,3,1,-10,11.649183250274437,0:0,auto,0,410,4,umh,11,1,0,cbr,1,high,0.5123914458022217,39,0,10,4,37,0,30,0,1,2,Action_480p_60fps_20s
1178,0,all,1,0.9065584540988204,2,3,0,-11,11.649183250274437,0:0,temporal,1,410,4,umh,11,0,1,none,1,baseline,0.5123914458022217,39,0,192,2,19,6,40,1,1,1,Action_480p_60fps_20s
1178,0,all,3,0.9065584540988204,2,3,0,-11,11.649183250274437,0:0,auto,0,410,4,umh,11,0,0,cbr,1,baseline,0.5123914458022217,39,14,29,2,19,6,40,1,0,1,Action_480p_60fps_20s
1178,0,all,3,0.9065584540988204,2,3,1,-10,11.649183250274437,0:0,auto,0,410,4,umh,11,0,0,cbr,1,baseline,0.5123914458022217,39,0,10,4,37,0,30,0,1,2,Action_480p_60fps_20s
1178,0,all,3,0.9065584540988204,2,3,0,-11,11.649183250274437,0:0,auto,1,410,4,umh,11,0,0,cbr,1,baseline,0.5123914458022217,39,0,10,4,37,0,30,0,1,0,Action_480p_60fps_20s
2237,0,all,3,0.9065584540988204,2,3,0,-11,11.649183250274437,0:0,none,1,410,4,umh,11,0,0,cbr,1,baseline,0.5123914458022217,39,0,10,4,37,0,30,0,1,0,Action_480p_60fps_20s
1178,0,all,3,0.9065584540988204,2,3,0,-11,11.649183250274437,0:0,auto,1,410,4,tesa,51,0,0,cbr,1,baseline,0.5123914458022217,39,0,10,4,37,0,30,0,1,0,Action_480p_60fps_20s
1178,1,all,3,0.9065584540988204,2,3,1,-10,11.649183250274437,0:0,auto,0,410,4,umh,11,1,0,none,1,high,0.5123914458022217,39,0,10,4,37,0,30,0,0,2,Action_480p_60fps_20s
1179,0,"p8x8,b8x8,i8x8,i4x4",3,0.9065584540988204,2,3,0,-11,11.649183250274437,0:0,auto,0,410,1,umh,11,0,0,cbr,1,baseline,0.5123914458022217,39,14,29,2,19,6,40,1,0,1,Action_480p_60fps_20s
1178,0,all,3,0.9065584540988204,2,3,1,-10,11.649183250274437,0:0,auto,0,410,4,umh,13,1,0,cbr,1,baseline,0.128052689104238,44,4,155,2,84,11,11,2,1,0,Action_480p_60fps_20s
1178,0,all,3,0.9065584540988204,2,3,0,-11,11.649183250274437,0:0,auto,1,410,4,umh,11,1,0,none,1,baseline,0.5123914458022217,39,0,10,4,37,0,30,1,1,0,Action_480p_60fps_20s
1178,0,all,3,0.9065584540988204,0,3,1,-3,11.649183250274437,0:0,auto,0,410,4,umh,11,1,1,cbr,1,baseline,0.5123914458022217,39,0,10,4,37,0,30,0,1,0,Action_480p_60fps_20s
1178,0,all,3,0.9065584540988204,2,3,0,-11,37.91768758150873,0:0,auto,1,410,4,hex,11,0,0,cbr,1,baseline,0.5123914458022217,39,0,10,4,37,0,59,0,1,2,Action_480p_60fps_20s
948,0,all,3,0.9065584540988204,2,4,1,-10,12.107716240294172,0:0,auto,1,410,4,umh,11,0,1,cbr,1,baseline,0.5123914458022217,39,0,10,4,37,0,47,0,1,0,Action_480p_60fps_20s
1178,0,all,3,0.9065584540988204,2,3,0,-11,11.649183250274437,0:0,auto,0,410,4,umh,11,0,0,cbr,1,main,0.5123914458022217,39,0,10,4,37,6,30,0,1,0,Action_480p_60fps_20s
378,1,all,1,0.9844437172708528,0,11,0,8,18.518682570557125,5:-5,spatial,0,440,1,hex,33,0,1,none,1,high,0.6407411631595799,44,3,22,2,95,1,33,2,1,1,Still_image_720p_30fps_20s
378,1,p4x4,0,0.9844437172708528,2,11,0,-7,18.518682570557125,5:-5,spatial,0,440,1,hex,33,1,1,none,0,high,0.128052689104238,44,4,155,2,80,11,11,2,0,0,Still_image_720p_30fps_20s
378,1,p4x4,1,0.9844437172708528,2,11,0,8,18.518682570557125,5:-5,spatial,0,440,1,hex,33,1,1,none,1,high,0.6407411631595799,44,3,22,2,95,1,21,2,0,1,Still_image_720p_30fps_20s
378,1,p4x4,1,0.9844437172708528,0,11,0,0,18.518682570557125,5:-5,spatial,0,440,4,hex,33,1,1,none,1,high,0.6407411631595799,44,3,22,2,95,1,21,0,1,1,Still_image_720p_30fps_20s
2120,1,p4x4,1,0.9844437172708528,2,5,0,0,18.518682570557125,5:-5,spatial,0,151,4,dia,53,1,1,none,1,high,0.6407411631595799,44,3,22,2,95,1,21,2,0,1,Still_image_720p_30fps_20s
2120,1,p4x4,1,0.9844437172708528,2,11,0,0,18.518682570557125,5:-5,spatial,0,151,4,dia,33,1,1,none,0,high,0.6407411631595799,44,4,155,2,80,11,11,2,0,0,Still_image_720p_30fps_20s
378,1,p8x8,1,0.9844437172708528,1,9,1,-12,18.518682570557125,5:-5,spatial,0,440,4,hex,41,0,1,none,1,high,0.6407411631595799,44,3,22,2,95,1,21,0,1,1,Still_image_720p_30fps_20s
2295,1,all,3,1.8245416022471044,0,9,1,-12,18.518682570557125,5:-5,spatial,0,440,4,hex,41,0,1,none,1,high,0.6407411631595799,44,3,22,2,95,1,21,0,1,1,Still_image_720p_30fps_20s
76,0,p8x8,3,1.997601325586333,1,12,0,8,38.687654164818326,5:-5,spatial,0,440,4,hex,33,1,1,none,1,high,0.6407411631595799,44,3,22,2,95,2,21,0,1,0,Still_image_720p_30fps_20s
378,1,all,1,0.9844437172708528,1,9,1,-12,18.518682570557125,5:-5,spatial,1,440,4,hex,41,0,1,none,1,high,0.6407411631595799,44,3,22,14,95,1,1,0,1,1,Still_image_720p_30fps_20s
1178,0,all,3,0.9065584540988204,0,11,0,0,18.518682570557125,5:-5,spatial,0,440,4,hex,33,1,1,none,1,high,0.6407411631595799,44,3,22,2,95,1,21,0,1,1,Still_image_720p_30fps_20s
378,1,p4x4,1,0.9844437172708528,1,9,1,-12,18.518682570557125,5:-5,spatial,0,440,4,hex,41,0,1,none,1,high,0.6407411631595799,44,3,22,2,95,1,21,0,1,1,Still_image_720p_30fps_20s
378,1,p8x8,1,0.9844437172708528,2,11,0,8,18.518682570557125,5:-5,spatial,0,440,1,hex,33,1,1,none,1,high,0.6407411631595799,44,3,22,2,86,1,21,2,0,1,Still_image_720p_30fps_20s
1178,0,all,3,0.9065584540988204,0,11,0,8,18.518682570557125,5:-5,spatial,0,270,1,hex,33,0,1,vbr,1,high,0.9370552052943216,44,3,22,2,95,1,33,2,1,1,Still_image_720p_30fps_20s
2120,1,p4x4,1,0.9844437172708528,2,9,1,-12,18.518682570557125,5:-5,spatial,0,440,4,hex,8,0,1,none,1,high,0.6407411631595799,44,18,22,2,95,1,21,0,1,1,Still_image_720p_30fps_20s
2120,1,p4x4,1,1.8245416022471044,0,9,1,0,18.518682570557125,5:-5,spatial,0,440,4,hex,41,0,1,none,1,high,0.6407411631595799,44,3,22,2,95,1,21,2,1,1,Still_image_720p_30fps_20s
661,1,all,3,0.9844437172708528,2,5,0,9,18.518682570557125,5:-5,spatial,0,151,4,umh,53,1,1,none,1,high,0.6407411631595799,44,3,22,2,95,1,21,2,0,1,Still_image_720p_30fps_20s
76,0,p8x8,3,1.997601325586333,1,12,0,8,38.687654164818326,5:-5,spatial,1,440,3,hex,53,1,0,none,1,high,0.6407411631595799,44,3,22,2,11,2,21,0,1,0,Still_image_720p_30fps_20s
2120,1,p4x4,2,0.9844437172708528,2,14,0,0,18.518682570557125,5:-5,spatial,0,151,4,dia,53,1,1,none,1,high,0.3996011132629091,44,3,22,2,95,1,21,2,0,1,Still_image_720p_30fps_20s
2295,1,all,3,1.8245416022471044,0,9,1,-12,18.518682570557125,5:-5,temporal,0,440,4,hex,41,0,1,none,1,high,0.3380850744068451,44,3,129,2,95,10,21,0,1,1,Still_image_720p_30fps_20s
1178,0,all,3,0.9065584540988204,2,14,1,-11,11.649183250274437,0:0,auto,0,410,4,umh,11,1,1,cbr,0,baseline,0.9148497995135092,46,1,88,14,43,4,38,0,0,0,Action_720p_30fps_5s
1178,0,all,3,0.9065584540988204,2,3,1,-10,11.649183250274437,0:0,auto,1,410,0,umh,11,0,1,none,1,baseline,0.5123914458022217,39,0,192,2,19,6,40,1,0,1,Action_720p_30fps_5s
1178,0,all,1,0.9065584540988204,2,3,0,-11,11.649183250274437,0:0,temporal,0,410,4,umh,11,0,0,cbr,1,main,0.965829524139684,22,0,10,4,37,0,30,0,1,2,Action_720p_30fps_5s
1178,0,all,3,0.9065584540988204,2,4,1,-10,11.649183250274437,0:0,auto,0,410,4,umh,11,0,0,cbr,1,baseline,0.5123914458022217,39,0,10,4,37,6,30,0,1,2,Action_720p_30fps_5s
1178,0,all,3,0.8875295029693533,2,3,1,-11,11.649183250274437,0:0,auto,0,410,4,umh,11,1,1,cbr,1,baseline,0.9148497995135092,46,1,88,14,43,4,38,0,0,0,Action_720p_30fps_5s
1178,0,all,3,0.9065584540988204,2,3,1,-3,11.649183250274437,0:0,auto,0,410,4,umh,11,0,1,cbr,1,baseline,0.5123914458022217,39,0,10,4,37,0,59,0,1,2,Action_720p_30fps_5s
1178,0,all,3,0.9065584540988204,2,3,1,-10,11.649183250274437,0:0,auto,0,410,4,umh,11,1,0,cbr,1,high,0.5123914458022217,39,0,10,4,37,0,30,0,1,2,Action_720p_30fps_5s
1178,0,all,1,0.9065584540988204,2,3,0,-11,11.649183250274437,0:0,temporal,1,410,4,umh,11,0,1,none,1,baseline,0.5123914458022217,39,0,192,2,19,6,40,1,1,1,Action_720p_30fps_5s
1178,0,all,3,0.9065584540988204,2,3,1,-10,11.649183250274437,0:0,auto,0,410,4,umh,11,0,0,cbr,1,baseline,0.5123914458022217,39,0,10,4,37,0,30,0,1,2,Action_720p_30fps_5s
1178,0,all,3,0.9065584540988204,2,3,0,-11,11.649183250274437,0:0,auto,1,410,4,umh,11,0,0,cbr,1,baseline,0.5123914458022217,39,0,10,4,37,0,30,0,1,0,Action_720p_30fps_5s
1178,0,all,3,0.9065584540988204,2,3,0,-11,11.649183250274437,0:0,auto,0,410,4,umh,11,0,0,cbr,1,baseline,0.5123914458022217,39,14,29,2,19,6,40,1,0,1,Action_720p_30fps_5s
1089,0,all,1,0.9065584540988204,2,3,1,-11,1.985068352607912,0:0,temporal,0,410,4,umh,11,1,0,cbr,1,main,0.965829524139684,51,0,10,4,37,0,30,0,1,0,Action_720p_30fps_5s
1178,0,all,3,0.9065584540988204,2,3,1,-10,11.649183250274437,0:0,auto,1,410,4,umh,11,0,1,cbr,1,baseline,0.5123914458022217,39,0,66,4,37,0,30,1,1,0,Action_720p_30fps_5s
1178,0,all,3,0.9065584540988204,0,3,0,-11,11.649183250274437,0:0,auto,0,410,4,umh,11,0,0,cbr,1,baseline,0.5123914458022217,39,0,10,4,37,0,30,0,1,2,Action_720p_30fps_5s
1178,0,all,1,0.9065584540988204,2,3,0,-11,11.649183250274437,0:0,temporal,0,410,4,umh,11,0,0,vbr,1,main,0.965829524139684,22,0,5,12,95,1,21,0,1,0,Action_720p_30fps_5s
1178,0,all,1,0.9065584540988204,2,3,0,-11,11.649183250274437,0:0,temporal,0,410,4,umh,61,0,0,cbr,0,main,0.965829524139684,22,13,10,4,37,0,30,0,1,2,Action_720p_30fps_5s
2189,1,all,3,0.9065584540988204,2,3,0,-3,11.649183250274437,0:0,auto,0,410,4,umh,11,0,1,cbr,1,baseline,0.5123914458022217,39,0,10,4,37,6,5,0,1,2,Action_720p_30fps_5s
378,0,p4x4,1,0.9844437172708528,2,11,0,-3,11.649183250274437,0:0,auto,0,410,2,umh,11,0,1,cbr,1,baseline,0.5123914458022217,39,0,10,4,37,0,59,0,1,2,Action_720p_30fps_5s
1178,0,all,3,0.9065584540988204,2,7,0,-11,11.649183250274437,0:0,auto,1,410,4,umh,11,0,0,cbr,1,baseline,0.0542640947741159,21,0,10,4,37,0,30,2,1,0,Action_720p_30fps_5s
1178,0,"p8x8,b8x8,i8x8,i4x4",3,0.9065584540988204,2,3,0,-11,11.649183250274437,0:0,auto,1,410,4,umh,11,0,0,cbr,1,baseline,0.5123914458022217,39,0,10,4,37,0,30,0,1,0,Action_720p_30fps_5s
1178,0,all,1,0.9065584540988204,2,3,0,-11,11.649183250274437,0:0,temporal,0,410,4,umh,11,0,0,cbr,1,main,0.965829524139684,22,0,10,4,37,0,30,0,1,2,Action_1080p_30fps_5s
1178,0,all,3,0.9065584540988204,2,3,1,-10,11.649183250274437,0:0,auto,1,410,0,umh,11,0,1,none,1,baseline,0.5123914458022217,39,0,192,2,19,6,40,1,0,1,Action_1080p_30fps_5s
1178,0,all,3,0.9065584540988204,2,4,1,-10,11.649183250274437,0:0,auto,0,410,4,umh,11,0,0,cbr,1,baseline,0.5123914458022217,39,0,10,4,37,6,30,0,1,2,Action_1080p_30fps_5s
1178,0,all,3,0.8875295029693533,2,3,1,-11,11.649183250274437,0:0,auto,0,410,4,umh,11,1,1,cbr,1,baseline,0.9148497995135092,46,1,88,14,43,4,38,0,0,0,Action_1080p_30fps_5s
1178,0,all,3,0.9065584540988204,2,3,1,-10,11.649183250274437,0:0,auto,0,410,4,umh,11,1,0,cbr,1,high,0.5123914458022217,39,0,10,4,37,0,30,0,1,2,Action_1080p_30fps_5s
1178,0,all,1,0.9065584540988204,2,3,0,-11,11.649183250274437,0:0,temporal,1,410,4,umh,11,0,1,none,1,baseline,0.5123914458022217,39,0,192,2,19,6,40,1,1,1,Action_1080p_30fps_5s
1178,0,all,3,0.9065584540988204,2,3,1,-3,11.649183250274437,0:0,auto,0,410,4,umh,11,0,1,cbr,1,baseline,0.5123914458022217,39,0,10,4,37,0,59,0,1,2,Action_1080p_30fps_5s
1178,0,all,3,0.9065584540988204,2,3,1,-10,11.649183250274437,0:0,auto,0,410,4,umh,11,0,0,cbr,1,baseline,0.5123914458022217,39,0,10,4,37,0,30,0,1,2,Action_1080p_30fps_5s
1178,0,all,3,0.9065584540988204,2,3,0,-11,11.649183250274437,0:0,auto,1,410,4,umh,11,0,0,cbr,1,baseline,0.5123914458022217,39,0,10,4,37,0,30,0,1,0,Action_1080p_30fps_5s
1178,0,all,3,0.9065584540988204,2,3,0,-11,11.649183250274437,0:0,auto,0,410,4,umh,11,0,0,cbr,1,baseline,0.5123914458022217,39,14,29,2,19,6,40,1,0,1,Action_1080p_30fps_5s
1178,0,all,0,0.9065584540988204,2,3,0,-2,11.649183250274437,0:0,temporal,0,410,4,umh,11,0,0,cbr,0,main,0.965829524139684,22,0,10,4,37,0,30,0,1,2,Action_1080p_30fps_5s
2292,0,all,3,0.9065584540988204,2,3,1,-10,11.649183250274437,0:0,auto,0,410,4,umh,11,0,0,cbr,1,baseline,0.5123914458022217,24,0,10,4,37,0,30,0,1,2,Action_1080p_30fps_5s
1178,0,all,3,0.9065584540988204,2,3,1,-3,11.649183250274437,0:0,auto,0,410,4,hex,11,1,1,cbr,1,baseline,0.5123914458022217,44,3,22,15,95,2,21,0,1,0,Action_1080p_30fps_5s
1178,0,all,1,1.5326016100050552,2,3,0,-11,11.649183250274437,0:0,temporal,1,410,4,umh,11,0,1,none,1,baseline,0.5123914458022217,39,0,22,14,95,1,1,0,1,1,Action_1080p_30fps_5s
1178,1,all,3,0.9065584540988204,2,3,1,-10,11.649183250274437,0:0,auto,1,410,4,esa,11,0,0,cbr,1,baseline,0.5123914458022217,39,0,10,2,19,4,40,1,0,1,Action_1080p_30fps_5s
1071,0,all,3,0.9065584540988204,2,3,1,-10,11.649183250274437,0:0,auto,1,410,4,umh,15,0,0,none,1,baseline,0.5123914458022217,39,0,192,4,37,0,30,0,1,2,Action_1080p_30fps_5s
1178,0,all,3,0.9065584540988204,2,3,0,-10,11.649183250274437,1:1,temporal,1,410,4,umh,11,0,1,cbr,1,baseline,0.5123914458022217,39,0,192,2,19,0,40,1,1,1,Action_1080p_30fps_5s
1178,0,all,1,0.9065584540988204,1,3,0,-11,11.649183250274437,0:0,auto,0,410,4,umh,37,1,1,cbr,1,high,0.5123914458022217,39,0,10,4,37,0,30,0,0,2,Action_1080p_30fps_5s
1178,0,p4x4,3,0.9065584540988204,2,3,1,-10,11.649183250274437,0:0,auto,1,410,4,umh,11,1,0,cbr,1,high,0.5123914458022217,39,0,68,4,37,0,30,0,1,2,Action_1080p_30fps_5s
1178,0,all,3,1.1717958185070505,2,3,1,-10,11.649183250274437,5:-5,auto,0,224,4,umh,11,1,0,cbr,0,baseline,0.9778330330817564,39,0,10,4,37,0,30,0,1,1,Action_1080p_30fps_5s
1178,0,all,3,0.9065584540988204,2,3,1,-10,11.649183250274437,0:0,auto,1,410,0,umh,11,0,1,none,1,baseline,0.5123914458022217,39,0,192,2,19,6,40,1,0,1,Action_480p_30fps_15s
1178,0,all,1,0.9065584540988204,2,3,0,-11,11.649183250274437,0:0,temporal,0,410,4,umh,11,0,0,cbr,1,main,0.965829524139684,22,0,10,4,37,0,30,0,1,2,Action_480p_30fps_15s
1178,0,all,3,0.9065584540988204,2,4,1,-10,11.649183250274437,0:0,auto,0,410,4,umh,11,0,0,cbr,1,baseline,0.5123914458022217,39,0,10,4,37,6,30,0,1,2,Action_480p_30fps_15s
1178,0,all,3,0.9065584540988204,2,3,1,-10,11.649183250274437,0:0,auto,0,410,4,umh,11,1,0,cbr,1,high,0.5123914458022217,39,0,10,4,37,0,30,0,1,2,Action_480p_30fps_15s
1178,0,all,3,0.9065584540988204,2,3,1,-3,11.649183250274437,0:0,auto,0,410,4,umh,11,0,1,cbr,1,baseline,0.5123914458022217,39,0,10,4,37,0,59,0,1,2,Action_480p_30fps_15s
1178,0,all,1,0.9065584540988204,2,3,0,-11,11.649183250274437,0:0,temporal,1,410,4,umh,11,0,1,none,1,baseline,0.5123914458022217,39,0,192,2,19,6,40,1,1,1,Action_480p_30fps_15s
1178,0,all,3,0.8875295029693533,2,3,1,-11,11.649183250274437,0:0,auto,0,410,4,umh,11,1,1,cbr,1,baseline,0.9148497995135092,46,1,88,14,43,4,38,0,0,0,Action_480p_30fps_15s
1178,0,all,3,0.9065584540988204,2,3,0,-11,11.649183250274437,0:0,auto,1,410,4,umh,11,0,0,cbr,1,baseline,0.5123914458022217,39,0,10,4,37,0,30,0,1,0,Action_480p_30fps_15s
1178,0,all,3,0.9065584540988204,2,3,1,-10,11.649183250274437,0:0,auto,0,410,4,umh,11,0,0,cbr,1,baseline,0.5123914458022217,39,0,10,4,37,0,30,0,1,2,Action_480p_30fps_15s
1178,0,all,3,0.9065584540988204,2,3,0,-11,11.649183250274437,0:0,auto,0,410,4,umh,11,0,0,cbr,1,baseline,0.5123914458022217,39,14,29,2,19,6,40,1,0,1,Action_480p_30fps_15s
1178,0,all,3,0.9065584540988204,2,3,1,-10,11.649183250274437,-6:6,auto,0,410,4,umh,11,1,0,cbr,1,high,0.5123914458022217,39,0,10,4,37,0,30,0,0,0,Action_480p_30fps_15s
1178,0,all,3,0.9065584540988204,2,3,1,-3,11.649183250274437,0:0,auto,0,410,4,umh,11,0,1,cbr,1,baseline,0.5123914458022217,39,0,192,2,19,6,40,1,1,1,Action_480p_30fps_15s
1178,0,all,1,0.9065584540988204,2,3,0,-11,11.649183250274437,0:0,temporal,1,410,4,umh,11,0,1,none,1,baseline,0.5123914458022217,39,0,10,4,74,0,59,0,1,2,Action_480p_30fps_15s
263,0,all,3,0.9065584540988204,2,3,1,-10,11.649183250274437,0:0,temporal,0,410,4,umh,11,0,0,cbr,1,main,0.965829524139684,22,1,10,4,37,0,30,0,1,2,Action_480p_30fps_15s
1178,0,all,1,0.9065584540988204,2,3,0,-11,11.649183250274437,0:0,auto,1,410,0,umh,11,0,1,none,1,baseline,0.5123914458022217,39,7,123,2,19,6,40,1,0,1,Action_480p_30fps_15s
1178,0,"p8x8,b8x8,i8x8,i4x4",3,0.9065584540988204,2,3,1,-10,25.74482388809778,0:0,auto,1,410,0,umh,11,0,0,cbr,1,baseline,0.5123914458022217,39,0,10,4,37,6,30,0,1,2,Action_480p_30fps_15s
1178,1,all,3,0.9065584540988204,2,3,1,1,11.649183250274437,0:0,auto,1,410,3,umh,11,1,0,cbr,1,high,0.5123914458022217,39,0,10,4,37,0,11,2,0,0,Action_480p_30fps_15s
1178,0,all,1,0.9065584540988204,2,3,0,-11,11.649183250274437,0:0,temporal,1,410,4,umh,11,0,1,none,1,main,0.9148497995135092,46,1,230,14,43,4,38,0,0,0,Action_480p_30fps_15s
1178,0,all,3,0.8875295029693533,2,3,1,-11,11.649183250274437,0:0,auto,0,410,0,umh,11,1,1,cbr,1,baseline,0.5123914458022217,39,0,192,2,19,6,40,1,1,1,Action_480p_30fps_15s
1178,0,all,3,0.9065584540988204,2,3,1,-10,11.649183250274437,0:0,auto,0,410,4,esa,11,0,1,vbr,1,baseline,0.5123914458022217,39,0,10,4,37,2,30,0,1,1,Action_480p_30fps_15s
1178,0,all,3,0.9065584540988204,2,4,1,-10,11.649183250274437,0:0,auto,0,410,4,umh,11,0,0,cbr,1,baseline,0.5123914458022217,39,0,10,4,37,6,30,0,1,2,Still_image_1080p_60fps_5s
1178,0,all,3,0.9065584540988204,2,3,1,-10,11.649183250274437,0:0,auto,1,410,0,umh,11,0,1,none,1,baseline,0.5123914458022217,39,0,192,2,19,6,40,1,0,1,Still_image_1080p_60fps_5s
1178,0,all,1,0.9065584540988204,2,3,0,-11,11.649183250274437,0:0,temporal,0,410,4,umh,11,0,0,cbr,1,main,0.965829524139684,22,0,10,4,37,0,30,0,1,2,Still_image_1080p_60fps_5s
1178,0,all,3,0.8875295029693533,2,3,1,-11,11.649183250274437,0:0,auto,0,410,4,umh,11,1,1,cbr,1,baseline,0.9148497995135092,46,1,88,14,43,4,38,0,0,0,Still_image_1080p_60fps_5s
1178,0,all,1,0.9065584540988204,2,3,0,-11,11.649183250274437,0:0,temporal,1,410,4,umh,11,0,1,none,1,baseline,0.5123914458022217,39,0,192,2,19,6,40,1,1,1,Still_image_1080p_60fps_5s
1178,0,all,3,0.9065584540988204,2,3,1,-3,11.649183250274437,0:0,auto,0,410,4,umh,11,0,1,cbr,1,baseline,0.5123914458022217,39,0,10,4,37,0,59,0,1,2,Still_image_1080p_60fps_5s
1178,0,all,3,0.9065584540988204,2,3,1,-10,11.649183250274437,0:0,auto,0,410,4,umh,11,1,0,cbr,1,high,0.5123914458022217,39,0,10,4,37,0,30,0,1,2,Still_image_1080p_60fps_5s
1178,0,all,3,0.9065584540988204,2,3,1,-10,11.649183250274437,0:0,auto,0,410,4,umh,11,0,0,cbr,1,baseline,0.5123914458022217,39,0,10,4,37,0,30,0,1,2,Still_image_1080p_60fps_5s
1178,0,all,3,0.9065584540988204,2,3,0,-11,11.649183250274437,0:0,auto,1,410,4,umh,11,0,0,cbr,1,baseline,0.5123914458022217,39,0,10,4,37,0,30,0,1,0,Still_image_1080p_60fps_5s
1178,0,all,3,0.9065584540988204,2,3,0,-11,11.649183250274437,0:0,auto,0,410,4,umh,11,0,0,cbr,1,baseline,0.5123914458022217,39,14,29,2,19,6,40,1,0,1,Still_image_1080p_60fps_5s
1178,0,all,3,0.8875295029693533,2,3,1,-11,11.649183250274437,1:1,auto,0,410,4,umh,11,1,1,cbr,1,baseline,0.9148497995135092,46,1,88,14,43,4,38,0,1,0,Still_image_1080p_60fps_5s
1178,0,all,1,0.9065584540988204,2,3,0,-11,11.649183250274437,0:0,temporal,1,410,4,umh,11,0,1,none,1,baseline,0.5123914458022217,39,0,192,2,19,6,42,1,1,1,Still_image_1080p_60fps_5s
1178,0,all,3,0.9065584540988204,2,3,0,-11,11.649183250274437,0:0,auto,1,410,4,umh,11,0,0,cbr,1,baseline,0.5123914458022217,39,0,10,4,37,0,30,1,1,1,Still_image_1080p_60fps_5s
2229,0,all,3,0.9065584540988204,2,3,1,-10,11.649183250274437,1:1,auto,0,410,4,umh,11,1,0,cbr,1,high,0.8314465259115142,30,0,10,4,37,0,30,0,1,2,Still_image_1080p_60fps_5s
1178,0,all,3,0.9065584540988204,2,4,1,-10,16.767010869553726,0:0,auto,0,410,4,umh,11,0,0,cbr,1,baseline,0.5123914458022217,39,0,10,4,37,6,30,0,0,2,Still_image_1080p_60fps_5s
947,0,all,3,0.9065584540988204,2,3,1,-3,32.76136783526079,0:0,auto,0,410,4,umh,11,0,1,cbr,1,baseline,0.5123914458022217,39,0,10,4,37,0,59,0,1,2,Still_image_1080p_60fps_5s
1178,0,all,3,0.9065584540988204,2,16,1,-10,11.649183250274437,0:0,auto,0,410,4,umh,11,1,0,cbr,1,baseline,0.5123914458022217,39,0,176,4,37,4,46,0,1,2,Still_image_1080p_60fps_5s
1178,0,all,3,0.9065584540988204,2,3,1,-11,11.649183250274437,0:0,temporal,0,170,4,umh,11,0,1,cbr,0,main,0.965829524139684,22,3,10,4,37,0,30,0,1,2,Still_image_1080p_60fps_5s
846,0,all,1,0.9065584540988204,2,3,0,-11,11.649183250274437,0:0,auto,1,410,4,umh,11,0,0,cbr,0,baseline,0.5815634705871442,39,8,222,4,37,10,30,2,1,0,Still_image_1080p_60fps_5s
1178,0,all,3,1.97208283944277,2,3,1,-3,11.649183250274437,0:0,auto,0,373,4,umh,11,0,1,cbr,1,baseline,0.5123914458022217,29,0,10,4,37,0,30,1,1,1,Still_image_1080p_60fps_5s
378,1,all,1,0.9844437172708528,0,11,0,8,18.518682570557125,5:-5,spatial,0,440,1,hex,33,0,1,none,1,high,0.6407411631595799,44,3,22,2,95,1,33,2,1,1,Still_image_720p_60fps_10s
378,1,p4x4,1,0.9844437172708528,0,11,0,0,18.518682570557125,5:-5,spatial,0,440,4,hex,33,1,1,none,1,high,0.6407411631595799,44,3,22,2,95,1,21,0,1,1,Still_image_720p_60fps_10s
378,1,p4x4,1,0.9844437172708528,2,11,0,8,18.518682570557125,5:-5,spatial,0,440,1,hex,33,1,1,none,1,high,0.6407411631595799,44,3,22,2,95,1,21,2,0,1,Still_image_720p_60fps_10s
378,1,p4x4,0,0.9844437172708528,2,11,0,-7,18.518682570557125,5:-5,spatial,0,440,1,hex,33,1,1,none,0,high,0.128052689104238,44,4,155,2,80,11,11,2,0,0,Still_image_720p_60fps_10s
2120,1,p4x4,1,0.9844437172708528,2,5,0,0,18.518682570557125,5:-5,spatial,0,151,4,dia,53,1,1,none,1,high,0.6407411631595799,44,3,22,2,95,1,21,2,0,1,Still_image_720p_60fps_10s
2295,1,all,3,1.8245416022471044,0,9,1,-12,18.518682570557125,5:-5,spatial,0,440,4,hex,41,0,1,none,1,high,0.6407411631595799,44,3,22,2,95,1,21,0,1,1,Still_image_720p_60fps_10s
378,1,p8x8,1,0.9844437172708528,1,9,1,-12,18.518682570557125,5:-5,spatial,0,440,4,hex,41,0,1,none,1,high,0.6407411631595799,44,3,22,2,95,1,21,0,1,1,Still_image_720p_60fps_10s
2120,1,p4x4,1,0.9844437172708528,2,11,0,0,18.518682570557125,5:-5,spatial,0,151,4,dia,33,1,1,none,0,high,0.6407411631595799,44,4,155,2,80,11,11,2,0,0,Still_image_720p_60fps_10s
76,0,p8x8,3,1.997601325586333,1,12,0,8,38.687654164818326,5:-5,spatial,0,440,4,hex,33,1,1,none,1,high,0.6407411631595799,44,3,22,2,95,2,21,0,1,0,Still_image_720p_60fps_10s
378,1,all,1,0.9844437172708528,1,9,1,-12,18.518682570557125,5:-5,spatial,1,440,4,hex,41,0,1,none,1,high,0.6407411631595799,44,3,22,14,95,1,1,0,1,1,Still_image_720p_60fps_10s
378,1,p4x4,0,0.9844437172708528,2,11,0,-7,18.518682570557125,5:-5,spatial,0,440,1,hex,33,1,1,none,0,high,0.0627654543831071,44,4,22,2,95,2,21,0,1,1,Still_image_720p_60fps_10s
378,1,all,1,0.9844437172708528,0,11,0,8,18.518682570557125,5:-5,spatial,0,216,1,hex,33,0,1,none,1,high,0.6407411631595799,39,3,22,2,95,1,33,2,1,1,Still_image_720p_60fps_10s
378,0,p4x4,0,0.9844437172708528,1,11,0,-3,18.518682570557125,5:-5,spatial,0,440,1,hex,45,1,1,none,1,high,0.128052689104238,44,3,22,14,95,1,1,0,1,0,Still_image_720p_60fps_10s
378,1,p8x8,0,0.9844437172708528,1,9,1,-12,18.518682570557125,5:-5,spatial,0,440,4,esa,10,0,1,none,1,high,0.6407411631595799,44,5,22,2,95,1,21,0,1,0,Still_image_720p_60fps_10s
1560,1,p8x8,1,0.9844437172708528,0,9,0,-12,18.518682570557125,5:-5,spatial,0,440,4,hex,41,0,1,none,0,high,0.6407411631595799,44,4,22,2,95,1,21,0,1,1,Still_image_720p_60fps_10s
378,1,all,1,0.9844437172708528,0,11,1,8,18.518682570557125,5:-5,spatial,0,440,1,hex,33,0,1,none,1,high,0.6407411631595799,44,14,22,2,95,1,33,2,1,1,Still_image_720p_60fps_10s
2056,1,all,1,0.9844437172708528,1,9,1,-12,34.57320913088142,5:-5,spatial,1,440,4,hex,41,0,1,none,1,high,0.6407411631595799,44,3,22,14,95,1,1,0,1,1,Still_image_720p_60fps_10s
378,1,all,1,0.9844437172708528,0,13,0,8,18.518682570557125,5:-5,spatial,0,40,1,hex,33,1,1,none,1,high,0.6407411631595799,44,3,22,2,95,1,33,2,1,1,Still_image_720p_60fps_10s
378,1,p4x4,1,0.9844437172708528,0,11,0,0,18.518682570557125,5:-5,spatial,1,440,4,hex,33,1,0,none,1,high,0.6407411631595799,44,3,22,13,39,1,33,2,1,1,Still_image_720p_60fps_10s
378,1,p8x8,1,0.9844437172708528,0,11,1,8,18.518682570557125,1:-1,spatial,0,280,1,hex,33,0,1,none,1,high,0.6407411631595799,44,3,22,2,95,1,21,0,0,1,Still_image_720p_60fps_10s
378,1,all,1,0.9844437172708528,0,11,0,8,18.518682570557125,5:-5,spatial,0,440,1,hex,33,0,1,none,1,high,0.6407411631595799,44,3,22,2,95,1,33,2,1,1,Standard_1080p_30fps_20s
378,1,p4x4,1,0.9844437172708528,2,11,0,8,18.518682570557125,5:-5,spatial,0,440,1,hex,33,1,1,none,1,high,0.6407411631595799,44,3,22,2,95,1,21,2,0,1,Standard_1080p_30fps_20s
378,1,p4x4,0,0.9844437172708528,2,11,0,-7,18.518682570557125,5:-5,spatial,0,440,1,hex,33,1,1,none,0,high,0.128052689104238,44,4,155,2,80,11,11,2,0,0,Standard_1080p_30fps_20s
2120,1,p4x4,1,0.9844437172708528,2,5,0,0,18.518682570557125,5:-5,spatial,0,151,4,dia,53,1,1,none,1,high,0.6407411631595799,44,3,22,2,95,1,21,2,0,1,Standard_1080p_30fps_20s
378,1,p4x4,1,0.9844437172708528,0,11,0,0,18.518682570557125,5:-5,spatial,0,440,4,hex,33,1,1,none,1,high,0.6407411631595799,44,3,22,2,95,1,21,0,1,1,Standard_1080p_30fps_20s
2120,1,p4x4,1,0.9844437172708528,2,11,0,0,18.518682570557125,5:-5,spatial,0,151,4,dia,33,1,1,none,0,high,0.6407411631595799,44,4,155,2,80,11,11,2,0,0,Standard_1080p_30fps_20s
76,0,p8x8,3,1.997601325586333,1,12,0,8,38.687654164818326,5:-5,spatial,0,440,4,hex,33,1,1,none,1,high,0.6407411631595799,44,3,22,2,95,2,21,0,1,0,Standard_1080p_30fps_20s
2295,1,all,3,1.8245416022471044,0,9,1,-12,18.518682570557125,5:-5,spatial,0,440,4,hex,41,0,1,none,1,high,0.6407411631595799,44,3,22,2,95,1,21,0,1,1,Standard_1080p_30fps_20s
378,1,p8x8,1,0.9844437172708528,1,9,1,-12,18.518682570557125,5:-5,spatial,0,440,4,hex,41,0,1,none,1,high,0.6407411631595799,44,3,22,2,95,1,21,0,1,1,Standard_1080p_30fps_20s
378,1,all,1,0.9844437172708528,1,9,1,-12,18.518682570557125,5:-5,spatial,1,440,4,hex,41,0,1,none,1,high,0.6407411631595799,44,3,22,14,95,1,1,0,1,1,Standard_1080p_30fps_20s
2300,0,p8x8,3,1.997601325586333,1,12,0,8,38.687654164818326,5:-5,spatial,0,440,4,umh,33,1,1,none,1,high,0.6407411631595799,44,3,22,2,95,1,21,1,0,1,Standard_1080p_30fps_20s
2120,0,p4x4,1,0.9844437172708528,2,5,0,0,18.518682570557125,5:-5,spatial,0,151,4,dia,53,1,1,none,0,high,0.6407411631595799,44,3,22,2,27,2,21,0,1,0,Standard_1080p_30fps_20s
378,1,all,1,0.9844437172708528,0,11,0,8,18.518682570557125,5:-5,spatial,0,440,1,hex,19,0,1,none,1,high,0.4787512144191657,44,3,22,2,95,1,33,2,1,1,Standard_1080p_30fps_20s
378,1,all,1,0.9844437172708528,0,11,0,8,18.518682570557125,5:-5,spatial,0,440,1,hex,33,0,1,none,1,high,0.6407411631595799,44,14,131,2,95,1,33,0,0,1,Standard_1080p_30fps_20s
2120,1,p8x8,1,0.9844437172708528,2,5,0,0,18.518682570557125,5:-5,temporal,0,481,4,hex,33,1,1,cbr,0,high,0.6407411631595799,44,9,22,2,95,1,21,1,1,1,Standard_1080p_30fps_20s
378,1,p4x4,2,0.9844437172708528,0,11,0,0,18.518682570557125,5:-5,spatial,0,151,4,dia,53,1,1,none,1,high,0.6407411631595799,44,3,22,7,95,1,21,1,0,1,Standard_1080p_30fps_20s
378,1,all,1,0.9844437172708528,0,11,0,8,18.518682570557125,5:-5,spatial,0,440,1,hex,33,1,1,none,1,high,0.6407411631595799,44,16,22,2,95,1,33,2,1,1,Standard_1080p_30fps_20s
2295,1,p4x4,3,1.8245416022471044,0,9,1,-12,18.518682570557125,5:-5,spatial,0,440,4,hex,41,0,1,none,1,high,0.6407411631595799,48,3,22,2,95,1,21,0,1,2,Standard_1080p_30fps_20s
378,1,all,1,0.9844437172708528,0,11,0,8,18.518682570557125,5:-5,auto,0,440,1,umh,33,0,1,none,1,high,0.6407411631595799,44,3,22,2,95,1,33,2,0,1,Standard_1080p_30fps_20s
378,1,all,1,0.9844437172708528,0,11,1,8,18.518682570557125,5:-5,spatial,1,440,1,hex,33,0,1,none,1,high,0.6407411631595799,44,5,22,15,95,1,43,2,1,1,Standard_1080p_30fps_20s
1178,0,all,1,0.9065584540988204,2,3,0,-11,11.649183250274437,0:0,temporal,0,410,4,umh,11,0,0,cbr,1,main,0.965829524139684,22,0,10,4,37,0,30,0,1,2,Big_1080p_25fps_20s
1178,0,all,3,0.9065584540988204,2,3,1,-10,11.649183250274437,0:0,auto,1,410,0,umh,11,0,1,none,1,baseline,0.5123914458022217,39,0,192,2,19,6,40,1,0,1,Big_1080p_25fps_20s
1178,0,all,3,0.9065584540988204,2,4,1,-10,11.649183250274437,0:0,auto,0,410,4,umh,11,0,0,cbr,1,baseline,0.5123914458022217,39,0,10,4,37,6,30,0,1,2,Big_1080p_25fps_20s
1178,0,all,3,0.9065584540988204,2,3,0,-11,11.649183250274437,0:0,auto,1,410,4,umh,11,0,0,cbr,1,baseline,0.5123914458022217,39,0,10,4,37,0,30,0,1,0,Big_1080p_25fps_20s
1178,0,all,3,0.9065584540988204,2,3,1,-10,11.649183250274437,0:0,auto,0,410,4,umh,11,1,0,cbr,1,high,0.5123914458022217,39,0,10,4,37,0,30,0,1,2,Big_1080p_25fps_20s
1178,0,all,3,0.8875295029693533,2,3,1,-11,11.649183250274437,0:0,auto,0,410,4,umh,11,1,1,cbr,1,baseline,0.9148497995135092,46,1,88,14,43,4,38,0,0,0,Big_1080p_25fps_20s
1178,0,all,3,0.9065584540988204,2,3,1,-10,11.649183250274437,0:0,auto,0,410,4,umh,11,0,0,cbr,1,baseline,0.5123914458022217,39,0,10,4,37,0,30,0,1,2,Big_1080p_25fps_20s
1178,0,all,3,0.9065584540988204,2,3,0,-11,11.649183250274437,0:0,auto,0,410,4,umh,11,0,0,cbr,1,baseline,0.5123914458022217,39,14,29,2,19,6,40,1,0,1,Big_1080p_25fps_20s
1178,0,all,3,0.9065584540988204,2,3,1,-3,11.649183250274437,0:0,auto,0,410,4,umh,11,0,1,cbr,1,baseline,0.5123914458022217,39,0,10,4,37,0,59,0,1,2,Big_1080p_25fps_20s
1178,0,all,1,0.9065584540988204,2,3,0,-11,11.649183250274437,0:0,temporal,1,410,4,umh,11,0,1,none,1,baseline,0.5123914458022217,39,0,192,2,19,6,40,1,1,1,Big_1080p_25fps_20s
104,0,all,3,0.9065584540988204,2,3,1,-3,11.649183250274437,0:0,auto,0,410,4,umh,11,0,1,cbr,1,baseline,0.5123914458022217,39,0,10,4,37,0,59,0,1,2,Big_1080p_25fps_20s
1178,0,all,3,0.9065584540988204,2,3,1,-10,11.649183250274437,0:0,auto,1,410,4,umh,11,0,0,cbr,1,baseline,0.5123914458022217,39,0,146,4,37,0,16,0,1,2,Big_1080p_25fps_20s
1178,0,"p8x8,b8x8,i8x8,i4x4",3,0.9065584540988204,2,3,1,-3,11.649183250274437,0:0,auto,0,410,4,umh,20,1,0,cbr,1,high,0.5123914458022217,42,0,10,4,37,0,30,0,1,2,Big_1080p_25fps_20s
1178,0,all,3,0.9065584540988204,2,3,0,-10,11.649183250274437,0:0,auto,0,410,4,umh,11,0,1,cbr,1,baseline,0.5123914458022217,39,0,10,4,37,0,59,0,1,2,Big_1080p_25fps_20s
1178,0,all,3,0.9065584540988204,2,3,1,-10,11.649183250274437,4:4,auto,0,410,4,umh,11,0,0,cbr,1,baseline,0.5123914458022217,39,4,10,4,37,2,30,0,1,2,Big_1080p_25fps_20s
1178,0,all,3,1.4286506417890164,2,2,1,-3,11.649183250274437,0:0,none,0,31,4,umh,11,0,1,cbr,1,baseline,0.5123914458022217,39,0,10,4,37,0,36,2,1,2,Big_1080p_25fps_20s
1178,0,all,3,0.9065584540988204,2,3,0,-11,11.649183250274437,0:0,auto,0,410,3,umh,11,1,0,none,1,main,0.965829524139684,22,0,10,4,37,0,30,0,1,2,Big_1080p_25fps_20s
1178,0,all,3,0.9065584540988204,2,3,1,-10,11.649183250274437,0:0,auto,1,410,0,umh,11,0,1,none,1,baseline,0.5123914458022217,39,0,192,2,19,6,40,1,1,1,Big_1080p_25fps_20s
1178,0,all,3,0.9065584540988204,2,3,0,-11,11.649183250274437,0:0,auto,0,410,4,umh,11,0,0,cbr,1,baseline,0.5123914458022217,41,14,29,2,19,6,40,1,0,1,Big_1080p_25fps_20s
1178,0,all,3,0.9065584540988204,2,3,1,-10,11.649183250274437,0:0,auto,0,410,1,umh,11,0,0,cbr,1,baseline,0.5123914458022217,39,0,10,4,37,0,30,0,1,2,Big_1080p_25fps_20s
1178,0,all,3,0.9065584540988204,2,4,1,-10,11.649183250274437,0:0,auto,0,410,4,umh,11,0,0,cbr,1,baseline,0.5123914458022217,39,0,10,4,37,6,30,0,1,2,Big_720p_60fps_10s
1178,0,all,1,0.9065584540988204,2,3,0,-11,11.649183250274437,0:0,temporal,0,410,4,umh,11,0,0,cbr,1,main,0.965829524139684,22,0,10,4,37,0,30,0,1,2,Big_720p_60fps_10s
1178,0,all,3,0.9065584540988204,2,3,1,-10,11.649183250274437,0:0,auto,1,410,0,umh,11,0,1,none,1,baseline,0.5123914458022217,39,0,192,2,19,6,40,1,0,1,Big_720p_60fps_10s
1178,0,all,3,0.9065584540988204,2,3,1,-10,11.649183250274437,0:0,auto,0,410,4,umh,11,0,0,cbr,1,baseline,0.5123914458022217,39,0,10,4,37,0,30,0,1,2,Big_720p_60fps_10s
1178,0,all,1,0.9065584540988204,2,3,0,-11,11.649183250274437,0:0,temporal,1,410,4,umh,11,0,1,none,1,baseline,0.5123914458022217,39,0,192,2,19,6,40,1,1,1,Big_720p_60fps_10s
1178,0,all,3,0.9065584540988204,2,3,1,-10,11.649183250274437,0:0,auto,0,410,4,umh,11,1,0,cbr,1,high,0.5123914458022217,39,0,10,4,37,0,30,0,1,2,Big_720p_60fps_10s
1178,0,all,3,0.8875295029693533,2,3,1,-11,11.649183250274437,0:0,auto,0,410,4,umh,11,1,1,cbr,1,baseline,0.9148497995135092,46,1,88,14,43,4,38,0,0,0,Big_720p_60fps_10s
1178,0,all,3,0.9065584540988204,2,3,1,-3,11.649183250274437,0:0,auto,0,410,4,umh,11,0,1,cbr,1,baseline,0.5123914458022217,39,0,10,4,37,0,59,0,1,2,Big_720p_60fps_10s
1178,0,all,3,0.9065584540988204,2,3,0,-11,11.649183250274437,0:0,auto,1,410,4,umh,11,0,0,cbr,1,baseline,0.5123914458022217,39,0,10,4,37,0,30,0,1,0,Big_720p_60fps_10s
1178,0,all,3,0.9065584540988204,2,3,0,-11,11.649183250274437,0:0,auto,0,410,4,umh,11,0,0,cbr,1,baseline,0.5123914458022217,39,14,29,2,19,6,40,1,0,1,Big_720p_60fps_10s
1178,0,all,3,0.9065584540988204,2,3,0,-11,11.649183250274437,5:-5,auto,1,410,4,umh,11,1,0,none,1,baseline,0.5123914458022217,39,4,10,4,37,0,30,0,1,0,Big_720p_60fps_10s
1178,0,all,3,0.3579478781318949,2,3,0,-11,11.649183250274437,0:0,auto,1,410,4,umh,11,0,0,cbr,1,baseline,0.5123914458022217,43,0,22,2,11,1,21,0,1,1,Big_720p_60fps_10s
1178,0,all,1,0.9065584540988204,2,3,1,-10,11.649183250274437,0:0,auto,1,410,0,esa,39,0,0,cbr,1,baseline,0.5123914458022217,39,0,129,4,70,0,30,0,1,0,Big_720p_60fps_10s
1178,0,all,0,0.9065584540988204,2,3,0,-11,11.649183250274437,0:0,auto,1,410,4,umh,11,0,1,none,1,baseline,0.5123914458022217,39,0,192,2,87,6,40,1,0,1,Big_720p_60fps_10s
1178,0,all,3,0.9065584540988204,2,4,1,-10,11.649183250274437,0:0,spatial,0,410,4,umh,6,1,0,cbr,1,baseline,0.5123914458022217,23,0,10,4,37,6,30,0,1,0,Big_720p_60fps_10s
1178,0,all,3,0.8875295029693533,2,3,0,-11,11.649183250274437,0:0,auto,0,410,4,umh,24,1,1,cbr,1,baseline,0.9148497995135092,46,10,88,14,43,4,38,0,0,2,Big_720p_60fps_10s
1178,0,all,3,0.9065584540988204,2,3,1,-10,31.97085738067687,0:0,auto,0,410,4,umh,11,1,0,cbr,1,baseline,0.5123914458022217,38,0,10,4,37,0,30,0,1,2,Big_720p_60fps_10s
1178,0,none,3,0.9065584540988204,2,10,0,-10,11.649183250274437,0:0,auto,1,410,4,umh,11,0,0,cbr,1,baseline,0.5123914458022217,39,0,10,2,37,0,30,0,1,2,Big_720p_60fps_10s
1137,0,all,0,0.9065584540988204,2,3,0,-11,11.649183250274437,1:1,auto,1,410,4,umh,11,0,0,cbr,1,main,0.5123914458022217,39,0,10,4,37,0,30,0,1,0,Big_720p_60fps_10s
1178,0,all,1,0.9065584540988204,2,3,0,-11,11.649183250274437,0:0,temporal,0,410,4,umh,24,0,0,cbr,1,main,0.965829524139684,22,5,10,4,37,0,30,0,1,2,Big_720p_60fps_10s
78,1,all,3,0.9065584540988204,2,3,1,-10,11.649183250274437,0:0,auto,1,410,2,umh,11,1,1,cbr,0,high,0.4027027556017213,39,13,10,16,37,0,59,1,1,2,Action_720p_60fps_20s
1178,0,all,1,0.9065584540988204,2,3,0,-11,11.649183250274437,0:0,temporal,0,410,4,umh,11,0,0,cbr,1,main,0.965829524139684,22,0,10,4,37,0,30,0,1,2,Action_720p_60fps_20s
1178,0,all,3,0.9065584540988204,2,3,1,-10,11.649183250274437,0:0,auto,1,410,0,umh,11,0,1,none,1,baseline,0.5123914458022217,39,0,192,2,19,6,40,1,0,1,Action_720p_60fps_20s
1178,0,all,3,0.9065584540988204,2,4,1,-10,11.649183250274437,0:0,auto,0,410,4,umh,11,0,0,cbr,1,baseline,0.5123914458022217,39,0,10,4,37,6,30,0,1,2,Action_720p_60fps_20s
1178,0,all,3,0.9065584540988204,2,3,1,-10,11.649183250274437,0:0,auto,0,410,4,umh,11,1,0,cbr,1,high,0.5123914458022217,39,0,10,4,37,0,30,0,1,2,Action_720p_60fps_20s
1178,0,all,3,0.9065584540988204,2,3,1,-3,11.649183250274437,0:0,auto,0,410,4,umh,11,0,1,cbr,1,baseline,0.5123914458022217,39,0,10,4,37,0,59,0,1,2,Action_720p_60fps_20s
1178,0,all,1,0.9065584540988204,2,3,0,-11,11.649183250274437,0:0,temporal,1,410,4,umh,11,0,1,none,1,baseline,0.5123914458022217,39,0,192,2,19,6,40,1,1,1,Action_720p_60fps_20s
1178,0,all,3,0.9065584540988204,2,3,1,-10,11.649183250274437,0:0,auto,0,410,4,umh,11,0,0,cbr,1,baseline,0.5123914458022217,39,0,10,4,37,0,30,0,1,2,Action_720p_60fps_20s
1178,0,all,3,0.8875295029693533,2,3,1,-11,11.649183250274437,0:0,auto,0,410,4,umh,11,1,1,cbr,1,baseline,0.9148497995135092,46,1,88,14,43,4,38,0,0,0,Action_720p_60fps_20s
1178,0,all,3,0.9065584540988204,2,3,0,-11,11.649183250274437,0:0,auto,1,410,4,umh,11,0,0,cbr,1,baseline,0.5123914458022217,39,0,10,4,37,0,30,0,1,0,Action_720p_60fps_20s
1178,0,all,3,0.9065584540988204,2,3,0,-11,11.649183250274437,0:0,auto,0,410,4,umh,11,0,0,cbr,1,baseline,0.5123914458022217,39,14,29,2,19,6,40,1,0,1,Action_720p_60fps_20s
1178,0,all,3,0.9065584540988204,2,3,1,-10,11.649183250274437,0:0,auto,1,410,4,umh,11,1,1,cbr,0,high,0.5123914458022217,39,0,10,4,37,0,30,0,1,2,Action_720p_60fps_20s
1178,0,all,3,0.9065584540988204,2,3,1,-11,11.649183250274437,0:0,auto,0,410,0,umh,11,1,0,cbr,1,baseline,0.5123914458022217,39,14,29,4,37,0,59,2,1,2,Action_720p_60fps_20s
1178,0,all,1,0.9065584540988204,2,3,0,-11,37.19069894264229,0:0,temporal,0,410,4,umh,11,0,0,cbr,1,main,0.965829524139684,42,0,10,4,37,0,30,0,1,2,Action_720p_60fps_20s
1178,0,all,3,0.9065584540988204,2,3,1,-10,11.649183250274437,0:0,none,1,410,4,umh,11,0,0,cbr,1,baseline,0.5123914458022217,31,0,10,4,37,0,30,0,1,2,Action_720p_60fps_20s
1178,1,all,3,1.5666404793812978,2,3,1,-12,11.649183250274437,0:0,auto,1,410,2,umh,11,0,1,cbr,1,baseline,0.5123914458022217,39,0,192,2,19,6,40,1,0,1,Action_720p_60fps_20s
1178,0,all,3,0.9065584540988204,2,3,1,-3,11.649183250274437,2:-2,temporal,0,410,4,umh,11,0,1,cbr,1,baseline,0.5123914458022217,37,0,10,4,37,0,59,1,1,2,Action_720p_60fps_20s
1178,0,p8x8,3,0.7887894228853953,2,3,1,-3,11.649183250274437,0:0,auto,0,410,4,umh,11,1,1,cbr,1,baseline,0.5123914458022217,42,0,10,4,37,0,59,0,1,2,Action_720p_60fps_20s
1178,0,all,2,0.9065584540988204,2,3,0,-11,11.649183250274437,-3:3,temporal,0,410,3,umh,11,0,0,cbr,1,baseline,0.965829524139684,22,0,10,4,37,0,30,0,1,2,Action_720p_60fps_20s
1178,0,all,3,0.9065584540988204,2,3,1,-10,11.649183250274437,0:0,auto,1,410,0,umh,11,0,1,none,1,high,0.5123914458022217,39,0,192,2,54,6,40,1,0,1,Action_720p_60fps_20s
1178,0,all,3,0.9065584540988204,2,4,1,-10,11.649183250274437,0:0,auto,0,410,4,umh,11,0,0,cbr,1,baseline,0.5123914458022217,39,0,10,4,37,6,30,0,1,2,Still_image_1080p_30fps_20s
1178,0,all,1,0.9065584540988204,2,3,0,-11,11.649183250274437,0:0,temporal,0,410,4,umh,11,0,0,cbr,1,main,0.965829524139684,22,0,10,4,37,0,30,0,1,2,Still_image_1080p_30fps_20s
1178,0,all,3,0.9065584540988204,2,3,1,-10,11.649183250274437,0:0,auto,1,410,0,umh,11,0,1,none,1,baseline,0.5123914458022217,39,0,192,2,19,6,40,1,0,1,Still_image_1080p_30fps_20s
1178,0,all,3,0.9065584540988204,2,3,1,-10,11.649183250274437,0:0,auto,0,410,4,umh,11,1,0,cbr,1,high,0.5123914458022217,39,0,10,4,37,0,30,0,1,2,Still_image_1080p_30fps_20s
1178,0,all,3,0.9065584540988204,2,3,1,-3,11.649183250274437,0:0,auto,0,410,4,umh,11,0,1,cbr,1,baseline,0.5123914458022217,39,0,10,4,37,0,59,0,1,2,Still_image_1080p_30fps_20s
1178,0,all,3,0.9065584540988204,2,3,0,-11,11.649183250274437,0:0,auto,1,410,4,umh,11,0,0,cbr,1,baseline,0.5123914458022217,39,0,10,4,37,0,30,0,1,0,Still_image_1080p_30fps_20s
1178,0,all,3,0.8875295029693533,2,3,1,-11,11.649183250274437,0:0,auto,0,410,4,umh,11,1,1,cbr,1,baseline,0.9148497995135092,46,1,88,14,43,4,38,0,0,0,Still_image_1080p_30fps_20s
1178,0,all,1,0.9065584540988204,2,3,0,-11,11.649183250274437,0:0,temporal,1,410,4,umh,11,0,1,none,1,baseline,0.5123914458022217,39,0,192,2,19,6,40,1,1,1,Still_image_1080p_30fps_20s
1178,0,all,3,0.9065584540988204,2,3,1,-10,11.649183250274437,0:0,auto,0,410,4,umh,11,0,0,cbr,1,baseline,0.5123914458022217,39,0,10,4,37,0,30,0,1,2,Still_image_1080p_30fps_20s
1178,0,all,3,0.9065584540988204,2,3,0,-11,11.649183250274437,0:0,auto,0,410,4,umh,11,0,0,cbr,1,baseline,0.5123914458022217,39,14,29,2,19,6,40,1,0,1,Still_image_1080p_30fps_20s
1178,0,all,3,0.9065584540988204,2,3,0,-6,11.649183250274437,0:0,auto,1,410,4,umh,11,0,1,cbr,1,baseline,0.5123914458022217,39,0,10,4,37,0,30,0,1,2,Still_image_1080p_30fps_20s
1178,0,all,1,0.9065584540988204,2,3,0,5,11.649183250274437,0:0,temporal,0,410,4,umh,11,0,0,cbr,0,main,0.965829524139684,39,0,174,4,37,0,30,0,1,0,Still_image_1080p_30fps_20s
1178,0,all,1,0.9065584540988204,2,3,0,-11,11.649183250274437,0:0,auto,1,410,4,umh,11,1,0,vbr,1,high,0.2349467260991756,39,0,10,4,94,0,30,0,1,2,Still_image_1080p_30fps_20s
1178,0,all,3,0.9065584540988204,0,3,1,-10,11.649183250274437,0:0,auto,0,410,4,umh,11,0,0,cbr,1,baseline,0.5123914458022217,39,0,10,4,37,0,30,0,1,0,Still_image_1080p_30fps_20s
1986,1,all,1,0.9844437172708528,1,9,1,-12,18.518682570557125,5:-5,spatial,1,410,4,umh,11,1,0,cbr,1,high,0.5123914458022217,39,0,10,4,37,0,30,0,1,0,Still_image_1080p_30fps_20s
1178,0,all,3,0.9065584540988204,2,3,1,11,11.649183250274437,0:0,auto,0,410,2,umh,11,0,1,cbr,1,baseline,0.5123914458022217,39,0,10,4,37,4,30,0,1,2,Still_image_1080p_30fps_20s
1178,0,all,3,0.9065584540988204,2,3,1,1,11.649183250274437,0:0,auto,0,410,4,umh,11,0,0,cbr,1,baseline,0.5123914458022217,38,0,10,4,37,0,30,0,0,2,Still_image_1080p_30fps_20s
1178,0,all,1,0.9065584540988204,2,3,1,-10,11.649183250274437,0:0,auto,0,410,4,dia,11,1,0,cbr,1,high,0.5123914458022217,39,0,10,4,5,0,30,0,1,2,Still_image_1080p_30fps_20s
1178,0,all,3,0.9065584540988204,2,3,1,-10,11.649183250274437,0:0,auto,0,410,4,umh,11,1,0,cbr,1,high,0.5123914458022217,39,0,10,4,37,9,30,0,1,2,Still_image_1080p_30fps_20s
1178,1,all,3,0.9065584540988204,2,3,1,-3,11.649183250274437,0:0,auto,0,410,4,umh,11,0,0,cbr,1,baseline,0.5123914458022217,39,0,10,4,37,6,30,0,1,2,Still_image_1080p_30fps_20s
1178,0,all,3,0.9065584540988204,2,4,1,-10,11.649183250274437,0:0,auto,0,410,4,umh,11,0,0,cbr,1,baseline,0.5123914458022217,39,0,10,4,37,6,30,0,1,2,Action_1080p_60fps_10s
1178,0,all,3,0.8875295029693533,2,3,1,-11,11.649183250274437,0:0,auto,0,410,4,umh,11,1,1,cbr,1,baseline,0.9148497995135092,46,1,88,14,43,4,38,0,0,0,Action_1080p_60fps_10s
1178,0,all,1,0.9065584540988204,2,3,0,-11,11.649183250274437,0:0,temporal,0,410,4,umh,11,0,0,cbr,1,main,0.965829524139684,22,0,10,4,37,0,30,0,1,2,Action_1080p_60fps_10s
1178,0,all,3,0.9065584540988204,2,3,1,-10,11.649183250274437,0:0,auto,1,410,0,umh,11,0,1,none,1,baseline,0.5123914458022217,39,0,192,2,19,6,40,1,0,1,Action_1080p_60fps_10s
1178,0,all,3,0.9065584540988204,2,3,1,-3,11.649183250274437,0:0,auto,0,410,4,umh,11,0,1,cbr,1,baseline,0.5123914458022217,39,0,10,4,37,0,59,0,1,2,Action_1080p_60fps_10s
1178,0,all,1,0.9065584540988204,2,3,0,-11,11.649183250274437,0:0,temporal,1,410,4,umh,11,0,1,none,1,baseline,0.5123914458022217,39,0,192,2,19,6,40,1,1,1,Action_1080p_60fps_10s
1178,0,all,3,0.9065584540988204,2,3,1,-10,11.649183250274437,0:0,auto,0,410,4,umh,11,1,0,cbr,1,high,0.5123914458022217,39,0,10,4,37,0,30,0,1,2,Action_1080p_60fps_10s
1178,0,all,3,0.9065584540988204,2,3,1,-10,11.649183250274437,0:0,auto,0,410,4,umh,11,0,0,cbr,1,baseline,0.5123914458022217,39,0,10,4,37,0,30,0,1,2,Action_1080p_60fps_10s
1178,0,all,3,0.9065584540988204,2,3,0,-11,11.649183250274437,0:0,auto,1,410,4,umh,11,0,0,cbr,1,baseline,0.5123914458022217,39,0,10,4,37,0,30,0,1,0,Action_1080p_60fps_10s
1178,0,all,3,0.9065584540988204,2,3,0,-11,11.649183250274437,0:0,auto,0,410,4,umh,11,0,0,cbr,1,baseline,0.5123914458022217,39,14,29,2,19,6,40,1,0,1,Action_1080p_60fps_10s
1178,0,all,3,0.8875295029693533,2,3,1,-11,11.649183250274437,0:0,auto,0,410,4,umh,11,1,1,cbr,1,baseline,0.9148497995135092,46,1,88,14,43,3,11,2,0,0,Action_1080p_60fps_10s
1178,0,all,3,1.0148570527901617,2,3,0,-11,11.649183250274437,0:0,auto,1,410,4,umh,11,0,1,cbr,0,baseline,0.4529573131075981,39,14,29,2,19,6,30,0,1,2,Action_1080p_60fps_10s
1178,0,all,3,0.9065584540988204,2,4,0,-10,11.649183250274437,0:0,auto,1,410,4,umh,11,0,0,cbr,1,baseline,0.0597605162179784,39,0,10,4,37,6,40,1,0,1,Action_1080p_60fps_10s
1178,0,all,3,0.9065584540988204,2,3,1,-11,11.649183250274437,1:-1,auto,1,410,4,umh,11,1,0,cbr,0,baseline,0.6407411631595799,44,3,22,14,95,1,1,0,1,1,Action_1080p_60fps_10s
508,1,p8x8,3,0.9065584540988204,2,3,0,-11,11.649183250274437,0:0,auto,0,410,4,umh,11,0,0,cbr,1,baseline,0.5123914458022217,39,14,29,2,19,6,40,1,0,1,Action_1080p_60fps_10s
1035,0,all,3,0.9065584540988204,2,3,0,-10,9.962003291083883,0:0,auto,1,168,4,umh,11,0,0,cbr,1,main,0.5123914458022217,39,14,29,2,19,1,40,1,0,1,Action_1080p_60fps_10s
1178,0,all,3,0.9065584540988204,2,3,0,-10,11.649183250274437,0:0,auto,0,410,4,umh,39,1,0,cbr,0,high,0.8670871975742774,39,0,10,2,80,11,11,2,0,0,Action_1080p_60fps_10s
1178,0,all,3,0.9065584540988204,1,3,0,-10,11.649183250274437,0:0,auto,1,410,2,umh,11,0,1,none,1,high,0.5123914458022217,39,0,192,2,19,6,30,0,0,2,Action_1080p_60fps_10s
1178,0,all,3,0.9065584540988204,2,3,1,-11,11.649183250274437,0:0,auto,0,410,4,umh,11,1,1,cbr,1,baseline,0.9148497995135092,46,1,88,14,43,4,38,0,0,1,Action_1080p_60fps_10s
1178,0,all,3,0.9065584540988204,2,12,0,-11,11.649183250274437,0:0,auto,1,410,4,umh,11,0,0,cbr,1,high,0.5123914458022217,39,14,29,2,19,6,40,1,0,1,Action_1080p_60fps_10s
378,1,all,1,0.9844437172708528,0,11,0,8,18.518682570557125,5:-5,spatial,0,440,1,hex,33,0,1,none,1,high,0.6407411631595799,44,3,22,2,95,1,33,2,1,1,Standard_480p_25fps_15s
378,1,p4x4,1,0.9844437172708528,2,11,0,8,18.518682570557125,5:-5,spatial,0,440,1,hex,33,1,1,none,1,high,0.6407411631595799,44,3,22,2,95,1,21,2,0,1,Standard_480p_25fps_15s
378,1,p4x4,1,0.9844437172708528,0,11,0,0,18.518682570557125,5:-5,spatial,0,440,4,hex,33,1,1,none,1,high,0.6407411631595799,44,3,22,2,95,1,21,0,1,1,Standard_480p_25fps_15s
378,1,p4x4,0,0.9844437172708528,2,11,0,-7,18.518682570557125,5:-5,spatial,0,440,1,hex,33,1,1,none,0,high,0.128052689104238,44,4,155,2,80,11,11,2,0,0,Standard_480p_25fps_15s
2120,1,p4x4,1,0.9844437172708528,2,5,0,0,18.518682570557125,5:-5,spatial,0,151,4,dia,53,1,1,none,1,high,0.6407411631595799,44,3,22,2,95,1,21,2,0,1,Standard_480p_25fps_15s
2295,1,all,3,1.8245416022471044,0,9,1,-12,18.518682570557125,5:-5,spatial,0,440,4,hex,41,0,1,none,1,high,0.6407411631595799,44,3,22,2,95,1,21,0,1,1,Standard_480p_25fps_15s
2120,1,p4x4,1,0.9844437172708528,2,11,0,0,18.518682570557125,5:-5,spatial,0,151,4,dia,33,1,1,none,0,high,0.6407411631595799,44,4,155,2,80,11,11,2,0,0,Standard_480p_25fps_15s
76,0,p8x8,3,1.997601325586333,1,12,0,8,38.687654164818326,5:-5,spatial,0,440,4,hex,33,1,1,none,1,high,0.6407411631595799,44,3,22,2,95,2,21,0,1,0,Standard_480p_25fps_15s
378,1,p8x8,1,0.9844437172708528,1,9,1,-12,18.518682570557125,5:-5,spatial,0,440,4,hex,41,0,1,none,1,high,0.6407411631595799,44,3,22,2,95,1,21,0,1,1,Standard_480p_25fps_15s
378,1,all,1,0.9844437172708528,1,9,1,-12,18.518682570557125,5:-5,spatial,1,440,4,hex,41,0,1,none,1,high,0.6407411631595799,44,3,22,14,95,1,1,0,1,1,Standard_480p_25fps_15s
378,1,p4x4,1,0.9844437172708528,0,11,0,0,6.446418825190844,5:-5,spatial,0,440,1,hex,33,1,1,none,1,baseline,0.6407411631595799,44,3,22,2,13,11,11,2,0,0,Standard_480p_25fps_15s
378,1,p4x4,0,0.9844437172708528,2,11,0,-7,18.518682570557125,5:-5,spatial,0,440,1,hex,33,1,1,cbr,0,high,0.128052689104238,51,4,155,2,37,0,30,0,1,2,Standard_480p_25fps_15s
2120,1,p4x4,1,0.9844437172708528,2,5,0,-5,18.518682570557125,5:-5,spatial,0,151,4,dia,53,1,1,none,0,high,0.6407411631595799,44,3,22,2,80,0,9,2,1,0,Standard_480p_25fps_15s
378,1,p4x4,0,0.9844437172708528,2,11,0,-7,18.518682570557125,5:-5,spatial,1,440,1,hex,33,1,1,none,0,high,0.128052689104238,44,4,81,2,95,1,21,2,0,1,Standard_480p_25fps_15s
378,1,p4x4,1,0.3907952954152145,0,11,0,-8,18.518682570557125,5:-5,spatial,0,440,4,hex,33,1,0,none,1,high,0.6407411631595799,44,3,22,2,95,1,33,0,1,1,Standard_480p_25fps_15s
2015,1,all,1,0.9844437172708528,0,11,0,8,18.518682570557125,5:-5,spatial,0,440,1,hex,33,0,1,none,0,high,0.6407411631595799,41,3,22,2,95,0,21,0,1,1,Standard_480p_25fps_15s
378,1,all,1,0.9844437172708528,1,14,1,-10,18.518682570557125,5:-5,spatial,1,440,4,hex,41,0,1,none,1,high,0.6407411631595799,44,3,22,2,96,1,21,2,0,1,Standard_480p_25fps_15s
378,1,p4x4,1,0.9844437172708528,2,11,0,8,18.518682570557125,-2:2,spatial,1,440,1,hex,33,1,1,vbr,1,high,0.6407411631595799,44,3,22,14,95,1,1,0,1,1,Standard_480p_25fps_15s
378,1,none,1,0.9844437172708528,2,11,0,-12,18.518682570557125,5:-5,spatial,0,440,1,hex,33,1,1,vbr,1,high,0.6407411631595799,44,3,22,2,95,2,21,0,1,2,Standard_480p_25fps_15s
76,0,p8x8,2,1.997601325586333,1,12,0,8,38.687654164818326,5:-5,spatial,1,440,4,hex,33,1,1,none,1,high,0.6407411631595799,44,3,22,2,95,1,21,2,0,1,Standard_480p_25fps_15s
1178,0,all,3,0.9065584540988204,2,3,1,-10,11.649183250274437,0:0,auto,1,410,0,umh,11,0,1,none,1,baseline,0.5123914458022217,39,0,192,2,19,6,40,1,0,1,Action_480p_25fps_10s
1178,0,all,1,0.9065584540988204,2,3,0,-11,11.649183250274437,0:0,temporal,0,410,4,umh,11,0,0,cbr,1,main,0.965829524139684,22,0,10,4,37,0,30,0,1,2,Action_480p_25fps_10s
1178,0,all,3,0.9065584540988204,2,4,1,-10,11.649183250274437,0:0,auto,0,410,4,umh,11,0,0,cbr,1,baseline,0.5123914458022217,39,0,10,4,37,6,30,0,1,2,Action_480p_25fps_10s
1178,0,all,3,0.8875295029693533,2,3,1,-11,11.649183250274437,0:0,auto,0,410,4,umh,11,1,1,cbr,1,baseline,0.9148497995135092,46,1,88,14,43,4,38,0,0,0,Action_480p_25fps_10s
1178,0,all,1,0.9065584540988204,2,3,0,-11,11.649183250274437,0:0,temporal,1,410,4,umh,11,0,1,none,1,baseline,0.5123914458022217,39,0,192,2,19,6,40,1,1,1,Action_480p_25fps_10s
1178,0,all,3,0.9065584540988204,2,3,1,-10,11.649183250274437,0:0,auto,0,410,4,umh,11,1,0,cbr,1,high,0.5123914458022217,39,0,10,4,37,0,30,0,1,2,Action_480p_25fps_10s
1178,0,all,3,0.9065584540988204,2,3,1,-3,11.649183250274437,0:0,auto,0,410,4,umh,11,0,1,cbr,1,baseline,0.5123914458022217,39,0,10,4,37,0,59,0,1,2,Action_480p_25fps_10s
1178,0,all,3,0.9065584540988204,2,3,1,-10,11.649183250274437,0:0,auto,0,410,4,umh,11,0,0,cbr,1,baseline,0.5123914458022217,39,0,10,4,37,0,30,0,1,2,Action_480p_25fps_10s
1178,0,all,3,0.9065584540988204,2,3,0,-11,11.649183250274437,0:0,auto,1,410,4,umh,11,0,0,cbr,1,baseline,0.5123914458022217,39,0,10,4,37,0,30,0,1,0,Action_480p_25fps_10s
1178,0,all,3,0.9065584540988204,2,3,0,-11,11.649183250274437,0:0,auto,0,410,4,umh,11,0,0,cbr,1,baseline,0.5123914458022217,39,14,29,2,19,6,40,1,0,1,Action_480p_25fps_10s
2295,1,all,3,1.8245416022471044,1,3,0,-11,11.649183250274437,0:0,none,1,410,4,umh,11,0,0,cbr,1,baseline,0.6493532546000097,39,0,10,4,37,0,30,0,1,0,Action_480p_25fps_10s
1178,0,all,3,0.238592498905957,2,13,1,-3,11.649183250274437,0:0,auto,0,410,1,umh,11,0,1,cbr,1,baseline,0.5123914458022217,39,0,21,4,37,0,59,0,1,2,Action_480p_25fps_10s
1178,0,all,3,0.9065584540988204,2,3,1,-10,11.649183250274437,0:0,auto,0,410,4,hex,11,1,0,cbr,1,high,0.5123914458022217,24,0,119,4,37,0,30,0,1,2,Action_480p_25fps_10s
1178,0,all,3,0.9065584540988204,2,3,1,-10,11.649183250274437,0:0,auto,1,410,0,umh,11,0,1,none,1,baseline,0.5123914458022217,39,0,192,2,19,6,40,0,0,1,Action_480p_25fps_10s
1178,0,p4x4,3,0.9065584540988204,2,3,1,-10,11.649183250274437,0:0,auto,0,410,2,umh,11,1,0,cbr,1,high,0.5123914458022217,43,0,10,4,6,0,56,0,1,2,Action_480p_25fps_10s
1178,0,all,3,0.9065584540988204,2,3,1,-10,11.649183250274437,0:0,auto,1,410,4,umh,12,0,0,cbr,1,baseline,0.5123914458022217,39,0,10,4,37,5,30,0,1,2,Action_480p_25fps_10s
1178,0,p8x8,3,0.9065584540988204,2,4,1,-10,11.649183250274437,0:0,auto,0,468,4,umh,11,0,1,cbr,1,baseline,0.5123914458022217,39,0,10,15,37,6,30,1,0,2,Action_480p_25fps_10s
378,0,all,1,0.9065584540988204,2,3,0,-11,11.649183250274437,0:0,auto,0,410,4,umh,11,0,0,cbr,1,baseline,0.5123914458022217,39,14,29,2,19,6,40,1,0,1,Action_480p_25fps_10s
1178,0,all,0,0.65420135482822,0,3,0,-11,11.649183250274437,0:0,auto,0,410,4,umh,11,0,1,cbr,1,baseline,0.5123914458022217,39,1,10,4,37,10,15,0,0,2,Action_480p_25fps_10s
990,0,all,3,0.9065584540988204,2,3,1,-10,11.649183250274437,0:0,auto,1,410,4,umh,11,0,0,vbr,1,baseline,0.5123914458022217,39,0,10,4,37,0,30,0,1,0,Action_480p_25fps_10s
1178,0,all,3,0.9065584540988204,2,3,0,-11,11.649183250274437,0:0,auto,1,410,4,umh,11,0,0,cbr,1,baseline,0.5123914458022217,39,0,10,4,37,0,30,0,1,0,Still_image_480p_30fps_20s
1178,0,all,1,0.9065584540988204,2,3,0,-11,11.649183250274437,0:0,temporal,1,410,4,umh,11,0,1,none,1,baseline,0.5123914458022217,39,0,192,2,19,6,40,1,1,1,Still_image_480p_30fps_20s
1178,0,all,3,0.9065584540988204,2,3,1,-10,11.649183250274437,0:0,auto,0,410,4,umh,11,0,0,cbr,1,baseline,0.5123914458022217,39,0,10,4,37,0,30,0,1,2,Still_image_480p_30fps_20s
1178,0,all,3,0.9065584540988204,2,4,1,-10,11.649183250274437,0:0,auto,0,410,4,umh,11,0,0,cbr,1,baseline,0.5123914458022217,39,0,10,4,37,6,30,0,1,2,Still_image_480p_30fps_20s
1178,0,all,3,0.9065584540988204,2,3,1,-10,11.649183250274437,0:0,auto,0,410,4,umh,11,1,0,cbr,1,high,0.5123914458022217,39,0,10,4,37,0,30,0,1,2,Still_image_480p_30fps_20s
1178,0,all,3,0.9065584540988204,2,3,1,-3,11.649183250274437,0:0,auto,0,410,4,umh,11,0,1,cbr,1,baseline,0.5123914458022217,39,0,10,4,37,0,59,0,1,2,Still_image_480p_30fps_20s
1178,0,all,3,0.8875295029693533,2,3,1,-11,11.649183250274437,0:0,auto,0,410,4,umh,11,1,1,cbr,1,baseline,0.9148497995135092,46,1,88,14,43,4,38,0,0,0,Still_image_480p_30fps_20s
1178,0,all,1,0.9065584540988204,2,3,0,-11,11.649183250274437,0:0,temporal,0,410,4,umh,11,0,0,cbr,1,main,0.965829524139684,22,0,10,4,37,0,30,0,1,2,Still_image_480p_30fps_20s
1178,0,all,3,0.9065584540988204,2,3,1,-10,11.649183250274437,0:0,auto,1,410,0,umh,11,0,1,none,1,baseline,0.5123914458022217,39,0,192,2,19,6,40,1,0,1,Still_image_480p_30fps_20s
1178,0,all,3,0.9065584540988204,2,3,0,-11,11.649183250274437,0:0,auto,0,410,4,umh,11,0,0,cbr,1,baseline,0.5123914458022217,39,14,29,2,19,6,40,1,0,1,Still_image_480p_30fps_20s
378,1,all,1,0.9844437172708528,0,11,0,8,18.518682570557125,5:-5,spatial,0,440,1,hex,33,0,1,none,1,high,0.6407411631595799,44,3,22,2,95,1,33,2,1,1,Still_image_480p_30fps_20s
378,1,p4x4,1,0.9844437172708528,0,11,0,0,18.518682570557125,5:-5,spatial,0,440,4,hex,33,1,1,none,1,high,0.6407411631595799,44,3,22,2,95,1,21,0,1,1,Still_image_480p_30fps_20s
378,1,p4x4,1,0.9844437172708528,2,11,0,8,18.518682570557125,5:-5,spatial,0,440,1,hex,33,1,1,none,1,high,0.6407411631595799,44,3,22,2,95,1,21,2,0,1,Still_image_480p_30fps_20s
378,1,p4x4,0,0.9844437172708528,2,11,0,-7,18.518682570557125,5:-5,spatial,0,440,1,hex,33,1,1,none,0,high,0.128052689104238,44,4,155,2,80,11,11,2,0,0,Still_image_480p_30fps_20s
2120,1,p4x4,1,0.9844437172708528,2,5,0,0,18.518682570557125,5:-5,spatial,0,151,4,dia,53,1,1,none,1,high,0.6407411631595799,44,3,22,2,95,1,21,2,0,1,Still_image_480p_30fps_20s
378,1,p8x8,1,0.9844437172708528,1,9,1,-12,18.518682570557125,5:-5,spatial,0,440,4,hex,41,0,1,none,1,high,0.6407411631595799,44,3,22,2,95,1,21,0,1,1,Still_image_480p_30fps_20s
76,0,p8x8,3,1.997601325586333,1,12,0,8,38.687654164818326,5:-5,spatial,0,440,4,hex,33,1,1,none,1,high,0.6407411631595799,44,3,22,2,95,2,21,0,1,0,Still_image_480p_30fps_20s
2120,1,p4x4,1,0.9844437172708528,2,11,0,0,18.518682570557125,5:-5,spatial,0,151,4,dia,33,1,1,none,0,high,0.6407411631595799,44,4,155,2,80,11,11,2,0,0,Still_image_480p_30fps_20s
2295,1,all,3,1.8245416022471044,0,9,1,-12,18.518682570557125,5:-5,spatial,0,440,4,hex,41,0,1,none,1,high,0.6407411631595799,44,3,22,2,95,1,21,0,1,1,Still_image_480p_30fps_20s
378,1,all,1,0.9844437172708528,1,9,1,-12,18.518682570557125,5:-5,spatial,1,440,4,hex,41,0,1,none,1,high,0.6407411631595799,44,3,22,14,95,1,1,0,1,1,Still_image_480p_30fps_20s
378,0,all,2,0.8875295029693533,2,5,1,-11,11.649183250274437,0:0,auto,0,293,2,hex,11,1,1,cbr,1,baseline,0.9148497995135092,46,1,88,14,43,4,38,0,0,0,Action_720p_25fps_15s
1178,0,all,2,0.9065584540988204,2,15,0,-11,11.649183250274437,0:0,auto,0,410,4,hex,13,1,1,cbr,1,baseline,0.5123914458022217,21,0,64,14,37,0,30,0,0,2,Action_720p_25fps_15s
378,0,all,2,0.8875295029693533,2,5,1,-11,11.649183250274437,0:0,auto,0,293,2,hex,11,1,1,cbr,1,baseline,0.9148497995135092,46,1,240,14,43,4,38,0,1,0,Action_720p_25fps_15s
369,0,all,3,0.9065584540988204,2,14,1,-10,11.649183250274437,0:0,auto,0,410,4,umh,11,1,1,cbr,0,baseline,0.9148497995135092,49,6,88,14,43,4,38,0,0,0,Action_720p_25fps_15s
1178,0,"p8x8,b8x8,i8x8,i4x4",1,0.8875295029693533,2,3,1,-11,11.649183250274437,0:0,temporal,0,410,4,hex,13,1,1,cbr,1,baseline,0.5123914458022217,38,0,64,14,37,0,30,0,0,1,Action_720p_25fps_15s
369,0,all,3,0.9065584540988204,2,14,1,-10,11.649183250274437,0:0,auto,0,410,4,hex,11,1,1,cbr,0,baseline,0.9148497995135092,49,6,160,4,37,0,30,0,1,2,Action_720p_25fps_15s
1178,0,all,1,0.9065584540988204,2,3,0,-11,11.649183250274437,0:0,temporal,0,410,4,umh,11,0,0,cbr,1,main,0.965829524139684,22,0,10,4,37,0,30,0,1,2,Action_720p_25fps_15s
1178,0,all,3,0.9065584540988204,2,3,1,-10,11.649183250274437,0:0,auto,0,410,4,umh,11,1,0,cbr,1,high,0.5123914458022217,39,0,10,4,37,0,30,0,1,2,Action_720p_25fps_15s
1178,0,all,3,0.9065584540988204,2,3,1,-3,11.649183250274437,0:0,auto,0,410,4,umh,11,0,1,cbr,1,baseline,0.5123914458022217,39,0,10,4,37,0,59,0,1,2,Action_720p_25fps_15s
1178,0,all,3,0.8875295029693533,2,3,1,-11,11.649183250274437,0:0,auto,0,410,4,umh,11,1,1,cbr,1,baseline,0.9148497995135092,46,1,88,14,43,4,38,0,0,0,Action_720p_25fps_15s
1178,0,all,3,0.9065584540988204,2,4,1,-10,11.649183250274437,0:0,auto,0,410,4,umh,11,0,0,cbr,1,baseline,0.5123914458022217,39,0,10,4,37,6,30,0,1,2,Action_720p_25fps_15s
1178,0,all,3,0.9065584540988204,2,3,1,-10,11.649183250274437,0:0,auto,1,410,0,umh,11,0,1,none,1,baseline,0.5123914458022217,39,0,192,2,19,6,40,1,0,1,Action_720p_25fps_15s
1178,0,all,1,0.9065584540988204,2,3,0,-11,11.649183250274437,0:0,temporal,1,410,4,umh,11,0,1,none,1,baseline,0.5123914458022217,39,0,192,2,19,6,40,1,1,1,Action_720p_25fps_15s
1178,0,all,3,0.9065584540988204,2,3,0,-11,11.649183250274437,0:0,auto,1,410,4,umh,11,0,0,cbr,1,baseline,0.5123914458022217,39,0,10,4,37,0,30,0,1,0,Action_720p_25fps_15s
1178,0,all,3,0.9065584540988204,2,3,1,-10,11.649183250274437,0:0,auto,0,410,4,umh,11,0,0,cbr,1,baseline,0.5123914458022217,39,0,10,4,37,0,30,0,1,2,Action_720p_25fps_15s
1178,0,all,3,0.9065584540988204,2,3,0,-11,11.649183250274437,0:0,auto,0,410,4,umh,11,0,0,cbr,1,baseline,0.5123914458022217,39,14,29,2,19,6,40,1,0,1,Action_720p_25fps_15s
1178,0,p4x4,3,0.9065584540988204,2,3,1,-10,11.649183250274437,1:1,auto,1,410,4,umh,11,0,1,cbr,1,baseline,0.5123914458022217,39,0,10,4,37,0,55,0,1,2,Action_720p_25fps_15s
369,0,all,3,0.9065584540988204,2,14,1,-10,11.649183250274437,0:0,auto,0,410,4,umh,11,1,0,cbr,1,high,0.5123914458022217,39,0,10,4,37,0,30,1,0,2,Action_720p_25fps_15s
1178,0,all,3,0.9065584540988204,2,1,1,-10,11.649183250274437,0:0,auto,0,80,4,umh,11,1,0,cbr,1,baseline,0.5123914458022217,39,0,160,4,37,0,30,0,1,2,Action_720p_25fps_15s
1178,0,all,1,0.9065584540988204,2,3,0,-11,11.649183250274437,0:0,temporal,0,410,2,tesa,11,0,0,cbr,1,main,0.9380347564681378,22,0,10,4,37,0,21,2,1,1,Action_720p_25fps_15s
1178,0,all,1,0.9065584540988204,2,3,0,-11,11.649183250274437,0:0,temporal,0,410,4,umh,11,0,0,cbr,1,main,0.965829524139684,22,0,10,4,37,0,30,0,1,2,Action_480p_30fps_5s
1178,0,all,3,0.8875295029693533,2,3,1,-11,11.649183250274437,0:0,auto,0,410,4,umh,11,1,1,cbr,1,baseline,0.9148497995135092,46,1,88,14,43,4,38,0,0,0,Action_480p_30fps_5s
1178,0,all,3,0.9065584540988204,2,3,1,-3,11.649183250274437,0:0,auto,0,410,4,umh,11,0,1,cbr,1,baseline,0.5123914458022217,39,0,10,4,37,0,59,0,1,2,Action_480p_30fps_5s
1178,0,all,3,0.9065584540988204,2,3,1,-10,11.649183250274437,0:0,auto,0,410,4,umh,11,1,0,cbr,1,high,0.5123914458022217,39,0,10,4,37,0,30,0,1,2,Action_480p_30fps_5s
1178,0,all,3,0.9065584540988204,2,3,1,-10,11.649183250274437,0:0,auto,1,410,0,umh,11,0,1,none,1,baseline,0.5123914458022217,39,0,192,2,19,6,40,1,0,1,Action_480p_30fps_5s
1178,0,all,3,0.9065584540988204,2,4,1,-10,11.649183250274437,0:0,auto,0,410,4,umh,11,0,0,cbr,1,baseline,0.5123914458022217,39,0,10,4,37,6,30,0,1,2,Action_480p_30fps_5s
1178,0,all,1,0.9065584540988204,2,3,0,-11,11.649183250274437,0:0,temporal,1,410,4,umh,11,0,1,none,1,baseline,0.5123914458022217,39,0,192,2,19,6,40,1,1,1,Action_480p_30fps_5s
1178,0,all,3,0.9065584540988204,2,3,1,-10,11.649183250274437,0:0,auto,0,410,4,umh,11,0,0,cbr,1,baseline,0.5123914458022217,39,0,10,4,37,0,30,0,1,2,Action_480p_30fps_5s
1178,0,all,3,0.9065584540988204,2,3,0,-11,11.649183250274437,0:0,auto,1,410,4,umh,11,0,0,cbr,1,baseline,0.5123914458022217,39,0,10,4,37,0,30,0,1,0,Action_480p_30fps_5s
1178,0,all,3,0.9065584540988204,2,3,0,-11,11.649183250274437,0:0,auto,0,410,4,umh,11,0,0,cbr,1,baseline,0.5123914458022217,39,14,29,2,19,6,40,1,0,1,Action_480p_30fps_5s
1178,0,all,3,0.8875295029693533,2,3,0,-11,11.649183250274437,0:0,auto,1,410,1,hex,33,0,1,none,1,baseline,0.6407411631595799,44,3,22,2,95,1,33,2,1,2,Action_480p_30fps_5s
1178,0,all,3,0.9065584540988204,2,3,1,-10,11.649183250274437,0:0,auto,0,410,4,umh,11,0,0,cbr,0,baseline,0.102853194060051,39,0,10,4,37,0,30,0,0,2,Action_480p_30fps_5s
1178,0,all,3,0.9065584540988204,2,3,1,-10,11.649183250274437,0:0,auto,1,410,0,umh,11,0,1,none,1,baseline,0.5123914458022217,39,0,192,2,63,6,40,1,0,1,Action_480p_30fps_5s
1178,0,all,3,0.9065584540988204,2,3,1,-3,11.649183250274437,0:0,auto,1,306,4,umh,11,0,1,cbr,1,baseline,0.5123914458022217,39,0,10,4,37,0,59,0,1,2,Action_480p_30fps_5s
1178,0,all,3,0.8875295029693533,2,3,1,-11,25.41486913021693,0:0,auto,1,410,4,umh,11,1,1,cbr,1,baseline,0.9148497995135092,30,6,88,14,43,4,38,0,1,1,Action_480p_30fps_5s
1178,0,all,3,0.9065584540988204,2,3,1,-10,11.649183250274437,0:0,auto,0,410,4,umh,11,0,0,none,1,high,0.6407411631595799,44,3,22,2,95,1,21,0,0,1,Action_480p_30fps_5s
1178,1,all,1,0.9065584540988204,2,3,0,-11,11.649183250274437,0:0,temporal,1,410,2,umh,11,0,1,cbr,1,baseline,0.5123914458022217,39,5,192,2,19,6,40,1,0,1,Action_480p_30fps_5s
1178,0,all,3,0.9065584540988204,2,3,1,-10,11.649183250274437,0:0,auto,1,410,4,umh,11,0,1,none,0,main,0.5123914458022217,39,0,192,2,19,6,40,1,1,1,Action_480p_30fps_5s
1178,0,all,1,0.9065584540988204,2,3,0,-11,11.649183250274437,0:0,temporal,0,410,4,umh,11,0,0,cbr,1,main,0.965829524139684,22,0,10,4,37,3,30,1,1,0,Action_480p_30fps_5s
1178,0,all,1,0.9065584540988204,1,3,0,-11,11.649183250274437,0:0,auto,1,410,4,umh,11,0,1,cbr,1,baseline,0.8574329461146062,39,8,10,4,16,0,30,0,1,2,Action_480p_30fps_5s
378,1,all,1,0.9844437172708528,0,11,0,8,18.518682570557125,5:-5,spatial,0,440,1,hex,33,0,1,none,1,high,0.6407411631595799,44,3,22,2,95,1,33,2,1,1,Standard_720p_25fps_15s
378,1,p4x4,0,0.9844437172708528,2,11,0,-7,18.518682570557125,5:-5,spatial,0,440,1,hex,33,1,1,none,0,high,0.128052689104238,44,4,155,2,80,11,11,2,0,0,Standard_720p_25fps_15s
378,1,p4x4,1,0.9844437172708528,0,11,0,0,18.518682570557125,5:-5,spatial,0,440,4,hex,33,1,1,none,1,high,0.6407411631595799,44,3,22,2,95,1,21,0,1,1,Standard_720p_25fps_15s
378,1,p4x4,1,0.9844437172708528,2,11,0,8,18.518682570557125,5:-5,spatial,0,440,1,hex,33,1,1,none,1,high,0.6407411631595799,44,3,22,2,95,1,21,2,0,1,Standard_720p_25fps_15s
2120,1,p4x4,1,0.9844437172708528,2,5,0,0,18.518682570557125,5:-5,spatial,0,151,4,dia,53,1,1,none,1,high,0.6407411631595799,44,3,22,2,95,1,21,2,0,1,Standard_720p_25fps_15s
378,1,p8x8,1,0.9844437172708528,1,9,1,-12,18.518682570557125,5:-5,spatial,0,440,4,hex,41,0,1,none,1,high,0.6407411631595799,44,3,22,2,95,1,21,0,1,1,Standard_720p_25fps_15s
2120,1,p4x4,1,0.9844437172708528,2,11,0,0,18.518682570557125,5:-5,spatial,0,151,4,dia,33,1,1,none,0,high,0.6407411631595799,44,4,155,2,80,11,11,2,0,0,Standard_720p_25fps_15s
76,0,p8x8,3,1.997601325586333,1,12,0,8,38.687654164818326,5:-5,spatial,0,440,4,hex,33,1,1,none,1,high,0.6407411631595799,44,3,22,2,95,2,21,0,1,0,Standard_720p_25fps_15s
2295,1,all,3,1.8245416022471044,0,9,1,-12,18.518682570557125,5:-5,spatial,0,440,4,hex,41,0,1,none,1,high,0.6407411631595799,44,3,22,2,95,1,21,0,1,1,Standard_720p_25fps_15s
378,1,all,1,0.9844437172708528,1,9,1,-12,18.518682570557125,5:-5,spatial,1,440,4,hex,41,0,1,none,1,high,0.6407411631595799,44,3,22,14,95,1,1,0,1,1,Standard_720p_25fps_15s
2120,1,p4x4,1,0.7795399755227219,2,11,0,0,18.518682570557125,5:-5,spatial,0,151,4,dia,33,1,1,none,0,high,0.9249616208949212,44,4,155,2,95,1,1,0,1,1,Standard_720p_25fps_15s
378,1,p4x4,1,0.9844437172708528,2,11,0,-3,18.518682570557125,5:-5,spatial,0,440,1,hex,33,0,1,cbr,1,baseline,0.5123914458022217,39,0,10,4,69,0,59,0,1,2,Standard_720p_25fps_15s
378,1,all,1,0.9844437172708528,0,11,1,3,18.518682570557125,5:-5,spatial,0,440,4,dia,33,1,0,none,0,baseline,0.6407411631595799,44,3,22,2,95,1,21,0,1,1,Standard_720p_25fps_15s
63,1,p4x4,1,0.9844437172708528,0,11,0,8,18.518682570557125,5:-5,spatial,0,440,1,hex,33,0,1,none,1,baseline,0.6407411631595799,44,3,22,12,95,1,52,2,1,1,Standard_720p_25fps_15s
1178,0,all,3,0.9065584540988204,1,3,1,-10,11.649183250274437,5:-5,spatial,0,440,4,hex,41,0,1,none,1,high,0.6407411631595799,44,3,18,2,95,1,21,0,1,1,Standard_720p_25fps_15s
378,1,p8x8,1,0.9844437172708528,1,9,1,-12,18.518682570557125,5:-5,spatial,0,440,4,hex,41,0,1,none,1,high,0.6407411631595799,44,17,10,4,37,0,30,0,1,0,Standard_720p_25fps_15s
1112,1,p4x4,1,0.9844437172708528,0,11,0,2,18.518682570557125,5:-5,spatial,0,440,4,hex,33,1,1,none,0,high,0.6407411631595799,44,3,22,2,95,1,21,0,1,1,Standard_720p_25fps_15s
378,1,p8x8,1,0.9844437172708528,1,9,0,-12,18.518682570557125,5:-5,spatial,0,71,4,hex,41,0,1,vbr,1,main,0.6407411631595799,44,3,22,2,95,1,21,0,1,1,Standard_720p_25fps_15s
2120,1,p4x4,1,0.9844437172708528,2,5,0,0,18.518682570557125,5:-5,spatial,0,151,3,dia,53,0,1,none,0,high,0.6407411631595799,44,3,22,2,95,6,21,0,0,1,Standard_720p_25fps_15s
2120,1,p4x4,1,0.9844437172708528,2,5,0,0,18.518682570557125,5:-5,spatial,0,151,4,dia,53,1,1,none,1,high,0.6407411631595799,44,3,22,2,95,1,27,2,1,1,Standard_720p_25fps_15s
378,1,all,1,0.9844437172708528,0,11,0,8,18.518682570557125,5:-5,spatial,0,440,1,hex,33,0,1,none,1,high,0.6407411631595799,44,3,22,2,95,1,33,2,1,1,Standard_720p_25fps_5s
378,1,p4x4,1,0.9844437172708528,0,11,0,0,18.518682570557125,5:-5,spatial,0,440,4,hex,33,1,1,none,1,high,0.6407411631595799,44,3,22,2,95,1,21,0,1,1,Standard_720p_25fps_5s
378,1,p4x4,1,0.9844437172708528,2,11,0,8,18.518682570557125,5:-5,spatial,0,440,1,hex,33,1,1,none,1,high,0.6407411631595799,44,3,22,2,95,1,21,2,0,1,Standard_720p_25fps_5s
378,1,p4x4,0,0.9844437172708528,2,11,0,-7,18.518682570557125,5:-5,spatial,0,440,1,hex,33,1,1,none,0,high,0.128052689104238,44,4,155,2,80,11,11,2,0,0,Standard_720p_25fps_5s
2120,1,p4x4,1,0.9844437172708528,2,5,0,0,18.518682570557125,5:-5,spatial,0,151,4,dia,53,1,1,none,1,high,0.6407411631595799,44,3,22,2,95,1,21,2,0,1,Standard_720p_25fps_5s
378,1,p8x8,1,0.9844437172708528,1,9,1,-12,18.518682570557125,5:-5,spatial,0,440,4,hex,41,0,1,none,1,high,0.6407411631595799,44,3,22,2,95,1,21,0,1,1,Standard_720p_25fps_5s
2120,1,p4x4,1,0.9844437172708528,2,11,0,0,18.518682570557125,5:-5,spatial,0,151,4,dia,33,1,1,none,0,high,0.6407411631595799,44,4,155,2,80,11,11,2,0,0,Standard_720p_25fps_5s
76,0,p8x8,3,1.997601325586333,1,12,0,8,38.687654164818326,5:-5,spatial,0,440,4,hex,33,1,1,none,1,high,0.6407411631595799,44,3,22,2,95,2,21,0,1,0,Standard_720p_25fps_5s
2295,1,all,3,1.8245416022471044,0,9,1,-12,18.518682570557125,5:-5,spatial,0,440,4,hex,41,0,1,none,1,high,0.6407411631595799,44,3,22,2,95,1,21,0,1,1,Standard_720p_25fps_5s
1178,0,all,1,0.9844437172708528,1,9,1,-12,18.518682570557125,5:-5,spatial,0,440,4,hex,41,1,1,none,1,high,0.6407411631595799,44,3,22,9,95,1,21,0,1,2,Standard_720p_25fps_5s
378,1,p4x4,1,0.9844437172708528,2,2,0,8,18.518682570557125,5:-5,spatial,0,440,1,hex,44,1,1,none,1,high,0.6407411631595799,44,3,22,2,95,1,21,2,1,1,Standard_720p_25fps_5s
1346,1,p8x8,1,0.9844437172708528,1,9,0,-12,18.518682570557125,5:-5,spatial,0,440,4,dia,41,0,1,none,1,high,0.6407411631595799,42,3,22,2,95,1,21,2,0,1,Standard_720p_25fps_5s
378,1,p4x4,1,0.9844437172708528,2,11,0,8,18.518682570557125,5:-5,spatial,0,440,1,hex,33,1,1,vbr,1,high,0.6407411631595799,44,3,22,2,95,1,21,1,0,1,Standard_720p_25fps_5s
378,1,p8x8,3,1.997601325586333,1,12,0,8,21.944948587837445,5:-5,spatial,0,440,4,dia,33,1,1,none,1,high,0.6407411631595799,44,17,22,7,95,2,21,0,1,0,Standard_720p_25fps_5s
76,0,p4x4,1,0.9844437172708528,2,11,0,8,18.518682570557125,5:-5,temporal,0,440,1,hex,33,1,1,cbr,1,baseline,0.6407411631595799,44,3,22,2,95,1,21,2,0,1,Standard_720p_25fps_5s
2120,1,p4x4,1,0.9844437172708528,2,5,1,0,18.518682570557125,5:-5,spatial,0,151,4,dia,53,1,1,none,1,baseline,0.5123914458022217,39,0,10,4,37,0,25,0,0,2,Standard_720p_25fps_5s
2295,1,none,0,0.9844437172708528,1,9,1,3,18.518682570557125,5:-5,spatial,0,440,4,dia,41,0,1,none,1,high,0.6407411631595799,44,3,22,2,19,1,21,0,1,1,Standard_720p_25fps_5s
1687,1,p4x4,1,0.9844437172708528,2,5,0,0,18.518682570557125,5:-5,spatial,0,151,4,dia,53,1,1,none,1,main,0.965829524139684,22,0,10,4,37,0,30,0,1,2,Standard_720p_25fps_5s
378,0,p4x4,1,0.9844437172708528,0,11,0,0,18.518682570557125,5:-5,none,0,440,4,hex,33,1,1,none,0,high,0.6407411631595799,44,3,22,2,95,1,21,0,1,1,Standard_720p_25fps_5s
387,1,p4x4,0,0.9844437172708528,2,11,0,-7,18.518682570557125,5:-5,spatial,0,440,1,hex,33,1,1,none,0,main,0.3836774366048915,44,3,22,2,95,1,21,2,0,1,Standard_720p_25fps_5s
1178,0,all,3,0.9065584540988204,2,4,1,-10,11.649183250274437,0:0,auto,0,410,4,umh,11,0,0,cbr,1,baseline,0.5123914458022217,39,0,10,4,37,6,30,0,1,2,Still_image_1080p_30fps_5s
1178,0,all,1,0.9065584540988204,2,3,0,-11,11.649183250274437,0:0,temporal,0,410,4,umh,11,0,0,cbr,1,main,0.965829524139684,22,0,10,4,37,0,30,0,1,2,Still_image_1080p_30fps_5s
1178,0,all,3,0.9065584540988204,2,3,1,-10,11.649183250274437,0:0,auto,1,410,0,umh,11,0,1,none,1,baseline,0.5123914458022217,39,0,192,2,19,6,40,1,0,1,Still_image_1080p_30fps_5s
1178,0,all,3,0.8875295029693533,2,3,1,-11,11.649183250274437,0:0,auto,0,410,4,umh,11,1,1,cbr,1,baseline,0.9148497995135092,46,1,88,14,43,4,38,0,0,0,Still_image_1080p_30fps_5s
1178,0,all,1,0.9065584540988204,2,3,0,-11,11.649183250274437,0:0,temporal,1,410,4,umh,11,0,1,none,1,baseline,0.5123914458022217,39,0,192,2,19,6,40,1,1,1,Still_image_1080p_30fps_5s
1178,0,all,3,0.9065584540988204,2,3,1,-3,11.649183250274437,0:0,auto,0,410,4,umh,11,0,1,cbr,1,baseline,0.5123914458022217,39,0,10,4,37,0,59,0,1,2,Still_image_1080p_30fps_5s
1178,0,all,3,0.9065584540988204,2,3,1,-10,11.649183250274437,0:0,auto,0,410,4,umh,11,1,0,cbr,1,high,0.5123914458022217,39,0,10,4,37,0,30,0,1,2,Still_image_1080p_30fps_5s
1178,0,all,3,0.9065584540988204,2,3,1,-10,11.649183250274437,0:0,auto,0,410,4,umh,11,0,0,cbr,1,baseline,0.5123914458022217,39,0,10,4,37,0,30,0,1,2,Still_image_1080p_30fps_5s
1178,0,all,3,0.9065584540988204,2,3,0,-11,11.649183250274437,0:0,auto,1,410,4,umh,11,0,0,cbr,1,baseline,0.5123914458022217,39,0,10,4,37,0,30,0,1,0,Still_image_1080p_30fps_5s
1178,0,all,3,0.9065584540988204,2,3,0,-11,11.649183250274437,0:0,auto,0,410,4,umh,11,0,0,cbr,1,baseline,0.5123914458022217,39,14,29,2,19,6,40,1,0,1,Still_image_1080p_30fps_5s
811,0,all,3,0.9065584540988204,2,3,0,-10,11.649183250274437,0:0,auto,1,410,0,umh,11,0,1,none,1,main,0.5123914458022217,39,0,10,14,39,0,59,0,1,2,Still_image_1080p_30fps_5s
1178,0,all,3,0.9168939231964818,2,3,1,-10,11.649183250274437,0:0,auto,1,410,4,umh,11,0,1,none,1,main,0.5123914458022217,39,0,192,2,2,6,40,1,0,1,Still_image_1080p_30fps_5s
1178,0,all,2,0.9065584540988204,2,3,1,-10,11.649183250274437,0:0,auto,1,410,4,umh,52,1,0,cbr,0,baseline,0.5123914458022217,39,0,10,4,37,0,30,0,1,2,Still_image_1080p_30fps_5s
378,0,all,3,0.9065584540988204,2,4,1,-10,11.649183250274437,0:0,auto,0,410,4,umh,11,0,1,cbr,1,baseline,0.5123914458022217,39,0,10,13,37,6,30,0,1,2,Still_image_1080p_30fps_5s
2246,0,p8x8,3,0.9065584540988204,2,4,1,-10,11.649183250274437,0:0,auto,0,410,4,umh,11,0,0,none,1,baseline,0.5123914458022217,39,0,10,4,37,4,30,0,1,0,Still_image_1080p_30fps_5s
1178,0,p8x8,3,0.9065584540988204,0,3,0,-11,47.22936631442214,0:0,auto,1,410,4,umh,11,0,0,vbr,1,baseline,0.5123914458022217,39,0,10,4,37,0,30,2,1,2,Still_image_1080p_30fps_5s
1178,0,all,3,0.9065584540988204,2,3,1,-3,37.73186893006564,0:0,auto,0,410,4,umh,11,0,1,cbr,1,high,0.5123914458022217,39,0,10,4,37,0,59,0,1,2,Still_image_1080p_30fps_5s
378,0,all,3,0.9065584540988204,2,3,1,1,11.649183250274437,2:-2,auto,1,410,4,umh,11,1,0,none,1,baseline,0.5123914458022217,39,0,10,4,37,0,59,0,1,2,Still_image_1080p_30fps_5s
1178,0,all,3,0.9065584540988204,2,3,1,-10,11.649183250274437,1:-1,auto,0,410,4,umh,52,1,0,cbr,1,high,0.5123914458022217,39,0,10,4,37,0,30,0,1,2,Still_image_1080p_30fps_5s
1178,0,all,2,0.9065584540988204,2,3,1,-10,11.649183250274437,0:0,auto,1,410,4,umh,52,0,0,cbr,0,baseline,0.11272921792057,39,0,10,4,37,0,30,0,1,2,Still_image_1080p_30fps_5s
1178,0,all,1,0.9065584540988204,2,3,0,-11,11.649183250274437,0:0,temporal,0,410,4,umh,11,0,0,cbr,1,main,0.965829524139684,22,0,10,4,37,0,30,0,1,2,Big_480p_25fps_15s
1178,0,all,3,0.9065584540988204,2,3,1,-10,11.649183250274437,0:0,auto,1,410,0,umh,11,0,1,none,1,baseline,0.5123914458022217,39,0,192,2,19,6,40,1,0,1,Big_480p_25fps_15s
1178,0,all,3,0.9065584540988204,2,4,1,-10,11.649183250274437,0:0,auto,0,410,4,umh,11,0,0,cbr,1,baseline,0.5123914458022217,39,0,10,4,37,6,30,0,1,2,Big_480p_25fps_15s
1178,0,all,3,0.8875295029693533,2,3,1,-11,11.649183250274437,0:0,auto,0,410,4,umh,11,1,1,cbr,1,baseline,0.9148497995135092,46,1,88,14,43,4,38,0,0,0,Big_480p_25fps_15s
1178,0,all,3,0.9065584540988204,2,3,1,-3,11.649183250274437,0:0,auto,0,410,4,umh,11,0,1,cbr,1,baseline,0.5123914458022217,39,0,10,4,37,0,59,0,1,2,Big_480p_25fps_15s
1178,0,all,3,0.9065584540988204,2,3,1,-10,11.649183250274437,0:0,auto,0,410,4,umh,11,1,0,cbr,1,high,0.5123914458022217,39,0,10,4,37,0,30,0,1,2,Big_480p_25fps_15s
1178,0,all,1,0.9065584540988204,2,3,0,-11,11.649183250274437,0:0,temporal,1,410,4,umh,11,0,1,none,1,baseline,0.5123914458022217,39,0,192,2,19,6,40,1,1,1,Big_480p_25fps_15s
1178,0,all,3,0.9065584540988204,2,3,1,-10,11.649183250274437,0:0,auto,0,410,4,umh,11,0,0,cbr,1,baseline,0.5123914458022217,39,0,10,4,37,0,30,0,1,2,Big_480p_25fps_15s
1178,0,all,3,0.9065584540988204,2,3,0,-11,11.649183250274437,0:0,auto,1,410,4,umh,11,0,0,cbr,1,baseline,0.5123914458022217,39,0,10,4,37,0,30,0,1,0,Big_480p_25fps_15s
1178,0,all,3,0.9065584540988204,2,3,0,-11,11.649183250274437,0:0,auto,0,410,4,umh,11,0,0,cbr,1,baseline,0.5123914458022217,39,14,29,2,19,6,40,1,0,1,Big_480p_25fps_15s
378,1,p4x4,0,0.9844437172708528,2,11,0,-7,18.518682570557125,5:-5,spatial,0,412,4,tesa,11,0,0,cbr,1,baseline,0.5123914458022217,39,0,10,4,42,0,30,0,1,0,Big_480p_25fps_15s
1178,0,all,3,0.9065584540988204,2,3,1,-10,11.649183250274437,-2:2,spatial,0,410,4,umh,11,0,1,cbr,1,baseline,0.9148497995135092,46,1,88,14,43,4,38,0,1,0,Big_480p_25fps_15s
1178,0,all,3,0.9065584540988204,2,3,0,-10,48.7463161504801,0:0,auto,0,410,4,umh,48,1,0,cbr,1,high,0.5123914458022217,39,0,10,4,37,0,30,0,1,2,Big_480p_25fps_15s
1178,0,all,3,0.9065584540988204,2,3,1,-11,11.649183250274437,0:0,auto,0,410,4,umh,11,0,0,cbr,1,baseline,0.7031869504231677,39,12,29,2,19,6,57,1,1,1,Big_480p_25fps_15s
1178,0,all,1,0.9065584540988204,2,3,1,-10,11.649183250274437,0:0,auto,1,410,0,umh,11,0,1,none,1,baseline,0.5123914458022217,39,0,192,2,19,6,40,1,0,1,Big_480p_25fps_15s
1178,0,all,3,0.9065584540988204,2,3,1,-10,11.649183250274437,0:0,auto,0,410,4,umh,11,0,0,cbr,1,baseline,0.5123914458022217,39,7,10,4,37,0,30,0,1,2,Big_480p_25fps_15s
1178,0,all,1,0.9065584540988204,2,3,1,-10,11.649183250274437,0:0,auto,0,410,4,umh,11,1,0,cbr,1,high,0.5123914458022217,39,0,10,4,37,0,30,2,0,1,Big_480p_25fps_15s
1178,0,all,0,0.9065584540988204,2,3,1,-10,11.649183250274437,0:0,auto,1,410,4,umh,11,1,0,cbr,1,high,0.5123914458022217,39,0,10,12,37,7,30,0,1,1,Big_480p_25fps_15s
1178,0,all,3,0.4982688530848584,2,3,1,-3,11.649183250274437,0:0,none,0,410,4,umh,11,0,1,cbr,1,baseline,0.5123914458022217,39,0,10,4,37,1,59,0,1,1,Big_480p_25fps_15s
1178,0,all,3,0.9065584540988204,2,3,0,-11,11.649183250274437,0:0,temporal,1,410,4,esa,11,0,1,none,1,baseline,0.5123914458022217,39,0,192,2,19,6,40,1,1,1,Big_480p_25fps_15s
378,1,p4x4,1,0.9844437172708528,0,11,0,0,18.518682570557125,5:-5,spatial,0,440,4,hex,33,1,1,none,1,high,0.6407411631595799,44,3,22,2,95,1,21,0,1,1,Action_720p_25fps_5s
378,1,all,1,0.9844437172708528,0,11,0,8,18.518682570557125,5:-5,spatial,0,440,1,hex,33,0,1,none,1,high,0.6407411631595799,44,3,22,2,95,1,33,2,1,1,Action_720p_25fps_5s
378,1,p8x8,1,0.9844437172708528,1,9,1,-12,18.518682570557125,5:-5,spatial,0,440,4,hex,41,0,1,none,1,high,0.6407411631595799,44,3,22,2,95,1,21,0,1,1,Action_720p_25fps_5s
378,1,p4x4,0,0.9844437172708528,2,11,0,-7,18.518682570557125,5:-5,spatial,0,440,1,hex,33,1,1,none,0,high,0.128052689104238,44,4,155,2,80,11,11,2,0,0,Action_720p_25fps_5s
378,1,p4x4,1,0.9844437172708528,2,11,0,8,18.518682570557125,5:-5,spatial,0,440,1,hex,33,1,1,none,1,high,0.6407411631595799,44,3,22,2,95,1,21,2,0,1,Action_720p_25fps_5s
2120,1,p4x4,1,0.9844437172708528,2,5,0,0,18.518682570557125,5:-5,spatial,0,151,4,dia,53,1,1,none,1,high,0.6407411631595799,44,3,22,2,95,1,21,2,0,1,Action_720p_25fps_5s
2120,1,p4x4,1,0.9844437172708528,2,11,0,0,18.518682570557125,5:-5,spatial,0,151,4,dia,33,1,1,none,0,high,0.6407411631595799,44,4,155,2,80,11,11,2,0,0,Action_720p_25fps_5s
76,0,p8x8,3,1.997601325586333,1,12,0,8,38.687654164818326,5:-5,spatial,0,440,4,hex,33,1,1,none,1,high,0.6407411631595799,44,3,22,2,95,2,21,0,1,0,Action_720p_25fps_5s
2295,1,all,3,1.8245416022471044,0,9,1,-12,18.518682570557125,5:-5,spatial,0,440,4,hex,41,0,1,none,1,high,0.6407411631595799,44,3,22,2,95,1,21,0,1,1,Action_720p_25fps_5s
378,1,all,1,0.9844437172708528,1,9,1,-12,18.518682570557125,5:-5,spatial,1,440,4,hex,41,0,1,none,1,high,0.6407411631595799,44,3,22,14,95,1,1,0,1,1,Action_720p_25fps_5s
378,1,p4x4,1,0.9844437172708528,2,11,0,8,18.518682570557125,5:-5,temporal,0,440,1,hex,33,1,1,none,1,high,0.6407411631595799,45,3,96,2,95,1,51,2,1,2,Action_720p_25fps_5s
378,1,all,1,0.9844437172708528,0,11,0,8,18.518682570557125,5:-5,spatial,0,440,1,hex,33,0,1,none,1,high,0.6407411631595799,44,3,22,9,95,1,21,2,0,1,Action_720p_25fps_5s
76,0,p8x8,3,1.997601325586333,1,12,0,8,3.549807343089503,5:-5,spatial,1,346,4,hex,33,1,1,none,1,high,0.8982027227734009,44,3,22,2,95,2,21,0,1,1,Action_720p_25fps_5s
1721,1,all,1,0.9844437172708528,1,9,1,-12,18.518682570557125,5:-5,spatial,1,440,4,hex,41,0,1,none,1,high,0.6407411631595799,44,6,22,14,95,1,1,0,1,0,Action_720p_25fps_5s
2120,0,p4x4,1,0.9844437172708528,2,5,0,0,18.518682570557125,5:-5,spatial,0,151,4,dia,53,1,1,none,1,high,0.6407411631595799,44,3,22,2,95,1,21,2,0,1,Action_720p_25fps_5s
1178,0,p4x4,3,1.997601325586333,1,12,0,-10,38.687654164818326,5:-5,spatial,0,440,4,hex,33,1,1,none,0,high,0.6407411631595799,44,3,22,2,95,2,21,1,1,0,Action_720p_25fps_5s
76,0,p8x8,3,1.997601325586333,1,12,0,8,32.68922206375812,5:-5,spatial,0,440,4,hex,33,1,0,none,1,high,0.6407411631595799,44,2,22,2,95,2,21,0,1,0,Action_720p_25fps_5s
76,0,"p8x8,b8x8,i8x8,i4x4",2,1.997601325586333,1,12,0,8,38.687654164818326,5:-5,spatial,1,440,4,hex,33,1,1,none,1,high,0.6407411631595799,44,3,22,2,95,2,21,0,1,0,Action_720p_25fps_5s
378,1,p4x4,1,0.1803543598779745,2,11,0,8,18.518682570557125,5:-5,temporal,0,440,1,hex,33,1,1,cbr,1,high,0.6407411631595799,45,3,96,2,36,1,51,2,1,2,Action_720p_25fps_5s
1178,0,p4x4,3,1.997601325586333,1,12,0,-10,38.687654164818326,5:-5,spatial,0,440,4,hex,33,1,1,vbr,0,high,0.6407411631595799,44,3,22,2,95,2,21,1,1,0,Action_720p_25fps_5s
378,1,all,1,0.9844437172708528,0,11,0,8,18.518682570557125,5:-5,spatial,0,440,1,hex,33,0,1,none,1,high,0.6407411631595799,44,3,22,2,95,1,33,2,1,1,Big_480p_25fps_5s
378,1,p4x4,0,0.9844437172708528,2,11,0,-7,18.518682570557125,5:-5,spatial,0,440,1,hex,33,1,1,none,0,high,0.128052689104238,44,4,155,2,80,11,11,2,0,0,Big_480p_25fps_5s
378,1,p4x4,1,0.9844437172708528,0,11,0,0,18.518682570557125,5:-5,spatial,0,440,4,hex,33,1,1,none,1,high,0.6407411631595799,44,3,22,2,95,1,21,0,1,1,Big_480p_25fps_5s
2295,1,all,3,1.8245416022471044,0,9,1,-12,18.518682570557125,5:-5,spatial,0,440,4,hex,41,0,1,none,1,high,0.6407411631595799,44,3,22,2,95,1,21,0,1,1,Big_480p_25fps_5s
2120,1,p4x4,1,0.9844437172708528,2,5,0,0,18.518682570557125,5:-5,spatial,0,151,4,dia,53,1,1,none,1,high,0.6407411631595799,44,3,22,2,95,1,21,2,0,1,Big_480p_25fps_5s
76,0,p8x8,3,1.997601325586333,1,12,0,8,38.687654164818326,5:-5,spatial,0,440,4,hex,33,1,1,none,1,high,0.6407411631595799,44,3,22,2,95,2,21,0,1,0,Big_480p_25fps_5s
378,1,p8x8,1,0.9844437172708528,1,9,1,-12,18.518682570557125,5:-5,spatial,0,440,4,hex,41,0,1,none,1,high,0.6407411631595799,44,3,22,2,95,1,21,0,1,1,Big_480p_25fps_5s
2120,1,p4x4,1,0.9844437172708528,2,11,0,0,18.518682570557125,5:-5,spatial,0,151,4,dia,33,1,1,none,0,high,0.6407411631595799,44,4,155,2,80,11,11,2,0,0,Big_480p_25fps_5s
378,1,p4x4,1,0.9844437172708528,2,11,0,8,18.518682570557125,5:-5,spatial,0,440,1,hex,33,1,1,none,1,high,0.6407411631595799,44,3,22,2,95,1,21,2,0,1,Big_480p_25fps_5s
378,1,all,1,0.9844437172708528,1,9,1,-12,18.518682570557125,5:-5,spatial,1,440,4,hex,41,0,1,none,1,high,0.6407411631595799,44,3,22,14,95,1,1,0,1,1,Big_480p_25fps_5s
1178,0,all,1,0.9844437172708528,0,11,0,-4,18.518682570557125,2:-2,spatial,0,440,1,tesa,31,0,1,none,1,high,0.6407411631595799,44,10,22,2,95,1,26,2,1,1,Big_480p_25fps_5s
2120,1,p4x4,1,0.9844437172708528,2,11,0,0,18.518682570557125,5:-5,spatial,0,151,4,dia,33,1,0,none,1,high,0.6407411631595799,22,3,22,2,95,2,21,0,1,0,Big_480p_25fps_5s
378,1,all,1,0.9844437172708528,1,9,0,-12,18.518682570557125,5:-5,spatial,1,440,4,umh,41,0,1,none,1,high,0.6407411631595799,44,3,22,2,95,1,21,0,1,1,Big_480p_25fps_5s
378,1,p4x4,1,0.9844437172708528,0,11,1,0,18.518682570557125,5:-5,spatial,0,440,4,hex,33,1,1,none,1,high,0.6407411631595799,44,3,22,14,95,1,1,1,1,1,Big_480p_25fps_5s
1178,0,all,1,0.9844437172708528,1,9,1,-12,4.983576881606389,5:-5,spatial,1,489,4,hex,41,0,1,none,1,high,0.6407411631595799,43,3,22,14,95,1,1,1,1,1,Big_480p_25fps_5s
846,1,"p8x8,b8x8,i8x8,i4x4",0,0.9844437172708528,2,11,0,-7,18.518682570557125,5:-5,spatial,0,151,4,dia,53,1,1,none,1,high,0.6407411631595799,44,3,22,2,95,1,21,0,0,1,Big_480p_25fps_5s
2120,1,p4x4,1,0.9844437172708528,2,5,1,0,18.518682570557125,5:-5,spatial,0,151,4,dia,53,1,1,none,1,high,0.6407411631595799,39,0,10,4,37,6,30,0,1,2,Big_480p_25fps_5s
61,1,all,1,0.9844437172708528,0,11,0,8,18.518682570557125,5:-5,spatial,0,440,1,hex,33,0,1,none,1,high,0.6407411631595799,44,3,22,2,73,0,33,2,1,1,Big_480p_25fps_5s
2120,1,p4x4,1,0.9844437172708528,2,11,0,-12,18.518682570557125,-5:5,auto,0,440,4,hex,41,0,1,none,1,high,0.6407411631595799,44,3,22,2,95,1,21,0,0,1,Big_480p_25fps_5s
378,1,p4x4,1,0.9844437172708528,0,11,0,0,18.518682570557125,5:-5,none,0,440,4,hex,33,1,0,none,0,high,0.6407411631595799,44,3,22,2,95,1,21,0,1,0,Big_480p_25fps_5s
1178,0,all,1,0.9065584540988204,2,3,0,-11,11.649183250274437,0:0,temporal,0,410,4,umh,11,0,0,cbr,1,main,0.965829524139684,22,0,10,4,37,0,30,0,1,2,Action_720p_60fps_10s
1178,0,all,3,0.9065584540988204,2,3,1,-10,11.649183250274437,0:0,auto,1,410,0,umh,11,0,1,none,1,baseline,0.5123914458022217,39,0,192,2,19,6,40,1,0,1,Action_720p_60fps_10s
1178,0,all,3,0.9065584540988204,2,4,1,-10,11.649183250274437,0:0,auto,0,410,4,umh,11,0,0,cbr,1,baseline,0.5123914458022217,39,0,10,4,37,6,30,0,1,2,Action_720p_60fps_10s
1178,0,all,3,0.8875295029693533,2,3,1,-11,11.649183250274437,0:0,auto,0,410,4,umh,11,1,1,cbr,1,baseline,0.9148497995135092,46,1,88,14,43,4,38,0,0,0,Action_720p_60fps_10s
1178,0,all,3,0.9065584540988204,2,3,1,-10,11.649183250274437,0:0,auto,0,410,4,umh,11,1,0,cbr,1,high,0.5123914458022217,39,0,10,4,37,0,30,0,1,2,Action_720p_60fps_10s
1178,0,all,3,0.9065584540988204,2,3,1,-3,11.649183250274437,0:0,auto,0,410,4,umh,11,0,1,cbr,1,baseline,0.5123914458022217,39,0,10,4,37,0,59,0,1,2,Action_720p_60fps_10s
1178,0,all,1,0.9065584540988204,2,3,0,-11,11.649183250274437,0:0,temporal,1,410,4,umh,11,0,1,none,1,baseline,0.5123914458022217,39,0,192,2,19,6,40,1,1,1,Action_720p_60fps_10s
1178,0,all,3,0.9065584540988204,2,3,1,-10,11.649183250274437,0:0,auto,0,410,4,umh,11,0,0,cbr,1,baseline,0.5123914458022217,39,0,10,4,37,0,30,0,1,2,Action_720p_60fps_10s
1178,0,all,3,0.9065584540988204,2,3,0,-11,11.649183250274437,0:0,auto,1,410,4,umh,11,0,0,cbr,1,baseline,0.5123914458022217,39,0,10,4,37,0,30,0,1,0,Action_720p_60fps_10s
1178,0,all,3,0.9065584540988204,2,3,0,-11,11.649183250274437,0:0,auto,0,410,4,umh,11,0,0,cbr,1,baseline,0.5123914458022217,39,14,29,2,19,6,40,1,0,1,Action_720p_60fps_10s
1178,0,all,3,0.9065584540988204,2,4,1,-10,11.649183250274437,0:0,auto,0,410,4,umh,11,0,1,cbr,1,baseline,0.5123914458022217,39,0,192,2,19,6,40,1,1,1,Action_720p_60fps_10s
1178,0,all,1,0.9065584540988204,2,3,0,-11,11.67081424655465,0:0,auto,1,279,4,umh,11,0,0,cbr,1,baseline,0.5123914458022217,38,0,10,4,37,0,30,0,1,0,Action_720p_60fps_10s
1178,0,all,1,0.9065584540988204,2,3,0,-11,11.649183250274437,0:0,temporal,0,410,4,umh,11,0,1,none,1,baseline,0.5123914458022217,39,0,10,4,37,0,30,2,1,2,Action_720p_60fps_10s
1178,0,all,3,0.589881727585128,2,3,1,-9,11.649183250274437,0:0,auto,0,8,4,umh,11,0,0,cbr,0,baseline,0.5123914458022217,39,0,192,2,19,6,44,2,1,0,Action_720p_60fps_10s
1178,0,all,3,0.8875295029693533,2,3,1,4,11.649183250274437,0:0,auto,0,410,4,umh,34,1,1,cbr,1,baseline,0.5697719397806643,46,1,88,14,43,1,53,0,1,1,Action_720p_60fps_10s
1178,0,all,3,0.9065584540988204,2,3,0,-11,11.649183250274437,0:0,temporal,0,410,4,umh,11,0,0,cbr,0,main,0.965829524139684,22,0,10,4,37,0,40,1,1,1,Action_720p_60fps_10s
1178,0,all,1,0.3662981685102694,2,8,0,-11,11.649183250274437,0:0,temporal,1,410,4,umh,11,0,1,none,1,baseline,0.5123914458022217,39,0,192,2,24,6,13,0,1,2,Action_720p_60fps_10s
1178,0,all,3,0.9065584540988204,2,3,1,-10,11.649183250274437,0:0,auto,1,410,4,umh,11,0,0,cbr,1,main,0.965829524139684,22,0,10,4,37,0,30,0,1,2,Action_720p_60fps_10s
1178,0,p8x8,1,0.9065584540988204,2,4,1,-10,11.649183250274437,0:0,auto,0,410,4,umh,11,0,0,cbr,1,baseline,0.5123914458022217,37,0,10,8,37,6,30,0,1,2,Action_720p_60fps_10s
1178,0,all,3,0.9065584540988204,2,3,1,-3,11.649183250274437,0:0,auto,0,410,4,umh,11,1,0,cbr,1,high,0.5123914458022217,39,0,10,4,37,0,30,0,1,1,Action_720p_60fps_10s
378,1,all,1,0.9844437172708528,0,11,0,8,18.518682570557125,5:-5,spatial,0,440,1,hex,33,0,1,none,1,high,0.6407411631595799,44,3,22,2,95,1,33,2,1,1,Standard_480p_60fps_10s
378,1,p4x4,1,0.9844437172708528,2,11,0,8,18.518682570557125,5:-5,spatial,0,440,1,hex,33,1,1,none,1,high,0.6407411631595799,44,3,22,2,95,1,21,2,0,1,Standard_480p_60fps_10s
378,1,p4x4,1,0.9844437172708528,0,11,0,0,18.518682570557125,5:-5,spatial,0,440,4,hex,33,1,1,none,1,high,0.6407411631595799,44,3,22,2,95,1,21,0,1,1,Standard_480p_60fps_10s
378,1,p4x4,0,0.9844437172708528,2,11,0,-7,18.518682570557125,5:-5,spatial,0,440,1,hex,33,1,1,none,0,high,0.128052689104238,44,4,155,2,80,11,11,2,0,0,Standard_480p_60fps_10s
2120,1,p4x4,1,0.9844437172708528,2,5,0,0,18.518682570557125,5:-5,spatial,0,151,4,dia,53,1,1,none,1,high,0.6407411631595799,44,3,22,2,95,1,21,2,0,1,Standard_480p_60fps_10s
76,0,p8x8,3,1.997601325586333,1,12,0,8,38.687654164818326,5:-5,spatial,0,440,4,hex,33,1,1,none,1,high,0.6407411631595799,44,3,22,2,95,2,21,0,1,0,Standard_480p_60fps_10s
2120,1,p4x4,1,0.9844437172708528,2,11,0,0,18.518682570557125,5:-5,spatial,0,151,4,dia,33,1,1,none,0,high,0.6407411631595799,44,4,155,2,80,11,11,2,0,0,Standard_480p_60fps_10s
2295,1,all,3,1.8245416022471044,0,9,1,-12,18.518682570557125,5:-5,spatial,0,440,4,hex,41,0,1,none,1,high,0.6407411631595799,44,3,22,2,95,1,21,0,1,1,Standard_480p_60fps_10s
378,1,p8x8,1,0.9844437172708528,1,9,1,-12,18.518682570557125,5:-5,spatial,0,440,4,hex,41,0,1,none,1,high,0.6407411631595799,44,3,22,2,95,1,21,0,1,1,Standard_480p_60fps_10s
378,1,all,1,0.9844437172708528,1,9,1,-12,18.518682570557125,5:-5,spatial,1,440,4,hex,41,0,1,none,1,high,0.6407411631595799,44,3,22,14,95,1,1,0,1,1,Standard_480p_60fps_10s
2120,1,p4x4,1,0.9844437172708528,2,5,0,0,18.518682570557125,5:-5,spatial,0,151,4,dia,53,1,1,none,1,high,0.6407411631595799,26,10,20,2,95,8,58,2,0,1,Standard_480p_60fps_10s
2120,1,p4x4,1,0.9844437172708528,2,15,0,0,18.518682570557125,5:-5,spatial,0,151,4,dia,53,1,0,vbr,1,high,0.6407411631595799,44,3,22,12,95,1,21,2,0,1,Standard_480p_60fps_10s
378,1,p8x8,1,0.9844437172708528,1,9,1,-12,18.518682570557125,5:-5,spatial,0,440,4,hex,41,0,1,none,1,high,0.6407411631595799,46,3,22,2,95,1,21,0,0,1,Standard_480p_60fps_10s
378,1,p4x4,1,0.9844437172708528,0,11,0,0,18.518682570557125,5:-5,spatial,0,77,4,hex,33,1,1,vbr,0,high,0.6407411631595799,44,3,22,2,95,1,21,0,1,1,Standard_480p_60fps_10s
378,1,p4x4,1,0.9844437172708528,0,11,0,0,18.518682570557125,5:-5,spatial,0,359,4,dia,33,1,0,none,0,high,0.6407411631595799,44,4,155,2,80,11,11,2,0,0,Standard_480p_60fps_10s
2120,1,p8x8,1,0.9844437172708528,2,11,0,0,18.518682570557125,-2:2,spatial,0,440,4,hex,33,1,1,vbr,1,high,0.6407411631595799,44,13,22,2,95,0,21,0,1,1,Standard_480p_60fps_10s
1178,0,all,1,0.9844437172708528,1,11,0,8,18.518682570557125,5:-5,spatial,0,440,1,hex,33,0,1,cbr,1,high,0.6407411631595799,44,3,22,2,95,1,33,2,1,2,Standard_480p_60fps_10s
76,0,p8x8,3,1.997601325586333,1,11,0,8,18.518682570557125,5:-5,spatial,0,440,1,hex,51,0,1,none,1,high,0.6407411631595799,44,3,22,2,95,1,33,0,1,1,Standard_480p_60fps_10s
378,1,all,1,0.9844437172708528,1,12,0,8,38.687654164818326,1:1,spatial,0,440,0,hex,33,1,1,none,1,high,0.6407411631595799,44,3,22,2,95,2,9,0,1,0,Standard_480p_60fps_10s
378,1,p4x4,1,0.9844437172708528,0,3,0,0,18.518682570557125,5:-5,spatial,0,440,4,hex,33,1,1,none,1,high,0.6407411631595799,44,3,81,2,95,7,21,0,1,0,Standard_480p_60fps_10s
1178,0,all,1,0.9065584540988204,2,3,0,-11,11.649183250274437,0:0,temporal,0,410,4,umh,11,0,0,cbr,1,main,0.965829524139684,22,0,10,4,37,0,30,0,1,2,Standard_720p_60fps_20s
1178,0,all,3,0.9065584540988204,2,3,1,-10,11.649183250274437,0:0,auto,1,410,0,umh,11,0,1,none,1,baseline,0.5123914458022217,39,0,192,2,19,6,40,1,0,1,Standard_720p_60fps_20s
1178,0,all,3,0.9065584540988204,2,4,1,-10,11.649183250274437,0:0,auto,0,410,4,umh,11,0,0,cbr,1,baseline,0.5123914458022217,39,0,10,4,37,6,30,0,1,2,Standard_720p_60fps_20s
1178,0,all,3,0.9065584540988204,2,3,1,-10,11.649183250274437,0:0,auto,0,410,4,umh,11,1,0,cbr,1,high,0.5123914458022217,39,0,10,4,37,0,30,0,1,2,Standard_720p_60fps_20s
1178,0,all,3,0.9065584540988204,2,3,1,-3,11.649183250274437,0:0,auto,0,410,4,umh,11,0,1,cbr,1,baseline,0.5123914458022217,39,0,10,4,37,0,59,0,1,2,Standard_720p_60fps_20s
1178,0,all,3,0.8875295029693533,2,3,1,-11,11.649183250274437,0:0,auto,0,410,4,umh,11,1,1,cbr,1,baseline,0.9148497995135092,46,1,88,14,43,4,38,0,0,0,Standard_720p_60fps_20s
1178,0,all,3,0.9065584540988204,2,3,1,-10,11.649183250274437,0:0,auto,0,410,4,umh,11,0,0,cbr,1,baseline,0.5123914458022217,39,0,10,4,37,0,30,0,1,2,Standard_720p_60fps_20s
1178,0,all,3,0.9065584540988204,2,3,0,-11,11.649183250274437,0:0,auto,1,410,4,umh,11,0,0,cbr,1,baseline,0.5123914458022217,39,0,10,4,37,0,30,0,1,0,Standard_720p_60fps_20s
1178,0,all,1,0.9065584540988204,2,3,0,-11,11.649183250274437,0:0,temporal,1,410,4,umh,11,0,1,none,1,baseline,0.5123914458022217,39,0,192,2,19,6,40,1,1,1,Standard_720p_60fps_20s
1178,0,all,3,0.9065584540988204,2,3,0,-11,11.649183250274437,0:0,auto,0,410,4,umh,11,0,0,cbr,1,baseline,0.5123914458022217,39,14,29,2,19,6,40,1,0,1,Standard_720p_60fps_20s
1178,0,all,3,0.9065584540988204,2,3,1,-10,11.649183250274437,0:0,auto,1,410,0,umh,11,0,1,none,1,baseline,0.9854636481373994,39,1,10,4,37,0,30,0,1,2,Standard_720p_60fps_20s
1178,0,all,3,0.9065584540988204,2,3,1,-10,11.649183250274437,0:0,auto,1,410,1,umh,11,0,1,none,1,baseline,0.5123914458022217,46,0,95,2,95,2,21,0,0,0,Standard_720p_60fps_20s
1178,0,all,0,0.9065584540988204,2,3,1,-10,11.649183250274437,0:0,auto,0,410,4,umh,11,0,0,cbr,1,baseline,0.5123914458022217,39,6,10,4,37,7,30,0,1,2,Standard_720p_60fps_20s
1178,0,all,3,0.9065584540988204,2,3,1,-10,11.649183250274437,0:0,auto,0,81,1,umh,11,0,0,cbr,1,baseline,0.5123914458022217,39,0,10,4,37,0,30,0,0,2,Standard_720p_60fps_20s
535,1,all,3,0.9065584540988204,2,3,1,12,11.649183250274437,1:1,auto,0,410,4,umh,11,1,0,cbr,1,baseline,0.5123914458022217,39,0,10,4,37,0,30,0,1,2,Standard_720p_60fps_20s
1178,0,all,3,0.9065584540988204,2,3,0,5,11.649183250274437,0:0,auto,1,410,4,umh,11,0,0,cbr,1,high,0.5123914458022217,39,0,10,4,37,0,30,1,1,2,Standard_720p_60fps_20s
1178,0,all,3,0.9065584540988204,2,4,1,-10,11.649183250274437,0:0,auto,0,410,4,umh,15,0,0,cbr,1,baseline,0.5123914458022217,39,0,10,4,37,6,30,0,0,1,Standard_720p_60fps_20s
1587,0,"p8x8,b8x8,i8x8,i4x4",3,0.9065584540988204,1,4,1,-10,11.649183250274437,0:0,auto,0,410,4,umh,11,0,0,cbr,1,baseline,0.5123914458022217,39,0,10,12,37,6,30,0,1,2,Standard_720p_60fps_20s
1178,0,all,3,0.9065584540988204,2,4,1,-10,11.649183250274437,0:0,auto,0,410,0,umh,11,0,0,cbr,1,baseline,0.5123914458022217,39,0,10,4,37,6,30,0,1,0,Standard_720p_60fps_20s
378,1,p8x8,3,0.9065584540988204,2,3,1,-10,11.649183250274437,0:0,auto,0,410,4,umh,38,0,0,cbr,1,high,0.5123914458022217,39,0,10,4,37,0,30,0,1,2,Standard_720p_60fps_20s
76,0,p8x8,3,1.997601325586333,1,12,0,8,38.687654164818326,5:-5,spatial,0,440,4,hex,33,1,1,none,1,high,0.6407411631595799,44,3,22,2,95,2,21,0,1,0,Still_image_480p_30fps_15s
378,1,p4x4,0,0.9844437172708528,2,11,0,-7,18.518682570557125,5:-5,spatial,0,440,1,hex,33,1,1,none,0,high,0.128052689104238,44,4,155,2,80,11,11,2,0,0,Still_image_480p_30fps_15s
378,1,p4x4,1,0.9844437172708528,2,11,0,8,18.518682570557125,5:-5,spatial,0,440,1,hex,33,1,1,none,1,high,0.6407411631595799,44,3,22,2,95,1,21,2,0,1,Still_image_480p_30fps_15s
378,1,all,1,0.9844437172708528,0,11,0,8,18.518682570557125,5:-5,spatial,0,440,1,hex,33,0,1,none,1,high,0.6407411631595799,44,3,22,2,95,1,33,2,1,1,Still_image_480p_30fps_15s
378,1,p4x4,1,0.9844437172708528,0,11,0,0,18.518682570557125,5:-5,spatial,0,440,4,hex,33,1,1,none,1,high,0.6407411631595799,44,3,22,2,95,1,21,0,1,1,Still_image_480p_30fps_15s
2120,1,p4x4,1,0.9844437172708528,2,11,0,0,18.518682570557125,5:-5,spatial,0,151,4,dia,33,1,1,none,0,high,0.6407411631595799,44,4,155,2,80,11,11,2,0,0,Still_image_480p_30fps_15s
378,1,p8x8,1,0.9844437172708528,1,9,1,-12,18.518682570557125,5:-5,spatial,0,440,4,hex,41,0,1,none,1,high,0.6407411631595799,44,3,22,2,95,1,21,0,1,1,Still_image_480p_30fps_15s
2295,1,all,3,1.8245416022471044,0,9,1,-12,18.518682570557125,5:-5,spatial,0,440,4,hex,41,0,1,none,1,high,0.6407411631595799,44,3,22,2,95,1,21,0,1,1,Still_image_480p_30fps_15s
2120,1,p4x4,1,0.9844437172708528,2,5,0,0,18.518682570557125,5:-5,spatial,0,151,4,dia,53,1,1,none,1,high,0.6407411631595799,44,3,22,2,95,1,21,2,0,1,Still_image_480p_30fps_15s
378,1,all,1,0.9844437172708528,1,9,1,-12,18.518682570557125,5:-5,spatial,1,440,4,hex,41,0,1,none,1,high,0.6407411631595799,44,3,22,14,95,1,1,0,1,1,Still_image_480p_30fps_15s
1409,1,p4x4,1,0.9844437172708528,2,11,0,0,18.518682570557125,5:-5,spatial,0,321,4,hex,33,1,1,cbr,1,high,0.6407411631595799,44,4,155,2,80,9,11,2,0,0,Still_image_480p_30fps_15s
378,0,p4x4,0,0.9844437172708528,2,11,0,-7,18.518682570557125,5:-5,spatial,0,440,1,hex,33,1,1,none,0,high,0.128052689104238,44,4,22,2,95,1,21,0,1,1,Still_image_480p_30fps_15s
378,1,all,1,0.9844437172708528,0,11,0,8,18.518682570557125,5:-5,none,0,440,1,esa,57,0,1,cbr,1,high,0.6407411631595799,25,3,22,2,95,1,21,0,1,1,Still_image_480p_30fps_15s
2295,1,all,3,1.8245416022471044,0,9,0,-12,18.518682570557125,5:-5,spatial,0,440,4,hex,41,0,1,none,1,high,0.6407411631595799,44,13,22,2,95,1,33,2,1,1,Still_image_480p_30fps_15s
2120,1,none,1,0.9844437172708528,1,11,0,0,18.518682570557125,5:-5,spatial,0,440,4,hex,33,1,1,none,1,high,0.2339528584802118,44,3,22,2,95,1,21,0,1,0,Still_image_480p_30fps_15s
378,1,p4x4,1,0.9844437172708528,2,11,0,8,18.518682570557125,5:-5,spatial,0,440,1,hex,57,1,1,none,1,main,0.6407411631595799,44,3,22,2,95,8,21,0,1,1,Still_image_480p_30fps_15s
378,1,p8x8,1,0.7589185796306588,1,9,1,-12,36.49226521088242,5:-5,spatial,0,440,4,hex,41,0,1,none,1,high,0.6407411631595799,44,3,22,2,95,1,21,2,0,1,Still_image_480p_30fps_15s
378,1,p4x4,1,0.9844437172708528,0,11,0,8,18.518682570557125,5:-5,spatial,0,440,1,hex,33,1,0,vbr,1,baseline,0.5123914458022217,39,0,194,4,37,6,30,2,1,2,Still_image_480p_30fps_15s
378,1,p4x4,1,0.9844437172708528,0,11,0,0,18.518682570557125,5:-5,spatial,0,440,4,hex,41,0,1,none,1,high,0.6407411631595799,44,10,89,14,95,1,36,0,1,1,Still_image_480p_30fps_15s
2120,1,p4x4,1,0.9844437172708528,2,13,0,0,18.518682570557125,5:-5,spatial,0,151,2,dia,33,1,1,none,1,high,0.6407411631595799,44,3,60,2,95,1,21,1,0,1,Still_image_480p_30fps_15s
378,1,p4x4,0,0.9844437172708528,2,11,0,-7,18.518682570557125,5:-5,spatial,0,440,1,hex,33,1,1,none,0,high,0.128052689104238,44,4,155,2,80,11,11,2,0,0,Action_1080p_60fps_15s
2120,1,p4x4,1,0.9844437172708528,2,5,0,0,18.518682570557125,5:-5,spatial,0,151,4,dia,53,1,1,none,1,high,0.6407411631595799,44,3,22,2,95,1,21,2,0,1,Action_1080p_60fps_15s
378,1,all,1,0.9844437172708528,0,11,0,8,18.518682570557125,5:-5,spatial,0,440,1,hex,33,0,1,none,1,high,0.6407411631595799,44,3,22,2,95,1,33,2,1,1,Action_1080p_60fps_15s
76,0,p8x8,3,1.997601325586333,1,12,0,8,38.687654164818326,5:-5,spatial,0,440,4,hex,33,1,1,none,1,high,0.6407411631595799,44,3,22,2,95,2,21,0,1,0,Action_1080p_60fps_15s
2120,1,p4x4,1,0.9844437172708528,2,11,0,0,18.518682570557125,5:-5,spatial,0,151,4,dia,33,1,1,none,0,high,0.6407411631595799,44,4,155,2,80,11,11,2,0,0,Action_1080p_60fps_15s
378,1,p4x4,1,0.9844437172708528,0,11,0,0,18.518682570557125,5:-5,spatial,0,440,4,hex,33,1,1,none,1,high,0.6407411631595799,44,3,22,2,95,1,21,0,1,1,Action_1080p_60fps_15s
378,1,p8x8,1,0.9844437172708528,1,9,1,-12,18.518682570557125,5:-5,spatial,0,440,4,hex,41,0,1,none,1,high,0.6407411631595799,44,3,22,2,95,1,21,0,1,1,Action_1080p_60fps_15s
2295,1,all,3,1.8245416022471044,0,9,1,-12,18.518682570557125,5:-5,spatial,0,440,4,hex,41,0,1,none,1,high,0.6407411631595799,44,3,22,2,95,1,21,0,1,1,Action_1080p_60fps_15s
378,1,p4x4,1,0.9844437172708528,2,11,0,8,18.518682570557125,5:-5,spatial,0,440,1,hex,33,1,1,none,1,high,0.6407411631595799,44,3,22,2,95,1,21,2,0,1,Action_1080p_60fps_15s
378,1,all,1,0.9844437172708528,1,9,1,-12,18.518682570557125,5:-5,spatial,1,440,4,hex,41,0,1,none,1,high,0.6407411631595799,44,3,22,14,95,1,1,0,1,1,Action_1080p_60fps_15s
378,1,p4x4,1,0.9844437172708528,2,11,0,0,18.518682570557125,1:1,spatial,0,440,1,hex,33,1,1,none,1,high,0.6407411631595799,44,3,22,2,95,1,21,2,0,1,Action_1080p_60fps_15s
378,1,p4x4,1,0.9844437172708528,2,11,0,8,18.518682570557125,5:-5,spatial,0,440,1,hex,33,1,1,none,1,high,0.6407411631595799,38,3,22,2,95,5,47,0,1,1,Action_1080p_60fps_15s
378,1,all,1,0.5045757536037122,0,11,0,8,18.518682570557125,5:-5,spatial,0,440,1,hex,33,0,1,vbr,1,main,0.6407411631595799,40,3,22,2,95,1,33,2,1,1,Action_1080p_60fps_15s
378,1,p4x4,1,0.9844437172708528,2,15,0,-9,18.518682570557125,5:-5,spatial,0,440,1,hex,33,1,1,none,1,baseline,0.6407411631595799,44,3,22,7,95,1,21,2,0,1,Action_1080p_60fps_15s
1944,1,p4x4,1,0.9844437172708528,1,9,1,-12,18.518682570557125,5:-5,spatial,1,440,1,hex,41,0,1,none,1,high,0.6407411631595799,44,3,22,14,95,1,1,2,1,1,Action_1080p_60fps_15s
378,0,all,1,0.9844437172708528,2,11,0,8,18.518682570557125,5:-5,spatial,0,440,1,umh,33,1,1,none,1,high,0.6407411631595799,44,3,22,6,95,1,21,2,0,1,Action_1080p_60fps_15s
2233,0,p8x8,3,1.997601325586333,1,12,0,8,4.431551813688233,5:-5,spatial,1,440,4,hex,33,1,1,none,1,high,0.5553417537078351,44,3,22,13,95,2,21,0,1,0,Action_1080p_60fps_15s
378,1,p4x4,1,0.9844437172708528,1,9,1,-12,18.518682570557125,5:-5,spatial,0,440,4,hex,41,0,1,none,1,high,0.6407411631595799,44,13,22,2,95,1,21,0,1,1,Action_1080p_60fps_15s
378,1,p4x4,1,0.9844437172708528,0,11,0,0,18.518682570557125,5:-5,spatial,0,440,4,hex,4,1,0,none,1,high,0.6407411631595799,33,3,22,2,95,1,21,0,1,1,Action_1080p_60fps_15s
378,0,all,1,0.9844437172708528,0,11,0,-12,18.518682570557125,5:-5,spatial,1,440,4,hex,41,0,1,none,1,high,0.6407411631595799,44,3,22,10,95,1,1,0,1,1,Action_1080p_60fps_15s
1178,0,all,3,0.9065584540988204,2,3,1,-10,11.649183250274437,0:0,auto,1,410,0,umh,11,0,1,none,1,baseline,0.5123914458022217,39,0,192,2,19,6,40,1,0,1,Still_image_480p_60fps_5s
1178,0,all,3,0.9065584540988204,2,4,1,-10,11.649183250274437,0:0,auto,0,410,4,umh,11,0,0,cbr,1,baseline,0.5123914458022217,39,0,10,4,37,6,30,0,1,2,Still_image_480p_60fps_5s
1178,0,all,1,0.9065584540988204,2,3,0,-11,11.649183250274437,0:0,temporal,0,410,4,umh,11,0,0,cbr,1,main,0.965829524139684,22,0,10,4,37,0,30,0,1,2,Still_image_480p_60fps_5s
1178,0,all,3,0.9065584540988204,2,3,0,-11,11.649183250274437,0:0,auto,1,410,4,umh,11,0,0,cbr,1,baseline,0.5123914458022217,39,0,10,4,37,0,30,0,1,0,Still_image_480p_60fps_5s
1178,0,all,3,0.9065584540988204,2,3,1,-10,11.649183250274437,0:0,auto,0,410,4,umh,11,0,0,cbr,1,baseline,0.5123914458022217,39,0,10,4,37,0,30,0,1,2,Still_image_480p_60fps_5s
1178,0,all,3,0.9065584540988204,2,3,1,-10,11.649183250274437,0:0,auto,0,410,4,umh,11,1,0,cbr,1,high,0.5123914458022217,39,0,10,4,37,0,30,0,1,2,Still_image_480p_60fps_5s
1178,0,all,3,0.9065584540988204,2,3,1,-3,11.649183250274437,0:0,auto,0,410,4,umh,11,0,1,cbr,1,baseline,0.5123914458022217,39,0,10,4,37,0,59,0,1,2,Still_image_480p_60fps_5s
1178,0,all,1,0.9065584540988204,2,3,0,-11,11.649183250274437,0:0,temporal,1,410,4,umh,11,0,1,none,1,baseline,0.5123914458022217,39,0,192,2,19,6,40,1,1,1,Still_image_480p_60fps_5s
1178,0,all,3,0.8875295029693533,2,3,1,-11,11.649183250274437,0:0,auto,0,410,4,umh,11,1,1,cbr,1,baseline,0.9148497995135092,46,1,88,14,43,4,38,0,0,0,Still_image_480p_60fps_5s
1178,0,all,3,0.9065584540988204,2,3,0,-11,11.649183250274437,0:0,auto,0,410,4,umh,11,0,0,cbr,1,baseline,0.5123914458022217,39,14,29,2,19,6,40,1,0,1,Still_image_480p_60fps_5s
378,1,all,1,0.9844437172708528,0,11,0,8,18.518682570557125,5:-5,spatial,0,440,1,hex,33,0,1,none,1,high,0.6407411631595799,44,3,22,2,95,1,33,2,1,1,Still_image_480p_60fps_5s
378,1,p4x4,1,0.9844437172708528,0,11,0,0,18.518682570557125,5:-5,spatial,0,440,4,hex,33,1,1,none,1,high,0.6407411631595799,44,3,22,2,95,1,21,0,1,1,Still_image_480p_60fps_5s
378,1,p4x4,1,0.9844437172708528,2,11,0,8,18.518682570557125,5:-5,spatial,0,440,1,hex,33,1,1,none,1,high,0.6407411631595799,44,3,22,2,95,1,21,2,0,1,Still_image_480p_60fps_5s
378,1,p4x4,0,0.9844437172708528,2,11,0,-7,18.518682570557125,5:-5,spatial,0,440,1,hex,33,1,1,none,0,high,0.128052689104238,44,4,155,2,80,11,11,2,0,0,Still_image_480p_60fps_5s
2120,1,p4x4,1,0.9844437172708528,2,5,0,0,18.518682570557125,5:-5,spatial,0,151,4,dia,53,1,1,none,1,high,0.6407411631595799,44,3,22,2,95,1,21,2,0,1,Still_image_480p_60fps_5s
378,1,p8x8,1,0.9844437172708528,1,9,1,-12,18.518682570557125,5:-5,spatial,0,440,4,hex,41,0,1,none,1,high,0.6407411631595799,44,3,22,2,95,1,21,0,1,1,Still_image_480p_60fps_5s
2120,1,p4x4,1,0.9844437172708528,2,11,0,0,18.518682570557125,5:-5,spatial,0,151,4,dia,33,1,1,none,0,high,0.6407411631595799,44,4,155,2,80,11,11,2,0,0,Still_image_480p_60fps_5s
76,0,p8x8,3,1.997601325586333,1,12,0,8,38.687654164818326,5:-5,spatial,0,440,4,hex,33,1,1,none,1,high,0.6407411631595799,44,3,22,2,95,2,21,0,1,0,Still_image_480p_60fps_5s
2295,1,all,3,1.8245416022471044,0,9,1,-12,18.518682570557125,5:-5,spatial,0,440,4,hex,41,0,1,none,1,high,0.6407411631595799,44,3,22,2,95,1,21,0,1,1,Still_image_480p_60fps_5s
1178,0,all,1,0.9844437172708528,1,9,1,-12,18.518682570557125,5:-5,spatial,0,440,4,hex,41,1,1,none,1,high,0.6407411631595799,44,3,22,9,95,1,21,0,1,2,Still_image_480p_60fps_5s
378,1,p4x4,1,0.9844437172708528,2,11,0,8,18.518682570557125,5:-5,spatial,0,440,1,hex,33,1,1,none,1,high,0.6407411631595799,44,3,22,2,95,1,21,2,0,1,Action_720p_60fps_15s
378,1,p4x4,1,0.9844437172708528,0,11,0,0,18.518682570557125,5:-5,spatial,0,440,4,hex,33,1,1,none,1,high,0.6407411631595799,44,3,22,2,95,1,21,0,1,1,Action_720p_60fps_15s
378,1,all,1,0.9844437172708528,0,11,0,8,18.518682570557125,5:-5,spatial,0,440,1,hex,33,0,1,none,1,high,0.6407411631595799,44,3,22,2,95,1,33,2,1,1,Action_720p_60fps_15s
378,1,p4x4,0,0.9844437172708528,2,11,0,-7,18.518682570557125,5:-5,spatial,0,440,1,hex,33,1,1,none,0,high,0.128052689104238,44,4,155,2,80,11,11,2,0,0,Action_720p_60fps_15s
2120,1,p4x4,1,0.9844437172708528,2,5,0,0,18.518682570557125,5:-5,spatial,0,151,4,dia,53,1,1,none,1,high,0.6407411631595799,44,3,22,2,95,1,21,2,0,1,Action_720p_60fps_15s
2295,1,all,3,1.8245416022471044,0,9,1,-12,18.518682570557125,5:-5,spatial,0,440,4,hex,41,0,1,none,1,high,0.6407411631595799,44,3,22,2,95,1,21,0,1,1,Action_720p_60fps_15s
378,1,p8x8,1,0.9844437172708528,1,9,1,-12,18.518682570557125,5:-5,spatial,0,440,4,hex,41,0,1,none,1,high,0.6407411631595799,44,3,22,2,95,1,21,0,1,1,Action_720p_60fps_15s
2120,1,p4x4,1,0.9844437172708528,2,11,0,0,18.518682570557125,5:-5,spatial,0,151,4,dia,33,1,1,none,0,high,0.6407411631595799,44,4,155,2,80,11,11,2,0,0,Action_720p_60fps_15s
76,0,p8x8,3,1.997601325586333,1,12,0,8,38.687654164818326,5:-5,spatial,0,440,4,hex,33,1,1,none,1,high,0.6407411631595799,44,3,22,2,95,2,21,0,1,0,Action_720p_60fps_15s
378,1,all,1,0.9844437172708528,1,9,1,-12,18.518682570557125,5:-5,spatial,1,440,4,hex,41,0,1,none,1,high,0.6407411631595799,44,3,22,14,95,1,1,0,1,1,Action_720p_60fps_15s
378,1,all,1,0.9844437172708528,1,9,1,2,18.518682570557125,5:-5,spatial,1,440,4,hex,38,0,1,none,1,high,0.6407411631595799,20,3,22,16,95,1,1,0,1,1,Action_720p_60fps_15s
76,0,p4x4,3,0.1957200096985314,1,12,0,8,38.687654164818326,5:-5,spatial,0,440,4,hex,33,1,1,none,1,high,0.6407411631595799,44,20,22,2,95,2,21,0,0,0,Action_720p_60fps_15s
468,1,p4x4,0,0.9844437172708528,2,11,0,7,18.518682570557125,5:-5,spatial,0,440,1,hex,33,1,1,none,0,high,0.128052689104238,44,4,155,2,80,6,40,0,0,1,Action_720p_60fps_15s
76,0,p8x8,3,1.997601325586333,1,12,0,8,38.687654164818326,5:-5,spatial,1,440,4,hex,33,1,1,none,1,high,0.6407411631595799,44,3,22,2,95,2,21,0,1,2,Action_720p_60fps_15s
378,1,p8x8,1,0.9844437172708528,1,9,1,-12,18.518682570557125,5:-5,spatial,0,440,4,umh,41,0,1,none,1,high,0.6407411631595799,23,3,22,2,77,1,21,0,1,1,Action_720p_60fps_15s
2295,1,all,3,1.8245416022471044,0,9,1,-12,18.518682570557125,5:-5,spatial,0,440,4,hex,41,0,1,none,1,high,0.6407411631595799,44,3,149,2,95,1,21,0,1,1,Action_720p_60fps_15s
2120,1,p4x4,1,0.9844437172708528,2,0,0,-7,18.518682570557125,2:2,spatial,0,440,4,hex,33,1,1,none,0,high,0.128052689104238,44,4,105,2,80,11,11,1,0,2,Action_720p_60fps_15s
2120,1,p4x4,1,0.9844437172708528,2,9,1,-12,18.518682570557125,5:-5,spatial,1,440,4,hex,41,0,1,none,1,high,0.6407411631595799,44,3,22,14,95,1,3,0,0,1,Action_720p_60fps_15s
1598,0,p8x8,3,1.997601325586333,1,12,0,8,38.687654164818326,5:-5,spatial,0,440,4,hex,33,1,1,vbr,1,high,0.6407411631595799,44,3,22,2,95,0,21,0,1,1,Action_720p_60fps_15s
2295,1,all,3,1.8245416022471044,0,9,1,-5,18.518682570557125,5:-5,spatial,0,440,4,hex,41,0,1,none,1,high,0.6407411631595799,44,3,22,2,95,1,21,0,1,1,Action_720p_60fps_15s
1178,0,all,1,0.9065584540988204,2,3,0,-11,11.649183250274437,0:0,temporal,0,410,4,umh,11,0,0,cbr,1,main,0.965829524139684,22,0,10,4,37,0,30,0,1,2,Still_image_720p_30fps_5s
1178,0,all,3,0.9065584540988204,2,4,1,-10,11.649183250274437,0:0,auto,0,410,4,umh,11,0,0,cbr,1,baseline,0.5123914458022217,39,0,10,4,37,6,30,0,1,2,Still_image_720p_30fps_5s
1178,0,all,3,0.9065584540988204,2,3,1,-10,11.649183250274437,0:0,auto,1,410,0,umh,11,0,1,none,1,baseline,0.5123914458022217,39,0,192,2,19,6,40,1,0,1,Still_image_720p_30fps_5s
1178,0,all,3,0.9065584540988204,2,3,1,-10,11.649183250274437,0:0,auto,0,410,4,umh,11,1,0,cbr,1,high,0.5123914458022217,39,0,10,4,37,0,30,0,1,2,Still_image_720p_30fps_5s
1178,0,all,3,0.8875295029693533,2,3,1,-11,11.649183250274437,0:0,auto,0,410,4,umh,11,1,1,cbr,1,baseline,0.9148497995135092,46,1,88,14,43,4,38,0,0,0,Still_image_720p_30fps_5s
1178,0,all,3,0.9065584540988204,2,3,1,-3,11.649183250274437,0:0,auto,0,410,4,umh,11,0,1,cbr,1,baseline,0.5123914458022217,39,0,10,4,37,0,59,0,1,2,Still_image_720p_30fps_5s
1178,0,all,3,0.9065584540988204,2,3,0,-11,11.649183250274437,0:0,auto,0,410,4,umh,11,0,0,cbr,1,baseline,0.5123914458022217,39,14,29,2,19,6,40,1,0,1,Still_image_720p_30fps_5s
1178,0,all,3,0.9065584540988204,2,3,1,-10,11.649183250274437,0:0,auto,0,410,4,umh,11,0,0,cbr,1,baseline,0.5123914458022217,39,0,10,4,37,0,30,0,1,2,Still_image_720p_30fps_5s
1178,0,all,1,0.9065584540988204,2,3,0,-11,11.649183250274437,0:0,temporal,1,410,4,umh,11,0,1,none,1,baseline,0.5123914458022217,39,0,192,2,19,6,40,1,1,1,Still_image_720p_30fps_5s
1178,0,all,3,0.9065584540988204,2,3,0,-11,11.649183250274437,0:0,auto,1,410,4,umh,11,0,0,cbr,1,baseline,0.5123914458022217,39,0,10,4,37,0,30,0,1,0,Still_image_720p_30fps_5s
1178,0,all,3,0.9065584540988204,2,4,1,-10,11.649183250274437,0:0,auto,0,410,4,umh,11,0,0,cbr,0,baseline,0.5123914458022217,39,0,10,4,37,6,30,0,1,2,Still_image_720p_30fps_5s
1178,0,all,3,0.8875295029693533,2,3,1,-11,11.649183250274437,0:0,auto,0,410,4,umh,11,0,1,cbr,1,baseline,0.9148497995135092,46,1,216,14,43,4,38,0,0,0,Still_image_720p_30fps_5s
1178,0,all,3,0.9065584540988204,2,3,1,-10,11.649183250274437,0:0,auto,1,410,0,umh,11,0,1,none,1,baseline,0.5123914458022217,39,0,192,2,19,6,21,0,1,1,Still_image_720p_30fps_5s
1178,0,all,3,0.9065584540988204,2,4,0,-10,11.649183250274437,-2:2,auto,0,410,4,umh,11,0,0,cbr,1,high,0.6407411631595799,44,3,22,2,95,1,21,0,1,1,Still_image_720p_30fps_5s
378,1,p4x4,3,0.9065584540988204,2,3,1,-10,11.649183250274437,0:0,auto,0,410,3,umh,11,0,0,cbr,1,baseline,0.5123914458022217,39,0,10,4,37,0,32,0,1,2,Still_image_720p_30fps_5s
1178,0,all,3,0.9065584540988204,2,4,1,-10,11.649183250274437,0:0,auto,0,410,4,umh,11,0,1,cbr,1,baseline,0.5123914458022217,39,0,10,13,37,4,59,0,1,2,Still_image_720p_30fps_5s
1178,0,"p8x8,b8x8,i8x8,i4x4",3,0.9065584540988204,2,3,1,-11,11.649183250274437,0:0,auto,0,410,4,umh,11,1,0,cbr,1,baseline,0.5123914458022217,39,20,10,4,37,6,30,0,1,2,Still_image_720p_30fps_5s
1178,0,"p8x8,b8x8,i8x8,i4x4",3,0.9065584540988204,2,4,1,-10,6.943408420427402,1:1,auto,0,410,4,umh,11,0,0,cbr,1,baseline,0.5123914458022217,39,0,37,4,37,8,30,0,1,2,Still_image_720p_30fps_5s
1178,0,all,2,0.9065584540988204,2,3,0,-10,11.649183250274437,0:0,auto,0,410,4,dia,11,0,0,cbr,1,baseline,0.5123914458022217,39,0,10,4,37,0,30,0,1,2,Still_image_720p_30fps_5s
1178,0,none,1,0.9065584540988204,2,3,0,-11,11.649183250274437,5:5,temporal,0,410,4,umh,53,0,0,cbr,1,baseline,0.965829524139684,22,0,10,12,37,0,30,0,1,2,Still_image_720p_30fps_5s
378,1,all,1,0.9844437172708528,0,11,0,8,18.518682570557125,5:-5,spatial,0,440,1,hex,33,0,1,none,1,high,0.6407411631595799,44,3,22,2,95,1,33,2,1,1,Action_720p_30fps_10s
378,1,p4x4,1,0.9844437172708528,2,11,0,8,18.518682570557125,5:-5,spatial,0,440,1,hex,33,1,1,none,1,high,0.6407411631595799,44,3,22,2,95,1,21,2,0,1,Action_720p_30fps_10s
378,1,p4x4,1,0.9844437172708528,0,11,0,0,18.518682570557125,5:-5,spatial,0,440,4,hex,33,1,1,none,1,high,0.6407411631595799,44,3,22,2,95,1,21,0,1,1,Action_720p_30fps_10s
378,1,p4x4,0,0.9844437172708528,2,11,0,-7,18.518682570557125,5:-5,spatial,0,440,1,hex,33,1,1,none,0,high,0.128052689104238,44,4,155,2,80,11,11,2,0,0,Action_720p_30fps_10s
2295,1,all,3,1.8245416022471044,0,9,1,-12,18.518682570557125,5:-5,spatial,0,440,4,hex,41,0,1,none,1,high,0.6407411631595799,44,3,22,2,95,1,21,0,1,1,Action_720p_30fps_10s
2120,1,p4x4,1,0.9844437172708528,2,11,0,0,18.518682570557125,5:-5,spatial,0,151,4,dia,33,1,1,none,0,high,0.6407411631595799,44,4,155,2,80,11,11,2,0,0,Action_720p_30fps_10s
76,0,p8x8,3,1.997601325586333,1,12,0,8,38.687654164818326,5:-5,spatial,0,440,4,hex,33,1,1,none,1,high,0.6407411631595799,44,3,22,2,95,2,21,0,1,0,Action_720p_30fps_10s
2120,1,p4x4,1,0.9844437172708528,2,5,0,0,18.518682570557125,5:-5,spatial,0,151,4,dia,53,1,1,none,1,high,0.6407411631595799,44,3,22,2,95,1,21,2,0,1,Action_720p_30fps_10s
378,1,p8x8,1,0.9844437172708528,1,9,1,-12,18.518682570557125,5:-5,spatial,0,440,4,hex,41,0,1,none,1,high,0.6407411631595799,44,3,22,2,95,1,21,0,1,1,Action_720p_30fps_10s
378,1,all,1,0.9844437172708528,1,9,1,-12,18.518682570557125,5:-5,spatial,1,440,4,hex,41,0,1,none,1,high,0.6407411631595799,44,3,22,14,95,1,1,0,1,1,Action_720p_30fps_10s
2120,1,p4x4,2,0.9844437172708528,1,12,0,7,38.687654164818326,5:-5,none,0,440,4,hex,33,1,1,none,0,high,0.6407411631595799,44,3,22,2,95,2,21,0,0,0,Action_720p_30fps_10s
378,1,p4x4,0,0.9844437172708528,2,11,0,-7,18.518682570557125,5:-5,spatial,0,440,1,hex,33,1,1,none,0,high,0.128052689104238,44,4,155,2,80,11,11,0,0,0,Action_720p_30fps_10s
1178,0,all,1,0.9065584540988204,0,11,0,0,18.518682570557125,5:-5,temporal,0,440,4,hex,50,1,1,none,1,high,0.6407411631595799,44,3,22,2,68,1,21,0,1,1,Action_720p_30fps_10s
378,1,p4x4,0,0.9844437172708528,2,11,0,-7,18.518682570557125,5:-5,temporal,0,440,1,hex,33,1,1,none,1,high,0.8691204507519855,34,4,155,2,80,11,11,2,1,0,Action_720p_30fps_10s
378,1,p8x8,1,1.0742432987097,1,9,1,-12,18.518682570557125,5:-5,spatial,0,440,4,hex,41,1,1,none,1,high,0.6407411631595799,41,3,22,13,95,1,21,0,0,1,Action_720p_30fps_10s
378,1,p4x4,1,0.9844437172708528,2,11,0,8,18.518682570557125,5:-5,spatial,0,440,4,dia,33,1,1,none,0,high,0.6407411631595799,44,4,155,2,80,11,63,2,0,0,Action_720p_30fps_10s
2120,1,p4x4,1,0.9844437172708528,2,11,0,-2,18.518682570557125,5:-5,spatial,0,151,1,hex,33,1,1,none,1,high,0.6407411631595799,44,3,22,2,95,1,21,2,0,1,Action_720p_30fps_10s
1178,0,all,3,0.9844437172708528,0,11,0,8,18.518682570557125,-2:2,spatial,0,440,1,hex,33,1,1,none,1,high,0.6407411631595799,44,3,22,2,95,2,33,2,1,1,Action_720p_30fps_10s
378,1,p4x4,0,0.9844437172708528,2,11,0,-1,14.9676994885103,5:-5,spatial,0,440,4,hex,33,1,1,none,0,baseline,0.128052689104238,44,1,61,2,19,6,40,2,1,1,Action_720p_30fps_10s
1178,1,all,1,1.8245416022471044,0,9,1,-12,18.518682570557125,5:-5,spatial,0,265,4,hex,41,1,1,none,1,high,0.6407411631595799,44,3,22,2,95,1,21,0,0,1,Action_720p_30fps_10s
378,1,all,1,0.9844437172708528,0,11,0,8,18.518682570557125,5:-5,spatial,0,440,1,hex,33,0,1,none,1,high,0.6407411631595799,44,3,22,2,95,1,33,2,1,1,Standard_720p_30fps_20s
378,1,p4x4,1,0.9844437172708528,2,11,0,8,18.518682570557125,5:-5,spatial,0,440,1,hex,33,1,1,none,1,high,0.6407411631595799,44,3,22,2,95,1,21,2,0,1,Standard_720p_30fps_20s
378,1,p4x4,1,0.9844437172708528,0,11,0,0,18.518682570557125,5:-5,spatial,0,440,4,hex,33,1,1,none,1,high,0.6407411631595799,44,3,22,2,95,1,21,0,1,1,Standard_720p_30fps_20s
378,1,p4x4,0,0.9844437172708528,2,11,0,-7,18.518682570557125,5:-5,spatial,0,440,1,hex,33,1,1,none,0,high,0.128052689104238,44,4,155,2,80,11,11,2,0,0,Standard_720p_30fps_20s
2120,1,p4x4,1,0.9844437172708528,2,5,0,0,18.518682570557125,5:-5,spatial,0,151,4,dia,53,1,1,none,1,high,0.6407411631595799,44,3,22,2,95,1,21,2,0,1,Standard_720p_30fps_20s
2120,1,p4x4,1,0.9844437172708528,2,11,0,0,18.518682570557125,5:-5,spatial,0,151,4,dia,33,1,1,none,0,high,0.6407411631595799,44,4,155,2,80,11,11,2,0,0,Standard_720p_30fps_20s
378,1,p8x8,1,0.9844437172708528,1,9,1,-12,18.518682570557125,5:-5,spatial,0,440,4,hex,41,0,1,none,1,high,0.6407411631595799,44,3,22,2,95,1,21,0,1,1,Standard_720p_30fps_20s
76,0,p8x8,3,1.997601325586333,1,12,0,8,38.687654164818326,5:-5,spatial,0,440,4,hex,33,1,1,none,1,high,0.6407411631595799,44,3,22,2,95,2,21,0,1,0,Standard_720p_30fps_20s
2295,1,all,3,1.8245416022471044,0,9,1,-12,18.518682570557125,5:-5,spatial,0,440,4,hex,41,0,1,none,1,high,0.6407411631595799,44,3,22,2,95,1,21,0,1,1,Standard_720p_30fps_20s
378,1,all,1,0.9844437172708528,1,9,1,-12,18.518682570557125,5:-5,spatial,1,440,4,hex,41,0,1,none,1,high,0.6407411631595799,44,3,22,14,95,1,1,0,1,1,Standard_720p_30fps_20s
2120,1,p4x4,1,0.9844437172708528,0,5,0,0,18.518682570557125,5:-5,spatial,0,151,4,dia,53,0,1,vbr,1,high,0.6407411631595799,44,3,22,2,95,1,21,2,0,1,Standard_720p_30fps_20s
378,1,all,1,0.9844437172708528,1,9,1,-12,18.518682570557125,5:-5,spatial,1,440,4,hex,41,0,1,none,1,main,0.6407411631595799,44,3,22,14,95,1,1,0,1,1,Standard_720p_30fps_20s
2120,1,p4x4,1,0.9844437172708528,2,4,0,0,18.518682570557125,5:-5,spatial,0,151,4,dia,53,1,1,none,1,high,0.6407411631595799,44,12,22,16,95,1,21,0,0,1,Standard_720p_30fps_20s
378,1,p8x8,1,0.3233866169031008,1,9,0,-9,18.518682570557125,5:-5,spatial,0,390,4,hex,41,0,1,cbr,1,high,0.6407411631595799,44,3,22,2,56,10,21,2,0,1,Standard_720p_30fps_20s
378,1,p4x4,1,1.7392254022059064,2,11,0,8,25.59903827108989,5:-5,temporal,0,440,1,dia,33,1,1,none,1,high,0.6407411631595799,44,3,22,2,71,1,21,0,1,1,Standard_720p_30fps_20s
2120,1,p4x4,0,0.9844437172708528,2,5,0,0,18.518682570557125,5:-5,none,0,151,4,dia,53,1,1,none,0,high,0.6407411631595799,44,3,22,2,52,1,33,2,1,1,Standard_720p_30fps_20s
378,1,all,1,0.9844437172708528,0,11,1,8,18.518682570557125,5:-5,spatial,1,343,1,hex,33,0,1,none,1,high,0.6407411631595799,23,3,22,2,95,1,21,2,0,1,Standard_720p_30fps_20s
378,1,p4x4,2,0.9844437172708528,0,11,0,0,18.518682570557125,5:-5,spatial,1,440,4,hex,33,1,1,vbr,1,high,0.6407411631595799,44,3,22,2,95,1,21,0,1,1,Standard_720p_30fps_20s
2120,1,p4x4,1,0.9844437172708528,2,11,0,0,18.518682570557125,5:-5,spatial,0,151,4,dia,33,1,0,none,1,high,0.6407411631595799,47,3,22,14,95,1,1,0,0,1,Standard_720p_30fps_20s
76,0,p8x8,3,1.997601325586333,1,12,0,8,38.687654164818326,5:-5,spatial,0,440,4,hex,33,0,1,none,1,high,0.6407411631595799,44,3,22,2,95,1,21,2,0,1,Standard_720p_30fps_20s
378,1,all,1,0.9844437172708528,0,11,0,8,18.518682570557125,5:-5,spatial,0,440,1,hex,33,0,1,none,1,high,0.6407411631595799,44,3,22,2,95,1,33,2,1,1,Standard_720p_25fps_10s
378,1,p4x4,1,0.9844437172708528,0,11,0,0,18.518682570557125,5:-5,spatial,0,440,4,hex,33,1,1,none,1,high,0.6407411631595799,44,3,22,2,95,1,21,0,1,1,Standard_720p_25fps_10s
378,1,p4x4,1,0.9844437172708528,2,11,0,8,18.518682570557125,5:-5,spatial,0,440,1,hex,33,1,1,none,1,high,0.6407411631595799,44,3,22,2,95,1,21,2,0,1,Standard_720p_25fps_10s
378,1,p4x4,0,0.9844437172708528,2,11,0,-7,18.518682570557125,5:-5,spatial,0,440,1,hex,33,1,1,none,0,high,0.128052689104238,44,4,155,2,80,11,11,2,0,0,Standard_720p_25fps_10s
2120,1,p4x4,1,0.9844437172708528,2,5,0,0,18.518682570557125,5:-5,spatial,0,151,4,dia,53,1,1,none,1,high,0.6407411631595799,44,3,22,2,95,1,21,2,0,1,Standard_720p_25fps_10s
2295,1,all,3,1.8245416022471044,0,9,1,-12,18.518682570557125,5:-5,spatial,0,440,4,hex,41,0,1,none,1,high,0.6407411631595799,44,3,22,2,95,1,21,0,1,1,Standard_720p_25fps_10s
378,1,p8x8,1,0.9844437172708528,1,9,1,-12,18.518682570557125,5:-5,spatial,0,440,4,hex,41,0,1,none,1,high,0.6407411631595799,44,3,22,2,95,1,21,0,1,1,Standard_720p_25fps_10s
2120,1,p4x4,1,0.9844437172708528,2,11,0,0,18.518682570557125,5:-5,spatial,0,151,4,dia,33,1,1,none,0,high,0.6407411631595799,44,4,155,2,80,11,11,2,0,0,Standard_720p_25fps_10s
76,0,p8x8,3,1.997601325586333,1,12,0,8,38.687654164818326,5:-5,spatial,0,440,4,hex,33,1,1,none,1,high,0.6407411631595799,44,3,22,2,95,2,21,0,1,0,Standard_720p_25fps_10s
378,1,all,1,0.9844437172708528,1,9,1,-12,18.518682570557125,5:-5,spatial,1,440,4,hex,41,0,1,none,1,high,0.6407411631595799,44,3,22,14,95,1,1,0,1,1,Standard_720p_25fps_10s
378,1,p4x4,1,0.9844437172708528,2,11,0,8,18.518682570557125,5:-5,spatial,0,266,1,hex,33,1,1,none,1,high,0.6407411631595799,44,3,22,2,95,1,21,2,1,1,Standard_720p_25fps_10s
378,1,p4x4,1,0.9844437172708528,2,11,0,-7,19.34728513282241,5:-5,spatial,0,440,1,hex,33,0,1,none,1,high,0.5123914458022217,39,0,192,2,35,6,40,1,1,1,Standard_720p_25fps_10s
2120,1,p4x4,1,0.9844437172708528,2,11,0,0,18.518682570557125,5:-5,spatial,0,159,4,dia,33,1,1,none,0,high,0.6407411631595799,44,11,155,2,80,1,1,1,1,1,Standard_720p_25fps_10s
378,1,p4x4,1,0.9844437172708528,1,9,1,-12,18.518682570557125,2:-2,spatial,1,423,4,hex,41,0,1,none,1,high,0.6407411631595799,44,3,22,14,95,11,11,0,0,0,Standard_720p_25fps_10s
2367,1,all,3,1.8245416022471044,0,15,1,-5,18.518682570557125,5:-5,spatial,0,131,4,hex,41,0,1,none,1,high,0.6407411631595799,44,3,22,2,95,11,1,0,1,2,Standard_720p_25fps_10s
378,1,all,1,0.9844437172708528,0,10,0,-9,35.45601353921353,5:-5,spatial,0,440,1,hex,33,0,1,none,1,high,0.6407411631595799,44,3,22,2,95,1,33,0,1,2,Standard_720p_25fps_10s
2120,1,p4x4,1,0.9844437172708528,1,11,0,0,18.518682570557125,5:-5,spatial,0,145,4,dia,33,1,1,none,0,high,0.6407411631595799,44,4,155,2,80,11,11,2,0,0,Standard_720p_25fps_10s
1178,0,all,1,0.9065584540988204,2,3,0,-11,11.649183250274437,0:0,temporal,0,410,4,hex,41,0,1,none,1,high,0.6407411631595799,44,3,22,14,95,1,1,0,1,1,Standard_720p_25fps_10s
2120,1,p4x4,1,0.9844437172708528,2,11,0,8,18.518682570557125,5:-5,spatial,0,266,1,tesa,33,1,1,none,1,high,0.6407411631595799,44,3,22,2,95,1,21,2,1,1,Standard_720p_25fps_10s
378,1,p4x4,2,0.9844437172708528,2,11,0,8,18.518682570557125,2:-2,spatial,0,266,1,hex,33,1,1,none,1,high,0.6407411631595799,42,3,22,2,95,1,21,0,1,2,Standard_720p_25fps_10s
1178,0,all,3,0.9065584540988204,2,3,1,-10,11.649183250274437,0:0,auto,1,410,0,umh,11,0,1,none,1,baseline,0.5123914458022217,39,0,192,2,19,6,40,1,0,1,Big_1080p_25fps_15s
1178,0,all,1,0.9065584540988204,2,3,0,-11,11.649183250274437,0:0,temporal,0,410,4,umh,11,0,0,cbr,1,main,0.965829524139684,22,0,10,4,37,0,30,0,1,2,Big_1080p_25fps_15s
1178,0,all,3,0.9065584540988204,2,4,1,-10,11.649183250274437,0:0,auto,0,410,4,umh,11,0,0,cbr,1,baseline,0.5123914458022217,39,0,10,4,37,6,30,0,1,2,Big_1080p_25fps_15s
1178,0,all,3,0.9065584540988204,2,3,1,-3,11.649183250274437,0:0,auto,0,410,4,umh,11,0,1,cbr,1,baseline,0.5123914458022217,39,0,10,4,37,0,59,0,1,2,Big_1080p_25fps_15s
1178,0,all,1,0.9065584540988204,2,3,0,-11,11.649183250274437,0:0,temporal,1,410,4,umh,11,0,1,none,1,baseline,0.5123914458022217,39,0,192,2,19,6,40,1,1,1,Big_1080p_25fps_15s
1178,0,all,3,0.9065584540988204,2,3,1,-10,11.649183250274437,0:0,auto,0,410,4,umh,11,1,0,cbr,1,high,0.5123914458022217,39,0,10,4,37,0,30,0,1,2,Big_1080p_25fps_15s
1178,0,all,3,0.8875295029693533,2,3,1,-11,11.649183250274437,0:0,auto,0,410,4,umh,11,1,1,cbr,1,baseline,0.9148497995135092,46,1,88,14,43,4,38,0,0,0,Big_1080p_25fps_15s
1178,0,all,3,0.9065584540988204,2,3,0,-11,11.649183250274437,0:0,auto,1,410,4,umh,11,0,0,cbr,1,baseline,0.5123914458022217,39,0,10,4,37,0,30,0,1,0,Big_1080p_25fps_15s
1178,0,all,3,0.9065584540988204,2,3,1,-10,11.649183250274437,0:0,auto,0,410,4,umh,11,0,0,cbr,1,baseline,0.5123914458022217,39,0,10,4,37,0,30,0,1,2,Big_1080p_25fps_15s
1178,0,all,3,0.9065584540988204,2,3,0,-11,11.649183250274437,0:0,auto,0,410,4,umh,11,0,0,cbr,1,baseline,0.5123914458022217,39,14,29,2,19,6,40,1,0,1,Big_1080p_25fps_15s
1178,0,all,3,0.9065584540988204,2,3,0,-7,11.649183250274437,0:0,auto,1,410,4,umh,11,0,0,cbr,1,baseline,0.5123914458022217,44,3,22,2,95,1,22,2,0,0,Big_1080p_25fps_15s
396,0,all,3,0.9065584540988204,2,4,1,-10,11.649183250274437,0:0,auto,0,410,4,umh,11,0,0,cbr,1,baseline,0.5123914458022217,39,0,10,14,43,4,38,0,0,0,Big_1080p_25fps_15s
1178,0,all,3,0.9065584540988204,2,11,1,-10,11.649183250274437,2:2,auto,0,410,4,umh,11,0,1,cbr,1,baseline,0.5123914458022217,39,0,10,4,37,0,59,0,1,2,Big_1080p_25fps_15s
1178,0,all,3,0.9065584540988204,2,10,1,-10,11.649183250274437,0:0,auto,0,410,4,umh,11,1,0,cbr,1,high,0.5123914458022217,46,0,10,4,37,0,30,0,1,0,Big_1080p_25fps_15s
1178,0,all,3,0.9065584540988204,2,3,1,-10,11.649183250274437,0:0,auto,1,410,4,umh,11,1,0,cbr,1,baseline,0.5123914458022217,39,14,29,2,19,6,40,1,0,1,Big_1080p_25fps_15s
1178,0,all,3,0.9065584540988204,2,3,0,-11,11.649183250274437,0:0,auto,0,410,4,umh,11,0,1,none,1,baseline,0.7683690131717578,39,0,192,2,19,1,40,1,0,1,Big_1080p_25fps_15s
1140,0,all,3,0.992228772823174,2,3,0,-11,11.649183250274437,4:4,auto,0,410,4,umh,56,0,0,vbr,1,baseline,0.5123914458022217,44,5,70,4,37,6,30,0,1,2,Big_1080p_25fps_15s
1178,0,all,3,0.9065584540988204,2,4,1,-10,11.649183250274437,0:0,auto,1,410,4,umh,11,0,0,cbr,1,baseline,0.5123914458022217,39,0,10,4,37,0,30,0,1,0,Big_1080p_25fps_15s
1178,0,all,3,0.9065584540988204,2,3,0,-11,11.649183250274437,0:0,auto,1,410,4,umh,11,0,0,cbr,1,baseline,0.5123914458022217,39,0,129,4,37,0,40,1,1,1,Big_1080p_25fps_15s
1178,1,all,3,1.338580187834795,2,3,0,-11,11.649183250274437,0:0,auto,1,410,4,umh,52,0,0,cbr,1,baseline,0.5123914458022217,36,0,10,4,37,0,30,0,1,0,Big_1080p_25fps_15s
1178,0,all,3,0.9065584540988204,2,3,1,-10,11.649183250274437,0:0,auto,1,410,0,umh,11,0,1,none,1,baseline,0.5123914458022217,39,0,192,2,19,6,40,1,0,1,Big_720p_30fps_10s
1178,0,all,1,0.9065584540988204,2,3,0,-11,11.649183250274437,0:0,temporal,0,410,4,umh,11,0,0,cbr,1,main,0.965829524139684,22,0,10,4,37,0,30,0,1,2,Big_720p_30fps_10s
1178,0,all,3,0.9065584540988204,2,4,1,-10,11.649183250274437,0:0,auto,0,410,4,umh,11,0,0,cbr,1,baseline,0.5123914458022217,39,0,10,4,37,6,30,0,1,2,Big_720p_30fps_10s
1178,0,all,3,0.9065584540988204,2,3,0,-11,11.649183250274437,0:0,auto,1,410,4,umh,11,0,0,cbr,1,baseline,0.5123914458022217,39,0,10,4,37,0,30,0,1,0,Big_720p_30fps_10s
1178,0,all,3,0.9065584540988204,2,3,1,-10,11.649183250274437,0:0,auto,0,410,4,umh,11,0,0,cbr,1,baseline,0.5123914458022217,39,0,10,4,37,0,30,0,1,2,Big_720p_30fps_10s
1178,0,all,3,0.8875295029693533,2,3,1,-11,11.649183250274437,0:0,auto,0,410,4,umh,11,1,1,cbr,1,baseline,0.9148497995135092,46,1,88,14,43,4,38,0,0,0,Big_720p_30fps_10s
1178,0,all,1,0.9065584540988204,2,3,0,-11,11.649183250274437,0:0,temporal,1,410,4,umh,11,0,1,none,1,baseline,0.5123914458022217,39,0,192,2,19,6,40,1,1,1,Big_720p_30fps_10s
1178,0,all,3,0.9065584540988204,2,3,1,-3,11.649183250274437,0:0,auto,0,410,4,umh,11,0,1,cbr,1,baseline,0.5123914458022217,39,0,10,4,37,0,59,0,1,2,Big_720p_30fps_10s
1178,0,all,3,0.9065584540988204,2,3,1,-10,11.649183250274437,0:0,auto,0,410,4,umh,11,1,0,cbr,1,high,0.5123914458022217,39,0,10,4,37,0,30,0,1,2,Big_720p_30fps_10s
1178,0,all,3,0.9065584540988204,2,3,0,-11,11.649183250274437,0:0,auto,0,410,4,umh,11,0,0,cbr,1,baseline,0.5123914458022217,39,14,29,2,19,6,40,1,0,1,Big_720p_30fps_10s
1178,0,all,1,0.9065584540988204,2,3,0,-11,11.649183250274437,0:0,temporal,0,410,4,umh,11,0,1,cbr,1,high,0.595637840609091,44,3,22,2,95,1,21,0,1,1,Big_720p_30fps_10s
1178,0,all,3,0.9065584540988204,2,3,1,-10,11.649183250274437,0:0,auto,0,410,4,umh,11,0,0,cbr,1,baseline,0.5123914458022217,39,1,10,4,37,11,30,0,1,2,Big_720p_30fps_10s
1178,0,all,3,0.9065584540988204,2,4,1,-10,3.28200958194923,0:0,auto,0,63,4,dia,11,0,0,cbr,1,baseline,0.5123914458022217,39,0,10,4,37,0,59,0,0,2,Big_720p_30fps_10s
1178,0,all,3,0.9065584540988204,2,3,1,-3,11.649183250274437,0:0,auto,0,410,4,umh,11,0,0,cbr,1,baseline,0.5123914458022217,39,11,10,4,37,6,30,0,1,2,Big_720p_30fps_10s
1178,0,all,1,0.5367317628521758,2,3,1,-11,11.649183250274437,0:0,auto,0,410,4,umh,11,0,0,cbr,1,baseline,0.5123914458022217,39,14,29,6,19,6,40,1,0,1,Big_720p_30fps_10s
1178,1,all,2,0.9065584540988204,2,3,1,-10,11.649183250274437,6:-6,auto,0,410,4,umh,11,1,0,cbr,1,high,0.5123914458022217,39,0,10,4,37,0,30,0,1,2,Big_720p_30fps_10s
1178,1,all,3,1.146359433954916,2,3,1,-3,11.649183250274437,0:0,auto,0,345,4,umh,11,0,1,cbr,1,baseline,0.5123914458022217,39,10,10,4,37,0,59,0,1,2,Big_720p_30fps_10s
1178,0,all,3,0.9065584540988204,2,3,0,-11,11.649183250274437,0:0,auto,0,410,4,umh,11,0,0,cbr,1,main,0.5123914458022217,39,0,10,4,37,6,30,0,1,0,Big_720p_30fps_10s
1178,0,all,1,0.9065584540988204,1,3,0,-11,11.649183250274437,0:0,auto,0,410,4,umh,11,0,0,cbr,1,main,0.9195814880412572,40,0,10,4,37,0,30,0,1,1,Big_720p_30fps_10s
1178,0,none,3,0.9065584540988204,2,3,1,-10,11.649183250274437,-3:3,none,0,410,4,umh,11,1,0,cbr,1,high,0.5123914458022217,39,0,10,4,37,0,30,0,0,2,Big_720p_30fps_10s
1178,0,all,1,0.9065584540988204,2,3,0,-11,11.649183250274437,0:0,temporal,0,410,4,umh,11,0,0,cbr,1,main,0.965829524139684,22,0,10,4,37,0,30,0,1,2,Still_image_720p_25fps_20s
1178,0,all,3,0.9065584540988204,2,4,1,-10,11.649183250274437,0:0,auto,0,410,4,umh,11,0,0,cbr,1,baseline,0.5123914458022217,39,0,10,4,37,6,30,0,1,2,Still_image_720p_25fps_20s
1178,0,all,3,0.9065584540988204,2,3,1,-10,11.649183250274437,0:0,auto,1,410,0,umh,11,0,1,none,1,baseline,0.5123914458022217,39,0,192,2,19,6,40,1,0,1,Still_image_720p_25fps_20s
1178,0,all,1,0.9065584540988204,2,3,0,-11,11.649183250274437,0:0,temporal,1,410,4,umh,11,0,1,none,1,baseline,0.5123914458022217,39,0,192,2,19,6,40,1,1,1,Still_image_720p_25fps_20s
1178,0,all,3,0.9065584540988204,2,3,1,-3,11.649183250274437,0:0,auto,0,410,4,umh,11,0,1,cbr,1,baseline,0.5123914458022217,39,0,10,4,37,0,59,0,1,2,Still_image_720p_25fps_20s
1178,0,all,3,0.8875295029693533,2,3,1,-11,11.649183250274437,0:0,auto,0,410,4,umh,11,1,1,cbr,1,baseline,0.9148497995135092,46,1,88,14,43,4,38,0,0,0,Still_image_720p_25fps_20s
1178,0,all,3,0.9065584540988204,2,3,1,-10,11.649183250274437,0:0,auto,0,410,4,umh,11,1,0,cbr,1,high,0.5123914458022217,39,0,10,4,37,0,30,0,1,2,Still_image_720p_25fps_20s
1178,0,all,3,0.9065584540988204,2,3,0,-11,11.649183250274437,0:0,auto,1,410,4,umh,11,0,0,cbr,1,baseline,0.5123914458022217,39,0,10,4,37,0,30,0,1,0,Still_image_720p_25fps_20s
1178,0,all,3,0.9065584540988204,2,3,1,-10,11.649183250274437,0:0,auto,0,410,4,umh,11,0,0,cbr,1,baseline,0.5123914458022217,39,0,10,4,37,0,30,0,1,2,Still_image_720p_25fps_20s
1178,0,all,3,0.9065584540988204,2,3,0,-11,11.649183250274437,0:0,auto,0,410,4,umh,11,0,0,cbr,1,baseline,0.5123914458022217,39,14,29,2,19,6,40,1,0,1,Still_image_720p_25fps_20s
1178,0,all,3,0.9065584540988204,2,4,0,2,31.72690041520008,0:0,auto,1,410,4,umh,22,0,0,cbr,1,baseline,0.5123914458022217,39,0,10,4,37,6,30,0,0,2,Still_image_720p_25fps_20s
1178,0,all,3,1.743161804077042,2,3,0,-11,11.649183250274437,0:0,temporal,0,410,4,umh,11,1,0,cbr,1,baseline,0.5123914458022217,39,0,10,4,37,0,30,0,1,1,Still_image_720p_25fps_20s
1178,0,all,3,0.9065584540988204,2,3,0,-11,29.061651134874865,0:0,auto,1,410,4,umh,11,0,0,cbr,1,main,0.8221388501711587,22,0,10,4,37,0,30,0,1,2,Still_image_720p_25fps_20s
1178,0,all,3,0.9065584540988204,2,3,1,-11,11.649183250274437,0:0,auto,0,410,4,umh,11,0,0,cbr,1,main,0.965829524139684,22,0,10,4,37,0,30,0,1,2,Still_image_720p_25fps_20s
1178,0,all,3,0.9065584540988204,2,3,1,-10,11.649183250274437,0:0,auto,1,410,4,umh,11,0,0,none,1,baseline,0.5123914458022217,39,14,29,6,19,6,40,1,0,0,Still_image_720p_25fps_20s
1178,0,all,3,0.9065584540988204,2,3,1,-3,11.649183250274437,0:0,auto,1,410,4,umh,11,0,1,cbr,1,baseline,0.5123914458022217,39,0,10,4,37,0,59,0,1,2,Still_image_720p_25fps_20s
1178,0,all,1,0.9065584540988204,2,16,1,-11,11.649183250274437,0:0,temporal,1,410,4,umh,11,0,0,cbr,1,main,0.965829524139684,22,0,131,4,37,6,30,0,1,2,Still_image_720p_25fps_20s
1178,0,all,3,0.9860959640167792,2,4,1,-10,11.649183250274437,0:0,auto,0,410,4,umh,11,0,0,cbr,1,baseline,0.5123914458022217,39,0,10,4,37,0,30,0,1,2,Still_image_720p_25fps_20s
1178,0,all,3,0.7320725758069895,2,3,0,-11,11.649183250274437,0:0,auto,0,410,4,hex,11,1,1,cbr,1,baseline,0.9148497995135092,46,1,88,14,10,4,38,0,0,2,Still_image_720p_25fps_20s
2342,0,all,3,0.8875295029693533,2,9,0,-11,8.629857823110434,0:0,auto,0,410,4,umh,11,0,0,cbr,1,baseline,0.5123914458022217,39,14,29,3,35,6,40,1,0,1,Still_image_720p_25fps_20s
1178,0,all,1,0.9065584540988204,2,3,0,-11,11.649183250274437,0:0,temporal,0,410,4,umh,11,0,0,cbr,1,main,0.965829524139684,22,0,10,4,37,0,30,0,1,2,Big_720p_60fps_5s
1178,0,all,3,0.9065584540988204,2,3,1,-10,11.649183250274437,0:0,auto,1,410,0,umh,11,0,1,none,1,baseline,0.5123914458022217,39,0,192,2,19,6,40,1,0,1,Big_720p_60fps_5s
1178,0,all,3,0.9065584540988204,2,4,1,-10,11.649183250274437,0:0,auto,0,410,4,umh,11,0,0,cbr,1,baseline,0.5123914458022217,39,0,10,4,37,6,30,0,1,2,Big_720p_60fps_5s
1178,0,all,3,0.8875295029693533,2,3,1,-11,11.649183250274437,0:0,auto,0,410,4,umh,11,1,1,cbr,1,baseline,0.9148497995135092,46,1,88,14,43,4,38,0,0,0,Big_720p_60fps_5s
1178,0,all,3,0.9065584540988204,2,3,1,-10,11.649183250274437,0:0,auto,0,410,4,umh,11,1,0,cbr,1,high,0.5123914458022217,39,0,10,4,37,0,30,0,1,2,Big_720p_60fps_5s
1178,0,all,3,0.9065584540988204,2,3,1,-3,11.649183250274437,0:0,auto,0,410,4,umh,11,0,1,cbr,1,baseline,0.5123914458022217,39,0,10,4,37,0,59,0,1,2,Big_720p_60fps_5s
1178,0,all,3,0.9065584540988204,2,3,0,-11,11.649183250274437,0:0,auto,1,410,4,umh,11,0,0,cbr,1,baseline,0.5123914458022217,39,0,10,4,37,0,30,0,1,0,Big_720p_60fps_5s
1178,0,all,1,0.9065584540988204,2,3,0,-11,11.649183250274437,0:0,temporal,1,410,4,umh,11,0,1,none,1,baseline,0.5123914458022217,39,0,192,2,19,6,40,1,1,1,Big_720p_60fps_5s
1178,0,all,3,0.9065584540988204,2,3,1,-10,11.649183250274437,0:0,auto,0,410,4,umh,11,0,0,cbr,1,baseline,0.5123914458022217,39,0,10,4,37,0,30,0,1,2,Big_720p_60fps_5s
1178,0,all,3,0.9065584540988204,2,3,0,-11,11.649183250274437,0:0,auto,0,410,4,umh,11,0,0,cbr,1,baseline,0.5123914458022217,39,14,29,2,19,6,40,1,0,1,Big_720p_60fps_5s
1178,0,all,3,0.9065584540988204,2,3,0,-6,11.649183250274437,0:0,auto,0,410,4,tesa,11,0,0,cbr,1,baseline,0.5123914458022217,25,0,10,4,33,0,30,0,1,2,Big_720p_60fps_5s
1178,0,all,3,0.9065584540988204,2,16,1,-10,11.649183250274437,0:0,auto,0,292,4,umh,11,1,0,cbr,1,high,0.5123914458022217,39,19,10,4,37,0,22,0,1,2,Big_720p_60fps_5s
1178,0,p4x4,3,0.8875295029693533,2,3,1,-11,48.02719386680536,0:0,auto,0,410,4,umh,11,1,1,cbr,1,baseline,0.9148497995135092,46,0,63,14,43,4,38,0,0,0,Big_720p_60fps_5s
1178,0,all,3,0.9065584540988204,2,3,0,-11,11.649183250274437,0:0,auto,0,410,4,hex,55,1,1,cbr,1,high,0.6407411631595799,44,3,22,2,95,9,21,0,1,1,Big_720p_60fps_5s
759,0,all,3,0.9065584540988204,2,3,0,-11,11.649183250274437,0:0,auto,0,410,4,umh,11,0,0,cbr,1,baseline,0.9148497995135092,46,1,88,14,43,4,38,0,1,2,Big_720p_60fps_5s
1178,0,all,2,0.9065584540988204,2,3,1,-10,11.649183250274437,0:0,auto,0,410,4,umh,11,1,0,cbr,1,high,0.5123914458022217,39,0,10,4,37,0,30,0,1,0,Big_720p_60fps_5s
1639,0,all,1,0.9065584540988204,2,3,0,-11,31.9140799375704,0:0,temporal,0,11,4,umh,11,0,0,cbr,0,main,0.965829524139684,22,0,105,4,37,0,30,0,1,2,Big_720p_60fps_5s
1178,0,all,1,0.9065584540988204,2,7,0,-11,11.649183250274437,0:0,temporal,0,410,4,umh,11,0,0,cbr,0,main,0.965829524139684,22,0,10,4,37,0,30,0,1,2,Big_720p_60fps_5s
1178,0,all,2,0.9065584540988204,2,3,0,2,37.702297395547234,0:0,auto,0,410,4,umh,11,0,0,cbr,0,baseline,0.5123914458022217,39,14,10,4,37,0,37,0,1,2,Big_720p_60fps_5s
1178,0,all,1,0.9065584540988204,2,7,0,-2,11.649183250274437,0:0,auto,0,292,4,umh,11,1,0,cbr,1,high,0.5123914458022217,39,19,10,4,37,0,22,0,1,2,Big_720p_60fps_5s
1178,0,all,3,0.9065584540988204,2,3,1,-10,11.649183250274437,0:0,auto,1,410,0,umh,11,0,1,none,1,baseline,0.5123914458022217,39,0,192,2,19,6,40,1,0,1,Big_720p_25fps_5s
1178,0,all,1,0.9065584540988204,2,3,0,-11,11.649183250274437,0:0,temporal,0,410,4,umh,11,0,0,cbr,1,main,0.965829524139684,22,0,10,4,37,0,30,0,1,2,Big_720p_25fps_5s
1178,0,all,3,0.9065584540988204,2,4,1,-10,11.649183250274437,0:0,auto,0,410,4,umh,11,0,0,cbr,1,baseline,0.5123914458022217,39,0,10,4,37,6,30,0,1,2,Big_720p_25fps_5s
1178,0,all,1,0.9065584540988204,2,3,0,-11,11.649183250274437,0:0,temporal,1,410,4,umh,11,0,1,none,1,baseline,0.5123914458022217,39,0,192,2,19,6,40,1,1,1,Big_720p_25fps_5s
1178,0,all,3,0.8875295029693533,2,3,1,-11,11.649183250274437,0:0,auto,0,410,4,umh,11,1,1,cbr,1,baseline,0.9148497995135092,46,1,88,14,43,4,38,0,0,0,Big_720p_25fps_5s
1178,0,all,3,0.9065584540988204,2,3,1,-10,11.649183250274437,0:0,auto,0,410,4,umh,11,1,0,cbr,1,high,0.5123914458022217,39,0,10,4,37,0,30,0,1,2,Big_720p_25fps_5s
1178,0,all,3,0.9065584540988204,2,3,1,-3,11.649183250274437,0:0,auto,0,410,4,umh,11,0,1,cbr,1,baseline,0.5123914458022217,39,0,10,4,37,0,59,0,1,2,Big_720p_25fps_5s
1178,0,all,3,0.9065584540988204,2,3,0,-11,11.649183250274437,0:0,auto,1,410,4,umh,11,0,0,cbr,1,baseline,0.5123914458022217,39,0,10,4,37,0,30,0,1,0,Big_720p_25fps_5s
1178,0,all,3,0.9065584540988204,2,3,1,-10,11.649183250274437,0:0,auto,0,410,4,umh,11,0,0,cbr,1,baseline,0.5123914458022217,39,0,10,4,37,0,30,0,1,2,Big_720p_25fps_5s
1178,0,all,3,0.9065584540988204,2,3,0,-11,11.649183250274437,0:0,auto,0,410,4,umh,11,0,0,cbr,1,baseline,0.5123914458022217,39,14,29,2,19,6,40,1,0,1,Big_720p_25fps_5s
1178,0,p4x4,3,0.9065584540988204,2,3,1,-10,11.649183250274437,0:0,auto,1,410,4,umh,11,0,1,none,1,baseline,0.5123914458022217,47,0,192,2,19,6,40,2,1,2,Big_720p_25fps_5s
1178,0,all,3,0.9065584540988204,2,3,1,-10,11.649183250274437,0:0,auto,0,410,4,umh,11,0,0,none,1,baseline,0.65218385460441,39,0,10,4,0,0,30,1,0,1,Big_720p_25fps_5s
1178,0,all,3,0.9065584540988204,2,4,1,-10,11.649183250274437,0:0,auto,0,410,3,umh,11,0,0,cbr,1,baseline,0.5123914458022217,39,0,10,4,37,6,30,0,1,2,Big_720p_25fps_5s
1178,0,all,3,0.9065584540988204,2,3,0,-6,11.649183250274437,0:0,auto,1,410,4,hex,11,0,0,cbr,1,baseline,0.5123914458022217,39,0,10,4,37,0,30,0,1,0,Big_720p_25fps_5s
550,0,all,3,1.4531352109863311,2,3,0,-11,11.649183250274437,0:0,spatial,0,410,3,umh,11,0,0,cbr,1,main,0.965829524139684,22,0,10,4,37,0,30,0,1,2,Big_720p_25fps_5s
1173,0,all,3,0.9065584540988204,2,3,1,-11,11.797842383991462,0:0,auto,0,410,4,umh,11,0,0,cbr,1,baseline,0.5123914458022217,39,0,192,2,51,6,40,1,1,1,Big_720p_25fps_5s
1401,0,all,3,0.9065584540988204,2,3,0,-11,11.649183250274437,1:1,auto,1,410,4,umh,11,0,0,cbr,1,high,0.5123914458022217,39,0,10,4,37,0,30,0,1,2,Big_720p_25fps_5s
1178,0,all,3,0.9065584540988204,2,3,1,-10,18.821466778041525,0:0,auto,0,410,4,umh,11,0,0,cbr,0,baseline,0.2205950895932737,27,0,171,4,37,0,30,0,1,0,Big_720p_25fps_5s
1178,0,all,3,0.9065584540988204,2,3,0,-11,11.649183250274437,0:0,auto,0,410,4,umh,11,1,0,none,1,high,0.1955668258013275,44,3,22,2,95,2,21,0,1,0,Big_720p_25fps_5s
1178,0,all,3,0.9065584540988204,2,3,1,-10,11.649183250274437,-2:2,auto,1,410,0,umh,11,0,0,none,1,baseline,0.5123914458022217,39,0,17,4,37,0,0,0,1,2,Big_720p_25fps_5s
378,1,p4x4,1,0.9844437172708528,0,11,0,0,18.518682570557125,5:-5,spatial,0,440,4,hex,33,1,1,none,1,high,0.6407411631595799,44,3,22,2,95,1,21,0,1,1,Still_image_480p_25fps_5s
378,1,all,1,0.9844437172708528,0,11,0,8,18.518682570557125,5:-5,spatial,0,440,1,hex,33,0,1,none,1,high,0.6407411631595799,44,3,22,2,95,1,33,2,1,1,Still_image_480p_25fps_5s
378,1,p4x4,1,0.9844437172708528,2,11,0,8,18.518682570557125,5:-5,spatial,0,440,1,hex,33,1,1,none,1,high,0.6407411631595799,44,3,22,2,95,1,21,2,0,1,Still_image_480p_25fps_5s
378,1,p4x4,0,0.9844437172708528,2,11,0,-7,18.518682570557125,5:-5,spatial,0,440,1,hex,33,1,1,none,0,high,0.128052689104238,44,4,155,2,80,11,11,2,0,0,Still_image_480p_25fps_5s
2295,1,all,3,1.8245416022471044,0,9,1,-12,18.518682570557125,5:-5,spatial,0,440,4,hex,41,0,1,none,1,high,0.6407411631595799,44,3,22,2,95,1,21,0,1,1,Still_image_480p_25fps_5s
378,1,p8x8,1,0.9844437172708528,1,9,1,-12,18.518682570557125,5:-5,spatial,0,440,4,hex,41,0,1,none,1,high,0.6407411631595799,44,3,22,2,95,1,21,0,1,1,Still_image_480p_25fps_5s
76,0,p8x8,3,1.997601325586333,1,12,0,8,38.687654164818326,5:-5,spatial,0,440,4,hex,33,1,1,none,1,high,0.6407411631595799,44,3,22,2,95,2,21,0,1,0,Still_image_480p_25fps_5s
2120,1,p4x4,1,0.9844437172708528,2,11,0,0,18.518682570557125,5:-5,spatial,0,151,4,dia,33,1,1,none,0,high,0.6407411631595799,44,4,155,2,80,11,11,2,0,0,Still_image_480p_25fps_5s
2120,1,p4x4,1,0.9844437172708528,2,5,0,0,18.518682570557125,5:-5,spatial,0,151,4,dia,53,1,1,none,1,high,0.6407411631595799,44,3,22,2,95,1,21,2,0,1,Still_image_480p_25fps_5s
378,1,all,1,0.9844437172708528,1,9,1,-12,18.518682570557125,5:-5,spatial,1,440,4,hex,41,0,1,none,1,high,0.6407411631595799,44,3,22,14,95,1,1,0,1,1,Still_image_480p_25fps_5s
1012,1,p4x4,1,0.9844437172708528,2,11,0,0,18.518682570557125,5:-5,spatial,0,151,4,dia,33,1,1,none,0,high,0.6407411631595799,44,4,197,2,80,11,11,2,0,0,Still_image_480p_25fps_5s
378,1,all,1,0.9844437172708528,1,9,1,-12,18.518682570557125,5:-5,spatial,1,440,4,hex,41,0,1,none,1,high,0.6407411631595799,44,3,22,14,95,1,1,1,1,1,Still_image_480p_25fps_5s
378,1,p4x4,0,0.9844437172708528,2,11,0,-7,18.518682570557125,5:-5,spatial,0,440,1,hex,33,1,1,none,1,high,0.128052689104238,44,4,155,2,80,11,21,2,0,1,Still_image_480p_25fps_5s
378,1,all,3,0.8068410498591616,0,11,1,8,37.702297395547234,5:-5,spatial,1,440,1,hex,50,0,1,none,1,baseline,0.6407411631595799,44,3,22,2,95,1,33,1,1,1,Still_image_480p_25fps_5s
378,1,p8x8,1,0.9844437172708528,1,9,1,-12,18.518682570557125,5:-5,spatial,0,440,4,hex,41,0,1,none,1,high,0.6407411631595799,44,3,22,2,95,1,21,0,0,1,Still_image_480p_25fps_5s
378,1,all,1,0.9844437172708528,1,9,1,-12,18.518682570557125,5:-5,spatial,1,440,4,hex,41,0,1,none,1,baseline,0.6407411631595799,44,3,22,14,95,1,1,0,1,1,Still_image_480p_25fps_5s
378,1,p4x4,1,0.9844437172708528,0,11,0,0,18.518682570557125,5:-5,none,0,440,2,hex,33,1,1,none,1,high,0.6407411631595799,44,3,22,2,95,1,21,0,1,1,Still_image_480p_25fps_5s
1916,1,p4x4,1,0.9844437172708528,2,5,0,0,18.518682570557125,5:-5,none,0,151,4,dia,53,1,1,none,1,high,0.6407411631595799,44,3,22,2,43,4,38,0,0,0,Still_image_480p_25fps_5s
378,1,all,2,0.9844437172708528,0,11,1,8,38.687654164818326,5:-5,spatial,0,355,4,hex,33,1,1,none,1,high,0.78680603283197,44,3,22,2,95,2,21,0,1,0,Still_image_480p_25fps_5s
76,0,p8x8,3,1.997601325586333,1,12,0,-8,18.518682570557125,5:-5,spatial,0,440,4,hex,52,1,1,none,1,high,0.6407411631595799,44,3,22,2,95,1,21,0,1,1,Still_image_480p_25fps_5s
1178,0,all,1,0.9065584540988204,2,3,0,-11,11.649183250274437,0:0,temporal,0,410,4,umh,11,0,0,cbr,1,main,0.965829524139684,22,0,10,4,37,0,30,0,1,2,Standard_480p_30fps_20s
1178,0,all,3,0.8875295029693533,2,3,1,-11,11.649183250274437,0:0,auto,0,410,4,umh,11,1,1,cbr,1,baseline,0.9148497995135092,46,1,88,14,43,4,38,0,0,0,Standard_480p_30fps_20s
1178,0,all,3,0.9065584540988204,2,3,1,-10,11.649183250274437,0:0,auto,0,410,4,umh,11,1,0,cbr,1,high,0.5123914458022217,39,0,10,4,37,0,30,0,1,2,Standard_480p_30fps_20s
1178,0,all,3,0.9065584540988204,2,3,1,-3,11.649183250274437,0:0,auto,0,410,4,umh,11,0,1,cbr,1,baseline,0.5123914458022217,39,0,10,4,37,0,59,0,1,2,Standard_480p_30fps_20s
1178,0,all,3,0.9065584540988204,2,3,0,-11,11.649183250274437,0:0,auto,1,410,4,umh,11,0,0,cbr,1,baseline,0.5123914458022217,39,0,10,4,37,0,30,0,1,0,Standard_480p_30fps_20s
1178,0,all,3,0.9065584540988204,2,3,1,-10,11.649183250274437,0:0,auto,0,410,4,umh,11,0,0,cbr,1,baseline,0.5123914458022217,39,0,10,4,37,0,30,0,1,2,Standard_480p_30fps_20s
1178,0,all,1,0.9065584540988204,2,3,0,-11,11.649183250274437,0:0,temporal,1,410,4,umh,11,0,1,none,1,baseline,0.5123914458022217,39,0,192,2,19,6,40,1,1,1,Standard_480p_30fps_20s
1178,0,all,3,0.9065584540988204,2,4,1,-10,11.649183250274437,0:0,auto,0,410,4,umh,11,0,0,cbr,1,baseline,0.5123914458022217,39,0,10,4,37,6,30,0,1,2,Standard_480p_30fps_20s
1178,0,all,3,0.9065584540988204,2,3,1,-10,11.649183250274437,0:0,auto,1,410,0,umh,11,0,1,none,1,baseline,0.5123914458022217,39,0,192,2,19,6,40,1,0,1,Standard_480p_30fps_20s
1178,0,all,3,0.9065584540988204,2,3,0,-11,11.649183250274437,0:0,auto,0,410,4,umh,11,0,0,cbr,1,baseline,0.5123914458022217,39,14,29,2,19,6,40,1,0,1,Standard_480p_30fps_20s
1178,1,all,3,0.9065584540988204,0,3,0,-11,11.649183250274437,0:0,temporal,1,410,4,tesa,11,0,0,cbr,1,baseline,0.7115318652062415,39,0,10,4,37,0,30,0,1,0,Standard_480p_30fps_20s
1731,0,all,3,0.7038078913643712,2,3,0,-11,11.649183250274437,0:0,auto,1,410,4,esa,11,0,1,cbr,1,baseline,0.5123914458022217,39,19,192,2,19,6,40,1,1,1,Standard_480p_30fps_20s
1178,0,all,3,0.9065584540988204,0,3,1,-10,11.649183250274437,0:0,auto,1,410,0,umh,11,0,1,none,1,baseline,0.5123914458022217,39,0,192,2,19,6,40,1,0,1,Standard_480p_30fps_20s
1178,0,all,3,0.9065584540988204,2,4,1,-10,41.13274211808848,0:0,auto,0,410,4,umh,11,0,1,cbr,1,baseline,0.5123914458022217,39,0,10,4,37,6,33,1,1,0,Standard_480p_30fps_20s
1178,0,all,3,0.9065584540988204,2,3,0,-11,11.649183250274437,0:0,temporal,1,328,4,tesa,11,0,1,none,1,baseline,0.5123914458022217,39,15,192,2,19,6,40,1,1,1,Standard_480p_30fps_20s
1178,0,all,1,0.2889823163488238,2,3,0,-3,45.24406085422919,0:0,auto,0,410,4,umh,11,0,1,cbr,1,baseline,0.5123914458022217,39,0,10,4,74,5,30,0,1,0,Standard_480p_30fps_20s
1178,0,none,3,0.9065584540988204,2,3,0,-11,11.649183250274437,0:0,temporal,1,410,4,umh,11,0,0,cbr,1,baseline,0.5123914458022217,39,0,10,4,37,6,30,0,1,2,Standard_480p_30fps_20s
1178,0,all,3,0.9065584540988204,2,4,1,-10,11.649183250274437,0:0,auto,0,410,4,umh,11,0,0,cbr,1,baseline,0.5123914458022217,39,0,10,4,37,10,30,0,1,0,Standard_480p_30fps_20s
1178,0,all,3,0.9065584540988204,2,4,1,-10,11.649183250274437,0:0,auto,0,410,4,umh,11,0,0,vbr,1,baseline,0.5123914458022217,39,0,22,2,95,1,21,2,0,1,Standard_480p_30fps_20s
254,0,all,1,0.9065584540988204,2,3,0,-11,11.649183250274437,0:0,temporal,0,410,4,umh,11,0,0,cbr,1,main,0.6530243479224267,50,3,22,2,95,2,21,2,1,0,Standard_480p_30fps_20s
2016,0,all,3,1.978692821743082,2,3,0,-11,15.347068668873051,0:0,auto,0,410,4,esa,11,1,0,cbr,1,baseline,0.5123914458022217,39,14,29,2,19,6,40,1,0,1,Action_480p_60fps_10s
1178,0,none,1,0.9065584540988204,1,3,0,-11,11.649183250274437,0:0,temporal,0,410,4,umh,11,0,0,cbr,1,main,0.965829524139684,40,0,10,4,37,6,40,1,0,1,Action_480p_60fps_10s
1505,0,all,3,1.978692821743082,2,3,0,-11,15.347068668873051,0:0,auto,0,410,4,esa,11,1,0,cbr,1,baseline,0.5123914458022217,39,14,29,2,19,6,40,1,0,1,Action_480p_60fps_10s
1178,0,all,3,0.9065584540988204,2,4,1,-10,11.649183250274437,0:0,auto,0,410,4,umh,11,0,0,cbr,1,baseline,0.5123914458022217,39,0,10,4,37,6,30,0,1,2,Action_480p_60fps_10s
1178,0,all,1,0.9065584540988204,2,3,0,-11,11.649183250274437,0:0,temporal,0,410,4,umh,11,0,0,cbr,1,main,0.965829524139684,22,0,10,4,37,0,30,0,1,2,Action_480p_60fps_10s
1178,0,all,3,0.9065584540988204,2,3,1,-10,11.649183250274437,0:0,auto,1,410,0,umh,11,0,1,none,1,baseline,0.5123914458022217,39,0,192,2,19,6,40,1,0,1,Action_480p_60fps_10s
1178,0,all,3,0.9065584540988204,2,3,1,-3,11.649183250274437,0:0,auto,0,410,4,umh,11,0,1,cbr,1,baseline,0.5123914458022217,39,0,10,4,37,0,59,0,1,2,Action_480p_60fps_10s
1178,0,all,3,0.9065584540988204,2,3,0,-11,11.649183250274437,0:0,auto,1,410,4,umh,11,0,0,cbr,1,baseline,0.5123914458022217,39,0,10,4,37,0,30,0,1,0,Action_480p_60fps_10s
1178,0,all,3,0.8875295029693533,2,3,1,-11,11.649183250274437,0:0,auto,0,410,4,umh,11,1,1,cbr,1,baseline,0.9148497995135092,46,1,88,14,43,4,38,0,0,0,Action_480p_60fps_10s
1178,0,all,1,0.9065584540988204,2,3,0,-11,11.649183250274437,0:0,temporal,1,410,4,umh,11,0,1,none,1,baseline,0.5123914458022217,39,0,192,2,19,6,40,1,1,1,Action_480p_60fps_10s
1178,0,all,3,0.9065584540988204,2,3,1,-10,11.649183250274437,0:0,auto,0,410,4,umh,11,1,0,cbr,1,high,0.5123914458022217,39,0,10,4,37,0,30,0,1,2,Action_480p_60fps_10s
1178,0,all,3,0.9065584540988204,2,3,1,-10,11.649183250274437,0:0,auto,0,410,4,umh,11,0,0,cbr,1,baseline,0.5123914458022217,39,0,10,4,37,0,30,0,1,2,Action_480p_60fps_10s
1178,0,all,3,0.9065584540988204,2,3,0,-11,11.649183250274437,0:0,auto,0,410,4,umh,11,0,0,cbr,1,baseline,0.5123914458022217,39,14,29,2,19,6,40,1,0,1,Action_480p_60fps_10s
1178,0,all,3,0.8875295029693533,2,3,1,-11,11.649183250274437,0:0,auto,0,410,4,umh,11,1,1,cbr,1,main,0.9148497995135092,46,1,88,14,43,4,38,0,0,0,Action_480p_60fps_10s
1178,0,all,2,0.4390814863299048,2,3,0,-10,11.649183250274437,0:0,none,0,410,4,umh,11,0,0,cbr,1,high,0.6108898800777652,39,0,10,4,37,10,30,0,1,1,Action_480p_60fps_10s
1178,0,all,3,1.978692821743082,2,3,0,-11,11.649183250274437,0:0,auto,0,410,4,umh,11,0,0,cbr,1,baseline,0.5123914458022217,39,14,29,2,19,6,40,1,0,1,Action_480p_60fps_10s
1178,0,all,2,0.9065584540988204,2,3,1,-10,11.649183250274437,0:0,auto,0,410,0,umh,11,0,0,cbr,1,baseline,0.5123914458022217,39,0,192,2,19,6,40,1,0,1,Action_480p_60fps_10s
1178,0,all,3,0.8875295029693533,2,3,1,2,11.649183250274437,0:0,auto,0,410,4,umh,6,1,1,cbr,1,high,0.6407411631595799,50,3,22,2,5,1,21,0,1,1,Action_480p_60fps_10s
1178,1,all,3,0.9065584540988204,2,3,1,-10,11.649183250274437,0:0,auto,0,410,4,umh,11,0,0,cbr,1,baseline,0.5123914458022217,39,0,10,4,37,0,30,0,1,2,Action_480p_60fps_10s
1178,0,all,0,0.9065584540988204,2,3,0,-2,11.649183250274437,0:0,auto,1,410,4,umh,11,0,0,cbr,1,baseline,0.5123914458022217,39,14,29,2,19,6,40,1,0,0,Action_480p_60fps_10s
1178,0,all,3,0.8875295029693533,2,3,1,-11,11.649183250274437,0:0,auto,0,410,4,umh,11,1,1,cbr,1,baseline,0.9148497995135092,46,1,88,14,43,4,38,0,0,0,Big_720p_30fps_5s
1178,0,all,3,0.9065584540988204,2,3,1,-3,11.649183250274437,0:0,auto,0,410,4,umh,11,0,1,cbr,1,baseline,0.5123914458022217,39,0,10,4,37,0,59,0,1,2,Big_720p_30fps_5s
1178,0,all,1,0.9065584540988204,2,3,0,-11,11.649183250274437,0:0,temporal,0,410,4,umh,11,0,0,cbr,1,main,0.965829524139684,22,0,10,4,37,0,30,0,1,2,Big_720p_30fps_5s
1178,0,all,1,0.9065584540988204,2,3,0,-11,11.649183250274437,0:0,temporal,1,410,4,umh,11,0,1,none,1,baseline,0.5123914458022217,39,0,192,2,19,6,40,1,1,1,Big_720p_30fps_5s
1178,0,all,3,0.9065584540988204,2,4,1,-10,11.649183250274437,0:0,auto,0,410,4,umh,11,0,0,cbr,1,baseline,0.5123914458022217,39,0,10,4,37,6,30,0,1,2,Big_720p_30fps_5s
1178,0,all,3,0.9065584540988204,2,3,1,-10,11.649183250274437,0:0,auto,1,410,0,umh,11,0,1,none,1,baseline,0.5123914458022217,39,0,192,2,19,6,40,1,0,1,Big_720p_30fps_5s
1178,0,all,3,0.9065584540988204,2,3,1,-10,11.649183250274437,0:0,auto,0,410,4,umh,11,1,0,cbr,1,high,0.5123914458022217,39,0,10,4,37,0,30,0,1,2,Big_720p_30fps_5s
1178,0,all,3,0.9065584540988204,2,3,0,-11,11.649183250274437,0:0,auto,1,410,4,umh,11,0,0,cbr,1,baseline,0.5123914458022217,39,0,10,4,37,0,30,0,1,0,Big_720p_30fps_5s
1178,0,all,3,0.9065584540988204,2,3,1,-10,11.649183250274437,0:0,auto,0,410,4,umh,11,0,0,cbr,1,baseline,0.5123914458022217,39,0,10,4,37,0,30,0,1,2,Big_720p_30fps_5s
1178,0,all,3,0.9065584540988204,2,3,0,-11,11.649183250274437,0:0,auto,0,410,4,umh,11,0,0,cbr,1,baseline,0.5123914458022217,39,14,29,2,19,6,40,1,0,1,Big_720p_30fps_5s
1178,0,all,3,0.9065584540988204,2,3,1,-10,11.649183250274437,0:0,auto,1,410,0,umh,11,0,0,none,1,baseline,0.5123914458022217,39,14,29,2,19,6,40,1,0,1,Big_720p_30fps_5s
1178,0,"p8x8,b8x8,i8x8,i4x4",3,0.9065584540988204,0,3,0,-11,11.649183250274437,0:0,auto,0,410,4,umh,11,0,0,cbr,1,baseline,0.5123914458022217,39,0,192,2,19,6,64,1,0,1,Big_720p_30fps_5s
1178,0,all,3,0.9065584540988204,2,3,1,-10,35.60824400667845,0:0,auto,1,410,0,umh,11,0,1,vbr,1,baseline,0.5123914458022217,39,0,192,2,19,6,40,1,1,1,Big_720p_30fps_5s
1178,0,all,1,0.9065584540988204,2,3,0,-11,11.649183250274437,-1:1,temporal,1,410,4,umh,11,0,1,none,1,baseline,0.5123914458022217,39,0,192,2,19,6,40,1,0,1,Big_720p_30fps_5s
1178,0,"p8x8,b8x8,i8x8,i4x4",3,1.712589549916884,2,16,0,-10,11.649183250274437,0:0,auto,0,410,4,umh,11,0,1,vbr,1,high,0.6407411631595799,44,3,22,2,95,1,33,2,1,1,Big_720p_30fps_5s
1178,0,all,0,0.9065584540988204,2,4,1,-10,11.649183250274437,0:0,auto,0,410,4,umh,11,1,0,none,1,baseline,0.4689030253754702,39,0,10,4,37,6,30,0,1,2,Big_720p_30fps_5s
1178,0,all,3,0.9065584540988204,2,4,1,-10,11.649183250274437,0:0,auto,0,410,4,umh,12,0,0,cbr,1,baseline,0.5123914458022217,39,0,10,4,37,6,46,2,1,2,Big_720p_30fps_5s
1178,0,all,1,0.9065584540988204,2,3,0,-11,11.649183250274437,0:0,temporal,1,410,4,umh,11,0,1,none,1,baseline,0.5123914458022217,39,15,192,2,19,6,40,1,1,1,Big_720p_30fps_5s
1178,0,all,1,0.9065584540988204,2,3,1,-11,11.649183250274437,0:0,temporal,0,410,0,umh,27,0,0,cbr,1,main,0.965829524139684,22,0,10,4,58,0,30,0,1,0,Big_720p_30fps_5s
378,1,p4x4,0,0.9844437172708528,2,11,0,-11,11.649183250274437,0:0,temporal,0,410,4,umh,11,0,0,cbr,1,main,0.965829524139684,22,0,10,4,37,0,30,0,1,2,Big_720p_30fps_5s
1178,0,all,3,0.9065584540988204,2,3,1,-10,11.649183250274437,0:0,auto,1,410,0,umh,11,0,1,none,1,baseline,0.5123914458022217,39,0,192,2,19,6,40,1,0,1,Big_480p_30fps_5s
1178,0,all,1,0.9065584540988204,2,3,0,-11,11.649183250274437,0:0,temporal,0,410,4,umh,11,0,0,cbr,1,main,0.965829524139684,22,0,10,4,37,0,30,0,1,2,Big_480p_30fps_5s
1178,0,all,3,0.9065584540988204,2,4,1,-10,11.649183250274437,0:0,auto,0,410,4,umh,11,0,0,cbr,1,baseline,0.5123914458022217,39,0,10,4,37,6,30,0,1,2,Big_480p_30fps_5s
1178,0,all,3,0.8875295029693533,2,3,1,-11,11.649183250274437,0:0,auto,0,410,4,umh,11,1,1,cbr,1,baseline,0.9148497995135092,46,1,88,14,43,4,38,0,0,0,Big_480p_30fps_5s
1178,0,all,1,0.9065584540988204,2,3,0,-11,11.649183250274437,0:0,temporal,1,410,4,umh,11,0,1,none,1,baseline,0.5123914458022217,39,0,192,2,19,6,40,1,1,1,Big_480p_30fps_5s
1178,0,all,3,0.9065584540988204,2,3,1,-10,11.649183250274437,0:0,auto,0,410,4,umh,11,1,0,cbr,1,high,0.5123914458022217,39,0,10,4,37,0,30,0,1,2,Big_480p_30fps_5s
1178,0,all,3,0.9065584540988204,2,3,1,-3,11.649183250274437,0:0,auto,0,410,4,umh,11,0,1,cbr,1,baseline,0.5123914458022217,39,0,10,4,37,0,59,0,1,2,Big_480p_30fps_5s
1178,0,all,3,0.9065584540988204,2,3,1,-10,11.649183250274437,0:0,auto,0,410,4,umh,11,0,0,cbr,1,baseline,0.5123914458022217,39,0,10,4,37,0,30,0,1,2,Big_480p_30fps_5s
1178,0,all,3,0.9065584540988204,2,3,0,-11,11.649183250274437,0:0,auto,1,410,4,umh,11,0,0,cbr,1,baseline,0.5123914458022217,39,0,10,4,37,0,30,0,1,0,Big_480p_30fps_5s
1178,0,all,3,0.9065584540988204,2,3,0,-11,11.649183250274437,0:0,auto,0,410,4,umh,11,0,0,cbr,1,baseline,0.5123914458022217,39,14,29,2,19,6,40,1,0,1,Big_480p_30fps_5s
1178,0,all,1,0.9065584540988204,2,3,0,-11,11.649183250274437,4:-4,auto,0,410,4,umh,11,0,0,cbr,1,baseline,0.5123914458022217,39,14,29,2,65,6,40,1,0,1,Big_480p_30fps_5s
1178,0,all,3,0.9065584540988204,2,8,0,-11,11.649183250274437,0:0,auto,1,410,4,umh,11,0,0,cbr,1,baseline,0.5123914458022217,39,0,10,4,37,0,30,0,1,0,Big_480p_30fps_5s
1178,0,all,3,0.9065584540988204,2,3,1,-10,11.649183250274437,0:0,auto,1,389,0,umh,11,0,1,none,1,baseline,0.5123914458022217,39,0,192,2,19,6,40,1,0,1,Big_480p_30fps_5s
1178,0,all,3,0.9065584540988204,2,3,1,-10,11.649183250274437,0:0,temporal,0,410,4,umh,11,1,0,cbr,1,baseline,0.5123914458022217,39,0,10,4,23,0,30,0,1,2,Big_480p_30fps_5s
2166,0,all,1,0.9065584540988204,2,3,1,-10,11.649183250274437,0:0,auto,1,410,2,umh,11,0,1,none,1,baseline,0.5123914458022217,39,0,192,2,19,6,40,1,0,1,Big_480p_30fps_5s
1178,1,all,3,0.9065584540988204,2,3,0,-7,11.649183250274437,0:0,temporal,0,410,4,umh,41,0,0,cbr,0,main,0.965829524139684,22,0,10,4,37,0,30,1,1,2,Big_480p_30fps_5s
1178,1,all,1,0.9065584540988204,2,3,0,-11,11.649183250274437,0:0,temporal,1,410,4,umh,48,0,1,none,1,baseline,0.5123914458022217,39,0,192,2,19,6,55,0,1,1,Big_480p_30fps_5s
1178,0,all,3,0.9065584540988204,0,4,0,-10,11.649183250274437,0:0,auto,0,410,4,umh,11,0,0,cbr,1,high,0.3836774366048915,39,0,10,4,37,0,30,0,1,2,Big_480p_30fps_5s
1178,0,all,3,0.9065584540988204,2,3,1,-10,11.649183250274437,0:0,none,0,410,4,esa,11,0,0,cbr,1,main,0.5198243635812297,39,0,10,4,37,6,30,0,1,2,Big_480p_30fps_5s
1178,0,all,1,0.9065584540988204,2,3,0,-11,11.649183250274437,0:0,auto,0,410,4,umh,11,0,0,cbr,1,baseline,0.5123914458022217,39,0,10,4,37,6,30,0,1,2,Big_480p_30fps_5s
1178,0,p4x4,3,0.8875295029693533,2,3,1,12,11.649183250274437,0:0,temporal,1,410,4,umh,11,1,1,none,1,baseline,0.5123914458022217,39,4,192,2,19,2,40,1,1,1,Action_720p_30fps_20s
1178,0,all,3,0.9065584540988204,2,3,1,-10,11.649183250274437,4:-4,spatial,0,410,4,umh,11,1,1,none,0,baseline,0.5123914458022217,39,4,192,2,19,2,4,1,1,2,Action_720p_30fps_20s
1178,0,all,1,0.9065584540988204,2,3,0,-11,11.649183250274437,0:0,temporal,0,410,4,umh,11,0,0,cbr,1,main,0.965829524139684,22,0,10,4,37,0,30,0,1,2,Action_720p_30fps_20s
1178,0,all,3,0.9065584540988204,2,3,1,-10,11.649183250274437,0:0,auto,1,410,0,umh,11,0,1,none,1,baseline,0.5123914458022217,39,0,192,2,19,6,40,1,0,1,Action_720p_30fps_20s
1178,0,all,3,0.9065584540988204,2,4,1,-10,11.649183250274437,0:0,auto,0,410,4,umh,11,0,0,cbr,1,baseline,0.5123914458022217,39,0,10,4,37,6,30,0,1,2,Action_720p_30fps_20s
1178,0,all,3,0.9065584540988204,2,3,0,-11,11.649183250274437,0:0,auto,1,410,4,umh,11,0,0,cbr,1,baseline,0.5123914458022217,39,0,10,4,37,0,30,0,1,0,Action_720p_30fps_20s
1178,0,all,1,0.9065584540988204,2,3,0,-11,11.649183250274437,0:0,temporal,1,410,4,umh,11,0,1,none,1,baseline,0.5123914458022217,39,0,192,2,19,6,40,1,1,1,Action_720p_30fps_20s
1178,0,all,3,0.9065584540988204,2,3,1,-3,11.649183250274437,0:0,auto,0,410,4,umh,11,0,1,cbr,1,baseline,0.5123914458022217,39,0,10,4,37,0,59,0,1,2,Action_720p_30fps_20s
1178,0,all,3,0.8875295029693533,2,3,1,-11,11.649183250274437,0:0,auto,0,410,4,umh,11,1,1,cbr,1,baseline,0.9148497995135092,46,1,88,14,43,4,38,0,0,0,Action_720p_30fps_20s
1178,0,all,3,0.9065584540988204,2,3,1,-10,11.649183250274437,0:0,auto,0,410,4,umh,11,0,0,cbr,1,baseline,0.5123914458022217,39,0,10,4,37,0,30,0,1,2,Action_720p_30fps_20s
1178,0,all,3,0.9065584540988204,2,3,1,-10,11.649183250274437,0:0,auto,0,410,4,umh,11,1,0,cbr,1,high,0.5123914458022217,39,0,10,4,37,0,30,0,1,2,Action_720p_30fps_20s
1178,0,all,3,0.9065584540988204,2,3,0,-11,11.649183250274437,0:0,auto,0,410,4,umh,11,0,0,cbr,1,baseline,0.5123914458022217,39,14,29,2,19,6,40,1,0,1,Action_720p_30fps_20s
1178,0,all,0,0.9065584540988204,2,3,1,-10,32.1801943482113,0:0,auto,0,410,4,umh,11,1,0,cbr,1,high,0.5123914458022217,39,0,10,4,37,0,30,1,1,2,Action_720p_30fps_20s
1178,0,all,3,0.9065584540988204,2,3,1,-10,11.649183250274437,0:0,auto,1,100,0,umh,11,0,0,cbr,1,baseline,0.5123914458022217,39,0,10,4,37,0,30,2,0,2,Action_720p_30fps_20s
1178,0,all,3,0.9065584540988204,2,3,1,-3,11.649183250274437,0:0,auto,0,79,4,umh,63,0,0,cbr,1,baseline,0.5123914458022217,39,0,10,4,37,10,30,0,1,2,Action_720p_30fps_20s
1178,0,all,3,0.9065584540988204,2,3,1,-10,11.649183250274437,4:-4,spatial,0,410,4,umh,11,0,1,cbr,1,baseline,0.5123914458022217,39,0,10,4,37,0,59,0,1,2,Action_720p_30fps_20s
1178,0,all,1,0.8875295029693533,2,3,1,12,11.649183250274437,0:0,temporal,1,410,4,umh,11,0,1,none,1,baseline,0.5123914458022217,39,0,192,2,19,2,40,1,1,1,Action_720p_30fps_20s
1178,0,all,1,0.9065584540988204,2,3,0,-11,11.649183250274437,0:0,auto,0,410,4,umh,11,1,1,cbr,1,baseline,0.9148497995135092,46,1,88,14,43,4,41,0,0,0,Action_720p_30fps_20s
1178,0,all,3,0.9065584540988204,2,7,1,-10,11.649183250274437,0:0,auto,0,410,4,umh,11,0,1,cbr,1,baseline,0.5123914458022217,39,0,10,4,37,6,30,0,1,2,Action_720p_30fps_20s
1178,0,p8x8,3,0.9065584540988204,2,3,0,-10,11.649183250274437,0:0,none,0,410,2,umh,11,0,0,cbr,1,baseline,0.5123914458022217,39,0,10,4,37,0,30,0,1,2,Action_720p_30fps_20s
378,1,p4x4,1,0.9844437172708528,0,11,0,0,18.518682570557125,5:-5,spatial,0,440,4,hex,33,1,1,none,1,high,0.6407411631595799,44,3,22,2,95,1,21,0,1,1,Big_1080p_30fps_15s
378,1,all,1,0.9844437172708528,0,11,0,8,18.518682570557125,5:-5,spatial,0,440,1,hex,33,0,1,none,1,high,0.6407411631595799,44,3,22,2,95,1,33,2,1,1,Big_1080p_30fps_15s
378,1,p4x4,1,0.9844437172708528,2,11,0,8,18.518682570557125,5:-5,spatial,0,440,1,hex,33,1,1,none,1,high,0.6407411631595799,44,3,22,2,95,1,21,2,0,1,Big_1080p_30fps_15s
378,1,p4x4,0,0.9844437172708528,2,11,0,-7,18.518682570557125,5:-5,spatial,0,440,1,hex,33,1,1,none,0,high,0.128052689104238,44,4,155,2,80,11,11,2,0,0,Big_1080p_30fps_15s
378,1,p8x8,1,0.9844437172708528,1,9,1,-12,18.518682570557125,5:-5,spatial,0,440,4,hex,41,0,1,none,1,high,0.6407411631595799,44,3,22,2,95,1,21,0,1,1,Big_1080p_30fps_15s
2120,1,p4x4,1,0.9844437172708528,2,5,0,0,18.518682570557125,5:-5,spatial,0,151,4,dia,53,1,1,none,1,high,0.6407411631595799,44,3,22,2,95,1,21,2,0,1,Big_1080p_30fps_15s
76,0,p8x8,3,1.997601325586333,1,12,0,8,38.687654164818326,5:-5,spatial,0,440,4,hex,33,1,1,none,1,high,0.6407411631595799,44,3,22,2,95,2,21,0,1,0,Big_1080p_30fps_15s
2295,1,all,3,1.8245416022471044,0,9,1,-12,18.518682570557125,5:-5,spatial,0,440,4,hex,41,0,1,none,1,high,0.6407411631595799,44,3,22,2,95,1,21,0,1,1,Big_1080p_30fps_15s
2120,1,p4x4,1,0.9844437172708528,2,11,0,0,18.518682570557125,5:-5,spatial,0,151,4,dia,33,1,1,none,0,high,0.6407411631595799,44,4,155,2,80,11,11,2,0,0,Big_1080p_30fps_15s
378,1,all,1,0.9844437172708528,1,9,1,-12,18.518682570557125,5:-5,spatial,1,440,4,hex,41,0,1,none,1,high,0.6407411631595799,44,3,22,14,95,1,1,0,1,1,Big_1080p_30fps_15s
378,1,p4x4,1,0.9844437172708528,2,11,0,8,18.518682570557125,5:-5,spatial,0,440,1,tesa,33,1,1,none,1,high,0.5123914458022217,39,0,10,9,37,0,30,0,1,2,Big_1080p_30fps_15s
1329,1,p8x8,3,1.997601325586333,1,12,0,-11,38.687654164818326,4:4,spatial,0,440,4,hex,33,1,0,none,1,baseline,0.6407411631595799,44,3,22,14,95,1,26,0,1,1,Big_1080p_30fps_15s
1981,1,all,1,0.9844437172708528,1,9,1,-12,18.518682570557125,5:-5,spatial,1,50,4,hex,41,0,1,none,1,high,0.6407411631595799,44,3,22,2,95,2,21,0,1,0,Big_1080p_30fps_15s
2295,1,all,3,1.5918000964484404,0,9,1,-3,18.518682570557125,5:-5,spatial,0,440,4,hex,41,0,1,none,1,high,0.6407411631595799,44,3,22,2,95,1,21,0,1,1,Big_1080p_30fps_15s
378,1,all,1,1.376009286708871,1,4,1,-12,18.518682570557125,5:-5,spatial,1,440,4,hex,41,1,1,none,1,high,0.6407411631595799,44,3,22,14,95,0,1,0,1,1,Big_1080p_30fps_15s
2120,1,p4x4,1,0.9844437172708528,2,11,0,8,18.518682570557125,5:-5,spatial,0,79,4,hex,33,0,1,cbr,1,high,0.6407411631595799,44,3,22,2,95,1,21,0,1,1,Big_1080p_30fps_15s
378,1,p4x4,1,0.9844437172708528,0,11,0,0,18.518682570557125,5:-5,spatial,0,151,4,dia,33,1,1,none,0,high,0.6407411631595799,44,4,155,2,80,9,11,2,0,0,Big_1080p_30fps_15s
378,1,all,1,0.9844437172708528,1,11,0,8,18.518682570557125,5:-5,none,0,440,1,hex,33,0,1,none,1,high,0.6407411631595799,44,3,22,2,95,1,33,2,1,1,Big_1080p_30fps_15s
378,1,all,1,0.9844437172708528,0,11,0,8,18.518682570557125,5:-5,spatial,0,440,1,hex,33,0,1,none,1,main,0.6407411631595799,44,3,22,2,95,1,33,0,1,2,Big_1080p_30fps_15s
2169,1,all,2,0.9844437172708528,0,11,0,-12,18.518682570557125,5:-5,spatial,1,440,4,hex,41,0,0,none,1,high,0.6407411631595799,44,3,22,7,95,1,1,0,1,1,Big_1080p_30fps_15s
1178,0,all,3,0.8875295029693533,2,3,1,-11,11.649183250274437,6:6,auto,0,410,4,dia,11,1,1,cbr,1,baseline,0.9148497995135092,46,1,88,14,43,4,38,0,0,0,Action_720p_30fps_15s
1178,0,all,3,0.9065584540988204,1,3,1,-3,11.649183250274437,0:0,auto,0,88,4,umh,15,0,1,cbr,1,baseline,0.9148497995135092,46,1,88,14,43,4,38,0,0,0,Action_720p_30fps_15s
1178,0,all,2,0.9065584540988204,2,4,1,-7,11.649183250274437,0:0,auto,0,182,4,umh,4,0,1,cbr,0,baseline,0.9148497995135092,46,1,88,14,43,4,8,0,0,0,Action_720p_30fps_15s
1178,0,all,1,0.9065584540988204,2,3,0,-11,11.649183250274437,0:0,temporal,0,410,4,umh,11,0,0,cbr,1,main,0.965829524139684,22,0,10,4,37,0,30,0,1,2,Action_720p_30fps_15s
1178,0,all,3,0.8875295029693533,2,3,1,-11,11.649183250274437,0:0,auto,0,410,4,umh,11,1,1,cbr,1,baseline,0.9148497995135092,46,1,88,14,43,4,38,0,0,0,Action_720p_30fps_15s
1178,0,all,3,0.9065584540988204,2,3,1,-3,11.649183250274437,0:0,auto,0,410,4,umh,11,0,1,cbr,1,baseline,0.5123914458022217,39,0,10,4,37,0,59,0,1,2,Action_720p_30fps_15s
1178,0,all,3,0.9065584540988204,2,3,0,-11,11.649183250274437,0:0,auto,1,410,4,umh,11,0,0,cbr,1,baseline,0.5123914458022217,39,0,10,4,37,0,30,0,1,0,Action_720p_30fps_15s
1178,0,all,1,0.9065584540988204,2,3,0,-11,11.649183250274437,0:0,temporal,1,410,4,umh,11,0,1,none,1,baseline,0.5123914458022217,39,0,192,2,19,6,40,1,1,1,Action_720p_30fps_15s
1178,0,all,3,0.9065584540988204,2,4,1,-10,11.649183250274437,0:0,auto,0,410,4,umh,11,0,0,cbr,1,baseline,0.5123914458022217,39,0,10,4,37,6,30,0,1,2,Action_720p_30fps_15s
1178,0,all,3,0.9065584540988204,2,3,1,-10,11.649183250274437,0:0,auto,1,410,0,umh,11,0,1,none,1,baseline,0.5123914458022217,39,0,192,2,19,6,40,1,0,1,Action_720p_30fps_15s
1178,0,all,3,0.9065584540988204,2,3,1,-10,11.649183250274437,0:0,auto,0,410,4,umh,11,0,0,cbr,1,baseline,0.5123914458022217,39,0,10,4,37,0,30,0,1,2,Action_720p_30fps_15s
1178,0,all,3,0.9065584540988204,2,3,1,-10,11.649183250274437,0:0,auto,0,410,4,umh,11,1,0,cbr,1,high,0.5123914458022217,39,0,10,4,37,0,30,0,1,2,Action_720p_30fps_15s
1178,0,all,3,0.9065584540988204,2,3,0,-11,11.649183250274437,0:0,auto,0,410,4,umh,11,0,0,cbr,1,baseline,0.5123914458022217,39,14,29,2,19,6,40,1,0,1,Action_720p_30fps_15s
1178,0,all,1,0.9065584540988204,1,1,0,-11,11.649183250274437,0:0,temporal,1,410,4,umh,11,0,1,cbr,1,main,0.965829524139684,22,0,10,4,37,5,30,0,1,2,Action_720p_30fps_15s
1178,0,all,3,0.9065584540988204,1,3,1,-3,11.649183250274437,0:0,auto,0,410,4,dia,11,0,1,cbr,1,baseline,0.6923345033245221,39,0,10,14,95,1,19,0,1,1,Action_720p_30fps_15s
1178,0,all,3,0.9065584540988204,2,3,0,-11,5.100508447678601,0:0,temporal,0,410,4,umh,11,0,0,cbr,1,baseline,0.965829524139684,22,0,10,4,37,0,30,1,1,2,Action_720p_30fps_15s
1063,0,all,1,0.9065584540988204,2,3,0,11,11.649183250274437,0:0,auto,0,410,4,umh,11,0,0,cbr,1,baseline,0.5123914458022217,39,14,29,2,19,6,40,1,0,1,Action_720p_30fps_15s
1178,0,all,2,0.8875295029693533,2,3,1,-11,11.649183250274437,0:0,auto,0,410,4,umh,11,1,1,cbr,1,baseline,0.9148497995135092,46,1,88,14,43,4,38,0,0,0,Action_720p_30fps_15s
1178,0,all,3,0.7163628943996501,2,4,0,-10,11.649183250274437,0:0,auto,1,410,4,umh,11,0,0,cbr,1,baseline,0.5123914458022217,39,0,10,4,37,0,35,0,1,2,Action_720p_30fps_15s
1178,0,all,3,0.9065584540988204,2,3,1,-10,15.132282269879608,0:0,temporal,0,410,4,umh,11,1,0,cbr,1,high,0.0997238080655871,39,0,10,4,37,0,30,0,1,1,Action_720p_30fps_15s
378,1,all,1,0.9844437172708528,0,11,0,8,18.518682570557125,5:-5,spatial,0,440,1,hex,33,0,1,none,1,high,0.6407411631595799,44,3,22,2,95,1,33,2,1,1,Standard_1080p_60fps_10s
378,1,p4x4,1,0.9844437172708528,2,11,0,8,18.518682570557125,5:-5,spatial,0,440,1,hex,33,1,1,none,1,high,0.6407411631595799,44,3,22,2,95,1,21,2,0,1,Standard_1080p_60fps_10s
378,1,p4x4,1,0.9844437172708528,0,11,0,0,18.518682570557125,5:-5,spatial,0,440,4,hex,33,1,1,none,1,high,0.6407411631595799,44,3,22,2,95,1,21,0,1,1,Standard_1080p_60fps_10s
378,1,p4x4,0,0.9844437172708528,2,11,0,-7,18.518682570557125,5:-5,spatial,0,440,1,hex,33,1,1,none,0,high,0.128052689104238,44,4,155,2,80,11,11,2,0,0,Standard_1080p_60fps_10s
2120,1,p4x4,1,0.9844437172708528,2,5,0,0,18.518682570557125,5:-5,spatial,0,151,4,dia,53,1,1,none,1,high,0.6407411631595799,44,3,22,2,95,1,21,2,0,1,Standard_1080p_60fps_10s
76,0,p8x8,3,1.997601325586333,1,12,0,8,38.687654164818326,5:-5,spatial,0,440,4,hex,33,1,1,none,1,high,0.6407411631595799,44,3,22,2,95,2,21,0,1,0,Standard_1080p_60fps_10s
2295,1,all,3,1.8245416022471044,0,9,1,-12,18.518682570557125,5:-5,spatial,0,440,4,hex,41,0,1,none,1,high,0.6407411631595799,44,3,22,2,95,1,21,0,1,1,Standard_1080p_60fps_10s
2120,1,p4x4,1,0.9844437172708528,2,11,0,0,18.518682570557125,5:-5,spatial,0,151,4,dia,33,1,1,none,0,high,0.6407411631595799,44,4,155,2,80,11,11,2,0,0,Standard_1080p_60fps_10s
378,1,p8x8,1,0.9844437172708528,1,9,1,-12,18.518682570557125,5:-5,spatial,0,440,4,hex,41,0,1,none,1,high,0.6407411631595799,44,3,22,2,95,1,21,0,1,1,Standard_1080p_60fps_10s
378,1,all,1,0.9844437172708528,1,9,1,-12,18.518682570557125,5:-5,spatial,1,440,4,hex,41,0,1,none,1,high,0.6407411631595799,44,3,22,14,95,1,1,0,1,1,Standard_1080p_60fps_10s
378,1,p4x4,1,0.9844437172708528,2,11,0,8,22.44793848931942,5:-5,spatial,0,440,4,esa,41,0,1,vbr,1,high,0.6407411631595799,44,3,22,2,95,1,21,0,1,1,Standard_1080p_60fps_10s
378,1,all,1,0.522321475535845,0,11,0,8,18.518682570557125,5:-5,spatial,0,440,1,hex,33,1,1,none,1,high,0.6407411631595799,44,3,22,2,95,0,30,0,1,0,Standard_1080p_60fps_10s
1178,0,all,3,0.9065584540988204,2,10,0,8,38.687654164818326,5:-5,spatial,0,440,4,umh,63,1,1,vbr,1,high,0.6407411631595799,44,3,22,2,95,2,21,0,1,0,Standard_1080p_60fps_10s
2120,1,p4x4,1,0.9844437172708528,2,5,1,-1,18.518682570557125,5:-5,spatial,0,151,4,dia,53,1,1,none,1,high,0.6407411631595799,44,13,22,2,95,1,21,0,1,1,Standard_1080p_60fps_10s
378,1,p8x8,1,0.9844437172708528,1,9,0,11,18.518682570557125,5:-5,spatial,0,440,4,hex,41,0,1,none,1,high,0.6407411631595799,44,3,22,2,95,1,21,2,0,1,Standard_1080p_60fps_10s
2120,1,p4x4,1,0.9844437172708528,2,11,0,0,28.04481883191197,5:-5,spatial,0,151,4,dia,49,1,1,none,0,high,0.6407411631595799,44,4,62,2,80,1,1,0,1,1,Standard_1080p_60fps_10s
378,1,all,2,0.9844437172708528,1,9,1,-12,18.518682570557125,5:-5,spatial,0,440,4,hex,41,0,1,none,1,high,0.6407411631595799,44,3,22,14,95,11,11,0,0,0,Standard_1080p_60fps_10s
2120,1,p4x4,1,0.9844437172708528,2,11,0,0,18.518682570557125,5:-5,spatial,0,151,4,dia,33,1,1,none,0,high,0.6407411631595799,44,4,155,2,34,6,58,0,1,2,Standard_1080p_60fps_10s
1178,0,p4x4,3,0.9065584540988204,2,4,1,-12,18.518682570557125,5:-5,spatial,0,440,4,hex,41,0,1,none,1,high,0.6407411631595799,44,4,22,2,95,1,36,0,1,1,Standard_1080p_60fps_10s
378,1,p4x4,1,0.9844437172708528,0,11,1,0,18.518682570557125,5:-5,spatial,0,440,4,hex,33,1,1,none,1,high,0.5123914458022217,39,0,10,4,37,0,30,0,1,0,Standard_1080p_60fps_10s
827,1,all,3,1.8245416022471044,1,9,1,-12,4.561344838176452,0:0,spatial,0,440,4,hex,41,0,1,cbr,1,high,0.3634440361832308,44,3,22,3,95,1,21,0,0,1,Big_720p_30fps_20s
50,1,all,3,1.4468380325675676,1,9,1,-12,25.76419631609304,0:0,spatial,0,440,4,hex,41,0,1,cbr,1,high,0.6144110522685987,26,3,36,3,95,3,21,0,0,1,Big_720p_30fps_20s
378,1,all,1,0.9844437172708528,0,11,0,8,18.518682570557125,5:-5,spatial,0,440,1,hex,33,0,1,none,1,high,0.6407411631595799,44,3,22,2,95,1,33,2,1,1,Big_720p_30fps_20s
76,0,p8x8,3,1.997601325586333,1,12,0,8,38.687654164818326,5:-5,spatial,0,440,4,hex,33,1,1,none,1,high,0.6407411631595799,44,3,22,2,95,2,21,0,1,0,Big_720p_30fps_20s
2120,1,p4x4,1,0.9844437172708528,2,11,0,0,18.518682570557125,5:-5,spatial,0,151,4,dia,33,1,1,none,0,high,0.6407411631595799,44,4,155,2,80,11,11,2,0,0,Big_720p_30fps_20s
378,1,p8x8,1,0.9844437172708528,1,9,1,-12,18.518682570557125,5:-5,spatial,0,440,4,hex,41,0,1,none,1,high,0.6407411631595799,44,3,22,2,95,1,21,0,1,1,Big_720p_30fps_20s
378,1,p4x4,0,0.9844437172708528,2,11,0,-7,18.518682570557125,5:-5,spatial,0,440,1,hex,33,1,1,none,0,high,0.128052689104238,44,4,155,2,80,11,11,2,0,0,Big_720p_30fps_20s
2120,1,p4x4,1,0.9844437172708528,2,5,0,0,18.518682570557125,5:-5,spatial,0,151,4,dia,53,1,1,none,1,high,0.6407411631595799,44,3,22,2,95,1,21,2,0,1,Big_720p_30fps_20s
2295,1,all,3,1.8245416022471044,0,9,1,-12,18.518682570557125,5:-5,spatial,0,440,4,hex,41,0,1,none,1,high,0.6407411631595799,44,3,22,2,95,1,21,0,1,1,Big_720p_30fps_20s
378,1,p4x4,1,0.9844437172708528,0,11,0,0,18.518682570557125,5:-5,spatial,0,440,4,hex,33,1,1,none,1,high,0.6407411631595799,44,3,22,2,95,1,21,0,1,1,Big_720p_30fps_20s
378,1,p4x4,1,0.9844437172708528,2,11,0,8,18.518682570557125,5:-5,spatial,0,440,1,hex,33,1,1,none,1,high,0.6407411631595799,44,3,22,2,95,1,21,2,0,1,Big_720p_30fps_20s
378,1,all,1,0.9844437172708528,1,9,1,-12,18.518682570557125,5:-5,spatial,1,440,4,hex,41,0,1,none,1,high,0.6407411631595799,44,3,22,14,95,1,1,0,1,1,Big_720p_30fps_20s
378,1,all,1,0.9844437172708528,0,11,0,8,18.518682570557125,5:-5,spatial,0,151,4,dia,33,1,0,none,0,high,0.6407411631595799,44,4,155,2,80,11,11,2,0,0,Big_720p_30fps_20s
2120,1,p4x4,1,0.9844437172708528,2,11,0,0,40.293151393133655,5:-5,spatial,0,440,1,hex,33,0,1,none,1,high,0.6407411631595799,44,3,22,2,95,1,8,2,1,1,Big_720p_30fps_20s
378,1,all,1,0.9844437172708528,0,11,0,-7,18.518682570557125,5:-5,spatial,0,440,1,hex,33,0,1,none,1,high,0.6407411631595799,44,0,10,4,37,0,59,0,1,2,Big_720p_30fps_20s
378,1,p4x4,2,0.9844437172708528,0,11,0,0,18.518682570557125,5:-5,temporal,0,440,4,hex,41,0,1,none,1,high,0.3634440361832308,44,3,22,3,95,1,21,0,0,1,Big_720p_30fps_20s
2295,1,all,3,0.4999393539102281,0,7,1,-12,18.518682570557125,5:-5,spatial,0,440,4,hex,33,0,1,none,0,high,0.6407411631595799,44,3,250,2,95,1,21,0,1,1,Big_720p_30fps_20s
378,1,all,1,0.9844437172708528,0,11,0,8,18.518682570557125,5:-5,spatial,0,440,2,hex,33,0,1,none,1,baseline,0.5123914458022217,39,1,10,4,37,0,30,0,0,0,Big_720p_30fps_20s
378,1,p4x4,0,0.9844437172708528,1,11,0,-7,18.518682570557125,5:-5,spatial,0,440,1,hex,33,0,1,none,0,high,0.128052689104238,44,4,155,2,80,11,11,2,0,2,Big_720p_30fps_20s
378,1,p4x4,1,0.9844437172708528,0,16,0,0,18.518682570557125,5:-5,spatial,0,151,4,dia,53,1,1,none,1,baseline,0.6407411631595799,44,3,22,2,80,1,21,2,0,1,Big_720p_30fps_20s
1178,0,all,1,0.9065584540988204,2,3,0,-11,11.649183250274437,0:0,temporal,0,410,4,umh,11,0,0,cbr,1,main,0.965829524139684,22,0,10,4,37,0,30,0,1,2,Big_1080p_30fps_5s
1178,0,all,3,0.9065584540988204,2,4,1,-10,11.649183250274437,0:0,auto,0,410,4,umh,11,0,0,cbr,1,baseline,0.5123914458022217,39,0,10,4,37,6,30,0,1,2,Big_1080p_30fps_5s
1178,0,all,3,0.9065584540988204,2,3,1,-10,11.649183250274437,0:0,auto,1,410,0,umh,11,0,1,none,1,baseline,0.5123914458022217,39,0,192,2,19,6,40,1,0,1,Big_1080p_30fps_5s
1178,0,all,3,0.9065584540988204,2,3,1,-3,11.649183250274437,0:0,auto,0,410,4,umh,11,0,1,cbr,1,baseline,0.5123914458022217,39,0,10,4,37,0,59,0,1,2,Big_1080p_30fps_5s
1178,0,all,3,0.8875295029693533,2,3,1,-11,11.649183250274437,0:0,auto,0,410,4,umh,11,1,1,cbr,1,baseline,0.9148497995135092,46,1,88,14,43,4,38,0,0,0,Big_1080p_30fps_5s
1178,0,all,3,0.9065584540988204,2,3,0,-11,11.649183250274437,0:0,auto,1,410,4,umh,11,0,0,cbr,1,baseline,0.5123914458022217,39,0,10,4,37,0,30,0,1,0,Big_1080p_30fps_5s
1178,0,all,1,0.9065584540988204,2,3,0,-11,11.649183250274437,0:0,temporal,1,410,4,umh,11,0,1,none,1,baseline,0.5123914458022217,39,0,192,2,19,6,40,1,1,1,Big_1080p_30fps_5s
1178,0,all,3,0.9065584540988204,2,3,1,-10,11.649183250274437,0:0,auto,0,410,4,umh,11,0,0,cbr,1,baseline,0.5123914458022217,39,0,10,4,37,0,30,0,1,2,Big_1080p_30fps_5s
1178,0,all,3,0.9065584540988204,2,3,1,-10,11.649183250274437,0:0,auto,0,410,4,umh,11,1,0,cbr,1,high,0.5123914458022217,39,0,10,4,37,0,30,0,1,2,Big_1080p_30fps_5s
1178,0,all,3,0.9065584540988204,2,3,0,-11,11.649183250274437,0:0,auto,0,410,4,umh,11,0,0,cbr,1,baseline,0.5123914458022217,39,14,29,2,19,6,40,1,0,1,Big_1080p_30fps_5s
1178,0,all,3,0.9065584540988204,2,5,1,-10,11.649183250274437,0:0,auto,0,410,4,umh,11,0,0,cbr,1,baseline,0.5123914458022217,39,0,22,2,95,2,21,0,1,0,Big_1080p_30fps_5s
2145,0,"p8x8,b8x8,i8x8,i4x4",3,0.9065584540988204,2,4,1,-10,11.649183250274437,0:0,auto,0,410,4,esa,11,1,0,cbr,1,high,0.5123914458022217,39,0,10,4,56,0,30,1,1,0,Big_1080p_30fps_5s
1178,0,all,1,0.9065584540988204,2,3,0,-11,11.649183250274437,0:0,temporal,1,410,4,umh,11,0,1,none,0,baseline,0.5123914458022217,39,0,192,2,19,6,40,1,1,1,Big_1080p_30fps_5s
1178,0,all,3,0.9065584540988204,2,3,0,-11,11.649183250274437,0:0,auto,1,410,4,umh,11,0,0,cbr,0,baseline,0.5123914458022217,39,0,10,4,37,0,30,0,1,0,Big_1080p_30fps_5s
1178,0,all,3,0.8875295029693533,2,3,1,-11,5.634771623297636,0:0,auto,0,474,4,umh,11,1,1,vbr,0,baseline,0.9148497995135092,46,1,25,13,43,4,38,0,0,0,Big_1080p_30fps_5s
1178,0,all,3,0.9065584540988204,2,3,0,-11,11.649183250274437,0:0,auto,1,410,4,umh,11,0,0,cbr,1,baseline,0.5123914458022217,39,0,10,4,37,0,28,0,1,0,Big_1080p_30fps_5s
1178,0,all,3,0.9065584540988204,2,3,1,-10,11.649183250274437,0:0,auto,0,410,4,umh,35,1,0,cbr,1,main,0.5123914458022217,39,0,10,4,37,0,30,1,1,2,Big_1080p_30fps_5s
1178,0,all,2,0.9065584540988204,2,3,1,-3,11.649183250274437,0:0,spatial,0,96,4,umh,11,0,1,vbr,1,baseline,0.5123914458022217,39,0,10,4,37,0,59,0,0,2,Big_1080p_30fps_5s
1980,1,all,3,0.9065584540988204,2,3,1,-3,11.649183250274437,-5:5,auto,0,135,4,umh,11,0,0,cbr,1,baseline,0.5123914458022217,39,0,10,4,37,0,59,0,1,2,Big_1080p_30fps_5s
1178,0,all,1,0.9065584540988204,2,3,1,-1,11.649183250274437,0:0,temporal,1,410,2,tesa,11,0,1,none,1,baseline,0.5123914458022217,39,0,10,4,37,0,14,0,1,2,Big_1080p_30fps_5s
1178,0,all,1,0.9065584540988204,2,3,0,-11,11.649183250274437,0:0,temporal,0,410,4,umh,11,0,0,cbr,1,main,0.965829524139684,22,0,10,4,37,0,30,0,1,2,Still_image_480p_60fps_20s
1178,0,all,3,0.9065584540988204,2,3,1,-10,11.649183250274437,0:0,auto,1,410,0,umh,11,0,1,none,1,baseline,0.5123914458022217,39,0,192,2,19,6,40,1,0,1,Still_image_480p_60fps_20s
1178,0,all,3,0.9065584540988204,2,4,1,-10,11.649183250274437,0:0,auto,0,410,4,umh,11,0,0,cbr,1,baseline,0.5123914458022217,39,0,10,4,37,6,30,0,1,2,Still_image_480p_60fps_20s
1178,0,all,3,0.8875295029693533,2,3,1,-11,11.649183250274437,0:0,auto,0,410,4,umh,11,1,1,cbr,1,baseline,0.9148497995135092,46,1,88,14,43,4,38,0,0,0,Still_image_480p_60fps_20s
1178,0,all,3,0.9065584540988204,2,3,1,-10,11.649183250274437,0:0,auto,0,410,4,umh,11,1,0,cbr,1,high,0.5123914458022217,39,0,10,4,37,0,30,0,1,2,Still_image_480p_60fps_20s
1178,0,all,1,0.9065584540988204,2,3,0,-11,11.649183250274437,0:0,temporal,1,410,4,umh,11,0,1,none,1,baseline,0.5123914458022217,39,0,192,2,19,6,40,1,1,1,Still_image_480p_60fps_20s
1178,0,all,3,0.9065584540988204,2,3,1,-3,11.649183250274437,0:0,auto,0,410,4,umh,11,0,1,cbr,1,baseline,0.5123914458022217,39,0,10,4,37,0,59,0,1,2,Still_image_480p_60fps_20s
1178,0,all,3,0.9065584540988204,2,3,1,-10,11.649183250274437,0:0,auto,0,410,4,umh,11,0,0,cbr,1,baseline,0.5123914458022217,39,0,10,4,37,0,30,0,1,2,Still_image_480p_60fps_20s
1178,0,all,3,0.9065584540988204,2,3,0,-11,11.649183250274437,0:0,auto,1,410,4,umh,11,0,0,cbr,1,baseline,0.5123914458022217,39,0,10,4,37,0,30,0,1,0,Still_image_480p_60fps_20s
1178,0,all,3,0.9065584540988204,2,3,0,-11,11.649183250274437,0:0,auto,0,410,4,umh,11,0,0,cbr,1,baseline,0.5123914458022217,39,14,29,2,19,6,40,1,0,1,Still_image_480p_60fps_20s
378,1,all,1,0.9065584540988204,2,4,1,-10,11.649183250274437,0:0,auto,1,410,4,umh,33,0,1,cbr,1,baseline,0.2480714010763372,39,0,10,1,37,6,3,0,1,2,Still_image_480p_60fps_20s
1178,1,all,3,0.9065584540988204,0,3,0,-11,11.649183250274437,0:0,auto,1,410,4,dia,11,0,0,cbr,0,baseline,0.5123914458022217,39,0,237,2,19,4,40,1,1,1,Still_image_480p_60fps_20s
1178,0,all,3,0.9065584540988204,2,3,0,-10,11.649183250274437,0:0,auto,1,410,0,dia,18,0,1,cbr,1,baseline,0.5123914458022217,39,0,10,4,37,0,30,0,1,0,Still_image_480p_60fps_20s
1178,0,all,1,0.9065584540988204,2,3,0,-11,11.649183250274437,5:5,temporal,1,410,4,esa,11,0,1,cbr,1,high,0.5123914458022217,39,14,10,2,37,0,30,0,1,2,Still_image_480p_60fps_20s
1178,0,all,3,0.9065584540988204,2,3,1,-10,11.649183250274437,0:0,auto,1,410,4,umh,11,1,0,none,1,baseline,0.5123914458022217,22,0,192,2,6,6,40,1,1,1,Still_image_480p_60fps_20s
1178,0,all,3,0.9065584540988204,2,4,1,-10,11.649183250274437,0:0,auto,0,410,4,dia,11,0,0,cbr,1,baseline,0.5123914458022217,39,0,10,2,95,1,38,2,1,1,Still_image_480p_60fps_20s
1178,0,all,3,0.9065584540988204,2,3,0,3,11.649183250274437,0:0,auto,1,410,0,umh,11,0,1,none,1,baseline,0.5123914458022217,39,0,192,2,19,6,55,1,1,1,Still_image_480p_60fps_20s
1178,0,all,3,0.9065584540988204,2,3,0,-11,11.649183250274437,0:0,auto,1,410,4,umh,11,0,0,cbr,1,main,0.5123914458022217,25,0,10,4,37,0,9,0,1,0,Still_image_480p_60fps_20s
1100,0,all,3,0.8875295029693533,2,5,1,-11,11.649183250274437,0:0,auto,0,410,4,umh,11,1,1,cbr,1,baseline,0.9148497995135092,46,1,88,14,30,4,38,0,0,0,Still_image_480p_60fps_20s
1178,0,all,3,0.9065584540988204,2,3,1,-10,11.649183250274437,0:0,auto,0,410,4,umh,11,1,1,cbr,1,high,0.5123914458022217,46,0,10,4,37,0,59,0,1,2,Still_image_480p_60fps_20s
378,1,all,1,0.9844437172708528,0,11,0,8,18.518682570557125,5:-5,spatial,0,440,1,hex,33,0,1,none,1,high,0.6407411631595799,44,3,22,2,95,1,33,2,1,1,Still_image_720p_30fps_10s
378,1,p4x4,1,0.9844437172708528,0,11,0,0,18.518682570557125,5:-5,spatial,0,440,4,hex,33,1,1,none,1,high,0.6407411631595799,44,3,22,2,95,1,21,0,1,1,Still_image_720p_30fps_10s
378,1,p4x4,1,0.9844437172708528,2,11,0,8,18.518682570557125,5:-5,spatial,0,440,1,hex,33,1,1,none,1,high,0.6407411631595799,44,3,22,2,95,1,21,2,0,1,Still_image_720p_30fps_10s
378,1,p4x4,0,0.9844437172708528,2,11,0,-7,18.518682570557125,5:-5,spatial,0,440,1,hex,33,1,1,none,0,high,0.128052689104238,44,4,155,2,80,11,11,2,0,0,Still_image_720p_30fps_10s
2120,1,p4x4,1,0.9844437172708528,2,5,0,0,18.518682570557125,5:-5,spatial,0,151,4,dia,53,1,1,none,1,high,0.6407411631595799,44,3,22,2,95,1,21,2,0,1,Still_image_720p_30fps_10s
2295,1,all,3,1.8245416022471044,0,9,1,-12,18.518682570557125,5:-5,spatial,0,440,4,hex,41,0,1,none,1,high,0.6407411631595799,44,3,22,2,95,1,21,0,1,1,Still_image_720p_30fps_10s
76,0,p8x8,3,1.997601325586333,1,12,0,8,38.687654164818326,5:-5,spatial,0,440,4,hex,33,1,1,none,1,high,0.6407411631595799,44,3,22,2,95,2,21,0,1,0,Still_image_720p_30fps_10s
378,1,p8x8,1,0.9844437172708528,1,9,1,-12,18.518682570557125,5:-5,spatial,0,440,4,hex,41,0,1,none,1,high,0.6407411631595799,44,3,22,2,95,1,21,0,1,1,Still_image_720p_30fps_10s
2120,1,p4x4,1,0.9844437172708528,2,11,0,0,18.518682570557125,5:-5,spatial,0,151,4,dia,33,1,1,none,0,high,0.6407411631595799,44,4,155,2,80,11,11,2,0,0,Still_image_720p_30fps_10s
378,1,all,1,0.9844437172708528,1,9,1,-12,18.518682570557125,5:-5,spatial,1,440,4,hex,41,0,1,none,1,high,0.6407411631595799,44,3,22,14,95,1,1,0,1,1,Still_image_720p_30fps_10s
378,1,all,2,0.9844437172708528,0,11,0,8,18.518682570557125,5:-5,spatial,1,440,1,hex,33,0,1,none,1,high,0.5179244081964828,44,3,22,2,95,1,33,2,1,1,Still_image_720p_30fps_10s
76,1,p8x8,3,1.997601325586333,1,12,0,8,38.687654164818326,5:-5,spatial,0,440,4,hex,33,1,1,none,1,high,0.6407411631595799,44,3,22,2,95,2,24,0,1,0,Still_image_720p_30fps_10s
1178,0,all,3,1.949458843569224,2,11,0,-3,18.518682570557125,5:-5,spatial,0,440,1,hex,33,1,1,none,1,high,0.6407411631595799,44,6,22,2,95,5,21,2,0,1,Still_image_720p_30fps_10s
76,0,p8x8,3,1.997601325586333,1,11,0,8,18.518682570557125,5:-5,spatial,0,440,1,hex,33,1,1,vbr,1,high,0.6407411631595799,44,3,22,2,95,1,21,2,0,0,Still_image_720p_30fps_10s
378,1,p4x4,1,0.9844437172708528,2,12,0,-10,38.687654164818326,5:-5,spatial,0,440,4,hex,33,1,1,none,1,high,0.8293684270185318,44,3,22,16,53,2,55,0,1,0,Still_image_720p_30fps_10s
378,1,p8x8,1,0.9844437172708528,1,9,1,-8,18.518682570557125,5:-5,spatial,0,440,4,hex,41,0,0,cbr,1,high,0.5123914458022217,39,0,10,4,37,6,30,0,1,2,Still_image_720p_30fps_10s
378,1,none,1,0.9844437172708528,1,9,1,-12,40.323908075426026,5:-5,spatial,0,440,4,hex,41,0,1,none,1,baseline,0.6407411631595799,44,3,22,2,40,1,21,0,1,1,Still_image_720p_30fps_10s
743,1,p4x4,1,0.9844437172708528,2,5,0,0,18.518682570557125,5:-5,spatial,0,151,4,dia,53,0,1,none,1,high,0.6407411631595799,44,3,22,2,25,2,42,0,1,0,Still_image_720p_30fps_10s
76,1,p8x8,3,1.997601325586333,1,12,0,8,38.687654164818326,5:-5,spatial,0,440,2,hex,33,1,0,none,1,main,0.6407411631595799,44,3,22,2,95,1,33,2,1,1,Still_image_720p_30fps_10s
378,1,all,1,0.9844437172708528,0,3,0,-6,18.518682570557125,5:-5,spatial,0,276,1,tesa,33,1,0,none,1,high,0.6407411631595799,44,3,22,2,95,2,24,2,1,0,Still_image_720p_30fps_10s
1178,0,all,3,0.9065584540988204,2,4,1,-10,11.649183250274437,0:0,auto,0,410,4,umh,11,0,0,cbr,1,baseline,0.5123914458022217,39,0,10,4,37,6,30,0,1,2,Still_image_1080p_60fps_10s
1178,0,all,3,0.9065584540988204,2,3,1,-10,11.649183250274437,0:0,auto,1,410,0,umh,11,0,1,none,1,baseline,0.5123914458022217,39,0,192,2,19,6,40,1,0,1,Still_image_1080p_60fps_10s
1178,0,all,1,0.9065584540988204,2,3,0,-11,11.649183250274437,0:0,temporal,0,410,4,umh,11,0,0,cbr,1,main,0.965829524139684,22,0,10,4,37,0,30,0,1,2,Still_image_1080p_60fps_10s
1178,0,all,1,0.9065584540988204,2,3,0,-11,11.649183250274437,0:0,temporal,1,410,4,umh,11,0,1,none,1,baseline,0.5123914458022217,39,0,192,2,19,6,40,1,1,1,Still_image_1080p_60fps_10s
1178,0,all,3,0.9065584540988204,2,3,1,-3,11.649183250274437,0:0,auto,0,410,4,umh,11,0,1,cbr,1,baseline,0.5123914458022217,39,0,10,4,37,0,59,0,1,2,Still_image_1080p_60fps_10s
1178,0,all,3,0.8875295029693533,2,3,1,-11,11.649183250274437,0:0,auto,0,410,4,umh,11,1,1,cbr,1,baseline,0.9148497995135092,46,1,88,14,43,4,38,0,0,0,Still_image_1080p_60fps_10s
1178,0,all,3,0.9065584540988204,2,3,0,-11,11.649183250274437,0:0,auto,1,410,4,umh,11,0,0,cbr,1,baseline,0.5123914458022217,39,0,10,4,37,0,30,0,1,0,Still_image_1080p_60fps_10s
1178,0,all,3,0.9065584540988204,2,3,1,-10,11.649183250274437,0:0,auto,0,410,4,umh,11,0,0,cbr,1,baseline,0.5123914458022217,39,0,10,4,37,0,30,0,1,2,Still_image_1080p_60fps_10s
1178,0,all,3,0.9065584540988204,2,3,1,-10,11.649183250274437,0:0,auto,0,410,4,umh,11,1,0,cbr,1,high,0.5123914458022217,39,0,10,4,37,0,30,0,1,2,Still_image_1080p_60fps_10s
1178,0,all,3,0.9065584540988204,2,3,0,-11,11.649183250274437,0:0,auto,0,410,4,umh,11,0,0,cbr,1,baseline,0.5123914458022217,39,14,29,2,19,6,40,1,0,1,Still_image_1080p_60fps_10s
1178,0,all,3,0.9065584540988204,2,16,0,-11,11.649183250274437,5:-5,temporal,0,410,4,umh,11,0,0,cbr,1,main,0.965829524139684,22,0,10,4,37,10,30,0,1,0,Still_image_1080p_60fps_10s
1178,0,all,3,0.9065584540988204,2,3,0,-11,11.649183250274437,0:0,auto,1,410,4,umh,11,0,0,cbr,1,baseline,0.5123914458022217,39,0,10,4,37,0,64,1,1,2,Still_image_1080p_60fps_10s
1178,0,all,3,0.9065584540988204,2,3,0,-11,22.37676596520689,0:0,auto,0,410,4,umh,11,0,1,cbr,0,baseline,0.5123914458022217,39,15,10,4,37,0,59,0,1,2,Still_image_1080p_60fps_10s
1178,0,all,3,0.9065584540988204,2,3,1,-3,11.649183250274437,0:0,auto,0,68,4,umh,35,0,0,cbr,1,baseline,0.5123914458022217,39,14,29,2,19,6,40,1,0,1,Still_image_1080p_60fps_10s
1178,0,all,3,0.9065584540988204,2,3,1,-10,11.649183250274437,0:0,auto,1,410,4,umh,11,0,0,none,1,baseline,0.965829524139684,22,0,10,4,37,0,30,0,1,2,Still_image_1080p_60fps_10s
1700,0,all,1,0.9065584540988204,2,3,0,-11,11.649183250274437,0:0,temporal,1,410,1,umh,11,0,0,cbr,1,baseline,0.5123914458022217,39,0,10,14,37,8,30,0,1,2,Still_image_1080p_60fps_10s
1178,0,all,1,0.9065584540988204,2,3,0,-11,11.649183250274437,0:0,temporal,1,410,4,umh,11,1,1,none,0,baseline,0.5123914458022217,39,0,192,2,19,6,40,1,1,2,Still_image_1080p_60fps_10s
1178,0,all,3,0.9065584540988204,2,3,0,-3,3.615673853878682,0:0,auto,0,410,4,umh,11,0,1,cbr,1,high,0.5123914458022217,39,0,10,4,37,0,59,0,1,2,Still_image_1080p_60fps_10s
2138,0,all,3,0.9065584540988204,2,3,0,-11,11.649183250274437,0:0,auto,0,410,4,umh,11,0,0,cbr,1,baseline,0.5123914458022217,39,0,10,4,37,6,30,0,1,2,Still_image_1080p_60fps_10s
1178,0,all,3,0.9065584540988204,2,4,1,-10,11.649183250274437,0:0,auto,0,410,4,umh,11,0,0,cbr,1,baseline,0.5123914458022217,39,14,29,2,19,9,40,1,0,1,Still_image_1080p_60fps_10s
378,1,all,1,0.9844437172708528,0,11,0,8,18.518682570557125,5:-5,spatial,0,440,1,hex,33,0,1,none,1,high,0.6407411631595799,44,3,22,2,95,1,33,2,1,1,Standard_480p_30fps_5s
378,1,p4x4,0,0.9844437172708528,2,11,0,-7,18.518682570557125,5:-5,spatial,0,440,1,hex,33,1,1,none,0,high,0.128052689104238,44,4,155,2,80,11,11,2,0,0,Standard_480p_30fps_5s
378,1,p4x4,1,0.9844437172708528,0,11,0,0,18.518682570557125,5:-5,spatial,0,440,4,hex,33,1,1,none,1,high,0.6407411631595799,44,3,22,2,95,1,21,0,1,1,Standard_480p_30fps_5s
2120,1,p4x4,1,0.9844437172708528,2,5,0,0,18.518682570557125,5:-5,spatial,0,151,4,dia,53,1,1,none,1,high,0.6407411631595799,44,3,22,2,95,1,21,2,0,1,Standard_480p_30fps_5s
378,1,p4x4,1,0.9844437172708528,2,11,0,8,18.518682570557125,5:-5,spatial,0,440,1,hex,33,1,1,none,1,high,0.6407411631595799,44,3,22,2,95,1,21,2,0,1,Standard_480p_30fps_5s
2120,1,p4x4,1,0.9844437172708528,2,11,0,0,18.518682570557125,5:-5,spatial,0,151,4,dia,33,1,1,none,0,high,0.6407411631595799,44,4,155,2,80,11,11,2,0,0,Standard_480p_30fps_5s
378,1,p8x8,1,0.9844437172708528,1,9,1,-12,18.518682570557125,5:-5,spatial,0,440,4,hex,41,0,1,none,1,high,0.6407411631595799,44,3,22,2,95,1,21,0,1,1,Standard_480p_30fps_5s
2295,1,all,3,1.8245416022471044,0,9,1,-12,18.518682570557125,5:-5,spatial,0,440,4,hex,41,0,1,none,1,high,0.6407411631595799,44,3,22,2,95,1,21,0,1,1,Standard_480p_30fps_5s
76,0,p8x8,3,1.997601325586333,1,12,0,8,38.687654164818326,5:-5,spatial,0,440,4,hex,33,1,1,none,1,high,0.6407411631595799,44,3,22,2,95,2,21,0,1,0,Standard_480p_30fps_5s
378,1,all,1,0.9844437172708528,1,9,1,-12,18.518682570557125,5:-5,spatial,1,440,4,hex,41,0,1,none,1,high,0.6407411631595799,44,3,22,14,95,1,1,0,1,1,Standard_480p_30fps_5s
378,1,p4x4,3,0.9844437172708528,2,11,0,8,18.518682570557125,5:-5,spatial,0,440,0,hex,33,0,0,none,1,high,0.6407411631595799,44,3,22,2,95,11,21,0,1,0,Standard_480p_30fps_5s
378,1,p8x8,1,0.9844437172708528,1,11,1,-12,18.518682570557125,5:-5,spatial,0,440,1,hex,33,0,1,none,1,high,0.6407411631595799,44,3,22,2,95,1,33,2,1,1,Standard_480p_30fps_5s
378,1,all,1,0.9844437172708528,0,11,0,8,18.518682570557125,5:-5,none,0,440,4,umh,41,0,1,none,1,high,0.6407411631595799,44,3,22,2,95,1,47,0,1,1,Standard_480p_30fps_5s
378,1,p4x4,1,0.9844437172708528,2,9,0,8,18.518682570557125,5:-5,spatial,0,102,1,hex,33,1,0,none,1,high,0.6407411631595799,44,3,22,2,95,1,21,2,0,1,Standard_480p_30fps_5s
378,1,all,1,1.6353408070573725,0,11,0,0,18.518682570557125,5:-5,spatial,0,440,4,hex,33,1,1,none,1,high,0.6407411631595799,44,3,22,2,95,1,21,0,1,1,Standard_480p_30fps_5s
378,1,p4x4,0,0.9844437172708528,2,11,0,-7,18.518682570557125,5:-5,spatial,0,440,1,hex,33,1,1,none,0,high,0.6407411631595799,44,3,22,2,95,1,21,0,0,1,Standard_480p_30fps_5s
76,0,p8x8,3,1.7355148617013056,1,12,0,8,44.60136026923939,5:-5,spatial,0,440,4,hex,41,0,1,none,1,high,0.6407411631595799,44,3,22,2,95,1,21,0,0,1,Standard_480p_30fps_5s
2295,1,all,3,1.8245416022471044,0,9,1,-12,18.518682570557125,5:-5,spatial,0,440,4,umh,33,1,1,none,1,high,0.6407411631595799,44,3,22,2,78,2,21,0,1,0,Standard_480p_30fps_5s
378,1,p4x4,0,0.9844437172708528,2,11,0,0,18.518682570557125,5:-5,none,0,440,2,hex,12,1,1,none,1,high,0.6407411631595799,44,3,22,2,95,1,21,1,1,1,Standard_480p_30fps_5s
378,1,p4x4,0,0.9844437172708528,2,11,0,-7,18.518682570557125,5:-5,spatial,0,440,1,hex,33,1,1,none,0,baseline,0.128052689104238,44,4,155,2,80,11,11,2,0,0,Standard_480p_30fps_5s
378,1,p4x4,0,0.9844437172708528,2,11,0,-7,18.518682570557125,5:-5,spatial,0,440,1,hex,33,1,1,none,0,high,0.128052689104238,44,4,155,2,80,11,11,2,0,0,Standard_480p_25fps_10s
378,1,p8x8,1,0.9844437172708528,1,9,1,-12,18.518682570557125,5:-5,spatial,0,440,4,hex,41,0,1,none,1,high,0.6407411631595799,44,3,22,2,95,1,21,0,1,1,Standard_480p_25fps_10s
378,1,all,1,0.9844437172708528,0,11,0,8,18.518682570557125,5:-5,spatial,0,440,1,hex,33,0,1,none,1,high,0.6407411631595799,44,3,22,2,95,1,33,2,1,1,Standard_480p_25fps_10s
2120,1,p4x4,1,0.9844437172708528,2,5,0,0,18.518682570557125,5:-5,spatial,0,151,4,dia,53,1,1,none,1,high,0.6407411631595799,44,3,22,2,95,1,21,2,0,1,Standard_480p_25fps_10s
76,0,p8x8,3,1.997601325586333,1,12,0,8,38.687654164818326,5:-5,spatial,0,440,4,hex,33,1,1,none,1,high,0.6407411631595799,44,3,22,2,95,2,21,0,1,0,Standard_480p_25fps_10s
2120,1,p4x4,1,0.9844437172708528,2,11,0,0,18.518682570557125,5:-5,spatial,0,151,4,dia,33,1,1,none,0,high,0.6407411631595799,44,4,155,2,80,11,11,2,0,0,Standard_480p_25fps_10s
378,1,p4x4,1,0.9844437172708528,2,11,0,8,18.518682570557125,5:-5,spatial,0,440,1,hex,33,1,1,none,1,high,0.6407411631595799,44,3,22,2,95,1,21,2,0,1,Standard_480p_25fps_10s
2295,1,all,3,1.8245416022471044,0,9,1,-12,18.518682570557125,5:-5,spatial,0,440,4,hex,41,0,1,none,1,high,0.6407411631595799,44,3,22,2,95,1,21,0,1,1,Standard_480p_25fps_10s
378,1,p4x4,1,0.9844437172708528,0,11,0,0,18.518682570557125,5:-5,spatial,0,440,4,hex,33,1,1,none,1,high,0.6407411631595799,44,3,22,2,95,1,21,0,1,1,Standard_480p_25fps_10s
378,1,all,1,0.9844437172708528,1,9,1,-12,18.518682570557125,5:-5,spatial,1,440,4,hex,41,0,1,none,1,high,0.6407411631595799,44,3,22,14,95,1,1,0,1,1,Standard_480p_25fps_10s
378,1,p4x4,0,0.9844437172708528,0,9,1,-12,18.518682570557125,5:-5,spatial,1,440,4,hex,41,0,1,none,1,high,0.6407411631595799,44,3,79,14,23,1,1,0,1,1,Standard_480p_25fps_10s
378,1,p4x4,0,0.9844437172708528,2,11,0,-7,18.518682570557125,5:-5,spatial,0,440,1,hex,33,1,1,none,0,high,0.128052689104238,44,3,22,14,95,1,1,0,1,1,Standard_480p_25fps_10s
2120,0,p4x4,1,0.9844437172708528,2,11,0,8,18.518682570557125,5:-5,spatial,0,440,1,hex,33,1,1,none,1,high,0.6407411631595799,44,3,22,2,95,1,21,2,0,1,Standard_480p_25fps_10s
378,1,p4x4,0,0.9844437172708528,2,11,0,-7,18.518682570557125,5:-5,spatial,1,440,1,hex,33,1,1,none,1,high,0.6407411631595799,44,3,22,14,95,1,21,2,1,1,Standard_480p_25fps_10s
378,1,all,1,1.1156797772280571,1,9,1,-12,18.518682570557125,5:-5,spatial,0,440,4,hex,41,0,1,none,1,high,0.171845909077505,24,3,22,14,95,1,1,0,1,1,Standard_480p_25fps_10s
2295,1,all,3,1.2609899964699047,0,9,1,-7,18.518682570557125,5:-5,spatial,0,151,4,dia,53,1,0,none,1,high,0.0323992285329977,44,3,22,2,95,1,21,2,1,1,Standard_480p_25fps_10s
2120,1,p4x4,1,1.6921069144710108,2,5,0,0,18.518682570557125,4:-4,spatial,0,440,4,hex,41,0,1,none,1,high,0.6407411631595799,44,3,22,2,95,9,21,0,1,1,Standard_480p_25fps_10s
2120,1,p4x4,1,0.9844437172708528,2,5,0,0,18.518682570557125,6:6,spatial,0,151,4,dia,53,0,1,none,1,high,0.9696461911517028,44,3,22,2,95,1,21,1,1,1,Standard_480p_25fps_10s
378,1,p4x4,0,0.9844437172708528,2,16,0,8,50.44790150547821,-3:3,spatial,0,440,1,hex,33,1,1,none,1,high,0.6407411631595799,44,3,22,2,95,1,21,2,1,1,Standard_480p_25fps_10s
2120,0,p4x4,1,0.9844437172708528,2,11,0,-7,18.518682570557125,5:-5,spatial,1,440,1,dia,33,1,1,none,1,high,0.6407411631595799,44,3,22,14,95,1,21,2,1,1,Standard_480p_25fps_10s
2120,1,p4x4,1,0.9844437172708528,2,5,0,0,18.518682570557125,5:-5,spatial,0,151,4,dia,53,1,1,none,1,high,0.6407411631595799,44,3,22,2,95,1,21,2,0,1,Action_480p_60fps_5s
378,1,all,1,0.9844437172708528,0,11,0,8,18.518682570557125,5:-5,spatial,0,440,1,hex,33,0,1,none,1,high,0.6407411631595799,44,3,22,2,95,1,33,2,1,1,Action_480p_60fps_5s
378,1,p4x4,0,0.9844437172708528,2,11,0,-7,18.518682570557125,5:-5,spatial,0,440,1,hex,33,1,1,none,0,high,0.128052689104238,44,4,155,2,80,11,11,2,0,0,Action_480p_60fps_5s
378,1,p4x4,1,0.9844437172708528,0,11,0,0,18.518682570557125,5:-5,spatial,0,440,4,hex,33,1,1,none,1,high,0.6407411631595799,44,3,22,2,95,1,21,0,1,1,Action_480p_60fps_5s
2120,1,p4x4,1,0.9844437172708528,2,11,0,0,18.518682570557125,5:-5,spatial,0,151,4,dia,33,1,1,none,0,high,0.6407411631595799,44,4,155,2,80,11,11,2,0,0,Action_480p_60fps_5s
76,0,p8x8,3,1.997601325586333,1,12,0,8,38.687654164818326,5:-5,spatial,0,440,4,hex,33,1,1,none,1,high,0.6407411631595799,44,3,22,2,95,2,21,0,1,0,Action_480p_60fps_5s
378,1,p8x8,1,0.9844437172708528,1,9,1,-12,18.518682570557125,5:-5,spatial,0,440,4,hex,41,0,1,none,1,high,0.6407411631595799,44,3,22,2,95,1,21,0,1,1,Action_480p_60fps_5s
2295,1,all,3,1.8245416022471044,0,9,1,-12,18.518682570557125,5:-5,spatial,0,440,4,hex,41,0,1,none,1,high,0.6407411631595799,44,3,22,2,95,1,21,0,1,1,Action_480p_60fps_5s
378,1,p4x4,1,0.9844437172708528,2,11,0,8,18.518682570557125,5:-5,spatial,0,440,1,hex,33,1,1,none,1,high,0.6407411631595799,44,3,22,2,95,1,21,2,0,1,Action_480p_60fps_5s
378,1,all,1,0.9844437172708528,1,9,1,-12,18.518682570557125,5:-5,spatial,1,440,4,hex,41,0,1,none,1,high,0.6407411631595799,44,3,22,14,95,1,1,0,1,1,Action_480p_60fps_5s
76,0,p8x8,3,0.8091343695255967,0,12,0,8,38.687654164818326,5:-5,spatial,0,423,4,hex,33,1,1,none,1,baseline,0.6407411631595799,44,3,22,2,95,2,21,0,1,0,Action_480p_60fps_5s
378,1,all,0,0.9844437172708528,0,11,0,8,18.518682570557125,5:-5,spatial,0,440,1,tesa,13,0,1,cbr,1,high,0.6407411631595799,44,3,22,2,95,1,39,2,1,2,Action_480p_60fps_5s
378,1,all,1,0.9844437172708528,0,11,0,8,50.52758782069964,5:-5,spatial,0,440,1,umh,33,0,1,none,1,high,0.6407411631595799,44,3,22,2,95,1,33,2,1,1,Action_480p_60fps_5s
196,1,p8x8,1,0.9844437172708528,2,3,0,8,18.518682570557125,5:-5,spatial,0,132,1,dia,33,1,1,none,1,high,0.6407411631595799,44,3,22,2,95,1,21,2,0,1,Action_480p_60fps_5s
1079,1,p4x4,1,0.9844437172708528,2,5,1,0,18.518682570557125,5:-5,spatial,0,151,4,dia,53,1,1,none,1,main,0.6407411631595799,44,3,22,2,95,1,21,2,0,1,Action_480p_60fps_5s
378,1,all,1,0.9844437172708528,0,4,0,8,18.518682570557125,5:-5,temporal,0,440,1,hex,33,0,1,none,1,high,0.6407411631595799,44,17,22,2,95,1,21,1,0,1,Action_480p_60fps_5s
378,1,p4x4,1,0.9844437172708528,2,11,0,8,18.518682570557125,5:-5,temporal,0,440,1,hex,33,1,1,none,1,high,0.6407411631595799,44,3,22,2,95,1,33,2,1,1,Action_480p_60fps_5s
378,1,p4x4,1,0.9985421901523814,0,11,0,8,18.518682570557125,5:-5,spatial,0,440,1,hex,33,1,1,none,1,high,0.6407411631595799,44,3,22,2,95,3,21,0,0,1,Action_480p_60fps_5s
2295,1,all,3,1.5993877656404958,0,9,1,-12,18.518682570557125,5:-5,spatial,1,440,4,hex,41,0,1,none,1,high,0.6407411631595799,44,3,22,2,95,1,21,2,0,1,Action_480p_60fps_5s
378,1,all,1,0.9844437172708528,0,11,0,8,18.518682570557125,5:-5,spatial,0,440,1,hex,33,1,1,none,1,high,0.6407411631595799,44,2,22,2,95,1,56,0,1,0,Action_480p_60fps_5s
378,1,p4x4,0,0.9844437172708528,2,11,0,-7,18.518682570557125,5:-5,spatial,0,440,1,hex,33,1,1,none,0,high,0.128052689104238,44,4,155,2,80,11,11,2,0,0,Standard_720p_60fps_10s
378,1,all,1,0.9844437172708528,0,11,0,8,18.518682570557125,5:-5,spatial,0,440,1,hex,33,0,1,none,1,high,0.6407411631595799,44,3,22,2,95,1,33,2,1,1,Standard_720p_60fps_10s
378,1,p4x4,1,0.9844437172708528,0,11,0,0,18.518682570557125,5:-5,spatial,0,440,4,hex,33,1,1,none,1,high,0.6407411631595799,44,3,22,2,95,1,21,0,1,1,Standard_720p_60fps_10s
2120,1,p4x4,1,0.9844437172708528,2,5,0,0,18.518682570557125,5:-5,spatial,0,151,4,dia,53,1,1,none,1,high,0.6407411631595799,44,3,22,2,95,1,21,2,0,1,Standard_720p_60fps_10s
378,1,p8x8,1,0.9844437172708528,1,9,1,-12,18.518682570557125,5:-5,spatial,0,440,4,hex,41,0,1,none,1,high,0.6407411631595799,44,3,22,2,95,1,21,0,1,1,Standard_720p_60fps_10s
2120,1,p4x4,1,0.9844437172708528,2,11,0,0,18.518682570557125,5:-5,spatial,0,151,4,dia,33,1,1,none,0,high,0.6407411631595799,44,4,155,2,80,11,11,2,0,0,Standard_720p_60fps_10s
76,0,p8x8,3,1.997601325586333,1,12,0,8,38.687654164818326,5:-5,spatial,0,440,4,hex,33,1,1,none,1,high,0.6407411631595799,44,3,22,2,95,2,21,0,1,0,Standard_720p_60fps_10s
2295,1,all,3,1.8245416022471044,0,9,1,-12,18.518682570557125,5:-5,spatial,0,440,4,hex,41,0,1,none,1,high,0.6407411631595799,44,3,22,2,95,1,21,0,1,1,Standard_720p_60fps_10s
378,1,p4x4,1,0.9844437172708528,2,11,0,8,18.518682570557125,5:-5,spatial,0,440,1,hex,33,1,1,none,1,high,0.6407411631595799,44,3,22,2,95,1,21,2,0,1,Standard_720p_60fps_10s
378,1,all,1,0.9844437172708528,1,9,1,-12,18.518682570557125,5:-5,spatial,1,440,4,hex,41,0,1,none,1,high,0.6407411631595799,44,3,22,14,95,1,1,0,1,1,Standard_720p_60fps_10s
1178,0,all,1,0.9844437172708528,1,9,1,7,18.518682570557125,5:-5,spatial,0,113,4,hex,41,0,1,none,1,high,0.6407411631595799,44,3,22,12,95,1,1,0,0,1,Standard_720p_60fps_10s
378,1,p4x4,3,0.9844437172708528,1,9,1,-12,18.518682570557125,5:-5,spatial,0,440,4,hex,41,0,1,none,1,high,0.3940443197805716,44,3,22,2,95,1,21,0,1,1,Standard_720p_60fps_10s
1178,0,all,0,0.9065584540988204,1,3,0,-11,11.649183250274437,-6:6,spatial,0,440,4,hex,33,0,1,none,1,high,0.6407411631595799,44,3,22,2,95,2,21,0,1,2,Standard_720p_60fps_10s
76,0,p4x4,3,1.997601325586333,1,12,0,8,38.687654164818326,5:-5,spatial,0,440,4,hex,33,0,1,none,1,high,0.6407411631595799,44,3,22,2,95,2,45,0,0,0,Standard_720p_60fps_10s
378,1,all,3,1.8245416022471044,0,9,1,-12,16.051348663892266,5:-5,spatial,0,440,3,hex,41,0,1,none,1,baseline,0.6407411631595799,44,3,226,2,85,1,21,0,1,1,Standard_720p_60fps_10s
2295,1,p4x4,1,0.9844437172708528,0,10,0,0,18.518682570557125,5:-5,spatial,0,440,4,hex,33,1,1,none,1,high,0.6407411631595799,44,3,131,2,95,1,21,0,1,1,Standard_720p_60fps_10s
2120,1,p4x4,1,0.9844437172708528,2,5,0,0,18.518682570557125,5:-5,spatial,0,440,1,tesa,54,0,1,none,1,high,0.6407411631595799,44,3,22,2,95,1,8,2,1,1,Standard_720p_60fps_10s
378,0,all,1,0.9844437172708528,1,1,0,8,18.518682570557125,5:-5,spatial,0,151,4,dia,53,1,1,none,1,high,0.6407411631595799,44,3,22,2,95,1,51,2,0,0,Standard_720p_60fps_10s
1178,0,all,1,0.9065584540988204,0,4,1,-10,11.649183250274437,0:0,auto,0,440,4,hex,33,1,1,none,1,high,0.6407411631595799,44,3,22,2,95,2,21,0,1,0,Standard_720p_60fps_10s
378,1,p8x8,1,0.9844437172708528,1,9,1,-12,18.518682570557125,5:-5,spatial,0,440,4,hex,41,0,1,none,1,high,0.6407411631595799,44,7,22,2,95,2,21,0,1,0,Standard_720p_60fps_10s
378,1,all,1,0.9844437172708528,0,11,0,8,18.518682570557125,5:-5,spatial,0,440,1,hex,33,0,1,none,1,high,0.6407411631595799,44,3,22,2,95,1,33,2,1,1,Standard_480p_30fps_15s
378,1,p4x4,1,0.9844437172708528,0,11,0,0,18.518682570557125,5:-5,spatial,0,440,4,hex,33,1,1,none,1,high,0.6407411631595799,44,3,22,2,95,1,21,0,1,1,Standard_480p_30fps_15s
378,1,p4x4,1,0.9844437172708528,2,11,0,8,18.518682570557125,5:-5,spatial,0,440,1,hex,33,1,1,none,1,high,0.6407411631595799,44,3,22,2,95,1,21,2,0,1,Standard_480p_30fps_15s
378,1,p4x4,0,0.9844437172708528,2,11,0,-7,18.518682570557125,5:-5,spatial,0,440,1,hex,33,1,1,none,0,high,0.128052689104238,44,4,155,2,80,11,11,2,0,0,Standard_480p_30fps_15s
2120,1,p4x4,1,0.9844437172708528,2,5,0,0,18.518682570557125,5:-5,spatial,0,151,4,dia,53,1,1,none,1,high,0.6407411631595799,44,3,22,2,95,1,21,2,0,1,Standard_480p_30fps_15s
76,0,p8x8,3,1.997601325586333,1,12,0,8,38.687654164818326,5:-5,spatial,0,440,4,hex,33,1,1,none,1,high,0.6407411631595799,44,3,22,2,95,2,21,0,1,0,Standard_480p_30fps_15s
2120,1,p4x4,1,0.9844437172708528,2,11,0,0,18.518682570557125,5:-5,spatial,0,151,4,dia,33,1,1,none,0,high,0.6407411631595799,44,4,155,2,80,11,11,2,0,0,Standard_480p_30fps_15s
378,1,p8x8,1,0.9844437172708528,1,9,1,-12,18.518682570557125,5:-5,spatial,0,440,4,hex,41,0,1,none,1,high,0.6407411631595799,44,3,22,2,95,1,21,0,1,1,Standard_480p_30fps_15s
2295,1,all,3,1.8245416022471044,0,9,1,-12,18.518682570557125,5:-5,spatial,0,440,4,hex,41,0,1,none,1,high,0.6407411631595799,44,3,22,2,95,1,21,0,1,1,Standard_480p_30fps_15s
378,1,all,1,0.9844437172708528,1,9,1,-12,18.518682570557125,5:-5,spatial,1,440,4,hex,41,0,1,none,1,high,0.6407411631595799,44,3,22,14,95,1,1,0,1,1,Standard_480p_30fps_15s
2325,1,p4x4,1,0.0953179847201167,2,5,0,0,18.518682570557125,5:-5,spatial,0,151,4,dia,53,0,1,vbr,1,high,0.6407411631595799,44,3,22,2,95,0,30,0,1,0,Standard_480p_30fps_15s
378,1,all,1,0.9844437172708528,0,11,0,8,18.518682570557125,5:-5,temporal,0,440,1,hex,33,0,1,none,1,high,0.6407411631595799,44,3,22,2,95,1,60,2,1,1,Standard_480p_30fps_15s
378,1,all,1,0.9844437172708528,1,9,0,-12,18.518682570557125,5:-5,spatial,1,245,4,hex,41,0,1,none,0,high,0.6407411631595799,44,2,22,6,95,1,1,0,1,0,Standard_480p_30fps_15s
378,1,p4x4,0,0.9844437172708528,2,11,0,-7,18.518682570557125,5:-5,auto,0,440,3,hex,33,1,1,none,1,high,0.128052689104238,44,14,155,2,80,8,11,2,0,0,Standard_480p_30fps_15s
378,1,p4x4,1,0.9844437172708528,2,11,0,8,18.518682570557125,5:-5,spatial,0,440,1,hex,33,0,1,none,1,high,0.6407411631595799,44,3,22,2,95,1,21,2,0,1,Standard_480p_30fps_15s
378,1,p4x4,0,0.9844437172708528,2,11,0,-7,18.518682570557125,-4:4,spatial,0,440,4,hex,33,1,1,none,1,baseline,0.6407411631595799,44,3,0,2,95,2,21,0,1,0,Standard_480p_30fps_15s
378,1,all,1,0.9844437172708528,0,11,0,8,18.518682570557125,5:-5,spatial,0,440,1,hex,33,1,1,none,1,high,0.6407411631595799,44,3,22,9,95,1,33,2,1,1,Standard_480p_30fps_15s
378,1,all,1,0.9844437172708528,0,11,0,8,18.518682570557125,5:-5,temporal,0,440,1,hex,33,0,1,none,1,baseline,0.9237506565614656,44,3,22,2,95,1,33,2,1,1,Standard_480p_30fps_15s
378,1,p4x4,1,0.9844437172708528,2,11,1,8,18.518682570557125,5:-5,spatial,0,440,1,hex,33,1,1,none,1,high,0.6407411631595799,44,3,22,4,53,0,30,0,1,2,Standard_480p_30fps_15s
2295,1,all,3,1.8245416022471044,0,9,1,-12,18.518682570557125,5:-5,spatial,0,440,4,hex,33,1,1,none,1,baseline,0.6407411631595799,36,3,22,2,95,2,21,0,1,0,Standard_480p_30fps_15s
1178,0,all,3,0.9065584540988204,2,4,1,-10,11.649183250274437,0:0,auto,0,410,4,umh,11,0,0,cbr,1,baseline,0.5123914458022217,39,0,10,4,37,6,30,0,1,2,Big_720p_25fps_15s
1178,0,all,3,0.9065584540988204,2,3,1,-10,11.649183250274437,0:0,auto,1,410,0,umh,11,0,1,none,1,baseline,0.5123914458022217,39,0,192,2,19,6,40,1,0,1,Big_720p_25fps_15s
1178,0,all,1,0.9065584540988204,2,3,0,-11,11.649183250274437,0:0,temporal,0,410,4,umh,11,0,0,cbr,1,main,0.965829524139684,22,0,10,4,37,0,30,0,1,2,Big_720p_25fps_15s
1178,0,all,3,0.9065584540988204,2,3,1,-3,11.649183250274437,0:0,auto,0,410,4,umh,11,0,1,cbr,1,baseline,0.5123914458022217,39,0,10,4,37,0,59,0,1,2,Big_720p_25fps_15s
1178,0,all,1,0.9065584540988204,2,3,0,-11,11.649183250274437,0:0,temporal,1,410,4,umh,11,0,1,none,1,baseline,0.5123914458022217,39,0,192,2,19,6,40,1,1,1,Big_720p_25fps_15s
1178,0,all,3,0.8875295029693533,2,3,1,-11,11.649183250274437,0:0,auto,0,410,4,umh,11,1,1,cbr,1,baseline,0.9148497995135092,46,1,88,14,43,4,38,0,0,0,Big_720p_25fps_15s
1178,0,all,3,0.9065584540988204,2,3,1,-10,11.649183250274437,0:0,auto,0,410,4,umh,11,1,0,cbr,1,high,0.5123914458022217,39,0,10,4,37,0,30,0,1,2,Big_720p_25fps_15s
1178,0,all,3,0.9065584540988204,2,3,0,-11,11.649183250274437,0:0,auto,0,410,4,umh,11,0,0,cbr,1,baseline,0.5123914458022217,39,14,29,2,19,6,40,1,0,1,Big_720p_25fps_15s
1178,0,all,3,0.9065584540988204,2,3,1,-10,11.649183250274437,0:0,auto,0,410,4,umh,11,0,0,cbr,1,baseline,0.5123914458022217,39,0,10,4,37,0,30,0,1,2,Big_720p_25fps_15s
1178,0,all,3,0.9065584540988204,2,3,0,-11,11.649183250274437,0:0,auto,1,410,4,umh,11,0,0,cbr,1,baseline,0.5123914458022217,39,0,10,4,37,0,30,0,1,0,Big_720p_25fps_15s
1178,0,all,3,0.9065584540988204,2,3,0,-10,11.649183250274437,0:0,auto,0,410,4,umh,11,1,0,none,1,high,0.5123914458022217,39,0,10,4,37,0,30,0,1,2,Big_720p_25fps_15s
1178,1,all,3,0.9065584540988204,2,15,1,-10,11.649183250274437,0:0,auto,0,410,4,umh,11,0,0,none,1,baseline,0.3878733886467093,39,1,88,14,43,4,38,0,0,0,Big_720p_25fps_15s
1178,0,all,3,0.8875295029693533,2,0,1,-11,11.649183250274437,0:0,auto,1,410,4,umh,11,1,1,cbr,1,main,0.9148497995135092,46,0,10,4,37,6,30,0,1,2,Big_720p_25fps_15s
1178,0,all,3,0.8875295029693533,2,3,1,-11,11.649183250274437,4:-4,auto,0,410,4,umh,11,1,1,cbr,1,main,0.9148497995135092,46,11,88,14,43,4,38,0,1,0,Big_720p_25fps_15s
1178,0,all,3,0.8875295029693533,2,0,1,-11,11.649183250274437,0:0,auto,0,410,4,umh,11,1,1,cbr,1,baseline,0.9148497995135092,46,1,22,2,95,1,21,0,1,1,Big_720p_25fps_15s
1178,0,"p8x8,b8x8,i8x8,i4x4",3,0.9065584540988204,2,3,0,-11,11.649183250274437,0:0,temporal,0,410,4,umh,11,0,0,none,1,main,0.965829524139684,22,0,10,4,37,0,30,0,1,2,Big_720p_25fps_15s
1178,0,all,1,0.9065584540988204,2,3,1,4,11.649183250274437,0:0,auto,0,410,0,umh,11,1,0,cbr,1,high,0.5123914458022217,38,16,10,4,37,0,30,0,1,2,Big_720p_25fps_15s
1178,0,all,1,0.9065584540988204,1,3,0,-11,11.649183250274437,0:0,temporal,0,410,4,umh,11,0,0,cbr,1,main,0.965829524139684,22,0,10,4,37,0,30,0,1,2,Big_720p_25fps_15s
1178,0,p4x4,3,0.8875295029693533,2,3,1,-11,11.649183250274437,0:0,auto,0,410,4,umh,11,1,1,cbr,1,baseline,0.9148497995135092,23,1,88,14,43,4,38,0,0,0,Big_720p_25fps_15s
1178,0,all,1,0.9065584540988204,2,3,0,-11,11.649183250274437,0:0,temporal,0,410,4,umh,11,0,0,cbr,1,baseline,0.5123914458022217,39,0,10,15,37,0,59,0,1,2,Big_720p_25fps_15s
378,1,p4x4,1,0.9844437172708528,0,11,0,0,18.518682570557125,5:-5,spatial,0,440,4,hex,33,1,1,none,1,high,0.6407411631595799,44,3,22,2,95,1,21,0,1,1,Standard_1080p_25fps_5s
378,1,all,1,0.9844437172708528,0,11,0,8,18.518682570557125,5:-5,spatial,0,440,1,hex,33,0,1,none,1,high,0.6407411631595799,44,3,22,2,95,1,33,2,1,1,Standard_1080p_25fps_5s
378,1,p4x4,1,0.9844437172708528,2,11,0,8,18.518682570557125,5:-5,spatial,0,440,1,hex,33,1,1,none,1,high,0.6407411631595799,44,3,22,2,95,1,21,2,0,1,Standard_1080p_25fps_5s
378,1,p4x4,0,0.9844437172708528,2,11,0,-7,18.518682570557125,5:-5,spatial,0,440,1,hex,33,1,1,none,0,high,0.128052689104238,44,4,155,2,80,11,11,2,0,0,Standard_1080p_25fps_5s
76,0,p8x8,3,1.997601325586333,1,12,0,8,38.687654164818326,5:-5,spatial,0,440,4,hex,33,1,1,none,1,high,0.6407411631595799,44,3,22,2,95,2,21,0,1,0,Standard_1080p_25fps_5s
2120,1,p4x4,1,0.9844437172708528,2,5,0,0,18.518682570557125,5:-5,spatial,0,151,4,dia,53,1,1,none,1,high,0.6407411631595799,44,3,22,2,95,1,21,2,0,1,Standard_1080p_25fps_5s
378,1,p8x8,1,0.9844437172708528,1,9,1,-12,18.518682570557125,5:-5,spatial,0,440,4,hex,41,0,1,none,1,high,0.6407411631595799,44,3,22,2,95,1,21,0,1,1,Standard_1080p_25fps_5s
2120,1,p4x4,1,0.9844437172708528,2,11,0,0,18.518682570557125,5:-5,spatial,0,151,4,dia,33,1,1,none,0,high,0.6407411631595799,44,4,155,2,80,11,11,2,0,0,Standard_1080p_25fps_5s
2295,1,all,3,1.8245416022471044,0,9,1,-12,18.518682570557125,5:-5,spatial,0,440,4,hex,41,0,1,none,1,high,0.6407411631595799,44,3,22,2,95,1,21,0,1,1,Standard_1080p_25fps_5s
378,1,all,1,0.9844437172708528,1,9,1,-12,18.518682570557125,5:-5,spatial,1,440,4,hex,41,0,1,none,1,high,0.6407411631595799,44,3,22,14,95,1,1,0,1,1,Standard_1080p_25fps_5s
2120,1,p4x4,1,0.9844437172708528,2,5,1,0,18.518682570557125,5:-5,spatial,0,151,4,dia,53,1,1,none,1,high,0.6407411631595799,44,3,225,2,95,1,21,2,0,1,Standard_1080p_25fps_5s
378,1,p4x4,2,0.9844437172708528,0,11,0,-12,18.518682570557125,5:-5,spatial,1,440,4,esa,41,0,1,none,0,baseline,0.6407411631595799,44,3,22,14,95,1,1,0,1,2,Standard_1080p_25fps_5s
378,1,all,1,0.9844437172708528,1,4,0,0,20.95798037435437,5:-5,spatial,0,440,4,hex,33,1,1,none,1,high,0.6407411631595799,44,9,22,2,95,1,21,0,1,0,Standard_1080p_25fps_5s
378,1,p4x4,1,0.9844437172708528,2,11,1,8,18.518682570557125,5:-5,spatial,0,163,4,hex,33,1,1,none,1,high,0.6407411631595799,44,3,22,2,95,2,40,0,1,0,Standard_1080p_25fps_5s
76,0,p8x8,3,1.997601325586333,1,12,0,8,38.687654164818326,5:-5,spatial,0,440,1,hex,33,0,1,none,1,high,0.6407411631595799,44,3,22,2,95,1,21,2,0,1,Standard_1080p_25fps_5s
378,1,p4x4,1,0.9844437172708528,0,11,0,0,18.518682570557125,5:-5,spatial,0,440,4,hex,33,1,1,none,1,high,0.6407411631595799,44,3,22,2,95,10,21,0,1,1,Standard_1080p_25fps_5s
378,1,all,1,0.9844437172708528,1,9,1,-12,18.518682570557125,-5:5,spatial,1,440,4,hex,41,0,1,none,1,high,0.6407411631595799,45,3,22,14,95,1,1,0,1,1,Standard_1080p_25fps_5s
378,1,p4x4,1,1.7706799526844768,0,11,0,0,18.518682570557125,5:-5,spatial,0,440,4,hex,33,0,1,none,1,high,0.6407411631595799,44,3,22,14,95,1,1,0,1,1,Standard_1080p_25fps_5s
378,1,all,1,0.9844437172708528,0,9,1,12,37.01255402604598,5:-5,spatial,1,440,4,hex,41,1,1,none,1,high,0.6407411631595799,49,17,22,2,95,1,21,2,0,1,Standard_1080p_25fps_5s
378,0,p8x8,1,0.9844437172708528,2,11,0,8,18.518682570557125,5:-5,spatial,0,440,4,hex,33,1,0,none,1,high,0.9599091492407306,44,3,22,2,95,1,21,2,0,0,Standard_1080p_25fps_5s
1178,0,all,3,0.9065584540988204,2,3,1,-10,11.649183250274437,0:0,auto,1,410,0,umh,11,0,1,none,1,baseline,0.5123914458022217,39,0,192,2,19,6,40,1,0,1,Big_480p_60fps_5s
1178,0,all,3,0.9065584540988204,2,4,1,-10,11.649183250274437,0:0,auto,0,410,4,umh,11,0,0,cbr,1,baseline,0.5123914458022217,39,0,10,4,37,6,30,0,1,2,Big_480p_60fps_5s
1178,0,all,1,0.9065584540988204,2,3,0,-11,11.649183250274437,0:0,temporal,0,410,4,umh,11,0,0,cbr,1,main,0.965829524139684,22,0,10,4,37,0,30,0,1,2,Big_480p_60fps_5s
1178,0,all,3,0.9065584540988204,2,3,0,-11,11.649183250274437,0:0,auto,1,410,4,umh,11,0,0,cbr,1,baseline,0.5123914458022217,39,0,10,4,37,0,30,0,1,0,Big_480p_60fps_5s
1178,0,all,3,0.9065584540988204,2,3,1,-3,11.649183250274437,0:0,auto,0,410,4,umh,11,0,1,cbr,1,baseline,0.5123914458022217,39,0,10,4,37,0,59,0,1,2,Big_480p_60fps_5s
1178,0,all,1,0.9065584540988204,2,3,0,-11,11.649183250274437,0:0,temporal,1,410,4,umh,11,0,1,none,1,baseline,0.5123914458022217,39,0,192,2,19,6,40,1,1,1,Big_480p_60fps_5s
1178,0,all,3,0.8875295029693533,2,3,1,-11,11.649183250274437,0:0,auto,0,410,4,umh,11,1,1,cbr,1,baseline,0.9148497995135092,46,1,88,14,43,4,38,0,0,0,Big_480p_60fps_5s
1178,0,all,3,0.9065584540988204,2,3,1,-10,11.649183250274437,0:0,auto,0,410,4,umh,11,0,0,cbr,1,baseline,0.5123914458022217,39,0,10,4,37,0,30,0,1,2,Big_480p_60fps_5s
1178,0,all,3,0.9065584540988204,2,3,1,-10,11.649183250274437,0:0,auto,0,410,4,umh,11,1,0,cbr,1,high,0.5123914458022217,39,0,10,4,37,0,30,0,1,2,Big_480p_60fps_5s
1178,0,all,3,0.9065584540988204,2,3,0,-11,11.649183250274437,0:0,auto,0,410,4,umh,11,0,0,cbr,1,baseline,0.5123914458022217,39,14,29,2,19,6,40,1,0,1,Big_480p_60fps_5s
1178,0,all,3,0.9065584540988204,2,3,1,-3,11.649183250274437,0:0,auto,0,410,4,tesa,11,0,1,cbr,1,baseline,0.5123914458022217,39,0,10,2,80,11,11,2,0,0,Big_480p_60fps_5s
1178,0,none,1,1.2780282787835422,1,3,0,-11,11.649183250274437,0:0,temporal,0,410,4,umh,11,0,0,cbr,1,main,0.965829524139684,22,0,10,5,37,0,30,0,1,2,Big_480p_60fps_5s
1178,0,all,1,0.9065584540988204,2,3,0,-11,11.649183250274437,0:0,temporal,0,410,4,umh,11,0,0,cbr,1,main,0.965829524139684,22,12,10,4,37,0,30,0,1,2,Big_480p_60fps_5s
1178,0,all,0,0.9065584540988204,2,3,1,-10,11.649183250274437,0:0,auto,1,410,0,umh,11,0,0,cbr,1,main,0.9150811800425772,22,0,10,4,37,0,30,0,1,2,Big_480p_60fps_5s
1178,1,all,3,0.9065584540988204,2,3,0,-11,11.649183250274437,0:0,auto,1,410,4,umh,11,0,0,cbr,1,baseline,0.5123914458022217,39,0,10,4,37,0,30,0,1,0,Big_480p_60fps_5s
1178,0,all,3,0.9065584540988204,2,3,0,8,11.649183250274437,0:0,auto,1,225,4,umh,11,0,0,cbr,1,baseline,0.5123914458022217,39,0,10,4,79,0,30,0,0,0,Big_480p_60fps_5s
1178,0,all,3,1.9682152326605744,2,3,0,-11,11.649183250274437,2:-2,auto,0,410,4,umh,11,1,1,cbr,1,baseline,0.9148497995135092,46,1,88,14,43,4,38,0,0,0,Big_480p_60fps_5s
1178,0,all,3,0.8875295029693533,2,3,1,-11,11.649183250274437,0:0,auto,0,410,4,umh,11,0,0,cbr,1,baseline,0.5123914458022217,39,14,29,2,19,6,40,1,1,1,Big_480p_60fps_5s
1178,0,all,2,0.9065584540988204,0,4,1,-10,11.649183250274437,0:0,spatial,1,306,4,umh,11,0,1,cbr,1,baseline,0.5123914458022217,39,0,10,4,37,6,30,0,1,2,Big_480p_60fps_5s
1178,0,all,3,0.8875295029693533,2,3,1,-11,11.649183250274437,-6:6,auto,0,410,4,umh,11,1,1,cbr,1,baseline,0.9148497995135092,46,1,55,14,43,4,38,0,0,0,Big_480p_60fps_5s
1178,0,all,1,0.9065584540988204,2,3,0,-11,11.649183250274437,0:0,temporal,0,410,4,umh,11,0,0,cbr,1,main,0.965829524139684,22,0,10,4,37,0,30,0,1,2,Big_1080p_30fps_10s
1178,0,all,3,0.9065584540988204,2,3,1,-3,11.649183250274437,0:0,auto,0,410,4,umh,11,0,1,cbr,1,baseline,0.5123914458022217,39,0,10,4,37,0,59,0,1,2,Big_1080p_30fps_10s
1178,0,all,3,0.8875295029693533,2,3,1,-11,11.649183250274437,0:0,auto,0,410,4,umh,11,1,1,cbr,1,baseline,0.9148497995135092,46,1,88,14,43,4,38,0,0,0,Big_1080p_30fps_10s
1178,0,all,3,0.9065584540988204,2,3,1,-10,11.649183250274437,0:0,auto,1,410,0,umh,11,0,1,none,1,baseline,0.5123914458022217,39,0,192,2,19,6,40,1,0,1,Big_1080p_30fps_10s
1178,0,all,3,0.9065584540988204,2,4,1,-10,11.649183250274437,0:0,auto,0,410,4,umh,11,0,0,cbr,1,baseline,0.5123914458022217,39,0,10,4,37,6,30,0,1,2,Big_1080p_30fps_10s
1178,0,all,1,0.9065584540988204,2,3,0,-11,11.649183250274437,0:0,temporal,1,410,4,umh,11,0,1,none,1,baseline,0.5123914458022217,39,0,192,2,19,6,40,1,1,1,Big_1080p_30fps_10s
1178,0,all,3,0.9065584540988204,2,3,1,-10,11.649183250274437,0:0,auto,0,410,4,umh,11,1,0,cbr,1,high,0.5123914458022217,39,0,10,4,37,0,30,0,1,2,Big_1080p_30fps_10s
1178,0,all,3,0.9065584540988204,2,3,0,-11,11.649183250274437,0:0,auto,1,410,4,umh,11,0,0,cbr,1,baseline,0.5123914458022217,39,0,10,4,37,0,30,0,1,0,Big_1080p_30fps_10s
1178,0,all,3,0.9065584540988204,2,3,1,-10,11.649183250274437,0:0,auto,0,410,4,umh,11,0,0,cbr,1,baseline,0.5123914458022217,39,0,10,4,37,0,30,0,1,2,Big_1080p_30fps_10s
1178,0,all,3,0.9065584540988204,2,3,0,-11,11.649183250274437,0:0,auto,0,410,4,umh,11,0,0,cbr,1,baseline,0.5123914458022217,39,14,29,2,19,6,40,1,0,1,Big_1080p_30fps_10s
378,1,p4x4,1,0.9844437172708528,2,11,0,8,11.649183250274437,0:0,temporal,0,271,4,umh,11,0,0,cbr,1,main,0.965829524139684,29,0,10,4,37,0,30,0,1,2,Big_1080p_30fps_10s
1594,0,all,3,0.8875295029693533,2,16,1,-11,11.649183250274437,0:0,auto,0,410,4,umh,11,1,0,cbr,1,baseline,0.5123914458022217,39,0,10,4,37,0,30,0,1,0,Big_1080p_30fps_10s
1178,0,all,3,0.9065584540988204,2,3,0,-11,11.649183250274437,0:0,spatial,1,410,4,umh,11,1,1,cbr,1,main,0.9148497995135092,46,1,88,14,43,4,38,0,0,0,Big_1080p_30fps_10s
1178,0,all,3,0.9065584540988204,2,3,1,-10,11.649183250274437,0:0,auto,0,499,4,umh,11,1,0,cbr,0,high,0.5123914458022217,39,0,10,4,37,0,30,0,1,0,Big_1080p_30fps_10s
1178,0,all,3,0.9065584540988204,2,3,0,-11,11.649183250274437,0:0,auto,1,410,4,umh,11,0,0,none,1,baseline,0.5123914458022217,39,0,10,4,37,0,30,0,1,0,Big_1080p_30fps_10s
1178,0,all,1,0.9065584540988204,2,3,0,-11,11.649183250274437,0:0,temporal,0,410,4,umh,11,0,0,cbr,1,main,0.965829524139684,22,0,102,11,13,8,6,2,1,0,Big_1080p_30fps_10s
1178,0,all,1,0.9065584540988204,2,3,0,-11,11.649183250274437,0:0,temporal,0,410,4,umh,11,1,0,cbr,1,main,0.5222215916099574,22,0,10,4,37,0,30,1,1,2,Big_1080p_30fps_10s
1178,0,all,3,0.8875295029693533,2,3,1,-11,11.649183250274437,0:0,auto,1,410,4,hex,11,1,1,cbr,0,baseline,0.9148497995135092,46,1,88,14,43,4,38,0,0,0,Big_1080p_30fps_10s
1178,0,all,3,0.9065584540988204,2,3,1,-2,11.649183250274437,0:0,auto,1,410,4,umh,20,1,0,cbr,1,high,0.6705983779139622,39,0,10,4,37,3,30,0,0,2,Big_1080p_30fps_10s
1178,0,all,3,0.9065584540988204,2,3,0,-11,11.649183250274437,0:0,auto,1,410,4,umh,11,1,0,none,1,baseline,0.278205202324543,39,0,10,4,37,10,30,0,1,0,Big_1080p_30fps_10s
1178,0,all,3,0.9065584540988204,2,4,1,-10,11.649183250274437,0:0,auto,0,410,4,umh,11,0,0,cbr,1,baseline,0.5123914458022217,39,0,10,4,37,6,30,0,1,2,Big_720p_30fps_15s
1178,0,all,3,0.9065584540988204,2,3,1,-10,11.649183250274437,0:0,auto,1,410,0,umh,11,0,1,none,1,baseline,0.5123914458022217,39,0,192,2,19,6,40,1,0,1,Big_720p_30fps_15s
1178,0,all,1,0.9065584540988204,2,3,0,-11,11.649183250274437,0:0,temporal,0,410,4,umh,11,0,0,cbr,1,main,0.965829524139684,22,0,10,4,37,0,30,0,1,2,Big_720p_30fps_15s
1178,0,all,3,0.9065584540988204,2,3,0,-11,11.649183250274437,0:0,auto,1,410,4,umh,11,0,0,cbr,1,baseline,0.5123914458022217,39,0,10,4,37,0,30,0,1,0,Big_720p_30fps_15s
1178,0,all,3,0.8875295029693533,2,3,1,-11,11.649183250274437,0:0,auto,0,410,4,umh,11,1,1,cbr,1,baseline,0.9148497995135092,46,1,88,14,43,4,38,0,0,0,Big_720p_30fps_15s
1178,0,all,1,0.9065584540988204,2,3,0,-11,11.649183250274437,0:0,temporal,1,410,4,umh,11,0,1,none,1,baseline,0.5123914458022217,39,0,192,2,19,6,40,1,1,1,Big_720p_30fps_15s
1178,0,all,3,0.9065584540988204,2,3,1,-3,11.649183250274437,0:0,auto,0,410,4,umh,11,0,1,cbr,1,baseline,0.5123914458022217,39,0,10,4,37,0,59,0,1,2,Big_720p_30fps_15s
1178,0,all,3,0.9065584540988204,2,3,1,-10,11.649183250274437,0:0,auto,0,410,4,umh,11,0,0,cbr,1,baseline,0.5123914458022217,39,0,10,4,37,0,30,0,1,2,Big_720p_30fps_15s
1178,0,all,3,0.9065584540988204,2,3,1,-10,11.649183250274437,0:0,auto,0,410,4,umh,11,1,0,cbr,1,high,0.5123914458022217,39,0,10,4,37,0,30,0,1,2,Big_720p_30fps_15s
1178,0,all,3,0.9065584540988204,2,3,0,-11,11.649183250274437,0:0,auto,0,410,4,umh,11,0,0,cbr,1,baseline,0.5123914458022217,39,14,29,2,19,6,40,1,0,1,Big_720p_30fps_15s
1178,1,all,3,0.0066724944427157,2,3,1,-10,11.649183250274437,0:0,auto,0,417,4,umh,11,0,0,none,0,baseline,0.5123914458022217,39,1,88,14,43,1,38,0,0,0,Big_720p_30fps_15s
1178,0,all,3,0.9065584540988204,2,3,0,-3,11.649183250274437,0:0,auto,0,410,3,umh,11,0,0,cbr,1,baseline,0.0431704410988108,39,0,10,4,37,0,30,0,1,0,Big_720p_30fps_15s
1178,0,all,3,0.9065584540988204,2,3,1,-11,11.649183250274437,0:0,auto,1,410,4,umh,11,0,1,cbr,1,baseline,0.5123914458022217,39,0,10,4,37,5,59,0,1,2,Big_720p_30fps_15s
1178,0,all,3,0.9065584540988204,2,4,0,-11,11.649183250274437,0:0,auto,0,410,4,umh,11,0,0,cbr,1,baseline,0.2767843401906828,39,14,29,2,22,6,40,0,0,1,Big_720p_30fps_15s
1178,0,all,3,0.9065584540988204,2,3,1,-10,11.649183250274437,0:0,auto,1,410,0,umh,11,0,1,none,1,baseline,0.5123914458022217,39,0,192,2,19,6,7,1,0,1,Big_720p_30fps_15s
1178,0,all,3,0.9065584540988204,2,3,0,-10,11.649183250274437,0:0,auto,1,410,1,umh,11,1,1,none,1,baseline,0.5123914458022217,39,0,16,2,19,6,40,1,0,1,Big_720p_30fps_15s
1178,0,all,3,0.9065584540988204,2,3,0,-11,20.794411285100857,0:0,auto,1,410,4,umh,11,1,0,vbr,1,baseline,0.5123914458022217,39,0,10,4,37,6,30,0,1,1,Big_720p_30fps_15s
1178,0,all,3,0.9065584540988204,2,4,1,-10,11.649183250274437,0:0,none,0,410,4,umh,11,0,0,cbr,1,main,0.5123914458022217,47,0,29,4,37,0,30,0,0,0,Big_720p_30fps_15s
1636,0,all,3,0.9065584540988204,2,3,0,-11,11.649183250274437,0:0,auto,0,410,4,umh,11,0,1,none,1,baseline,0.5123914458022217,51,0,21,2,11,6,40,1,1,1,Big_720p_30fps_15s
1178,0,all,1,0.9065584540988204,2,3,0,-11,11.649183250274437,0:0,temporal,1,410,4,tesa,11,0,0,cbr,1,baseline,0.5123914458022217,39,14,180,2,86,6,40,0,0,1,Big_720p_30fps_15s
378,1,all,1,0.9844437172708528,0,11,0,8,18.518682570557125,5:-5,spatial,0,440,1,hex,33,0,1,none,1,high,0.6407411631595799,44,3,22,2,95,1,33,2,1,1,Standard_720p_25fps_20s
378,1,p4x4,0,0.9844437172708528,2,11,0,-7,18.518682570557125,5:-5,spatial,0,440,1,hex,33,1,1,none,0,high,0.128052689104238,44,4,155,2,80,11,11,2,0,0,Standard_720p_25fps_20s
2120,1,p4x4,1,0.9844437172708528,2,11,0,0,18.518682570557125,5:-5,spatial,0,151,4,dia,33,1,1,none,0,high,0.6407411631595799,44,4,155,2,80,11,11,2,0,0,Standard_720p_25fps_20s
76,0,p8x8,3,1.997601325586333,1,12,0,8,38.687654164818326,5:-5,spatial,0,440,4,hex,33,1,1,none,1,high,0.6407411631595799,44,3,22,2,95,2,21,0,1,0,Standard_720p_25fps_20s
378,1,p8x8,1,0.9844437172708528,1,9,1,-12,18.518682570557125,5:-5,spatial,0,440,4,hex,41,0,1,none,1,high,0.6407411631595799,44,3,22,2,95,1,21,0,1,1,Standard_720p_25fps_20s
2120,1,p4x4,1,0.9844437172708528,2,5,0,0,18.518682570557125,5:-5,spatial,0,151,4,dia,53,1,1,none,1,high,0.6407411631595799,44,3,22,2,95,1,21,2,0,1,Standard_720p_25fps_20s
378,1,p4x4,1,0.9844437172708528,0,11,0,0,18.518682570557125,5:-5,spatial,0,440,4,hex,33,1,1,none,1,high,0.6407411631595799,44,3,22,2,95,1,21,0,1,1,Standard_720p_25fps_20s
2295,1,all,3,1.8245416022471044,0,9,1,-12,18.518682570557125,5:-5,spatial,0,440,4,hex,41,0,1,none,1,high,0.6407411631595799,44,3,22,2,95,1,21,0,1,1,Standard_720p_25fps_20s
378,1,p4x4,1,0.9844437172708528,2,11,0,8,18.518682570557125,5:-5,spatial,0,440,1,hex,33,1,1,none,1,high,0.6407411631595799,44,3,22,2,95,1,21,2,0,1,Standard_720p_25fps_20s
378,1,all,1,0.9844437172708528,1,9,1,-12,18.518682570557125,5:-5,spatial,1,440,4,hex,41,0,1,none,1,high,0.6407411631595799,44,3,22,14,95,1,1,0,1,1,Standard_720p_25fps_20s
2120,1,p4x4,1,0.9844437172708528,2,11,0,0,18.518682570557125,5:-5,spatial,0,151,4,dia,10,1,1,none,1,high,0.0322787327694953,44,4,155,2,80,11,11,2,1,0,Standard_720p_25fps_20s
76,0,p8x8,0,1.997601325586333,1,12,0,8,38.687654164818326,5:-5,spatial,0,440,0,hex,33,0,1,none,1,high,0.6407411631595799,44,3,22,2,95,2,21,0,0,0,Standard_720p_25fps_20s
378,1,p4x4,1,0.9844437172708528,0,11,1,0,46.47632072290738,5:-5,spatial,0,440,3,hex,33,1,1,none,1,high,0.6407411631595799,44,0,22,2,95,1,42,2,1,1,Standard_720p_25fps_20s
378,1,all,1,0.9844437172708528,2,11,0,3,18.518682570557125,5:-5,spatial,0,440,1,hex,33,0,1,none,1,high,0.6407411631595799,44,3,22,2,95,1,21,0,1,1,Standard_720p_25fps_20s
2120,1,p4x4,1,0.9844437172708528,2,5,0,0,18.518682570557125,5:-5,spatial,0,151,4,dia,53,0,0,none,1,high,0.6407411631595799,44,3,249,2,95,1,21,0,1,1,Standard_720p_25fps_20s
2120,1,p4x4,2,0.9844437172708528,0,11,0,0,18.518682570557125,5:-5,spatial,0,151,4,dia,33,1,0,none,0,high,0.6407411631595799,44,4,135,2,80,11,11,0,0,0,Standard_720p_25fps_20s
378,1,p8x8,1,0.9844437172708528,2,11,0,8,18.518682570557125,5:-5,spatial,0,440,1,hex,33,1,1,none,1,high,0.6407411631595799,44,3,22,14,95,1,1,0,1,1,Standard_720p_25fps_20s
718,1,all,1,0.9844437172708528,0,11,0,8,18.518682570557125,5:-5,spatial,0,440,2,hex,33,0,1,none,1,main,0.1002048862049125,44,3,22,14,95,10,1,0,1,1,Standard_720p_25fps_20s
378,1,all,1,0.9844437172708528,1,8,1,-12,18.518682570557125,5:-5,spatial,1,440,4,hex,41,0,1,none,1,high,0.6407411631595799,44,5,22,2,95,1,33,2,1,1,Standard_720p_25fps_20s
378,1,all,1,0.9844437172708528,0,11,0,8,18.518682570557125,5:-5,spatial,0,440,1,hex,33,0,0,none,0,high,0.2390459400533245,44,3,22,2,95,1,21,2,0,0,Standard_720p_25fps_20s
378,1,all,1,0.9844437172708528,0,11,0,8,18.518682570557125,5:-5,spatial,0,440,1,hex,33,0,1,none,1,high,0.6407411631595799,44,3,22,2,95,1,33,2,1,1,Still_image_720p_60fps_5s
378,1,p4x4,0,0.9844437172708528,2,11,0,-7,18.518682570557125,5:-5,spatial,0,440,1,hex,33,1,1,none,0,high,0.128052689104238,44,4,155,2,80,11,11,2,0,0,Still_image_720p_60fps_5s
2120,1,p4x4,1,0.9844437172708528,2,5,0,0,18.518682570557125,5:-5,spatial,0,151,4,dia,53,1,1,none,1,high,0.6407411631595799,44,3,22,2,95,1,21,2,0,1,Still_image_720p_60fps_5s
378,1,p4x4,1,0.9844437172708528,0,11,0,0,18.518682570557125,5:-5,spatial,0,440,4,hex,33,1,1,none,1,high,0.6407411631595799,44,3,22,2,95,1,21,0,1,1,Still_image_720p_60fps_5s
76,0,p8x8,3,1.997601325586333,1,12,0,8,38.687654164818326,5:-5,spatial,0,440,4,hex,33,1,1,none,1,high,0.6407411631595799,44,3,22,2,95,2,21,0,1,0,Still_image_720p_60fps_5s
2295,1,all,3,1.8245416022471044,0,9,1,-12,18.518682570557125,5:-5,spatial,0,440,4,hex,41,0,1,none,1,high,0.6407411631595799,44,3,22,2,95,1,21,0,1,1,Still_image_720p_60fps_5s
2120,1,p4x4,1,0.9844437172708528,2,11,0,0,18.518682570557125,5:-5,spatial,0,151,4,dia,33,1,1,none,0,high,0.6407411631595799,44,4,155,2,80,11,11,2,0,0,Still_image_720p_60fps_5s
378,1,p8x8,1,0.9844437172708528,1,9,1,-12,18.518682570557125,5:-5,spatial,0,440,4,hex,41,0,1,none,1,high,0.6407411631595799,44,3,22,2,95,1,21,0,1,1,Still_image_720p_60fps_5s
378,1,p4x4,1,0.9844437172708528,2,11,0,8,18.518682570557125,5:-5,spatial,0,440,1,hex,33,1,1,none,1,high,0.6407411631595799,44,3,22,2,95,1,21,2,0,1,Still_image_720p_60fps_5s
378,1,all,1,0.9844437172708528,1,9,1,-12,18.518682570557125,5:-5,spatial,1,440,4,hex,41,0,1,none,1,high,0.6407411631595799,44,3,22,14,95,1,1,0,1,1,Still_image_720p_60fps_5s
378,1,p4x4,1,0.9844437172708528,2,6,0,8,18.518682570557125,5:-5,spatial,0,440,1,hex,33,0,1,none,0,high,0.6407411631595799,44,3,238,2,95,1,21,2,0,1,Still_image_720p_60fps_5s
378,1,p4x4,1,0.9844437172708528,0,11,0,0,18.518682570557125,5:-5,spatial,1,440,4,hex,33,1,1,none,1,high,0.6407411631595799,44,12,22,2,95,1,21,0,1,1,Still_image_720p_60fps_5s
378,1,all,1,0.9844437172708528,1,9,1,-12,18.518682570557125,5:-5,spatial,1,297,4,hex,41,0,1,none,1,high,0.6407411631595799,44,3,191,8,90,1,1,0,0,1,Still_image_720p_60fps_5s
2091,1,p4x4,1,0.9844437172708528,2,11,0,8,18.518682570557125,5:-5,spatial,0,440,1,hex,33,1,1,cbr,1,high,0.6407411631595799,44,3,22,2,95,1,33,2,0,1,Still_image_720p_60fps_5s
378,1,all,1,0.9844437172708528,0,11,0,8,18.518682570557125,5:-5,none,0,440,1,tesa,33,1,1,none,1,high,0.6407411631595799,44,3,22,2,95,1,21,2,1,1,Still_image_720p_60fps_5s
2120,1,p4x4,1,0.9844437172708528,2,8,1,0,36.84834824330018,5:-5,spatial,0,151,4,dia,53,1,1,none,1,high,0.6407411631595799,44,3,22,2,95,8,21,2,0,1,Still_image_720p_60fps_5s
2295,1,all,3,1.8245416022471044,0,9,1,-12,18.518682570557125,5:-5,spatial,0,440,4,hex,57,0,1,none,1,high,0.6407411631595799,44,3,22,2,95,1,21,0,1,1,Still_image_720p_60fps_5s
2295,0,all,3,1.8245416022471044,0,9,1,-12,18.518682570557125,5:-5,spatial,0,440,4,dia,41,1,1,none,0,high,0.6407411631595799,45,3,22,2,95,1,21,0,1,1,Still_image_720p_60fps_5s
2120,1,p8x8,1,0.9844437172708528,2,11,0,0,18.518682570557125,5:-5,spatial,0,151,4,dia,33,1,1,none,0,high,0.6407411631595799,44,4,155,2,95,1,21,0,1,1,Still_image_720p_60fps_5s
378,0,p4x4,1,1.2702875263645028,2,11,0,8,18.518682570557125,5:-5,spatial,0,112,1,hex,33,1,1,none,1,high,0.7897720190647256,44,3,22,2,95,2,21,0,1,0,Still_image_720p_60fps_5s
1178,0,all,1,0.9065584540988204,0,7,0,-11,11.649183250274437,0:0,temporal,0,410,4,tesa,11,1,0,cbr,1,high,0.5123914458022217,29,0,10,4,37,1,30,0,0,2,Action_720p_25fps_20s
1178,0,all,3,0.9065584540988204,2,3,1,-10,11.649183250274437,0:0,auto,1,410,0,umh,11,0,1,none,1,baseline,0.5123914458022217,39,0,192,2,19,6,40,1,0,1,Action_720p_25fps_20s
1178,0,all,1,0.9065584540988204,2,3,0,-11,11.649183250274437,0:0,temporal,0,410,4,umh,11,0,0,cbr,1,main,0.965829524139684,22,0,10,4,37,0,30,0,1,2,Action_720p_25fps_20s
1178,0,all,3,0.9065584540988204,2,4,1,-10,11.649183250274437,0:0,auto,0,410,4,umh,11,0,0,cbr,1,baseline,0.5123914458022217,39,0,10,4,37,6,30,0,1,2,Action_720p_25fps_20s
1178,0,all,3,0.8875295029693533,2,3,1,-11,11.649183250274437,0:0,auto,0,410,4,umh,11,1,1,cbr,1,baseline,0.9148497995135092,46,1,88,14,43,4,38,0,0,0,Action_720p_25fps_20s
1178,0,all,1,0.9065584540988204,2,3,0,-11,11.649183250274437,0:0,temporal,1,410,4,umh,11,0,1,none,1,baseline,0.5123914458022217,39,0,192,2,19,6,40,1,1,1,Action_720p_25fps_20s
1178,0,all,3,0.9065584540988204,2,3,1,-3,11.649183250274437,0:0,auto,0,410,4,umh,11,0,1,cbr,1,baseline,0.5123914458022217,39,0,10,4,37,0,59,0,1,2,Action_720p_25fps_20s
1178,0,all,3,0.9065584540988204,2,3,1,-10,11.649183250274437,0:0,auto,0,410,4,umh,11,1,0,cbr,1,high,0.5123914458022217,39,0,10,4,37,0,30,0,1,2,Action_720p_25fps_20s
1178,0,all,3,0.9065584540988204,2,3,0,-11,11.649183250274437,0:0,auto,1,410,4,umh,11,0,0,cbr,1,baseline,0.5123914458022217,39,0,10,4,37,0,30,0,1,0,Action_720p_25fps_20s
1178,0,all,3,0.9065584540988204,2,3,1,-10,11.649183250274437,0:0,auto,0,410,4,umh,11,0,0,cbr,1,baseline,0.5123914458022217,39,0,10,4,37,0,30,0,1,2,Action_720p_25fps_20s
1178,0,all,3,0.9065584540988204,2,3,0,-11,11.649183250274437,0:0,auto,0,410,4,umh,11,0,0,cbr,1,baseline,0.5123914458022217,39,14,29,2,19,6,40,1,0,1,Action_720p_25fps_20s
1530,1,all,3,0.9065584540988204,2,3,0,-11,14.508101424212924,0:0,auto,1,410,4,umh,11,0,1,none,1,baseline,0.5123914458022217,39,0,192,2,19,11,40,1,0,1,Action_720p_25fps_20s
1178,0,all,3,0.9065584540988204,2,3,1,-10,11.649183250274437,0:0,auto,1,410,0,umh,11,1,0,cbr,1,baseline,0.5123914458022217,39,0,10,4,37,8,30,0,1,0,Action_720p_25fps_20s
1178,0,all,3,0.9065584540988204,2,3,1,-10,11.649183250274437,0:0,auto,1,410,4,umh,11,0,1,none,1,baseline,0.5123914458022217,27,0,192,2,19,6,40,1,0,1,Action_720p_25fps_20s
1178,0,all,1,0.9065584540988204,0,7,0,-11,11.649183250274437,0:0,temporal,0,410,4,umh,11,0,0,cbr,1,baseline,0.5123914458022217,42,0,10,4,37,0,30,0,1,2,Action_720p_25fps_20s
1178,0,all,3,0.8875295029693533,2,3,1,-2,11.649183250274437,0:0,auto,0,410,4,umh,11,0,0,cbr,1,high,0.5123914458022217,39,0,14,4,10,0,30,0,1,2,Action_720p_25fps_20s
1178,0,all,3,0.9065584540988204,2,3,1,-11,11.649183250274437,0:0,auto,1,410,4,umh,11,1,1,none,1,main,0.9148497995135092,46,1,88,14,53,4,38,0,0,0,Action_720p_25fps_20s
1178,0,all,3,0.8875295029693533,2,3,1,-7,11.649183250274437,0:0,auto,0,410,4,umh,11,1,1,cbr,1,baseline,0.9148497995135092,46,1,88,14,43,4,38,0,0,0,Action_720p_25fps_20s
1178,0,p4x4,3,0.9981664009123554,2,3,1,-11,11.649183250274437,0:0,auto,0,410,4,umh,11,1,1,cbr,1,baseline,0.0109383133229932,20,1,88,14,43,4,38,0,1,0,Action_720p_25fps_20s
1178,0,all,3,0.8875295029693533,1,3,1,-1,11.649183250274437,0:0,auto,0,410,4,umh,11,0,0,cbr,1,baseline,0.822992269518853,39,0,10,4,37,6,30,0,1,2,Action_720p_25fps_20s
378,1,all,1,0.9844437172708528,0,11,0,8,18.518682570557125,5:-5,spatial,0,440,1,hex,33,0,1,none,1,high,0.6407411631595799,44,3,22,2,95,1,33,2,1,1,Standard_480p_60fps_15s
378,1,p4x4,1,0.9844437172708528,0,11,0,0,18.518682570557125,5:-5,spatial,0,440,4,hex,33,1,1,none,1,high,0.6407411631595799,44,3,22,2,95,1,21,0,1,1,Standard_480p_60fps_15s
378,1,p4x4,1,0.9844437172708528,2,11,0,8,18.518682570557125,5:-5,spatial,0,440,1,hex,33,1,1,none,1,high,0.6407411631595799,44,3,22,2,95,1,21,2,0,1,Standard_480p_60fps_15s
378,1,p4x4,0,0.9844437172708528,2,11,0,-7,18.518682570557125,5:-5,spatial,0,440,1,hex,33,1,1,none,0,high,0.128052689104238,44,4,155,2,80,11,11,2,0,0,Standard_480p_60fps_15s
2120,1,p4x4,1,0.9844437172708528,2,5,0,0,18.518682570557125,5:-5,spatial,0,151,4,dia,53,1,1,none,1,high,0.6407411631595799,44,3,22,2,95,1,21,2,0,1,Standard_480p_60fps_15s
2120,1,p4x4,1,0.9844437172708528,2,11,0,0,18.518682570557125,5:-5,spatial,0,151,4,dia,33,1,1,none,0,high,0.6407411631595799,44,4,155,2,80,11,11,2,0,0,Standard_480p_60fps_15s
378,1,p8x8,1,0.9844437172708528,1,9,1,-12,18.518682570557125,5:-5,spatial,0,440,4,hex,41,0,1,none,1,high,0.6407411631595799,44,3,22,2,95,1,21,0,1,1,Standard_480p_60fps_15s
76,0,p8x8,3,1.997601325586333,1,12,0,8,38.687654164818326,5:-5,spatial,0,440,4,hex,33,1,1,none,1,high,0.6407411631595799,44,3,22,2,95,2,21,0,1,0,Standard_480p_60fps_15s
2295,1,all,3,1.8245416022471044,0,9,1,-12,18.518682570557125,5:-5,spatial,0,440,4,hex,41,0,1,none,1,high,0.6407411631595799,44,3,22,2,95,1,21,0,1,1,Standard_480p_60fps_15s
378,1,all,1,0.9844437172708528,1,9,1,-12,18.518682570557125,5:-5,spatial,1,440,4,hex,41,0,1,none,1,high,0.6407411631595799,44,3,22,14,95,1,1,0,1,1,Standard_480p_60fps_15s
378,1,p8x8,1,0.9844437172708528,1,9,1,-12,40.61434350335071,3:3,spatial,0,440,4,hex,41,0,1,none,1,high,0.6407411631595799,44,3,241,2,95,1,21,0,0,1,Standard_480p_60fps_15s
378,1,all,1,0.9844437172708528,1,9,1,-12,18.518682570557125,5:-5,spatial,1,440,4,hex,41,0,1,none,1,high,0.6407411631595799,44,3,22,9,95,1,1,1,0,0,Standard_480p_60fps_15s
76,0,p8x8,3,1.997601325586333,1,12,0,-5,30.1445045034391,5:-5,spatial,0,440,4,hex,33,1,1,none,1,high,0.6407411631595799,44,12,22,2,95,2,21,0,1,1,Standard_480p_60fps_15s
378,1,p8x8,0,0.9844437172708528,1,9,1,7,18.518682570557125,5:-5,spatial,0,440,4,hex,41,0,1,none,1,high,0.6407411631595799,44,3,22,2,95,1,21,0,1,0,Standard_480p_60fps_15s
76,0,p8x8,3,1.997601325586333,1,12,0,8,38.687654164818326,5:-5,spatial,0,440,4,hex,33,0,1,none,1,baseline,0.6407411631595799,44,3,22,2,95,2,21,1,1,1,Standard_480p_60fps_15s
378,1,p4x4,1,0.9844437172708528,2,11,0,8,17.830423834761135,5:-5,spatial,0,440,1,hex,33,1,1,none,1,high,0.6407411631595799,44,3,188,2,95,1,1,0,0,1,Standard_480p_60fps_15s
378,1,p8x8,3,0.9844437172708528,1,9,1,-12,23.100507083610125,5:-5,spatial,0,440,4,hex,41,0,1,vbr,1,high,0.6407411631595799,44,3,201,2,98,1,21,1,0,1,Standard_480p_60fps_15s
378,1,p4x4,1,0.9844437172708528,2,14,0,-9,18.518682570557125,5:-5,spatial,1,440,1,hex,33,1,0,none,1,high,0.6241726194750598,44,15,22,2,95,1,21,2,0,1,Standard_480p_60fps_15s
378,1,p4x4,3,0.9844437172708528,2,11,0,8,18.518682570557125,5:-5,spatial,0,440,1,hex,33,1,1,none,1,high,0.6407411631595799,44,3,22,2,95,1,21,1,0,1,Standard_480p_60fps_15s
378,1,all,1,0.9844437172708528,0,11,0,8,18.518682570557125,5:-5,spatial,0,440,1,hex,33,0,1,none,1,high,0.6407411631595799,44,3,22,3,95,10,13,1,0,1,Standard_480p_60fps_15s
