id,8x8dct,analyse,aq-mode,aq-strength,b-adapt,bframes,cabac,chroma-qp-offset,crf,deblock,direct,fast-pskip,keyint,lookahead-threads,me,merange,mixed-refs,mbtree,nal-hrd,open-gop,profile,qcomp,qpmax,qpmin,rc-lookahead,ref,scenecut,subme,threads,trellis,weightb,weightp,workload
2233,1,none,1,1.3653973567571176,0,9,0,7,41.62378391495786,-3:3,none,0,98,4,umh,19,0,0,none,0,baseline,0.9859873526355616,22,14,240,2,76,11,8,2,0,2,Action_1080p_30fps_10s
76,0,p8x8,3,0.6295137611273145,2,0,1,9,29.58495568862226,4:4,auto,0,51,0,hex,54,0,1,none,1,baseline,0.9859873526355616,32,14,240,2,81,11,8,1,1,2,Action_1080p_30fps_10s
1128,0,p4x4,1,0.3454342021435984,2,6,0,8,48.99821968539017,2:-2,spatial,0,435,3,dia,15,1,0,cbr,1,high,0.7214316074693485,25,4,92,6,80,0,2,0,0,0,Action_1080p_30fps_10s
1320,1,p4x4,3,0.6157864219350295,1,12,0,8,38.687654164818326,2:-2,spatial,1,435,3,dia,15,1,0,cbr,1,main,0.7214316074693485,25,3,141,7,40,5,63,1,0,2,Action_1080p_30fps_10s
1128,0,p4x4,1,0.8422819182175576,0,6,0,8,48.99821968539017,2:-2,spatial,1,435,3,dia,15,1,0,cbr,1,high,0.7214316074693485,25,2,141,7,40,5,63,1,0,2,Action_1080p_30fps_10s
1514,0,p4x4,3,1.2767584299655177,1,7,1,-8,24.182512686771847,6:-6,temporal,1,304,2,hex,13,1,1,cbr,1,high,0.7214316074693485,25,2,141,7,40,5,63,1,0,2,Action_1080p_30fps_10s
1128,0,p4x4,0,0.8422819182175576,2,6,1,-7,37.83845219547387,5:5,temporal,1,251,4,hex,15,1,0,cbr,1,high,0.7214316074693485,25,2,141,7,40,4,63,1,0,2,Action_1080p_30fps_10s
76,0,p8x8,1,0.6295137611273145,2,0,1,9,29.58495568862226,4:4,spatial,0,51,0,dia,54,0,1,none,0,baseline,0.6493532546000097,48,4,92,2,80,0,2,0,0,0,Action_1080p_30fps_10s
76,0,p8x8,1,0.6295137611273145,2,0,1,3,29.58495568862226,4:4,spatial,0,51,0,dia,54,0,1,cbr,0,high,0.8577477619777601,22,13,242,7,67,4,42,0,1,1,Action_1080p_30fps_10s
1128,0,p8x8,1,0.6295137611273145,2,3,1,9,29.58495568862226,4:4,spatial,0,51,0,dia,54,1,1,cbr,0,baseline,0.6493532546000097,30,4,92,2,80,0,2,0,0,0,Action_1080p_30fps_10s
76,0,p8x8,3,0.6295137611273145,2,0,1,9,29.58495568862226,4:4,auto,0,51,0,dia,54,0,1,none,1,baseline,0.8577477619777601,22,13,242,7,67,3,42,0,1,1,Action_1080p_30fps_10s
2231,0,p8x8,1,0.6295137611273145,2,0,0,9,41.40410177286418,4:4,spatial,0,51,0,hex,54,1,1,none,0,baseline,0.6493532546000097,48,4,92,2,80,0,2,0,0,2,Action_1080p_30fps_10s
375,0,none,1,0.6295137611273145,1,0,1,9,29.58495568862226,4:4,spatial,1,51,0,dia,54,0,1,none,0,baseline,0.4403965067656007,30,4,92,2,80,9,2,0,0,0,Action_1080p_30fps_10s
76,0,p8x8,1,0.8089347264506862,0,9,0,7,41.62378391495786,4:4,spatial,0,480,0,umh,45,0,1,none,0,baseline,0.6493532546000097,48,12,17,3,99,0,2,0,0,0,Action_1080p_30fps_10s
76,0,p8x8,1,0.6295137611273145,2,0,1,7,41.62378391495786,4:4,none,0,31,0,umh,45,0,1,none,0,baseline,0.9573240032276056,22,14,240,14,81,11,8,1,0,2,Action_1080p_30fps_10s
2233,0,none,1,1.3653973567571176,0,12,1,9,29.58495568862226,4:4,spatial,0,51,3,dia,54,0,0,none,0,baseline,0.6493532546000097,48,4,92,10,80,6,2,0,0,0,Action_1080p_30fps_10s
2233,0,none,1,1.3653973567571176,0,9,0,7,41.62378391495786,4:4,spatial,0,480,0,umh,45,0,0,none,0,baseline,0.8577477619777601,22,13,242,7,67,0,42,0,1,1,Action_1080p_30fps_10s
2233,0,"p8x8,b8x8,i8x8,i4x4",1,1.3653973567571176,0,9,1,7,41.62378391495786,4:4,temporal,1,480,0,umh,45,0,0,none,0,baseline,0.9859873526355616,22,14,240,2,81,11,8,2,0,2,Action_1080p_30fps_10s
2233,0,none,1,1.3653973567571176,0,11,0,7,41.62378391495786,4:4,none,0,480,0,umh,45,0,0,none,0,baseline,0.6493532546000097,48,4,92,2,80,0,2,0,1,0,Action_1080p_30fps_10s
2233,1,none,1,1.3653973567571176,0,9,0,7,41.62378391495786,0:0,spatial,0,480,4,umh,19,0,0,none,0,baseline,0.8577477619777601,22,13,242,2,1,8,45,1,0,0,Action_1080p_30fps_10s
2233,1,none,1,1.3653973567571176,0,9,0,7,41.62378391495786,-3:3,none,0,98,4,umh,19,0,0,none,0,baseline,0.9859873526355616,22,14,240,2,76,11,8,2,0,2,Still_image_720p_25fps_10s
1602,1,p4x4,0,0.2696951858659385,2,11,1,7,41.62378391495786,2:2,none,0,98,4,umh,19,0,0,none,0,baseline,0.9859873526355616,22,14,240,2,76,11,8,2,0,2,Still_image_720p_25fps_10s
76,0,p8x8,1,0.6295137611273145,1,0,0,3,29.58495568862226,4:4,spatial,0,414,0,dia,49,0,1,cbr,0,high,0.8577477619777601,22,13,242,7,67,4,42,1,0,2,Still_image_720p_25fps_10s
1320,1,p4x4,3,0.0305137431257065,1,12,0,9,29.58495568862226,4:4,spatial,0,51,0,dia,17,1,1,vbr,0,baseline,0.6493532546000097,30,4,92,2,80,0,2,2,0,0,Still_image_720p_25fps_10s
2233,1,none,1,0.1803543598779745,0,9,0,7,41.62378391495786,4:4,spatial,0,51,0,dia,17,1,1,vbr,0,baseline,0.4636717506213113,30,13,92,2,80,0,2,2,0,0,Still_image_720p_25fps_10s
51,0,p8x8,2,1.9962941833638503,1,6,1,12,25.377076389688145,5:5,temporal,1,251,4,hex,15,1,0,cbr,0,high,0.7214316074693485,25,5,13,6,80,0,2,1,0,1,Still_image_720p_25fps_10s
76,0,p8x8,3,0.6295137611273145,2,0,1,9,29.58495568862226,4:4,auto,0,51,0,hex,54,0,1,none,1,baseline,0.9859873526355616,32,14,240,2,81,11,8,1,1,2,Still_image_720p_25fps_10s
2233,0,none,1,1.3653973567571176,0,9,0,7,38.632211284256606,-3:3,none,0,98,0,hex,54,0,1,none,1,baseline,0.9859873526355616,32,14,240,2,81,11,8,1,1,2,Still_image_720p_25fps_10s
1602,1,"p8x8,b8x8,i8x8,i4x4",0,0.2696951858659385,1,11,1,-8,21.03743211730354,6:6,auto,0,421,0,hex,32,1,1,none,0,main,0.5311705779453971,29,7,143,12,16,7,46,1,1,1,Still_image_720p_25fps_10s
1602,1,p4x4,0,0.2696951858659385,2,11,1,-8,21.03743211730354,5:-5,auto,0,421,0,hex,32,1,1,none,0,main,0.8577477619777601,22,13,242,7,13,4,42,0,1,1,Still_image_720p_25fps_10s
971,1,p4x4,0,0.2696951858659385,2,11,1,-8,41.5734213592357,5:-5,auto,0,421,0,hex,32,1,1,none,0,main,0.8577477619777601,22,13,242,7,13,4,42,0,1,1,Still_image_720p_25fps_10s
1514,0,p4x4,3,1.2767584299655177,1,7,0,-8,24.182512686771847,6:-6,spatial,1,304,2,hex,13,1,0,cbr,1,high,0.7214316074693485,25,2,141,7,40,5,63,0,0,0,Still_image_720p_25fps_10s
1514,1,p4x4,3,1.2767584299655177,0,7,0,-8,24.182512686771847,6:-6,spatial,1,304,2,hex,17,1,1,vbr,0,baseline,0.6493532546000097,30,4,92,2,80,0,2,2,0,0,Still_image_720p_25fps_10s
1320,1,p4x4,0,0.2696951858659385,2,11,1,-8,21.03743211730354,2:2,auto,1,421,0,hex,32,1,1,none,0,main,0.8577477619777601,22,13,172,7,13,4,42,0,1,1,Still_image_720p_25fps_10s
1320,1,p4x4,3,0.6157864219350295,1,12,0,8,38.687654164818326,2:-2,spatial,1,435,3,dia,15,1,0,cbr,1,main,0.7214316074693485,25,3,141,7,40,5,63,1,0,2,Still_image_720p_25fps_10s
1320,1,p4x4,3,0.6157864219350295,1,12,0,9,13.528294989083005,2:-2,spatial,1,435,3,dia,15,1,0,cbr,1,high,0.7214316074693485,25,2,141,7,40,5,63,1,0,1,Still_image_720p_25fps_10s
1602,1,p4x4,3,0.6157864219350295,1,12,0,8,38.687654164818326,2:-2,spatial,1,435,3,dia,15,1,0,cbr,1,main,0.7214316074693485,25,3,141,7,40,5,63,1,0,2,Still_image_720p_25fps_10s
439,0,p4x4,1,1.288886259745501,2,0,1,-6,46.65029688600506,4:4,spatial,1,51,0,tesa,54,0,1,cbr,0,high,0.670392974439477,29,7,143,12,12,5,46,1,1,1,Still_image_720p_25fps_10s
2233,1,none,1,1.3653973567571176,0,9,1,7,41.62378391495786,-3:3,none,0,98,3,umh,13,1,0,vbr,1,high,0.7214316074693485,25,2,141,7,40,5,63,0,0,0,Still_image_720p_25fps_10s
2233,1,none,1,1.3653973567571176,0,3,0,7,41.62378391495786,-3:3,none,0,98,4,umh,19,0,0,none,0,baseline,0.9859873526355616,22,14,240,2,76,2,64,2,0,2,Still_image_720p_25fps_10s
96,0,none,1,0.0517809269619148,0,5,0,7,20.60851486732971,-4:4,auto,0,392,2,umh,54,0,1,cbr,1,main,0.0311007961760659,37,18,28,7,21,9,12,0,0,0,Standard_720p_30fps_10s
1908,0,p4x4,3,1.3381699574248425,0,0,1,-6,23.21909479916627,5:5,auto,0,322,1,dia,35,1,0,none,0,baseline,0.5953676782928479,48,4,92,2,80,8,2,1,0,0,Standard_720p_30fps_10s
1880,0,p4x4,1,1.3381699574248425,0,0,1,-6,23.21909479916627,5:5,none,1,231,2,dia,35,0,0,vbr,0,main,0.3316802394650799,46,2,5,8,12,8,46,1,1,1,Standard_720p_30fps_10s
1880,0,p4x4,1,1.3381699574248425,0,0,1,-6,23.21909479916627,5:5,none,1,231,2,tesa,35,0,0,vbr,0,main,0.3316802394650799,46,2,5,15,61,3,9,1,0,2,Standard_720p_30fps_10s
1880,1,p4x4,1,1.3381699574248425,0,0,1,-6,23.21909479916627,5:5,none,1,322,2,dia,35,0,0,none,0,baseline,0.5953676782928479,48,4,92,2,80,0,2,1,0,0,Standard_720p_30fps_10s
76,0,p8x8,1,0.6295137611273145,2,0,0,9,29.58495568862226,4:4,temporal,0,51,0,dia,54,0,0,vbr,0,main,0.3316802394650799,46,2,5,8,12,8,46,1,1,1,Standard_720p_30fps_10s
1040,0,p4x4,1,1.1149304597994294,0,7,1,-7,3.2583913639542272,4:-4,spatial,0,231,2,dia,35,1,0,vbr,1,high,0.3316802394650799,46,2,5,8,12,8,46,1,1,1,Standard_720p_30fps_10s
1880,0,p4x4,1,1.3381699574248425,0,0,0,-6,23.21909479916627,5:5,none,1,231,2,dia,35,0,0,vbr,0,main,0.5953676782928479,48,4,92,2,80,0,2,1,0,0,Standard_720p_30fps_10s
1880,1,p4x4,1,1.3381699574248425,0,0,1,-12,23.21909479916627,5:5,spatial,0,322,2,dia,35,0,0,cbr,0,baseline,0.3316802394650799,46,2,5,8,90,8,46,2,1,1,Standard_720p_30fps_10s
1880,0,p4x4,3,1.7109762820201706,0,0,1,-6,23.21909479916627,5:5,none,1,231,2,tesa,35,0,0,none,0,main,0.3316802394650799,46,18,5,15,61,3,9,1,0,0,Standard_720p_30fps_10s
1880,0,p4x4,1,1.3381699574248425,0,0,1,-6,23.21909479916627,5:5,none,1,231,2,tesa,35,1,0,vbr,0,baseline,0.3316802394650799,46,2,5,15,61,3,9,0,0,2,Standard_720p_30fps_10s
2358,1,p8x8,2,1.201321892512374,0,0,1,-6,23.21909479916627,5:5,none,1,231,2,dia,35,0,0,cbr,0,baseline,0.1980736042821232,46,2,5,8,12,8,46,1,1,1,Standard_720p_30fps_10s
1880,0,p4x4,1,1.3381699574248425,0,0,1,-5,23.21909479916627,5:5,none,1,231,2,tesa,35,0,0,vbr,0,baseline,0.7777322091999372,46,2,5,8,43,8,46,1,1,0,Standard_720p_30fps_10s
2358,0,p8x8,2,1.201321892512374,0,0,1,-6,23.21909479916627,5:5,none,1,231,2,tesa,35,0,0,vbr,0,main,0.3316802394650799,46,2,5,15,3,3,9,1,0,0,Standard_720p_30fps_10s
1880,0,none,1,1.3381699574248425,0,0,1,-6,23.21909479916627,5:5,temporal,1,231,2,dia,35,0,1,cbr,0,baseline,0.1980736042821232,46,2,5,8,12,8,46,1,1,1,Standard_720p_30fps_10s
1880,0,p4x4,1,1.3381699574248425,0,0,0,-6,23.21909479916627,5:5,none,1,231,2,tesa,35,0,0,vbr,0,main,0.3316802394650799,46,2,5,8,12,8,46,1,1,1,Standard_720p_30fps_10s
1880,0,p8x8,3,1.7109762820201706,0,0,1,-6,23.21909479916627,5:5,none,1,231,2,tesa,35,0,0,cbr,1,main,0.0311007961760659,26,18,167,7,21,9,12,0,1,0,Standard_720p_30fps_10s
1880,0,all,1,1.3381699574248425,0,0,1,8,23.21909479916627,-6:6,none,1,231,2,dia,35,0,0,vbr,0,main,0.3316802394650799,46,2,5,8,12,8,46,2,1,1,Standard_720p_30fps_10s
2313,0,p4x4,1,1.3381699574248425,0,0,1,-6,23.21909479916627,5:5,none,1,400,2,tesa,35,0,0,vbr,0,main,0.3316802394650799,46,2,9,15,61,3,9,1,0,2,Standard_720p_30fps_10s
1880,0,"p8x8,b8x8,i8x8,i4x4",1,0.7589185796306588,0,0,1,-6,23.21909479916627,5:5,spatial,1,231,2,dia,35,0,0,vbr,0,main,0.4305415044765351,36,2,5,8,14,8,46,1,1,1,Standard_720p_30fps_10s
707,1,p8x8,0,1.450828810886252,2,14,0,2,23.780344080144086,0:0,temporal,0,46,0,esa,11,0,0,vbr,1,baseline,0.8560696908748571,43,5,102,3,89,0,16,0,1,2,Standard_1080p_30fps_5s
2150,1,p4x4,1,1.6886111996590245,0,0,1,-1,3.643598341057589,4:4,auto,1,303,4,dia,61,1,1,vbr,0,main,0.2665021091784229,42,7,250,8,55,7,32,0,0,2,Standard_1080p_30fps_5s
485,1,none,0,0.2135355693045214,2,14,0,2,23.780344080144086,0:0,temporal,0,46,0,esa,11,0,0,vbr,1,baseline,0.8560696908748571,43,7,102,3,89,0,16,0,1,0,Standard_1080p_30fps_5s
76,0,p8x8,1,0.6295137611273145,2,0,1,9,29.58495568862226,4:4,spatial,0,51,0,dia,54,0,1,none,0,baseline,0.6493532546000097,48,4,92,2,80,0,2,0,0,0,Standard_1080p_30fps_5s
76,1,p8x8,1,0.6295137611273145,2,0,1,9,29.58495568862226,4:4,spatial,0,51,0,dia,54,0,0,none,0,main,0.6493532546000097,48,4,92,2,80,0,32,0,1,2,Standard_1080p_30fps_5s
1035,0,p8x8,2,0.6295137611273145,2,0,1,9,11.75361697599254,4:4,spatial,1,51,0,dia,54,0,1,none,0,main,0.6493532546000097,48,4,92,2,80,0,2,0,1,0,Standard_1080p_30fps_5s
112,0,p8x8,2,0.6295137611273145,2,7,0,-1,29.58495568862226,4:4,spatial,0,51,0,dia,54,0,1,none,0,baseline,0.6493532546000097,48,4,92,2,100,3,21,0,0,2,Standard_1080p_30fps_5s
2150,1,p4x4,3,1.6886111996590245,2,14,1,9,29.58495568862226,4:4,spatial,0,51,0,dia,54,0,1,none,0,baseline,0.6493532546000097,48,4,92,2,80,0,2,0,0,1,Standard_1080p_30fps_5s
76,1,p8x8,1,0.6295137611273145,2,0,1,9,29.58495568862226,4:4,spatial,0,51,3,dia,54,0,1,none,1,main,0.6493532546000097,48,4,92,2,83,3,21,0,0,1,Standard_1080p_30fps_5s
1488,0,p8x8,2,1.3660627367456517,2,0,1,-12,11.75361697599254,4:4,spatial,1,252,0,dia,54,0,1,none,0,main,0.6493532546000097,48,4,92,2,80,0,32,0,1,2,Standard_1080p_30fps_5s
76,1,p8x8,1,0.6295137611273145,2,0,1,9,29.58495568862226,4:4,none,0,51,0,dia,54,0,0,none,0,main,0.6493532546000097,48,4,92,2,80,0,32,0,1,2,Standard_1080p_30fps_5s
56,1,none,1,0.5579573942376056,1,4,0,-12,3.7867325684454847,5:5,temporal,1,215,1,dia,35,0,0,cbr,1,main,0.733568137713593,48,3,190,16,0,0,32,1,1,0,Standard_1080p_30fps_5s
925,1,none,1,0.5579573942376056,1,4,0,-6,45.63892834642217,5:5,temporal,1,349,1,esa,35,0,0,cbr,1,main,0.733568137713593,48,3,190,16,0,3,21,0,0,2,Standard_1080p_30fps_5s
925,1,none,1,0.5579573942376056,1,4,0,-12,45.63892834642217,5:5,temporal,1,349,1,esa,35,0,0,cbr,1,main,0.733568137713593,48,3,190,16,0,3,21,0,0,2,Standard_1080p_30fps_5s
707,1,p8x8,0,1.450828810886252,0,3,1,-1,1.267792757206698,3:3,none,1,14,1,dia,61,0,1,cbr,0,main,0.2665021091784229,42,5,245,8,55,7,32,0,1,2,Standard_1080p_30fps_5s
2368,1,p4x4,2,1.3374303110676122,0,14,1,-1,3.643598341057589,4:4,auto,1,303,4,dia,61,0,1,cbr,0,main,0.2665021091784229,42,5,250,8,55,7,32,0,1,2,Standard_1080p_30fps_5s
2368,0,p8x8,2,1.3374303110676122,0,14,1,-1,3.643598341057589,4:4,temporal,1,303,4,dia,61,1,1,cbr,0,main,0.2665021091784229,42,5,250,8,55,11,32,0,1,2,Standard_1080p_30fps_5s
2368,1,p4x4,0,1.3374303110676122,0,14,1,-1,3.643598341057589,4:4,temporal,1,303,4,dia,61,0,1,cbr,0,main,0.2665021091784229,42,0,250,8,70,7,32,0,1,2,Standard_1080p_30fps_5s
485,1,none,0,0.2135355693045214,2,14,1,-1,17.350326819752244,4:4,auto,1,303,4,dia,61,0,1,cbr,0,main,0.2665021091784229,42,5,250,8,55,7,32,0,1,2,Standard_1080p_30fps_5s
707,1,p8x8,0,1.450828810886252,1,3,0,3,1.267792757206698,6:-6,none,1,256,1,dia,32,0,0,cbr,0,high,0.2665021091784229,42,5,250,8,48,7,61,0,1,2,Standard_1080p_30fps_5s
1602,1,p4x4,0,0.2696951858659385,2,11,1,7,41.62378391495786,2:2,none,0,98,4,umh,19,0,0,none,0,baseline,0.9859873526355616,22,14,240,2,76,11,8,2,0,2,Standard_480p_60fps_20s
2233,1,none,1,1.3653973567571176,0,9,0,7,41.62378391495786,-3:3,none,0,98,4,umh,19,0,0,none,0,baseline,0.9859873526355616,22,14,240,2,76,11,8,2,0,2,Standard_480p_60fps_20s
2233,1,none,1,0.1803543598779745,0,9,0,7,41.62378391495786,4:4,spatial,0,51,0,dia,17,1,1,vbr,0,baseline,0.4636717506213113,30,13,92,2,80,0,2,2,0,0,Standard_480p_60fps_20s
1320,1,p4x4,3,0.0305137431257065,1,12,0,9,29.58495568862226,4:4,spatial,0,51,0,dia,17,1,1,vbr,0,baseline,0.6493532546000097,30,4,92,2,80,0,2,2,0,0,Standard_480p_60fps_20s
2233,1,none,1,0.1803543598779745,0,9,0,7,41.62378391495786,4:4,spatial,0,51,2,dia,26,1,1,vbr,0,baseline,0.4636717506213113,30,13,92,2,80,0,2,2,0,0,Standard_480p_60fps_20s
2233,0,none,1,1.3653973567571176,0,9,0,7,41.62378391495786,2:2,none,0,150,4,umh,19,0,0,none,0,baseline,0.9859873526355616,22,14,240,2,76,11,8,2,0,2,Standard_480p_60fps_20s
2233,1,none,1,1.3653973567571176,0,9,0,7,41.62378391495786,-3:3,none,1,170,4,umh,22,0,0,none,0,baseline,0.9859873526355616,22,13,242,7,13,2,42,0,1,1,Standard_480p_60fps_20s
2233,0,none,1,1.3653973567571176,0,9,0,7,41.62378391495786,2:2,none,1,150,4,umh,19,0,0,none,0,baseline,0.9859873526355616,22,14,240,2,76,1,8,2,0,2,Standard_480p_60fps_20s
2233,0,none,1,1.3653973567571176,1,7,0,7,41.62378391495786,2:2,none,0,150,4,umh,19,0,0,none,0,baseline,0.3928918195954747,22,14,240,2,59,11,8,0,0,2,Standard_480p_60fps_20s
2233,1,none,1,1.3653973567571176,1,9,0,7,41.62378391495786,-3:3,none,0,170,4,umh,22,0,1,none,0,baseline,0.9859873526355616,22,13,242,7,13,2,42,0,1,1,Standard_480p_60fps_20s
2233,1,none,1,1.3653973567571176,0,9,0,7,41.62378391495786,-3:3,spatial,1,170,4,umh,22,0,0,vbr,0,baseline,0.7864255398734057,33,13,242,7,13,2,42,0,1,1,Standard_480p_60fps_20s
2233,1,none,1,0.1258540734901177,0,14,0,7,41.9963709106463,-3:3,none,1,170,0,umh,22,1,0,none,0,baseline,0.9859873526355616,22,13,242,7,13,2,42,0,1,1,Standard_480p_60fps_20s
2233,0,none,1,1.3653973567571176,2,9,0,7,41.62378391495786,-3:3,none,1,170,2,umh,22,1,0,none,0,baseline,0.6108898800777652,22,13,242,7,13,2,42,0,1,1,Standard_480p_60fps_20s
1602,1,p4x4,0,0.2696951858659385,2,11,1,-8,21.03743211730354,5:-5,auto,0,421,0,hex,32,1,1,none,0,main,0.8577477619777601,22,13,242,7,13,4,42,0,1,1,Standard_480p_60fps_20s
1602,1,"p8x8,b8x8,i8x8,i4x4",0,0.2696951858659385,1,11,1,-8,21.03743211730354,6:6,auto,0,421,0,hex,32,1,1,none,0,main,0.5311705779453971,29,7,143,12,16,7,46,1,1,1,Standard_480p_60fps_20s
1602,0,"p8x8,b8x8,i8x8,i4x4",0,1.3660627367456517,1,11,1,-8,21.03743211730354,6:6,auto,0,73,0,hex,32,1,1,none,0,main,0.5311705779453971,39,7,47,12,74,0,2,0,0,0,Standard_480p_60fps_20s
1602,0,"p8x8,b8x8,i8x8,i4x4",0,1.3660627367456517,1,11,1,12,21.03743211730354,6:6,auto,0,73,0,hex,32,1,1,none,0,main,0.5311705779453971,39,7,47,12,70,0,2,0,0,0,Standard_480p_60fps_20s
76,0,p8x8,1,0.6295137611273145,1,0,0,3,29.58495568862226,4:4,spatial,0,414,0,dia,49,0,1,cbr,0,high,0.8577477619777601,22,13,242,7,67,4,42,1,0,2,Standard_480p_60fps_20s
1320,1,p4x4,1,0.6295137611273145,1,0,1,3,29.58495568862226,3:3,spatial,0,414,0,dia,49,0,1,cbr,0,high,0.8577477619777601,22,13,242,7,46,4,42,1,0,2,Standard_480p_60fps_20s
76,0,p8x8,1,0.6295137611273145,1,0,0,3,29.58495568862226,4:4,spatial,0,414,0,dia,49,0,1,cbr,0,high,0.8577477619777601,22,9,242,7,67,4,42,1,0,2,Standard_480p_60fps_20s
96,0,none,1,0.0517809269619148,0,5,0,7,20.60851486732971,-4:4,auto,0,392,2,umh,54,0,1,cbr,1,main,0.0311007961760659,37,18,28,7,21,9,12,0,0,0,Big_480p_60fps_15s
96,0,none,1,1.2284413190883303,0,5,0,7,20.60851486732971,-4:4,auto,0,392,2,umh,54,0,1,cbr,1,main,0.0311007961760659,37,18,28,7,21,9,12,0,0,0,Big_480p_60fps_15s
1908,0,p4x4,3,1.3381699574248425,0,0,1,-6,23.21909479916627,5:5,auto,0,322,1,dia,35,1,0,none,0,baseline,0.5953676782928479,48,4,92,2,80,8,2,1,0,0,Big_480p_60fps_15s
1042,0,none,3,0.8694210481076649,0,14,1,-2,29.71403796292493,0:0,none,0,307,0,esa,49,1,0,none,0,baseline,0.835904787497133,51,0,147,2,48,0,23,0,1,0,Big_480p_60fps_15s
1908,0,p4x4,3,1.3381699574248425,0,8,1,-6,23.21909479916627,5:5,auto,0,322,0,dia,54,0,0,none,0,baseline,0.9101993554684676,48,4,236,2,80,0,11,0,0,0,Big_480p_60fps_15s
1908,0,p4x4,3,1.3381699574248425,0,8,1,-6,23.21909479916627,5:5,auto,0,322,4,dia,35,1,1,none,0,baseline,0.5953676782928479,48,4,92,2,80,0,60,0,0,0,Big_480p_60fps_15s
96,0,none,1,0.0517809269619148,0,5,0,7,20.60851486732971,1:-1,auto,0,314,2,umh,54,0,1,cbr,1,main,0.0311007961760659,37,18,28,7,21,9,12,0,1,0,Big_480p_60fps_15s
96,0,none,1,1.6637035340564157,0,5,0,7,21.688814741577115,-4:4,auto,0,392,2,dia,54,0,1,cbr,1,main,0.0311007961760659,37,18,28,7,21,9,12,0,0,0,Big_480p_60fps_15s
1333,0,p4x4,1,0.0517809269619148,0,9,1,7,20.60851486732971,-4:4,spatial,0,51,4,dia,7,1,1,none,0,baseline,0.5953676782928479,43,4,92,2,36,0,60,0,0,0,Big_480p_60fps_15s
76,0,p8x8,1,0.6295137611273145,2,0,1,9,29.58495568862226,4:4,spatial,0,51,0,dia,54,0,1,none,0,baseline,0.6493532546000097,48,4,92,2,80,0,2,0,0,0,Big_480p_60fps_15s
76,0,p8x8,2,0.6295137611273145,2,0,0,9,29.58495568862226,4:4,temporal,0,51,0,dia,35,0,0,none,0,baseline,0.5953676782928479,22,4,92,2,80,0,2,1,0,0,Big_480p_60fps_15s
76,0,p4x4,1,0.6295137611273145,2,0,1,9,29.58495568862226,4:4,spatial,0,51,0,dia,54,0,1,none,0,baseline,0.6493532546000097,48,4,92,2,80,8,2,1,0,1,Big_480p_60fps_15s
96,0,none,1,0.0517809269619148,0,5,0,7,20.60851486732971,-4:4,spatial,0,51,0,dia,54,0,1,none,0,baseline,0.9101993554684676,48,4,92,2,80,0,11,0,0,0,Big_480p_60fps_15s
76,0,p8x8,2,0.6295137611273145,2,0,0,9,46.91843474198942,4:4,temporal,1,51,0,dia,35,0,0,none,0,baseline,0.5953676782928479,22,4,92,2,25,11,2,1,0,0,Big_480p_60fps_15s
646,0,all,3,0.6295137611273145,2,0,1,9,29.58495568862226,4:4,spatial,1,51,0,dia,54,0,0,none,0,baseline,0.835904787497133,51,0,147,2,48,0,23,0,1,0,Big_480p_60fps_15s
1042,0,none,1,0.6295137611273145,0,3,1,3,29.58495568862226,4:4,spatial,0,51,0,dia,54,0,1,none,0,baseline,0.6493532546000097,48,4,92,2,80,0,2,1,0,2,Big_480p_60fps_15s
76,0,p8x8,2,0.6295137611273145,2,0,0,9,29.58495568862226,4:4,temporal,0,51,0,dia,35,0,0,none,0,baseline,0.6493532546000097,48,18,92,2,80,8,2,0,0,1,Big_480p_60fps_15s
650,0,p4x4,1,0.6295137611273145,2,0,1,9,29.58495568862226,4:4,spatial,0,51,0,dia,54,0,1,none,0,main,0.5953676782928479,22,4,92,2,80,0,42,1,0,0,Big_480p_60fps_15s
646,0,all,3,0.6295137611273145,2,6,1,9,29.58495568862226,4:4,spatial,0,51,0,dia,54,0,0,none,0,baseline,0.835904787497133,51,0,147,2,70,0,50,0,1,1,Big_480p_60fps_15s
246,0,p4x4,1,1.1149304597994294,0,7,1,-7,3.2583913639542272,4:-4,spatial,0,231,2,dia,35,1,0,vbr,1,high,0.3316802394650799,46,2,5,8,12,8,46,0,1,1,Big_480p_60fps_15s
388,1,all,1,1.900260528898256,1,13,0,-3,18.463602316450057,2:2,auto,0,322,1,dia,35,1,1,none,0,baseline,0.5953676782928479,48,4,92,2,80,8,2,1,1,0,Standard_1080p_60fps_15s
96,0,none,1,1.2284413190883303,0,8,0,7,20.60851486732971,-4:4,auto,0,392,2,umh,25,0,1,cbr,1,main,0.0311007961760659,46,18,82,6,16,1,56,1,1,1,Standard_1080p_60fps_15s
1908,0,p4x4,3,1.3381699574248425,0,8,1,-6,23.21909479916627,5:5,auto,0,322,0,dia,54,0,0,none,0,baseline,0.9101993554684676,48,4,236,2,80,0,11,0,0,0,Standard_1080p_60fps_15s
1908,0,p8x8,3,1.3381699574248425,0,7,1,-6,23.21909479916627,5:5,auto,0,322,0,dia,54,0,0,none,1,baseline,0.9101993554684676,48,4,236,2,80,0,11,0,0,1,Standard_1080p_60fps_15s
1908,0,p4x4,3,1.3381699574248425,0,0,1,-6,23.21909479916627,5:5,auto,0,322,1,dia,35,1,0,none,0,baseline,0.5953676782928479,48,4,92,2,80,8,2,1,0,0,Standard_1080p_60fps_15s
1908,0,p4x4,3,1.3381699574248425,0,8,1,-6,23.21909479916627,5:5,auto,0,322,0,dia,47,0,0,none,0,baseline,0.9101993554684676,48,4,236,2,80,0,13,0,0,1,Standard_1080p_60fps_15s
96,0,none,1,1.2284413190883303,0,5,0,7,20.60851486732971,-4:4,auto,0,392,2,umh,54,0,1,cbr,1,main,0.0311007961760659,37,18,28,7,21,9,12,0,0,0,Standard_1080p_60fps_15s
96,0,none,1,0.0517809269619148,0,5,0,7,20.60851486732971,-4:4,auto,0,392,2,umh,54,0,1,cbr,1,main,0.0311007961760659,37,18,28,7,21,9,12,0,0,0,Standard_1080p_60fps_15s
96,0,none,1,0.0517809269619148,0,5,0,7,4.959411982839231,-4:4,auto,0,392,2,tesa,54,0,1,cbr,0,main,0.0311007961760659,37,18,28,7,21,9,12,0,1,0,Standard_1080p_60fps_15s
96,0,none,1,0.0517809269619148,0,5,0,7,4.959411982839231,-4:4,auto,0,392,2,tesa,54,0,1,cbr,0,main,0.0311007961760659,37,18,28,7,21,9,12,1,1,0,Standard_1080p_60fps_15s
1908,0,p4x4,3,1.4695873111679296,0,0,1,-6,32.163273358327544,5:5,auto,0,204,1,dia,35,1,0,none,0,baseline,0.5953676782928479,48,4,92,2,80,8,2,2,0,0,Standard_1080p_60fps_15s
1908,0,p8x8,3,1.3381699574248425,0,7,1,-6,23.21909479916627,2:-2,auto,0,392,3,hex,54,0,1,cbr,1,main,0.0311007961760659,30,18,28,7,21,9,40,0,0,0,Standard_1080p_60fps_15s
1042,0,none,3,0.8694210481076649,0,14,1,-2,29.71403796292493,0:0,none,0,307,0,esa,49,1,0,none,0,baseline,0.835904787497133,51,0,147,2,48,0,23,0,1,0,Standard_1080p_60fps_15s
96,0,all,3,1.3381699574248425,0,0,1,-6,23.21909479916627,5:5,auto,0,322,1,tesa,35,1,0,none,0,baseline,0.5953676782928479,48,4,92,2,80,8,2,1,0,0,Standard_1080p_60fps_15s
96,0,none,1,1.2284413190883303,1,7,0,7,20.60851486732971,-4:4,auto,0,392,2,hex,25,0,1,cbr,1,main,0.0311007961760659,46,18,82,6,16,1,56,1,1,1,Standard_1080p_60fps_15s
831,0,p8x8,3,1.6140050396609895,2,7,0,-2,30.096067145371013,-6:6,none,0,199,4,tesa,15,1,1,none,1,baseline,0.7644387332827826,32,13,160,16,23,1,36,2,0,0,Standard_1080p_60fps_15s
1908,0,p8x8,3,1.6140050396609895,2,7,0,-2,30.096067145371013,-6:6,none,0,418,4,tesa,58,1,1,none,1,baseline,0.7644387332827826,32,13,160,14,23,1,36,2,0,0,Standard_1080p_60fps_15s
76,0,p8x8,1,0.6295137611273145,2,0,1,9,29.58495568862226,4:4,spatial,0,51,0,dia,54,0,1,none,0,baseline,0.6493532546000097,48,4,92,2,80,0,2,0,0,0,Standard_1080p_60fps_15s
76,0,p8x8,1,0.6295137611273145,2,0,1,9,29.58495568862226,4:4,spatial,0,51,0,dia,54,0,1,none,0,baseline,0.6493532546000097,48,4,92,2,80,0,2,0,0,0,Standard_1080p_60fps_15s
76,1,p8x8,1,0.6295137611273145,2,10,1,9,29.58495568862226,4:4,spatial,1,51,0,dia,54,0,0,none,0,main,0.6493532546000097,48,4,92,10,80,0,2,0,0,0,Standard_1080p_60fps_15s
731,1,all,0,0.4110394427343753,0,13,1,-11,28.939176689564867,4:4,temporal,1,21,3,dia,14,1,0,cbr,0,main,0.4012101753647358,50,13,189,13,1,10,55,0,0,0,Still_image_480p_25fps_15s
76,1,p8x8,1,0.6295137611273145,2,0,1,9,29.58495568862226,4:4,spatial,0,51,0,dia,14,1,0,cbr,0,main,0.4012101753647358,50,11,237,13,1,2,55,0,0,0,Still_image_480p_25fps_15s
1753,1,all,0,0.4110394427343753,0,13,1,-11,28.939176689564867,4:4,temporal,1,21,3,dia,14,1,0,cbr,0,main,0.4012101753647358,50,13,38,13,1,5,25,1,1,1,Still_image_480p_25fps_15s
1753,0,all,0,0.4110394427343753,0,13,1,-11,28.939176689564867,4:4,temporal,1,21,3,dia,14,1,0,cbr,0,main,0.1358199359303484,50,13,38,13,1,5,25,1,1,2,Still_image_480p_25fps_15s
1035,0,p8x8,2,0.6295137611273145,0,0,1,9,11.75361697599254,4:4,temporal,1,21,3,dia,14,1,0,cbr,0,high,0.4012101753647358,32,13,189,13,1,10,55,2,0,0,Still_image_480p_25fps_15s
76,1,p8x8,1,0.6295137611273145,2,0,1,9,29.58495568862226,4:4,spatial,0,51,4,dia,14,1,0,cbr,0,main,0.4012101753647358,50,11,237,16,1,2,55,0,0,2,Still_image_480p_25fps_15s
707,1,p8x8,0,1.450828810886252,2,14,0,2,23.780344080144086,4:4,spatial,0,51,0,dia,14,1,0,cbr,0,main,0.4012101753647358,50,11,237,13,1,2,55,0,0,0,Still_image_480p_25fps_15s
1753,0,all,0,0.9876874184475716,0,13,1,-11,28.939176689564867,4:4,temporal,1,21,3,dia,14,1,0,cbr,0,main,0.1358199359303484,50,9,38,13,1,5,2,0,0,0,Still_image_480p_25fps_15s
76,1,p8x8,1,0.6295137611273145,2,0,1,9,11.75361697599254,4:4,temporal,1,21,0,dia,49,1,0,cbr,0,high,0.4012101753647358,32,13,189,13,1,10,55,1,0,0,Still_image_480p_25fps_15s
1753,1,all,0,0.4110394427343753,0,13,1,-11,28.939176689564867,4:4,spatial,0,51,0,dia,14,1,0,cbr,0,main,0.4012101753647358,50,11,237,13,1,2,55,2,0,0,Still_image_480p_25fps_15s
76,1,p8x8,1,1.9680592618204027,2,0,1,9,29.58495568862226,4:4,temporal,1,21,3,dia,14,1,0,cbr,0,main,0.1358199359303484,50,13,38,13,1,5,25,1,1,2,Still_image_480p_25fps_15s
2331,1,all,0,0.4110394427343753,0,13,1,-11,28.939176689564867,-3:3,temporal,1,21,3,dia,14,0,0,cbr,0,main,0.4012101753647358,50,13,189,13,90,10,26,0,0,2,Still_image_480p_25fps_15s
707,1,p8x8,0,1.450828810886252,2,14,0,2,23.780344080144086,0:0,temporal,0,46,0,esa,11,0,0,vbr,1,baseline,0.8560696908748571,43,5,102,3,89,0,16,0,1,2,Still_image_480p_25fps_15s
707,1,p8x8,0,1.450828810886252,2,14,0,2,23.780344080144086,0:0,temporal,0,46,0,esa,11,0,0,none,1,baseline,0.6493532546000097,48,4,92,2,80,0,32,0,1,2,Still_image_480p_25fps_15s
2150,1,p4x4,0,1.450828810886252,2,14,0,9,23.780344080144086,0:0,temporal,0,46,2,esa,11,0,1,none,1,baseline,0.6493532546000097,48,4,180,1,80,7,32,0,1,2,Still_image_480p_25fps_15s
2150,0,p4x4,1,1.6886111996590245,0,0,1,-1,3.643598341057589,4:4,auto,0,303,4,dia,61,0,1,vbr,0,main,0.2665021091784229,42,7,250,8,55,7,61,0,0,2,Still_image_480p_25fps_15s
1035,0,p8x8,2,0.6295137611273145,2,0,1,9,11.75361697599254,4:4,spatial,1,46,0,esa,11,1,0,vbr,1,baseline,0.8560696908748571,43,7,102,3,89,0,16,0,1,0,Still_image_480p_25fps_15s
2150,1,p4x4,1,1.6886111996590245,0,0,1,-1,3.643598341057589,4:4,auto,1,303,4,dia,61,1,1,vbr,0,main,0.2665021091784229,42,7,250,8,55,7,32,0,0,2,Still_image_480p_25fps_15s
1029,1,p4x4,2,0.1589071562536421,0,11,1,-2,31.6476405644317,-5:5,temporal,1,380,4,dia,25,0,0,vbr,1,high,0.2258626421021522,30,8,81,7,90,1,28,0,1,0,Still_image_480p_25fps_15s
731,1,all,0,0.4110394427343753,2,13,1,-11,28.939176689564867,4:4,spatial,1,46,0,esa,11,1,0,vbr,1,baseline,0.8560696908748571,43,4,167,3,89,0,16,0,1,0,Still_image_480p_25fps_15s
336,0,none,0,0.0912060476289293,1,7,0,-1,28.36323956231097,1:-1,spatial,1,174,3,dia,27,0,0,none,1,main,0.3644518743760119,20,16,132,3,65,0,8,0,0,1,Big_480p_25fps_20s
336,1,none,1,0.0912060476289293,1,16,1,-5,28.36323956231097,4:-4,temporal,1,174,0,dia,27,1,0,none,1,main,0.3644518743760119,39,12,132,3,30,0,8,0,1,1,Big_480p_25fps_20s
336,1,p8x8,1,0.0912060476289293,1,16,1,-5,2.2750043581829384,4:-4,temporal,0,174,0,dia,27,1,0,none,1,main,0.3644518743760119,39,12,17,3,30,0,8,0,0,1,Big_480p_25fps_20s
336,1,none,0,0.0912060476289293,1,16,1,-5,28.36323956231097,1:-1,none,1,174,0,dia,27,1,0,none,1,main,0.3644518743760119,39,12,132,3,30,0,8,0,1,1,Big_480p_25fps_20s
963,1,none,1,0.0912060476289293,1,16,1,-5,28.36323956231097,4:-4,temporal,1,174,0,dia,27,1,0,none,1,main,0.3644518743760119,39,12,132,3,30,0,8,0,1,1,Big_480p_25fps_20s
76,0,none,0,0.0912060476289293,1,7,1,-5,28.36323956231097,1:-1,none,1,174,0,dia,27,1,0,none,1,main,0.3644518743760119,39,12,132,3,65,0,8,0,0,1,Big_480p_25fps_20s
329,0,none,1,0.4358727394231024,1,16,1,0,28.36323956231097,1:-1,none,1,174,0,dia,27,1,0,none,1,main,0.3644518743760119,39,12,83,3,6,0,8,0,1,1,Big_480p_25fps_20s
963,0,all,1,0.0912060476289293,2,16,1,-5,28.36323956231097,4:-4,none,1,174,0,dia,27,1,0,none,1,main,0.3644518743760119,39,12,132,12,30,7,8,0,1,1,Big_480p_25fps_20s
1387,0,p8x8,2,0.9487756353111814,0,1,0,-5,28.36323956231097,4:-4,temporal,1,174,0,dia,27,1,0,none,1,baseline,0.3644518743760119,39,12,132,6,30,0,8,0,1,1,Big_480p_25fps_20s
963,1,none,1,0.0912060476289293,1,11,1,-5,28.36323956231097,4:-4,temporal,1,174,0,dia,27,1,0,cbr,1,main,0.3644518743760119,39,12,17,3,30,0,8,0,0,1,Big_480p_25fps_20s
522,1,p8x8,1,0.0912060476289293,1,16,1,-5,2.2750043581829384,5:-5,temporal,0,53,0,dia,27,1,1,none,1,main,0.3644518743760119,39,12,132,3,28,0,8,0,1,1,Big_480p_25fps_20s
522,1,p8x8,1,0.0912060476289293,1,16,1,-5,2.2750043581829384,5:-5,temporal,0,53,0,dia,27,1,0,none,1,high,0.3644518743760119,39,10,132,16,28,0,8,0,1,1,Big_480p_25fps_20s
329,0,none,1,0.4358727394231024,1,16,1,0,28.36323956231097,1:-1,none,1,174,0,dia,27,0,0,none,1,main,0.3644518743760119,44,12,83,3,6,0,8,0,1,1,Big_480p_25fps_20s
336,1,none,1,0.0912060476289293,1,16,1,-5,28.36323956231097,4:-4,temporal,1,174,0,dia,27,1,0,none,1,main,0.3644518743760119,39,12,132,2,30,0,8,0,1,1,Big_480p_25fps_20s
963,1,all,1,0.0912060476289293,2,16,1,-4,28.36323956231097,4:-4,none,1,174,4,dia,27,1,0,cbr,1,main,0.3644518743760119,39,12,132,12,30,7,8,0,1,1,Big_480p_25fps_20s
522,1,p8x8,1,0.0912060476289293,1,16,1,-5,2.2750043581829384,5:-5,temporal,0,53,0,dia,27,1,1,none,1,main,0.6046656690409191,35,12,39,3,28,0,8,0,1,1,Big_480p_25fps_20s
336,0,none,0,0.0912060476289293,1,7,1,-7,28.36323956231097,1:-1,none,1,174,0,dia,21,1,0,none,1,main,0.184274686721981,39,12,132,3,65,0,5,0,0,1,Big_480p_25fps_20s
2255,0,none,0,0.0912060476289293,1,1,1,-5,28.36323956231097,1:-1,none,1,174,0,hex,27,0,0,none,1,main,0.3644518743760119,39,12,132,3,30,0,52,0,1,1,Big_480p_25fps_20s
1301,1,none,0,0.0912060476289293,1,16,1,-7,28.36323956231097,1:-1,none,1,174,0,dia,27,1,0,none,1,main,0.3644518743760119,39,12,132,3,65,0,8,0,0,2,Big_480p_25fps_20s
1355,0,p8x8,1,0.6295137611273145,2,16,1,-5,28.36323956231097,1:-1,none,1,174,4,dia,27,1,0,none,1,main,0.3644518743760119,39,12,132,3,51,0,8,0,1,1,Big_480p_25fps_20s
96,0,none,1,0.0517809269619148,0,5,0,7,20.60851486732971,-4:4,auto,0,392,2,umh,54,0,1,cbr,1,main,0.0311007961760659,37,18,28,7,21,9,12,0,0,0,Standard_480p_25fps_5s
96,0,none,1,1.2284413190883303,0,5,0,7,20.60851486732971,-4:4,auto,0,392,2,umh,54,0,1,cbr,1,main,0.0311007961760659,37,18,28,7,21,9,12,0,0,0,Standard_480p_25fps_5s
1908,0,p4x4,3,1.3381699574248425,0,8,1,-6,23.21909479916627,5:5,auto,0,322,0,dia,54,0,0,none,0,baseline,0.9101993554684676,48,4,236,2,80,0,11,0,0,0,Standard_480p_25fps_5s
76,0,none,1,0.1894575321054643,0,5,0,7,25.55640114156775,-4:4,auto,0,253,2,umh,54,0,1,cbr,1,main,0.0311007961760659,29,11,28,7,21,9,26,0,0,0,Standard_480p_25fps_5s
96,0,none,1,0.6732333918785517,0,5,0,7,20.60851486732971,-4:4,auto,0,392,2,dia,54,0,1,cbr,1,main,0.0311007961760659,37,18,28,7,21,1,12,0,0,0,Standard_480p_25fps_5s
76,0,none,1,0.1894575321054643,0,5,0,-12,25.55640114156775,3:-3,auto,0,253,2,umh,54,0,1,cbr,0,main,0.0311007961760659,29,11,28,7,21,9,26,0,0,0,Standard_480p_25fps_5s
1042,0,none,3,0.8694210481076649,0,14,1,-2,29.71403796292493,0:0,none,0,307,0,esa,49,1,0,none,0,baseline,0.835904787497133,51,0,147,2,48,0,23,0,1,0,Standard_480p_25fps_5s
1042,0,none,3,0.8694210481076649,0,14,1,-2,29.71403796292493,0:0,none,0,307,0,esa,49,1,0,none,0,baseline,0.835904787497133,48,0,236,2,80,0,11,0,1,0,Standard_480p_25fps_5s
1908,0,p4x4,3,1.3381699574248425,0,0,1,-6,23.21909479916627,5:5,auto,0,322,1,dia,35,1,0,none,0,baseline,0.5953676782928479,48,4,92,2,80,8,2,1,0,0,Standard_480p_25fps_5s
1908,0,p4x4,3,1.3381699574248425,0,16,1,9,29.58495568862226,4:4,spatial,1,51,0,dia,64,0,1,none,0,high,0.6493532546000097,48,4,92,2,48,0,61,0,1,2,Standard_480p_25fps_5s
76,0,p8x8,1,0.6295137611273145,2,0,1,9,29.58495568862226,4:4,spatial,0,51,0,dia,54,0,1,none,0,baseline,0.6493532546000097,48,4,92,2,80,0,2,0,0,0,Standard_480p_25fps_5s
76,0,p8x8,1,0.6295137611273145,2,0,1,9,29.58495568862226,4:4,spatial,0,51,0,dia,54,0,1,none,0,baseline,0.6493532546000097,48,4,92,2,80,0,2,0,0,0,Standard_480p_25fps_5s
1042,0,p8x8,1,0.6295137611273145,2,0,1,5,29.58495568862226,4:4,none,0,43,0,dia,53,0,1,vbr,0,baseline,0.6493532546000097,48,4,92,2,80,0,2,0,0,0,Standard_480p_25fps_5s
1460,0,all,2,0.0520260669292369,0,5,1,8,46.66994270916441,2:2,spatial,1,79,1,dia,54,0,0,none,0,main,0.565172456973336,48,4,236,2,80,0,11,0,0,0,Standard_480p_25fps_5s
1908,0,p4x4,3,1.3381699574248425,0,2,1,-6,23.21909479916627,5:5,spatial,0,322,1,dia,35,1,1,none,0,baseline,0.5953676782928479,51,1,92,2,84,0,60,0,0,0,Standard_480p_25fps_5s
76,0,all,1,0.6295137611273145,2,0,1,-9,23.21909479916627,5:5,auto,0,322,1,dia,35,1,0,none,0,baseline,0.0257140092290857,48,4,92,2,80,8,2,0,0,0,Standard_480p_25fps_5s
1908,0,p4x4,3,1.3381699574248425,0,0,1,9,29.58495568862226,4:4,spatial,1,51,0,dia,54,0,1,none,0,high,0.6493532546000097,48,4,92,2,80,0,2,0,0,0,Standard_480p_25fps_5s
1333,0,p4x4,2,0.0517809269619148,0,9,1,7,20.60851486732971,-4:4,spatial,0,51,4,dia,7,0,1,none,0,baseline,0.5953676782928479,43,4,92,2,71,0,12,0,0,0,Standard_480p_25fps_5s
96,1,p8x8,1,0.6295137611273145,2,0,1,9,29.58495568862226,4:4,spatial,0,51,0,dia,54,1,1,none,0,baseline,0.6493532546000097,48,4,15,2,80,0,20,0,0,0,Standard_480p_25fps_5s
1460,1,all,2,1.0977369885468262,0,5,1,8,46.66994270916441,2:2,spatial,0,79,1,dia,54,0,1,none,0,baseline,0.6493532546000097,48,7,92,2,80,1,2,0,0,0,Standard_480p_25fps_5s
707,1,p8x8,0,0.5543085505322843,2,13,0,2,23.780344080144086,0:0,temporal,1,218,4,dia,61,1,0,vbr,1,baseline,0.4750577984056717,43,5,77,3,70,0,16,0,1,2,Standard_720p_30fps_15s
2150,1,p4x4,1,1.6886111996590245,0,2,0,-1,3.643598341057589,4:4,auto,1,218,4,dia,61,1,1,vbr,1,baseline,0.8560696908748571,43,5,102,3,89,0,16,0,1,2,Standard_720p_30fps_15s
707,1,p8x8,0,1.450828810886252,2,14,0,2,23.780344080144086,0:0,temporal,0,46,0,esa,11,0,0,vbr,1,baseline,0.8560696908748571,43,5,102,3,89,0,16,0,1,2,Standard_720p_30fps_15s
485,1,none,0,0.2135355693045214,2,14,0,2,23.780344080144086,0:0,temporal,0,394,0,esa,11,0,0,vbr,1,baseline,0.8560696908748571,43,7,102,3,80,0,32,0,1,2,Standard_720p_30fps_15s
707,1,p8x8,0,1.450828810886252,2,14,0,2,23.780344080144086,0:0,temporal,0,46,0,esa,11,0,0,vbr,1,baseline,0.8560696908748571,43,9,97,3,80,10,32,0,1,2,Standard_720p_30fps_15s
485,1,none,0,0.2135355693045214,2,14,0,2,23.780344080144086,0:0,temporal,0,394,0,esa,11,0,0,cbr,1,baseline,0.8560696908748571,43,7,102,3,89,0,16,0,1,2,Standard_720p_30fps_15s
485,1,none,0,0.2135355693045214,2,14,0,2,23.780344080144086,0:0,temporal,0,46,0,esa,11,0,0,vbr,1,baseline,0.8560696908748571,43,5,102,3,89,5,16,0,1,2,Standard_720p_30fps_15s
442,1,p4x4,0,0.2597690928554347,0,0,0,-1,48.37053787902244,-1:1,spatial,1,358,2,tesa,60,0,0,vbr,1,high,0.7789071627208174,44,3,20,15,14,10,21,0,1,2,Standard_720p_30fps_15s
485,1,none,0,0.2135355693045214,2,14,0,2,23.780344080144086,0:0,temporal,0,46,0,esa,11,0,0,vbr,1,baseline,0.8560696908748571,43,7,102,3,89,0,16,0,1,0,Standard_720p_30fps_15s
707,1,p8x8,0,1.450828810886252,2,14,0,2,23.780344080144086,0:0,temporal,0,46,0,esa,11,0,0,vbr,1,baseline,0.8560696908748571,43,5,102,3,89,0,17,0,1,1,Standard_720p_30fps_15s
2150,0,p4x4,1,1.6886111996590245,0,0,1,-1,3.643598341057589,6:6,auto,1,303,4,dia,61,1,0,vbr,0,baseline,0.8560696908748571,43,5,102,3,89,0,16,0,1,2,Standard_720p_30fps_15s
707,1,p8x8,0,1.366608520145952,2,14,0,2,23.780344080144086,0:0,temporal,0,394,0,hex,20,0,0,vbr,1,baseline,0.8560696908748571,43,7,102,3,80,0,32,0,1,2,Standard_720p_30fps_15s
485,1,none,0,0.2135355693045214,2,14,0,2,23.780344080144086,0:0,temporal,0,394,0,tesa,11,0,0,cbr,0,baseline,0.8560696908748571,43,7,102,3,89,0,16,0,1,2,Standard_720p_30fps_15s
2150,1,p4x4,1,1.6886111996590245,0,0,1,-1,3.643598341057589,4:4,auto,1,303,4,dia,61,1,1,vbr,0,main,0.2665021091784229,42,7,250,8,55,7,32,0,0,2,Standard_720p_30fps_15s
2150,1,p4x4,1,1.6886111996590245,0,2,1,-1,4.9211221674533885,4:4,auto,0,46,0,esa,11,0,0,vbr,1,baseline,0.8560696908748571,43,8,102,8,89,0,16,0,1,2,Standard_720p_30fps_15s
442,1,p4x4,1,0.2597690928554347,0,0,0,-1,43.37648695803714,-1:1,spatial,1,218,4,dia,61,0,1,vbr,1,baseline,0.8560696908748571,43,5,102,3,89,0,16,0,1,2,Standard_720p_30fps_15s
1488,0,p8x8,2,1.3660627367456517,2,0,1,-12,11.75361697599254,4:4,spatial,1,252,0,dia,54,0,1,none,0,main,0.6493532546000097,48,4,92,2,80,0,32,0,1,2,Standard_720p_30fps_15s
76,1,p8x8,1,0.6295137611273145,2,0,1,9,29.58495568862226,4:4,spatial,0,51,3,dia,54,0,1,none,1,main,0.6493532546000097,48,4,92,2,83,3,21,0,0,1,Standard_720p_30fps_15s
2150,1,p4x4,3,1.6886111996590245,2,14,1,9,29.58495568862226,4:4,spatial,0,51,0,dia,54,0,1,none,0,baseline,0.6493532546000097,48,4,92,2,80,0,2,0,0,1,Standard_720p_30fps_15s
112,0,p8x8,2,0.6295137611273145,2,7,0,-1,29.58495568862226,4:4,spatial,0,51,0,dia,54,0,1,none,0,baseline,0.6493532546000097,48,4,92,2,100,3,21,0,0,2,Standard_720p_30fps_15s
1908,0,p4x4,3,1.3381699574248425,0,0,1,-6,23.21909479916627,5:5,auto,0,322,1,dia,35,1,0,none,0,baseline,0.5953676782928479,48,4,92,2,80,8,2,1,0,0,Still_image_480p_60fps_10s
1908,0,p4x4,3,1.3381699574248425,0,8,1,-6,23.21909479916627,5:5,auto,0,322,0,dia,54,0,0,none,0,baseline,0.9101993554684676,48,4,236,2,80,0,11,0,0,0,Still_image_480p_60fps_10s
1908,0,p4x4,3,1.3381699574248425,0,16,1,9,29.58495568862226,4:4,spatial,1,51,0,dia,64,0,1,none,0,high,0.6493532546000097,48,4,92,2,48,0,61,0,1,2,Still_image_480p_60fps_10s
1042,0,none,3,0.8694210481076649,0,14,1,-2,29.71403796292493,0:0,none,0,307,0,esa,49,1,0,none,0,baseline,0.835904787497133,51,0,147,2,48,0,23,0,1,0,Still_image_480p_60fps_10s
1042,0,none,3,0.8694210481076649,0,14,1,-2,29.71403796292493,0:0,none,0,307,0,esa,49,1,0,none,0,baseline,0.835904787497133,48,0,236,2,80,0,11,0,1,0,Still_image_480p_60fps_10s
1042,0,none,3,0.8694210481076649,0,14,1,-5,29.71403796292493,5:-5,none,0,307,0,esa,49,1,0,none,0,high,0.835904787497133,50,0,236,2,80,0,11,0,1,0,Still_image_480p_60fps_10s
1042,0,none,3,0.8694210481076649,2,14,0,-2,29.71403796292493,0:0,none,1,51,0,dia,64,0,1,none,0,high,0.6493532546000097,27,4,92,2,48,0,61,0,1,2,Still_image_480p_60fps_10s
1042,1,none,3,0.8694210481076649,0,14,1,-5,29.71403796292493,5:-5,none,0,307,0,esa,41,1,0,none,0,high,0.547682350372537,50,17,36,2,80,0,11,0,0,0,Still_image_480p_60fps_10s
1042,0,none,3,0.8694210481076649,0,14,1,-5,29.71403796292493,2:-2,none,1,307,0,esa,49,1,0,none,0,high,0.835904787497133,50,0,236,2,80,0,11,0,0,0,Still_image_480p_60fps_10s
821,0,none,3,0.8694210481076649,0,14,1,-2,29.71403796292493,0:0,none,1,307,0,esa,49,0,0,none,1,baseline,0.835904787497133,48,0,236,2,80,0,11,1,0,0,Still_image_480p_60fps_10s
1042,0,none,3,0.8694210481076649,2,14,1,-2,29.71403796292493,0:0,auto,0,392,2,esa,17,0,1,cbr,1,main,0.0311007961760659,37,13,28,7,21,1,12,0,0,0,Still_image_480p_60fps_10s
1908,0,p4x4,3,1.3381699574248425,0,8,1,10,23.21909479916627,3:-3,auto,0,322,0,dia,54,0,0,none,0,baseline,0.9101993554684676,48,4,236,2,80,0,11,0,1,0,Still_image_480p_60fps_10s
96,0,none,1,0.0517809269619148,0,5,0,7,20.60851486732971,-4:4,auto,0,392,2,umh,54,0,1,cbr,1,main,0.0311007961760659,37,18,28,7,21,9,12,0,0,0,Still_image_480p_60fps_10s
76,0,none,1,0.1894575321054643,0,5,0,-12,25.55640114156775,3:-3,auto,0,253,2,umh,54,0,1,cbr,0,main,0.0311007961760659,29,11,28,7,21,9,26,0,0,0,Still_image_480p_60fps_10s
76,0,none,1,0.1894575321054643,0,5,0,7,25.55640114156775,-4:4,auto,0,253,2,umh,54,0,1,cbr,1,main,0.0311007961760659,29,11,28,7,21,9,26,0,0,0,Still_image_480p_60fps_10s
96,0,none,1,0.6732333918785517,0,5,0,7,20.60851486732971,-4:4,auto,0,392,2,dia,54,0,1,cbr,1,main,0.0311007961760659,37,18,28,7,21,1,12,0,0,0,Still_image_480p_60fps_10s
96,0,none,1,1.2284413190883303,0,5,0,7,20.60851486732971,-4:4,auto,0,392,2,umh,54,0,1,cbr,1,main,0.0311007961760659,37,18,28,7,21,9,12,0,0,0,Still_image_480p_60fps_10s
1908,0,p4x4,3,1.3381699574248425,0,8,1,-6,23.21909479916627,0:0,auto,0,72,0,dia,54,0,0,none,1,baseline,0.9101993554684676,48,4,236,2,80,0,11,1,0,0,Still_image_480p_60fps_10s
1908,1,none,1,0.6732333918785517,0,5,0,7,25.55640114156775,-4:4,none,0,253,2,umh,54,1,1,cbr,1,main,0.0311007961760659,29,11,28,7,21,9,41,0,0,0,Still_image_480p_60fps_10s
1908,1,"p8x8,b8x8,i8x8,i4x4",1,0.6732333918785517,0,5,0,7,20.60851486732971,-4:4,auto,0,369,2,dia,54,0,1,none,1,main,0.0311007961760659,37,18,28,7,21,1,12,0,1,0,Still_image_480p_60fps_10s
643,0,none,2,0.0517809269619148,0,5,0,7,4.959411982839231,-4:4,none,0,307,0,esa,49,1,0,none,0,baseline,0.835904787497133,49,0,147,2,48,0,23,0,0,0,Big_1080p_25fps_5s
1908,0,p4x4,3,1.3381699574248425,0,8,1,-6,23.21909479916627,5:5,auto,0,322,0,dia,54,0,0,none,0,baseline,0.9101993554684676,48,4,236,2,80,0,11,0,0,0,Big_1080p_25fps_5s
1908,0,p8x8,3,1.3381699574248425,0,7,1,-6,23.21909479916627,5:5,auto,0,322,0,dia,54,0,0,none,1,baseline,0.9101993554684676,48,4,236,2,80,0,11,0,0,1,Big_1080p_25fps_5s
96,0,none,1,1.2284413190883303,0,5,0,7,20.60851486732971,-4:4,auto,0,392,2,umh,54,0,1,cbr,1,main,0.0311007961760659,37,18,28,7,21,9,12,0,0,0,Big_1080p_25fps_5s
96,0,none,1,0.0517809269619148,0,5,0,7,20.60851486732971,-4:4,auto,0,392,2,umh,54,0,1,cbr,1,main,0.0311007961760659,37,18,28,7,21,9,12,0,0,0,Big_1080p_25fps_5s
76,0,none,1,0.1894575321054643,0,5,0,-12,25.55640114156775,3:-3,auto,0,253,2,umh,54,0,1,cbr,0,main,0.0311007961760659,29,11,28,7,21,9,26,0,0,0,Big_1080p_25fps_5s
76,0,none,1,0.1894575321054643,0,5,0,7,25.55640114156775,-4:4,auto,0,253,2,umh,54,0,1,cbr,1,main,0.0311007961760659,29,11,28,7,21,9,26,0,0,0,Big_1080p_25fps_5s
96,0,none,1,0.6732333918785517,0,5,0,7,20.60851486732971,-4:4,auto,0,392,2,dia,54,0,1,cbr,1,main,0.0311007961760659,37,18,28,7,21,1,12,0,0,0,Big_1080p_25fps_5s
96,0,none,1,0.0517809269619148,0,5,0,7,4.959411982839231,-4:4,auto,0,392,2,tesa,54,0,1,cbr,0,main,0.0311007961760659,37,18,28,7,21,9,12,0,1,0,Big_1080p_25fps_5s
96,0,none,1,0.0517809269619148,0,5,0,7,4.959411982839231,-4:4,auto,0,392,2,tesa,54,0,1,cbr,0,main,0.0311007961760659,37,18,28,7,21,9,12,1,1,0,Big_1080p_25fps_5s
96,0,none,1,0.0517809269619148,0,5,0,7,4.959411982839231,-4:4,auto,1,392,2,tesa,54,0,1,cbr,0,main,0.6943582464019071,37,18,28,7,70,9,12,0,0,1,Big_1080p_25fps_5s
96,0,none,1,1.3994218206641436,0,5,0,7,25.59903827108989,-4:4,auto,0,392,2,tesa,54,1,1,cbr,0,main,0.0311007961760659,37,18,28,7,21,9,38,1,1,0,Big_1080p_25fps_5s
96,0,none,3,0.6732333918785517,1,5,0,7,20.60851486732971,-4:4,auto,0,392,2,dia,54,0,1,none,1,main,0.0311007961760659,37,18,236,2,80,0,11,0,0,1,Big_1080p_25fps_5s
76,0,none,1,1.82024868759546,0,5,0,7,25.55640114156775,-4:4,auto,0,392,2,dia,54,0,1,cbr,1,main,0.0311007961760659,37,18,28,7,21,1,12,0,0,0,Big_1080p_25fps_5s
96,0,none,1,0.0955217760138229,0,5,0,7,4.959411982839231,-4:4,auto,0,392,2,hex,54,0,1,none,0,baseline,0.9101993554684676,48,4,236,2,83,0,11,0,0,1,Big_1080p_25fps_5s
96,0,none,1,1.3994218206641436,0,7,0,7,25.59903827108989,-4:4,auto,0,392,2,tesa,54,1,1,cbr,0,main,0.0311007961760659,29,11,28,7,21,9,26,2,0,0,Big_1080p_25fps_5s
96,0,none,1,0.6732333918785517,0,5,0,7,20.60851486732971,-4:4,auto,0,392,2,hex,54,0,1,cbr,1,main,0.0311007961760659,37,18,28,7,84,9,12,0,0,0,Big_1080p_25fps_5s
992,0,none,1,0.0517809269619148,0,5,0,7,20.60851486732971,2:2,auto,0,392,2,umh,54,0,1,none,1,main,0.2525921029544065,29,1,28,7,21,9,26,0,0,0,Big_1080p_25fps_5s
96,0,none,1,1.2284413190883303,0,8,0,7,20.60851486732971,-4:4,auto,0,392,2,umh,25,0,1,cbr,1,main,0.0311007961760659,46,18,82,6,16,1,56,1,1,1,Big_1080p_25fps_5s
1908,0,p4x4,3,1.3381699574248425,0,16,1,9,29.58495568862226,4:4,spatial,1,51,2,tesa,54,0,1,cbr,0,main,0.0311007961760659,25,18,28,7,21,0,12,0,1,0,Big_1080p_25fps_5s
557,1,p4x4,0,0.1955269696516515,1,16,1,2,42.2627815452034,4:-4,spatial,1,116,4,tesa,10,1,0,cbr,0,baseline,0.4027027556017213,43,1,11,14,99,7,34,0,0,0,Standard_720p_60fps_5s
557,1,p4x4,0,0.1955269696516515,1,10,1,2,42.2627815452034,4:-4,spatial,1,116,4,tesa,10,0,1,none,0,baseline,0.6493532546000097,48,4,92,2,80,0,2,0,0,0,Standard_720p_60fps_5s
557,1,p4x4,0,0.1955269696516515,1,16,1,2,42.2627815452034,4:-4,spatial,1,442,4,tesa,10,1,0,vbr,0,baseline,0.4027027556017213,43,1,11,14,99,7,45,0,0,0,Standard_720p_60fps_5s
557,1,p4x4,0,0.1955269696516515,1,10,1,2,42.2627815452034,4:-4,spatial,1,116,4,tesa,10,0,1,none,0,baseline,0.9982999392633588,48,4,92,2,80,5,2,0,0,0,Standard_720p_60fps_5s
557,1,p4x4,0,0.777486610269687,1,10,1,2,42.2627815452034,4:-4,spatial,1,442,4,tesa,10,1,0,vbr,0,baseline,0.4027027556017213,43,1,11,14,99,7,45,0,0,0,Standard_720p_60fps_5s
557,1,p4x4,0,1.4537758344528866,1,16,1,2,42.2627815452034,5:5,spatial,1,442,4,tesa,10,1,0,vbr,0,baseline,0.6493532546000097,48,4,92,2,80,0,2,0,0,2,Standard_720p_60fps_5s
557,1,p4x4,0,0.1955269696516515,1,16,1,2,42.2627815452034,4:-4,spatial,1,442,4,tesa,10,0,0,vbr,0,baseline,0.5492414733251918,43,13,11,14,99,7,45,0,0,0,Standard_720p_60fps_5s
70,1,p4x4,1,0.1955269696516515,1,10,1,2,42.2627815452034,4:-4,spatial,1,116,4,tesa,10,0,1,none,0,baseline,0.6493532546000097,48,4,92,2,80,0,2,0,1,0,Standard_720p_60fps_5s
1946,1,all,1,1.5648090898349587,2,10,1,-7,39.70519654463072,-3:3,spatial,1,22,2,dia,34,0,1,vbr,1,baseline,0.7958062464858855,50,9,3,10,36,9,4,0,1,1,Standard_720p_60fps_5s
1946,1,all,1,1.5648090898349587,2,10,1,8,39.70519654463072,-3:3,spatial,1,261,2,dia,34,0,0,none,1,high,0.9171349574400796,36,19,69,15,4,5,6,0,1,1,Standard_720p_60fps_5s
1946,1,all,1,1.422645947908307,2,10,1,-7,9.39112884126785,-3:3,spatial,1,22,2,dia,34,0,1,vbr,1,high,0.7958062464858855,50,9,3,10,36,10,4,0,1,1,Standard_720p_60fps_5s
1946,1,all,1,1.5648090898349587,2,10,1,-2,39.70519654463072,-3:3,spatial,1,22,2,dia,34,0,1,vbr,1,baseline,0.7958062464858855,50,9,3,10,94,5,6,0,1,1,Standard_720p_60fps_5s
76,0,p8x8,1,0.6295137611273145,2,0,1,9,29.58495568862226,4:4,spatial,0,51,0,dia,54,0,1,none,0,baseline,0.6493532546000097,48,4,92,2,80,0,2,0,0,0,Standard_720p_60fps_5s
80,0,all,0,0.4999393539102281,0,2,1,5,12.760440472903094,-6:6,auto,1,125,0,dia,54,0,1,none,0,baseline,0.6493532546000097,48,4,92,2,80,0,2,0,0,0,Standard_720p_60fps_5s
76,0,p8x8,1,0.6295137611273145,1,0,1,9,29.58495568862226,4:4,spatial,0,51,0,dia,54,1,0,cbr,0,baseline,0.4027027556017213,43,1,11,14,99,7,34,0,0,0,Standard_720p_60fps_5s
557,1,p8x8,1,0.6295137611273145,2,0,1,9,29.58495568862226,4:4,spatial,0,51,0,dia,54,1,1,none,0,baseline,0.6493532546000097,48,4,92,2,93,0,2,0,0,0,Standard_720p_60fps_5s
1946,1,all,1,1.5648090898349587,2,10,1,8,39.70519654463072,-3:3,spatial,0,51,0,umh,54,0,1,none,0,baseline,0.6493532546000097,48,4,92,2,80,0,2,1,0,0,Standard_720p_60fps_5s
1940,1,p4x4,0,1.2097793863810706,2,5,0,0,46.28373159492028,4:4,auto,1,442,3,hex,24,1,0,none,1,high,0.9171349574400796,36,19,69,15,4,5,6,0,1,1,Standard_720p_60fps_5s
1940,1,p4x4,0,1.2097793863810706,2,5,1,0,46.28373159492028,4:4,auto,0,442,3,hex,23,1,0,none,1,high,0.9171349574400796,36,19,69,15,4,5,6,0,1,1,Standard_720p_60fps_5s
340,1,p8x8,2,1.044570858062161,2,1,1,12,6.822318127745964,4:-4,auto,0,442,3,hex,23,0,0,none,1,high,0.9171349574400796,36,19,69,15,4,5,6,0,1,1,Standard_720p_60fps_5s
336,0,none,0,0.0912060476289293,1,7,0,-1,28.36323956231097,1:-1,spatial,1,174,3,dia,27,0,0,none,1,main,0.3644518743760119,20,16,132,3,65,0,8,0,0,1,Action_1080p_60fps_20s
76,0,none,0,0.0912060476289293,1,7,0,9,28.36323956231097,1:-1,spatial,1,174,3,dia,27,0,0,none,1,main,0.734870018166699,20,16,132,3,0,0,8,0,0,1,Action_1080p_60fps_20s
76,0,none,0,0.0912060476289293,1,7,0,9,28.36323956231097,1:-1,spatial,1,174,3,dia,4,0,0,none,1,main,0.734870018166699,20,16,132,3,0,0,46,0,0,1,Action_1080p_60fps_20s
336,0,p4x4,0,0.0912060476289293,1,7,0,9,28.36323956231097,1:-1,spatial,1,174,3,dia,27,0,0,none,1,main,0.734870018166699,20,16,132,2,0,3,8,0,0,1,Action_1080p_60fps_20s
76,0,none,0,0.0912060476289293,1,7,0,9,28.36323956231097,1:-1,spatial,1,174,3,dia,27,0,0,none,1,main,0.734870018166699,33,14,132,2,0,3,8,0,0,1,Action_1080p_60fps_20s
336,0,p4x4,0,0.0912060476289293,1,7,0,9,28.36323956231097,1:-1,spatial,1,174,3,dia,27,1,0,none,1,main,0.5241074708625206,20,19,132,3,0,0,8,0,0,1,Action_1080p_60fps_20s
76,0,none,1,0.0912060476289293,1,7,0,9,28.36323956231097,1:-1,spatial,1,174,3,dia,27,0,1,none,1,main,0.734870018166699,38,9,132,3,0,0,8,0,0,1,Action_1080p_60fps_20s
963,1,none,1,0.0912060476289293,1,11,1,-5,28.36323956231097,4:-4,temporal,1,174,0,dia,27,1,0,cbr,1,main,0.3644518743760119,39,12,17,3,30,0,8,0,0,1,Action_1080p_60fps_20s
1387,0,p8x8,2,0.9487756353111814,0,1,0,-5,28.36323956231097,4:-4,temporal,1,174,0,dia,27,1,0,none,1,baseline,0.3644518743760119,39,12,132,6,30,0,8,0,1,1,Action_1080p_60fps_20s
963,0,all,1,0.0912060476289293,2,16,1,-5,28.36323956231097,4:-4,none,1,174,0,dia,27,1,0,none,1,main,0.3644518743760119,39,12,132,12,30,7,8,0,1,1,Action_1080p_60fps_20s
329,0,none,1,0.4358727394231024,1,16,1,0,28.36323956231097,1:-1,none,1,174,0,dia,27,1,0,none,1,main,0.3644518743760119,39,12,83,3,6,0,8,0,1,1,Action_1080p_60fps_20s
76,0,none,0,0.0912060476289293,1,7,1,-5,28.36323956231097,1:-1,none,1,174,0,dia,27,1,0,none,1,main,0.3644518743760119,39,12,132,3,65,0,8,0,0,1,Action_1080p_60fps_20s
963,1,none,1,0.0912060476289293,1,16,1,-5,28.36323956231097,4:-4,temporal,1,174,0,dia,27,1,0,none,1,main,0.3644518743760119,39,12,132,3,30,0,8,0,1,1,Action_1080p_60fps_20s
336,1,none,0,0.0912060476289293,1,16,1,-5,28.36323956231097,1:-1,none,1,174,0,dia,27,1,0,none,1,main,0.3644518743760119,39,12,132,3,30,0,8,0,1,1,Action_1080p_60fps_20s
336,1,p8x8,1,0.0912060476289293,1,16,1,-5,2.2750043581829384,4:-4,temporal,0,174,0,dia,27,1,0,none,1,main,0.3644518743760119,39,12,17,3,30,0,8,0,0,1,Action_1080p_60fps_20s
336,1,none,1,0.0912060476289293,1,16,1,-5,28.36323956231097,4:-4,temporal,1,174,0,dia,27,1,0,none,1,main,0.3644518743760119,39,12,132,3,30,0,8,0,1,1,Action_1080p_60fps_20s
336,1,none,1,0.4358727394231024,1,14,1,0,28.36323956231097,1:-1,none,1,174,0,dia,27,1,0,none,0,main,0.3644518743760119,37,12,83,3,6,0,8,0,1,2,Action_1080p_60fps_20s
329,1,none,1,0.3950790543896857,1,16,1,-5,28.36323956231097,4:-4,temporal,1,174,0,dia,27,1,0,none,1,main,0.3644518743760119,39,12,132,3,30,0,8,1,1,0,Action_1080p_60fps_20s
557,1,p4x4,0,0.1955269696516515,1,9,0,2,42.2627815452034,4:-4,temporal,1,116,4,tesa,10,1,0,vbr,1,main,0.3644518743760119,39,12,83,3,6,0,8,0,1,1,Action_1080p_60fps_20s
557,1,p4x4,0,0.9308959757744592,1,16,1,2,42.2627815452034,4:-4,spatial,1,381,0,dia,27,1,0,none,1,main,0.3644518743760119,39,12,132,3,65,0,8,0,0,1,Action_1080p_60fps_20s
1320,1,p4x4,3,0.0305137431257065,1,12,1,9,29.58495568862226,0:0,none,0,307,0,dia,49,0,0,none,1,baseline,0.835904787497133,48,0,236,2,80,0,11,1,0,0,Standard_480p_30fps_10s
1602,1,p4x4,0,0.2696951858659385,2,11,1,7,41.62378391495786,2:2,none,0,98,4,umh,19,0,0,vbr,0,baseline,0.9859873526355616,29,14,240,2,80,6,2,2,0,0,Standard_480p_30fps_10s
1908,0,p4x4,3,1.3381699574248425,0,8,1,-6,23.21909479916627,5:5,auto,0,322,0,dia,54,0,0,none,0,baseline,0.9101993554684676,48,4,236,2,80,0,11,0,0,0,Standard_480p_30fps_10s
821,0,none,3,0.8694210481076649,0,14,1,-2,40.60407095519528,5:5,auto,0,322,0,dia,54,0,0,none,0,baseline,0.9101993554684676,48,4,182,2,80,0,11,0,0,0,Standard_480p_30fps_10s
1908,0,p4x4,3,1.3381699574248425,0,16,1,9,29.58495568862226,6:6,auto,0,322,0,dia,54,0,0,none,0,baseline,0.9101993554684676,48,6,182,2,80,0,11,0,0,0,Standard_480p_30fps_10s
1908,0,p4x4,3,1.3381699574248425,0,16,1,9,29.58495568862226,6:6,auto,0,322,0,dia,50,0,0,none,0,baseline,0.9101993554684676,48,6,236,2,80,0,11,0,0,0,Standard_480p_30fps_10s
1908,0,p4x4,3,1.3381699574248425,0,16,1,9,29.58495568862226,4:4,spatial,1,51,0,dia,64,0,1,none,0,high,0.6493532546000097,48,4,92,2,48,0,61,0,1,2,Standard_480p_30fps_10s
821,0,none,3,0.8694210481076649,0,14,1,-2,29.71403796292493,0:0,none,1,307,0,esa,49,0,0,none,1,baseline,0.835904787497133,48,0,236,2,80,0,11,1,0,0,Standard_480p_30fps_10s
1042,0,none,3,0.8694210481076649,0,14,1,-5,29.71403796292493,2:-2,none,1,307,0,esa,49,1,0,none,0,high,0.835904787497133,50,0,236,2,80,0,11,0,0,0,Standard_480p_30fps_10s
1042,1,none,3,0.8694210481076649,0,14,1,-5,29.71403796292493,5:-5,none,0,307,0,esa,41,1,0,none,0,high,0.547682350372537,50,17,36,2,80,0,11,0,0,0,Standard_480p_30fps_10s
1042,0,none,3,0.8694210481076649,0,14,1,-5,29.71403796292493,5:-5,none,0,307,0,esa,49,1,0,none,0,high,0.835904787497133,50,0,236,2,80,0,11,0,1,0,Standard_480p_30fps_10s
1042,0,none,3,0.8694210481076649,0,14,1,-2,29.71403796292493,0:0,none,0,307,0,esa,49,1,0,none,0,baseline,0.835904787497133,48,0,236,2,80,0,11,0,1,0,Standard_480p_30fps_10s
1042,0,none,3,0.8694210481076649,0,14,1,-2,29.71403796292493,0:0,none,0,307,0,esa,49,1,0,none,0,baseline,0.835904787497133,51,0,147,2,48,0,23,0,1,0,Standard_480p_30fps_10s
1072,0,p4x4,3,1.3381699574248425,0,8,1,-6,29.71403796292493,0:0,none,1,307,0,esa,40,0,0,none,1,baseline,0.835904787497133,48,0,236,2,70,2,11,1,0,0,Standard_480p_30fps_10s
1072,0,p4x4,3,1.3381699574248425,0,8,1,-6,29.71403796292493,0:0,none,0,307,0,esa,49,1,0,none,1,high,0.835904787497133,50,0,236,2,80,0,11,0,1,1,Standard_480p_30fps_10s
1042,1,none,3,0.8694210481076649,0,14,1,-5,29.71403796292493,5:-5,none,0,307,2,esa,49,1,0,none,0,high,0.835904787497133,50,0,236,2,71,0,11,2,0,0,Standard_480p_30fps_10s
821,1,none,1,0.8694210481076649,0,14,1,3,40.60407095519528,5:5,auto,0,322,0,dia,54,0,0,none,0,baseline,0.9101993554684676,48,4,193,2,80,0,11,1,0,0,Standard_480p_30fps_10s
1602,1,p4x4,0,1.1515979458212768,0,11,1,7,41.62378391495786,2:2,none,1,307,0,esa,40,0,0,none,1,baseline,0.835904787497133,48,0,236,2,70,2,11,1,1,0,Standard_480p_30fps_10s
1042,1,none,3,0.8694210481076649,0,14,1,-5,29.71403796292493,5:-5,none,1,307,2,esa,49,1,0,none,0,high,0.835904787497133,50,0,236,2,80,0,11,0,0,0,Standard_480p_30fps_10s
1042,1,all,1,0.8694210481076649,0,14,1,-5,29.71403796292493,1:-1,none,1,307,0,esa,49,1,0,none,0,high,0.835904787497133,42,0,236,2,80,0,11,0,1,0,Standard_480p_30fps_10s
1908,0,p4x4,3,1.3381699574248425,0,8,1,-6,23.21909479916627,5:5,auto,0,322,0,dia,54,0,0,none,0,baseline,0.9101993554684676,48,4,236,2,80,0,11,0,0,0,Action_480p_25fps_5s
96,0,none,1,0.0517809269619148,0,5,0,7,20.60851486732971,-4:4,auto,0,392,2,umh,54,0,1,cbr,1,main,0.0311007961760659,37,18,28,7,21,9,12,0,0,0,Action_480p_25fps_5s
76,0,none,1,0.1894575321054643,0,5,0,-12,25.55640114156775,3:-3,auto,0,253,2,umh,54,0,1,cbr,0,main,0.0311007961760659,29,11,28,7,21,9,26,0,0,0,Action_480p_25fps_5s
96,0,none,1,0.6732333918785517,0,5,0,7,20.60851486732971,-4:4,auto,0,392,2,dia,54,0,1,cbr,1,main,0.0311007961760659,37,18,28,7,21,1,12,0,0,0,Action_480p_25fps_5s
76,0,none,1,0.1894575321054643,0,5,0,7,25.55640114156775,-4:4,auto,0,253,2,umh,54,0,1,cbr,1,main,0.0311007961760659,29,11,28,7,21,9,26,0,0,0,Action_480p_25fps_5s
96,0,none,1,1.2284413190883303,0,5,0,7,20.60851486732971,-4:4,auto,0,392,2,umh,54,0,1,cbr,1,main,0.0311007961760659,37,18,28,7,21,9,12,0,0,0,Action_480p_25fps_5s
96,0,none,1,0.0517809269619148,0,9,0,7,20.60851486732971,-4:4,auto,0,392,2,umh,54,0,1,cbr,1,main,0.0311007961760659,37,18,28,15,80,0,11,1,0,0,Action_480p_25fps_5s
96,0,none,1,0.6732333918785517,0,5,0,7,20.60851486732971,-4:4,auto,0,392,2,umh,54,0,1,cbr,1,main,0.0311007961760659,37,17,28,7,21,1,12,0,0,0,Action_480p_25fps_5s
96,0,none,1,0.0517809269619148,0,5,0,7,20.60851486732971,-4:4,auto,0,392,2,umh,54,0,1,cbr,1,main,0.3913169521932242,37,10,28,7,21,9,12,0,0,0,Action_480p_25fps_5s
76,0,none,1,0.1894575321054643,0,5,0,7,20.60851486732971,-4:4,auto,0,392,3,esa,54,0,1,cbr,1,main,0.0311007961760659,37,18,28,7,21,9,12,0,0,0,Action_480p_25fps_5s
76,0,none,0,0.1894575321054643,0,5,0,7,20.60851486732971,-4:4,auto,0,392,3,esa,54,0,1,cbr,1,main,0.0311007961760659,37,17,28,7,21,1,12,2,0,0,Action_480p_25fps_5s
76,0,none,1,0.1894575321054643,1,5,0,7,25.55640114156775,-4:4,auto,0,253,2,esa,54,0,1,vbr,1,main,0.0311007961760659,37,18,50,7,21,9,12,0,0,0,Action_480p_25fps_5s
96,0,none,1,0.6732333918785517,0,5,0,7,20.60851486732971,-4:4,auto,0,392,2,dia,54,0,1,vbr,1,main,0.0311007961760659,37,18,28,7,21,3,12,0,0,2,Action_480p_25fps_5s
96,0,none,1,1.2284413190883303,0,5,0,11,20.60851486732971,-4:4,auto,1,257,2,tesa,54,0,1,cbr,1,main,0.0311007961760659,37,18,28,7,21,9,12,0,0,0,Action_480p_25fps_5s
96,0,none,1,0.0517809269619148,0,9,0,7,20.60851486732971,-4:4,auto,0,392,2,tesa,54,0,1,cbr,1,main,0.0311007961760659,37,18,28,15,80,0,11,1,0,0,Action_480p_25fps_5s
2054,0,none,0,0.5446655882354943,0,5,0,7,20.60851486732971,-4:4,auto,0,392,3,esa,54,0,1,cbr,1,main,0.0311007961760659,37,9,28,7,21,1,12,2,0,0,Action_480p_25fps_5s
96,0,p8x8,1,0.6732333918785517,0,5,1,7,20.60851486732971,-4:4,auto,0,392,2,umh,54,0,1,cbr,1,main,0.0311007961760659,37,17,28,7,25,3,12,0,0,0,Action_480p_25fps_5s
1908,0,p4x4,3,1.3381699574248425,0,0,1,-6,23.21909479916627,5:5,auto,0,322,1,dia,35,1,0,none,0,baseline,0.5953676782928479,48,4,92,2,80,8,2,1,0,0,Action_480p_25fps_5s
1042,0,none,3,0.8694210481076649,0,14,1,-2,29.71403796292493,0:0,none,0,307,0,esa,49,1,0,none,0,baseline,0.835904787497133,48,0,236,2,80,0,11,0,1,0,Action_480p_25fps_5s
1042,0,none,3,0.8694210481076649,0,14,1,-2,29.71403796292493,0:0,none,0,307,0,esa,49,1,0,none,0,baseline,0.835904787497133,51,0,147,2,48,0,23,0,1,0,Action_480p_25fps_5s
2050,0,p4x4,0,0.4371457905377309,0,1,1,7,41.823951441229056,-5:5,spatial,0,389,4,dia,46,0,0,cbr,0,main,0.6231124875551697,37,4,43,12,96,3,22,0,1,0,Action_480p_30fps_10s
2050,0,p4x4,0,0.4371457905377309,0,1,1,7,41.823951441229056,-5:5,spatial,0,385,4,dia,46,0,0,cbr,0,main,0.0311007961760659,37,18,28,7,21,9,12,0,0,0,Action_480p_30fps_10s
2050,0,p4x4,0,0.1326677839752556,0,1,1,7,41.823951441229056,-5:5,spatial,0,389,4,dia,46,0,0,cbr,0,main,0.6231124875551697,37,4,43,12,96,3,22,0,0,0,Action_480p_30fps_10s
1908,0,p4x4,3,1.3381699574248425,0,8,1,7,41.823951441229056,-5:5,spatial,0,389,4,dia,46,0,0,cbr,0,main,0.6231124875551697,37,16,43,12,96,3,22,2,1,0,Action_480p_30fps_10s
2050,0,p4x4,0,0.4371457905377309,0,1,1,7,41.823951441229056,-5:5,spatial,0,389,4,dia,46,0,0,cbr,0,main,0.8227454218802388,37,4,43,12,96,3,45,0,1,0,Action_480p_30fps_10s
2050,1,p4x4,0,0.9545401417867104,0,1,1,7,41.823951441229056,-5:5,spatial,0,389,3,dia,46,0,0,cbr,0,main,0.8227454218802388,37,4,152,1,96,3,34,0,1,0,Action_480p_30fps_10s
294,1,p4x4,0,0.4371457905377309,0,1,0,7,41.823951441229056,-5:5,spatial,0,389,4,dia,46,0,0,cbr,0,main,0.6231124875551697,37,4,43,12,96,3,22,0,0,0,Action_480p_30fps_10s
2050,0,p8x8,3,0.4371457905377309,0,1,1,7,41.823951441229056,-5:5,spatial,0,389,4,tesa,46,0,0,cbr,0,main,0.6231124875551697,40,4,43,12,96,3,22,0,0,0,Action_480p_30fps_10s
2050,0,p4x4,0,0.1326677839752556,0,1,0,7,41.823951441229056,-5:5,spatial,0,389,4,dia,46,0,0,cbr,0,main,0.7527525797011424,37,4,43,12,96,3,45,0,1,0,Action_480p_30fps_10s
2050,0,p4x4,0,0.4371457905377309,0,10,1,7,41.823951441229056,-5:5,temporal,0,389,4,dia,46,0,0,cbr,0,main,0.8227454218802388,37,4,236,12,96,3,57,0,0,1,Action_480p_30fps_10s
2050,0,p4x4,0,0.1326677839752556,0,1,1,7,41.823951441229056,1:-1,spatial,0,3,4,dia,46,0,1,cbr,0,main,0.6231124875551697,37,4,43,12,96,3,22,2,1,0,Action_480p_30fps_10s
2050,0,p4x4,0,0.4371457905377309,0,1,1,7,41.823951441229056,-5:5,spatial,0,316,4,dia,46,0,0,cbr,0,high,0.6231124875551697,37,4,43,12,96,3,51,0,0,0,Action_480p_30fps_10s
2050,0,p4x4,0,0.4371457905377309,1,1,1,7,41.823951441229056,-5:5,spatial,0,389,4,dia,46,0,0,cbr,0,main,0.6231124875551697,37,4,43,12,4,11,23,0,0,0,Action_480p_30fps_10s
2050,0,p4x4,0,0.1326677839752556,0,15,1,7,41.823951441229056,-5:5,spatial,0,389,4,dia,46,0,0,cbr,0,main,0.6231124875551697,37,4,43,12,96,2,8,0,0,1,Action_480p_30fps_10s
2050,0,p4x4,0,0.4371457905377309,0,1,1,7,41.823951441229056,-5:5,auto,0,389,4,dia,46,0,0,cbr,0,main,0.8227454218802388,37,4,43,12,80,9,12,0,1,0,Action_480p_30fps_10s
2050,0,p4x4,0,0.1326677839752556,0,1,0,7,41.823951441229056,-5:5,spatial,0,389,4,dia,46,0,0,cbr,0,main,0.7527525797011424,37,11,43,12,95,3,45,0,1,0,Action_480p_30fps_10s
2050,0,p4x4,0,1.5982602189563404,1,1,1,7,41.823951441229056,-5:5,spatial,0,389,4,dia,46,0,0,cbr,0,main,0.6231124875551697,37,4,43,12,4,11,39,0,0,0,Action_480p_30fps_10s
2050,1,p4x4,0,0.9545401417867104,0,1,0,7,41.823951441229056,-5:5,spatial,0,389,3,dia,46,0,0,cbr,0,main,0.8227454218802388,37,4,28,7,50,9,56,0,0,2,Action_480p_30fps_10s
2050,0,p4x4,0,0.4371457905377309,0,1,1,7,41.823951441229056,-5:5,spatial,1,385,4,dia,46,0,0,cbr,0,main,0.0311007961760659,37,19,152,1,96,3,34,0,0,0,Action_480p_30fps_10s
2050,0,"p8x8,b8x8,i8x8,i4x4",0,0.1326677839752556,0,1,1,7,41.823951441229056,1:-1,spatial,0,90,4,dia,46,0,1,cbr,0,high,0.6231124875551697,37,4,29,14,96,2,8,0,0,1,Action_480p_30fps_10s
1908,0,p4x4,3,1.3381699574248425,0,8,1,-6,23.21909479916627,5:5,auto,0,322,0,dia,54,0,0,none,0,baseline,0.9101993554684676,48,4,236,2,80,0,11,0,0,0,Big_720p_60fps_15s
1908,0,p8x8,3,1.3381699574248425,0,7,1,-6,23.21909479916627,5:5,auto,0,322,0,dia,54,0,0,none,1,baseline,0.9101993554684676,48,4,236,2,80,0,11,0,0,1,Big_720p_60fps_15s
1908,0,p4x4,3,1.3381699574248425,0,8,1,-6,23.21909479916627,5:5,auto,0,322,0,dia,54,0,0,none,0,baseline,0.9101993554684676,48,6,236,2,80,0,11,0,0,0,Big_720p_60fps_15s
1908,0,p8x8,2,1.3381699574248425,0,8,1,2,23.21909479916627,5:5,auto,0,322,0,umh,54,0,0,none,0,baseline,0.9101993554684676,48,6,236,2,80,0,11,0,0,0,Big_720p_60fps_15s
1042,0,none,3,0.8694210481076649,0,14,1,-2,29.71403796292493,0:0,none,0,307,0,hex,49,1,0,none,0,baseline,0.835904787497133,31,0,236,2,80,0,11,2,0,0,Big_720p_60fps_15s
1908,0,p4x4,3,1.3381699574248425,1,8,1,-6,23.21909479916627,5:5,temporal,0,29,0,dia,54,1,0,none,0,baseline,0.9101993554684676,48,4,236,2,66,0,11,0,0,0,Big_720p_60fps_15s
1908,0,p4x4,3,1.3381699574248425,0,8,1,-6,23.21909479916627,5:5,auto,0,322,0,dia,54,0,0,vbr,0,baseline,0.9101993554684676,48,6,236,2,80,0,11,0,0,0,Big_720p_60fps_15s
1908,0,p4x4,3,1.3381699574248425,0,8,1,-6,23.21909479916627,5:5,none,0,147,0,dia,54,0,0,none,0,baseline,0.9101993554684676,48,6,236,2,80,0,11,0,0,0,Big_720p_60fps_15s
1908,0,p4x4,3,1.3381699574248425,0,8,1,-6,23.21909479916627,5:5,auto,0,150,0,hex,54,1,0,none,0,baseline,0.9101993554684676,48,6,236,2,80,0,11,0,0,0,Big_720p_60fps_15s
1908,0,p4x4,3,1.3381699574248425,1,8,1,-6,32.12479386678222,5:5,temporal,0,29,0,dia,54,1,0,none,0,baseline,0.5669428058565998,48,4,236,2,66,0,11,0,0,0,Big_720p_60fps_15s
1908,0,p8x8,3,1.3381699574248425,1,8,1,-6,23.21909479916627,2:2,temporal,0,29,0,dia,54,1,0,none,0,baseline,0.9101993554684676,48,4,236,2,66,0,11,2,0,0,Big_720p_60fps_15s
1908,0,p4x4,3,1.3381699574248425,0,0,1,3,23.21909479916627,5:5,auto,0,322,0,hex,54,0,0,vbr,0,high,0.9101993554684676,48,6,236,2,80,0,11,0,0,0,Big_720p_60fps_15s
1908,0,p4x4,3,1.3381699574248425,0,0,1,-6,23.21909479916627,5:5,auto,0,322,1,dia,35,1,0,none,0,baseline,0.5953676782928479,48,4,92,2,80,8,2,1,0,0,Big_720p_60fps_15s
1908,0,p4x4,3,1.3381699574248425,0,8,1,-6,23.21909479916627,5:5,auto,0,322,0,dia,47,0,0,none,0,baseline,0.9101993554684676,48,4,236,2,80,0,13,0,0,1,Big_720p_60fps_15s
1908,0,p4x4,3,1.3381699574248425,1,8,1,-6,23.21909479916627,5:5,auto,0,322,0,dia,24,0,0,none,0,baseline,0.9101993554684676,48,4,236,2,90,0,13,0,0,1,Big_720p_60fps_15s
1908,0,p4x4,3,1.3381699574248425,0,8,1,-6,23.21909479916627,5:5,auto,0,322,0,dia,47,1,0,none,0,baseline,0.9101993554684676,48,4,236,2,80,9,13,0,0,1,Big_720p_60fps_15s
1908,1,p8x8,0,1.3381699574248425,1,7,1,-6,23.21909479916627,5:5,auto,0,322,0,dia,10,1,0,none,1,baseline,0.9101993554684676,48,4,236,2,66,0,11,0,0,0,Big_720p_60fps_15s
1908,0,p4x4,3,1.3381699574248425,0,8,1,-6,23.21909479916627,5:5,auto,0,322,0,dia,35,1,0,none,0,baseline,0.5953676782928479,48,4,92,2,80,8,2,1,0,0,Big_720p_60fps_15s
1908,1,p4x4,3,1.3381699574248425,0,8,1,-6,23.21909479916627,5:5,auto,0,322,0,dia,14,0,0,none,0,baseline,0.2560509306016201,48,4,236,2,12,0,11,0,0,0,Big_720p_60fps_15s
96,0,none,1,1.2284413190883303,0,5,0,7,20.60851486732971,-4:4,auto,0,392,2,umh,54,0,1,cbr,1,main,0.0311007961760659,37,18,28,7,21,9,12,0,0,0,Big_720p_60fps_15s
1042,1,none,3,0.8694210481076649,0,14,1,-2,29.71403796292493,0:0,none,0,307,0,hex,49,1,0,none,0,baseline,0.835904787497133,31,0,236,2,46,0,11,2,0,0,Big_1080p_25fps_10s
1042,0,none,3,1.2641701432241856,0,14,1,4,29.71403796292493,5:5,temporal,1,29,0,dia,54,0,0,none,0,baseline,0.9101993554684676,48,6,236,2,80,0,11,0,0,1,Big_1080p_25fps_10s
1908,0,p8x8,2,1.3381699574248425,0,8,1,-5,23.21909479916627,5:5,auto,1,322,0,esa,54,0,0,none,0,baseline,0.9101993554684676,48,6,236,2,80,0,11,1,0,0,Big_1080p_25fps_10s
1908,0,p4x4,3,1.3381699574248425,1,8,1,-6,32.12479386678222,5:5,temporal,0,29,0,dia,54,1,0,none,0,baseline,0.5669428058565998,48,4,236,2,66,0,11,0,0,0,Big_1080p_25fps_10s
1908,0,p4x4,3,1.3381699574248425,0,8,1,-6,23.21909479916627,5:5,auto,0,150,0,hex,54,1,0,none,0,baseline,0.9101993554684676,48,6,236,2,80,0,11,0,0,0,Big_1080p_25fps_10s
1908,0,p4x4,3,1.3381699574248425,0,8,1,-6,23.21909479916627,5:5,none,0,147,0,dia,54,0,0,none,0,baseline,0.9101993554684676,48,6,236,2,80,0,11,0,0,0,Big_1080p_25fps_10s
1908,0,p4x4,3,1.3381699574248425,0,8,1,-6,23.21909479916627,5:5,auto,0,322,0,dia,54,0,0,vbr,0,baseline,0.9101993554684676,48,6,236,2,80,0,11,0,0,0,Big_1080p_25fps_10s
1908,0,p4x4,3,1.3381699574248425,1,8,1,-6,23.21909479916627,5:5,temporal,0,29,0,dia,54,1,0,none,0,baseline,0.9101993554684676,48,4,236,2,66,0,11,0,0,0,Big_1080p_25fps_10s
1042,0,none,3,0.8694210481076649,0,14,1,-2,29.71403796292493,0:0,none,0,307,0,hex,49,1,0,none,0,baseline,0.835904787497133,31,0,236,2,80,0,11,2,0,0,Big_1080p_25fps_10s
1908,0,p8x8,2,1.3381699574248425,0,8,1,2,23.21909479916627,5:5,auto,0,322,0,umh,54,0,0,none,0,baseline,0.9101993554684676,48,6,236,2,80,0,11,0,0,0,Big_1080p_25fps_10s
1908,0,p4x4,3,1.3381699574248425,0,8,1,-6,23.21909479916627,5:5,auto,0,322,0,dia,54,0,0,none,0,baseline,0.9101993554684676,48,6,236,2,80,0,11,0,0,0,Big_1080p_25fps_10s
1908,0,p8x8,3,1.3381699574248425,0,7,1,-6,23.21909479916627,5:5,auto,0,322,0,dia,54,0,0,none,1,baseline,0.9101993554684676,48,4,236,2,80,0,11,0,0,1,Big_1080p_25fps_10s
1908,0,p4x4,3,1.3381699574248425,0,8,1,-6,23.21909479916627,5:5,auto,0,322,0,dia,54,0,0,none,0,baseline,0.9101993554684676,48,4,236,2,80,0,11,0,0,0,Big_1080p_25fps_10s
1042,0,none,3,1.2641701432241856,0,14,1,4,29.71403796292493,5:5,temporal,1,29,0,dia,54,0,0,none,0,baseline,0.5669428058565998,48,4,236,2,66,0,11,0,0,0,Big_1080p_25fps_10s
1908,0,p4x4,3,1.3381699574248425,0,8,1,-6,23.21909479916627,5:5,auto,0,150,0,hex,54,1,0,none,0,baseline,0.9101993554684676,48,4,236,2,66,0,11,0,0,0,Big_1080p_25fps_10s
1908,0,p4x4,3,1.3381699574248425,0,8,1,-6,23.21909479916627,5:5,auto,0,322,0,dia,54,0,0,vbr,1,baseline,0.9101993554684676,48,6,236,2,80,0,11,0,0,0,Big_1080p_25fps_10s
1908,0,"p8x8,b8x8,i8x8,i4x4",3,1.3381699574248425,0,8,1,-6,23.21909479916627,5:5,none,0,147,0,umh,51,1,0,vbr,0,baseline,0.6394439366352171,48,6,236,2,97,7,11,0,0,0,Big_1080p_25fps_10s
1908,0,p4x4,2,1.631851934772773,0,8,1,4,23.21909479916627,5:5,auto,0,150,0,hex,7,0,0,none,0,baseline,0.9101993554684676,48,19,236,2,66,0,39,0,0,0,Big_1080p_25fps_10s
1042,1,none,3,0.8694210481076649,0,14,1,-2,32.12479386678222,5:5,temporal,0,29,0,tesa,54,0,0,none,0,baseline,0.5669428058565998,48,4,236,2,66,0,11,0,0,0,Big_1080p_25fps_10s
1908,0,p4x4,3,1.3381699574248425,0,8,1,-6,23.21909479916627,5:5,none,0,29,0,dia,54,1,0,none,0,baseline,0.5669428058565998,34,4,236,2,66,0,11,0,0,0,Big_1080p_25fps_10s
766,0,p4x4,2,1.3381699574248425,1,8,1,-6,23.21909479916627,5:5,auto,0,322,0,dia,38,0,0,none,1,baseline,0.9101993554684676,48,4,236,2,80,0,11,0,0,0,Action_1080p_25fps_10s
1908,0,p4x4,3,1.3381699574248425,0,8,1,-6,23.21909479916627,5:5,auto,0,322,0,dia,54,0,0,none,0,baseline,0.9101993554684676,48,4,236,2,80,0,11,0,0,0,Action_1080p_25fps_10s
1908,0,p8x8,3,1.3381699574248425,0,7,1,-6,23.21909479916627,5:5,auto,0,322,0,dia,54,0,0,none,1,baseline,0.9101993554684676,48,4,236,2,80,0,11,0,0,1,Action_1080p_25fps_10s
1908,0,all,3,1.3381699574248425,0,7,1,-6,23.21909479916627,5:5,auto,0,322,0,dia,54,0,0,none,0,baseline,0.9101993554684676,48,4,236,2,80,0,11,1,0,0,Action_1080p_25fps_10s
388,1,all,1,1.900260528898256,1,13,0,-3,18.463602316450057,2:2,auto,0,322,1,dia,35,1,1,none,0,baseline,0.5953676782928479,48,4,92,2,80,8,2,1,1,0,Action_1080p_25fps_10s
96,0,none,1,0.0517809269619148,0,5,0,7,4.959411982839231,-4:4,auto,0,392,2,tesa,54,0,1,cbr,0,main,0.0311007961760659,37,18,28,7,21,9,12,1,1,0,Action_1080p_25fps_10s
96,0,none,1,0.0517809269619148,0,5,0,7,4.959411982839231,-4:4,auto,0,392,2,tesa,54,0,1,cbr,0,main,0.0311007961760659,37,18,28,7,21,9,12,0,1,0,Action_1080p_25fps_10s
96,0,none,1,1.2284413190883303,0,5,0,7,20.60851486732971,-4:4,auto,0,392,2,umh,54,0,1,cbr,1,main,0.0311007961760659,37,18,28,7,21,9,12,0,0,0,Action_1080p_25fps_10s
96,0,none,1,0.0517809269619148,0,5,0,7,20.60851486732971,-4:4,auto,0,392,2,umh,54,0,1,cbr,1,main,0.0311007961760659,37,18,28,7,21,9,12,0,0,0,Action_1080p_25fps_10s
96,0,none,1,0.0517809269619148,0,5,1,7,4.959411982839231,-4:4,auto,0,403,2,tesa,54,0,1,cbr,0,main,0.0311007961760659,37,12,28,7,21,9,12,0,0,0,Action_1080p_25fps_10s
96,0,none,1,1.2284413190883303,0,5,0,7,20.60851486732971,-4:4,auto,0,392,2,hex,54,0,1,cbr,0,main,0.0311007961760659,37,18,28,7,21,9,12,1,1,0,Action_1080p_25fps_10s
96,0,none,2,0.0517809269619148,0,5,0,7,20.60851486732971,-4:4,auto,0,392,2,esa,54,0,1,cbr,1,main,0.0311007961760659,37,18,28,7,21,9,12,0,0,1,Action_1080p_25fps_10s
96,0,none,1,0.0517809269619148,0,5,0,7,20.60851486732971,-4:4,auto,0,392,2,umh,54,0,1,cbr,1,main,0.0311007961760659,37,18,28,7,21,9,12,1,0,0,Action_1080p_25fps_10s
921,0,none,1,1.2284413190883303,0,5,0,7,20.60851486732971,-4:4,auto,0,421,0,hex,32,1,1,none,0,main,0.5311705779453971,37,12,28,7,21,2,12,0,0,0,Action_1080p_25fps_10s
1602,1,p4x4,0,0.2696951858659385,2,11,1,-8,21.03743211730354,5:-5,auto,0,421,0,hex,32,1,1,none,0,main,0.8577477619777601,22,13,242,7,13,4,42,0,1,1,Action_1080p_25fps_10s
1602,1,"p8x8,b8x8,i8x8,i4x4",0,0.2696951858659385,1,11,1,-8,21.03743211730354,6:6,auto,0,421,0,hex,32,1,1,none,0,main,0.5311705779453971,29,7,143,12,16,7,46,1,1,1,Action_1080p_25fps_10s
1602,1,"p8x8,b8x8,i8x8,i4x4",0,0.2696951858659385,1,11,1,-8,21.03743211730354,2:-2,auto,0,421,0,hex,32,1,1,none,0,main,0.5311705779453971,38,7,143,12,16,7,26,0,1,1,Action_1080p_25fps_10s
1602,1,p4x4,0,0.2696951858659385,2,11,1,-8,21.03743211730354,5:-5,auto,0,421,0,hex,23,1,1,none,0,main,0.8577477619777601,22,13,242,7,13,4,33,0,0,0,Action_1080p_25fps_10s
1602,1,"p8x8,b8x8,i8x8,i4x4",0,0.2696951858659385,1,3,1,-8,21.03743211730354,6:6,auto,0,421,0,hex,32,1,1,none,0,main,0.5311705779453971,37,12,28,7,21,9,12,0,0,0,Action_1080p_25fps_10s
1908,0,"p8x8,b8x8,i8x8,i4x4",3,1.3381699574248425,0,7,1,-11,23.21909479916627,5:5,auto,0,368,0,hex,32,1,1,none,0,main,0.8577477619777601,28,13,242,7,13,4,42,0,1,1,Action_1080p_25fps_10s
1880,0,p4x4,3,1.7109762820201706,0,0,1,-6,23.21909479916627,5:5,none,1,231,2,tesa,35,0,0,none,0,main,0.3316802394650799,46,18,5,15,61,3,9,1,0,0,Action_480p_25fps_20s
1880,1,p4x4,1,1.3381699574248425,0,0,1,-12,23.21909479916627,5:5,spatial,0,322,2,dia,35,0,0,cbr,0,baseline,0.3316802394650799,46,2,5,8,90,8,46,2,1,1,Action_480p_25fps_20s
1880,0,p4x4,1,1.3381699574248425,0,0,0,-6,23.21909479916627,5:5,none,1,231,2,dia,35,0,0,vbr,0,main,0.5953676782928479,48,4,92,2,80,0,2,1,0,0,Action_480p_25fps_20s
1040,0,p4x4,1,1.1149304597994294,0,7,1,-7,3.2583913639542272,4:-4,spatial,0,231,2,dia,35,1,0,vbr,1,high,0.3316802394650799,46,2,5,8,12,8,46,1,1,1,Action_480p_25fps_20s
76,0,p8x8,1,0.6295137611273145,2,0,0,9,29.58495568862226,4:4,temporal,0,51,0,dia,54,0,0,vbr,0,main,0.3316802394650799,46,2,5,8,12,8,46,1,1,1,Action_480p_25fps_20s
1880,1,p4x4,1,1.3381699574248425,0,0,1,-6,23.21909479916627,5:5,none,1,322,2,dia,35,0,0,none,0,baseline,0.5953676782928479,48,4,92,2,80,0,2,1,0,0,Action_480p_25fps_20s
1880,0,p4x4,1,1.3381699574248425,0,0,1,-6,23.21909479916627,5:5,none,1,231,2,tesa,35,0,0,vbr,0,main,0.3316802394650799,46,2,5,15,61,3,9,1,0,2,Action_480p_25fps_20s
1880,0,p4x4,1,1.3381699574248425,0,0,1,-6,23.21909479916627,5:5,none,1,231,2,dia,35,0,0,vbr,0,main,0.3316802394650799,46,2,5,8,12,8,46,1,1,1,Action_480p_25fps_20s
1880,0,p4x4,1,1.3381699574248425,0,12,0,-6,23.21909479916627,5:5,none,1,231,1,dia,35,1,0,vbr,0,baseline,0.5953676782928479,48,4,5,8,12,8,46,0,1,1,Action_480p_25fps_20s
1880,0,p4x4,1,1.3381699574248425,0,0,0,-6,23.21909479916627,5:5,none,1,231,0,dia,35,0,1,vbr,0,main,0.5953676782928479,48,4,183,2,80,0,2,1,0,0,Action_480p_25fps_20s
1880,0,p4x4,3,1.7109762820201706,0,0,1,-6,18.66146703205533,5:5,none,1,68,2,tesa,35,0,0,none,0,main,0.3316802394650799,46,18,5,15,61,3,9,1,0,0,Action_480p_25fps_20s
2182,1,p4x4,1,1.3381699574248425,0,0,0,-6,23.21909479916627,5:5,none,1,445,2,dia,35,0,0,vbr,0,main,0.5953676782928479,48,4,92,4,80,0,2,1,0,0,Action_480p_25fps_20s
1880,0,p4x4,1,1.3381699574248425,0,0,0,-6,23.21909479916627,5:5,none,1,231,0,dia,35,0,0,vbr,1,main,0.5953676782928479,48,4,92,2,80,0,2,1,0,0,Action_480p_25fps_20s
1880,0,p4x4,1,1.3381699574248425,0,0,1,-6,23.21909479916627,6:6,none,1,231,2,dia,35,0,0,vbr,0,main,0.3316802394650799,46,2,5,8,46,8,46,2,1,1,Action_480p_25fps_20s
1880,0,p8x8,3,1.7109762820201706,0,0,1,-6,23.21909479916627,5:5,temporal,0,51,0,dia,54,0,0,vbr,0,baseline,0.3316802394650799,46,2,5,8,12,8,46,1,1,1,Action_480p_25fps_20s
1931,0,p4x4,1,1.3381699574248425,0,0,1,-6,23.21909479916627,5:5,none,1,231,2,tesa,39,0,0,vbr,0,main,0.3316802394650799,46,2,150,15,61,3,9,1,1,1,Action_480p_25fps_20s
1931,0,p4x4,1,1.3381699574248425,0,0,1,0,23.21909479916627,5:5,none,1,231,2,tesa,39,0,0,vbr,0,main,0.3316802394650799,46,10,150,15,7,3,64,2,1,1,Action_480p_25fps_20s
516,1,p4x4,1,0.5313281874777983,0,0,1,2,23.21909479916627,6:6,temporal,0,231,2,dia,35,1,0,vbr,0,main,0.3316802394650799,46,2,5,8,46,8,35,1,1,1,Action_480p_25fps_20s
1880,0,p4x4,1,1.3381699574248425,0,0,1,-6,23.21909479916627,5:5,none,1,231,2,tesa,35,0,0,vbr,0,main,0.3316802394650799,37,2,5,8,32,8,36,1,1,1,Action_480p_25fps_20s
1880,0,p4x4,1,1.3381699574248425,0,0,1,-12,23.21909479916627,4:-4,spatial,0,322,2,dia,35,0,1,cbr,0,baseline,0.3316802394650799,46,2,5,8,46,8,46,0,1,1,Action_480p_25fps_20s
1042,1,none,3,0.8694210481076649,0,14,1,-2,29.71403796292493,0:0,none,0,307,0,hex,49,1,0,none,0,baseline,0.835904787497133,31,0,236,2,46,0,11,2,0,0,Big_480p_30fps_15s
1042,0,none,3,0.8694210481076649,0,13,1,-2,29.71403796292493,0:0,none,0,271,1,hex,24,1,0,none,0,baseline,0.9101993554684676,48,6,236,13,80,0,11,0,0,0,Big_480p_30fps_15s
1908,0,p8x8,3,1.3381699574248425,0,7,1,-6,23.21909479916627,5:5,auto,0,322,0,dia,54,0,0,none,1,baseline,0.9101993554684676,48,4,236,2,80,0,11,0,0,1,Big_480p_30fps_15s
1908,0,p4x4,3,1.3381699574248425,0,8,1,-6,23.21909479916627,5:5,auto,0,322,0,dia,54,0,0,none,0,baseline,0.9101993554684676,48,4,236,2,80,0,11,0,0,0,Big_480p_30fps_15s
96,0,none,1,0.0517809269619148,0,5,0,7,20.60851486732971,-4:4,auto,0,392,2,umh,54,0,1,cbr,1,main,0.0311007961760659,37,18,28,7,21,9,12,0,0,0,Big_480p_30fps_15s
96,0,none,1,0.0517809269619148,0,5,0,7,4.959411982839231,-4:4,auto,0,392,2,tesa,54,0,1,cbr,0,main,0.0311007961760659,37,18,28,7,21,9,12,1,1,0,Big_480p_30fps_15s
96,0,none,1,0.0517809269619148,0,5,0,7,4.959411982839231,-4:4,auto,0,392,2,tesa,54,0,1,cbr,0,main,0.0311007961760659,37,18,28,7,21,9,12,0,1,0,Big_480p_30fps_15s
96,0,none,1,1.2284413190883303,0,5,0,7,20.60851486732971,-4:4,auto,0,392,2,umh,54,0,1,cbr,1,main,0.0311007961760659,37,18,28,7,21,9,12,0,0,0,Big_480p_30fps_15s
96,0,none,1,0.0517809269619148,0,5,1,7,4.959411982839231,-4:4,auto,0,403,2,tesa,54,0,1,cbr,0,main,0.0311007961760659,37,12,28,7,21,9,12,0,0,0,Big_480p_30fps_15s
1908,0,all,3,1.3381699574248425,0,7,1,-6,23.21909479916627,5:5,auto,0,322,0,dia,54,0,0,none,0,baseline,0.9101993554684676,48,4,236,2,80,0,11,1,0,0,Big_480p_30fps_15s
1908,0,p4x4,3,1.3381699574248425,0,8,1,-6,23.21909479916627,5:5,auto,0,322,0,dia,54,0,0,vbr,0,baseline,0.9101993554684676,48,6,236,2,80,0,11,0,0,0,Big_480p_30fps_15s
1908,0,p4x4,3,1.3381699574248425,0,8,1,-6,23.21909479916627,5:5,none,0,147,0,dia,54,0,0,none,0,baseline,0.9101993554684676,48,6,236,2,80,0,11,0,0,0,Big_480p_30fps_15s
1908,0,p4x4,3,1.3381699574248425,0,8,1,-6,23.21909479916627,5:5,auto,0,150,0,hex,54,1,0,none,0,baseline,0.9101993554684676,48,6,236,2,80,0,11,0,0,0,Big_480p_30fps_15s
1908,0,p4x4,3,1.3381699574248425,1,8,1,-6,32.12479386678222,5:5,temporal,0,29,0,dia,54,1,0,none,0,baseline,0.5669428058565998,48,4,236,2,66,0,11,0,0,0,Big_480p_30fps_15s
1042,0,none,3,0.8694210481076649,0,14,1,-2,29.71403796292493,0:0,none,0,307,0,hex,49,1,0,none,0,baseline,0.835904787497133,31,0,236,2,80,0,11,2,0,0,Big_480p_30fps_15s
1908,0,p8x8,2,1.3381699574248425,0,8,1,2,23.21909479916627,5:5,auto,0,322,0,umh,54,0,0,none,0,baseline,0.9101993554684676,48,6,236,2,80,0,11,0,0,0,Big_480p_30fps_15s
1908,0,p4x4,3,1.3381699574248425,1,8,1,-6,23.21909479916627,5:5,temporal,0,29,0,dia,54,1,0,none,0,baseline,0.9101993554684676,48,4,236,2,66,0,11,0,0,0,Big_480p_30fps_15s
1042,0,p4x4,3,1.2641701432241856,0,14,1,4,23.21909479916627,5:5,none,0,322,0,dia,54,0,0,vbr,0,baseline,0.9101993554684676,48,6,236,2,80,0,11,0,0,0,Big_480p_30fps_15s
1908,0,p8x8,2,1.3381699574248425,0,8,1,-6,23.21909479916627,5:5,none,0,147,0,dia,54,0,0,none,0,baseline,0.9101993554684676,48,6,236,2,80,0,11,0,0,0,Big_480p_30fps_15s
1042,0,none,3,0.8694210481076649,0,13,1,-2,29.71403796292493,0:0,none,0,307,1,hex,49,1,0,none,0,baseline,0.835904787497133,31,0,236,2,80,0,11,2,0,0,Big_480p_30fps_15s
96,0,none,1,0.0517809269619148,0,8,1,-6,11.66327662283431,5:5,auto,0,32,4,dia,35,1,0,vbr,1,high,0.3316802394650799,46,5,5,8,12,8,46,1,1,1,Standard_720p_30fps_5s
1908,0,p4x4,3,1.3381699574248425,0,8,1,-6,23.21909479916627,5:5,auto,0,322,0,dia,54,0,0,none,0,baseline,0.9101993554684676,48,4,236,2,80,0,11,0,0,0,Standard_720p_30fps_5s
96,0,none,1,0.0517809269619148,0,5,0,7,20.60851486732971,-4:4,auto,0,392,2,umh,54,0,1,cbr,1,main,0.0311007961760659,37,18,28,7,21,9,12,0,0,0,Standard_720p_30fps_5s
96,0,none,1,1.2284413190883303,0,5,0,7,20.60851486732971,-4:4,auto,0,392,2,umh,54,0,1,cbr,1,main,0.0311007961760659,37,18,28,7,21,9,12,0,0,0,Standard_720p_30fps_5s
96,0,none,1,1.565949306121068,0,5,0,7,20.60851486732971,-4:4,auto,0,392,2,umh,24,0,1,cbr,1,main,0.0311007961760659,37,12,28,10,21,3,12,0,0,0,Standard_720p_30fps_5s
96,0,none,1,0.0517809269619148,0,5,0,7,20.60851486732971,-4:4,auto,0,392,2,esa,24,0,1,cbr,1,main,0.0311007961760659,37,12,28,10,21,3,12,0,0,0,Standard_720p_30fps_5s
96,0,none,3,0.0517809269619148,0,5,0,7,20.60851486732971,-4:4,auto,0,392,2,umh,54,0,1,cbr,0,main,0.0311007961760659,37,6,28,7,21,9,26,0,0,0,Standard_720p_30fps_5s
96,0,none,1,0.0517809269619148,0,13,0,7,20.60851486732971,-4:4,auto,0,392,2,umh,24,0,1,cbr,1,main,0.0311007961760659,37,12,28,10,21,3,12,0,0,0,Standard_720p_30fps_5s
96,0,none,1,0.0517809269619148,0,5,0,7,20.60851486732971,-4:4,auto,0,392,2,umh,54,0,1,cbr,1,main,0.0311007961760659,37,18,28,7,29,9,12,0,0,0,Standard_720p_30fps_5s
1042,0,none,3,0.8694210481076649,0,14,1,-2,29.71403796292493,0:0,none,0,307,0,esa,49,1,0,none,0,baseline,0.835904787497133,51,0,147,2,48,0,23,0,1,0,Standard_720p_30fps_5s
1908,1,p4x4,3,1.3381699574248425,0,5,0,7,20.60851486732971,-4:4,auto,0,392,2,esa,24,1,1,cbr,1,main,0.0311007961760659,37,12,28,10,21,3,12,0,0,0,Standard_720p_30fps_5s
1908,0,p4x4,3,1.3381699574248425,0,0,1,-6,23.21909479916627,5:5,auto,0,322,1,dia,35,1,0,none,0,baseline,0.5953676782928479,48,4,92,2,80,8,2,1,0,0,Standard_720p_30fps_5s
1880,0,p4x4,1,1.3381699574248425,0,0,1,-6,23.21909479916627,5:5,none,1,231,2,tesa,35,0,0,vbr,0,main,0.3316802394650799,46,2,5,15,61,3,9,1,0,2,Standard_720p_30fps_5s
1880,0,p4x4,1,1.3381699574248425,0,0,1,-6,23.21909479916627,5:5,none,1,231,2,dia,35,0,0,vbr,0,main,0.3316802394650799,46,2,5,8,12,8,46,1,1,1,Standard_720p_30fps_5s
1880,1,p4x4,1,1.3381699574248425,0,0,1,-12,23.21909479916627,5:5,spatial,0,322,2,dia,35,0,0,cbr,0,baseline,0.3316802394650799,46,2,5,8,90,8,46,2,1,1,Standard_720p_30fps_5s
1880,0,p4x4,3,1.7109762820201706,0,0,1,-6,23.21909479916627,5:5,none,1,231,2,tesa,35,0,0,none,0,main,0.3316802394650799,46,18,5,15,61,3,9,1,0,0,Standard_720p_30fps_5s
1880,1,p4x4,1,1.3381699574248425,0,0,1,-6,23.21909479916627,5:5,none,1,322,2,dia,35,0,0,none,0,baseline,0.5953676782928479,48,4,92,2,80,0,2,1,0,0,Standard_720p_30fps_5s
76,0,p8x8,1,0.6295137611273145,2,0,0,9,29.58495568862226,4:4,temporal,0,51,0,dia,54,0,0,vbr,0,main,0.3316802394650799,46,2,5,8,12,8,46,1,1,1,Standard_720p_30fps_5s
1040,0,p4x4,1,1.1149304597994294,0,7,1,-7,3.2583913639542272,4:-4,spatial,0,231,2,dia,35,1,0,vbr,1,high,0.3316802394650799,46,2,5,8,12,8,46,1,1,1,Standard_720p_30fps_5s
1880,0,p4x4,1,1.3381699574248425,0,0,0,-6,23.21909479916627,5:5,none,1,231,2,dia,35,0,0,vbr,0,main,0.5953676782928479,48,4,92,2,80,0,2,1,0,0,Standard_720p_30fps_5s
653,0,p4x4,3,0.0216368373692458,0,8,1,-5,23.21909479916627,5:5,auto,0,150,0,hex,54,1,0,none,0,baseline,0.8685540781564082,48,6,236,2,88,0,11,0,0,0,Still_image_1080p_60fps_15s
1908,0,p4x4,3,1.3381699574248425,0,8,1,-6,23.21909479916627,5:5,auto,0,322,0,dia,54,0,0,none,0,baseline,0.9101993554684676,48,4,236,2,80,0,11,0,0,0,Still_image_1080p_60fps_15s
1908,0,p8x8,3,1.3381699574248425,0,7,1,-6,23.21909479916627,5:5,auto,0,322,0,dia,54,0,0,none,1,baseline,0.9101993554684676,48,4,236,2,80,0,11,0,0,1,Still_image_1080p_60fps_15s
1908,0,p4x4,3,1.3381699574248425,1,8,1,-6,32.12479386678222,5:5,temporal,0,29,0,dia,54,1,0,none,0,baseline,0.5669428058565998,48,4,236,2,66,0,11,0,0,0,Still_image_1080p_60fps_15s
1908,0,p4x4,3,1.3381699574248425,0,8,1,-6,23.21909479916627,5:5,auto,0,322,0,dia,54,0,0,vbr,0,baseline,0.9101993554684676,48,6,236,2,80,0,11,0,0,0,Still_image_1080p_60fps_15s
1908,0,p4x4,3,1.3381699574248425,0,8,1,-6,23.21909479916627,5:5,none,0,147,0,dia,54,0,0,none,0,baseline,0.9101993554684676,48,6,236,2,80,0,11,0,0,0,Still_image_1080p_60fps_15s
1908,0,p4x4,3,1.3381699574248425,0,8,1,-6,23.21909479916627,5:5,auto,0,150,0,hex,54,1,0,none,0,baseline,0.9101993554684676,48,6,236,2,80,0,11,0,0,0,Still_image_1080p_60fps_15s
1908,0,p4x4,3,1.3381699574248425,1,8,1,-6,23.21909479916627,5:5,temporal,0,29,0,dia,54,1,0,none,0,baseline,0.9101993554684676,48,4,236,2,66,0,11,0,0,0,Still_image_1080p_60fps_15s
1908,0,p4x4,3,1.3381699574248425,0,8,1,-6,23.21909479916627,5:5,auto,0,322,0,dia,54,0,0,none,0,baseline,0.9101993554684676,48,6,236,2,80,0,11,0,0,0,Still_image_1080p_60fps_15s
1042,0,none,3,0.8694210481076649,0,14,1,-2,29.71403796292493,0:0,none,0,307,0,hex,49,1,0,none,0,baseline,0.835904787497133,31,0,236,2,80,0,11,2,0,0,Still_image_1080p_60fps_15s
1908,0,p8x8,2,1.3381699574248425,0,8,1,2,23.21909479916627,5:5,auto,0,322,0,umh,54,0,0,none,0,baseline,0.9101993554684676,48,6,236,2,80,0,11,0,0,0,Still_image_1080p_60fps_15s
1908,0,p8x8,3,1.3381699574248425,0,7,1,-11,23.21909479916627,5:5,auto,0,150,0,hex,54,1,0,none,0,baseline,0.9101993554684676,48,6,236,2,80,0,11,0,0,0,Still_image_1080p_60fps_15s
1908,0,p8x8,2,1.3381699574248425,0,8,1,2,23.21909479916627,5:5,auto,0,322,0,esa,54,0,0,none,0,baseline,0.9101993554684676,48,9,236,2,80,0,11,0,0,0,Still_image_1080p_60fps_15s
1908,0,p8x8,3,1.3381699574248425,1,8,1,-6,23.21909479916627,5:5,auto,0,322,0,dia,54,0,0,vbr,0,baseline,0.9101993554684676,48,4,236,2,80,0,11,0,1,0,Still_image_1080p_60fps_15s
1908,0,p4x4,3,1.3381699574248425,1,8,1,-6,23.21909479916627,5:5,none,0,29,0,dia,54,0,0,vbr,0,baseline,0.9101993554684676,48,6,236,2,80,6,11,0,0,0,Still_image_1080p_60fps_15s
177,0,none,3,1.3381699574248425,0,8,1,-6,23.21909479916627,5:5,none,0,147,0,dia,54,0,0,vbr,0,baseline,0.9101993554684676,48,6,236,2,80,0,11,0,0,0,Still_image_1080p_60fps_15s
901,0,p8x8,2,1.3381699574248425,0,14,1,-2,29.71403796292493,0:0,none,0,307,0,hex,49,1,0,none,0,baseline,0.835904787497133,31,0,236,2,80,0,11,2,0,0,Still_image_1080p_60fps_15s
1908,0,p4x4,3,0.8101773804566481,0,8,1,-6,23.21909479916627,5:5,none,0,147,2,dia,54,0,0,vbr,0,baseline,0.9101993554684676,48,6,236,2,79,0,11,0,0,0,Still_image_1080p_60fps_15s
177,1,none,3,1.3381699574248425,0,8,1,-6,7.92542166194137,5:5,none,0,147,0,dia,54,0,0,vbr,0,baseline,0.9101993554684676,48,6,236,2,80,0,11,0,0,1,Still_image_1080p_60fps_15s
96,0,none,1,0.6732333918785517,0,5,0,7,20.60851486732971,-4:4,auto,0,392,2,dia,54,0,1,cbr,1,main,0.0311007961760659,37,18,28,7,21,1,12,0,0,0,Still_image_1080p_60fps_15s
1042,1,none,3,1.3381699574248425,0,3,1,-6,23.21909479916627,5:5,auto,0,322,0,dia,54,0,1,none,0,baseline,0.2767843401906828,48,8,6,15,80,0,11,0,0,0,Standard_480p_25fps_20s
2233,1,none,1,1.3653973567571176,0,9,0,7,41.62378391495786,-3:3,none,0,98,4,umh,19,0,0,none,0,baseline,0.9859873526355616,22,14,240,2,76,11,8,2,0,2,Standard_480p_25fps_20s
1602,1,p4x4,0,0.2696951858659385,2,11,1,7,41.62378391495786,2:2,none,0,98,4,umh,19,0,0,none,0,baseline,0.9859873526355616,22,14,240,2,76,11,8,2,0,2,Standard_480p_25fps_20s
1042,0,none,3,1.2641701432241856,0,14,1,4,29.71403796292493,5:5,temporal,1,29,0,dia,54,0,0,none,0,baseline,0.9101993554684676,48,6,236,2,80,0,11,0,0,1,Standard_480p_25fps_20s
1042,0,none,3,0.8694210481076649,0,14,1,-2,29.71403796292493,0:0,none,0,307,0,hex,49,1,0,none,0,baseline,0.835904787497133,31,0,236,2,80,0,11,2,0,0,Standard_480p_25fps_20s
1908,0,p4x4,3,1.3381699574248425,1,8,1,-6,32.12479386678222,5:5,temporal,0,29,0,dia,54,1,0,none,0,baseline,0.5669428058565998,48,4,236,2,66,0,11,0,0,0,Standard_480p_25fps_20s
1908,0,p4x4,3,1.3381699574248425,0,8,1,-6,23.21909479916627,5:5,auto,0,150,0,hex,54,1,0,none,0,baseline,0.9101993554684676,48,6,236,2,80,0,11,0,0,0,Standard_480p_25fps_20s
1908,0,p4x4,3,1.3381699574248425,0,8,1,-6,23.21909479916627,5:5,none,0,147,0,dia,54,0,0,none,0,baseline,0.9101993554684676,48,6,236,2,80,0,11,0,0,0,Standard_480p_25fps_20s
1908,0,p4x4,3,1.3381699574248425,0,8,1,-6,23.21909479916627,5:5,auto,0,322,0,dia,54,0,0,vbr,0,baseline,0.9101993554684676,48,6,236,2,80,0,11,0,0,0,Standard_480p_25fps_20s
1908,0,p4x4,3,1.3381699574248425,1,8,1,-6,23.21909479916627,5:5,temporal,0,29,0,dia,54,1,0,none,0,baseline,0.9101993554684676,48,4,236,2,66,0,11,0,0,0,Standard_480p_25fps_20s
1908,0,p4x4,3,1.3381699574248425,0,8,1,-6,23.21909479916627,5:5,auto,0,322,0,dia,54,0,0,none,0,baseline,0.9101993554684676,48,6,236,2,80,0,11,0,0,0,Standard_480p_25fps_20s
1908,0,p4x4,3,1.3381699574248425,0,8,1,-6,23.21909479916627,5:5,auto,0,322,0,dia,54,0,0,none,0,baseline,0.9101993554684676,48,4,236,2,80,0,11,0,0,0,Standard_480p_25fps_20s
1908,0,p8x8,3,1.3381699574248425,0,7,1,-6,23.21909479916627,5:5,auto,0,322,0,dia,54,0,0,none,1,baseline,0.9101993554684676,48,4,236,2,80,0,11,0,0,1,Standard_480p_25fps_20s
1908,0,p8x8,2,1.3381699574248425,0,8,1,2,23.21909479916627,5:5,auto,0,322,0,umh,54,0,0,none,0,baseline,0.9101993554684676,48,6,236,2,80,0,11,0,0,0,Standard_480p_25fps_20s
1908,0,"p8x8,b8x8,i8x8,i4x4",1,1.3381699574248425,0,8,1,-6,23.21909479916627,5:5,temporal,0,29,0,dia,54,1,0,vbr,0,baseline,0.9101993554684676,48,4,236,2,66,0,11,0,0,0,Standard_480p_25fps_20s
1908,0,p4x4,3,1.3381699574248425,0,8,1,-6,23.21909479916627,5:5,temporal,0,226,0,hex,54,1,0,none,0,baseline,0.9101993554684676,48,6,236,2,80,0,11,0,0,0,Standard_480p_25fps_20s
1908,0,p4x4,3,1.3381699574248425,0,8,1,-6,23.21909479916627,5:5,auto,1,322,0,dia,54,0,0,vbr,0,baseline,0.9101993554684676,48,4,236,2,80,0,11,0,0,0,Standard_480p_25fps_20s
1908,0,p8x8,3,1.3381699574248425,0,7,1,-6,23.21909479916627,5:5,auto,0,322,0,dia,54,0,0,none,1,baseline,0.9101993554684676,48,4,236,2,80,0,11,0,0,0,Standard_480p_25fps_20s
1908,0,p8x8,3,1.3381699574248425,0,7,0,-6,25.61325650732605,5:5,auto,0,322,0,dia,54,0,0,vbr,1,baseline,0.0772780014198629,48,6,236,2,80,0,11,0,0,0,Standard_480p_25fps_20s
1908,0,p8x8,3,1.3381699574248425,0,7,1,-6,23.21909479916627,5:5,auto,0,322,0,dia,45,0,0,none,1,baseline,0.9101993554684676,48,4,236,2,80,0,11,0,0,0,Standard_480p_25fps_20s
766,0,p4x4,2,1.3381699574248425,1,8,1,-6,23.21909479916627,5:5,auto,0,322,0,dia,38,0,0,none,1,baseline,0.9101993554684676,48,4,236,2,80,0,11,0,0,0,Big_1080p_60fps_20s
1908,0,p4x4,3,1.3381699574248425,0,8,1,-6,23.21909479916627,5:5,auto,0,322,0,dia,54,0,0,none,0,baseline,0.9101993554684676,48,4,236,2,80,0,11,0,0,0,Big_1080p_60fps_20s
1908,0,p8x8,3,1.3381699574248425,0,7,1,-6,23.21909479916627,5:5,auto,0,322,0,dia,54,0,0,none,1,baseline,0.9101993554684676,48,4,236,2,80,0,11,0,0,1,Big_1080p_60fps_20s
1908,0,all,3,1.3381699574248425,0,7,1,-6,23.21909479916627,5:5,auto,0,322,0,dia,54,0,0,none,0,baseline,0.9101993554684676,48,4,236,2,80,0,11,1,0,0,Big_1080p_60fps_20s
1354,0,none,1,0.0517809269619148,0,8,0,9,8.555659593858135,1:-1,spatial,1,174,3,dia,27,0,1,none,1,main,0.734870018166699,38,9,132,3,0,0,8,0,0,1,Big_1080p_60fps_20s
388,1,all,1,1.900260528898256,1,13,0,-3,18.463602316450057,2:2,auto,0,322,1,dia,35,1,1,none,0,baseline,0.5953676782928479,48,4,92,2,80,8,2,1,1,0,Big_1080p_60fps_20s
96,0,none,1,0.0517809269619148,0,5,0,7,20.60851486732971,-4:4,auto,0,392,2,umh,54,0,1,cbr,1,main,0.0311007961760659,37,18,28,7,21,9,12,0,0,0,Big_1080p_60fps_20s
96,0,none,1,0.0517809269619148,0,5,1,7,4.959411982839231,-4:4,auto,0,403,2,tesa,54,0,1,cbr,0,main,0.0311007961760659,37,12,28,7,21,9,12,0,0,0,Big_1080p_60fps_20s
96,0,none,1,0.0517809269619148,0,5,0,7,4.959411982839231,-4:4,auto,0,392,2,tesa,54,0,1,cbr,0,main,0.0311007961760659,37,18,28,7,21,9,12,0,1,0,Big_1080p_60fps_20s
96,0,none,1,1.2284413190883303,0,5,0,7,20.60851486732971,-4:4,auto,0,392,2,umh,54,0,1,cbr,1,main,0.0311007961760659,37,18,28,7,21,9,12,0,0,0,Big_1080p_60fps_20s
96,0,none,1,0.0517809269619148,0,5,0,7,4.959411982839231,-4:4,auto,0,392,2,tesa,54,0,1,cbr,0,main,0.0311007961760659,37,18,28,7,21,9,12,1,1,0,Big_1080p_60fps_20s
96,0,p8x8,1,1.2284413190883303,0,5,0,7,20.60851486732971,2:-2,auto,0,392,2,umh,54,0,1,cbr,1,main,0.0311007961760659,37,19,28,7,21,3,12,0,0,0,Big_1080p_60fps_20s
96,0,none,1,0.0517809269619148,1,5,0,7,4.959411982839231,-4:4,auto,0,237,2,tesa,54,0,1,cbr,0,main,0.0311007961760659,37,18,28,7,80,0,11,1,0,0,Big_1080p_60fps_20s
96,0,none,1,0.0517809269619148,0,5,0,7,4.959411982839231,3:3,auto,0,392,2,tesa,54,0,0,none,1,main,0.3644518743760119,48,16,132,3,65,0,8,0,0,1,Big_1080p_60fps_20s
96,0,none,1,0.0517809269619148,0,5,0,7,20.60851486732971,-4:4,auto,0,363,2,umh,54,0,1,vbr,1,main,0.0311007961760659,37,18,28,7,0,3,12,2,0,0,Big_1080p_60fps_20s
96,0,none,1,0.0517809269619148,0,5,0,7,4.959411982839231,0:0,auto,0,403,2,tesa,54,0,1,cbr,0,main,0.0311007961760659,37,12,28,2,21,9,12,0,0,0,Big_1080p_60fps_20s
1908,0,p4x4,3,0.7126078405938248,0,8,1,-6,23.21909479916627,5:5,auto,1,322,0,dia,54,0,0,none,0,baseline,0.9101993554684676,48,4,236,2,0,0,31,0,0,1,Big_1080p_60fps_20s
336,0,none,0,0.0912060476289293,1,7,0,-1,28.36323956231097,1:-1,spatial,1,174,3,dia,27,0,0,none,1,main,0.3644518743760119,20,16,132,3,65,0,8,0,0,1,Big_1080p_60fps_20s
336,0,p4x4,0,0.0912060476289293,1,7,0,9,28.36323956231097,1:-1,spatial,1,174,3,dia,27,0,0,none,1,main,0.734870018166699,20,16,132,2,0,3,8,0,0,1,Big_1080p_60fps_20s
76,0,none,0,0.0912060476289293,1,7,0,9,28.36323956231097,1:-1,spatial,1,174,3,dia,27,0,0,none,1,main,0.734870018166699,33,14,132,2,0,3,8,0,0,1,Big_1080p_60fps_20s
2233,1,none,1,1.3653973567571176,0,9,0,7,41.62378391495786,-3:3,none,0,98,4,umh,19,0,0,none,0,baseline,0.9859873526355616,22,14,240,2,76,11,8,2,0,2,Big_1080p_60fps_15s
1602,1,p4x4,0,0.2696951858659385,2,11,1,7,41.62378391495786,2:2,none,0,98,4,umh,19,0,0,none,0,baseline,0.9859873526355616,22,14,240,2,76,11,8,2,0,2,Big_1080p_60fps_15s
1042,1,none,3,1.3381699574248425,0,3,1,-6,23.21909479916627,5:5,auto,0,322,0,dia,54,0,1,none,0,baseline,0.2767843401906828,48,8,6,15,80,0,11,0,0,0,Big_1080p_60fps_15s
1042,1,none,3,1.3381699574248425,0,3,1,-6,23.21909479916627,5:5,auto,0,322,0,dia,54,0,1,none,0,main,0.2767843401906828,48,8,6,15,80,0,11,0,1,0,Big_1080p_60fps_15s
1908,0,p4x4,3,1.3381699574248425,1,8,1,-6,23.21909479916627,5:5,temporal,0,29,0,dia,54,1,0,none,0,baseline,0.9101993554684676,48,4,236,2,66,0,11,0,0,0,Big_1080p_60fps_15s
1908,0,p4x4,3,1.3381699574248425,0,8,1,-6,23.21909479916627,5:5,auto,0,322,0,dia,54,0,0,vbr,0,baseline,0.9101993554684676,48,6,236,2,80,0,11,0,0,0,Big_1080p_60fps_15s
1908,0,p4x4,3,1.3381699574248425,1,8,1,-6,32.12479386678222,5:5,temporal,0,29,0,dia,54,1,0,none,0,baseline,0.5669428058565998,48,4,236,2,66,0,11,0,0,0,Big_1080p_60fps_15s
1042,0,none,3,0.8694210481076649,0,14,1,-2,29.71403796292493,0:0,none,0,307,0,hex,49,1,0,none,0,baseline,0.835904787497133,31,0,236,2,80,0,11,2,0,0,Big_1080p_60fps_15s
1908,0,p4x4,3,1.3381699574248425,0,8,1,-6,23.21909479916627,5:5,none,0,147,0,dia,54,0,0,none,0,baseline,0.9101993554684676,48,6,236,2,80,0,11,0,0,0,Big_1080p_60fps_15s
1908,0,p4x4,3,1.3381699574248425,0,8,1,-6,23.21909479916627,5:5,auto,0,150,0,hex,54,1,0,none,0,baseline,0.9101993554684676,48,6,236,2,80,0,11,0,0,0,Big_1080p_60fps_15s
1908,0,all,3,1.3381699574248425,0,7,1,-6,23.21909479916627,5:5,auto,0,322,0,dia,54,0,0,none,0,baseline,0.9101993554684676,48,4,236,2,80,0,11,1,0,0,Big_1080p_60fps_15s
1908,0,p4x4,3,1.3381699574248425,0,8,1,-6,23.21909479916627,5:5,auto,0,322,0,dia,54,0,0,none,0,baseline,0.9101993554684676,48,4,236,2,80,0,11,0,0,0,Big_1080p_60fps_15s
1908,0,p8x8,3,1.3381699574248425,0,7,1,-6,23.21909479916627,5:5,auto,0,322,0,dia,54,0,0,none,1,baseline,0.9101993554684676,48,4,236,2,80,0,11,0,0,1,Big_1080p_60fps_15s
1025,0,none,3,0.8694210481076649,0,14,1,-2,29.71403796292493,0:0,none,0,307,0,hex,49,1,0,none,0,baseline,0.835904787497133,43,0,236,2,80,0,11,2,0,0,Big_1080p_60fps_15s
1908,0,p4x4,3,1.3381699574248425,1,8,1,-6,32.12479386678222,5:5,temporal,0,29,0,dia,54,1,0,none,0,baseline,0.2865540219455145,48,4,236,2,66,0,11,0,0,0,Big_1080p_60fps_15s
682,0,p4x4,3,1.3381699574248425,0,8,1,-6,23.21909479916627,5:5,auto,0,322,0,dia,54,0,0,vbr,0,baseline,0.9101993554684676,48,6,236,2,80,0,11,0,0,0,Big_1080p_60fps_15s
1908,1,p4x4,3,1.3381699574248425,0,8,1,-6,45.07898870469035,5:5,auto,0,322,0,hex,54,0,0,none,0,baseline,0.9101993554684676,48,4,236,2,80,0,11,0,0,0,Big_1080p_60fps_15s
96,0,none,1,0.0517809269619148,0,5,1,7,4.959411982839231,-4:4,auto,0,403,2,tesa,54,0,1,cbr,0,main,0.0311007961760659,37,12,28,7,21,9,12,0,0,0,Big_1080p_60fps_15s
96,0,none,1,0.0517809269619148,0,5,0,7,4.959411982839231,-4:4,auto,0,392,2,tesa,54,0,1,cbr,0,main,0.0311007961760659,37,18,28,7,21,9,12,0,1,0,Big_1080p_60fps_15s
96,0,none,1,1.2284413190883303,0,5,0,7,20.60851486732971,-4:4,auto,0,392,2,umh,54,0,1,cbr,1,main,0.0311007961760659,37,18,28,7,21,9,12,0,0,0,Big_1080p_60fps_15s
945,0,none,2,0.8694210481076649,0,14,1,-5,29.71403796292493,2:-2,auto,1,307,0,esa,49,1,0,vbr,0,high,0.835904787497133,50,0,236,2,80,1,12,0,0,0,Still_image_1080p_25fps_20s
945,0,none,2,0.8145269754488417,0,14,1,-5,29.71403796292493,2:-2,auto,1,187,0,esa,49,1,0,vbr,0,high,0.835904787497133,50,0,236,2,80,0,12,0,0,0,Still_image_1080p_25fps_20s
945,0,none,2,0.8694210481076649,0,14,1,-5,29.71403796292493,2:-2,auto,1,307,0,esa,35,1,0,vbr,0,high,0.835904787497133,50,0,236,2,80,1,12,0,0,0,Still_image_1080p_25fps_20s
76,0,none,1,0.1894575321054643,0,5,0,7,25.55640114156775,-4:4,auto,0,253,2,umh,54,0,1,cbr,1,main,0.0311007961760659,29,11,28,7,21,9,26,0,0,0,Still_image_1080p_25fps_20s
76,0,none,1,0.1894575321054643,0,5,0,-12,25.55640114156775,3:-3,auto,0,253,2,umh,54,0,1,cbr,0,main,0.0311007961760659,29,11,28,7,21,9,26,0,0,0,Still_image_1080p_25fps_20s
96,0,none,1,1.2284413190883303,0,5,0,7,20.60851486732971,-4:4,auto,0,392,2,umh,54,0,1,cbr,1,main,0.0311007961760659,37,18,28,7,21,9,12,0,0,0,Still_image_1080p_25fps_20s
96,0,none,1,0.0517809269619148,0,5,0,7,20.60851486732971,-4:4,auto,0,392,2,umh,54,0,1,cbr,1,main,0.0311007961760659,37,18,28,7,21,9,12,0,0,0,Still_image_1080p_25fps_20s
96,0,none,1,0.6732333918785517,0,5,0,7,20.60851486732971,-4:4,auto,0,392,2,dia,54,0,1,cbr,1,main,0.0311007961760659,37,18,28,7,21,1,12,0,0,0,Still_image_1080p_25fps_20s
76,0,none,1,0.1894575321054643,0,5,0,7,20.60851486732971,-4:4,auto,0,392,3,esa,54,0,1,cbr,1,main,0.0311007961760659,37,18,28,7,21,9,12,0,0,0,Still_image_1080p_25fps_20s
96,0,none,1,0.0517809269619148,0,5,0,7,20.60851486732971,-4:4,auto,0,392,2,umh,54,0,1,cbr,1,main,0.3913169521932242,37,10,28,7,21,9,12,0,0,0,Still_image_1080p_25fps_20s
96,0,none,1,0.6732333918785517,0,5,0,7,20.60851486732971,-4:4,auto,0,392,2,umh,54,0,1,cbr,1,main,0.0311007961760659,37,17,28,7,21,1,12,0,0,0,Still_image_1080p_25fps_20s
96,0,none,1,0.0517809269619148,0,9,0,7,20.60851486732971,-4:4,auto,0,392,2,umh,54,0,1,cbr,1,main,0.0311007961760659,37,18,28,15,80,0,11,1,0,0,Still_image_1080p_25fps_20s
96,0,none,1,0.9447292135339116,0,11,0,7,20.60851486732971,-4:4,auto,0,392,3,umh,54,0,1,none,0,main,0.0311007961760659,37,18,28,15,80,0,11,1,0,0,Still_image_1080p_25fps_20s
96,0,none,1,1.2284413190883303,0,5,0,7,20.60851486732971,-4:4,auto,0,253,2,umh,54,0,1,cbr,0,main,0.0311007961760659,29,14,28,10,21,9,8,0,0,0,Still_image_1080p_25fps_20s
96,0,none,3,0.6732333918785517,0,5,0,7,10.306110480273292,-4:4,auto,0,392,2,umh,54,0,1,cbr,1,main,0.0311007961760659,37,17,65,7,21,0,11,0,0,0,Still_image_1080p_25fps_20s
96,0,none,1,0.6732333918785517,0,5,0,7,20.60851486732971,-4:4,temporal,0,392,2,dia,54,0,1,cbr,0,main,0.0311007961760659,37,18,28,7,21,1,12,0,0,2,Still_image_1080p_25fps_20s
96,0,none,0,0.6732333918785517,0,5,0,7,20.60851486732971,-4:4,temporal,0,401,2,dia,38,0,1,cbr,0,main,0.0311007961760659,29,7,28,7,21,9,26,0,0,0,Still_image_1080p_25fps_20s
1908,0,p4x4,3,1.3381699574248425,0,8,1,-6,23.21909479916627,5:5,auto,0,322,0,dia,54,0,0,none,0,baseline,0.9101993554684676,48,4,236,2,80,0,11,0,0,0,Still_image_1080p_25fps_20s
1908,0,p4x4,3,1.3381699574248425,0,16,1,9,29.58495568862226,6:6,auto,0,322,0,dia,54,0,0,none,0,baseline,0.9101993554684676,48,6,182,2,80,0,11,0,0,0,Still_image_1080p_25fps_20s
1908,0,p4x4,3,1.3381699574248425,0,16,1,9,29.58495568862226,6:6,auto,0,322,0,dia,50,0,0,none,0,baseline,0.9101993554684676,48,6,236,2,80,0,11,0,0,0,Still_image_1080p_25fps_20s
1908,0,p4x4,3,1.3381699574248425,0,8,1,-6,23.21909479916627,5:5,auto,0,322,0,dia,54,0,0,none,0,baseline,0.9101993554684676,48,4,236,2,80,0,11,0,0,0,Still_image_1080p_60fps_20s
1434,0,all,1,0.6732333918785517,0,5,0,-12,25.55640114156775,3:-3,none,0,253,2,umh,54,0,1,cbr,0,main,0.4637050419846092,29,11,28,7,21,9,10,0,1,0,Still_image_1080p_60fps_20s
96,0,none,1,0.0517809269619148,0,9,0,11,20.60851486732971,-4:4,auto,1,392,2,umh,54,0,1,cbr,1,main,0.0732603363567141,37,18,28,15,21,1,12,0,0,0,Still_image_1080p_60fps_20s
96,0,none,1,0.8386707997446446,0,5,0,7,1.144230295749875,2:-2,auto,1,392,2,dia,54,0,1,cbr,1,high,0.0311007961760659,31,18,28,7,21,1,12,0,0,0,Still_image_1080p_60fps_20s
96,0,all,1,0.0517809269619148,0,5,0,7,20.60851486732971,-4:4,auto,0,392,2,dia,54,1,1,cbr,1,high,0.0311007961760659,31,18,28,7,21,1,12,0,1,0,Still_image_1080p_60fps_20s
1908,0,p4x4,3,1.3381699574248425,0,0,1,-6,23.21909479916627,5:5,auto,0,322,1,dia,35,1,0,none,0,baseline,0.5953676782928479,48,4,92,2,80,8,2,1,0,0,Still_image_1080p_60fps_20s
1908,0,p4x4,3,1.3381699574248425,0,8,1,-6,23.21909479916627,5:5,auto,0,322,0,dia,54,0,0,none,0,baseline,0.9101993554684676,48,4,236,9,80,0,11,0,0,0,Still_image_1080p_60fps_20s
1908,0,p4x4,0,1.3381699574248425,0,8,1,-6,23.21909479916627,5:5,auto,1,92,0,dia,54,0,0,none,0,baseline,0.9101993554684676,48,4,236,2,80,0,11,0,0,0,Still_image_1080p_60fps_20s
96,0,none,1,0.0517809269619148,0,5,0,7,20.60851486732971,-4:4,auto,0,392,2,umh,54,0,1,cbr,1,main,0.0311007961760659,37,18,28,7,21,9,12,0,0,0,Still_image_1080p_60fps_20s
76,0,none,1,0.1894575321054643,0,5,0,7,20.60851486732971,-4:4,auto,0,392,3,esa,54,0,1,cbr,1,main,0.0311007961760659,37,18,28,7,21,9,12,0,0,0,Still_image_1080p_60fps_20s
76,0,none,1,0.1894575321054643,0,5,0,-12,25.55640114156775,3:-3,auto,0,253,2,umh,54,0,1,cbr,0,main,0.0311007961760659,29,11,28,7,21,9,26,0,0,0,Still_image_1080p_60fps_20s
96,0,none,1,0.6732333918785517,0,5,0,7,20.60851486732971,-4:4,auto,0,392,2,dia,54,0,1,cbr,1,main,0.0311007961760659,37,18,28,7,21,1,12,0,0,0,Still_image_1080p_60fps_20s
96,0,none,1,0.0517809269619148,0,5,0,7,20.60851486732971,-4:4,auto,0,392,2,umh,54,0,1,cbr,1,main,0.3913169521932242,37,10,28,7,21,9,12,0,0,0,Still_image_1080p_60fps_20s
96,0,none,1,1.2284413190883303,0,5,0,7,20.60851486732971,-4:4,auto,0,392,2,umh,54,0,1,cbr,1,main,0.0311007961760659,37,18,28,7,21,9,12,0,0,0,Still_image_1080p_60fps_20s
76,0,none,1,0.1894575321054643,0,5,0,7,25.55640114156775,-4:4,auto,0,253,2,umh,54,0,1,cbr,1,main,0.0311007961760659,29,11,28,7,21,9,26,0,0,0,Still_image_1080p_60fps_20s
96,0,none,1,0.0517809269619148,0,9,0,7,20.60851486732971,-4:4,auto,0,392,2,umh,54,0,1,cbr,1,main,0.0311007961760659,37,18,28,15,80,0,11,1,0,0,Still_image_1080p_60fps_20s
96,0,none,1,0.6732333918785517,0,5,0,7,20.60851486732971,-4:4,auto,0,392,2,umh,54,0,1,cbr,1,main,0.0311007961760659,37,17,28,7,21,1,12,0,0,0,Still_image_1080p_60fps_20s
76,0,none,1,0.1894575321054643,0,5,0,7,20.60851486732971,-4:4,auto,0,392,2,umh,54,0,1,cbr,1,main,0.0311007961760659,37,17,28,7,21,1,12,0,0,1,Still_image_1080p_60fps_20s
96,0,none,1,0.6732333918785517,0,5,0,7,20.60851486732971,2:-2,auto,0,392,3,esa,54,0,1,cbr,1,main,0.0311007961760659,37,6,28,7,21,9,12,0,0,0,Still_image_1080p_60fps_20s
96,0,none,1,0.0517809269619148,0,5,0,7,20.60851486732971,-4:4,auto,0,392,2,umh,54,0,1,cbr,1,main,0.0311007961760659,37,17,28,7,21,1,12,1,0,0,Still_image_1080p_60fps_20s
1908,0,p8x8,2,1.3381699574248425,0,8,1,-5,23.21909479916627,5:5,auto,1,322,0,esa,54,0,0,none,0,baseline,0.9101993554684676,48,6,236,2,80,0,11,1,0,0,Big_480p_60fps_10s
1042,0,none,3,1.2641701432241856,0,14,1,4,29.71403796292493,5:5,temporal,1,29,0,dia,54,0,0,none,0,baseline,0.9101993554684676,48,6,236,2,80,0,11,0,0,1,Big_480p_60fps_10s
1042,0,none,3,1.2641701432241856,0,14,1,4,29.71403796292493,3:3,auto,1,322,0,esa,54,0,0,none,0,baseline,0.9101993554684676,48,6,236,2,7,0,11,1,0,0,Big_480p_60fps_10s
1042,0,none,3,1.2641701432241856,0,8,1,4,17.22442727178815,5:5,temporal,1,29,0,dia,54,0,0,none,0,baseline,0.9101993554684676,48,6,236,2,80,0,11,0,0,1,Big_480p_60fps_10s
1042,1,none,3,0.8694210481076649,0,14,1,-2,29.71403796292493,0:0,none,0,307,0,hex,49,1,0,none,0,baseline,0.835904787497133,31,0,236,2,46,0,11,2,0,0,Big_480p_60fps_10s
1042,1,none,3,0.8694210481076649,0,14,1,-2,29.71403796292493,0:0,none,0,307,0,hex,63,1,0,vbr,1,baseline,0.835904787497133,31,0,236,2,46,0,11,0,0,0,Big_480p_60fps_10s
1908,0,p4x4,3,1.3381699574248425,0,8,1,-6,23.21909479916627,5:5,none,0,147,0,dia,54,0,0,none,0,baseline,0.9101993554684676,48,6,236,2,80,0,11,0,0,0,Big_480p_60fps_10s
1908,0,p4x4,3,1.3381699574248425,0,8,1,-6,23.21909479916627,5:5,auto,0,322,0,dia,54,0,0,vbr,0,baseline,0.9101993554684676,48,6,236,2,80,0,11,0,0,0,Big_480p_60fps_10s
1908,0,p4x4,3,1.3381699574248425,0,8,1,-6,23.21909479916627,5:5,auto,0,150,0,hex,54,1,0,none,0,baseline,0.9101993554684676,48,6,236,2,80,0,11,0,0,0,Big_480p_60fps_10s
1908,0,p4x4,3,1.3381699574248425,1,8,1,-6,32.12479386678222,5:5,temporal,0,29,0,dia,54,1,0,none,0,baseline,0.5669428058565998,48,4,236,2,66,0,11,0,0,0,Big_480p_60fps_10s
1042,0,none,3,0.8694210481076649,0,14,1,-2,29.71403796292493,0:0,none,0,307,0,hex,49,1,0,none,0,baseline,0.835904787497133,31,0,236,2,80,0,11,2,0,0,Big_480p_60fps_10s
1908,0,p4x4,3,1.3381699574248425,1,8,1,-6,23.21909479916627,5:5,temporal,0,29,0,dia,54,1,0,none,0,baseline,0.9101993554684676,48,4,236,2,66,0,11,0,0,0,Big_480p_60fps_10s
1908,0,p8x8,2,1.3381699574248425,0,8,1,2,23.21909479916627,5:5,auto,0,322,0,umh,54,0,0,none,0,baseline,0.9101993554684676,48,6,236,2,80,0,11,0,0,0,Big_480p_60fps_10s
1908,0,p4x4,3,1.3381699574248425,0,8,1,-6,23.21909479916627,5:5,auto,0,322,0,dia,54,0,0,none,0,baseline,0.9101993554684676,48,6,236,2,80,0,11,0,0,0,Big_480p_60fps_10s
1908,0,p8x8,3,1.3381699574248425,0,7,1,-6,23.21909479916627,5:5,auto,0,322,0,dia,54,0,0,none,1,baseline,0.9101993554684676,48,4,236,2,80,0,11,0,0,1,Big_480p_60fps_10s
1908,0,p4x4,3,1.3381699574248425,0,8,1,-6,23.21909479916627,5:5,auto,0,322,0,dia,54,0,0,none,0,baseline,0.9101993554684676,48,4,236,2,80,0,11,0,0,0,Big_480p_60fps_10s
1908,0,p4x4,3,1.3381699574248425,0,8,1,-6,23.21909479916627,3:-3,auto,0,322,0,dia,54,0,0,vbr,0,baseline,0.9101993554684676,48,6,236,2,39,0,11,0,0,0,Big_480p_60fps_10s
1042,0,none,3,1.2641701432241856,1,14,1,-8,29.71403796292493,5:5,temporal,1,29,0,dia,54,0,0,none,0,baseline,0.9101993554684676,48,6,236,2,80,0,11,0,0,0,Big_480p_60fps_10s
1908,0,p4x4,3,1.3381699574248425,0,8,1,-6,23.21909479916627,5:5,auto,0,150,0,hex,54,1,0,none,0,baseline,0.9101993554684676,48,6,236,2,80,0,11,0,0,1,Big_480p_60fps_10s
1908,0,p4x4,3,1.3381699574248425,0,5,1,-6,23.21909479916627,5:5,auto,0,150,0,hex,54,1,0,none,0,baseline,0.9101993554684676,48,6,240,2,80,0,11,0,0,1,Big_480p_60fps_10s
1602,1,p4x4,0,0.2696951858659385,2,11,1,7,41.62378391495786,2:2,none,0,98,4,umh,19,0,0,none,0,baseline,0.9859873526355616,22,14,240,2,76,11,8,2,0,2,Still_image_720p_25fps_15s
2233,1,none,1,1.3653973567571176,0,9,0,7,41.62378391495786,-3:3,none,0,98,4,umh,19,0,0,none,0,baseline,0.9859873526355616,22,14,240,2,76,11,8,2,0,2,Still_image_720p_25fps_15s
2233,1,none,1,1.3653973567571176,0,0,0,7,41.62378391495786,-3:3,none,0,98,4,umh,19,0,0,none,0,baseline,0.9859873526355616,22,14,240,2,76,11,8,2,0,2,Still_image_720p_25fps_15s
1880,0,none,1,1.3381699574248425,0,0,1,-6,23.21909479916627,5:5,none,1,322,2,esa,35,0,0,cbr,0,baseline,0.5953676782928479,48,4,92,2,80,11,8,2,0,2,Still_image_720p_25fps_15s
2233,1,none,1,1.3653973567571176,1,9,0,7,41.62378391495786,-3:3,auto,0,98,4,umh,54,0,0,none,0,baseline,0.2767843401906828,48,13,6,15,80,0,30,0,0,0,Still_image_720p_25fps_15s
1880,0,none,1,1.3381699574248425,0,9,0,7,41.62378391495786,-3:3,auto,0,98,2,umh,54,0,1,none,0,baseline,0.2767843401906828,48,13,6,15,80,0,30,0,0,0,Still_image_720p_25fps_15s
1602,1,p4x4,2,0.2696951858659385,2,11,0,7,41.62378391495786,1:1,none,1,98,0,hex,4,1,0,none,1,baseline,0.1051971332562105,21,6,236,2,80,0,24,0,0,0,Still_image_720p_25fps_15s
810,1,p4x4,0,1.3381699574248425,0,8,1,-6,23.21909479916627,0:0,temporal,0,29,4,hex,4,1,0,none,1,baseline,0.1051971332562105,24,6,236,13,80,0,11,0,0,0,Still_image_720p_25fps_15s
1042,1,none,3,0.8694210481076649,0,14,1,-2,9.321228297970876,0:0,temporal,0,29,4,hex,4,1,0,none,1,baseline,0.1051971332562105,24,6,236,13,80,3,11,0,0,0,Still_image_720p_25fps_15s
1042,0,"p8x8,b8x8,i8x8,i4x4",3,0.8694210481076649,0,14,1,-2,23.21909479916627,0:0,temporal,0,29,4,hex,4,1,0,none,1,baseline,0.1051971332562105,24,6,236,13,80,0,11,0,0,0,Still_image_720p_25fps_15s
1042,0,none,3,0.8694210481076649,0,14,1,-2,29.71403796292493,0:0,none,0,307,0,hex,49,1,0,none,0,baseline,0.835904787497133,31,0,236,2,80,0,11,2,0,0,Still_image_720p_25fps_15s
1908,0,p4x4,3,1.3381699574248425,1,8,1,-6,32.12479386678222,5:5,temporal,0,29,0,dia,54,1,0,none,0,baseline,0.5669428058565998,48,4,236,2,66,0,11,0,0,0,Still_image_720p_25fps_15s
1908,0,p4x4,3,1.3381699574248425,0,8,1,-6,23.21909479916627,5:5,auto,0,150,0,hex,54,1,0,none,0,baseline,0.9101993554684676,48,6,236,2,80,0,11,0,0,0,Still_image_720p_25fps_15s
1908,0,p4x4,3,1.3381699574248425,0,8,1,-6,23.21909479916627,5:5,none,0,147,0,dia,54,0,0,none,0,baseline,0.9101993554684676,48,6,236,2,80,0,11,0,0,0,Still_image_720p_25fps_15s
1908,0,p4x4,3,1.3381699574248425,1,8,1,-6,23.21909479916627,5:5,temporal,0,29,0,dia,54,1,0,none,0,baseline,0.9101993554684676,48,4,236,2,66,0,11,0,0,0,Still_image_720p_25fps_15s
1908,0,p4x4,3,1.3381699574248425,0,8,1,-6,23.21909479916627,5:5,auto,0,322,0,dia,54,0,0,vbr,0,baseline,0.9101993554684676,48,6,236,2,80,0,11,0,0,0,Still_image_720p_25fps_15s
1908,0,p8x8,3,1.3381699574248425,1,8,1,-6,23.21909479916627,5:5,temporal,0,29,0,hex,4,1,0,none,1,baseline,0.1051971332562105,21,6,236,2,80,0,11,0,0,0,Still_image_720p_25fps_15s
1908,0,p4x4,3,1.3381699574248425,0,8,1,-6,23.21909479916627,5:5,auto,0,150,0,hex,54,1,0,none,0,baseline,0.2484028660119332,48,6,236,2,80,4,11,0,0,0,Still_image_720p_25fps_15s
1908,0,p8x8,3,1.3381699574248425,1,8,0,-6,23.21909479916627,5:5,auto,0,322,0,dia,54,0,0,vbr,0,baseline,0.9101993554684676,48,6,236,2,80,0,11,2,0,0,Still_image_720p_25fps_15s
1908,0,p4x4,3,1.3381699574248425,0,8,1,-6,23.21909479916627,5:5,none,0,163,0,dia,54,0,0,none,0,baseline,0.9101993554684676,48,6,236,2,80,0,11,0,0,0,Still_image_720p_25fps_15s
96,0,none,1,0.0517809269619148,0,8,1,-6,11.66327662283431,5:5,auto,0,32,4,dia,35,1,0,vbr,1,high,0.3316802394650799,46,5,5,8,12,8,46,1,1,1,Big_1080p_60fps_10s
96,0,none,2,1.565949306121068,0,5,1,7,20.60851486732971,-4:4,auto,0,55,2,esa,35,1,1,vbr,1,high,0.3316802394650799,46,5,154,8,12,8,46,1,1,1,Big_1080p_60fps_10s
96,1,none,1,0.0517809269619148,0,5,1,-6,11.66327662283431,5:5,auto,0,32,4,dia,35,1,0,vbr,1,high,0.3316802394650799,46,5,88,9,12,8,24,1,1,2,Big_1080p_60fps_10s
96,0,none,3,1.2284413190883303,2,5,1,-8,20.60851486732971,-4:4,auto,0,392,2,umh,54,0,1,cbr,1,main,0.0311007961760659,37,18,28,7,21,0,2,1,0,0,Big_1080p_60fps_10s
1908,0,p4x4,3,1.3381699574248425,0,8,1,-6,23.21909479916627,5:5,auto,0,322,0,dia,54,0,0,none,0,baseline,0.9101993554684676,48,4,236,2,80,0,11,0,0,0,Big_1080p_60fps_10s
1042,0,none,3,0.8694210481076649,0,14,1,-6,29.71403796292493,6:6,auto,0,322,0,dia,54,0,0,none,0,baseline,0.9101993554684676,25,8,236,4,80,0,11,0,0,0,Big_1080p_60fps_10s
96,0,none,1,0.0517809269619148,0,5,0,7,20.60851486732971,-4:4,auto,0,392,2,umh,54,0,1,cbr,1,main,0.0311007961760659,37,18,28,7,21,9,12,0,0,0,Big_1080p_60fps_10s
96,0,none,1,1.2284413190883303,0,5,0,7,20.60851486732971,-4:4,auto,0,392,2,umh,54,0,1,cbr,1,main,0.0311007961760659,37,18,28,7,21,9,12,0,0,0,Big_1080p_60fps_10s
96,0,none,1,0.0517809269619148,0,5,0,7,20.60851486732971,-4:4,auto,0,392,2,umh,54,0,1,cbr,1,main,0.0311007961760659,37,18,28,7,29,9,12,0,0,0,Big_1080p_60fps_10s
96,0,none,1,0.0517809269619148,0,13,0,7,20.60851486732971,-4:4,auto,0,392,2,umh,24,0,1,cbr,1,main,0.0311007961760659,37,12,28,10,21,3,12,0,0,0,Big_1080p_60fps_10s
96,0,none,3,0.0517809269619148,0,5,0,7,20.60851486732971,-4:4,auto,0,392,2,umh,54,0,1,cbr,0,main,0.0311007961760659,37,6,28,7,21,9,26,0,0,0,Big_1080p_60fps_10s
96,0,none,1,0.0517809269619148,0,5,0,7,20.60851486732971,-4:4,auto,0,392,2,esa,24,0,1,cbr,1,main,0.0311007961760659,37,12,28,10,21,3,12,0,0,0,Big_1080p_60fps_10s
96,0,none,1,1.565949306121068,0,5,0,7,20.60851486732971,-4:4,auto,0,392,2,umh,24,0,1,cbr,1,main,0.0311007961760659,37,12,28,10,21,3,12,0,0,0,Big_1080p_60fps_10s
96,0,none,1,1.2284413190883303,0,5,0,7,44.84795939735755,-4:4,auto,0,392,2,umh,54,0,1,cbr,1,main,0.0311007961760659,37,4,92,2,26,0,2,1,0,0,Big_1080p_60fps_10s
96,0,none,1,0.0517809269619148,0,5,0,7,20.60851486732971,1:-1,auto,0,392,2,esa,21,0,1,cbr,1,main,0.0311007961760659,37,12,28,5,21,9,3,0,0,0,Big_1080p_60fps_10s
96,1,none,1,0.0517809269619148,0,5,0,7,20.60851486732971,-4:4,auto,0,392,2,esa,24,0,1,none,0,baseline,0.5953676782928479,48,4,114,2,80,0,2,1,0,0,Big_1080p_60fps_10s
96,0,none,1,0.0517809269619148,0,5,0,7,20.60851486732971,1:-1,auto,0,392,2,esa,21,0,1,cbr,0,main,0.0311007961760659,37,12,28,5,21,9,3,0,0,0,Big_1080p_60fps_10s
96,0,none,1,0.0517809269619148,0,8,0,7,20.60851486732971,-4:4,none,0,392,2,esa,24,0,1,none,0,baseline,0.5953676782928479,48,4,114,2,80,0,2,1,0,0,Big_1080p_60fps_10s
96,0,none,1,0.0517809269619148,0,5,0,7,20.60851486732971,-4:4,auto,0,392,2,tesa,54,0,1,none,1,main,0.0311007961760659,37,18,28,7,29,9,1,0,0,0,Big_1080p_60fps_10s
1908,1,p4x4,3,1.0794022750892387,0,8,1,-6,23.21909479916627,6:6,auto,0,322,0,dia,54,0,0,none,0,baseline,0.9101993554684676,48,16,236,4,80,0,11,0,0,0,Big_1080p_60fps_10s
1908,1,p4x4,3,1.3381699574248425,1,8,1,-6,23.21909479916627,5:5,temporal,0,29,0,dia,54,1,0,none,0,baseline,0.9101993554684676,48,4,236,2,18,0,11,0,0,0,Big_480p_60fps_20s
96,0,none,1,0.0517809269619148,0,5,1,7,4.959411982839231,-4:4,auto,0,403,2,tesa,54,0,1,cbr,0,main,0.0311007961760659,37,12,28,7,21,9,12,0,0,0,Big_480p_60fps_20s
96,0,none,1,0.0517809269619148,0,5,0,7,20.60851486732971,-4:4,auto,0,392,2,umh,54,0,1,cbr,1,main,0.0311007961760659,37,18,28,7,21,9,12,0,0,0,Big_480p_60fps_20s
96,0,none,1,1.2284413190883303,0,5,0,7,20.60851486732971,-4:4,auto,0,392,2,umh,54,0,1,cbr,1,main,0.0311007961760659,37,18,28,7,21,9,12,0,0,0,Big_480p_60fps_20s
96,0,none,1,0.0517809269619148,0,5,0,7,4.959411982839231,-4:4,auto,0,392,2,tesa,54,0,1,cbr,0,main,0.0311007961760659,37,18,28,7,21,9,12,0,1,0,Big_480p_60fps_20s
96,0,none,1,0.0517809269619148,0,5,0,-5,7.315625481771221,-4:4,auto,0,392,2,tesa,54,0,1,cbr,0,main,0.4040200433312959,37,18,28,7,21,8,12,0,0,0,Big_480p_60fps_20s
96,0,none,1,0.0191168025844935,0,5,1,7,4.959411982839231,4:-4,temporal,0,403,2,tesa,4,0,1,cbr,0,main,0.0311007961760659,37,12,28,7,80,0,11,1,0,0,Big_480p_60fps_20s
1042,0,none,1,0.0517809269619148,0,5,1,9,4.959411982839231,-4:4,auto,0,403,2,tesa,54,0,1,cbr,0,high,0.0311007961760659,37,12,28,7,21,9,12,0,0,0,Big_480p_60fps_20s
96,0,none,1,1.2284413190883303,0,5,0,7,20.60851486732971,-4:4,auto,0,392,3,umh,54,0,1,cbr,1,main,0.0311007961760659,47,12,28,7,80,0,11,1,0,0,Big_480p_60fps_20s
1908,0,p4x4,3,1.3381699574248425,1,8,1,-6,32.12479386678222,5:5,temporal,0,29,0,dia,54,1,0,none,0,baseline,0.5669428058565998,48,4,236,2,66,0,11,0,0,0,Big_480p_60fps_20s
1908,0,p4x4,3,1.3381699574248425,0,8,1,-6,23.21909479916627,5:5,auto,0,150,0,hex,54,1,0,none,0,baseline,0.9101993554684676,48,6,236,2,80,0,11,0,0,0,Big_480p_60fps_20s
1908,0,p4x4,3,1.3381699574248425,1,8,1,-6,23.21909479916627,5:5,temporal,0,29,0,dia,54,1,0,none,0,baseline,0.9101993554684676,48,4,236,2,66,0,11,0,0,0,Big_480p_60fps_20s
1908,0,p4x4,3,1.3381699574248425,0,8,1,-6,23.21909479916627,5:5,auto,0,322,0,dia,54,0,0,vbr,0,baseline,0.9101993554684676,48,6,236,2,80,0,11,0,0,0,Big_480p_60fps_20s
1908,0,p4x4,3,1.3381699574248425,0,8,1,-6,23.21909479916627,5:5,none,0,147,0,dia,54,0,0,none,0,baseline,0.9101993554684676,48,6,236,2,80,0,11,0,0,0,Big_480p_60fps_20s
1042,0,none,3,0.8694210481076649,0,14,1,-2,29.71403796292493,0:0,none,0,307,0,hex,49,1,0,none,0,baseline,0.835904787497133,31,0,236,2,80,0,11,2,0,0,Big_480p_60fps_20s
1908,0,p8x8,3,1.3381699574248425,0,7,1,-6,23.21909479916627,5:5,auto,0,322,0,dia,54,0,0,none,1,baseline,0.9101993554684676,48,4,236,2,80,0,11,0,0,1,Big_480p_60fps_20s
1908,0,p4x4,3,1.3381699574248425,0,8,1,-6,23.21909479916627,5:5,auto,0,322,0,dia,54,0,0,none,0,baseline,0.9101993554684676,48,4,236,2,80,0,11,0,0,0,Big_480p_60fps_20s
1908,0,all,3,1.3381699574248425,0,7,1,-6,23.21909479916627,5:5,auto,0,322,0,dia,54,0,0,none,0,baseline,0.9101993554684676,48,4,236,2,80,0,11,1,0,0,Big_480p_60fps_20s
1908,0,p4x4,3,1.3381699574248425,0,8,1,-6,23.21909479916627,5:5,auto,0,322,0,dia,59,0,0,none,0,baseline,0.4504721654663253,48,4,236,2,80,0,11,0,0,0,Big_480p_60fps_20s
1908,0,p4x4,3,1.3381699574248425,1,8,1,-6,32.12479386678222,5:5,temporal,0,29,0,dia,54,0,0,none,0,baseline,0.5669428058565998,48,15,236,2,66,0,11,0,0,0,Big_480p_60fps_20s
388,1,all,1,1.900260528898256,1,13,0,-3,18.463602316450057,2:2,auto,0,322,1,dia,35,1,1,none,0,baseline,0.5953676782928479,48,4,92,2,80,8,2,1,1,0,Still_image_1080p_30fps_15s
653,0,p4x4,3,0.0216368373692458,0,8,1,-5,23.21909479916627,5:5,auto,0,150,0,hex,54,1,0,none,0,baseline,0.8685540781564082,48,6,236,2,88,0,11,0,0,0,Still_image_1080p_30fps_15s
1042,1,none,3,0.8694210481076649,0,14,1,-2,29.71403796292493,0:0,none,0,307,0,hex,49,1,0,none,0,baseline,0.835904787497133,31,0,236,2,46,0,11,2,0,0,Still_image_1080p_30fps_15s
1042,0,none,3,0.8694210481076649,0,13,1,-2,29.71403796292493,0:0,none,0,271,1,hex,24,1,0,none,0,baseline,0.9101993554684676,48,6,236,13,80,0,11,0,0,0,Still_image_1080p_30fps_15s
96,0,none,2,0.8694210481076649,0,13,1,-2,29.71403796292493,0:0,none,0,271,1,hex,24,1,0,none,0,baseline,0.9101993554684676,48,6,172,13,80,0,11,0,0,0,Still_image_1080p_30fps_15s
1042,0,none,3,0.8694210481076649,0,13,1,-2,29.71403796292493,0:0,none,0,271,1,hex,24,0,1,none,0,baseline,0.9101993554684676,48,15,236,13,80,0,58,1,0,0,Still_image_1080p_30fps_15s
388,1,all,1,1.900260528898256,1,3,0,-3,23.21909479916627,5:5,auto,0,322,0,dia,54,0,0,vbr,0,baseline,0.9101993554684676,48,6,236,2,80,0,11,0,0,1,Still_image_1080p_30fps_15s
96,0,none,1,1.2284413190883303,0,5,0,7,20.60851486732971,-4:4,auto,0,392,2,umh,54,0,1,cbr,1,main,0.0311007961760659,37,18,28,7,21,9,12,0,0,0,Still_image_1080p_30fps_15s
96,0,none,1,0.0517809269619148,0,5,0,7,20.60851486732971,-4:4,auto,0,392,2,umh,54,0,1,cbr,1,main,0.0311007961760659,37,18,28,7,21,9,12,0,0,0,Still_image_1080p_30fps_15s
96,0,none,1,0.0517809269619148,0,5,0,7,4.959411982839231,-4:4,auto,0,392,2,tesa,54,0,1,cbr,0,main,0.0311007961760659,37,18,28,7,21,9,12,0,1,0,Still_image_1080p_30fps_15s
96,0,none,1,0.0517809269619148,0,5,1,7,4.959411982839231,-4:4,auto,0,403,2,tesa,54,0,1,cbr,0,main,0.0311007961760659,37,12,28,7,21,9,12,0,0,0,Still_image_1080p_30fps_15s
96,0,none,1,0.0517809269619148,0,5,0,7,4.959411982839231,-4:4,auto,0,392,2,tesa,54,0,1,cbr,0,main,0.0311007961760659,37,18,28,7,21,9,12,1,1,0,Still_image_1080p_30fps_15s
1042,0,none,3,0.8694210481076649,0,5,1,7,16.027510464808156,-4:4,auto,0,403,3,tesa,54,0,1,cbr,0,main,0.0311007961760659,37,7,28,7,21,9,12,0,0,0,Still_image_1080p_30fps_15s
96,0,none,1,0.0517809269619148,0,5,1,7,4.959411982839231,-4:4,auto,0,403,2,tesa,54,0,1,cbr,0,main,0.0311007961760659,37,12,93,3,63,9,12,0,0,0,Still_image_1080p_30fps_15s
96,0,none,1,0.0517809269619148,0,5,0,7,4.959411982839231,-4:4,auto,0,392,1,tesa,54,0,1,none,0,baseline,0.9101993554684676,48,4,236,2,80,0,11,1,0,0,Still_image_1080p_30fps_15s
96,1,none,1,0.0517809269619148,0,6,0,7,4.959411982839231,-4:4,auto,0,392,1,tesa,22,0,1,none,0,baseline,0.9101993554684676,48,4,250,2,80,0,11,0,0,2,Still_image_1080p_30fps_15s
2359,0,none,1,0.0517809269619148,0,5,0,7,4.959411982839231,-4:4,auto,0,392,1,tesa,54,0,1,none,0,baseline,0.9101993554684676,48,4,236,2,80,5,11,1,0,1,Still_image_1080p_30fps_15s
96,0,none,1,0.0517809269619148,0,5,0,7,4.959411982839231,-4:4,auto,0,392,3,tesa,54,0,1,none,0,baseline,0.9101993554684676,48,4,236,2,80,0,11,1,0,2,Still_image_1080p_30fps_15s
96,0,none,1,1.9680592618204027,2,5,0,7,4.959411982839231,-4:4,auto,0,392,1,tesa,54,0,1,none,0,baseline,0.9101993554684676,48,4,82,2,25,0,11,0,0,0,Still_image_1080p_30fps_15s
96,0,none,1,1.2284413190883303,0,5,0,7,20.60851486732971,-4:4,auto,0,392,2,umh,54,0,1,cbr,1,main,0.0311007961760659,37,18,28,7,21,9,12,2,0,0,Still_image_1080p_30fps_15s
1908,0,p4x4,3,1.3381699574248425,1,8,1,-6,32.12479386678222,5:5,temporal,0,29,0,dia,54,1,0,none,0,baseline,0.5669428058565998,48,4,236,2,66,0,11,0,0,0,Standard_1080p_25fps_10s
1908,0,p4x4,3,1.3381699574248425,0,8,1,-6,23.21909479916627,5:5,auto,0,150,0,hex,54,1,0,none,0,baseline,0.9101993554684676,48,6,236,2,80,0,11,0,0,0,Standard_1080p_25fps_10s
1908,0,p4x4,3,1.3381699574248425,0,8,1,-6,23.21909479916627,5:5,none,0,147,0,dia,54,0,0,none,0,baseline,0.9101993554684676,48,6,236,2,80,0,11,0,0,0,Standard_1080p_25fps_10s
1908,0,p4x4,3,1.3381699574248425,0,8,1,-6,23.21909479916627,5:5,auto,0,322,0,dia,54,0,0,vbr,0,baseline,0.9101993554684676,48,6,236,2,80,0,11,0,0,0,Standard_1080p_25fps_10s
1042,0,none,3,0.8694210481076649,0,14,1,-2,29.71403796292493,0:0,none,0,307,0,hex,49,1,0,none,0,baseline,0.835904787497133,31,0,236,2,80,0,11,2,0,0,Standard_1080p_25fps_10s
1908,0,p4x4,3,1.3381699574248425,1,8,1,-6,23.21909479916627,5:5,temporal,0,29,0,dia,54,1,0,none,0,baseline,0.9101993554684676,48,4,236,2,66,0,11,0,0,0,Standard_1080p_25fps_10s
1908,0,p4x4,3,1.3381699574248425,0,8,1,-6,23.21909479916627,5:5,auto,0,322,0,dia,54,0,0,none,0,baseline,0.9101993554684676,48,4,236,2,80,0,11,0,0,0,Standard_1080p_25fps_10s
1908,0,p8x8,3,1.3381699574248425,0,7,1,-6,23.21909479916627,5:5,auto,0,322,0,dia,54,0,0,none,1,baseline,0.9101993554684676,48,4,236,2,80,0,11,0,0,1,Standard_1080p_25fps_10s
1908,0,p8x8,2,1.3381699574248425,0,8,1,2,23.21909479916627,5:5,auto,0,322,0,umh,54,0,0,none,0,baseline,0.9101993554684676,48,6,236,2,80,0,11,0,0,0,Standard_1080p_25fps_10s
1908,0,p8x8,2,1.3381699574248425,0,14,1,-5,23.21909479916627,5:5,auto,1,322,0,esa,54,0,0,none,0,baseline,0.0696687293150846,48,6,236,2,80,0,11,0,0,0,Standard_1080p_25fps_10s
1908,0,p8x8,2,1.3381699574248425,0,8,1,-5,23.21909479916627,5:5,auto,0,322,0,esa,54,0,0,none,0,baseline,0.9101993554684676,48,4,236,2,80,0,11,0,0,0,Standard_1080p_25fps_10s
1908,0,p4x4,3,1.3381699574248425,1,8,1,-6,23.21909479916627,5:5,temporal,0,29,0,dia,54,0,0,none,0,baseline,0.750699068664108,48,4,236,2,66,0,11,0,0,0,Standard_1080p_25fps_10s
1908,0,p8x8,3,1.3381699574248425,0,8,1,-6,23.21909479916627,5:5,temporal,0,29,1,dia,54,1,0,none,0,baseline,0.9101993554684676,48,4,236,2,66,0,11,2,0,0,Standard_1080p_25fps_10s
1908,0,p4x4,3,1.3381699574248425,0,8,1,-6,23.21909479916627,5:5,auto,0,111,0,dia,54,0,0,none,0,baseline,0.9101993554684676,48,4,236,2,66,0,11,0,0,0,Standard_1080p_25fps_10s
1908,0,p8x8,2,1.3381699574248425,0,8,1,-5,23.21909479916627,5:5,auto,0,322,0,esa,54,0,0,none,0,baseline,0.8291434617889587,48,4,236,2,80,0,11,0,0,0,Standard_1080p_25fps_10s
1908,0,p4x4,3,1.3381699574248425,1,12,1,-6,31.368506298574275,5:5,temporal,0,29,0,dia,54,1,0,none,0,baseline,0.9101993554684676,48,4,236,2,66,0,28,0,0,0,Standard_1080p_25fps_10s
1908,0,p8x8,2,1.3381699574248425,0,8,1,-5,23.21909479916627,5:5,temporal,0,322,0,esa,54,0,0,vbr,0,baseline,0.2557311119095869,20,4,236,9,80,0,11,0,0,0,Standard_1080p_25fps_10s
1908,0,p4x4,3,0.2889823163488238,0,8,1,-6,23.21909479916627,6:-6,auto,0,111,0,dia,54,0,0,none,0,baseline,0.9101993554684676,48,6,236,2,80,0,11,0,0,0,Standard_1080p_25fps_10s
1908,0,p8x8,3,1.3381699574248425,2,8,1,-6,23.21909479916627,5:5,none,0,147,0,dia,15,0,0,none,0,baseline,0.9101993554684676,48,4,236,2,66,11,11,0,0,0,Standard_1080p_25fps_10s
1908,0,p4x4,3,1.3381699574248425,0,14,1,-5,39.53417222423938,5:5,auto,1,322,0,esa,44,0,0,none,0,baseline,0.0696687293150846,48,6,236,2,80,0,11,0,0,0,Standard_1080p_25fps_10s
1908,0,p8x8,2,1.3381699574248425,0,8,1,-5,23.21909479916627,5:5,auto,1,322,0,esa,54,0,0,none,0,baseline,0.9101993554684676,48,6,236,2,80,0,11,1,0,0,Action_480p_25fps_15s
1908,0,p8x8,2,1.3381699574248425,0,8,1,-5,23.21909479916627,5:5,auto,1,322,0,esa,54,0,0,none,0,baseline,0.9101993554684676,41,19,236,2,80,0,11,0,0,1,Action_480p_25fps_15s
1042,1,none,3,1.3381699574248425,1,8,1,-6,32.12479386678222,5:5,temporal,0,89,0,dia,54,1,0,none,0,baseline,0.5669428058565998,31,4,236,2,66,0,13,1,0,0,Action_480p_25fps_15s
1908,0,p4x4,3,1.3381699574248425,0,8,1,-6,23.21909479916627,5:5,auto,0,150,0,hex,54,1,0,none,0,baseline,0.9101993554684676,48,6,236,2,80,0,11,0,0,0,Action_480p_25fps_15s
1908,0,p4x4,3,1.3381699574248425,0,8,1,-6,23.21909479916627,5:5,auto,0,322,0,dia,54,0,0,vbr,0,baseline,0.9101993554684676,48,6,236,2,80,0,11,0,0,0,Action_480p_25fps_15s
1908,0,p4x4,3,1.3381699574248425,1,8,1,-6,32.12479386678222,5:5,temporal,0,29,0,dia,54,1,0,none,0,baseline,0.5669428058565998,48,4,236,2,66,0,11,0,0,0,Action_480p_25fps_15s
1908,0,p4x4,3,1.3381699574248425,0,8,1,-6,23.21909479916627,5:5,none,0,147,0,dia,54,0,0,none,0,baseline,0.9101993554684676,48,6,236,2,80,0,11,0,0,0,Action_480p_25fps_15s
1908,0,p4x4,3,1.3381699574248425,0,8,1,-6,23.21909479916627,5:5,auto,0,322,0,dia,54,0,0,none,0,baseline,0.9101993554684676,48,4,236,2,80,0,11,0,0,0,Action_480p_25fps_15s
1042,0,none,3,0.8694210481076649,0,14,1,-2,29.71403796292493,0:0,none,0,307,0,hex,49,1,0,none,0,baseline,0.835904787497133,31,0,236,2,80,0,11,2,0,0,Action_480p_25fps_15s
1908,0,p4x4,3,1.3381699574248425,1,8,1,-6,23.21909479916627,5:5,temporal,0,29,0,dia,54,1,0,none,0,baseline,0.9101993554684676,48,4,236,2,66,0,11,0,0,0,Action_480p_25fps_15s
1908,0,p8x8,3,1.3381699574248425,0,7,1,-6,23.21909479916627,5:5,auto,0,322,0,dia,54,0,0,none,1,baseline,0.9101993554684676,48,4,236,2,80,0,11,0,0,1,Action_480p_25fps_15s
1908,0,p4x4,3,1.3381699574248425,0,8,1,-6,23.21909479916627,5:5,auto,0,322,0,dia,54,0,0,none,0,baseline,0.9101993554684676,48,6,236,2,80,0,11,0,0,0,Action_480p_25fps_15s
1908,0,p8x8,2,1.3381699574248425,0,8,1,2,23.21909479916627,5:5,auto,0,322,0,umh,54,0,0,none,0,baseline,0.9101993554684676,48,6,236,2,80,0,11,0,0,0,Action_480p_25fps_15s
1908,0,none,3,0.8694210481076649,0,14,1,-2,46.47469825634507,0:0,temporal,0,307,0,hex,49,1,0,none,0,baseline,0.835904787497133,31,0,236,2,80,0,11,2,0,0,Action_480p_25fps_15s
1908,0,none,3,0.8694210481076649,0,14,1,-2,46.47469825634507,0:0,temporal,0,307,0,hex,49,0,0,none,0,baseline,0.9101993554684676,48,6,93,2,80,0,11,1,0,0,Action_480p_25fps_15s
1908,0,p4x4,3,1.3381699574248425,0,8,1,-6,35.176320823697104,5:5,auto,0,150,0,hex,54,1,0,vbr,0,high,0.9101993554684676,48,6,236,2,80,0,11,0,0,0,Action_480p_25fps_15s
1908,0,p4x4,3,1.6299639871772544,0,8,1,-6,23.21909479916627,5:5,auto,0,385,0,dia,58,0,0,none,0,baseline,0.9101993554684676,48,4,212,2,80,0,11,0,0,0,Action_480p_25fps_15s
1908,0,none,3,1.4079478232753588,0,14,1,-2,46.47469825634507,0:0,temporal,0,307,0,hex,49,1,0,none,0,baseline,0.835904787497133,31,0,236,2,80,0,11,2,0,0,Action_480p_25fps_15s
1908,0,p8x8,2,1.3381699574248425,0,7,1,-5,23.21909479916627,5:5,auto,1,322,0,esa,54,0,0,none,0,baseline,0.9716942529762924,41,19,236,2,80,0,11,0,0,0,Action_480p_25fps_15s
1908,1,p8x8,3,0.257045666227102,1,8,1,-6,23.21909479916627,5:5,auto,0,322,0,hex,54,0,0,cbr,1,baseline,0.9101993554684676,48,4,236,2,80,0,11,2,0,1,Action_480p_25fps_15s
1908,0,p4x4,3,1.3381699574248425,0,8,1,-6,23.21909479916627,5:5,auto,0,322,0,dia,54,0,0,none,0,baseline,0.9101993554684676,48,4,236,2,80,0,11,0,0,0,Big_720p_25fps_20s
96,0,none,3,1.2284413190883303,2,5,1,-8,20.60851486732971,-4:4,auto,0,392,2,umh,54,0,1,cbr,1,main,0.0311007961760659,37,18,28,7,21,0,2,1,0,0,Big_720p_25fps_20s
1042,0,none,3,0.8694210481076649,0,14,1,-6,29.71403796292493,6:6,auto,0,322,0,dia,54,0,0,none,0,baseline,0.9101993554684676,25,8,236,4,80,0,11,0,0,0,Big_720p_25fps_20s
96,0,none,3,1.2284413190883303,1,5,1,-8,20.60851486732971,-4:4,auto,0,392,2,umh,54,1,1,cbr,1,baseline,0.0311007961760659,42,18,28,7,29,9,12,0,1,0,Big_720p_25fps_20s
96,0,none,3,1.2284413190883303,2,3,1,-8,29.73640679941657,0:0,auto,0,392,2,umh,54,0,1,cbr,1,main,0.0311007961760659,37,18,28,7,21,0,2,1,0,0,Big_720p_25fps_20s
96,0,none,3,1.2284413190883303,2,5,1,-8,20.60851486732971,-4:4,auto,0,392,2,umh,54,0,1,cbr,0,main,0.0311007961760659,37,18,28,7,21,0,2,1,0,0,Big_720p_25fps_20s
96,0,none,1,1.2284413190883303,0,5,1,7,20.60851486732971,-4:4,auto,0,392,2,umh,54,0,1,cbr,1,high,0.0311007961760659,37,11,28,7,21,1,12,0,0,0,Big_720p_25fps_20s
96,0,none,0,1.2284413190883303,2,3,1,-8,29.73640679941657,0:0,auto,0,392,2,umh,54,0,1,cbr,1,high,0.0311007961760659,37,18,28,7,21,1,7,2,0,0,Big_720p_25fps_20s
908,0,none,1,1.2284413190883303,0,5,1,7,20.60851486732971,-4:4,auto,0,392,2,umh,54,0,1,cbr,1,high,0.0311007961760659,37,11,28,7,21,1,12,0,0,0,Big_720p_25fps_20s
96,0,none,2,1.2284413190883303,0,5,0,7,20.60851486732971,-4:4,auto,0,392,2,umh,54,0,1,cbr,1,baseline,0.0311007961760659,37,11,28,7,21,4,12,0,0,0,Big_720p_25fps_20s
96,0,none,1,0.0517809269619148,0,5,0,7,20.60851486732971,-4:4,auto,0,392,2,umh,54,0,1,cbr,1,main,0.0311007961760659,37,18,28,7,21,9,12,0,0,0,Big_720p_25fps_20s
96,0,none,1,1.2284413190883303,0,5,0,7,20.60851486732971,-4:4,auto,0,392,2,umh,54,0,1,cbr,1,main,0.0311007961760659,37,18,28,7,21,9,12,0,0,0,Big_720p_25fps_20s
96,0,none,1,0.0517809269619148,0,13,0,7,20.60851486732971,-4:4,auto,0,392,2,umh,24,0,1,cbr,1,main,0.0311007961760659,37,12,28,10,21,3,12,0,0,0,Big_720p_25fps_20s
96,0,none,1,0.0517809269619148,0,5,0,7,20.60851486732971,-4:4,auto,0,392,2,umh,54,0,1,cbr,1,main,0.0311007961760659,37,18,28,7,29,9,12,0,0,0,Big_720p_25fps_20s
96,0,none,1,0.0517809269619148,0,5,0,7,20.60851486732971,-4:4,auto,0,392,2,esa,24,0,1,cbr,1,main,0.0311007961760659,37,12,28,10,21,3,12,0,0,0,Big_720p_25fps_20s
96,0,none,3,0.0517809269619148,0,5,0,7,20.60851486732971,-4:4,auto,0,392,2,umh,54,0,1,cbr,0,main,0.0311007961760659,37,6,28,7,21,9,26,0,0,0,Big_720p_25fps_20s
96,0,none,1,1.565949306121068,0,5,0,7,20.60851486732971,-4:4,auto,0,392,2,umh,24,0,1,cbr,1,main,0.0311007961760659,37,12,28,10,21,3,12,0,0,0,Big_720p_25fps_20s
96,0,none,3,0.0517809269619148,0,5,0,7,20.60851486732971,-4:4,auto,0,392,2,umh,54,0,1,cbr,1,main,0.0311007961760659,37,18,28,7,21,0,2,1,0,0,Big_720p_25fps_20s
96,0,none,1,0.0517809269619148,0,5,0,7,20.60851486732971,-4:4,auto,0,392,2,tesa,24,0,1,cbr,1,baseline,0.0311007961760659,37,12,28,10,21,3,12,0,0,0,Big_720p_25fps_20s
96,0,none,1,0.0517809269619148,0,13,0,7,20.60851486732971,-4:4,auto,0,392,1,umh,24,0,1,cbr,0,main,0.3316802394650799,46,8,5,11,48,3,9,1,0,2,Big_720p_25fps_20s
1908,1,p4x4,3,1.3381699574248425,1,8,1,-6,23.21909479916627,5:5,temporal,0,29,0,dia,54,1,0,none,0,baseline,0.9101993554684676,48,4,236,2,18,0,11,0,0,0,Still_image_480p_25fps_10s
1908,0,p4x4,3,1.3381699574248425,1,8,1,-6,32.12479386678222,5:5,temporal,0,29,0,dia,54,1,0,none,0,baseline,0.5669428058565998,48,4,236,2,66,0,11,0,0,0,Still_image_480p_25fps_10s
1042,0,none,3,0.8694210481076649,0,14,1,-2,29.71403796292493,0:0,none,0,307,0,hex,49,1,0,none,0,baseline,0.835904787497133,31,0,236,2,80,0,11,2,0,0,Still_image_480p_25fps_10s
1908,0,p4x4,3,1.3381699574248425,0,8,1,-6,23.21909479916627,5:5,auto,0,322,0,dia,54,0,0,vbr,0,baseline,0.9101993554684676,48,6,236,2,80,0,11,0,0,0,Still_image_480p_25fps_10s
1908,0,p4x4,3,1.3381699574248425,1,8,1,-6,23.21909479916627,5:5,temporal,0,29,0,dia,54,1,0,none,0,baseline,0.9101993554684676,48,4,236,2,66,0,11,0,0,0,Still_image_480p_25fps_10s
1908,0,p4x4,3,1.3381699574248425,0,8,1,-6,23.21909479916627,5:5,none,0,147,0,dia,54,0,0,none,0,baseline,0.9101993554684676,48,6,236,2,80,0,11,0,0,0,Still_image_480p_25fps_10s
1908,0,p8x8,2,1.3381699574248425,0,8,1,2,23.21909479916627,5:5,auto,0,322,0,umh,54,0,0,none,0,baseline,0.9101993554684676,48,6,236,2,80,0,11,0,0,0,Still_image_480p_25fps_10s
1908,0,p4x4,3,1.3381699574248425,0,8,1,-6,23.21909479916627,5:5,auto,0,150,0,hex,54,1,0,none,0,baseline,0.9101993554684676,48,6,236,2,80,0,11,0,0,0,Still_image_480p_25fps_10s
1908,0,p4x4,3,1.3381699574248425,0,8,1,-6,23.21909479916627,5:5,auto,0,322,0,dia,54,0,0,none,0,baseline,0.9101993554684676,48,4,236,2,80,0,11,0,0,0,Still_image_480p_25fps_10s
1908,0,p8x8,2,1.3381699574248425,0,14,1,-5,23.21909479916627,5:5,auto,1,322,0,esa,54,0,0,none,0,baseline,0.0696687293150846,48,6,236,2,80,0,11,0,0,0,Still_image_480p_25fps_10s
1908,0,p8x8,3,1.3381699574248425,0,7,1,-6,23.21909479916627,5:5,auto,0,322,0,dia,54,0,0,none,1,baseline,0.9101993554684676,48,4,236,2,80,0,11,0,0,1,Still_image_480p_25fps_10s
1908,0,p4x4,3,1.3381699574248425,1,8,1,-6,32.12479386678222,5:5,temporal,0,29,0,dia,54,1,0,none,0,baseline,0.5669428058565998,48,4,236,4,66,0,11,0,0,0,Still_image_480p_25fps_10s
96,0,p8x8,1,1.3381699574248425,0,8,1,2,23.21909479916627,5:5,temporal,0,147,0,dia,54,1,0,vbr,0,baseline,0.9101993554684676,30,6,236,2,64,1,11,0,0,0,Still_image_480p_25fps_10s
1908,0,p4x4,3,1.3381699574248425,1,8,1,-6,23.21909479916627,5:5,temporal,0,29,0,dia,54,1,0,none,0,baseline,0.9101993554684676,41,14,236,2,66,0,11,0,0,0,Still_image_480p_25fps_10s
1908,0,p8x8,2,1.3381699574248425,0,8,1,-6,23.21909479916627,5:5,auto,0,150,0,hex,54,1,0,none,0,baseline,0.9101993554684676,48,6,236,2,80,0,11,0,0,0,Still_image_480p_25fps_10s
1908,0,p4x4,3,1.3381699574248425,0,8,1,2,23.21909479916627,5:5,auto,0,322,0,umh,54,0,0,none,0,baseline,0.1553122581769298,48,6,236,2,80,0,11,0,0,0,Still_image_480p_25fps_10s
2159,0,p8x8,1,1.3381699574248425,0,8,1,2,23.21909479916627,5:5,temporal,0,478,0,dia,54,1,0,vbr,0,baseline,0.9101993554684676,30,6,236,2,71,0,11,0,0,0,Still_image_480p_25fps_10s
1908,0,p4x4,3,1.3381699574248425,0,8,1,-6,23.21909479916627,5:5,auto,0,150,0,hex,54,1,0,none,0,baseline,0.3870412683698621,48,19,236,2,80,0,12,0,0,0,Still_image_480p_25fps_10s
1315,0,all,3,1.3381699574248425,1,10,1,-6,23.21909479916627,5:5,temporal,0,29,0,dia,54,0,0,vbr,1,baseline,0.9101993554684676,48,6,236,2,80,0,11,0,0,0,Still_image_480p_25fps_10s
2233,1,none,1,1.3653973567571176,1,9,0,7,41.62378391495786,-3:3,auto,0,98,4,umh,54,0,0,none,0,baseline,0.2767843401906828,48,13,6,15,80,0,30,0,0,0,Still_image_480p_25fps_10s
2233,1,none,1,1.3653973567571176,2,9,0,7,41.62378391495786,-3:3,none,1,147,0,dia,54,0,0,none,0,baseline,0.7513967958546086,41,6,236,2,80,0,11,2,0,0,Action_1080p_25fps_5s
388,1,all,1,1.900260528898256,1,3,0,-3,23.21909479916627,5:5,auto,0,322,0,dia,54,0,0,vbr,0,baseline,0.9101993554684676,48,6,236,2,80,0,11,0,0,1,Action_1080p_25fps_5s
1071,1,all,1,1.900260528898256,1,3,0,4,23.21909479916627,5:5,auto,0,322,0,dia,54,0,0,vbr,0,baseline,0.9101993554684676,48,6,236,4,48,0,11,2,1,1,Action_1080p_25fps_5s
388,1,all,1,1.900260528898256,1,3,0,-3,23.21909479916627,5:5,auto,0,322,0,dia,54,0,0,vbr,0,baseline,0.9101993554684676,48,6,236,2,88,0,11,0,0,0,Action_1080p_25fps_5s
388,1,all,1,1.900260528898256,2,3,1,-3,23.21909479916627,5:5,auto,0,322,0,dia,54,0,0,vbr,0,baseline,0.9101993554684676,29,6,236,2,80,0,11,0,0,0,Action_1080p_25fps_5s
388,1,all,1,1.900260528898256,2,3,0,-3,23.21909479916627,5:5,auto,0,322,0,dia,54,0,0,vbr,0,baseline,0.9101993554684676,48,6,212,2,80,0,11,0,0,1,Action_1080p_25fps_5s
653,0,p4x4,1,0.0216368373692458,0,8,1,-5,23.21909479916627,2:-2,auto,0,150,0,hex,54,0,0,none,0,baseline,0.6407411631595799,48,9,236,2,15,0,11,0,0,2,Action_1080p_25fps_5s
1042,1,none,0,0.8694210481076649,0,14,1,-2,29.71403796292493,-1:1,spatial,0,78,0,dia,54,0,0,vbr,0,baseline,0.9101993554684676,48,6,236,2,80,0,11,0,0,0,Action_1080p_25fps_5s
1042,0,none,1,0.8694210481076649,0,14,1,-1,29.71403796292493,0:0,none,0,307,0,hex,49,1,0,none,0,baseline,0.9101993554684676,48,6,236,2,80,0,11,0,0,1,Action_1080p_25fps_5s
1042,0,none,0,0.8694210481076649,0,14,1,-6,29.71403796292493,0:0,none,0,307,0,hex,49,1,0,none,0,baseline,0.7513967958546086,46,6,35,2,80,0,11,2,0,2,Action_1080p_25fps_5s
96,0,none,2,0.8694210481076649,0,13,1,-2,18.70829447661428,2:2,auto,0,150,0,hex,54,1,0,none,0,baseline,0.6407411631595799,48,9,236,2,15,0,11,0,0,2,Action_1080p_25fps_5s
1071,1,all,2,1.900260528898256,0,14,1,-2,29.71403796292493,-1:1,spatial,1,13,0,dia,54,0,0,cbr,0,baseline,0.9101993554684676,48,6,236,2,96,0,11,0,0,2,Action_1080p_25fps_5s
1042,0,none,0,0.8694210481076649,0,6,1,-6,29.71403796292493,0:0,none,0,307,0,dia,54,0,0,vbr,0,baseline,0.9101993554684676,48,6,14,2,88,0,11,0,0,0,Action_1080p_25fps_5s
653,0,p4x4,3,0.0216368373692458,0,8,1,-5,23.21909479916627,5:5,auto,0,150,0,hex,54,1,0,none,0,baseline,0.8685540781564082,48,6,236,2,88,0,11,0,0,0,Action_1080p_25fps_5s
1042,0,none,3,0.8694210481076649,0,13,1,-2,29.71403796292493,0:0,none,0,271,1,hex,24,1,0,none,0,baseline,0.9101993554684676,48,6,236,13,80,0,11,0,0,0,Action_1080p_25fps_5s
1042,1,none,3,0.8694210481076649,0,14,1,-2,29.71403796292493,0:0,none,0,307,0,hex,49,1,0,none,0,baseline,0.835904787497133,31,0,236,2,46,0,11,2,0,0,Action_1080p_25fps_5s
96,0,none,2,0.8694210481076649,0,13,1,-2,29.71403796292493,0:0,none,0,271,1,hex,24,1,0,none,0,baseline,0.9101993554684676,48,6,172,13,80,0,11,0,0,0,Action_1080p_25fps_5s
653,1,p4x4,3,0.0216368373692458,0,8,1,-6,23.21909479916627,5:5,auto,0,150,0,hex,54,1,0,none,0,baseline,0.8685540781564082,48,6,236,15,46,0,11,2,0,0,Action_1080p_25fps_5s
2233,1,none,1,1.3653973567571176,0,9,0,7,41.62378391495786,-3:3,none,0,98,4,umh,19,0,0,none,0,baseline,0.9859873526355616,22,14,240,2,76,11,8,2,0,2,Action_1080p_25fps_5s
1602,1,p4x4,0,0.2696951858659385,2,11,1,7,41.62378391495786,2:2,none,0,98,4,umh,19,0,0,none,0,baseline,0.9859873526355616,22,14,240,2,76,11,8,2,0,2,Action_1080p_25fps_5s
1042,1,none,3,0.8694210481076649,0,14,1,-2,29.71403796292493,0:0,none,0,307,0,hex,49,1,0,none,0,baseline,0.835904787497133,31,0,236,2,46,0,11,2,0,0,Standard_480p_60fps_5s
1042,1,none,3,0.8694210481076649,0,14,1,-2,29.71403796292493,0:0,none,0,307,0,hex,63,1,0,vbr,1,baseline,0.835904787497133,31,0,236,2,46,0,11,0,0,0,Standard_480p_60fps_5s
1042,1,none,3,0.8694210481076649,0,14,1,-2,29.71403796292493,0:0,none,0,307,0,hex,49,1,0,none,1,baseline,0.835904787497133,31,0,236,2,46,0,11,0,0,0,Standard_480p_60fps_5s
1042,1,none,3,0.8694210481076649,0,14,1,-2,29.71403796292493,6:6,none,0,307,0,hex,55,1,0,none,1,baseline,0.835904787497133,42,0,236,5,46,0,11,0,0,0,Standard_480p_60fps_5s
1042,1,none,2,0.8694210481076649,0,14,1,-2,29.71403796292493,0:0,none,0,307,0,hex,63,1,0,vbr,1,baseline,0.835904787497133,31,1,236,13,46,0,11,0,0,0,Standard_480p_60fps_5s
1042,1,none,2,0.8694210481076649,0,14,1,-2,29.71403796292493,0:0,none,0,307,4,hex,63,1,0,vbr,1,baseline,0.835904787497133,31,3,236,2,80,0,11,0,0,1,Standard_480p_60fps_5s
1042,1,none,3,0.8694210481076649,2,14,1,-2,29.71403796292493,0:0,none,0,307,0,hex,63,1,0,vbr,1,baseline,0.835904787497133,28,15,236,13,46,0,11,0,0,0,Standard_480p_60fps_5s
1908,1,p4x4,3,1.3381699574248425,1,8,1,-6,23.21909479916627,5:5,temporal,0,29,0,dia,54,1,0,none,0,baseline,0.9101993554684676,48,4,236,2,18,0,11,0,0,0,Standard_480p_60fps_5s
1908,1,p4x4,3,1.3381699574248425,1,8,1,-6,49.76126262687836,5:5,temporal,0,29,0,dia,54,1,0,none,0,baseline,0.9101993554684676,48,3,236,2,80,0,11,0,0,1,Standard_480p_60fps_5s
1908,1,p4x4,3,1.3381699574248425,0,8,1,-6,23.21909479916627,5:5,temporal,0,29,0,dia,54,1,0,none,0,baseline,0.9101993554684676,22,4,236,2,18,0,11,2,0,2,Standard_480p_60fps_5s
1042,0,none,3,1.2641701432241856,0,14,1,4,29.71403796292493,5:5,temporal,1,29,0,dia,54,0,0,none,0,baseline,0.9101993554684676,48,6,236,2,80,0,11,0,0,1,Standard_480p_60fps_5s
1042,0,none,3,1.2641701432241856,0,8,1,4,17.22442727178815,5:5,temporal,1,29,0,dia,54,0,0,none,0,baseline,0.9101993554684676,48,6,236,2,80,0,11,0,0,1,Standard_480p_60fps_5s
1042,0,none,3,1.2641701432241856,0,14,1,4,29.71403796292493,3:3,auto,1,322,0,esa,54,0,0,none,0,baseline,0.9101993554684676,48,6,236,2,7,0,11,1,0,0,Standard_480p_60fps_5s
1378,0,none,3,1.2641701432241856,0,14,1,4,29.71403796292493,5:5,temporal,1,29,0,dia,54,0,0,none,0,baseline,0.9101993554684676,48,6,236,2,80,0,11,0,0,1,Standard_480p_60fps_5s
2245,0,none,3,1.2641701432241856,0,14,1,-7,29.71403796292493,5:5,temporal,1,29,0,dia,20,1,0,none,0,baseline,0.9101993554684676,48,6,236,2,4,0,11,0,0,1,Standard_480p_60fps_5s
2233,1,none,1,1.3653973567571176,0,9,0,7,41.62378391495786,-3:3,none,0,98,4,umh,19,0,0,none,0,baseline,0.9859873526355616,22,14,240,2,76,11,8,2,0,2,Standard_480p_60fps_5s
1602,1,p4x4,0,0.2696951858659385,2,11,1,7,41.62378391495786,2:2,none,0,98,4,umh,19,0,0,none,0,baseline,0.9859873526355616,22,14,240,2,76,11,8,2,0,2,Standard_480p_60fps_5s
1908,0,p4x4,3,1.3381699574248425,0,8,1,-6,23.21909479916627,5:5,auto,0,322,0,dia,54,0,0,vbr,0,baseline,0.9101993554684676,48,6,236,2,80,0,11,0,0,0,Standard_480p_60fps_5s
1908,0,p4x4,3,1.3381699574248425,0,8,1,-6,23.21909479916627,5:5,none,0,147,0,dia,54,0,0,none,0,baseline,0.9101993554684676,48,6,236,2,80,0,11,0,0,0,Standard_480p_60fps_5s
1908,0,p4x4,3,1.3381699574248425,0,8,1,-6,23.21909479916627,5:5,auto,0,150,0,hex,54,1,0,none,0,baseline,0.9101993554684676,48,6,236,2,80,0,11,0,0,0,Standard_480p_60fps_5s
1602,1,p4x4,0,0.2696951858659385,2,11,1,7,41.62378391495786,2:2,none,0,98,4,umh,19,0,0,none,0,baseline,0.9859873526355616,22,14,240,2,76,11,8,2,0,2,Standard_1080p_30fps_10s
2233,1,none,1,1.3653973567571176,0,9,0,7,41.62378391495786,-3:3,none,0,98,4,umh,19,0,0,none,0,baseline,0.9859873526355616,22,14,240,2,76,11,8,2,0,2,Standard_1080p_30fps_10s
2233,1,none,1,1.3653973567571176,0,0,0,7,41.62378391495786,-3:3,none,0,98,4,umh,19,0,0,none,0,baseline,0.9859873526355616,22,14,240,2,76,11,8,2,0,2,Standard_1080p_30fps_10s
2233,1,p4x4,1,1.3653973567571176,1,12,0,7,25.323031479078928,2:2,none,0,98,4,umh,38,0,0,cbr,0,baseline,0.9859873526355616,22,14,240,2,76,11,8,2,0,2,Standard_1080p_30fps_10s
810,1,p4x4,0,1.3381699574248425,0,8,1,-6,23.21909479916627,0:0,temporal,0,29,4,hex,4,1,0,none,1,baseline,0.1051971332562105,24,6,236,13,80,0,11,0,0,0,Standard_1080p_30fps_10s
1602,1,p4x4,2,0.2696951858659385,2,11,0,7,41.62378391495786,1:1,none,1,98,0,hex,4,1,0,none,1,baseline,0.1051971332562105,21,6,236,2,80,0,24,0,0,0,Standard_1080p_30fps_10s
1042,0,"p8x8,b8x8,i8x8,i4x4",3,0.8694210481076649,0,14,1,-2,23.21909479916627,0:0,temporal,0,29,4,hex,4,1,0,none,1,baseline,0.1051971332562105,24,6,236,13,80,0,11,0,0,0,Standard_1080p_30fps_10s
1042,1,none,3,0.8694210481076649,0,14,1,-2,9.321228297970876,0:0,temporal,0,29,4,hex,4,1,0,none,1,baseline,0.1051971332562105,24,6,236,13,80,3,11,0,0,0,Standard_1080p_30fps_10s
1042,1,"p8x8,b8x8,i8x8,i4x4",3,0.8694210481076649,0,14,1,-2,23.21909479916627,0:0,temporal,0,29,4,hex,4,1,0,none,1,baseline,0.1051971332562105,24,6,236,14,21,1,12,0,0,0,Standard_1080p_30fps_10s
2233,1,none,0,0.8694210481076649,0,14,1,-2,9.321228297970876,0:0,temporal,1,29,4,hex,31,1,0,none,1,baseline,0.1051971332562105,24,6,236,13,80,3,11,0,0,0,Standard_1080p_30fps_10s
1602,1,p4x4,0,1.3381699574248425,0,8,1,-1,23.21909479916627,0:0,temporal,0,29,4,hex,4,1,0,none,1,baseline,0.1051971332562105,24,6,236,13,80,0,11,0,0,0,Standard_1080p_30fps_10s
1602,1,"p8x8,b8x8,i8x8,i4x4",3,0.8694210481076649,1,14,1,-2,23.21909479916627,0:0,temporal,0,29,4,hex,4,1,0,none,1,baseline,0.1051971332562105,24,6,236,14,21,1,12,0,0,0,Standard_1080p_30fps_10s
2233,1,none,0,0.0077114428137012,0,14,1,4,9.321228297970876,1:-1,temporal,1,29,4,hex,31,1,0,none,1,baseline,0.1051971332562105,24,6,236,2,80,0,58,0,0,0,Standard_1080p_30fps_10s
1042,1,all,3,0.8694210481076649,2,14,1,-2,9.321228297970876,0:0,temporal,0,29,4,hex,4,1,0,none,1,baseline,0.1051971332562105,24,6,236,13,33,3,11,0,0,0,Standard_1080p_30fps_10s
1602,1,p4x4,0,0.2696951858659385,2,11,1,7,41.62378391495786,2:2,none,0,29,4,hex,35,1,0,none,0,baseline,0.1051971332562105,24,6,236,14,21,1,12,0,1,0,Standard_1080p_30fps_10s
945,0,none,2,0.8694210481076649,0,14,1,-5,29.71403796292493,2:-2,auto,1,307,0,esa,35,1,0,vbr,0,high,0.835904787497133,50,0,236,2,80,1,12,0,0,0,Standard_1080p_30fps_10s
945,0,none,2,0.8145269754488417,0,14,1,-5,29.71403796292493,2:-2,auto,1,187,0,esa,49,1,0,vbr,0,high,0.835904787497133,50,0,236,2,80,0,12,0,0,0,Standard_1080p_30fps_10s
945,0,none,2,0.8694210481076649,0,14,1,-5,29.71403796292493,2:-2,auto,1,307,0,esa,49,1,0,vbr,0,high,0.835904787497133,50,0,236,2,80,1,12,0,0,0,Standard_1080p_30fps_10s
1042,1,none,3,0.8694210481076649,1,14,1,-2,9.321228297970876,0:0,temporal,0,29,4,hex,4,0,0,none,1,baseline,0.1051971332562105,20,14,240,2,76,11,8,1,0,2,Standard_1080p_30fps_10s
2233,1,none,1,1.3653973567571176,1,9,0,7,41.62378391495786,-3:3,auto,0,407,4,umh,54,0,0,none,0,baseline,0.2767843401906828,48,13,5,15,80,0,30,0,1,2,Standard_1080p_30fps_10s
1908,0,p4x4,3,1.3381699574248425,0,8,1,-6,23.21909479916627,5:5,auto,0,322,0,dia,54,0,0,none,0,baseline,0.9101993554684676,48,4,236,2,80,0,11,0,0,0,Action_480p_30fps_20s
1908,0,p4x4,3,1.3381699574248425,0,16,1,9,29.58495568862226,6:6,auto,0,322,0,dia,50,0,0,none,0,baseline,0.9101993554684676,48,6,236,2,80,0,11,0,0,0,Action_480p_30fps_20s
1908,0,p4x4,3,1.3381699574248425,0,16,1,9,29.58495568862226,6:6,auto,0,322,0,dia,54,0,0,none,0,baseline,0.9101993554684676,48,6,182,2,80,0,11,0,0,0,Action_480p_30fps_20s
821,0,none,3,0.8694210481076649,0,14,1,-2,40.60407095519528,5:5,auto,0,322,0,dia,54,0,0,none,0,baseline,0.9101993554684676,48,4,182,2,80,0,11,0,0,0,Action_480p_30fps_20s
1908,0,p4x4,3,1.3381699574248425,0,16,1,9,29.58495568862226,6:6,none,1,100,0,dia,50,0,0,none,0,baseline,0.432336974349697,48,4,182,2,80,0,11,0,0,0,Action_480p_30fps_20s
1908,0,p4x4,3,1.3381699574248425,0,16,1,9,29.58495568862226,6:6,none,0,98,3,umh,19,0,0,vbr,0,baseline,0.9859873526355616,29,14,240,2,80,6,2,2,0,0,Action_480p_30fps_20s
821,0,none,3,0.8694210481076649,0,14,1,1,40.60407095519528,5:5,auto,0,322,0,dia,54,0,0,none,0,baseline,0.9101993554684676,48,6,182,2,80,0,11,0,0,0,Action_480p_30fps_20s
1908,0,p4x4,3,1.3381699574248425,0,16,1,9,29.58495568862226,6:6,auto,0,322,0,dia,54,0,0,none,0,baseline,0.9101993554684676,48,6,236,2,80,0,11,0,0,0,Action_480p_30fps_20s
1908,0,p4x4,3,1.3381699574248425,0,8,1,-6,23.21909479916627,5:5,auto,0,322,0,dia,54,0,0,none,0,baseline,0.9101993554684676,48,4,182,2,80,0,11,0,0,0,Action_480p_30fps_20s
2301,0,p4x4,3,1.3381699574248425,0,16,1,9,29.58495568862226,6:6,auto,0,322,0,dia,50,0,1,vbr,0,baseline,0.9101993554684676,48,6,236,2,80,0,11,0,0,1,Action_480p_30fps_20s
2233,1,none,1,1.3653973567571176,2,9,0,7,41.62378391495786,-3:3,none,1,147,0,dia,54,0,0,none,0,baseline,0.7513967958546086,41,6,236,2,80,0,11,2,0,0,Action_480p_30fps_20s
2233,1,none,1,1.3653973567571176,2,9,0,7,41.62378391495786,-3:3,none,1,300,0,dia,54,1,0,vbr,0,baseline,0.9101993554684676,48,6,236,2,80,0,11,0,0,0,Action_480p_30fps_20s
1908,0,p4x4,3,1.3381699574248425,0,8,1,-6,23.21909479916627,5:5,auto,0,322,0,dia,54,0,1,none,0,high,0.9101993554684676,48,4,236,2,12,6,2,2,0,0,Action_480p_30fps_20s
1042,0,none,1,0.8694210481076649,0,14,1,-1,29.71403796292493,0:0,none,0,307,0,hex,49,1,0,none,1,baseline,0.9101993554684676,48,6,236,2,80,0,11,0,0,0,Action_480p_30fps_20s
1320,1,p4x4,3,0.0305137431257065,1,12,1,9,29.58495568862226,0:0,none,0,307,0,dia,49,0,0,none,1,baseline,0.835904787497133,48,0,236,2,80,0,11,1,0,0,Action_480p_30fps_20s
1602,1,p4x4,0,0.2696951858659385,2,11,1,7,41.62378391495786,2:2,none,0,98,4,umh,19,0,0,vbr,0,baseline,0.9859873526355616,29,14,240,2,80,6,2,2,0,0,Action_480p_30fps_20s
1042,0,none,0,0.8694210481076649,0,14,1,-6,29.71403796292493,0:0,none,0,307,0,hex,49,1,0,none,0,baseline,0.7513967958546086,46,6,35,2,80,0,11,2,0,2,Action_480p_30fps_20s
1042,0,none,1,0.8694210481076649,0,14,1,-1,29.71403796292493,0:0,none,0,307,0,hex,49,1,0,none,0,baseline,0.9101993554684676,48,6,236,2,80,0,11,0,0,1,Action_480p_30fps_20s
1042,1,none,0,0.8694210481076649,0,14,1,-2,29.71403796292493,-1:1,spatial,0,78,0,dia,54,0,0,vbr,0,baseline,0.9101993554684676,48,6,236,2,80,0,11,0,0,0,Action_480p_30fps_20s
653,0,p4x4,1,0.0216368373692458,0,8,1,-5,23.21909479916627,2:-2,auto,0,150,0,hex,54,0,0,none,0,baseline,0.6407411631595799,48,9,236,2,15,0,11,0,0,2,Action_480p_30fps_20s
2233,1,none,1,1.3653973567571176,0,0,0,7,41.62378391495786,-3:3,none,0,98,4,umh,19,0,0,none,0,baseline,0.9859873526355616,22,14,240,2,76,11,8,2,0,2,Still_image_1080p_25fps_10s
2233,1,p4x4,1,1.3653973567571176,1,12,0,7,25.323031479078928,2:2,none,0,98,4,umh,38,0,0,cbr,0,baseline,0.9859873526355616,22,14,240,2,76,11,8,2,0,2,Still_image_1080p_25fps_10s
2233,1,none,1,1.3653973567571176,0,9,0,7,41.62378391495786,-3:3,none,0,98,4,umh,19,0,0,none,0,baseline,0.9859873526355616,22,14,240,2,76,11,8,2,0,2,Still_image_1080p_25fps_10s
1602,1,p4x4,0,0.2696951858659385,2,11,1,7,41.62378391495786,2:2,none,0,98,4,umh,19,0,0,none,0,baseline,0.9859873526355616,22,14,240,2,76,11,8,2,0,2,Still_image_1080p_25fps_10s
2233,1,none,1,1.3653973567571176,2,9,0,7,41.62378391495786,-3:3,none,0,98,4,dia,19,0,0,none,0,baseline,0.7779273400757492,22,14,240,2,76,11,8,2,0,2,Still_image_1080p_25fps_10s
2233,1,none,1,1.3653973567571176,0,9,0,7,25.323031479078928,2:2,none,0,98,4,umh,38,0,0,cbr,1,baseline,0.9859873526355616,22,14,240,2,76,6,8,2,0,2,Still_image_1080p_25fps_10s
2233,1,none,1,0.8401686031627641,2,9,0,7,41.62378391495786,-3:3,none,0,98,4,dia,47,0,0,none,0,baseline,0.7779273400757492,22,14,240,2,76,11,8,2,0,2,Still_image_1080p_25fps_10s
1602,1,p4x4,2,0.2696951858659385,2,11,0,7,41.62378391495786,1:1,none,1,98,0,hex,4,1,0,none,1,baseline,0.1051971332562105,21,6,236,2,80,0,24,0,0,0,Still_image_1080p_25fps_10s
810,1,p4x4,0,1.3381699574248425,0,8,1,-6,23.21909479916627,0:0,temporal,0,29,4,hex,4,1,0,none,1,baseline,0.1051971332562105,24,6,236,13,80,0,11,0,0,0,Still_image_1080p_25fps_10s
1042,1,none,3,0.8694210481076649,0,14,1,-2,9.321228297970876,0:0,temporal,0,29,4,hex,4,1,0,none,1,baseline,0.1051971332562105,24,6,236,13,80,3,11,0,0,0,Still_image_1080p_25fps_10s
1042,0,"p8x8,b8x8,i8x8,i4x4",3,0.8694210481076649,0,14,1,-2,23.21909479916627,0:0,temporal,0,29,4,hex,4,1,0,none,1,baseline,0.1051971332562105,24,6,236,13,80,0,11,0,0,0,Still_image_1080p_25fps_10s
2233,1,none,0,0.8694210481076649,0,14,1,-2,9.321228297970876,0:0,temporal,1,29,4,hex,31,1,0,none,1,baseline,0.1051971332562105,24,6,236,13,80,3,11,0,0,0,Still_image_1080p_25fps_10s
1042,1,"p8x8,b8x8,i8x8,i4x4",3,0.8694210481076649,0,14,1,-2,23.21909479916627,0:0,temporal,0,29,4,hex,4,1,0,none,1,baseline,0.1051971332562105,24,6,236,14,21,1,12,0,0,0,Still_image_1080p_25fps_10s
2233,1,none,3,0.8694210481076649,0,14,1,-2,10.400924989862393,0:0,temporal,0,29,4,hex,4,1,0,none,1,high,0.1051971332562105,24,6,236,13,80,0,11,0,0,0,Still_image_1080p_25fps_10s
171,1,"p8x8,b8x8,i8x8,i4x4",3,0.8694210481076649,0,14,1,-2,23.21909479916627,0:0,temporal,0,29,4,hex,4,1,1,none,1,baseline,0.1051971332562105,24,6,32,2,80,2,12,0,0,0,Still_image_1080p_25fps_10s
2233,1,none,1,1.3653973567571176,0,9,0,7,25.323031479078928,2:2,none,0,98,4,hex,4,1,0,none,1,baseline,0.1051971332562105,24,6,236,14,21,1,12,0,0,0,Still_image_1080p_25fps_10s
810,1,p4x4,0,1.3381699574248425,0,8,1,-2,23.21909479916627,0:0,temporal,0,29,0,hex,4,1,0,none,1,baseline,0.1051971332562105,24,6,236,13,80,0,11,0,0,0,Still_image_1080p_25fps_10s
2233,1,p4x4,1,1.3653973567571176,1,12,1,-10,25.323031479078928,2:2,none,0,29,4,hex,4,1,0,none,1,baseline,0.1051971332562105,29,6,236,13,80,0,41,0,0,0,Still_image_1080p_25fps_10s
1042,1,"p8x8,b8x8,i8x8,i4x4",3,0.3257239238209488,2,14,1,11,23.21909479916627,0:0,temporal,0,29,4,hex,4,1,0,none,1,baseline,0.1051971332562105,24,6,236,13,80,0,11,0,0,0,Still_image_1080p_25fps_10s
171,1,none,3,0.8694210481076649,0,14,1,-6,10.400924989862393,0:0,temporal,0,29,4,hex,4,1,0,none,1,high,0.1051971332562105,48,6,236,13,47,0,11,0,0,0,Still_image_1080p_25fps_10s
1908,1,p4x4,3,1.3381699574248425,1,8,1,-6,23.21909479916627,5:5,temporal,0,29,0,dia,54,1,0,none,0,baseline,0.9101993554684676,48,4,236,2,18,0,11,0,0,0,Big_720p_60fps_20s
1908,1,p4x4,3,1.3381699574248425,1,8,1,-6,23.21909479916627,5:5,temporal,0,29,1,dia,54,1,0,none,0,baseline,0.9101993554684676,48,4,236,2,66,0,11,0,0,0,Big_720p_60fps_20s
1908,0,p4x4,3,1.3381699574248425,0,8,1,-6,23.21909479916627,5:5,auto,0,322,0,dia,54,0,0,none,0,baseline,0.9101993554684676,48,4,236,2,80,0,11,0,0,0,Big_720p_60fps_20s
1908,0,p8x8,2,1.3381699574248425,0,8,1,2,23.21909479916627,5:5,auto,0,322,0,umh,54,0,0,none,0,baseline,0.9101993554684676,48,6,236,2,80,0,11,0,0,0,Big_720p_60fps_20s
1908,0,p8x8,2,1.3381699574248425,0,14,1,-5,23.21909479916627,5:5,auto,1,322,0,esa,54,0,0,none,0,baseline,0.0696687293150846,48,6,236,2,80,0,11,0,0,0,Big_720p_60fps_20s
1908,0,p4x4,3,1.3381699574248425,0,8,1,-6,23.21909479916627,5:5,auto,0,150,0,hex,54,1,0,none,0,baseline,0.9101993554684676,48,6,236,2,80,0,11,0,0,0,Big_720p_60fps_20s
1908,0,p4x4,3,1.3381699574248425,1,8,1,-6,32.12479386678222,5:5,temporal,0,29,0,dia,54,1,0,none,0,baseline,0.5669428058565998,48,4,236,2,66,0,11,0,0,0,Big_720p_60fps_20s
1908,0,p4x4,3,1.3381699574248425,0,8,1,-6,23.21909479916627,5:5,auto,0,322,0,dia,54,0,0,vbr,0,baseline,0.9101993554684676,48,6,236,2,80,0,11,0,0,0,Big_720p_60fps_20s
1908,0,p4x4,3,1.3381699574248425,1,8,1,-6,23.21909479916627,5:5,temporal,0,29,0,dia,54,1,0,none,0,baseline,0.9101993554684676,48,4,236,2,66,0,11,0,0,0,Big_720p_60fps_20s
1908,0,p4x4,3,1.3381699574248425,0,8,1,-6,23.21909479916627,5:5,none,0,147,0,dia,54,0,0,none,0,baseline,0.9101993554684676,48,6,236,2,80,0,11,0,0,0,Big_720p_60fps_20s
1042,0,none,3,0.8694210481076649,0,14,1,-2,29.71403796292493,0:0,none,0,307,0,hex,49,1,0,none,0,baseline,0.835904787497133,31,0,236,2,80,0,11,2,0,0,Big_720p_60fps_20s
1908,0,p8x8,2,1.3381699574248425,0,8,1,2,23.21909479916627,5:5,auto,0,322,0,umh,54,0,0,none,0,baseline,0.9101993554684676,48,0,236,2,80,0,11,0,0,0,Big_720p_60fps_20s
1908,0,p4x4,3,1.3381699574248425,0,8,1,-6,23.21909479916627,5:5,auto,0,322,0,dia,54,0,0,vbr,0,main,0.9101993554684676,48,6,34,2,80,0,11,0,0,0,Big_720p_60fps_20s
1908,0,p8x8,3,1.3381699574248425,0,8,1,-6,19.86275127876185,5:5,spatial,0,322,0,dia,54,0,0,none,0,baseline,0.9101993554684676,40,4,236,9,66,0,42,0,0,0,Big_720p_60fps_20s
1908,0,p8x8,2,1.3381699574248425,0,14,1,-5,23.21909479916627,5:5,auto,0,374,0,esa,54,0,0,none,0,baseline,0.1325485288032976,30,6,236,2,80,0,11,0,0,0,Big_720p_60fps_20s
1908,1,p8x8,2,1.3381699574248425,0,8,1,-6,23.21909479916627,5:5,none,0,147,0,dia,54,0,0,none,0,baseline,0.9101993554684676,48,6,236,2,80,0,11,0,0,0,Big_720p_60fps_20s
1908,0,p8x8,2,1.3381699574248425,0,12,1,-6,19.86275127876185,5:5,spatial,0,322,0,dia,54,0,0,none,0,baseline,0.9101993554684676,40,4,236,9,66,0,42,0,0,0,Big_720p_60fps_20s
1908,0,p8x8,3,1.3381699574248425,0,14,1,-5,23.21909479916627,5:5,auto,0,374,0,esa,54,0,0,none,0,baseline,0.1325485288032976,30,6,215,2,80,7,11,0,0,0,Big_720p_60fps_20s
1908,0,p8x8,2,1.3381699574248425,0,14,1,2,16.400454197006496,6:6,temporal,0,322,2,umh,54,0,0,none,0,baseline,0.9101993554684676,48,6,236,2,66,0,11,0,0,0,Big_720p_60fps_20s
1908,0,p4x4,3,1.3381699574248425,1,8,1,-6,23.21909479916627,5:5,temporal,0,101,0,dia,54,1,0,none,0,baseline,0.9101993554684676,44,4,236,2,80,0,11,0,0,0,Big_720p_60fps_20s
1042,0,"p8x8,b8x8,i8x8,i4x4",3,0.8694210481076649,0,14,1,-2,23.21909479916627,0:0,temporal,0,29,4,hex,4,1,0,none,1,baseline,0.1051971332562105,24,6,236,13,80,0,11,0,0,0,Big_480p_30fps_10s
810,1,p4x4,0,1.3381699574248425,0,8,1,-6,23.21909479916627,0:0,temporal,0,29,4,hex,4,1,0,none,1,baseline,0.1051971332562105,24,6,236,13,80,0,11,0,0,0,Big_480p_30fps_10s
1602,1,p4x4,2,0.2696951858659385,2,11,0,7,41.62378391495786,1:1,none,1,98,0,hex,4,1,0,none,1,baseline,0.1051971332562105,21,6,236,2,80,0,24,0,0,0,Big_480p_30fps_10s
1042,1,none,3,0.8694210481076649,0,14,1,-2,9.321228297970876,0:0,temporal,0,29,4,hex,4,1,0,none,1,baseline,0.1051971332562105,24,6,236,13,80,3,11,0,0,0,Big_480p_30fps_10s
1042,0,"p8x8,b8x8,i8x8,i4x4",3,0.8694210481076649,0,14,1,-2,23.21909479916627,0:0,temporal,0,29,4,hex,4,1,0,vbr,1,baseline,0.1051971332562105,24,6,236,13,80,0,11,0,0,0,Big_480p_30fps_10s
1042,0,"p8x8,b8x8,i8x8,i4x4",3,0.8694210481076649,0,14,1,-11,23.21909479916627,0:0,temporal,0,29,4,hex,4,1,0,none,1,baseline,0.1051971332562105,24,6,236,13,80,0,11,0,0,0,Big_480p_30fps_10s
1602,1,p4x4,2,0.2696951858659385,2,11,0,7,41.62378391495786,1:1,none,0,29,4,hex,30,1,1,none,1,main,0.1051971332562105,50,6,236,11,80,0,11,0,0,0,Big_480p_30fps_10s
1042,1,none,3,0.8694210481076649,0,14,1,-2,9.321228297970876,1:-1,temporal,0,29,4,hex,38,1,0,none,1,baseline,0.1051971332562105,24,6,236,13,80,3,11,0,0,0,Big_480p_30fps_10s
810,1,p4x4,0,1.8168805053103727,0,7,1,-6,23.21909479916627,3:3,temporal,0,29,4,hex,30,1,0,none,1,baseline,0.1051971332562105,24,6,236,13,68,0,11,0,0,0,Big_480p_30fps_10s
1042,1,none,3,0.8694210481076649,0,14,1,-2,9.321228297970876,-2:2,temporal,0,29,4,umh,38,1,1,none,1,baseline,0.1051971332562105,24,6,236,13,80,3,11,1,0,0,Big_480p_30fps_10s
810,1,p4x4,0,1.8168805053103727,0,7,1,-3,23.21909479916627,3:3,temporal,0,29,4,hex,30,1,0,none,1,baseline,0.1051971332562105,24,6,236,13,80,3,11,0,0,0,Big_480p_30fps_10s
1042,1,none,0,0.8694210481076649,0,16,1,-2,9.321228297970876,0:0,temporal,0,29,4,hex,4,1,0,none,1,baseline,0.1051971332562105,24,6,236,13,68,0,42,0,0,1,Big_480p_30fps_10s
1042,1,none,3,0.8694210481076649,0,14,1,-2,9.321228297970876,0:0,temporal,0,29,4,hex,38,1,0,vbr,1,baseline,0.1051971332562105,24,6,236,13,80,3,11,0,0,0,Big_480p_30fps_10s
1042,1,none,3,0.8694210481076649,0,14,1,-2,9.321228297970876,1:-1,temporal,0,29,4,tesa,4,1,0,none,1,baseline,0.1051971332562105,24,6,236,13,80,8,11,0,0,0,Big_480p_30fps_10s
849,0,"p8x8,b8x8,i8x8,i4x4",3,0.8694210481076649,0,14,1,-11,23.21909479916627,0:0,temporal,0,29,4,hex,4,1,0,none,1,baseline,0.1051971332562105,24,6,236,13,80,0,11,0,0,0,Big_480p_30fps_10s
810,1,p4x4,0,1.912617352933304,0,8,1,-6,23.21909479916627,0:0,temporal,0,29,4,hex,4,1,0,none,1,baseline,0.1051971332562105,23,6,236,14,80,0,11,0,0,0,Big_480p_30fps_10s
1602,1,"p8x8,b8x8,i8x8,i4x4",3,0.8694210481076649,0,14,1,-2,32.04953961770379,1:-1,temporal,0,149,4,hex,38,1,0,none,1,baseline,0.1051971332562105,24,10,236,13,80,3,11,0,0,2,Big_480p_30fps_10s
810,1,p4x4,3,0.8694210481076649,0,14,1,-2,13.31311469265301,0:0,temporal,0,367,4,hex,4,1,0,vbr,1,baseline,0.1051971332562105,24,9,236,13,80,0,11,0,0,0,Big_480p_30fps_10s
1042,1,none,3,0.8694210481076649,0,14,1,-2,9.321228297970876,0:0,temporal,0,29,1,hex,4,1,0,none,1,baseline,0.1051971332562105,24,6,236,13,80,3,11,0,0,2,Big_480p_30fps_10s
810,1,p4x4,0,1.7239800916866286,0,8,1,-6,23.21909479916627,0:0,temporal,0,29,4,hex,4,1,0,none,1,baseline,0.5787054525642361,24,6,236,11,80,4,11,0,0,0,Big_480p_30fps_10s
1042,0,"p8x8,b8x8,i8x8,i4x4",3,0.8694210481076649,0,14,1,-2,23.21909479916627,0:0,temporal,0,29,4,hex,4,1,0,none,1,baseline,0.1051971332562105,24,6,236,13,80,0,11,0,0,0,Big_480p_25fps_10s
1602,1,p4x4,2,0.2696951858659385,2,11,0,7,41.62378391495786,1:1,none,1,98,0,hex,4,1,0,none,1,baseline,0.1051971332562105,21,6,236,2,80,0,24,0,0,0,Big_480p_25fps_10s
810,1,p4x4,0,1.3381699574248425,0,8,1,-6,23.21909479916627,0:0,temporal,0,29,4,hex,4,1,0,none,1,baseline,0.1051971332562105,24,6,236,13,80,0,11,0,0,0,Big_480p_25fps_10s
2233,1,none,0,0.8694210481076649,0,14,1,-2,9.321228297970876,0:0,temporal,1,29,4,hex,31,1,0,none,1,baseline,0.1051971332562105,24,6,236,13,80,3,11,0,0,0,Big_480p_25fps_10s
1042,1,"p8x8,b8x8,i8x8,i4x4",3,0.8694210481076649,0,14,1,-2,23.21909479916627,0:0,temporal,0,29,4,hex,4,1,0,none,1,baseline,0.1051971332562105,24,6,236,14,21,1,12,0,0,0,Big_480p_25fps_10s
1042,1,none,3,0.8694210481076649,0,14,1,-2,9.321228297970876,0:0,temporal,0,29,4,hex,4,1,0,none,1,baseline,0.1051971332562105,24,6,236,13,80,3,11,0,0,0,Big_480p_25fps_10s
1042,0,"p8x8,b8x8,i8x8,i4x4",1,0.8694210481076649,0,14,1,-2,23.21909479916627,0:0,temporal,0,272,4,hex,4,1,0,none,1,baseline,0.1051971332562105,24,6,236,13,31,3,11,0,0,0,Big_480p_25fps_10s
1042,1,none,3,0.8694210481076649,0,14,1,-2,9.321228297970876,0:0,temporal,0,29,4,hex,4,1,0,none,1,baseline,0.1051971332562105,24,6,236,13,80,3,11,0,0,2,Big_480p_25fps_10s
1602,1,p4x4,2,0.2696951858659385,2,11,0,7,41.62378391495786,1:1,temporal,0,316,4,hex,4,1,0,none,1,baseline,0.1051971332562105,24,6,236,14,21,1,12,0,0,0,Big_480p_25fps_10s
1042,1,"p8x8,b8x8,i8x8,i4x4",3,0.8694210481076649,0,14,1,-2,23.21909479916627,0:0,temporal,1,29,4,hex,4,1,0,none,1,baseline,0.1051971332562105,24,6,236,14,21,2,12,0,0,0,Big_480p_25fps_10s
1042,1,none,3,0.8694210481076649,0,14,1,-2,33.73012219639163,0:0,temporal,1,29,4,hex,4,1,0,none,1,baseline,0.1051971332562105,24,1,236,13,80,0,11,0,0,0,Big_480p_25fps_10s
1042,1,none,3,0.8694210481076649,0,14,1,-2,9.321228297970876,0:0,temporal,0,29,4,hex,4,1,0,none,1,baseline,0.1051971332562105,24,6,236,13,80,0,11,0,0,0,Big_480p_25fps_10s
810,1,p4x4,0,1.3381699574248425,0,8,1,-6,23.21909479916627,0:0,temporal,0,29,4,hex,4,1,0,none,1,baseline,0.1051971332562105,24,6,236,13,80,3,11,0,0,0,Big_480p_25fps_10s
1042,1,none,3,0.8694210481076649,0,14,1,-2,9.321228297970876,-5:5,temporal,0,29,4,hex,4,1,0,none,1,baseline,0.1051971332562105,24,1,236,8,80,0,11,2,0,0,Big_480p_25fps_10s
1042,1,none,3,0.8694210481076649,0,14,1,-9,33.73012219639163,0:0,temporal,1,29,4,hex,4,1,0,none,1,baseline,0.1051971332562105,24,6,199,13,86,3,11,0,0,0,Big_480p_25fps_10s
1042,1,"p8x8,b8x8,i8x8,i4x4",3,0.8694210481076649,0,14,1,-2,23.21909479916627,0:0,auto,0,29,4,hex,4,1,0,none,1,baseline,0.0393652607209277,48,4,236,2,66,6,11,0,1,1,Big_480p_25fps_10s
1042,1,none,3,0.8694210481076649,0,14,1,-2,9.321228297970876,0:0,none,0,29,4,esa,13,1,0,none,1,baseline,0.1051971332562105,24,6,236,13,80,3,11,0,0,0,Big_480p_25fps_10s
1042,1,none,1,0.8694210481076649,0,14,1,-2,9.321228297970876,0:0,temporal,0,29,4,tesa,4,1,0,none,1,baseline,0.3969905793150565,24,6,236,13,80,3,11,0,0,0,Big_480p_25fps_10s
810,1,p4x4,0,0.3691015890969054,1,8,0,-6,23.21909479916627,0:0,temporal,0,393,4,hex,4,1,0,none,1,baseline,0.1051971332562105,24,6,236,13,33,3,11,0,0,0,Big_480p_25fps_10s
810,1,p4x4,0,1.3381699574248425,0,8,1,-6,23.21909479916627,-6:6,temporal,0,29,4,hex,4,1,0,none,1,baseline,0.1051971332562105,24,2,236,13,80,0,11,0,0,0,Big_480p_25fps_10s
1908,0,p4x4,1,1.3381699574248425,0,8,1,-6,23.21909479916627,5:5,auto,1,322,0,dia,54,0,0,none,1,baseline,0.9101993554684676,48,6,236,2,80,0,11,0,1,0,Standard_1080p_30fps_15s
96,0,none,2,0.8694210481076649,0,13,1,-2,29.71403796292493,0:0,none,0,271,1,dia,24,1,0,none,0,baseline,0.9101993554684676,48,6,172,13,80,0,11,1,0,0,Standard_1080p_30fps_15s
1042,1,none,3,0.8694210481076649,2,13,1,-2,29.71403796292493,0:0,none,0,271,1,dia,24,1,0,none,0,baseline,0.9101993554684676,24,6,172,11,80,0,11,2,0,0,Standard_1080p_30fps_15s
653,0,p4x4,3,0.0216368373692458,0,8,1,-5,23.21909479916627,5:5,auto,0,150,0,hex,54,1,0,none,0,baseline,0.8685540781564082,48,6,236,2,88,0,11,0,0,0,Standard_1080p_30fps_15s
1042,1,none,3,0.8694210481076649,0,14,1,-2,29.71403796292493,0:0,none,0,307,0,hex,49,1,0,none,0,baseline,0.835904787497133,31,0,236,2,46,0,11,2,0,0,Standard_1080p_30fps_15s
1042,0,none,3,0.8694210481076649,0,13,1,-2,29.71403796292493,0:0,none,0,271,1,hex,24,1,0,none,0,baseline,0.9101993554684676,48,6,236,13,80,0,11,0,0,0,Standard_1080p_30fps_15s
96,0,none,2,0.8694210481076649,0,13,1,-2,29.71403796292493,0:0,none,0,271,1,hex,24,1,0,none,0,baseline,0.9101993554684676,48,6,172,13,80,0,11,0,0,0,Standard_1080p_30fps_15s
1042,0,none,2,0.8694210481076649,0,13,1,-2,29.71403796292493,6:-6,none,0,271,1,hex,24,1,0,none,0,baseline,0.9101993554684676,48,19,172,15,19,0,11,0,0,0,Standard_1080p_30fps_15s
653,0,p4x4,3,0.0216368373692458,0,8,1,-5,23.21909479916627,6:6,auto,0,210,4,hex,24,1,0,none,0,baseline,0.9101993554684676,48,6,236,13,80,0,11,0,0,0,Standard_1080p_30fps_15s
1042,0,none,3,0.8694210481076649,0,16,1,-2,29.71403796292493,0:0,none,0,271,2,hex,5,1,0,none,0,baseline,0.9101993554684676,48,6,236,14,80,0,11,0,0,0,Standard_1080p_30fps_15s
1042,1,none,3,0.8694210481076649,0,14,1,-2,29.71403796292493,0:0,none,0,224,0,hex,49,1,0,none,0,baseline,0.835904787497133,31,0,210,2,46,0,11,2,0,0,Standard_1080p_30fps_15s
1668,1,none,2,1.001223354873627,1,14,1,-2,29.71403796292493,0:0,none,0,307,0,hex,49,1,0,none,0,baseline,0.835904787497133,31,0,236,2,46,0,11,0,0,0,Standard_1080p_30fps_15s
1128,1,none,3,0.8694210481076649,0,14,1,-2,27.07511018995715,0:0,none,0,307,0,hex,49,1,0,none,1,baseline,0.94721478966419,48,4,236,2,80,0,11,0,0,1,Standard_1080p_30fps_15s
1042,1,none,2,0.8694210481076649,2,13,1,-2,29.71403796292493,6:-6,none,1,271,3,hex,24,1,0,none,0,baseline,0.9101993554684676,24,18,172,15,19,0,11,0,0,0,Standard_1080p_30fps_15s
1042,0,p4x4,3,0.8694210481076649,0,8,1,-5,3.32735847738133,6:6,auto,0,210,4,hex,24,1,0,none,1,baseline,0.9101993554684676,48,6,236,5,26,0,11,0,0,0,Standard_1080p_30fps_15s
1908,0,p4x4,3,1.3381699574248425,0,8,1,-6,23.21909479916627,5:5,auto,0,322,0,dia,54,0,0,none,0,baseline,0.9101993554684676,48,4,236,2,80,0,11,0,0,0,Standard_1080p_30fps_15s
1908,0,p8x8,3,1.3381699574248425,0,7,1,-6,23.21909479916627,5:5,auto,0,322,0,dia,54,0,0,none,1,baseline,0.9101993554684676,48,4,236,2,80,0,11,0,0,1,Standard_1080p_30fps_15s
1908,0,p4x4,3,1.3381699574248425,0,8,1,-6,23.21909479916627,5:5,auto,0,322,0,dia,54,0,0,none,0,baseline,0.9101993554684676,48,6,236,2,80,0,11,0,0,0,Standard_1080p_30fps_15s
1908,0,p4x4,3,1.3381699574248425,0,8,1,-6,23.21909479916627,5:5,auto,0,322,0,dia,54,0,0,vbr,0,baseline,0.9101993554684676,48,6,236,2,80,0,11,0,0,0,Standard_1080p_30fps_15s
1908,0,p4x4,3,1.3381699574248425,0,8,1,-6,23.21909479916627,5:5,none,0,147,0,dia,54,0,0,none,0,baseline,0.9101993554684676,48,6,236,2,80,0,11,0,0,0,Standard_1080p_30fps_15s
1908,0,p8x8,2,1.3381699574248425,0,8,1,-5,23.21909479916627,5:5,auto,1,322,0,esa,54,0,0,none,0,baseline,0.9101993554684676,41,19,236,2,80,0,11,0,0,1,Still_image_480p_30fps_10s
1908,1,p4x4,3,1.3381699574248425,0,8,0,-6,17.689880113289163,5:5,spatial,1,322,3,esa,54,1,0,none,0,main,0.9101993554684676,41,19,147,2,80,0,11,0,0,1,Still_image_480p_30fps_10s
96,0,none,1,0.0517809269619148,0,5,0,7,4.959411982839231,-4:4,auto,0,392,2,tesa,54,0,1,cbr,0,main,0.0311007961760659,37,18,28,7,21,9,12,0,1,0,Still_image_480p_30fps_10s
96,0,none,1,0.0517809269619148,0,5,0,7,20.60851486732971,-4:4,auto,0,392,2,umh,54,0,1,cbr,1,main,0.0311007961760659,37,18,28,7,21,9,12,0,0,0,Still_image_480p_30fps_10s
96,0,none,1,1.2284413190883303,0,5,0,7,20.60851486732971,-4:4,auto,0,392,2,umh,54,0,1,cbr,1,main,0.0311007961760659,37,18,28,7,21,9,12,0,0,0,Still_image_480p_30fps_10s
509,0,none,1,0.0517809269619148,0,12,0,7,20.60851486732971,-4:4,auto,0,392,2,hex,49,1,1,none,0,baseline,0.7513967958546086,46,6,35,2,80,0,11,1,0,2,Still_image_480p_30fps_10s
96,1,none,1,0.0517809269619148,0,5,0,7,6.214650124306135,-4:4,auto,0,392,2,tesa,54,0,1,cbr,0,main,0.0311007961760659,37,18,28,7,21,9,12,0,0,2,Still_image_480p_30fps_10s
744,0,none,1,0.0517809269619148,0,5,0,7,4.959411982839231,3:3,auto,0,392,2,tesa,54,0,1,cbr,0,main,0.0311007961760659,37,18,28,7,47,9,12,0,1,0,Still_image_480p_30fps_10s
1908,0,p4x4,3,1.3381699574248425,0,8,1,-6,23.21909479916627,5:5,auto,0,322,0,dia,54,0,0,none,0,baseline,0.9101993554684676,48,4,236,2,80,0,11,0,0,0,Still_image_480p_30fps_10s
1908,0,p4x4,3,1.3381699574248425,0,8,1,-6,23.21909479916627,5:5,auto,0,322,0,dia,54,0,0,vbr,0,baseline,0.9101993554684676,48,6,236,2,80,0,11,0,0,0,Still_image_480p_30fps_10s
1908,0,p4x4,3,1.3381699574248425,0,8,1,-6,23.21909479916627,5:5,auto,0,150,0,hex,54,1,0,none,0,baseline,0.9101993554684676,48,6,236,2,80,0,11,0,0,0,Still_image_480p_30fps_10s
1042,0,none,3,0.8694210481076649,0,14,1,-2,29.71403796292493,0:0,none,0,307,0,hex,49,1,0,none,0,baseline,0.835904787497133,31,0,236,2,80,0,11,2,0,0,Still_image_480p_30fps_10s
1908,0,p4x4,3,1.3381699574248425,0,8,1,-6,23.21909479916627,5:5,none,0,147,0,dia,54,0,0,none,0,baseline,0.9101993554684676,48,6,236,2,80,0,11,0,0,0,Still_image_480p_30fps_10s
1301,0,p4x4,3,1.3381699574248425,0,8,1,-6,23.21909479916627,5:5,auto,0,322,0,dia,54,1,0,vbr,0,baseline,0.9101993554684676,48,6,236,2,80,0,50,0,0,0,Still_image_480p_30fps_10s
1042,1,none,3,0.8694210481076649,0,14,1,-6,23.21909479916627,5:5,auto,0,150,0,hex,49,0,0,none,0,baseline,0.9101993554684676,48,6,143,2,80,0,11,1,0,0,Still_image_480p_30fps_10s
1908,0,p4x4,3,1.3381699574248425,0,8,1,-5,29.71403796292493,-1:1,spatial,0,78,0,dia,54,0,0,vbr,0,baseline,0.7189480070640945,48,6,236,2,80,0,11,0,0,0,Still_image_480p_30fps_10s
1301,0,p4x4,3,1.3381699574248425,0,8,1,-6,23.21909479916627,5:5,auto,0,322,0,dia,54,1,0,vbr,0,baseline,0.729846851041941,48,6,236,2,80,0,50,0,0,0,Still_image_480p_30fps_10s
1908,0,p8x8,2,0.8422819182175576,0,8,1,-5,23.21909479916627,5:5,auto,1,322,0,esa,54,0,0,vbr,0,baseline,0.9101993554684676,41,19,236,2,80,0,11,0,0,1,Still_image_480p_30fps_10s
1908,0,p4x4,3,1.3381699574248425,0,8,1,-6,23.21909479916627,5:5,auto,0,150,0,hex,54,1,0,none,0,baseline,0.9101993554684676,41,19,236,2,87,0,11,0,0,1,Still_image_480p_30fps_10s
1908,0,p4x4,3,1.3381699574248425,0,8,1,-6,23.21909479916627,5:5,none,0,147,0,dia,54,0,0,none,0,baseline,0.9101993554684676,48,15,236,2,80,0,11,0,0,0,Still_image_480p_30fps_10s
810,1,p4x4,0,1.3381699574248425,0,8,1,-6,23.21909479916627,0:0,temporal,0,29,4,hex,4,1,0,none,1,baseline,0.1051971332562105,24,6,236,13,80,0,11,0,0,0,Standard_1080p_60fps_5s
1042,1,none,3,0.8694210481076649,0,14,1,-2,9.321228297970876,0:0,temporal,0,29,4,hex,4,1,0,none,1,baseline,0.1051971332562105,24,6,236,13,80,3,11,0,0,0,Standard_1080p_60fps_5s
1602,1,p4x4,2,0.2696951858659385,2,11,0,7,41.62378391495786,1:1,none,1,98,0,hex,4,1,0,none,1,baseline,0.1051971332562105,21,6,236,2,80,0,24,0,0,0,Standard_1080p_60fps_5s
1042,0,"p8x8,b8x8,i8x8,i4x4",3,0.8694210481076649,0,14,1,-2,23.21909479916627,0:0,temporal,0,29,4,hex,4,1,0,none,1,baseline,0.1051971332562105,24,6,236,13,80,0,11,0,0,0,Standard_1080p_60fps_5s
1042,1,"p8x8,b8x8,i8x8,i4x4",3,0.8694210481076649,0,14,1,-2,23.21909479916627,0:0,temporal,0,29,4,hex,4,1,0,none,1,baseline,0.1051971332562105,24,6,236,14,21,1,12,0,0,0,Standard_1080p_60fps_5s
2233,1,none,0,0.8694210481076649,0,14,1,-2,9.321228297970876,0:0,temporal,1,29,4,hex,31,1,0,none,1,baseline,0.1051971332562105,24,6,236,13,80,3,11,0,0,0,Standard_1080p_60fps_5s
1042,0,"p8x8,b8x8,i8x8,i4x4",1,0.8694210481076649,0,14,1,-2,23.21909479916627,0:0,temporal,0,272,4,hex,4,1,0,none,1,baseline,0.1051971332562105,24,6,236,13,31,3,11,0,0,0,Standard_1080p_60fps_5s
1042,1,none,3,0.8694210481076649,0,14,1,-2,9.321228297970876,0:0,temporal,0,29,4,hex,4,1,0,none,1,baseline,0.1051971332562105,24,6,236,13,80,3,11,0,0,2,Standard_1080p_60fps_5s
1042,1,"p8x8,b8x8,i8x8,i4x4",3,0.8694210481076649,0,14,1,-2,23.21909479916627,0:0,temporal,1,29,4,hex,4,1,0,none,1,baseline,0.1051971332562105,24,6,236,14,21,2,12,0,0,0,Standard_1080p_60fps_5s
1602,1,p4x4,2,0.2696951858659385,2,11,0,7,41.62378391495786,1:1,temporal,0,316,4,hex,4,1,0,none,1,baseline,0.1051971332562105,24,6,236,14,21,1,12,0,0,0,Standard_1080p_60fps_5s
2233,1,none,0,0.8694210481076649,0,14,1,-2,9.321228297970876,0:0,temporal,1,29,4,hex,31,0,0,none,1,baseline,0.1051971332562105,24,6,236,13,80,0,11,0,0,0,Standard_1080p_60fps_5s
1908,1,p4x4,3,0.1285153695509309,1,11,0,7,41.62378391495786,1:1,temporal,0,316,4,hex,4,1,0,none,1,baseline,0.1051971332562105,24,6,236,14,21,1,12,0,0,0,Standard_1080p_60fps_5s
1042,1,p4x4,1,1.856194070196081,0,14,1,-2,9.321228297970876,0:0,none,0,313,4,hex,4,1,1,none,1,baseline,0.1051971332562105,24,6,236,13,80,3,11,0,0,0,Standard_1080p_60fps_5s
810,1,p4x4,0,0.0103150674753208,0,7,1,-6,23.21909479916627,0:0,temporal,0,29,4,hex,4,1,0,none,1,baseline,0.1051971332562105,24,6,236,13,80,0,11,0,0,0,Standard_1080p_60fps_5s
1042,1,"p8x8,b8x8,i8x8,i4x4",3,0.8694210481076649,0,14,0,-2,23.21909479916627,0:0,temporal,0,29,4,hex,4,1,0,none,1,baseline,0.1051971332562105,24,6,236,3,21,1,12,0,0,0,Standard_1080p_60fps_5s
1042,0,"p8x8,b8x8,i8x8,i4x4",3,0.8694210481076649,0,14,1,-2,23.21909479916627,0:0,temporal,0,29,4,hex,4,1,0,none,1,baseline,0.6244644047596006,24,6,236,13,80,0,11,0,0,0,Standard_1080p_60fps_5s
2233,1,none,0,0.0103150674753208,0,7,1,-6,23.21909479916627,0:0,temporal,0,52,4,hex,4,1,0,cbr,1,baseline,0.1051971332562105,24,6,236,13,80,0,11,0,0,0,Standard_1080p_60fps_5s
810,1,p4x4,1,1.7595704479643628,0,14,1,-2,9.321228297970876,0:0,temporal,0,29,4,hex,31,0,0,none,1,baseline,0.1051971332562105,24,6,236,13,80,0,11,0,0,0,Standard_1080p_60fps_5s
810,1,p4x4,0,0.1425892381746335,0,8,1,-6,23.21909479916627,0:0,temporal,0,29,4,hex,4,0,0,cbr,1,baseline,0.1051971332562105,24,6,236,14,21,1,12,0,0,0,Standard_1080p_60fps_5s
823,1,p4x4,3,0.1285153695509309,1,11,0,7,41.62378391495786,1:1,temporal,0,316,4,hex,64,1,0,vbr,1,baseline,0.5807734841301935,24,6,236,14,21,1,12,0,0,0,Standard_1080p_60fps_5s
1042,1,none,3,0.0965984911501383,1,14,0,-2,23.21909479916627,0:0,temporal,1,29,4,hex,6,1,0,cbr,1,baseline,0.1051971332562105,24,6,236,10,80,3,11,0,0,1,Still_image_720p_30fps_15s
1042,1,none,3,0.8694210481076649,0,14,0,-2,23.21909479916627,0:0,temporal,1,29,4,hex,6,1,0,cbr,1,baseline,0.1051971332562105,24,6,236,10,80,3,2,2,0,1,Still_image_720p_30fps_15s
1908,1,p4x4,3,1.3381699574248425,0,8,0,-6,17.689880113289163,5:5,spatial,1,322,3,esa,54,1,0,none,0,main,0.9101993554684676,41,19,147,2,80,0,11,0,0,1,Still_image_720p_30fps_15s
2233,1,none,0,0.8694210481076649,0,14,1,-2,9.321228297970876,0:0,temporal,1,29,4,hex,31,1,0,none,1,baseline,0.1051971332562105,24,6,236,13,80,3,11,0,0,0,Still_image_720p_30fps_15s
1042,1,none,3,0.8694210481076649,0,14,1,-2,9.321228297970876,0:0,temporal,0,29,4,hex,4,1,0,none,1,baseline,0.1051971332562105,24,6,236,13,80,3,11,0,0,0,Still_image_720p_30fps_15s
1042,1,"p8x8,b8x8,i8x8,i4x4",3,0.8694210481076649,0,14,1,-2,23.21909479916627,0:0,temporal,0,29,4,hex,4,1,0,none,1,baseline,0.1051971332562105,24,6,236,14,21,1,12,0,0,0,Still_image_720p_30fps_15s
1042,1,none,3,0.8694210481076649,0,14,1,-2,9.321228297970876,0:0,temporal,0,29,4,hex,4,1,0,none,1,baseline,0.1051971332562105,24,6,236,13,80,3,11,0,0,2,Still_image_720p_30fps_15s
1042,1,none,0,0.5767666522527548,0,14,1,-2,9.321228297970876,3:-3,temporal,1,29,4,hex,4,1,0,none,1,baseline,0.1051971332562105,24,6,236,10,80,3,11,0,0,1,Still_image_720p_30fps_15s
2233,1,none,0,0.8694210481076649,0,14,1,-2,9.321228297970876,0:0,temporal,0,29,4,hex,4,1,0,none,1,baseline,0.1051971332562105,24,6,236,14,21,1,12,0,0,0,Still_image_720p_30fps_15s
1042,1,none,3,0.8694210481076649,0,14,0,-2,23.21909479916627,0:0,temporal,0,29,4,hex,4,1,0,cbr,1,baseline,0.1051971332562105,24,6,236,14,21,1,12,0,1,0,Still_image_720p_30fps_15s
1042,1,"p8x8,b8x8,i8x8,i4x4",3,0.8694210481076649,0,16,1,-2,9.321228297970876,-1:1,temporal,0,29,4,hex,4,1,0,none,1,baseline,0.1051971332562105,45,6,236,13,80,3,11,0,0,0,Still_image_720p_30fps_15s
1908,0,p4x4,3,1.3381699574248425,0,14,1,-2,23.21909479916627,0:0,temporal,0,29,4,hex,4,1,0,none,1,baseline,0.1051971332562105,24,15,236,14,21,1,12,0,0,2,Still_image_720p_30fps_15s
1042,1,none,0,0.5767666522527548,0,14,1,-2,38.93115800166301,3:-3,temporal,1,29,4,hex,4,0,1,none,1,baseline,0.8264614212937585,24,6,236,13,80,3,11,0,0,0,Still_image_720p_30fps_15s
457,0,none,1,0.5316714327688821,0,14,1,-2,9.321228297970876,0:0,temporal,0,29,4,hex,4,1,0,none,1,baseline,0.1051971332562105,29,6,236,14,21,1,12,0,0,0,Still_image_720p_30fps_15s
1042,1,none,0,0.5767666522527548,0,14,1,-2,9.321228297970876,3:-3,auto,1,319,4,hex,4,1,0,none,1,baseline,0.1051971332562105,24,6,236,10,80,3,11,0,0,1,Still_image_720p_30fps_15s
1714,0,p4x4,3,1.3381699574248425,0,14,1,12,23.21909479916627,0:0,temporal,0,29,4,hex,4,1,1,none,1,baseline,0.1051971332562105,24,15,236,14,21,1,12,0,0,2,Still_image_720p_30fps_15s
1042,1,none,3,0.8694210481076649,0,14,0,-2,9.321228297970876,0:0,temporal,0,29,4,hex,58,1,0,none,1,baseline,0.1051971332562105,42,15,236,14,21,1,12,0,0,2,Still_image_720p_30fps_15s
1928,0,p4x4,3,0.9422477565610016,0,14,1,-2,23.21909479916627,0:0,temporal,0,29,4,hex,4,1,0,none,1,baseline,0.1051971332562105,24,6,236,13,80,10,11,0,0,0,Still_image_720p_30fps_15s
1042,1,none,3,0.8694210481076649,0,14,1,-2,9.321228297970876,0:0,temporal,1,29,4,hex,4,1,0,none,1,baseline,0.1051971332562105,24,6,236,13,80,3,11,0,0,0,Still_image_720p_30fps_15s
1042,1,"p8x8,b8x8,i8x8,i4x4",2,0.5767666522527548,0,14,0,-2,9.321228297970876,3:-3,temporal,1,29,4,hex,4,1,0,none,1,baseline,0.1051971332562105,24,6,236,14,21,1,12,0,0,0,Still_image_720p_30fps_15s
1908,0,p4x4,3,1.3381699574248425,1,8,1,-6,23.21909479916627,5:5,temporal,0,29,0,dia,54,1,0,none,0,baseline,0.9101993554684676,48,4,236,2,66,0,11,0,0,0,Action_480p_60fps_15s
1908,0,p4x4,3,1.3381699574248425,0,8,1,-6,23.21909479916627,5:5,auto,0,322,0,dia,54,0,0,vbr,0,baseline,0.9101993554684676,48,6,236,2,80,0,11,0,0,0,Action_480p_60fps_15s
1908,0,p4x4,3,1.3381699574248425,1,8,1,-6,32.12479386678222,5:5,temporal,0,29,0,dia,54,1,0,none,0,baseline,0.5669428058565998,48,4,236,2,66,0,11,0,0,0,Action_480p_60fps_15s
1908,0,p4x4,3,1.3381699574248425,0,8,1,-6,23.21909479916627,5:5,none,0,147,0,dia,54,0,0,none,0,baseline,0.9101993554684676,48,6,236,2,80,0,11,0,0,0,Action_480p_60fps_15s
1042,0,none,3,0.8694210481076649,0,14,1,-2,29.71403796292493,0:0,none,0,307,0,hex,49,1,0,none,0,baseline,0.835904787497133,31,0,236,2,80,0,11,2,0,0,Action_480p_60fps_15s
1908,0,p4x4,3,1.3381699574248425,0,8,1,-6,23.21909479916627,5:5,auto,0,150,0,hex,54,1,0,none,0,baseline,0.9101993554684676,48,6,236,2,80,0,11,0,0,0,Action_480p_60fps_15s
1908,0,p8x8,3,1.3381699574248425,0,7,1,-6,23.21909479916627,5:5,auto,0,322,0,dia,54,0,0,none,1,baseline,0.9101993554684676,48,4,236,2,80,0,11,0,0,1,Action_480p_60fps_15s
1908,0,p4x4,3,1.3381699574248425,0,8,1,-6,23.21909479916627,5:5,auto,0,322,0,dia,54,0,0,none,0,baseline,0.9101993554684676,48,4,236,2,80,0,11,0,0,0,Action_480p_60fps_15s
1908,0,p8x8,2,1.3381699574248425,0,8,1,2,23.21909479916627,5:5,auto,0,322,0,umh,54,0,0,none,0,baseline,0.9101993554684676,48,6,236,2,80,0,11,0,0,0,Action_480p_60fps_15s
1908,0,p8x8,2,1.3381699574248425,0,14,1,-5,23.21909479916627,5:5,auto,1,322,0,esa,54,0,0,none,0,baseline,0.0696687293150846,48,6,236,2,80,0,11,0,0,0,Action_480p_60fps_15s
1908,0,p8x8,3,1.3381699574248425,0,7,1,-6,23.21909479916627,5:5,auto,0,322,0,umh,54,1,0,none,0,baseline,0.5669428058565998,48,4,236,2,66,0,11,0,0,0,Action_480p_60fps_15s
1908,0,p4x4,3,1.3381699574248425,0,8,1,-6,23.21909479916627,5:5,auto,0,147,0,dia,38,0,0,none,0,baseline,0.9101993554684676,48,6,236,2,80,0,11,0,0,0,Action_480p_60fps_15s
1908,0,p4x4,3,1.3381699574248425,0,8,1,-6,28.34160388898094,5:5,auto,0,322,0,dia,54,0,0,none,0,baseline,0.395800579141686,48,4,236,2,80,0,11,0,0,0,Action_480p_60fps_15s
1908,0,p4x4,3,1.3381699574248425,1,8,1,10,23.21909479916627,5:5,temporal,0,29,0,dia,54,0,0,vbr,0,baseline,0.9101993554684676,48,6,236,2,80,0,11,0,0,0,Action_480p_60fps_15s
1908,0,p4x4,3,0.0213170343458734,0,8,1,-6,23.21909479916627,5:5,temporal,0,29,0,dia,54,1,0,none,0,baseline,0.9101993554684676,48,4,236,2,66,0,11,0,0,0,Action_480p_60fps_15s
1908,0,none,3,1.3381699574248425,0,8,1,-6,23.21909479916627,5:5,auto,0,322,3,dia,54,0,0,vbr,0,baseline,0.395800579141686,48,4,236,2,80,0,11,0,0,0,Action_480p_60fps_15s
1908,0,p4x4,3,1.5930629037308963,0,8,1,-6,23.21909479916627,5:5,temporal,0,29,0,dia,54,0,0,cbr,0,baseline,0.395800579141686,48,4,236,2,80,3,11,1,0,0,Action_480p_60fps_15s
1908,0,p8x8,2,1.3381699574248425,0,14,1,10,23.21909479916627,-2:2,temporal,0,29,1,dia,54,0,0,vbr,0,baseline,0.9101993554684676,48,6,67,2,80,0,11,0,1,0,Action_480p_60fps_15s
1908,0,p8x8,3,1.3381699574248425,0,7,1,-6,23.21909479916627,5:5,auto,0,322,0,umh,54,0,0,vbr,0,baseline,0.9101993554684676,22,7,236,2,80,0,11,0,0,0,Action_480p_60fps_15s
1908,1,p8x8,3,1.3381699574248425,0,4,1,-6,23.21909479916627,5:5,auto,0,136,0,umh,54,0,0,vbr,0,baseline,0.9101993554684676,22,7,236,2,80,0,11,0,0,0,Action_480p_60fps_15s
1908,1,p4x4,3,1.3381699574248425,1,8,1,-6,23.21909479916627,5:5,temporal,0,29,0,dia,54,1,0,none,0,baseline,0.9101993554684676,48,4,236,2,18,0,11,0,0,0,Still_image_720p_60fps_20s
1908,1,p4x4,3,1.3381699574248425,1,8,1,-6,23.21909479916627,5:5,temporal,0,29,1,dia,54,1,0,none,0,baseline,0.9101993554684676,48,4,236,2,66,0,11,0,0,0,Still_image_720p_60fps_20s
1908,1,p4x4,3,1.3381699574248425,1,9,1,-6,23.21909479916627,5:5,temporal,0,29,2,dia,54,1,0,none,0,baseline,0.9101993554684676,48,4,236,2,66,0,11,0,0,0,Still_image_720p_60fps_20s
1908,1,p4x4,3,1.3381699574248425,1,8,1,-6,23.21909479916627,5:5,auto,0,150,0,hex,54,1,0,none,0,baseline,0.9101993554684676,48,18,117,2,80,0,11,0,0,0,Still_image_720p_60fps_20s
1908,1,all,3,1.3381699574248425,1,8,1,-6,23.21909479916627,5:5,none,0,150,0,hex,54,1,0,none,0,baseline,0.9101993554684676,48,18,117,2,80,0,11,0,0,0,Still_image_720p_60fps_20s
1042,1,none,3,0.8694210481076649,0,14,1,-2,9.321228297970876,0:0,temporal,0,29,4,hex,4,1,0,none,1,baseline,0.1051971332562105,24,6,236,13,80,3,11,0,0,0,Still_image_720p_60fps_20s
1602,1,p4x4,2,0.2696951858659385,2,11,0,7,41.62378391495786,1:1,none,1,98,0,hex,4,1,0,none,1,baseline,0.1051971332562105,21,6,236,2,80,0,24,0,0,0,Still_image_720p_60fps_20s
810,1,p4x4,0,1.3381699574248425,0,8,1,-6,23.21909479916627,0:0,temporal,0,29,4,hex,4,1,0,none,1,baseline,0.1051971332562105,24,6,236,13,80,0,11,0,0,0,Still_image_720p_60fps_20s
1042,0,"p8x8,b8x8,i8x8,i4x4",3,0.8694210481076649,0,14,1,-2,23.21909479916627,0:0,temporal,0,29,4,hex,4,1,0,none,1,baseline,0.1051971332562105,24,6,236,13,80,0,11,0,0,0,Still_image_720p_60fps_20s
1602,1,p4x4,2,0.2696951858659385,2,11,0,7,41.62378391495786,1:1,none,0,29,4,hex,30,1,1,none,1,main,0.1051971332562105,50,6,236,11,80,0,11,0,0,0,Still_image_720p_60fps_20s
1042,0,"p8x8,b8x8,i8x8,i4x4",3,0.8694210481076649,0,14,1,-11,23.21909479916627,0:0,temporal,0,29,4,hex,4,1,0,none,1,baseline,0.1051971332562105,24,6,236,13,80,0,11,0,0,0,Still_image_720p_60fps_20s
1042,1,none,3,0.8694210481076649,0,14,1,-2,9.321228297970876,-2:2,temporal,0,29,4,umh,38,1,1,none,1,baseline,0.1051971332562105,24,6,236,13,80,3,11,1,0,0,Still_image_720p_60fps_20s
810,1,p4x4,0,1.8168805053103727,0,7,1,-6,23.21909479916627,3:3,temporal,0,29,4,hex,30,1,0,none,1,baseline,0.1051971332562105,24,6,236,13,68,0,11,0,0,0,Still_image_720p_60fps_20s
1042,1,none,3,0.8694210481076649,0,14,1,-2,9.321228297970876,1:-1,temporal,0,29,4,hex,38,1,0,none,1,baseline,0.1051971332562105,24,6,236,13,80,3,11,0,0,0,Still_image_720p_60fps_20s
1042,0,"p8x8,b8x8,i8x8,i4x4",3,0.8694210481076649,0,14,1,-2,23.21909479916627,0:0,temporal,0,29,4,hex,4,1,0,vbr,1,baseline,0.1051971332562105,24,6,236,13,80,0,11,0,0,0,Still_image_720p_60fps_20s
1042,1,none,3,0.8694210481076649,0,14,1,-2,9.321228297970876,0:0,temporal,0,29,4,hex,4,1,0,none,1,baseline,0.1051971332562105,24,6,236,2,80,0,54,0,0,0,Still_image_720p_60fps_20s
1042,1,none,3,0.8694210481076649,0,14,1,-2,9.321228297970876,0:0,temporal,0,29,4,hex,4,1,1,none,1,baseline,0.1051971332562105,24,19,236,2,80,3,11,2,0,0,Still_image_720p_60fps_20s
1042,1,p4x4,3,0.8694210481076649,0,14,1,-2,9.321228297970876,-2:2,temporal,0,29,4,umh,38,1,1,none,1,baseline,0.1051971332562105,50,6,236,11,80,0,11,0,0,0,Still_image_720p_60fps_20s
1908,1,p4x4,3,1.3381699574248425,1,8,1,-2,7.764109724854361,1:-1,temporal,0,29,4,hex,50,1,0,none,0,baseline,0.1051971332562105,24,6,236,13,80,3,11,0,0,0,Still_image_720p_60fps_20s
1908,1,p4x4,3,0.8694210481076649,0,14,1,-2,9.321228297970876,0:0,temporal,0,29,4,hex,4,1,0,none,1,baseline,0.1051971332562105,24,6,236,13,80,3,11,0,0,0,Still_image_720p_60fps_20s
1908,1,p4x4,3,1.3381699574248425,1,8,1,-6,23.21909479916627,5:5,temporal,0,29,0,dia,54,1,0,none,1,baseline,0.9101993554684676,48,4,44,2,80,0,11,0,0,0,Action_1080p_25fps_15s
1908,1,p4x4,3,1.3381699574248425,1,8,1,-6,23.21909479916627,5:5,temporal,0,29,0,dia,54,1,0,none,0,baseline,0.9101993554684676,48,4,236,2,18,0,11,0,0,0,Action_1080p_25fps_15s
1908,1,p4x4,3,1.3381699574248425,1,8,1,-6,23.21909479916627,5:5,temporal,0,29,3,dia,54,1,0,none,0,baseline,0.9101993554684676,48,4,236,2,18,3,11,0,0,0,Action_1080p_25fps_15s
1042,1,none,3,0.0965984911501383,1,14,0,-2,23.21909479916627,0:0,temporal,1,29,4,hex,6,1,0,cbr,1,baseline,0.1051971332562105,24,6,236,10,80,3,11,0,0,1,Action_1080p_25fps_15s
1042,1,none,3,0.8694210481076649,0,14,0,-2,23.21909479916627,0:0,temporal,1,29,4,hex,6,1,0,cbr,1,baseline,0.1051971332562105,24,6,236,10,80,3,2,2,0,1,Action_1080p_25fps_15s
1042,0,none,3,0.8694210481076649,0,14,0,-2,23.21909479916627,0:0,temporal,1,29,4,hex,6,1,1,cbr,1,baseline,0.1051971332562105,24,6,44,10,80,3,2,2,0,1,Action_1080p_25fps_15s
1042,1,none,3,0.8694210481076649,0,14,0,-2,23.21909479916627,4:-4,temporal,1,29,4,hex,6,1,0,cbr,0,baseline,0.835904787497133,31,0,236,2,80,0,11,2,0,0,Action_1080p_25fps_15s
1042,1,none,3,0.8694210481076649,0,14,0,-2,23.21909479916627,-2:2,temporal,1,75,4,hex,6,1,0,cbr,0,baseline,0.835904787497133,31,0,236,2,80,0,11,2,1,0,Action_1080p_25fps_15s
1042,1,none,3,0.670834880640115,0,14,0,-2,23.21909479916627,4:-4,temporal,0,29,4,hex,6,1,0,cbr,0,baseline,0.835904787497133,31,0,82,2,80,0,11,2,0,0,Action_1080p_25fps_15s
1042,0,none,3,0.0965984911501383,1,14,1,-2,23.21909479916627,4:-4,temporal,1,29,4,hex,6,1,0,cbr,1,baseline,0.835904787497133,31,0,236,2,80,0,11,2,0,0,Action_1080p_25fps_15s
1042,0,none,3,0.8694210481076649,0,14,1,-2,23.21909479916627,0:0,auto,1,29,3,hex,6,1,1,cbr,1,baseline,0.1051971332562105,26,6,236,10,80,3,11,0,0,0,Action_1080p_25fps_15s
1042,1,none,3,0.8694210481076649,0,14,0,-2,23.21909479916627,-2:2,temporal,1,75,4,hex,6,1,0,cbr,0,baseline,0.835904787497133,46,0,236,2,80,0,11,2,1,0,Action_1080p_25fps_15s
817,1,none,3,0.0965984911501383,1,14,0,-2,23.21909479916627,0:0,temporal,1,29,4,hex,6,1,0,cbr,1,baseline,0.1051971332562105,24,6,236,10,91,3,11,0,0,1,Action_1080p_25fps_15s
1908,0,p4x4,3,1.3381699574248425,0,8,1,-6,23.21909479916627,5:5,auto,0,322,0,dia,54,0,0,none,0,baseline,0.9101993554684676,48,4,236,2,80,0,11,0,0,0,Action_1080p_25fps_15s
1908,0,p4x4,3,1.3381699574248425,1,8,1,-6,32.12479386678222,5:5,temporal,0,29,0,dia,54,1,0,none,0,baseline,0.5669428058565998,48,4,236,2,66,0,11,0,0,0,Action_1080p_25fps_15s
1042,0,none,3,0.8694210481076649,0,14,1,-2,29.71403796292493,0:0,none,0,307,0,hex,49,1,0,none,0,baseline,0.835904787497133,31,0,236,2,80,0,11,2,0,0,Action_1080p_25fps_15s
1908,0,p4x4,3,1.3381699574248425,0,8,1,-6,23.21909479916627,5:5,none,0,147,0,dia,54,0,0,none,0,baseline,0.9101993554684676,48,6,236,2,80,0,11,0,0,0,Action_1080p_25fps_15s
1908,0,p4x4,3,1.3381699574248425,0,8,1,-6,23.21909479916627,5:5,auto,0,150,0,hex,54,1,0,none,0,baseline,0.9101993554684676,48,6,236,2,80,0,11,0,0,0,Action_1080p_25fps_15s
1042,0,none,3,0.8694210481076649,0,14,1,-2,29.71403796292493,0:0,none,0,307,0,hex,49,1,0,none,0,baseline,0.8843341433892122,31,0,236,2,80,0,11,2,0,0,Action_1080p_25fps_15s
1908,0,p4x4,3,1.3381699574248425,0,8,1,-6,23.21909479916627,1:-1,temporal,0,147,0,dia,54,0,0,none,0,baseline,0.0878387794859161,49,16,236,2,80,0,11,0,0,0,Action_1080p_25fps_15s
1908,1,p4x4,3,1.3381699574248425,1,8,1,-6,23.21909479916627,5:5,temporal,0,29,0,dia,54,1,0,none,0,baseline,0.9101993554684676,48,4,236,2,18,0,11,0,0,0,Standard_720p_60fps_15s
1602,1,p4x4,0,0.2696951858659385,2,11,1,7,41.62378391495786,2:2,none,0,98,4,umh,19,0,0,none,0,baseline,0.9859873526355616,22,14,240,2,76,11,8,2,0,2,Standard_720p_60fps_15s
2233,1,none,1,1.3653973567571176,0,9,0,7,41.62378391495786,-3:3,none,0,98,4,umh,19,0,0,none,0,baseline,0.9859873526355616,22,14,240,2,76,11,8,2,0,2,Standard_720p_60fps_15s
2233,1,none,1,0.8401686031627641,2,9,0,7,41.62378391495786,-3:3,none,0,98,4,dia,47,0,0,none,0,baseline,0.7779273400757492,22,14,240,2,76,11,8,2,0,2,Standard_720p_60fps_15s
2233,1,none,1,1.3653973567571176,0,9,0,7,25.323031479078928,2:2,none,0,98,4,umh,38,0,0,cbr,1,baseline,0.9859873526355616,22,14,240,2,76,6,8,2,0,2,Standard_720p_60fps_15s
2233,1,none,1,1.3653973567571176,2,9,0,7,41.62378391495786,-3:3,none,0,98,4,dia,19,0,0,none,0,baseline,0.7779273400757492,22,14,240,2,76,11,8,2,0,2,Standard_720p_60fps_15s
2233,1,p4x4,1,1.3653973567571176,1,12,0,7,25.323031479078928,2:2,none,0,98,4,umh,38,0,0,cbr,0,baseline,0.9859873526355616,22,14,240,2,76,11,8,2,0,2,Standard_720p_60fps_15s
2233,1,none,1,1.3653973567571176,0,0,0,7,41.62378391495786,-3:3,none,0,98,4,umh,19,0,0,none,0,baseline,0.9859873526355616,22,14,240,2,76,11,8,2,0,2,Standard_720p_60fps_15s
2233,1,none,1,1.3653973567571176,0,9,0,7,25.323031479078928,2:2,none,0,147,3,umh,38,0,0,cbr,1,baseline,0.9859873526355616,22,14,240,2,76,6,8,2,0,2,Standard_720p_60fps_15s
2233,1,p4x4,1,1.3653973567571176,1,12,0,-5,25.323031479078928,2:2,none,1,98,4,umh,19,0,0,none,0,baseline,0.9859873526355616,22,14,23,2,81,11,8,2,0,2,Standard_720p_60fps_15s
1908,1,p4x4,3,1.3381699574248425,1,8,0,7,41.62378391495786,-3:3,none,0,98,4,umh,19,0,0,none,1,baseline,0.9859873526355616,35,14,240,3,76,8,8,2,0,2,Standard_720p_60fps_15s
1602,1,p4x4,0,0.2696951858659385,2,11,1,7,41.62378391495786,2:2,none,0,98,4,umh,19,0,0,none,0,baseline,0.9859873526355616,22,14,240,2,76,5,8,2,0,2,Standard_720p_60fps_15s
1602,1,p4x4,0,0.2696951858659385,1,4,1,7,41.62378391495786,2:2,none,0,98,4,hex,19,0,0,none,0,baseline,0.9859873526355616,22,14,240,2,76,3,8,2,0,2,Standard_720p_60fps_15s
1602,1,p4x4,0,0.2696951858659385,2,11,0,7,41.62378391495786,2:2,none,0,309,4,esa,19,0,0,none,0,baseline,0.9859873526355616,22,14,240,2,76,11,8,2,0,2,Standard_720p_60fps_15s
96,0,none,1,1.2284413190883303,0,5,0,7,20.60851486732971,-4:4,auto,0,392,2,umh,54,0,1,cbr,1,main,0.0311007961760659,37,18,28,7,21,9,12,0,0,0,Standard_720p_60fps_15s
96,0,none,1,0.0517809269619148,0,5,0,7,20.60851486732971,-4:4,auto,0,392,2,umh,54,0,1,cbr,1,main,0.0311007961760659,37,18,28,7,21,9,12,0,0,0,Standard_720p_60fps_15s
96,0,none,1,0.0517809269619148,0,5,0,7,4.959411982839231,-4:4,auto,0,392,2,tesa,54,0,1,cbr,0,main,0.0311007961760659,37,18,28,7,21,9,12,0,1,0,Standard_720p_60fps_15s
96,0,none,1,0.0517809269619148,0,5,1,7,4.959411982839231,-4:4,auto,0,403,2,tesa,54,0,1,cbr,0,main,0.0311007961760659,37,12,28,7,21,9,12,0,0,0,Standard_720p_60fps_15s
96,0,none,1,0.0517809269619148,0,5,0,7,4.959411982839231,-4:4,auto,0,392,2,tesa,54,0,1,cbr,0,main,0.0311007961760659,37,18,28,7,21,9,12,1,1,0,Standard_720p_60fps_15s
96,0,none,1,1.2284413190883303,0,5,0,7,20.60851486732971,-4:4,auto,0,392,3,umh,54,0,1,cbr,1,main,0.0311007961760659,47,12,28,7,80,0,11,1,0,0,Standard_720p_60fps_15s
1908,0,p4x4,3,1.3381699574248425,1,8,1,-6,32.12479386678222,-3:3,temporal,0,29,0,dia,54,1,1,none,0,baseline,0.9101993554684676,48,6,236,2,80,0,49,0,0,0,Standard_1080p_25fps_20s
1042,1,none,3,0.0965984911501383,1,14,0,-2,23.21909479916627,0:0,temporal,1,29,4,hex,6,1,0,cbr,1,baseline,0.1051971332562105,24,6,236,10,80,3,11,0,0,1,Standard_1080p_25fps_20s
1042,1,none,3,0.8694210481076649,0,14,0,-2,23.21909479916627,0:0,temporal,1,29,4,hex,6,1,0,cbr,1,baseline,0.1051971332562105,24,6,236,10,80,3,2,2,0,1,Standard_1080p_25fps_20s
1042,1,none,3,0.0965984911501383,1,14,0,-2,20.760650788870446,0:0,temporal,1,29,4,hex,6,0,1,cbr,1,baseline,0.1051971332562105,24,6,236,8,80,3,11,0,0,1,Standard_1080p_25fps_20s
1042,1,none,3,0.0965984911501383,1,14,0,4,23.21909479916627,0:0,temporal,1,29,4,hex,6,1,0,cbr,1,baseline,0.1051971332562105,24,6,236,10,80,0,11,0,0,1,Standard_1080p_25fps_20s
1042,1,none,3,0.0965984911501383,1,14,0,-2,23.21909479916627,0:0,temporal,1,29,4,hex,6,1,0,cbr,1,baseline,0.1051971332562105,24,6,236,10,76,3,6,1,0,0,Standard_1080p_25fps_20s
1042,1,none,3,0.0965984911501383,1,14,0,-1,20.760650788870446,0:0,temporal,1,29,4,hex,10,0,1,cbr,1,baseline,0.1051971332562105,24,14,112,8,80,3,11,0,0,1,Standard_1080p_25fps_20s
1042,1,none,3,0.0965984911501383,1,14,0,-2,48.36260491669334,0:0,temporal,1,29,4,hex,31,0,1,cbr,1,baseline,0.1051971332562105,27,6,236,8,80,8,11,0,0,1,Standard_1080p_25fps_20s
1042,1,none,0,0.5767666522527548,0,14,1,-2,9.321228297970876,3:-3,temporal,1,29,4,hex,6,1,0,vbr,1,baseline,0.1051971332562105,24,6,156,10,80,3,2,2,0,1,Standard_1080p_25fps_20s
1042,1,none,3,0.0965984911501383,1,14,0,-1,20.760650788870446,0:0,temporal,1,29,4,hex,10,1,1,cbr,1,baseline,0.1051971332562105,24,17,112,8,80,3,62,0,0,1,Standard_1080p_25fps_20s
1042,1,none,3,0.8694210481076649,0,14,0,-2,23.21909479916627,0:0,temporal,1,29,4,hex,6,1,0,cbr,1,baseline,0.1051971332562105,24,17,236,10,80,3,28,2,0,1,Standard_1080p_25fps_20s
1042,1,none,3,0.0965984911501383,1,14,0,-2,48.36260491669334,3:-3,temporal,1,118,4,hex,31,0,1,cbr,1,baseline,0.1051971332562105,27,6,236,10,80,3,2,2,0,1,Standard_1080p_25fps_20s
1042,1,none,3,0.8694210481076649,0,14,0,-2,23.21909479916627,0:0,temporal,1,29,4,hex,6,1,0,cbr,1,baseline,0.1051971332562105,24,6,236,8,80,8,11,0,0,1,Standard_1080p_25fps_20s
1462,0,none,3,0.8694210481076649,0,14,0,-2,23.21909479916627,0:0,temporal,1,29,4,hex,6,0,1,cbr,1,baseline,0.1051971332562105,24,6,236,10,80,3,2,2,0,1,Standard_1080p_25fps_20s
1042,1,none,3,0.8694210481076649,0,14,0,-2,23.21909479916627,0:0,temporal,1,29,4,tesa,6,1,0,cbr,1,baseline,0.1051971332562105,24,6,236,10,10,3,2,2,0,1,Standard_1080p_25fps_20s
1908,0,p4x4,3,1.3381699574248425,0,8,1,-6,23.21909479916627,5:5,auto,0,322,0,dia,54,0,0,vbr,0,baseline,0.9101993554684676,48,6,236,2,80,0,11,0,0,0,Standard_1080p_25fps_20s
1908,0,p4x4,3,1.3381699574248425,0,8,1,-6,23.21909479916627,5:5,auto,0,150,0,hex,54,1,0,none,0,baseline,0.9101993554684676,48,6,236,2,80,0,11,0,0,0,Standard_1080p_25fps_20s
1908,0,p4x4,3,1.3381699574248425,0,8,1,-6,23.21909479916627,5:5,none,0,147,0,dia,54,0,0,none,0,baseline,0.9101993554684676,48,6,236,2,80,0,11,0,0,0,Standard_1080p_25fps_20s
1908,0,p4x4,3,1.3381699574248425,1,8,1,-6,32.12479386678222,5:5,temporal,0,29,0,dia,54,1,0,none,0,baseline,0.5669428058565998,48,4,236,2,66,0,11,0,0,0,Standard_1080p_25fps_20s
1908,0,p4x4,3,1.3381699574248425,1,8,1,-6,23.21909479916627,5:5,temporal,0,29,0,dia,54,1,0,none,0,baseline,0.9101993554684676,48,4,236,2,66,0,11,0,0,0,Standard_1080p_25fps_20s
1908,0,p4x4,3,1.3381699574248425,1,8,1,-6,26.78784160872932,5:5,temporal,1,29,0,dia,54,1,0,none,0,baseline,0.5195257396486981,31,13,119,2,80,0,11,2,0,0,Action_1080p_30fps_15s
2233,1,none,1,1.3653973567571176,0,9,0,7,41.62378391495786,-3:3,none,0,98,4,umh,19,0,0,none,0,baseline,0.9859873526355616,22,14,240,2,76,11,8,2,0,2,Action_1080p_30fps_15s
2233,1,none,1,1.3653973567571176,0,9,0,7,41.62378391495786,-3:3,none,0,98,4,umh,19,0,0,none,0,baseline,0.9859873526355616,22,14,240,2,76,11,17,2,0,2,Action_1080p_30fps_15s
67,0,none,3,0.8694210481076649,0,14,1,-2,13.696265346342791,0:0,none,0,18,2,hex,49,1,0,none,0,baseline,0.835904787497133,31,9,236,2,80,0,11,2,0,0,Action_1080p_30fps_15s
1908,0,p4x4,3,1.3381699574248425,1,8,1,-6,32.12479386678222,5:5,temporal,0,29,0,dia,54,1,0,none,0,baseline,0.5669428058565998,48,4,236,2,66,0,11,0,0,0,Action_1080p_30fps_15s
1908,0,p4x4,3,1.3381699574248425,0,8,1,-6,23.21909479916627,5:5,auto,0,322,0,dia,54,0,0,vbr,0,baseline,0.9101993554684676,48,6,236,2,80,0,11,0,0,0,Action_1080p_30fps_15s
1908,0,p4x4,3,1.3381699574248425,1,8,1,-6,23.21909479916627,5:5,temporal,0,29,0,dia,54,1,0,none,0,baseline,0.9101993554684676,48,4,236,2,66,0,11,0,0,0,Action_1080p_30fps_15s
1908,0,p4x4,3,1.3381699574248425,0,8,1,-6,23.21909479916627,5:5,none,0,147,0,dia,54,0,0,none,0,baseline,0.9101993554684676,48,6,236,2,80,0,11,0,0,0,Action_1080p_30fps_15s
1908,0,p4x4,3,1.3381699574248425,0,8,1,-6,23.21909479916627,5:5,auto,0,150,0,hex,54,1,0,none,0,baseline,0.9101993554684676,48,6,236,2,80,0,11,0,0,0,Action_1080p_30fps_15s
1042,0,none,3,0.8694210481076649,0,14,1,-2,29.71403796292493,0:0,none,0,307,0,hex,49,1,0,none,0,baseline,0.835904787497133,31,0,236,2,80,0,11,2,0,0,Action_1080p_30fps_15s
1908,0,p4x4,3,1.3381699574248425,0,8,1,-6,23.21909479916627,5:5,auto,0,322,0,dia,54,0,0,none,0,baseline,0.9101993554684676,48,4,236,2,80,0,11,0,0,0,Action_1080p_30fps_15s
1908,0,p8x8,3,1.3381699574248425,0,7,1,-6,23.21909479916627,5:5,auto,0,322,0,dia,54,0,0,none,1,baseline,0.9101993554684676,48,4,236,2,80,0,11,0,0,1,Action_1080p_30fps_15s
1908,0,p8x8,2,1.3381699574248425,0,8,1,2,23.21909479916627,5:5,auto,0,322,0,umh,54,0,0,none,0,baseline,0.9101993554684676,48,6,236,2,80,0,11,0,0,0,Action_1080p_30fps_15s
1908,0,p8x8,2,1.3381699574248425,0,14,1,-5,23.21909479916627,5:5,auto,1,322,0,esa,54,0,0,none,0,baseline,0.0696687293150846,48,6,236,2,80,0,11,0,0,0,Action_1080p_30fps_15s
2301,0,p4x4,3,1.3381699574248425,0,16,1,9,29.58495568862226,6:6,auto,0,322,0,dia,50,0,1,vbr,0,baseline,0.9101993554684676,48,6,236,2,80,0,11,0,0,1,Action_1080p_30fps_15s
1908,0,p4x4,3,1.3381699574248425,0,16,1,9,29.58495568862226,6:6,auto,0,322,0,dia,54,0,0,none,0,baseline,0.9101993554684676,48,6,182,2,80,0,11,0,0,0,Action_1080p_30fps_15s
1908,0,p4x4,3,1.3381699574248425,0,16,1,9,29.58495568862226,6:6,auto,0,322,0,dia,50,0,0,none,0,baseline,0.9101993554684676,48,6,236,2,80,0,11,0,0,0,Action_1080p_30fps_15s
1908,0,p4x4,3,1.3381699574248425,0,16,1,9,29.58495568862226,6:6,auto,0,322,0,dia,54,0,0,none,0,baseline,0.9101993554684676,48,6,236,2,80,0,11,0,0,0,Action_1080p_30fps_15s
1908,0,p4x4,3,1.3381699574248425,0,8,1,-6,23.21909479916627,5:5,auto,0,322,0,dia,54,0,0,none,0,baseline,0.9101993554684676,48,4,182,2,80,0,11,0,0,0,Action_1080p_30fps_15s
1908,0,p4x4,3,1.3381699574248425,0,16,1,9,29.58495568862226,6:6,none,0,98,3,umh,19,0,0,vbr,0,baseline,0.9859873526355616,29,14,240,2,80,6,2,2,0,0,Action_1080p_30fps_15s
2233,1,none,1,1.3653973567571176,0,9,0,7,41.62378391495786,-3:3,none,0,98,4,umh,19,0,0,none,0,baseline,0.9859873526355616,22,14,240,2,76,11,8,2,0,2,Still_image_720p_60fps_15s
1602,1,p4x4,0,0.2696951858659385,2,11,1,7,41.62378391495786,2:2,none,0,98,4,umh,19,0,0,none,0,baseline,0.9859873526355616,22,14,240,2,76,11,8,2,0,2,Still_image_720p_60fps_15s
1042,1,none,3,0.8694210481076649,2,13,1,-2,29.71403796292493,0:0,none,0,271,1,dia,24,1,0,none,0,baseline,0.9101993554684676,24,6,172,11,80,0,11,2,0,0,Still_image_720p_60fps_15s
1042,1,none,3,0.8694210481076649,2,13,1,-2,29.71403796292493,0:0,none,0,271,1,dia,18,1,0,none,0,baseline,0.9101993554684676,48,6,172,13,80,0,11,0,0,0,Still_image_720p_60fps_15s
1042,1,none,3,0.8694210481076649,2,13,1,-2,29.71403796292493,0:0,none,1,271,1,dia,24,1,0,none,0,baseline,0.9101993554684676,24,6,39,11,80,0,11,2,0,0,Still_image_720p_60fps_15s
1042,1,none,3,0.8694210481076649,2,13,1,-2,29.71403796292493,0:0,none,0,271,1,dia,24,1,0,vbr,0,baseline,0.9101993554684676,24,6,172,6,80,0,11,2,0,0,Still_image_720p_60fps_15s
1042,1,none,3,0.8694210481076649,2,13,1,-2,29.71403796292493,0:0,none,0,271,1,dia,24,1,0,none,0,baseline,0.9101993554684676,20,6,172,11,80,0,11,2,0,0,Still_image_720p_60fps_15s
1169,1,none,3,0.8694210481076649,2,13,1,-4,29.71403796292493,0:0,none,0,271,1,dia,24,1,0,none,0,baseline,0.4347372512789482,20,6,172,11,80,0,11,2,0,0,Still_image_720p_60fps_15s
1042,1,none,3,0.8694210481076649,2,13,1,-2,29.71403796292493,0:0,none,0,445,1,dia,24,1,0,none,0,baseline,0.9101993554684676,24,6,172,11,80,0,11,2,0,0,Still_image_720p_60fps_15s
1042,1,none,3,0.8694210481076649,2,13,1,-2,29.71403796292493,0:0,none,1,271,1,dia,24,1,0,none,0,baseline,0.9101993554684676,24,4,39,9,80,0,11,2,0,0,Still_image_720p_60fps_15s
2233,1,"p8x8,b8x8,i8x8,i4x4",0,0.8694210481076649,0,8,1,-5,23.21909479916627,5:5,auto,0,150,0,hex,54,1,0,none,0,baseline,0.8685540781564082,48,6,236,2,88,0,55,0,0,0,Still_image_720p_60fps_15s
2233,1,"p8x8,b8x8,i8x8,i4x4",0,0.8694210481076649,0,8,1,-5,23.21909479916627,5:5,auto,0,497,0,hex,54,1,0,none,0,baseline,0.8685540781564082,48,6,236,9,88,0,55,0,0,0,Still_image_720p_60fps_15s
1602,1,p4x4,2,0.2696951858659385,2,11,0,7,41.62378391495786,1:1,none,1,98,0,hex,4,1,0,none,1,baseline,0.1051971332562105,21,6,236,2,80,0,24,0,0,0,Still_image_720p_60fps_15s
810,1,p4x4,0,1.3381699574248425,0,8,1,-6,23.21909479916627,0:0,temporal,0,29,4,hex,4,1,0,none,1,baseline,0.1051971332562105,24,6,236,13,80,0,11,0,0,0,Still_image_720p_60fps_15s
1042,1,none,3,0.8694210481076649,0,14,1,-2,9.321228297970876,0:0,temporal,0,29,4,hex,4,1,0,none,1,baseline,0.1051971332562105,24,6,236,13,80,3,11,0,0,0,Still_image_720p_60fps_15s
653,0,p4x4,3,0.0216368373692458,0,8,1,-5,23.21909479916627,5:5,auto,0,150,0,hex,54,1,0,none,0,baseline,0.8685540781564082,48,6,236,2,88,0,11,0,0,0,Still_image_720p_60fps_15s
1042,1,none,3,0.8694210481076649,0,14,1,-2,29.71403796292493,0:0,none,0,307,0,hex,49,1,0,none,0,baseline,0.835904787497133,31,0,236,2,46,0,11,2,0,0,Still_image_720p_60fps_15s
1042,0,none,3,0.8694210481076649,0,13,1,-2,29.71403796292493,0:0,none,0,271,1,hex,24,1,0,none,0,baseline,0.9101993554684676,48,6,236,13,80,0,11,0,0,0,Still_image_720p_60fps_15s
2233,1,none,0,0.8694210481076649,0,14,1,-2,9.321228297970876,0:0,temporal,1,29,4,hex,31,1,0,none,1,baseline,0.1051971332562105,24,6,236,13,80,3,11,0,0,0,Still_image_720p_60fps_15s
1042,1,"p8x8,b8x8,i8x8,i4x4",3,0.8694210481076649,0,14,1,-2,23.21909479916627,0:0,temporal,0,29,4,hex,4,1,0,none,1,baseline,0.1051971332562105,24,6,236,14,21,1,12,0,0,0,Still_image_720p_60fps_15s
2233,1,none,1,1.3653973567571176,0,9,0,7,41.62378391495786,-3:3,none,0,98,4,umh,19,0,0,none,0,baseline,0.9859873526355616,22,14,240,2,76,11,8,2,0,2,Still_image_1080p_25fps_5s
1602,1,p4x4,0,0.2696951858659385,2,11,1,7,41.62378391495786,2:2,none,0,98,4,umh,19,0,0,none,0,baseline,0.9859873526355616,22,14,240,2,76,11,8,2,0,2,Still_image_1080p_25fps_5s
1680,1,none,1,1.3653973567571176,0,9,0,7,41.62378391495786,-3:3,none,0,98,4,umh,12,0,0,none,0,baseline,0.7443620181062184,22,14,240,2,76,11,8,2,0,2,Still_image_1080p_25fps_5s
1602,1,p4x4,0,0.2696951858659385,1,0,0,7,41.62378391495786,2:2,auto,0,98,4,umh,19,0,0,none,0,baseline,0.9859873526355616,22,14,102,2,56,11,8,2,0,2,Still_image_1080p_25fps_5s
1602,1,p4x4,2,0.2696951858659385,2,4,0,7,41.62378391495786,2:2,auto,0,198,4,umh,19,0,0,none,0,baseline,0.9859873526355616,22,14,102,2,56,11,8,2,0,2,Still_image_1080p_25fps_5s
1042,1,none,3,0.8694210481076649,0,14,1,-2,9.321228297970876,0:0,temporal,0,29,4,hex,4,1,0,none,1,baseline,0.1051971332562105,24,6,236,13,80,3,11,0,0,0,Still_image_1080p_25fps_5s
1042,0,"p8x8,b8x8,i8x8,i4x4",3,0.8694210481076649,0,14,1,-2,23.21909479916627,0:0,temporal,0,29,4,hex,4,1,0,none,1,baseline,0.1051971332562105,24,6,236,13,80,0,11,0,0,0,Still_image_1080p_25fps_5s
1602,1,p4x4,2,0.2696951858659385,2,11,0,7,41.62378391495786,1:1,none,1,98,0,hex,4,1,0,none,1,baseline,0.1051971332562105,21,6,236,2,80,0,24,0,0,0,Still_image_1080p_25fps_5s
810,1,p4x4,0,1.3381699574248425,0,8,1,-6,23.21909479916627,0:0,temporal,0,29,4,hex,4,1,0,none,1,baseline,0.1051971332562105,24,6,236,13,80,0,11,0,0,0,Still_image_1080p_25fps_5s
1602,1,p4x4,2,0.2696951858659385,2,11,0,7,41.62378391495786,1:1,none,0,29,4,hex,30,1,1,none,1,main,0.1051971332562105,50,6,236,11,80,0,11,0,0,0,Still_image_1080p_25fps_5s
2233,1,none,0,0.8694210481076649,0,14,1,-2,9.321228297970876,0:0,temporal,1,29,4,hex,31,1,0,none,1,baseline,0.1051971332562105,24,6,236,13,80,3,11,0,0,0,Still_image_1080p_25fps_5s
1042,1,"p8x8,b8x8,i8x8,i4x4",3,0.8694210481076649,0,14,1,-2,23.21909479916627,0:0,temporal,0,29,4,hex,4,1,0,none,1,baseline,0.1051971332562105,24,6,236,14,21,1,12,0,0,0,Still_image_1080p_25fps_5s
1042,1,none,3,0.8694210481076649,0,14,1,-2,9.321228297970876,0:0,temporal,0,29,4,hex,4,1,0,none,1,baseline,0.1051971332562105,24,6,236,13,80,3,11,0,0,2,Still_image_1080p_25fps_5s
1042,0,"p8x8,b8x8,i8x8,i4x4",1,0.8694210481076649,0,14,1,-2,23.21909479916627,0:0,temporal,0,272,4,hex,4,1,0,none,1,baseline,0.1051971332562105,24,6,236,13,31,3,11,0,0,0,Still_image_1080p_25fps_5s
1042,1,"p8x8,b8x8,i8x8,i4x4",3,0.8694210481076649,0,14,1,-2,23.21909479916627,0:0,temporal,1,29,4,hex,4,1,0,none,1,baseline,0.1051971332562105,24,6,236,14,21,2,12,0,0,0,Still_image_1080p_25fps_5s
1602,1,p4x4,2,0.2696951858659385,2,11,0,7,41.62378391495786,1:1,temporal,0,316,4,hex,4,1,0,none,1,baseline,0.1051971332562105,24,6,236,14,21,1,12,0,0,0,Still_image_1080p_25fps_5s
2340,1,all,3,1.3381699574248425,0,8,1,-6,23.21909479916627,5:5,none,0,455,0,hex,54,1,0,none,0,baseline,0.9101993554684676,48,18,236,13,80,3,11,0,0,0,Still_image_1080p_25fps_5s
1908,1,p4x4,3,1.3381699574248425,1,9,1,-6,23.21909479916627,5:5,temporal,0,29,2,hex,54,1,0,none,0,baseline,0.9101993554684676,48,16,236,13,80,3,11,0,0,0,Still_image_1080p_25fps_5s
1042,1,"p8x8,b8x8,i8x8,i4x4",3,0.8694210481076649,0,14,0,-2,23.21909479916627,0:0,temporal,0,29,4,hex,4,1,0,none,1,baseline,0.1051971332562105,24,9,236,14,24,1,12,0,0,0,Still_image_1080p_25fps_5s
1042,1,none,3,0.8694210481076649,0,14,1,-2,8.355408567258191,0:0,none,0,29,4,esa,4,1,0,none,1,baseline,0.1051971332562105,24,6,236,13,80,3,11,0,0,2,Still_image_1080p_25fps_5s
1602,1,p4x4,0,0.2696951858659385,2,11,1,7,41.62378391495786,2:2,none,0,98,4,umh,19,0,0,none,0,baseline,0.9859873526355616,22,14,240,2,76,11,8,2,0,2,Big_1080p_30fps_20s
2233,1,none,1,1.3653973567571176,0,9,0,7,41.62378391495786,-3:3,none,0,98,4,umh,19,0,0,none,0,baseline,0.9859873526355616,22,14,240,2,76,11,8,2,0,2,Big_1080p_30fps_20s
1602,1,p4x4,0,0.2696951858659385,2,11,1,7,26.07578393076734,2:2,none,0,98,4,umh,19,0,0,none,0,baseline,0.892616229391442,22,14,240,2,80,11,31,2,0,2,Big_1080p_30fps_20s
1602,1,p4x4,0,0.2696951858659385,2,12,1,7,26.07578393076734,2:2,none,0,98,4,umh,19,0,0,none,0,baseline,0.892616229391442,22,14,191,2,80,11,31,2,0,2,Big_1080p_30fps_20s
1602,1,p4x4,0,0.6636506369864832,2,11,1,7,41.62378391495786,2:2,none,0,98,4,umh,19,0,0,none,0,baseline,0.9859873526355616,22,14,240,2,70,11,8,2,0,2,Big_1080p_30fps_20s
1602,1,p4x4,0,0.9065584540988204,2,11,0,7,26.07578393076734,2:2,none,0,98,4,umh,54,0,0,none,1,baseline,0.892616229391442,20,14,240,2,80,11,31,2,0,2,Big_1080p_30fps_20s
1908,0,p4x4,3,1.3381699574248425,1,8,1,-6,32.12479386678222,-3:3,temporal,0,29,0,dia,54,1,1,none,0,baseline,0.9101993554684676,48,6,236,2,80,0,49,0,0,0,Big_1080p_30fps_20s
1908,1,p4x4,3,1.3381699574248425,0,2,0,-6,27.39947587544656,-3:3,none,1,29,0,dia,55,1,1,none,0,baseline,0.2936072966817015,48,6,236,14,21,2,12,0,0,0,Big_1080p_30fps_20s
1042,1,none,3,0.8694210481076649,0,14,1,-2,9.321228297970876,0:0,temporal,0,29,4,hex,4,1,0,none,1,baseline,0.1051971332562105,24,6,236,13,80,3,11,0,0,0,Big_1080p_30fps_20s
810,1,p4x4,0,1.3381699574248425,0,8,1,-6,23.21909479916627,0:0,temporal,0,29,4,hex,4,1,0,none,1,baseline,0.1051971332562105,24,6,236,13,80,0,11,0,0,0,Big_1080p_30fps_20s
1602,1,p4x4,2,0.2696951858659385,2,11,0,7,41.62378391495786,1:1,none,1,98,0,hex,4,1,0,none,1,baseline,0.1051971332562105,21,6,236,2,80,0,24,0,0,0,Big_1080p_30fps_20s
1042,0,"p8x8,b8x8,i8x8,i4x4",3,0.8694210481076649,0,14,1,-2,23.21909479916627,0:0,temporal,0,29,4,hex,4,1,0,none,1,baseline,0.1051971332562105,24,6,236,13,80,0,11,0,0,0,Big_1080p_30fps_20s
2233,1,none,0,0.8694210481076649,0,14,1,-2,9.321228297970876,0:0,temporal,1,29,4,hex,31,1,0,none,1,baseline,0.1051971332562105,24,6,236,13,80,3,11,0,0,0,Big_1080p_30fps_20s
1042,1,"p8x8,b8x8,i8x8,i4x4",3,0.8694210481076649,0,14,1,-2,23.21909479916627,0:0,temporal,0,29,4,hex,4,1,0,none,1,baseline,0.1051971332562105,24,6,236,14,21,1,12,0,0,0,Big_1080p_30fps_20s
1042,0,"p8x8,b8x8,i8x8,i4x4",1,0.8694210481076649,0,14,1,-2,23.21909479916627,0:0,temporal,0,272,4,hex,4,1,0,none,1,baseline,0.1051971332562105,24,6,236,13,31,3,11,0,0,0,Big_1080p_30fps_20s
1042,1,none,3,0.8694210481076649,0,14,1,-2,9.321228297970876,0:0,temporal,0,29,4,hex,4,1,0,none,1,baseline,0.1051971332562105,24,6,236,13,80,3,11,0,0,2,Big_1080p_30fps_20s
1042,1,"p8x8,b8x8,i8x8,i4x4",3,0.8694210481076649,0,14,1,-2,23.21909479916627,0:0,temporal,1,29,4,hex,4,1,0,none,1,baseline,0.1051971332562105,24,6,236,14,21,2,12,0,0,0,Big_1080p_30fps_20s
1602,1,p4x4,2,0.2696951858659385,2,11,0,7,41.62378391495786,1:1,temporal,0,316,4,hex,4,1,0,none,1,baseline,0.1051971332562105,24,6,236,14,21,1,12,0,0,0,Big_1080p_30fps_20s
1042,1,"p8x8,b8x8,i8x8,i4x4",3,0.8694210481076649,0,14,0,-2,23.21909479916627,0:0,temporal,0,29,4,hex,4,1,0,none,1,main,0.1051971332562105,24,6,236,13,80,0,11,0,0,0,Big_1080p_30fps_20s
1042,1,none,3,0.8694210481076649,0,14,1,-2,9.321228297970876,0:0,none,0,29,4,esa,63,1,1,none,1,baseline,0.1051971332562105,24,4,236,10,80,3,11,0,0,1,Big_1080p_30fps_20s
1908,0,p4x4,3,1.3381699574248425,0,8,1,-6,23.21909479916627,5:5,auto,0,322,0,dia,54,0,0,none,0,baseline,0.9101993554684676,48,4,236,2,80,0,11,0,0,0,Action_1080p_30fps_20s
1908,0,p4x4,3,1.3381699574248425,0,8,1,-6,23.21909479916627,5:5,auto,0,322,0,dia,54,0,0,vbr,0,baseline,0.9101993554684676,48,6,236,2,80,0,11,0,0,0,Action_1080p_30fps_20s
1908,0,p4x4,3,1.3381699574248425,0,8,1,-6,23.21909479916627,5:5,none,0,147,0,dia,54,0,0,none,0,baseline,0.9101993554684676,48,6,236,2,80,0,11,0,0,0,Action_1080p_30fps_20s
1908,0,p4x4,3,1.3381699574248425,1,8,1,-6,32.12479386678222,5:5,temporal,0,29,0,dia,54,1,0,none,0,baseline,0.5669428058565998,48,4,236,2,66,0,11,0,0,0,Action_1080p_30fps_20s
1908,0,p4x4,3,1.3381699574248425,0,8,1,-6,23.21909479916627,5:5,auto,0,150,0,hex,54,1,0,none,0,baseline,0.9101993554684676,48,6,236,2,80,0,11,0,0,0,Action_1080p_30fps_20s
1908,0,p8x8,3,1.3381699574248425,0,7,1,-6,23.21909479916627,5:5,auto,0,322,0,dia,54,0,0,none,1,baseline,0.9101993554684676,48,4,236,2,80,0,11,0,0,1,Action_1080p_30fps_20s
1908,0,p4x4,3,1.3381699574248425,1,8,1,-6,23.21909479916627,5:5,temporal,0,29,0,dia,54,1,0,none,0,baseline,0.9101993554684676,48,4,236,2,66,0,11,0,0,0,Action_1080p_30fps_20s
1042,0,none,3,0.8694210481076649,0,14,1,-2,29.71403796292493,0:0,none,0,307,0,hex,49,1,0,none,0,baseline,0.835904787497133,31,0,236,2,80,0,11,2,0,0,Action_1080p_30fps_20s
1908,0,p4x4,3,1.3381699574248425,0,8,1,-4,23.21909479916627,5:5,temporal,0,155,0,dia,54,0,1,vbr,0,baseline,0.9101993554684676,48,6,69,2,80,0,11,0,0,0,Action_1080p_30fps_20s
1908,0,p4x4,3,1.3381699574248425,1,8,1,-6,32.12479386678222,5:5,temporal,0,29,0,dia,54,1,0,none,0,baseline,0.5669428058565998,48,4,236,2,80,0,11,0,0,1,Action_1080p_30fps_20s
1908,0,p4x4,3,1.3381699574248425,0,8,1,-4,23.21909479916627,5:5,temporal,0,155,0,dia,54,0,1,vbr,0,baseline,0.9101993554684676,48,12,69,2,80,0,11,0,0,1,Action_1080p_30fps_20s
1908,0,p8x8,3,1.3381699574248425,0,7,1,-8,15.086797179406874,5:5,auto,0,322,0,dia,54,0,0,none,0,baseline,0.5669428058565998,48,4,236,2,66,0,11,0,0,0,Action_1080p_30fps_20s
1908,0,all,3,1.3381699574248425,0,8,1,-6,23.21909479916627,5:5,auto,1,150,0,hex,54,0,0,none,0,baseline,0.9101993554684676,48,6,236,2,80,0,11,0,0,0,Action_1080p_30fps_20s
1908,0,p4x4,1,1.3381699574248425,0,8,1,-4,23.21909479916627,5:5,temporal,0,155,0,dia,54,0,1,vbr,0,baseline,0.9101993554684676,48,12,69,2,80,0,11,0,0,0,Action_1080p_30fps_20s
1908,0,p8x8,3,1.3381699574248425,0,7,1,-8,15.086797179406874,5:5,auto,0,322,0,tesa,54,0,1,vbr,0,baseline,0.5669428058565998,48,4,236,2,66,0,11,0,0,0,Action_1080p_30fps_20s
1908,0,all,3,1.3381699574248425,0,8,1,-6,23.21909479916627,5:5,temporal,1,150,0,hex,54,1,0,none,0,baseline,0.2633611247773718,48,6,2,2,80,0,11,0,0,0,Action_1080p_30fps_20s
1908,0,p4x4,3,1.3381699574248425,1,8,1,-4,34.69620900095657,5:5,temporal,0,155,0,dia,54,0,1,vbr,0,baseline,0.9101993554684676,48,12,69,2,59,0,11,0,0,1,Action_1080p_30fps_20s
1908,0,p4x4,3,1.3381699574248425,1,8,1,-6,32.12479386678222,5:5,temporal,0,29,0,dia,54,0,0,vbr,0,baseline,0.9101993554684676,48,4,236,2,80,0,11,0,0,0,Action_1080p_30fps_20s
1042,1,none,3,0.8694210481076649,2,13,1,-2,29.71403796292493,0:0,none,0,271,1,dia,24,1,0,none,0,baseline,0.9101993554684676,24,6,172,11,80,0,11,2,0,0,Action_1080p_30fps_20s
1042,1,none,3,0.8694210481076649,2,13,1,-2,29.71403796292493,0:0,none,0,445,1,dia,24,1,0,none,0,baseline,0.9101993554684676,24,6,172,11,80,0,11,2,0,0,Action_1080p_30fps_20s
1042,0,"p8x8,b8x8,i8x8,i4x4",0,0.8694210481076649,0,14,0,-6,29.71403796292493,6:6,auto,0,322,0,dia,54,0,0,none,0,baseline,0.9101993554684676,25,8,236,4,80,0,11,0,0,0,Still_image_1080p_25fps_15s
96,0,none,1,0.0517809269619148,0,8,1,-6,11.66327662283431,5:5,auto,0,32,4,dia,35,1,0,vbr,1,high,0.3316802394650799,46,5,5,8,12,8,46,1,1,1,Still_image_1080p_25fps_15s
96,0,none,2,1.565949306121068,0,5,1,7,20.60851486732971,-4:4,auto,0,55,2,esa,35,1,1,vbr,1,high,0.3316802394650799,46,5,154,8,12,8,46,1,1,1,Still_image_1080p_25fps_15s
96,1,none,1,0.0517809269619148,0,5,1,-6,11.66327662283431,5:5,auto,0,32,4,dia,35,1,0,vbr,1,high,0.3316802394650799,46,5,88,9,12,8,24,1,1,2,Still_image_1080p_25fps_15s
96,0,none,2,1.565949306121068,0,5,1,7,20.60851486732971,-4:4,auto,0,55,2,esa,35,1,0,vbr,1,high,0.3316802394650799,46,5,154,8,12,5,46,1,1,1,Still_image_1080p_25fps_15s
96,1,none,1,0.0517809269619148,0,5,1,-6,11.66327662283431,5:5,auto,0,32,4,dia,35,1,0,vbr,1,high,0.3316802394650799,46,5,239,9,12,8,24,1,1,2,Still_image_1080p_25fps_15s
96,0,none,2,1.565949306121068,0,5,1,7,20.60851486732971,-4:4,auto,0,55,4,esa,35,1,1,vbr,1,high,0.3316802394650799,46,4,154,8,12,8,46,1,1,1,Still_image_1080p_25fps_15s
96,0,none,2,1.565949306121068,0,5,1,7,20.60851486732971,-4:4,auto,0,3,4,esa,35,1,1,vbr,1,high,0.3316802394650799,46,5,195,8,12,8,46,1,1,1,Still_image_1080p_25fps_15s
96,0,none,1,0.0517809269619148,0,11,1,-6,11.66327662283431,5:5,auto,0,32,4,dia,35,1,0,vbr,1,high,0.3316802394650799,42,5,88,9,12,8,24,1,1,2,Still_image_1080p_25fps_15s
96,1,p8x8,2,1.565949306121068,0,5,1,7,25.900737986861383,-4:4,auto,0,55,2,esa,35,1,0,vbr,1,high,0.3316802394650799,46,5,154,8,12,5,46,0,1,1,Still_image_1080p_25fps_15s
96,0,none,3,0.0517809269619148,0,5,1,7,20.60851486732971,-4:4,auto,0,55,2,esa,12,1,0,vbr,1,high,0.3316802394650799,46,5,154,8,12,5,46,1,1,1,Still_image_1080p_25fps_15s
96,0,none,1,1.5062724146879838,0,5,0,-2,20.60851486732971,-4:4,auto,0,392,3,umh,54,0,0,cbr,1,main,0.0311007961760659,23,12,28,10,21,3,12,0,0,0,Still_image_1080p_25fps_15s
1908,0,p4x4,3,1.3381699574248425,0,8,1,-6,23.21909479916627,5:5,auto,0,322,0,dia,54,0,0,none,0,baseline,0.9101993554684676,48,4,236,2,80,0,11,0,0,0,Still_image_1080p_25fps_15s
1042,0,none,3,0.8694210481076649,0,14,1,-6,29.71403796292493,6:6,auto,0,322,0,dia,54,0,0,none,0,baseline,0.9101993554684676,25,8,236,4,80,0,11,0,0,0,Still_image_1080p_25fps_15s
96,0,none,1,0.0517809269619148,0,5,0,7,20.60851486732971,-4:4,auto,0,392,2,umh,54,0,1,cbr,1,main,0.0311007961760659,37,18,28,7,21,9,12,0,0,0,Still_image_1080p_25fps_15s
96,0,none,1,1.2284413190883303,0,5,0,7,20.60851486732971,-4:4,auto,0,392,2,umh,54,0,1,cbr,1,main,0.0311007961760659,37,18,28,7,21,9,12,0,0,0,Still_image_1080p_25fps_15s
96,0,none,1,0.0517809269619148,0,5,0,7,20.60851486732971,-4:4,auto,0,392,2,umh,54,0,1,cbr,1,main,0.0311007961760659,37,18,28,7,29,9,12,0,0,0,Still_image_1080p_25fps_15s
96,0,none,1,0.0517809269619148,0,13,0,7,20.60851486732971,-4:4,auto,0,392,2,umh,24,0,1,cbr,1,main,0.0311007961760659,37,12,28,10,21,3,12,0,0,0,Still_image_1080p_25fps_15s
96,0,none,1,0.0517809269619148,0,5,0,7,20.60851486732971,-4:4,auto,0,392,2,esa,24,0,1,cbr,1,main,0.0311007961760659,37,12,28,10,21,3,12,0,0,0,Still_image_1080p_25fps_15s
96,0,none,2,1.2284413190883303,0,5,0,7,20.60851486732971,-4:4,auto,0,378,2,umh,54,0,1,none,0,main,0.9101993554684676,25,8,236,4,80,0,11,0,0,0,Still_image_1080p_25fps_15s
1042,1,none,3,0.0965984911501383,1,14,0,-2,48.36260491669334,0:0,temporal,1,29,4,hex,31,0,1,cbr,1,baseline,0.1051971332562105,27,6,236,8,80,8,11,0,0,1,Action_1080p_60fps_5s
1042,1,none,3,0.0965984911501383,1,14,0,-1,20.760650788870446,0:0,temporal,1,29,4,hex,10,1,1,cbr,1,baseline,0.1051971332562105,24,17,112,8,80,3,62,0,0,1,Action_1080p_60fps_5s
1042,1,none,0,0.5767666522527548,0,14,1,-2,9.321228297970876,3:-3,temporal,1,29,4,hex,6,1,0,vbr,1,baseline,0.1051971332562105,24,6,156,10,80,3,2,2,0,1,Action_1080p_60fps_5s
1602,1,none,0,0.5767666522527548,0,14,0,-2,9.321228297970876,3:-3,temporal,1,29,4,hex,22,1,0,vbr,1,baseline,0.1051971332562105,24,6,156,10,80,3,2,2,0,1,Action_1080p_60fps_5s
1042,1,none,3,0.0965984911501383,1,14,0,-1,20.760650788870446,5:5,temporal,1,29,4,hex,45,0,1,cbr,1,baseline,0.1051971332562105,24,17,112,8,80,3,62,0,0,1,Action_1080p_60fps_5s
1042,1,none,3,0.0965984911501383,1,12,0,-1,25.53653203583468,0:0,temporal,1,29,4,hex,10,1,1,cbr,1,baseline,0.1051971332562105,24,17,112,8,80,3,62,0,0,1,Action_1080p_60fps_5s
1042,1,none,3,0.0965984911501383,1,14,0,-1,20.760650788870446,0:0,temporal,1,29,4,hex,10,1,1,cbr,1,baseline,0.4154780249413559,47,14,191,2,80,11,27,2,0,2,Action_1080p_60fps_5s
1042,1,none,3,0.0965984911501383,1,3,0,-1,20.760650788870446,0:0,temporal,1,67,4,hex,10,1,1,none,1,baseline,0.4154780249413559,47,14,191,2,80,3,2,2,0,1,Action_1080p_60fps_5s
1042,1,none,0,0.5767666522527548,0,14,1,-2,9.321228297970876,3:-3,temporal,1,29,4,hex,6,1,0,vbr,1,baseline,0.1051971332562105,24,6,132,10,80,3,2,2,0,1,Action_1080p_60fps_5s
1042,1,none,3,0.0965984911501383,2,14,0,-1,17.019172844760117,5:5,temporal,1,29,4,hex,45,0,1,cbr,1,baseline,0.1051971332562105,24,6,156,12,80,3,2,2,0,1,Action_1080p_60fps_5s
776,1,all,3,0.2914691050956969,1,14,0,-1,20.760650788870446,6:-6,temporal,1,29,4,hex,31,1,1,cbr,1,main,0.1051971332562105,44,6,236,8,80,8,11,0,0,1,Action_1080p_60fps_5s
252,0,none,3,0.0965984911501383,1,14,0,-2,8.938799114824228,0:0,temporal,1,29,4,hex,45,0,1,cbr,1,baseline,0.1051971332562105,24,17,112,8,80,3,62,0,0,1,Action_1080p_60fps_5s
1042,1,none,3,0.0965984911501383,2,14,0,8,17.019172844760117,5:5,temporal,1,29,4,hex,60,0,1,cbr,1,baseline,0.1051971332562105,33,6,156,8,18,3,2,2,0,1,Action_1080p_60fps_5s
1042,1,p8x8,3,0.0965984911501383,1,14,1,-1,20.760650788870446,0:0,temporal,1,29,1,hex,10,1,1,cbr,1,baseline,0.4154780249413559,47,14,191,2,80,11,27,2,0,1,Action_1080p_60fps_5s
1042,1,none,3,0.0965984911501383,1,3,0,-1,20.760650788870446,0:0,temporal,1,67,2,hex,10,1,1,none,1,baseline,0.4154780249413559,47,14,191,2,80,3,2,2,0,1,Action_1080p_60fps_5s
1675,1,none,0,0.0965984911501383,2,3,0,-1,20.760650788870446,0:0,temporal,1,67,4,hex,10,1,1,none,1,baseline,0.4154780249413559,47,14,191,2,80,3,2,2,0,1,Action_1080p_60fps_5s
1602,1,none,0,0.5767666522527548,0,14,0,-1,20.760650788870446,0:0,temporal,1,29,4,hex,10,1,1,cbr,1,baseline,0.1051971332562105,24,17,112,8,80,3,62,0,0,1,Action_1080p_60fps_5s
1042,1,none,3,0.0965984911501383,1,14,0,-2,9.321228297970876,3:-3,temporal,1,29,4,hex,22,1,0,vbr,1,baseline,0.1051971332562105,24,8,156,10,80,3,2,2,0,1,Action_1080p_60fps_5s
776,1,all,3,0.2914691050956969,1,14,0,-1,20.760650788870446,6:-6,temporal,1,29,4,hex,45,0,1,cbr,1,baseline,0.7165240055698299,24,17,112,8,80,3,62,2,0,1,Action_1080p_60fps_5s
776,1,none,3,0.2914691050956969,1,14,0,-1,20.760650788870446,6:-6,temporal,0,29,4,hex,31,1,1,none,1,main,0.1051971332562105,44,0,132,10,80,3,61,2,0,1,Action_1080p_60fps_5s
96,0,none,1,0.0191168025844935,0,5,0,7,4.959411982839231,4:-4,temporal,1,403,3,dia,54,1,0,none,0,baseline,0.9101993554684676,48,4,40,2,18,5,11,0,0,0,Still_image_480p_30fps_5s
1908,1,p4x4,3,1.3381699574248425,1,8,1,-6,23.21909479916627,5:5,temporal,0,29,0,dia,54,1,0,none,0,baseline,0.9101993554684676,48,4,236,2,18,0,11,0,0,0,Still_image_480p_30fps_5s
1908,1,p4x4,3,1.3381699574248425,1,8,1,-6,23.21909479916627,5:5,temporal,0,29,3,dia,54,1,0,none,0,baseline,0.9101993554684676,48,4,236,2,18,3,11,0,0,0,Still_image_480p_30fps_5s
96,0,none,1,0.0517809269619148,0,5,1,7,4.959411982839231,-4:4,auto,0,403,2,tesa,54,0,1,cbr,0,main,0.0311007961760659,37,12,28,7,21,9,12,0,0,0,Still_image_480p_30fps_5s
96,0,none,1,0.0517809269619148,0,5,0,7,20.60851486732971,-4:4,auto,0,392,2,umh,54,0,1,cbr,1,main,0.0311007961760659,37,18,28,7,21,9,12,0,0,0,Still_image_480p_30fps_5s
96,0,none,1,1.2284413190883303,0,5,0,7,20.60851486732971,-4:4,auto,0,392,2,umh,54,0,1,cbr,1,main,0.0311007961760659,37,18,28,7,21,9,12,0,0,0,Still_image_480p_30fps_5s
96,0,none,1,0.0517809269619148,0,5,0,7,4.959411982839231,-4:4,auto,0,392,2,tesa,54,0,1,cbr,0,main,0.0311007961760659,37,18,28,7,21,9,12,0,1,0,Still_image_480p_30fps_5s
96,0,none,1,1.2284413190883303,0,5,0,7,20.60851486732971,-4:4,auto,0,392,3,umh,54,0,1,cbr,1,main,0.0311007961760659,47,12,28,7,80,0,11,1,0,0,Still_image_480p_30fps_5s
96,0,none,1,0.0517809269619148,0,5,0,-5,7.315625481771221,-4:4,auto,0,392,2,tesa,54,0,1,cbr,0,main,0.4040200433312959,37,18,28,7,21,8,12,0,0,0,Still_image_480p_30fps_5s
1042,0,none,1,0.0517809269619148,0,5,1,9,4.959411982839231,-4:4,auto,0,403,2,tesa,54,0,1,cbr,0,high,0.0311007961760659,37,12,28,7,21,9,12,0,0,0,Still_image_480p_30fps_5s
96,0,none,1,0.0191168025844935,0,5,1,7,4.959411982839231,4:-4,temporal,0,403,2,tesa,4,0,1,cbr,0,main,0.0311007961760659,37,12,28,7,80,0,11,1,0,0,Still_image_480p_30fps_5s
1908,1,p4x4,3,1.3381699574248425,1,8,1,12,23.21909479916627,5:5,temporal,1,29,4,hex,6,1,0,cbr,1,baseline,0.835904787497133,31,0,236,2,80,0,11,2,0,0,Still_image_480p_30fps_5s
96,0,none,1,0.0517809269619148,0,5,0,7,4.959411982839231,-1:1,auto,1,392,2,tesa,54,0,1,cbr,0,baseline,0.3350911669636198,31,0,82,2,80,0,11,2,0,0,Still_image_480p_30fps_5s
96,0,none,1,0.0191168025844935,0,5,1,10,4.959411982839231,4:-4,temporal,0,403,2,tesa,10,0,1,cbr,0,main,0.0311007961760659,37,12,28,7,80,0,2,1,1,0,Still_image_480p_30fps_5s
96,0,none,0,0.0517809269619148,0,5,0,7,4.959411982839231,-4:4,auto,0,392,2,tesa,54,0,1,cbr,0,main,0.0305585828629144,37,12,28,7,80,0,11,1,0,0,Still_image_480p_30fps_5s
1042,1,none,3,0.8694210481076649,0,14,0,10,7.315625481771221,-5:5,auto,0,392,2,tesa,54,0,1,cbr,0,main,0.4040200433312959,37,10,52,7,21,8,12,0,0,2,Still_image_480p_30fps_5s
96,0,none,1,0.0517809269619148,0,5,0,7,20.60851486732971,-4:4,none,0,392,3,umh,10,0,1,cbr,1,main,0.0311007961760659,47,12,28,7,80,0,43,1,0,1,Still_image_480p_30fps_5s
96,0,none,1,0.0191168025844935,0,5,0,7,4.959411982839231,4:-4,temporal,0,403,2,tesa,4,0,1,vbr,0,main,0.0311007961760659,37,12,28,7,0,0,11,1,0,0,Still_image_480p_30fps_5s
96,0,p8x8,1,0.0517809269619148,2,5,0,7,4.959411982839231,-4:4,auto,0,328,1,tesa,54,0,1,cbr,0,main,0.0311007961760659,37,18,28,16,80,0,2,1,1,0,Still_image_480p_30fps_5s
96,0,none,1,0.0517809269619148,0,10,0,-5,7.315625481771221,-4:4,auto,0,392,2,tesa,10,0,1,cbr,0,main,0.0311007961760659,37,12,28,7,80,0,2,1,1,0,Still_image_480p_30fps_5s
1602,1,p4x4,0,0.2696951858659385,2,11,1,7,41.62378391495786,2:2,none,0,98,4,umh,19,0,0,none,0,baseline,0.9859873526355616,22,14,240,2,76,11,8,2,0,2,Still_image_480p_25fps_20s
2233,1,none,1,1.3653973567571176,0,9,0,7,41.62378391495786,-3:3,none,0,98,4,umh,19,0,0,none,0,baseline,0.9859873526355616,22,14,240,2,76,11,8,2,0,2,Still_image_480p_25fps_20s
1908,1,p4x4,3,1.3381699574248425,1,8,1,-6,23.21909479916627,5:5,temporal,0,29,0,dia,54,1,0,none,0,baseline,0.9101993554684676,48,4,236,2,18,0,11,0,0,0,Still_image_480p_25fps_20s
1042,1,none,3,0.8694210481076649,2,13,1,-2,29.71403796292493,0:0,none,0,271,1,dia,24,1,0,none,0,baseline,0.9101993554684676,24,6,172,11,80,0,11,2,0,0,Still_image_480p_25fps_20s
1042,1,none,3,0.8694210481076649,2,13,1,-2,29.71403796292493,0:0,none,0,271,1,dia,24,1,0,vbr,0,baseline,0.9101993554684676,24,6,172,6,80,0,11,2,0,0,Still_image_480p_25fps_20s
1042,1,none,3,0.8694210481076649,2,13,1,-2,29.71403796292493,0:0,none,0,271,1,dia,24,1,0,none,0,baseline,0.9101993554684676,20,6,172,11,80,0,11,2,0,0,Still_image_480p_25fps_20s
1042,1,none,3,0.8694210481076649,2,13,1,-2,29.71403796292493,0:0,none,1,271,1,dia,24,1,0,none,0,baseline,0.9101993554684676,24,4,39,9,80,0,11,2,0,0,Still_image_480p_25fps_20s
1169,1,none,3,0.8694210481076649,2,13,1,-4,29.71403796292493,0:0,none,0,271,1,dia,24,1,0,none,0,baseline,0.4347372512789482,20,6,172,11,80,0,11,2,0,0,Still_image_480p_25fps_20s
1042,1,none,3,0.8694210481076649,2,13,1,-2,29.71403796292493,0:0,none,0,445,1,dia,24,1,0,none,0,baseline,0.9101993554684676,24,6,172,11,80,0,11,2,0,0,Still_image_480p_25fps_20s
1042,1,none,3,0.8694210481076649,2,13,1,-2,29.71403796292493,0:0,none,0,271,1,dia,18,1,0,none,0,baseline,0.9101993554684676,48,6,172,13,80,0,11,0,0,0,Still_image_480p_25fps_20s
1042,1,none,3,0.8694210481076649,2,13,1,-2,29.71403796292493,0:0,none,1,271,1,dia,24,1,0,none,0,baseline,0.9101993554684676,24,6,39,11,80,0,11,2,0,0,Still_image_480p_25fps_20s
1042,1,none,3,0.8694210481076649,2,13,1,-2,29.71403796292493,0:0,temporal,0,271,1,dia,21,1,0,none,1,baseline,0.9101993554684676,31,4,39,9,80,6,11,2,0,0,Still_image_480p_25fps_20s
1042,1,none,3,0.8694210481076649,2,13,1,-2,29.71403796292493,0:0,none,1,271,1,dia,24,1,0,none,0,baseline,0.9101993554684676,49,4,39,3,80,0,11,2,0,0,Still_image_480p_25fps_20s
1042,1,none,3,0.8694210481076649,2,13,1,-2,13.896686282017187,0:0,none,0,271,1,dia,42,1,0,none,0,baseline,0.9101993554684676,20,6,172,11,80,0,11,0,0,0,Still_image_480p_25fps_20s
1042,1,none,3,0.8694210481076649,2,13,1,-2,9.800355991945084,0:0,none,0,445,3,dia,24,1,0,none,0,baseline,0.3263273284031425,35,6,39,11,80,0,11,2,0,0,Still_image_480p_25fps_20s
1370,1,none,3,0.8694210481076649,2,13,1,-2,42.85675965367247,0:0,none,0,271,1,dia,24,1,0,none,0,baseline,0.9101993554684676,20,6,172,11,39,0,11,2,0,0,Still_image_480p_25fps_20s
1042,1,none,3,0.8694210481076649,2,13,1,-2,29.71403796292493,0:0,none,0,271,1,dia,24,1,0,vbr,0,baseline,0.9101993554684676,27,6,172,6,80,0,11,2,0,0,Still_image_480p_25fps_20s
1042,1,none,3,0.024542082593528,2,13,1,-2,29.71403796292493,0:0,none,1,271,1,dia,24,1,0,none,0,baseline,0.9101993554684676,22,4,39,9,80,0,11,2,0,0,Still_image_480p_25fps_20s
1042,1,none,3,0.8694210481076649,2,13,1,-2,9.751525344849732,0:0,none,0,271,1,dia,6,1,0,none,0,baseline,0.2455110350392596,20,6,26,11,80,0,11,0,0,0,Still_image_480p_25fps_20s
1042,1,none,3,0.8694210481076649,2,13,1,-2,29.71403796292493,0:0,none,0,271,1,dia,18,1,0,none,0,baseline,0.9101993554684676,48,6,172,13,80,0,11,0,0,2,Still_image_480p_25fps_20s
2233,1,none,1,1.3653973567571176,0,9,0,7,41.62378391495786,-3:3,none,0,98,4,umh,19,0,0,none,0,baseline,0.9859873526355616,22,14,240,2,76,11,8,2,0,2,Still_image_720p_25fps_5s
1602,1,p4x4,0,0.2696951858659385,2,11,1,7,41.62378391495786,2:2,none,0,98,4,umh,19,0,0,none,0,baseline,0.9859873526355616,22,14,240,2,76,11,8,2,0,2,Still_image_720p_25fps_5s
1602,1,p4x4,0,0.2696951858659385,1,0,0,7,41.62378391495786,2:2,auto,0,98,4,umh,19,0,0,none,0,baseline,0.9859873526355616,22,14,102,2,56,11,8,2,0,2,Still_image_720p_25fps_5s
1602,1,p4x4,2,0.2696951858659385,2,4,0,7,41.62378391495786,2:2,auto,0,198,4,umh,19,0,0,none,0,baseline,0.9859873526355616,22,14,102,2,56,11,8,2,0,2,Still_image_720p_25fps_5s
1680,1,none,1,1.3653973567571176,0,9,0,7,41.62378391495786,-3:3,none,0,98,4,umh,12,0,0,none,0,baseline,0.7443620181062184,22,14,240,2,76,11,8,2,0,2,Still_image_720p_25fps_5s
2233,1,none,1,1.3653973567571176,0,0,0,7,41.62378391495786,-3:3,none,0,98,4,umh,19,0,0,none,0,baseline,0.9859873526355616,22,14,240,2,76,11,8,2,0,2,Still_image_720p_25fps_5s
1602,1,p4x4,2,0.2696951858659385,2,11,0,7,41.62378391495786,1:1,none,0,29,2,hex,30,0,0,none,0,baseline,0.9859873526355616,22,9,60,2,76,11,16,2,0,2,Still_image_720p_25fps_5s
1602,0,p4x4,2,0.2696951858659385,1,0,0,7,41.62378391495786,2:2,auto,1,98,4,umh,19,0,0,cbr,0,baseline,0.9101993554684676,24,6,172,11,80,0,11,2,0,0,Still_image_720p_25fps_5s
1602,1,p4x4,2,0.2696951858659385,2,11,0,7,41.62378391495786,1:1,none,0,98,4,umh,12,1,0,none,1,baseline,0.7443620181062184,22,9,240,2,76,11,8,2,0,2,Still_image_720p_25fps_5s
1602,1,p4x4,1,0.2696951858659385,2,0,0,7,41.62378391495786,2:2,auto,0,98,4,umh,19,0,0,none,0,baseline,0.9859873526355616,22,14,102,2,56,11,8,2,0,2,Still_image_720p_25fps_5s
2233,1,none,1,1.3653973567571176,0,9,0,7,41.62378391495786,-3:3,none,0,98,4,umh,19,0,0,none,0,baseline,0.9859873526355616,22,6,156,2,76,11,8,2,0,2,Still_image_720p_25fps_5s
33,1,none,1,1.3653973567571176,0,9,0,7,49.36093340815193,-3:3,none,0,98,4,umh,19,0,0,none,0,baseline,0.9859873526355616,22,14,240,2,76,11,8,2,0,2,Still_image_720p_25fps_5s
1602,1,"p8x8,b8x8,i8x8,i4x4",0,0.3284443511027788,1,11,0,7,41.62378391495786,2:2,auto,1,98,4,umh,19,0,0,none,0,baseline,0.9859873526355616,22,14,240,2,76,11,8,2,0,2,Still_image_720p_25fps_5s
1602,1,p4x4,0,0.8483714452546363,2,11,1,7,41.62378391495786,2:2,none,0,98,4,umh,19,0,1,cbr,1,baseline,0.9859873526355616,22,14,240,2,76,11,8,2,0,2,Still_image_720p_25fps_5s
1042,0,"p8x8,b8x8,i8x8,i4x4",3,0.4046278796366384,0,14,0,-6,23.21909479916627,6:6,temporal,0,29,4,hex,4,1,0,none,1,baseline,0.1051971332562105,24,6,50,2,20,11,8,2,0,2,Still_image_720p_25fps_5s
1602,1,p4x4,2,0.2696951858659385,2,11,0,7,41.62378391495786,1:1,none,1,98,0,hex,4,1,0,none,1,baseline,0.1051971332562105,21,6,236,2,80,0,24,0,0,0,Still_image_720p_25fps_5s
1042,0,"p8x8,b8x8,i8x8,i4x4",3,0.8694210481076649,0,14,1,-2,23.21909479916627,0:0,temporal,0,29,4,hex,4,1,0,none,1,baseline,0.1051971332562105,24,6,236,13,80,0,11,0,0,0,Still_image_720p_25fps_5s
810,1,p4x4,0,1.3381699574248425,0,8,1,-6,23.21909479916627,0:0,temporal,0,29,4,hex,4,1,0,none,1,baseline,0.1051971332562105,24,6,236,13,80,0,11,0,0,0,Still_image_720p_25fps_5s
1042,1,none,3,0.8694210481076649,0,14,1,-2,9.321228297970876,0:0,temporal,0,29,4,hex,4,1,0,none,1,baseline,0.1051971332562105,24,6,236,13,80,3,11,0,0,0,Still_image_720p_25fps_5s
1602,1,p4x4,2,0.2696951858659385,2,11,0,7,41.62378391495786,1:1,none,0,29,4,hex,30,1,1,none,1,main,0.1051971332562105,50,6,236,11,80,0,11,0,0,0,Still_image_720p_25fps_5s
2233,1,none,1,1.3653973567571176,0,9,0,7,41.62378391495786,-3:3,none,0,98,4,umh,19,0,0,none,0,baseline,0.9859873526355616,22,14,240,2,76,11,8,2,0,2,Still_image_1080p_30fps_10s
1602,1,p4x4,0,0.2696951858659385,2,11,1,7,41.62378391495786,2:2,none,0,98,4,umh,19,0,0,none,0,baseline,0.9859873526355616,22,14,240,2,76,11,8,2,0,2,Still_image_1080p_30fps_10s
1602,1,p4x4,0,0.2696951858659385,1,0,0,7,41.62378391495786,2:2,auto,0,98,4,umh,19,0,0,none,0,baseline,0.9859873526355616,22,14,102,2,56,11,8,2,0,2,Still_image_1080p_30fps_10s
1602,1,p4x4,2,0.2696951858659385,2,4,0,7,41.62378391495786,2:2,auto,0,198,4,umh,19,0,0,none,0,baseline,0.9859873526355616,22,14,102,2,56,11,8,2,0,2,Still_image_1080p_30fps_10s
1680,1,none,1,1.3653973567571176,0,9,0,7,41.62378391495786,-3:3,none,0,98,4,umh,12,0,0,none,0,baseline,0.7443620181062184,22,14,240,2,76,11,8,2,0,2,Still_image_1080p_30fps_10s
1602,1,p4x4,0,0.2696951858659385,2,11,1,7,8.171946540186346,2:2,none,0,98,4,umh,19,0,0,none,1,baseline,0.9859873526355616,22,14,240,2,37,11,8,2,0,2,Still_image_1080p_30fps_10s
1680,1,none,1,1.3653973567571176,1,9,0,7,41.62378391495786,-3:3,none,0,98,4,umh,12,0,0,none,0,baseline,0.7443620181062184,22,14,240,2,76,11,8,2,0,2,Still_image_1080p_30fps_10s
2233,1,none,1,1.3653973567571176,0,6,0,7,41.62378391495786,-3:3,none,0,98,4,umh,19,0,0,none,0,baseline,0.9859873526355616,22,14,240,2,76,11,8,2,0,2,Still_image_1080p_30fps_10s
1602,1,p4x4,0,0.3696320182345622,1,0,0,7,41.62378391495786,2:2,auto,0,98,4,umh,19,0,0,none,0,baseline,0.9859873526355616,22,14,240,2,76,11,8,2,0,2,Still_image_1080p_30fps_10s
1042,0,none,3,0.8694210481076649,0,14,1,-2,9.321228297970876,2:-2,none,0,469,4,umh,19,0,0,none,0,baseline,0.9859873526355616,29,14,240,2,76,11,4,2,0,2,Still_image_1080p_30fps_10s
1042,1,none,3,0.8694210481076649,0,13,1,7,2.465200240574284,2:2,none,0,98,4,umh,19,0,0,none,1,baseline,0.9859873526355616,22,19,240,2,37,11,8,2,0,2,Still_image_1080p_30fps_10s
1908,0,p4x4,3,1.3381699574248425,0,8,1,-6,23.21909479916627,5:5,auto,0,322,0,dia,54,0,0,none,0,baseline,0.9101993554684676,48,4,236,2,80,0,11,0,0,0,Still_image_1080p_30fps_10s
1908,1,p4x4,3,1.3381699574248425,0,8,1,-6,23.21909479916627,5:5,auto,1,322,0,dia,54,0,1,none,0,baseline,0.9101993554684676,48,4,236,2,73,0,11,0,0,1,Still_image_1080p_30fps_10s
1042,1,none,3,0.8694210481076649,0,14,1,-2,9.321228297970876,0:0,temporal,0,29,4,hex,4,1,0,none,1,baseline,0.1051971332562105,24,6,236,13,80,3,11,0,0,0,Still_image_1080p_30fps_10s
1602,1,p4x4,2,0.2696951858659385,2,11,0,7,41.62378391495786,1:1,none,1,98,0,hex,4,1,0,none,1,baseline,0.1051971332562105,21,6,236,2,80,0,24,0,0,0,Still_image_1080p_30fps_10s
1042,0,"p8x8,b8x8,i8x8,i4x4",3,0.8694210481076649,0,14,1,-2,23.21909479916627,0:0,temporal,0,29,4,hex,4,1,0,none,1,baseline,0.1051971332562105,24,6,236,13,80,0,11,0,0,0,Still_image_1080p_30fps_10s
810,1,p4x4,0,1.3381699574248425,0,8,1,-6,23.21909479916627,0:0,temporal,0,29,4,hex,4,1,0,none,1,baseline,0.1051971332562105,24,6,236,13,80,0,11,0,0,0,Still_image_1080p_30fps_10s
2233,1,none,0,0.8694210481076649,0,14,1,-2,9.321228297970876,0:0,temporal,1,29,4,hex,31,1,0,none,1,baseline,0.1051971332562105,24,6,236,13,80,3,11,0,0,0,Still_image_1080p_30fps_10s
1042,1,"p8x8,b8x8,i8x8,i4x4",3,0.8694210481076649,0,14,1,-2,23.21909479916627,0:0,temporal,0,29,4,hex,4,1,0,none,1,baseline,0.1051971332562105,24,6,236,14,21,1,12,0,0,0,Still_image_1080p_30fps_10s
1602,1,p4x4,2,0.2696951858659385,2,11,0,7,41.62378391495786,1:1,temporal,0,316,4,hex,4,1,0,none,1,baseline,0.1051971332562105,24,6,236,14,21,1,12,0,0,0,Still_image_1080p_30fps_10s
96,0,none,3,1.2284413190883303,2,5,1,-8,20.60851486732971,-4:4,auto,0,392,2,umh,54,0,1,cbr,1,main,0.0311007961760659,37,18,28,7,21,0,2,1,0,0,Action_480p_60fps_20s
96,0,none,3,1.2284413190883303,2,5,1,-8,20.60851486732971,-4:4,auto,0,392,2,umh,54,0,1,cbr,1,baseline,0.2946031275248264,48,4,236,9,80,0,11,0,0,0,Action_480p_60fps_20s
1908,0,p4x4,3,1.3381699574248425,0,8,1,-6,23.21909479916627,5:5,auto,0,322,0,dia,54,0,0,none,0,baseline,0.9101993554684676,48,4,236,2,80,0,11,0,0,0,Action_480p_60fps_20s
1042,0,none,3,0.8694210481076649,0,14,1,-6,29.71403796292493,6:6,auto,0,322,0,dia,54,0,0,none,0,baseline,0.9101993554684676,25,8,236,4,80,0,11,0,0,0,Action_480p_60fps_20s
1042,1,none,3,0.8694210481076649,0,14,1,-7,9.321228297970876,0:0,spatial,1,138,4,dia,35,1,0,vbr,1,high,0.3316802394650799,42,5,88,9,12,8,24,1,1,2,Action_480p_60fps_20s
96,0,none,1,0.0517809269619148,0,8,1,-6,11.66327662283431,5:5,auto,0,32,4,dia,35,1,0,vbr,1,high,0.3316802394650799,46,5,5,8,12,8,46,1,1,1,Action_480p_60fps_20s
96,1,none,1,0.0517809269619148,0,5,1,-6,11.66327662283431,5:5,auto,0,32,4,dia,35,1,0,vbr,1,high,0.3316802394650799,46,5,88,9,12,8,24,1,1,2,Action_480p_60fps_20s
96,0,none,2,1.565949306121068,0,5,1,7,20.60851486732971,-4:4,auto,0,55,2,esa,35,1,1,vbr,1,high,0.3316802394650799,46,5,154,8,12,8,46,1,1,1,Action_480p_60fps_20s
96,1,none,1,0.0517809269619148,0,5,1,-6,11.66327662283431,5:5,auto,0,32,4,dia,35,1,0,vbr,1,high,0.3316802394650799,46,5,239,9,12,8,24,1,1,2,Action_480p_60fps_20s
96,0,none,2,1.565949306121068,0,5,1,7,20.60851486732971,-4:4,auto,0,3,4,esa,35,1,1,vbr,1,high,0.3316802394650799,46,5,195,8,12,8,46,1,1,1,Action_480p_60fps_20s
96,0,none,2,1.565949306121068,0,5,1,7,20.60851486732971,-4:4,auto,0,55,4,esa,35,1,1,vbr,1,high,0.3316802394650799,46,4,154,8,12,8,46,1,1,1,Action_480p_60fps_20s
96,1,p8x8,2,1.565949306121068,0,5,1,7,25.900737986861383,-4:4,auto,0,55,2,esa,35,1,0,vbr,1,high,0.3316802394650799,46,5,154,8,12,5,46,0,1,1,Action_480p_60fps_20s
96,0,none,1,0.0517809269619148,0,11,1,-6,11.66327662283431,5:5,auto,0,32,4,dia,35,1,0,vbr,1,high,0.3316802394650799,42,5,88,9,12,8,24,1,1,2,Action_480p_60fps_20s
96,0,none,2,1.565949306121068,0,5,1,7,20.60851486732971,-4:4,auto,0,55,2,esa,35,1,0,vbr,1,high,0.3316802394650799,46,5,154,8,12,5,46,1,1,1,Action_480p_60fps_20s
1042,0,none,3,0.8694210481076649,0,14,1,7,25.900737986861383,-4:4,auto,0,55,2,esa,35,1,0,vbr,1,high,0.3316802394650799,46,5,154,8,12,5,46,0,1,1,Action_480p_60fps_20s
96,0,none,2,1.565949306121068,0,5,1,7,20.60851486732971,-4:4,auto,0,55,2,esa,35,1,0,vbr,1,high,0.3316802394650799,46,11,239,9,12,8,24,0,1,2,Action_480p_60fps_20s
96,0,none,1,0.3613657947224724,0,11,1,-6,11.66327662283431,5:5,auto,0,32,4,esa,35,1,0,vbr,1,high,0.3316802394650799,46,5,88,9,12,8,24,1,1,2,Action_480p_60fps_20s
96,1,none,1,1.4090093734399498,0,5,1,-6,11.66327662283431,5:5,auto,0,43,4,hex,35,1,0,vbr,0,high,0.3316802394650799,42,5,88,9,12,8,24,1,1,2,Action_480p_60fps_20s
96,0,none,2,1.565949306121068,0,5,1,7,20.60851486732971,-4:4,auto,0,55,2,esa,35,1,0,vbr,1,high,0.8051837458672687,46,5,1,11,12,5,46,1,1,1,Action_480p_60fps_20s
96,0,none,1,1.565949306121068,0,5,1,7,20.60851486732971,-4:4,auto,0,324,2,esa,59,1,0,vbr,1,high,0.3316802394650799,46,5,0,15,12,5,46,1,1,2,Action_480p_60fps_20s
1042,1,none,3,0.0965984911501383,1,14,0,-1,20.760650788870446,0:0,temporal,1,29,4,hex,10,1,1,cbr,1,baseline,0.1051971332562105,24,17,112,8,80,3,62,0,0,1,Still_image_720p_30fps_20s
1042,1,none,3,0.0965984911501383,1,14,0,-2,48.36260491669334,0:0,temporal,1,29,4,hex,31,0,1,cbr,1,baseline,0.1051971332562105,27,6,236,8,80,8,11,0,0,1,Still_image_720p_30fps_20s
1042,1,none,0,0.5767666522527548,0,14,1,-2,9.321228297970876,3:-3,temporal,1,29,4,hex,6,1,0,vbr,1,baseline,0.1051971332562105,24,6,156,10,80,3,2,2,0,1,Still_image_720p_30fps_20s
1042,1,none,0,0.5767666522527548,0,14,1,-2,9.321228297970876,3:-3,temporal,1,29,4,hex,6,1,0,vbr,1,baseline,0.1051971332562105,24,6,132,10,80,3,2,2,0,1,Still_image_720p_30fps_20s
1042,1,none,3,0.0965984911501383,2,14,0,-1,17.019172844760117,5:5,temporal,1,29,4,hex,45,0,1,cbr,1,baseline,0.1051971332562105,24,6,156,12,80,3,2,2,0,1,Still_image_720p_30fps_20s
1042,1,none,3,0.0965984911501383,1,14,0,-1,20.760650788870446,0:0,temporal,1,29,4,hex,10,1,1,cbr,1,baseline,0.4154780249413559,47,14,191,2,80,11,27,2,0,2,Still_image_720p_30fps_20s
1042,1,none,3,0.0965984911501383,1,3,0,-1,20.760650788870446,0:0,temporal,1,67,4,hex,10,1,1,none,1,baseline,0.4154780249413559,47,14,191,2,80,3,2,2,0,1,Still_image_720p_30fps_20s
1042,1,none,3,0.0965984911501383,1,14,0,-1,20.760650788870446,5:5,temporal,1,29,4,hex,45,0,1,cbr,1,baseline,0.1051971332562105,24,17,112,8,80,3,62,0,0,1,Still_image_720p_30fps_20s
1042,1,none,3,0.0965984911501383,1,12,0,-1,25.53653203583468,0:0,temporal,1,29,4,hex,10,1,1,cbr,1,baseline,0.1051971332562105,24,17,112,8,80,3,62,0,0,1,Still_image_720p_30fps_20s
1602,1,none,0,0.5767666522527548,0,14,0,-2,9.321228297970876,3:-3,temporal,1,29,4,hex,22,1,0,vbr,1,baseline,0.1051971332562105,24,6,156,10,80,3,2,2,0,1,Still_image_720p_30fps_20s
463,1,none,0,0.0965984911501383,1,11,0,-1,20.760650788870446,0:0,temporal,1,67,4,hex,10,1,0,none,1,baseline,0.4154780249413559,47,14,191,2,80,3,2,2,0,1,Still_image_720p_30fps_20s
1042,1,none,3,0.0965984911501383,1,3,0,-1,20.760650788870446,0:0,temporal,0,67,4,hex,31,1,1,cbr,1,baseline,0.1051971332562105,27,6,236,8,80,8,3,0,0,1,Still_image_720p_30fps_20s
1042,1,none,0,0.0965984911501383,1,14,0,-2,48.36260491669334,0:0,temporal,1,29,4,hex,10,1,1,none,1,baseline,0.4154780249413559,47,14,191,2,80,3,2,2,0,1,Still_image_720p_30fps_20s
1042,1,none,3,0.0965984911501383,1,14,0,-1,20.760650788870446,0:0,temporal,1,29,4,tesa,10,1,1,cbr,1,baseline,0.1051971332562105,24,17,112,8,80,3,62,1,0,1,Still_image_720p_30fps_20s
1659,0,none,3,0.0965984911501383,2,14,0,-1,17.019172844760117,5:5,temporal,1,29,4,hex,18,0,1,cbr,1,baseline,0.1051971332562105,27,6,236,8,80,8,57,0,0,1,Still_image_720p_30fps_20s
1042,1,none,3,0.0965984911501383,1,12,0,6,48.36260491669334,0:0,temporal,1,29,4,hex,31,0,1,cbr,1,baseline,0.1051971332562105,24,6,156,12,80,3,2,2,0,1,Still_image_720p_30fps_20s
1042,1,none,3,0.0965984911501383,1,14,1,-1,20.760650788870446,5:5,temporal,1,29,4,hex,10,1,1,none,1,baseline,0.7015054135690565,47,14,191,2,80,3,2,2,0,0,Still_image_720p_30fps_20s
1042,1,none,3,0.0965984911501383,0,3,0,-1,20.760650788870446,0:0,temporal,1,29,4,hex,10,0,1,cbr,1,baseline,0.1051971332562105,24,17,112,16,80,3,62,0,0,1,Still_image_720p_30fps_20s
1042,1,none,3,0.0965984911501383,1,12,0,-1,45.237405747380215,0:0,temporal,0,67,4,hex,10,1,1,none,1,high,0.4154780249413559,47,12,191,2,80,3,2,2,0,1,Still_image_720p_30fps_20s
1042,1,p4x4,3,0.0965984911501383,1,14,0,-1,20.760650788870446,0:0,temporal,1,29,4,hex,22,1,0,vbr,1,baseline,0.1051971332562105,24,6,156,14,80,3,2,2,0,1,Still_image_720p_30fps_20s
2233,1,none,1,1.3653973567571176,2,9,0,7,41.62378391495786,-3:3,none,0,98,4,dia,19,0,1,none,0,baseline,0.7779273400757492,22,14,117,2,80,0,11,0,0,0,Action_720p_30fps_5s
810,1,p4x4,0,1.3381699574248425,0,8,1,-6,23.21909479916627,0:0,temporal,0,29,4,hex,4,1,0,none,1,baseline,0.1051971332562105,24,6,236,13,80,0,11,0,0,0,Action_720p_30fps_5s
1602,1,p4x4,2,0.2696951858659385,2,11,0,7,41.62378391495786,1:1,none,1,98,0,hex,4,1,0,none,1,baseline,0.1051971332562105,21,6,236,2,80,0,24,0,0,0,Action_720p_30fps_5s
1042,1,none,3,0.8694210481076649,0,14,1,-2,9.321228297970876,0:0,temporal,0,29,4,hex,4,1,0,none,1,baseline,0.1051971332562105,24,6,236,13,80,3,11,0,0,0,Action_720p_30fps_5s
1042,0,"p8x8,b8x8,i8x8,i4x4",3,0.8694210481076649,0,14,1,-2,23.21909479916627,0:0,temporal,0,29,4,hex,4,1,0,none,1,baseline,0.1051971332562105,24,6,236,13,80,0,11,0,0,0,Action_720p_30fps_5s
1602,1,p4x4,2,0.2696951858659385,2,11,0,7,41.62378391495786,1:1,none,0,29,4,hex,30,1,1,none,1,main,0.1051971332562105,50,6,236,11,80,0,11,0,0,0,Action_720p_30fps_5s
1602,1,p4x4,2,0.2696951858659385,1,11,0,7,41.62378391495786,1:1,none,0,51,4,hex,30,0,1,none,1,main,0.1051971332562105,24,6,236,13,80,0,11,0,0,0,Action_720p_30fps_5s
810,1,p8x8,0,1.3381699574248425,0,13,1,-6,23.21909479916627,0:0,temporal,0,29,4,hex,4,1,0,none,1,baseline,0.1051971332562105,50,6,236,11,36,0,11,0,0,0,Action_720p_30fps_5s
1908,1,none,3,1.3381699574248425,1,8,1,-6,23.21909479916627,2:2,none,0,150,0,hex,54,1,0,none,0,baseline,0.9101993554684676,46,18,236,13,80,0,11,0,0,0,Action_720p_30fps_5s
1908,1,p4x4,3,1.3381699574248425,1,8,1,-6,23.21909479916627,5:5,auto,0,29,1,dia,54,1,0,none,1,baseline,0.9101993554684676,48,4,181,2,66,6,11,0,0,0,Action_720p_30fps_5s
810,1,p8x8,2,1.3381699574248425,0,13,1,-6,15.759421606152248,0:0,temporal,0,29,4,hex,4,1,0,none,1,baseline,0.9101993554684676,50,4,236,2,18,0,11,0,0,0,Action_720p_30fps_5s
1602,1,p4x4,2,1.3381699574248425,0,13,1,-6,23.21909479916627,0:0,temporal,0,29,4,esa,4,1,0,none,0,baseline,0.6741285881561745,50,6,236,11,36,0,11,0,0,0,Action_720p_30fps_5s
1908,1,p4x4,3,1.3381699574248425,1,6,1,-2,23.21909479916627,0:0,temporal,0,29,4,hex,4,0,0,none,1,baseline,0.1051971332562105,24,6,236,13,80,0,11,0,0,0,Action_720p_30fps_5s
1602,1,none,3,0.8694210481076649,0,14,1,-2,9.321228297970876,0:0,temporal,0,29,4,esa,4,1,0,none,1,baseline,0.1051971332562105,24,6,236,13,80,3,11,2,0,0,Action_720p_30fps_5s
810,1,p4x4,0,1.3381699574248425,0,8,1,-6,23.21909479916627,0:0,temporal,0,29,4,hex,4,1,0,none,1,baseline,0.1051971332562105,24,6,183,13,80,6,59,0,0,1,Action_720p_30fps_5s
810,1,p4x4,0,1.3381699574248425,0,8,1,6,23.21909479916627,0:0,temporal,0,29,4,hex,4,1,0,none,1,baseline,0.1051971332562105,24,6,236,13,80,1,11,0,0,0,Action_720p_30fps_5s
1042,1,none,3,0.8694210481076649,0,14,1,-2,25.876297575409644,0:0,temporal,0,29,4,esa,16,1,0,none,1,baseline,0.1051971332562105,24,6,236,13,80,0,11,0,0,0,Action_720p_30fps_5s
1072,1,"p8x8,b8x8,i8x8,i4x4",3,0.8694210481076649,0,14,1,-2,23.21909479916627,0:0,temporal,0,29,4,hex,4,1,0,cbr,1,baseline,0.1051971332562105,24,6,236,13,55,3,11,0,0,0,Action_720p_30fps_5s
699,1,"p8x8,b8x8,i8x8,i4x4",3,0.8694210481076649,0,14,1,-6,23.21909479916627,0:0,temporal,0,29,4,hex,4,1,0,none,1,baseline,0.1051971332562105,24,6,236,13,89,0,11,1,0,0,Action_720p_30fps_5s
810,1,p4x4,0,1.3381699574248425,0,8,1,-2,23.21909479916627,0:0,temporal,0,371,4,hex,4,1,0,none,1,baseline,0.1051971332562105,24,8,236,13,26,0,11,0,0,1,Action_720p_30fps_5s
1042,1,none,3,1.4465002195997854,0,14,1,6,9.321228297970876,0:0,temporal,0,237,4,hex,23,1,0,none,1,high,0.806715158351172,37,18,28,7,21,1,7,2,0,0,Action_1080p_30fps_5s
1602,1,p4x4,2,0.2696951858659385,2,11,0,6,41.62378391495786,1:1,spatial,0,135,4,hex,13,1,0,none,1,baseline,0.1051971332562105,45,6,236,5,80,3,11,0,0,2,Action_1080p_30fps_5s
96,0,none,3,1.2284413190883303,2,5,1,-8,20.60851486732971,-4:4,auto,0,392,2,umh,54,0,1,cbr,1,main,0.0311007961760659,37,18,28,7,21,0,2,1,0,0,Action_1080p_30fps_5s
96,0,none,1,1.2284413190883303,0,5,1,7,20.60851486732971,-4:4,auto,0,392,2,umh,54,0,1,cbr,1,high,0.0311007961760659,37,11,28,7,21,1,12,0,0,0,Action_1080p_30fps_5s
96,0,none,0,1.2284413190883303,2,3,1,-8,29.73640679941657,0:0,auto,0,392,2,umh,54,0,1,cbr,1,high,0.0311007961760659,37,18,28,7,21,1,7,2,0,0,Action_1080p_30fps_5s
96,0,none,0,1.2284413190883303,2,3,1,-8,29.73640679941657,0:0,auto,0,392,2,umh,54,0,1,cbr,1,high,0.0311007961760659,20,18,28,7,21,1,11,0,0,0,Action_1080p_30fps_5s
516,0,p4x4,1,0.0517809269619148,0,14,1,-6,11.66327662283431,5:5,auto,0,392,2,umh,54,0,1,cbr,1,high,0.0311007961760659,37,11,28,7,21,1,12,0,0,0,Action_1080p_30fps_5s
96,1,"p8x8,b8x8,i8x8,i4x4",3,0.8694210481076649,0,14,1,-2,23.21909479916627,0:0,temporal,0,29,0,hex,4,1,1,none,1,baseline,0.1051971332562105,24,6,236,14,21,1,45,0,0,0,Action_1080p_30fps_5s
96,0,none,1,0.0517809269619148,0,8,1,-6,11.66327662283431,5:5,auto,0,32,4,dia,35,1,0,vbr,1,high,0.3316802394650799,46,5,5,8,12,8,46,1,1,1,Action_1080p_30fps_5s
96,1,none,1,1.2284413190883303,0,5,1,7,20.60851486732971,-4:4,auto,0,32,4,dia,35,1,0,vbr,1,high,0.3316802394650799,22,5,106,8,12,8,31,1,1,0,Action_1080p_30fps_5s
1602,1,p4x4,2,0.2696951858659385,2,11,0,7,41.62378391495786,1:1,temporal,0,316,4,hex,4,1,0,none,1,baseline,0.1051971332562105,24,6,236,14,21,1,12,0,0,0,Action_1080p_30fps_5s
1042,1,"p8x8,b8x8,i8x8,i4x4",3,0.8694210481076649,0,14,1,-2,23.21909479916627,0:0,temporal,0,29,4,hex,4,1,0,none,1,baseline,0.1051971332562105,24,6,236,14,21,1,12,0,0,0,Action_1080p_30fps_5s
2233,1,none,0,0.8694210481076649,0,14,1,-2,9.321228297970876,0:0,temporal,1,29,4,hex,31,1,0,none,1,baseline,0.1051971332562105,24,6,236,13,80,3,11,0,0,0,Action_1080p_30fps_5s
1042,0,"p8x8,b8x8,i8x8,i4x4",1,0.8694210481076649,0,14,1,-2,23.21909479916627,0:0,temporal,0,272,4,hex,4,1,0,none,1,baseline,0.1051971332562105,24,6,236,13,31,3,11,0,0,0,Action_1080p_30fps_5s
1042,1,none,3,0.8694210481076649,0,14,1,-2,9.321228297970876,0:0,temporal,0,29,4,hex,4,1,0,none,1,baseline,0.1051971332562105,24,6,236,13,80,3,11,0,0,2,Action_1080p_30fps_5s
1042,1,"p8x8,b8x8,i8x8,i4x4",3,0.8694210481076649,0,14,1,-2,23.21909479916627,0:0,temporal,1,29,4,hex,4,1,0,none,1,baseline,0.1051971332562105,24,6,236,14,21,2,12,0,0,0,Action_1080p_30fps_5s
1042,1,none,3,0.8694210481076649,0,14,1,-2,9.321228297970876,0:0,temporal,0,29,4,hex,4,1,0,none,1,baseline,0.1051971332562105,24,6,236,13,80,3,11,0,0,0,Action_1080p_30fps_5s
1042,0,"p8x8,b8x8,i8x8,i4x4",3,0.8694210481076649,0,14,1,-2,23.21909479916627,0:0,temporal,0,29,4,hex,4,1,0,none,1,baseline,0.1051971332562105,24,6,236,13,80,0,11,0,0,0,Action_1080p_30fps_5s
1602,1,p4x4,2,0.2696951858659385,2,11,0,7,41.62378391495786,1:1,none,1,98,0,hex,4,1,0,none,1,baseline,0.1051971332562105,21,6,236,2,80,0,24,0,0,0,Action_1080p_30fps_5s
810,1,p4x4,0,1.3381699574248425,0,8,1,-6,23.21909479916627,0:0,temporal,0,29,4,hex,4,1,0,none,1,baseline,0.1051971332562105,24,6,236,13,80,0,11,0,0,0,Action_1080p_30fps_5s
1407,1,p4x4,3,1.3381699574248425,1,8,1,-6,23.21909479916627,5:5,temporal,1,29,0,dia,54,0,1,none,0,baseline,0.9101993554684676,48,17,236,2,18,0,11,1,1,1,Action_480p_30fps_15s
1407,1,p4x4,3,1.3381699574248425,1,8,1,-6,23.21909479916627,5:5,temporal,1,29,0,dia,54,1,1,none,0,baseline,0.9101993554684676,48,17,236,2,18,0,11,0,0,1,Action_480p_30fps_15s
888,1,p4x4,3,1.3381699574248425,1,8,1,-8,23.21909479916627,5:5,temporal,1,29,0,dia,54,1,1,none,0,baseline,0.9101993554684676,48,9,236,2,18,0,11,0,0,1,Action_480p_30fps_15s
1602,1,p4x4,0,1.3381699574248425,1,8,1,-6,23.21909479916627,5:5,temporal,1,29,3,dia,54,1,1,none,0,baseline,0.9101993554684676,48,4,236,2,18,3,60,0,0,0,Action_480p_30fps_15s
1407,1,p4x4,3,0.6762554541205601,1,8,0,-8,23.21909479916627,5:5,temporal,1,29,0,dia,54,1,1,none,1,baseline,0.9101993554684676,48,11,236,2,18,0,22,0,0,1,Action_480p_30fps_15s
1407,1,none,2,0.6762554541205601,1,8,0,-8,23.21909479916627,5:5,temporal,1,29,0,dia,54,1,1,none,1,baseline,0.9101993554684676,48,4,236,2,76,11,31,2,0,2,Action_480p_30fps_15s
1519,1,p4x4,1,1.3381699574248425,1,8,1,-6,23.21909479916627,5:5,temporal,1,29,3,dia,54,1,1,none,0,baseline,0.7744627173598401,48,4,236,6,18,3,60,0,0,2,Action_480p_30fps_15s
1908,1,p4x4,3,1.3381699574248425,1,8,1,-6,23.21909479916627,5:5,temporal,0,29,0,dia,54,1,0,none,0,baseline,0.9101993554684676,48,4,236,2,18,0,11,0,0,0,Action_480p_30fps_15s
1908,1,p4x4,3,1.3381699574248425,1,8,1,-6,23.21909479916627,5:5,temporal,0,29,3,dia,54,1,0,none,0,baseline,0.9101993554684676,48,4,236,2,18,3,11,0,0,0,Action_480p_30fps_15s
1602,1,p4x4,3,1.2938894874112925,2,8,1,-6,23.21909479916627,2:2,temporal,0,29,3,dia,54,1,0,none,0,baseline,0.3263273284031425,48,2,236,2,18,3,11,1,0,0,Action_480p_30fps_15s
1908,0,none,3,1.3381699574248425,2,8,1,-6,23.21909479916627,5:5,temporal,0,29,3,dia,54,1,0,none,0,baseline,0.9101993554684676,48,4,236,2,76,11,31,2,0,2,Action_480p_30fps_15s
1908,0,none,3,1.3381699574248425,0,8,1,-6,23.21909479916627,5:5,temporal,0,29,3,dia,54,1,0,none,0,baseline,0.9101993554684676,48,10,236,2,18,0,22,0,0,1,Action_480p_30fps_15s
1602,1,p4x4,0,0.2696951858659385,2,11,1,-6,23.21909479916627,5:5,temporal,1,29,3,dia,54,1,0,none,0,baseline,0.9101993554684676,39,4,236,2,18,3,11,0,0,0,Action_480p_30fps_15s
2233,1,none,1,1.3653973567571176,0,6,0,7,41.62378391495786,-3:3,none,0,29,3,tesa,54,1,0,none,0,baseline,0.9101993554684676,48,8,236,13,93,3,11,0,0,0,Action_480p_30fps_15s
1680,1,none,1,1.3653973567571176,0,9,0,7,41.62378391495786,-3:3,none,0,98,4,umh,12,0,0,none,0,baseline,0.7443620181062184,22,14,240,2,76,11,8,2,0,2,Action_480p_30fps_15s
1602,1,p4x4,0,0.2696951858659385,1,0,0,7,41.62378391495786,2:2,auto,0,98,4,umh,19,0,0,none,0,baseline,0.9859873526355616,22,14,102,2,56,11,8,2,0,2,Action_480p_30fps_15s
1602,1,p4x4,0,0.2696951858659385,2,11,1,7,41.62378391495786,2:2,none,0,98,4,umh,19,0,0,none,0,baseline,0.9859873526355616,22,14,240,2,76,11,8,2,0,2,Action_480p_30fps_15s
1602,1,p4x4,2,0.2696951858659385,2,4,0,7,41.62378391495786,2:2,auto,0,198,4,umh,19,0,0,none,0,baseline,0.9859873526355616,22,14,102,2,56,11,8,2,0,2,Action_480p_30fps_15s
2233,1,none,1,1.3653973567571176,0,9,0,7,41.62378391495786,-3:3,none,0,98,4,umh,19,0,0,none,0,baseline,0.9859873526355616,22,14,240,2,76,11,8,2,0,2,Action_480p_30fps_15s
1602,1,p4x4,0,0.2696951858659385,2,11,1,7,8.171946540186346,2:2,none,0,98,4,umh,19,0,0,none,1,baseline,0.9859873526355616,22,14,240,2,37,11,8,2,0,2,Action_480p_30fps_15s
2233,1,none,1,1.3653973567571176,0,9,0,7,41.62378391495786,-3:3,none,0,98,4,umh,19,0,0,none,0,baseline,0.9859873526355616,22,14,240,2,76,11,8,2,0,2,Still_image_1080p_60fps_5s
1602,1,p4x4,0,0.2696951858659385,2,11,1,7,41.62378391495786,2:2,none,0,98,4,umh,19,0,0,none,0,baseline,0.9859873526355616,22,14,240,2,76,11,8,2,0,2,Still_image_1080p_60fps_5s
1680,1,none,1,1.3653973567571176,0,9,0,7,41.62378391495786,-3:3,none,0,98,4,umh,12,0,0,none,0,baseline,0.7443620181062184,22,14,240,2,76,11,8,2,0,2,Still_image_1080p_60fps_5s
1602,1,p4x4,0,0.2696951858659385,1,0,0,7,41.62378391495786,2:2,auto,0,98,4,umh,19,0,0,none,0,baseline,0.9859873526355616,22,14,102,2,56,11,8,2,0,2,Still_image_1080p_60fps_5s
1602,1,p4x4,2,0.2696951858659385,2,4,0,7,41.62378391495786,2:2,auto,0,198,4,umh,19,0,0,none,0,baseline,0.9859873526355616,22,14,102,2,56,11,8,2,0,2,Still_image_1080p_60fps_5s
2233,1,none,1,1.3653973567571176,0,6,0,7,41.62378391495786,-3:3,none,0,98,4,umh,19,0,0,none,0,baseline,0.9859873526355616,22,14,240,2,76,11,8,2,0,2,Still_image_1080p_60fps_5s
1602,1,p4x4,0,0.2696951858659385,2,11,1,7,8.171946540186346,2:2,none,0,98,4,umh,19,0,0,none,1,baseline,0.9859873526355616,22,14,240,2,37,11,8,2,0,2,Still_image_1080p_60fps_5s
1680,1,none,1,1.3653973567571176,1,9,0,7,41.62378391495786,-3:3,none,0,98,4,umh,12,0,0,none,0,baseline,0.7443620181062184,22,14,240,2,76,11,8,2,0,2,Still_image_1080p_60fps_5s
1602,1,p4x4,0,0.3696320182345622,1,0,0,7,41.62378391495786,2:2,auto,0,98,4,umh,19,0,0,none,0,baseline,0.9859873526355616,22,14,240,2,76,11,8,2,0,2,Still_image_1080p_60fps_5s
1602,1,p4x4,0,0.2696951858659385,2,11,1,7,26.07578393076734,2:2,none,0,98,4,umh,19,0,0,none,0,baseline,0.892616229391442,22,14,240,2,80,11,31,2,0,2,Still_image_1080p_60fps_5s
1602,1,p4x4,0,0.2696951858659385,2,12,1,7,26.07578393076734,2:2,none,0,98,4,umh,19,0,0,none,0,baseline,0.892616229391442,22,14,191,2,80,11,31,2,0,2,Still_image_1080p_60fps_5s
1602,1,p4x4,0,0.9065584540988204,2,11,0,7,26.07578393076734,2:2,none,0,98,4,umh,54,0,0,none,1,baseline,0.892616229391442,20,14,240,2,80,11,31,2,0,2,Still_image_1080p_60fps_5s
1602,1,p4x4,0,0.6636506369864832,2,11,1,7,41.62378391495786,2:2,none,0,98,4,umh,19,0,0,none,0,baseline,0.9859873526355616,22,14,240,2,70,11,8,2,0,2,Still_image_1080p_60fps_5s
1602,1,p4x4,0,0.2696951858659385,2,11,0,7,26.07578393076734,1:-1,none,1,98,4,umh,54,0,0,none,1,baseline,0.892616229391442,20,14,240,2,80,11,31,2,0,2,Still_image_1080p_60fps_5s
1680,1,none,1,1.3653973567571176,0,9,0,7,30.242252301023743,-3:3,none,0,98,4,esa,12,0,0,none,1,baseline,0.7443620181062184,22,14,240,2,76,11,8,2,0,2,Still_image_1080p_60fps_5s
1602,1,p4x4,0,0.9065584540988204,2,11,0,7,26.07578393076734,2:2,none,0,98,4,dia,54,0,0,none,1,baseline,0.892616229391442,20,14,240,15,76,11,8,2,0,2,Still_image_1080p_60fps_5s
1602,1,p4x4,2,0.2696951858659385,2,4,0,7,41.62378391495786,2:2,auto,0,198,4,umh,19,0,0,none,0,baseline,0.9859873526355616,22,14,102,2,56,6,20,2,0,2,Still_image_1080p_60fps_5s
1602,1,none,1,1.3653973567571176,1,9,0,7,41.62378391495786,-3:3,none,0,98,4,umh,12,0,0,vbr,0,baseline,0.7443620181062184,22,14,240,2,76,11,8,2,0,2,Still_image_1080p_60fps_5s
1602,1,p4x4,0,0.9065584540988204,2,11,1,7,26.07578393076734,2:2,none,0,98,4,hex,54,0,0,none,1,baseline,0.892616229391442,20,14,240,2,56,6,20,2,0,2,Still_image_1080p_60fps_5s
1602,1,p4x4,2,0.641840615394846,2,4,0,6,41.62378391495786,2:2,auto,0,198,4,umh,19,0,0,none,0,baseline,0.9859873526355616,22,14,102,2,80,11,31,2,0,2,Still_image_1080p_60fps_5s
1908,1,p4x4,3,1.3381699574248425,1,8,1,-6,23.21909479916627,5:5,temporal,0,29,0,dia,54,1,0,none,0,baseline,0.9101993554684676,48,4,236,2,18,0,11,0,0,0,Still_image_720p_60fps_10s
1908,1,p4x4,3,1.3381699574248425,1,8,1,-6,23.21909479916627,5:5,temporal,0,29,1,dia,54,1,0,none,0,baseline,0.9101993554684676,48,4,236,2,66,0,11,0,0,0,Still_image_720p_60fps_10s
1908,1,p4x4,3,1.3381699574248425,1,9,1,-6,23.21909479916627,5:5,temporal,0,29,2,dia,54,1,0,none,0,baseline,0.9101993554684676,48,4,236,2,66,0,11,0,0,0,Still_image_720p_60fps_10s
1908,1,all,3,1.3381699574248425,1,8,1,-6,23.21909479916627,5:5,none,0,150,0,hex,54,1,0,none,0,baseline,0.9101993554684676,48,18,117,2,80,0,11,0,0,0,Still_image_720p_60fps_10s
1908,1,p4x4,3,1.3381699574248425,1,8,1,-6,23.21909479916627,5:5,auto,0,150,0,hex,54,1,0,none,0,baseline,0.9101993554684676,48,18,117,2,80,0,11,0,0,0,Still_image_720p_60fps_10s
1908,1,p4x4,3,1.3381699574248425,1,8,1,-6,23.21909479916627,5:5,auto,0,408,0,hex,54,1,0,none,0,baseline,0.9101993554684676,48,18,206,6,80,11,11,0,0,0,Still_image_720p_60fps_10s
1908,1,none,3,1.3381699574248425,1,8,0,-6,24.60478190908452,5:5,auto,0,150,0,hex,54,1,0,none,0,baseline,0.9101993554684676,48,18,117,2,80,0,11,0,0,0,Still_image_720p_60fps_10s
1042,1,none,3,0.8694210481076649,0,14,0,-2,23.21909479916627,0:0,temporal,1,29,4,hex,6,1,0,cbr,1,baseline,0.1051971332562105,24,6,236,10,80,3,2,2,0,1,Still_image_720p_60fps_10s
1042,1,none,3,0.0965984911501383,1,14,0,-2,23.21909479916627,0:0,temporal,1,29,4,hex,6,1,0,cbr,1,baseline,0.1051971332562105,24,6,236,10,80,3,11,0,0,1,Still_image_720p_60fps_10s
1042,1,none,3,0.0965984911501383,1,14,0,-2,48.36260491669334,0:0,temporal,1,29,4,hex,31,0,1,cbr,1,baseline,0.1051971332562105,27,6,236,8,80,8,11,0,0,1,Still_image_720p_60fps_10s
1042,1,none,3,0.0965984911501383,1,14,0,-1,20.760650788870446,0:0,temporal,1,29,4,hex,10,0,1,cbr,1,baseline,0.1051971332562105,24,14,112,8,80,3,11,0,0,1,Still_image_720p_60fps_10s
1042,1,none,3,0.0965984911501383,1,14,0,-2,23.21909479916627,0:0,temporal,1,29,4,hex,6,1,0,cbr,1,baseline,0.1051971332562105,24,6,236,10,76,3,6,1,0,0,Still_image_720p_60fps_10s
1042,1,none,3,0.0965984911501383,1,14,0,4,23.21909479916627,0:0,temporal,1,29,4,hex,6,1,0,cbr,1,baseline,0.1051971332562105,24,6,236,10,80,0,11,0,0,1,Still_image_720p_60fps_10s
1042,1,none,3,0.0965984911501383,1,14,0,-2,20.760650788870446,0:0,temporal,1,29,4,hex,6,0,1,cbr,1,baseline,0.1051971332562105,24,6,236,8,80,3,11,0,0,1,Still_image_720p_60fps_10s
1042,1,none,0,0.5767666522527548,0,14,1,-2,9.321228297970876,3:-3,temporal,1,29,4,hex,6,1,0,vbr,1,baseline,0.1051971332562105,24,6,156,10,80,3,2,2,0,1,Still_image_720p_60fps_10s
1042,1,none,3,0.0965984911501383,1,14,0,-1,20.760650788870446,0:0,temporal,1,29,4,hex,10,1,1,cbr,1,baseline,0.1051971332562105,24,17,112,8,80,3,62,0,0,1,Still_image_720p_60fps_10s
1042,1,none,3,0.8694210481076649,0,9,0,-2,23.21909479916627,0:0,temporal,1,87,4,hex,6,1,0,cbr,1,baseline,0.5814372662273517,24,6,236,10,80,3,2,0,0,1,Still_image_720p_60fps_10s
1602,1,none,2,0.8694210481076649,0,14,0,-2,23.21909479916627,0:0,temporal,1,29,4,hex,6,0,0,cbr,1,baseline,0.1051971332562105,24,6,236,14,80,3,2,2,0,1,Still_image_720p_60fps_10s
1042,1,none,3,0.0965984911501383,1,14,0,-2,10.77269534741508,0:0,temporal,1,29,4,hex,31,0,1,cbr,1,baseline,0.1051971332562105,48,4,236,2,18,0,11,2,0,0,Still_image_720p_60fps_10s
1042,0,none,3,0.6541513672204183,1,14,0,-1,20.760650788870446,-3:3,temporal,1,29,4,hex,10,0,1,cbr,1,baseline,0.1051971332562105,24,14,112,8,80,3,11,0,0,1,Still_image_720p_60fps_10s
96,0,none,1,0.0517809269619148,0,11,1,-6,11.66327662283431,5:5,auto,0,32,4,dia,35,1,0,vbr,1,high,0.3316802394650799,42,5,88,9,12,8,24,1,1,2,Standard_1080p_30fps_20s
96,0,none,2,1.565949306121068,0,5,1,7,20.60851486732971,-4:4,auto,0,3,4,esa,35,1,1,vbr,1,high,0.3316802394650799,46,5,195,8,12,8,46,1,1,1,Standard_1080p_30fps_20s
96,0,none,2,1.565949306121068,0,5,1,7,20.60851486732971,-4:4,auto,0,55,4,esa,35,1,1,vbr,1,high,0.3316802394650799,46,4,154,8,12,8,46,1,1,1,Standard_1080p_30fps_20s
96,0,none,1,0.0517809269619148,0,8,1,-6,11.66327662283431,5:5,auto,0,32,4,dia,35,1,0,vbr,1,high,0.3316802394650799,46,5,5,8,12,8,46,1,1,1,Standard_1080p_30fps_20s
96,1,none,1,0.0517809269619148,0,5,1,-6,11.66327662283431,5:5,auto,0,32,4,dia,35,1,0,vbr,1,high,0.3316802394650799,46,5,88,9,12,8,24,1,1,2,Standard_1080p_30fps_20s
96,0,none,2,1.565949306121068,0,5,1,7,20.60851486732971,-4:4,auto,0,55,2,esa,35,1,1,vbr,1,high,0.3316802394650799,46,5,154,8,12,8,46,1,1,1,Standard_1080p_30fps_20s
96,1,none,1,0.0517809269619148,0,5,1,-6,11.66327662283431,5:5,auto,0,32,4,dia,35,1,0,vbr,1,high,0.3316802394650799,46,5,239,9,12,8,24,1,1,2,Standard_1080p_30fps_20s
96,0,none,2,1.565949306121068,0,5,1,7,20.60851486732971,-4:4,auto,0,55,2,esa,35,1,0,vbr,1,high,0.3316802394650799,46,5,154,8,12,5,46,1,1,1,Standard_1080p_30fps_20s
96,0,none,1,1.565949306121068,0,5,1,7,20.60851486732971,-4:4,auto,0,55,2,esa,35,1,0,vbr,1,high,0.3316802394650799,46,5,88,15,12,8,24,1,1,2,Standard_1080p_30fps_20s
96,1,none,1,0.0517809269619148,0,5,1,-6,11.66327662283431,5:5,auto,0,32,4,dia,35,1,0,vbr,1,high,0.3316802394650799,46,5,154,8,12,5,46,1,1,2,Standard_1080p_30fps_20s
1015,0,none,2,1.565949306121068,0,5,1,7,20.60851486732971,-4:4,auto,0,55,2,esa,35,1,1,vbr,1,high,0.3316802394650799,46,0,154,8,12,8,9,1,1,1,Standard_1080p_30fps_20s
96,0,p4x4,2,1.565949306121068,0,5,1,7,20.60851486732971,-4:4,auto,0,3,4,esa,35,1,1,vbr,1,high,0.3316802394650799,46,5,195,8,12,8,46,1,0,1,Standard_1080p_30fps_20s
96,0,none,2,0.8850416327165133,0,5,1,7,20.60851486732971,-4:4,auto,0,55,2,esa,35,1,1,vbr,1,high,0.3316802394650799,46,5,154,15,12,11,46,1,1,1,Standard_1080p_30fps_20s
2113,0,none,2,1.565949306121068,0,5,1,7,20.60851486732971,-4:4,auto,0,55,2,esa,35,1,1,vbr,1,high,0.3316802394650799,46,5,154,8,12,8,46,1,0,1,Standard_1080p_30fps_20s
96,1,none,1,0.0517809269619148,0,5,0,-6,11.66327662283431,5:5,auto,0,32,4,dia,35,1,0,vbr,1,high,0.3316802394650799,46,12,28,7,22,0,11,1,0,0,Standard_1080p_30fps_20s
96,1,none,1,1.565949306121068,0,5,1,7,20.60851486732971,-4:4,auto,0,55,2,esa,35,1,1,vbr,1,high,0.3316802394650799,46,5,154,8,12,8,46,1,1,1,Standard_1080p_30fps_20s
2113,0,none,2,1.565949306121068,0,5,1,-8,22.31434987361076,-4:4,auto,0,55,2,esa,35,1,1,vbr,1,high,0.3316802394650799,46,0,154,8,12,8,9,0,1,1,Standard_1080p_30fps_20s
96,1,none,1,1.3352004362861771,0,5,1,-6,11.66327662283431,5:5,auto,0,32,4,umh,35,1,0,vbr,1,high,0.3316802394650799,46,5,154,15,12,8,24,1,1,2,Standard_1080p_30fps_20s
96,0,none,2,1.565949306121068,0,10,1,7,20.60851486732971,-4:4,auto,0,55,2,esa,35,1,0,vbr,1,high,0.3316802394650799,46,5,154,8,12,5,46,1,1,1,Standard_1080p_30fps_20s
1085,1,none,1,0.0517809269619148,0,5,1,-6,11.66327662283431,5:5,auto,0,32,4,esa,35,1,1,vbr,1,high,0.3316802394650799,46,5,154,4,12,8,46,1,0,1,Standard_1080p_30fps_20s
2233,1,none,3,1.3653973567571176,0,6,0,-10,41.62378391495786,1:1,none,1,98,4,umh,19,0,1,none,1,baseline,0.9859873526355616,22,14,240,2,37,6,8,2,0,2,Big_1080p_25fps_20s
1602,1,p4x4,0,0.2696951858659385,2,11,1,7,41.62378391495786,2:2,none,0,98,4,umh,19,0,0,none,0,baseline,0.9859873526355616,22,14,240,2,76,11,8,2,0,2,Big_1080p_25fps_20s
2233,1,none,1,1.3653973567571176,0,9,0,7,41.62378391495786,-3:3,none,0,98,4,umh,19,0,0,none,0,baseline,0.9859873526355616,22,14,240,2,76,11,8,2,0,2,Big_1080p_25fps_20s
1602,1,p4x4,0,0.2696951858659385,2,11,1,7,26.07578393076734,2:2,none,0,98,4,umh,19,0,0,none,0,baseline,0.892616229391442,22,14,240,2,80,11,31,2,0,2,Big_1080p_25fps_20s
1680,1,none,1,1.3653973567571176,0,9,0,7,41.62378391495786,-3:3,none,0,98,4,umh,12,0,0,none,0,baseline,0.7443620181062184,22,14,240,2,76,11,8,2,0,2,Big_1080p_25fps_20s
1602,1,p4x4,0,0.2696951858659385,1,0,0,7,41.62378391495786,2:2,auto,0,98,4,umh,19,0,0,none,0,baseline,0.9859873526355616,22,14,102,2,56,11,8,2,0,2,Big_1080p_25fps_20s
1602,1,p4x4,0,0.3696320182345622,1,0,0,7,41.62378391495786,2:2,auto,0,98,4,umh,19,0,0,none,0,baseline,0.9859873526355616,22,14,240,2,76,11,8,2,0,2,Big_1080p_25fps_20s
1680,1,none,1,1.3653973567571176,1,9,0,7,41.62378391495786,-3:3,none,0,98,4,umh,12,0,0,none,0,baseline,0.7443620181062184,22,14,240,2,76,11,8,2,0,2,Big_1080p_25fps_20s
1602,1,p4x4,0,0.2696951858659385,2,11,1,7,8.171946540186346,2:2,none,0,98,4,umh,19,0,0,none,1,baseline,0.9859873526355616,22,14,240,2,37,11,8,2,0,2,Big_1080p_25fps_20s
2233,1,none,1,1.3653973567571176,0,6,0,7,41.62378391495786,-3:3,none,0,98,4,umh,19,0,0,none,0,baseline,0.9859873526355616,22,14,240,2,76,11,8,2,0,2,Big_1080p_25fps_20s
1602,1,p4x4,2,0.2696951858659385,2,4,0,7,41.62378391495786,2:2,auto,0,198,4,umh,19,0,0,none,0,baseline,0.9859873526355616,22,14,102,2,56,11,8,2,0,2,Big_1080p_25fps_20s
2233,1,none,1,1.3653973567571176,0,9,0,7,41.62378391495786,-3:3,none,0,482,4,tesa,19,0,0,none,0,baseline,0.9859873526355616,22,14,106,2,76,11,8,2,0,2,Big_1080p_25fps_20s
2233,1,none,1,1.3653973567571176,0,6,0,7,41.62378391495786,1:1,none,0,98,4,umh,19,0,0,none,1,baseline,0.9859873526355616,22,14,240,2,37,11,8,2,0,2,Big_1080p_25fps_20s
1602,1,p4x4,2,0.2696951858659385,2,13,0,7,41.62378391495786,-3:3,none,0,89,4,umh,12,0,0,none,0,baseline,0.7443620181062184,22,14,240,2,76,11,8,2,0,2,Big_1080p_25fps_20s
2233,0,none,1,1.3653973567571176,1,6,0,7,41.62378391495786,1:1,none,0,98,4,umh,19,0,0,none,1,baseline,0.9859873526355616,22,14,240,2,75,11,8,1,0,2,Big_1080p_25fps_20s
1602,1,p4x4,0,0.2696951858659385,2,11,1,7,41.62378391495786,2:2,none,0,98,4,umh,19,0,0,none,0,baseline,0.9859873526355616,25,6,240,2,76,11,8,2,0,2,Big_1080p_25fps_20s
1173,1,none,1,1.3653973567571176,0,9,0,7,4.268835510943744,-3:3,none,0,244,4,umh,19,0,0,none,0,baseline,0.9859873526355616,22,14,165,2,76,11,8,2,0,2,Big_1080p_25fps_20s
2233,1,none,1,1.3653973567571176,0,6,0,7,41.62378391495786,2:2,none,0,256,4,umh,19,0,0,none,1,baseline,0.9859873526355616,22,14,240,2,37,11,8,2,0,2,Big_1080p_25fps_20s
1680,1,none,1,1.5692031575586918,0,9,0,7,41.62378391495786,-3:3,none,0,98,4,umh,21,0,0,none,1,baseline,0.7443620181062184,22,14,240,2,76,11,8,2,0,2,Big_1080p_25fps_20s
1602,1,p4x4,2,0.2696951858659385,2,4,0,7,8.171946540186346,2:2,none,0,242,4,umh,19,0,0,none,1,baseline,0.9859873526355616,22,14,240,2,50,11,8,2,0,2,Big_1080p_25fps_20s
96,1,"p8x8,b8x8,i8x8,i4x4",3,0.8694210481076649,0,14,1,-2,23.21909479916627,0:0,temporal,0,29,0,hex,4,1,1,none,1,baseline,0.1051971332562105,24,6,236,14,21,1,45,0,0,0,Big_720p_60fps_10s
96,1,"p8x8,b8x8,i8x8,i4x4",3,0.8694210481076649,0,14,1,-2,23.21909479916627,0:0,temporal,0,29,0,hex,4,1,1,none,1,baseline,0.1051971332562105,24,6,113,14,21,1,45,0,0,0,Big_720p_60fps_10s
96,1,"p8x8,b8x8,i8x8,i4x4",3,0.8694210481076649,0,14,1,-2,23.21909479916627,0:0,temporal,0,29,0,hex,4,1,1,none,1,baseline,0.1051971332562105,24,6,113,14,21,1,14,0,0,0,Big_720p_60fps_10s
1042,1,none,3,0.8694210481076649,0,14,1,-2,9.321228297970876,0:0,temporal,0,29,4,hex,4,1,0,none,1,baseline,0.1051971332562105,24,6,236,13,80,3,11,0,0,0,Big_720p_60fps_10s
810,1,p4x4,0,1.3381699574248425,0,8,1,-6,23.21909479916627,0:0,temporal,0,29,4,hex,4,1,0,none,1,baseline,0.1051971332562105,24,6,236,13,80,0,11,0,0,0,Big_720p_60fps_10s
1602,1,p4x4,2,0.2696951858659385,2,11,0,7,41.62378391495786,1:1,none,1,98,0,hex,4,1,0,none,1,baseline,0.1051971332562105,21,6,236,2,80,0,24,0,0,0,Big_720p_60fps_10s
1042,1,none,3,0.8694210481076649,0,14,1,-2,9.321228297970876,-6:6,none,0,98,0,hex,4,1,0,none,1,baseline,0.1051971332562105,21,6,236,9,80,0,24,0,0,0,Big_720p_60fps_10s
1042,1,none,3,0.8694210481076649,0,4,1,-2,9.321228297970876,0:0,temporal,0,481,4,hex,4,1,0,none,1,baseline,0.1051971332562105,24,6,236,13,80,3,11,0,0,0,Big_720p_60fps_10s
810,1,p4x4,0,0.8694210481076649,0,14,1,-2,9.321228297970876,0:0,none,0,29,4,hex,9,1,0,none,1,baseline,0.1051971332562105,24,6,236,14,80,3,11,0,0,0,Big_720p_60fps_10s
1042,1,none,3,0.8694210481076649,0,4,1,-2,9.321228297970876,0:0,temporal,0,481,4,hex,4,1,0,none,1,high,0.9361199909985652,24,6,236,13,80,3,11,0,0,0,Big_720p_60fps_10s
1602,1,p4x4,2,0.2696951858659385,1,11,0,7,41.62378391495786,1:1,none,1,98,0,hex,16,1,0,none,1,baseline,0.1051971332562105,24,6,241,13,80,0,11,0,0,2,Big_720p_60fps_10s
1042,1,none,3,0.8694210481076649,0,12,1,-2,9.321228297970876,0:0,temporal,0,481,4,hex,4,1,0,none,1,baseline,0.8458819222046754,24,6,236,13,80,3,11,0,0,0,Big_720p_60fps_10s
1308,1,none,1,1.472271041984806,0,8,1,-6,11.66327662283431,5:5,auto,0,32,4,dia,35,1,1,none,1,baseline,0.8458819222046754,24,6,236,13,80,3,11,0,0,0,Big_720p_60fps_10s
810,1,p4x4,0,0.8694210481076649,0,12,1,-2,9.321228297970876,0:0,none,0,29,4,tesa,9,1,0,none,1,baseline,0.1051971332562105,24,6,236,16,80,3,11,0,0,2,Big_720p_60fps_10s
96,1,"p8x8,b8x8,i8x8,i4x4",3,0.8694210481076649,0,14,1,-2,23.21909479916627,0:0,temporal,0,481,4,hex,4,1,0,none,0,baseline,0.8458819222046754,24,6,236,13,80,6,11,0,0,0,Big_720p_60fps_10s
1042,1,none,3,0.8694210481076649,0,4,1,-2,9.321228297970876,0:0,temporal,0,481,0,hex,4,1,0,none,1,high,0.9361199909985652,24,6,236,13,91,3,11,0,0,0,Big_720p_60fps_10s
1042,1,none,3,0.8694210481076649,0,14,1,-2,9.321228297970876,0:0,temporal,0,29,4,hex,4,1,0,none,1,baseline,0.1051971332562105,24,6,236,13,80,3,11,0,1,0,Big_720p_60fps_10s
1042,1,none,3,0.8694210481076649,0,14,1,-2,9.321228297970876,2:2,none,0,98,0,hex,4,1,0,none,1,baseline,0.1051971332562105,21,6,236,9,55,0,24,0,0,0,Big_720p_60fps_10s
1042,1,none,3,1.4465002195997854,0,14,1,6,9.321228297970876,0:0,temporal,0,237,4,hex,23,1,0,none,1,high,0.806715158351172,37,18,28,7,21,1,7,2,0,0,Big_720p_60fps_10s
516,0,p4x4,1,0.0517809269619148,0,14,1,-6,11.66327662283431,5:5,auto,0,392,2,umh,54,0,1,cbr,1,high,0.0311007961760659,37,11,28,7,21,1,12,0,0,0,Big_720p_60fps_10s
1602,1,p4x4,3,1.2938894874112925,2,8,1,-6,23.21909479916627,2:2,temporal,0,29,3,dia,54,1,0,none,0,baseline,0.3263273284031425,48,2,236,2,18,3,11,1,0,0,Action_720p_60fps_20s
96,0,"p8x8,b8x8,i8x8,i4x4",3,0.8694210481076649,0,14,1,-2,11.554628355081856,0:0,temporal,0,29,2,hex,4,0,1,vbr,1,baseline,0.1051971332562105,30,6,107,14,21,1,45,0,0,0,Action_720p_60fps_20s
1602,1,p4x4,0,0.2696951858659385,2,11,1,7,41.62378391495786,2:2,none,0,98,4,umh,19,0,0,none,0,baseline,0.9859873526355616,22,14,240,2,76,11,8,2,0,2,Action_720p_60fps_20s
2233,1,none,1,1.3653973567571176,0,9,0,7,41.62378391495786,-3:3,none,0,98,4,umh,19,0,0,none,0,baseline,0.9859873526355616,22,14,240,2,76,11,8,2,0,2,Action_720p_60fps_20s
1602,1,p4x4,2,0.2696951858659385,2,4,0,7,41.62378391495786,2:2,auto,0,198,4,umh,19,0,0,none,0,baseline,0.9859873526355616,22,14,102,2,56,11,8,2,0,2,Action_720p_60fps_20s
1602,1,p4x4,0,0.2696951858659385,1,0,0,7,41.62378391495786,2:2,auto,0,98,4,umh,19,0,0,none,0,baseline,0.9859873526355616,22,14,102,2,56,11,8,2,0,2,Action_720p_60fps_20s
1680,1,none,1,1.3653973567571176,0,9,0,7,41.62378391495786,-3:3,none,0,98,4,umh,12,0,0,none,0,baseline,0.7443620181062184,22,14,240,2,76,11,8,2,0,2,Action_720p_60fps_20s
1602,1,p4x4,0,0.2696951858659385,1,11,1,7,41.62378391495786,5:5,none,0,98,4,umh,19,0,0,none,0,baseline,0.9859873526355616,22,14,240,2,76,6,8,2,0,2,Action_720p_60fps_20s
1602,1,p4x4,2,0.2696951858659385,1,4,0,7,41.62378391495786,-3:3,none,0,98,4,esa,12,0,0,none,0,baseline,0.7443620181062184,22,14,240,2,46,11,37,2,0,2,Action_720p_60fps_20s
1042,1,p4x4,0,0.2696951858659385,1,0,0,7,42.7873061292075,2:2,auto,0,98,4,dia,19,0,0,none,0,baseline,0.9859873526355616,22,11,102,2,56,11,8,2,0,2,Action_720p_60fps_20s
1602,1,p4x4,0,0.2696951858659385,1,0,0,7,41.62378391495786,2:2,auto,0,98,4,hex,19,0,0,none,0,baseline,0.9859873526355616,22,14,102,2,56,11,8,2,0,2,Action_720p_60fps_20s
1602,1,p4x4,2,0.2696951858659385,1,4,0,-1,41.62378391495786,-3:3,none,0,98,4,tesa,12,0,0,none,0,baseline,0.9859873526355616,22,14,102,2,56,11,8,2,0,2,Action_720p_60fps_20s
96,1,"p8x8,b8x8,i8x8,i4x4",3,0.8694210481076649,0,14,1,-2,23.21909479916627,0:0,temporal,0,29,0,hex,4,1,1,none,1,baseline,0.1051971332562105,24,6,113,14,21,1,14,0,0,0,Action_720p_60fps_20s
96,1,"p8x8,b8x8,i8x8,i4x4",3,0.8694210481076649,0,14,1,-2,23.21909479916627,0:0,temporal,0,29,0,hex,4,1,1,none,1,baseline,0.1051971332562105,24,6,236,14,21,1,45,0,0,0,Action_720p_60fps_20s
96,1,"p8x8,b8x8,i8x8,i4x4",3,0.8694210481076649,0,14,1,-2,23.21909479916627,0:0,temporal,0,29,0,hex,4,1,1,none,1,baseline,0.1051971332562105,24,6,113,14,21,1,45,0,0,0,Action_720p_60fps_20s
937,0,p4x4,1,0.2696951858659385,1,14,1,-2,23.21909479916627,0:0,temporal,0,29,0,hex,4,1,1,none,0,baseline,0.1051971332562105,24,6,113,14,21,1,45,0,0,0,Action_720p_60fps_20s
1602,1,p4x4,2,0.2696951858659385,2,11,0,7,41.62378391495786,1:1,none,1,98,0,hex,4,1,0,none,1,baseline,0.1051971332562105,21,6,236,2,80,0,24,0,0,0,Action_720p_60fps_20s
810,1,p4x4,0,1.3381699574248425,0,8,1,-6,23.21909479916627,0:0,temporal,0,29,4,hex,4,1,0,none,1,baseline,0.1051971332562105,24,6,236,13,80,0,11,0,0,0,Action_720p_60fps_20s
1042,1,none,3,0.8694210481076649,0,14,1,-2,9.321228297970876,0:0,temporal,0,29,4,hex,4,1,0,none,1,baseline,0.1051971332562105,24,6,236,13,80,3,11,0,0,0,Action_720p_60fps_20s
1042,1,none,3,0.8694210481076649,0,4,1,-2,9.321228297970876,0:0,temporal,0,481,4,hex,4,1,0,none,1,high,0.9361199909985652,24,6,236,13,80,3,11,0,0,0,Action_720p_60fps_20s
96,0,none,2,1.565949306121068,0,5,1,7,20.60851486732971,-4:4,auto,0,3,4,esa,35,1,1,vbr,1,high,0.3316802394650799,46,5,195,8,12,8,46,1,1,1,Still_image_1080p_30fps_20s
96,0,none,2,1.565949306121068,0,5,1,7,20.60851486732971,-4:4,auto,0,55,2,esa,35,1,1,vbr,1,high,0.3316802394650799,46,5,154,8,12,8,46,1,1,1,Still_image_1080p_30fps_20s
96,1,none,1,0.0517809269619148,0,5,1,-6,11.66327662283431,5:5,auto,0,32,4,dia,35,1,0,vbr,1,high,0.3316802394650799,46,5,239,9,12,8,24,1,1,2,Still_image_1080p_30fps_20s
96,0,none,1,0.0517809269619148,0,8,1,-6,11.66327662283431,5:5,auto,0,32,4,dia,35,1,0,vbr,1,high,0.3316802394650799,46,5,5,8,12,8,46,1,1,1,Still_image_1080p_30fps_20s
96,1,none,1,0.0517809269619148,0,5,1,-6,11.66327662283431,5:5,auto,0,32,4,dia,35,1,0,vbr,1,high,0.3316802394650799,46,5,88,9,12,8,24,1,1,2,Still_image_1080p_30fps_20s
1042,0,none,1,0.0517809269619148,0,5,1,-6,11.66327662283431,5:5,auto,0,32,4,dia,35,1,0,vbr,1,high,0.3316802394650799,46,13,239,9,12,8,24,1,1,2,Still_image_1080p_30fps_20s
96,0,none,2,1.565949306121068,0,14,1,7,20.60851486732971,-4:4,auto,0,3,4,esa,35,1,1,vbr,1,high,0.1051971332562105,50,6,132,10,80,3,2,2,0,1,Still_image_1080p_30fps_20s
96,1,none,1,0.0517809269619148,0,5,1,-6,11.66327662283431,5:5,auto,0,229,4,dia,35,1,0,vbr,1,high,0.3316802394650799,46,5,239,9,39,8,24,1,1,2,Still_image_1080p_30fps_20s
1602,0,none,0,0.5767666522527548,0,14,1,-2,20.60851486732971,-4:4,auto,0,427,2,esa,63,1,1,vbr,1,high,0.3316802394650799,46,5,154,8,18,8,46,1,1,1,Still_image_1080p_30fps_20s
96,0,none,2,1.565949306121068,0,5,1,7,20.60851486732971,-4:4,auto,0,3,4,esa,35,1,1,vbr,1,baseline,0.3316802394650799,46,13,69,9,12,8,24,1,1,1,Still_image_1080p_30fps_20s
96,0,none,1,0.0517809269619148,0,10,1,-1,11.66327662283431,4:-4,auto,0,300,4,dia,35,1,0,vbr,1,high,0.3316802394650799,46,5,5,8,12,0,46,1,1,1,Still_image_1080p_30fps_20s
96,0,none,2,1.565949306121068,0,5,1,7,20.60851486732971,-4:4,auto,0,10,4,dia,35,1,0,vbr,1,high,0.4971149259668071,46,5,239,9,12,8,24,1,1,2,Still_image_1080p_30fps_20s
1050,1,none,1,0.0517809269619148,0,5,1,-6,11.66327662283431,5:5,auto,0,32,4,dia,35,0,0,vbr,1,high,0.3316802394650799,46,5,239,9,12,8,24,0,1,1,Still_image_1080p_30fps_20s
96,0,none,2,1.565949306121068,0,5,1,7,20.60851486732971,-4:4,auto,0,3,4,esa,63,1,1,vbr,0,high,0.3316802394650799,46,5,154,8,18,8,46,1,1,1,Still_image_1080p_30fps_20s
747,0,none,2,1.565949306121068,0,14,1,7,40.31692648965526,-4:4,auto,0,3,4,esa,35,0,1,vbr,1,high,0.3316802394650799,46,5,239,14,39,8,24,1,0,2,Still_image_1080p_30fps_20s
96,0,none,2,1.565949306121068,0,5,1,12,20.60851486732971,-4:4,auto,0,3,4,esa,35,1,1,none,1,high,0.3316802394650799,46,13,69,9,12,8,24,1,1,1,Still_image_1080p_30fps_20s
1602,1,none,0,0.5767666522527548,0,14,0,-2,9.321228297970876,3:-3,temporal,1,29,4,hex,22,1,0,vbr,1,baseline,0.1051971332562105,24,6,156,10,80,3,2,2,0,1,Still_image_1080p_30fps_20s
1042,1,none,3,0.0965984911501383,1,14,0,-1,20.760650788870446,5:5,temporal,1,29,4,hex,45,0,1,cbr,1,baseline,0.1051971332562105,24,17,112,8,80,3,62,0,0,1,Still_image_1080p_30fps_20s
1042,1,none,3,0.0965984911501383,1,3,0,-1,20.760650788870446,0:0,temporal,1,67,4,hex,10,1,1,none,1,baseline,0.4154780249413559,47,14,191,2,80,3,2,2,0,1,Still_image_1080p_30fps_20s
1042,1,none,3,0.0965984911501383,1,14,0,-1,20.760650788870446,0:0,temporal,1,29,4,hex,10,1,1,cbr,1,baseline,0.4154780249413559,47,14,191,2,80,11,27,2,0,2,Still_image_1080p_30fps_20s
1908,1,p4x4,3,1.3381699574248425,1,8,1,-6,23.21909479916627,5:5,temporal,0,29,0,dia,54,1,0,none,0,baseline,0.9101993554684676,48,4,236,2,18,0,11,0,0,0,Action_1080p_60fps_10s
1908,1,p4x4,3,1.3381699574248425,1,8,1,-6,23.21909479916627,5:5,temporal,0,29,3,dia,54,1,0,none,0,baseline,0.9101993554684676,48,4,236,2,18,3,11,0,0,0,Action_1080p_60fps_10s
1908,1,p4x4,3,1.3381699574248425,1,8,1,-6,23.21909479916627,5:5,temporal,0,29,4,dia,54,1,0,none,0,baseline,0.3316802394650799,46,5,195,8,12,8,46,1,1,1,Action_1080p_60fps_10s
1908,1,p4x4,3,1.3381699574248425,2,8,1,-6,23.21909479916627,5:5,temporal,0,29,0,dia,14,1,0,none,0,baseline,0.9101993554684676,48,4,236,13,18,0,11,0,0,0,Action_1080p_60fps_10s
1407,1,none,2,0.6762554541205601,1,8,0,-8,23.21909479916627,5:5,temporal,1,29,0,dia,54,1,1,none,1,baseline,0.9101993554684676,48,4,236,2,76,11,31,2,0,2,Action_1080p_60fps_10s
1602,1,p4x4,0,1.3381699574248425,1,8,1,-6,23.21909479916627,5:5,temporal,1,29,3,dia,54,1,1,none,0,baseline,0.9101993554684676,48,4,236,2,18,3,60,0,0,0,Action_1080p_60fps_10s
1519,1,p4x4,1,1.3381699574248425,1,8,1,-6,23.21909479916627,5:5,temporal,1,29,3,dia,54,1,1,none,0,baseline,0.7744627173598401,48,4,236,6,18,3,60,0,0,2,Action_1080p_60fps_10s
1908,1,p4x4,3,1.3381699574248425,1,8,1,-6,23.21909479916627,6:6,temporal,1,29,0,dia,54,1,1,none,1,baseline,0.9101993554684676,48,4,236,2,76,11,31,2,1,2,Action_1080p_60fps_10s
1407,1,none,2,0.6762554541205601,1,8,0,-8,23.21909479916627,5:5,temporal,1,29,4,dia,54,1,1,none,1,baseline,0.5078289416198486,48,4,236,13,76,0,31,2,0,2,Action_1080p_60fps_10s
1519,1,p4x4,1,1.3381699574248425,1,8,1,-6,23.21909479916627,5:5,temporal,1,29,3,dia,54,1,1,none,0,baseline,0.7431567220060495,48,4,236,6,18,3,60,0,0,2,Action_1080p_60fps_10s
1908,1,p4x4,3,1.3381699574248425,1,11,1,-6,23.21909479916627,5:5,temporal,1,29,0,dia,54,0,1,none,0,baseline,0.7744627173598401,48,4,236,6,18,3,60,2,0,2,Action_1080p_60fps_10s
1407,1,none,2,0.6762554541205601,1,8,0,-8,23.21909479916627,5:5,temporal,1,29,0,dia,54,1,1,none,1,baseline,0.9101993554684676,48,15,236,2,76,11,31,1,0,1,Action_1080p_60fps_10s
1602,1,p4x4,0,1.3381699574248425,1,8,1,-6,23.21909479916627,5:5,temporal,1,29,4,dia,54,1,0,none,1,baseline,0.5078289416198486,48,4,236,13,72,0,31,2,0,2,Action_1080p_60fps_10s
1622,1,p4x4,1,1.3381699574248425,1,8,1,-6,23.21909479916627,3:3,temporal,1,29,0,dia,54,1,1,none,0,baseline,0.9277284947229636,48,4,236,2,76,11,31,2,0,2,Action_1080p_60fps_10s
1908,0,p4x4,3,1.3381699574248425,0,8,1,-6,23.21909479916627,5:5,auto,0,322,0,dia,54,0,0,none,0,baseline,0.9101993554684676,48,4,236,2,80,0,11,0,0,0,Action_1080p_60fps_10s
96,0,none,1,0.0517809269619148,0,8,1,-6,11.66327662283431,5:5,auto,1,32,4,dia,35,0,0,none,0,baseline,0.9101993554684676,48,4,236,2,18,0,11,0,0,0,Action_1080p_60fps_10s
96,1,p4x4,1,1.3381699574248425,1,4,0,-6,23.21909479916627,-1:1,spatial,1,234,3,dia,54,1,0,none,0,baseline,0.9101993554684676,48,4,236,2,18,0,48,0,0,0,Action_1080p_60fps_10s
96,0,none,1,0.0517809269619148,0,5,0,7,20.60851486732971,-4:4,auto,0,392,2,umh,54,0,1,cbr,1,main,0.0311007961760659,37,18,28,7,21,9,12,0,0,0,Action_1080p_60fps_10s
96,0,none,1,1.2284413190883303,0,5,0,7,20.60851486732971,-4:4,auto,0,392,2,umh,54,0,1,cbr,1,main,0.0311007961760659,37,18,28,7,21,9,12,0,0,0,Action_1080p_60fps_10s
96,0,none,1,0.0517809269619148,0,5,0,7,4.959411982839231,-4:4,auto,0,392,2,tesa,54,0,1,cbr,0,main,0.0311007961760659,37,18,28,7,21,9,12,0,1,0,Action_1080p_60fps_10s
1042,1,none,3,0.8694210481076649,2,13,1,-2,29.71403796292493,0:0,none,0,271,1,dia,24,1,0,none,0,baseline,0.9101993554684676,24,6,172,11,80,0,11,2,0,0,Standard_480p_25fps_15s
1042,1,none,3,0.8694210481076649,2,13,1,-2,29.71403796292493,0:0,none,1,271,1,dia,24,1,0,none,0,baseline,0.9101993554684676,24,4,39,9,80,0,11,2,0,0,Standard_480p_25fps_15s
1042,1,none,3,0.8694210481076649,2,13,1,-2,29.71403796292493,0:0,none,1,271,1,dia,24,1,0,none,0,baseline,0.9101993554684676,24,6,39,11,80,0,11,2,0,0,Standard_480p_25fps_15s
1042,1,none,3,0.8694210481076649,2,13,1,-2,29.71403796292493,0:0,none,0,445,1,dia,24,1,0,none,0,baseline,0.9101993554684676,24,6,172,11,80,0,11,2,0,0,Standard_480p_25fps_15s
1042,1,none,3,0.8694210481076649,2,13,1,-2,29.71403796292493,0:0,none,0,271,1,dia,24,1,0,none,0,baseline,0.9101993554684676,20,6,172,11,80,0,11,2,0,0,Standard_480p_25fps_15s
1169,1,none,3,0.8694210481076649,2,13,1,-4,29.71403796292493,0:0,none,0,271,1,dia,24,1,0,none,0,baseline,0.4347372512789482,20,6,172,11,80,0,11,2,0,0,Standard_480p_25fps_15s
1042,1,none,3,0.8694210481076649,2,13,1,-2,29.71403796292493,0:0,none,0,271,1,dia,18,1,0,none,0,baseline,0.9101993554684676,48,6,172,13,80,0,11,0,0,0,Standard_480p_25fps_15s
1042,1,none,3,0.8694210481076649,2,13,1,-2,29.71403796292493,0:0,none,0,271,1,dia,24,1,0,vbr,0,baseline,0.9101993554684676,24,6,172,6,80,0,11,2,0,0,Standard_480p_25fps_15s
1042,0,none,3,0.7810197909215946,2,13,1,-2,29.71403796292493,0:0,none,0,271,1,dia,24,1,0,none,0,baseline,0.9101993554684676,24,6,172,6,80,0,11,2,0,0,Standard_480p_25fps_15s
1042,1,none,3,0.8694210481076649,2,13,1,10,29.71403796292493,0:0,none,0,271,1,dia,24,1,0,vbr,0,baseline,0.9101993554684676,24,6,172,6,43,0,11,2,0,0,Standard_480p_25fps_15s
1042,1,none,3,0.8694210481076649,2,13,1,-2,29.71403796292493,0:0,auto,0,271,1,dia,24,1,0,none,0,baseline,0.4347372512789482,20,16,172,11,80,0,11,2,0,0,Standard_480p_25fps_15s
1042,1,none,3,0.8694210481076649,2,13,1,-2,29.71403796292493,0:0,none,0,271,1,dia,19,1,0,none,0,baseline,0.102853194060051,22,14,29,15,76,11,8,2,0,2,Standard_480p_25fps_15s
744,1,none,3,0.8694210481076649,2,13,1,-2,29.71403796292493,0:0,none,0,271,1,dia,24,1,0,none,0,baseline,0.9101993554684676,24,6,172,11,80,0,11,2,0,0,Standard_480p_25fps_15s
1042,1,none,1,0.8694210481076649,0,13,1,10,29.71403796292493,0:0,spatial,0,271,1,dia,24,1,0,none,0,baseline,0.9101993554684676,24,6,172,11,80,0,11,0,0,0,Standard_480p_25fps_15s
1169,1,none,3,0.8694210481076649,2,13,1,-4,29.71403796292493,0:0,none,0,67,1,dia,24,1,0,none,0,baseline,0.4347372512789482,20,6,172,11,80,0,11,2,0,0,Standard_480p_25fps_15s
1169,1,none,3,0.8694210481076649,2,13,1,5,29.71403796292493,-5:5,none,0,271,1,dia,24,1,0,none,0,baseline,0.6888203478761433,20,6,172,11,21,0,11,2,0,0,Standard_480p_25fps_15s
1042,0,none,3,0.8694210481076649,2,13,1,-1,29.71403796292493,0:0,none,0,271,1,dia,35,1,0,vbr,0,baseline,0.9101993554684676,25,6,172,6,43,0,11,2,0,0,Standard_480p_25fps_15s
1042,1,none,3,0.8694210481076649,2,13,1,-2,29.71403796292493,0:0,none,0,271,3,dia,24,1,0,none,0,baseline,0.9101993554684676,20,6,172,9,80,0,11,0,0,0,Standard_480p_25fps_15s
918,1,none,3,0.8694210481076649,2,13,1,5,29.71403796292493,-5:5,none,0,271,1,dia,24,1,0,none,0,baseline,0.9101993554684676,20,6,172,9,80,0,11,0,0,0,Standard_480p_25fps_15s
1042,1,none,3,0.8694210481076649,2,13,1,-2,29.71403796292493,0:0,none,0,419,3,dia,24,1,0,none,0,baseline,0.6888203478761433,20,19,172,11,21,0,11,0,0,0,Standard_480p_25fps_15s
1519,1,p4x4,1,1.3381699574248425,1,8,1,-6,23.21909479916627,5:5,temporal,1,29,3,dia,54,1,1,none,0,baseline,0.7744627173598401,48,4,236,6,18,3,60,0,0,2,Action_480p_25fps_10s
1602,1,p4x4,0,1.3381699574248425,1,8,1,-6,23.21909479916627,5:5,temporal,1,29,3,dia,54,1,1,none,0,baseline,0.9101993554684676,48,4,236,2,18,3,60,0,0,0,Action_480p_25fps_10s
1407,1,none,2,0.6762554541205601,1,8,0,-8,23.21909479916627,5:5,temporal,1,29,0,dia,54,1,1,none,1,baseline,0.9101993554684676,48,4,236,2,76,11,31,2,0,2,Action_480p_25fps_10s
1407,1,none,2,0.6762554541205601,1,8,0,-8,23.21909479916627,5:5,temporal,1,29,4,dia,54,1,1,none,1,baseline,0.5078289416198486,48,4,236,13,76,0,31,2,0,2,Action_480p_25fps_10s
1519,1,p4x4,1,1.3381699574248425,1,8,1,-6,23.21909479916627,5:5,temporal,1,29,3,dia,54,1,1,none,0,baseline,0.7431567220060495,48,4,236,6,18,3,60,0,0,2,Action_480p_25fps_10s
1908,1,p4x4,3,1.3381699574248425,1,8,1,-6,23.21909479916627,6:6,temporal,1,29,0,dia,54,1,1,none,1,baseline,0.9101993554684676,48,4,236,2,76,11,31,2,1,2,Action_480p_25fps_10s
1407,1,p4x4,2,0.9625735019710584,1,8,0,-8,23.21909479916627,5:5,temporal,1,29,0,dia,54,1,1,none,1,baseline,0.9101993554684676,34,4,173,13,18,3,60,0,0,0,Action_480p_25fps_10s
1519,1,p4x4,1,1.3381699574248425,1,8,1,-6,23.21909479916627,5:5,temporal,1,29,3,dia,54,1,0,none,0,baseline,0.9101993554684676,48,4,236,2,77,3,11,0,0,0,Action_480p_25fps_10s
1908,1,p4x4,3,1.3381699574248425,1,4,1,-6,23.21909479916627,5:5,temporal,0,29,3,dia,54,0,0,none,1,baseline,0.1051971332562105,24,6,236,10,80,3,2,2,0,1,Action_480p_25fps_10s
1407,1,p4x4,2,0.6762554541205601,1,1,0,-8,23.21909479916627,5:5,temporal,1,29,4,dia,54,1,1,none,1,baseline,0.9101993554684676,44,4,236,1,76,11,31,2,0,2,Action_480p_25fps_10s
1908,1,p4x4,3,1.3381699574248425,1,8,1,-6,23.21909479916627,6:6,temporal,1,29,0,dia,54,1,1,none,1,baseline,0.5078289416198486,48,4,236,13,76,0,31,2,0,2,Action_480p_25fps_10s
1602,1,p4x4,0,1.3381699574248425,1,8,1,-6,23.21909479916627,5:5,temporal,1,29,3,dia,54,1,1,none,1,baseline,0.9101993554684676,48,4,236,6,18,3,60,0,0,2,Action_480p_25fps_10s
1519,1,p4x4,1,1.3381699574248425,1,10,1,-6,23.21909479916627,5:5,temporal,1,29,3,dia,54,1,1,none,0,baseline,0.1051971332562105,24,6,123,10,80,8,11,2,1,1,Action_480p_25fps_10s
1042,1,none,3,0.8694210481076649,2,13,1,-2,29.71403796292493,0:0,temporal,1,29,4,dia,35,1,1,none,1,baseline,0.5078289416198486,48,4,236,13,76,0,40,2,0,2,Action_480p_25fps_10s
2247,1,p4x4,0,1.3381699574248425,1,8,1,-6,23.21909479916627,5:5,temporal,1,113,3,dia,54,1,1,none,0,baseline,0.9101993554684676,48,16,236,2,76,2,31,2,0,2,Action_480p_25fps_10s
1407,1,p4x4,2,0.6762554541205601,1,1,0,-8,23.21909479916627,5:5,none,0,29,4,dia,54,1,1,none,1,baseline,0.8614791892769761,44,4,236,13,76,0,36,2,0,2,Action_480p_25fps_10s
1908,1,p4x4,3,1.3381699574248425,1,8,1,-3,29.71403796292493,0:0,temporal,1,29,4,dia,28,1,1,none,0,baseline,0.5078289416198486,48,4,236,13,76,0,40,2,0,2,Action_480p_25fps_10s
1602,1,p4x4,0,1.3381699574248425,1,8,1,-6,23.21909479916627,5:5,temporal,1,29,3,dia,54,1,1,none,1,baseline,0.9101993554684676,48,4,236,6,18,3,60,0,0,0,Action_480p_25fps_10s
1407,1,p4x4,2,0.9625735019710584,1,8,0,-8,23.21909479916627,5:5,none,1,29,4,dia,54,1,1,none,1,baseline,0.9101993554684676,34,4,173,13,18,3,60,2,1,1,Action_480p_25fps_10s
50,1,p4x4,3,1.3381699574248425,1,8,1,-6,23.21909479916627,6:6,temporal,0,29,4,dia,54,1,1,none,0,baseline,0.9101993554684676,44,4,236,1,75,10,31,2,0,2,Action_480p_25fps_10s
1042,1,none,3,0.8694210481076649,2,13,1,10,29.71403796292493,0:0,none,0,271,1,dia,24,1,0,vbr,0,baseline,0.9101993554684676,24,6,172,6,43,0,11,2,0,0,Still_image_480p_30fps_20s
1042,0,none,3,0.7810197909215946,2,13,1,-2,29.71403796292493,0:0,none,0,271,1,dia,24,1,0,none,0,baseline,0.9101993554684676,24,6,172,6,80,0,11,2,0,0,Still_image_480p_30fps_20s
1042,1,none,3,0.8694210481076649,1,13,1,10,29.71403796292493,0:0,none,0,271,1,dia,24,1,0,vbr,0,baseline,0.9101993554684676,24,6,235,6,43,0,11,2,0,0,Still_image_480p_30fps_20s
1042,1,none,3,0.8694210481076649,2,0,1,10,29.71403796292493,2:-2,none,0,271,1,dia,24,1,0,vbr,0,baseline,0.9101993554684676,24,6,172,8,43,0,11,2,0,0,Still_image_480p_30fps_20s
2233,1,none,1,1.3653973567571176,0,13,1,10,29.71403796292493,0:0,none,0,271,1,dia,24,1,0,vbr,0,baseline,0.9101993554684676,24,6,172,6,43,0,11,2,0,0,Still_image_480p_30fps_20s
1042,0,none,3,0.8694210481076649,2,13,1,10,29.71403796292493,0:0,none,0,271,1,dia,24,1,0,vbr,0,baseline,0.8670871975742774,24,6,172,6,43,0,11,2,0,0,Still_image_480p_30fps_20s
1042,1,none,3,0.8694210481076649,1,13,1,10,33.909792831127454,0:0,none,1,271,1,dia,24,1,0,vbr,0,baseline,0.9101993554684676,24,6,62,6,43,0,11,2,0,0,Still_image_480p_30fps_20s
1042,1,none,3,1.3653973567571176,0,13,0,10,29.71403796292493,0:0,temporal,1,271,1,dia,24,1,0,vbr,0,baseline,0.2542506939340188,24,6,172,12,43,0,11,2,0,0,Still_image_480p_30fps_20s
1042,1,none,3,0.8694210481076649,1,13,1,10,29.71403796292493,0:0,none,0,271,1,dia,24,1,1,vbr,0,baseline,0.9101993554684676,24,6,172,5,43,0,11,2,0,0,Still_image_480p_30fps_20s
2233,1,none,1,1.3653973567571176,0,13,1,10,29.71403796292493,0:0,spatial,0,271,1,dia,24,1,0,vbr,0,baseline,0.9101993554684676,24,6,235,6,43,0,11,2,0,0,Still_image_480p_30fps_20s
1042,1,none,3,0.8694210481076649,1,13,1,10,29.71403796292493,0:0,none,0,271,1,dia,24,0,0,none,0,baseline,0.9101993554684676,24,6,172,6,80,0,11,2,0,0,Still_image_480p_30fps_20s
1042,1,none,3,0.8694210481076649,0,14,1,-2,9.321228297970876,0:0,temporal,0,29,4,hex,4,1,0,none,1,baseline,0.1051971332562105,24,6,236,13,80,3,11,0,0,0,Still_image_480p_30fps_20s
1042,0,"p8x8,b8x8,i8x8,i4x4",3,0.8694210481076649,0,14,1,-2,23.21909479916627,0:0,temporal,0,29,4,hex,4,1,0,none,1,baseline,0.1051971332562105,24,6,236,13,80,0,11,0,0,0,Still_image_480p_30fps_20s
1602,1,p4x4,2,0.2696951858659385,2,11,0,7,41.62378391495786,1:1,none,1,98,0,hex,4,1,0,none,1,baseline,0.1051971332562105,21,6,236,2,80,0,24,0,0,0,Still_image_480p_30fps_20s
810,1,p4x4,0,1.3381699574248425,0,8,1,-6,23.21909479916627,0:0,temporal,0,29,4,hex,4,1,0,none,1,baseline,0.1051971332562105,24,6,236,13,80,0,11,0,0,0,Still_image_480p_30fps_20s
1602,1,p4x4,2,0.2696951858659385,2,11,0,7,41.62378391495786,1:1,none,0,29,4,hex,30,1,1,none,1,main,0.1051971332562105,50,6,236,11,80,0,11,0,0,0,Still_image_480p_30fps_20s
1042,0,"p8x8,b8x8,i8x8,i4x4",3,0.8694210481076649,0,14,1,-2,23.21909479916627,0:0,temporal,0,29,4,hex,4,1,0,none,1,baseline,0.9752974117909078,24,6,236,13,37,0,11,0,1,0,Still_image_480p_30fps_20s
1602,1,p4x4,2,0.2696951858659385,2,11,0,7,41.62378391495786,1:1,none,0,29,4,hex,30,1,1,none,1,baseline,0.1051971332562105,50,6,236,11,80,0,20,0,1,0,Still_image_480p_30fps_20s
810,1,p4x4,3,1.3381699574248425,0,8,1,-6,23.21909479916627,0:0,temporal,0,29,4,hex,4,1,0,none,1,baseline,0.7584706698283968,24,6,236,13,80,0,8,2,0,1,Still_image_480p_30fps_20s
1602,1,p4x4,2,0.2696951858659385,2,11,1,7,23.21909479916627,0:0,temporal,0,127,4,hex,4,1,0,none,1,baseline,0.0144497484505856,45,6,236,13,80,0,11,0,1,0,Still_image_480p_30fps_20s
2233,1,none,1,1.3653973567571176,0,13,1,10,29.71403796292493,0:0,spatial,0,271,1,dia,24,1,0,vbr,0,baseline,0.9101993554684676,24,6,235,6,43,0,11,2,0,0,Action_720p_25fps_15s
1042,1,none,3,0.8694210481076649,1,13,1,10,33.909792831127454,0:0,none,1,271,1,dia,24,1,0,vbr,0,baseline,0.9101993554684676,24,6,62,6,43,0,11,2,0,0,Action_720p_25fps_15s
1042,0,none,3,0.8694210481076649,2,13,1,10,29.71403796292493,0:0,none,0,271,1,dia,24,1,0,vbr,0,baseline,0.8670871975742774,24,6,172,6,43,0,11,2,0,0,Action_720p_25fps_15s
2233,1,none,1,1.3653973567571176,0,13,1,10,29.71403796292493,0:0,none,0,271,1,dia,24,1,0,vbr,0,baseline,0.9101993554684676,24,6,172,6,43,0,11,2,0,0,Action_720p_25fps_15s
1042,1,none,3,0.8694210481076649,2,0,1,10,29.71403796292493,2:-2,none,0,271,1,dia,24,1,0,vbr,0,baseline,0.9101993554684676,24,6,172,8,43,0,11,2,0,0,Action_720p_25fps_15s
1042,1,none,3,0.8694210481076649,1,13,1,10,29.71403796292493,0:0,none,0,271,1,dia,24,1,0,vbr,0,baseline,0.9101993554684676,24,6,235,6,43,0,11,2,0,0,Action_720p_25fps_15s
1042,0,none,3,0.7810197909215946,2,13,1,-2,29.71403796292493,0:0,none,0,271,1,dia,24,1,0,none,0,baseline,0.9101993554684676,24,6,172,6,80,0,11,2,0,0,Action_720p_25fps_15s
1042,1,none,3,0.8694210481076649,2,13,1,10,29.71403796292493,0:0,none,0,271,1,dia,24,1,0,vbr,0,baseline,0.9101993554684676,24,6,172,6,43,0,11,2,0,0,Action_720p_25fps_15s
1042,1,none,3,1.3653973567571176,0,13,0,10,29.71403796292493,0:0,temporal,1,271,1,dia,24,1,0,vbr,0,baseline,0.2542506939340188,24,6,172,12,43,0,11,2,0,0,Action_720p_25fps_15s
1042,1,none,3,0.8694210481076649,1,13,1,10,29.71403796292493,0:0,none,0,271,1,dia,24,1,1,vbr,0,baseline,0.9101993554684676,24,6,172,5,43,0,11,2,0,0,Action_720p_25fps_15s
1042,1,none,3,1.3653973567571176,0,13,1,10,29.71403796292493,0:0,temporal,1,271,1,dia,24,1,0,vbr,0,baseline,0.2542506939340188,24,6,172,12,43,0,11,2,0,0,Action_720p_25fps_15s
1092,1,none,3,0.6488500240801576,1,7,1,10,29.71403796292493,0:0,none,0,271,1,dia,24,1,0,none,0,baseline,0.9101993554684676,24,6,172,6,80,0,11,2,0,0,Action_720p_25fps_15s
1042,1,none,3,1.3653973567571176,0,13,0,10,29.71403796292493,0:0,auto,0,271,3,dia,24,1,0,vbr,0,baseline,0.2542506939340188,24,6,172,11,43,0,11,2,0,2,Action_720p_25fps_15s
1042,1,none,3,0.8694210481076649,1,13,1,10,29.71403796292493,0:0,none,0,30,1,dia,24,1,1,vbr,0,baseline,0.9101993554684676,29,6,172,5,43,0,11,2,0,0,Action_720p_25fps_15s
1042,1,none,0,1.3653973567571176,0,13,1,10,29.71403796292493,0:0,temporal,1,271,1,dia,24,1,0,vbr,0,baseline,0.2542506939340188,24,13,172,12,43,0,4,2,0,0,Action_720p_25fps_15s
1042,1,"p8x8,b8x8,i8x8,i4x4",3,0.8694210481076649,1,13,1,10,29.71403796292493,5:5,none,0,271,4,dia,24,1,0,none,0,main,0.4486918164570883,46,6,235,6,43,0,11,2,0,0,Action_720p_25fps_15s
1042,1,none,3,0.8694210481076649,1,13,1,10,29.71403796292493,0:0,none,0,271,4,dia,24,1,0,vbr,0,baseline,0.4821557633734814,24,6,235,6,43,1,11,2,0,0,Action_720p_25fps_15s
1947,0,none,1,1.3653973567571176,0,13,1,10,29.71403796292493,0:0,spatial,0,271,1,dia,24,1,0,vbr,0,baseline,0.9101993554684676,24,6,113,6,43,0,11,2,0,0,Action_720p_25fps_15s
2233,1,none,1,1.3653973567571176,0,13,1,10,14.565200871666804,3:-3,none,0,222,2,dia,24,1,0,vbr,1,baseline,0.9101993554684676,24,6,172,6,43,7,11,2,0,0,Action_720p_25fps_15s
1042,0,none,3,0.8694210481076649,2,13,1,-2,29.71403796292493,0:0,none,0,271,1,dia,24,1,0,none,0,baseline,0.9101993554684676,24,6,172,6,80,0,11,2,0,0,Action_720p_25fps_15s
1407,1,p4x4,2,0.6762554541205601,2,1,0,-8,23.21909479916627,5:5,temporal,1,495,4,dia,54,1,1,none,1,baseline,0.9101993554684676,44,18,28,7,85,9,6,0,0,1,Action_480p_30fps_5s
1407,0,p4x4,2,0.6762554541205601,2,1,0,-8,23.21909479916627,5:5,temporal,1,495,4,dia,54,1,1,none,1,baseline,0.9101993554684676,44,18,28,7,25,9,6,0,0,1,Action_480p_30fps_5s
1908,1,p4x4,3,1.3381699574248425,1,8,1,-6,23.21909479916627,5:5,temporal,0,29,0,dia,54,1,0,none,0,baseline,0.9101993554684676,48,4,236,2,18,0,11,0,0,0,Action_480p_30fps_5s
1908,1,p4x4,3,1.3381699574248425,1,8,1,-6,23.21909479916627,5:5,temporal,0,29,3,dia,54,1,0,none,0,baseline,0.9101993554684676,48,4,236,2,18,3,11,0,0,0,Action_480p_30fps_5s
1908,1,p4x4,3,1.3381699574248425,1,8,1,-6,23.21909479916627,5:5,temporal,0,29,4,dia,54,1,0,none,0,baseline,0.3316802394650799,46,5,195,8,12,8,46,1,1,1,Action_480p_30fps_5s
1908,1,p4x4,3,1.3381699574248425,2,8,1,-6,23.21909479916627,5:5,temporal,0,29,0,dia,14,1,0,none,0,baseline,0.9101993554684676,48,4,236,13,18,0,11,0,0,0,Action_480p_30fps_5s
96,0,none,1,1.565949306121068,0,5,1,7,20.60851486732971,-4:4,auto,0,55,2,esa,35,1,0,vbr,1,high,0.3316802394650799,46,5,88,15,12,8,24,1,1,2,Action_480p_30fps_5s
96,0,none,1,0.0517809269619148,0,11,1,-6,11.66327662283431,5:5,auto,0,32,4,dia,35,1,0,vbr,1,high,0.3316802394650799,42,5,88,9,12,8,24,1,1,2,Action_480p_30fps_5s
96,0,none,1,0.0517809269619148,0,11,1,-6,11.66327662283431,5:5,auto,0,32,4,dia,35,1,0,vbr,1,high,0.3316802394650799,39,5,88,9,12,8,24,1,1,0,Action_480p_30fps_5s
96,0,none,2,0.0517809269619148,0,5,1,7,20.60851486732971,-4:4,auto,0,347,2,esa,35,1,0,vbr,1,high,0.3316802394650799,46,5,11,15,12,8,24,1,1,2,Action_480p_30fps_5s
96,0,none,1,0.0517809269619148,0,5,1,7,20.60851486732971,-4:4,auto,0,32,4,dia,35,1,0,vbr,1,high,0.3316802394650799,42,5,88,9,12,0,24,1,1,2,Action_480p_30fps_5s
1908,1,p4x4,1,1.3381699574248425,1,8,1,-6,23.21909479916627,5:5,temporal,0,29,0,dia,54,1,0,none,1,baseline,0.9101993554684676,48,4,236,2,18,0,16,0,0,0,Action_480p_30fps_5s
96,0,none,1,0.0517809269619148,0,5,0,7,4.959411982839231,-4:4,auto,0,392,2,tesa,54,0,1,cbr,0,main,0.0311007961760659,37,18,28,7,21,9,12,0,1,0,Action_480p_30fps_5s
96,0,none,1,0.0517809269619148,0,5,0,7,20.60851486732971,-4:4,auto,0,392,2,umh,54,0,1,cbr,1,main,0.0311007961760659,37,18,28,7,21,9,12,0,0,0,Action_480p_30fps_5s
96,0,none,1,1.2284413190883303,0,5,0,7,20.60851486732971,-4:4,auto,0,392,2,umh,54,0,1,cbr,1,main,0.0311007961760659,37,18,28,7,21,9,12,0,0,0,Action_480p_30fps_5s
96,0,none,1,0.0517809269619148,0,5,1,7,4.959411982839231,-4:4,auto,0,403,2,tesa,54,0,1,cbr,0,main,0.0311007961760659,37,12,28,7,21,9,12,0,0,0,Action_480p_30fps_5s
96,0,none,2,0.0517809269619148,0,5,0,7,20.60851486732971,2:-2,auto,0,392,2,umh,51,0,1,none,1,main,0.1202041301255583,37,18,28,7,21,9,12,0,0,0,Action_480p_30fps_5s
790,0,none,1,1.2284413190883303,0,5,0,7,20.60851486732971,-4:4,auto,0,392,2,umh,54,0,1,cbr,1,main,0.0311007961760659,37,4,236,2,18,3,11,0,0,0,Action_480p_30fps_5s
96,0,none,1,0.0517809269619148,0,5,1,7,4.959411982839231,-2:2,auto,0,403,2,tesa,54,0,1,cbr,0,main,0.0311007961760659,37,12,28,7,21,9,31,2,0,2,Action_480p_30fps_5s
790,0,all,1,1.2284413190883303,0,5,1,7,1.7811201570562205,-4:4,auto,0,392,2,dia,54,0,1,none,1,main,0.0311007961760659,48,4,236,2,18,3,11,0,0,0,Action_480p_30fps_5s
96,1,none,1,0.0517809269619148,0,5,1,-6,11.66327662283431,5:5,auto,0,229,4,dia,35,1,0,vbr,1,high,0.3316802394650799,46,5,239,9,39,8,24,1,1,2,Standard_720p_25fps_15s
96,0,none,2,1.565949306121068,0,14,1,7,20.60851486732971,-4:4,auto,0,3,4,esa,35,1,1,vbr,1,high,0.1051971332562105,50,6,132,10,80,3,2,2,0,1,Standard_720p_25fps_15s
96,0,none,2,1.565949306121068,0,5,1,7,20.60851486732971,-4:4,auto,0,3,4,esa,35,1,1,vbr,1,baseline,0.3316802394650799,46,13,69,9,12,8,24,1,1,1,Standard_720p_25fps_15s
1602,0,none,0,0.5767666522527548,0,14,1,-2,20.60851486732971,-4:4,auto,0,427,2,esa,63,1,1,vbr,1,high,0.3316802394650799,46,5,154,8,18,8,46,1,1,1,Standard_720p_25fps_15s
96,1,none,1,0.0517809269619148,0,5,1,-6,11.66327662283431,5:5,auto,0,32,4,dia,35,1,0,vbr,1,high,0.3316802394650799,46,5,88,9,12,8,24,1,1,2,Standard_720p_25fps_15s
1042,0,none,1,0.0517809269619148,0,5,1,-6,11.66327662283431,5:5,auto,0,32,4,dia,35,1,0,vbr,1,high,0.3316802394650799,46,13,239,9,12,8,24,1,1,2,Standard_720p_25fps_15s
96,0,none,2,1.565949306121068,0,5,1,7,20.60851486732971,-4:4,auto,0,55,2,esa,35,1,1,vbr,1,high,0.3316802394650799,46,5,154,8,12,8,46,1,1,1,Standard_720p_25fps_15s
96,0,none,1,0.0517809269619148,0,8,1,-6,11.66327662283431,5:5,auto,0,32,4,dia,35,1,0,vbr,1,high,0.3316802394650799,46,5,5,8,12,8,46,1,1,1,Standard_720p_25fps_15s
96,0,none,2,1.565949306121068,0,5,1,7,20.60851486732971,-4:4,auto,0,3,4,esa,35,1,1,vbr,1,high,0.3316802394650799,46,5,195,8,12,8,46,1,1,1,Standard_720p_25fps_15s
96,1,none,1,0.0517809269619148,0,5,1,-6,11.66327662283431,5:5,auto,0,32,4,dia,35,1,0,vbr,1,high,0.3316802394650799,46,5,239,9,12,8,24,1,1,2,Standard_720p_25fps_15s
96,1,none,1,0.0517809269619148,0,5,1,-9,11.66327662283431,5:5,auto,0,229,4,dia,35,1,0,vbr,1,high,0.3316802394650799,46,5,43,9,39,8,24,1,1,2,Standard_720p_25fps_15s
96,0,none,3,1.565949306121068,0,14,1,7,20.60851486732971,-4:4,auto,0,3,4,esa,35,1,1,vbr,1,high,0.1051971332562105,50,6,132,10,12,8,46,1,1,1,Standard_720p_25fps_15s
96,0,none,3,1.565949306121068,0,5,1,7,20.60851486732971,-4:4,auto,0,55,2,esa,35,1,1,vbr,1,high,0.3316802394650799,46,5,154,8,12,8,46,0,1,1,Standard_720p_25fps_15s
1602,0,none,0,0.5767666522527548,0,14,1,-5,20.60851486732971,-4:4,auto,0,427,2,esa,63,1,1,vbr,1,high,0.3316802394650799,46,5,154,8,18,8,6,1,1,1,Standard_720p_25fps_15s
96,0,none,2,1.565949306121068,0,5,1,7,20.60851486732971,-4:4,auto,0,3,4,esa,35,1,1,vbr,1,high,0.1051971332562105,50,6,243,10,80,1,2,2,0,1,Standard_720p_25fps_15s
1042,0,none,1,0.0517809269619148,1,5,1,-6,11.66327662283431,4:-4,auto,0,93,4,dia,52,1,0,vbr,1,high,0.3316802394650799,46,5,5,8,12,8,46,1,1,1,Standard_720p_25fps_15s
1908,1,p4x4,2,1.565949306121068,0,14,1,7,20.60851486732971,-4:4,auto,0,3,4,esa,35,0,0,vbr,0,high,0.1051971332562105,50,6,132,10,80,3,2,2,0,1,Standard_720p_25fps_15s
1438,0,none,3,0.0517809269619148,0,14,1,7,20.60851486732971,-4:4,auto,0,3,4,esa,35,1,1,vbr,1,high,0.1051971332562105,50,6,132,10,80,3,2,2,0,2,Standard_720p_25fps_15s
96,1,none,2,1.565949306121068,0,14,1,7,20.60851486732971,-4:4,auto,0,3,4,esa,35,1,1,vbr,1,high,0.1051971332562105,50,6,132,10,26,8,46,0,1,1,Standard_720p_25fps_15s
96,0,none,2,1.565949306121068,0,5,1,7,20.60851486732971,4:-4,auto,0,55,2,esa,35,1,1,vbr,1,high,0.3316802394650799,46,5,154,8,12,3,2,2,0,1,Standard_720p_25fps_15s
2233,1,none,1,1.3653973567571176,0,13,1,10,29.71403796292493,0:0,none,0,271,1,dia,24,1,0,vbr,0,baseline,0.9101993554684676,24,6,172,6,43,0,11,2,0,0,Standard_720p_25fps_5s
1042,0,none,3,0.8694210481076649,2,13,1,10,29.71403796292493,0:0,none,0,271,1,dia,24,1,0,vbr,0,baseline,0.8670871975742774,24,6,172,6,43,0,11,2,0,0,Standard_720p_25fps_5s
1042,1,none,3,0.8694210481076649,1,13,1,10,29.71403796292493,0:0,none,0,271,1,dia,24,1,0,vbr,0,baseline,0.9101993554684676,24,6,235,6,43,0,11,2,0,0,Standard_720p_25fps_5s
1042,0,none,3,0.7810197909215946,2,13,1,-2,29.71403796292493,0:0,none,0,271,1,dia,24,1,0,none,0,baseline,0.9101993554684676,24,6,172,6,80,0,11,2,0,0,Standard_720p_25fps_5s
1042,1,none,3,0.8694210481076649,2,13,1,10,29.71403796292493,0:0,none,0,271,1,dia,24,1,0,vbr,0,baseline,0.9101993554684676,24,6,172,6,43,0,11,2,0,0,Standard_720p_25fps_5s
1042,1,none,3,0.8694210481076649,2,0,1,10,29.71403796292493,2:-2,none,0,271,1,dia,24,1,0,vbr,0,baseline,0.9101993554684676,24,6,172,8,43,0,11,2,0,0,Standard_720p_25fps_5s
1042,1,none,3,0.8694210481076649,1,13,1,10,33.909792831127454,0:0,none,1,271,1,dia,24,1,0,vbr,0,baseline,0.9101993554684676,24,6,62,6,43,0,11,2,0,0,Standard_720p_25fps_5s
1042,1,none,3,0.8694210481076649,1,13,1,10,29.71403796292493,0:0,none,0,271,1,dia,24,1,1,vbr,0,baseline,0.9101993554684676,24,6,172,5,43,0,11,2,0,0,Standard_720p_25fps_5s
2233,1,none,1,1.3653973567571176,0,13,1,10,29.71403796292493,0:0,spatial,0,271,1,dia,24,1,0,vbr,0,baseline,0.9101993554684676,24,6,235,6,43,0,11,2,0,0,Standard_720p_25fps_5s
1042,1,none,3,1.3653973567571176,0,13,0,10,29.71403796292493,0:0,temporal,1,271,1,dia,24,1,0,vbr,0,baseline,0.2542506939340188,24,6,172,12,43,0,11,2,0,0,Standard_720p_25fps_5s
2278,0,none,3,0.8694210481076649,2,13,1,10,29.71403796292493,0:0,none,0,271,1,dia,24,1,0,none,0,baseline,0.9101993554684676,24,6,172,6,80,0,11,2,0,0,Standard_720p_25fps_5s
1042,1,none,3,0.8694210481076649,2,13,1,10,29.71403796292493,0:0,none,0,271,0,dia,24,1,0,vbr,0,baseline,0.9101993554684676,33,6,172,6,43,0,11,2,0,0,Standard_720p_25fps_5s
2233,1,none,3,1.3653973567571176,0,13,1,10,29.71403796292493,0:0,none,0,271,1,dia,24,1,0,vbr,0,baseline,0.5241074708625206,24,6,172,8,43,0,11,2,0,0,Standard_720p_25fps_5s
1042,1,none,3,0.8694210481076649,2,13,1,10,29.71403796292493,0:0,none,1,271,1,dia,24,1,0,vbr,0,baseline,0.8670871975742774,24,6,172,6,43,0,11,1,0,1,Standard_720p_25fps_5s
1042,0,none,3,0.8694210481076649,2,13,1,10,29.71403796292493,0:0,temporal,0,271,1,dia,24,1,0,vbr,0,baseline,0.9101993554684676,24,6,172,6,43,0,11,2,0,0,Standard_720p_25fps_5s
1042,1,none,3,0.6762554541205601,2,11,1,10,29.71403796292493,0:0,none,0,271,1,dia,24,1,0,vbr,0,baseline,0.8670871975742774,35,19,172,4,43,0,11,2,0,0,Standard_720p_25fps_5s
1042,0,none,3,1.881570689175598,2,0,1,10,29.71403796292493,2:-2,none,0,271,1,dia,24,1,0,vbr,0,baseline,0.9101993554684676,25,6,172,8,43,0,11,2,0,0,Standard_720p_25fps_5s
2365,1,none,3,0.8694210481076649,2,13,1,10,29.71403796292493,0:0,none,1,164,1,dia,24,1,0,vbr,0,baseline,0.8670871975742774,43,6,172,6,43,0,11,2,0,0,Standard_720p_25fps_5s
1042,1,none,3,0.8694210481076649,1,13,1,10,33.909792831127454,0:0,temporal,1,271,1,dia,24,1,0,vbr,0,baseline,0.9101993554684676,24,6,62,6,43,0,11,1,0,1,Standard_720p_25fps_5s
548,1,none,3,0.8694210481076649,1,13,1,10,33.909792831127454,0:0,none,1,271,2,dia,24,1,0,vbr,0,baseline,0.9101993554684676,24,12,1,6,43,0,30,2,0,0,Standard_720p_25fps_5s
96,1,none,1,0.0517809269619148,0,5,1,-6,11.66327662283431,5:5,auto,0,32,4,dia,35,1,0,vbr,1,high,0.3316802394650799,46,5,239,9,12,8,24,1,1,2,Still_image_1080p_30fps_5s
1042,0,none,1,0.0517809269619148,0,5,1,-6,11.66327662283431,5:5,auto,0,32,4,dia,35,1,0,vbr,1,high,0.3316802394650799,46,13,239,9,12,8,24,1,1,2,Still_image_1080p_30fps_5s
96,1,none,1,0.0517809269619148,0,5,1,-6,11.66327662283431,5:5,auto,0,32,4,dia,35,1,0,vbr,1,high,0.3316802394650799,46,5,88,9,12,8,24,1,1,2,Still_image_1080p_30fps_5s
1602,0,none,0,0.5767666522527548,0,14,1,-2,20.60851486732971,-4:4,auto,0,427,2,esa,63,1,1,vbr,1,high,0.3316802394650799,46,5,154,8,18,8,46,1,1,1,Still_image_1080p_30fps_5s
96,0,none,2,1.565949306121068,0,5,1,7,20.60851486732971,-4:4,auto,0,3,4,esa,35,1,1,vbr,1,baseline,0.3316802394650799,46,13,69,9,12,8,24,1,1,1,Still_image_1080p_30fps_5s
96,0,none,2,1.565949306121068,0,14,1,7,20.60851486732971,-4:4,auto,0,3,4,esa,35,1,1,vbr,1,high,0.1051971332562105,50,6,132,10,80,3,2,2,0,1,Still_image_1080p_30fps_5s
96,0,none,2,1.565949306121068,0,5,1,7,20.60851486732971,-4:4,auto,0,3,4,esa,35,1,1,vbr,1,high,0.3316802394650799,46,5,195,8,12,8,46,1,1,1,Still_image_1080p_30fps_5s
96,0,none,1,0.0517809269619148,0,8,1,-6,11.66327662283431,5:5,auto,0,32,4,dia,35,1,0,vbr,1,high,0.3316802394650799,46,5,5,8,12,8,46,1,1,1,Still_image_1080p_30fps_5s
96,0,none,2,1.565949306121068,0,5,1,7,20.60851486732971,-4:4,auto,0,55,2,esa,35,1,1,vbr,1,high,0.3316802394650799,46,5,154,8,12,8,46,1,1,1,Still_image_1080p_30fps_5s
96,1,none,1,0.0517809269619148,0,5,1,-6,11.66327662283431,5:5,auto,0,229,4,dia,35,1,0,vbr,1,high,0.3316802394650799,46,5,239,9,39,8,24,1,1,2,Still_image_1080p_30fps_5s
1883,0,none,0,1.565949306121068,0,1,1,7,20.60851486732971,-4:4,auto,0,3,4,esa,35,1,1,vbr,1,high,0.3316802394650799,24,6,113,14,21,1,14,0,0,0,Still_image_1080p_30fps_5s
96,0,none,2,1.565949306121068,0,5,0,7,20.60851486732971,-4:4,auto,0,32,4,dia,35,1,0,vbr,1,high,0.3316802394650799,46,5,239,9,12,8,24,1,1,2,Still_image_1080p_30fps_5s
1969,1,none,1,0.0517809269619148,0,5,1,-6,11.66327662283431,5:5,none,0,32,4,dia,35,1,0,vbr,1,high,0.3316802394650799,46,13,239,9,12,8,24,1,1,2,Still_image_1080p_30fps_5s
1042,0,none,1,0.0517809269619148,0,14,1,-6,23.57151045541053,5:5,auto,0,32,4,esa,35,0,1,vbr,1,high,0.3316802394650799,46,13,216,9,12,10,24,1,1,2,Still_image_1080p_30fps_5s
1883,0,none,0,1.565949306121068,0,1,1,7,11.991244149745526,1:1,auto,0,3,4,esa,35,1,0,vbr,1,high,0.1051971332562105,34,6,132,10,80,3,2,2,0,1,Still_image_1080p_30fps_5s
1969,1,none,1,0.0517809269619148,0,11,1,-6,37.50720708540884,-4:4,auto,1,3,4,esa,35,1,1,vbr,1,high,0.1051971332562105,50,6,132,10,80,3,2,2,1,2,Still_image_1080p_30fps_5s
1602,0,none,0,1.055427951018082,0,14,1,-2,20.60851486732971,-4:4,auto,0,427,3,tesa,63,1,0,vbr,1,high,0.3316802394650799,46,5,154,8,18,8,46,1,1,2,Still_image_1080p_30fps_5s
1969,1,none,2,1.565949306121068,0,5,1,7,20.60851486732971,-4:4,auto,0,55,2,esa,35,1,1,vbr,1,high,0.3316802394650799,46,5,154,8,12,8,46,1,1,1,Still_image_1080p_30fps_5s
96,0,none,2,1.565949306121068,0,15,1,7,20.60851486732971,-4:4,auto,0,3,1,esa,35,1,1,vbr,0,high,0.1051971332562105,50,6,132,9,12,8,24,1,1,2,Still_image_1080p_30fps_5s
1883,0,none,0,1.565949306121068,0,8,1,7,20.60851486732971,-4:4,auto,0,3,4,dia,35,1,1,vbr,1,high,0.3316802394650799,24,6,113,14,20,1,14,0,1,1,Still_image_1080p_30fps_5s
2237,1,none,3,0.4793485512203805,1,14,1,-7,23.21909479916627,5:5,auto,0,322,0,dia,54,1,0,none,0,baseline,0.9101993554684676,48,6,219,2,80,0,11,0,0,1,Big_480p_25fps_15s
1908,0,p4x4,3,1.3381699574248425,0,8,1,-9,23.21909479916627,5:5,auto,0,322,0,dia,54,0,0,none,0,baseline,0.9101993554684676,48,6,219,2,80,0,11,0,0,1,Big_480p_25fps_15s
1908,1,p4x4,3,1.3381699574248425,0,8,1,-6,23.21909479916627,5:5,auto,0,322,0,dia,54,0,0,none,0,baseline,0.9101993554684676,48,4,236,2,80,0,11,2,0,0,Big_480p_25fps_15s
1042,1,none,3,0.8694210481076649,0,14,1,-7,9.321228297970876,0:0,spatial,1,138,4,dia,35,1,0,vbr,1,high,0.3316802394650799,42,5,88,9,12,8,24,1,1,2,Big_480p_25fps_15s
1042,1,none,3,0.4793485512203805,0,14,1,-7,9.321228297970876,0:0,spatial,1,138,4,dia,25,1,0,vbr,1,high,0.3316802394650799,42,5,88,9,12,8,24,1,1,2,Big_480p_25fps_15s
1042,1,none,3,0.8694210481076649,0,14,1,-7,9.321228297970876,0:0,spatial,1,390,4,dia,35,1,0,vbr,1,high,0.3316802394650799,29,5,88,9,12,8,24,2,1,2,Big_480p_25fps_15s
1042,1,none,3,0.8694210481076649,2,14,1,-7,9.321228297970876,0:0,spatial,1,390,4,dia,35,1,0,vbr,1,high,0.3316802394650799,29,5,88,9,12,8,24,2,1,2,Big_480p_25fps_15s
1908,1,p4x4,3,1.1968086464039969,0,8,1,-9,9.321228297970876,0:0,spatial,1,138,4,dia,19,1,0,vbr,1,high,0.3316802394650799,42,5,88,9,12,8,56,1,1,2,Big_480p_25fps_15s
1042,1,none,3,0.8694210481076649,0,14,1,6,9.321228297970876,0:0,none,0,147,0,dia,54,0,0,none,0,baseline,0.9101993554684676,40,6,236,2,80,0,11,0,0,0,Big_480p_25fps_15s
1908,0,p4x4,3,1.3381699574248425,0,8,1,-6,23.21909479916627,5:5,auto,0,322,0,dia,54,0,0,none,0,baseline,0.9101993554684676,48,4,236,2,80,0,11,0,0,0,Big_480p_25fps_15s
1908,0,p4x4,3,1.3381699574248425,0,8,1,-6,23.21909479916627,5:5,auto,0,150,0,hex,54,1,0,none,0,baseline,0.9101993554684676,48,6,236,2,80,0,11,0,0,0,Big_480p_25fps_15s
1908,0,p4x4,3,1.3381699574248425,0,8,1,-6,23.21909479916627,5:5,auto,0,322,0,dia,54,0,0,vbr,0,baseline,0.9101993554684676,48,6,236,2,80,0,11,0,0,0,Big_480p_25fps_15s
1908,0,p4x4,3,1.3381699574248425,0,8,1,-6,23.21909479916627,5:5,none,0,147,0,dia,54,0,0,none,0,baseline,0.9101993554684676,48,6,236,2,80,0,11,0,0,0,Big_480p_25fps_15s
1908,0,p4x4,3,1.3381699574248425,1,8,1,-6,32.12479386678222,5:5,temporal,0,29,0,dia,54,1,0,none,0,baseline,0.5669428058565998,48,4,236,2,66,0,11,0,0,0,Big_480p_25fps_15s
1042,0,none,3,0.8694210481076649,0,14,1,-6,29.71403796292493,6:6,auto,0,322,0,dia,54,0,0,none,0,baseline,0.9101993554684676,25,8,236,4,80,0,11,0,0,0,Big_480p_25fps_15s
1908,0,p4x4,3,1.3381699574248425,1,8,1,-6,23.21909479916627,5:5,temporal,0,29,0,dia,54,1,0,none,0,baseline,0.9101993554684676,48,4,236,2,66,0,11,0,0,0,Big_480p_25fps_15s
1908,0,p8x8,3,1.3381699574248425,0,8,1,-6,23.21909479916627,5:5,none,0,147,0,dia,54,0,0,none,0,high,0.9101993554684676,48,6,236,2,43,0,11,0,0,0,Big_480p_25fps_15s
1908,0,p4x4,3,1.3381699574248425,1,8,1,-6,32.12479386678222,6:6,temporal,0,29,0,dia,54,0,0,vbr,0,baseline,0.9101993554684676,48,6,236,16,80,0,11,0,0,1,Big_480p_25fps_15s
1908,0,"p8x8,b8x8,i8x8,i4x4",3,1.3381699574248425,0,8,1,-6,23.21909479916627,5:5,auto,0,322,0,dia,54,0,0,none,0,baseline,0.9101993554684676,48,6,236,2,80,0,11,0,0,0,Big_480p_25fps_15s
1908,0,p4x4,1,1.3381699574248425,0,8,1,-6,23.21909479916627,-3:3,temporal,0,322,0,dia,54,1,0,vbr,0,baseline,0.9101993554684676,48,6,236,2,80,0,11,0,0,0,Big_480p_25fps_15s
1042,1,none,3,0.8694210481076649,0,16,1,-2,29.71403796292493,0:0,none,0,59,0,hex,49,0,0,none,0,baseline,0.835904787497133,31,0,236,2,18,3,60,0,0,0,Action_720p_25fps_5s
1602,1,p4x4,3,1.2938894874112925,2,8,1,-6,23.21909479916627,2:2,temporal,0,29,3,dia,54,1,0,none,0,baseline,0.3263273284031425,48,2,236,2,18,3,11,1,0,0,Action_720p_25fps_5s
1908,1,p4x4,3,1.3381699574248425,1,8,1,-6,23.21909479916627,5:5,temporal,0,29,3,dia,54,1,0,none,0,baseline,0.9101993554684676,48,4,236,2,18,3,11,0,0,0,Action_720p_25fps_5s
1908,1,p4x4,3,1.3381699574248425,1,8,1,-6,23.21909479916627,5:5,temporal,0,29,0,dia,54,1,0,none,0,baseline,0.9101993554684676,48,4,236,2,18,0,11,0,0,0,Action_720p_25fps_5s
1602,1,p4x4,3,1.2938894874112925,2,8,1,-6,23.21909479916627,2:2,temporal,0,29,3,dia,54,1,0,none,0,baseline,0.3263273284031425,48,7,236,2,18,0,11,1,0,0,Action_720p_25fps_5s
1685,1,p4x4,3,1.2938894874112925,1,8,0,6,23.21909479916627,5:5,temporal,0,29,4,dia,12,1,0,none,0,baseline,0.9101993554684676,48,4,236,2,18,0,11,0,0,0,Action_720p_25fps_5s
1908,1,p4x4,3,1.3381699574248425,0,8,1,-6,23.21909479916627,2:2,temporal,0,29,3,dia,54,1,0,none,0,baseline,0.3263273284031425,48,2,236,2,18,3,34,1,0,0,Action_720p_25fps_5s
1602,1,p4x4,3,1.2938894874112925,2,8,1,-6,30.058046532861365,2:2,temporal,0,29,3,dia,54,1,0,none,0,baseline,0.3263273284031425,48,4,236,2,18,0,11,0,0,0,Action_720p_25fps_5s
1602,1,p4x4,3,1.2938894874112925,2,8,1,-6,23.21909479916627,2:2,temporal,0,29,3,dia,54,1,0,none,0,baseline,0.9101993554684676,48,4,236,2,18,0,11,0,0,0,Action_720p_25fps_5s
1908,1,all,3,1.3381699574248425,1,8,1,-9,23.21909479916627,5:5,temporal,0,366,3,dia,54,1,0,none,0,baseline,0.2346707862626549,48,2,236,2,18,3,11,1,0,0,Action_720p_25fps_5s
1602,1,p4x4,3,1.2938894874112925,2,8,1,-6,23.21909479916627,2:2,temporal,0,29,3,dia,34,0,0,none,0,baseline,0.3263273284031425,48,7,236,15,18,0,11,1,0,0,Action_720p_25fps_5s
96,0,"p8x8,b8x8,i8x8,i4x4",3,0.8694210481076649,0,14,1,-2,11.554628355081856,0:0,temporal,0,29,2,hex,4,0,1,vbr,1,baseline,0.1051971332562105,30,6,107,14,21,1,45,0,0,0,Action_720p_25fps_5s
86,0,none,3,0.8694210481076649,0,14,1,-2,11.554628355081856,0:0,temporal,0,29,2,hex,4,0,1,vbr,1,baseline,0.1051971332562105,30,6,107,14,21,1,45,0,0,0,Action_720p_25fps_5s
1602,1,p4x4,0,1.3381699574248425,1,8,1,-6,23.21909479916627,5:5,temporal,1,29,3,dia,54,1,1,none,0,baseline,0.9101993554684676,48,4,236,2,18,3,60,0,0,0,Action_720p_25fps_5s
1602,1,p4x4,0,1.3381699574248425,1,8,1,-6,23.21909479916627,5:5,temporal,1,250,3,dia,54,1,1,none,0,baseline,0.9101993554684676,30,4,236,2,80,0,11,1,0,2,Action_720p_25fps_5s
282,1,p4x4,0,0.6252271957400338,2,8,1,-6,23.21909479916627,-6:6,temporal,0,29,3,dia,54,1,1,none,1,baseline,0.3263273284031425,48,2,236,2,18,3,11,1,0,1,Action_720p_25fps_5s
1602,1,p4x4,3,1.2938894874112925,2,8,1,-6,23.21909479916627,2:2,temporal,0,29,3,dia,54,1,0,none,1,baseline,0.3263273284031425,48,7,236,2,18,0,11,1,0,0,Action_720p_25fps_5s
1908,1,p4x4,3,1.3381699574248425,1,8,1,-6,23.21909479916627,5:5,temporal,0,29,3,dia,54,1,0,none,1,baseline,0.3263273284031425,48,7,236,2,18,0,11,1,0,0,Action_720p_25fps_5s
1602,1,p4x4,0,1.3381699574248425,1,8,1,-6,23.21909479916627,-1:1,temporal,1,250,3,dia,54,1,0,none,0,baseline,0.9101993554684676,30,4,236,2,66,0,11,0,0,0,Action_720p_25fps_5s
1602,1,p4x4,3,1.2938894874112925,2,8,1,-6,23.21909479916627,2:2,temporal,0,29,3,dia,48,1,0,none,1,baseline,0.3263273284031425,48,7,236,2,39,0,11,1,0,0,Action_720p_25fps_5s
