MDS_Dim1,MDS_Dim2,performance
1.4181767684173099,-0.0736999265458049,16.34
1.3442639394021807,0.8463484667338657,39.73
0.44703053601925985,-0.7855970862066739,16.42
-0.9367917623233812,-1.2205612546035562,16.39
-0.4988286296613643,-1.3434172939060096,24.03
0.07953095071390193,-1.4967613892458729,33.76
-1.3510137076617534,0.00055603344836982,54.68
-0.6030815419886827,-1.3331193954731506,25.53
1.185842455016684,-0.0559291897337327,31.69
0.04224402626491288,-0.9410954789802449,31.64
0.8340136149376336,0.4813950654327379,39.86
0.7255586984611424,0.44738762135348714,39.24
0.12600251073418672,-0.8568449459374348,16.19
1.1914173106988013,-0.1292863880622106,31.62
1.418176406718159,-0.07369993335544364,16.18
0.846994622983309,0.5478660073362739,39.92
1.559181537164902,0.03956340593290493,16.32
-0.22879514949596547,0.7959782972676329,39.83
1.2257098581686356,-0.5875329865396338,23.97
-0.15758218729632725,-0.04876906127447151,39.39
-1.4002462956994288,-1.5029578258863625,16.37
-0.8469499147540677,-1.1082067104519444,33.79
-1.2945608202716599,-1.6716603551276374,31.84
1.5516210397079389,-1.1178050580270154,23.87
-1.6620765305858225,1.1609840948161165,54.94
0.025492968428107544,2.002364842175225,54.98
-0.9266657733098665,1.593211112405485,58.53
0.13810287758954187,2.087610790707009,55.06
0.13810287758221598,2.0876107907072265,55.32
0.025492968428107488,2.0023648421752243,54.76
-0.6657238337569825,1.974771990534694,54.69
1.3153712600825207,-1.7021266037051932,24.07
0.32896851366978364,1.9990929001776,54.87
0.07345967168810516,1.971995609942288,54.75
-0.8877371155070232,1.781611395957069,54.71
-0.8877371183565292,1.7816113946414938,54.68
-1.1536777012929664,1.867269989810773,54.58
-1.6620765305186302,1.1609840949207888,58.81
-1.6511715183044748,1.345178633867794,55.35
-0.6657237445137608,1.9747720226439307,54.99
0.04269244410785579,1.9748541745098656,54.54
-1.6620765299381355,1.1609840958250273,54.48
2.0747022649386424,-0.7263991712573149,23.98
0.02549296842810785,2.0023648421752256,58.61
1.8418168901623053,-0.9680067232186352,23.87
-1.6511715183044735,1.3451786338677942,55.12
-1.651171518304464,1.3451786338678107,55.05
0.24770007070904795,2.2804407125133572,55.87
0.001023604482300815,2.2167688196216098,54.8
0.07744515492354509,0.09718001697685297,39.59
-1.2714319596751318,-1.6664114400350116,31.86
0.04224405993623445,-0.9410954560316429,31.55
-0.44535016015807477,-1.4852708673932797,24.18
1.5488138734918024,-0.020472989220414073,31.85
-1.3442592160371951,-1.644820865915329,17.46
0.5827232302391719,0.9497758898333106,54.62
0.4137996451199822,-1.2346417638230633,24.15
0.3854977475927268,-0.7215433943173215,31.87
1.191417310699331,-0.12928638806215698,31.61
1.3843901667945846,-0.5754639448211061,24.17
0.9106329323706173,0.5594414863511015,42.27
0.1260026888746279,-0.8568448385526329,16.23
0.8340136149376352,0.4813950654327392,39.98
0.6879205542617625,-0.8229119711951179,16.28
1.2356627904968671,-0.5201226285222994,25.5
1.5591815735605898,0.039563432026207476,16.3
-0.2287951489269023,0.795978297558144,40.01
-0.4988286296620393,-1.3434172939055498,23.94
-0.8967980249097501,-0.3494499688586181,39.45
1.5862257668948732,-0.7618970685687195,24.06
0.44141142464038063,-1.216236255328572,23.98
-0.6763654528784746,-1.8736211721699894,24.02
-0.09897056805384669,-2.0649251722404727,24.16
1.7307528256821634,0.06432924931906407,16.25
0.687801440706799,-0.822974557748797,16.31
-0.4707635380237871,-1.6219558507353562,24.2
-1.0779124717234125,-1.3955735004828809,31.75
-1.5078239200049413,0.007833994229521433,54.61
0.7011062531751073,0.597492291589947,39.54
0.08492908485446929,-0.9071039973554837,33.8
-1.0022420082585217,-1.275570745057693,31.63
1.717995327438724,0.020025359860439493,31.61
0.0955441879593748,-1.0018322464121794,31.66
0.1928360511923155,-0.9515465907009423,16.26
1.3819666096651855,-0.10010560403114174,31.67
0.6515231017701502,-0.7698834448518889,33.83
0.9106329323706149,0.5594414863511009,39.68
-1.42895277792395,0.09292925812708384,39.22
1.5065021515950139,-0.6108860198188621,23.97
-0.12241373995197304,-0.014411311839539948,39.25
0.5660777624292015,-1.2862552462190744,24.06
1.821778155578123,-1.104633712632987,24.25
0.1731015377906664,-1.5750904516919924,16.29
-1.22288452815976,-1.565110985230262,31.61
2.1200791426447707,0.11943858131215325,17.51
-1.2714319591059124,-1.666411440465685,32.01
-0.5352795183433716,1.587331408574242,55.57
-1.6876666026575484,-1.39068710934276,16.41
1.9541064659550533,0.18346428643757773,31.63
-1.2734872159124786,-1.5741925726936328,31.65
1.5603954081746736,-0.7846538862959633,24.0
1.3317430330484084,-0.6689734143836594,24.24
1.990758048772969,0.015250226262321297,17.43
0.2563617555867783,-1.7126161505488104,31.8
1.3819666099605228,-0.10010560398481011,31.7
1.9411187742230798,0.15707843320140089,16.28
0.10350529285272778,0.04131784452979922,40.2
-0.9099696511385075,0.8851233211133359,41.94
0.5034936809138395,-1.6306455150241703,23.9
-1.3112690886813962,-0.4897401150180096,39.28
1.9614369998703491,0.0007730717333355983,31.7
-1.2910351847511423,-1.5342161827021648,16.32
1.962941747875011,-0.023347167864434783,17.27
-0.21318068375111207,-2.262317525393455,23.87
0.022286306761745363,0.03642302707374819,39.81
0.8794536608009238,-1.5563112273313238,24.2
-0.24968320448697207,0.7337718012049822,55.54
-0.2652786385705911,0.05098100898897095,39.21
0.020435208498196075,0.1542153632992801,39.74
0.37027283736028105,-0.8650300275632993,31.78
0.09554419047512248,-1.0018322462015934,31.59
0.16738285641494782,-0.7085698009934943,16.31
0.7395325608683683,-1.1854300074160216,24.12
0.5660777618801515,-1.2862552463293935,25.57
0.7937831443614954,-1.1022973151552768,24.23
0.7395325608844895,-1.1854300073897108,24.16
-0.46175935717275174,0.5922555028875769,42.11
0.44141142463023986,-1.216236255332917,23.99
0.022286306761767207,0.036423027073765935,39.54
0.9351651957014652,-1.55555816762641,24.38
-0.5334815798715062,0.537840479349627,54.66
0.10570887946638875,-1.526990200706197,31.63
1.040780518186557,-1.704979600853473,24.24
-0.8837249051016979,-1.085251950443505,17.3
-0.6242588609403407,-1.8589881737330065,24.25
-1.4413588058414328,-0.011082670302137148,55.37
-1.0451365613711407,-1.0484620989984228,31.69
-0.8798813416055733,-0.24065744332080544,39.98
-0.9024916688318966,-1.2256102622820495,31.69
-0.4707635380111739,-1.6219558507378256,24.26
-0.8837249051181465,-1.0852519504385016,16.26
-0.44535016015808015,-1.485270867393266,24.26
-1.1403870126428397,-1.38037378304088,16.21
-0.8730902211069939,-1.0526458626918338,31.92
-0.8989279175328934,-0.36020308283411656,42.47
-1.30332390582248,0.12541630440803753,39.81
-0.4988286296628388,-1.3434172939050033,25.62
-0.8967980249097494,-0.3494499688586179,39.32
-0.7384744043573503,-1.8814505552216734,24.56
-0.5219919928940815,-1.287176769403287,23.95
-1.3930474317307715,-1.6299234589721185,16.38
-0.2629911755429598,-1.9542355700168847,23.98
-1.4856960201748697,-0.5369165245030594,40.23
0.8905527645789134,1.1130209681597658,55.49
-1.16744702826465,-1.2133908360105286,31.74
1.197677914878031,-0.01795990587490114,16.18
-0.9024916688193237,-1.2256102622644436,32.07
0.8340136149376359,0.4813950654327392,39.94
-1.0720850865593103,-1.2577726808883989,17.26
-0.9367917620982192,-1.2205612540042918,16.45
-0.8469499147540658,-1.1082067104519437,31.86
-1.0237689320703591,-0.38421886514944403,39.69
0.846994622983307,0.5478660073362732,40.06
0.37027907737950827,-0.8650223686220493,31.78
0.8063089675105366,1.1204945284317338,39.96
0.4414114246092632,-1.2162362553419106,23.96
0.663855047555115,0.39744615372769543,39.08
0.5390408783118448,-1.6592085764201359,24.06
0.04224403750506122,-0.9410954713212307,33.7
0.08565737743188928,0.001768760131921527,42.1
-0.2629911756596479,-1.954235569987658,23.96
-1.9975496317817691,-0.2695544650956099,55.19
-1.6329186538483633,-1.4417178153882753,31.88
-1.5043809663378136,-0.47524519172184565,40.1
0.25635638667332666,-1.7126197301904302,32.14
1.8868085928541405,-0.5434750536894847,24.14
-1.3442449076032363,-1.6448313410694966,16.36
-0.2930575242202696,-0.14430291194148628,39.34
-0.6963897039358898,-1.8582413796700075,24.32
0.31014371919816264,-1.765349268404001,16.35
1.4067571117022315,1.392786665819086,39.79
-0.6047225439649668,-1.7657494141275711,24.0
1.041091906331633,0.5940987652233074,42.01
1.5414344478824777,-0.7846456687523388,23.92
1.7437528648625844,-1.371895898781592,23.87
-1.599790896771784,0.0789770760828886,55.33
-0.5178234655451222,0.6264155789239703,54.44
0.582723230216249,0.9497758898263184,54.95
-1.6109655612846645,0.026981324143975464,59.07
0.5827232302477066,0.9497758898359129,54.83
-0.5799099032083822,0.6446700181411188,54.75
-0.5403197426854609,0.6006363873197121,54.82
0.8905527645771691,1.1130209681591907,55.45
-0.8458218288298643,1.4030750946115584,54.39
-0.6779090026908018,0.6498276221339926,54.53
1.4490851935001607,1.4127807930721386,55.66
0.5603141012703923,1.077267493732826,54.36
1.4540531275463549,1.3752317917951637,55.0
1.3212958436785072,0.17372691902877824,16.31
-1.1674482056999615,-1.2133899973836784,33.98
0.6284910623230083,0.5008847564272718,40.15
0.3554823151990914,-0.9593226793479845,31.76
-1.2596231529190938,-1.1324441015323785,16.3
0.40063589152909707,-0.7007588747146639,16.34
1.3922869101334707,-0.6398201562756551,23.85
1.647110226698714,0.35947109437566327,31.92
-1.087053284438515,-0.31121786481659114,39.83
-1.3873709164236099,0.18413989565483826,39.73
0.41379964509199973,-1.2346417638329954,25.5
0.8428956058911722,0.6191048227882431,42.55
0.050189548893868674,-1.701204742953287,16.3
-1.0538327776885386,-0.2985560191105783,39.32
0.4806335126072328,-1.765533851530923,23.94
1.5968227987276744,-1.1101103997627992,23.85
0.3855063788473703,-0.7215374512543608,32.01
0.6315812551800513,0.4660748236992414,39.4
1.7333057534132903,0.2677444828590288,16.39
1.5410164424676276,0.19545167077388834,16.42
1.1858424550169473,-0.055929189733471524,31.7
-1.1143699825831557,-1.3380573540761873,31.78
-0.49630591760079407,-1.362569916077897,24.15
0.82067310944156,0.5679460951984682,39.96
0.4387473439361339,1.050617912104013,42.16
-0.4681449077354577,-1.4145666349214547,24.2
-0.887908181745134,-0.25560860088775234,39.58
0.11320710291184301,-1.4727042453997226,16.36
1.2195620533264966,-0.5045398377725748,23.92
1.0162846196559,-1.262569712617173,31.81
1.5731277768377676,-1.0596710854966582,24.2
1.191417310699084,-0.12928638806218198,31.66
0.5322629004533928,-0.8880367362573627,31.91
-0.9024916688314161,-1.2256102622813774,31.92
1.7179953274388295,0.020025359860825345,31.91
0.44525211855509805,-0.7078075507583796,31.89
1.548813873227348,-0.02047298936476487,32.06
2.1170759101928094,0.0956064645154881,34.23
-0.8576518853850176,-1.0373159577664623,31.65
0.2569547253521715,-1.7604097081132914,31.74
1.3317430330484092,-0.6689734143836598,23.98
1.197882823521649,-0.10939033405501936,16.32
1.3843901667980318,-0.5754639448275622,24.51
1.730752825642515,0.06432924864399435,16.23
1.5851844835750013,0.16126861031975948,17.44
1.3843901667775766,-0.575463944789257,24.24
0.4944600867341931,0.9658629200485338,39.53
1.4760860445683002,-0.471492807979247,24.2
0.6638550475551145,0.39744615372769593,39.17
1.0933517902606698,0.6491177377919137,39.4
1.2356627904968893,-0.5201226285222151,23.93
1.3666369806360072,0.860245365762613,39.4
1.699209528450407,-1.0353455652151016,24.17
-1.072085088690609,-1.2577726793766169,16.19
0.09554418302482971,-1.0018322468252283,31.69
-1.0779124717229271,-1.3955735004827432,31.85
1.5773098793548181,-0.48345667643956575,25.53
-1.1403867088409934,-1.3803739915942075,16.26
-1.5713677477646226,0.14487123675344668,39.65
-0.5173302316241136,-1.5060262600729102,25.46
-0.9867563510287046,-0.36860501468981133,39.81
-0.517330231625119,-1.5060262600724486,23.91
1.1594639298614537,-1.7726326240576673,24.13
1.1978828233847085,-0.10939033406131207,16.35
0.1928373464078783,-0.9515449464569944,16.25
-0.9366534884759761,-1.0176791098612088,16.27
-0.9758830158559824,-1.12520129532969,16.38
2.131857446031197,0.17773059369772534,16.42
-0.05885569939744691,-0.8524615592677032,17.46
0.9592557380521941,-1.3591970888114717,16.35
0.19283740208584713,-0.9515448757766446,17.42
-0.8941696768795737,-0.27975121167410955,39.84
0.4470200120408554,-0.7856053971912649,16.31
-0.4617593578008074,0.5922555025248376,39.18
1.2257098581686352,-0.587532986539633,24.06
-0.8989279175328928,-0.36020308283411717,39.91
1.961437000006347,0.0007730716176374382,31.63
-0.15758218729633583,-0.04876906127447257,39.16
-1.3930495870847432,-1.629921362859435,16.26
1.5516210397079504,-1.117805058026974,24.12
-1.1295720750739986,-1.351708917655103,31.83
1.506502151512595,-0.6108860199636473,24.06
-0.44448575084881603,0.7511151090653402,39.05
0.8419903299199689,-1.2545865845659652,24.36
0.9106329323706162,0.5594414863511011,42.49
-0.986756351028704,-0.3686050146898113,39.27
1.6339959741418864,-1.2122396659338655,25.5
0.035168559074411514,0.1258263812767735,39.81
-0.22419991240830822,0.9061866979189068,39.77
1.4298498786774627,-0.4637905712567748,24.38
-0.8941696768793914,-0.27975121167411277,39.92
-0.7798267607124312,-1.7602895202341424,24.14
0.6592499155080067,0.44833167236542426,39.15
0.22084639342662976,-1.4773051860703021,16.17
1.1186863820726956,-1.657588633518398,24.31
0.806308967510383,1.1204945284317134,39.74
-0.44535016015826884,-1.4852708673928217,24.29
-0.04967877396370948,0.16742729291319955,39.68
-1.6085792865444066,-0.5458632828417188,42.79
2.1200791294376886,0.11943836955222385,16.21
-0.09897056806152152,-2.0649251722386532,24.31
-1.2559252245222676,0.09375193568747586,39.3
1.4215371504755963,1.4358883540876268,40.47
-1.2086265384335289,0.24112878236861912,39.4
1.4268631843178903,1.394964927993349,42.31
-0.6916995680373721,-1.782715286991923,23.98
0.7050755672528778,-1.8063762426830852,24.09
0.9170700632468243,-1.5496917622564286,23.97
-0.11868171566421604,-2.055094891406913,24.42
1.3894677885281834,0.8999900636865638,40.0
-0.1703241234660122,0.04817551104494032,39.41
1.0656500250179342,0.6066793136375274,39.29
-1.4001075328876111,-0.49954156381786263,39.38
-0.20873428328900917,-2.27575217404355,23.97
-1.2424244258948247,-1.5763916594490008,31.59
-0.40452607345724173,-1.9682214097208144,23.93
1.1009104328939492,-2.011023798401804,24.12
0.13810287758573705,2.0876107907071217,54.93
-1.5949314452788712,1.2232883321740569,58.93
-1.6511715183044735,1.345178633867795,55.17
-0.8877371166361469,1.781611395435768,54.79
-0.8877371160071624,1.7816113957261652,54.72
-1.6620765296021445,1.160984096348409,55.09
-1.4924953288567684,0.6360146430152538,39.47
-1.6288990626576993,1.26836918179329,54.96
-0.9563165790308435,1.7170765906995988,58.45
0.13810287758137044,2.0876107907072514,55.11
-0.6657256048466295,1.9747713533106157,55.06
0.2931131374019012,2.2567076768522507,55.51
0.025492968428107596,2.0023648421752234,54.87
0.13810287758113376,2.0876107907072603,55.11
-0.6657247580046182,1.974771657996607,54.96
0.04269244410785583,1.9748541745098673,54.83
-0.8877371169769636,1.781611395278418,54.9
-1.6641085044750894,0.6520345454652637,55.07
0.025492968428107474,2.002364842175227,54.65
-0.41803932779386527,-2.157950125028037,24.07
-1.651171518304467,1.3451786338678056,54.94
-0.70148930674531,1.9444047042234947,55.54
0.6536523759565603,1.6637196904062557,58.8
0.021127749566917188,2.2023299728802814,58.77
0.0686760769085541,1.8626011962227036,54.67
-1.664108496062006,0.6520345540020516,55.08
-0.8733881904094776,2.0734582968671535,55.47
-0.8877371170560622,1.7816113952418988,54.66
-0.6766374543683703,1.1597199516977583,54.47
1.8418231147454671,-0.9679961184069694,23.9
0.14587277413555336,1.8982955953623453,54.86
-1.6928583875438044,1.270613803246449,54.85
-1.8234760325885842,1.3845036209184531,54.91
-0.467323695560563,1.4734523757819742,55.18
0.02112732675369277,2.20232994718063,54.77
2.074702281884479,-0.7263991363088731,24.11
-0.665725320124112,1.9747714557509437,54.92
-1.8005809880115766,1.3985973959706295,55.38
0.1775894002491338,2.068623126000717,55.35
0.4248043290858041,1.514094022361859,58.51
0.6536523763003218,1.663719690278088,55.2
0.32896851134878363,1.999092900379867,58.73
-0.4185079804610108,-2.15788221894348,23.99
-0.5242061443740926,-2.0640070500102286,24.01
0.3137676802780691,2.2618755988439108,55.12
-1.8886036894533862,1.15468904491588,54.61
-1.1333839450737115,1.8642121389746078,54.49
0.22042376387644383,1.9732680129409297,55.53
-0.7155073548504826,1.8277751459140705,55.46
-0.7155073369319813,1.8277751498091752,55.33
-1.5949314452788204,1.2232883321741739,55.03
0.5720191605002225,1.5204965278298002,39.76
-0.7965746325374136,1.5201387765562757,54.5
0.1156757509634299,1.8168875742105686,55.02
-1.5941696999072055,1.0400695211832136,54.89
-0.7181897767647749,1.7992018359584545,55.56
0.22042376177633963,1.9732680133350218,59.19
0.22042377610084424,1.9732680106469613,55.41
-0.9266658173344753,1.5932110942388282,54.61
-0.6955871577407913,0.8935691888159011,58.35
-0.9351585123226466,1.5502235439897676,54.83
-1.4029941767204799,0.42827946095795943,55.02
1.7126051221771161,-0.9317225565186622,23.95
-0.5869928833526555,1.011692834074387,39.35
1.963177010755378,-0.7371415802323239,24.21
1.2064053122837468,-1.6416300410383269,24.21
0.2770853327291809,1.9394924034808811,55.72
-0.46926834157965946,-1.9601435394462063,23.89
-1.4560826883196012,0.6044806344703993,55.41
0.34439312865717847,1.5196154252031056,39.27
-1.662076530573694,1.1609840948350092,54.71
0.6536523768832698,1.6637196900607412,55.1
-0.5242061446655346,-2.0640070499726777,24.15
-1.634208175708504,1.0677472059709356,54.77
-1.7311926903626114,1.0424103642319125,54.83
-1.5876369779157364,0.5299249541100598,55.26
-1.5876369177804954,0.5299250518671564,54.62
0.29312595305822925,2.256705622792112,55.39
-1.628899062402949,1.268369182219838,58.87
0.1381028775818608,2.0876107907072403,55.26
-1.6641084774860213,0.6520345728511675,58.75
0.0426924441078562,1.9748541745098669,54.75
-1.4924953288568048,0.6360146430152105,39.44
-0.41849807944483824,-2.1578836548358846,24.09
0.5569635353297202,1.6736341004701172,39.84
1.8418205846232152,-0.9680004290272609,23.92
-1.7311926903738257,1.0424103642130214,54.74
0.17758940023673206,2.068623126001403,55.15
0.4248043291081209,1.514094022357256,54.7
0.010421675329126297,2.1888096688567624,54.66
0.13810287758177242,2.087610790707243,55.13
-0.4673243867716756,1.4734521635317708,54.78
0.344393128657157,1.5196154252031018,39.62
0.14587277409606544,1.8982955953635996,54.81
-0.9563166859208105,1.7170765377699888,54.37
0.025492968428107637,2.0023648421752256,55.21
-0.6766374751179219,1.1597199251900363,54.79
-1.1001509538279577,1.9144497789635595,54.56
-0.6657244423963299,1.974771771550084,55.28
0.13810287758109768,2.0876107907072594,58.84
-0.8325656934833133,2.0987917271815792,58.68
-0.9124963478856063,1.7426399634914258,54.71
-0.7952733691297353,1.7094250380693454,54.61
1.0086799579785133,-1.826434637643727,24.04
-0.814877302857117,2.118303878990483,55.81
1.008674038760354,-1.826438200994189,23.89
-0.7264840525581913,1.935117816550207,54.91
-0.7014950413589276,1.944402582447723,54.94
-0.5789192378308458,1.9387361537055994,55.01
-0.8877371164081762,1.78161139554102,54.4
-1.6620765305177083,1.1609840949222203,55.27
0.34439312865702076,1.5196154252030563,39.51
0.3289685121929286,1.9990929003063036,54.94
-0.7014912433055077,1.9444039877042634,54.8
-1.651171518304473,1.3451786338677967,55.17
-1.6511715183044713,1.3451786338677962,55.22
-1.8885445545687947,1.154783136467016,54.57
0.025492968428107485,2.002364842175224,58.6
-0.6657237433377294,1.9747720230670618,54.97
-1.100147381062656,1.9144516831915073,58.62
-0.7264841508617724,1.9351177861997664,55.04
-1.9127523522633776,1.1356174437606386,54.72
1.841816895032618,-0.9680067149212799,24.17
-0.6657235012767941,1.9747721101594042,55.13
2.0747022702359343,-0.7263991603323858,24.2
1.0086714897221871,-1.8264397355148878,24.22
-0.8733783259403608,2.0734608124334435,55.46
0.0010243041318991398,2.21676897146786,54.81
-1.1333748785881308,1.8642177599795908,54.38
0.5569635350729835,1.6736341004240225,39.7
-1.6288990626566113,1.2683691817951057,55.09
0.0734596716880454,1.9719956099422908,54.88
-0.9563166883994403,1.717076536542627,54.79
-1.912752240497853,1.1356176491075278,58.61
-1.8062346821284851,1.4211560968669137,59.92
0.2251239824004381,2.0660625716528083,55.01
-1.6620765297073254,1.1609840961845659,54.72
0.025492968428107627,2.002364842175223,55.42
-1.6989794430552074,1.0872889967443053,54.8
-1.4924953288569696,0.6360146430150247,39.4
1.3153720563577413,-1.7021258123525123,24.02
-1.89662244882926,1.185089677442029,54.91
2.132086812390302,-0.8520878541727658,24.0
-0.5789192411551111,1.9387361525439197,55.06
-0.7264841009577181,1.9351178016072408,55.01
-0.701489278435251,1.9444047146981163,54.73
0.2251239828073926,2.0660625716140566,54.79
-1.4322428885669545,0.6592490878208318,39.77
-0.6047767765764306,1.0968863961767146,39.23
-0.3866494627334646,1.4879774366254659,39.64
-0.5867158864092594,1.2264158183456122,41.85
-0.5449684463155744,1.8316103941160204,40.01
-1.5549557768471216,0.7334500075567857,39.61
1.0102225053304272,-1.8255068086224433,24.28
-1.5549557764467197,0.7334500078663203,39.78
0.3396912207768097,1.4596975168045434,39.45
-0.5867158844849062,1.2264158190744952,39.42
-0.5242059098849635,-2.0640070802228028,25.46
-0.3866494335368703,1.4879774378449342,40.02
1.6270262460453682,0.5001100252685281,16.24
0.3396912207768099,1.4596975168045403,39.42
0.658058844921041,-0.4940244047060064,17.5
1.5904262636878475,0.42678365189381473,31.59
1.782841200624317,0.6260160859881415,34.03
0.4259216361132617,1.9629721714589505,55.06
-0.7952733249762098,1.7094250479833601,54.58
-1.6342081703507727,1.0677472138581132,55.01
-1.9119096923559338,1.0109999491007298,54.71
-1.5313047972375913,0.5695628541063676,55.34
0.14587277388699263,1.8982955953702543,54.83
-0.5899791915172287,1.9059802460002369,54.83
-0.615736888026858,1.8927798998335796,55.27
-0.30468003500737023,-2.054987917453381,23.9
1.9757400661948548,-0.840480508348992,24.18
0.33716095695494425,2.1197617139947598,54.77
1.2836818090916091,-1.6743083544506727,25.78
-0.8328699439773077,1.6430593309986714,54.71
0.6504459411721525,1.5134918399483384,39.74
-0.8328680100290587,1.6430597418239385,58.16
-0.279006975041229,1.324084801579663,39.53
-1.6928583888620157,1.2706138012797532,55.86
-1.7119508554945126,0.9231583449602084,54.54
0.49048277428549253,2.213564263084947,58.86
-2.001683321818326,0.9373425219348267,55.07
-1.6928583879444725,1.2706138026486744,54.81
-1.2454077129961485,1.7708073652072505,55.03
0.270258646899197,2.041351084593775,55.1
1.7603445755865121,-1.1036432636575981,23.87
-1.6370007377066036,0.32327342158276245,54.71
0.11359795703999173,2.183247890823367,54.47
1.7603455369598295,-1.103641723835923,24.14
0.5014707034451572,2.2203468197756155,55.12
1.2806890387054501,-1.736416758400221,24.05
-1.7311926903008883,1.042410364335911,54.51
-1.7311926903594745,1.0424103642372013,54.39
-1.6620765305938379,1.1609840948036318,54.77
-1.1333747909927294,1.8642178142896293,58.21
-1.6681635946821378,1.3028049879055783,55.16
-0.8877371169811321,1.7816113952764943,54.66
0.29319341591928855,2.256694797975485,56.29
-1.6681635947111806,1.3028049878653152,55.37
-1.698979442198735,1.0872889979660925,54.68
1.326086127392705,-1.9038624107790965,25.74
-0.9124963492406304,1.7426399628581517,54.83
0.0006343229605224336,-0.6723527750127725,16.3
-1.651171518304473,1.3451786338677965,55.16
1.2836818091035627,-1.6743083544406223,23.97
0.9600270001014458,1.8872619801130688,40.52
-1.9087285361486446,1.248421490914608,55.84
-2.0081413366507843,0.5551603732466732,39.67
1.3153757238555466,-1.7021221673972284,24.01
-1.912756952259038,1.1356089920600922,54.87
-2.007194261285286,0.3578530524330467,54.7
-0.3184617034001788,-2.171326149219058,25.73
-1.9435528808387104,0.39316315068203417,54.77
0.0006706010028247432,-0.672335588196783,17.42
-1.8062346768217752,1.4211561024712278,55.9
-1.5173084375943957,-0.9749218221152093,16.2
-1.6448083340056991,-0.9933837487034958,16.68
-1.8655325923539603,1.308319467749618,55.46
0.9071805965082584,-2.098764283769042,23.89
-1.4322428885555494,0.6592490878396757,40.01
0.010421724064519128,2.1888096671404904,54.63
-1.8885419298546622,1.154787310464936,54.42
0.6215247607747599,2.1420647788710974,58.85
-1.9795826424355658,1.0325443921755921,55.34
0.9116710019439337,-2.083524216191546,25.56
-0.6075406167433451,-2.291358019369416,24.07
-1.060622136925945,1.8380235592265295,54.65
2.084100319644332,-0.9185647964736255,24.34
-0.7411016072411712,-2.184074971800619,24.27
-1.982367611002715,0.5711317412316248,39.84
0.3968239304841849,2.2314505704580245,55.32
-0.8149587954760855,2.1182762526380845,55.78
-0.38664946440033865,1.4879774365558454,42.26
-0.08580972606909094,-0.7589090659702831,31.6
-0.9016338940139239,2.048932410733251,55.34
-0.45620044802741494,1.028499844377663,39.98
-0.583112939933387,-2.2886870996977167,24.25
-0.364535428341827,1.4067406695795353,39.58
1.34396192846842,-1.9009979205206406,24.71
1.5904262658027242,0.42678365562171017,31.66
-0.8733538386173219,2.073467052207204,55.3
0.552888759318803,-0.5406865439050349,31.85
0.42480432899875964,1.5140940223798187,54.88
-0.5867158844150331,1.2264158191009615,41.88
0.17758940021707412,2.0686231260024965,54.98
0.07345967168792907,1.9719956099422964,54.88
1.8418218129605455,-0.967998336293652,23.95
-0.9124963494977781,1.7426399627379723,54.83
-0.524205901568385,-2.064007081294347,24.28
-1.8005813822549468,1.3985969468034847,59.28
-0.3866494722575217,1.4879774362276628,40.41
0.5569635352954255,1.6736341004639597,39.65
-0.6766374744508522,1.1597199260422206,54.89
-0.792743477727904,1.6617394278451123,54.47
-1.888597447804235,1.1546989808761516,55.12
-0.4673241081499343,1.4734522490874578,54.95
-1.1725530151256855,1.4104271169222617,54.72
1.0086694838645647,-1.8264409430442816,23.91
0.3137659724481807,2.261875884857317,55.43
-1.8062346769085758,1.4211561023795578,59.9
-1.8653914610611628,1.3401409234320936,55.67
-1.1001510163071153,1.9144497456630363,54.91
-0.7038151814096166,1.0302057455376425,54.47
2.018027469791333,-0.8370496218344818,24.19
-1.1869581020741777,1.811588642175656,55.41
0.8237053111624983,-1.9149793411243419,23.94
-0.880107264769543,2.065963129297108,55.08
1.2485352240906613,-1.7554574404237306,24.23
-1.6469629673979855,1.210225983610772,55.2
0.5712314922399528,1.6311497496963487,39.66
-1.5173084375944543,-0.974921822115192,16.62
-1.965498595548907,1.0062971143841044,58.59
1.442618677333007,-0.4079038869384725,23.94
-1.6708549756554967,0.9764825442401208,54.72
0.3443931286570196,1.5196154252030512,39.36
-1.912728226309059,1.135661767072964,54.58
-2.0370425072031244,0.48916448799810835,55.74
0.9703815507824683,-1.1103546402509135,24.59
0.6653260012925398,-1.145273203658635,24.19
2.2720643640877425,-0.6318175840546066,24.4
-0.053326973739839745,0.5172113357887964,42.02
-0.5269275746838152,0.9364897030407071,54.63
1.627026253629321,0.5001100383145208,16.38
-0.5801070908857253,1.1410269156582236,39.35
1.7828412006243106,0.6260160859881444,32.39
1.791973067317667,0.6736410943912764,16.35
-1.9164155140009373,1.2722101138597877,55.88
0.6679639871650234,-0.4970970354959758,16.53
2.07470226814098,-0.7263991646529314,24.42
0.9703815499995655,-1.110354659239648,24.1
-0.7330500579640155,-1.539532970053034,24.22
-1.800581185335625,1.398597171156602,55.52
-1.8157090230024022,1.3164564484188161,55.68
-1.600014748109614,-1.0231929490195188,34.07
1.7919730673176666,0.673641094391278,16.41
0.7105722808917644,1.6019730235569873,55.15
-1.4581052482324217,-0.9922126365408196,31.62
1.2531613152478116,0.08635070430763646,16.39
1.2914737411243895,-1.9209518283519933,24.58
1.2244054850996515,0.8702602708976531,39.56
1.9824015539471358,0.09845234962504694,33.64
1.0358201115694774,1.4689119064333094,39.32
-0.7038151847869208,1.0302057415902781,55.39
-0.9367917626440487,-1.2205612554573844,16.4
1.4602470408867674,-0.020329765083997472,31.85
0.7105722898814987,1.6019730186757846,55.31
0.5168921880894194,1.0795241963312263,54.61
1.9609164595385369,0.6020701808481185,31.98
1.0027116325057273,-1.775655268071376,25.51
1.4737422725886717,0.039728775692042986,16.29
1.0544438243540508,0.7119117531916836,39.32
1.105524767023386,0.772125479275696,40.63
1.1055247669544928,0.7721254792601708,39.44
2.0271359950894365,0.3902949872960548,17.41
0.5055448476245827,1.41507160974758,54.68
1.5282260496716138,0.27816731256500393,31.83
1.4453386872383143,-0.3781332139654842,24.44
-0.4690449679715899,1.7168077054710236,55.07
1.633995974141885,-1.212239665933867,23.95
1.2569291006595478,-0.5418405963767512,24.06
1.3536061721389268,-0.6085473049664196,25.5
-0.5237624488940046,-1.3029761073497763,24.27
1.3536061721384958,-0.608547304967533,23.97
1.9647583750042894,0.27991784324928726,17.34
-0.903865526609139,-0.2892312897392042,39.79
1.0837822574437888,0.7265914831041029,39.19
1.0027116129183828,-1.7756552784213027,23.94
1.3287652246311397,-0.5862854410297085,24.09
0.8237495154332405,-1.9149622516001483,24.06
-0.40284006448833287,1.7244389796961452,39.86
1.5584871948585148,0.2736432864376147,31.82
0.4222770971200564,1.1238033958211417,39.33
-1.1396464311407064,-1.018572982081776,16.66
0.40161900138797507,-0.7002395870266506,16.42
0.3732516130629979,1.2173052497196368,39.68
0.049943927971498464,0.36864879550660756,42.09
1.7826646688702663,-1.057771683137772,23.96
2.029503217369471,0.25638873314084387,33.86
1.5690479397104968,0.32965956307220345,16.74
0.8123799912475921,1.4425067015941926,55.03
-0.48381423361179593,-2.0678070506419663,23.96
1.7826639546533798,-1.057772808639373,23.91
0.1468233299228632,1.7796654405808725,54.85
1.4602470405832757,-0.020329765095567744,31.69
0.19423951729812905,1.7200246539175206,55.29
1.62564581675552,-0.6904773997824865,23.81
0.48040257595625535,-0.6314872754687428,16.39
1.8418214847197882,-0.9679988955232706,24.05
1.9541041434224615,0.18349677220603836,31.74
-0.4374685830621818,1.7626177728796495,58.67
-1.1701957873085358,1.5527596832412782,55.03
1.3187566935146056,0.11271920791507768,32.16
-0.8986512858460847,-1.1443568410382718,32.21
1.6234740021485208,0.3875883666364091,31.84
1.7046557962043698,-0.6092101426627488,23.86
1.6404883033713513,0.45438544472146825,16.54
-0.5242061460794888,-2.0640070497904985,25.51
1.3521382138594042,0.17760801881593902,16.16
1.2428177932292468,1.697474906031836,54.93
-0.7080200699831641,-2.1851218106457075,23.97
1.6623387935637315,-0.6693013860614377,24.03
2.102633909419288,-0.8974080617141815,23.93
1.4968020094782706,-0.37742067326982287,24.13
1.2297825699830245,-0.029429635457492862,16.32
1.2257098581686352,-0.5875329865396338,24.02
0.8140712346044969,0.7294899660785035,40.75
1.2297825699855833,-0.029429635449554944,16.41
0.22045838046702534,1.8562653701417315,58.71
1.8418169071858261,-0.968006694216318,23.87
-0.7866587218010528,-2.181030807296352,24.53
1.78266380164038,-1.0577730497644635,24.15
0.09535999028104318,1.9418368013552363,54.6
1.1978828235091779,-0.10939033405559283,16.2
1.9697941680087157,0.47029050946961065,31.65
0.022286306761698547,0.03642302707371041,39.78
-0.4856321170330014,0.028968461287245277,39.32
-0.3579784449335105,0.011912055969256525,39.57
-0.4838143094217019,-2.067807045995056,23.99
-1.1255572293258245,1.5594157068913626,58.76
1.9874219159869881,0.2373617308153897,16.23
1.2051651195077044,1.711004279737255,55.2
1.2356627904968838,-0.5201226285222433,23.94
1.9936371758467908,0.5258267451167061,31.72
2.0933337684529727,0.6161186581911138,32.52
0.3720257268633607,1.9701570761042293,55.98
-0.9636855105541855,-1.1011347619567724,16.47
-0.5242060330453129,-2.0640070643542985,24.04
0.7260221245079609,2.1000901771570484,55.09
0.048647806254786714,-1.7002562281200526,16.71
1.9754700591316947,0.13257742113342358,16.46
0.17386562342488898,-1.3931301840638337,16.3
0.763009243838213,1.5679653481752192,58.96
0.45826281579282985,1.4448038333372568,54.68
0.6592499155080063,0.4483316723654239,39.16
2.0725557914816215,0.5398272127585821,32.23
1.0957307220627632,0.6948239945243618,39.31
1.1536719658869532,0.757287483794408,39.57
-0.7403482595392264,2.064784929964451,55.02
0.557020639666113,1.2827594069827088,55.45
1.3932808021614658,1.0325750888138885,40.78
0.5570206148812433,1.2827594164220264,54.68
0.3060714440064417,-0.8624383517118348,31.98
-0.4184993875470309,-2.1578834651318473,24.08
-0.003736512748591895,-1.6386118392559985,31.86
0.5281600621049604,-0.6360749342295317,17.48
-0.9561807153669306,2.017043245679614,55.91
-0.9196331708805051,-1.1676774836370012,31.84
1.3153722875456864,-1.702125582591879,24.04
-0.08163972254869889,0.32568684832960704,40.07
0.019921068303105957,-1.3716386722737002,31.75
0.2251239824940089,2.0660625716438963,54.81
-0.2861893662155962,1.283527584327275,54.99
0.6638550475551146,0.39744615372769576,39.43
-0.8325608951448021,2.0987935283244195,58.66
0.049513010388253294,-0.8156212194910417,31.67
-0.9217473621064957,0.9668171803026921,39.97
-0.2861893661033757,1.2835275843380551,54.93
0.05872597328271734,-0.006611015315207056,42.56
1.3851326543128712,1.5080016018480111,41.0
-0.3866494664475258,1.4879774364703382,39.83
1.462879857775317,1.0829794138102373,40.33
0.08565737464335839,0.0017687585465111133,39.34
0.32896851359787493,1.9990929001838629,55.34
0.7255586984611425,0.4473876213534872,39.42
0.7011062531746317,0.5974922915899181,39.29
1.217519579152552,1.3407453573808505,39.58
-0.27515039141844416,-0.14575378560171443,39.15
0.1334330745963631,-0.7046008614021717,16.52
-0.07067704489293744,-0.9194286206427136,32.42
-0.7379779792958252,0.9705867842563699,54.51
0.6592499155080068,0.44833167236542476,39.18
0.5569635352420074,1.6736341004543687,42.57
2.0412475338625278,0.66648807830726,16.9
1.3900919211134353,-0.003295223388422308,31.96
1.4170296684068169,0.06397344157977385,17.29
-0.3518795295038715,0.237317761870209,40.27
0.6638550475551145,0.39744615372769554,39.38
-1.1306903764671334,-1.131818132331152,16.48
-0.29305734590710186,-0.14430286478285798,39.12
0.12876648617707945,0.28074495852120207,40.19
1.1307168942107515,0.710673870813981,39.3
0.27989936967788925,-1.9256238140838118,16.55
1.4181768312799419,-0.07369992536140625,16.21
0.5984053960795361,0.6024834616746829,41.89
1.093055623740422,-1.2306748920820096,16.94
1.0998396030187894,-1.365494813545016,32.73
1.6550763057982103,-1.0149225403291806,24.3
-1.072085088643329,-1.2577726794101516,16.38
2.0698693442387555,0.7093019588443247,16.65
0.5569635351669521,1.6736341004408946,39.74
1.4210612644434661,1.47640347615728,55.55
-0.27704525574412836,0.194582052202021,39.22
0.5720191604215538,1.5204965278690263,39.87
-0.9902039441844473,1.6696658773689697,55.66
-0.4074856307006249,1.2762543095639198,39.8
-0.43437090145461904,-1.9657123437741195,23.86
0.23502921033075685,-1.748332580281507,32.14
-0.9161474483471137,-1.0068620331789075,17.48
-0.46512887590168206,1.4074474229681146,55.02
-0.7379779792974175,0.9705867842528234,55.14
-0.6534715280720635,-1.7485190659582153,23.98
0.22512398274560658,2.066062571619938,54.88
-0.5869928758764942,1.011692839554008,39.37
0.22512398192082866,2.06606257169848,55.47
0.22512398195437808,2.066062571695287,58.81
-0.7248012754359356,-1.756109312930626,25.6
1.5646249721691083,0.11184677575733203,16.31
-0.9038655266091383,-0.28923128973920526,39.37
-0.7952733247276591,1.709425048039168,54.62
1.4577133615711904,1.036099606548558,40.25
1.229782569960985,-0.02942963552575616,16.18
-1.2559252244763837,0.0937519357326609,39.23
-0.7014892884981911,1.9444047109748654,54.75
-0.7264835035048325,1.935117986066388,55.27
0.3256372972908256,1.3276404439175036,41.83
-0.7264841515941788,1.9351177859736437,55.15
-0.9902039510312631,1.6696658736298693,55.66
-0.9563166870120462,1.7170765372296342,54.43
1.1976779148104055,-0.017959905958980272,16.32
-1.3510137073505029,0.0005560336771718119,55.29
0.8550011202244217,1.179553331097005,55.48
-1.3568330969027425,-1.1332814737521748,16.21
-0.24420685727033356,0.8574695567006804,55.03
-1.340183778752775,-0.4369566152387818,39.66
1.3874725391182452,0.9817972925667462,40.5
-0.3375426748181714,0.9507539629080881,58.92
1.5861947213634073,0.09539135199021921,31.81
-1.392991141940104,-0.45216701603158344,39.33
-0.463117150293027,1.3779798767994642,55.12
-0.4810047746053862,0.13078253641831672,39.26
-0.15824271622829883,0.022140581250960575,41.82
-0.2770891884512299,0.16689126769183651,39.38
-0.753340903814817,1.9054907594747543,54.9
2.1255600818380294,0.5162718383227487,16.82
-0.5041616447483998,0.12988159837249322,39.04
0.8527824619216214,-1.7612433870380524,23.93
0.894083349783398,1.2471380442218507,55.47
0.20709830034803703,-0.7888606460933791,16.4
-1.2229878632219928,-1.2842485318606942,16.36
0.687719972428811,-0.6817831481900435,16.31
2.1006463250267107,0.4402960754996987,16.49
-1.4407162825355002,-0.43808419560281014,39.49
0.010421686616513656,2.1888096684592635,55.05
0.528388117251591,-1.6977307190659043,23.99
1.7530985034002895,0.2203298092672094,16.25
0.04269244410785568,1.9748541745098673,58.65
-0.7038151844907802,1.030205741937984,55.33
0.17758940022100658,2.0686231260022767,55.03
-1.878074389356686,-0.23198757953313884,54.69
1.7919730673176641,0.6736410943912757,17.36
0.17758940024434297,2.068623126000981,54.99
0.07449145058378524,-0.8235067104688563,31.71
-1.692858386712261,1.2706138044870667,54.84
1.2217699584870707,-0.0675813768035768,31.58
0.5441360198451328,1.013367171730774,54.93
0.23455752027278814,1.6834210425217322,54.9
2.1296018053154637,0.45442104388864335,32.0
0.46060373348519257,-1.147210891862005,25.56
-0.46421720593923005,-1.438413035126108,24.22
0.021127710615775713,2.2023299705127837,54.59
0.04269244410785595,1.9748541745098669,54.84
-1.6448083340061723,-0.9933837487031828,16.39
2.103503384382525,0.35986461328873187,32.2
1.791973067317671,0.6736410943912751,16.61
0.18862335271859051,2.169336640748288,54.68
-0.6389093704282932,1.6499391340805494,58.99
-0.5822328764930691,-1.5001812306195035,25.82
-0.37442967519739045,1.6257920381120412,40.29
0.7492491089181038,-1.2112999229301786,24.23
-1.668163594712692,1.302804987863219,55.3
-1.905940238721753,-0.25374987469175136,54.48
0.20437790781583987,2.1782819156682596,54.61
0.44487849367967547,1.8188662129321176,55.22
-1.6928583852648673,1.2706138066464974,54.85
0.7582184286900292,-1.0993023851913484,24.44
1.2664050105888092,-0.024112582517214022,31.53
-1.9312427696834564,-0.23442386706236987,54.6
-0.42824113226687915,0.7016151085375822,39.43
1.4215371504752776,1.4358883540881444,40.43
0.1035095691833295,0.04132010926652622,43.09
-1.6448083340061725,-0.9933837487031812,16.36
-0.5237624488952624,-1.3029761073492354,24.05
-1.668163594683432,1.3028049879037844,55.61
-0.24201775510345128,0.9359292534049903,39.7
-0.7533348456259843,1.9054923498580418,54.84
0.4500698339730273,-1.176049563813805,24.08
0.5730005683819888,-1.702610129337987,23.96
-0.7533357384527057,1.9054921154877567,58.53
0.6184338969481268,0.5846539861482324,39.37
0.2702586479540634,2.041351084479197,54.99
0.310711927594355,-1.843101463610734,16.56
1.1892567002269967,0.8975491901386186,39.22
-0.46513049583323884,1.4074472113417238,55.07
-0.3205906963437587,-0.1284572860111257,39.77
0.754023166279962,1.214833151880593,39.8
-0.6489123556615458,0.7027173647659284,39.36
0.6679639755279522,-0.4970970299683409,16.27
0.4401921258269169,2.0798653850394766,54.91
-0.46301114898160295,1.3779886547631495,58.4
1.2781515556983367,0.025775423295781107,16.26
0.15165971307345472,-1.6070854025616306,16.35
1.2240829498761716,0.9105595741755258,39.25
0.49506319571344504,-1.150983162079001,23.89
1.7126051356890575,-0.9317225395337858,23.84
-1.4333773074390515,-1.415777242941628,16.3
1.8077502909092196,-0.5130397012648654,23.91
1.5314278097808245,0.13922436525240267,31.78
-1.732429117059021,1.1917526313504025,54.96
1.639440053110835,0.26909389161891417,16.33
-1.7324259189229305,1.191757860103032,54.79
0.4550033156215336,2.088478892641906,54.69
-0.8733946139937105,2.073456658169694,55.1
0.5356171238739345,2.0683236057314462,54.63
-0.7031381898984375,2.0899239181372535,55.27
-0.9366534887486437,-1.0176791097152278,17.43
1.8358292299244188,-0.4958528604300507,23.92
-0.6723834456715133,2.1202957002993807,55.68
-0.703815184764829,1.0302057416162493,54.74
0.39894579690136095,1.1322061715783442,39.32
1.6342012298121866,0.18797285484164517,31.81
1.753098503423949,0.220329771835566,16.34
0.7362453957749321,-0.7175684608290713,16.26
0.6877400982569934,-0.6817663323630238,17.48
-0.3413788153810414,1.0495874533371383,40.01
1.2800236783775771,-0.4535520466767832,25.54
1.3187555585438953,0.11271746009934122,31.49
-0.04597019960103313,-1.4786871087152547,31.64
1.393117974059716,-0.45304266971787177,24.26
-0.050581331260494744,-1.531395264187644,33.77
0.06867607690856407,1.8626011962227025,55.09
0.5055448473828996,1.4150716098673328,54.65
0.4582628158094489,1.4448038333349102,54.64
-1.47179263225215,-1.4205979511135913,16.22
0.5227222362446953,2.0589094275035054,54.78
0.7512308947449534,1.30534113054673,42.55
0.25163216659764914,1.8193687058308685,54.49
0.07716929917072177,-1.5604061395498592,31.59
-0.061679268428117176,-0.8026414928840938,31.5
-1.5195990035009892,-1.4014060130743864,16.19
1.7333057601185629,0.2677448066639962,16.42
0.159020236769312,-1.5566994717107125,16.23
0.7362458808418315,-0.7175727589627268,16.43
-1.2207082011377866,-1.3078568156536754,16.35
0.12600248285253987,-0.8568449627407821,16.2
0.10215332580242314,-1.4618957368781402,31.75
0.25163216672432687,1.8193687058317463,58.56
0.47486771413727963,-1.78863105004118,23.95
-0.11945191841462283,0.43412872218347,39.62
0.14587277390006015,1.898295595369839,54.57
0.7105722733573068,1.6019730276479978,55.07
0.7630092629171091,1.5679653356344685,54.77
-1.2229909645667867,-1.2842474125529657,16.39
1.9212985774211928,-0.002834350942091018,16.13
-0.5269273333649803,0.9364899749515659,54.74
-1.220708133560902,-1.307856851661069,16.59
0.07345967168802928,1.9719956099422913,54.45
2.1059227075719114,0.13753506427767415,17.42
-1.837999278996261,-0.16966588360931775,39.38
-1.8721893036454496,-0.20243198962623488,39.43
0.42480432901678356,1.514094022376099,54.71
-0.526925615832005,0.9364919102682154,54.45
-1.818530127826995,1.3455547304009852,55.91
1.73330576016124,0.2677448087252815,16.35
-0.10695967969040547,0.44102229917605296,39.2
0.6536523748671571,1.6637196908124303,54.99
1.5591811974219267,0.03956316235709083,17.49
1.7307528256493605,0.06432924876050897,16.35
0.17758940022010924,2.0686231260023273,54.96
-0.039291193350016074,-0.7167534938729182,17.38
-0.8800636641896554,2.0872085273734458,55.44
0.6879811787483497,-0.8228800515258057,16.32
-0.9344090000840746,2.0377446996334063,54.96
0.8123799097749331,1.4425067599838959,59.13
0.45506338226496534,2.242243626682503,55.44
0.9405530442475378,1.3109442837784984,55.09
-1.1403866895561487,-1.3803740048327295,16.35
0.4230988891111669,-0.5485548758465919,16.39
0.5392759345973613,-1.65913418172964,25.66
-1.9102287016053123,-0.19816343760563113,39.47
1.087225791820141,-1.6739158735234525,24.18
0.8880617466643856,1.347221507957133,55.22
1.730752825671948,0.06432924914517549,16.34
0.6878983781992706,-0.8229236355282056,16.39
0.6128863919593045,2.168827312009161,55.7
-1.6025788046063727,0.8462959271430032,54.78
-1.2776360725354146,-1.5167344431587433,31.55
-0.8730902211063645,-1.0526458626921118,31.86
-1.235358172622143,1.8135859919697883,54.46
-1.1403853331017932,-1.3803749359707986,17.44
0.09088903824723306,2.211266254749612,54.9
-1.3247101069588245,-1.5160592610751453,31.53
-1.4179926396303086,-1.465016854638114,31.68
-0.06957323080676314,0.30095151483276045,39.74
1.1216208751198067,-1.2992868255097754,31.91
-0.9038655266091384,-0.2892312897392049,41.98
1.773742893831253,-0.9351338633385144,24.13
0.6636544477282823,-1.5878709366999173,25.67
0.7782105354069777,-1.1096906611556079,24.26
0.6731535674879738,-2.128153500103592,24.1
1.073427554322002,-1.7422371148535514,24.15
0.7137154407066479,-0.7786741725089158,16.7
-0.9832051040819743,0.9097880268000941,54.77
-0.3048944058860365,-0.02386393544631845,39.24
-0.9366534881122631,-1.0176791100559364,16.34
1.8389066117161086,-0.9161779184640014,24.14
1.7979595105876993,0.38214915343632216,16.32
0.8340136149376355,0.4813950654327389,42.37
0.29308592449542353,2.2567120360522077,55.58
-1.2729960604891581,1.762643045781693,54.82
0.8615538446872879,1.4650830909238803,54.9
0.566492429223689,1.3264874036148289,54.6
-0.8148880098177158,2.1183002481071536,56.01
-1.1493415009079084,1.7960093206259753,54.57
-1.2054240812418247,1.7171441062092112,54.63
1.3228383212386523,1.549354554607386,55.28
0.4470213389145485,-0.7856043496868215,16.4
0.7671779685897085,-1.7628376282325913,25.59
0.6475400010535931,1.1642812479766713,54.5
-1.227851740666095,1.7182937920622825,54.48
1.304734033013598,1.6342772335874662,55.4
-0.8967980249097488,-0.3494499688586176,39.38
-0.8325676266420827,2.0987910015204885,55.57
-1.4523001905755086,-1.191987237118359,16.3
-0.8363247614735316,1.4554249129933428,58.16
1.146460087171264,-1.308889596107403,33.69
-1.4523002009351793,-1.1919872280794936,16.31
-0.5237624488937954,-1.3029761073498658,24.0
0.5414904121069952,-1.6338904749881382,24.01
0.8880617419917454,1.347221510658701,55.1
0.710572271724486,1.6019730285345797,55.19
-0.4632743338690139,1.9354139073075938,40.57
1.910088421924345,-0.5282395525511342,24.02
0.8615733435426529,1.4650659506481525,55.1
0.8123799096444385,1.4425067600774193,54.92
-0.6738065061792279,2.0841108883248194,55.03
-0.5189221847077038,1.867588740095201,39.49
0.5055448472874299,1.4150716099146368,54.91
-0.49882862966206776,-1.3434172939055307,23.94
-0.8837249051052927,-1.085251950442413,16.45
-0.8598423502856064,2.0902150897839187,55.89
-0.8469499147540683,-1.1082067104519426,31.53
0.38978892439309737,-0.6200807956729626,33.89
0.710572275472467,1.6019730264995238,55.07
-1.0538327776884762,-0.2985560191105343,39.44
0.6511851031637145,-1.8783424804643112,25.58
0.41925979253743006,-1.1668451621697682,24.22
-0.8325663533712191,2.098791479476579,55.21
-0.6579419963842067,2.0974831488952947,54.88
0.8123799940061269,1.4425066996172058,55.14
1.261288602482076,-0.4433842473333856,23.85
1.206407951095402,-1.6416278525575743,24.31
-1.139646433461483,-1.018572981708266,16.3
1.102486691481967,-1.4999418782041185,25.73
-1.8234765776756394,1.3845029846786296,58.97
1.123640813259044,-1.5014351971974598,24.02
-0.6834670423868867,2.104963261107621,55.29
0.6770955097338668,2.112839252443875,55.54
0.5715739305963927,2.183496742586172,55.2
-0.6312870361923867,1.6985309480251907,55.28
-0.659602134488068,2.1108935305517154,55.68
0.5119629596146298,-0.8535208448902092,16.39
-1.8404242899866485,1.2954477796826496,54.99
-0.15758218729632914,-0.048769061274471684,39.48
0.8194738922188722,-1.1029032571588158,24.26
-1.888536116985284,1.2892180466067773,55.12
0.5055448469009924,1.4150716101061145,58.49
0.5227224991880961,2.058909331760888,54.79
1.7979594649465915,0.3821497969887666,16.33
-1.0451365610294465,-1.0484620991874913,31.48
0.6580571570436776,-0.49402404210626905,16.38
0.9745121287651047,1.6727618760646847,54.62
-2.031563632843681,0.5512811894723993,40.51
0.5356171024285313,2.0683236136777445,54.63
0.7395325608550007,-1.1854300074378403,24.16
0.7789271907228704,1.8254913732186688,42.04
0.2252066071689203,1.7174192934076318,54.57
1.016728993667919,1.6722920937893293,54.63
-0.8879081817451302,-0.2556086008877533,39.59
1.9941197363035064,0.447369767129724,31.62
0.8880617460172648,1.3472215083312806,55.2
0.6475400010533993,1.16428124797671,54.53
-0.5219919928939925,-1.287176769403327,23.88
-0.23537166100760845,0.8312119776783451,55.07
-0.06957322974764113,0.3009515156264705,39.81
0.5664891124050447,1.326488760290275,54.72
0.01752886724267699,0.27120973151281424,42.44
0.6475400010535509,1.1642812479766813,54.62
0.8434452343636233,0.7129800624556669,39.91
0.511860106440494,-0.8535906651524787,16.35
0.522722465598069,2.0589093439916493,54.59
0.5021471532892319,2.093451048500824,55.04
0.4582628158046433,1.44480383333559,58.5
0.726022141604998,2.1000901717540663,55.47
0.3765541138802642,1.446153854430192,39.27
0.06867607690855371,1.862601196222703,54.7
1.4308990105966126,1.0465791127909563,39.92
0.5356172171069151,2.06832357118525,54.73
1.7377339443625759,-1.0424826004194643,23.93
0.6315812551800509,0.4660748236992421,39.41
1.4529803658115652,1.0547778509155497,39.66
0.7412748886995365,2.1058280656639954,58.69
1.2195620533264937,-0.5045398377725818,23.9
0.5132080781334147,-0.8526807208097792,16.34
1.737733883605632,-1.0424827008712452,24.02
0.43151466544742817,1.8455049605213636,55.53
0.7323233800227584,2.1230006509004613,55.86
0.42311356840006364,1.3310629351454724,39.3
-0.8879081817451293,-0.2556086008877531,39.36
0.7454696251937221,1.7884697037845636,39.37
0.7653118297413618,1.801573310437808,42.06
-0.8576518853843682,-1.0373159577668807,31.7
2.0811749277352334,0.5725607093091964,31.73
-0.4420587067594593,0.6722742580131245,39.23
0.5296346443564817,-1.0869978314167248,24.16
0.2516321667695526,1.8193687058320618,55.0
0.06867607690856835,1.8626011962227016,54.74
1.3458826661523884,1.5484387506272055,55.05
0.805020338686716,-1.746658383784543,23.91
-0.1739569873660903,0.15982967584172986,39.29
-1.327944409092986,-0.4167970228569235,39.38
2.097212896502283,0.5591996586429037,31.57
-1.3088943563821183,-1.4795568847341989,33.75
0.42311357156993223,1.3310629346692227,39.37
0.8126876704703742,-1.038244755723236,24.23
1.7979594542029267,0.3821499484758066,16.39
0.8194740032849235,-1.1029030197904288,24.24
0.22042376205835226,1.9732680132821057,55.38
1.3279302057710927,1.631512579134923,58.46
0.7630092572149721,1.5679653393825401,55.43
-0.9266658096669695,1.593211097402806,54.6
0.8434452343621547,0.7129800624548351,39.75
0.22520660717525226,1.7174192934085644,54.73
0.6908822404227862,2.119992590961159,55.14
0.5570206148325916,1.2827594164405547,55.16
-0.8363247793165035,1.4554249066030738,54.28
1.5241292092296812,-0.3810331610060105,24.35
0.8615543205282342,1.4650826726705464,58.89
1.797959467900956,0.38214975533173295,16.47
-1.437913407313417,-1.3966332456595518,16.23
1.7918514885921915,-0.9164250121125556,24.15
0.4500713560770216,-1.1760492334437198,23.97
0.5909307691025883,2.188642298560939,55.02
1.6471102285634331,0.3594711284370461,31.83
0.31376603485494403,2.2618758744058076,55.06
-0.9161474483564896,-1.0068620331745748,16.23
-0.7155073363862237,1.8277751499278125,55.32
-1.4236149081038947,-0.41262317486858957,39.52
-0.49221323234694403,1.9433116689932752,55.82
-0.6738020376222038,2.0841120560241797,55.24
-1.4522998962166924,-1.1919874939477777,16.28
-1.0219064267003666,1.6627927421188073,59.39
-0.3120866344858495,-1.939095780762142,23.91
-1.4172394239502877,-1.4478188576886422,31.78
0.6012457447528272,1.1928109174746409,54.82
-1.526299343613676,-1.3818655264012931,16.56
-1.0509777072881743,1.6623680473718083,54.97
1.9228747267800483,0.22231939573651271,16.35
-1.2110177391467978,1.7126522100807062,54.62
1.9631770139427933,-0.7371415755201695,24.27
-1.9984688267095272,0.8114884186959375,58.31
2.0300718025895965,-0.34084942057936324,24.1
2.0462921169545667,-0.34177154709374874,23.95
0.9405530462925142,1.3109442826443245,55.19
1.9647597659698903,0.2798829147948507,16.39
-1.4523001839004572,-1.1919872429423684,16.23
1.1976779148216539,-0.017959905944993942,16.28
-0.6400004352237291,-1.7772325835406348,24.13
-0.6114381024810798,-1.2822423558586513,23.97
-0.9266657809086764,1.5932111092698504,54.51
1.5241292092296859,-0.38103316100600426,24.2
0.687739725083403,-0.6817666898332336,16.38
0.7260221407971722,2.1000901720093537,55.36
-0.17395698736610518,0.15982967584172023,39.53
0.6877402487536044,-0.681766187269001,16.41
1.7437528650757086,-1.37189589854508,23.93
-0.3531699426153797,0.1363050793539526,39.23
-0.3272732212797968,0.14283748941201,39.42
0.37027471290247876,-0.8650277253852768,33.94
-0.8856133714862043,1.0817971040462828,39.22
0.4582628159090701,1.4448038333208608,54.62
1.745391515344248,-1.3871388914009237,23.84
2.074702258516028,-0.7263991845030694,24.2
1.1791264837534294,0.817008091404976,39.25
-0.4420587044082361,0.6722742587653826,39.39
-0.7403855331785674,2.0647716370903066,59.05
1.733305760517166,0.2677448259153206,16.4
-0.9562049648759879,2.017033950370129,55.04
-0.3311096353832534,0.0941155824247942,40.13
1.7333057599124657,0.26774479671028634,16.35
-0.877312801000516,1.1361131877226303,39.32
1.0810013191529193,0.816759153980141,39.43
-1.1394290404000176,1.7636894246882018,58.24
0.6207361753629863,0.5401357322777648,39.26
-1.2854912996413401,1.7202187830289393,54.73
2.0747019055554166,-0.7263999124356749,23.96
0.6770982903914191,2.1128382480692656,55.65
1.112197903723626,0.8217513652019807,39.28
1.0868942107373334,1.40306555118059,39.4
0.7713077306952866,-1.4767370975874312,31.95
0.352533003045731,-0.6183494751433412,32.11
1.122773883088515,1.4055936067033878,39.15
0.7630092452461058,1.5679653472497994,54.95
0.5715500097294945,2.183503332635253,55.28
1.0757647016144891,-1.3512602730201815,16.36
-0.0901577788510187,-0.7946210154886335,32.02
0.7362453867512458,-0.7175683907337814,16.31
0.13139569021264755,0.18557886374400248,39.72
0.7362454583549013,-0.717568952597137,17.39
1.7530985033925954,0.2203298214574578,16.29
0.2771822889484134,-1.655067452089322,31.94
0.5570206416220309,1.2827594062377956,54.76
-1.3540349194433545,-0.5041969121933547,39.28
2.0747022551312084,-0.7263991914837912,25.76
0.31658566372513014,-1.7039383287442849,16.33
2.0180274641377274,-0.8370496349187868,24.23
0.601245745099403,1.1928109174239623,54.76
-0.9124963462327502,1.742639964263892,54.69
0.09681479720728045,-0.6861236803002929,31.8
1.899485993738173,-0.024451221153935464,31.57
1.315372268670547,-1.7021256013505173,25.54
1.7530985034056905,0.2203298007227222,16.33
0.4732745524393996,1.0299437527023174,39.94
0.010500969641434764,-1.257637735916599,31.7
0.07744515484517642,0.09718001691816053,39.36
1.9314457063686206,-0.03603949787961016,31.62
0.09681445838354062,-0.6861240507728648,31.74
-1.0237689320702694,-0.3842188651494431,42.38
0.6207361753629851,0.540135732277765,39.35
-1.2229915699610359,-1.2842471940617035,16.28
-0.41849621135019244,-2.1578839257496663,24.11
-1.3510137075833935,0.0005560335059707458,54.67
-0.6306017694908118,1.852750027393328,54.83
-0.8364465971971083,1.59210277651539,58.12
-1.255925224446624,0.09375193576196825,39.29
1.230246833281005,0.04343544824870257,31.65
1.2070749140340138,0.8240523753250959,39.18
-0.41849783407277547,-2.1578836904202077,24.03
2.005227657490072,0.1752123809208113,31.61
-1.2229809682444346,-1.2842510203878106,16.46
0.0709881197626411,-1.2775422851044034,31.66
-0.7247644499707054,-2.2648326661050753,24.45
2.0264737824290995,0.12899917201816768,31.81
1.087026079411796,1.8007438382157097,55.29
-1.0779124717231652,-1.3955735004828105,31.68
0.4654381320521273,1.9354380462552254,54.81
1.9186707796377844,0.349099535348,33.96
1.1149862791834122,1.8004895379030028,55.36
1.2302468332663505,0.04343544823310703,31.53
1.205165570172592,1.7110039498379461,55.74
0.47327455243700833,1.0299437527026292,39.2
1.7272046715533689,-0.6425244060103125,23.91
1.9399641628232172,0.33703738170515457,31.63
-2.0421558810051397,-0.2354607710335515,55.67
1.242766128546733,1.6975166238790622,55.38
1.3228423986934412,1.5493509870940452,55.31
1.756549558574588,-0.6236150786478426,25.52
1.0984296914227365,1.5923926584135482,54.76
2.0012940229605825,0.3305380826024767,16.25
-1.2207072790133418,-1.3078573070003379,16.29
1.2571731738517589,1.2882929450918816,58.42
1.345881025189356,1.5484404473281819,55.05
0.45808781676829113,-0.5713429831323148,32.01
-0.04443252877059398,-2.176056780852908,24.15
0.7255586984611443,0.44738762135348714,41.95
1.3050244898325183,1.3280854656429388,54.98
2.087821567966852,0.06026319224964114,31.92
2.1015141322568573,0.050116217077944177,31.71
-0.04439987814102818,-2.176059237971159,24.04
1.5488138731763275,-0.02047298939261599,31.86
2.022412769702432,0.3012110681789003,16.46
1.2934315539942731,1.2951670574922975,54.4
-1.2207081021019401,-1.3078568684235579,16.29
-0.5789192438103834,1.938736151616021,54.77
0.8198910916506806,0.6557547501627851,39.98
1.041091906331878,0.5940987652236289,39.22
-0.7031104195193121,1.9438074165829353,54.91
0.6719221875802691,-1.515243731645487,23.86
0.20717583464767464,-0.7886914025005127,16.22
1.417029676176263,0.06397345265204181,16.43
0.5296346443554696,-1.0869978314171134,23.91
0.49446008672953956,0.9658629200491514,39.24
0.7930510437207404,1.1884526594944023,42.37
0.24502576534843878,-0.788766581177089,16.23
-0.7330500566178576,-1.5395329705808682,24.14
0.2450269661172537,-0.7887635371789734,17.31
-0.27708918904363283,0.16689126771426777,39.27
0.7409445241598661,-2.0927990554585674,23.9
1.130233203432839,1.592249535343662,54.78
1.473742272584762,0.03972877559438847,16.24
0.8050203277081224,-1.7466583909803581,23.93
0.7181803395599744,-1.5135529036361164,23.93
1.4737422725841665,0.039728775584126796,17.32
-1.1306903785859796,-1.1318181310194582,16.41
-0.3371646755655652,-2.168632892313267,24.1
0.8542519675195132,-2.0686727184536005,23.86
1.721714783661892,-0.5270247020369865,23.9
-0.06167590825957759,-0.8026386500239486,31.74
1.1477140135883015,1.3100220255998989,39.08
-1.2362963896734018,1.7110231959866544,54.69
0.38977925294342686,-0.6200863827157254,31.8
1.1894075426811828,1.3071421825601766,39.2
0.22520660717472682,1.7174192934084878,54.65
0.873032416934145,1.754413356622596,58.31
-1.1503709198218603,-1.1628876600170521,16.36
0.6184338969481278,0.5846539861482333,41.92
1.2800236783777732,-0.4535520466761834,23.87
0.9019789820396158,1.7657391428928462,54.54
0.97451279478712,1.6727614847044978,54.87
-1.1503709307585375,-1.1628876526875387,16.25
0.4315146649338912,1.8455049604500982,55.18
0.7121541342203592,1.2982445790064578,39.81
1.0167307546662676,1.6722912490410122,54.67
1.7437528648264842,-1.3718958988216519,23.96
-0.44269463151230304,0.8672760875835815,39.28
0.20709617322037885,-0.7888653088725958,16.24
1.3047334854817756,1.634277682027459,55.16
-0.35637841894988964,1.5619322153197235,39.63
-0.26656681683920597,1.0672374870719676,39.76
-2.0633926770306728,0.44151389793113044,40.49
1.0960962163876449,1.4814304647276728,58.77
1.327921649191554,1.6315198545592307,54.91
1.2373461992891648,-0.4405439733512755,23.97
1.745391506866845,-1.3871389011082238,23.88
1.9757405556559537,-0.8404794561420421,24.12
1.743940553896858,-0.5233378905803608,25.56
0.1928382351249198,-0.9515438182920194,16.3
1.179126483756901,0.8170080914059964,39.37
1.5857904279473174,-1.0567083696498156,23.86
-0.6281202147155033,1.712534147100175,55.42
0.143429438955592,-0.7539049590434155,31.66
1.2373461992891654,-0.44054397335127454,24.05
1.2070749140342936,0.8240523753256629,39.39
1.7935546596886354,-1.3183122503464733,24.07
-1.3448667141246162,0.34265244429641983,39.31
1.8253526352114018,-1.293980084443129,24.03
2.0055696315190734,0.171944839088726,31.71
1.2917292812857928,0.11895544957447778,31.71
1.5857904260367255,-1.056708375743544,25.55
1.3153757224004432,-1.7021221688434292,24.04
2.0265218810184598,0.12800892228904773,31.48
1.1282846164384337,1.4922350307716723,54.58
1.0870261250968858,1.800743812330077,55.55
1.3187557037881568,0.11271768377148285,33.76
1.7272039379106736,-0.6425254896618556,23.99
1.7565497101815706,-0.623614829788591,23.88
1.2482414523243048,-1.755686563016805,24.2
0.20716855536570963,-0.788707249948623,16.31
0.5865802259686724,1.00499860961615,54.76
0.8917556798737349,1.1643616919937587,55.15
0.09659415703246345,0.3900641337022854,42.33
2.2448587161507394,-0.6692250455639542,24.12
2.25576924225889,-0.6569076657316214,24.13
2.001293924288178,0.3305391653433557,16.17
2.0224138287650675,0.30120172766654285,16.2
1.1149834984443003,1.8004910160474838,55.05
0.7682140776375929,-2.1292443366905394,23.95
0.10868465263849796,0.37924336611502857,39.68
1.693306791000126,-1.2028476966269392,24.04
1.7044588531873326,-0.3195610809154844,24.25
0.01752886724244445,0.2712097315123247,39.69
0.19283724843006086,-0.9515450708351656,17.38
1.7603442975871018,-1.1036437089295743,23.79
1.4170296698454665,0.06397344362998285,16.26
1.4170296714449158,0.06397344590978986,16.23
-0.32059484718665554,-0.1284580849476725,39.36
0.07717357347909344,-1.5604067383924325,31.67
-0.38967301726231657,1.6373383272155704,39.65
0.13573079280069858,-1.6192991878821996,16.31
-0.6312870261415221,1.6985309512811855,58.97
-0.8967980249097505,-0.3494499688586192,39.21
-0.3644497453142501,1.6661705111593619,39.51
-0.22419991240736206,0.9061866979190588,42.58
1.4181767915511705,-0.07369992610996905,16.17
-1.2361090589682928,0.35597155456258356,39.82
0.245040664521248,-0.7887286611179242,16.2
1.3631243705930645,0.9989846109244408,39.82
1.7603444738482763,-1.1036434266116781,23.9
1.4426186773402778,-0.40790388693750174,23.9
1.442618677332349,-0.4079038869385623,24.07
-1.5118365554964892,0.26399852821150427,39.91
-0.8469499147540668,-1.1082067104519426,31.62
1.3819666085722557,-0.10010560420260106,31.66
-1.6843195933975807,0.8546430626043895,54.97
0.24502856716986582,-0.7887594748700051,16.2
1.4737422725881042,0.03972877567009292,16.22
0.5391542265426532,-1.6591735003898371,24.01
0.7690418913639608,-2.128995294234812,24.14
-0.6763642979968765,-1.8736210871213144,24.04
1.4737422725878522,0.03972877566172798,16.21
-0.0923479906922865,-2.0670325402091065,24.16
-0.5420356109946399,-1.2475777266591375,23.99
1.3819666138626345,-0.10010560337264844,31.66
1.0027114382497617,-1.7756553707159801,24.09
-1.8216260613740105,-1.066226880714215,31.75
1.3317430330484075,-0.6689734143836596,25.45
-0.2907746804324886,-1.9472333094040353,23.96
-0.623206111991304,-1.2958889290720306,23.95
-1.85202419214881,-1.0334007022741578,16.27
1.3317430330484095,-0.6689734143836594,25.45
1.418176862899983,-0.07369992476555087,16.22
-1.7676722656036277,-1.0808713140301234,31.57
1.4181768275133653,-0.07369992543238045,16.37
-1.7889316610902124,-1.081310337850228,31.76
1.3859590316743589,1.0050542595524465,39.5
-1.3458726073247465,-1.5256323205651752,16.28
-1.6475647260549282,-1.2905171914530713,16.37
-1.8106621184475906,-1.039143850033169,16.29
0.8198910916506801,0.655754750162785,39.81
-1.1306903706290863,-1.131818135942787,17.37
0.39456675715121114,1.8452762072518236,55.4
-0.37484559509640625,1.6256352636300655,40.33
2.2093908813938206,-0.7755730594561999,24.23
1.9567002806553566,-1.2354121078918554,24.16
1.0027109093717168,-1.7756556501745409,24.03
-0.8837249051198699,-1.0852519504379816,16.29
1.9914598635598826,-1.1952866024767654,24.0
1.7044588531921074,-0.31956108091146956,25.59
0.9160430380426549,0.8947466844271582,39.7
1.37082353880264,0.9199166181451989,39.91
0.9570386201550978,-1.4969500652595829,24.23
-1.828968063876861,-1.0428128775873906,16.27
1.0741364920242031,-2.020878145775712,25.74
0.8237049100945011,-1.9149794961459843,23.91
-1.9984688266580743,0.8114884188048918,54.65
0.916043038051518,0.8947466844301513,39.52
-1.1587423124340344,-0.07445190833413307,39.46
1.3991390053599706,0.9324684544075924,39.57
-2.0229448582300367,0.7905106868597471,55.01
1.9437264905011313,-0.43942403739460034,24.22
-1.1306903766674676,-1.1318181322071368,17.38
-1.510065548575952,0.11521917973995079,54.75
-1.072085089166253,-1.2577726790392278,16.26
1.3747050844603723,1.462673018894123,39.91
0.7582184284360842,-1.0993023857555673,24.17
-1.1587423124103107,-0.0744519083119797,39.67
0.8237050150437065,-1.9149794555808546,25.59
1.3960763562077536,1.4672105229002161,39.54
1.0407805240040635,-1.7049795976392736,25.81
0.7930510437189573,1.1884526594946847,39.79
0.9131066157460404,-2.082772883916261,24.01
0.9915763443316886,-1.498374542964746,24.27
-1.4856960201086795,-0.5369165244948253,39.8
-1.5449217198516776,-0.5498449376595077,39.63
-1.0218721960286954,-0.1766265110770703,39.48
-1.0873324691789055,-0.9818491518545787,31.77
0.8526174552728288,-2.0538159287528277,23.99
-1.600014748167775,-1.0231929489742035,31.83
-0.42056137520218695,1.6433305749042357,42.52
0.34152653791310333,-1.5545771109242996,34.1
0.5451793926608963,-1.5776906551628116,24.02
-1.6448083340061699,-0.9933837487031812,16.36
0.36094784852269907,-1.5595290410222775,31.87
0.4580829999456947,-0.5713450236664536,31.85
-0.8412087615384274,1.1565850923349306,39.58
0.6280424944062561,-2.119083479067936,23.99
0.460603734904588,-1.1472108913533197,23.95
0.9385181778125794,-2.0302539723472313,23.95
0.8991536425669522,-2.0902884367494736,23.98
0.9184279800298155,-1.881265982813474,23.95
-1.1887130875401182,-0.9637365882113514,16.25
0.7050748888349174,-1.8063766975932531,23.89
-1.4966064349989245,0.04543851270054672,54.74
0.6088346396464913,-1.5752084311470114,24.0
1.9632806906288187,-0.4366863209967566,24.06
0.919815725817452,-1.8806269882871256,23.9
0.6735378316920538,-2.103727349919067,24.09
0.7947725545418088,-2.0807176016207394,25.63
-1.510065548575779,0.11521917974032082,58.6
1.7781943627614347,-1.3307646747450423,23.98
0.665119192828977,0.7561001475141608,39.21
0.6343893300446769,-1.2586287442671538,24.0
2.0998420386343373,0.22880513635570204,31.76
2.1154428196612742,0.21529477526832244,31.84
1.0734952751581837,-2.0213096283125354,24.28
2.054782769013518,0.5024190581052497,31.91
-1.5941696998694095,1.0400695212469224,54.57
0.6343887544691277,-1.2586289316985853,23.92
0.010421749822691203,2.188809666233392,54.7
0.0211277492683618,2.202329972862139,54.86
1.1007268924802514,-2.011166646414154,24.03
-1.2678197948069785,0.14996672943392145,54.94
-0.3537383092327478,0.13546077694052747,41.95
-1.0426880564605097,-0.15050822043581538,39.84
0.6985290114241223,-2.109653351032738,23.94
-0.3395614883514796,-0.02892487628403035,39.29
-1.2610151799897182,-1.0526054237213813,31.89
-2.0304187013693356,0.15959520629743357,55.0
-1.9887728436369156,0.10021577993205207,54.68
-1.390872716950005,0.11961672249558486,55.14
0.6653252672462129,-1.1452735026306666,23.9
2.071559985653189,0.48892296086313153,31.76
-1.698979442554054,1.0872889974592204,54.6
1.5584871948560477,0.2736432864380204,32.03
-0.17032412346632902,0.0481755110448487,41.89
-1.251202159789063,0.3076823156245609,39.54
-0.6290406547296769,-1.429929876179829,24.19
1.7935545616965642,-1.3183124205011594,25.54
0.6653253124038422,-1.1452734842386698,24.03
-2.0182444518407796,0.07065581843848626,54.55
-1.6989794428676337,1.0872889970118942,55.0
-1.6342081718377583,1.0677472116691102,54.8
-0.32343849935440355,-0.037678917688894975,39.3
1.0151631476758651,-1.4776576299821915,24.28
-0.14063013797230467,0.12247579416042714,39.25
-2.0826859255717918,0.805903404827687,54.75
-1.6342081755707094,1.0677472061737867,54.75
0.0204352084985441,0.1542153632997493,39.88
-0.27173984637220044,0.26860708537438466,39.27
-0.4711563743491138,0.18386884788743796,41.91
1.1892567002396413,0.8975491901420937,39.32
1.0762329587989017,-1.4366875415778022,25.66
1.0450901817573355,-1.481167849771362,24.08
1.2099374135763443,-1.9373947348152516,24.17
-0.271739846534098,0.2686070853695354,39.3
-0.14063013795757667,0.12247579417211686,39.33
0.1502737381665078,0.19373713642489368,39.48
-1.5550153466876488,-0.29210381422634585,39.3
-1.6006262884258062,-0.31130140372914256,39.36
1.3491045044632426,0.9360159300675006,39.95
-0.4932662649527521,0.18399473623247395,39.3
-0.08952601838778265,-0.9147009567349959,31.71
-1.153699977384586,1.8672542084295012,58.44
1.102118551837844,-1.439771454504778,24.11
0.8206731094415606,0.5679460951984668,39.94
-0.7952733579598401,1.7094250405773874,54.86
1.2311353881671605,-1.932092110259001,25.54
-0.08952561966331184,-0.9147007171323188,31.56
1.3724558784100074,0.9480627773306192,39.84
1.6009054696001737,-0.6992524326599705,24.15
1.5862257646981157,-0.7618970708838175,24.02
0.7324365581448866,-1.9518760425060908,23.95
2.0051507537686315,-0.41565859279261214,24.15
-1.1608715297779648,-0.2169520267569262,39.38
0.812687670470287,-1.0382447557232881,24.28
0.5362839926193032,-0.5176967107374889,16.4
-0.3272690108828586,0.14283935331169345,39.52
1.6378762593147105,-0.6771269812894573,23.92
2.0192217620681245,-0.4110706800593238,25.61
1.1186863816443549,-1.6575886338244672,24.22
-0.2743082623167205,0.30008655292409553,39.36
0.24857706706338076,-1.793982969135494,32.2
1.9712206400206924,-0.34015047542809373,24.15
-1.2304006880073848,0.20428192320597344,39.17
2.213778051120648,-0.7727121339250338,24.18
2.2143482226812528,-0.7957851270742407,24.23
1.937853881067807,-0.49379773470870153,26.01
-0.6232894749237105,-1.4062693472359968,24.28
1.745391514535153,-1.3871388923274022,23.85
-0.7952733698981297,1.7094250378968106,54.65
1.908270589963261,-0.8167185348397529,24.13
-0.9124963494742284,1.7426399627489806,54.58
-0.6766374614213257,1.159719942687552,58.32
0.6208002587496008,-1.792377639934702,24.21
-1.5876369450868753,0.5299250074773497,54.66
-1.5876369764571494,0.529924956481167,54.91
-1.3860553526405612,-1.0843079739638621,31.83
-1.7311926903203292,1.0424103643031544,54.67
0.9738017809014898,-1.5839219083345812,24.05
-1.4591450217328865,-1.042207381898976,16.3
0.5579526132019871,-1.2469501781494152,23.95
-1.731192689347744,1.0424103659418538,54.83
1.936100122747744,-0.4242203987576281,24.16
-0.1129524318176073,-0.8941139107932027,33.83
1.9388144421025542,0.5358140047756603,31.5
-0.9563166885542369,1.717076536465973,54.15
1.1875789478853023,-1.9917665958946182,24.15
-0.742256547708259,0.829100983687308,54.51
1.9557295651432693,-0.4211151796137214,24.14
2.1002352318052324,-0.9788956029974151,24.16
1.2498278293796852,-1.960728509928524,24.11
1.1534882862278506,-1.6853120529587111,24.3
-0.1591007838785704,-2.0909882348996622,24.07
-0.6396513271838314,0.9550358451971157,39.22
-1.1608715297779615,-0.216952026756922,39.22
1.393117974060114,-0.45304266972171614,25.76
1.9570058372991377,-1.2349754519570584,25.82
1.9865815423690505,-0.34300538981953455,24.12
-0.737977979296757,0.9705867842542943,54.28
-0.9028046881241779,-0.14893261229543997,39.75
2.0392156400591213,-1.1304309491545075,24.35
-1.078839355573027,-0.19602631632578643,39.69
2.10064455646204,-0.9973019228765906,24.07
-0.6047767923841839,1.0968863880701933,39.39
1.9827228680965803,-0.3969609313469269,24.46
1.445338687252157,-0.37813321396407484,24.15
-0.9563166759525831,1.717076542706039,54.33
-1.386055324857317,-1.084307995388675,31.64
-1.492495328856891,0.6360146430151167,42.07
-0.9563945231503876,-1.0597298781949749,32.28
-0.046216384959013236,-1.4777793354617612,33.72
-1.32865924142003,-1.67089528339597,31.92
-1.2734072548494324,-1.0768138007109211,31.99
-1.325378012263043,0.19907309139682897,55.25
1.9931564472891425,-1.1925296966247643,24.0
-1.459145020917961,-1.04220738253781,16.26
1.6992109189480387,-1.0353431208546537,24.16
1.9481994025496074,0.21338398140514622,16.27
-1.359274227539247,-1.0686251786911987,31.68
1.7918514658270133,-0.9164250454081752,24.23
-0.9902039457778635,1.6696658764987913,54.62
1.9187433613283764,0.3520652508175533,31.53
0.4961201156451106,-0.5382036877180483,16.38
-0.05904784131346097,-0.9898139718799881,31.62
-1.4924953288574259,0.6360146430145028,42.08
-1.134333222227426,-0.1798409023313907,39.44
1.1128819345252594,-2.0150200635406947,24.34
-0.5867158856443732,1.2264158186353284,39.24
0.10135799374994046,-1.381803120582533,16.23
1.962394776804545,0.5225637825813135,31.69
-1.5549557770799431,0.7334500073768007,42.38
-1.5549557757849717,0.7334500083778978,39.61
1.9399632361928898,0.33701593462828255,31.63
1.2531613155104857,0.08635070458667288,16.23
-0.7379779793026171,0.970586784241118,54.37
1.9941220615456983,0.44735649387003573,31.55
-0.7422565477062556,0.8291009837030247,54.6
-1.5935069879298855,0.653473705280801,39.66
0.7324412385348641,-1.9518742735461332,24.04
-1.4346790798946374,-1.028918519785018,16.31
0.29100662970503716,-1.8831411452842242,16.29
-0.6047767927042351,1.0968863879060713,39.35
-1.359274112143423,-1.0686252644606438,31.64
-0.6396542249811351,0.9550324802756864,41.84
-1.13433322222745,-0.17984090233142308,39.55
1.4602470608919378,-0.0203297643272897,31.6
-1.5935069881081718,0.6534737051301291,39.64
1.063388732925765,-1.4878306406226105,24.43
1.3521382179496442,0.17760802489812982,16.26
0.7266882850910317,0.5166024708337187,39.2
1.0810013191530392,0.8167591539803037,42.09
0.1903638518687835,-1.4043849835794315,16.27
-0.990203899759161,1.6696659016299362,54.61
2.0366192736207833,-0.3849936602054444,24.44
-0.2751516041275844,-0.14575427938484656,39.16
0.1334331124303439,-0.7046008283354791,16.24
2.2479612545846313,-0.7109158150508391,24.4
2.0813789815734314,0.393467427234814,16.34
-1.554955776658356,0.7334500077027171,39.55
-1.0716598973889568,1.1998336316389708,39.44
-0.2770452557786092,0.19458205219534647,39.17
0.6887051383007776,0.5419694363054951,39.33
0.310711927094015,-1.8431014635471146,16.51
2.0991208841555014,0.375305756370651,16.35
0.9963467038637793,-1.5838681022949637,25.97
1.541016442991458,0.19545166970100877,16.3
0.17307588652463163,-0.6177881828943854,16.37
1.0715492659184622,-1.2303872442563177,16.34
0.0017160271863094875,-0.7099012215756824,16.28
-0.47115651927955593,0.18386832775287018,39.35
1.2613901559664238,-1.9641948725026268,25.99
-0.49327899091110783,0.18397057896331342,39.29
1.1121979037232503,0.8217513652020209,39.26
0.4803978732036598,-0.6314894353157756,16.39
-0.8411966270114082,1.1566001903089025,39.47
-0.4282411327575194,0.7016151083543285,39.4
0.6817601309555116,-2.154802206766379,23.93
0.8135747140027071,-2.1256712197480443,24.21
1.9052828459316036,0.10453893919803324,31.66
1.9361271598495906,-0.4241284334941097,24.16
1.9557299246445352,-0.42111182219483917,25.67
-0.648912356913951,0.7027173638529544,39.26
-1.1591392881284222,1.2701896386003868,54.59
-1.1932759810940399,1.2969703280765625,54.79
1.935970571674761,0.090331172318861,31.54
0.0640602161228538,-1.275225309715713,31.68
-1.0470931556788727,1.322817163652317,41.88
2.1745759185958247,-0.7950919403024265,24.14
-1.0896183377702027,1.3418464018412142,39.26
2.189400384709384,-0.766911076867792,24.28
-1.5549557762400723,0.7334500080260736,39.61
1.197882823380101,-0.10939033406152393,16.19
0.010474369053418196,-1.2576333839485703,31.69
0.021656791849219217,-1.3388802826623933,33.78
0.06271711624838758,-1.3567712272829662,31.61
-1.245395293420286,1.770818045732519,54.49
-1.4346790676056027,-1.0289185259935067,16.22
-0.8227503703911567,1.2046692922036217,39.15
-1.0997203192609852,1.213298919861834,39.13
1.6586332864700135,0.42868206252024377,16.51
1.041091906331709,0.5940987652234063,39.37
1.8519792799638182,-0.8385036250473183,24.23
1.0656500250119714,0.6066793136313781,39.55
-1.2730413283951778,1.7626142815138817,54.51
0.049512875753017216,-0.8156214934159726,31.51
2.087717991074909,0.27573745894703783,33.94
0.08492915833101333,-0.9071039277578163,31.78
0.12803747052105613,-0.9190921601420302,31.68
0.9570382593133092,-1.496950257099349,24.16
1.1364744107688107,0.9178797821197372,39.27
-1.2454077227794818,1.7708073567926252,58.1
-0.8989279175328919,-0.36020308283411684,39.97
0.9915741555002102,-1.4983759263280296,24.2
-1.3225443027773498,-1.0137392389260445,16.44
2.106047280960623,0.2572098290582847,31.84
-0.05332697377492223,0.5172113357883255,39.55
0.940000567442828,1.865937399201528,39.81
0.12803736176677932,-0.9190922602628255,31.69
1.1742088836986322,0.9285400505927894,39.26
1.5314278097481175,0.13922436501608637,31.75
0.08492875496988667,-0.9071043074333427,31.6
-1.937963470038239,0.2588272687669753,39.61
0.9647838134605218,1.8674235995344528,42.23
1.39009191880034,-0.0032952255105218146,31.64
0.38550411749506225,-0.7215390057014874,31.74
1.2870763419824456,-1.8850939675954035,24.23
-1.6378318633849156,0.779345535786522,54.45
-0.38664947194225435,1.4879774362408325,39.53
-1.3263908330810374,0.08592675252475963,54.56
0.5984053960795356,0.6024834616746831,39.48
-1.2730414011809885,1.762614235307891,58.31
1.3131213068280965,-1.8743702782092306,24.08
-1.9679370533688083,0.23026546584467747,39.25
-0.9045418682389281,-0.17592101403832897,39.17
1.3819666100039099,-0.10010560397800301,31.64
-1.5714163283758698,0.2940888516689493,39.25
1.4602470444815296,-0.020329764947120875,31.6
-0.12241373994919198,-0.014411311838277733,39.22
0.07744515473383723,0.0971800168347751,39.57
0.7412698741825923,-2.0926822237284743,23.91
1.1674311215267863,-1.6232417284203304,24.19
-0.3810923846262892,1.4275024748680232,42.25
0.671885836206008,-1.5152554399590694,23.88
0.6428501100137973,-1.2187533753486273,23.76
-1.5714163449516032,0.29408879520614817,39.47
-0.3810920583582283,1.4275026182090809,39.73
-1.9168371906144783,0.3509844154723688,39.46
0.5569635350429792,1.6736341004186341,39.69
0.4387473439361545,1.0506179121040067,39.32
-1.9483351851266073,0.30616880126146384,39.13
0.6878255282502405,-0.8229619140106722,16.28
-0.604776780722951,1.0968863940503377,39.15
2.2234691682281977,-0.7547591569816596,24.12
-1.4404721406465177,-1.6077265306732578,16.48
0.5712314922251333,1.6311497496954193,39.61
1.8947651784138568,-0.8332058150265685,25.83
0.5329532005257712,-0.8877204719023357,31.8
0.8075501460152636,-1.8785357071412923,23.96
2.0446601701741156,-0.28168192852750656,24.43
0.398945796904097,1.1322061715758625,39.29
-1.2351516274835657,1.8137651399662194,58.58
-0.9930820157508113,1.4345692796419829,39.02
0.5900556827640419,-1.2085857615169449,23.97
2.0603601845288795,-0.2828246322291171,24.16
1.541618864172613,-0.3266615902674037,24.26
-0.3048943002336328,-0.023863971548242036,39.25
-0.982309253026937,0.9078735252890728,54.6
1.0187866277287276,1.6043977149972877,39.3
0.10565749651866076,-1.5270192056920036,31.64
0.8542512660263861,-2.0686730910168047,23.91
-0.08404190993952089,-1.4273441871758936,31.7
-0.8986362847624427,-0.983332046181869,33.86
-1.6410717133081196,-0.3130164752401114,39.62
-1.206698122854189,1.3507470219003102,54.84
-1.9702960212220775,0.3429188691026669,39.54
-1.0522341218339606,-0.20806415527693717,39.35
-1.11312448419931,-0.9893921695085724,31.66
0.7181804060649553,-1.5135528583693314,23.91
-1.1781215052980285,1.4442437476488486,54.44
1.7217148063312215,-0.5270246447812245,24.02
-0.9652711357228141,-0.9599300929499919,16.29
1.6339959741418837,-1.2122396659338674,23.74
1.1394155710153344,-2.0224968941026717,24.31
1.1908364191744856,-1.9968707795683713,25.61
1.1212915727029036,-1.705748963365725,24.15
-0.30677456823770927,-0.06923421258861351,39.1
-1.9972063634176787,0.25391887683904674,42.22
1.5698802350723293,0.025984047489126735,31.62
-1.0513650987416279,1.4496225537216323,39.33
1.5698802608154698,0.025984064205279413,31.67
-1.9725117138127155,0.16916317580247153,54.67
-2.003624186298262,0.13611999131288768,54.62
-0.8939653860290828,1.8094253075013749,55.85
-2.007263194135722,0.3576952716838463,55.0
-0.9007065514866247,0.7956098380437149,54.87
1.9314457063686588,-0.03603949787956827,31.56
1.1525850594646458,-1.4555305392967701,24.23
-0.8832232226851628,0.8760927474500599,39.1
1.9629417477601157,-0.023347167840188983,16.25
1.5603954026589848,-0.7846538946671571,25.58
-0.9053875167367673,1.006671533228258,39.34
1.1703794633852393,-1.4616220456184363,24.07
-2.057238360566045,0.8067060062957114,54.98
-2.07715468796237,0.7822427661684931,54.71
1.328765224630511,-0.5862854410326852,25.52
-0.8363234111001431,1.455425396601077,54.41
-2.0874151272834878,0.4447479895088846,55.97
1.3536061721393275,-0.6085473049653818,23.95
-1.186677797325727,1.373862806990305,54.75
-1.6323033734128187,0.14006711507812267,58.22
-1.9037325663666007,0.4989874081730249,39.4
1.2917292788319952,0.11895544576417634,31.76
-1.9246114183698173,0.48083081828183893,39.38
1.962388718409475,0.5225910494403587,31.79
-0.5867158865157415,1.2264158183052785,39.22
-1.2154613133063101,-0.970571961325531,17.35
-1.6323033734183432,0.1400671148418283,54.72
-1.0250617032502747,-1.0123559610706108,16.43
1.9478384341034842,0.6376636446120281,16.24
-0.2729103315938716,-0.06876792659186047,39.24
1.8994859937378485,-0.024451221152319885,33.86
-2.043742322186465,0.09633475268604134,54.81
-1.3444303721262976,-1.021460709462482,16.4
1.7377338563032119,-1.0424827460113795,23.9
0.8428767554922804,-1.0305159553821728,24.25
-0.5867158843902249,1.226415819110359,39.24
-0.5801070829581109,1.1410269182570167,39.47
1.9388596348518803,0.5356065628594984,31.64
-0.933719100446075,0.8201394652319485,54.38
1.8253531437696475,-1.293979225730055,23.8
1.7437529087567067,-1.3718958500705596,23.81
-1.4924953288574518,0.6360146430144793,39.3
1.974228725057943,-0.3873264377931784,26.11
-1.492495328856922,0.636014643015083,39.21
-0.5008323995799588,1.8997977732494098,55.9
2.215834430742734,-0.7181739328149224,24.43
-1.5090373426125383,0.518067103412394,39.29
-1.5090373429595914,0.5180671029904352,39.43
-0.6047767839909293,1.0968863923745338,41.75
-1.4924953288570868,0.6360146430148954,39.24
1.6256457644972466,-0.690477557391034,23.91
-2.030423505075609,0.1595745630345726,54.82
-1.6989794427850797,1.0872889971296533,54.71
-1.5573340479512996,0.45066964473157173,39.09
-2.1176052760925588,0.2671758659223434,55.91
-1.6989794423398121,1.0872889977648383,58.71
0.9488254204024402,1.6312655722993925,39.19
-1.1778758095544153,1.4443672391412494,54.66
-1.5573340464763952,0.45066964664502257,39.38
1.011847967475147,1.464437783499526,39.37
-0.8940598370160376,1.8093710219024517,55.77
1.7453915109925895,-1.387138896383921,23.9
1.6623388303148698,-0.6693013035631412,23.94
-0.45620044609417343,1.0284998449411178,39.22
1.0069054347428052,-1.5097798271460503,24.45
1.3297952947921505,-1.8729332158449912,26.09
1.280675344248877,-1.7364283450684217,24.11
1.923507851324793,0.060008289931800365,31.71
-0.25488163057248997,-2.1841334389647256,24.06
0.6573098533356408,-1.5685073504656166,24.09
-0.26129678460033817,-2.183249749891101,24.03
-1.5876369639337957,0.5299249768393977,54.64
-1.1533974488606782,1.587486161916283,55.69
2.2429444647057575,-0.7208452870922272,24.51
-2.007282482506399,0.3576510795323128,54.92
1.9612478222360434,0.05512346046339943,31.58
1.9212985779393643,-0.00283435208665574,17.48
-2.087430758764643,0.44470205788858236,59.61
-2.0437423565978916,0.0963345475926216,54.89
2.0765551944112497,-0.2636601975196752,24.39
1.9907580482972747,0.015250243782635784,16.31
1.7935546571952254,-1.3183122546760657,23.84
-2.130273347770559,0.17722164109083324,55.89
1.1782100780714675,-2.0160284994633106,24.6
1.184817327980169,-1.4676658139978596,24.54
1.4426186773378218,-0.40790388693783564,24.02
1.4737422724722433,0.039728775344955135,17.25
1.8253530496421222,-1.2939793846657353,24.03
1.3819666140925662,-0.10010560333657681,31.44
1.4602470401027496,-0.02032976511389096,31.54
0.505544847644633,1.4150716097376477,54.46
0.5055448464634265,1.4150716103229244,54.78
-1.6370007375980509,0.3232734219424313,54.43
-0.7379779792949438,0.9705867842583393,58.43
-1.0219056947285652,1.6627934248939478,55.1
-0.7379779791798178,0.9705867845084434,54.44
1.3819666135084405,-0.1001056034282141,31.71
-1.716941774771897,0.4897114822116162,54.98
-1.58763698987039,0.5299249346763127,54.85
1.4602470575516968,-0.020329764452245314,31.66
0.5875122367120407,-1.573258559081881,23.93
-0.4837473312794956,1.9185892305397603,55.21
0.8730322751901277,1.7544134324531793,54.61
1.9614370002347075,0.0007730714232542116,31.57
-1.1389498188433023,1.3971398436323663,58.21
-1.7311926903462709,1.0424103642594433,54.61
1.9907580488152474,0.015250224705227898,16.3
-1.1725359175945622,1.4104359398085902,54.66
0.663112416123999,-1.5881778678812009,23.97
1.9629417478898066,-0.02334716786756286,16.14
1.921298577608198,-0.0028343513515471834,16.22
-0.4630129215035627,1.3779885042915896,54.97
1.9314457063686652,-0.036039497879558936,31.75
1.6256457781043523,-0.6904775163544312,25.62
-0.15824271622850705,0.02214058125087775,39.34
-2.037040666047272,0.4891684539089544,55.65
1.899485993737721,-0.024451221151695925,31.62
-0.5334815864719008,0.5378404779430088,54.56
0.49506319565119355,-1.150983162120889,24.05
1.3317430330484086,-0.6689734143836599,23.97
-2.0746467561107154,0.42556280868523655,55.39
-1.9435420583273546,0.39319042804731297,54.82
-1.7311926904551007,1.0424103640760773,54.52
1.5646297813653847,0.11185385809584711,16.2
1.3900919232554285,-0.0032952214233798105,33.88
-0.15758218729632537,-0.04876906127447142,42.03
1.6623388666593457,-0.6693012219779124,23.93
-0.46311730989350103,1.3779798638686065,55.13
-1.634208167529652,1.067747218011124,54.71
1.4170296697768903,0.06397344353276259,16.18
0.6280356155937976,-2.1190855467926264,23.87
0.698609108237652,-2.109633026263591,23.88
-0.05904782749519659,-0.9898139733273726,31.42
-1.6342081742657564,1.0677472080948212,54.84
1.3536061721388397,-0.6085473049666447,23.89
1.6339959741418841,-1.2122396659338661,23.81
-1.9668339935565013,0.8699885642484217,54.78
0.5875120119954925,-1.5732587817714965,25.55
-0.15824271622855754,0.022140581250857546,39.33
-1.989589583271892,0.3267461420318483,54.75
-0.533481577783087,0.5378404797946927,54.67
0.8905527645790824,1.113020968159819,55.2
1.3536061721387735,-0.6085473049668159,24.02
0.020435208498839993,0.15421536330014818,39.76
-1.7169417679482137,0.4897115065419007,58.89
0.6569619725318592,-1.5686695724214899,24.0
1.6339959741418857,-1.2122396659338655,23.81
-1.6972750957635365,0.5422026919803571,55.13
1.9217453476237383,-1.2151920609368954,23.9
-0.46602682582419946,-2.075276152639472,25.54
-0.07989831013248627,-0.9598699439732441,16.39
1.3317430330484084,-0.6689734143836604,23.86
-1.992550879962174,0.8479340571019386,54.82
-0.17032412346638204,0.04817551104483331,39.23
-0.2652094360587535,0.38068413950654734,39.19
1.353606172138873,-0.6085473049665625,23.86
-1.6112540854450024,0.38156770823660124,54.53
1.9773025604522052,-1.1435242876716063,23.86
-1.6112540714887065,0.381567736367475,54.94
0.20716820410239087,-0.7887080148298886,16.3
1.6550738319244667,-1.0149273443269937,23.81
-1.6972750958100455,0.5422026918525008,58.86
1.7960724521341815,0.29547748878325525,31.57
0.4680528259433615,-1.7412379993735156,24.01
-1.7492358766369438,0.834829610940659,54.96
-1.7169417751698275,0.489711480792772,54.89
1.797960067324023,0.38214130240853406,16.33
-1.6370007379561196,0.3232734207560259,58.49
1.9052830758678236,0.10454104703916602,31.72
1.723355379523616,0.16892265154660518,31.83
-1.7492358766793894,0.8348296108793611,54.68
-1.8966210909291457,1.185091483565112,54.88
-1.6370007376697044,0.32327342170501944,54.57
0.48063333197136665,-1.765533944713735,24.01
0.6818996685749111,-2.1547729669014597,23.94
1.9359705436990042,0.09033131557665036,31.54
0.8149452393576461,-2.125148811487701,24.01
0.7496212932433275,-1.8254065955644752,23.82
-2.0299065469856923,0.8158710818512087,54.55
-0.26520943606574665,0.38068413950396557,39.55
1.764461046650923,-1.3829242120156402,24.0
0.48039775872518503,-0.631489487817233,16.33
1.6009057878801074,-0.6992518701108342,23.83
-2.0017024414460676,0.8674142466775135,54.87
0.13343285162405433,-0.7046010562832536,16.2
1.7333057605127398,0.26774482570164204,16.34
1.6208711381188905,-0.9900003321332437,25.59
0.049512949776576796,-0.8156213428081728,31.69
-0.6766374547620662,1.1597199511948078,54.5
-0.6766374765942019,1.1597199233040751,54.61
0.712964977128692,-0.7786714770751234,17.39
-1.849695537911538,0.28272109125797457,39.2
1.704657107398544,-0.6092081371525985,24.03
-1.8693203874705182,0.24535418878718027,39.31
-0.7038151847651378,1.030205741615828,54.45
1.3287652246310513,-0.5862854410301404,23.88
-0.4538234415339305,-0.010463101188458803,39.32
-0.3579894861590758,0.011909325568214104,39.15
1.217519578933032,1.3407453575129704,39.46
-0.5208949383547145,0.7107939480188795,54.72
0.5814844825195447,-0.7718788032452687,34.01
-1.4409067157487758,0.37586059306115255,58.75
0.5999261846066604,-1.605079670877622,23.88
0.6877401718653836,-0.6817662613555718,16.39
-0.9124963480015514,1.7426399634372398,54.41
0.6887051383007788,0.541969436305495,39.15
0.6726194749615135,-2.12825901872173,23.88
1.7893088823361334,-0.5874188624993436,24.03
-1.5313595273727671,0.5695082265926493,54.8
2.0213484739305496,-1.087343786539673,23.98
0.7266882850910321,0.5166024708337189,39.32
-1.7169417733730468,0.48971148719930724,55.07
0.765517354990543,-2.1536984617402366,23.96
-0.12204924096388572,0.08202763338450803,38.98
-1.4409067208827626,0.3758605861356689,55.02
1.6766712340121201,-0.629282121822987,24.13
-0.6532677862171377,-2.196224287941877,25.56
1.9284369865632243,0.6339922293349938,16.24
-0.12204924076707545,0.08202763345927158,39.15
-0.9533882095906322,1.1931725012904846,54.87
-0.6831538510728656,-2.199308029126694,24.05
1.9611406745684685,0.6014191326918774,31.79
1.764461045498834,-1.3829242136968025,23.92
-0.9823322546253702,1.2045934351353043,54.64
1.9461195636256203,0.7056323318504285,17.35
1.1536719658880041,0.757287483795034,39.2
0.8668096753869753,-1.7081458391362665,23.95
-0.23277597674275827,-2.073671046038601,23.96
-0.9124963494364443,1.742639962766635,58.31
-0.23277596296117178,-2.073671048858834,23.94
1.3050244898324892,1.3280854656429475,55.05
-1.8705408358897002,0.14603540529143574,58.59
1.0027114344118517,-1.7756553727439264,24.12
-1.8990287970323632,0.1174672883916724,54.75
1.0027109678775903,-1.775655619260094,23.98
1.7377343279503559,-1.0424819662189344,23.86
0.807547502225754,-1.878536905526839,23.92
-0.540522721060969,0.7934283213200213,54.67
1.9154080383963357,0.4679797182298781,16.23
-0.26557150796752454,-2.0608242566509114,24.07
-1.4726892829535083,0.17161894574051276,54.93
1.6208711379529526,-0.9900003323587961,23.89
-0.26557151120979033,-2.0608242561224586,23.87
-0.4197058187531078,-2.0799021335429844,23.83
0.5900556839447271,-1.2085857608007535,24.07
-0.41970603669098056,-2.0799020974516673,23.89
-0.40387313078524906,-2.2321473448613527,24.02
-0.46255447733617217,-2.2269481608243065,24.0
-0.64052260567923,-2.2045845423521264,23.9
-0.5405231411874961,0.7934280969281982,54.75
0.6653257187442283,-1.1452733187387518,23.93
0.6428501101320536,-1.2187533752073951,23.91
-0.5269278005686955,0.936489448523044,58.16
1.93787042179251,0.44149128717178704,16.13
-1.4726892869858668,0.1716189425941907,54.52
-0.8063829756481917,1.4746220150488052,54.6
-0.676301906936221,-2.2073038902613273,23.87
-0.5242059158386977,-2.0640070794557026,23.97
1.3287652246310073,-0.5862854410303449,25.55
-0.7952733672767125,1.7094250384854175,54.39
1.9489688956414917,0.4109246757558586,31.6
-0.5242061275828901,-2.064007052173682,23.9
0.5660777625560864,-1.2862552461935797,24.02
-0.4214617714775804,0.8017241867087457,39.15
0.5660777618121869,-1.2862552463430488,24.03
0.022286306761731888,0.036423027073737374,39.73
0.12600252601057788,-0.8568449367300477,16.26
0.44702909292626464,-0.7855982261615723,16.32
0.80754442713967,-1.8785382994408995,23.94
0.5900556826833672,-1.2085857615658773,24.03
0.8075556029285043,-1.8785332336867036,25.47
1.9239360480560452,0.5711011401274295,16.49
-0.5781340882228053,0.748571929155529,54.46
1.9475607771153387,0.5941204017732594,16.27
-0.5269253856456054,0.9364921696487121,54.51
-0.7952733255090568,1.7094250478637172,54.58
1.9784190728738067,0.5734196882079188,16.19
0.04224402266910333,-0.9410954814290592,31.68
0.37027386549360725,-0.8650287655585762,34.07
-0.9295779001101973,-1.7151488002590285,23.96
-0.7927434798679881,1.6617394274385997,54.8
-0.9602462893336993,-1.7300928404073614,23.83
1.008671402274449,-1.8264397881585008,24.01
-0.4624705967554615,-0.0282925385343752,39.26
-0.2740099873207637,0.2912972344071385,39.29
-0.58740151044971,-1.3836053339389272,24.01
0.5900556834178401,-1.208585761120355,23.99
0.46805282604037307,-1.7412379992317342,23.98
-1.5100655485738734,0.11521917974436799,54.64
0.6999640148878341,-1.8482987206289583,25.56
1.9874252065110398,0.23734997477369008,16.3
-1.4409066781542212,0.3758606437741895,54.53
-0.5874015106664666,-1.3836053337836574,23.98
1.9719216529701766,0.6469538363032781,16.29
0.6428501101004178,-1.2187533752451774,23.99
0.4946940020333288,-1.09488043766145,24.28
1.0102588867829596,-1.8254849418042134,23.95
-0.04430385553517642,-1.534780742959127,33.95
1.9824015680200027,0.09845229264560101,33.88
-0.704619693190691,-1.463867053036342,23.83
0.6428501099713998,-1.2187533753992614,23.85
-0.7046196930127644,-1.4638670531550033,23.91
-0.5781341010907912,0.7485719254373876,54.61
-0.7575898345652277,-2.187856913741143,23.91
0.015924186955980114,-1.2723572566685843,31.72
-0.989400892889673,-1.7440254656257397,23.98
1.941132410744425,0.1570273350055232,16.19
-0.526927394324043,0.9364899062644628,54.75
0.7496045110973687,-1.8254168699611488,23.92
-0.2652786385704493,0.05098100898893823,39.34
-1.5100655485663925,0.11521917976026162,54.61
1.9754933420451857,0.1324693959815537,16.19
-0.0848462697051363,-1.3688878981445256,31.76
1.0878517459557464,-1.2918169897437854,31.96
0.4137996450971941,-1.2346417638311502,24.1
-1.440906598305865,0.3758607514849451,58.59
-0.7459197095300464,-2.1969793714737893,24.01
1.3900919165172312,-0.003295227605160178,33.78
1.0957307221096764,0.6948239945508103,39.51
0.2072613621292215,-1.847918687502502,31.88
2.050673762805373,0.6373681568183565,31.83
-0.4914447595447478,-2.2297981766970043,23.99
1.179126483757711,0.8170080914062368,39.25
1.390091923180515,-0.00329522149209818,31.64
-0.9617603419384926,1.276968149855491,54.85
-0.08580987462772058,-0.7589091208482808,31.75
-0.2714811813915516,-2.2753724450727515,23.93
2.071109788804884,0.6230258552946152,31.75
1.2070749140342536,0.8240523753255797,39.37
0.6013919065931282,0.6694760784564001,39.32
1.8217021047079391,-1.1047530047098058,25.69
0.0795309939267662,-1.4967614060592211,31.62
-1.9303161626363508,0.14254438727516253,55.06
1.130716894273143,0.7106738708690936,39.3
1.126050052603499,1.5336906974933429,54.64
2.0055527573221896,0.1721091140457973,31.53
0.6651191928289787,0.7561001475141614,39.49
-0.37094912154805426,-2.255399799229737,24.08
1.9235078513944064,0.06000828765945115,31.64
-0.42706165009994235,1.8123349900531363,55.88
1.3250580527295377,1.5893660420536808,59.76
2.0264810589697047,0.12884857778368958,31.7
0.10570242172348149,-1.5269935464076467,31.51
0.6128686853074806,2.1688302720809185,59.93
1.9612478219026601,0.0551234584059895,31.62
0.6763385195564964,2.1390090376272504,55.73
0.4248043289942821,1.5140940223807438,54.69
-1.4516374806460661,-0.3405538264904627,39.39
-0.8278306563272512,-1.7188032641285362,24.26
-1.698166222785139,-1.148364095865093,16.31
-0.09015995599305923,-0.7946219456218041,31.69
0.3500836377426819,-0.6234454177996084,31.95
1.5476035408579814,-0.5072681153225608,24.05
-1.5778345024467118,-1.2932342129841163,31.71
0.42480432900420856,1.5140940223786963,54.39
-1.930316154352122,0.14254441851577218,55.0
0.34439312865701693,1.5196154252030534,39.41
0.2563587174858482,-1.7126181766089428,31.89
-1.9355947708146295,-0.07537778465065614,54.51
1.5773099559686394,-0.4834564442379567,24.19
1.3790971838157273,0.25610425892928307,31.62
1.7272575653180515,-0.6424462258405962,23.99
1.7233553795839236,0.16892265354662206,31.89
0.25695011650716765,-1.760415626816533,31.91
1.7423568340869893,0.13496780807059125,31.72
-0.6724175845591044,2.12028947344916,59.47
-1.946088365309882,-0.12547201524199075,54.96
1.8222375510303166,-1.103912104602586,24.09
-1.8887276386263756,0.2941841021811558,42.19
0.3443931286569989,1.519615425203046,39.4
1.5475992275798258,-0.5072837325624578,24.06
0.042692444107856026,1.974854174509868,54.75
1.1477140098750245,1.3100220274724714,39.12
1.7565497032618567,-0.6236148411471321,24.01
-1.8945677301062174,0.04721859780642448,39.53
-1.9120615923007465,-0.014824508380605903,39.29
-2.0734966370910826,0.7012590563622912,55.3
-0.7013247482876714,2.100666241224038,55.95
1.643364119227084,-1.0195808748639172,23.96
1.1894075427453839,1.307142182535016,39.3
1.2917292789951413,0.11895544601751269,31.49
1.2571731734783926,1.2882929450984892,54.69
1.2934315539937915,1.2951670574923282,54.65
0.04269244410785604,1.974854174509868,54.61
1.57730999166775,-0.4834563360413467,25.66
-0.2770452557799077,0.1945820521950955,39.27
-0.4690121133142509,-2.2369374967120734,24.03
0.4248043290450399,1.5140940223702706,54.75
-0.9810580918643347,-0.15425759962922458,39.23
1.257173173995113,1.288292945089344,54.54
-1.095723696668326,-1.0879136805564955,33.9
1.286528218141216,-0.3871947104626942,23.99
0.5984053960795362,0.6024834616746833,39.25
1.293431553955183,1.2951670574949636,54.91
-0.2604710064344795,0.12218942719949048,39.22
-1.2006230842919754,-1.0527794590825077,17.35
-0.6596868317159951,2.1108766343176706,55.63
1.2244054850992883,0.8702602708973386,39.21
0.7323231797182417,2.1230007170639635,55.65
0.5020453321306521,2.0934789794126942,54.91
0.40417005631051195,2.115044567962127,54.98
1.7233553794717724,0.16892264982730518,32.02
-0.9810580918643257,-0.15425759962920613,39.43
-1.031388046866285,1.8913547568424964,54.97
1.7423568309678572,0.13496778793014785,33.85
-1.1334930893825936,1.8053477992691938,58.32
-1.0557799764402587,1.8581900673513523,54.62
-0.20080025342635097,-2.0792308206335433,23.93
0.7011062531745166,0.5974922915899117,39.39
0.4582628157939035,1.444803833337105,55.1
1.3050244898325247,1.3280854656429342,55.03
-0.2604710064345888,0.12218942719939085,39.34
0.4582628162380621,1.4448038332744468,54.37
-1.0957237154142088,-1.0879136697382426,31.74
-1.2006230740933226,-1.052779467991031,16.25
-0.2008002533207386,-2.0792308206629793,23.85
-0.5543658286082365,-1.432876729980213,25.75
1.0933517934125567,0.6491177397163805,39.37
0.34439312865696664,1.519615425203037,39.44
0.04269244410785574,1.9748541745098656,54.7
0.1458727740233183,1.8982955953659157,54.63
-0.059047839343001764,-0.9898139720863796,31.57
0.28351794619052,2.1548061452870333,55.0
0.5570206335152262,1.2827594093252719,54.6
0.5570206336017329,1.2827594092923267,54.58
-0.11476205591061533,-1.3979229174273662,17.3
-1.150371025995005,-1.1628875888569994,16.29
-0.554365828582305,-1.4328767299892038,24.02
-1.0476772080014758,-1.212058879065386,31.91
-1.1503709197304774,-1.1628876600779514,17.29
-2.029904544753991,0.8158764303882774,55.12
0.14587277387905856,1.898295595370509,54.63
0.1458727739247634,1.898295595369053,55.09
-1.0476772080053673,-1.212058879063579,33.87
-0.5532639356020548,-1.464718175300348,23.99
2.029548246754999,0.25612494000516656,31.76
0.17643938685727145,1.8629666093407926,54.68
-0.08051832440784028,-1.4187108073344565,16.27
0.17643938694170014,1.862966609332526,58.36
1.2175195791481528,1.3407453573835002,39.6
-1.4409067174287535,0.37586059079494977,55.13
-1.4409066352132076,0.37586070169916186,54.53
-1.001724567755931,-0.2980883003955255,39.4
-1.5876369962961678,0.5299249242304307,54.51
-1.0017245677559756,-0.2980883003955444,39.37
-0.5532639355797652,-1.464718175308275,24.07
-1.0322641046023495,-1.1754556076227431,31.76
-2.0017024907092154,0.8674141765535522,54.7
-1.58763698471075,0.5299249430639409,58.43
-0.039266885545312234,-0.7167481455151103,16.24
1.321295699923255,0.1737267331595982,16.45
-1.0322641166388513,-1.1754555998928196,31.56
-1.9213645020955,1.046766985880244,54.97
-1.9175358067941433,1.1941312520261733,55.87
1.0656500250183685,0.6066793136379734,39.23
-1.8185447354526394,1.345537799566496,56.17
-1.9848611758555035,1.0912975835840149,55.77
-0.03861396934602875,-0.7165994976667083,16.28
-2.069618870970633,0.23373384732833527,59.55
-1.6112540858383706,0.3815677074437083,54.94
-1.0314273206753362,1.89133601153899,54.68
1.1477140135764425,1.3100220256058812,39.53
0.2835221212276519,2.1548054474104577,54.95
1.7893089001876092,-0.5874188363061568,24.17
1.6741801085682837,-1.1351792842855175,23.88
-0.9739332619777992,-0.25544047149922605,39.53
-1.611254087103355,0.3815677048939571,54.63
-1.0476772080740382,-1.2120588790257936,31.67
-1.0476772080017611,-1.2120588790652809,33.96
0.9445171326895473,-1.8135226282335106,23.91
-1.1179158230323913,-0.08875636957437527,39.33
-0.026893219967986205,-2.1784685281758307,23.97
-0.026893215249827074,-2.1784685284929948,24.06
-1.1306903788661817,-1.1318181308459967,16.28
0.6685855957275993,-1.123012742451615,23.83
0.6284910623230094,0.5008847564272707,39.51
-1.0322641149726888,-1.1754556009631374,31.76
1.7377338476881237,-1.0424827602550304,23.88
-0.49402816790741744,-1.5890275648762677,24.08
-0.058887318656280406,-0.8524749559389802,16.3
1.7377338038350048,-1.042482832759058,24.18
1.189407538140342,1.307142184339847,39.18
0.23455752052000883,1.6834210425738574,58.22
-0.9739332619777974,-0.25544047149922394,39.47
1.9212985780522787,-0.002834352355770645,16.32
1.3212958080986095,0.1737268730254737,17.27
-1.1306903766538547,-1.1318181322155658,16.29
1.2781514143645678,0.025775202129963603,16.27
-0.07990002945632735,-0.9598699130735773,16.19
-1.0322641153500602,-1.1754556007207353,31.63
1.2664050099026976,-0.0241125848250234,31.83
-1.3734501223992417,-0.3453865193818667,39.43
-1.1179158230315704,-0.08875636957353257,39.37
1.5646286400198488,0.11185215484101836,16.32
-0.05081802250038938,-1.6061284079268898,16.31
-1.4581053940795345,-0.9922126275076121,31.63
-1.5917297928770533,-1.2399633317938954,17.32
1.9629417476392474,-0.023347167814779773,16.18
0.0015610861723325269,-0.7100217129114744,16.17
1.8994859937379092,-0.02445122115262802,31.55
-0.49402818917363234,-1.589027560771082,24.11
-0.4988536407870193,-1.6020660926199466,24.25
1.931445706368655,-0.03603949787957631,31.45
1.9907580484108427,0.015250239599480865,16.34
1.902394433213174,-1.1735898011584747,23.98
1.94116837885791,-1.1266014597633371,23.9
1.6720368057570012,-1.1585230989411,25.54
-1.698979442519152,1.0872889975090099,54.54
1.3569306355292903,-0.48926209393947095,23.84
1.0027106805366643,-1.7756557710907583,23.87
-0.07161329996633381,-1.4708120383234493,16.28
1.25692910066135,-0.5418405963673015,25.44
-0.030412345656594626,-1.600367496276823,16.18
0.8960200026679095,-1.8305336175402285,23.93
-1.6989794422545224,1.0872889978865108,54.36
-0.07067702939764972,-0.9194285908546247,31.64
0.896350437767593,-1.8303535398893256,23.98
1.9614370000903247,0.0007730715461815158,31.85
-1.4865544989295119,-1.3345995504691717,31.79
-1.7551781216588596,-1.1164614465224267,16.27
1.0027115582218793,-1.7756553073228665,24.07
-0.008532489716152872,-1.5717979868390908,31.65
-0.7147996761480152,-1.4085421394500413,23.84
-0.4988536452533192,-1.602066091646195,24.07
-0.7147996761480546,-1.408542139450104,25.56
-0.0006563656396381063,-1.6122265652147678,31.48
0.07345967168813354,1.9719956099422864,54.78
1.35213821938826,0.17760802703735057,17.35
-1.1143688203428073,-1.3380580449049917,31.86
0.0017203968088813908,-0.7098978213565981,16.21
0.3765541138829116,1.446153854431819,39.25
-0.06779265764158361,-1.5855467382922677,16.34
-1.114370202218866,-1.3380572235304973,32.06
-1.129572829442523,-1.3517084652295295,31.74
-1.689272906305077,-1.195053293743701,31.71
0.073459671688112,1.971995609942287,54.89
-1.129572153751673,-1.3517088704689926,31.82
1.7644610464909496,-1.382924212249084,25.7
0.07345967168808736,1.9719956099422886,54.67
-1.1311656855592886,1.1486914636576833,58.39
0.09535999026029025,1.9418368013548912,54.76
1.5414344486642302,-0.784645667441584,23.92
-0.043153326227292566,-0.6802492292839761,31.68
0.944517976946386,-1.8135220680084487,23.9
-1.159865246196757,1.171260066646873,54.44
0.09535999024804644,1.9418368013546843,54.58
0.668585594449122,-1.1230127431828738,23.92
-0.9351585241587899,1.5502235406012908,58.63
-0.485632116723069,0.02896846020748289,39.25
0.47487475361223225,-1.7886280748055514,24.08
-0.695587189738116,0.8935691463877389,54.93
1.6741801661550682,-1.1351792175574986,24.1
1.5603954024575537,-0.7846538949728751,23.95
-1.5369112396172584,-0.34987045869220307,39.43
-1.0032877628477685,-0.2466363323180028,39.44
-0.968701129451095,1.5354451673895404,54.81
0.5133125487103406,-1.7207513372536587,24.04
-0.00410662777565041,-1.6383553949602458,31.69
0.6258669182318082,-2.172682420381115,23.86
0.48920186621825085,-1.6949401507042732,23.92
-0.9563166815380073,1.7170765399402572,54.53
-1.0417786357648582,-0.31141327668070923,42.1
-0.9902038909450872,1.669665906443364,54.74
-0.2652786385704419,0.05098100898893637,39.13
0.6284910623230083,0.5008847564272715,39.71
1.7377336905061693,-1.042483020129921,23.83
1.586225765360699,-0.7618970701855406,24.05
-1.5713692727657684,0.14486457451714274,39.51
-0.9902039594389188,1.6696658690383848,54.55
1.2569291006612646,-0.5418405963677468,23.88
0.9180067215662626,-1.8814588191044987,23.85
1.9411282062306436,0.1570431050271627,16.26
0.5990599400567562,-2.1653251444421433,24.07
1.975472416946469,0.1325664363568765,17.44
1.7377342609237934,-1.0424820770365626,23.97
0.5334766092120697,-1.3185987487717015,23.88
-1.5549167077082766,-0.3728350764406108,39.4
0.5334766092071873,-1.318598748771889,23.87
-0.07067703921025924,-0.9194286097122042,31.57
0.6792827988477835,0.6316485332444255,39.23
0.6792827988477724,0.631648533244423,42.12
-1.6109655612844336,0.026981324148428035,58.92
0.09213293022914316,-1.4098785938834832,31.72
-1.7512246028313552,-1.1325581369727349,16.25
1.9874208848698456,0.23736541502420513,16.35
0.9090869815976517,1.590550875108466,39.37
0.8902205895998966,0.6712107519195057,39.71
0.920429134334001,-1.8803426706299518,23.99
-0.5068659619256881,0.23662248600884694,39.29
-0.11668415396987526,-1.409438696654692,31.64
-1.1829621393443548,1.2322722043397423,54.96
0.06425152119811386,0.26061686804015427,39.46
1.0957307221909307,0.6948239945966178,39.37
-0.5244752713695283,0.19988003596272624,39.26
-1.0949866738361909,1.2771009403387277,39.25
-1.7784197394149415,0.9276973639889811,54.73
0.5068776091137005,-1.7514152210151894,24.08
0.610798434122749,-2.1853588272074096,24.08
-1.675318990209324,-1.2289306558566853,31.58
0.9541452051150082,1.5779631275251504,39.42
-1.778419719607324,0.9276974035965062,58.67
0.8737681286772594,-1.1828571474519736,24.17
0.8902205895998816,0.6712107519194828,39.78
-1.8160636021329684,-1.0928115720935296,16.34
0.13322590618413013,-1.4265603760223626,31.72
0.5006006163394339,1.2194614775795585,39.29
0.07449199627439328,-0.823505854438996,31.76
0.0642515214739236,0.2606168684176073,42.15
1.1307168942278523,0.7106738708290866,39.46
0.8737682044699128,-1.1828569590490592,24.17
0.5615104242358959,-1.7297246406720304,24.06
-1.7568448449715264,-1.1671262765842225,31.79
0.1289008846761079,2.1956025124899847,54.66
1.2044919273084507,0.968817294426518,39.36
0.8556451543681821,1.7110735610110839,39.28
0.8864408132491883,1.7180656800680336,39.42
1.1618795105405484,1.6649587581257748,39.89
-1.6392069980671529,-0.37011881582801953,39.43
1.923507851495536,0.06000828430486629,31.77
1.8528094091649068,-0.4264271219820413,23.92
1.2079067931617107,1.6477378730892722,39.51
0.7878073945940677,1.3826055822232555,39.72
0.07449175636309663,-0.8235062307520562,31.81
1.8696293987883776,-1.3194130364406143,25.43
1.9612478224083556,0.0551234615267908,31.69
1.092611127821985,1.7711997697795387,39.79
1.1301584933386237,1.7656999116600294,39.41
0.6315812551800507,0.46607482369924147,42.02
1.1536719658864487,0.7572874837941106,39.42
1.9824015923435812,0.09845219416208344,31.44
0.5865802259615713,1.004998609614292,54.94
0.42311356672720696,1.3310629353968082,39.28
1.1594642097997312,-1.7726324055331792,24.21
1.185842455017054,-0.055929189733364866,31.64
1.1594641652890094,-1.7726324402789764,24.2
0.7454696245553899,1.7884697039788577,42.2
0.4732745524307173,1.0299437527034505,39.43
0.9228604937411379,0.6433479811571037,39.91
1.1914173106995005,-0.12928638806213932,31.58
1.8694479912972084,-0.42985096789674593,24.03
-1.6581835175623403,-0.3971970804752205,39.58
0.7653118282608589,1.801573310785933,39.25
-1.8105339861591767,-1.1112452211951034,16.35
0.9228604937411348,0.6433479811571043,39.69
0.0828106974822684,0.21702871790652545,39.45
0.35503922202012506,2.127297839255676,54.56
-1.7504749918164626,-1.1896995762754563,33.88
1.2217699584891364,-0.06758137680276441,31.57
0.46060373398535803,-1.147210891682754,24.06
0.2204583804917009,1.8562653701402483,54.61
0.33969122077680985,1.4596975168045445,39.24
0.3765541136358265,1.4461538542795278,39.43
0.2204583805019141,1.8562653701396323,54.61
-0.5801070859592664,1.1410269172730696,41.78
-1.1444263066427542,-0.29975361844260917,39.3
-0.5801070809782515,1.1410269189062108,39.2
0.04427838099800542,2.175690702448292,54.8
1.2195620533264966,-0.5045398377725657,24.05
0.4414114246076296,-1.216236255342608,24.09
1.2412951212026904,0.956832109362849,39.44
-0.6047767823594529,1.096886393211183,39.18
-1.1444263066427556,-0.2997536184426087,42.01
1.019544374911768,1.646146642381086,39.52
0.08281069826234685,0.21702871909921925,39.51
-1.356833091771166,-1.1332814757912542,16.33
0.49506319580836394,-1.1509831620151325,23.92
0.06117954093524652,2.189555814012658,54.68
0.7050750585094134,-1.8063765838187937,23.93
-1.1966445396696372,1.8224812454466242,54.43
-1.340183781784059,-0.43695661418240656,39.28
-1.392991140314259,-0.45216701604327014,41.8
-1.9908161704476084,0.9817646283361325,54.46
-1.3568331150133452,-1.1332814665557793,16.24
0.910320883315827,-1.172022541810001,23.94
0.33969122077680386,1.4596975168045405,39.39
-1.2783040101516239,-1.1811717513242954,31.54
-1.6708549766261453,0.9764825429279574,54.68
0.9103208821412707,-1.1720225443491554,25.69
1.5516210397079488,-1.1178050580269803,24.15
0.019903394570276334,-1.3716483862451494,31.71
-1.2783040122511429,-1.1811717496911343,31.53
-1.4333773182140728,-1.4157772371490236,16.17
-1.5550153466548908,-0.29210381421516285,39.3
-0.3438201793071589,0.08185468973349488,39.81
-0.04967877396069273,0.1674272929003677,39.75
-1.6342081743446888,1.0677472079786245,54.63
-1.8106621184475837,-1.0391438500331778,17.23
0.22760952320343875,-1.8739792174711496,31.81
-1.7676766016564593,-1.080864270764546,31.97
0.3060808453594833,-0.8624260984691771,31.79
-0.04967877397306831,0.16742729295378114,39.77
-1.6342081711310312,1.0677472127094911,58.5
0.3067900249553092,-0.8614954113953722,31.86
-1.641071713305876,-0.3130164752380359,39.38
-1.7119508554536598,0.923158345019295,54.73
-1.5771518262147541,-0.499392867363089,39.83
0.37655411364301977,1.44615385428396,39.18
-0.8798813416055544,-0.24065744332081193,42.69
-0.9932428626875016,1.4345679110573875,39.28
-1.8216260798212127,-1.0662268547110052,31.69
-1.3506768746215145,0.493657977747013,39.48
0.12876637328299456,0.28074511917203865,40.09
-1.647395874842831,-0.4902175131982515,40.42
0.5809584392838952,-0.7724584353135324,31.69
-1.350676874630641,0.49365797771757,39.33
-1.4717931254375263,-1.4205974731843358,16.36
-1.8520241923706846,-1.033400701582576,16.34
-0.09015971391648268,-0.7946218422050395,31.64
-0.989400892892078,-1.7440254656231666,24.17
-1.788932489650847,-1.0813086723492258,31.69
-1.0716796723164643,1.8492248440407157,54.97
-1.277636612151247,-1.5167338968161077,31.79
0.2350197824494334,-1.7483423173996433,34.22
0.4192597863910088,-1.16684516738859,23.94
-1.6006262886586855,-0.31130140389305655,39.31
0.6511871459876702,-1.8783414129396554,23.99
-1.9389331093675144,0.9777788602440718,58.35
0.5811367121892769,-0.7722665244272142,31.65
-1.1333801747071448,1.864214476438036,54.39
-1.1536996867497245,1.8672544143439822,54.81
-1.3514403285265275,-1.6135520259644796,31.8
-1.3962437146543099,-1.6034732094592066,31.77
-1.0483233504305385,1.45003287860231,39.27
1.801082328125099,-0.48808370134358287,23.94
-1.4686738792026988,-1.5702273194676486,32.08
0.6515536819173562,-0.7698589169601074,31.94
-2.028321647281918,0.9147592101803997,54.39
0.6541208937759746,-0.7683888395735601,31.63
1.8108675171560076,-1.361116605298644,23.88
-1.3247102393877084,-1.5160591038657911,33.75
-1.4333771750468105,-1.4157773141151817,16.28
1.2612886024819152,-0.4433842473339867,23.93
-1.8289680635355816,-1.04281287836653,16.26
-0.9289885451276546,2.0518399653976083,54.91
-0.2230729950048888,1.0628109851853909,39.34
-1.9037329654142876,0.4989845960593282,39.54
-1.3592742410928742,-1.0686251686173127,31.66
-1.9355687833138016,1.2262908821513165,58.78
-0.8986512858350674,-1.1443568410436964,32.08
-1.9246116643976683,0.4808289896686594,39.47
0.14749112117635924,0.13962811543686937,39.92
-1.6845219180503697,1.1677892175315505,54.98
-1.359273921978801,-1.068625405803649,31.63
-1.471793954108407,-1.4205966701599886,16.33
0.8512942054521,1.288073417656369,39.54
1.5968227991604886,-1.110110398865552,23.86
-1.5090373420204062,0.5180671041323337,39.3
-0.22307299906122655,1.0628109765965992,42.07
0.8512942042359484,1.28807341804153,39.74
-1.1343332222274398,-0.17984090233140707,39.45
-1.1343332222274263,-0.17984090233138705,39.57
-1.4346790259642412,-1.0289185470310687,16.2
-1.5573340439623988,0.4506696499065106,39.35
1.8284785308312568,-0.4717865575957076,23.88
-1.5090373419647922,0.5180671041999507,39.5
-1.5573340452004223,0.45066964830038186,39.46
-1.4346790746604547,-1.0289185224293518,16.39
-0.45620044740015847,1.028499844561548,39.19
1.8342398217979068,-1.3480753883237149,24.14
-1.5919942807438263,-0.37655300895779253,39.33
1.283681809103503,-1.6743083544406714,24.23
1.3922869101311328,-0.6398201562807713,23.85
-0.5899790162780933,1.9059803235659054,58.54
1.2836818076543786,-1.6743083556593663,25.63
-0.4562004461455549,1.0284998449263447,39.29
-1.6845676064811161,1.1677108889412338,55.31
0.16481870733921514,0.14316452940974098,39.35
-1.7127837236036854,-1.203035406980996,31.52
1.97574050867517,-0.840479557137854,24.06
0.4231135684741303,1.3310629351343446,39.41
-0.677909002546119,0.6498276220081728,54.58
0.42592163713206527,1.9629721713372752,55.6
-1.3506768746208893,0.49365797774901693,39.33
-1.3401837860528014,-0.43695661269568087,39.3
0.16128509168324415,0.2270909907968278,40.09
-1.3506768746211273,0.4936579777482552,39.4
1.2068862070046347,1.4834502060380341,54.45
-0.3810921218390936,1.4275025903199932,39.52
1.9757406741214543,-0.8404792014736601,25.77
-1.7785406128903332,-1.120817152665023,16.28
-0.3645367524488314,1.4067399108909635,39.44
1.2513599956790509,1.4701147760132645,54.71
0.5603140434498934,1.0772674874198507,54.88
0.3852070167468251,1.2867926580268756,54.68
0.6361592531508743,2.148933823923838,55.18
0.08281069779030593,0.21702871837802412,39.51
0.035168559072414056,0.1258263812750872,39.83
0.09221210171902774,1.8269372263277106,58.71
-0.6318896158975824,1.4547840993913268,55.23
0.5712314922752174,1.6311497496985665,39.59
0.6134080471049518,1.620243406863586,42.25
0.3289685136356029,1.9990929001805757,55.04
0.6588703764802855,0.6954550936020231,39.47
0.0828106977773173,0.21702871835718968,39.6
0.11567575105860976,1.8168875741829968,54.79
-0.5909368773779874,1.5022384942646845,54.86
0.3720257270686721,1.970157076084047,55.27
-0.2606312536314971,0.9842272188499064,55.26
0.658870376480279,0.6954550936020208,39.33
0.922860493741136,0.6433479811571039,39.69
1.528226048663157,0.2781673089026076,31.69
0.9228604937411353,0.6433479811571002,39.53
0.9103208836248212,-1.172022541142025,23.97
1.5282260495326756,0.27816731205548095,33.91
-1.472689284400167,0.1716189446117452,54.9
-0.3810919585178481,1.4275026620717244,39.55
-1.241427504589645,-1.2407889536747612,34.08
1.2172504543638538,1.5301601893286858,54.75
-1.3358606560138429,-1.1848977038618693,16.47
-0.26527863857057477,0.0509810089889671,39.19
0.4102099626224987,2.237593188016052,55.28
-0.24968320458077245,0.7337718011451806,55.21
-0.9947107094253441,-0.11598643796987179,39.64
-1.392991140545227,-0.4521670160416092,39.38
-1.2776363678520293,-1.5167341441597166,31.64
-1.3247096328466073,-1.5160598239044145,31.61
0.5712314923463867,1.6311497497030438,39.78
0.910320883262368,-1.1720225419255677,25.77
0.6735462622915996,-2.103724869975476,23.96
0.07953097976233592,-1.4967614005568108,31.69
-0.3595368150877472,1.5823695164408973,42.24
-0.3645373545869936,1.4067395659050475,39.42
-1.2414375408374239,-1.2407845968192943,31.9
1.5773100171395087,-0.48345625884189997,23.95
-0.22879514892152325,0.7959782975608897,39.83
1.387472539118244,0.9817972925667474,40.39
-1.2304006880075338,0.20428192320578534,42.05
-1.3358750845821645,-1.1848863221249772,16.5
0.6134080451758881,1.6202434072045617,39.57
0.7947651076254306,-2.080719484719651,23.95
-0.4621978050376273,1.8780225577577514,39.87
-0.9947107093612926,-0.11598643793703842,39.69
1.5773100805210134,-0.4834560667467973,24.13
-1.251202131650393,0.3076823507457609,39.88
1.1128814558776303,-2.0150204416741215,24.62
1.0063830090867911,-1.5100539136610123,24.52
-0.24643391256416064,1.1871541987288332,39.49
-0.22419991245603865,0.9061866979110769,39.75
1.1594617713940403,-1.7726343089987147,23.95
-1.570470727102175,-1.0757762101661303,16.3
-0.4522154751126586,1.9053554193501003,42.25
0.9400005677713129,1.865937399057414,39.92
1.159458727432609,-1.7726366851895177,24.02
0.32896851302872115,1.9990929002334625,55.26
-0.44205871650980627,0.6722742548935619,42.0
0.9647835241413398,1.8674237089544332,39.66
-0.266566816842206,1.067237487054994,40.15
-0.37690229403041686,1.1685616571112705,39.91
-0.27900697504930055,1.3240848015645739,39.57
1.8219360287156836,-1.1043859242297482,23.96
-1.507827598722769,-1.1302311556710054,31.71
0.6504460575763451,1.5134917906968637,39.64
-0.2790069750501147,1.3240848015630486,39.74
0.5034936812516372,-1.6306455146962027,23.94
0.37202572700541575,1.9701570760902682,55.06
-0.5789192776259849,1.9387361397990117,54.94
1.8220148768995834,-1.1042620922459572,24.01
0.06425152329308166,0.26061687090694985,42.18
-0.42146177146306646,0.8017241867114356,39.1
-1.214478568113855,-0.20807129493040735,39.45
0.06425152124185136,0.26061686810001233,41.98
0.5809514965360271,-0.7724658302870406,31.95
-0.6420297684796372,0.8266590513144673,39.28
-1.6288990625592326,1.2683691819581602,55.1
0.7121541343201754,1.298244578929101,40.08
2.0398077791142177,-1.1292895183486589,24.35
-0.5789192478959299,1.9387361501883114,55.04
0.7671771768631904,-1.762838130491749,24.01
1.9742287249790962,-0.3873264379991901,24.43
1.370823538802559,0.919916618145125,39.79
0.6504462927802173,1.5134916911808398,39.73
0.5809527141411467,-0.7724645337905629,31.79
0.6516186641655993,-0.7698068342905111,33.87
0.6739532790276299,1.4057403717636208,39.89
-1.432242888549301,0.6592490878499947,39.89
1.3991390053600032,0.9324684544076115,39.66
0.6515229760260397,-0.7698835457523974,31.89
0.7930510437206666,1.1884526594944143,39.85
-1.5704707273934404,-1.0757762099360033,16.23
-0.2230729953338054,1.0628109845342306,39.52
0.42227709711996997,1.1238033958211555,39.23
0.37325161306599053,1.2173052497173795,42.1
-1.2164431309722334,0.3535319004666794,39.44
-1.5078280402314301,-1.130230817382352,31.64
-1.2144785681138526,-0.20807129493040527,39.64
-0.6157368836842981,1.8927799018565619,55.02
0.54098178699553,-1.63404862847107,23.97
-1.2633983190480411,0.48800783944918985,40.05
1.8699907403644644,0.684563732012026,16.51
0.8469946229833081,0.5478660073362734,42.71
-1.3511846750163012,0.36144004528779555,39.24
-1.646962989587545,1.21022595268327,55.0
-0.7014895325515306,1.9444046206759982,54.65
-0.22307299513810397,1.0628109849263268,39.41
0.20159136655468393,-1.2536011024940235,16.37
1.1674311215175628,-1.6232417284268659,24.31
0.19352877576657773,-1.7888146317066969,31.94
-1.434566495509607,0.49657979425183957,42.48
-0.7014922594466729,1.9444036117372805,55.15
-0.2790069749482865,1.3240848017531104,39.41
0.14749132303776302,0.1396286731379027,39.78
0.1648124792294073,0.1431451587048212,39.52
-0.36453737698205113,1.406739553074477,39.43
0.613408047036354,1.6202434068757103,39.65
0.6134080464400441,1.6202434069811127,39.52
0.1515713595008299,-1.284990624537383,16.29
0.1589421218620793,-1.5567908461114386,16.37
0.2251239823306662,2.066062571659455,58.96
1.0153869752901978,-1.4775578267003884,24.18
1.0450873790449031,-1.48117027338842,24.06
-0.2790069749478489,1.3240848017539144,39.56
0.1720337789959566,-1.5764278072317535,16.19
-0.05402172397672459,0.5812944027595179,42.61
0.5440616717995533,-0.6705903174558631,16.43
0.17307590089891914,-0.6177881763771416,16.35
0.993025079513451,-1.2866719402804982,31.94
0.22512398263631148,2.066062571630348,55.18
0.38382192636194856,-0.8429558920556457,31.69
-1.4322428885201346,0.6592490878980823,39.85
-0.9605571528693877,1.0350143693679579,54.72
1.0476467043561961,-1.2726914236024789,31.8
0.33730688350015736,-1.7252634994214853,16.52
-1.9823676160579087,0.571131733059625,40.24
1.096566292956446,-1.2555268628264653,16.41
-2.0081413482611787,0.5551603531814612,39.77
-1.59350698793164,0.6534737052793168,39.8
-0.9808940514095689,0.9847778102016069,54.54
0.7937831443376072,-1.1022973152756346,24.15
-0.5178234716536778,0.626415577468604,54.77
-0.05039552362507213,0.4355936572215803,39.83
0.07744515712993656,0.09718001862928874,39.27
-0.08987318862630825,0.4117561392963726,39.88
-1.5935069848477046,0.6534737078855531,39.92
0.42448758310293855,-0.5048570349359561,34.05
0.07744515713749377,0.09718001863494856,42.3
-1.6452704498586932,0.5987572740457325,39.61
0.5440083644758734,-0.6706196095159273,16.41
-1.6452703779817204,0.5987573438718876,39.65
0.5026084558182113,-0.46427219494156374,16.33
-0.3067761739539334,-0.0692344607831599,39.19
-0.7702749849014373,1.3144573076134216,39.28
0.532406789618834,-0.8879707183901043,31.78
-1.6928583830227162,1.2706138099916606,54.73
-0.5403197324497702,0.6006363893697066,54.43
-1.6452704636362727,0.5987572606612542,39.52
0.3847083821309859,-0.8422183166199486,31.94
-0.9988869540070349,1.046221238211743,54.7
-1.6452704551708308,0.5987572688851607,42.07
-0.2729029341251836,-0.0687664618506995,39.06
0.5322737586293114,-0.8880317527250545,31.72
0.09218380942462205,-1.4098426432211844,31.56
1.8519792760999512,-0.8385036303061951,24.18
-0.7892219595528084,1.3277486817294117,39.67
-0.27900697498479576,1.3240848016851503,42.03
-0.2055554240580844,0.9741503524227216,55.09
-1.0182835131715124,1.0012058636232881,54.83
0.13368736583511734,-1.4291796313769245,31.56
1.9437264447201446,-0.4394242507415307,24.22
-0.05039555406200227,0.43559364384487664,39.54
0.30663773246164716,-1.9164310745406261,16.57
1.8943493597136665,0.7001563543211826,32.02
1.4298498786773253,-0.4637905712569442,24.05
0.6504459505865482,1.5134918359650338,39.49
1.54143444810103,-0.7846456683858932,23.75
-0.20555555431898273,0.9741502766251834,54.88
-0.40284193017022835,1.7244381076271034,39.91
0.21238964912976344,-1.4511872959889822,17.3
1.9632807339006437,-0.4366861601430135,24.06
-0.46602686214019046,-2.0752761503042154,23.92
-2.0266977718350176,0.950202684623371,54.69
-1.9213382873908675,1.0468136821916745,54.83
0.22622100075527948,-1.4347917875456067,16.5
-0.055984161723080586,0.6233861018327838,42.93
1.4132878165636247,0.9671864765098278,40.43
1.7781943519084453,-1.330764690826445,23.86
-0.3859200136201501,1.7623612371970367,42.15
-0.4382736860365702,0.913713570196131,39.34
-0.27400998732143833,0.29129723440681793,39.46
0.9746312657639478,1.2437793065461094,54.83
-0.26646260408105005,1.216067140253139,39.93
-0.042781258170232955,-0.6800246642022167,31.72
-0.4622234283997054,1.8938567032441576,40.29
0.9019778409672278,1.7657395630357526,55.13
1.9827228614651704,-0.3969609545980657,24.56
0.9746312657689586,1.2437793065447904,54.69
0.8123800520109534,1.4425066580464003,55.17
1.8098877269910973,-1.3069557341447366,23.86
0.4487532137467569,1.246047478666265,39.17
0.7231066723076119,1.423650854778918,39.65
1.170665303984178,1.6992668867815897,43.14
0.8802831150649154,1.8007693858364462,54.83
0.04150659681955304,-0.6148102462244764,16.25
1.1278582105063535,1.7895740583493733,42.95
1.5731277721183743,-1.0596711010070103,24.05
-0.43827366898600983,0.9137135736506194,39.25
1.0633865835541,-1.4878323028433846,24.37
0.0010237141463874519,2.216768843422232,54.89
0.8123800069659276,1.4425066903291968,55.17
-0.26646260261044463,1.2160671409931167,39.63
1.0206262894585612,1.8448179393421522,40.29
0.4487532137198928,1.2460474786673383,39.41
1.253161314959647,0.08635070400151794,16.26
0.001023647605103046,2.2167688289806415,54.97
0.037678079447816225,2.2074788920455215,54.97
-0.28618937792579063,1.2835275831944677,55.13
0.5441360201395857,1.0133671717843593,54.77
1.158119444331503,1.379141980358099,54.7
-0.17395698736609036,0.15982967584172994,39.25
-1.0314269059739003,1.891336209467817,54.67
-0.2861893661916157,1.2835275843295637,55.02
0.3720257272762278,1.9701570760636433,59.03
-0.33956095969247885,-0.028924290207275844,41.95
-0.39674254528981223,1.8070173431756809,40.28
1.2032675210237396,1.3890780484177452,55.01
1.2372566636500524,1.3516954863893305,54.76
0.7708809712344369,-2.1000539450456284,24.15
0.8287974619443964,1.2435688707746975,55.21
0.3720257272970088,1.9701570760615994,55.22
0.4259216380388403,1.9629721712289823,55.19
-0.3234368887405524,-0.03767869386646187,39.6
-0.42824113079150944,0.7016151090886271,39.49
-2.074652441622052,0.4255444820010764,55.03
0.653652374811065,1.6637196908333451,55.22
0.42592163687992896,1.9629721713673878,54.73
0.7105722713995374,1.6019730287110137,54.89
0.6536523768855625,1.6637196900598852,58.57
0.723106646724856,1.4236508714064084,39.91
-0.6157368709048932,1.8927799078098406,54.99
1.4372505490323144,1.370241868463058,55.39
-0.5178235282905032,0.6264155639748576,58.49
-0.7969501236979103,1.7754371073667634,40.28
0.5865802259322482,1.004998609606618,54.68
0.6536523754195067,1.6637196906064922,55.18
-0.4562004465663997,1.0284998448046334,39.26
0.17758940022082528,2.068623126002289,55.14
1.2789699917391075,1.3507150082625072,54.73
-0.35797840873704734,0.011912064924189876,39.18
-1.0499952432774862,1.4157291288082263,39.44
-2.0874414621853963,0.44467058988547775,55.66
1.3931179740596689,-0.4530426697174376,24.29
-1.252255399883385,1.663402669586607,54.5
-1.8234765139127762,1.3845030591042533,55.18
-1.5313738086668123,0.569493950666095,58.94
1.3843901667892202,-0.5754639448110586,24.21
-0.44269440501947577,0.8672761341848857,39.2
-0.27900697499565646,1.324084801664911,39.63
-0.8458218340359671,1.403075091949084,54.66
-1.2764674615623788,1.6594694557323804,58.18
-0.24643362008973693,1.1871543034932897,39.42
1.699210465001128,-1.0353439188418725,24.1
0.8206731094415607,0.5679460951984673,39.76
-0.3395612705564403,-0.028924636111634396,39.19
-0.3234372369771603,-0.03767874223505329,39.38
-0.5405225535302582,0.7934284108123627,54.9
-0.6157368877805028,1.8927798999483412,55.07
-0.7422565476978186,0.8291009837690868,54.44
0.7582184286713695,-1.0993023852328083,24.28
-0.7965746582942275,1.5201387664498611,54.53
0.5844084065471155,2.0253505607869653,54.61
0.4231135709255213,1.3310629347660412,39.28
1.040780520761948,-1.704979599430558,24.24
0.1333373895008554,0.19283803175536954,40.04
0.6051800822638987,2.030984974335467,54.61
-0.774386106917972,1.376750790023519,41.98
-0.5899790127386195,1.905980325132575,54.79
-1.102527094915415,1.3949851416727896,39.15
0.23455752049709896,1.683421042569028,58.31
0.813387583511533,1.787893367157627,39.47
-1.6288990624850723,1.2683691820823346,55.09
0.1776884283924721,1.7527422236487717,54.55
0.6504463788046613,1.5134916547835975,39.52
-0.45620044610216487,1.0284998449388434,39.34
0.150273738281106,0.19373713478542745,39.56
0.07717578540943011,-1.5604069382548382,32.01
0.739532560895455,-1.1854300073718131,24.31
1.429849878677257,-0.4637905712569937,25.83
-0.4426944212860643,0.8672761308383191,39.04
-0.5899790128253445,1.90598032509419,55.14
0.27703763246990887,-1.6552776705832914,31.94
-1.6288990625870892,1.2683691819115168,55.13
1.0162779640312474,-1.2625794512526882,31.88
0.03516855907249095,0.12582638127515192,39.65
-0.32058700831659775,-0.12845657609611172,42.08
1.050214188100622,-1.2029145379545167,16.3
-0.304680035807846,-2.054987917266917,23.95
0.8123800527558297,1.4425066575125671,54.96
-0.27900697504887595,1.3240848015653661,39.27
1.0933517958350194,0.6491177411954784,39.45
0.9746312657695897,1.243779306544624,54.86
0.9299926985883779,1.6315424193979586,39.48
0.44523945958135874,-0.7078205147106046,31.78
0.793783144362434,-1.1022973151505484,25.86
-0.24643389046094694,1.1871542060181337,39.35
0.906357958445439,1.747710236792556,39.43
0.42311356777340187,1.3310629352396253,39.51
-0.39169934779477655,1.7318469891136836,40.5
0.5006006201199643,1.2194614768020111,39.31
0.9746312657637983,1.2437793065461489,55.26
0.8123799055701525,1.4425067629973751,58.94
-0.8139803363814513,1.2707655755558747,41.97
-0.9508835296527721,1.626016232701521,40.3
-0.20555543969274992,0.9741503435739328,54.93
-0.3728704470615227,1.7209116703221679,40.13
-0.28618936616188095,1.2835275843324354,55.16
-0.2861893664610409,1.2835275843036291,54.69
1.026732308080677,1.5246566246182223,39.41
-0.2055554605124511,0.9741503316182216,54.84
1.8554151669493841,-1.2673244283109308,23.89
-0.24968320395925966,0.7337718015414235,55.17
1.2912739010306413,1.58147116635835,40.46
1.5862257991361812,-0.7618970345905527,23.98
-0.5799098977807924,0.6446700208806254,54.27
-1.0870532844407403,-0.311217864828684,39.95
-0.5799099026315461,0.6446700184322671,58.49
0.5534705193169096,-0.5404391106453138,31.73
-1.7126251624322009,-0.5038959988744065,39.82
1.2602935943328781,1.678683306714485,40.3
0.6504460997780942,1.5134917728410318,39.78
0.6696522374565588,1.085776987151797,54.66
0.6696522374566376,1.0857769871518061,54.71
-2.039914731229354,-0.2077496113173369,40.44
0.15169757653609067,-1.6070508708485411,17.46
-0.9976010391603606,1.1299318699736738,54.75
0.3263520381545459,-1.7795507182269203,16.3
0.787807358995319,1.3826055988357147,39.81
1.2088775904465021,1.4312673936300686,54.74
-0.4617593570704895,0.5922555029466395,39.12
-0.06124105623925086,0.2387541475661596,39.75
-0.9940873846717819,1.3608233077118985,39.14
1.3851326507409187,1.5080016049267282,42.82
2.037412479102267,-0.8022014055826802,24.09
-0.5269277589803562,0.9364894953828519,54.49
-1.3745611853607342,-0.4283876969355278,39.41
2.037410712392071,-0.8022053077038745,24.04
-0.8139812448521946,1.2707652458794074,41.99
-0.5269254236115067,0.936492126867623,54.46
0.5570206385502874,1.2827594074076685,54.85
-1.250788907178179,1.6946810565075976,54.53
-1.0378059136439226,1.3712167728799012,39.21
-0.6069097414420457,1.769061894865736,39.77
-0.48530944661928993,1.8427451399297436,39.66
0.5955206749266486,2.0495656705049967,54.77
0.4944600867346794,0.9658629200484686,39.54
0.7630092442293999,1.5679653479180893,54.6
-0.04730344174294203,0.2508598232041771,39.37
1.809888443659387,-1.306954425340627,23.91
-1.3547166766358492,-1.4719896511259827,31.78
1.7439405864346615,-0.5233377799511778,25.51
-1.0949955172161292,1.2770937396283046,39.15
0.7913564220418661,1.7412481554364645,39.34
-0.8909197999180876,1.2041421058897959,41.96
0.7630092511821723,1.5679653433479586,54.84
0.8089057030031603,1.7555448289300581,39.22
1.923507851457817,0.06000828558137959,31.63
-0.4673235847448175,1.473452409811125,55.26
1.004398577091521,1.8189279536100431,39.85
1.9612478228651429,0.05512346434579276,31.71
1.0267324208340158,1.524656564313339,39.28
1.2217699584858939,-0.06758137680403829,33.8
-0.4673243827555067,1.4734521647650047,55.15
0.7710574795244741,-2.1000024175717695,24.15
-0.4673243717529106,1.4734521681435535,55.42
0.20904351304027435,-1.8384373249706252,31.8
0.22760936816080382,-1.873979149275803,31.69
1.8554307312340612,-1.2673071298221226,23.97
1.076450000416655,-1.3509743864023,16.34
-0.3553300557919626,0.20839056411870546,42.08
1.019664072172778,1.6460982471622785,39.49
0.2830572188512507,-1.9089856378758738,16.29
0.07744515471711713,0.09718001682225308,39.74
-1.4726892841497952,0.17161894480709955,54.61
0.10214498524872216,-1.4618921549337158,33.96
1.121105701989743,0.8652450431415596,39.82
1.8523325112271611,-1.2812396304005482,23.87
-0.9932419532251952,1.4345679193738166,39.25
-0.8908683935846158,1.2042164122602508,39.36
1.029350904986701,1.819932186338756,39.62
-1.0513711386768863,1.4496216697308564,39.31
-0.48100477449952106,0.13078253593870118,39.05
-0.506880053894206,0.23661647928452992,39.38
-0.46512664325921566,1.4074477144874702,54.85
-0.3553300525412585,0.20839056563047492,39.4
1.132403045893042,1.4569513896624877,42.03
-0.5244752947001045,0.19987999029531225,39.46
-0.5041617029086619,0.12988114629511993,39.11
-0.4651235534896483,1.407448117643037,55.21
-0.9932362067368024,1.4345679717698472,41.92
1.6741802092412905,-1.1351791676316132,24.16
-1.664108504370647,0.6520345455712433,55.04
1.6741801722104726,-1.135179210540846,23.94
-0.26557150569140237,-2.0608242570218893,24.0
-1.0482109337330336,1.4500467112619355,39.35
0.7287312943956713,-1.5274214666994235,23.9
-0.8576518853857756,-1.0373159577659752,31.84
-0.08460413787078644,-1.3693974164160403,31.54
-1.570992282622992,0.8777670856637665,54.77
-0.08339197974453148,-1.430431416522133,31.76
0.8673168687666621,-2.075430087624254,24.09
-0.5100962430578662,1.8003361753985492,42.62
1.1324025907641588,1.4569515654391836,39.38
1.9171648311444016,-0.9388234276484502,24.01
-0.05061751318818189,-1.5313385446196381,33.9
1.7771893475434495,-0.45791168504260393,24.03
-0.9399030834981918,1.6490262613844748,39.45
-0.462116593436343,1.8780556810269824,39.92
-0.5189986441182858,1.8675408597418177,39.63
0.7454696252246723,1.78846970377514,39.66
0.7653118112673334,1.8015733147818107,39.28
0.9400005664311297,1.8659373996453936,39.94
0.9647838127038942,1.8674235998206115,39.65
-1.216443130972234,0.35353190046668564,39.61
-0.873090221107122,-1.0526458626917738,31.55
0.07788617295576955,-1.2798004476316824,31.91
-1.6641084763218954,0.6520345740324104,55.28
-1.2525017957771034,0.2681096141507776,55.01
-0.5801070813393541,1.141026918787802,41.92
-2.0190206021309245,0.002099243363829165,39.44
-0.379081522740391,1.3233934492914041,39.39
1.9171538037750178,-0.9388436615808476,25.81
-0.17947299125021576,-2.256330351601271,23.99
-2.0656460358438835,0.11599831583341882,40.47
1.8523322905630446,-1.281239895564423,23.89
0.5357533586569665,-1.0550525105754736,16.34
-1.0408931940046773,1.0786208648648368,54.67
-0.1162400114752662,-1.412673138718342,31.79
-1.6641085057611678,0.6520345441602761,54.89
-0.05584751463619874,-2.172385126380566,24.08
-0.3810926505947354,1.4275023580159398,39.9
-1.6972750951208424,0.5422026937472859,54.96
1.9571633462915785,-1.2347500688973703,24.18
-1.697275095132378,0.5422026937155732,58.81
-0.04416942247825948,-1.5344926955562879,31.93
1.2769709164303673,1.39194523667376,54.94
-0.8227245009040741,1.2046890333824944,42.23
0.0849287162840995,-0.9071043435860991,31.64
-0.8856135739152257,1.0817967816596397,39.18
-0.9025066660084832,1.1057342717829266,39.24
-0.726484081714726,1.9351178075483588,54.78
-0.1406301379307067,0.12247579419344859,39.46
-2.123040781185417,0.052594621543901515,40.28
-0.14063013789145484,0.12247579422460757,39.33
-2.074175236858683,0.000531203193562376,40.15
-0.6645926552764349,-1.7365669733597175,24.25
-0.7264839738015546,1.935117840865701,55.05
1.39009192213821,-0.003295222448290094,31.57
-1.9898218844325897,0.46144022234673227,40.59
-1.6681635947117415,1.302804987864534,58.84
-2.095518217478361,0.3528926765849165,40.3
-0.8139879064056621,1.2707628284838797,39.43
-1.0543675756607627,1.4154878951539254,39.37
0.688705138300778,0.5419694363054959,39.59
-0.4622234323289739,1.893856701575231,40.16
-1.6681635947097146,1.3028049878673438,54.97
1.0870261017219984,1.8007438255745227,55.66
1.0118472158545786,1.4644386289890388,41.85
1.114982624164783,1.8004914807976606,55.07
1.0544438243575451,0.7119117532013969,39.26
-0.7179651764201355,-1.7422526469584525,24.03
-0.8908990622670236,1.2041721113135253,39.14
1.0837822574425129,0.7265914831034561,39.46
1.1211057020364406,0.8652450431376955,39.48
-0.2629911763002991,-1.9542355698271867,23.98
0.38854483986918564,1.374626767516882,39.37
-1.13894981879749,1.3971398436950861,55.09
-1.989589691638383,0.32674569868921,54.91
1.9489693275074471,0.41092302199125086,31.48
-2.0633938991013014,0.44150972917830617,40.3
-0.521991992894521,-1.2871767694030831,23.92
-1.9702960179620077,0.34291888607819837,42.47
1.0358204216519418,1.4689115310973768,41.8
-0.6068495657377858,1.7690764959998215,39.98
1.1227741042547783,1.4055935003396962,39.19
0.33969122077680425,1.4596975168045396,39.41
-0.4028399494127331,1.724439033480673,39.74
0.6887051383007782,0.5419694363054953,39.54
-0.769109463576841,-1.7492822915298385,24.17
1.6009054814407857,-0.6992524117326464,24.1
0.6647022285837003,1.558479371805675,39.71
0.5712314923372452,1.63114974970247,39.71
-0.33620926709457394,-1.9339009557447076,24.05
0.76908111131128,-2.128983513301681,24.12
-1.1778763808985457,1.444366953352833,54.7
1.0946447942117432,1.8292691535896817,55.82
-0.5789192510240896,1.938736149095161,54.97
-0.4444871070776393,0.7511146047947364,41.87
-0.6230017666495489,-1.244632921933054,25.6
1.6378760280609255,-0.6771279253721261,24.13
1.0868942123515821,1.4030655495866375,39.31
0.5389154745693338,1.1281483565510018,39.48
-0.8276500839194737,1.6902969239085912,39.99
-0.5801070908181344,1.1410269156803756,39.27
0.538915476280216,1.1281483563443133,39.07
-0.37908114156379685,1.323393696743292,39.37
-0.43957520768068475,-1.960968989241885,24.0
1.9052824542747606,0.1045353489294469,31.58
-0.2664625726253679,1.2160671560995588,39.46
1.935970602203163,0.09033101599259374,31.67
0.5900556828026248,-1.208585761493538,25.61
0.8075530462449838,-1.8785343925421987,24.19
-0.37908104506689017,1.323393759425234,39.52
-1.0216559135079022,-0.08692980680980379,42.08
-1.324385634656544,0.4024093019925065,39.17
-0.2664626076237325,1.2160671384708068,39.7
1.026730933098311,1.5246573599892819,39.44
-0.5789192402646686,1.9387361528550873,54.86
1.0544438243521466,0.711911753186395,39.29
1.1324032411874154,1.4569513142364452,39.56
0.3453287535016952,1.2453216640456972,39.46
1.0837822574380305,0.726591483101172,39.41
-0.3810931132175401,1.427502154758708,42.24
0.31380042221994914,2.2618701169789515,54.94
0.388544839530343,1.374626767497992,39.57
0.5900556830042466,-1.2085857613712336,24.01
-0.3790811464924414,1.3233936935421915,39.67
-1.1624593047670575,-0.9402121060160127,31.6
0.5712314923034589,1.6311497497003442,39.79
0.6647009864784488,1.5584798395016777,42.47
0.24779056417484097,2.2804325175935216,55.64
1.6009058156333422,-0.6992518210564254,23.99
0.24779435252792373,2.280432174573645,55.85
1.63787621164521,-0.6771271758560008,24.02
0.7287312207218003,-1.5274215245741045,24.14
0.8076328827033548,-1.878498215611756,24.09
0.35805962494529364,2.2579908503240094,55.77
1.5731277727998183,-1.0596710987674303,23.87
-1.2581646654352723,-0.9294789213422701,16.49
-0.2464336286565207,1.1871543005567333,42.3
1.4081402052883774,0.30393567613680295,16.19
1.3287652246313173,-0.5862854410288829,23.9
-0.8798813416055619,-0.24065744332080946,39.94
1.6339959741418846,-1.212239665933867,23.82
1.9052824507664197,0.10453531676936205,31.53
-0.24643391253240665,1.1871541987394143,39.42
0.33969122077680786,1.4596975168045419,39.52
0.8679738640348944,-2.0750282550839865,23.95
-2.0161202735145154,0.46946321546959807,39.92
1.9359705673547964,0.09033119444030649,31.55
0.32896851360623514,1.999092900183134,55.12
1.3287652246311603,-0.5862854410296193,23.93
0.2071676256858339,-0.7887092745120845,17.36
-0.3645293930111331,1.4067441288496878,39.4
0.3765541136504985,1.4461538542885706,39.24
-1.0671134799855555,1.4822673266720015,39.34
1.7771895849787769,-0.45791125208585204,23.96
-0.8986512859123397,-1.1443568410058111,34.0
0.5441360201929502,1.0133671717940715,54.64
0.32896851354049367,1.9990929001888633,54.99
-1.9443719466916236,0.4700716899337739,42.75
-0.6803813881454938,-1.8534071641615646,24.18
-0.7421085530683484,-1.8617874969593253,24.03
0.6134080455199695,1.6202434071437417,39.63
-0.36453676075664176,1.4067399061310117,39.58
-1.0997626898797317,1.2132495052859402,39.59
-1.9437200869822482,0.5032394701244224,39.39
0.44019637521707705,2.0798639412175475,54.61
-1.0716756765098252,1.1998099692335045,39.19
1.417029671129978,0.06397344546049119,16.25
0.37655411370267594,1.4461538543207342,39.49
0.6134080452384404,1.620243407193506,39.59
-0.5869928800577912,1.0116928364893458,39.37
0.45500330234629693,2.088478897424323,54.62
0.283522122955646,2.1548054471216194,54.91
-1.1001565573480194,1.914446792350422,58.37
-2.053416709599319,0.38118347917759243,40.02
0.19423951730731692,1.7200246539183137,54.74
-1.0964638026875773,1.2758814300800456,39.45
-1.4898450116759483,0.45103865483697336,42.35
0.4387473439361473,1.0506179121040098,39.53
-1.4897859483606548,0.45110716456501343,39.78
-0.5799098941985645,0.6446700226887115,54.36
-1.42795470095312,0.5470577794213786,39.55
0.19423951729652797,1.7200246539173811,54.76
0.6696522374568676,1.0857769871518381,54.89
-0.9007078924401103,0.7956121388305651,54.86
0.6696522374440502,1.085776987150055,54.55
-1.6812915029925797,0.43785738460056733,39.42
-1.849695993507812,0.28269853664505656,39.51
-1.1390255315619202,1.8795822598453908,55.17
-1.427959058381393,0.5470522145353942,39.66
-1.0598610020794539,1.4839142493194395,42.19
-1.6812916602272414,0.43785702397193893,39.76
-1.2633983190526128,0.4880078394611025,40.18
-0.9337206571657812,0.8201418756152683,58.11
-1.8966100860818693,1.185106121751732,54.81
-1.8966126782646873,1.1851026736104833,54.87
-1.3033238591558356,0.12541635490601089,39.94
-0.2930571996758641,-0.14430282610801426,39.28
0.1280371179421147,-0.9190924847614727,31.6
-0.27514993267594295,-0.14575359881946584,39.15
0.6280389148988489,-2.119084555040765,24.04
0.6984981422509492,-2.1096611806237138,23.9
-0.3967424895858453,1.8070173866147012,40.26
0.5034936718888179,-1.6306455237865607,23.96
-0.7967481208905385,1.7755439003654268,42.83
0.5409286167301588,-1.6340657409710808,23.86
1.1742088798497834,0.9285400497118221,39.52
0.07953099417661966,-1.4967614061609924,31.79
0.1280388471207725,-0.919090890654689,31.82
-1.9951232019975822,-0.23340439950750239,39.96
0.10566572849828497,-1.5270151855880951,31.71
-1.9898013889640225,0.46149979728140444,40.49
-0.12204924087343258,0.08202763341886884,39.1
-1.869320378406657,0.24535439688255892,39.3
-2.0118954034866574,-0.24515682733448793,39.61
-0.9007066162914539,0.7956099492335663,58.36
-1.9443724556379594,0.47006508971156813,40.12
-1.5254401602868404,-0.4940197738961041,39.77
-0.12204924055855149,0.08202763353848466,39.23
-2.095517923745677,0.3528938518764567,40.38
0.7266882850910334,0.5166024708337189,39.38
-0.9337041181753868,0.8201161775796961,54.67
0.1938103593635069,-1.7891238450691387,32.15
0.7266882850910309,0.516602470833719,39.17
-0.8824904087271903,0.8706115272602123,39.34
-1.9671768540059074,0.4529348912677586,42.43
-1.5989353449452939,-0.5117696679129959,39.55
0.09225638618549929,-1.754060972513949,16.4
0.642850110089236,-1.2187533752585313,23.99
-0.05115475763663495,0.5817057492506096,39.9
1.1364744108068068,0.9178797821235909,39.39
0.6428501100072095,-1.2187533753564939,24.01
0.049943927981046514,0.36864879549749097,39.61
0.24504081167355113,-0.7887282852290339,16.13
-0.9068495474196155,0.8999072414383665,41.85
-1.327979452252676,-1.6350804106109165,31.88
0.24502687315753552,-0.7887637729446157,16.33
1.2240829498776395,0.9105595741762733,39.15
-1.3779430030367925,-1.6252008864607186,31.63
0.04994392797587722,0.36864879550243784,39.64
-0.919633170888962,-1.1676774836336012,31.97
-0.8832237289731247,0.8761000910573248,39.11
1.2171847798450537,-1.7252515585988533,24.11
-1.3448667155474852,0.34265244514896687,39.38
-0.2930572773799705,-0.14430284665909324,39.14
-0.9068559976385864,0.8998875563844596,41.77
1.1407209789830535,-2.021560495473904,24.51
-1.4279545564219416,0.5470579639799161,39.61
1.1525850596513347,-1.4555305391210407,24.24
-0.27514888153866573,-0.14575317084846798,39.09
0.049512983075104405,-0.8156212750608982,31.77
-1.4817324767369453,-1.5424626228785947,16.4
-0.17032412346615036,0.04817551104490018,41.99
1.0187864937455395,1.604397789299075,39.35
-1.5141398388563008,-1.535730752928345,16.42
-0.9758830799241902,-1.1252012467416577,16.41
1.2158629647042352,-1.9752069800698007,24.1
0.9488877437715696,1.6312213827635647,39.23
-1.3448667160944183,0.34265244547690754,39.54
0.949276546014724,-1.1910712641552685,24.23
1.283681804278138,-1.674308358498735,24.04
1.1858424550173037,-0.05592918973311884,31.58
0.9107119558285238,-1.2095077191858588,24.11
1.0410919063313908,0.5940987652229841,39.29
-0.8458219228239993,1.403075046541579,58.41
0.021662307185974457,-1.3388818440181616,31.9
0.7454696243380505,1.78846970404501,39.37
0.06271317266139693,-1.356772280438007,31.63
1.1858846936726088,-1.804123261121223,24.04
1.0656500250189784,0.606679313638603,39.26
0.02165699245077759,-1.3388805251261775,31.6
0.6315812551800513,0.46607482369924186,39.45
-0.4282411309041314,0.7016151090465624,41.74
-0.3046800173342962,-2.054987921570196,24.24
1.2881957657715977,-1.8842431016876469,24.24
-1.497427744549848,-1.5198086762523904,16.33
-1.528271903083145,-1.5133107301821362,16.27
0.7653118129839288,1.8015733143781651,39.33
0.9304540674616536,-1.102516465203086,24.15
-0.9636853722527189,-1.1011348318969127,16.45
-0.4617593589244088,0.5922555018758899,39.18
0.0626280296210673,-1.3567951677763583,31.6
0.5451790441850968,-1.577690833175182,23.99
-0.3046800427054582,-2.0549879156601656,24.0
-1.023768932070385,-0.38421886514944487,39.56
0.6088824620828562,-1.5751565635737401,24.03
0.8668096785994037,-1.7081458375384995,24.16
-1.6530812165411237,-1.434343238766231,31.8
1.245350124905565,-1.7068730749352137,23.98
-0.15760291743108426,0.2469474177978193,39.2
-0.15760291743089574,0.24694741779806,41.94
0.14343117263488228,-0.753903891515175,31.67
0.3256372972908271,1.3276404439175014,39.41
0.14343003922919756,-0.7539045897150437,31.74
-1.7328163478114627,-0.5109238389843318,42.17
-1.087053284440589,-0.3112178648278572,39.98
1.4506128300304886,0.1485243389046939,31.65
1.4506128299801717,0.14852433875366985,31.64
1.9697941145780802,0.47029068253815254,31.55
0.43874734393616843,1.0506179121040025,39.34
-0.08544135213192966,-2.325910884556385,24.31
0.4944600867343132,0.9658629200485181,39.2
-0.2652094360609874,0.380684139505723,39.27
-0.2652094360651821,0.3806841395041749,39.26
-0.5315178728061394,-1.5670936564121338,24.23
0.8525414598131252,-2.053849892647589,23.95
-0.019470966002634923,-2.1819168144645715,24.18
-0.05584760813524406,-2.172385120199176,24.03
0.7671767671785622,-1.76283839038866,25.54
0.5034936748334577,-1.6306455209276114,23.86
0.9385850893731889,-2.0302190117074206,23.94
-1.4345663908273558,0.4965798892518369,39.72
-0.9621323486516632,-1.8426317050683725,24.37
1.57312777519761,-1.0596710908870561,24.07
1.204491927164247,0.9688172943775365,42.25
1.2412951212027001,0.9568321093628591,39.47
-1.3434749653350448,-0.9795539935403759,31.86
-1.0309441000510347,-0.05743227879055849,39.91
1.5414344487402318,-0.7846456673141492,23.96
1.9022277994294534,-1.173857544868933,23.94
-0.0533269737984607,0.5172113357880096,39.72
0.705075723021723,-1.8063761382329375,23.96
0.4606037336659591,-1.1472108917972201,24.0
-0.4120059535778669,-2.33102037107204,24.16
-0.6468252416408582,-1.3549110063520453,24.31
-0.48052090290632826,-2.311773526847814,25.9
1.5516210397079528,-1.117805058026961,23.87
-0.362956814296731,-2.049922910457897,24.43
-1.3913289137949336,0.5679710207961098,39.75
1.9410862070057788,-1.1267425355693226,23.96
1.2195620533264953,-0.5045398377725757,24.03
-0.66279862572635,-1.5787069183552318,24.15
-0.053326973717549936,0.5172113357890951,39.6
-0.683154992140587,-1.5778841164579283,24.19
0.553363757799251,-0.5404848286722651,33.91
-0.12546428816705454,-2.201266216766512,24.05
1.3297794817419977,-1.8729460137637783,24.44
1.9611007863304377,0.6015369286045613,31.64
-0.8694116920544874,-1.8826136016868344,24.12
-0.08580640318163661,-0.7589078383989772,31.65
0.8668095745655379,-1.708145889281865,25.55
2.2158344028353407,-0.7181740233879899,24.41
0.5414949656627593,-1.6338891037126104,24.23
1.9936244311389548,0.5258713797431556,31.51
-0.8931854533267406,-1.886100388614955,24.05
-0.5822328710080413,-1.5001812347332184,24.23
1.5603954049320679,-0.784653891217284,23.93
-0.08580970736308895,-0.7589090590598613,31.8
1.0196644310277967,1.6460981018112981,39.55
1.1706322461717518,1.6992925235278689,40.51
0.5451789978548173,-1.5776908568421486,24.01
0.7878073895546156,1.3826055845749579,42.13
0.6088830659447905,-1.5751559103796053,23.92
0.7231067421936126,1.42365080935635,39.6
0.7671773520555993,-1.7628380193525344,25.56
-0.35106267232227606,-2.05619631260117,24.12
0.5528825739182606,-0.5406891299480683,31.91
0.529634644355738,-1.086997831417009,24.09
0.6646999571896596,1.5584802270514995,39.53
0.15892347524242556,-1.556810387277091,16.27
1.1621824322453185,1.6647313537284656,39.82
-0.05402266028277405,0.581294225330083,40.17
0.7789274031097311,1.8254913430000872,39.56
-0.04143976135560612,0.5884919473006693,39.52
1.2079106674506728,1.6477351224792445,39.48
-0.4655461492739994,0.3136052909546023,39.39
0.17624102083884544,-1.570654135103994,17.4
0.4892018929550306,-1.6949401123554944,24.0
1.0043981291048951,1.818928205972353,39.96
-1.7086533894486806,-1.3809826743626124,16.36
0.13343302330531037,-0.7046009062306107,16.23
1.1976779148725551,-0.017959905881708708,16.34
1.0293505887345418,1.8199323537279042,42.52
1.1301517058496995,1.765703016882687,39.57
0.21238526418640766,-1.451201741606257,16.24
1.6208711381911622,-0.9900003320350067,25.62
1.0926105480808557,1.7712000987762548,39.76
-0.517823569987281,0.6264155540405948,54.73
-0.8458218288443939,1.4030750946041266,54.44
-0.38591954137050494,1.7623612874806045,39.49
-0.9396199062440026,1.6491659324620969,39.47
1.2373461992891648,-0.44054397335127476,24.09
-0.4871834862226361,0.3117729702245176,39.12
-0.48530944275305826,1.8427451422024332,39.79
0.16738284761914524,-0.7085698073738178,16.29
-0.7913349012280066,1.3074483871811016,39.39
1.6208711382343515,-0.9900003319763011,23.92
0.6207361753629863,0.5401357322777656,39.52
-0.642029881760996,0.8266589384570396,41.86
0.5133018564895495,-1.7207544995108506,23.84
-0.6133568377834694,0.8728363565931357,39.25
0.5283864117932084,-1.6977309104549045,24.0
0.5733431382792835,-1.70239035263231,24.0
-0.7893076620449218,1.3277151661873712,41.97
1.2302468331941483,0.043435448156253144,31.62
0.909085786987107,1.590551853672022,39.42
0.5441360200055185,1.0133671717599617,54.56
1.096096127414217,1.481430550848254,54.75
0.5990599535566848,-2.1653251408634424,24.04
0.6259787693316222,-2.172671656617516,23.9
0.234557520357359,1.6834210425395653,54.53
1.1282848261780987,1.492234914744222,54.5
0.853212486167908,-1.7609857219136762,23.92
0.19343058155334028,-1.7887093809056611,31.88
-0.5334815773432435,0.5378404798884274,54.63
0.5827232301652364,0.9497758898107606,54.89
0.5168921872511081,1.0795241964617093,54.65
-0.17395698736609833,0.159829675841725,42.0
1.1132253100346965,-1.1331538031080024,31.95
0.5168921880626662,1.079524196335389,54.8
0.9541497540868483,1.5779602989739148,39.21
2.001294174813688,0.33053641616726637,16.25
0.768231989816377,-2.1292389396216476,25.61
0.9126467963597475,-2.083013152302099,23.97
0.8237169278354871,-1.9149748507689968,23.98
-0.11170349049009774,-1.2611460437517648,31.84
-0.09108556071436756,-1.2876125544266213,31.71
0.6207361753629869,0.5401357322777655,39.4
-0.050395835377142095,0.43559352020373593,39.58
-0.9941176653843865,1.3608055812928481,39.17
-1.0470938634400755,1.3228168735878074,39.1
-1.0378036045946009,1.3712172419560464,39.37
-1.0892570472291343,1.3419972968726273,42.04
-0.03064747557708576,0.41370494324666396,39.56
0.8050203395212147,-1.7466583832375775,23.91
2.022432218918124,0.3010398932555163,17.28
0.9090813892049701,1.5905554561493043,39.44
-0.05332697379094232,0.5172113357881111,39.77
0.7913561933970132,1.7412482642101983,39.59
-0.2652094360638678,0.38068413950465885,39.29
0.5296346442956013,-1.0869978314401028,24.05
0.855646927330942,1.7110726346403358,39.36
0.8089032837504234,1.7555459812954795,42.12
0.9541464916956336,1.5779623275238632,39.35
0.8864444027931858,1.7180644687204463,39.3
-0.2743082624529489,0.3000865528702456,39.2
-0.050395824555740217,0.43559352496006404,39.55
0.6653252947837721,-1.1452734914150666,24.01
1.585790428295539,-1.05670836853919,23.94
0.9198244684198389,-1.880622944207484,23.92
1.2781515551399283,0.0257754224219538,17.32
1.237346199289166,-0.4405439733512749,24.11
0.8237051467206699,-1.9149794046848136,24.15
0.42227709712003625,1.1238033958211422,39.46
1.1055247669593506,0.7721254792612654,39.63
-0.15824271622817782,0.022140581251008658,39.25
-0.2652094360620076,0.3806841395053468,39.49
-0.43827366927021016,0.9137135735931047,39.11
-0.030647464109565495,0.4137049498587591,42.19
0.4487532139617145,1.2460474786576383,42.1
0.6592499155080063,0.44833167236542454,39.15
0.4950631957188912,-1.150983162075337,23.94
0.6653258590141962,-1.1452732616077423,24.01
0.0567443891477768,-1.656872369076421,16.24
0.06399818358813227,-1.6864078898198362,16.17
1.964758163562643,0.2799231759920432,16.37
1.9228750444515594,0.22232287573362366,16.28
1.9481994802633007,0.21338070859557037,16.33
-0.05332697380048427,0.5172113357879825,39.67
1.922871097161947,0.22227960258561574,16.31
1.2356627904968667,-0.5201226285223036,23.98
-0.05885802501933365,-0.8524625463409652,16.23
0.9177694706289732,-1.8815671962507383,23.98
0.041936940800983105,-0.6146231202714972,16.36
-0.08581009459775596,-0.7589092021042465,31.82
0.3832509164692906,-0.8434112571860376,32.27
0.564491136803588,-0.7445015212415765,31.67
2.099842390933586,0.2286547498606009,31.96
-0.26520943606449643,0.3806841395044268,39.23
1.9481993870849135,0.2133846306315467,16.2
2.1154429033492024,0.2152959602947309,31.87
-0.2652094360652093,0.38068413950416435,39.45
0.5528976314041326,-0.5406828316795609,31.8
-0.08580856030836136,-0.7589086353131389,33.84
0.500600616642556,1.219461477517215,39.21
1.569879796989164,0.02598376308825338,33.68
1.6766709470532266,-0.6292826374086582,24.01
-0.08580232080854092,-0.7589063301210035,31.58
1.569880256980991,0.025984061715358206,31.68
1.6766711108691692,-0.6292823430774958,24.07
-0.6396537273787788,0.9550330580863381,39.37
1.5861947214144492,0.09539135217414015,31.75
0.0968143840121792,-0.6861241320915739,31.58
0.38854485753191403,1.374626768501533,39.77
0.07449158461597018,-0.8235065001781948,32.0
0.30512248861244096,-1.6486753572096209,31.83
-0.1129539844632791,-0.8941143176587838,31.7
1.2302468332547312,0.04343544822073893,31.82
1.2217699584856152,-0.06758137680414691,31.32
0.17307571308023728,-0.6177882615331914,17.42
0.16738285862109908,-0.70856979939304,17.24
2.1015984118290203,0.3255709571322765,16.4
-1.3279444091352386,-0.4167970228297478,39.34
1.2531613149624814,0.08635070400452836,16.24
2.120389003910754,0.3055914796487928,16.23
1.229782569998933,-0.02942963540820269,16.25
1.5851844827816566,0.16126861219803754,16.38
1.4291401960299897,1.0029676894419706,42.41
0.7231066850596042,1.423650846490755,42.72
-1.374561188068979,-0.4283876977059281,39.61
0.7878073822151601,1.382605587999976,39.44
-0.4420587272258987,0.6722742514650166,38.96
0.4732745524347983,1.0299437527029176,39.06
-0.05904777123375821,-0.9898139792197588,31.62
0.6646996745610133,1.5584803334652728,39.5
1.9387036611423811,0.5363217820462486,31.8
1.4463406182495506,1.0078440127362789,39.72
-1.4377706251168239,-1.3967345438432694,16.21
-0.540319722846702,0.600636391292999,54.56
-0.4382736697673283,0.9137135734923489,39.23
0.842895605891177,0.6191048227882414,39.75
2.005150762474644,-0.4156585574710163,24.1
-1.4765662622134939,-1.3991581656318337,16.34
-1.3089277288663634,-1.4795321865801085,31.66
-0.4426947042233272,0.8672760726213199,39.45
2.0192217630022786,-0.41107067613804876,24.04
0.3833084126945361,-0.8433630882636439,31.89
1.9623922250998391,0.5225752624302575,31.71
-1.354711164863017,-1.4719952276867974,31.73
-1.533477908036555,-0.4423355509195594,39.49
-0.08580997935427567,-0.7589091595341902,31.63
0.6324479293075386,-0.6925309353822798,33.84
0.552893480989915,-0.5406845687038381,34.03
0.5865802259650128,1.0049986096151928,54.78
-0.3205980580152907,-0.1284587029057849,39.31
0.4487532137865997,1.2460474786646716,39.3
0.500600618067176,1.2194614772242123,39.63
1.4760860456412148,-0.47149280494108814,24.23
-0.6396550652757589,0.9550315045391611,39.14
2.1286293606518214,0.35613479440579243,31.88
2.005228153990751,0.17520772352221373,31.5
0.38854484521035054,1.3746267678146364,39.19
2.1410112855503836,0.35093789450762297,31.81
2.026457582697938,0.12933556034024576,31.77
-1.5854050376417996,-0.46143965549134563,39.59
-1.647565085930566,-1.2905166152418794,16.22
-0.5867158857460274,1.226415818596824,39.26
0.07717603296139293,-1.560406934873632,33.81
1.6342012465948201,0.18797274034922287,31.71
1.9697942709531748,0.47029017601638695,33.93
-1.6688057752043586,-1.2967622800780214,16.27
1.9082694685081252,-0.816720385264712,24.27
0.5391740957949313,-1.6591671731100095,24.29
-0.5867158853522371,1.2264158187459793,39.33
0.8248841817687128,0.7948512083696416,39.81
0.13590509958217006,-1.619199124287444,16.43
1.9941197618057855,0.4473696215492719,31.7
1.0933517955863905,0.6491177410436714,39.54
-1.400107533524526,-0.49954156383295484,39.44
0.6651191928289867,0.756100147514165,39.3
-1.3112690886794618,-0.4897401150175926,39.33
1.5416188641723616,-0.3266615902675061,24.4
0.8730321617797441,1.7544134931257338,55.04
1.6581735818008878,0.5128624013257863,31.98
-1.5899500375949067,-1.3431003992135637,33.68
0.34439312865715693,1.519615425203098,39.3
1.3790970779352882,0.2561041404169819,31.64
1.8418190247587791,-0.9680030865619795,23.94
0.9019739940017987,1.7657409795339989,58.68
1.9215740284472524,-1.2154467349840965,23.92
1.8947657531217643,-0.8332048485681843,24.28
-1.2734872159193944,-1.5741925726884105,31.73
2.1122674460908444,0.47665509909926296,16.38
1.9775438522693811,-1.1431265553814365,23.92
0.04431149421094484,2.175692840605285,54.77
-1.6140013007459901,-1.344885928955865,31.55
1.6933068573694985,-1.2028476104191332,23.93
1.6933067966080542,-1.2028476893427476,24.29
-0.9867563510287054,-0.3686050146898109,39.5
-0.9867563510287052,-0.3686050146898112,39.11
2.1334483689889967,0.4368533430990799,17.47
1.9361448878621983,-1.185787609942983,24.07
1.569880250205074,0.02598405731543375,31.49
1.5698788098343075,0.025983122833299323,31.6
-1.354034919448418,-0.5041969121941144,39.35
1.985656953446509,-1.1191709675162491,23.84
-0.08659367071011123,-1.3653566293717772,31.77
-0.08401668815328887,-1.4277882141054627,31.59
-0.0085314362211032,-1.5717990189333801,31.92
1.433608941903532,-0.5359881561327864,25.59
1.4336089386750797,-0.5359881699451214,23.81
-0.0006427669003657384,-1.6122338861326095,31.81
0.0611721105916491,2.1895555390682224,58.44
0.6284910623230093,0.5008847564272713,39.56
1.399978069643935,-0.5189643906607927,23.91
0.6651191928289925,0.756100147514165,39.29
1.6394400532404794,0.26909388674408713,16.37
-0.045964861354197056,-1.4787054746749881,31.81
1.3999780699406048,-0.5189643891438706,23.92
0.7255586984611431,0.44738762135348736,39.17
1.3569306355170512,-0.48926209402663845,23.98
-0.04656617534517496,-1.528956768744787,31.57
1.596822795044642,-1.110110407397952,23.91
0.7255586984611428,0.4473876213534869,41.86
1.3569306355321853,-0.48926209391887077,23.99
1.6720368023143268,-1.1585231025659817,23.88
1.7826640160170653,-1.0577727119394777,24.28
1.6695473648215795,0.5548430300424377,16.33
0.7255586984611436,0.44738762135348764,39.49
1.2664050105741984,-0.024112582566363575,31.66
0.6739549869874839,1.4057390399710157,40.07
0.7255586984611426,0.44738762135348714,39.15
1.674180164903523,-1.1351792190077121,23.93
-0.9867563510287051,-0.36860501468981133,39.51
-1.0022420082585095,-1.2755707450576834,31.55
0.618433896948128,0.584653986148232,39.17
-0.04287726210446343,-0.6800825304395047,31.65
1.6720368013285887,-1.1585231036038894,23.83
-0.9867563510287071,-0.36860501468981133,39.64
0.6653259206711776,-1.1452732364952412,23.99
-1.0022420082584873,-1.2755707450576608,31.89
0.5603155904826399,1.0772676563349608,58.47
1.5904262644563105,0.42678365324838163,31.53
1.2800236783773462,-0.453552046677491,25.54
0.9179382484684361,-1.8814901146065899,23.9
-1.072085089632476,-1.2577726787085255,16.46
0.9204416671465148,-1.8803368494490664,23.99
0.7742235429562075,-2.151044529575471,23.9
-1.5195887491176499,-1.4014167230571188,16.27
1.6741802155653414,-1.135179160303641,23.99
0.8347385972465611,1.3329692937706787,55.23
1.2569291006538252,-0.541840596406763,24.04
1.261288602481999,-0.4433842473336751,23.93
1.7737427533670682,-0.9351340778273207,24.18
0.48920187294057627,-1.6949401410622125,24.26
-1.2854915011587336,1.7202186002813045,54.69
1.6069008171766177,-0.39578997206164424,24.1
1.496802009479602,-0.37742067326758294,24.41
0.5990599539539488,-2.165325140758131,23.89
1.606900817155186,-0.39578997210566097,24.26
-1.3036473531369634,1.7187920735016835,58.21
1.9171596215110176,-0.9388329870839368,24.01
1.9128661683631005,-0.9587652815765281,23.94
-1.4407162825478939,-0.43808419559571454,39.43
-1.102526201801528,1.3949858036991127,39.41
2.024693182126189,-0.3269551930015094,26.0
0.3696350072961897,1.8953393714088325,55.52
0.5130464054187863,-1.72082886527296,24.1
0.6259956443354817,-2.1726700220069217,24.05
1.9171541238288357,-0.9388430743612093,24.06
0.8527473101585454,-1.761264474307539,23.95
1.912866909434291,-0.9587639073062549,24.45
-1.2356201104503148,1.8133594096980827,54.77
-2.0267029291955727,0.9501925022544052,54.99
-1.9972066011234262,0.2539169845844221,39.41
-1.4180028998334253,-1.4650116586852358,31.57
1.4577133615711895,1.036099606548556,40.18
0.5283996408001443,-1.6977294407589705,24.32
0.8933301753169457,0.755014204719801,42.34
-2.026691489775462,0.9502150876097546,54.87
2.041660741841097,-0.3292419792265904,24.15
-1.6025788046075586,0.8462959271420413,54.6
2.1025977861695537,-0.9671457952071336,24.27
1.739348332639741,0.44960261822192793,16.44
1.7348614656632424,0.369163898756632,33.96
2.106832676794698,-0.979214781310946,24.08
-1.6051931678273135,0.9914378125893921,55.35
-0.6312870261467993,1.6985309512794764,55.18
-1.7583547237438983,-0.49979502605643206,40.22
0.8933301753169308,0.7550142047198048,39.6
0.5761591107695999,-1.7005763123839481,24.05
1.1647463863800112,-1.962458608497542,24.25
0.43151466541352657,1.8455049605166585,55.22
-1.9674623806886946,1.075346581717293,55.53
1.0872257977101571,-1.6739158694664598,24.11
-1.6063505292968652,0.2665556243682461,55.35
0.8428956058911627,0.6191048227882512,39.89
-0.5822328695753273,-1.5001812358077313,25.73
-0.4681449036617935,-1.4145666399715706,24.19
0.6999487702751443,-1.8483071395373594,25.52
0.8902205895998841,0.6712107519194876,39.97
-1.988772813348295,0.10021592560928398,54.72
1.185568704665781,-1.9571919006745988,24.16
-0.4642172060570308,-1.4384130349570659,24.22
-1.9922903182394005,1.0569805026713799,55.0
0.8902205895998694,0.6712107519194637,39.77
0.8224827843858608,-1.6365437063687522,24.24
0.7782105872225825,-1.1096904709481452,24.18
-1.605193245587997,0.9914377191666548,59.01
1.0806732205365268,-1.5207700866824203,23.95
-2.022944857888739,0.7905106875396458,58.64
0.46805282607323906,-1.7412379991837006,24.12
-2.018244455642968,0.07065579837302567,54.59
-0.03875220268487726,-2.3193811140907163,24.27
-1.6370007379529137,0.3232734207666403,54.56
-1.943542058332772,0.39319042803365845,55.23
-1.6025788046100296,0.8462959271400333,54.52
-1.5941696999041386,1.0400695211883815,54.76
0.48063663041748556,-1.7655322429879698,24.07
0.49469310354699825,-1.0948807155027398,23.95
-1.5949314452788521,1.2232883321740968,55.12
0.778210587478743,-1.1096904700030064,24.19
0.8556459702434919,1.7110731347166888,39.43
0.9228604937411358,0.6433479811571032,39.42
0.8864220438005338,1.7180720170958976,39.49
0.7501480845919981,-1.825084480326817,23.87
1.712605135947227,-0.9317225392092605,24.02
0.9228604937411367,0.6433479811571031,39.78
1.496802009478292,-0.37742067326978834,24.06
1.5773100220029896,-0.4834562441017516,25.71
0.37325161306319815,1.217305249719484,39.2
1.5476035699977364,-0.5072680097734438,24.04
1.807750495659132,-0.5130392483839289,25.44
-0.03610026689598288,-2.329401718033072,24.05
1.577310017835833,-0.48345625673150067,23.98
-1.9895771710861194,0.32679695047915186,54.62
1.8358307344755762,-0.4958492633468536,23.91
-1.1389498094485246,1.3971398565456734,54.54
0.7913559692921158,1.7412483708240558,39.29
-1.172553025372054,1.4104271116306093,54.77
-0.760952068725216,-1.8658336178165067,23.95
-0.06841894420494452,-2.338110228872819,24.67
-0.08163972250262408,0.3256868483422735,39.84
0.8089058103710198,1.7555447777844435,39.38
0.34532875350169706,1.2453216640456937,42.15
0.8140712346044969,0.7294899660785038,39.75
-0.9810580918643265,-0.15425759962920066,42.14
-1.095723722642701,-1.0879136655659867,31.59
-0.8096825569873709,-1.871444300343644,24.48
1.5476034481474288,-0.5072684511321223,24.47
1.6234740021694434,0.38758836672150854,31.87
-1.2006230860983986,-1.0527794575046028,16.27
1.8108675521342503,-1.3611165653506136,23.96
0.42275883053480945,-0.5487342954780673,16.54
1.6404883018253742,0.4543854397994542,16.36
1.3631243705930631,0.9989846109244408,39.99
-0.09897056805936515,-2.0649251722391653,24.28
-0.041666071861395614,0.48061099027728943,39.77
-0.7913248338034747,1.307451205051323,39.2
-0.7642938716239663,1.3362932369136142,39.34
0.25044432064626254,-0.6398559465474232,16.33
1.801077947014402,-0.4880947635386371,23.92
1.3859590316743586,1.0050542595524483,39.59
0.25517193775019464,-1.8623481417145746,16.3
-0.10955458062809303,0.46751999153600926,42.34
-0.46421720594511834,-1.4384130351176592,24.34
-1.4413588223830605,-0.011082680257249173,59.02
1.8339823325362583,-1.3483986728079318,23.96
2.0549225536544364,0.5017936408924507,31.92
0.2720783815952586,-1.8951404858547078,16.32
1.828478553578374,-0.47178647017272896,23.94
1.6433772110740437,-1.0195535512140586,24.02
-0.8989279175328928,-0.3602030828341167,39.85
-0.4214617714644513,0.8017241867111806,39.23
-0.9941567396117549,1.3607827253337292,39.38
-1.0377976157487283,1.371218458742232,39.29
-0.12579918867321382,-0.8245717961166151,16.32
-0.08163972251515637,0.3256868483388279,39.74
2.0716572262932895,0.48840674694683156,31.83
-1.1343332222274634,-0.17984090233144226,39.25
0.3501174727083577,-0.6233787978915525,31.88
-1.6112540745019581,0.3815677302938359,54.81
2.1025101706165295,-0.967296561163019,24.23
0.42271160854601764,-0.5487591287064716,16.38
1.4036948937302538,1.0626614718549567,39.78
-1.6323033734063508,0.1400671153549503,54.79
-0.8941696768793935,-0.2797512116741124,42.48
1.801074685284267,-0.48810299841549265,24.0
-0.6133568225608442,0.8728363694856274,41.81
-1.0471022635491691,1.3228134307372543,39.18
-1.0896148158847065,1.341848000210363,39.42
-0.642030342444211,0.8266584794802508,39.3
0.8140712346044962,0.729489966078502,39.94
1.4294193965662654,1.0689193163110575,39.74
1.971220640158664,-0.34015047485340827,24.31
1.40675711198587,1.3927866654433625,39.97
1.4268631842855917,1.3949649280280583,39.49
1.162203976276602,1.664715194956795,40.04
1.207913198553948,1.6477333254739293,39.93
0.7121541342920158,1.298244578950927,39.9
1.623474002192059,0.38758836681349257,31.96
-1.35927392416683,-1.0686254041773557,31.72
-0.45607013652534945,1.2539358468537423,59.12
1.004398128515459,1.8189282063043972,40.02
1.828478563320433,-0.4717864327313361,24.0
0.7088866857179809,1.4677945950180133,55.3
1.0293506795324407,1.8199323056694923,42.42
-1.4346790614408491,-1.0289185291079788,16.26
-1.4413588465470655,-0.011082694799669392,55.19
1.8109067823123206,-1.3610717573993036,23.9
2.099344317171533,-0.9807450456620249,24.13
-1.1359022742922484,1.3006441181861228,54.7
-1.1703976484122478,1.3233639059725166,54.8
-0.7181896597481433,1.79920184834033,55.35
-1.9725115678289378,0.16916384761341222,54.66
1.9865815423945927,-0.3430053896400917,24.3
0.2770853385605957,1.939492401935552,55.58
-1.7271870130009863,-0.44005739270774896,40.02
0.6272021378902347,1.440786637582062,40.27
1.0926053832757199,1.77120302975082,39.87
1.833977264968883,-1.3484050366881961,23.85
-2.0036233610262384,0.13612346400715286,54.78
-0.9056515129536076,-1.865484847851287,24.37
2.0991968769084353,-1.000123303550059,25.62
0.0002409709218927548,-0.6725391176929889,16.22
1.7271976445161,-0.6425347847297069,25.52
1.1301584710059849,1.7656999218770313,39.49
1.7565485707836463,-0.6236167000866228,23.91
-0.44535016015808854,-1.4852708673932458,24.14
0.6739535783530723,1.4057401383608912,39.79
1.1791264837585225,0.8170080914064791,39.35
-2.0146570995711164,-0.27473358612172727,55.28
2.091269547606228,-1.0084784045821664,24.04
-1.7604974125020922,-1.2765658632740569,31.81
-1.1179158230315274,-0.08875636957348738,39.49
2.03997505490688,0.5978027074830231,16.38
1.2070749140342365,0.8240523753255481,39.33
-0.35637831197685926,1.5619322076924207,42.37
-0.3599956950157509,1.5823372081265257,39.42
-1.458105378255136,-0.9922126284877003,33.85
-0.40283994903251946,1.72443903365745,39.73
-0.6232894747613289,-1.406269347474848,24.12
0.9488598574860466,1.6312411631075423,39.3
-1.51730843759443,-0.9749218221151992,16.29
-1.2610151808097827,-1.052605422817485,31.83
-1.158742311741219,-0.07445190768720443,39.68
1.01879920830073,1.604390738581292,39.32
1.1364744108469027,0.9178797821276552,39.34
-1.0426880565728793,-0.1505082205433133,40.07
-1.190784994485062,-0.1729159417554166,39.67
-0.26656681686127026,1.0672374869374865,39.96
-1.749651347994626,-0.4548067554142731,39.43
-1.6570273747450135,-0.5049401303320347,40.24
2.060029972703407,0.5786974910650865,17.38
0.8063089675102687,1.1204945284316992,39.88
0.09658370410432886,0.3900821474281115,39.92
-1.3033232986033445,0.12541696149286574,42.49
-1.6972750949641542,0.5422026941780644,55.36
1.1742088836657676,0.9285400505852669,39.34
-0.93554146009954,-1.8670255163165936,24.11
-1.6051932474879902,0.9914377168839759,55.25
0.3453287535017033,1.245321664045686,42.07
0.37325161306694493,1.2173052497166588,39.41
-1.760604595893107,-1.2972056507049967,31.7
-1.7202860665460489,0.28816631108371166,55.07
-1.5755416304409948,1.0329204427446885,55.31
0.3256372972908266,1.3276404439175007,39.73
0.36692696451395745,-1.6064222488146553,16.4
-0.46511854397661634,1.4074487706006766,54.99
1.902349457895438,-1.1736620677202596,24.16
0.6013919065931285,0.6694760784564004,39.23
1.1892567002903427,0.897549190156027,39.22
0.0499439279728703,0.3686487955053038,39.76
-0.7243163508209342,1.7586382008031225,55.26
-0.4388226387392761,1.2975231319127452,58.75
-0.385913590981451,1.7623619150796945,39.47
1.2240829498776795,0.9105595741762944,41.89
-0.46311340314414773,1.377980180490292,54.78
-1.2144785681138541,-0.20807129493040696,39.6
1.473742272584197,0.03972877563299713,16.37
-1.5549557763638095,0.733450007930418,40.29
-1.7169417558574145,0.48971154965243485,54.87
-0.9637255175978553,1.4960813596914757,54.41
-1.158742312485312,-0.074451908382012,39.74
-0.6068500883966169,1.7690763692398954,39.72
-1.1608715297779666,-0.21695202675692662,39.23
-1.7184027852647827,0.9730928561037251,55.4
-1.1179158230315027,-0.08875636957346154,39.18
-1.555015346687649,-0.29210381422634624,39.32
-1.5549557754467496,0.7334500086393589,39.8
-0.39891308336969405,-2.04387735935435,25.82
-1.6006262886508544,-0.3113014038875446,39.38
-2.0847501125083046,0.2861605585156205,55.39
-1.4035495103477462,0.6574061890969228,40.02
-1.7075875061842485,0.8199218828872528,54.99
-0.3911924833048747,1.1992259396474376,42.37
1.7126051162749423,-0.9317225639378554,23.94
-0.583772823580539,1.7952012568329165,39.68
1.6550740784698874,-1.0149268655385126,23.92
-2.1080405115736314,0.23292000487419667,55.11
-0.3866494670153792,1.4879774364466194,39.74
-1.0629766079778276,1.596239728926808,55.01
0.6272021353111069,1.440786639061305,42.48
1.2865282181412188,-0.38719471046269316,23.93
-1.1040027486676365,1.591968804303714,55.04
-1.4560826865133603,0.6044806358916844,55.35
-1.6058112645253817,1.1621968126469837,55.39
-0.38664945830046615,1.4879774368106249,39.86
-1.5123311078224617,-1.1128981171935348,31.92
1.8077504877297152,-0.5130392659227613,23.8
-1.0426880565215484,-0.150508220494208,40.28
-1.2610151535704321,-1.0526054528414484,31.86
-0.6232894746673434,-1.4062693476130714,25.79
0.556963535255923,1.6736341004568693,39.81
-0.3769023476061532,1.168561671584822,39.6
0.8419903395004537,-1.2545865759755155,24.17
1.8358020331075304,-0.4959178799492617,23.98
2.084110293333478,-0.9185428967301814,25.61
0.6208113661843678,-1.792368631001019,24.16
2.099140502138644,-0.9056717008249279,23.93
-0.740349481979266,2.064784494130059,55.19
1.4445013942155105,1.0953068333044633,40.55
-1.7747441234157932,-0.44612627171498875,40.51
-0.7532794980186304,2.0709855133078414,58.86
-0.39119248138384616,1.1992259395881497,39.77
0.9738004219708408,-1.5839226567162115,24.0
0.873032407513372,1.7544133616625441,54.98
0.9019769424286604,1.7657398938820283,54.93
0.3852070169723172,1.2867926579638702,54.74
-1.936732419152165,1.1239264100879058,55.27
1.2068864781110387,1.4834500121052485,54.55
1.5314278097869825,0.13922436499482507,34.04
0.556963535290085,1.673634100463,39.82
-0.04630688852038163,0.5345105357023652,40.3
2.074702265443445,-0.7263991702162311,24.3
-0.8275833699329835,1.6903363246475842,39.69
1.251336403368936,1.4701355733846222,54.51
1.5488138734718941,-0.02047298923127885,31.71
2.17456361318562,-0.7951366372478981,24.16
-0.463328888621553,1.8497300846458105,39.65
-0.3769022516407081,1.168561645866678,40.18
1.5410164436495761,0.1954516682996036,17.55
1.5591815971852507,0.03956344896340088,16.35
2.0588533740699178,0.6931563401657037,32.17
-1.956505101807829,1.1105488483785746,58.74
0.44875321369909027,1.2460474786681648,39.62
1.121386577927013,-1.7056780899269872,24.23
2.2021063400686423,-0.8073376856288172,24.46
1.9599671839045214,-0.9531729214209789,24.06
0.04431139881508889,2.17569283445267,54.66
-0.6157368835722518,1.8927799019087577,54.78
0.7492492466016445,-1.2112997323556705,24.26
0.44875321407154894,1.2460474786532227,42.08
0.06117069710755991,2.189555486747048,54.87
0.5006006204335105,1.2194614767375243,39.38
-1.81736734018831,-1.2321818666195732,32.0
0.0922121017189548,1.8269372263277361,54.74
1.9599663353635732,-0.9531746948682126,24.0
0.5006006152737532,1.2194614777987403,39.42
-1.6469629672830297,1.2102259837709937,55.11
0.6770976105607552,2.112838493628084,55.13
1.1202709209877864,-1.1044092801815808,32.34
1.6720368223546938,-1.1585230814649696,24.06
0.1135652000548836,2.183247275371729,54.72
0.2521472740428659,-1.9091422338738333,16.43
0.7492492450178124,-1.211299734547903,25.83
0.12892400939368873,2.1956015448289143,54.64
2.209391314679424,-0.7755714684284486,24.28
0.06425152166406216,0.26061686867779754,39.61
1.7348614665185822,0.36916388650269055,31.68
-1.059056375034131,1.838941586530842,58.52
0.06425152297888875,0.2606168704770278,39.74
-1.071778392738836,1.8491528437786622,54.42
0.11567575100461956,1.8168875741986357,54.56
0.7011062531745771,0.5974922915899156,39.28
1.3922869101266984,-0.6398201562904825,24.08
1.4760860384354235,-0.4714928253457149,24.23
1.3922869101273068,-0.6398201562891516,23.8
-1.1366863814648114,1.765311460371923,58.26
1.739348334350219,0.44960260640357835,16.42
1.6342016172755138,0.18797021149148738,31.87
1.2664050105104416,-0.0241125827808028,31.6
0.3885448244032669,1.374626766654697,39.3
1.794635065547199,0.4873658682195154,31.88
0.5809513465362545,-0.7724659899932185,31.77
1.7826641169091058,-1.0577725529487505,24.11
1.7946351742553999,0.48736502905873313,31.7
0.42182972328030477,-0.5060111061155218,31.88
0.8428767553288966,-1.030515955725419,24.33
0.3396912207768127,1.4596975168045465,39.33
0.33718020783974356,2.1197564101724877,54.79
0.6877034414874329,-0.6817947015128231,16.37
-0.5075194417995668,1.6264006202476329,55.39
0.3885448138283256,1.3746267660651723,41.92
1.1534811763954476,-1.6853181167446158,24.09
0.9379250580183346,0.8231807723946967,39.4
-0.08987318860245791,0.41175613929964056,39.78
0.9379250580183354,0.8231807723946977,40.2
1.7950089400609182,0.5635399819632682,16.28
1.7950089411398822,0.5635399759857294,16.53
0.35458780094395387,2.1274215370733027,54.87
0.9007882417218246,0.8349419109216539,39.6
-1.5334779080366592,-0.44233555091959825,39.39
-0.43827369518287934,0.9137135683442347,39.49
-0.49370651802002746,1.6508832140473804,55.18
-0.4382736853389571,0.9137135703374131,41.9
0.9007882417169734,0.8349419109197167,39.77
0.33969122077680713,1.4596975168045396,39.5
-1.1342433201163766,1.7824199839950732,54.71
-1.5854050376417093,-0.461439655491321,39.35
1.7603445892880725,-1.1036432417118318,25.51
-0.44269427853712345,0.8672761602044456,39.05
1.7603455200903824,-1.103641750855393,23.87
-0.49398103231412255,1.7074993308677977,55.69
-1.5899515928177024,-1.3430981404376692,31.81
1.7732321717182824,0.5270590728435475,31.99
0.37655411364349034,1.4461538542842447,39.32
-1.059123676296763,1.8389016745169713,54.69
1.7732322377688452,0.5270587490826807,31.74
-1.0717224569642618,1.849193665769117,58.43
0.37655411390727916,1.4461538544468397,39.43
1.7787164945141347,0.5905476081419082,17.44
0.07624680493728386,0.4413960248802433,40.3
-1.6140174203546929,-1.3448622795820402,31.65
-1.2110167426270062,1.7126529633538803,54.49
1.7787164954792942,0.5905476136399036,16.3
0.3168897299595747,-1.6524084659889244,32.22
0.6651191928289795,0.7561001475141618,39.34
-0.4426947106966643,0.8672760712892137,39.11
0.6651191928289865,0.7561001475141633,42.02
1.4095944253860269,1.1003812237879818,39.99
-1.2364495373766389,1.7109030741095967,54.49
-1.0538327776884204,-0.2985560191104937,39.38
-1.0451365620711164,-1.0484620986111266,31.62
2.012461857885549,0.7566692213051801,31.73
-0.6396489151813101,0.9550386460678665,39.22
2.0033423269408277,0.8020898141009054,16.38
-0.639652919377695,0.9550339963332283,39.42
-1.524913703355807,-0.3878917655492813,39.98
1.4341399982056897,1.1068849025693894,39.58
0.4401961567042793,2.079864015464898,54.65
0.4550023363078655,2.088479245441339,58.57
0.33718118669076547,2.1197561404224765,55.02
2.0161437520301666,0.8014195158938505,16.35
-1.5622640841314672,-1.4449631311766469,32.0
-1.6287548542331363,-0.4359790261345714,39.71
-0.8458704335611092,-1.776282133090078,25.67
2.0446601701741556,-0.28168192852733104,24.29
2.0603601845288733,-0.28282463222915116,24.08
1.4308990105967347,1.0465791127909383,40.04
-0.8727519758236278,-1.787254807717866,24.01
0.35502828978231626,2.127300821961969,54.61
-1.9168380263788845,0.35097960217242263,39.26
-0.6030815419883928,-1.3331193954731473,23.97
-1.9483352664096292,0.30616858481202264,39.47
-1.586921606126093,-1.4402187488287796,34.11
-1.3243856346565654,0.40240930199246283,39.34
0.5227224998877369,2.0589093315061344,54.48
-0.6030815419886815,-1.3331193954731477,23.88
-1.1674483047740396,-1.2133899268181805,31.88
-1.937963470314182,0.2588272673711375,39.18
2.1295324212378954,0.45467929610750574,32.06
-1.9679370006229655,0.23026575913153857,39.3
-1.6801265180176623,-0.4315555873242078,40.48
-1.3511846747840606,0.36144004531479335,39.5
1.1003334589005662,-1.3653329455934022,34.27
0.5356167170502878,2.068323756474419,54.58
-1.6859708365279777,-1.4130317924275484,32.11
-1.6271195559832556,-1.4174707911416122,32.12
1.3569306355075674,-0.48926209409417515,23.84
1.4426186773402025,-0.4079038869375136,24.01
-1.5714163681415336,0.2940887162124017,41.84
-1.0032877628573054,-0.24663633232600987,39.75
-1.114364320628064,-1.3380607198852932,32.1
-0.7927434772627,1.661739427933479,54.67
1.4529803658115674,1.0547778509155508,39.48
-0.8328682271756577,1.6430596957066068,54.42
0.17643938688039074,1.8629666093385269,54.74
-0.40646008874168255,1.1210697045897986,55.09
1.4426186773434673,-0.40790388693706237,25.69
-2.041248748669134,-0.10874902439692827,55.47
1.4294193965661917,1.0689193163110597,39.51
-0.7927434853692359,1.6617394263936256,54.45
-1.5714163474097462,0.294088786832809,39.18
1.403694893730118,1.0626614718549803,39.95
-2.055211487768079,-0.13072098587483774,54.97
2.0246931820643708,-0.32695519327507006,24.26
2.0300718028440925,-0.34084941795161816,24.46
0.7826675275626668,1.3599024719979584,59.2
1.5904262575439714,0.4267836410639861,33.76
-0.6133568384715508,0.8728363560103135,39.3
-2.0788944107539225,-0.05252198193553415,55.94
-0.06401414982148906,-2.3207846789292073,24.16
-0.4224204670847648,1.154680718647135,55.39
2.041660740090894,-0.32924199894033734,24.02
-0.08528879574837525,-2.3313207500043944,24.06
-0.3520114544965301,0.23715731814283136,40.02
2.046292117424324,-0.3417715454264164,24.05
1.5904262654778636,0.42678365504907995,32.0
2.0374422347582617,0.7070183818941838,16.49
2.0605737976028737,0.6656175084424036,16.31
0.6391432658089963,-1.8031103627368827,24.43
0.34532875350170045,1.2453216640456894,39.48
0.45826281585055334,1.4448038333291116,58.45
2.036619274287958,-0.3849936576563613,24.41
2.0491439411078805,0.7127139447158977,16.31
0.45826281595056684,1.4448038333150084,54.66
0.09535999024594874,1.941836801354651,54.53
-0.8328681027945586,1.6430597221228471,54.23
0.09535999029227259,1.9418368013554226,54.81
2.1246636146949887,0.2797474030100195,32.27
-0.10303504646025044,-2.3408267572976715,24.38
0.17643938692651465,1.862966609334013,58.59
2.1035034100382637,0.35986450198320774,32.36
0.27665734905696615,-1.7707509464357025,32.21
-0.4963054254672777,-1.362570207842844,24.26
-1.6487141232730957,-1.326176703965706,31.78
0.5055448464405277,1.4150716103342653,54.79
-1.9931021306067769,0.17182169750779633,39.88
-0.3911924872509049,1.1992259397691867,39.84
0.5055448469095606,1.415071610101869,54.81
-1.3112690886737086,-0.48974011501634923,39.27
0.22045838054057557,1.8562653701373037,54.55
2.0789300746352333,0.6533543327527304,16.3
-1.222884528616608,-1.56511098466587,33.79
0.6272021369344858,1.4407866381302243,39.89
-0.2604710064341815,0.12218942719976145,39.54
-0.7927434065184605,1.661739441371823,54.76
-0.3413788154811735,1.049587453387698,39.69
-1.3540349194539858,-0.504196912194951,39.27
-0.8364438454474556,1.5921035253461444,54.52
-0.9232905148899215,-1.8876416778898042,24.56
-1.242424425909914,-1.5763916594318965,31.73
0.7512309031328784,1.3053411253088532,42.56
2.0283568263936056,0.7512416496579584,31.81
-0.8328683304924652,1.6430596737633554,54.44
-0.6489123580119813,0.7027173630525225,39.08
0.39894579690685883,1.1322061715733511,39.15
-1.461318402070067,-1.581471315958172,34.21
2.0811748622882527,0.5725609619331647,31.84
-0.2604710064341911,0.12218942719975832,39.11
-1.3873709157391938,0.18413989657732802,39.55
-1.3913289137934435,0.5679710207980432,40.02
-1.5078239200049683,0.007833994229504553,54.61
2.0971993996906417,0.5592523123635396,31.78
0.17643938692384237,1.8629666093342758,54.8
-1.3263908316363842,0.08592675385353649,54.48
0.2516321667225882,1.8193687058317354,54.56
0.5334766093178316,-1.3185987487676536,23.93
-1.2228845286424874,-1.5651109846338966,31.58
-1.511841525759542,0.2639918655927636,42.5
-0.9038297206595685,-1.7936808779583078,23.89
-1.2424244258866384,-1.5763916594582803,31.56
0.2204583805799786,1.8562653701349308,58.33
-1.3243856346565668,0.4024093019924606,39.45
-0.7927435048674556,1.6617394226899467,54.69
0.5334766092134899,-1.3185987487716468,23.94
-0.8364462797767598,1.5921028628951226,54.8
-0.5801070885244461,1.141026916432176,39.2
-1.7054819237412744,-1.2742829812771361,16.3
-0.8329919971705384,1.6430329211530286,54.47
-1.326390830792265,0.08592675462994896,54.58
0.176439386918027,1.862966609334843,54.51
-1.8243109685306442,-1.1954525732862293,16.45
2.0506732171176036,0.637369377931972,31.9
0.25163216676842326,1.819368705832051,54.53
0.22045838047441368,1.8562653701412903,54.63
-1.041778635763942,-0.3114132766801004,39.64
-1.1295728192071617,-1.3517084713681056,31.74
2.0840845296463812,-0.9185994568792532,23.95
-0.028434435864343754,0.3006331168885447,39.35
-1.5646265479997838,-1.5026666827616915,17.53
0.6646996818962985,1.5584803307034425,39.65
-0.3790811423491463,1.3233936962332153,39.32
-0.5801070911046282,1.1410269155864767,42.15
-1.7499059854267311,-1.3460076646125056,16.48
0.9379250580183423,0.8231807723947031,42.47
-1.5756816099943243,-1.4857718012895431,16.66
-0.6047767908891482,1.096886388836897,39.36
2.1026317834602186,-0.8974130339335652,23.88
-0.6047767846468036,1.0968863920381913,39.27
-0.7915671074073104,-1.8698915268102285,24.58
-1.6358916556942364,-0.4560192987448223,39.44
-1.0022420082585146,-1.2755707450576863,31.57
0.42311357154024215,1.3310629346736842,39.5
-2.039544597202268,-0.1476385856749357,55.27
-0.030647406716711175,0.4137049829514922,39.4
0.167382844619363,-0.7085698095493944,16.21
-0.9161474485521802,-1.0068620330841282,16.29
0.509412691807086,-0.7859682140894498,31.96
-2.0528244336228374,-0.15930843534403286,54.92
2.071109783529566,0.6230258685096373,31.83
0.4231135698437333,1.3310629349285712,39.53
1.8575181122199467,-0.364679395775481,25.71
-0.45620044583240876,1.0284998450163665,39.2
1.8802118369935104,-0.3606536725226711,24.04
-1.4765660024213012,-1.3991584437986297,16.29
-1.072085084707073,-1.2577726822022353,16.37
-0.6051810791666055,1.6980740625110222,55.27
-0.4562004458698187,1.028499845005624,42.14
1.7946349935025208,0.48736642438075134,31.7
-0.05039565528575518,0.4355935993571847,39.49
0.10868461862650897,0.3792434321996413,39.58
0.9007882417170282,0.8349419109197386,40.03
-1.19518493827313,1.5046259253344245,58.67
1.9217463686900649,-1.2151905442585005,23.9
0.34152468973299416,-1.5545805204351837,31.83
0.44525256402556385,-0.7078070978565056,31.81
-0.08977174662532986,0.49826582706473405,40.19
1.0476466887969422,-1.2726914460888519,31.76
1.7732322285340891,0.527058794353626,31.78
0.538915466150874,1.128148357568024,39.36
1.0760274398002239,-1.1548399699506307,31.77
-0.5532639355280132,-1.4647181753266698,24.04
1.586194721429811,0.09539135225416423,34.11
-0.46814490513245144,-1.414566638148394,24.17
-0.5532639356372163,-1.4647181752878455,23.85
0.5083683393940366,-0.737186125152565,31.83
-0.6047225539754764,-1.7657494118377828,23.83
0.5389154698527769,1.1281483571208013,39.58
-0.12728004405674256,-2.052379672334059,24.23
-0.44448541879294884,0.7511152325146798,39.44
0.9492849507665637,-1.191056352958867,24.32
0.36528545626834935,-1.6731532237842441,16.37
-0.9024916688003654,-1.2256102622378977,31.98
-0.44448545239205184,0.7511152200237169,39.34
-0.919633170868948,-1.1676774836393347,31.99
-0.29077468023245606,-1.9472333094416774,23.91
-0.7038151805955588,1.030205746486374,54.46
-0.2629911756579356,-1.9542355699880867,23.89
1.5851844837321576,0.16126860994745557,16.42
1.9775027565723982,-1.1431942244598539,25.42
-0.7038151844122372,1.0302057420302584,58.57
0.2322948488208796,-1.3901082571267407,16.24
1.0762329654206302,-1.4366875391166016,24.32
1.1021184284325154,-1.4397715335124002,24.23
0.7029424649935352,-0.5791321415900227,16.33
1.9599656425308092,-0.9531761428672707,24.33
0.5281600720207751,-0.6360749253352219,16.46
0.702936344493047,-0.5791246504606026,16.43
-0.20080025435001478,-2.0792308203760763,23.81
-0.6400004437818956,-1.7772325831963782,23.95
-0.6047225645223229,-1.765749409425316,23.94
1.6820533598687968,-0.3774817047443602,24.17
0.337312746223673,-1.725232541818283,16.42
1.4336089427822996,-0.5359881523731442,25.55
0.3462580787047257,-1.794362631442117,16.36
1.442618677344463,-0.40790388693693014,23.85
0.9304540674623942,-1.1025164652005948,24.17
-0.6400004921875408,-1.7772325812492376,23.9
0.1764393869341027,1.86296660933327,54.7
2.100646300329761,0.4402961777610204,16.57
2.117172012194106,0.3961478149037753,16.73
-0.2378437616954614,-2.255677789051821,24.26
0.9304540669393688,-1.1025164669638154,24.16
0.06425152328941344,0.2606168709019294,39.47
0.06425152315635063,0.26061687071985806,39.59
0.30878631683597785,-1.8235243439750608,16.5
1.1206511905952652,-1.2609945706876644,16.41
1.7603496507507084,-1.1036351350136178,23.91
0.17643938688734756,1.8629666093378456,54.72
1.7826641291046512,-1.0577725337303892,25.46
-0.28040273965955637,-2.26163998767207,23.84
1.3999780700550402,-0.5189643885586833,25.57
1.6933067882140864,-1.2028477002457552,23.9
-0.7927434950882369,1.6617394245475012,54.65
-0.2907746811934419,-1.9472333092608527,24.07
-1.0017245677559738,-0.298088300395544,39.37
0.082810697570254,0.217028718040534,39.69
0.08281069759230554,0.21702871807426172,39.56
-0.7927433595537993,1.6617394502934317,54.85
-1.047677208131252,-1.2120588789963058,31.58
0.6877402545643239,-0.6817661816627536,16.34
-0.9902039578253643,1.6696658699195608,54.49
0.5281599459699635,-0.6360750346269429,17.43
0.6877401802636108,-0.68176625333519,16.28
0.7362459724585321,-0.717573737566825,17.43
-0.9636854634885751,-1.101134785758101,16.39
1.1856573174007177,-1.8042855548148724,24.06
1.9599637891722619,-0.9531800162467922,24.05
1.1856459774465682,-1.804293644883845,24.07
0.7362453851763477,-0.7175683785159122,16.28
-0.9902039511440596,1.6696658735682706,55.02
0.6594760678722328,-0.613871307840265,34.01
0.5570206380319552,1.2827594076050755,54.52
-0.7379779792876855,0.9705867842743767,54.47
0.9445181326553594,-1.8135219646843257,23.95
-0.93679176179446,-1.2205612531958139,17.47
0.8737681941448311,-1.1828569847152977,24.06
-0.7379779792777398,0.970586784296176,54.6
0.05891530293673872,-0.006494824228397975,39.86
-0.9758832941553823,-1.1252010842798117,16.4
-1.272872858626365,0.420753471259486,55.38
-0.30676212066535413,-0.06923228754260873,39.29
0.8737681316948791,-1.1828571399510248,24.09
0.08565737785833849,0.001768760374378051,39.39
0.910320882144148,-1.1720225443429395,24.08
0.910320882672164,-1.1720225432014597,25.72
0.5809532181292995,-0.7724639970993598,31.78
1.782663578054083,-1.0577734021015983,23.88
1.3999780696335662,-0.5189643907136771,23.97
-0.27290257476704916,-0.06876639069466656,39.24
0.22045838047650015,1.8562653701411642,58.56
-1.2945608200153897,-1.6716603553155136,31.84
1.6933067997454345,-1.2028476852675771,23.92
-1.4856960201674778,-0.5369165245021393,39.87
-1.544921719798955,-0.54984493765631,39.62
0.20774403014109938,-1.4596982694494205,16.25
-0.6901189880278588,0.7753800391913848,58.3
0.48710644858770186,1.1653207941389727,54.71
0.5809746900385013,-0.7724411038240724,31.87
1.4426186773412966,-0.40790388693735025,23.94
0.22094538665720134,-1.477116732204532,16.2
1.3442639394021798,0.8463484667338662,39.99
0.09215829954016701,-1.409859111125566,31.78
0.133686251152868,-1.4291783997398004,31.57
1.7603445853801132,-1.1036432479712046,23.99
0.6515240067738898,-0.7698827186641806,31.74
0.22045838055482067,1.8562653701364442,54.47
1.366636980636042,0.860245365762658,39.51
2.087821610169544,0.060263535082578916,31.81
0.4316145041886884,1.1895182895793277,55.01
-0.832867993579274,1.6430597453174127,54.6
0.6515478390651227,-0.7698636020165488,32.09
1.6720368273129405,-1.158523076244312,25.58
-0.4204954022822113,1.6433527935929064,39.9
1.672036820559895,-1.1585230833547573,23.94
-0.3897145455032106,1.6373188307154438,39.66
-0.3923782506713332,1.6730492986777719,39.44
2.10151413442666,0.05011622861464462,31.77
-0.7026829272566442,0.7460007245885343,54.81
1.6394400541791674,0.26909385144831893,16.3
0.9228604937411348,0.6433479811571031,39.63
0.9445184441896621,-1.8135217579588423,25.39
-0.8329920089034212,1.6430329185602008,54.58
0.922860493741135,0.6433479811571033,39.52
0.08281069738553096,0.21702871775847385,42.18
1.1581194614781525,1.3791419744891513,54.71
-2.029904496066046,0.8158765604488396,54.6
-0.36446067686020733,1.6661671071746822,39.53
0.08281069739124233,0.21702871776716468,39.35
-0.2230729968619524,1.0628109813385862,39.57
-0.22307299503157263,1.0628109851337855,39.46
1.4336089346638583,-0.5359881871063781,23.98
1.203267543400786,1.3890780452102434,58.13
1.782664481176745,-1.0577719789161737,23.9
0.4007384946110033,-0.7007058306716218,16.47
1.9364220690383769,-1.185341146305942,23.95
-0.058853751121354714,-0.852460732140365,16.26
1.2781515224633457,0.025775371287873237,16.3
-0.17949170048636073,-2.2563279594609913,23.92
1.9857134379314332,-1.1190705017057148,24.02
-0.21337614396834118,-2.262319140624594,23.89
-1.1396464328823985,-1.018572981801466,16.27
1.8219952080460176,-1.1042929871798037,25.63
0.5844084025768174,2.0253505618116985,54.8
1.1594656125732772,-1.7726313105071467,24.16
2.209287620361526,-0.775947587378388,24.47
2.2234291024630823,-0.7549172474255352,24.21
1.5773100051482416,-0.48345629518485017,24.05
-1.2596231393201034,-1.1324441143140054,16.37
-1.837999276914205,-0.16966587909577588,39.44
0.9304540669853113,-1.1025164668089573,24.05
0.605192647844704,2.030982498549396,54.68
0.5024823119542146,-0.464296937525835,16.28
0.9103208822219749,-1.172022544174687,24.14
1.2372566664962314,1.3516954856385464,54.39
1.2789699911406636,1.3507150085597925,54.57
-1.872189313240135,-0.20243200843811018,39.44
2.2022143891271786,-0.8070036005936528,25.8
-1.4176191800926816,-0.9593383387161223,17.43
0.9103208835313681,-1.1720225413440537,24.0
-1.5549994034295893,0.3662745069834447,55.21
2.214801554751143,-0.7944968463219334,24.04
-1.3112690886805791,-0.48974011501783393,39.34
-1.3540349194265207,-0.5041969121908252,39.85
-1.259623151853218,-1.1324441025344392,16.4
0.283062579749781,-1.9089861164672979,16.28
0.3371742643939494,2.1197580479190736,54.75
0.8933301753169323,0.7550142047198042,39.65
0.8933301753169155,0.7550142047198052,42.42
-1.6475625179827214,-1.2905207270297292,16.29
0.6594289044707147,-0.6138786238674642,33.88
0.6594381212945684,-0.6138772119691654,31.86
0.355026402878759,2.12730133684199,54.67
-0.6047225649033147,-1.7657494093381696,24.03
-0.6400004898185092,-1.7772325813445315,23.87
0.9746312657686005,1.243779306544884,55.01
-0.17944133643242632,-2.256334395060693,23.99
-0.21332732992546724,-2.262318698953218,23.88
-1.837999268953977,-0.16966586183933624,39.48
2.0446601701741285,-0.281681928527445,24.25
1.7348615143835406,0.36916320078851694,31.84
0.9746312657686831,1.2437793065448626,55.1
0.17768842865986395,1.7527422236591272,54.6
-1.668809027239522,-1.2967570945711586,16.33
-0.2055584872239103,0.9741476226383871,54.69
-1.8721893105094252,-0.2024320030841603,39.45
1.1545636801420402,-1.361577343817168,17.59
-0.20555575740726734,0.9741501495400342,54.99
1.739348334935369,0.4496026023605469,16.3
0.8512942084802995,1.2880734166973276,39.54
0.8512942043159537,1.2880734180161915,39.86
-0.030647436853898317,0.41370496557429903,42.25
2.027133548503095,0.3903138418031989,16.27
2.12555993032278,0.5162724217656404,16.45
-0.9606918120061425,1.0343321891232107,54.81
1.7946349932089185,0.487366426647293,31.72
-0.22307299505949063,1.0628109850802883,39.4
1.7950089401978355,0.5635399812047365,17.38
-0.9988869805707412,1.0462211961424512,54.5
0.6792827988477861,0.6316485332444262,39.16
-1.2515853445372016,1.6638781732746966,54.64
-1.2228845284441883,-1.5651109848788785,31.67
-1.2764693377551282,1.659467991611182,54.62
-1.2424244258879658,-1.5763916594567733,31.72
-0.22307299727499996,1.0628109805012196,42.02
-0.9808940514377499,0.9847778103221767,54.5
1.742356834038028,0.13496780775446826,31.85
-1.4446015525615576,0.24471410860342419,54.65
1.7423568339822844,0.13496780739449896,33.95
0.6541828651642856,-0.7683612043755176,31.72
-1.4819380642730455,0.20264533205535987,54.68
2.0603601845288693,-0.28282463222913945,24.2
-0.6534708162042461,-1.7485190879737142,23.86
-1.3511846756482802,0.36144004521434125,39.45
-0.7248006825279704,-1.7561094339800838,23.98
-1.0417786357638557,-0.3114132766800454,39.52
0.25037205490102926,-0.6399178563957861,16.48
-0.026893214789912277,-2.178468528523908,23.97
-1.0182835810458377,1.0012060151620426,54.56
-1.059064982233289,1.838936480033886,54.58
-0.08952610875103373,-0.9147010097232825,31.58
1.6256457635046218,-0.6904775603845744,23.94
-0.026893209327543657,-2.178468528891099,25.57
-1.0709156075998632,1.8497749695658583,58.68
2.174548232883502,-0.7951925067302075,24.31
2.1894058291610197,-0.7668940283774004,23.98
-1.2909745784725377,-1.534277011408046,16.47
-0.7965746326565277,1.5201387765095358,54.74
0.6923353698255782,0.6840921153621407,39.35
-0.4988536410436657,-1.6020660925639907,24.11
-0.09820755510006328,-0.8405894197080999,16.16
-1.345854762407113,-1.5256505764298387,16.21
-0.49885363521903453,-1.6020660938338893,24.18
1.6623386146578654,-0.6693017876692943,23.8
1.585790436700582,-1.056708341731781,24.18
-1.1311657967311983,1.148691928212832,54.41
0.14342938234302577,-0.7539049938652777,33.68
-1.6109655612846652,0.02698132414396532,54.67
0.6792827988477705,0.631648533244423,39.45
-1.5713692612814163,0.14486462469133318,39.65
0.2504510253295258,-0.6398501735778901,16.21
-1.1598662958464452,1.1712641416373042,54.55
-1.8681752934942524,-1.1600413293114888,16.55
-0.0895260172701686,-0.9147009560758114,31.57
1.9171626973845335,-0.9388273430782053,24.15
0.692335369825578,0.684092115362141,39.3
-0.09824738077535351,-0.8406032222945796,16.3
-1.799930129128532,-1.2573445960745715,16.27
-1.3225442694348446,-1.013739260160825,16.33
1.9128608190302618,-0.9587752028104087,24.13
-1.3225442774591418,-1.0137392550504007,17.41
-1.1870023344740837,1.8115539210273524,54.71
-1.196647503977082,1.8224789688798548,58.39
1.6069008171536743,-0.3957899721087754,24.08
1.9599663015177617,-0.9531747656052942,24.03
-0.935158508053211,1.550223545212033,54.81
-0.653469789813325,-1.7485191197308634,24.05
1.7348614716112354,0.3691638135438944,31.96
2.0351449206214034,0.7124745244449305,16.34
2.049143943112403,0.7127139399383118,16.4
-0.6955868929412795,0.8935695400154255,58.52
1.6404883033170583,0.4543854445486154,16.29
2.042963192189297,0.7622011986307491,16.44
1.6616676948111035,-0.37878523147149495,24.08
1.6820533600927015,-0.3774817043213887,23.95
-0.7248006652565981,-1.7561094375060227,23.89
-1.1389498187705198,1.3971398437320068,54.59
-1.1725530243236526,1.410427112172053,54.52
-1.2454074327032152,1.7708076062857376,54.74
2.2448571647279127,-0.669231061972488,24.27
-0.2907746814973313,-1.9472333092036722,23.89
-0.9712760880160545,-1.8660803599531048,24.43
-1.2729960010304309,1.7626430836003444,54.44
0.15894219913542418,-1.556790764636433,16.32
0.17310061709288146,-1.5750916423473358,16.33
-1.835037029667192,-0.02115788611996431,39.17
1.7393483410455572,0.44960256014287564,16.4
-0.9687011224962079,1.5354451688554793,54.6
0.5875120717562173,-1.5732587225499515,23.9
-0.030647467320271207,0.41370494800748486,42.06
-0.1406301379698744,0.12247579416235566,39.3
-1.8701492260913266,-0.041025587413778604,39.33
-0.1224137399496911,-0.01441131183850424,39.03
0.6573300082588581,-1.5684981226078598,23.97
0.08492906378503623,-0.9071040172616941,31.74
2.2557692442026687,-0.6569076576693916,24.25
1.9757405833095147,-0.8404793966944626,25.68
2.018027358083779,-0.8370498803626671,24.22
0.09554420600271914,-1.0018322449018024,31.65
1.7946349928514345,0.48736642940701486,31.68
0.8050203212924105,-1.746658395185473,23.96
1.7950089400611624,0.5635399819619168,16.38
-1.9102287005289316,-0.19816343563036543,39.35
2.037490637797872,-0.802028841522303,23.98
-1.4001075328916632,-0.49954156381795833,39.43
0.6685855869317437,-1.123012747482175,24.14
0.6343891764452062,-1.2586287942528236,24.04
0.688705138300779,0.5419694363054947,39.29
-0.5237624488942295,-1.302976107349678,23.92
-1.4002473230478532,-1.5029569449736269,17.45
1.6069008171489294,-0.39578997211851646,24.11
0.7255586984611425,0.4473876213534867,41.85
-1.9102286967580804,-0.1981634287105332,39.33
1.7044588531938618,-0.31956108090999424,24.11
-0.579909894633716,0.6446700224690733,54.41
-1.2304006880075131,0.20428192320581018,39.22
0.6696522374565471,1.0857769871517964,55.02
-1.230400688007527,0.20428192320579489,39.29
-0.9038655266091392,-0.28923128973920553,39.24
-1.255925224476485,0.09375193573256185,42.15
2.0771222637427234,-0.9331126068919137,24.07
2.1026251741616973,-0.8974284919856305,23.92
1.9757405494988893,-0.8404794693780417,24.08
2.0180272452595682,-0.8370501414748875,24.08
1.6820533599387204,-0.3774817046122684,23.98
-0.8730902211059182,-1.0526458626923088,31.67
-1.8684621246632527,-0.11635368551446629,54.58
-0.20873947144743957,-2.2757522525742298,24.04
0.8668096082967404,-1.708145872504963,24.0
0.6685855935558712,-1.1230127436937778,25.59
0.587512368513786,-1.573258428468292,24.12
0.6572942826430659,-1.5685144920813539,23.98
-0.6916995921654271,-1.782715284929679,24.28
-1.9128943057813257,-0.14970225398696124,54.42
-0.20873453013911605,-2.2757521777824152,23.96
0.6343887766847758,-1.2586289244585194,23.9
2.0374906349922974,-0.8020288477143932,24.1
1.7044588531939064,-0.3195610809099558,24.06
0.7411587303457696,-2.092722202687853,23.89
1.6069008171057755,-0.395789972207158,25.67
-1.2734872156593053,-1.5741925728846868,31.71
0.8542520407775857,-2.06867267954571,23.95
-1.3510137076710216,0.0005560334415570268,54.48
1.9171612842975434,-0.9388299360192329,24.06
0.6720942654155133,-1.5151881914719962,25.58
1.6820533600732444,-0.3774817043581444,24.12
-1.440460978941923,-1.6077363258468553,16.3
1.9128653116575427,-0.958766870335233,24.33
-0.2743082620631245,0.3000865530243384,39.29
-1.6085793083126336,-0.5458632807477364,40.39
0.7181805881797384,-1.513552734413481,23.98
-1.3286592533112942,-1.6708952779004431,32.07
1.6069008171448314,-0.3957899721269385,24.25
-1.6378318636450957,0.7793455355797496,54.75
-1.6378318635128082,0.7793455356848824,58.57
2.1318575196403318,0.1777272206224799,16.5
1.7217133405109106,-0.5270283469134303,25.67
-0.2743082621882732,0.3000865529748687,39.22
1.3894677885279525,0.8999900636863702,40.3
2.117075910570452,0.09560648032803326,31.99
-0.112954006549901,-0.8941143233647402,31.67
1.7439405921956028,-0.5233377603638064,24.05
-0.3531654942768481,0.13631094545767805,39.51
-2.0399147766221577,-0.20774944931299208,40.39
-0.11295321078617164,-0.8941141161343562,31.61
-2.0333662992285797,0.7222023385177686,55.07
1.9599691561357697,-0.9531687993681591,24.35
-2.0555512328778174,0.7044522561603157,54.48
1.4215371504755419,1.4358883540877128,40.14
-1.40010753292634,-0.4995415638187802,42.1
1.661667727158231,-0.37878512507954126,24.16
-0.3272690235297543,0.14283934763278083,39.5
-1.2734872159112893,-1.5741925726945274,31.8
-0.12579939064221587,-0.8245720247851683,16.19
-2.039914182145047,-0.20775157096844776,40.22
1.6820533598122258,-0.3774817048512268,24.06
1.70445885319368,-0.3195610809101467,24.1
1.7044588531920137,-0.3195610809115477,24.11
-2.0734986983510377,0.7012538171789026,58.71
-1.6570273747450406,-0.5049401303320233,40.31
1.4132878165636247,0.9671864765098281,40.22
-1.9460883666732995,-0.12547202804938165,54.94
-1.6570273747450168,-0.5049401303320342,40.35
-0.1257986894463635,-0.8245712308997093,16.33
-1.91206158867654,-0.014824486371543768,42.3
1.5578703134940688,0.3538776369574846,16.29
0.010836423382886182,-1.2576827462511864,31.78
0.0643231456871503,-1.275310434493526,31.82
-0.3068064728566254,-0.06923913888145132,39.23
-0.6916994536034636,-1.782715296772722,24.18
1.5578704217852422,0.35387776454350595,16.23
1.4132878165636256,0.9671864765098293,40.69
0.916043038046883,0.8947466844285857,39.56
-1.5646708520650643,-1.5026182348772255,16.37
0.9160430380404879,0.8947466844264265,39.78
-0.27290355521710236,-0.06876658483199981,39.18
1.5774526227400372,0.24499569376266778,31.5
1.5975512904408549,0.3313322157958243,16.21
-1.4616560683189905,-1.5812545898058292,32.19
0.09215932533881029,-1.4098585765794873,32.11
1.5774526423259365,0.24499595995888596,31.71
1.5975512868332156,0.33133233128436324,16.26
2.117171401728259,0.3961498753241923,16.52
-0.6917008433530077,-1.7827151779953339,25.65
0.13368664618198756,-1.4291786804968265,31.48
2.1246635829814995,0.279747585144629,34.32
1.2806648522234674,-1.7364372227232938,24.14
1.0810013191529884,0.8167591539802302,39.29
-0.2732695192625561,-2.2752876920828613,23.99
-1.5646758739394677,-1.50261274665377,16.48
-1.4614779116749257,-1.5813686189162082,32.05
-1.5196001672592263,-1.4014047980053677,16.26
1.1121979037224734,0.8217513652021049,39.33
0.9703815553122782,-1.1103545303409703,24.13
1.2807038264736101,-1.7364042475502772,24.2
-1.4289527779277273,0.09292925812134281,39.24
0.9703815542833214,-1.1103545553142644,25.77
2.037490593097234,-0.8020289401795854,24.24
-1.0017245677559732,-0.29808830039554374,39.31
2.1171737091386147,0.3961420872785257,16.53
1.918670706721065,0.349096328363552,31.74
1.4506128224255546,0.14852431621362533,31.59
-1.0476772084277075,-1.2120588788337852,31.65
1.4677461601309543,0.21136008656074315,16.17
2.0374132540445142,-0.802199693993318,24.0
1.4506128296427774,0.14852433775488363,33.62
-0.2008002533818433,-2.079230820645947,23.86
-1.291034790298478,-1.5342165790209736,16.24
-1.3458594671493826,-1.5256457633764111,16.22
1.782841200624313,0.6260160859881434,31.97
-1.290991659840276,-1.534259880491448,16.32
-1.345893859074783,-1.5256105789903498,17.27
1.7828412006243135,0.6260160859881323,31.94
-1.1503710251206896,-1.162887589443013,16.51
1.2485332472672348,-1.755458983403321,24.14
1.2485359441356834,-1.755456878399448,24.13
1.4677461563907572,0.21136007728465125,16.15
-0.7798202125793303,-1.7602927205384211,23.99
1.908065900373035,0.7478171110878448,16.18
1.9399525201974588,0.3367727222769395,31.62
-1.1503710273633512,-1.1628875879398561,16.25
0.6653253250939017,-1.1452734790702361,23.86
1.0957307221353196,0.6948239945652682,39.25
1.9146667832251758,0.6749674042780814,31.7
2.01802757444593,-0.8370493796289105,24.07
2.018027803869453,-0.8370488486656574,25.74
-0.9366534883460643,-1.0176791099307627,17.29
1.5904262651464607,0.42678365446491096,31.73
-0.8096812263995354,-1.8714445800955868,24.45
1.1550722805249656,0.980192472472569,39.25
-1.4002326290192353,-1.502969546986776,16.33
1.130716894261328,0.710673870858658,39.5
1.791973067317668,0.6736410943912743,16.33
-1.4002459945594659,-1.502958084107428,16.26
-0.0706770267830046,-0.9194285858337693,31.63
-0.9808957920865781,0.9851490283612395,54.42
-0.7798274950746705,-1.7602891612047114,23.97
-1.0182835799615118,1.0012060127311517,58.62
1.926688261363442,0.7903041571459704,16.39
-0.8096798692745784,-1.8714448654424962,24.54
1.9339276849085427,0.7292242376281284,31.64
-0.33956129729529205,-0.02892466576888197,41.86
1.6270262527742143,0.5001100368435581,16.28
-1.0538327776876635,-0.2985560191099546,39.48
1.2189638393534983,1.0258326960214499,39.56
1.7046597724731136,-0.6092040612690689,24.29
-1.0451365621743143,-1.0484620985540285,31.65
-0.27708918899200186,0.16689126771231033,39.11
-0.49992374522400973,0.34074128870351467,39.38
1.409594425386026,1.100381223787981,39.65
1.9827228639304513,-0.39696094595426656,24.53
-0.06167822149416653,-0.8026406068730333,31.64
-1.0522341218338107,-0.20806415527679445,39.57
1.4341399982056924,1.1068849025693874,39.63
-1.5549167076840065,-0.3728350764080942,39.37
-1.0522341218342222,-0.20806415527718683,39.69
0.7396335681167278,-0.9707494252709153,16.34
1.1550722805220452,0.9801924724715276,39.29
-0.32343589035808973,-0.03767855522201858,39.22
-0.14933311434906474,-1.2691480660506138,34.0
1.1950597654692963,0.9946956588263745,39.25
-0.7384752315866598,-1.8814505364786256,24.49
-0.06836636116310879,-2.33810906918022,25.89
-1.611089244554281,-0.4027016557329382,39.59
-1.6753190513530591,-1.228930538991205,31.65
2.012461857583339,0.7566692220856611,31.89
-1.11312448870297,-0.9893921683139116,31.7
-0.46554755505150525,0.31360415691798116,39.44
2.0283568264454837,0.7512416495366512,31.84
0.9351652486290918,-1.5555581296071395,24.48
-0.13717997251841504,-1.2278012955914341,16.21
-0.11137674397029852,-1.2619370661978475,31.62
-1.7008843901761936,-1.2337126898064548,31.72
0.02165810322647593,-1.3388820130566799,33.83
1.1121986296329385,-2.015560913296286,24.38
-0.2717398443426966,0.2686070854351671,41.81
-0.2717398463458295,0.26860708537517425,39.11
-1.1131244777463902,-0.9893921712203045,31.68
1.3999780699860824,-0.5189643889111746,24.15
-1.144426306642754,-0.2997536184426088,39.46
0.6735318691185541,-2.1280789022630455,23.95
0.0627132266690887,-1.3567722659100598,31.79
1.9146667835054505,0.6749674033523653,31.84
1.0544438243566803,0.7119117531989948,39.28
-1.1444263066427554,-0.29975361844260906,39.43
1.3999780695882589,-0.5189643909456216,24.01
-1.2783040537638315,-1.1811717173993719,31.53
1.933326355230377,0.6803576913412349,31.76
1.93671674391757,-1.1848651949286018,24.24
1.6933067805231952,-1.2028477102355257,23.87
2.0033423270044417,0.8020898139653811,17.5
-0.14063013789941978,0.12247579421828356,39.08
2.039445661259416,-1.1299876923290484,24.33
-1.2783040171158713,-1.181171745906986,31.63
1.6933067938799593,-1.2028476928862992,24.09
1.6741801597019652,-1.135179225034973,25.68
0.08492869388902911,-0.9071043645591257,31.66
-0.1224137399492684,-0.014411311838312364,39.18
2.016143748532313,0.8014195226418575,16.43
1.9378538834541759,-0.4937977301428808,24.47
-0.6779090038135485,0.649827623110613,54.63
1.6741801677547454,-1.1351792157038842,24.03
-1.98994855201872,-0.109389805744072,58.37
-0.06837304258110385,-2.3381092145666074,24.34
0.09554422656507874,-1.001832243180478,31.71
-1.4966064349762913,0.045438512707708,54.45
0.688705138300779,0.5419694363054952,39.2
1.9080659003693659,0.7478171110985238,16.38
-1.4966064351797042,0.04543851264335023,54.56
0.8963504024607535,-1.8303535591282236,23.84
1.9235944167449468,0.757278881804138,16.21
0.896008054464116,-1.8305401298558714,25.58
0.8933301753169386,0.7550142047198046,39.79
-0.9053869522286525,1.006672851411878,39.23
1.083782257443632,0.726591483104023,39.31
-2.007303430274372,-0.13940261869575263,54.57
-1.9630584243856226,0.010590191504432887,39.39
-1.9919084076665474,-0.029188701398974167,39.43
-0.3744296844044052,1.6257920346685955,40.27
0.23243885314307405,-1.3897950519793163,16.38
1.7348614760001568,0.3691637506672275,32.18
-1.3873709154629232,0.18413989694969363,39.29
0.6735155324545684,-2.103733910645629,25.56
0.632462126020788,-2.1570388922387624,23.85
0.7946338261759126,-2.0807526483396748,23.99
0.6280364305845411,-2.1190853018106495,23.89
0.3989457969063611,1.1322061715738037,41.92
0.7055987774953466,-2.154652835178114,24.03
0.5451795736739116,-1.5776905626957287,23.97
-0.6489123514286517,0.7027173678516742,39.36
-0.3048942771293666,-0.023863979443174643,39.45
1.4677461596863839,0.21136008545815266,16.16
1.1206310409704994,-1.2607961773172551,16.42
-1.3873709144879864,0.18413989826375823,42.0
0.6985044145717988,-2.109659589885253,24.04
0.6088821015027752,-1.5751569536362902,24.19
0.5579526131153468,-1.2469501781853238,23.96
0.7324480888532722,-1.95187168446893,23.84
0.5579526133459048,-1.2469501780897585,24.05
-1.6596180594284347,0.9096895514439832,54.66
1.7781943554522526,-1.330764685575415,23.87
0.7324412635689536,-1.9518742640844782,23.91
0.4137996450992914,-1.234641763830405,23.93
1.7393483336935978,0.4496026109404362,16.3
0.6923353698254939,0.6840921153621246,39.35
1.9857533554314433,-1.118999487682363,23.97
0.161282570653544,0.22709648916118294,42.94
0.9379250580184446,0.8231807723947883,39.67
1.8098847675558984,-1.306961138952724,24.02
0.6511850299346201,-1.8783425187317693,23.88
1.6378762319295057,-0.6771270930615105,24.03
1.57745264465593,0.24499599140199196,31.65
1.794634992944199,0.4873664286908736,31.75
0.8528828411783499,-2.053697962873827,23.92
-0.9605200314015815,1.0351309552436538,54.9
1.5975512743172493,0.33133273187809353,16.2
1.7950089400610252,0.5635399819626685,16.36
0.8802967863331442,1.8007642184967865,54.94
0.9385384915338909,-2.030243354243431,25.62
1.0947010573377511,1.8292412163604954,55.99
0.9445180301730619,-1.8135220326887134,24.01
1.2189638393526225,1.0258326960214217,39.39
-0.9941397226478118,1.051178298193026,54.73
-0.5705510508440886,-2.221324908532764,23.97
-0.6061683841559778,-2.2209303106382534,23.96
0.6636031863972204,-1.5879002644913225,24.07
0.9445184183202671,-1.8135217751250523,23.98
0.5876471054860268,-1.6415334542821607,24.01
-0.4045260750157021,-1.9682214095533794,23.95
1.0633903115736087,-1.4878294198418538,24.41
0.0587355415892172,-0.006605155705211286,42.34
-0.9007066381383249,0.7956099867176822,54.68
0.8775667117129767,-1.3849710582041055,17.42
1.4442812780758811,1.1316811879252626,40.68
-0.9337900964957107,0.8202329669524484,54.65
0.08565737317908871,0.0017687577140052077,39.45
1.933927684911707,0.7292242376182986,31.66
0.9592557802589589,-1.3591970655462522,16.44
-0.5799098953209262,0.6446700221222122,54.45
2.023957707793646,0.7926179811884626,32.08
1.344263939402178,0.8463484667338633,39.92
1.158119479622007,1.3791419682788204,54.83
1.9266882613634424,0.790304157145969,16.42
1.2032675438963802,1.3890780451392097,58.43
1.257173173943284,1.2882929450902632,55.08
-0.6030815419886526,-1.3331193954731513,23.88
2.1079163259561864,0.6336201456761099,16.47
2.105922811850062,0.13753672828234267,16.39
1.3666369806360412,0.860245365762657,39.47
1.2934315539804389,1.2951670574932406,58.95
2.1200791500985217,0.11943870082172472,16.29
-0.35637850811554667,1.5619322216776241,39.79
0.6696522374532925,1.0857769871513419,54.33
-0.40452607584429845,-1.9682214094643586,23.95
1.1011506204843513,1.642215543165601,54.49
0.6637032597024828,-1.622090707800553,24.16
1.2990623381922257,1.6733446176452864,55.77
0.681658282080274,-2.154823492871527,24.0
-0.1220492410330805,0.08202763335822272,39.16
-0.12204924088514511,0.08202763341441974,39.25
-0.36207525182621697,1.582135179875306,39.43
-0.6587106472738136,-1.5017205310286008,24.05
-0.6587106470804209,-1.5017205311455801,24.02
0.6215233450490896,2.1420651834268796,55.22
0.12803811109986674,-0.9190915691793915,33.71
0.8137488337792254,-2.1256048802760437,24.14
-0.6390338935554545,-2.2244426739389906,24.26
0.6361551659308234,2.148935023561525,55.08
0.1135951922906032,2.18324783929423,54.32
0.7266882850910334,0.5166024708337189,39.41
0.128037462447615,-0.9190921675743571,31.71
1.9410802068473403,-1.126752836511736,23.82
1.4067571110088277,1.392786666737597,42.51
0.12888312136067434,2.19560325680599,54.61
1.3569306355388975,-0.4892620938710545,23.91
1.6720368010438886,-1.1585231039036599,23.99
1.3569306355143116,-0.4892620940461434,23.99
0.7266882850910336,0.5166024708337192,39.22
-2.0190196676653023,0.00210742994475379,39.47
-1.3568331145056385,-1.1332814667575197,16.42
-1.3568331282047263,-1.133281461314087,17.25
0.49048064028000316,2.2135648794277016,55.39
-1.139646433660646,-1.0185729816762128,16.35
1.6720368239746695,-1.1585230797592598,24.09
1.4268631843025608,1.3949649280098189,39.36
0.501485034882184,2.2203426353830813,55.11
1.0731982526771533,-2.0215090242761775,24.17
0.8794536607792915,-1.5563112273480244,24.28
1.8575181122568758,-0.3646793956920479,25.56
0.05891552868592688,-0.006494685363953599,39.79
1.1008838183728957,-2.0110445111160633,23.93
0.42592163799462734,1.9629721712342605,55.13
0.256951209394201,-1.7604143426843797,31.65
1.8802118369917074,-0.36065367252821634,23.9
0.9170710100707637,-1.549690973917711,24.0
0.8775682088847713,-1.3849703066502506,16.39
1.0118479764392694,1.4644377734158456,42.19
1.035820469059738,1.4689114737131126,39.35
1.8868087420216721,-0.5434747953698904,24.48
1.1477140089972449,1.310022027915131,39.37
1.9210068454074725,-1.2162927057138817,25.48
1.9740982690287063,-1.1488634999670142,24.03
1.4336089426751646,-0.5359881528314995,23.87
0.31958994267180935,-1.8114026553097615,16.33
-1.3443229138224222,-1.6447741864100844,16.39
1.4336089397611091,-0.5359881652987573,24.02
1.18940754271167,1.3071421825482306,39.25
-0.8345266908957055,1.1650536811297663,39.34
-1.5449217197963132,-0.5498449376561505,39.44
1.9932730450084302,-1.1923402379967643,24.03
0.681875632850918,-2.173034166761012,24.7
-1.2714319598862227,-1.6664114398753054,34.04
-1.294560817589893,-1.6716603570937043,31.9
-0.8227238148201891,1.2046895569654401,39.6
2.024365548618265,-1.0724719283392132,25.54
0.7260221415291427,2.100090171778036,55.0
-0.8832156279454239,0.8760105513749127,39.22
1.9100884147821031,-0.5282395661363466,24.01
-1.536911239619749,-0.34987045869298267,39.41
-0.909969109552696,0.8851195172698548,39.16
0.9470463680970997,-2.0397225407464004,24.0
0.6832990242583398,-1.6243137121545446,24.14
0.7412752218988105,2.105827946611441,54.78
1.0868942189165192,1.403065543104254,39.4
1.3708235388026402,0.9199166181451977,39.73
1.122774128920258,1.4055934884775794,41.9
1.399139005360015,0.9324684544076177,39.59
0.42227709711985584,1.1238033958211766,39.48
0.960026985904581,1.8872619848295737,40.59
-0.4214617714631245,0.8017241867114266,39.28
0.6128848476755933,2.1688275702118767,59.98
2.101496331217881,0.32600693014641247,16.3
-1.5919942806686234,-0.37655300879907716,39.59
0.7876509309366477,-2.1463169085220164,24.01
0.4550692177774758,2.242242371378336,55.95
-1.0218721960286923,-0.1766265110770683,39.27
1.9856808576369398,-1.073388978423403,23.97
-0.885614073018981,1.0817959856854773,39.19
-1.6892729909611948,-1.1950531726358822,31.6
1.90212517847367,-0.33530742986135487,24.29
2.1203889627367882,0.3055916950177237,16.41
-0.9025352924530186,1.1057039002949052,41.75
1.1706648676514746,1.699267225151751,40.35
-1.712783734862459,-1.203035382227837,31.75
2.0216400538206725,-1.0868393091764468,23.9
-0.15760291743147264,0.24694741779734203,39.13
1.0153912803978042,-1.4775558783789307,24.04
-0.15760291743064248,0.2469474177983771,39.37
-0.7744045390469396,1.3767424110803654,39.37
1.1279513380493924,1.7895272459330371,40.37
0.7789274197263091,1.8254913406358566,39.26
-0.587401510628827,-1.3836053338106211,23.93
-1.0873324686808075,-0.9818491519685322,31.76
1.0450901879535255,-1.4811678444136227,23.96
-1.4029941761913012,0.4282794613811807,54.8
1.1186863707976498,-1.6575886415750316,24.1
0.5389154766056689,1.1281483563049952,42.0
0.09089648335964504,2.211266360468469,54.75
-0.23277596787114352,-2.0736710478540705,23.94
1.9437263756634742,-0.43942457255671197,24.27
0.5389154242696546,1.1281483626276085,41.92
1.9632807291539598,-0.43668617778784663,24.17
-0.4444864254717802,0.7511148582406056,39.19
0.9299927662194429,1.6315423682106784,39.45
-0.8854495528225457,-1.7363226830214744,23.96
-0.44448697081999294,0.7511146554623281,39.31
1.7918514905516476,-0.9164250092467175,24.19
-0.5874015106500526,-1.3836053337954173,23.92
-0.9186285158378653,-1.7515742539421255,24.32
1.2372566638232487,1.3516954863436474,54.7
-0.2327759654036311,-2.073671048359019,23.91
-0.6114381024810707,-1.282242355858656,24.0
1.2789699916996902,1.3507150082820876,54.48
0.516892188168524,1.0795241963189137,54.78
-0.5208949356643695,0.7107939489137497,58.35
-0.46926835151219487,-1.960143539618368,24.01
-0.6313028006033551,1.455162543610555,54.93
-0.26047100643432575,0.12218942719963638,39.74
-0.408561360089939,-2.2313173477709762,23.86
-0.26047100643434423,0.12218942719961697,39.24
-1.6222533941752417,0.9541240450532998,58.46
-0.05904784301256114,-0.9898139717020195,31.68
-0.594504619510726,1.499500124396872,54.79
-0.4631792978577031,-2.226767758130763,23.85
0.6718577400638303,-1.5152644836072935,23.92
0.7282942964343383,-1.5277596404541889,23.94
0.7181794547160166,-1.513553505926649,23.96
0.7412171447096098,-2.0927011995062905,23.82
0.9064078074650951,1.7476986527259186,39.6
-1.334711774611032,0.522113192791445,39.43
-0.059047767000918086,-0.9898139796630079,31.72
-1.0218721960286943,-0.17662651107707014,39.36
0.8679686001394953,-2.075031480316318,24.0
0.8542526408992409,-2.0686723608131468,24.04
0.6215248434677151,2.142064755240461,55.27
-1.0873324659352737,-0.9818491525966443,31.59
0.6361581253135109,2.1489341549500094,55.2
0.41925979176171035,-1.1668451628284209,23.99
0.7011062531748907,0.5974922915899342,39.43
0.7011062531744686,0.5974922915899084,39.22
1.0407805206981422,-1.704979599465811,25.8
0.7582184286424969,-1.0993023852969535,25.93
0.5334766092153799,-1.3185987487715745,23.92
0.4904876532658491,2.213562853850861,55.46
0.5334766093391591,-1.3185987487668391,24.02
0.5014935493905758,2.220340149684685,54.87
0.39681703825399034,2.231452210813694,55.38
0.4102066535860619,2.2375940256304814,54.79
0.6428501100777958,-1.2187533752721955,24.0
-0.6389093704331228,1.649939134078217,55.26
0.6428501099964407,-1.2187533753693536,23.89
1.4372505490586047,1.3702418684361732,55.23
1.392286910134908,-0.6398201562725097,25.57
0.044251752217324886,2.1756889793721284,54.88
0.06117917949960191,2.18955580064219,54.79
0.11358139675121655,2.183247581027775,54.56
0.12892547150642922,2.1956014836961115,58.44
0.18868818044484625,2.1693301183901683,54.82
1.4540531275463706,1.3752317917951427,55.07
0.20450614800844746,2.17826320389384,54.6
0.6908823111405737,2.1199925641874224,55.06
1.0872258156322583,-1.6739158571218655,24.41
0.8794536156732291,-1.5563112621764952,25.95
0.44487849357103465,1.8188662129115338,55.37
0.5715445170930243,2.1835048454473256,55.16
0.9170710634090485,-1.549690929507672,24.0
-0.7498419889252377,-1.7064349695074201,24.12
1.3922869101372595,-0.6398201562673593,24.15
-0.4711565192254068,0.18386832802599215,39.35
-0.49327904299560327,0.18397048905769756,39.33
0.590945196758766,2.1886386600226357,58.67
-0.5403216541635878,0.6006360044680386,54.42
-0.4538234101782825,-0.010463159569361795,39.2
0.3970923184217372,2.2313864355941258,55.17
-0.4382737316393172,0.9137135609727652,39.2
1.0734295005191092,-1.7422357243988635,25.75
0.7492492342514943,-1.211299749449941,24.26
0.14343081431405755,-0.7539041122804638,31.41
1.886808746266154,-0.5434747880195226,24.3
1.699210445856175,-1.0353439524966872,24.18
0.41021405517408277,2.237592152120436,55.02
1.9100884088179981,-0.5282395774806329,24.02
-0.4624711979991116,-0.028291606945227074,39.14
0.1434298555951483,-0.7539047027159157,33.93
-0.23537156920267907,0.831212018130914,55.23
0.8917556798737317,1.164361691993759,55.15
1.7737428464817397,-0.9351339356412557,24.29
-0.1576029174316918,0.24694741779706306,39.28
1.2068857659653662,1.4834505215311717,54.74
-0.9823094952413192,0.9078739435038519,54.66
1.393117974059665,-0.4530426697174116,24.28
0.27025864029450924,2.0413510853111783,54.78
-0.15760291743065724,0.24694741779835983,39.15
-0.5084265331879104,1.6008798264624606,55.58
-0.24420687394633384,0.8574695503742742,55.16
0.27025864046872433,2.0413510852922516,58.81
0.09535999026422164,1.941836801354957,54.85
0.037686681078442086,2.2074794901645083,58.58
1.2513556876904792,1.4701185736879516,54.42
0.4316145074836069,1.189518288844373,54.81
-1.1311656852134049,1.1486914622260236,54.57
-1.8545013780144228,-0.07972895835526689,54.75
-1.1598663707104613,1.1712644413828477,54.54
1.4490851935061373,1.4127807930643217,55.88
-0.6901189464691999,0.7753800505766143,54.95
0.25037449912638143,-0.6399157725106884,16.35
0.38520701751873654,1.2867926578111926,54.74
-1.8986346894834951,-0.10817989401789199,54.7
0.25041608327061193,-0.6398802075800647,16.23
-1.2678197948951972,0.14996672935087216,54.81
0.48710650096080094,1.165320796153074,54.91
0.10170257644806892,-1.3821286356560152,16.39
-0.6955871762081371,0.8935691643281178,54.56
0.17237490181707144,-1.4137058992936888,17.36
-0.9810580918643417,-0.15425759962924243,39.3
-0.702682927318625,0.7460007245426065,54.68
-1.095723684776805,-1.0879136874188182,33.91
-0.9739332619777996,-0.25544047149922555,39.42
-0.27400998732016263,0.2912972344074241,39.29
-0.4810047703651302,0.13078291017171478,39.41
-1.2006230742522654,-1.0527794678521942,16.24
0.13139762582958087,0.18558298446229574,39.95
-0.9739332619778,-0.25544047149922605,42.04
-1.0322641166557933,-1.1754555998819172,31.66
-0.5041615850811803,0.12988206031463506,39.35
0.15028652469021328,0.1934562161326388,39.61
-0.586992875663975,1.0116928397097722,39.09
0.3165846805855004,-1.7039396961390603,16.39
-0.9810580918642776,-0.1542575996290776,42.09
-0.6420303336923895,0.8266584881999186,39.22
-1.0957237428292628,-1.087913653914127,31.62
-0.6133568088443222,0.8728363811013924,39.39
1.071536661063217,-1.2305780358676088,16.32
0.3580859985521075,2.2579869177609257,55.64
-1.200623080775487,-1.0527794621541546,16.27
-1.0322641143219675,-1.175455601381098,31.72
-1.071675432236449,1.1998103370625135,39.11
0.03768581664304998,2.2074794300211584,54.84
-1.0997199552168542,1.2132993436220176,42.04
-0.3139769316481418,-2.243856039598489,23.93
-0.35281799203797115,-2.247125804129989,24.03
0.1738652437496057,-1.3931306570926785,16.37
-0.9351585080632692,1.5502235452091506,54.65
0.3580817562385124,2.2579875503017908,56.22
0.12876641231208982,0.28074506716587805,40.2
0.09221210171898613,1.8269372263277244,54.65
-0.9687011202458253,1.5354451693298126,54.52
0.3087747288702573,-1.8235195180438537,17.6
0.11567575098167798,1.81688757420528,54.37
-0.24420685235821804,0.8574695585642728,55.37
-0.9637255204658525,1.4960813592501625,54.37
-1.3279444091194506,-0.41679702283990255,39.43
-0.31208663588083946,-1.9390957805271063,23.97
0.14682333245026116,1.7796654403339622,54.78
-0.8063829731416037,1.4746220159342276,54.87
-0.7702819116689563,1.3144542621541602,41.9
-0.5543658285366214,-1.432876730005053,25.67
-1.2522554300373574,1.6634026480444608,54.61
-0.4382737097117414,0.9137135654041278,39.24
-1.3745611880833217,-0.4283876977114361,39.5
-0.4426945943013466,0.8672760952405192,39.25
-0.554365828601989,-1.4328767299823804,24.06
-1.2740392796858466,1.661385959780695,54.73
0.15692195932942854,2.1959289933801283,54.83
-1.8306729513714106,0.0464299432688977,42.03
-1.4379179971372678,-1.3966299775940045,16.28
-1.8581937325882882,0.019019848659332657,39.39
-1.476564278378723,-1.3991602895735202,16.27
0.5533985727352718,2.2098115052733367,55.63
-1.4856960202592049,-0.5369165245135502,39.72
-1.5043809675678692,-0.47524519207433064,40.05
-1.544921719790693,-0.5498449376558086,42.45
0.09088991918190927,2.2112662672433343,54.85
-0.44269471353796674,0.8672760707045185,39.35
-1.3448667154370624,0.3426524450826374,39.3
-1.5771518261415551,-0.4993928673631775,39.66
0.19423951730848957,1.7200246539184132,54.76
-1.3442636498045497,-1.6448176191880897,16.32
-1.2086265384335455,0.24112878236858404,39.35
-1.3734501224075135,-0.3453865193772849,39.48
-1.4117450595516878,-0.354050844121715,39.37
-1.4969294000018312,-1.5203019507943871,17.51
-1.393048659716733,-1.629922264731887,16.32
-1.5285486182934507,-1.5129770289896556,16.4
-0.9045418682389266,-0.17592101403832877,39.37
-1.4236149066311319,-0.41262317473287896,39.67
-1.486527788969214,-1.334622643411545,31.61
-1.527128077144929,-1.32442902081196,33.82
-1.3859086730534151,0.287860427443528,39.15
-0.8986362847626641,-0.9833320461817887,31.84
-1.3859086752807008,0.287860426025462,42.14
-0.7498384812841917,-1.706435942233511,23.9
-1.5262716309037587,-1.3818913109168103,16.36
0.45493976760761834,2.2422702314902176,55.68
0.37202572776554405,1.9701570760155445,54.8
0.5844082481316908,2.0253506016740648,54.76
0.46543813228599923,1.9354380462471126,55.03
-0.7642922490640129,1.3362938650659635,39.02
1.9021453155605237,-1.1739900738533666,23.92
-0.5420356109946417,-1.2475777266591364,23.85
0.4259216372396427,1.9629721713244281,55.4
-0.2655715115200696,-2.0608242560718875,23.96
0.3720257277705797,1.9701570760150489,55.13
0.37202572713526977,1.9701570760774998,54.99
-0.7932679131855093,-1.7130834258568868,24.11
0.46543813346999074,1.9354380462060503,58.97
-1.6473958744951682,-0.49021751331832486,40.46
0.425921638161027,1.962972171214388,54.9
0.6051923640078172,2.030982554464378,54.6
-1.5557768975862045,0.9407437623952598,58.58
-0.2655715186853725,-2.0608242549040297,23.98
1.0810013191530792,0.8167591539803579,39.17
-0.8879081817451292,-0.255608600887753,39.36
0.6792827988477704,0.6316485332444226,39.59
-0.7965746474790566,1.520138770693497,54.47
0.679282798847778,0.6316485332444248,39.33
-0.8363233732311307,1.4554254101626578,54.7
-1.5756852807770692,-1.4857681557587674,16.44
1.467746153830184,0.21136007093415185,16.16
1.3442639394021785,0.8463484667338633,39.81
0.42592163773312197,1.9629721712654915,54.92
1.3666369806360446,0.8602453657626625,39.53
0.17768842868450155,1.7527422236600811,54.63
1.4677461571263681,0.21136007910904311,16.19
0.22520660715697757,1.7174192934058725,54.55
0.7672342081991669,-2.101170426007432,24.01
0.09535999028517099,1.941836801355304,58.58
0.2702586411287105,2.041351085220566,54.83
2.0878216109820227,0.06026354168270538,31.83
-1.8780743893566905,-0.2319875795331476,54.87
-1.2414426818080742,-1.2407823657242671,32.14
1.4506128300104957,0.14852433884433044,33.79
-0.587401510642394,-1.383605333800902,24.0
2.10151413385862,0.05011622559442451,31.64
-1.2678197948466903,0.14996672939653619,54.9
1.4506128227366075,0.14852431714424516,31.59
1.9154021383439064,0.4680105027332002,16.2
1.918674489715522,0.3492613079296563,31.59
-1.905940238721753,-0.253749874691755,54.37
1.1121979037227847,0.8217513652020701,39.22
-1.997549631781771,-0.2695544650956151,55.2
-1.3253943204088086,0.19905650833480037,59.13
-2.0146570994480517,-0.27473358641533696,55.18
-0.3579873172660423,0.011909862113955023,39.28
1.9378761791546328,0.44147251179317,16.23
0.6733718116647696,-2.128110449655034,23.9
-1.9312427696839494,-0.23442386695991435,54.91
-2.0421558796403394,-0.2354607770687769,56.18
1.9399618930891358,0.33698497090433915,33.76
0.947041220506067,-2.039725426254571,24.17
0.10138355057876028,-1.381822702719738,16.3
0.5998670410157836,-1.605103840458697,24.07
0.18931817632582124,-1.4061237286518222,16.29
-1.0032877628513353,-0.2466363323209961,39.54
1.8554304548416174,-1.2673074371875108,24.11
-0.47121224887367447,-2.2362761356984473,23.89
-0.49148848871456957,1.5456796704615836,55.2
-0.8576518853852916,-1.0373159577662838,31.63
0.035860041504247646,-1.72215922055506,16.3
0.5440426859915624,-0.6706007525620142,16.38
0.6582203038199198,-0.49405925654617766,16.38
-0.4718292710873588,1.5652122924803518,54.69
0.658074117685021,-0.4940276873719026,17.36
-0.09824700516749532,-0.8406030913353022,16.31
-0.13717190856742884,-1.2278104386413493,16.36
-0.1542944425688376,-1.2398995000285005,16.4
-0.9045418682389279,-0.17592101403832888,39.41
0.6887051383007788,0.5419694363054957,39.32
-0.8986362847381667,-0.9833320461906547,31.81
-1.997549631781775,-0.26955446509559255,58.97
0.6887051383007791,0.5419694363054947,39.39
0.00031415831285657093,-0.6725044475941251,16.37
-1.916837836032383,0.3509806984271099,39.41
1.7644610467349884,-1.382924211892977,24.04
1.4170296728924314,0.0639734479726723,17.26
1.6766707383151749,-0.6292830124494002,24.04
1.10552476694914,0.7721254792589637,39.36
-1.0085250880186192,1.1210759299424562,54.47
-1.9483351751322755,0.30616882787556365,39.41
-2.0146570987620613,-0.2747335880519444,55.2
1.417029675385602,0.06397345152520939,16.23
-0.3120866346264969,-1.9390957807384428,25.46
1.3900919177761233,-0.003295226450183309,31.64
-0.9832050932488088,0.9097879658078856,54.96
-2.016092211763489,0.4695373481249801,39.84
-2.0421558796403247,-0.2354607770688319,56.03
1.3900919228712854,-0.003295221775775863,31.95
-0.5219919928940994,-1.2871767694032759,23.97
1.2088775935147629,1.4312673922028931,54.69
0.726688285091034,0.5166024708337184,39.33
0.7266882850910311,0.5166024708337184,39.15
-1.995120909247053,-0.2334118095612854,39.88
1.4737422725707254,0.03972877558777383,16.28
1.3050244898325118,1.3280854656429417,58.46
-2.0118954304773657,-0.2451567147307094,39.56
-1.9951209086715258,-0.23341181142149472,42.42
1.2088775956243927,1.431267391221612,54.71
-0.5420356109945911,-1.2475777266591788,23.92
-2.011895458430994,-0.2451565981087688,39.35
-2.046284942233167,0.42658550969776554,39.61
-1.7336376542848504,-0.38081935535431527,39.84
-1.2678197949506111,0.14996672929870503,55.03
-1.0085250974298055,1.121075921683402,54.71
-1.6843193096967222,0.8546433237902257,55.38
-1.2714319584345148,-1.6664114409736566,31.95
-1.208626538433539,0.24112878236859608,39.22
1.4602470465529986,-0.02032976486829706,31.65
-1.759838450033643,-0.4035108603275414,39.58
-0.3553300554610056,0.20839056427347769,39.17
-0.3048944512383225,-0.023863919947602275,39.2
-0.3697196003925194,-2.2557259073093627,24.05
-1.2945608198220366,-1.6716603554572653,31.82
-0.03885303012459453,-2.3193862897886737,25.79
-1.8500328731300413,-1.1313805709594231,34.14
-1.9355948247350214,-0.07537812313022535,54.97
-1.863545788567822,-1.1294161869037413,31.75
1.1211057021194994,0.865245043130823,39.47
1.4602470508272412,-0.020329764705893205,31.95
-1.7676766763779592,-1.080864149388537,31.64
-1.4117450595514707,-0.3540508441216911,39.44
-1.8945691583074429,0.04721403103215973,39.62
1.1536719658891854,0.7572874837957336,39.81
0.7287313840392491,-1.5274213962793168,24.02
-1.788932447395771,-1.081308757286713,31.72
-1.4516374806440808,-0.3405538264886829,39.55
-1.5778467146706396,-1.2932201368361804,31.65
-2.0370399442847447,0.4891700084958477,55.11
0.8679700408975783,-2.0750305975591035,25.53
-2.0746533803328355,0.42554145669458154,54.99
-1.6152695045789436,-1.2396359490288495,17.32
-1.5271349175349247,-1.324421207793948,31.57
-2.1035115086632534,0.16937950577537203,55.18
-0.03610130564073514,-2.3294017801903752,24.11
-0.624259584077592,-1.8589882573314165,24.19
-0.6763592607072954,-1.873620716083587,24.02
-0.0389018134521711,-2.3193888179499234,24.12
-0.03610108413032249,-2.329401766936384,24.02
-0.7932686036687483,-1.7130830884454131,24.02
-0.8278304144582411,-1.7188034700447858,23.96
0.6635475109779173,-1.5879320459142752,25.6
-0.23785900538907584,-2.2556768766520023,24.23
-1.5254401608303525,-0.4940197739729794,39.83
1.777225223106935,-0.4578462926681697,25.62
-0.28014975089069805,-2.2616431063800464,23.95
-2.1197651988463755,0.133918742852248,54.99
-1.5989353434173916,-0.5117696680304514,39.61
-2.026707173923653,0.2453575222329181,55.29
0.02043520849829704,0.15421536329941612,39.96
-1.849695583069369,0.28271885754473025,39.45
0.38549710269297904,-0.7215438391617269,31.83
-1.869320377805069,0.24535441069434022,39.29
-1.5254401608088228,-0.4940197739699339,39.85
-1.8350370296635539,-0.021157886215960663,39.77
-1.5989353449188464,-0.5117696679150291,42.3
-2.0512830370601107,0.2036957767791892,58.7
-1.8158334334394928,1.316283691679834,55.16
-1.870149213046482,-0.041025307108250725,39.28
-1.8403391750183509,1.2955756551976338,55.33
1.8523323147978175,-1.281239866442145,23.97
-1.8152673665096646,1.3170676086874686,55.2
1.7046610139374703,-0.6092021628066123,24.0
-1.3908732338810108,0.11961604220579594,54.99
0.10350943881397076,0.04132004021305899,40.1
-1.0328671016375932,1.0871209989656438,54.76
-1.8705408358697384,0.14603540480602806,54.87
-1.899028792887408,0.11746730963129923,54.82
-1.840461497888334,1.2953919131718905,55.24
-1.9855657509950695,1.0485668658380507,55.42
0.24857949058398143,-1.7939843690315074,34.19
-1.272872876683824,0.42075367481432074,55.33
1.276970916414094,1.3919452366848009,54.7
-1.0408931839737599,1.0786208855830313,55.07
-0.2606312373372325,0.9842272290483208,55.44
-1.992528375162167,1.0566316696180413,58.64
-1.9668335255436036,0.8699896111510659,54.69
-1.9925508946339232,0.8479340325238094,54.79
-1.870540838076813,0.14603545847198274,54.91
0.10350306319075159,0.04131666390032909,43.09
1.276970916422982,1.391945236678772,54.75
-1.3263908314091646,0.08592675406252957,54.79
-0.838430346747405,1.2620792794024833,39.35
-0.921745826224784,0.9668205770658282,39.16
1.0267324002045464,1.5246565753468053,39.64
1.21751957915342,1.3407453573803298,39.47
-1.2525017940423693,0.2681096158776938,54.97
-0.5208950202077911,0.7107939207927688,54.41
-1.4819380689520294,0.2026453294357246,54.77
-0.7026829287773544,0.7460007230646125,54.61
-1.91190948538884,1.0110003950809017,54.77
0.8014809763970474,-1.4319979751840188,32.0
-1.6085792905159861,-0.5458632824596756,40.24
-1.9389330919456464,0.9777788958607855,58.58
-1.3286592328983289,-1.6708952873342622,32.12
-1.9118881529248357,1.0110463553611542,54.97
-0.8798813416055739,-0.24065744332080463,42.76
-0.8986512862861816,-1.1443568408222338,31.88
-0.40648920749706824,1.121082364227381,55.25
-1.2214981052592702,1.7168119480904556,54.79
-1.6063505262190974,0.26655561480094353,55.61
-1.8990287973098325,0.11746728696987745,54.7
0.5955205266100946,2.0495657033251105,54.67
-1.9385920714348004,0.9784774709675513,54.65
-0.4735336210648388,1.7127439984796398,55.17
-1.9984688267998454,0.8114884185046771,55.01
0.8206731094415598,0.5679460951984671,39.79
-1.8684621249476723,-0.11635368623740341,54.62
-0.437468625278184,1.762617750404844,55.17
-0.2606312506615786,0.984227220689098,55.57
-1.2215234581338659,1.7167908642626177,54.57
1.5314278097876353,0.1392243650072034,34.13
-0.5785674602433559,1.7781490968120175,58.95
-0.11868172527218876,-2.055094888452997,24.23
0.5955206120760832,2.0495656844128405,54.94
-1.1701957849554276,1.5527596844485003,55.16
-2.0229448578512614,0.7905106876143027,54.65
-1.912894307026519,-0.14970225637633772,54.68
-0.8630140071734086,1.2309537225401492,39.29
-1.8652799722993094,1.308691388078873,55.21
-0.11868171343269632,-2.0550948920929786,24.43
1.1324032400184059,1.456951314687934,39.66
-1.0314273697212877,1.8913359881303309,58.29
-0.406475811555609,1.121076537695688,54.91
-1.888523462178593,1.2892368334496445,55.04
0.2835181017706044,2.154806119281078,54.84
-1.1591392231308706,1.270189565174706,54.76
-1.8653077178748156,1.308650617659758,55.57
-1.8885234750247,1.2892368143781094,55.08
-1.9984688284693077,0.8114884149695266,54.38
-2.022944857959694,0.7905106873982953,58.4
-1.1932760958789366,1.2969741819880243,54.31
-0.4681449039155739,-1.4145666396569576,24.19
-0.702682928805907,0.746000722930264,54.48
-0.9565660084767735,1.1894338918622553,54.68
-0.9823219943637095,1.2046057744640914,54.68
-0.5208949354221146,0.7107939489943285,54.87
0.019905049727550944,-1.3716474605581321,31.75
-1.870540835046333,0.14603538478467432,58.54
-1.5557768975862507,0.9407437623951871,54.7
1.954104133445134,0.18349691723073375,31.71
-1.8990286994378127,0.11746778851266601,55.0
-1.2525017958985811,0.2681096140298489,54.69
-1.6110892444904434,-0.4027016556902698,39.35
0.015938122246249863,-1.2723577863171829,31.67
-2.026686369382977,0.2456808629175001,55.2
-2.0505663007938644,0.20653551079614776,55.14
-2.039115622988376,1.0239752897174639,55.35
-1.272872857805951,0.42075346201701586,59.18
-2.0719243334068604,0.9734332060144523,55.3
-1.988772807759987,0.10021595248672714,54.59
0.10215351942361645,-1.4618957192876363,31.71
0.879228670967058,-1.5564845752915322,24.2
-1.982367617294418,0.5711317310607352,40.07
-2.0182444580786223,0.07065578551924624,54.5
0.9170322941386924,-1.5497232135421317,24.09
-0.6242614786254412,-1.8589884763438371,24.23
-1.7760756886935753,-1.1372099923748993,16.28
1.9489693276697448,0.4109230213697485,33.82
-1.4819380680888998,0.20264532991896717,54.74
1.9824015459290083,0.0984523820895223,31.67
-2.103515127763169,0.16935161577912616,55.25
-1.7008851545775239,-1.2337116278598486,31.66
-2.1198172502003723,0.13332293614544513,54.77
-0.5068800566765119,0.23661647807644637,39.42
-0.6763654150315834,-1.8736211693829457,23.97
-0.9295779002807478,-1.7151488002351412,23.96
-1.606350549714335,0.26655568783639,55.47
-0.6242587763116778,-1.858988163949404,24.47
-0.9602462892782239,-1.7300928404195304,23.88
-2.0081413515591553,0.55516034748187,39.63
-0.09897056809027949,-2.0649251722318427,24.15
-0.7384743307239013,-1.8814505568899087,26.02
-0.89147915175837,-1.7501008026944833,24.01
-0.11671612922503857,-1.4092089027904438,33.88
-2.0779790371340043,0.3472811720286149,39.75
-0.578134039702707,0.7485719431767915,54.81
-2.0534177990696594,0.38118104679779125,39.87
-1.9089093390937835,1.2481811662575117,55.21
-0.9293995164565072,-1.7624374531857312,23.94
-1.9358415553373172,1.2259079129160448,55.0
-0.4856322184518805,0.02896883574026951,39.83
-0.004126224588137068,-1.6383559660432634,31.86
1.204491927301785,0.9688172944242538,39.48
-0.64052358318437,-2.204584343076923,23.92
-1.9089553998585886,1.2481199270883792,59.02
-0.24015539581345158,1.1297134517329779,54.99
1.2244054850985207,0.8702602708966717,42.28
-0.4310187447249003,-2.339690854921613,24.26
0.9351652038162391,-1.5555581617973553,24.7
-1.9360885383673918,1.2255609683594362,55.09
2.0295420592332456,0.25616120236469214,31.66
0.5067547988965225,-1.7514916673442253,24.03
0.6110696796661235,-2.1853273551267645,24.02
-1.5100655485759942,0.11521917973986624,54.93
-1.1829621331926767,1.2322720560665121,54.8
-0.5244752681482564,0.19988004226815534,39.29
-1.0949648464310402,1.2771187060459395,39.55
1.8102378313447753,0.7249514508385353,16.43
0.47487440248013013,-1.78862822319566,24.04
-0.6923007804980159,-2.20235749508374,24.05
1.0977394077288347,-2.0646816915587975,24.44
-1.8908292015992327,-1.0877931204890587,16.41
-1.5704707207423918,-1.0757762151909964,17.35
-1.575531784281427,-1.0592472763577012,16.32
0.6127559445641083,-2.1851371430375877,23.97
1.1939918550425537,-1.9628381501197663,24.35
-1.6266904303784788,0.20272618381905233,55.03
-1.937963443462152,0.25882740319611514,39.54
-1.644808334006176,-0.9933837487031815,17.49
-1.3358614645429963,-1.1848970658699547,16.28
0.9689034487401699,-1.589397002971594,24.51
-1.9679370798241105,0.23026531874589787,42.07
0.5068750260021059,-1.751416819837975,24.06
-1.3347117746110309,0.5221131927914433,39.53
-0.9559769154774321,-1.7605243357460345,24.11
-0.9513136948931142,1.2851501919706034,54.8
-0.4270616501259258,1.8123349900344272,56.23
-1.8106621184477876,-1.0391438500328776,16.21
-1.9887728455228733,0.10021577086118477,54.77
-1.8289680649145834,-1.0428128752182524,16.22
-1.4591449822130496,-1.0422074128791952,16.24
-0.31444972561665613,-2.2438035879795275,24.05
-1.639206997558415,-0.3701188153323038,41.93
-1.2067022604839417,1.3507414789249075,54.61
-0.3553142590727968,-2.2465234140682178,23.85
-1.7568448445463072,-1.1671262771565314,31.78
-0.48909461818490507,1.9045138378202007,55.51
-1.8160549946164055,-1.092827172979991,16.29
-0.38332373282150317,-2.252484231947387,23.97
-1.517308437594443,-0.9749218221151947,16.28
-1.1887131945051272,-0.9637365771878641,16.29
-1.9303153387892125,0.14254749403971792,54.7
-0.5543658286044644,-1.4328767299815213,23.98
-0.20080025347281502,-2.079230820620592,25.48
-1.6448083340061714,-0.9933837487031816,16.33
-0.6114381024810763,-1.282242355858654,23.9
-2.0182443732290873,0.07065623330201891,54.69
-1.5313727520816027,0.5694950071578707,55.17
-1.7551761125177678,-1.1164642164478085,16.33
-1.778538286340671,-1.1208216680912686,17.3
-2.0437423506970664,0.09633458276178587,54.44
-1.1887131903402197,-0.9637365776170922,16.3
-1.7512246002759322,-1.1325581404483458,16.31
-2.0693021449907034,0.235526580026431,56.06
-2.130230687755814,0.17767177667642825,55.61
-1.7760707632791077,-1.13721824876377,16.25
-1.5941696999064865,1.0400695211844226,54.91
-1.6000147480229334,-1.0231929490870555,34.01
-1.6845643988649854,1.1677163937095631,54.79
-1.65961805962556,0.9096895512355967,54.87
-1.2154612694514517,-0.9705719664806136,16.3
-1.7324268727877172,1.1917563006108849,55.03
-1.8306737584284343,0.046436157490415284,42.19
-1.7336376542848597,-0.38081935535433575,39.98
-1.0322641164776027,-1.1754555999964063,31.64
-1.4869011257926066,-1.3342990391003857,31.69
-1.5269415461793083,-1.3246418324006095,31.73
-1.215461321198821,-0.9705719603977798,16.24
-1.8105339552289064,-1.1112452809066906,16.31
-1.7598384500336952,-0.4035108603276344,42.44
-1.858193765242685,0.019018679001817664,39.47
-1.850033758734699,-1.1313787103157973,31.99
-0.3135080898876439,-2.243906657199459,23.83
-1.6708549753672648,0.976482544629766,58.43
-0.3550186832723338,-2.246595235230278,24.02
-1.5778047268119553,-1.2932685372189208,31.85
-1.0476772080247971,-1.2120588790525988,31.7
-1.8613390149610642,-1.1342279222066762,31.68
-1.7849790393347595,-0.4013501190971621,40.28
0.45007018915290464,-1.1760494867179732,24.02
-1.7119508549248432,0.9231583457841829,54.6
-2.0847512044790335,0.2861546443529621,55.41
-1.9668339902091028,0.8699885717362842,54.71
-1.4865893137231487,-1.334569436694142,31.57
-1.9925508946055135,0.8479340325714004,54.6
-2.1080006583892916,0.2331899323193425,55.03
-0.6232061119912085,-1.2958889290720452,24.01
-2.117605040393332,0.26717720011842294,55.9
-1.8545013782659967,-0.07972895918393208,54.66
-0.044399344745867105,-2.1760592782436237,24.09
-1.8986348731353122,-0.1081808807720158,58.45
-2.033366285115069,0.722202365244493,55.12
-2.0555510589877035,0.7044526808569752,54.52
-0.8914791413356672,-1.7501008106845104,23.89
-2.016105631077588,0.46950190647090334,39.88
-0.9293995778790233,-1.7624373990601891,23.88
-1.9168404915877457,0.3509654033876817,39.39
-2.046368017455905,0.4263770989715941,42.43
-1.5271081419762629,-1.3244517869469008,31.83
-1.9483351594228402,0.30616886970853835,39.39
-2.0633950508807897,0.44150580012283136,40.37
-1.963058395547067,0.010590341853428647,39.41
-1.99190841104516,-0.029188724275232312,39.36
-0.6532727498484969,-2.1962228773631565,23.9
-0.48071895988337204,-2.3117192056172327,24.21
-0.7031404572290645,2.089923551445742,55.07
-0.6761412915583136,2.1062753702285115,54.91
-1.5776917907482295,-1.2933987784491117,32.2
-0.6232061119912238,-1.2958889290720437,23.93
-1.4172398065324134,-1.447818721506065,34.0
-0.506514073994844,-2.313333836317573,24.04
-1.4180026432204929,-1.4650117886414373,31.75
-1.658183517573914,-0.39719708049466085,39.45
-0.9621304114164672,-1.8426326463027005,24.22
-0.6833737875215056,-2.1992436997699176,23.89
-0.5899790560065588,1.90598030598097,58.42
-2.0329473507667863,-0.0868311472250177,54.91
-0.8854498065829682,-1.7363225010805579,23.97
-0.9702554286821586,-1.7645923228202542,23.98
-0.9903285595167999,-1.8422600941909533,24.04
-0.7080183986474513,-2.185122281556562,24.06
-0.918628535506677,-1.7515742348501817,23.92
-0.3860823674201476,-2.251927257564967,23.91
-0.5631524112157374,-2.3090970921171086,24.35
-1.0150320475022123,-1.8437167038383233,24.64
-0.8278306733044124,-1.718803249675084,24.19
-0.2715174366137663,-2.2753706550195076,23.92
1.4095944253860275,1.1003812237879838,42.78
-1.7504750252199397,-1.1896995142511675,31.72
-0.7691064670871113,-1.749283771237602,24.14
1.434139998205691,1.1068849025693883,39.59
-0.5704599963294515,-2.221352761641688,24.02
-0.6061686871677627,-2.2209302244578635,23.93
-1.9725113183290284,0.1691649958079153,54.65
-1.1306903725968713,-1.1318181347263991,16.2
1.4442812780758818,1.1316811879252617,40.36
1.2051665233516187,1.7110032520810823,55.58
-2.0036234762966476,0.13612297892041475,54.99
-0.20873397920287085,-2.275752169437435,23.88
1.242779185897424,1.6975060798667063,54.98
-0.7798177849484335,-1.7602939065162946,24.19
1.2103395154784493,1.7408858388549242,56.0
-2.057244856764144,0.8066857727379496,54.48
-1.1306903557932593,-1.1318181451192524,17.35
-1.5914048606436582,-1.240395356201664,16.33
1.0206263280745902,1.8448179225020187,40.38
-0.31364830742027516,-2.2438916651245027,23.89
-2.0771543405002735,0.7822436740512957,54.75
-0.7419653385175533,-2.1837448920867617,25.61
-1.6153216992774795,-1.2395515557861254,16.25
-0.9652711356890953,-0.9599300929513761,16.29
-0.48381430594643066,-2.0678070462080824,24.27
-0.352700146618824,-2.247153954698039,23.97
-1.6988161073025094,-1.1475916876238341,17.52
-1.9899483724025007,-0.10939574352846888,54.66
-0.23724395346096222,-2.255711953644826,23.89
-2.0073032021817507,-0.13940403510320593,54.77
2.0124618575884887,0.7566692220723571,31.95
-1.62225339417353,0.9541240450554809,54.99
-0.7147996761480556,-1.408542139450106,25.65
-1.160871529777964,-0.21695202675692654,42.12
-1.386055344092062,-1.0843079805559779,31.77
-0.9652711357725715,-0.9599300929479484,16.29
2.028356826413777,0.7512416496107941,32.03
0.8248841817690415,0.7948512083697631,39.84
-0.4660265953155042,-2.075276167462463,23.91
-0.5273972671568059,-2.302802537264503,24.12
0.8248841817688015,0.7948512083696747,40.0
-0.9161474480127981,-1.0068620333334264,16.31
-1.0309441000507,-0.05743227879035582,40.11
-0.7498418990323972,-1.7064349944374548,23.85
-1.4591449991090224,-1.042207399634185,16.2
-1.030944100050612,-0.0574322787903035,42.54
1.6581735818002852,0.5128624013221926,32.24
-1.1608715297779626,-0.21695202675692427,39.38
-1.308878113871856,-1.4795689035703494,31.81
-0.2801718977783904,-2.2616428285934895,24.06
0.3101389995153364,-1.765353583204183,16.39
0.3195822671577452,-1.8114014326254722,16.41
-1.3860551599088857,-1.0843081225850766,31.69
-0.5836795490140101,-2.2976177656581758,25.58
-0.33716447070758515,-2.1686329222375793,24.03
-0.7932686302160138,-1.7130830754708917,23.93
-0.7330500560766221,-1.539532970793088,24.12
-1.4591450260394119,-1.042207378523019,16.36
-1.3547159463470746,-1.4719903900115774,31.69
-0.6645922319002672,-1.7365670322337108,24.01
-1.3448667139136614,0.3426524441700981,39.52
-1.3930483102667501,-1.629922604577105,16.28
-1.3088899221658077,-1.479560166004215,31.65
-1.571416318104797,0.2940888866556513,39.42
-0.42048468973142855,1.6433564015785944,39.77
-1.3448667139546335,0.3426524441946234,39.43
-1.3547161205593428,-1.4719902137488619,31.65
1.8868087455610412,-0.5434747892405979,24.18
-0.26120737364479596,-2.1832621981797096,23.96
-1.2776355779675646,-1.51673494389907,33.95
-0.717964898294394,-1.742252712713077,24.08
-1.571416317383462,0.2940888891127605,42.02
-1.117915823032013,-0.08875636957398708,39.46
-0.6645906279233726,-1.7365672552262894,23.96
-1.4581055064009065,-0.9922126205510791,31.63
-1.3247070142665713,-1.5160629324745214,31.58
-1.3859086729897987,0.2878604274840282,39.32
-1.3859086753036038,0.28786042601088485,39.36
1.9100883509007751,-0.5282396876446455,23.99
-0.7147996761474672,-1.4085421394492013,23.88
-0.7179649097459319,-1.7422527100056404,23.92
0.8469946229833075,0.5478660073362738,39.82
-0.48381431003256625,-2.0678070459576134,23.95
-0.31208663442055856,-1.9390957807731428,23.96
-1.5334779080366665,-0.4423355509196014,39.45
-1.5854050376311895,-0.46143965548845195,42.04
-1.4407162824787905,-0.4380841956360645,39.48
-1.4179620378876765,-1.465032350942055,31.85
-1.428952778494467,0.09292925726015062,39.64
-0.46602686819054034,-2.0752761499151564,24.08
-1.1587423121774556,-0.07445190809454791,39.76
-1.4289527785856897,0.09292925712153732,42.01
0.7930510437172081,1.1884526594949578,39.88
-1.6000147481677645,-1.0231929489742115,31.87
-0.17946433040628926,-2.256331458388194,23.94
-0.6901035724752986,-1.4460456393036933,24.14
0.8063089675105124,1.1204945284317307,39.83
-0.6645883743997706,-1.7365675683780575,23.99
-0.6901035724697787,-1.4460456393086647,23.97
-0.21329289606208762,-2.2623184026174257,23.95
1.5861947214038739,0.09539135211250058,31.86
-0.5543658286058225,-1.4328767299810472,24.04
1.7918514719132699,-0.9164250365066129,24.09
-0.7179650748711905,-1.742252670966402,25.64
-0.6534705063037328,-1.7485190975604081,24.01
-0.33620926751882363,-1.93390095566806,23.94
-0.553263935525172,-1.4647181753276848,23.95
-0.33718770698573175,-2.1686295279964005,24.22
-0.7248006226718946,-1.7561094461996098,23.96
1.429849878677381,-0.4637905712568314,25.86
-1.0022420082585164,-1.2755707450576903,31.65
-1.6688091780605725,-1.2967568540669832,16.25
-0.5173302316256687,-1.506026260072198,23.98
-0.5543658285986514,-1.4328767299835328,23.93
1.4075537255448638,1.4380182583077266,55.52
-0.5173302316258572,-1.5060262600721144,24.05
-1.0022420082585215,-1.275570745057694,31.62
-0.2008002533733137,-2.079230820648328,25.47
-0.5532639355212152,-1.4647181753290894,24.14
-0.733050055734669,-1.5395329709271683,24.15
-0.20080025355396197,-2.079230820597973,23.91
-1.589937784535121,-1.3431181974910966,31.78
1.4346870351782146,1.438289558946123,54.9
-1.6139401892881724,-1.3449754947184107,31.75
-0.261168862881776,-2.183267558743409,24.02
-0.8458704327541247,-1.7762821336225263,24.27
-0.2008002534385986,-2.0792308206301278,25.61
-0.0443993914827016,-2.1760592747147287,24.08
-0.5532639355343062,-1.4647181753244376,23.78
1.28368180907317,-1.6743083544661816,24.41
-0.6587106462732135,-1.5017205316338338,23.97
0.7629327015844178,2.0770617506630664,59.04
1.9757408250810982,-0.8404788769517141,24.11
-0.658710645848876,-1.5017205318905011,24.01
0.7754417076615253,2.0820339102563135,54.81
-0.6901035724489101,-1.4460456393274712,24.02
-0.8727519419629324,-1.7872548230693057,23.89
1.596822783211353,-1.110110431929088,24.1
-0.8458704319274866,-1.7762821341679427,23.95
-0.8727519787996957,-1.7872548063686013,23.92
-0.5532639355710678,-1.4647181753113656,25.65
-0.6901035724383974,-1.4460456393369399,23.98
0.8917556798732402,1.1643616919936708,55.43
-0.4045260765011103,-1.968221409393793,23.9
0.44487849295456694,1.8188662127947266,55.35
-0.5543658285743408,-1.4328767299919678,23.94
0.8917556798733701,1.1643616919936945,55.24
1.3521381971355233,0.17760799394753177,16.18
-0.41970614564172715,-2.0799020794090475,23.93
-0.0085334092323659,-1.5717970859030372,31.52
1.4181768117371194,-0.07369992572964261,16.43
1.9757397804492178,-0.8404811226233575,24.08
1.3819666137989852,-0.10010560338263362,31.51
0.890552764579344,1.1130209681599068,55.06
0.4448784933374043,1.8188662128672661,55.33
1.4181768653524576,-0.073699924719333,17.36
1.3253245246852534,-1.904486118720158,24.18
-1.0476772080049193,-1.212058879063817,31.55
1.3317430330484072,-0.6689734143836594,23.94
1.5578703991713005,0.35387773790038,16.47
-0.419706190364891,-2.0799020720027417,24.11
1.291576789710617,-1.92087648931462,25.9
-1.0720850872595182,-1.257772680391725,16.31
-0.7046196927765077,-1.4638670533125644,25.56
-0.7046196927891838,-1.463867053304111,23.97
-0.2655715110504514,-2.060824256148429,23.87
-1.0322641076040604,-1.1754556056949041,31.64
0.03516855907157627,0.12582638127437987,40.06
2.255769244339298,-0.6569076571026854,24.13
-1.472689283468422,0.17161894533874775,54.69
-1.0017245677559528,-0.29808830039553447,39.19
-1.0017245677559699,-0.2980883003955422,39.39
2.2448587174628774,-0.6692250404751253,24.18
-1.4726892857234575,0.17161894357922655,54.91
-1.1966677221722593,1.8224634340399302,54.29
-1.3448667138720958,0.34265244414522616,39.26
-1.0720850769772063,-1.257772687685215,17.38
-1.5100655485759515,0.11521917973995503,54.9
0.4452368364417956,-0.7078232228362471,33.91
-0.22419991296053007,0.9061866978289006,39.65
-0.9739332619777978,-0.25544047149922344,39.14
-1.1869891083024617,1.8115642983643239,54.59
-0.880823915282533,2.0658007407750443,54.89
-0.22879514929391656,0.7959782973707787,39.83
-0.5325759379020663,1.600044888521635,58.82
-0.235371660903278,0.8312119777243147,55.3
-1.5100655485731993,0.11521917974579812,54.32
1.3317430330484092,-0.6689734143836591,24.16
1.0960962167414026,1.4814304643852565,54.64
-0.2353712180074435,0.8312121728814094,55.11
1.349104504462787,0.9360159300663214,40.03
-0.9739332619778011,-0.2554404714992266,42.05
1.3724558784099998,0.9480627773306147,39.7
2.0811515246778733,0.3950055662171776,16.3
-0.24968320396450672,0.7337718015380787,55.06
-0.4521390279169207,1.6573791171174101,54.67
-0.7523426758712924,2.045906498507684,55.44
2.099128758963104,0.37527160119039216,16.46
-1.5043809900961949,-0.4752451985286478,39.78
-0.6389093705204006,1.6499391340360443,55.33
1.128284838661949,1.492234907838203,54.65
-0.6389093705866226,1.6499391340040466,55.31
-0.7980214892982499,2.0361739390996454,55.07
-0.8941696768793159,-0.27975121167411365,39.94
-1.5771518263041053,-0.4993928673629796,42.24
-0.9867563510287054,-0.3686050146898109,39.33
-0.9867563510287053,-0.36860501468981105,41.85
-0.9196331708691046,-1.1676774836393227,31.72
-1.0017245677559232,-0.2980883003955223,39.18
-1.4976084106774934,-1.5196302474277763,16.39
-1.5285077301850682,-1.5130263834594582,16.42
-0.9016499989416468,2.0489258851392456,55.1
0.01752886724263191,0.27120973151271976,39.73
0.4580900531112492,-0.5713420355095647,31.96
-1.001724567755967,-0.29808830039554096,39.12
2.0876401679624648,0.2762038260464266,31.96
-0.9427917434176659,2.0461401629477054,54.91
-0.956568321410224,1.1894314403529984,54.52
-0.9028046881241759,-0.14893261229544227,39.87
-0.9344281612550367,2.0377376301238197,55.12
-0.9672371990956538,1.2181861993152,54.5
-0.9563946578984756,-1.059729812820172,34.04
-0.7533357581662495,1.9054921103128306,54.91
2.106048020894048,0.25720616196273555,31.85
-0.9739332619777981,-0.2554404714992235,42.24
0.6012457450945413,1.1928109174246753,54.84
-0.6157368694726221,1.892779908477068,55.03
-0.9028046881241755,-0.1489326122954423,39.94
0.6012457439893523,1.192810917586167,54.46
-0.9739332619778005,-0.2554404714992266,39.37
-0.9563935050741398,-1.0597303721374585,31.9
0.8902205895998664,0.6712107519194592,42.35
0.6475400010522506,1.1642812479769487,54.41
-0.5899790272072655,1.9059803187283457,55.0
-1.9654955178695082,1.0063026792944472,54.73
-1.4289527779423497,0.09292925809912533,42.12
-1.990827355761849,0.9817398431668907,54.81
0.6475400010498843,1.1642812479774345,54.77
0.8902205895998959,0.6712107519195052,39.76
-0.5405231208678342,0.793428107781466,54.67
-1.3514334568298114,-1.613556730817376,31.94
1.723355376844574,0.16892256271057346,31.89
-0.5405231398782442,0.7934280976275055,54.8
-2.0016824490437033,0.9373441294834418,54.83
-1.4289527760231588,0.09292926101545448,39.28
-2.028329980073563,0.9147442244221372,54.97
-1.7784197397531674,0.9276973633126608,54.89
-1.4002589680729225,-1.600620331980893,34.06
0.14745874510685855,0.13954975043223017,42.42
-0.5781340359150823,0.7485719442714415,54.59
-1.670854975138793,0.976482544938623,54.61
0.81989109165068,0.6557547501627852,39.98
0.16481870509539043,0.14316452239199104,39.44
-0.5781340999764376,0.7485719257593659,54.48
-1.4289527786911145,0.09292925696133776,39.39
0.3050894128280509,-1.6487318938405442,31.87
1.0476476449257042,-1.2726900675563255,31.75
0.337551488806476,-1.7238601258253374,16.34
-1.7119508555090583,0.9231583449391686,54.8
-1.6469629910550398,1.2102259506378974,55.07
0.3462559603398098,-1.794380995363902,16.32
1.5584871948602417,0.27364328643686014,34.12
1.3733375493025748,1.469446368732389,55.62
1.3937614719583127,1.4723901822012413,55.07
-1.6845195633323249,1.167793249818486,55.01
0.5443504859577908,-1.492298326697108,33.99
0.2569500925975658,-1.7604156554645796,31.75
-1.7784197361200433,0.9276973705775033,54.76
0.9745127300985281,1.6727615227163524,54.81
1.0167297519254508,1.6722917300530453,54.83
1.0984305063996007,1.5923921216550998,54.84
0.27703249434505595,-1.6552851093913017,31.9
1.1303334546871315,1.5921845752975932,55.0
0.8550011202132556,1.1795533310950026,55.21
-0.24420685238791823,0.8574695585530046,55.24
1.0162671908038632,-1.2625952133760063,33.96
-1.732419648069345,1.1917681120805756,55.02
-1.1359023677324869,1.3006440734629972,54.68
0.00030365302061863226,-0.6725094241483466,17.3
0.855001120186066,1.179553331090119,55.45
0.01752886724251068,0.2712097315124646,39.6
-1.4289527748336082,0.0929292628230593,39.48
-1.1703976488702494,1.3233639056124802,54.86
-1.5078239200049666,0.007833994229504536,54.56
0.6580530184721406,-0.4940231531912147,16.34
-1.5173084375944281,-0.9749218221152012,16.26
-1.1591392733106498,1.2701896209133914,54.28
0.4580866307053225,-0.5713434856122944,31.89
-1.5078239200049872,0.007833994229497007,58.35
1.3104344296529695,1.5212340760465979,42.59
-1.6448083340061734,-0.9933837487031817,16.51
1.627026252338392,0.5001100360938524,16.24
0.536283900510159,-0.5176966945831056,16.39
1.3361886828518097,1.515719315549343,39.57
1.7919730673176175,0.6736410943906828,16.41
-1.1932760984334647,1.2969752959405303,54.44
0.7540231662652134,1.2148331518876627,39.96
0.7540231662301304,1.2148331519044737,40.51
0.049943927978622654,0.3686487954998166,39.61
-1.5078239200049806,0.007833994229496318,54.6
0.5664934453598228,1.326486987943652,54.46
0.957038425644681,-1.4969501686704243,24.14
0.5664978074622027,1.3264852033136223,54.47
1.3789928011256607,1.511234627342906,55.87
0.6609729688654422,-0.6137209742844383,31.78
0.9915763437474461,-1.498374543333961,24.35
1.2912714692453753,1.5814730052887973,40.11
-1.5078239200047423,0.007833994229639814,58.36
1.087225801298916,-1.6739158669945517,24.14
-0.9947107094183931,-0.11598643796630885,42.31
-0.742256547706637,0.8291009837000421,54.61
-1.1444263066427576,-0.29975361844260906,39.23
1.1674311215168998,-1.6232417284273357,24.17
1.3894677885281528,0.8999900636865399,40.23
2.117075911058913,0.09560650078065266,32.41
1.389467788528149,0.8999900636865371,40.33
-0.044427611499977385,-2.176057149874023,24.03
-0.7330500571821577,-1.539532970359604,24.39
2.1170759102134435,0.09560646537937477,32.16
0.7773750044727352,2.0940146386940794,55.5
-0.7422565477045515,0.8291009837164022,54.39
-1.632303373464489,0.14006711286757356,54.68
0.3732658229208773,1.8713374411422918,55.45
0.03768663988249883,2.207479487298113,55.01
-1.373450122407977,-0.34538651937702836,39.33
-1.4117450595497563,-0.35405084412149407,42.39
-0.7498371116303103,-1.706436322032976,23.94
0.8126876704701315,-1.038244755723381,25.89
1.5690479397390262,0.32965956314658185,16.44
-0.7932686782101546,-1.7130830520142004,24.05
-0.26079732640703823,-2.1833192406456567,24.25
-0.23786348463044477,-2.2556766081425037,23.86
2.0413349195924555,0.5941806964490495,16.48
0.1730759097632743,-0.6177881723580778,16.23
2.0619885786864813,0.5718438157820822,16.26
-0.28017221639988177,-2.2616428246041,23.99
-1.3734501223891347,-0.34538651938746423,39.42
-0.12241373995198734,-0.014411311839546618,39.35
1.5690479397281705,0.3296595631183067,17.44
-0.1224137399518283,-0.014411311839474436,39.26
-1.4117450595454517,-0.3540508441210036,39.49
0.19283743091484298,-0.9515448391797596,16.37
-1.3279443979942214,-0.4167970299952544,39.51
-1.3745611880400952,-0.4283876976948183,39.38
1.5410164424761272,0.1954516707577599,16.4
-1.6323033734640673,0.1400671128856224,54.66
-1.3401837859990038,-0.43695661271441016,41.96
-0.3046800176518495,-2.0549879214962226,24.01
-1.3929911384968803,-0.4521670160563372,39.5
-0.7147996761480521,-1.4085421394501014,23.94
-0.466026573301508,-2.0752761688781227,23.97
0.19283923255212285,-0.9515425521778943,16.18
-0.4838143922143732,-2.067807040920032,25.46
-0.33708793965023787,-2.168644100975344,24.16
-0.7080200108838183,-2.1851218272977944,23.85
-1.6000147474780402,-1.0231929495115974,31.71
0.5660777629379521,-1.2862552461168555,24.05
2.105922738759531,0.13753556188437352,16.27
2.1059227435815298,0.13753563882563147,16.38
-1.4581053317887123,-0.9922126313656258,31.51
0.42480432900104925,1.5140940223793484,54.64
-1.8306737353361402,0.046435979661442334,39.45
0.5660777622443457,-1.2862552462562182,23.94
-1.5078282559412592,-1.1302306521041843,31.96
-1.8581937659637127,0.01901865318681896,39.35
2.1200790747610907,0.11943749281751107,17.39
0.0955441961239214,-1.0018322457287494,33.7
-1.386054951683902,-1.0843082831478694,31.68
0.8428956058911643,0.6191048227882521,39.83
-0.6766374778745187,1.1597199216684588,55.26
-0.6766374468883667,1.1597199612535203,54.58
-1.8350370300908938,-0.02115787494595858,39.35
1.6342015900796092,0.18797039703030774,31.87
1.9333263558569573,0.680357689693187,31.54
0.0955442312544955,-1.0018322427879105,31.42
1.1950597655360549,0.9946956588381063,42.22
0.09681343145444514,-0.6861251736468603,31.74
0.6878739297202181,-0.822936488451616,16.46
0.7029368214330456,-0.5791252329422083,16.3
0.5329768167345111,-0.8877096727053165,33.89
0.9106329323706159,0.5594414863511012,39.67
-1.870149220600704,-0.04102546896470155,39.36
1.254246088451458,1.6422329994304992,39.68
-1.8545013782658393,-0.07972895918340411,54.73
1.717995327438644,0.020025359860119687,31.67
-1.8986348730012994,-0.10818088005194008,54.65
1.7307528256701052,0.06432924911377742,16.29
-0.7008048058605728,-1.6235233236397772,16.4
0.9106329323706157,0.5594414863511015,39.7
1.9235944046810292,0.7572789056358017,16.18
-0.4871834873973493,0.3117729693822214,39.33
-0.1263895941426368,-1.2732761381997209,31.64
1.717995327438699,0.020025359860336732,32.09
-1.8684621245642907,-0.1163536852629236,54.87
1.7307528256814853,0.0643292493076059,17.3
-1.9128943070137463,-0.14970225635182208,54.56
-2.0333662986991876,0.7222023395202759,54.84
0.6389505367645774,-1.0168954464037758,17.34
0.940553046270118,1.3109442826567461,55.11
1.009794287983646,-1.8257642358245696,24.19
1.2783748788049925,1.6393614903919558,39.58
1.1260500586977578,1.5336906948876068,54.7
0.751230921351881,1.3053411139319233,39.82
0.7512309235915635,1.305341112533347,42.52
-0.9514175952535229,1.2850689421361325,54.81
-2.055551442004019,0.7044517454095057,58.49
0.6484187358445609,-0.6480802952654069,16.3
0.8434452343623826,0.7129800624549635,40.0
1.2172030853461298,-1.7252352570370406,24.17
1.2836818091022633,-1.6743083544417134,24.16
1.6471102288030006,0.3594711328129768,31.84
1.2482307619046697,-1.7556948942208503,24.21
-1.186677817947076,1.3738628023716157,54.73
0.933174870997081,0.7423051522883604,39.59
1.2922521055346305,-1.920382476163163,24.09
0.9331748709970847,0.7423051522883917,39.65
-1.9119092997719396,1.0110007950536914,54.44
1.7960561884618373,0.29563319210161293,31.77
0.6475400010300054,1.1642812479815179,54.71
-1.2067022604743438,1.3507414788369438,54.51
1.3885397849213181,1.5402653313255301,55.47
-1.9389342897278645,0.9777764471692775,54.71
2.087821535779399,0.06026293077376634,33.95
2.1015140987061676,0.05011603869210883,31.6
0.9975625979581662,1.7120028665692006,54.83
1.1008160657947286,1.6424834551206888,54.75
0.010502348894534734,-1.2576379554423416,31.9
0.20093579726680236,-1.2541229425866929,17.32
-1.555776897586252,0.9407437623951904,54.66
1.4054501038848988,1.538642104524818,54.9
0.8940833502183547,1.24713804412939,55.3
-0.8278305037714117,-1.7188033940072147,24.0
1.3275894033126512,-1.9026247093069568,24.23
-1.1403855949488737,-1.3803747562306234,17.42
-0.2713898778401703,-2.275376971425495,25.56
-1.0237689320703238,-0.38421886514944353,39.62
-0.3537387478478634,0.13546053081274256,39.41
0.06417335991611987,-1.2752620243438326,31.56
-1.4516374806455516,-0.3405538264900035,39.6
0.4332963422977195,-1.101389463626943,16.32
1.2807037703209303,-1.7364042950552832,24.06
-0.3286288867333945,0.1418767559779757,42.04
-1.481723305954418,-1.5424704715827842,16.42
-1.8945694197305334,0.047213194927900944,39.37
0.9703815700365672,-1.110354172063127,24.12
0.8508178291251407,-2.0546419624746934,23.98
0.9385434869743998,-2.0302407436793315,25.61
-1.514170592824716,-1.535699699793754,16.35
2.0998423835834683,0.22865957844798201,31.89
0.6735230917235087,-2.1037316864168765,23.96
0.794826525520999,-2.0807039479380323,23.93
0.8940833518678895,1.2471380437787398,55.26
-1.912061591581158,-0.01482450401067135,39.48
-1.9355948300454693,-0.0753781564659794,55.06
-1.9460883664236424,-0.12547202570418595,54.88
1.7217148676061227,-0.5270244900194648,23.89
2.115442842909736,0.2152951044604747,31.7
1.7439405901754528,-0.5233377672323807,23.91
-2.0734986952736185,0.7012538250009889,54.85
-1.921363068300613,1.0467695400271555,54.78
-1.8306730712564567,0.04643086626791508,39.21
-0.5833273827296598,-2.2886430230862342,25.82
1.9411545672969288,-1.1266251726022187,24.05
-1.8581937650347369,0.019018686446950678,39.46
-0.5859064116050544,-2.297155459199588,25.83
0.8237419308419723,-1.9149651843362816,24.02
-1.3279698920011236,-1.6350874650369362,31.97
-1.3779449704667843,-1.6251986856442622,31.82
1.260292502578302,1.6786841640398018,40.22
-0.7417829653355275,-2.1838141569048823,23.93
2.1015839193689283,0.3256333491493698,16.4
1.3800977739477995,1.5822497440805074,59.34
-1.837999247030613,-0.16966581431319633,39.38
1.2869216840980404,-1.8852111276902077,24.33
1.7979594587571741,0.38214988426043217,16.4
2.1203889340786035,0.30559184492090796,17.34
-1.140387202081807,-1.3803736529936241,16.45
1.7781943550671364,-1.3307646861460618,23.86
1.3131791919700082,-1.8743230830818434,24.18
1.2453501326801109,-1.7068730684476903,24.05
1.8098445947799942,-1.307034538584943,23.84
-1.0237689320702767,-0.3842188651494431,39.53
1.7935546281300867,-1.3183123051452186,23.81
1.8253524977884628,-1.2939803164873205,23.93
-1.872189313122851,-0.20243200820815357,39.34
1.6394400530783306,0.269093892841088,16.29
-1.8350370592691503,-0.021157105327882533,39.38
-0.35533005378621985,0.20839056505140188,41.98
0.930454067460759,-1.102516465206104,24.27
1.7307528256593412,0.06432924893045872,16.29
2.131857849338792,0.1777121538124573,16.49
1.138988800942758,-2.022801286194688,24.27
0.9106329323706174,0.5594414863511001,39.4
-1.8701492261042199,-0.04102558769276811,39.33
-1.1403856072018315,-1.3803747478197483,16.28
0.07786090995832048,-1.2798025335031529,31.77
0.04528861570391284,-1.2466620210767845,16.34
0.7684618859945322,-2.100783169118079,24.15
2.131857807087066,0.17771408090714305,16.55
-1.216443130972233,0.3535319004666665,39.6
1.190747415401624,-1.9969326323989416,24.01
1.5065021530415432,-0.61088601727779,24.08
1.855431950494928,-1.2673057738529212,23.95
0.3107051548927144,-1.8431005716127282,17.58
-1.8545013782615118,-0.07972895916925837,55.31
-1.898634875067503,-0.10818089115420552,54.72
-1.8780743893567071,-0.2319875795331764,55.16
-1.4404777954483956,-1.6077215689569764,16.45
-1.4404717828248237,-1.6077268446555868,16.43
-1.905940238720972,-0.25374987468934673,58.54
1.2231134666390862,-1.9703130083612872,24.17
-1.3286592442082166,-1.6708952821074148,32.29
-0.47076353802774523,-1.621955850734578,24.05
1.5065021513336185,-0.6108860202780534,24.03
1.1211057021114932,0.8652450431314858,39.35
-0.4707635380223223,-1.6219558507356415,25.64
-1.608579311903373,-0.5458632804023273,40.41
1.2497498342895108,-1.960785854157727,24.0
-1.481653750387498,-1.5425299096533258,16.45
1.9239338562660224,0.5711075821755194,16.24
1.948970334212043,0.41091916683597945,31.65
-1.868462124069667,-0.11635368400568707,54.42
0.9470477902733234,-2.039721743451143,23.98
-1.5141323744993187,-1.5357382876876227,16.27
-1.3279616858657075,-1.63509351909752,31.92
-1.9128943070062652,-0.14970225633747014,54.55
1.9862643515592504,-1.0724633272834037,23.96
1.7771794735259439,-0.4579296920562996,24.04
1.1525850569109841,-1.455530541700521,25.85
1.8523325451099615,-1.2812395896853017,23.89
-1.3779410877864857,-1.625203028851616,31.99
-1.252501795961616,0.2681096139670973,54.53
-2.1120118674119976,0.800095547074194,55.89
1.1705883687027832,-1.4613822196635025,24.15
-1.5709922826229852,0.8777670856637684,58.68
-0.960520305955443,1.035130182245059,54.54
1.185879371303534,-1.8041270618061853,24.01
0.9107032019520934,-1.209514846775334,24.12
-2.033366297384138,0.7222023420105823,54.94
-0.9976046040214126,1.1299287415119748,55.09
-2.055551441250825,0.7044517472490229,54.58
0.9492769160836954,-1.1910706077373467,24.08
-0.08692547212001556,-2.326051276048995,24.21
-0.10559073390467742,-2.335823124354251,25.79
-0.4474594434881065,-2.319712596262768,24.2
-0.5079855019944485,-2.3130084114083744,24.0
-2.0741326342401725,0.002941836195228898,40.62
-2.0767885775434047,-0.10508824376880861,55.59
-1.5557768975862114,0.9407437623952501,54.92
-0.23277596212423982,-2.0736710490301045,24.06
-2.0812540003746274,0.8241786653399514,55.46
-0.9941934374080676,1.0511304337671608,54.65
-0.23277596697058667,-2.0736710480383587,23.95
1.158119468545757,1.379141972070036,58.67
-0.3627649228177206,-2.340377560980242,24.1
-1.3859086646350125,0.28786043280345464,39.33
-2.1066719461827272,0.7807059264218305,54.83
1.2068852570316229,1.4834508855933342,58.57
-0.5022338862340184,-2.3189291581217337,24.11
-1.3859086747812066,0.287860426343478,39.42
-0.9621323727172763,-1.842631693375602,24.22
0.6475400010537768,1.1642812479766356,54.77
-1.6025788046099079,0.8462959271401297,54.66
0.6696522374566121,1.0857769871518037,54.63
-2.034378084186632,-0.015658568183728194,39.93
-1.9355948190416254,-0.07537808739054516,54.79
-2.0518689775595758,-0.042785933789222026,39.57
-0.9903285641308553,-1.842260091496729,24.13
0.2516321667121286,1.8193687058316645,54.5
-2.073498699240631,0.7012538149177655,54.82
1.2088775931222309,1.4312673923854737,55.24
-0.05584721830456194,-2.1723851459701935,24.28
-1.9460883665690694,-0.12547202707026953,54.57
1.2172325096831937,1.530173535822231,54.58
0.251632166769864,1.8193687058320633,58.53
1.2032675174698007,1.389078048927159,58.32
-1.5100655485759549,0.11521917973994766,54.97
-1.9312427696834706,-0.23442386705900872,54.95
-0.022126307604669205,-2.3244052672427338,24.12
-1.7492358766798057,0.8348296108787585,54.49
-1.749235876670318,0.8348296108924597,54.81
-0.025145196820166235,-2.3341432776997695,23.92
1.2513456223952997,1.4701274465929435,54.32
-1.4236149099125608,-0.4126231750352582,39.36
-0.0194710016334385,-2.1819168147134858,24.03
-0.06943190342699289,-2.3446286710327096,24.67
0.6696522374540851,1.0857769871514529,54.94
-1.9102287013295922,-0.198163437099662,39.44
-1.002242008258518,-1.275570745057691,31.62
-1.0022420082585488,-1.2755707450577207,31.65
1.205165848549345,1.711003746057898,55.4
2.154595847822808,-0.8984077467381708,24.31
-0.517330231623108,-1.5060262600733687,25.48
-0.5173302316270525,-1.5060262600715668,23.91
-1.3033223171313988,0.12541802362442128,39.78
1.3047303062545113,1.634280285849039,55.04
1.3228372427482282,1.5493554981469668,59.13
-1.4413588184350095,-0.011082677881225723,55.66
-1.89456942067615,0.047213191903442316,39.36
-0.5173302316260167,-1.5060262600720382,23.96
-0.5315177938522337,-1.567093674635373,24.3
0.8880617481327118,1.3472215071081952,54.92
-0.517330231627207,-1.5060262600714964,24.09
-0.12474268888560298,-2.2013871142620056,23.98
-0.6627987428266783,-1.5787068642247364,25.78
0.9405530450774015,1.3109442833182436,54.95
-0.6831553324628122,-1.5778839700747116,24.05
-1.599790897382614,0.07897715209999091,55.12
0.8615639751987267,1.46507418611191,55.22
1.3733375500982576,1.4694463680583785,55.72
-1.6378318636119482,0.7793455356060923,54.66
-1.440716282490154,-0.43808419562947054,39.59
1.407553725639097,1.4380182581444607,55.37
-1.4516374806464127,-0.34055382649077215,39.52
-0.3375433616050299,0.9507557573697186,55.04
0.63246221903228,-2.157038882153374,24.0
1.3885378075207373,1.5402672397044732,55.22
0.7088860371953558,1.467794624790602,59.11
0.9746312657666005,1.2437793065454112,54.9
-1.325398665695549,0.1990520893998074,55.39
-1.9120615922737398,-0.01482450821659175,42.17
-0.3375424461517507,0.9507533635485146,55.4
0.46543813341429197,1.9354380462079837,54.79
0.6650099594624893,-2.164746276741384,24.12
0.4654381290807367,1.9354380463582772,54.74
0.723106709285074,1.423650830745374,39.61
-2.1019976891529804,-0.07404936424274945,55.37
0.7231066559117035,1.4236508654354305,39.67
-2.109847404482236,-0.09763540695661992,55.4
1.2103260827455604,1.7408945021246949,56.03
0.5876452812371025,-1.6415337686499898,24.01
-1.5997908974210988,0.07897715690167868,59.23
0.6636994477050281,-1.6220932776650245,24.02
-0.40765487312211435,-2.2314835645698268,23.93
0.6770982413834625,2.1128382657713036,55.33
-0.5008324054552862,1.899797767822641,59.75
0.6908823061710968,2.1199925660688668,55.07
-0.3046800364583576,-2.054987917115383,24.03
-0.4628931418929607,-2.22685007196963,24.03
-0.6532690136492465,-2.196223939154335,23.89
-0.3046800342004995,-2.0549879176413337,24.02
-1.3253994109123906,0.19905133153549953,55.24
-0.6831725917385162,-2.1993025736208707,23.94
-1.6843195826548172,0.8546430724945966,55.3
0.5715386031572385,2.1835064741395915,55.35
0.5909892765998638,2.188627553961102,55.07
0.664701439098861,1.558479669076326,39.68
-0.6405237689025999,-2.204584305216897,23.99
-0.42706165011521086,1.8123349900421426,56.03
-1.6843185588576766,0.8546440150395458,55.17
0.39456675718916756,1.8452762072551143,55.31
-0.6762897430425825,-2.2073071950829197,23.92
-0.489094618896597,1.9045138373604553,55.45
-0.9295779002478689,-1.7151488002397477,23.92
1.3250580505256968,1.5893660435898738,59.58
-0.9602462893419953,-1.730092840405537,24.0
-1.1905708724123278,-0.2991043724028266,39.63
1.2990664529342288,1.6733411707270476,55.61
0.36963501252721487,1.8953393710634343,58.89
0.676336416625676,2.139009533793484,55.8
-1.350676874640986,0.4936579776843102,39.39
-1.3506768746383049,0.49365797769294456,39.26
-1.6708549697653852,0.9764825522026281,55.0
-1.1905708724123132,-0.29910437240285276,39.47
-1.67085497613543,0.976482543591324,54.81
-1.7119508542091308,0.9231583468193955,54.54
-1.7119508554344638,0.9231583450470602,54.66
-1.3585779482167097,-1.2658553453021142,31.67
-0.265571512566388,-2.0608242559013474,24.04
-0.23277596455443755,-2.0736710485327956,23.89
0.55351095022603,2.2097883097799027,55.48
-0.4197062640648744,-2.0799020597977815,23.84
-0.6901035724711008,-1.4460456393074748,24.03
-1.440906722394712,0.37586058409613005,54.91
-0.2664626138815219,1.2160671353222443,42.19
-1.358575158755997,-1.2658576807097122,31.78
-1.4409066866388947,0.3758606323288274,54.6
-1.5369112396184268,-0.3498704586927012,41.83
-1.5919942807415537,-0.37655300895300287,39.49
-0.7046196925077077,-1.4638670534918328,23.95
-1.1866777344911017,1.3738628189912223,54.66
-1.4522984312829528,-1.1919887721102465,16.35
-0.5704196213365355,-2.2213651088118436,23.99
-1.182962129655142,1.2322719859898568,54.85
1.2172033607710158,-1.72523501176072,24.22
-1.4523002189326562,-1.1919872123766189,16.32
-0.26646261415148553,1.2160671351863617,39.67
-0.028434415146714652,0.3006331486734105,39.55
1.7179953274387714,0.020025359860617972,31.71
0.34661532300261966,-0.9655341120702094,31.72
0.5126724214741107,-0.8530409770271647,16.25
-1.4322428885943665,0.659249087775456,39.81
1.4372505490571668,1.3702418684376434,55.26
-0.6057635800645896,-2.221045515983627,24.02
1.4540531275463653,1.3752317917951438,58.65
-0.8854495876836258,-1.736322658026525,25.58
0.9976183228671952,1.711975075618995,55.03
-1.2512021847772588,0.30768228443631523,39.67
0.3945667571596484,1.8452762072525575,55.47
-1.5935069878338166,0.6534737053619868,39.58
-1.2512021796072976,0.3076822908889897,39.83
0.8880617464252543,1.3472215080953929,54.96
-1.0778247543264468,1.6363446102242944,55.5
-0.4937172158515658,1.7077783533831419,56.03
-1.3908731836268386,0.1196161084006801,55.07
0.888061747076995,1.3472215077185756,55.04
-1.1952353366083732,1.5280201247761194,55.83
-0.9186285205650621,-1.7515742493535669,24.04
-1.6452704332876893,0.5987572901439321,42.22
-1.9037329018144062,0.49898504427661033,39.35
-1.689151796226041,-1.1952267348695333,31.72
-1.3908732322162813,0.11961604439874679,55.3
-1.9246117473618665,0.4808283730400161,39.68
-1.712783729919211,-1.203035393095906,31.78
-1.9899484824474758,-0.10939210690926054,54.69
-1.3506768746365283,0.49365797769866043,39.41
-0.09234799119862537,-2.0670325400979563,25.67
1.2102265408022899,1.7409586701033992,55.97
1.378992801127546,1.511234627341036,59.7
1.3800977407953492,1.5822497768668118,55.79
-0.09234799124036319,-2.0670325400887957,24.22
-0.9617784343882974,1.2769539865335007,54.64
-0.7404256482589017,2.0647573221903697,55.08
-1.5090373418947773,0.51806710428508,39.28
-0.46421720600351174,-1.4384130350338626,24.15
-1.5573340448386002,0.4506696487697872,39.2
-0.7384766215033041,-1.881450504980724,24.33
-1.489908488996991,0.4509649521304061,39.69
-1.2067022604660764,1.3507414788034457,58.43
1.118686381223523,-1.6575886341251758,24.36
-1.0328673659621708,1.0871207845605169,54.59
-1.681291484021215,0.4378574281125727,39.59
-1.9379627090814573,0.2588311171555713,39.28
-0.7097610340049922,2.0827541450273626,55.12
-0.6281202148380326,1.712534147061311,55.19
1.1260501294528737,1.5336906646346804,54.78
1.1009937557290772,1.6423410950022737,54.47
-0.2626100771320565,1.1536240549683718,55.14
-1.9679370854724905,0.23026528733957174,39.72
-2.007303360261531,-0.13940305346157159,54.34
-1.3859086741788296,0.28786042672699613,39.36
0.7937831443454364,-1.1022973152361841,24.13
1.8696463227905071,-1.319390048299723,23.89
-1.5714163436726984,0.29408879956256445,42.0
1.8528093797827496,-0.42642722419437973,23.93
-0.7203941144192232,2.080084492213747,59.26
-0.26263550807403513,1.1536315322561794,55.26
-0.6306035357823665,1.8527494004565246,54.97
1.276970916325937,1.3919452367446177,54.88
-0.3728704470862209,1.7209116702481164,40.35
0.9349731445320363,-1.5556965233926925,24.31
1.2412997500780436,-1.9362314832000618,24.58
-1.6392069980822948,-0.3701188158427741,39.6
-0.6390774386089421,-2.224434143829565,23.98
-0.4270616502011169,1.8123349899802925,55.89
0.9160430380409518,0.894746684426583,39.48
-0.9559767092844239,-1.76052456261914,24.23
0.5281600479365446,-0.636074946857543,16.43
1.9378538751235428,-0.4937977460818226,24.37
0.9160430380407115,0.8947466844265011,39.67
-1.153395271541592,1.5874874783294866,59.37
0.9007882417186633,0.8349419109203913,39.64
-1.7568443966424954,-1.1671268799977288,31.77
0.9007882417232138,0.8349419109222087,39.67
-0.6306017824204423,1.85275002280401,54.96
-0.3923782717056023,1.6730492927773424,39.78
-1.1907849944818665,-0.1729159417522471,39.57
-2.0477938815876944,0.02465599985198137,39.62
1.2172505511599894,1.5301601173312545,54.74
-0.5423263831337898,1.5834435400312543,55.56
-0.9370458211477335,1.5711090050550172,42.62
1.217250444247508,1.530160196853274,54.81
-1.1829639285907119,1.2322689079783795,54.49
-1.1587423124307235,-0.07445190833103978,39.93
-1.5935069878166548,0.6534737053764916,39.63
-0.44727942539981497,1.7245966258937175,55.66
1.449085193506032,1.4127807930644556,55.6
1.3250580496965951,1.5893660441678028,55.69
1.299064391373964,1.6733428976821416,55.8
-0.7065015914856819,2.099588264138426,55.71
-1.012292353072354,1.5675873509566294,42.15
-0.34137881742964726,1.0495874544816302,39.83
0.5322737938591594,-0.8880317365562022,31.6
2.132084500283063,-0.8520944546292075,24.16
-1.6972750956849376,0.542202692196452,59.04
-0.3413788154221948,1.0495874533573415,39.75
0.07744515480533419,0.09718001688832138,39.47
-2.097371004628666,0.0407849077119463,39.89
0.5322657617848294,-0.8880354229772899,31.8
-2.1098292452237604,0.011532755141537862,39.54
1.8694483365562256,-0.42984961780661657,23.97
0.6880120251236265,-0.8228637908717211,16.47
1.4210612644844678,1.4764034761126894,55.48
0.6877568496119545,-0.8229979471111168,16.35
-1.214478568113855,-0.20807129493040583,42.36
-1.5118413495995267,0.26399210172239557,39.82
0.9225383140251315,-2.0909415468164374,23.95
-1.7169417721707196,0.48971149148628756,55.23
-1.7202860003174123,0.28815541784643406,55.19
1.2172031632064255,-1.7252351876994982,24.05
0.5498651230868079,-1.7388171044906346,24.07
-1.632303373463572,0.14006711290686558,54.82
0.841990332920409,-1.2545865818755833,24.06
-1.5118435724441268,0.26398912216457715,39.86
-2.030418722710775,0.15959511459479078,54.59
-0.04967877395598841,0.16742729288084662,39.69
-2.117581273884663,0.2673117514875624,56.32
0.3068291284796126,-0.8614437318789849,31.68
-1.9303161371525337,0.14254448337699113,58.62
0.841990343700389,-1.2545865722096108,24.12
-0.6803808538979481,-1.8534071496922864,24.27
-1.611254079427407,0.3815677203659013,54.72
0.40062519057243934,-0.700764376430618,16.32
-0.7421070244265724,-1.86178755473978,25.81
0.8802848909921125,1.8007687145915412,54.9
-1.4279549234600002,0.5470574952878888,39.73
-1.617510745160482,0.25002630078441423,55.19
-0.2626109957098777,1.153624318933398,55.13
-1.177878836504722,1.444365724979148,54.71
-1.4279545537022018,0.5470579674528733,39.53
-1.0779124717232023,-1.3955735004828211,31.89
-2.043742332558362,0.09633469086916165,54.67
-1.0779124717232091,-1.3955735004828225,32.16
-2.06961007547066,0.23378337689793402,55.81
-0.05584638777704191,-2.172385200862658,24.11
1.1599453310988286,-1.2513028291485173,16.36
-0.7038151797654488,1.030205747453845,58.4
-2.13027346462284,0.1772204047297448,55.85
-2.0329473421419486,-0.0868313029164026,58.73
-0.438825315869123,1.297523345836018,54.94
-2.117601910599089,0.2671949169451769,55.75
-1.139020746030576,1.8795847940799524,54.9
-0.4651183913104756,1.4074487904863047,54.79
0.49611784448912366,-0.5382036841018852,16.3
-1.1343332222274392,-0.1798409023314054,39.52
-1.3592743467333963,-1.0686250900989356,31.58
-1.512331105218357,-1.1128981189239138,31.87
-0.12579666336682607,-0.8245689439621616,16.26
0.49613601141408176,-0.5382037192116264,16.35
0.6616316766887316,-0.5797872995978796,16.31
-1.259623139692475,-1.1324441139641377,16.35
-2.0788684056322038,-0.05283167942801408,56.03
-2.1261829232676437,-0.037868549009351084,55.89
-1.8159940806542294,-1.2143703940028803,17.43
-1.434679018147263,-1.0289185509802918,16.23
-1.8121615815348873,-1.2411684447876743,16.29
-2.0695628724541075,0.2340494554988775,56.25
0.0908837356857167,2.2112661796338546,54.65
-1.2356143842341043,1.8133643556663532,54.7
-1.6473958748427886,-0.4902175131982649,43.2
-1.4686614555011792,-1.5702340927805214,32.25
1.2412951212026992,0.9568321093628609,39.35
-0.7915697080184965,-1.8698908998154942,24.39
-1.3444275415802116,-1.021462402571836,16.39
1.019603893944562,1.6461225997178799,39.31
-1.3444304745938858,-1.021460648176335,17.54
1.869655435298171,-1.3193776700039883,23.87
-1.6175107430710556,0.2500262946818264,55.2
1.8528094062554181,-0.42642713210327216,24.03
-2.1302734876448013,0.17722016114255987,55.86
-1.6175107494102767,0.2500263131960489,55.2
-1.5755317849459272,-1.059247276002815,17.34
-2.076888428535409,-0.10385633620116615,55.52
0.04994392797655234,0.3686487955017949,39.62
-1.0629764572741647,1.5962398106279156,55.26
1.7893085096847883,-0.5874194092846067,24.05
-1.1040029023532905,1.5919687165201912,54.57
1.8694484545411154,-0.4298491564097305,23.98
-0.4735492878817383,1.7127309766151648,55.28
-0.24015539620727333,1.1297134516572593,54.64
-0.2861893661652869,1.2835275843320972,58.85
1.9936628808827168,0.5257366114264667,31.57
2.0605740386720623,0.6656169543723857,16.36
2.078928137520457,0.6533591015865404,17.33
-1.9368935245513117,1.1235952031239607,55.51
0.6609729628077698,-0.6137209744730908,31.89
-0.044306939078903984,-1.5347875339751575,31.66
-0.12241373995137807,-0.014411311839269969,39.23
1.658633289476009,0.42868208836213956,16.39
-0.12241373995021015,-0.01441131183873978,41.76
-1.3448667159674976,0.3426524454008733,39.47
1.6586332894797255,0.42868208839407873,16.24
-1.125557250761704,1.5594156961148624,55.47
-0.4374686273486009,1.7626177493026018,54.81
-1.8600082426757314,-1.1793437263903892,16.56
0.566077763193845,-1.2862552460654413,23.93
0.5618380446731346,-1.7294838023788868,24.01
-1.1701957904714624,1.5527596816185867,54.73
1.1936116674149848,-1.3273045780557895,16.43
-0.46301621686807004,1.3779882248965254,54.94
0.5660777624593168,-1.2862552462130252,23.96
0.8960261112227081,-1.830530288125241,24.1
1.0693013913622227,-2.062782518467,24.19
1.3458825168670694,1.5484389049830127,58.81
1.242769857815608,1.697513612398947,54.8
1.3279192806512872,1.6315218685621626,55.02
1.091264443926,-2.0582674691046257,25.58
0.8960208495460427,-1.8305331559555844,23.88
0.09554422800549181,-1.0018322430598996,31.79
-1.639206998190318,-0.3701188159480319,39.5
-0.9810580918643103,-0.15425759962916097,39.41
-1.756844844785447,-1.16712627683467,31.73
-1.6891074262064587,-1.1952903664097054,31.75
0.5997715127218964,-1.6051425988363108,24.03
-1.4236149103849114,-0.41262317507879454,39.44
1.073429471590628,-1.742235745066835,24.23
-1.417239063568447,-1.4478189859725765,31.74
2.174445445686238,-0.7955659898969618,25.91
0.8691891155402723,-1.2769767394869695,24.1
-1.0957237088233407,-1.087913673542007,31.56
-0.9947107090406909,-0.11598643777269739,39.78
1.3153728869835168,-1.7021249868509178,24.06
-1.7127820097752928,-1.203039174572533,31.74
0.8691959829886112,-1.2769720226657497,24.06
-1.5313717282872261,0.5694960308154216,55.07
-0.7691084130277756,-1.749282810249766,24.11
1.3153757240211164,-1.7021221672326732,24.17
-0.06957323083347781,0.3009515148127402,39.63
-1.6266904317141788,0.20272610325848908,58.73
1.1942691403806716,-1.994400422194294,24.39
1.9080659003728693,0.7478171110883176,16.26
-1.5369112396196591,-0.3498704586929668,40.72
1.9146667842421836,0.6749674009190404,31.73
-1.241429194437756,-1.2407882199721936,33.99
0.389032835180652,-0.6206136335722051,31.81
0.601245745053971,1.1928109174306072,54.67
-1.5919942806662832,-0.3765530087941423,39.49
0.19283975198100717,-0.9515418928429203,16.31
-1.9899486293467148,-0.1093872461299939,54.51
0.6012457445852712,1.1928109174991233,54.67
0.8194743318054823,-1.1029023176601798,24.29
-0.5405224459858559,0.7934284682682571,54.66
-1.5263232685291077,-1.381843226781843,16.49
-0.7304801046715501,1.791879944969737,55.23
-1.1179158230310835,-0.08875636957303033,39.39
-2.0073032044556105,-0.1394040209830362,54.73
-1.878074389356637,-0.23198757953305335,54.75
-1.160871529777961,-0.21695202675692335,39.36
-1.6252843651433424,1.1331536860211642,58.92
1.9235944045378184,0.757278905918708,16.32
-0.6150309140118492,1.7536626985486343,55.56
-1.566883798951676,1.1154464427011084,55.88
1.9333263592911103,0.6803576806605324,31.71
0.9090799626523476,1.5905566247345035,39.46
-1.6370007379294247,0.32327342084447247,58.64
-1.7328885191415437,-0.45402359184692626,39.74
-1.7547107401198903,-0.4670031887289682,39.7
-1.905940238721746,-0.25374987469173216,54.7
-1.4581054107582794,-0.9922126264746166,31.7
-1.7480426286868396,-1.298168656801317,31.69
-1.3860552418811496,-1.0843080593744168,31.67
-1.749150288392609,-1.3160900871771857,31.74
-1.4726892867461236,0.17161894278126077,54.6
0.9541475969623884,1.5779616402676533,39.38
-1.0788393549137367,-0.1960263152931051,39.81
-1.1394287563190828,1.7636895929420373,54.71
-1.273406766953425,-1.0768143156182557,31.85
-1.507828031457337,-1.130230824105127,33.93
-0.37446184684298534,-2.342187318449957,24.02
-1.600014748168144,-1.0231929489739162,31.84
-2.032947342098457,-0.08683130370151909,55.18
0.2504455728494566,-0.6398548687321978,16.26
-1.1406216899645478,1.7787114841080827,54.86
-1.533477908036852,-0.44233555091966714,39.37
-0.806383009004707,1.4746220032660096,54.66
1.1550722804640483,0.980192472450847,41.81
-0.27220758493422925,-2.3495203590596603,24.08
1.195059765430505,0.9946956588195587,39.32
0.7029431997618845,-0.5791330505481237,16.25
-1.585405037641987,-0.4614396554913968,39.51
-0.3196287169379235,-2.0636548632200338,24.13
-0.8364467204329642,1.5921027429791272,54.62
-0.8364440969663375,1.5921034569009511,54.58
0.7913562387428607,1.7412482426377227,39.51
-0.4655475550904613,0.3136041568865135,41.97
-0.6006649641168651,-1.6217518143528946,24.09
-0.09822102543455612,-0.8405940694478123,16.26
0.0002513932390158944,-0.6725341804852685,16.26
-0.6006551032750619,-1.6217564345283424,24.11
0.6580488663306703,-0.4940222615864417,16.42
1.8575181122587394,-0.3646793956878375,25.5
0.6524936047016265,-0.6457809831443565,16.24
-1.2006230987778623,-1.0527794464292035,16.28
-0.48718352378607016,0.31177294329038185,39.16
-1.3358313723768478,-1.1849208267681866,16.48
-1.9668339753187531,0.8699886050448032,54.66
-1.5173084375944539,-0.9749218221151918,16.25
-1.4591450210862764,-1.0422073824058649,16.4
-1.644808334005666,-0.9933837487035162,16.36
-1.6358916558150896,-0.4560192987635892,39.26
-1.589942533543724,-1.3431112988256397,31.65
-1.9925508860863355,0.8479340468427379,54.63
-0.9474893414727972,-1.8670289836242837,24.15
-1.6140006800123305,-1.3448868394438145,31.75
-1.570992282622967,0.8777670856637854,54.81
-1.6487104332510933,-1.3261813563579128,33.8
-2.032947347547125,-0.08683120534501193,55.35
-1.4446015551344786,0.24471410592555096,58.22
-0.9183783056558362,-1.865390616489586,24.34
-0.6290406518385381,-1.4299298810306167,24.24
-1.5549167076909403,-0.37283507641739044,39.42
-1.6110892441459865,-0.4027016554600258,39.13
-0.11135352448326431,-1.2619862843823035,31.72
-1.6753190039114974,-1.2289306296673683,31.63
-1.9312427696844208,-0.23442386686221373,54.85
-0.7492879779016232,-2.1957937134407466,23.98
-1.5704707273391951,-1.0757762099788635,16.29
-0.6157368733248806,1.8927799066824935,54.94
-1.700882577018337,-1.2337152087159098,31.5
-0.6306017828119878,1.8527500226650306,54.82
-0.7533352197780039,1.905492251642303,58.46
-0.8063829641034638,1.474622019126848,54.5
-1.943552695734877,0.39316361738547495,54.64
-1.989589585609749,0.32674613246731593,54.64
-1.6708549758785278,0.9764825439386162,54.55
-1.2086265384335255,0.24112878236862192,39.3
-1.0870532844399696,-0.31121786482448777,39.76
-0.7575898956523007,-2.187856888352793,24.06
-1.5709922826229794,0.8777670856637749,54.55
-1.0556348468001167,1.8582660496977383,54.59
-1.1674466888308181,-1.2133910777706838,31.97
-1.7492358766822844,0.8348296108751806,58.86
-1.4029941768809553,0.42827946082961377,54.59
-1.4279578674022761,0.5470537356490026,39.56
-0.4810047746105269,0.1307825364623885,39.07
-1.6469629903958676,1.210225951556647,55.13
-2.0017274305669974,0.8673786747755714,54.91
0.40417338694590343,2.115043923158589,54.86
-1.9565725028315144,1.1104273833585327,55.09
0.1903350336198316,-1.233639952069894,16.58
-1.7602093618342656,1.002057834278482,54.94
-0.046218636294307176,-1.4777704297222887,31.62
-1.509037341680308,0.5180671045458435,42.02
-1.5714163839150053,0.29408866248151805,39.34
-1.5755416848259098,1.032920325785736,55.37
-0.06795713329630262,-1.4967998588505702,16.27
1.1892566998912666,0.8975491900463447,39.37
-1.760209380011241,1.0020577984186363,55.14
-1.7784197390555183,0.9276973647076919,58.32
-1.760209322524203,1.0020579118300705,54.88
-1.5549167076895747,-0.3728350764155641,39.32
-1.07883935575364,-0.19602631660868747,39.89
-1.611089244553563,-0.4027016557324603,39.2
-1.675319181577594,-1.2289302900908763,31.92
-1.945246631172129,1.1546936117762954,59.77
-0.6281202148060616,1.712534147071451,55.29
-1.5755416778370217,1.0329203408158358,55.54
-1.2734074010983152,-1.0768136463504472,32.03
1.9697942384143823,0.4702902814150864,31.65
-1.2854913305060727,1.7202187550390726,54.47
-1.7008846158320279,-1.2337123763141327,31.66
-1.303659863314805,1.718778160786834,54.64
-1.2750743303073477,1.76602381186438,54.74
-0.15910078628042676,-2.09098823433601,24.05
-1.0216559135079029,-0.08692980680980407,39.44
-1.6812915377255666,0.4378573049382238,39.42
0.18864513059979773,2.1693344532565777,54.61
-1.7324262187833128,1.1917573698570199,58.64
-0.5822328800408539,-1.500181227958703,24.3
0.20442451000302098,2.1782751109115512,54.59
0.15716880725405824,2.1959205015010683,54.39
1.947560824751568,0.5941202864523143,16.26
1.938703910694758,0.5363206400308416,31.58
-1.1624593081181938,-0.9402121057610608,31.79
-1.0543909918989012,1.4154870369606503,39.42
-1.4029941762352678,0.4282794613460175,54.8
-1.4819381392480688,0.20264529007903756,54.57
-1.6581835175710764,-0.39719708048989744,39.75
1.928436985460956,0.6339922324699584,16.32
-0.5899790139498841,1.9059803245964368,58.53
-1.3506768746195454,0.4936579777533562,39.36
1.136474410842169,0.9178797821271768,39.26
-1.385908660511345,0.2878604354290401,39.31
-1.6581835175727229,-0.3971970804926592,39.52
0.8133881459330442,1.7878932524167155,39.47
-0.9637255116103555,1.4960813606127974,54.57
-2.0073113393028206,0.3575849295929196,54.67
-0.47115637767832524,0.18386884010972251,39.4
-0.6290406546696963,-1.4299298762804729,24.24
-1.711950854206443,0.9231583468232869,58.66
-1.4322428884990472,0.659249087932895,39.51
-1.4899057921947236,0.45096808490489687,39.7
1.8389067023949692,-0.9161777806396928,24.33
-1.7504747356953523,-1.1897000518533563,31.71
-1.750475001052548,-1.189699559125672,31.68
-1.684520645827331,1.1677913961796662,54.6
-0.08512707400811907,-1.3683034582423652,31.68
-0.07747380094408363,-1.46536477533473,16.26
-1.5573340164213298,0.4506696856364891,39.31
-1.1359023677221538,1.3006440735263163,54.61
-1.6452704479579976,0.5987572758921966,39.65
0.658870376480273,0.6954550936020187,39.4
-1.9037329401432017,0.4989847741572839,42.17
-1.924611446291255,0.480830610753039,39.35
1.5282260488589525,0.2781673096056965,31.64
1.7732322274363748,0.5270587997347713,31.86
-1.1311656854853782,1.1486914633517566,54.47
1.7732321715014414,0.5270590739062767,31.99
0.14682332861927397,1.7796654407082242,54.88
-0.9533914408774775,1.1931684362446322,54.71
2.1376298893113153,-0.9655076045479949,24.15
-1.1591392880803288,1.2701896385339428,54.82
1.096095853370425,1.481430816100581,58.67
-1.9630576393606425,0.010594283777104273,39.25
-1.9919084095906887,-0.029188714427146777,39.28
0.910703231744973,-1.2095148225265269,24.24
1.0984261841844616,1.5923949683717376,54.61
-0.72431634965512,1.7586382009332149,58.71
0.36963540292457764,1.8953393452863165,55.28
-0.9808931396350191,0.9851686096561596,54.37
1.2482311769568581,-1.7556945707730278,24.13
1.237256664409165,1.351695486189087,54.71
2.1321071922516635,-0.9940877025366253,24.1
0.38520701740506413,1.286792657842953,54.39
-0.5177635134533655,1.8563746040145737,40.23
-1.334711774611032,0.5221131927914446,39.43
0.6324621387728053,-2.1570388908560405,24.07
-0.45382341016183264,-0.010463159599860378,39.23
-1.9630576157080528,0.010594407062250961,39.34
1.6293006097025227,-0.4730528113413127,24.05
-0.4624705965068599,-0.028292538917382863,39.04
-1.3347117746110306,0.5221131927914435,39.31
1.6293004598434446,-0.47305315218347055,24.21
0.5990599324620963,-2.165325146455415,25.48
-1.9919082011975227,-0.02918730343035483,39.4
-1.3243856346565497,0.40240930199249286,39.31
1.185860376152578,-1.804140625491366,23.97
1.476086045940086,-0.4714928040947648,24.53
1.8389067058048987,-0.9161777754568808,24.04
-1.351184675115683,0.36144004527624796,41.99
1.5241292092293215,-0.3810331610066408,24.23
-0.0006372103813751682,-1.6122368777694227,31.57
-0.5176880205977582,1.8564247758212644,40.22
0.31478766468746927,1.9285075138580772,58.87
1.020635761662593,1.8448138084685117,40.43
-1.6222533941724866,0.9541240450568106,54.62
0.6817226332897571,-2.154810049191974,23.89
1.7530985034073807,0.22032979804785838,16.35
1.2060445911123563,-1.9987468800587327,24.39
0.051481103603735694,-1.6540192032838683,16.26
1.7530985034505895,0.22032972972794496,16.28
2.242944423114896,-0.7208454489276389,24.61
-0.901645472790257,2.0489277192823985,55.32
-1.965499359363984,1.0062957332350904,54.8
0.06503041511210848,-1.686945605726042,16.29
-1.6222533941516468,0.9541240450833938,54.89
-1.2207081980789798,-1.3078568172835148,16.22
-1.2207070474331858,-1.3078574303978718,16.29
0.8527918678334293,-1.7612377451336916,23.96
0.7324364171875964,-1.9518760957811858,23.82
-0.9758830695863968,-1.1252012545815644,17.43
0.7324364947701262,-1.9518760664587085,23.96
-0.8801286555988045,2.0659581764448323,54.95
1.9319525353347322,-1.1923607033408787,23.73
0.5579526131694629,-1.2469501781628944,24.02
1.5851844833309754,0.1612686108976847,16.29
1.9802184455503422,-1.128451580500548,23.94
0.5579526137529707,-1.2469501779210157,23.86
2.0243578342450617,-1.0724857720124303,23.94
0.9745095295179853,1.6727634033405179,54.77
1.0167299006708979,1.6722916587000507,54.45
-0.9561931642520711,2.0170384738283955,55.31
0.9975582693114176,1.7120050251526346,58.67
-0.9675760366193643,2.0232244894127356,58.5
1.1550722804637694,0.9801924724507486,39.4
1.937853883512179,-0.4937977300319023,24.46
1.1950597655370434,0.9946956588382792,39.21
0.7362459496744604,-0.7175734876644939,16.46
0.5334766092085508,-1.318598748771837,24.07
1.908065900368041,0.7478171111023805,16.19
-0.7533359036586605,1.9054920721201045,54.88
0.5334766092116648,-1.3185987487717175,23.98
-1.7075875097569237,0.8199218789320373,54.4
-1.990827329005091,0.9817399024559123,54.89
1.392286910134654,-0.6398201562730654,23.95
1.8108672809361606,-1.3611168750810063,23.93
1.923594414075159,0.7572788870781753,16.31
-2.00168329534673,0.9373425706920162,54.66
0.7362457664273414,-0.7175716245929326,16.34
1.2189638393534976,1.02583269602145,39.43
0.994949973989032,-1.3531665201340375,16.36
1.9266882613634422,0.7903041571459689,16.44
0.27025864177658243,2.0413510851501933,54.95
-2.028329977320355,0.9147442293735611,54.79
-1.6596180567527596,0.909689554272478,58.17
1.8575181121586173,-0.36467939591403886,23.89
1.8010657084852462,-0.4881256580939157,23.9
1.8802118369943748,-0.36065367252002,23.92
1.869671165489926,-1.3193563013017118,25.62
0.23522023112407867,-1.89371640011094,32.01
1.8528094001938704,-0.4264271531896164,24.02
1.9021251784739146,-0.33530742986082407,24.13
1.1402360229808162,-1.5052668375807925,24.74
1.9146677817963371,0.6749641064835311,31.7
-0.8598431891484131,2.090214812595336,55.65
1.633995974141885,-1.212239665933867,23.84
-0.8598119343953305,2.090225143303685,55.72
-1.779641552526289,-0.4580921421044587,40.29
-0.9286851776792587,2.051874866186796,55.85
1.9333263611000517,0.6803576759025889,31.6
1.3287652246314456,-0.5862854410282715,23.9
1.9339277040023897,0.7292241783357853,33.83
1.2103405651255064,1.7408851618573156,55.95
-1.6596180597221244,0.9096895511335193,54.59
-1.79150356332688,-1.2777253523492529,32.16
1.6339959741418846,-1.212239665933867,24.1
0.6588703764802737,0.695455093602019,39.31
0.9064068680946312,1.7476988712753427,39.47
0.9299777685390371,1.6315537215565854,39.47
1.1278460788636222,1.7895801497709731,40.26
-1.9437200113433113,0.5032396364728746,42.17
1.3287652246304915,-0.5862854410327815,23.87
1.3922869101255249,-0.6398201562930504,23.99
1.5282260496394608,0.2781673124473117,33.89
0.8237048622579132,-1.9149795146358422,24.07
0.8075487415081192,-1.87853634377801,23.84
-0.9841644782980018,-1.8639634222138795,24.36
0.5579526131300196,-1.2469501781792447,23.97
-0.4983271065030955,1.8158377549083795,40.24
1.1706315224804704,1.6992930847788332,40.42
-1.0543624721475446,1.415488082899099,39.19
0.5900556827880251,-1.2085857615023932,23.94
0.807520200018445,-1.8785492825092263,23.99
-2.123030603752252,0.05312340265942939,40.2
-1.979657027568585,1.0324378941532275,55.15
-2.0266867283871712,0.9502244883189149,54.59
-1.97029464936117,0.34292601206710505,42.15
0.590055682681483,-1.2085857615670204,24.15
2.1654463545664515,-0.9387448771182092,24.31
-2.019019918070822,0.002105236775420722,39.45
0.8963243400771639,-1.8303677607922697,25.57
-1.3913289137950338,0.5679710207959772,39.84
0.8959965331938895,-1.8305464095369026,24.07
0.8133883323804162,1.7878932143766504,39.4
0.6938356479748549,-2.1697825174518464,24.04
2.0632880344470452,-0.31631742534932994,24.41
-0.1406301379733859,0.12247579415956832,39.42
-2.019019568476535,0.002108298572940883,39.51
-0.14063013797890211,0.12247579415518882,42.1
0.8737681564508615,-1.1828570784141996,24.06
-1.6812914350677945,0.4378575403901733,39.66
0.8737682054988837,-1.18285695649122,24.11
-0.37908103782698965,1.3233937641287221,42.23
0.812687670469648,-1.038244755723674,24.3
2.0243604910717794,-1.0724810045463946,23.99
-0.7866587158280769,-2.181030809414036,24.07
-1.6812916633283033,0.43785701685941986,39.57
-1.275236821039787,1.765940349978954,54.69
-0.9702556542490368,-1.7645921209100146,23.99
-0.5405225872558754,0.7934283927951931,54.81
-0.5405231176891622,0.7934281094791831,54.53
-1.1390128886045425,1.8795889547683036,54.93
-0.49402797841886426,-1.5890276014557447,23.98
-1.1390197497494414,1.8795853216547245,55.07
-0.6390338061171208,-2.2244426910669968,23.95
-1.5755515701766507,-1.4859008564062928,16.44
-1.1870033666692805,1.8115531113334267,54.59
-1.7126251624322018,-0.5038959988744067,39.66
-0.49402819070765863,-1.5890275604749569,23.98
-0.9559767276815624,-1.7605245423762024,25.73
-1.1966461858052555,1.822479981260611,54.77
-0.9038297619086497,-1.7936808629588203,24.05
-1.7328163478114613,-0.5109238389843322,42.28
-1.1404751382351872,1.7787964422431797,54.5
-1.05563352110901,1.8582667437315719,54.89
-1.6317416713849178,-1.4432187284623579,31.64
-2.057232808327461,0.8067232977805014,54.84
-1.6530802691160702,-1.4343444964720644,31.7
-1.691668268333198,-1.3853909965173643,16.38
-2.0771545534951534,0.7822431175164469,58.59
-1.9654995382274618,1.0062954098065946,54.55
-1.9908273582520157,0.9817398376490492,54.73
-1.708842553197859,-1.3807199905392846,16.36
-0.9702546103184447,-1.764593055334477,24.05
-2.001682767126776,0.9373435436086018,54.44
-0.834506130948683,1.1650771140896496,39.5
-0.7080198845881058,-2.1851218628833133,23.96
-0.769201351086616,-1.8436474179374511,24.2
-2.028329680022861,0.9147447640388664,54.37
-0.7419560137690439,-2.183748428184452,24.06
-0.822740585006456,1.2046767597383579,39.14
-0.8130847030662761,-1.8503436899998686,25.8
-0.8914792340103573,-1.7501007396401425,23.96
-1.778419730547382,0.9276973817206505,54.48
-1.1366620453480194,1.765325912659006,54.61
-0.9293996527155561,-1.7624373331133913,23.99
-1.055633645044398,1.8582666788481779,54.78
-0.49630582223244135,-1.3625699726186045,24.13
-0.27430826249292234,0.30008655285444463,39.47
-1.1341659787280318,1.7824662752299545,54.36
-0.11295391122108173,-0.8941142987144838,31.89
-0.12579745882981552,-0.8245698406344433,16.26
-0.8364474210119794,1.5921025523297154,58.07
-0.4692683440931783,-1.960143539489774,23.95
-0.8364479397054477,1.5921024111766444,54.76
-0.24201775368773207,0.9359292535783801,42.63
0.6616324549789367,-0.5797874599213886,16.33
0.44019560208568176,2.079864203914507,54.56
-0.5705122212519015,-2.2213367875862975,23.92
-0.8854495081455025,-1.7363227150544782,24.01
-0.24201775147598245,0.9359292538492646,39.74
1.1187491588335385,-1.4444576315729964,24.38
-0.3916993478099343,1.731846989111663,40.18
-1.9796398034395715,1.0324625498317643,54.62
0.25163216662559296,1.8193687058310641,54.98
0.6616310802795129,-0.5797871798184232,16.29
0.24397366926213604,-1.843926663586689,16.48
2.1441832519407513,-0.9179723836475403,24.34
-0.6057697332848422,-2.221043763647094,23.92
0.45500288314340603,2.0884790484427467,54.66
2.001854262662113,-0.32004267150773413,24.48
-0.8473611319132852,-1.8586704818910265,24.57
1.5476034842005852,-0.5072683205436138,25.73
-0.9186285355657822,-1.7515742347928085,23.94
0.4041719844396576,2.1150441946787057,54.92
-0.4395752102135861,-1.9609689893391489,25.53
-0.6999317367654292,-1.6235683080699699,16.31
-1.9702826689391644,0.34298835235524877,39.5
1.5476034976767528,-0.5072682717312285,24.13
-0.4472794154748601,1.724596632864916,55.85
0.12227617243274327,-1.8127777176265838,16.5
