write,0,select,1,0.1,1.1,0.2,1.2,1.3,0.3,2,2674,27906,20834,36784,18392,24891,55070,35593,9450,8624,9,14473,1.4,36179,0.4,0.5,1.5,0.6,1.6,workload
writev,0,select,0,0,0,0,1,1,2,2,10583,4182,2709,36070,31821,63770,46270,21089,19133,20665,15,33512,1,44106,1,1,1,0,195,data_12threads_100connections_10s_True
sendfile,0,linux-sysepoll,0,0,0,1,1,0,1,2,25700,47145,8648,45667,20921,46190,5558,25913,65001,62422,1,37417,1,7848,0,1,0,1,797,data_12threads_100connections_10s_True
writev,1,select,0,0,0,0,1,1,2,0,10583,4182,171,36070,17783,63770,46270,21089,19133,20665,15,10571,1,18160,0,1,1,1,1473,data_12threads_100connections_10s_True
writev,1,select,0,0,0,0,1,1,2,0,10583,4182,2709,36070,17783,63770,46270,21089,19133,20665,15,1438,1,18160,0,1,1,0,1473,data_12threads_100connections_10s_True
writev,1,select,0,0,0,0,1,1,2,2,10583,4182,2709,36070,31821,63770,52964,21089,19133,20665,15,33512,1,44106,0,1,1,0,195,data_12threads_100connections_10s_True
write,0,poll,1,1,0,1,1,0,1,0,59821,4165,28808,1941,32152,22705,63175,48641,22901,701,4,25643,1,27107,1,1,0,0,863,data_12threads_100connections_10s_True
write,1,poll,1,1,0,1,1,0,1,0,59821,4165,28808,1941,32152,22705,63175,16228,22901,33089,6,25643,1,27107,1,1,0,0,2315,data_12threads_100connections_10s_True
writev,1,poll,1,1,0,1,0,0,1,1,50718,30773,39993,60868,24770,43737,50418,64326,39183,701,4,25643,1,27107,1,1,0,0,863,data_12threads_100connections_10s_True
writev,0,poll,1,1,1,0,1,0,1,0,59821,4165,28808,797,32152,22705,63175,48641,35348,18221,15,54118,1,8691,0,1,1,0,2496,data_12threads_100connections_10s_True
writev,1,libev,0,0,0,0,1,1,2,0,10583,4182,171,36070,17783,63770,46270,21089,19133,20665,15,1438,1,18160,0,1,1,1,1473,data_12threads_100connections_10s_True
writev,1,libev,0,0,0,0,1,1,2,0,10583,3348,2709,36070,17783,63770,46270,21089,19133,20665,15,1438,1,18160,0,1,1,0,1473,data_12threads_100connections_10s_True
writev,1,libev,0,1,0,0,1,1,2,0,5743,4182,171,36070,17783,63770,46270,21089,19133,20665,15,59468,1,18160,0,0,1,1,1473,data_12threads_100connections_10s_True
writev,1,libev,0,0,0,0,1,1,2,0,10583,4182,171,36070,17783,22607,46270,21089,19133,20665,15,1438,1,18160,0,0,0,1,863,data_12threads_100connections_10s_True
write,0,poll,1,1,1,1,1,0,1,0,59821,4165,51110,797,32152,22705,63175,48641,35348,18221,15,54118,1,8691,0,1,0,0,2496,data_12threads_100connections_10s_True
write,0,poll,1,1,0,1,1,0,0,0,59821,51313,28808,1941,32152,39243,63175,48641,22901,701,4,25643,1,27107,1,1,0,0,863,data_12threads_100connections_10s_True
writev,1,libev,1,1,0,1,1,0,1,2,38468,1312,23416,27122,13561,42073,26258,23968,60903,20272,3,57210,1,61986,0,0,0,1,212,data_12threads_100connections_10s_True
writev,1,libev,1,1,0,1,1,0,1,2,25700,2763,8648,45667,20921,46190,5558,25913,65001,62422,1,37417,1,7848,0,0,0,1,797,data_12threads_100connections_10s_True
writev,1,libev,1,1,0,1,1,0,1,2,38468,1312,23416,27122,13561,42073,26258,23968,60903,20272,3,57210,1,18160,0,1,1,1,1473,data_12threads_100connections_10s_True
writev,1,libev,1,1,0,1,1,0,1,2,38468,1312,23416,27122,13561,42073,26258,23968,60903,20272,3,57210,1,18160,0,0,1,1,1473,data_12threads_100connections_10s_True
sendfile,1,libev,1,0,0,1,0,0,1,2,38468,1312,23416,27122,13561,42073,26258,23968,60903,20272,3,57210,1,61986,0,1,0,1,212,data_12threads_100connections_10s_True
writev,0,select,0,0,0,0,1,1,2,2,10583,4182,2709,36070,31821,63770,46270,21089,19133,20665,15,33512,1,44106,1,1,1,0,195,data_8threads_100connections_60s_True
writev,1,select,0,0,0,0,1,1,2,0,10583,4182,2709,36070,31821,63770,46270,21089,19133,20665,15,33512,1,44106,1,1,1,0,195,data_8threads_100connections_60s_True
writev,1,select,0,0,0,0,1,1,2,0,10583,4182,2709,36070,31821,63770,46270,21089,32761,20665,15,33512,1,44106,1,1,1,0,195,data_8threads_100connections_60s_True
writev,1,poll,1,1,0,1,0,0,1,1,50718,30773,39993,60868,24770,43737,50418,64326,39183,701,4,25643,1,27107,1,1,0,0,863,data_8threads_100connections_60s_True
write,0,poll,0,1,0,0,1,1,1,0,59821,4165,7015,1941,32152,3723,63175,48641,22901,701,4,25643,1,27107,1,1,0,0,863,data_8threads_100connections_60s_True
writev,1,libev,1,0,0,0,1,1,2,1,14594,6727,16492,26105,5091,36567,46270,56475,19133,20665,15,13639,1,44106,0,0,1,0,195,data_8threads_100connections_60s_True
writev,1,libev,1,1,0,1,1,1,2,1,26187,15749,16492,19508,9754,36567,50418,64326,39183,701,4,25643,1,27107,1,1,0,0,863,data_8threads_100connections_60s_True
writev,1,libev,0,0,0,0,1,1,2,2,10583,4182,2709,36070,31821,63770,46270,21089,19133,20665,15,13639,1,44106,0,0,1,0,195,data_8threads_100connections_60s_True
writev,0,select,0,0,0,0,1,1,2,2,53000,4182,2709,36070,31821,63770,46270,21089,22901,33089,6,25643,1,27107,1,1,0,0,2315,data_8threads_100connections_60s_True
writev,0,libev,0,0,0,0,1,1,2,2,10583,11364,2709,36070,31821,63770,46270,21089,34753,33089,6,25643,1,27107,1,1,0,0,2315,data_8threads_100connections_60s_True
sendfile,1,linux-sysepoll,1,1,1,0,1,1,2,1,54528,33338,57218,48580,10995,36567,38983,50660,57002,24036,12,65140,1,5367,1,0,0,0,570,data_8threads_100connections_60s_True
sendfile,1,linux-sysepoll,1,1,1,0,1,1,2,1,54528,33338,57218,48580,31821,63770,46270,21089,19133,20665,15,13639,1,44106,0,0,1,0,195,data_8threads_100connections_60s_True
writev,0,select,0,1,0,0,1,1,2,0,10583,36247,171,35760,17783,63770,46270,21089,19133,20665,15,1438,1,18160,0,0,0,1,1159,data_8threads_100connections_60s_True
write,0,poll,1,1,0,1,1,1,1,2,59821,4165,28808,1941,32152,22705,63175,16228,19133,20665,16,33512,1,44106,1,1,1,0,195,data_8threads_100connections_60s_True
writev,1,libev,0,0,0,0,1,1,2,0,10583,4182,171,36070,17783,63770,46270,21089,19133,20665,15,1438,1,18160,0,1,1,1,1473,data_8threads_100connections_60s_True
sendfile,1,linux-sysepoll,0,1,1,0,1,1,1,1,54528,33338,57218,11396,10995,63770,46270,21089,19133,18115,15,1438,1,545,0,1,1,1,1473,data_8threads_100connections_60s_True
writev,0,libev,0,0,1,0,1,1,0,0,10583,4182,171,36070,17783,63770,46270,21089,25692,20665,15,1438,1,18160,0,1,0,1,1473,data_8threads_100connections_60s_True
write,0,poll,1,1,0,1,1,0,1,0,59821,4165,28808,1941,32152,22705,63175,48641,22901,701,4,25643,1,27107,1,1,0,0,863,data_8threads_100connections_60s_True
write,1,poll,1,1,0,1,1,0,1,0,59821,4165,28808,1941,32152,22705,63175,16228,22901,33089,6,25643,1,27107,1,1,0,0,2315,data_8threads_100connections_60s_True
write,0,poll,1,1,0,1,1,0,1,2,59821,4165,28808,1941,32152,22705,54807,48641,24123,701,4,25643,1,27107,1,1,0,0,1473,data_8threads_100connections_60s_True
sendfile,0,linux-sysepoll,0,0,1,1,1,1,2,0,53139,4182,2709,60596,28460,63770,53869,21089,19133,15626,2,1438,1,18160,0,1,1,1,1473,data_12threads_300connections_60s_False
writev,1,libev,0,0,0,1,0,0,1,1,50718,30773,30201,60868,24770,43737,50418,64326,39183,701,4,25643,1,27107,1,1,0,0,2115,data_12threads_300connections_60s_False
sendfile,0,linux-sysepoll,0,0,0,1,1,0,1,2,25700,47145,8648,45667,20921,46190,5558,25913,65001,62422,1,37417,1,7848,0,1,0,1,797,data_12threads_300connections_60s_False
sendfile,0,linux-sysepoll,0,0,0,1,1,0,1,2,25700,47145,8648,45667,21463,46190,5558,25913,65001,62422,1,37417,1,7848,0,1,0,1,797,data_12threads_300connections_60s_False
sendfile,0,linux-sysepoll,1,1,0,1,1,1,2,2,25700,55470,43388,45667,3811,46190,5558,64326,39183,701,4,25643,1,27107,1,1,0,1,195,data_12threads_300connections_60s_False
writev,1,libev,0,0,0,0,1,1,2,2,10583,4182,2709,36070,31821,63770,46270,21089,19133,20665,15,13639,1,44106,0,0,1,0,195,data_12threads_300connections_60s_False
writev,1,select,0,0,0,0,1,1,2,0,53139,4182,2709,36070,28460,63770,23873,21089,19133,20665,2,1438,1,18160,0,1,1,1,1473,data_12threads_300connections_60s_False
writev,1,libev,0,0,0,0,1,1,2,0,10583,4182,171,36070,31821,63770,46270,21089,19133,20665,5,33512,1,44106,0,1,1,0,195,data_12threads_300connections_60s_False
writev,1,libev,0,0,1,0,1,1,2,0,41635,11974,171,48312,9809,55080,46270,21089,19133,20665,5,62651,1,44106,0,0,1,0,147,data_12threads_300connections_60s_False
writev,1,libev,0,0,0,0,1,1,2,2,35129,4182,2709,36070,32152,63770,46270,21089,65001,62422,1,37417,1,7848,1,1,1,1,797,data_12threads_300connections_60s_False
writev,1,libev,0,0,1,0,0,1,2,2,35129,4182,2709,2617,31821,63770,46270,21089,19133,2556,15,33512,1,44106,0,1,1,1,195,data_12threads_300connections_60s_False
writev,1,libev,0,0,1,0,1,1,2,2,10583,4182,2709,36070,31821,63770,46270,21089,46106,20665,15,13639,1,44106,0,1,1,0,195,data_12threads_300connections_60s_False
writev,1,select,0,1,0,1,1,1,1,2,25700,47145,8648,45667,21463,46190,5558,8870,65001,62422,1,37417,1,7848,0,1,0,1,195,data_12threads_300connections_60s_False
sendfile,0,linux-sysepoll,0,1,0,1,1,0,1,2,25700,47145,8648,45667,21463,46190,5558,25913,25242,23833,15,33512,1,44106,1,1,1,0,195,data_12threads_300connections_60s_False
writev,1,libev,0,0,1,0,1,1,2,0,41635,4182,171,48312,17783,63770,46270,21089,19133,20665,15,33512,1,44106,1,1,0,0,195,data_12threads_300connections_60s_False
writev,1,poll,1,1,0,1,0,0,1,1,50718,30773,39993,60868,24770,43737,50418,64326,39183,701,4,25643,1,27107,1,1,0,0,863,data_12threads_300connections_60s_False
sendfile,0,linux-sysepoll,1,1,0,0,1,0,2,2,25700,55470,43388,45667,3811,46190,5558,64326,39183,701,4,25643,1,27107,1,1,0,1,1424,data_12threads_300connections_60s_False
writev,1,libev,0,0,0,0,1,1,2,2,35129,4182,2709,36070,31821,63770,46270,21089,19133,20665,15,16668,1,62606,0,1,0,0,2315,data_12threads_300connections_60s_False
writev,1,libev,1,0,0,0,1,1,2,1,14594,6727,16492,26105,15268,36567,46270,56475,19133,20665,5,62651,1,44106,0,0,1,0,147,data_12threads_300connections_60s_False
writev,1,libev,0,0,0,0,1,0,2,2,10583,4182,2709,36070,31821,63770,46270,21089,19133,20665,15,13639,1,44106,0,0,1,0,195,data_12threads_300connections_60s_False
sendfile,0,linux-sysepoll,1,0,0,1,1,0,1,2,25700,47145,8648,45667,20921,63770,46270,52515,19133,20665,15,1438,1,18160,1,1,1,1,1473,data_12threads_100connections_10s_False
writev,1,select,0,0,0,0,1,0,1,0,35696,63340,59011,64277,15791,47496,23719,40109,48124,35235,13,46018,1,56780,0,0,1,0,1193,data_12threads_100connections_10s_False
sendfile,0,libev,0,1,0,1,1,0,1,2,49165,47145,8648,45667,15698,17752,42211,63252,992,58042,7,50255,1,9479,1,0,1,0,341,data_12threads_100connections_10s_False
sendfile,0,linux-sysepoll,0,0,0,1,1,0,1,2,25700,47145,8648,45667,20921,46190,5558,25913,65001,62422,1,37417,1,7848,0,1,0,1,797,data_12threads_100connections_10s_False
sendfile,0,linux-sysepoll,0,0,0,1,1,0,1,2,25700,47145,8648,45667,20921,46190,5558,25913,65001,62422,1,37417,0,7848,1,1,0,1,797,data_12threads_100connections_10s_False
write,0,poll,1,1,1,0,1,0,1,0,35696,63340,59011,64277,15698,47496,23719,40109,48124,35235,13,46018,1,34740,0,1,1,0,1193,data_12threads_100connections_10s_False
writev,1,select,0,1,0,0,1,0,1,0,59821,4165,28808,1941,32152,22705,63175,48641,22901,701,4,25643,1,27107,0,1,0,0,863,data_12threads_100connections_10s_False
writev,0,select,0,1,1,0,1,1,2,0,56501,55326,22414,9807,15698,17752,42211,63252,992,58042,7,50255,1,9479,1,0,1,0,341,data_12threads_100connections_10s_False
writev,1,libev,0,0,0,0,1,1,2,0,10583,4182,171,36070,17783,63770,46270,21089,19133,20665,15,1438,1,18160,0,1,1,1,1473,data_12threads_100connections_10s_False
writev,1,libev,0,0,0,0,1,1,1,0,10583,4182,171,36070,17783,63770,46270,21089,19133,20665,15,1438,1,18160,0,1,1,1,2266,data_12threads_100connections_10s_False
writev,1,select,0,0,1,0,1,1,2,0,10583,4182,171,36070,22078,63770,46270,21089,19133,20665,13,10571,1,18160,0,1,1,1,1473,data_12threads_100connections_10s_False
writev,1,select,0,0,1,0,1,1,2,0,10583,4182,171,36070,22078,63770,46270,21089,19133,20665,13,7161,1,18160,0,1,1,1,797,data_12threads_100connections_10s_False
sendfile,1,select,1,1,0,1,0,1,2,2,56501,55326,22414,9807,15698,17752,42211,54295,992,58042,7,50255,1,9479,1,0,1,0,341,data_12threads_100connections_10s_False
write,1,poll,1,1,0,1,1,0,1,0,59821,4165,28808,1941,32152,22705,63175,16228,22901,33089,6,25643,1,27107,1,1,0,0,2315,data_12threads_100connections_10s_False
write,0,poll,1,1,0,1,1,0,1,0,59821,4165,28808,1941,32152,22705,63175,48641,22901,701,4,25643,1,27107,1,1,0,0,863,data_12threads_100connections_10s_False
write,0,poll,1,1,0,1,1,0,1,0,59821,4165,28808,18427,32152,22705,63175,54714,22901,701,4,25643,1,27107,1,1,1,0,195,data_12threads_100connections_10s_False
writev,1,select,0,0,1,1,1,0,0,1,35696,63340,59011,64277,15791,47496,23719,40109,48124,35235,13,16420,1,56780,0,0,1,0,1193,data_12threads_100connections_10s_False
writev,1,linux-sysepoll,0,0,0,0,1,1,1,2,10583,4182,2709,36070,31821,58759,52964,21089,19133,20665,15,1438,1,18160,1,0,0,1,1473,data_12threads_100connections_10s_False
sendfile,0,linux-sysepoll,0,1,0,1,1,0,1,2,49165,47145,8648,45667,20921,46190,5558,25913,65001,62422,1,37417,1,2153,0,1,1,0,797,data_12threads_100connections_10s_False
sendfile,0,linux-sysepoll,1,1,0,0,1,0,1,2,25700,47145,8648,36070,31821,63770,52964,21089,19133,20665,15,33512,1,56430,1,1,1,0,195,data_12threads_100connections_10s_False
writev,1,libev,0,0,0,0,1,1,2,0,10583,4182,171,36070,17783,63770,46270,21089,19133,20665,15,1438,1,18160,0,1,1,1,1473,data_8threads_100connections_10s_False
writev,0,select,0,0,0,1,1,0,2,2,61621,55470,43388,45667,3811,38560,5558,64326,39183,701,4,25643,1,27107,1,1,0,1,195,data_8threads_100connections_10s_False
write,0,linux-sysepoll,0,0,0,1,1,0,1,2,25700,47145,8648,45667,21463,46190,32487,25913,65001,62422,16,37417,1,7848,0,1,0,0,797,data_8threads_100connections_10s_False
writev,1,libev,0,0,0,0,1,1,0,1,10583,4182,171,53146,17783,63770,46270,21089,19133,20665,15,1438,1,18160,0,1,1,1,1473,data_8threads_100connections_10s_False
sendfile,1,linux-sysepoll,0,0,0,0,1,1,1,2,25700,47145,8648,45667,31254,53653,10198,25913,65001,62422,1,37417,1,7848,0,1,0,1,797,data_8threads_100connections_10s_False
writev,1,libev,0,0,0,0,1,1,2,0,10583,4182,18135,36070,24588,63770,40425,21089,19133,20665,15,1438,1,18160,0,1,0,1,1473,data_8threads_100connections_10s_False
sendfile,0,linux-sysepoll,0,0,0,1,1,0,1,2,38468,47145,8648,45667,20921,46190,5558,25913,65001,62422,1,37417,1,52721,0,1,0,1,797,data_8threads_100connections_10s_False
sendfile,0,linux-sysepoll,0,0,0,1,1,0,1,2,25700,47145,8648,45667,20921,46190,5558,25913,65001,62422,1,37417,1,7848,0,1,0,1,797,data_8threads_100connections_10s_False
sendfile,0,linux-sysepoll,1,1,0,1,1,1,2,2,25700,55470,43388,45667,3811,46190,5558,64326,39183,701,4,25643,1,27107,1,1,0,1,195,data_8threads_100connections_10s_False
sendfile,0,linux-sysepoll,0,0,0,1,1,0,1,2,25700,47145,8648,45667,21463,46190,5558,25913,65001,62422,1,37417,1,7848,0,1,0,1,797,data_8threads_100connections_10s_False
sendfile,0,linux-sysepoll,0,0,0,1,1,0,0,2,25700,47145,8648,45667,21463,46190,5558,52515,65001,17875,1,25643,1,27107,1,1,0,1,195,data_8threads_100connections_10s_False
sendfile,0,linux-sysepoll,0,0,0,1,1,1,2,2,25700,55470,55645,45667,3811,46190,5558,64326,39183,701,4,23434,1,7848,0,1,0,1,797,data_8threads_100connections_10s_False
sendfile,1,linux-sysepoll,0,0,0,1,1,1,1,2,25700,55470,55645,45667,3811,46190,5558,64326,39183,701,4,25843,1,7848,0,1,0,1,797,data_8threads_100connections_10s_False
sendfile,0,linux-sysepoll,0,0,0,1,1,1,2,2,25700,55470,55645,56789,3811,46190,5558,64326,39183,701,4,23434,1,7848,0,1,0,1,797,data_8threads_100connections_10s_False
sendfile,0,linux-sysepoll,0,0,0,1,1,0,1,2,25700,47145,8648,45667,21463,46190,5558,25913,65001,62422,16,37417,1,7848,0,1,0,1,797,data_8threads_100connections_10s_False
sendfile,0,linux-sysepoll,1,1,0,1,1,1,2,2,25700,55470,43388,45667,3811,46190,5558,64326,39183,701,4,37417,1,7848,0,1,0,1,797,data_8threads_100connections_10s_False
write,0,poll,0,0,0,1,1,0,2,0,9312,55470,55645,45667,3811,46190,5558,64326,39183,701,4,23434,1,7848,0,0,0,1,797,data_8threads_100connections_10s_False
writev,1,libev,0,0,0,0,1,1,2,2,25700,47145,8648,45667,21463,46190,5558,25913,65001,62422,1,37417,1,7848,0,1,0,1,797,data_8threads_100connections_10s_False
writev,1,libev,0,0,0,1,1,1,2,2,10583,4182,171,36070,17783,63770,46270,21089,19133,20665,15,28816,1,18160,1,1,1,1,1473,data_8threads_100connections_10s_False
writev,1,poll,0,0,0,1,1,0,1,2,25700,47145,8648,45667,20921,39783,5558,25913,65001,62422,1,37417,1,7848,1,1,1,1,797,data_8threads_100connections_10s_False
sendfile,0,linux-sysepoll,1,0,0,1,1,0,1,2,25700,47145,8648,45667,20921,63770,46270,52515,19133,20665,15,1438,1,18160,1,1,1,1,1473,data_4threads_100connections_60s_True
sendfile,0,linux-sysepoll,0,0,0,1,1,0,1,2,25700,47145,8648,45667,20921,46190,5558,25913,65001,62422,1,37417,0,7848,1,1,0,1,797,data_4threads_100connections_60s_True
sendfile,0,linux-sysepoll,0,0,0,1,1,0,1,2,25700,47145,8648,45667,20921,46190,5558,25913,65001,62422,1,37417,1,7848,0,1,0,1,797,data_4threads_100connections_60s_True
sendfile,0,linux-sysepoll,0,0,0,1,1,0,1,2,25700,47145,8648,45667,20921,46190,5558,64843,65001,62422,1,37417,1,7848,1,1,0,1,797,data_4threads_100connections_60s_True
sendfile,0,libev,0,0,0,1,1,0,1,2,25700,47145,8648,45667,20921,46190,5558,25913,65001,62422,1,37417,1,7848,1,1,0,1,797,data_4threads_100connections_60s_True
sendfile,0,linux-sysepoll,0,0,0,1,1,0,1,2,25700,47145,13763,45667,20921,46190,5558,25913,65001,62422,1,37417,1,7848,0,1,0,1,797,data_4threads_100connections_60s_True
sendfile,0,linux-sysepoll,0,0,0,0,1,0,1,0,25700,7274,165,45667,20921,46190,5558,25913,65001,14550,1,37417,1,7848,0,1,0,1,797,data_4threads_100connections_60s_True
sendfile,0,linux-sysepoll,0,0,0,1,1,0,1,2,25700,47145,8648,45667,20921,46190,5558,28609,65001,62422,1,37417,1,7848,0,1,0,1,797,data_4threads_100connections_60s_True
sendfile,0,linux-sysepoll,0,0,0,1,1,1,1,0,25700,47145,8648,45667,17228,46190,5558,3121,65001,20665,15,1438,0,18160,1,1,0,1,1473,data_4threads_100connections_60s_True
sendfile,1,linux-sysepoll,1,0,0,1,1,0,1,1,16217,64040,15331,11165,30704,29318,61901,60972,5589,43439,15,37801,1,28913,0,0,0,0,2456,data_4threads_100connections_60s_True
sendfile,0,linux-sysepoll,0,1,0,1,1,0,1,0,25700,47145,8648,45667,20921,46190,5558,64843,65001,20665,15,1438,1,18160,1,1,0,1,1473,data_4threads_100connections_60s_True
sendfile,0,linux-sysepoll,0,0,0,0,1,0,1,2,25700,7274,165,45667,20921,46190,5558,25913,65001,14550,1,46280,1,32399,0,1,0,1,1438,data_4threads_100connections_60s_True
sendfile,0,linux-sysepoll,0,1,1,0,1,0,0,2,47579,32821,21392,636,16941,9338,33244,60972,12149,64765,15,37801,1,28913,0,1,1,0,856,data_4threads_100connections_60s_True
sendfile,1,linux-sysepoll,1,0,0,0,1,0,2,1,16217,64040,15331,11165,30704,14509,33903,20607,58224,48612,11,35944,1,48987,0,0,0,0,1943,data_4threads_100connections_60s_True
sendfile,1,libev,0,0,0,0,1,1,0,2,3426,19403,14571,56173,20696,46974,1050,1898,20338,30613,4,7127,0,41991,0,1,0,1,547,data_4threads_100connections_60s_True
sendfile,1,linux-sysepoll,1,0,0,0,1,0,2,1,16217,64040,15331,11165,30704,29318,61901,60972,12149,64765,15,37801,1,28913,0,0,1,0,856,data_4threads_100connections_60s_True
writev,1,select,0,0,0,0,1,0,1,0,59821,4165,28808,1941,32152,22705,63175,49485,22901,701,4,25643,1,56377,0,1,1,1,1473,data_4threads_100connections_60s_True
sendfile,1,linux-sysepoll,1,0,0,0,1,1,2,1,16217,64040,15331,11165,30704,14509,33903,20607,58224,48612,11,35944,1,48987,0,1,1,1,1473,data_4threads_100connections_60s_True
sendfile,1,linux-sysepoll,1,1,0,1,1,0,1,2,25700,47145,56617,45667,20921,46190,5558,25913,65001,62422,1,37417,1,7848,0,1,0,0,797,data_4threads_100connections_60s_True
sendfile,0,linux-sysepoll,0,0,0,1,1,0,1,2,25700,47145,59151,45667,20921,46190,5558,25913,22720,62422,11,37417,1,7848,0,1,0,1,797,data_4threads_100connections_60s_True
sendfile,0,linux-sysepoll,0,0,0,1,1,0,1,2,38468,47145,8648,45667,20921,46190,5558,25913,65001,62422,1,37417,1,52721,0,1,0,1,797,data_12threads_300connections_120s_False
writev,1,libev,0,0,0,0,1,1,2,0,10583,4182,18135,36070,24588,63770,40425,21089,19133,20665,15,1438,1,18160,0,1,0,1,1473,data_12threads_300connections_120s_False
sendfile,1,linux-sysepoll,0,0,0,0,1,1,1,2,25700,47145,8648,45667,31254,53653,10198,25913,65001,62422,1,37417,1,7848,0,1,0,1,797,data_12threads_300connections_120s_False
writev,1,libev,0,0,0,0,1,1,0,1,10583,4182,171,53146,17783,63770,46270,21089,19133,20665,15,1438,1,18160,0,1,1,1,1473,data_12threads_300connections_120s_False
writev,1,poll,0,0,0,0,1,1,2,0,10583,4182,18135,36070,1753,21007,3084,21089,45452,20665,1,1438,1,18160,0,1,0,1,1473,data_12threads_300connections_120s_False
writev,1,libev,0,0,0,0,1,0,1,0,10583,4182,18135,36070,24588,63770,40425,21089,19133,20665,15,44003,1,18160,0,1,0,1,1473,data_12threads_300connections_120s_False
writev,1,select,0,0,0,0,1,1,1,1,53139,4182,2709,36070,28460,63770,5558,25913,65001,62422,1,37417,1,7848,0,1,0,1,797,data_12threads_300connections_120s_False
writev,1,libev,0,0,0,0,1,1,2,0,10583,4182,18135,36070,24588,63770,40425,21089,19133,20665,15,18933,1,18160,0,1,0,1,1473,data_12threads_300connections_120s_False
writev,1,poll,0,0,0,0,1,1,0,0,29748,4182,18135,36070,5719,21007,3084,21089,45452,20665,1,40473,1,18160,0,1,0,1,1473,data_12threads_300connections_120s_False
writev,1,libev,0,0,0,0,1,1,2,2,10583,37341,2709,36070,28460,63770,5558,25913,65001,62422,1,37417,1,7848,0,1,0,1,797,data_12threads_300connections_120s_False
writev,1,libev,0,1,0,0,1,1,0,0,10583,4182,18135,36070,24588,63770,40425,21089,19133,20665,15,18933,1,18160,0,1,0,1,1518,data_12threads_300connections_120s_False
writev,1,libev,0,0,0,0,1,1,2,1,3140,47145,8648,45667,31254,53653,10198,25873,60406,62422,0,37417,1,7848,0,1,0,1,797,data_12threads_300connections_120s_False
writev,0,libev,0,0,0,0,1,0,1,0,10583,4182,18135,36070,24588,63770,9077,21089,19133,56415,15,44003,1,18160,0,1,0,1,1473,data_12threads_300connections_120s_False
writev,1,libev,1,0,0,0,1,0,2,0,10583,4182,18135,36070,24588,63770,40425,21089,19133,20665,15,18933,1,18160,0,1,0,1,1473,data_12threads_300connections_120s_False
write,0,linux-sysepoll,0,0,0,1,1,0,1,2,25700,47145,8648,45667,21463,46190,32487,25913,65001,62422,16,37417,1,7848,0,1,0,0,797,data_12threads_300connections_120s_False
writev,1,libev,0,0,0,0,1,1,2,2,35129,4182,2709,36070,32152,63770,46270,21089,65001,62422,1,37417,1,7848,1,1,1,1,797,data_12threads_300connections_120s_False
writev,1,libev,0,0,1,0,1,1,2,0,41635,11974,171,48312,9809,55080,46270,21089,19133,20665,5,62651,1,44106,0,0,1,0,147,data_12threads_300connections_120s_False
writev,1,libev,0,0,0,0,1,1,2,0,10583,4182,171,36070,31821,63770,46270,21089,19133,20665,5,33512,1,44106,0,1,1,0,195,data_12threads_300connections_120s_False
writev,1,libev,0,0,0,0,1,1,2,2,10583,4182,2709,36070,31821,63770,46270,21089,19133,20665,15,13639,1,44106,0,0,1,0,195,data_12threads_300connections_120s_False
writev,1,select,0,0,0,0,1,1,2,0,53139,4182,2709,36070,28460,63770,23873,21089,19133,20665,2,1438,1,18160,0,1,1,1,1473,data_12threads_300connections_120s_False
sendfile,0,poll,0,0,0,1,1,0,1,0,25700,47145,8648,45667,20921,46190,5558,25913,65001,62422,1,37417,1,7848,0,1,0,1,797,data_4threads_10connections_30s_True
writev,0,poll,0,0,0,1,1,0,2,2,25700,47145,8648,45667,20921,46190,5558,25913,65001,62422,1,37417,1,7848,1,1,0,0,797,data_4threads_10connections_30s_True
writev,1,libev,0,1,0,0,1,1,2,2,59042,4182,2709,36070,31821,34681,46270,21089,19133,20665,15,13639,1,44106,0,1,1,1,1473,data_4threads_10connections_30s_True
writev,1,libev,0,0,0,0,1,1,2,2,10583,4182,2709,36070,31821,63770,46270,21089,19133,20665,15,13639,1,44106,0,0,1,0,195,data_4threads_10connections_30s_True
writev,1,libev,0,0,0,0,1,1,0,1,10583,4182,171,53146,17783,63770,46270,21089,19133,20665,15,1438,1,18160,0,0,1,0,195,data_4threads_10connections_30s_True
writev,1,libev,0,0,1,0,1,1,2,2,10583,34462,2709,36070,31821,63770,46270,21089,19133,41333,15,13639,0,44106,0,0,1,0,1301,data_4threads_10connections_30s_True
writev,1,libev,0,0,0,0,1,1,1,1,10583,4182,171,53146,28533,63770,46270,21089,19133,1055,15,1438,1,18160,0,0,1,0,195,data_4threads_10connections_30s_True
writev,1,libev,0,0,1,0,1,1,0,0,10583,4182,171,53146,17783,63770,46270,21089,19133,20665,15,1438,1,18160,0,0,0,0,195,data_4threads_10connections_30s_True
writev,1,libev,0,0,0,0,1,1,2,1,10583,4182,171,53146,17783,63770,46270,21089,19133,20665,15,1438,1,18160,0,0,1,0,195,data_4threads_10connections_30s_True
sendfile,0,poll,0,0,0,1,1,0,1,2,25700,47145,8648,31311,20921,46190,5558,25913,65001,62422,1,37417,1,7848,0,1,0,1,797,data_4threads_10connections_30s_True
sendfile,0,poll,0,0,0,0,1,0,1,2,25700,47145,8648,45667,20921,46190,5558,25913,65001,62422,1,37417,1,7848,0,1,0,0,797,data_4threads_10connections_30s_True
sendfile,0,linux-sysepoll,0,0,0,1,1,0,1,2,25700,47145,8648,45667,20921,46190,5558,25913,65001,62422,1,37417,1,7848,0,1,0,1,797,data_4threads_10connections_30s_True
sendfile,0,linux-sysepoll,0,0,0,1,1,0,1,2,25700,47145,8648,45667,20921,46190,5558,25913,65001,62422,1,37417,0,7848,1,1,0,1,797,data_4threads_10connections_30s_True
sendfile,0,linux-sysepoll,1,1,0,1,1,1,2,2,25700,55470,43388,45667,3811,46190,5558,64326,39183,701,4,25643,1,27107,1,1,0,1,195,data_4threads_10connections_30s_True
sendfile,0,linux-sysepoll,0,0,0,1,1,0,1,2,25700,47145,8648,45667,21463,46190,5558,25913,65001,62422,1,37417,1,7848,0,1,0,1,797,data_4threads_10connections_30s_True
sendfile,0,linux-sysepoll,0,0,0,0,1,0,1,0,25700,7274,165,45667,20921,46190,5558,25913,65001,14550,1,37417,1,7848,0,1,0,1,797,data_4threads_10connections_30s_True
sendfile,0,linux-sysepoll,0,0,0,1,1,0,1,2,25700,47145,13763,45667,20921,46190,5558,25913,65001,62422,1,37417,1,7848,0,1,0,1,797,data_4threads_10connections_30s_True
sendfile,0,linux-sysepoll,0,0,0,1,1,1,1,0,25700,47145,8648,45667,17228,46190,5558,3121,65001,20665,15,1438,0,18160,1,1,0,1,1473,data_4threads_10connections_30s_True
sendfile,0,linux-sysepoll,0,0,0,1,1,0,1,2,25700,47145,8648,45667,20921,46190,5558,28609,65001,62422,1,37417,1,7848,0,1,0,1,797,data_4threads_10connections_30s_True
sendfile,0,libev,0,0,0,1,1,0,1,2,25700,47145,8648,45667,20921,46190,5558,25913,65001,62422,1,37417,1,7848,1,1,0,1,797,data_4threads_10connections_30s_True
writev,1,libev,0,1,0,0,1,1,0,0,10583,4182,171,53146,17783,63770,46270,21089,19133,20665,15,1438,1,46167,0,0,0,0,195,data_8threads_100connections_30s_True
writev,1,libev,0,1,0,0,1,1,0,0,10583,4182,171,53146,17783,63770,46270,21089,19133,20665,15,1438,1,18160,0,0,0,0,195,data_8threads_100connections_30s_True
writev,1,libev,0,0,0,0,1,1,2,2,10583,4182,2709,36070,31821,63770,46270,21089,19133,20665,15,13639,1,44106,0,0,1,0,195,data_8threads_100connections_30s_True
writev,1,libev,0,0,1,0,1,1,0,0,10583,4182,171,53146,17783,63770,46270,21089,19133,20665,15,1438,1,18160,0,0,0,0,195,data_8threads_100connections_30s_True
writev,1,libev,0,0,0,0,1,1,2,1,10583,4182,171,53146,17783,63770,46270,21089,19133,20665,15,1438,1,18160,0,0,1,0,195,data_8threads_100connections_30s_True
writev,1,libev,0,0,0,0,1,1,0,1,10583,4182,171,53146,17783,63770,46270,21089,19133,20665,15,1438,1,18160,0,0,1,0,195,data_8threads_100connections_30s_True
writev,1,libev,0,0,0,0,1,1,1,1,10583,4182,171,53146,28533,63770,46270,21089,19133,1055,15,1438,1,18160,0,0,1,0,195,data_8threads_100connections_30s_True
writev,1,libev,0,0,1,0,1,1,2,2,10583,34462,2709,36070,31821,63770,46270,21089,19133,41333,15,13639,0,44106,0,0,1,0,1301,data_8threads_100connections_30s_True
writev,1,libev,0,0,0,0,1,1,2,1,10583,4182,171,53146,17783,44673,46270,21089,19133,20665,15,1438,1,18160,0,0,1,0,195,data_8threads_100connections_30s_True
writev,1,select,0,0,0,0,1,1,2,1,10583,4182,171,53146,17783,44673,65368,21089,19133,20665,15,1438,1,18160,0,0,0,1,797,data_8threads_100connections_30s_True
writev,1,libev,0,0,1,0,1,1,2,2,10583,34462,2709,36070,17783,44673,4798,21089,19133,20665,15,1438,1,18160,0,0,1,0,195,data_8threads_100connections_30s_True
writev,1,libev,0,0,0,0,1,1,2,1,10583,4182,171,53146,28533,63770,13602,21089,19133,1055,15,1438,1,18160,0,0,1,0,195,data_8threads_100connections_30s_True
writev,1,libev,1,0,1,0,1,1,2,1,10583,4182,171,53146,17783,63770,46270,21089,19133,20665,15,1438,1,18160,0,0,0,0,195,data_8threads_100connections_30s_True
writev,1,libev,0,0,0,0,1,1,0,1,10583,4182,171,53146,17783,63770,46270,21089,19133,20665,15,1438,1,44106,0,0,1,0,1301,data_8threads_100connections_30s_True
writev,1,libev,0,0,0,0,1,1,1,1,10583,4182,171,53146,28533,63770,46270,21089,19133,1055,15,1438,1,18850,0,0,1,0,195,data_8threads_100connections_30s_True
writev,1,libev,0,0,0,0,1,1,2,1,3932,4182,171,53146,17783,12499,46270,21089,19133,20665,15,1438,1,18160,0,0,1,0,195,data_8threads_100connections_30s_True
writev,1,select,0,0,0,0,1,1,1,1,53139,4182,2709,36070,17783,44673,4798,21089,19133,20665,15,1438,1,18160,0,0,1,0,195,data_8threads_100connections_30s_True
writev,1,libev,0,1,0,0,1,1,2,2,59042,4182,2709,36070,31821,34681,46270,21089,19133,20665,15,13639,1,44106,0,1,1,1,1473,data_8threads_100connections_30s_True
writev,1,libev,0,1,1,0,1,1,2,1,53139,4182,2709,36070,28240,22267,16760,25913,61283,62422,1,37417,1,31636,0,1,0,1,797,data_8threads_100connections_30s_True
write,1,libev,0,0,1,0,1,1,0,0,53949,4182,171,53146,17783,63770,46270,21089,19133,20665,15,1438,1,18160,0,0,0,0,2582,data_8threads_100connections_30s_True
write,0,linux-sysepoll,0,0,0,1,1,0,1,2,25700,47145,8648,45667,21463,46190,32487,25913,65001,62422,16,37417,1,7848,0,1,0,0,797,data_8threads_10connections_30s_True
writev,0,poll,0,0,0,1,1,0,2,2,25700,47145,8648,45667,20921,46190,5558,25913,65001,62422,1,37417,1,7848,1,1,0,0,797,data_8threads_10connections_30s_True
sendfile,0,poll,0,0,0,1,1,0,1,0,25700,47145,8648,45667,20921,46190,5558,25913,65001,62422,1,37417,1,7848,0,1,0,1,797,data_8threads_10connections_30s_True
sendfile,0,poll,0,0,0,1,1,0,2,2,23571,47145,8648,45667,20921,46190,5558,25913,65001,62422,1,37417,1,7848,1,1,0,0,797,data_8threads_10connections_30s_True
sendfile,0,linux-sysepoll,0,0,0,1,1,0,0,2,25700,47145,8648,45667,20921,46190,5558,25913,42458,62422,1,28922,1,7848,1,1,0,0,797,data_8threads_10connections_30s_True
sendfile,0,linux-sysepoll,0,0,0,1,1,0,0,2,25700,47145,8648,45667,20921,1728,5558,25913,42458,62422,1,28922,1,7848,1,1,0,0,797,data_8threads_10connections_30s_True
writev,0,select,0,0,0,1,1,0,2,2,25700,38675,8648,55197,20921,35451,5558,17615,65001,62422,1,37417,1,7848,1,1,0,0,797,data_8threads_10connections_30s_True
writev,0,poll,0,0,0,1,1,0,2,2,25700,47145,8648,45667,20921,59864,5558,25913,65001,62422,1,37417,1,7848,1,1,0,0,797,data_8threads_10connections_30s_True
writev,1,libev,0,0,0,0,1,1,2,1,10583,4182,171,53146,17783,63770,46270,21089,19133,20665,15,1438,1,18160,0,0,1,0,195,data_8threads_10connections_30s_True
writev,1,libev,0,0,0,0,1,1,1,1,10583,4182,171,53146,28533,63770,46270,21089,19133,1055,15,1438,1,18160,0,0,1,0,195,data_8threads_10connections_30s_True
writev,1,libev,0,0,1,0,1,1,0,0,10583,4182,171,53146,17783,63770,46270,21089,19133,20665,15,1438,1,18160,0,0,0,0,195,data_8threads_10connections_30s_True
writev,1,libev,0,0,1,0,1,1,2,2,10583,34462,2709,36070,31821,63770,46270,21089,19133,41333,15,13639,0,44106,0,0,1,0,1301,data_8threads_10connections_30s_True
writev,1,libev,0,0,0,0,1,1,0,1,10583,4182,171,53146,17783,63770,46270,21089,19133,20665,15,1438,1,18160,0,0,1,0,195,data_8threads_10connections_30s_True
writev,1,libev,0,0,0,0,1,1,2,2,10583,4182,2709,36070,31821,63770,46270,21089,19133,20665,15,13639,1,44106,0,0,1,0,195,data_8threads_10connections_30s_True
writev,1,libev,0,0,0,0,1,1,2,2,10583,4182,2709,36070,31821,63770,46270,21089,16319,20665,15,13639,1,44106,0,0,1,1,195,data_8threads_10connections_30s_True
writev,1,libev,0,0,1,0,1,1,0,0,10583,4182,60503,53146,17783,63770,46270,21089,19133,20665,1,18442,1,7848,0,1,0,1,797,data_8threads_10connections_30s_True
writev,1,linux-sysepoll,0,0,0,0,1,1,2,1,10583,4182,171,16077,17783,61505,46270,21089,19133,20665,15,1438,1,18160,0,0,1,1,195,data_8threads_10connections_30s_True
writev,1,libev,0,0,1,0,1,1,1,0,10583,4182,171,53146,17783,63770,46270,21089,19133,20665,15,1438,1,18160,0,0,1,0,195,data_8threads_10connections_30s_True
writev,1,libev,0,0,0,0,1,1,2,1,10583,4182,60960,53146,17783,63770,46270,21089,19133,20665,15,1438,1,18160,0,0,0,1,195,data_8threads_10connections_30s_True
sendfile,0,poll,0,0,1,1,1,0,2,2,23571,47145,8648,3237,20921,35538,5558,25913,65001,45544,1,37417,1,7848,0,1,0,0,2646,data_8threads_10connections_30s_True
sendfile,0,linux-sysepoll,0,0,0,0,1,0,1,2,25700,47145,8648,45667,32162,46190,5558,25913,65001,62422,1,37417,1,7848,0,0,0,1,797,data_4threads_100connections_30s_False
sendfile,0,linux-sysepoll,0,0,0,0,1,0,1,0,25700,47145,8648,45667,32162,46190,5558,25913,65001,62422,1,37417,1,7848,0,0,0,1,1903,data_4threads_100connections_30s_False
sendfile,0,linux-sysepoll,0,0,0,1,1,0,1,2,34603,47145,8648,45667,20921,48631,44867,25913,65001,20665,15,1438,1,18160,0,0,1,0,195,data_4threads_100connections_30s_False
sendfile,0,linux-sysepoll,0,0,0,1,1,1,1,1,10583,4182,171,53146,28533,63770,46270,21089,21235,1055,15,1438,1,18160,0,0,1,1,195,data_4threads_100connections_30s_False
sendfile,0,linux-sysepoll,0,0,0,1,1,0,1,1,25700,47145,8648,45667,3811,46190,5558,64326,47882,701,4,25643,1,27107,0,0,0,1,195,data_4threads_100connections_30s_False
sendfile,0,linux-sysepoll,0,0,0,1,1,0,1,1,25700,15855,8648,45667,21463,46190,32487,25913,65001,62422,16,37417,1,18160,0,0,0,1,1388,data_4threads_100connections_30s_False
write,0,linux-sysepoll,0,0,0,1,1,0,1,2,25700,47145,8648,45667,21463,46190,32487,25913,65001,62422,16,37417,1,7848,0,1,0,0,797,data_4threads_100connections_30s_False
sendfile,0,linux-sysepoll,0,0,0,1,1,0,1,2,25700,47145,8648,45667,20921,48631,44867,25913,40007,20665,15,1438,1,5805,1,1,0,0,1348,data_4threads_100connections_30s_False
sendfile,0,poll,0,0,1,1,1,0,1,2,7701,47145,8648,45667,20921,48631,44867,25913,40007,20665,15,1438,1,18160,0,1,0,0,797,data_4threads_100connections_30s_False
sendfile,0,linux-sysepoll,0,0,0,1,1,0,1,2,25700,47145,8648,45667,20921,46190,5558,25913,65001,62422,1,37417,1,7848,0,1,0,1,797,data_4threads_100connections_30s_False
sendfile,0,linux-sysepoll,0,0,0,1,1,0,1,2,25700,47145,8648,45667,21463,46190,5558,25913,65001,62422,1,37417,1,7848,0,1,0,1,797,data_4threads_100connections_30s_False
sendfile,0,linux-sysepoll,1,1,0,1,1,1,2,2,25700,55470,43388,45667,3811,46190,5558,64326,39183,701,4,25643,1,27107,1,1,0,1,195,data_4threads_100connections_30s_False
sendfile,0,linux-sysepoll,0,0,0,0,1,0,1,1,38468,47145,18641,45667,13491,63317,5558,25913,39183,701,4,25643,1,27107,1,1,0,1,195,data_4threads_100connections_30s_False
sendfile,0,linux-sysepoll,0,0,0,1,1,0,1,2,38468,47145,18641,45667,13491,63317,5558,25913,39183,701,3,25643,1,27107,1,1,0,1,195,data_4threads_100connections_30s_False
sendfile,0,linux-sysepoll,0,0,0,1,1,1,1,2,25700,47145,8648,45667,20921,46190,5558,25913,49037,62422,1,37417,1,7848,0,1,0,1,195,data_4threads_100connections_30s_False
sendfile,0,linux-sysepoll,0,0,0,1,1,0,1,1,38468,47145,8648,61408,20921,46190,5558,25913,64787,62422,1,56253,1,52721,1,1,0,1,797,data_4threads_100connections_30s_False
sendfile,0,linux-sysepoll,0,0,0,1,1,0,1,2,38468,47145,8648,45667,20921,46190,5558,25913,65001,62422,1,37417,1,52721,0,1,0,1,797,data_4threads_100connections_30s_False
sendfile,0,linux-sysepoll,0,0,0,1,1,0,1,2,38468,47145,8648,45667,20921,50072,5558,8685,65001,62422,1,37417,1,52721,0,1,0,1,797,data_4threads_100connections_30s_False
write,0,linux-sysepoll,0,0,0,0,1,0,1,1,25700,47145,8648,45667,20921,46190,5558,25913,65001,62422,1,37417,1,7848,0,1,1,1,797,data_4threads_100connections_30s_False
writev,1,select,0,1,0,1,1,0,2,2,61621,3031,43388,45667,3811,38560,5558,64326,49654,701,4,51636,1,27107,1,1,0,1,2284,data_4threads_100connections_30s_False
writev,1,libev,0,0,0,0,1,1,2,2,10583,4182,2709,36070,2054,46190,9077,64326,47882,701,4,25643,1,27107,1,0,0,1,1903,data_4threads_300connections_120s_True
write,0,linux-sysepoll,0,0,0,1,1,0,1,2,25700,47145,8648,45667,15647,46190,5558,25913,65001,62422,1,37417,1,11089,1,0,1,1,61,data_4threads_300connections_120s_True
write,0,linux-sysepoll,1,0,0,1,1,0,1,2,25700,47145,8648,45667,719,46190,5558,25913,65001,62422,1,37417,1,11089,0,0,0,0,503,data_4threads_300connections_120s_True
write,0,linux-sysepoll,0,0,0,1,1,0,1,2,25700,47145,8648,45667,21463,46190,32487,25913,65001,62422,16,37417,1,7848,0,1,0,0,797,data_4threads_300connections_120s_True
write,0,linux-sysepoll,0,0,0,1,1,0,1,2,25700,47145,8648,45667,7993,46190,5558,25913,65001,62422,1,37417,1,11089,0,0,0,1,1903,data_4threads_300connections_120s_True
write,0,linux-sysepoll,0,0,0,1,1,0,1,2,25700,47145,8648,45667,7993,46190,5558,25913,65001,62422,1,37417,1,11089,0,0,1,1,195,data_4threads_300connections_120s_True
writev,1,libev,0,0,0,0,1,1,1,1,10583,4182,171,53146,28533,63770,46270,21089,19133,1055,15,1438,1,18160,0,0,1,0,195,data_4threads_300connections_120s_True
writev,1,libev,0,0,0,0,1,1,2,1,10583,4182,171,53146,17783,63770,46270,21089,19133,20665,15,1438,1,18160,0,0,1,0,195,data_4threads_300connections_120s_True
writev,1,libev,0,0,0,0,1,1,2,2,10583,4182,2709,36070,31821,63770,46270,21089,19133,20665,15,13639,1,44106,0,0,1,0,195,data_4threads_300connections_120s_True
writev,1,libev,0,0,0,0,1,1,2,2,10583,4182,2709,36070,3811,46190,5558,64326,47882,701,4,25643,1,27107,0,0,1,1,195,data_4threads_300connections_120s_True
writev,1,libev,0,0,0,0,1,1,2,1,10583,4182,2709,36070,31821,63770,46270,21089,45269,1055,15,1438,1,18160,0,0,1,1,195,data_4threads_300connections_120s_True
writev,1,libev,0,0,0,0,1,1,2,1,10583,4182,171,53146,24319,63770,46270,21089,19133,20665,15,1438,1,18160,0,0,1,0,195,data_4threads_300connections_120s_True
writev,1,libev,0,0,0,0,1,1,2,1,10583,28394,171,20136,17783,64518,46270,21089,19133,20665,15,1438,1,18160,0,0,1,0,195,data_4threads_300connections_120s_True
sendfile,1,libev,1,0,0,0,1,0,1,2,25700,47145,8648,45667,7993,46190,5558,25913,65001,62422,1,37417,1,11089,0,0,0,1,1903,data_4threads_300connections_120s_True
sendfile,0,linux-sysepoll,0,0,0,1,1,0,1,1,25700,47145,8648,45667,3811,46190,5558,64326,47882,701,4,25643,1,27107,0,0,0,1,195,data_4threads_300connections_120s_True
sendfile,0,linux-sysepoll,0,0,0,1,1,0,1,1,25700,15855,8648,45667,21463,46190,32487,25913,65001,62422,16,37417,1,18160,0,0,0,1,1388,data_4threads_300connections_120s_True
sendfile,0,linux-sysepoll,0,0,0,1,1,1,1,1,10583,4182,171,53146,28533,63770,46270,21089,21235,1055,15,1438,1,18160,0,0,1,1,195,data_4threads_300connections_120s_True
sendfile,0,linux-sysepoll,0,0,0,1,1,0,1,2,34603,47145,8648,45667,20921,48631,44867,25913,65001,20665,15,1438,1,18160,0,0,1,0,195,data_4threads_300connections_120s_True
sendfile,0,linux-sysepoll,0,0,0,1,1,0,1,2,34603,47145,8648,45667,20921,48631,46228,25913,65001,20665,13,1438,1,18160,0,0,1,0,195,data_4threads_300connections_120s_True
sendfile,0,linux-sysepoll,1,0,0,1,1,0,1,1,25700,47145,8648,45667,3811,46190,5558,64326,47882,701,4,25643,1,27107,0,0,1,1,1694,data_4threads_300connections_120s_True
writev,1,linux-sysepoll,0,0,1,0,0,1,2,1,10583,4182,171,53146,17783,44673,5558,25913,65001,62422,1,37417,1,7848,0,0,1,0,797,data_8threads_100connections_120s_False
writev,1,libev,0,0,0,0,0,0,2,2,10583,4182,2709,36070,31821,63770,46270,21089,19133,20665,15,1438,1,18160,1,0,0,1,797,data_8threads_100connections_120s_False
writev,1,libev,0,0,0,1,1,1,1,2,25700,4182,2709,36070,31821,63770,46270,21089,19133,20665,15,1438,1,29200,1,0,0,1,166,data_8threads_100connections_120s_False
writev,1,libev,0,0,0,0,1,1,2,2,10583,4182,2709,18487,31821,63770,46270,25482,19133,28753,15,1438,1,18160,1,0,0,1,797,data_8threads_100connections_120s_False
writev,1,libev,0,0,0,1,0,0,1,2,25700,47145,47371,45667,20921,63770,27046,25482,19133,28753,15,1438,1,18160,1,0,0,1,797,data_8threads_100connections_120s_False
writev,1,libev,0,0,0,0,1,1,2,2,10583,4182,2709,36070,2054,46190,9077,64326,47882,701,4,25643,1,27107,1,0,0,1,1903,data_8threads_100connections_120s_False
write,0,linux-sysepoll,0,0,0,1,1,0,1,2,25700,47145,8648,45667,21463,46190,32487,25913,65001,62422,16,37417,1,7848,0,1,0,0,797,data_8threads_100connections_120s_False
writev,0,linux-sysepoll,0,0,0,1,1,0,1,2,25700,47145,8648,45667,21463,46190,32487,31177,65001,62422,16,30777,1,7848,0,0,0,1,1933,data_8threads_100connections_120s_False
writev,1,libev,0,0,0,1,1,0,1,2,25700,47145,8648,45667,20921,46190,65368,21089,19133,20665,15,1438,1,18160,0,0,0,1,797,data_8threads_100connections_120s_False
writev,1,libev,0,0,0,1,1,0,1,2,25700,47145,8648,45667,20921,46190,65368,21089,19133,20665,15,1438,1,18160,0,0,0,1,1371,data_8threads_100connections_120s_False
write,0,linux-sysepoll,0,0,0,1,1,0,1,2,10583,4182,2709,36070,31821,63770,46270,21089,19133,20665,15,1438,1,18160,1,0,0,1,797,data_8threads_100connections_120s_False
writev,1,libev,0,0,0,1,1,1,1,2,25700,4182,2709,36070,31821,63770,46270,21089,19133,20665,15,37417,1,15170,0,1,0,0,797,data_8threads_100connections_120s_False
write,0,libev,0,0,0,1,1,0,1,2,25700,47145,8648,13967,20921,46190,65368,21089,19133,56972,15,1438,1,45185,0,0,0,1,797,data_8threads_100connections_120s_False
write,0,linux-sysepoll,0,0,0,1,1,0,1,2,25700,47145,8648,45667,7993,46190,5558,25913,65001,62422,1,37417,1,11089,0,0,1,1,195,data_8threads_100connections_120s_False
write,0,linux-sysepoll,0,0,0,1,1,0,1,2,25700,47145,8648,45667,7993,46190,5558,25913,65001,62422,1,37417,1,11089,0,0,0,1,1903,data_8threads_100connections_120s_False
write,0,linux-sysepoll,0,0,0,1,1,0,1,2,25700,5460,8648,45667,7993,46190,5558,25913,65001,62422,1,37417,1,11089,0,0,0,1,1903,data_8threads_100connections_120s_False
writev,1,select,0,0,1,0,1,1,2,1,10583,4182,171,53146,17783,44673,5558,25913,65001,62422,1,37417,1,7848,0,0,1,0,797,data_8threads_100connections_120s_False
writev,1,select,0,0,1,0,1,1,2,2,10583,4182,2709,36070,3811,46190,5558,36653,47882,701,4,25643,1,27107,0,0,1,1,195,data_8threads_100connections_120s_False
writev,1,libev,0,0,0,0,1,1,2,2,10583,14504,2709,36070,2054,46190,9077,64326,47882,701,4,25643,1,27107,1,0,0,0,797,data_8threads_100connections_120s_False
writev,1,libev,0,0,0,1,1,1,0,2,25700,47145,8648,34376,20921,46190,5558,25913,65001,62422,1,37417,1,7848,1,1,1,0,797,data_8threads_100connections_120s_False
write,0,linux-sysepoll,0,0,0,1,1,0,1,2,25700,47145,8648,5333,17783,63770,51353,21089,19133,20665,15,1438,1,18160,0,0,0,0,195,data_4threads_100connections_10s_False
writev,1,libev,0,0,0,1,1,1,2,2,25700,47145,47371,30457,20921,59932,51353,21089,19133,20665,15,1438,1,18160,0,0,0,0,195,data_4threads_100connections_10s_False
writev,1,poll,0,0,1,0,1,1,2,2,10583,34462,2709,36070,31821,63770,46270,21089,19133,41333,15,1438,1,27512,1,0,0,1,797,data_4threads_100connections_10s_False
write,0,linux-sysepoll,0,0,0,1,1,0,1,2,25700,47145,8648,45667,21463,46190,32487,25913,65001,62422,16,37417,1,7848,0,1,0,0,797,data_4threads_100connections_10s_False
write,0,linux-sysepoll,0,0,0,1,1,0,1,2,25700,47145,8648,45667,21463,46190,32487,25913,65001,62422,16,37417,1,7848,1,1,0,0,797,data_4threads_100connections_10s_False
writev,1,libev,0,0,0,0,1,1,2,2,10583,4182,2709,18487,31821,63770,46270,25482,19133,28753,15,1438,1,18160,1,0,0,1,797,data_4threads_100connections_10s_False
writev,1,libev,0,0,0,1,1,1,1,2,25700,4182,2709,36070,31821,63770,46270,21089,19133,20665,15,1438,1,29200,1,0,0,1,166,data_4threads_100connections_10s_False
writev,1,libev,0,0,0,1,0,0,1,2,25700,47145,47371,45667,20921,63770,27046,25482,19133,28753,15,1438,1,18160,1,0,0,1,797,data_4threads_100connections_10s_False
writev,1,libev,0,0,0,0,0,0,2,2,10583,4182,2709,36070,31821,63770,46270,21089,19133,20665,15,1438,1,18160,1,0,0,1,797,data_4threads_100connections_10s_False
writev,1,libev,0,0,0,0,1,1,2,2,25700,47145,47371,30457,20921,63770,27046,36885,19133,28753,15,1438,0,18160,1,0,0,1,797,data_4threads_100connections_10s_False
writev,1,libev,0,0,0,0,0,0,0,2,10583,4182,2709,36070,31821,63770,46270,21089,19133,41333,15,1438,1,27512,1,0,0,1,797,data_4threads_100connections_10s_False
writev,1,libev,0,0,0,0,1,1,2,2,10583,4182,6907,36070,31821,63770,46270,21089,19133,41333,15,1438,1,27512,1,0,0,1,797,data_4threads_100connections_10s_False
writev,1,libev,0,0,1,1,1,0,1,2,25700,47145,47371,45667,20921,63770,27046,25482,19133,28753,15,1438,1,18160,1,0,0,1,797,data_4threads_100connections_10s_False
writev,1,libev,0,0,0,0,0,0,0,2,10583,13560,2709,36070,31821,63770,46270,21089,19133,41333,15,54179,1,27512,1,0,0,1,797,data_4threads_100connections_10s_False
writev,1,libev,0,0,0,1,1,0,2,2,10583,4182,2709,36070,31821,63596,46270,21089,19133,20665,15,64658,1,29200,1,1,0,1,166,data_4threads_100connections_10s_False
writev,1,libev,0,0,0,1,0,0,1,2,25700,47145,47371,45667,20921,63770,27046,25482,19133,30638,15,1438,1,18160,1,0,0,1,797,data_4threads_100connections_10s_False
writev,1,libev,1,0,0,0,1,0,1,2,25700,6439,8648,45667,21463,46190,32487,25913,65001,62422,16,37417,1,7848,0,1,1,0,797,data_4threads_100connections_10s_False
sendfile,1,libev,1,0,0,1,1,0,1,2,25700,47145,8648,45667,21463,46190,32487,51841,65001,62422,16,37417,1,7848,1,1,0,0,797,data_4threads_100connections_10s_False
writev,1,libev,0,0,0,0,1,1,2,2,10583,4182,2709,36070,31821,63770,46270,21089,19133,20665,15,13639,1,44106,0,0,1,0,195,data_4threads_100connections_10s_False
writev,1,select,0,0,0,0,1,1,2,1,10583,4182,171,53146,17783,44673,65368,21089,19133,20665,15,1438,1,18160,0,0,0,1,797,data_4threads_100connections_10s_False
write,0,linux-sysepoll,0,0,0,1,1,0,1,2,25700,47145,8648,45667,21463,46190,32487,25913,65001,62422,16,37417,1,7848,0,1,0,0,797,data_4threads_300connections_120s_False
write,0,linux-sysepoll,0,0,0,1,1,0,1,2,58735,47145,8648,5333,17783,63770,51353,21089,19133,20665,15,60308,1,18160,0,1,0,0,195,data_4threads_300connections_120s_False
write,0,linux-sysepoll,0,0,1,1,1,0,1,2,49914,47145,8648,64013,17783,19744,51353,21089,19133,20665,15,60308,1,18160,0,0,0,0,195,data_4threads_300connections_120s_False
write,0,linux-sysepoll,0,0,1,1,1,0,1,2,58735,47145,58480,57712,9626,46190,6792,25913,65001,62422,7,37417,1,6450,0,1,0,0,797,data_4threads_300connections_120s_False
writev,1,libev,0,0,0,1,1,1,1,2,25700,33727,2709,36070,1845,63770,46270,21089,19133,20665,15,1438,1,29200,1,0,0,1,166,data_4threads_300connections_120s_False
writev,1,libev,1,0,0,0,1,1,1,2,25700,4182,2709,36070,31821,63770,46270,21089,19133,20665,15,1438,1,29200,1,0,0,1,166,data_4threads_300connections_120s_False
write,0,linux-sysepoll,0,0,0,1,1,0,2,0,37538,40905,8648,45667,20921,25831,59175,25913,65001,62422,1,11555,1,27512,1,0,0,1,797,data_4threads_300connections_120s_False
writev,1,libev,1,0,0,1,1,0,1,2,25700,47145,58480,57712,21463,46190,32487,25913,65001,62422,16,37417,1,6450,0,1,0,0,797,data_4threads_300connections_120s_False
writev,1,libev,1,0,0,1,1,0,1,2,25700,47145,58480,57712,21463,46190,32487,25913,65001,62422,8,37417,1,6450,0,1,0,0,797,data_4threads_300connections_120s_False
writev,1,libev,1,0,0,1,0,0,1,2,25700,47145,58480,57712,21463,46190,32487,25913,65001,62422,16,37417,1,6450,0,1,0,0,797,data_4threads_300connections_120s_False
writev,1,libev,1,0,0,1,1,0,1,2,25700,47145,8648,5333,21876,23359,51353,21089,19133,20665,15,60308,1,18160,0,1,0,1,195,data_4threads_300connections_120s_False
writev,1,libev,0,0,0,0,1,1,2,2,25700,47145,47371,30457,20921,63770,27046,36885,19133,28753,15,1438,0,18160,1,0,0,1,797,data_4threads_300connections_120s_False
writev,1,libev,0,0,0,1,1,1,1,2,25700,4182,2709,36070,31821,63770,46270,21089,19133,20665,15,1438,1,29200,1,0,0,1,166,data_4threads_300connections_120s_False
writev,1,libev,0,0,0,0,1,1,2,2,10583,4182,2709,18487,31821,63770,46270,25482,19133,28753,15,1438,1,18160,1,0,0,1,797,data_4threads_300connections_120s_False
writev,1,libev,0,0,0,0,0,0,2,2,10583,4182,2709,36070,31821,63770,46270,21089,19133,20665,15,1438,1,18160,1,0,0,1,797,data_4threads_300connections_120s_False
writev,1,libev,0,0,0,1,0,0,1,2,25700,47145,47371,45667,20921,63770,27046,25482,19133,28753,15,1438,1,18160,1,0,0,1,797,data_4threads_300connections_120s_False
writev,1,libev,0,0,0,0,1,0,2,1,10583,4182,28148,18487,31821,63770,51029,25482,65339,28753,15,1438,1,18160,1,0,0,1,797,data_4threads_300connections_120s_False
writev,1,poll,0,0,0,0,1,0,2,2,10583,34462,2709,36070,31821,63770,46270,21089,19133,41333,15,1438,1,27512,1,0,0,1,797,data_4threads_300connections_120s_False
writev,1,libev,0,0,0,0,0,1,1,2,10583,6872,27499,49587,31821,63770,46270,25482,19133,28753,15,2951,1,18160,1,0,0,1,797,data_4threads_300connections_120s_False
writev,1,libev,0,0,0,1,1,1,1,2,25700,33727,2709,36070,31821,63770,46270,21089,19133,20665,15,1438,1,29200,1,0,0,1,166,data_4threads_300connections_120s_False
writev,0,libev,0,0,0,0,1,0,1,2,25700,47145,8648,45667,20921,46190,65368,21089,19133,20665,15,1438,1,18160,0,0,0,0,1371,data_12threads_100connections_60s_True
write,0,linux-sysepoll,0,0,0,1,1,0,1,2,25700,47145,8648,45667,21463,46190,32487,25913,65001,62422,16,37417,1,7848,1,1,0,0,797,data_12threads_100connections_60s_True
sendfile,0,linux-sysepoll,0,0,0,1,1,0,1,2,25700,47145,8648,45667,20921,48631,44867,25913,40007,20665,15,1438,1,5805,1,1,0,0,1348,data_12threads_100connections_60s_True
write,0,linux-sysepoll,0,0,0,1,1,0,1,2,25700,47145,8648,45667,22550,46190,32487,25913,65001,62422,16,37417,1,7848,1,1,0,0,797,data_12threads_100connections_60s_True
write,0,linux-sysepoll,0,0,0,1,1,0,1,1,25700,47145,8648,45667,21463,56225,32487,25913,65001,43217,16,37417,1,7848,0,1,0,1,1626,data_12threads_100connections_60s_True
write,0,linux-sysepoll,0,0,0,1,1,0,1,2,25700,47145,8648,45667,21463,46190,32487,25913,65001,62422,0,37417,1,7848,1,1,0,1,797,data_12threads_100connections_60s_True
write,0,linux-sysepoll,0,0,0,1,1,0,1,2,25700,47145,9195,45667,21463,51202,65368,21089,19133,20665,15,1438,1,18160,0,0,0,1,1371,data_12threads_100connections_60s_True
write,0,linux-sysepoll,0,0,0,1,1,0,1,2,25700,47145,9195,45667,21463,51202,32487,25913,65001,62422,0,37417,1,7848,1,1,0,1,797,data_12threads_100connections_60s_True
write,0,poll,0,0,0,1,1,0,1,2,25700,47145,8648,45667,27742,46190,32487,25913,65001,62422,0,37417,1,7848,1,1,0,1,797,data_12threads_100connections_60s_True
write,0,linux-sysepoll,0,0,0,1,1,0,1,2,25700,47145,8648,45667,22550,46190,32487,25913,15362,62422,16,37417,1,7848,1,1,0,0,797,data_12threads_100connections_60s_True
write,0,linux-sysepoll,0,0,0,1,1,0,1,2,12398,47145,8648,47383,20215,46190,32487,25913,65001,62422,0,37417,1,7848,1,1,0,1,797,data_12threads_100connections_60s_True
write,0,linux-sysepoll,0,0,0,1,1,0,1,2,25700,47145,8648,45667,21463,46190,32487,25913,18387,62422,0,37417,1,7848,1,1,0,1,797,data_12threads_100connections_60s_True
write,0,linux-sysepoll,0,0,0,0,1,0,1,2,1311,47145,8648,45667,21463,46190,32487,12393,65001,62422,0,37417,1,7848,1,0,0,1,797,data_12threads_100connections_60s_True
sendfile,0,linux-sysepoll,0,0,0,1,1,0,1,1,25700,15855,8648,45667,21463,46190,32487,25913,65001,62422,16,37417,1,18160,0,0,0,1,1388,data_12threads_100connections_60s_True
sendfile,0,linux-sysepoll,0,0,0,1,1,0,1,1,25700,47145,8648,45667,3811,46190,5558,64326,47882,701,4,25643,1,27107,0,0,0,1,195,data_12threads_100connections_60s_True
sendfile,0,linux-sysepoll,0,0,0,1,1,0,1,1,25700,15855,8648,45667,21463,53800,32487,31177,65001,62422,16,30777,1,7848,0,0,0,1,1933,data_12threads_100connections_60s_True
sendfile,0,linux-sysepoll,0,0,0,1,0,0,1,1,25700,47145,8648,45667,3811,46190,5558,64326,47882,701,15,1438,1,18160,0,0,0,1,797,data_12threads_100connections_60s_True
sendfile,0,linux-sysepoll,0,0,0,1,1,0,1,2,25700,47145,62038,56351,20921,48631,44867,25913,32432,20665,16,30777,1,7848,0,0,1,1,1933,data_12threads_100connections_60s_True
sendfile,0,linux-sysepoll,0,1,1,1,1,1,1,1,25700,47145,9195,45667,21463,51202,65368,21089,19133,20665,15,27558,1,18160,0,1,0,1,1371,data_12threads_100connections_60s_True
sendfile,1,linux-sysepoll,0,1,1,1,1,1,1,1,25700,34149,8648,45667,3811,46190,5558,64326,47882,701,15,25643,1,27107,0,0,0,1,195,data_12threads_100connections_60s_True
writev,0,select,0,0,0,1,1,1,1,2,25700,47145,8648,45667,9556,46190,50707,25913,65001,62422,1,17501,1,7848,0,0,0,0,374,data_8threads_10connections_120s_True
sendfile,0,select,0,0,0,1,1,1,1,2,25700,47145,8648,45667,32162,46190,5558,25913,65001,62422,1,17501,1,7848,0,0,0,0,374,data_8threads_10connections_120s_True
sendfile,0,linux-sysepoll,0,1,0,1,1,0,1,2,25700,47145,8648,45667,20921,46190,5558,25913,7068,62422,1,1637,1,7848,0,1,0,1,1473,data_8threads_10connections_120s_True
sendfile,0,select,0,0,0,1,1,1,1,2,25700,47145,8648,45667,32162,43530,5558,25913,65001,62422,1,17501,1,7848,1,0,0,1,374,data_8threads_10connections_120s_True
writev,0,select,0,1,0,1,1,0,1,2,25700,50369,8648,45667,20921,46190,5558,25913,7068,62422,1,37417,1,7848,0,0,0,1,1903,data_8threads_10connections_120s_True
write,1,linux-sysepoll,1,1,1,0,1,1,1,0,25700,64959,8648,45667,20921,36172,5558,25913,65001,62422,1,37417,1,7848,0,1,0,1,797,data_8threads_10connections_120s_True
sendfile,0,linux-sysepoll,1,0,0,0,1,1,1,1,25700,64959,8648,45667,20921,36172,38397,25913,65001,62422,1,37417,1,7848,0,1,1,1,797,data_8threads_10connections_120s_True
sendfile,0,linux-sysepoll,0,0,0,1,1,0,1,2,38468,47145,8648,45667,20921,46190,5558,25913,65001,62422,1,37417,1,52721,0,1,0,1,797,data_8threads_10connections_120s_True
sendfile,0,linux-sysepoll,0,0,0,0,1,0,1,2,25700,47145,8648,45667,20921,46190,5558,25913,65001,62422,1,10774,1,7848,0,1,0,1,195,data_8threads_10connections_120s_True
sendfile,0,libev,0,0,0,1,1,0,1,2,38468,47145,8648,45667,20921,24423,5558,25913,65001,62422,1,37417,1,52721,0,1,1,1,797,data_8threads_10connections_120s_True
sendfile,0,poll,0,0,0,1,1,0,1,2,25700,47145,8648,45667,20921,46190,5558,25913,7068,62422,1,37417,1,7848,0,1,0,1,1473,data_8threads_10connections_120s_True
sendfile,0,linux-sysepoll,0,0,0,1,1,0,1,2,25700,47145,8648,45667,20921,46190,5558,25913,65001,62422,1,37417,1,7848,0,1,0,1,797,data_8threads_10connections_120s_True
sendfile,0,linux-sysepoll,0,0,0,0,1,0,1,0,25700,47145,8648,45667,32162,46190,5558,25913,65001,62422,1,37417,1,7848,0,0,0,1,1903,data_8threads_10connections_120s_True
sendfile,0,linux-sysepoll,0,0,0,0,1,0,1,2,25700,47145,8648,45667,32162,46190,5558,25913,65001,62422,1,37417,1,7848,0,0,0,1,797,data_8threads_10connections_120s_True
writev,0,linux-sysepoll,0,0,0,1,1,0,1,1,25700,15855,8648,45667,3157,46190,32487,2200,65001,62422,16,37417,1,18160,1,0,0,1,1388,data_8threads_10connections_120s_True
sendfile,0,linux-sysepoll,1,0,0,0,1,1,1,0,25700,47145,8648,45667,32162,46190,54438,25913,65001,62422,1,37417,1,18160,1,0,0,1,1388,data_8threads_10connections_120s_True
sendfile,0,linux-sysepoll,0,0,0,0,1,0,1,0,25700,47145,8648,45667,32162,46190,5558,25913,65001,62422,1,37417,1,7848,0,0,0,1,195,data_8threads_10connections_120s_True
sendfile,0,linux-sysepoll,0,0,0,0,1,1,1,2,25700,47145,8648,45667,26321,46190,5558,25913,65001,62422,1,10774,1,7848,0,1,0,1,1956,data_8threads_10connections_120s_True
sendfile,0,linux-sysepoll,0,0,0,0,1,0,1,0,25700,25597,8648,45667,32162,46190,5558,25913,65001,62422,1,1637,1,7848,0,1,0,1,1473,data_8threads_10connections_120s_True
sendfile,0,linux-sysepoll,0,0,0,0,1,0,1,2,25700,47145,8648,45667,32162,32375,5558,25913,64426,62422,1,37417,1,7848,0,0,0,1,1903,data_8threads_10connections_120s_True
sendfile,0,linux-sysepoll,0,0,0,0,1,0,1,2,25700,47145,8648,43732,20921,46190,5558,25913,65001,62422,1,37417,1,52721,1,1,0,1,797,data_8threads_300connections_30s_True
sendfile,0,linux-sysepoll,0,0,0,0,1,1,1,2,38468,47145,8648,22470,20921,24423,5558,25913,65001,62422,12,37417,1,29200,1,0,0,1,166,data_8threads_300connections_30s_True
sendfile,0,linux-sysepoll,0,0,0,0,1,0,1,2,47604,55957,8648,43732,20921,46190,45561,25913,65001,62422,1,37417,1,52721,1,0,0,1,797,data_8threads_300connections_30s_True
sendfile,0,linux-sysepoll,0,0,0,0,1,1,1,2,38468,3438,8648,22470,2791,32784,5558,25913,65001,62422,1,37417,0,27107,1,0,0,0,1903,data_8threads_300connections_30s_True
sendfile,0,linux-sysepoll,0,0,0,0,1,0,1,2,20043,55957,8648,43732,20921,46190,45561,25913,65001,62422,1,37417,1,47814,1,0,0,1,797,data_8threads_300connections_30s_True
sendfile,0,linux-sysepoll,0,0,1,0,1,1,1,2,25700,47145,8648,43732,7936,46190,5558,25913,65001,62422,1,37417,1,52721,1,0,0,0,797,data_8threads_300connections_30s_True
sendfile,0,linux-sysepoll,0,0,0,0,1,1,1,2,38468,47145,8648,22470,20921,46190,5558,25913,65001,62422,1,37417,1,52721,1,1,0,1,797,data_8threads_300connections_30s_True
sendfile,1,linux-sysepoll,0,0,0,1,1,0,1,2,25700,47145,8648,45667,20921,46190,5558,25913,65001,62422,1,10774,1,7848,0,1,0,1,195,data_8threads_300connections_30s_True
sendfile,1,libev,0,0,0,1,1,0,1,2,38468,434,8648,45667,20921,24423,5558,25913,65001,62422,1,37417,1,27107,1,0,0,0,1903,data_8threads_300connections_30s_True
sendfile,1,linux-sysepoll,0,1,0,0,1,0,1,2,25684,434,8648,45667,20921,24423,5558,25913,65001,62422,1,37417,1,27107,1,1,0,0,1903,data_8threads_300connections_30s_True
sendfile,0,linux-sysepoll,0,0,0,0,1,1,1,2,25700,60661,8648,43732,20921,46190,5558,25913,58406,62422,1,29149,1,2979,0,1,0,1,195,data_8threads_300connections_30s_True
sendfile,0,libev,0,1,0,0,1,0,1,2,25700,47145,8648,45667,20921,46190,5558,25913,65001,62422,1,10774,1,7848,0,1,0,1,195,data_8threads_300connections_30s_True
sendfile,0,linux-sysepoll,0,0,0,1,1,1,1,2,38468,47145,8648,22470,20921,24423,5558,25913,65001,62422,12,37417,1,52721,0,1,1,0,530,data_8threads_300connections_30s_True
sendfile,1,linux-sysepoll,0,1,0,1,1,1,1,2,25700,47145,8648,45667,20921,46190,5558,41317,65001,62422,1,37417,1,52721,0,1,1,1,797,data_8threads_300connections_30s_True
sendfile,1,linux-sysepoll,0,1,0,1,1,1,1,2,25700,47145,8648,45667,20921,24423,5558,25913,65001,62422,12,37417,1,52721,0,1,1,0,1662,data_8threads_300connections_30s_True
writev,0,linux-sysepoll,0,0,0,1,1,0,1,2,25700,47145,8648,45667,20921,46190,5558,25913,65001,62422,1,37417,1,52721,1,1,0,1,797,data_8threads_300connections_30s_True
sendfile,0,libev,0,0,0,1,1,0,1,2,38468,47145,8648,45667,20921,24423,5558,25913,65001,62422,1,37417,1,52721,0,1,1,1,797,data_8threads_300connections_30s_True
sendfile,0,linux-sysepoll,0,0,0,0,1,0,1,2,25700,47145,8648,45667,20921,46190,5558,25913,65001,62422,1,10774,1,7848,0,1,0,1,195,data_8threads_300connections_30s_True
sendfile,0,linux-sysepoll,0,0,0,1,1,0,1,2,38468,47145,8648,45667,20921,46190,5558,25913,65001,62422,1,37417,1,52721,0,1,0,1,797,data_8threads_300connections_30s_True
sendfile,0,libev,0,0,0,1,1,0,1,2,38468,47145,8648,45667,20921,46190,5558,25913,65001,62646,1,37417,1,52721,0,1,0,1,797,data_8threads_300connections_30s_True
write,1,libev,1,1,1,0,1,1,1,0,25700,64959,8648,45667,32162,46190,5558,25913,65001,62422,1,17501,1,23239,0,0,0,0,374,data_4threads_10connections_60s_False
write,1,linux-sysepoll,1,1,1,0,1,1,1,0,25700,64959,8648,45667,20921,36172,5558,25913,65001,62422,1,37417,1,7848,0,1,0,1,797,data_4threads_10connections_60s_False
write,1,linux-sysepoll,1,1,1,0,1,1,0,0,25700,30884,8648,45667,20921,36172,5558,25913,65001,16490,1,37417,1,7848,0,1,0,1,797,data_4threads_10connections_60s_False
sendfile,0,linux-sysepoll,1,0,0,0,1,1,1,1,25700,64959,8648,45667,20921,36172,38397,25913,65001,62422,1,37417,1,7848,0,1,1,1,797,data_4threads_10connections_60s_False
sendfile,0,linux-sysepoll,1,0,0,0,1,1,1,2,25700,47145,8648,43732,20921,46190,5558,25913,65001,62422,1,51948,1,23852,1,1,1,1,797,data_4threads_10connections_60s_False
sendfile,0,linux-sysepoll,1,0,0,0,1,1,1,2,25700,47145,8648,43732,20921,46190,5558,25913,65001,34572,1,51948,1,23852,1,1,0,1,797,data_4threads_10connections_60s_False
sendfile,0,linux-sysepoll,1,0,0,1,1,1,1,2,25700,47145,8648,43732,20921,46190,5558,7995,12905,62422,1,51948,1,23852,1,1,1,1,797,data_4threads_10connections_60s_False
sendfile,0,select,0,0,0,1,1,1,1,2,25700,47145,8648,45667,32162,46190,5558,25913,65001,62422,1,17501,1,7848,0,0,0,0,374,data_4threads_10connections_60s_False
sendfile,0,select,0,0,0,1,1,1,1,2,25700,47145,8648,45667,32162,43530,5558,25913,65001,62422,1,17501,1,7848,1,0,0,1,374,data_4threads_10connections_60s_False
write,1,linux-sysepoll,0,1,1,0,1,0,1,2,57377,47145,8648,45667,32162,43530,4631,25913,65001,62422,1,13517,1,7848,1,0,0,1,374,data_4threads_10connections_60s_False
write,1,linux-sysepoll,1,1,1,1,0,1,1,0,25700,64959,8648,45667,15986,36172,5558,25913,65001,62422,1,37417,1,7848,0,0,1,1,797,data_4threads_10connections_60s_False
sendfile,0,linux-sysepoll,0,0,0,1,1,0,1,2,25700,47145,8648,45667,20921,46190,5558,25913,65001,62422,1,37417,1,7848,0,1,0,1,797,data_4threads_10connections_60s_False
sendfile,0,linux-sysepoll,1,0,0,1,1,1,1,1,25700,64959,8648,45667,20921,36172,5558,25913,65001,62422,1,37417,1,7848,1,1,0,1,797,data_4threads_10connections_60s_False
sendfile,0,linux-sysepoll,0,0,0,0,1,0,1,2,20043,55957,8648,43732,20921,46190,45561,25913,65001,62422,1,37417,1,47814,1,0,0,1,797,data_4threads_10connections_60s_False
sendfile,0,linux-sysepoll,0,0,0,0,1,1,1,2,38468,3438,8648,22470,2791,32784,5558,25913,65001,62422,1,37417,0,27107,1,0,0,0,1903,data_4threads_10connections_60s_False
sendfile,0,linux-sysepoll,0,0,0,0,1,0,1,2,47604,55957,8648,43732,20921,46190,45561,25913,65001,62422,1,37417,1,52721,1,0,0,1,797,data_4threads_10connections_60s_False
sendfile,0,linux-sysepoll,0,0,0,0,1,1,1,2,38468,47145,8648,22470,20921,24423,5558,25913,65001,62422,12,37417,1,29200,1,0,0,1,166,data_4threads_10connections_60s_False
sendfile,0,linux-sysepoll,0,0,0,0,1,0,1,2,25700,47145,8648,43732,20921,46190,5558,25913,65001,62422,1,37417,1,52721,1,1,0,1,797,data_4threads_10connections_60s_False
sendfile,0,linux-sysepoll,0,0,1,0,1,1,1,2,25700,47145,8648,43732,7936,46190,5558,25913,65001,62422,1,37417,1,52721,1,0,0,0,797,data_4threads_10connections_60s_False
sendfile,0,linux-sysepoll,0,0,0,0,1,1,1,2,38468,47145,8648,22470,20921,46190,5558,25913,65001,62422,1,37417,1,52721,1,1,0,1,797,data_4threads_10connections_60s_False
writev,1,libev,0,0,0,0,1,1,1,1,10583,4182,171,53146,28533,63770,46270,21089,19133,1055,15,1438,1,18160,0,0,1,0,195,data_8threads_10connections_10s_True
writev,1,libev,0,0,0,0,1,1,2,1,10583,4182,171,53146,17783,63770,46270,21089,19133,20665,15,1438,1,18160,0,0,1,0,195,data_8threads_10connections_10s_True
write,1,libev,0,0,0,0,1,1,2,1,10583,4182,171,53146,17783,49752,36078,21089,19133,20665,15,1438,1,18160,0,0,0,1,797,data_8threads_10connections_10s_True
writev,1,libev,0,0,0,0,1,1,1,2,10583,4079,171,53146,28533,63770,46270,44190,29909,1055,15,37627,1,18160,0,0,1,0,195,data_8threads_10connections_10s_True
writev,1,libev,0,0,0,0,1,1,1,1,10583,4182,171,53146,28533,63770,46270,21089,19133,1055,14,1438,1,18160,0,0,1,0,1775,data_8threads_10connections_10s_True
write,1,libev,0,0,1,0,1,1,2,1,10583,4182,171,53146,17783,63770,28157,21089,19133,20665,13,1438,1,18160,0,0,1,0,195,data_8threads_10connections_10s_True
write,1,libev,0,0,0,0,1,1,2,1,10583,4182,171,53146,17783,63770,48806,21089,65001,62422,8,37417,1,6450,0,1,0,0,797,data_8threads_10connections_10s_True
write,0,linux-sysepoll,0,0,0,1,1,0,2,0,37538,40905,8648,45667,20921,25831,59175,25913,65001,62422,1,11555,1,27512,1,0,0,1,797,data_8threads_10connections_10s_True
writev,1,libev,1,0,0,0,1,0,1,2,10583,4182,171,53146,28533,63770,46270,21089,19133,1055,15,37627,1,18160,0,0,1,0,195,data_8threads_10connections_10s_True
write,0,linux-sysepoll,0,1,0,1,1,1,1,2,25700,48699,47371,30457,20921,59932,51353,5341,19133,20665,15,60308,1,5130,0,0,0,1,195,data_8threads_10connections_10s_True
writev,1,libev,0,0,1,1,1,1,2,1,25700,47145,58480,57712,21463,46190,32487,25913,65001,7772,12,37417,1,6450,0,1,0,0,797,data_8threads_10connections_10s_True
write,0,linux-sysepoll,0,0,0,1,1,0,1,2,25700,47145,8648,5333,17783,63770,51353,21089,19133,20665,15,1438,1,18160,0,0,0,0,195,data_8threads_10connections_10s_True
writev,1,libev,0,0,0,1,1,1,2,2,25700,47145,47371,30457,20921,59932,51353,21089,19133,20665,15,1438,1,18160,0,0,0,0,195,data_8threads_10connections_10s_True
writev,1,libev,0,0,0,1,1,1,2,2,25700,48699,47371,30457,20921,59932,51353,5341,19133,20665,15,60308,1,5130,0,0,0,0,195,data_8threads_10connections_10s_True
write,0,linux-sysepoll,0,0,0,1,1,0,1,1,25700,40905,8648,64078,20921,25831,59175,25913,65001,62422,1,11555,1,27512,1,0,0,1,797,data_8threads_10connections_10s_True
write,0,linux-sysepoll,0,0,0,1,1,0,1,1,25700,47145,8648,5333,17783,63770,36078,21089,19133,20665,15,1438,1,18160,0,0,0,1,797,data_8threads_10connections_10s_True
writev,1,linux-sysepoll,1,0,1,1,1,0,1,2,25700,64338,8648,46109,17783,63770,51353,21089,19133,20665,15,1438,1,18160,0,0,0,0,195,data_8threads_10connections_10s_True
writev,1,libev,1,0,0,1,0,0,1,2,25700,47145,58480,57712,21463,46190,32487,25913,65001,62422,16,37417,1,6450,0,1,0,0,797,data_8threads_10connections_10s_True
writev,1,libev,1,0,0,1,1,0,1,2,25700,47145,58480,57712,21463,46190,32487,25913,65001,62422,16,37417,1,6450,0,1,0,0,797,data_8threads_10connections_10s_True
writev,1,libev,1,0,0,1,1,0,1,2,25700,47145,58480,57712,21463,46190,32487,25913,65001,62422,8,37417,1,6450,0,1,0,0,797,data_8threads_10connections_10s_True
writev,0,libev,0,0,0,0,1,1,1,1,25700,47145,8648,45667,21463,46190,32487,25913,65001,62422,4,13639,1,44106,0,0,1,0,2405,data_4threads_300connections_60s_False
writev,1,libev,0,0,0,0,1,1,2,2,10583,4182,2709,36070,31821,63770,46270,21089,19133,20665,15,13639,1,44106,0,0,1,0,195,data_4threads_300connections_60s_False
writev,1,libev,0,0,0,0,1,1,2,2,10583,4182,2709,36070,20921,4627,57069,21089,19133,20665,15,1438,1,30894,0,0,0,1,1371,data_4threads_300connections_60s_False
write,0,linux-sysepoll,0,0,0,1,1,0,1,2,25700,47145,8648,45667,21463,46190,32487,25913,65001,62422,16,37417,1,7848,0,1,0,0,797,data_4threads_300connections_60s_False
write,0,linux-sysepoll,0,0,0,1,1,0,1,1,25700,1540,8648,48361,20921,4627,57069,21089,19133,12267,15,1438,1,30894,0,0,0,0,1371,data_4threads_300connections_60s_False
write,0,linux-sysepoll,0,0,0,0,1,1,1,1,25700,47145,8648,45667,21463,46190,32487,25913,65001,62422,15,13639,1,44106,0,0,1,0,2405,data_4threads_300connections_60s_False
write,0,linux-sysepoll,0,0,0,0,1,1,2,2,10583,4182,2709,36070,31821,63770,46270,21089,19133,20665,15,13639,1,44106,0,0,1,0,195,data_4threads_300connections_60s_False
write,0,linux-sysepoll,0,0,0,0,1,1,2,1,10461,47145,26939,45667,25719,46190,32487,25913,61133,62422,15,17501,1,7848,0,0,0,0,374,data_4threads_300connections_60s_False
writev,1,libev,0,0,0,0,1,1,1,1,25700,47145,8648,45667,20921,4627,57069,21089,19133,20665,15,1438,1,30894,0,0,0,1,1371,data_4threads_300connections_60s_False
writev,0,libev,1,0,0,0,1,0,1,1,25700,47145,8648,45667,20921,4627,57069,21089,19133,20665,15,1438,1,30894,0,0,0,0,1371,data_4threads_300connections_60s_False
writev,0,libev,1,0,0,0,1,0,1,1,25700,47145,8648,45667,20921,4627,57069,21089,19133,20665,15,1438,1,18160,0,0,0,0,1371,data_4threads_300connections_60s_False
write,1,libev,0,1,0,1,1,0,1,2,25700,17561,9195,45667,21463,25946,65368,21089,19133,20665,15,1438,1,18160,1,0,1,0,195,data_4threads_300connections_60s_False
writev,0,libev,0,0,0,0,1,0,1,2,25700,47145,8648,45667,20921,46190,65368,21089,19133,20665,15,1438,1,18160,0,0,0,0,1371,data_4threads_300connections_60s_False
writev,0,libev,0,0,0,0,1,0,1,2,25700,47145,8648,34687,20921,46190,65368,21089,19133,20665,15,1438,1,30894,0,0,0,0,1371,data_4threads_300connections_60s_False
writev,1,linux-sysepoll,0,0,0,1,1,0,1,2,10583,4182,2709,36070,31821,63770,38251,21089,19133,58927,15,1438,1,18160,0,0,0,1,1371,data_4threads_300connections_60s_False
write,1,linux-sysepoll,0,0,0,1,1,0,1,2,10583,4182,20758,36070,31821,63770,46270,21089,19133,43131,15,17501,1,7848,0,0,0,0,374,data_4threads_300connections_60s_False
write,1,linux-sysepoll,0,0,0,1,1,0,1,2,10583,4182,2709,36070,31821,63770,38251,21089,19133,20665,15,13639,1,44106,0,0,1,0,2405,data_4threads_300connections_60s_False
write,1,linux-sysepoll,0,0,0,1,1,0,1,2,10583,4182,6680,36070,31821,63770,38251,21089,19133,20665,15,2951,1,44106,0,0,1,0,195,data_4threads_300connections_60s_False
writev,0,libev,1,1,1,0,1,0,0,2,25700,25055,24177,45667,22550,46190,32487,25913,15362,62422,16,37417,1,59250,1,1,0,0,797,data_4threads_300connections_60s_False
write,1,select,0,0,0,1,1,0,1,2,10583,4182,20758,36070,31821,63770,46270,21089,19133,43131,15,13639,1,44106,0,0,1,1,2405,data_4threads_300connections_60s_False
sendfile,0,linux-sysepoll,1,1,0,0,1,1,1,2,25700,47145,8648,43732,20921,46190,5558,7995,12905,62422,1,37417,1,47814,1,0,0,0,1263,data_12threads_100connections_120s_False
writev,1,linux-sysepoll,1,0,0,0,1,1,0,2,25700,27064,8648,43732,7936,60692,1503,25913,62029,62422,1,37417,1,52721,1,0,0,0,797,data_12threads_100connections_120s_False
sendfile,0,linux-sysepoll,0,1,1,0,1,0,1,2,25700,24338,8648,43732,20921,46190,44265,25913,65001,57115,1,65262,1,52721,1,1,0,0,797,data_12threads_100connections_120s_False
write,0,linux-sysepoll,0,0,0,1,1,0,1,2,25700,47145,8648,45667,21463,46190,32487,25913,65001,62422,16,37417,1,7848,0,1,0,0,797,data_12threads_100connections_120s_False
write,0,linux-sysepoll,0,0,0,1,1,0,1,2,25700,47145,8648,45667,21463,46190,32487,25913,65001,62422,16,37417,1,7848,0,1,0,0,339,data_12threads_100connections_120s_False
sendfile,1,linux-sysepoll,0,0,0,1,1,1,1,2,38468,47145,8648,22470,20921,46190,5558,25913,65001,62422,14,37417,1,45416,0,1,1,0,339,data_12threads_100connections_120s_False
sendfile,1,poll,0,0,1,0,0,0,1,2,25700,47145,8648,59809,20921,46190,5558,25913,21792,27975,5,37417,1,52721,1,0,0,1,797,data_12threads_100connections_120s_False
sendfile,1,poll,0,0,1,0,0,0,1,2,25700,47145,8648,59809,20921,46190,5558,25913,21792,27975,5,37417,1,52721,1,0,0,1,1034,data_12threads_100connections_120s_False
sendfile,1,libev,0,0,0,1,1,0,1,2,38468,434,8648,45667,20921,24423,5558,25913,65001,62422,1,37417,1,27107,1,0,0,0,1903,data_12threads_100connections_120s_False
sendfile,0,linux-sysepoll,0,0,1,0,1,1,1,2,25700,47145,8648,43732,7936,46190,5558,25913,65001,62422,1,37417,1,52721,1,0,0,0,797,data_12threads_100connections_120s_False
sendfile,0,linux-sysepoll,0,0,0,0,1,0,1,2,20043,55957,8648,43732,20921,46190,45561,25913,65001,62422,1,37417,1,47814,1,0,0,1,797,data_12threads_100connections_120s_False
sendfile,0,linux-sysepoll,0,0,0,0,1,0,1,2,47604,55957,8648,43732,20921,46190,45561,25913,65001,62422,1,37417,1,52721,1,0,0,1,797,data_12threads_100connections_120s_False
sendfile,0,linux-sysepoll,0,0,0,0,1,1,1,2,38468,3438,8648,22470,2791,32784,5558,25913,65001,62422,1,37417,0,27107,1,0,0,0,1903,data_12threads_100connections_120s_False
sendfile,0,linux-sysepoll,0,0,0,0,1,1,1,2,38468,47145,8648,22470,20921,24423,5558,25913,65001,62422,12,37417,1,29200,1,0,0,1,166,data_12threads_100connections_120s_False
sendfile,0,linux-sysepoll,0,0,0,0,1,1,1,2,38468,47145,8648,22470,20921,46190,5558,25913,65001,62422,1,37417,1,52721,1,1,0,1,797,data_12threads_100connections_120s_False
sendfile,0,linux-sysepoll,0,0,0,0,1,0,1,2,25700,47145,8648,43732,20921,46190,5558,25913,65001,62422,1,37417,1,52721,1,1,0,1,797,data_12threads_100connections_120s_False
sendfile,0,linux-sysepoll,0,0,0,0,1,0,1,0,47604,55957,8648,43732,20921,46190,45561,9827,65001,62422,1,37417,1,52721,0,0,0,1,797,data_12threads_100connections_120s_False
sendfile,0,linux-sysepoll,1,0,0,0,1,1,1,2,19922,47145,8648,43732,20921,46190,5558,25913,65001,62422,1,51948,1,23852,0,1,0,1,797,data_12threads_100connections_120s_False
sendfile,0,linux-sysepoll,0,0,0,1,1,1,1,2,38468,47145,8648,22470,20921,46190,5558,25913,65001,62422,1,37417,1,52721,1,0,0,1,797,data_12threads_100connections_120s_False
sendfile,0,linux-sysepoll,0,0,0,0,1,1,1,2,38468,3438,8648,22470,2791,9794,5558,25913,65001,62422,12,37417,0,27107,1,0,0,1,1903,data_12threads_100connections_120s_False
sendfile,0,linux-sysepoll,1,0,0,0,1,1,1,1,25700,64959,8648,45667,20921,36172,38397,25913,65001,62422,1,37417,1,7848,0,1,1,1,797,data_4threads_10connections_10s_True
writev,0,select,0,1,0,1,1,0,1,2,25700,50369,8648,45667,20921,46190,5558,25913,7068,62422,1,37417,1,7848,0,0,0,1,1903,data_4threads_10connections_10s_True
sendfile,0,select,0,0,0,1,1,1,1,2,25700,47145,8648,45667,32162,43530,5558,25913,65001,62422,1,17501,1,7848,1,0,0,1,374,data_4threads_10connections_10s_True
sendfile,0,linux-sysepoll,0,1,0,1,1,0,1,2,25700,47145,8648,45667,20921,46190,5558,25913,7068,62422,1,1637,1,7848,0,1,0,1,1473,data_4threads_10connections_10s_True
sendfile,0,select,0,0,0,1,1,1,1,2,25700,47145,8648,45667,32162,46190,5558,25913,65001,62422,1,17501,1,7848,0,0,0,0,374,data_4threads_10connections_10s_True
sendfile,0,linux-sysepoll,0,1,0,1,1,0,1,2,25700,56916,8648,45667,4744,46190,5558,25913,7068,62422,1,1637,1,7848,1,1,0,1,1473,data_4threads_10connections_10s_True
sendfile,0,select,0,1,0,1,1,1,1,2,25700,47145,8648,45667,32162,43530,5558,25913,65001,62422,1,17501,1,7848,0,0,0,0,374,data_4threads_10connections_10s_True
write,0,select,1,0,1,0,1,1,1,2,25700,50369,8648,45667,20921,36172,43247,25913,65001,62422,1,37417,1,7848,0,1,0,1,797,data_4threads_10connections_10s_True
write,1,select,1,0,1,0,1,1,0,2,25700,46294,8648,28921,9556,46190,50707,25913,39513,62422,1,17501,1,3288,0,0,0,0,374,data_4threads_10connections_10s_True
write,1,select,1,0,1,0,1,1,1,2,25700,50369,23175,45667,7296,36172,43247,61516,65001,62422,1,37417,1,7848,0,0,0,0,374,data_4threads_10connections_10s_True
write,1,linux-sysepoll,1,1,1,0,1,1,1,0,25700,64959,8648,45667,20921,36172,5558,25913,65001,62422,1,37417,1,7848,0,1,0,1,797,data_4threads_10connections_10s_True
writev,0,select,0,0,0,1,1,1,1,2,25700,47145,8648,45667,9556,46190,50707,25913,65001,62422,1,17501,1,7848,0,0,0,0,374,data_4threads_10connections_10s_True
writev,0,select,0,0,0,0,1,1,1,2,25700,50369,8648,45667,20921,46190,5558,25913,50881,62422,1,37417,1,7848,0,0,0,1,1903,data_4threads_10connections_10s_True
writev,0,select,0,0,0,1,1,1,1,2,25700,46294,8648,28921,9556,46190,50707,25913,39513,62422,1,17501,1,7848,0,0,0,0,374,data_4threads_10connections_10s_True
write,1,libev,0,0,0,0,1,1,2,1,10583,4182,171,53146,17783,63770,48806,21089,65001,62422,8,37417,1,6450,0,1,0,0,797,data_4threads_10connections_10s_True
write,1,libev,0,1,0,0,1,1,2,1,10583,4182,49627,45667,9556,46190,50707,25913,65001,62422,1,17501,1,7848,0,0,0,0,374,data_4threads_10connections_10s_True
write,1,libev,0,0,0,0,1,1,2,1,10583,4182,171,57287,17783,46190,50707,25913,65001,62422,1,17501,1,7848,0,0,0,0,374,data_4threads_10connections_10s_True
write,1,libev,0,1,0,0,1,1,2,1,10583,4182,49627,45667,9556,46190,50707,25913,65001,62422,1,17501,0,7848,0,0,0,0,374,data_4threads_10connections_10s_True
write,1,libev,0,1,0,0,1,0,2,1,10583,4182,49627,19951,9556,29115,50707,25913,65001,62422,1,17501,1,7848,0,0,0,0,374,data_4threads_10connections_10s_True
write,1,libev,0,1,0,0,1,1,2,1,10583,4182,171,57287,16690,46190,50707,41417,65001,62422,1,17501,1,7848,0,0,0,0,374,data_4threads_10connections_10s_True
write,1,select,1,0,1,0,1,1,1,2,25700,50369,23175,45667,7296,36172,43247,61516,65001,62422,1,37417,1,7848,0,0,0,0,374,data_8threads_10connections_30s_False
write,0,select,1,0,1,0,1,1,1,2,25700,50369,8648,45667,20921,36172,43247,25913,65001,62422,1,37417,1,7848,0,1,0,1,797,data_8threads_10connections_30s_False
write,1,select,1,0,1,0,1,1,0,2,25700,46294,8648,28921,9556,46190,50707,25913,39513,62422,1,17501,1,3288,0,0,0,0,374,data_8threads_10connections_30s_False
write,0,select,1,0,1,0,1,1,1,2,25700,50369,8648,45667,20921,36172,43247,25913,65001,62422,7,23740,1,49231,0,1,0,1,797,data_8threads_10connections_30s_False
write,1,select,1,0,1,0,1,1,1,2,25700,50369,23175,45667,12985,36172,35463,61516,65001,62422,1,37417,1,7848,0,0,0,0,374,data_8threads_10connections_30s_False
write,0,select,1,0,1,0,1,1,0,2,25700,33071,8648,62067,20921,36172,43247,25913,65001,62422,1,17501,1,7848,0,0,0,1,374,data_8threads_10connections_30s_False
write,1,select,1,0,1,0,1,0,0,2,39074,50369,8648,40700,20921,36172,43247,25913,65001,62422,1,17501,1,7848,0,0,0,1,374,data_8threads_10connections_30s_False
write,0,select,1,0,1,0,1,0,1,2,25700,5875,8648,636,20921,36172,43247,25913,21156,62422,1,17501,1,7848,0,0,0,1,374,data_8threads_10connections_30s_False
write,1,select,1,0,1,0,1,1,1,2,25700,50369,8648,45667,20921,36172,43247,25913,65001,62422,1,37417,1,7848,0,0,0,1,797,data_8threads_10connections_30s_False
write,1,select,1,0,1,1,1,1,1,2,25700,50369,23175,45667,32162,43530,5558,25913,65001,34255,1,17501,1,7848,1,0,0,0,374,data_8threads_10connections_30s_False
sendfile,0,linux-sysepoll,1,0,0,0,1,1,1,1,25700,64959,8648,45667,20921,36172,38397,25913,65001,62422,1,37417,1,7848,0,1,1,1,797,data_8threads_10connections_30s_False
sendfile,0,linux-sysepoll,1,0,0,0,1,1,1,1,25700,64959,8648,45667,20921,36172,38397,25913,7068,36965,1,1637,1,7848,1,1,0,1,1473,data_8threads_10connections_30s_False
sendfile,0,select,0,0,0,1,1,1,1,2,25700,47145,8648,45667,32162,43530,5558,25913,65001,62422,1,17501,1,7848,1,0,0,1,374,data_8threads_10connections_30s_False
sendfile,0,select,0,0,0,1,1,1,1,2,25700,47145,8648,45667,32162,46190,5558,25913,65001,62422,1,17501,1,7848,0,0,0,0,374,data_8threads_10connections_30s_False
sendfile,0,linux-sysepoll,0,1,0,1,1,0,1,2,25700,47145,8648,45667,20921,46190,5558,25913,7068,62422,1,1637,1,7848,0,1,0,1,1473,data_8threads_10connections_30s_False
writev,0,select,0,1,0,1,1,0,1,2,25700,50369,8648,45667,20921,46190,5558,25913,7068,62422,1,37417,1,7848,0,0,0,1,1903,data_8threads_10connections_30s_False
sendfile,0,linux-sysepoll,0,1,0,1,1,0,1,2,25700,56916,8648,45667,4744,46190,5558,25913,7068,62422,1,1637,1,7848,1,1,0,1,1473,data_8threads_10connections_30s_False
sendfile,0,select,0,1,0,1,1,1,1,2,25700,47145,8648,45667,32162,43530,5558,25913,65001,62422,1,17501,1,7848,0,0,0,0,374,data_8threads_10connections_30s_False
writev,0,select,0,1,0,1,1,0,1,1,25700,50369,8648,45667,20921,46190,5558,25913,7068,62422,1,37417,1,15986,0,0,0,1,1473,data_8threads_10connections_30s_False
sendfile,0,linux-sysepoll,0,1,0,1,1,0,1,2,25700,56916,8648,45667,4744,46190,16660,25913,7068,62422,1,14093,1,7848,1,1,1,1,797,data_8threads_10connections_30s_False
writev,0,select,0,1,0,0,1,0,1,1,65187,50369,8648,45667,20921,46190,5558,25913,7068,62422,1,17501,1,7848,0,0,1,0,374,data_8threads_100connections_30s_False
sendfile,0,linux-sysepoll,0,1,0,1,1,1,1,2,25700,47145,8648,45667,20921,46190,33287,25913,7068,62422,1,1637,1,7848,1,1,0,1,797,data_8threads_100connections_30s_False
sendfile,0,linux-sysepoll,0,0,0,0,1,1,1,1,25700,56916,8648,45667,4744,20397,5558,25913,7068,47876,1,1637,1,7848,1,1,0,1,1473,data_8threads_100connections_30s_False
sendfile,0,select,0,0,0,0,1,1,1,2,25700,47145,8648,45667,32162,43530,5558,25913,65001,62422,1,17501,1,7848,1,0,0,1,374,data_8threads_100connections_30s_False
write,0,linux-sysepoll,0,0,0,1,1,0,1,2,25700,47145,8648,45667,21463,46190,32487,25913,65001,62422,16,37417,1,7848,0,1,0,0,797,data_8threads_100connections_30s_False
write,0,linux-sysepoll,0,0,0,1,1,0,1,2,25700,47145,8648,45667,21463,18126,32487,25913,56987,62422,16,37417,1,7848,0,1,0,0,797,data_8threads_100connections_30s_False
writev,1,libev,0,0,0,0,1,1,2,2,10583,4182,2709,36070,31821,63770,46270,21089,19133,20665,15,13639,1,44106,0,0,1,0,195,data_8threads_100connections_30s_False
writev,0,libev,0,0,0,0,1,1,2,2,10583,4182,2709,36070,31821,63770,43247,25913,21156,62422,1,17501,1,7848,0,0,0,1,374,data_8threads_100connections_30s_False
writev,1,libev,0,0,0,0,1,1,2,1,10583,4182,2709,36070,31821,63770,46270,21089,19133,12374,15,13639,1,44106,0,0,1,0,1465,data_8threads_100connections_30s_False
writev,0,libev,0,0,0,0,1,1,2,2,10583,4182,2709,36070,31821,63770,43247,25913,21156,62422,1,17501,1,7848,0,0,1,0,195,data_8threads_100connections_30s_False
writev,0,select,0,1,0,1,1,0,1,2,25700,47145,8648,45667,31821,25788,32487,25913,65001,62422,16,37417,1,7848,1,1,0,1,797,data_8threads_100connections_30s_False
sendfile,0,linux-sysepoll,1,0,0,1,1,0,1,2,25700,47145,65263,45667,32162,43530,32487,25913,56987,62422,16,37417,1,7848,0,0,0,1,797,data_8threads_100connections_30s_False
writev,0,linux-sysepoll,0,0,0,1,1,0,1,1,25700,47145,8648,45667,21463,63770,43247,25913,21156,62422,1,17501,1,7848,0,0,1,1,374,data_8threads_100connections_30s_False
write,0,libev,0,0,1,0,1,1,2,2,10583,4182,2709,36070,31821,63770,46270,23824,19133,20665,15,13639,0,44106,0,0,1,0,195,data_8threads_100connections_30s_False
write,0,linux-sysepoll,0,0,0,0,1,1,2,2,10583,4182,2709,36070,31821,63770,46270,21089,19133,20665,15,13639,1,44106,0,0,1,0,195,data_8threads_100connections_30s_False
write,0,linux-sysepoll,0,1,0,0,1,1,0,2,10583,4182,2709,36070,17981,63770,46270,21089,19133,20665,15,13639,1,44106,0,0,1,0,195,data_8threads_100connections_30s_False
sendfile,0,libev,0,0,0,0,1,0,2,1,29670,4182,52541,36070,31821,63770,46270,21089,21156,62422,2,17501,1,7848,0,0,1,1,1054,data_8threads_100connections_30s_False
writev,0,select,1,1,0,1,1,0,1,1,25700,56916,8648,45667,4744,46190,5558,25913,7068,62422,1,1637,1,7848,1,1,0,1,1473,data_8threads_100connections_30s_False
write,0,linux-sysepoll,0,0,0,1,1,0,1,2,6589,47145,8648,45667,32162,46190,33867,55813,65001,62422,1,37417,1,7848,0,1,0,1,1842,data_8threads_100connections_30s_False
write,0,libev,0,0,1,0,1,0,2,1,29670,4182,52541,36070,31821,63770,46270,21089,19133,20665,15,13639,1,44106,1,0,1,1,195,data_8threads_100connections_30s_False
writev,0,select,0,1,0,0,1,0,1,1,65187,50369,8648,45667,20921,46190,5558,25913,7068,62422,1,17501,1,7848,0,0,1,0,374,data_8threads_100connections_10s_True
writev,0,select,0,1,0,0,1,0,1,1,65187,50369,8648,45667,20921,46190,5558,25913,7068,62422,1,17501,1,7848,0,0,1,0,187,data_8threads_100connections_10s_True
write,0,linux-sysepoll,0,0,0,0,1,0,1,1,25700,1540,8648,48361,6693,63770,46270,21089,19133,20665,15,13639,1,44106,0,0,1,0,195,data_8threads_100connections_10s_True
writev,0,linux-sysepoll,0,0,0,0,1,0,1,1,25700,44641,8648,45667,21463,11410,32487,25913,56987,58146,16,37417,1,7848,0,0,1,0,797,data_8threads_100connections_10s_True
sendfile,0,select,0,0,0,0,1,1,1,2,25700,47145,8648,45667,32162,43530,5558,25913,65001,62422,1,17501,1,7848,1,0,0,1,374,data_8threads_100connections_10s_True
write,0,linux-sysepoll,0,0,0,0,1,1,1,0,25700,47145,8648,45667,32162,43530,16434,25913,65001,62422,1,15409,1,7848,1,0,0,1,374,data_8threads_100connections_10s_True
writev,0,select,0,1,0,0,1,0,1,1,65187,47145,3169,45667,21463,11410,32487,25913,56987,62422,16,37417,1,7848,0,0,0,1,797,data_8threads_100connections_10s_True
writev,1,linux-sysepoll,0,0,0,1,1,0,2,2,10583,4182,2709,52990,31821,63770,43247,25913,21156,62422,1,17501,1,7848,1,0,0,0,834,data_8threads_100connections_10s_True
write,0,linux-sysepoll,0,0,0,1,1,0,1,2,25700,47145,8648,45667,21463,46190,32487,25913,65001,62422,16,37417,1,7848,0,1,0,0,797,data_8threads_100connections_10s_True
write,0,linux-sysepoll,0,0,0,1,1,0,1,2,25700,47145,8648,45667,21463,18126,32487,25913,56987,62422,16,37417,1,7848,0,1,0,0,797,data_8threads_100connections_10s_True
write,0,linux-sysepoll,0,0,0,1,1,0,1,1,25700,1540,8648,48361,20921,4627,57069,21089,19133,12267,15,1438,1,30894,0,0,0,0,1371,data_8threads_100connections_10s_True
write,0,linux-sysepoll,0,0,0,1,1,0,1,2,25700,47145,8648,45667,21463,11410,32487,25913,56987,62422,16,37417,1,7848,0,1,0,0,797,data_8threads_100connections_10s_True
write,0,linux-sysepoll,0,0,1,1,1,0,1,2,25700,47145,8648,45667,21463,46190,32487,25913,65001,62422,16,26914,1,7848,0,1,0,0,2369,data_8threads_100connections_10s_True
write,0,linux-sysepoll,0,1,1,1,1,0,0,2,25700,21867,30267,45667,21463,43451,32487,25913,49506,62422,16,48016,1,7848,1,1,1,0,1895,data_8threads_100connections_10s_True
writev,0,linux-sysepoll,0,0,0,0,1,0,1,2,25700,47145,8648,45667,32162,43530,5558,25913,65001,62422,10,17501,1,7848,1,0,0,1,374,data_8threads_100connections_10s_True
writev,1,libev,0,0,0,0,1,1,2,2,10583,4182,2709,36070,31821,63770,46270,21089,19133,20665,15,13639,1,44106,0,0,1,0,195,data_8threads_100connections_10s_True
writev,0,libev,0,0,0,0,1,1,2,2,10583,4182,2709,36070,31821,63770,43247,25913,21156,62422,1,17501,1,7848,0,0,0,1,374,data_8threads_100connections_10s_True
writev,1,libev,0,0,0,0,1,1,2,1,10583,4182,2709,36070,31821,63770,46270,21089,19133,12374,15,13639,1,44106,0,0,1,0,1465,data_8threads_100connections_10s_True
writev,0,libev,0,0,0,0,1,1,2,2,10583,4182,2709,36070,31821,63770,43247,25913,21156,62422,1,17501,1,7848,0,0,1,0,195,data_8threads_100connections_10s_True
writev,1,libev,0,0,0,0,1,1,2,2,10583,4182,2709,36070,20921,4627,57069,21089,19133,20665,15,1438,1,30894,0,0,0,1,1371,data_8threads_100connections_10s_True
writev,0,libev,0,0,1,1,1,1,1,2,25700,47145,8648,45667,32162,46190,5558,15934,65001,62422,1,17501,1,7848,0,0,0,1,374,data_4threads_10connections_30s_False
sendfile,0,linux-sysepoll,0,1,0,1,1,0,1,2,25700,56916,8648,45667,4744,46190,5558,25913,7068,62422,1,1637,1,7848,1,1,0,1,1473,data_4threads_10connections_30s_False
sendfile,0,select,0,1,0,1,1,1,1,2,25700,47145,8648,45667,32162,43530,5558,25913,65001,62422,1,17501,1,7848,0,0,0,0,374,data_4threads_10connections_30s_False
sendfile,0,linux-sysepoll,0,1,0,1,1,0,1,2,25700,47145,8648,45667,20921,46190,5558,25913,7068,62422,1,1637,1,7848,0,1,0,1,1473,data_4threads_10connections_30s_False
sendfile,0,select,0,0,0,1,1,1,1,2,25700,47145,8648,45667,32162,46190,5558,25913,65001,62422,1,17501,1,7848,0,0,0,0,374,data_4threads_10connections_30s_False
writev,0,select,0,1,0,1,1,0,1,2,25700,50369,8648,45667,20921,46190,5558,25913,7068,62422,1,37417,1,7848,0,0,0,1,1903,data_4threads_10connections_30s_False
sendfile,0,select,0,0,0,1,1,1,1,2,25700,47145,8648,45667,32162,43530,5558,25913,65001,62422,1,17501,1,7848,1,0,0,1,374,data_4threads_10connections_30s_False
sendfile,0,linux-sysepoll,0,1,0,1,1,0,1,2,25700,47145,59085,45667,32162,46190,5558,25913,65001,62422,1,17501,0,7848,0,0,0,0,374,data_4threads_10connections_30s_False
sendfile,0,select,0,1,0,1,1,1,1,2,25700,31274,8648,45667,32162,46190,5558,25913,65001,62422,1,17501,1,7848,0,0,0,0,374,data_4threads_10connections_30s_False
sendfile,0,select,0,0,0,1,1,1,1,2,25700,47145,8648,45667,32162,43530,5558,25913,42089,62422,1,17501,1,7848,0,0,0,0,374,data_4threads_10connections_30s_False
sendfile,1,linux-sysepoll,0,1,0,1,1,0,1,2,25700,47145,59085,45667,32162,46190,5558,25913,65001,62422,1,17501,1,7848,0,0,0,0,374,data_4threads_10connections_30s_False
sendfile,0,select,0,0,0,1,1,0,1,2,25700,47145,8648,23810,32162,43530,5558,42790,23841,62422,1,17501,1,7848,0,1,0,0,797,data_4threads_10connections_30s_False
sendfile,0,linux-sysepoll,0,1,0,1,1,0,1,2,13935,47145,59085,45667,32162,57037,5558,25913,65001,62422,9,17501,1,7848,0,0,0,0,374,data_4threads_10connections_30s_False
sendfile,0,select,0,0,0,1,1,1,1,2,25700,47145,8648,45667,32162,46190,5558,25913,65001,62422,1,17501,1,7848,0,0,0,0,2377,data_4threads_10connections_30s_False
sendfile,0,select,0,1,0,1,1,1,1,2,25700,47145,8648,45667,32162,43530,5558,24043,65001,62422,1,17501,1,7848,0,0,0,0,374,data_4threads_10connections_30s_False
sendfile,0,linux-sysepoll,1,0,0,0,1,1,1,1,25700,64959,8648,45667,20921,36172,38397,25913,65001,62422,1,37417,1,7848,0,1,1,1,797,data_4threads_10connections_30s_False
write,1,select,1,0,1,0,1,1,1,2,25700,50369,23175,45667,7296,36172,43247,61516,65001,62422,1,37417,1,7848,0,0,0,0,374,data_4threads_10connections_30s_False
write,1,select,1,0,1,0,1,1,0,2,25700,46294,8648,28921,9556,46190,50707,25913,39513,62422,1,17501,1,3288,0,0,0,0,374,data_4threads_10connections_30s_False
write,0,select,1,0,1,0,1,1,1,2,25700,50369,8648,45667,20921,36172,43247,25913,65001,62422,1,37417,1,7848,0,1,0,1,797,data_4threads_10connections_30s_False
write,1,select,1,0,1,0,1,1,1,2,25700,46692,23175,45667,7296,36172,43247,61516,65001,62422,1,37417,1,7848,0,0,0,1,1079,data_4threads_10connections_30s_False
writev,1,linux-sysepoll,0,0,0,1,1,0,2,2,10583,4182,2709,52990,31821,63770,43247,25913,21156,62422,1,17501,1,7848,1,0,0,0,834,data_8threads_300connections_120s_False
writev,0,linux-sysepoll,1,0,0,1,1,1,1,2,25700,47145,60694,45667,21463,18126,32487,25913,56987,62422,16,37417,1,7848,0,1,0,1,254,data_8threads_300connections_120s_False
write,0,linux-sysepoll,1,0,0,0,1,0,1,1,25700,1540,8648,48361,6693,63770,46270,21089,19133,20665,1,17501,1,7848,1,0,0,1,374,data_8threads_300connections_120s_False
write,0,linux-sysepoll,1,0,0,0,1,0,1,1,25700,1540,8648,42530,6693,63770,46270,20393,8200,20665,1,17501,1,7848,1,0,0,1,553,data_8threads_300connections_120s_False
sendfile,0,libev,0,0,0,0,1,1,2,2,10583,4182,2709,36070,31821,63770,46270,21089,19133,20665,15,13639,1,44106,0,0,1,0,195,data_8threads_300connections_120s_False
write,0,linux-sysepoll,0,0,0,1,1,0,1,2,25700,47145,8648,45667,21463,46190,32487,25913,65001,62422,16,37417,1,7848,0,1,0,0,797,data_8threads_300connections_120s_False
write,0,linux-sysepoll,0,0,0,1,1,0,1,2,25700,47145,8648,45667,21463,18126,32487,25913,56987,62422,16,37417,1,7848,0,1,0,0,797,data_8threads_300connections_120s_False
write,0,linux-sysepoll,0,0,1,1,1,0,1,2,25700,56619,8648,45667,21463,46190,32487,25913,24482,62422,16,37417,1,7848,0,1,0,0,797,data_8threads_300connections_120s_False
write,0,linux-sysepoll,0,0,0,1,1,0,1,1,25700,47145,8648,45667,21463,18126,32487,25913,56987,62422,16,37417,1,31021,0,1,0,0,797,data_8threads_300connections_120s_False
sendfile,0,linux-sysepoll,1,0,1,1,1,0,1,2,25700,56619,8648,45667,14696,46190,59965,45940,24482,62422,16,37417,1,28238,0,1,0,0,797,data_8threads_300connections_120s_False
sendfile,0,select,0,0,0,0,1,1,1,2,25700,47145,8648,45667,32162,43530,5558,25913,65001,62422,1,17501,1,7848,1,0,0,1,374,data_8threads_300connections_120s_False
write,0,linux-sysepoll,0,0,0,0,1,1,1,0,25700,47145,8648,45667,32162,43530,16434,25913,65001,62422,1,15409,1,7848,1,0,0,1,374,data_8threads_300connections_120s_False
writev,1,libev,0,0,0,0,1,1,2,2,10583,4182,2709,36070,31821,63770,46270,21089,19133,20665,15,13639,1,44106,0,0,1,0,195,data_8threads_300connections_120s_False
writev,0,select,0,1,0,0,1,0,1,1,7890,50369,8648,45667,20921,46190,26681,25913,7068,62422,14,17501,1,7848,1,0,1,0,187,data_8threads_300connections_120s_False
writev,0,linux-sysepoll,0,0,0,1,1,1,1,2,25700,47145,60694,45667,21463,18126,32487,25913,56987,62422,16,37417,1,7848,0,1,0,1,254,data_8threads_300connections_120s_False
sendfile,0,select,0,0,0,1,1,0,1,1,25700,1540,8648,42530,6693,63770,46270,20393,41208,20665,1,17501,1,7848,1,0,0,1,553,data_8threads_300connections_120s_False
writev,0,select,0,1,0,0,1,0,1,1,65187,50369,8648,45667,20921,46190,5558,25913,7068,62422,1,17501,1,7848,0,0,1,0,374,data_8threads_300connections_120s_False
write,0,linux-sysepoll,0,0,0,0,1,0,1,1,25700,1540,8648,48361,6693,63770,46270,21089,19133,20665,15,13639,1,44106,0,0,1,0,195,data_8threads_300connections_120s_False
writev,0,select,0,1,0,0,1,0,1,1,65187,50369,8648,45667,20921,46190,5558,25913,7068,62422,1,17501,1,7848,0,0,1,0,187,data_8threads_300connections_120s_False
writev,0,linux-sysepoll,0,0,0,0,1,0,1,1,25700,44641,8648,45667,21463,11410,32487,25913,56987,58146,16,37417,1,7848,0,0,1,0,797,data_8threads_300connections_120s_False
writev,0,linux-sysepoll,0,0,0,1,1,0,1,2,50534,56916,8648,45667,4744,46190,5558,25913,7068,62422,1,1637,1,4778,1,1,0,1,1473,data_8threads_300connections_60s_False
sendfile,0,poll,0,0,0,0,1,1,1,2,25700,47145,8648,4253,32162,24223,40728,36245,56107,62422,1,17501,1,7848,1,1,0,1,374,data_8threads_300connections_60s_False
sendfile,0,linux-sysepoll,0,0,1,1,1,0,1,2,25700,47145,8648,4253,32162,24223,40728,36245,56107,62422,1,17501,1,21057,1,1,0,1,374,data_8threads_300connections_60s_False
sendfile,0,select,0,0,0,0,1,1,1,2,25700,47145,8648,45667,32162,43530,5558,25913,65001,62422,1,17501,1,7848,1,0,0,1,374,data_8threads_300connections_60s_False
write,0,linux-sysepoll,0,0,0,0,1,1,1,0,25700,47145,8648,45667,32162,43530,16434,25913,65001,62422,1,15409,1,7848,1,0,0,1,374,data_8threads_300connections_60s_False
sendfile,0,select,0,0,0,0,1,1,1,2,25700,47145,8648,45667,32162,24223,5558,36245,56107,62422,1,17501,1,7848,1,0,0,1,374,data_8threads_300connections_60s_False
write,0,linux-sysepoll,0,0,0,0,1,1,1,1,25700,64959,8648,59756,32162,43530,5558,7199,65001,62422,1,17501,1,7848,1,0,0,1,374,data_8threads_300connections_60s_False
writev,1,libev,0,0,0,0,1,1,2,2,10583,4182,2709,36070,31821,63770,46270,21089,19133,20665,15,13639,1,44106,0,0,1,0,195,data_8threads_300connections_60s_False
writev,1,libev,0,0,0,0,1,1,2,2,10583,4182,2709,45984,31821,63770,46270,21089,19133,20665,8,13639,1,44106,0,0,1,0,195,data_8threads_300connections_60s_False
writev,0,libev,0,0,1,1,1,1,1,2,25700,47145,8648,45667,32162,43530,5558,25913,65001,62422,1,17501,1,7848,1,0,1,1,374,data_8threads_300connections_60s_False
write,0,linux-sysepoll,0,0,0,1,1,0,1,2,25700,47145,8648,45667,21463,46190,32487,25913,65001,62422,16,37417,1,7848,0,1,0,0,797,data_8threads_300connections_60s_False
write,0,linux-sysepoll,0,0,0,1,1,0,1,2,25700,47145,8648,45667,21463,18126,32487,25913,56987,62422,16,37417,1,7848,0,1,0,0,797,data_8threads_300connections_60s_False
write,0,linux-sysepoll,0,0,0,1,1,0,1,2,25700,47145,8648,45667,21463,46190,32487,6571,65001,62422,16,37417,1,7848,0,1,0,0,797,data_8threads_300connections_60s_False
write,0,linux-sysepoll,0,0,0,0,1,1,1,1,25700,47145,8648,45667,32162,43530,16434,25913,65001,62422,1,15409,1,44106,1,1,1,1,1912,data_8threads_300connections_60s_False
writev,0,linux-sysepoll,0,1,0,1,1,0,1,1,25700,47145,2641,45667,21463,46190,32487,25913,65001,62422,16,37417,1,7848,0,1,1,1,1473,data_8threads_300connections_60s_False
sendfile,1,libev,0,0,0,0,1,1,2,2,10583,4182,2709,36070,31821,63770,46270,21089,19133,20665,15,13639,1,44106,0,0,1,1,717,data_8threads_300connections_60s_False
sendfile,0,poll,1,1,0,1,1,1,1,2,25700,47145,8648,45667,32162,43530,5558,25913,65001,681,1,17501,1,7848,1,0,0,1,107,data_8threads_300connections_60s_False
sendfile,1,poll,1,1,1,1,0,1,1,2,25700,47145,8648,11579,32162,43530,5558,25913,65001,20665,15,13639,1,44106,1,0,1,1,717,data_8threads_300connections_60s_False
write,1,linux-sysepoll,1,0,0,0,1,1,1,1,25700,47145,8648,45667,32162,43530,16434,25913,65001,62422,1,15409,1,54395,1,1,0,1,374,data_8threads_300connections_60s_False
sendfile,0,select,0,0,0,0,1,1,1,1,25700,12507,8648,45667,20921,36172,38397,47942,65001,62422,1,37417,1,7848,0,1,1,1,797,data_8threads_300connections_60s_False
write,0,linux-sysepoll,0,0,0,1,1,0,1,2,25700,47145,8648,45667,21463,46190,32487,25913,65001,62422,16,37417,1,7848,0,1,0,0,797,data_4threads_300connections_30s_True
write,0,linux-sysepoll,0,0,0,1,1,0,1,2,25700,47145,8648,45667,21463,18126,32487,25913,56987,62422,16,37417,1,7848,0,1,0,0,797,data_4threads_300connections_30s_True
write,0,linux-sysepoll,0,0,0,1,1,0,1,1,25700,47145,8648,45667,21463,18126,32487,25913,56987,62422,16,37417,1,31021,0,1,0,0,797,data_4threads_300connections_30s_True
write,0,linux-sysepoll,0,0,1,1,1,0,1,2,25700,56619,8648,45667,21463,46190,32487,25913,24482,62422,16,37417,1,7848,0,1,0,0,797,data_4threads_300connections_30s_True
write,0,linux-sysepoll,0,0,1,1,1,1,1,2,25700,56619,8648,45667,21463,46190,32487,25913,22901,62422,16,37417,1,7848,0,1,0,0,797,data_4threads_300connections_30s_True
write,0,linux-sysepoll,0,0,0,1,1,0,1,2,25700,47145,8648,45667,21463,18126,32487,25913,56987,62422,16,37417,1,7848,0,1,0,0,374,data_4threads_300connections_30s_True
write,0,linux-sysepoll,0,0,1,1,1,0,1,1,25700,47145,8648,45667,5409,18126,32487,25913,965,62422,16,37417,1,28238,0,1,0,0,797,data_4threads_300connections_30s_True
write,0,linux-sysepoll,0,0,0,1,1,0,1,2,25700,2596,8648,45667,21463,46190,32487,1697,65001,62422,16,37417,1,7848,0,1,0,0,797,data_4threads_300connections_30s_True
write,0,linux-sysepoll,0,0,0,1,1,0,1,2,25700,42199,59342,45667,21463,18126,32487,25913,56987,62422,16,37417,1,7848,0,1,0,0,797,data_4threads_300connections_30s_True
write,0,linux-sysepoll,0,0,1,1,1,0,1,1,25700,47145,8648,58163,21463,18126,32487,25913,56987,62422,16,37417,0,7848,0,1,0,0,98,data_4threads_300connections_30s_True
sendfile,0,linux-sysepoll,1,0,1,1,1,0,1,2,25700,56619,8648,45667,14696,46190,59965,45940,24482,62422,16,37417,1,28238,0,1,0,0,797,data_4threads_300connections_30s_True
write,0,linux-sysepoll,0,0,0,1,1,0,1,2,25700,47145,8648,45667,5409,18126,32487,25913,965,62422,16,37417,1,28238,0,0,0,1,797,data_4threads_300connections_30s_True
writev,1,libev,0,0,0,0,1,1,2,2,10583,4182,2709,36070,31821,63770,46270,21089,19133,20665,15,13639,1,44106,0,0,1,0,195,data_4threads_300connections_30s_True
writev,1,libev,0,0,0,0,1,1,2,1,10583,4182,171,53146,17783,63770,46270,21089,19133,20665,15,1438,1,18160,0,0,1,0,195,data_4threads_300connections_30s_True
writev,1,libev,0,0,0,0,1,1,1,1,10583,4182,171,53146,28533,63770,46270,21089,19133,1055,15,1438,1,18160,0,0,1,0,195,data_4threads_300connections_30s_True
writev,1,libev,0,0,0,0,1,1,1,2,10583,4182,171,62917,28533,63770,59318,21089,19133,1055,15,1438,1,18160,0,0,1,0,797,data_4threads_300connections_30s_True
writev,1,linux-sysepoll,0,0,0,1,1,0,2,2,10583,4182,2709,52990,31821,63770,43247,25913,21156,62422,1,17501,1,7848,1,0,0,0,834,data_4threads_300connections_30s_True
writev,0,libev,0,0,1,1,1,0,1,2,25700,56619,8648,45667,14696,46190,59965,45940,24482,62422,16,37417,1,28238,0,1,0,0,797,data_4threads_300connections_30s_True
write,0,linux-sysepoll,1,0,0,0,1,0,1,1,25700,1540,8648,48361,6693,63770,46270,21089,19133,20665,1,17501,1,7848,1,0,0,1,374,data_4threads_300connections_30s_True
write,0,linux-sysepoll,1,0,0,0,1,0,1,1,25700,1540,8648,42530,6693,63770,46270,20393,8200,20665,1,17501,1,7848,1,0,0,1,553,data_4threads_300connections_30s_True
writev,0,linux-sysepoll,1,0,0,0,1,0,0,2,25700,47145,8648,48361,6693,63770,46270,21089,5387,20665,6,17501,1,7848,0,0,0,1,1953,data_4threads_100connections_120s_False
writev,0,linux-sysepoll,1,0,0,0,1,0,0,2,25700,47145,8648,48361,6693,63770,46270,21089,5387,20665,6,17501,1,7848,0,0,0,1,1756,data_4threads_100connections_120s_False
write,0,linux-sysepoll,1,0,0,1,1,1,1,1,25700,1540,8648,45667,21463,4536,32487,25913,24482,62422,16,8978,1,56125,1,1,0,0,797,data_4threads_100connections_120s_False
write,0,poll,0,0,0,1,1,0,1,2,25700,56619,8648,2648,21463,46190,57260,25913,42127,905,7,1072,1,13025,0,1,0,0,797,data_4threads_100connections_120s_False
write,1,linux-sysepoll,0,0,0,1,1,0,1,2,25700,46180,8648,16889,21463,18126,32487,25913,56987,62422,16,37417,1,31021,0,1,0,1,797,data_4threads_100connections_120s_False
write,0,linux-sysepoll,0,0,0,1,1,0,1,2,25700,47145,8648,45667,21463,46190,32487,25913,65001,62422,16,37417,1,7848,0,1,0,0,797,data_4threads_100connections_120s_False
write,0,linux-sysepoll,0,0,0,1,1,0,1,2,25700,47145,8648,45667,21463,18126,32487,25913,56987,62422,16,37417,1,7848,0,1,0,0,797,data_4threads_100connections_120s_False
write,0,linux-sysepoll,0,0,1,1,1,0,1,2,25700,56619,8648,45667,21463,46190,32487,25913,24482,62422,16,37417,1,7848,0,1,0,0,797,data_4threads_100connections_120s_False
write,0,linux-sysepoll,0,0,0,1,1,0,1,1,25700,47145,8648,45667,21463,18126,32487,25913,56987,62422,16,37417,1,31021,0,1,0,0,797,data_4threads_100connections_120s_False
write,0,linux-sysepoll,0,0,1,1,0,0,1,1,25700,47145,8648,45667,21463,18126,47617,25913,56987,62422,16,37417,1,7848,0,1,0,0,797,data_4threads_100connections_120s_False
writev,0,linux-sysepoll,0,0,0,1,1,0,0,2,25700,47145,8648,45667,21463,4536,32487,25913,24482,62422,16,8978,1,7848,0,1,0,0,797,data_4threads_100connections_120s_False
write,0,linux-sysepoll,0,0,1,1,1,0,1,2,25700,56619,8648,45667,21463,46190,57260,25913,24482,905,16,37417,1,13025,0,1,0,0,797,data_4threads_100connections_120s_False
write,0,linux-sysepoll,0,0,0,1,1,0,1,1,25700,47145,8648,45667,18434,18126,51209,10954,56987,62422,16,37417,1,4539,0,1,0,0,797,data_4threads_100connections_120s_False
write,0,linux-sysepoll,0,0,0,1,1,0,1,2,25700,47145,8648,45667,21463,39243,32487,25913,56987,62422,16,37417,1,18406,0,1,0,0,797,data_4threads_100connections_120s_False
write,0,linux-sysepoll,0,0,1,1,1,0,1,2,25700,56619,8648,45667,21463,46190,32487,25913,3052,62422,4,37417,1,7848,0,1,0,0,797,data_4threads_100connections_120s_False
write,0,linux-sysepoll,0,1,0,1,1,0,1,1,62500,2439,8648,48361,6693,63770,46270,21089,5387,20665,6,17501,1,7848,0,0,0,1,1953,data_4threads_100connections_120s_False
writev,0,linux-sysepoll,1,0,0,1,1,1,1,2,25700,47145,60694,45667,21463,18126,32487,25913,56987,62422,16,37417,1,7848,0,1,0,1,254,data_4threads_100connections_120s_False
sendfile,0,libev,0,0,0,0,1,1,2,2,10583,4182,2709,36070,31821,63770,46270,21089,19133,20665,15,13639,1,44106,0,0,1,0,195,data_4threads_100connections_120s_False
write,1,linux-sysepoll,0,0,0,1,1,1,0,2,25700,46180,8648,16889,21463,18126,32487,21089,5387,20665,12,17501,1,7848,0,0,0,1,1953,data_4threads_100connections_120s_False
sendfile,0,linux-sysepoll,0,0,0,1,1,0,1,1,25700,47145,8648,45667,18434,18126,51209,10954,56987,62422,16,37417,1,31021,0,1,0,1,797,data_4threads_100connections_120s_False
sendfile,0,linux-sysepoll,0,1,0,1,1,0,1,2,25700,56916,8648,45667,4744,46190,5558,25913,7068,62422,1,1637,1,7848,1,1,0,1,1473,data_4threads_10connections_60s_True
sendfile,0,select,0,1,0,1,1,1,1,2,25700,47145,8648,45667,32162,43530,5558,25913,65001,62422,1,17501,1,7848,0,0,0,0,374,data_4threads_10connections_60s_True
writev,0,select,0,1,0,1,1,0,1,2,25700,50369,8648,45667,20921,46190,5558,25913,7068,62422,1,37417,1,7848,0,0,0,1,1903,data_4threads_10connections_60s_True
sendfile,0,select,0,0,0,1,1,1,1,2,25700,47145,8648,45667,32162,46190,5558,25913,65001,62422,1,17501,1,7848,0,0,0,0,374,data_4threads_10connections_60s_True
sendfile,0,linux-sysepoll,0,1,0,1,1,0,1,2,25700,47145,8648,45667,20921,46190,5558,25913,7068,62422,1,1637,1,7848,0,1,0,1,1473,data_4threads_10connections_60s_True
sendfile,0,select,0,0,0,1,1,1,1,2,25700,47145,8648,45667,32162,43530,5558,25913,65001,62422,1,17501,1,7848,1,0,0,1,374,data_4threads_10connections_60s_True
sendfile,0,select,0,0,0,1,1,1,1,2,25700,47145,8648,45667,32162,43530,5558,25913,42089,62422,1,17501,1,7848,0,0,0,0,374,data_4threads_10connections_60s_True
sendfile,0,select,0,1,0,1,1,1,1,2,25700,31274,8648,45667,32162,46190,5558,25913,65001,62422,1,17501,1,7848,0,0,0,0,374,data_4threads_10connections_60s_True
sendfile,0,linux-sysepoll,0,1,0,1,1,0,1,2,25700,47145,59085,45667,32162,46190,5558,25913,65001,62422,1,17501,0,7848,0,0,0,0,374,data_4threads_10connections_60s_True
sendfile,0,select,0,1,0,1,1,1,1,2,44348,17451,8648,45667,32162,43530,5558,25913,65001,62422,1,17501,1,7848,0,0,0,0,374,data_4threads_10connections_60s_True
sendfile,0,linux-sysepoll,0,1,0,1,1,0,0,2,25700,47145,8648,45667,15273,46190,5558,25913,7068,62422,1,43085,1,7848,1,1,0,0,797,data_4threads_10connections_60s_True
writev,0,select,0,1,0,1,1,0,0,2,25700,50369,8648,33550,20921,46190,5558,25913,7068,34429,7,37417,1,44696,1,0,0,0,490,data_4threads_10connections_60s_True
sendfile,0,select,0,1,0,1,1,1,1,2,25700,35989,8648,45667,32162,46190,5558,60744,46516,62422,1,59339,1,7848,0,0,0,0,374,data_4threads_10connections_60s_True
sendfile,0,libev,0,1,0,1,1,1,1,2,25700,47145,8648,45667,32162,46190,5558,27469,65001,62422,1,17501,1,7848,0,0,0,0,1971,data_4threads_10connections_60s_True
sendfile,0,select,0,0,0,1,1,1,1,2,40376,50369,8648,45667,20921,46190,5558,25913,7068,62422,1,37417,1,7848,1,0,0,1,1903,data_4threads_10connections_60s_True
sendfile,0,select,0,0,0,1,1,1,1,2,25700,34028,8648,45667,32162,43530,5558,25913,65001,62422,1,17501,1,7848,1,0,0,1,374,data_4threads_10connections_60s_True
sendfile,0,select,0,1,0,1,1,1,1,2,44348,17451,8648,45667,23283,43530,5558,25913,65001,62422,1,17501,1,7848,0,0,0,0,797,data_4threads_10connections_60s_True
sendfile,0,linux-sysepoll,0,1,0,1,1,0,1,2,25700,56916,8648,45667,4744,46190,5558,25913,7068,62422,1,1637,1,7848,1,0,0,1,1903,data_4threads_10connections_60s_True
sendfile,0,select,0,1,0,1,1,0,0,2,25700,50369,8648,33550,20921,46190,5558,25913,7068,34429,7,37417,1,44696,1,0,0,0,490,data_4threads_10connections_60s_True
sendfile,0,linux-sysepoll,0,1,0,1,1,0,0,2,25700,47145,8648,45667,32162,43530,5558,25913,65001,62422,1,17501,1,7848,0,0,0,1,374,data_4threads_10connections_60s_True
writev,0,linux-sysepoll,0,0,0,0,1,0,1,1,25700,64959,8648,59756,32162,8996,5558,7199,65001,62422,1,17501,1,7848,1,0,1,1,374,data_12threads_300connections_60s_True
writev,0,linux-sysepoll,1,0,0,0,1,0,0,2,25700,47145,8648,48361,6693,63770,46270,21089,5387,20665,6,17501,1,7848,0,0,0,1,1756,data_12threads_300connections_60s_True
writev,0,linux-sysepoll,1,0,0,0,1,0,0,2,25700,47145,8648,48361,6693,63770,46270,21089,5387,20665,6,17501,1,7848,0,0,0,1,1953,data_12threads_300connections_60s_True
writev,1,libev,0,0,0,0,1,1,2,2,10583,4182,2709,36070,31821,63770,46270,21089,19133,20665,15,13639,1,44106,0,0,1,0,195,data_12threads_300connections_60s_True
writev,1,libev,0,0,0,0,1,1,2,2,10583,4182,2709,45984,31821,63770,46270,21089,19133,20665,8,13639,1,44106,0,0,1,0,195,data_12threads_300connections_60s_True
writev,1,libev,0,0,0,0,1,1,2,2,10583,4182,2709,36070,31821,63770,46270,21089,48165,20665,5,13639,1,44106,0,0,1,0,195,data_12threads_300connections_60s_True
writev,0,libev,0,0,0,0,1,1,2,2,10583,4182,2709,45984,31821,63770,46270,21089,19133,20665,8,13639,1,44106,0,0,1,0,195,data_12threads_300connections_60s_True
write,1,libev,0,0,0,0,1,1,2,2,10583,4182,2709,36070,31821,63770,46270,16151,19133,3741,15,13639,1,44106,0,0,1,0,195,data_12threads_300connections_60s_True
writev,1,libev,0,1,0,0,1,1,2,2,10583,4182,2709,37473,31821,63770,46270,21089,19133,20665,15,13639,1,44106,0,1,1,1,195,data_12threads_300connections_60s_True
write,1,libev,0,0,0,0,1,1,2,2,10583,47145,8648,48361,29878,63770,46270,21089,5387,20665,6,17501,1,45992,0,0,0,1,1756,data_12threads_300connections_60s_True
writev,1,libev,0,0,1,1,1,1,1,2,51138,4182,2709,36070,31821,63770,46270,32909,19133,20665,8,13639,1,44106,0,0,1,0,195,data_12threads_300connections_60s_True
writev,1,libev,0,0,0,0,1,1,2,2,10583,4182,2709,36070,31821,63770,46270,24698,48165,20665,5,13639,1,44106,0,0,1,0,195,data_12threads_300connections_60s_True
writev,0,linux-sysepoll,0,0,0,1,1,0,1,2,50534,56916,8648,45667,4744,46190,5558,25913,7068,62422,1,1637,1,4778,1,1,0,1,1473,data_12threads_300connections_60s_True
sendfile,0,poll,0,0,0,0,1,1,1,2,25700,47145,8648,4253,32162,24223,40728,36245,56107,62422,1,17501,1,7848,1,1,0,1,374,data_12threads_300connections_60s_True
writev,0,libev,0,0,1,1,1,1,1,2,25700,47145,8648,45667,32162,43530,5558,25913,65001,62422,1,17501,1,7848,1,0,1,1,374,data_12threads_300connections_60s_True
sendfile,0,linux-sysepoll,0,0,1,1,1,0,1,2,25700,47145,8648,4253,32162,24223,40728,36245,56107,62422,1,17501,1,21057,1,1,0,1,374,data_12threads_300connections_60s_True
writev,0,libev,1,0,1,1,1,1,1,1,25700,47145,8648,45667,32162,43530,5558,25913,56987,62422,16,37417,1,60101,0,1,0,0,797,data_12threads_300connections_60s_True
sendfile,1,libev,0,0,0,0,1,1,2,2,10583,4182,2709,36070,31821,63770,46270,21089,19133,20665,15,13639,1,44106,1,0,1,0,1518,data_12threads_300connections_60s_True
sendfile,0,select,0,0,0,0,1,1,1,2,25700,47145,8648,45667,32162,43530,5558,25913,65001,62422,1,17501,1,7848,1,0,0,1,374,data_12threads_300connections_60s_True
sendfile,0,select,0,0,0,0,1,1,1,2,25700,47145,8648,45667,32162,24223,5558,36245,56107,62422,1,17501,1,7848,1,0,0,1,374,data_12threads_300connections_60s_True
sendfile,0,linux-sysepoll,0,1,0,1,1,0,1,2,25700,56916,8648,45667,4744,38950,5558,25913,39255,62422,1,1637,1,7848,0,1,0,1,1473,data_4threads_10connections_120s_False
write,0,libev,0,0,0,0,1,1,2,2,10583,47145,8648,48361,29878,63770,46270,21089,5387,20665,6,17501,1,45992,0,0,0,1,1756,data_4threads_10connections_120s_False
write,0,libev,0,0,0,0,1,1,2,2,25700,47145,8648,45667,32162,22035,5558,25913,65001,62422,1,17501,1,7848,0,0,0,0,2324,data_4threads_10connections_120s_False
write,0,linux-sysepoll,0,0,0,0,1,1,1,2,29968,47145,8648,46338,29878,63770,46270,21089,5387,20665,1,17501,1,7848,0,0,0,0,842,data_4threads_10connections_120s_False
writev,0,select,1,1,0,1,1,0,1,2,25700,46830,8648,45667,20921,14509,5558,25913,62772,62422,1,1637,1,7848,1,0,0,1,374,data_4threads_10connections_120s_False
sendfile,0,select,0,0,0,1,1,1,1,2,25700,47145,8648,45667,32162,43530,5558,25913,65001,62422,1,17501,1,7848,1,0,0,1,374,data_4threads_10connections_120s_False
sendfile,0,select,0,0,0,1,1,1,1,2,25700,47145,8648,45667,32162,46190,5558,25913,65001,62422,1,17501,1,7848,0,0,0,0,374,data_4threads_10connections_120s_False
sendfile,0,linux-sysepoll,0,1,0,1,1,0,1,2,25700,56916,8648,45667,4744,46190,5558,25913,7068,62422,1,1637,1,7848,1,1,0,1,1473,data_4threads_10connections_120s_False
writev,0,select,0,1,0,1,1,0,1,2,25700,50369,8648,45667,20921,46190,5558,25913,7068,62422,1,37417,1,7848,0,0,0,1,1903,data_4threads_10connections_120s_False
sendfile,0,select,0,1,0,1,1,1,1,2,25700,47145,8648,45667,32162,43530,5558,25913,65001,62422,1,17501,1,7848,0,0,0,0,374,data_4threads_10connections_120s_False
sendfile,0,linux-sysepoll,0,1,0,1,1,0,1,2,25700,47145,8648,45667,20921,46190,5558,25913,7068,62422,1,1637,1,7848,0,1,0,1,1473,data_4threads_10connections_120s_False
sendfile,0,select,0,0,0,1,1,1,1,2,25700,47145,8648,45667,32162,43530,5558,25913,65001,62422,1,9832,1,7848,1,0,0,1,374,data_4threads_10connections_120s_False
sendfile,0,linux-sysepoll,1,1,0,1,1,0,1,2,25700,47145,8648,45667,20921,46190,5558,25913,7068,62422,1,1637,1,7848,1,1,0,0,1473,data_4threads_10connections_120s_False
sendfile,0,select,0,1,0,0,1,0,1,2,25700,47145,8648,45667,32162,22035,5558,25913,65001,62422,1,17501,1,7848,0,0,0,0,374,data_4threads_10connections_120s_False
writev,0,select,0,1,0,1,1,1,1,2,25700,47145,8648,45667,32162,43530,5558,25913,8379,62422,1,18554,1,7848,1,0,0,1,374,data_4threads_10connections_120s_False
writev,0,select,0,1,0,1,1,0,1,2,25700,47145,8648,45667,20921,46190,5558,25913,7068,62422,1,1637,1,7848,1,1,0,0,1473,data_4threads_10connections_120s_False
sendfile,0,select,1,0,0,1,1,1,1,2,25700,47145,8648,45667,32162,43530,5558,25913,65001,62422,1,1190,1,7848,1,0,0,1,374,data_4threads_10connections_120s_False
sendfile,0,select,0,1,0,1,1,0,1,2,25700,47145,8648,45667,1712,46190,45352,25913,7068,62422,1,1637,1,7848,0,1,0,0,1473,data_4threads_10connections_120s_False
write,0,linux-sysepoll,0,1,0,0,1,0,1,2,25700,47145,33113,45667,20921,46190,52819,25913,65001,62422,1,17501,1,46715,1,0,0,0,374,data_4threads_10connections_120s_False
writev,0,select,0,1,0,1,1,0,1,2,25700,47145,8648,45667,20921,46190,5558,25913,7068,62422,1,1637,1,7848,1,0,0,0,1473,data_4threads_10connections_120s_False
sendfile,0,select,0,0,0,1,1,1,1,2,25700,47145,8648,45667,32162,43530,5558,25913,65001,62422,1,17501,1,7848,1,0,0,1,374,data_8threads_10connections_60s_False
sendfile,0,select,0,0,0,1,1,1,1,2,25700,47145,8648,45667,32162,46190,5558,25913,65001,62422,1,17501,1,7848,0,0,0,0,374,data_8threads_10connections_60s_False
writev,0,select,0,1,0,1,1,0,1,2,25700,50369,8648,45667,20921,46190,5558,25913,7068,62422,1,37417,1,7848,0,0,0,1,1903,data_8threads_10connections_60s_False
sendfile,0,select,0,1,0,1,1,1,1,2,25700,47145,8648,45667,32162,43530,5558,25913,65001,62422,1,17501,1,7848,0,0,0,0,374,data_8threads_10connections_60s_False
sendfile,0,linux-sysepoll,0,1,0,1,1,0,1,2,25700,56916,8648,45667,4744,46190,5558,25913,7068,62422,1,1637,1,7848,1,1,0,1,1473,data_8threads_10connections_60s_False
sendfile,1,linux-sysepoll,0,1,0,1,1,0,1,2,29824,56916,8648,45667,4744,46190,5558,25913,22073,62422,1,1637,0,7848,1,0,0,1,374,data_8threads_10connections_60s_False
sendfile,0,linux-sysepoll,0,1,0,1,1,0,1,2,25700,56916,8648,45667,4744,46190,5567,25913,7068,62422,1,1637,1,7848,1,1,0,1,1473,data_8threads_10connections_60s_False
writev,0,select,0,1,0,1,0,1,1,2,25700,47145,8648,45667,32162,43530,5558,64889,63969,62422,1,17501,1,7848,1,0,0,1,374,data_8threads_10connections_60s_False
sendfile,0,select,0,0,0,1,1,1,1,2,25700,47145,8648,45667,3702,46190,5558,25913,65001,62422,1,17501,1,7848,1,0,0,0,374,data_8threads_10connections_60s_False
sendfile,0,linux-sysepoll,0,1,0,1,1,0,1,1,25700,56916,8648,45667,4744,46190,5558,25913,7068,62422,1,1637,0,7848,1,0,0,1,374,data_8threads_10connections_60s_False
sendfile,1,linux-sysepoll,0,1,0,1,1,0,1,2,29824,56916,8648,45667,4744,46190,15244,25913,22073,62422,1,1637,1,7848,1,1,0,1,1473,data_8threads_10connections_60s_False
writev,0,select,1,1,0,1,1,0,1,2,25700,46830,8648,45667,20921,17093,5558,25913,34606,62422,1,1637,1,7848,1,0,0,1,374,data_8threads_10connections_60s_False
sendfile,0,linux-sysepoll,0,0,0,1,1,0,1,2,1519,56916,8648,45667,4744,46190,5567,25913,7068,62422,1,16988,1,7848,0,0,0,0,1903,data_8threads_10connections_60s_False
sendfile,0,select,0,0,0,1,1,1,1,2,25700,47145,8648,45667,32162,9155,5558,24941,56118,62422,1,8436,1,7848,1,0,0,1,374,data_8threads_10connections_60s_False
sendfile,0,linux-sysepoll,0,1,0,1,1,0,1,2,29824,56916,8648,39462,4744,46190,57039,25913,7068,62422,1,1637,1,7848,1,0,0,1,1473,data_8threads_10connections_60s_False
write,0,libev,0,0,0,0,1,1,2,2,25700,47145,8648,45667,32162,22035,5558,25913,65001,62422,1,17501,1,7848,0,0,0,0,2324,data_8threads_10connections_60s_False
write,0,linux-sysepoll,0,0,0,0,1,1,1,2,29968,47145,8648,46338,29878,63770,46270,21089,5387,20665,1,17501,1,7848,0,0,0,0,842,data_8threads_10connections_60s_False
write,0,libev,0,0,0,0,1,1,2,2,10583,47145,8648,48361,29878,63770,46270,21089,5387,20665,6,17501,1,45992,0,0,0,1,1756,data_8threads_10connections_60s_False
write,0,select,0,0,0,0,1,1,2,2,10583,47145,8648,48361,6724,8,46270,21089,5387,20665,6,55537,1,45992,0,0,0,0,834,data_8threads_10connections_60s_False
write,0,libev,0,0,0,0,1,1,2,2,10583,32617,8648,48361,29878,63770,50734,21089,5387,20665,6,17501,1,45992,0,0,0,1,1756,data_8threads_10connections_60s_False
writev,1,libev,1,0,0,1,1,1,2,2,10583,4182,2709,37473,31821,63770,46270,21089,19133,20665,15,13639,1,44106,0,1,1,1,195,data_4threads_100connections_30s_True
writev,1,libev,0,0,0,0,1,0,1,2,25700,22369,8648,45667,26913,14509,901,25913,62772,43732,1,7357,1,9401,1,0,1,1,1473,data_4threads_100connections_30s_True
writev,1,libev,0,0,0,0,1,1,2,2,10583,4182,2709,36070,31821,63770,46270,21089,19133,20665,15,13639,1,44106,0,0,1,0,195,data_4threads_100connections_30s_True
writev,1,libev,0,0,0,0,1,1,2,2,10583,4182,2709,45984,31821,63770,46270,21089,19133,20665,8,13639,1,44106,0,0,1,0,195,data_4threads_100connections_30s_True
writev,1,libev,0,1,0,0,1,1,2,2,10583,4182,2709,37473,31821,63770,46270,21089,19133,20665,15,13639,1,44106,0,1,1,1,195,data_4threads_100connections_30s_True
writev,1,libev,0,0,0,0,1,1,2,2,10583,4182,2709,45984,31821,63770,46270,21089,36991,20665,1,13639,1,44106,0,0,1,0,374,data_4threads_100connections_30s_True
writev,1,libev,0,1,0,0,1,1,2,0,10583,4182,2709,26119,31821,63770,46270,21089,19133,20665,8,13639,1,44106,0,0,1,1,1314,data_4threads_100connections_30s_True
writev,1,libev,0,0,0,0,1,1,2,2,10583,4182,2709,45984,31821,63770,46270,21089,36991,20665,1,13639,1,27600,0,0,1,1,374,data_4threads_100connections_30s_True
writev,1,libev,0,0,1,0,1,1,2,2,10583,4182,2709,36070,31821,63770,46270,21089,19133,20665,0,13639,1,44106,0,1,1,0,195,data_4threads_100connections_30s_True
writev,1,libev,0,0,0,0,1,1,2,2,10583,4182,2709,45984,31821,63770,46270,7850,36991,20665,1,1637,1,7848,0,1,1,1,1473,data_4threads_100connections_30s_True
writev,1,libev,0,0,0,0,1,1,2,2,10583,4182,2709,45984,31821,63770,47278,21089,19133,20665,1,7357,1,11488,1,0,1,1,1473,data_4threads_100connections_30s_True
writev,1,libev,0,0,0,0,1,1,2,2,10583,4182,2709,45984,31821,63770,46270,21089,19133,20665,8,13639,1,44106,0,0,1,0,1027,data_4threads_100connections_30s_True
writev,1,libev,0,0,0,0,1,1,2,2,10583,4182,2709,45984,31821,63770,46270,21089,19133,20665,8,23250,1,44106,0,1,1,0,195,data_4threads_100connections_30s_True
sendfile,0,linux-sysepoll,0,1,0,1,1,1,1,2,25700,56916,8648,45667,4744,38950,5558,25913,39255,29115,1,13639,1,27600,0,0,1,1,374,data_4threads_100connections_30s_True
writev,1,libev,0,0,0,1,1,1,1,2,25700,56916,8648,45667,4744,38950,5558,25913,39255,62422,1,1637,1,7848,0,1,0,0,1473,data_4threads_100connections_30s_True
write,1,libev,1,0,0,0,1,1,2,2,52092,4182,2709,45984,31821,33964,46270,25913,65001,62422,16,37417,1,7848,0,1,1,0,195,data_4threads_100connections_30s_True
write,0,linux-sysepoll,0,0,0,1,1,0,1,2,25700,47145,8648,45667,21463,46190,32487,25913,65001,62422,16,37417,1,7848,0,1,0,0,797,data_4threads_100connections_30s_True
sendfile,0,linux-sysepoll,0,1,0,1,1,0,1,2,25700,56916,8648,45667,4744,38950,5558,25913,39255,62422,1,1637,1,7848,0,1,0,1,1473,data_4threads_100connections_30s_True
writev,0,linux-sysepoll,1,0,0,0,1,0,0,2,25700,47145,8648,48361,6693,63770,46270,21089,5387,20665,6,17501,1,7848,0,0,0,1,1953,data_4threads_100connections_30s_True
writev,0,select,0,1,0,1,1,0,1,2,25700,10532,8648,45667,20921,14509,5558,25913,62772,62422,1,1637,1,7848,1,0,0,1,374,data_4threads_100connections_30s_True
write,0,select,1,0,0,1,1,0,2,2,25700,47145,8648,45667,32162,46190,5558,7199,65001,62422,1,17501,1,7848,1,0,0,0,374,data_8threads_10connections_120s_False
write,0,select,0,0,0,1,1,1,1,2,25700,47145,8648,45667,32162,46190,5558,25913,65001,62422,1,40085,1,7848,0,0,0,0,374,data_8threads_10connections_120s_False
write,0,linux-sysepoll,0,1,0,0,1,1,1,1,23968,64959,8648,59756,28068,43530,48293,7199,65001,62422,1,17501,1,7848,1,0,0,0,374,data_8threads_10connections_120s_False
writev,0,linux-sysepoll,0,1,0,0,1,1,1,1,23968,64959,8648,59756,28068,43530,48293,14916,65001,62422,1,17501,1,53814,1,0,0,0,374,data_8threads_10connections_120s_False
sendfile,1,linux-sysepoll,0,1,0,0,0,1,1,1,31025,47145,23687,45667,32162,43530,5558,16534,55410,62422,4,17501,1,7848,1,0,0,1,1756,data_8threads_10connections_120s_False
sendfile,0,select,0,0,0,1,1,1,1,2,25700,47145,8648,45667,32162,46190,5558,25913,65001,62422,1,17501,1,7848,0,0,0,0,374,data_8threads_10connections_120s_False
sendfile,0,select,0,0,0,1,1,1,1,2,25700,47145,8648,45667,32162,43530,5558,25913,65001,62422,1,17501,1,7848,1,0,0,1,374,data_8threads_10connections_120s_False
sendfile,1,select,0,1,0,1,1,1,1,2,14472,47145,8648,45667,32162,43530,5558,26202,65001,62422,1,17501,1,7848,1,0,0,1,374,data_8threads_10connections_120s_False
sendfile,0,linux-sysepoll,0,0,0,0,1,0,1,2,25700,47145,8648,4253,32162,2401,40728,36245,56107,62422,1,17501,1,7848,1,1,0,1,1953,data_8threads_10connections_120s_False
write,0,poll,0,0,0,0,1,0,0,2,4443,47145,8648,4253,2007,46198,40728,23753,55199,62422,1,17501,1,7848,1,1,0,1,1953,data_8threads_10connections_120s_False
sendfile,0,poll,0,0,0,0,1,1,1,2,25700,47145,8648,4253,32162,24223,40728,36245,56107,62422,1,17501,1,7848,1,1,0,1,374,data_8threads_10connections_120s_False
writev,0,linux-sysepoll,0,0,0,1,1,0,1,2,50534,56916,8648,45667,4744,46190,5558,25913,7068,62422,1,1637,1,4778,1,1,0,1,1473,data_8threads_10connections_120s_False
sendfile,0,select,0,1,1,1,1,1,1,2,25700,47145,8648,4253,3625,24223,20520,49472,56107,62422,1,17501,1,21057,1,1,0,1,374,data_8threads_10connections_120s_False
sendfile,0,select,1,0,0,1,1,1,1,2,25700,47145,8648,45667,3625,24223,20520,49472,56107,62422,1,17501,1,21057,1,1,0,1,374,data_8threads_10connections_120s_False
sendfile,0,select,0,0,0,0,1,1,1,2,25700,47145,8648,45667,32162,43530,5558,25913,65001,62422,1,17501,1,7848,1,0,0,1,374,data_8threads_10connections_120s_False
write,0,linux-sysepoll,0,0,0,0,1,1,1,0,25700,47145,8648,45667,32162,43530,16434,25913,65001,62422,1,15409,1,7848,1,0,0,1,374,data_8threads_10connections_120s_False
write,0,linux-sysepoll,0,0,0,0,1,1,1,1,25700,64959,8648,59756,32162,43530,5558,7199,65001,62422,1,17501,1,7848,1,0,0,1,374,data_8threads_10connections_120s_False
sendfile,0,select,0,0,0,0,1,1,1,2,25700,47145,8648,45667,32162,24223,5558,36245,56107,62422,1,17501,1,7848,1,0,0,1,374,data_8threads_10connections_120s_False
sendfile,0,linux-sysepoll,0,0,0,0,1,1,1,1,25700,64959,8648,59756,32162,43530,5558,7199,65001,62422,1,54890,1,7848,1,0,0,1,1953,data_8threads_10connections_120s_False
write,0,select,0,0,0,0,1,1,1,2,25700,47145,8648,45667,32162,43530,5558,16534,65001,62422,1,17501,1,7848,1,0,0,1,1756,data_8threads_10connections_120s_False
sendfile,0,linux-sysepoll,0,0,0,0,1,0,1,2,25700,47145,8648,4253,32162,2401,40728,36245,56107,62422,1,17501,1,7848,1,1,0,1,1953,data_8threads_300connections_10s_False
sendfile,0,linux-sysepoll,0,0,0,0,1,0,0,2,25700,22369,8648,2540,26913,5880,901,25913,62772,43732,1,7357,1,9401,1,1,1,1,1473,data_8threads_300connections_10s_False
sendfile,0,linux-sysepoll,0,0,0,0,1,0,1,2,25700,47145,8648,4253,32162,2401,40728,36245,56107,62422,1,22315,1,7848,1,1,1,1,1473,data_8threads_300connections_10s_False
sendfile,0,select,0,0,0,1,1,1,1,2,25700,22369,8648,45667,26913,21185,901,25913,62772,2217,1,1839,1,9401,1,0,1,1,1473,data_8threads_300connections_10s_False
write,1,libev,0,1,0,0,1,1,2,1,10583,4182,2709,39775,26913,14509,901,25913,62772,43732,9,7357,1,9401,1,0,1,1,1473,data_8threads_300connections_10s_False
sendfile,1,libev,0,0,0,0,1,1,1,2,25700,22369,8648,45667,26913,21185,901,25913,62772,2217,1,1839,1,9401,1,0,1,1,1473,data_8threads_300connections_10s_False
writev,1,libev,0,1,0,1,1,0,1,2,25700,22369,8648,39775,26913,14509,901,25913,62772,43732,1,7357,1,9401,1,0,1,0,1473,data_8threads_300connections_10s_False
writev,1,libev,0,1,0,0,1,1,2,1,24684,55426,50213,14940,31821,46190,5558,7199,65001,40074,1,17501,1,7848,1,0,0,0,374,data_8threads_300connections_10s_False
writev,1,libev,0,0,0,0,1,1,1,2,27266,47145,8648,45667,32162,46190,5558,25913,65001,62422,1,17501,1,7848,0,0,0,0,374,data_8threads_300connections_10s_False
writev,1,libev,0,1,0,0,1,1,1,2,27266,47145,8648,45667,32162,46190,5558,25913,65001,62422,1,17501,1,7848,0,0,0,0,374,data_8threads_300connections_10s_False
writev,1,libev,0,0,0,0,1,0,1,2,25700,22369,8648,45667,26913,14509,901,25913,62772,43732,1,7357,1,9401,1,0,1,1,1473,data_8threads_300connections_10s_False
writev,1,libev,0,0,0,0,1,0,1,2,25700,22369,8648,39775,26913,14509,901,25913,62772,43732,1,7357,1,9401,1,0,1,1,1473,data_8threads_300connections_10s_False
writev,1,libev,0,0,0,0,1,0,1,2,25700,22369,8648,45667,26913,14509,13132,25913,48408,43732,1,7357,1,9401,1,0,1,1,318,data_8threads_300connections_10s_False
writev,1,libev,0,0,0,0,1,1,2,2,10583,4182,2709,36070,31821,63770,46270,21089,19133,20665,15,13639,1,44106,0,0,1,0,195,data_8threads_300connections_10s_False
writev,1,libev,0,0,0,0,1,1,2,2,10583,4182,2709,45984,31821,63770,46270,21089,19133,20665,8,13639,1,44106,0,0,1,0,195,data_8threads_300connections_10s_False
writev,1,libev,0,1,0,0,1,1,2,2,10583,4182,2709,37473,31821,63770,46270,21089,19133,20665,15,13639,1,44106,0,1,1,1,195,data_8threads_300connections_10s_False
writev,1,libev,0,1,0,0,1,1,2,0,10583,4182,2709,26119,31821,63770,46270,21089,19133,20665,8,13639,1,44106,0,0,1,1,1314,data_8threads_300connections_10s_False
writev,1,libev,0,0,1,0,1,1,2,2,10583,4182,2709,36070,31821,63770,46270,21089,19133,20665,0,13639,1,44106,0,1,1,0,195,data_8threads_300connections_10s_False
writev,1,libev,0,0,0,0,1,1,2,2,10583,4182,2709,45984,31821,63770,46270,21089,36991,20665,1,13639,1,27600,0,0,1,1,374,data_8threads_300connections_10s_False
writev,1,libev,0,0,0,0,1,1,2,2,10583,4182,2709,45984,31821,63770,46270,7850,36991,20665,1,1637,1,7848,0,1,1,1,1473,data_8threads_300connections_10s_False
writev,0,linux-sysepoll,0,0,1,0,1,0,1,2,25700,12006,27196,25455,32162,43530,5558,25913,65001,62422,1,1637,1,29332,0,1,1,1,1473,data_8threads_10connections_60s_True
write,0,linux-sysepoll,0,1,0,0,1,1,1,1,23968,64959,8648,59756,28068,43530,48293,7199,65001,62422,1,17501,1,7848,1,0,0,0,374,data_8threads_10connections_60s_True
write,1,linux-sysepoll,0,1,0,0,1,1,1,1,23968,64959,8648,59756,22452,43530,48293,7199,51246,62422,1,17501,1,27233,1,0,0,0,374,data_8threads_10connections_60s_True
write,0,linux-sysepoll,0,1,0,0,1,1,1,1,23968,64959,8648,59756,28068,43530,48293,7199,65001,31362,1,2038,1,7848,1,0,0,0,374,data_8threads_10connections_60s_True
sendfile,0,select,0,0,0,1,1,1,1,2,25700,47145,8648,45667,32162,43530,5558,25913,65001,62422,1,17501,1,7848,1,0,0,1,374,data_8threads_10connections_60s_True
sendfile,0,select,0,0,0,1,1,1,1,2,25700,47145,8648,45667,32162,46190,5558,25913,65001,62422,1,17501,1,7848,0,0,0,0,374,data_8threads_10connections_60s_True
sendfile,0,linux-sysepoll,0,1,0,1,1,0,1,2,25700,56916,8648,45667,4744,46190,5558,25913,7068,62422,1,1637,1,7848,1,1,0,1,1473,data_8threads_10connections_60s_True
sendfile,0,linux-sysepoll,0,1,0,1,1,0,1,2,25700,47145,8648,45667,20921,46190,5558,25913,7068,62422,1,1637,1,7848,0,1,0,1,1473,data_8threads_10connections_60s_True
writev,0,select,0,1,0,1,1,0,1,2,25700,50369,8648,45667,20921,46190,5558,25913,7068,62422,1,37417,1,7848,0,0,0,1,1903,data_8threads_10connections_60s_True
sendfile,0,select,0,1,0,1,1,1,1,2,25700,47145,8648,45667,32162,43530,5558,25913,65001,62422,1,17501,1,7848,0,0,0,0,374,data_8threads_10connections_60s_True
sendfile,0,linux-sysepoll,0,1,0,1,1,0,1,2,25700,22369,8648,39775,26913,62879,901,25913,62772,43732,1,7357,1,9401,1,0,1,0,1473,data_8threads_10connections_60s_True
sendfile,0,linux-sysepoll,0,1,0,1,1,0,1,2,25700,47145,8648,45667,20921,49618,5558,25913,47369,62422,1,1637,1,7848,0,1,0,1,1473,data_8threads_10connections_60s_True
sendfile,0,select,0,1,0,1,1,1,1,2,14472,47145,8648,45667,30109,43530,5558,26202,65001,62422,1,17501,1,7848,1,0,0,1,374,data_8threads_10connections_60s_True
sendfile,0,select,0,0,0,1,1,1,1,2,25700,50369,8648,45667,10589,46190,5558,25913,7068,62422,1,37417,1,7848,1,0,0,1,1903,data_8threads_10connections_60s_True
writev,1,select,0,1,0,1,1,0,1,2,25700,50369,8648,45667,20921,46190,5558,58023,7068,62422,1,37417,1,7848,1,0,0,1,1903,data_8threads_10connections_60s_True
sendfile,0,select,0,1,0,1,1,0,1,2,25700,50369,8648,39082,10589,46190,5558,25913,7068,62422,1,37417,1,7848,1,1,1,1,1903,data_8threads_10connections_60s_True
sendfile,0,select,0,0,0,1,1,1,1,2,25700,50369,20170,45667,10589,46190,5558,25913,7068,62422,5,37417,1,7848,1,0,0,1,1903,data_8threads_10connections_60s_True
writev,0,linux-sysepoll,0,1,0,1,1,0,1,2,25700,47145,8648,25455,32162,43530,5558,25913,65001,62422,1,17501,1,7848,1,0,0,1,374,data_8threads_10connections_60s_True
sendfile,0,select,0,1,0,1,1,1,1,2,25700,47145,8648,45667,32162,43530,15324,25913,62772,43732,1,7357,1,44606,1,0,1,0,1473,data_8threads_10connections_60s_True
sendfile,0,linux-sysepoll,0,1,0,1,0,0,1,2,8055,56916,8648,45667,4744,46190,5558,25913,7068,62422,1,17501,1,7848,1,0,0,0,374,data_8threads_10connections_60s_True
writev,1,libev,0,0,0,0,1,1,2,2,10583,4182,2709,36070,31821,63770,46270,21089,19133,20665,15,13639,1,44106,0,0,1,0,195,data_4threads_300connections_30s_False
writev,1,libev,0,0,0,0,1,1,2,2,10583,4182,2709,45984,31821,63770,46270,21089,19133,20665,8,13639,1,44106,0,0,1,0,195,data_4threads_300connections_30s_False
writev,1,libev,0,1,0,0,1,1,2,2,10583,4182,2709,37473,31821,63770,46270,21089,19133,20665,15,13639,1,44106,0,1,1,1,195,data_4threads_300connections_30s_False
writev,1,libev,0,0,0,0,1,1,2,2,10583,4182,2709,45984,31821,63770,46270,21089,36991,20665,1,13639,1,44106,0,0,1,0,374,data_4threads_300connections_30s_False
writev,1,libev,0,0,0,0,1,1,2,2,10583,4182,2709,45984,31821,63770,46270,21089,36991,20665,1,13639,1,27600,0,0,1,1,374,data_4threads_300connections_30s_False
writev,1,libev,0,0,1,0,1,1,2,2,10583,4182,2709,36070,31821,63770,46270,21089,19133,20665,0,13639,1,44106,0,1,1,0,195,data_4threads_300connections_30s_False
writev,1,libev,0,1,0,0,1,1,2,0,10583,4182,2709,26119,31821,63770,46270,21089,19133,20665,8,13639,1,44106,0,0,1,1,1314,data_4threads_300connections_30s_False
writev,1,libev,0,0,0,0,1,1,2,2,10583,4182,2709,45984,31821,63770,46270,7850,36991,20665,1,1637,1,7848,0,1,1,1,1473,data_4threads_300connections_30s_False
writev,1,libev,0,0,0,1,1,1,2,2,10583,4182,2709,45984,31821,63770,46270,2923,19133,20665,8,13639,1,44106,0,0,1,1,1314,data_4threads_300connections_30s_False
writev,1,libev,0,0,1,0,1,1,2,0,10583,4182,2709,26119,7762,63770,46270,7850,33662,20665,1,1637,1,61986,0,1,1,1,1473,data_4threads_300connections_30s_False
writev,1,libev,0,0,1,0,1,0,1,2,10583,4182,2709,26132,31821,63770,46270,21089,19133,20665,15,13639,0,44106,0,1,1,1,195,data_4threads_300connections_30s_False
writev,1,libev,0,0,0,0,1,1,2,2,10583,4182,2709,45984,31821,63770,46270,2923,19133,20665,8,13639,1,44106,0,0,1,1,1314,data_4threads_300connections_30s_False
writev,1,libev,0,0,0,0,1,1,2,0,10583,14533,2709,51239,7762,63770,61489,7850,33662,20665,1,1637,1,61986,0,1,1,1,1473,data_4threads_300connections_30s_False
writev,1,libev,0,0,1,0,1,1,2,2,58702,4182,45197,26119,7762,63770,46270,7850,33662,20665,1,1637,1,61986,0,0,1,1,1473,data_4threads_300connections_30s_False
write,1,libev,1,0,1,0,1,1,2,0,10583,4182,31657,45984,31821,63770,46270,7850,36991,20665,1,1637,1,20188,0,1,1,1,1473,data_4threads_300connections_30s_False
write,0,libev,0,0,1,0,1,1,2,2,10583,4182,2709,64757,31821,63770,46270,7850,61599,20665,1,1637,1,7848,0,1,1,1,1473,data_4threads_300connections_30s_False
writev,1,libev,0,1,1,0,1,1,2,0,10583,4182,2709,26119,25289,63770,60237,7850,33662,62313,1,1637,0,26268,0,1,1,1,1473,data_4threads_300connections_30s_False
writev,1,libev,0,0,1,0,1,0,1,0,10583,4182,2709,26119,31821,63770,46270,21089,19133,20665,8,13639,1,44106,0,0,1,1,1314,data_4threads_300connections_30s_False
writev,0,libev,0,0,1,0,1,1,2,0,10583,4182,2709,26119,7762,56950,46270,7850,33662,20665,1,1637,1,61986,0,1,1,1,1473,data_4threads_300connections_30s_False
writev,1,libev,0,0,1,0,1,0,1,0,10583,4182,2709,26119,31821,63770,46270,21089,19133,20665,14,13639,1,44106,0,0,1,1,1314,data_4threads_300connections_30s_False
write,0,linux-sysepoll,0,0,0,1,1,0,1,2,25700,47145,8648,45667,21463,46190,32487,25913,65001,62422,16,37417,1,7848,0,1,0,0,797,data_12threads_100connections_30s_False
writev,1,libev,0,0,0,0,1,0,1,2,25700,22369,8648,45667,26913,14509,901,25913,62772,43732,1,7357,1,9401,1,0,1,1,1473,data_12threads_100connections_30s_False
sendfile,0,linux-sysepoll,0,0,0,1,1,0,2,0,48612,62817,45395,47856,31821,63770,46270,21089,19133,20665,8,13639,1,44106,0,0,1,1,1314,data_12threads_100connections_30s_False
sendfile,0,linux-sysepoll,0,0,0,1,1,1,2,2,48612,4182,2709,36070,31821,63770,46270,21089,19133,20665,15,36735,1,44106,0,0,1,0,195,data_12threads_100connections_30s_False
writev,0,libev,0,1,0,1,0,0,1,2,25700,47145,8648,45667,32162,49383,5558,64889,63969,62422,5,17501,1,7848,1,0,0,1,374,data_12threads_100connections_30s_False
writev,1,libev,0,1,0,0,1,0,2,2,25700,22369,8648,45667,26913,14509,901,25913,62772,43732,1,7357,1,9401,1,0,1,0,1287,data_12threads_100connections_30s_False
writev,1,libev,0,1,0,0,1,0,2,2,25700,22369,8648,45667,26658,14509,901,25913,62772,43732,1,7357,1,9401,1,0,0,0,1287,data_12threads_100connections_30s_False
sendfile,0,linux-sysepoll,0,0,0,1,1,1,2,2,48612,62817,45395,47856,31821,63770,46270,21089,52722,20665,8,13639,1,44106,0,0,1,0,195,data_12threads_100connections_30s_False
writev,1,poll,0,0,0,0,1,0,1,2,25700,22369,8648,45667,26913,14509,901,25913,62772,43732,1,7357,1,9401,1,0,0,1,1473,data_12threads_100connections_30s_False
write,0,linux-sysepoll,0,0,1,1,1,0,1,1,25700,47145,8648,45667,21463,46190,32487,25913,65001,20665,1,42674,1,44106,0,0,1,0,195,data_12threads_100connections_30s_False
sendfile,0,linux-sysepoll,0,0,0,1,1,0,2,2,48612,4182,2709,36070,12118,63770,46270,21089,19133,20665,8,13639,1,44106,0,0,1,1,1314,data_12threads_100connections_30s_False
writev,1,libev,0,0,0,0,1,1,2,2,10583,4182,2709,36070,31821,63770,46270,21089,19133,20665,15,13639,1,44106,0,0,1,0,195,data_12threads_100connections_30s_False
writev,1,libev,0,0,0,0,1,1,2,2,10583,4182,2709,45984,31821,63770,46270,7850,36991,20665,1,1637,1,7848,0,1,1,1,1473,data_12threads_100connections_30s_False
writev,1,libev,0,0,0,0,1,1,2,2,10583,4182,2709,45984,31821,63770,46270,21089,36991,20665,1,13639,1,44106,0,0,1,0,374,data_12threads_100connections_30s_False
writev,1,libev,0,1,0,0,1,1,2,0,10583,4182,2709,26119,31821,63770,46270,21089,19133,20665,8,13639,1,44106,0,0,1,1,1314,data_12threads_100connections_30s_False
writev,1,libev,0,0,0,0,1,1,2,2,10583,4182,2709,45984,31821,63770,46270,21089,36991,20665,1,13639,1,27600,0,0,1,1,374,data_12threads_100connections_30s_False
writev,1,libev,0,0,1,0,1,1,2,2,10583,4182,2709,36070,31821,63770,46270,21089,19133,20665,0,13639,1,44106,0,1,1,0,195,data_12threads_100connections_30s_False
writev,1,libev,0,1,0,0,1,1,2,2,10583,4182,2709,37473,31821,63770,46270,21089,19133,20665,15,13639,1,44106,0,1,1,1,195,data_12threads_100connections_30s_False
writev,1,libev,0,0,0,0,1,1,2,2,10583,4182,2709,45984,31821,63770,46270,21089,19133,20665,8,13639,1,44106,0,0,1,0,195,data_12threads_100connections_30s_False
writev,1,libev,0,1,0,0,1,1,2,0,10583,4182,2709,36070,31821,63770,46270,21089,19133,20665,2,13639,1,44106,0,0,1,0,374,data_12threads_100connections_30s_False
write,0,linux-sysepoll,0,0,0,0,1,1,1,1,23968,64959,8648,59756,28068,43530,48293,7199,65001,62422,1,17501,1,7848,1,0,0,0,374,data_4threads_100connections_60s_False
sendfile,0,linux-sysepoll,0,0,1,0,1,1,1,2,23968,30449,8648,59756,29168,43530,48293,14916,65001,62422,1,29369,1,40297,1,0,0,1,1903,data_4threads_100connections_60s_False
write,0,libev,0,0,0,0,1,1,2,2,10583,4182,2709,36070,31821,63770,46270,21089,19133,20665,15,13639,1,44106,0,0,1,0,195,data_4threads_100connections_60s_False
write,0,libev,0,0,1,0,1,1,2,2,10583,4182,2709,65497,31821,63770,46270,21089,24860,20665,15,13639,1,44106,0,0,1,0,195,data_4threads_100connections_60s_False
write,0,linux-sysepoll,0,0,0,0,1,0,1,2,25700,47145,8648,45667,21463,46190,32487,25913,65001,62422,16,37417,1,7848,0,1,0,1,1935,data_4threads_100connections_60s_False
write,0,linux-sysepoll,0,0,0,0,1,0,1,2,25700,47145,8648,4253,32162,35039,40728,36245,56107,62422,1,17501,1,7848,1,1,0,1,1953,data_4threads_100connections_60s_False
write,0,linux-sysepoll,0,0,0,0,1,0,1,2,25700,47145,8648,45667,21463,46190,63489,25913,65001,62422,15,37417,1,7848,1,1,0,1,1953,data_4threads_100connections_60s_False
sendfile,0,linux-sysepoll,0,1,1,0,1,1,2,0,10583,38293,38321,65497,31821,63770,46270,21089,24860,20665,15,59276,1,44106,0,0,1,0,195,data_4threads_100connections_60s_False
sendfile,0,linux-sysepoll,0,0,0,0,1,0,1,2,25700,47145,8648,4253,32162,2401,40728,36245,56107,62422,1,17501,1,7848,1,1,0,1,1953,data_4threads_100connections_60s_False
write,0,poll,0,0,0,0,1,0,1,2,23968,22587,8648,59756,29168,43530,38198,14916,65001,62422,1,29369,1,40297,1,0,0,0,1903,data_4threads_100connections_60s_False
write,0,libev,0,1,0,0,1,1,2,2,61487,4182,2709,36070,1671,63770,46270,21089,19133,20665,15,1201,1,44106,0,0,1,0,195,data_4threads_100connections_60s_False
write,0,linux-sysepoll,0,0,0,0,1,1,2,2,10583,42685,2709,36070,31821,63770,46270,20282,19133,20665,15,20612,1,44106,0,0,1,0,195,data_4threads_100connections_60s_False
write,0,linux-sysepoll,0,0,0,1,1,0,1,2,25700,47145,8648,45667,21463,46190,32487,25913,65001,62422,16,37417,1,7848,0,1,0,0,797,data_4threads_100connections_60s_False
writev,1,libev,0,0,0,0,1,1,2,2,10583,4182,2709,36070,31821,63770,46270,21089,19133,20665,15,13639,1,44106,0,0,1,0,195,data_4threads_100connections_60s_False
writev,0,linux-sysepoll,0,1,0,0,1,1,1,2,25700,47145,8648,4253,32162,2401,40728,36245,56107,46941,9,17501,1,7848,0,1,1,1,1935,data_4threads_100connections_60s_False
sendfile,1,linux-sysepoll,0,0,0,1,1,1,1,2,23968,30449,8648,59756,29168,43530,48293,14916,3384,62422,1,29369,1,13185,1,0,1,1,460,data_4threads_100connections_60s_False
write,0,linux-sysepoll,0,1,1,1,1,1,1,2,25700,47145,8648,45667,32162,43530,45268,25913,65001,62422,1,17501,1,7848,0,0,0,0,374,data_4threads_100connections_60s_False
write,1,libev,0,0,1,1,1,1,1,2,23968,14609,8648,59756,29168,43530,57407,14916,65001,62422,1,29369,1,40297,1,1,0,1,1903,data_4threads_100connections_60s_False
writev,0,linux-sysepoll,0,1,0,0,1,1,1,2,25700,47145,8648,4253,32162,2401,40728,36245,56107,62422,9,17501,1,7848,1,1,0,1,1953,data_4threads_100connections_60s_False
sendfile,0,select,1,1,0,0,1,1,1,1,23968,64959,8648,59756,28068,43530,48293,7199,65001,62422,1,17501,1,32188,1,0,0,0,374,data_4threads_100connections_60s_False
write,0,linux-sysepoll,0,0,0,1,1,0,1,2,25700,47145,8648,45667,21463,46190,32487,25913,65001,62422,16,37417,1,7848,0,1,0,0,797,data_12threads_300connections_10s_True
write,0,linux-sysepoll,0,0,0,1,1,0,1,2,25700,47145,8648,45667,21463,18126,32487,25913,56987,62422,16,37417,1,7848,0,1,0,0,797,data_12threads_300connections_10s_True
write,0,linux-sysepoll,0,0,0,1,1,0,1,2,25700,42199,59342,45667,21463,18126,32487,25913,56987,62422,16,37417,1,7848,0,1,0,0,797,data_12threads_300connections_10s_True
write,0,linux-sysepoll,0,0,0,1,1,0,1,2,25700,47145,8648,45667,21463,18126,32487,25913,56987,62422,16,37417,1,7848,0,1,0,0,374,data_12threads_300connections_10s_True
write,0,linux-sysepoll,0,0,0,1,1,0,1,2,25700,2596,8648,45667,21463,46190,32487,1697,65001,62422,16,37417,1,7848,0,1,0,0,797,data_12threads_300connections_10s_True
write,0,linux-sysepoll,0,0,1,1,1,1,1,2,25700,56619,8648,45667,21463,46190,32487,25913,22901,62422,16,37417,1,7848,0,1,0,0,797,data_12threads_300connections_10s_True
write,0,linux-sysepoll,0,0,1,1,1,0,1,1,25700,47145,8648,45667,5409,18126,32487,25913,965,62422,16,37417,1,28238,0,1,0,0,797,data_12threads_300connections_10s_True
write,0,linux-sysepoll,0,0,1,1,1,0,1,1,25700,47145,8648,58163,21463,18126,32487,25913,56987,62422,16,37417,0,7848,0,1,0,0,98,data_12threads_300connections_10s_True
write,0,linux-sysepoll,0,0,1,1,1,0,1,2,25700,56619,8648,45667,21463,46190,32487,25913,24482,62422,16,37417,1,7848,0,1,0,0,797,data_12threads_300connections_10s_True
write,0,linux-sysepoll,0,0,0,1,1,0,1,1,25700,47145,8648,45667,21463,18126,32487,25913,56987,62422,16,37417,1,31021,0,1,0,0,797,data_12threads_300connections_10s_True
write,0,linux-sysepoll,0,0,0,1,1,0,1,2,26355,42199,59342,45667,21463,18126,32487,25913,56987,62422,16,37417,1,7848,0,1,0,0,797,data_12threads_300connections_10s_True
write,0,linux-sysepoll,0,0,1,1,1,0,1,1,25700,37493,65110,45667,5409,18126,32487,25913,965,10836,16,37417,1,22564,0,1,0,0,797,data_12threads_300connections_10s_True
write,0,linux-sysepoll,0,0,1,1,1,0,1,2,25700,56619,8648,62363,21463,46190,32487,25913,24482,62422,16,37417,1,7848,0,1,0,0,797,data_12threads_300connections_10s_True
write,0,linux-sysepoll,0,0,1,1,1,0,1,2,25700,56619,8648,45667,21463,46190,32487,25913,33295,62422,16,24535,1,7848,0,1,0,0,797,data_12threads_300connections_10s_True
write,0,linux-sysepoll,0,0,1,1,1,0,1,1,25700,56619,8648,45667,21463,46190,32487,25913,24482,62422,16,37417,0,31021,0,1,0,0,797,data_12threads_300connections_10s_True
write,0,poll,0,0,1,1,1,0,1,1,25700,37493,65110,45667,5409,18126,32487,18997,965,10836,16,37417,1,22564,0,1,0,0,797,data_12threads_300connections_10s_True
write,0,linux-sysepoll,0,0,0,1,1,0,1,2,25700,56619,8648,45667,21463,46190,32487,25913,24482,62422,16,37417,1,7848,0,1,0,0,797,data_12threads_300connections_10s_True
write,0,linux-sysepoll,0,1,1,1,1,0,1,1,25700,47145,31334,45667,5409,18126,32487,25913,965,62422,16,37417,1,28238,0,1,0,0,797,data_12threads_300connections_10s_True
write,0,linux-sysepoll,0,0,1,1,1,0,1,2,25700,56619,8648,21154,21463,46190,32487,25913,24482,62422,16,37417,1,7848,0,1,0,0,797,data_12threads_300connections_10s_True
write,0,linux-sysepoll,0,0,1,1,1,0,1,2,25700,56619,8648,45667,21463,46190,32487,25913,24772,62422,16,37417,1,7848,0,1,0,0,98,data_12threads_300connections_10s_True
write,0,linux-sysepoll,0,0,0,1,1,1,1,2,25700,47145,8648,45667,21463,46190,32487,25913,65001,62422,16,37417,1,38796,0,1,1,0,374,data_8threads_300connections_120s_True
writev,0,linux-sysepoll,1,0,0,1,1,1,1,2,25700,56619,8648,45667,21463,46190,32487,25913,22901,62422,16,37417,1,7848,0,1,0,0,797,data_8threads_300connections_120s_True
write,0,linux-sysepoll,0,0,0,1,1,0,1,2,25700,47145,8648,45667,21463,46190,32487,25913,65001,62422,16,37417,1,7848,0,1,0,0,797,data_8threads_300connections_120s_True
write,0,linux-sysepoll,0,0,0,1,1,0,1,2,25700,47145,8648,45667,21463,18126,32487,25913,56987,62422,16,37417,1,7848,0,1,0,0,374,data_8threads_300connections_120s_True
write,0,linux-sysepoll,0,0,1,1,1,1,1,2,25700,56619,8648,45667,21463,46190,32487,25913,22901,62422,16,37417,1,7848,0,1,0,0,797,data_8threads_300connections_120s_True
write,0,linux-sysepoll,0,0,0,1,1,0,1,2,25700,2596,8648,45667,21463,46190,32487,1697,65001,62422,16,37417,1,7848,0,1,0,0,797,data_8threads_300connections_120s_True
write,0,linux-sysepoll,0,0,1,1,1,0,1,1,25700,47145,8648,45667,5409,18126,32487,25913,965,62422,16,37417,1,28238,0,1,0,0,797,data_8threads_300connections_120s_True
write,0,linux-sysepoll,0,0,1,1,1,0,1,1,25700,47145,8648,58163,21463,18126,32487,25913,56987,62422,16,37417,0,7848,0,1,0,0,98,data_8threads_300connections_120s_True
write,0,linux-sysepoll,0,0,0,1,1,0,1,2,25700,42199,59342,45667,21463,18126,32487,25913,56987,62422,16,37417,1,7848,0,1,0,0,797,data_8threads_300connections_120s_True
write,0,linux-sysepoll,0,0,0,1,1,0,1,2,25700,47145,8648,45667,21463,18126,32487,25913,56987,62422,16,37417,1,7848,0,1,0,0,797,data_8threads_300connections_120s_True
write,0,linux-sysepoll,0,0,0,1,1,0,1,1,25700,47145,8648,45667,21463,18126,32487,25913,56987,62422,16,37417,1,31021,0,1,0,0,797,data_8threads_300connections_120s_True
write,0,linux-sysepoll,0,0,1,1,1,0,1,2,25700,56619,8648,45667,21463,46190,32487,25913,24482,62422,16,37417,1,7848,0,1,0,0,797,data_8threads_300connections_120s_True
write,0,linux-sysepoll,0,0,1,1,1,0,1,2,25700,56619,8648,45667,15910,55631,32487,25913,56987,59007,16,37417,1,7848,0,1,0,0,374,data_8threads_300connections_120s_True
write,0,linux-sysepoll,0,0,1,1,1,0,1,1,25700,47145,8648,45667,5409,18126,32487,25913,965,62422,16,37417,1,14429,0,1,0,0,797,data_8threads_300connections_120s_True
write,0,linux-sysepoll,0,0,1,1,1,0,1,1,25700,47145,8648,45667,5409,18126,32487,25913,61399,62422,16,37417,1,28238,0,1,0,0,797,data_8threads_300connections_120s_True
write,0,linux-sysepoll,0,0,1,1,1,0,1,0,25700,47145,8648,58163,21463,18126,32487,25913,56987,62422,16,37417,0,7848,0,1,0,0,797,data_8threads_300connections_120s_True
write,0,linux-sysepoll,0,0,0,1,1,0,1,2,7890,47145,8648,45667,21463,18126,32487,25913,56987,62422,16,37417,1,7848,0,1,0,0,797,data_8threads_300connections_120s_True
write,0,linux-sysepoll,0,0,0,1,1,0,1,2,25700,56619,53855,45667,21463,46190,54375,7628,24482,62422,16,55032,1,7848,0,1,0,0,835,data_8threads_300connections_120s_True
write,0,linux-sysepoll,0,0,0,1,1,0,1,2,25700,47145,8648,45667,21463,18126,32487,25913,56987,17454,16,37417,1,7848,0,1,0,0,797,data_8threads_300connections_120s_True
write,0,linux-sysepoll,0,0,1,1,1,0,1,1,25700,47145,45169,45667,5409,18126,32487,25913,965,62422,16,37417,1,14429,0,1,0,0,797,data_8threads_300connections_120s_True
write,0,linux-sysepoll,0,1,0,1,1,0,1,2,25700,2596,8648,45667,21463,46190,32487,1697,60030,62422,16,37417,1,57932,0,1,0,0,797,data_4threads_100connections_10s_True
write,0,linux-sysepoll,0,0,0,1,1,0,1,2,25700,47145,8648,45667,21463,2401,40728,36245,56107,62422,16,17306,1,7848,1,1,0,0,797,data_4threads_100connections_10s_True
write,0,linux-sysepoll,0,0,0,1,1,0,2,2,25700,27461,8648,45667,21463,40912,40728,36245,56107,62422,16,37417,1,7848,0,1,0,1,797,data_4threads_100connections_10s_True
write,0,linux-sysepoll,0,0,0,1,1,0,1,2,25700,47145,8648,45667,26339,18126,19606,25913,56987,62422,16,37417,1,7848,0,1,0,1,797,data_4threads_100connections_10s_True
write,0,linux-sysepoll,0,0,0,0,1,0,1,1,25700,47145,8648,45667,21463,18126,32487,25913,56987,62422,16,20919,1,7848,0,1,0,0,797,data_4threads_100connections_10s_True
write,0,linux-sysepoll,0,0,0,0,1,0,1,0,25700,47145,8648,45667,21463,18126,32487,25913,56987,62422,16,37417,1,31021,0,1,0,0,797,data_4threads_100connections_10s_True
write,0,linux-sysepoll,0,0,0,0,1,0,1,1,25700,47145,8648,45667,7857,10420,32487,25913,56987,62422,16,20919,1,7848,0,1,0,1,797,data_4threads_100connections_10s_True
write,0,linux-sysepoll,0,0,0,0,1,0,1,1,25700,47145,8648,45667,21463,18126,32487,25913,56987,62422,15,20919,1,7848,0,1,0,0,797,data_4threads_100connections_10s_True
write,0,poll,0,0,0,0,1,0,1,1,25700,47145,8648,45667,21463,18126,32487,25913,56987,62422,15,20919,0,7848,0,1,0,1,797,data_4threads_100connections_10s_True
write,1,linux-sysepoll,0,0,0,1,1,0,1,2,25700,2596,8648,45667,21463,46190,32487,25666,25210,62422,16,29174,1,17790,0,1,0,1,797,data_4threads_100connections_10s_True
writev,1,linux-sysepoll,0,0,0,1,1,0,1,2,25700,27461,35291,45667,12269,40912,40728,36245,56107,62422,16,37417,1,7848,0,1,1,1,797,data_4threads_100connections_10s_True
write,0,linux-sysepoll,0,0,0,1,1,0,1,2,25700,47145,8648,45667,21463,46190,32487,25913,65001,62422,16,37417,1,7848,0,1,0,0,797,data_4threads_100connections_10s_True
write,0,linux-sysepoll,0,0,0,1,1,0,1,2,25700,47145,8648,45667,21463,18126,32487,25913,56987,62422,16,37417,1,7848,0,1,0,0,797,data_4threads_100connections_10s_True
write,0,linux-sysepoll,0,0,1,1,1,0,1,2,25700,56619,8648,45667,21463,46190,32487,25913,24482,62422,16,37417,1,7848,0,1,0,0,797,data_4threads_100connections_10s_True
write,0,linux-sysepoll,0,0,0,1,1,0,1,1,25700,47145,8648,45667,21463,18126,32487,25913,56987,62422,16,37417,1,31021,0,1,0,0,797,data_4threads_100connections_10s_True
write,0,linux-sysepoll,0,0,1,1,1,1,1,2,25700,56619,8648,45667,21463,46190,32487,25913,22901,62422,16,37417,1,7848,0,1,0,0,797,data_4threads_100connections_10s_True
write,0,linux-sysepoll,0,0,0,1,1,0,1,2,25700,2596,8648,45667,21463,46190,32487,1697,65001,62422,16,37417,1,7848,0,1,0,0,797,data_4threads_100connections_10s_True
write,0,linux-sysepoll,0,0,0,1,1,0,1,2,25700,47145,8648,45667,21463,18126,32487,25913,56987,62422,16,37417,1,7848,0,1,0,0,374,data_4threads_100connections_10s_True
write,0,linux-sysepoll,0,0,1,1,1,0,1,1,25700,47145,8648,45667,5409,18126,32487,25913,965,62422,16,37417,1,28238,0,1,0,0,797,data_4threads_100connections_10s_True
write,0,linux-sysepoll,0,0,1,1,1,0,1,1,25700,47145,8648,58163,21463,18126,32487,25913,56987,62422,16,37417,0,7848,0,1,0,0,98,data_4threads_100connections_10s_True
write,0,libev,0,0,0,0,1,1,2,2,10583,4182,2709,36070,31821,63770,46270,21089,19133,20665,15,13639,1,9401,1,0,1,1,1473,data_12threads_300connections_30s_True
writev,1,libev,0,0,0,0,1,1,2,2,10583,4182,2709,36070,20921,46190,5558,1737,15463,62422,1,1637,1,7848,1,1,0,1,2601,data_12threads_300connections_30s_True
writev,1,libev,0,0,0,0,1,0,1,2,25700,22369,8648,45667,26913,14509,901,25913,62772,43732,1,7357,1,9401,1,0,1,1,1473,data_12threads_300connections_30s_True
sendfile,0,select,0,0,0,1,1,0,1,2,25700,47145,8648,35750,20921,46190,5558,26148,15463,62422,1,1637,1,7848,0,1,0,1,2601,data_12threads_300connections_30s_True
writev,1,libev,0,0,0,1,1,0,1,2,25700,22369,8648,29771,26913,14509,901,25913,62772,43732,0,7357,1,9401,1,0,1,1,1473,data_12threads_300connections_30s_True
write,1,libev,0,1,1,0,1,1,1,2,25700,47145,8648,4253,32162,2401,40728,36245,45325,62422,1,17501,1,7848,1,1,0,1,1953,data_12threads_300connections_30s_True
writev,1,libev,0,0,0,0,1,1,2,2,10583,4182,2709,36070,31821,63770,46270,21089,19133,20665,15,13639,1,44106,0,0,1,0,195,data_12threads_300connections_30s_True
writev,1,libev,0,0,0,0,1,1,2,2,10583,4182,2709,45984,31821,63770,46270,21089,19133,20665,8,13639,1,44106,0,0,1,0,195,data_12threads_300connections_30s_True
writev,1,libev,0,1,0,0,1,1,2,2,10583,4182,2709,37473,31821,63770,46270,21089,19133,20665,15,13639,1,44106,0,1,1,1,195,data_12threads_300connections_30s_True
writev,1,libev,0,0,1,0,1,0,2,2,9493,22908,8648,18427,26913,63770,46270,21089,19133,20665,8,13639,1,44106,0,1,1,0,195,data_12threads_300connections_30s_True
writev,0,poll,0,0,1,0,1,1,2,2,10583,4182,2709,36070,31821,32528,46270,21089,17017,20665,15,13639,1,44106,0,0,1,1,195,data_12threads_300connections_30s_True
writev,1,libev,0,0,0,0,1,1,2,2,10583,4182,2709,45984,31821,63770,46270,21089,19133,43732,1,7357,1,9401,1,0,1,1,1473,data_12threads_300connections_30s_True
writev,1,libev,0,0,1,0,1,1,2,2,10583,4182,2709,65497,31821,63770,46270,21089,24860,20665,15,13639,1,44106,0,0,1,0,195,data_12threads_300connections_30s_True
write,0,libev,0,0,1,0,1,1,2,2,10583,4182,2709,65497,31821,63770,46270,21089,24860,20665,15,13639,1,44106,0,0,1,0,195,data_12threads_300connections_30s_True
write,0,libev,0,0,0,0,1,1,2,2,10583,4182,2709,36070,31821,63770,46270,21089,19133,20665,15,13639,1,44106,0,0,1,0,195,data_12threads_300connections_30s_True
write,0,libev,0,0,0,0,1,1,2,2,10583,4182,2709,45984,31821,63770,46270,21089,19133,20665,8,13639,1,44106,0,0,1,0,195,data_12threads_300connections_30s_True
sendfile,1,linux-sysepoll,0,1,0,0,1,1,0,1,25700,36040,8648,45667,4744,46190,5558,36245,57768,11080,1,17501,1,7848,1,1,0,1,2364,data_12threads_300connections_30s_True
sendfile,0,linux-sysepoll,0,1,0,0,1,0,1,2,25700,5770,8648,4253,32162,2401,40728,36245,56107,62422,1,17501,1,7848,1,1,0,1,1953,data_12threads_300connections_30s_True
sendfile,0,linux-sysepoll,0,0,0,0,1,0,1,2,25700,47145,8648,4253,32162,2401,40728,36245,56107,62422,1,17501,1,7848,1,1,0,1,1953,data_12threads_300connections_30s_True
write,0,poll,0,0,0,0,1,0,1,2,23968,22587,8648,59756,29168,43530,38198,14916,65001,62422,1,29369,1,40297,1,0,0,0,1903,data_12threads_300connections_30s_True
