id,8x8dct,analyse,aq-mode,aq-strength,b-adapt,bframes,cabac,chroma-qp-offset,crf,deblock,direct,fast-pskip,keyint,lookahead-threads,me,merange,mixed-refs,mbtree,nal-hrd,open-gop,profile,qcomp,qpmax,qpmin,rc-lookahead,ref,scenecut,subme,threads,trellis,weightb,weightp,workload
1689,1,all,1,0.0520260669292369,0,0,0,11,17.913017377509092,6:-6,none,1,458,2,hex,15,0,0,cbr,1,main,0.7214316074693485,25,3,141,1,40,5,63,0,0,1,Action_1080p_30fps_10s
1689,1,all,0,0.0520260669292369,0,0,0,11,4.787320014988849,6:-6,none,1,458,2,hex,64,0,0,cbr,1,main,0.7214316074693485,25,3,141,1,40,5,63,0,0,0,Action_1080p_30fps_10s
1261,0,p4x4,3,0.6157864219350295,1,12,0,8,3.591106108840383,2:-2,spatial,1,435,3,dia,15,0,0,cbr,1,main,0.7214316074693485,25,3,141,7,40,5,63,1,0,0,Action_1080p_30fps_10s
1261,0,p4x4,3,0.6157864219350295,2,12,0,-9,3.591106108840383,2:-2,spatial,1,435,3,esa,15,0,0,cbr,1,main,0.7214316074693485,25,3,141,7,40,5,63,1,0,0,Action_1080p_30fps_10s
908,1,p4x4,3,0.6157864219350295,1,12,0,8,17.296061389240073,2:-2,spatial,1,475,3,dia,15,1,0,none,0,baseline,0.5593287975502225,36,11,141,7,40,5,9,2,1,2,Action_1080p_30fps_10s
721,0,p8x8,3,0.8846362895873626,2,8,1,8,49.654252470083385,5:5,none,0,100,1,hex,45,0,0,none,0,baseline,0.2115404214338969,20,7,107,4,24,7,56,2,0,0,Action_1080p_30fps_10s
721,0,p8x8,3,0.8846362895873626,2,8,1,8,49.654252470083385,5:5,none,0,100,1,hex,45,0,0,none,0,baseline,0.2115404214338969,20,5,107,4,24,7,56,2,0,0,Action_1080p_30fps_10s
1320,1,p4x4,3,0.6157864219350295,1,12,0,8,38.687654164818326,2:-2,spatial,1,435,3,dia,15,1,0,cbr,1,main,0.7214316074693485,25,3,141,7,40,5,63,1,0,2,Action_1080p_30fps_10s
1320,1,p4x4,3,0.6157864219350295,1,12,0,8,17.296061389240073,2:-2,spatial,1,475,3,dia,15,1,0,cbr,1,baseline,0.5593287975502225,25,3,141,7,40,5,9,2,1,2,Action_1080p_30fps_10s
908,1,p4x4,3,0.6157864219350295,1,12,0,8,17.296061389240073,2:-2,spatial,1,475,3,dia,15,1,0,none,1,baseline,0.5593287975502225,25,11,141,7,40,5,9,2,1,2,Action_1080p_30fps_10s
1320,1,p4x4,0,0.2417184822950411,1,12,0,8,38.687654164818326,2:-2,spatial,1,435,3,dia,15,1,0,cbr,1,main,0.7214316074693485,25,3,141,12,40,5,63,1,0,2,Action_1080p_30fps_10s
76,0,p8x8,1,0.6295137611273145,2,0,1,9,29.58495568862226,4:4,spatial,0,51,0,dia,54,0,1,none,0,baseline,0.6493532546000097,48,4,92,2,80,0,2,0,0,0,Action_1080p_30fps_10s
1927,1,all,0,0.6295137611273145,2,0,1,-9,29.58495568862226,4:4,spatial,0,51,0,dia,54,0,1,none,0,baseline,0.6493532546000097,48,4,92,2,80,0,2,0,0,0,Action_1080p_30fps_10s
1660,0,none,2,1.3653973567571176,0,9,0,-9,29.58495568862226,4:4,spatial,0,51,0,dia,54,0,0,none,0,baseline,0.6493532546000097,48,4,92,2,80,0,2,0,0,0,Action_1080p_30fps_10s
76,0,p8x8,2,0.6295137611273145,2,0,1,9,29.58495568862226,3:-3,spatial,0,51,0,dia,54,0,0,none,0,baseline,0.6493532546000097,48,4,92,2,80,0,2,0,0,0,Action_1080p_30fps_10s
1927,1,all,0,0.6295137611273145,2,0,1,-9,41.62378391495786,4:4,spatial,0,51,0,dia,54,0,1,none,0,baseline,0.6493532546000097,48,4,92,2,80,0,2,0,1,0,Action_1080p_30fps_10s
2233,1,none,1,1.3653973567571176,1,9,1,9,29.58495568862226,4:4,spatial,0,51,3,dia,54,0,1,none,0,baseline,0.6493532546000097,48,4,199,2,80,0,2,0,0,0,Action_1080p_30fps_10s
76,1,p8x8,0,0.6295137611273145,2,0,1,5,47.08960603059764,4:4,spatial,0,51,0,dia,54,0,1,none,0,baseline,0.6493532546000097,48,4,92,2,80,0,2,0,1,0,Action_1080p_30fps_10s
1927,1,all,2,0.6295137611273145,2,0,1,9,29.58495568862226,3:-3,spatial,0,51,0,dia,54,1,0,none,0,baseline,0.6493532546000097,48,4,92,2,71,0,2,0,0,1,Action_1080p_30fps_10s
2233,1,none,1,1.3653973567571176,1,9,0,9,29.58495568862226,4:4,spatial,0,51,3,dia,54,0,1,cbr,0,baseline,0.4381489581196525,48,4,235,2,80,0,2,0,0,1,Action_1080p_30fps_10s
1261,0,p4x4,3,0.6157864219350295,2,12,0,-9,3.591106108840383,2:-2,temporal,0,435,3,esa,15,0,0,cbr,1,main,0.7214316074693485,25,3,141,7,40,5,63,2,0,0,Still_image_720p_25fps_10s
1689,1,all,0,0.0520260669292369,2,0,0,11,4.787320014988849,6:-6,none,0,458,2,hex,64,0,0,cbr,1,main,0.7214316074693485,25,3,141,1,40,5,9,2,1,2,Still_image_720p_25fps_10s
1689,1,all,1,0.0520260669292369,0,0,0,11,17.913017377509092,6:-6,none,1,458,2,hex,15,0,0,cbr,1,main,0.7214316074693485,25,3,141,1,40,5,63,0,0,1,Still_image_720p_25fps_10s
1689,1,all,0,0.0520260669292369,0,0,0,11,4.787320014988849,6:-6,none,1,458,2,hex,64,0,0,cbr,1,main,0.7214316074693485,25,3,141,1,40,5,63,0,0,0,Still_image_720p_25fps_10s
1689,1,all,0,0.0520260669292369,0,0,0,11,4.787320014988849,6:-6,none,1,458,2,hex,64,0,0,cbr,1,main,0.7214316074693485,25,3,141,1,40,5,63,0,0,2,Still_image_720p_25fps_10s
908,1,p4x4,3,0.6157864219350295,1,12,0,8,17.296061389240073,2:-2,spatial,1,475,3,dia,15,1,0,none,0,baseline,0.5593287975502225,36,11,141,7,40,5,9,2,1,2,Still_image_720p_25fps_10s
908,1,p4x4,3,0.6157864219350295,1,12,0,8,17.296061389240073,2:-2,spatial,1,475,3,dia,15,1,0,none,0,baseline,0.5593287975502225,36,20,141,7,40,5,9,2,1,2,Still_image_720p_25fps_10s
1261,0,p4x4,3,0.6157864219350295,2,12,0,-9,3.591106108840383,2:-2,spatial,1,435,3,esa,15,0,0,cbr,1,main,0.7214316074693485,25,3,141,7,40,5,63,1,0,0,Still_image_720p_25fps_10s
1261,0,p4x4,3,0.6157864219350295,1,12,0,8,3.591106108840383,2:-2,spatial,1,435,3,dia,15,0,0,cbr,1,main,0.7214316074693485,25,3,141,7,40,5,63,1,0,0,Still_image_720p_25fps_10s
1689,0,p4x4,3,0.6157864219350295,1,12,0,8,3.591106108840383,2:-2,spatial,1,435,3,dia,15,0,0,cbr,0,main,0.7214316074693485,25,3,141,7,89,5,63,0,0,0,Still_image_720p_25fps_10s
775,0,p4x4,1,0.6157864219350295,1,12,1,8,3.591106108840383,3:-3,spatial,1,99,3,dia,15,0,0,cbr,1,main,0.7214316074693485,25,8,141,7,40,5,63,1,0,0,Still_image_720p_25fps_10s
908,1,p8x8,3,0.6157864219350295,1,12,0,8,17.296061389240073,2:-2,temporal,1,475,3,esa,33,0,0,cbr,1,main,0.7214316074693485,25,19,141,7,40,8,63,1,0,0,Still_image_720p_25fps_10s
1320,1,p4x4,3,0.6157864219350295,1,12,0,8,38.687654164818326,2:-2,spatial,1,435,3,dia,15,1,0,cbr,1,main,0.7214316074693485,25,3,141,7,40,5,63,1,0,2,Still_image_720p_25fps_10s
1320,1,p4x4,3,0.6157864219350295,1,12,0,8,17.296061389240073,2:-2,spatial,1,475,3,dia,15,1,0,cbr,1,baseline,0.5593287975502225,25,3,141,7,40,5,9,2,1,2,Still_image_720p_25fps_10s
908,1,p4x4,3,0.6157864219350295,1,12,0,8,17.296061389240073,2:-2,spatial,1,475,3,dia,15,1,0,none,1,baseline,0.5593287975502225,25,11,141,7,40,5,9,2,1,2,Still_image_720p_25fps_10s
327,1,p4x4,3,0.6157864219350295,1,12,0,-6,3.591106108840383,2:-2,spatial,1,500,4,dia,15,0,0,cbr,1,main,0.7214316074693485,25,3,213,7,64,5,35,2,1,2,Still_image_720p_25fps_10s
1320,1,p4x4,3,0.6157864219350295,1,12,0,8,35.73079183579245,2:-2,spatial,1,475,3,dia,15,1,0,cbr,1,baseline,0.0669440271474114,25,3,141,7,40,5,9,0,0,2,Still_image_720p_25fps_10s
1436,1,p8x8,1,0.0520260669292369,0,0,0,11,17.913017377509092,6:-6,none,1,42,2,hex,15,0,0,cbr,1,main,0.7214316074693485,25,3,141,12,40,5,63,0,0,0,Still_image_720p_25fps_10s
1718,1,"p8x8,b8x8,i8x8,i4x4",3,0.9502210001883292,1,5,1,6,13.32660289180632,2:-2,none,1,458,2,hex,64,0,0,cbr,1,main,0.7214316074693485,25,3,141,1,40,5,63,0,0,0,Still_image_720p_25fps_10s
2261,0,all,2,0.3339688895549564,1,1,1,11,14.804389099586238,0:0,none,1,356,1,esa,49,0,1,none,1,high,0.4656771502101967,43,18,123,7,64,5,35,2,1,2,Still_image_720p_25fps_10s
1261,0,p4x4,3,0.6157864219350295,2,12,0,-9,3.591106108840383,2:-2,temporal,0,435,3,esa,15,0,0,cbr,1,main,0.7214316074693485,25,3,141,7,40,5,63,2,0,0,Standard_720p_30fps_10s
1261,0,p4x4,3,0.6157864219350295,2,12,0,-9,3.591106108840383,2:-2,temporal,0,435,3,dia,15,0,0,cbr,1,main,0.7214316074693485,25,3,141,7,40,5,63,2,0,0,Standard_720p_30fps_10s
1261,0,p4x4,3,0.6157864219350295,2,12,0,-9,3.591106108840383,2:-2,spatial,1,435,3,esa,15,0,0,cbr,1,main,0.7214316074693485,25,3,141,7,40,5,63,1,0,0,Standard_720p_30fps_10s
2087,0,"p8x8,b8x8,i8x8,i4x4",3,0.8846362895873626,2,12,0,-9,3.591106108840383,2:-2,spatial,1,435,3,esa,15,0,0,cbr,1,main,0.7214316074693485,25,3,141,7,40,5,63,1,0,0,Standard_720p_30fps_10s
1689,1,all,0,0.0520260669292369,2,0,0,11,4.787320014988849,6:-6,none,0,458,2,hex,64,0,0,cbr,1,main,0.7214316074693485,25,3,141,1,40,5,9,2,1,2,Standard_720p_30fps_10s
1689,1,all,0,0.0520260669292369,2,0,0,11,4.787320014988849,4:4,none,0,175,2,hex,64,0,0,cbr,1,main,0.7214316074693485,25,3,141,1,40,5,9,2,1,2,Standard_720p_30fps_10s
1261,0,p4x4,3,0.6157864219350295,1,12,0,8,3.591106108840383,2:-2,spatial,1,435,3,dia,15,0,0,cbr,1,main,0.7214316074693485,25,3,141,7,40,5,63,1,0,0,Standard_720p_30fps_10s
1689,0,p4x4,3,0.6157864219350295,1,12,0,8,3.591106108840383,2:-2,spatial,1,435,3,dia,15,0,0,cbr,0,main,0.7214316074693485,25,3,141,7,89,5,63,0,0,0,Standard_720p_30fps_10s
1261,0,all,3,0.6157864219350295,2,12,0,8,40.53996910928621,2:-2,spatial,1,435,3,dia,15,0,0,cbr,0,main,0.7214316074693485,25,3,141,1,40,5,63,0,0,1,Standard_720p_30fps_10s
1689,0,p4x4,3,0.6157864219350295,1,12,0,8,3.591106108840383,2:-2,spatial,1,435,3,dia,15,0,0,cbr,1,main,0.7214316074693485,25,3,141,2,40,1,63,1,0,0,Standard_720p_30fps_10s
1689,0,p4x4,3,0.589881727585128,1,12,0,8,47.96772534757447,2:2,spatial,1,435,3,dia,15,0,0,cbr,1,main,0.7214316074693485,25,3,141,2,40,1,63,1,0,0,Standard_720p_30fps_10s
1689,0,p4x4,3,0.6157864219350295,1,14,0,8,3.591106108840383,2:-2,spatial,1,435,3,dia,15,0,0,none,0,main,0.7214316074693485,25,3,141,2,40,1,63,1,0,0,Standard_720p_30fps_10s
721,0,p8x8,3,0.8846362895873626,2,8,1,8,49.654252470083385,5:5,none,0,100,1,hex,45,0,0,none,0,baseline,0.2115404214338969,20,7,107,4,24,7,56,2,0,0,Standard_720p_30fps_10s
721,0,p8x8,3,0.8846362895873626,2,8,1,8,49.654252470083385,5:5,none,0,100,1,hex,45,0,0,none,0,baseline,0.2115404214338969,20,5,107,4,24,7,56,2,0,0,Standard_720p_30fps_10s
721,0,p8x8,3,0.8846362895873626,2,8,1,8,49.654252470083385,5:5,none,0,100,1,hex,45,0,0,none,0,baseline,0.2115404214338969,20,7,107,4,24,7,56,2,0,2,Standard_720p_30fps_10s
721,0,p8x8,3,0.8846362895873626,1,8,1,-12,49.654252470083385,5:5,none,0,100,1,hex,45,0,0,none,0,baseline,0.2115404214338969,20,7,107,4,24,7,64,2,0,2,Standard_720p_30fps_10s
1689,1,all,1,0.0520260669292369,0,0,0,11,17.913017377509092,6:-6,none,1,458,2,hex,15,0,0,cbr,1,main,0.7214316074693485,25,3,141,1,40,5,63,0,0,1,Standard_720p_30fps_10s
1689,1,all,0,0.0520260669292369,0,0,0,11,4.787320014988849,6:-6,none,1,458,2,hex,64,0,0,cbr,1,main,0.7214316074693485,25,3,141,1,40,5,63,0,0,0,Standard_720p_30fps_10s
1689,1,all,0,0.0520260669292369,0,0,0,11,4.787320014988849,6:-6,none,1,458,2,hex,64,0,0,cbr,1,main,0.7214316074693485,25,3,141,1,40,5,63,0,0,2,Standard_720p_30fps_10s
2135,1,none,0,0.0520260669292369,0,0,0,11,4.787320014988849,-2:2,none,1,458,2,hex,64,1,0,cbr,1,high,0.7214316074693485,39,3,141,1,24,7,56,2,0,0,Standard_720p_30fps_10s
721,0,p8x8,3,0.8846362895873626,2,8,1,8,49.654252470083385,5:5,none,0,100,1,hex,45,0,0,none,0,baseline,0.2115404214338969,20,7,107,4,24,7,56,2,0,0,Standard_1080p_30fps_5s
721,0,p8x8,3,0.8846362895873626,2,8,1,8,49.654252470083385,5:5,none,0,100,1,hex,45,0,0,none,0,baseline,0.2115404214338969,20,5,107,4,24,7,56,2,0,0,Standard_1080p_30fps_5s
1689,1,all,0,0.0520260669292369,2,0,0,11,4.787320014988849,4:4,none,0,175,2,hex,64,0,0,cbr,1,main,0.7214316074693485,25,3,141,1,40,5,9,2,1,2,Standard_1080p_30fps_5s
1689,1,all,0,0.0520260669292369,2,0,0,11,4.787320014988849,6:-6,none,0,458,2,hex,64,0,0,cbr,1,main,0.7214316074693485,25,3,141,1,40,5,9,2,1,2,Standard_1080p_30fps_5s
908,0,p4x4,0,0.0520260669292369,1,0,0,11,38.77276667599533,4:4,none,0,175,2,hex,23,0,0,cbr,1,main,0.8970525133225481,25,3,141,1,40,6,9,2,1,2,Standard_1080p_30fps_5s
875,1,all,0,0.0520260669292369,2,0,0,11,4.787320014988849,4:4,none,0,160,2,hex,45,0,0,none,0,baseline,0.2115404214338969,20,7,107,4,24,7,56,2,0,1,Standard_1080p_30fps_5s
1689,1,all,2,0.0520260669292369,2,0,0,11,4.787320014988849,6:-6,none,0,116,2,hex,64,0,0,cbr,1,main,0.7214316074693485,25,3,141,1,40,5,63,1,0,0,Standard_1080p_30fps_5s
1261,0,p4x4,3,0.6157864219350295,2,12,0,-9,3.591106108840383,2:-2,spatial,1,435,3,esa,15,0,0,cbr,1,main,0.7214316074693485,25,3,141,7,40,5,63,1,0,0,Standard_1080p_30fps_5s
2087,0,"p8x8,b8x8,i8x8,i4x4",3,0.8846362895873626,2,12,0,-9,3.591106108840383,2:-2,spatial,1,435,3,esa,15,0,0,cbr,1,main,0.7214316074693485,25,3,141,7,40,5,63,1,0,0,Standard_1080p_30fps_5s
2087,0,"p8x8,b8x8,i8x8,i4x4",2,0.8846362895873626,2,12,0,-9,35.907920877302935,2:-2,spatial,1,435,3,esa,15,0,0,cbr,1,main,0.7214316074693485,25,3,141,11,40,5,63,1,0,0,Standard_1080p_30fps_5s
1261,0,p4x4,3,0.6157864219350295,2,12,0,-9,3.591106108840383,2:-2,temporal,0,435,3,esa,15,0,0,cbr,1,main,0.7214316074693485,25,3,141,7,40,5,63,2,0,0,Standard_1080p_30fps_5s
1261,0,p4x4,3,0.6157864219350295,2,12,0,-9,3.591106108840383,2:-2,temporal,0,435,3,dia,15,0,0,cbr,1,main,0.7214316074693485,25,3,141,7,40,5,63,2,0,0,Standard_1080p_30fps_5s
1261,0,p4x4,3,0.2323911328890076,2,12,0,-9,3.591106108840383,2:-2,temporal,0,435,3,dia,15,0,0,cbr,1,main,0.7214316074693485,25,3,141,7,40,5,63,1,0,0,Standard_1080p_30fps_5s
1261,0,p4x4,3,0.2323911328890076,2,16,0,-9,3.591106108840383,2:-2,temporal,0,435,3,tesa,15,0,0,cbr,1,main,0.7214316074693485,25,3,141,7,40,5,63,1,0,0,Standard_1080p_30fps_5s
1261,0,p4x4,3,0.6157864219350295,1,12,0,8,3.591106108840383,2:-2,spatial,1,435,3,dia,15,0,0,cbr,1,main,0.7214316074693485,25,3,141,7,40,5,63,1,0,0,Standard_1080p_30fps_5s
1689,0,p4x4,3,0.6157864219350295,1,12,0,8,3.591106108840383,2:-2,spatial,1,435,3,dia,15,0,0,cbr,0,main,0.7214316074693485,25,3,141,7,89,5,63,0,0,0,Standard_1080p_30fps_5s
1689,0,p4x4,3,0.6157864219350295,1,12,0,8,3.591106108840383,2:-2,spatial,1,435,3,dia,15,0,0,cbr,1,main,0.7214316074693485,25,3,141,2,40,1,63,1,0,0,Standard_1080p_30fps_5s
1261,0,all,3,0.6157864219350295,2,12,0,8,40.53996910928621,2:-2,spatial,1,435,3,dia,15,0,0,cbr,0,main,0.7214316074693485,25,3,141,1,40,5,63,0,0,1,Standard_1080p_30fps_5s
1659,0,p4x4,3,0.6157864219350295,2,12,0,8,3.591106108840383,-1:1,spatial,1,435,3,dia,15,0,0,cbr,0,main,0.7214316074693485,25,3,141,7,89,5,63,1,0,0,Standard_1080p_30fps_5s
2087,0,"p8x8,b8x8,i8x8,i4x4",2,0.8846362895873626,2,4,0,-9,3.591106108840383,2:-2,spatial,1,435,3,esa,15,0,0,vbr,1,main,0.7214316074693485,38,3,141,1,40,5,10,2,1,2,Standard_1080p_30fps_5s
1689,1,all,0,0.0520260669292369,2,0,0,11,4.787320014988849,6:-6,none,0,458,2,hex,64,0,0,cbr,1,main,0.7214316074693485,25,3,141,1,40,5,9,2,1,2,Standard_480p_60fps_20s
1689,1,all,2,0.0520260669292369,2,0,0,11,4.787320014988849,6:-6,none,0,116,2,hex,64,0,0,cbr,1,main,0.7214316074693485,25,3,141,1,40,5,63,1,0,0,Standard_480p_60fps_20s
908,0,p4x4,0,0.0520260669292369,1,0,0,11,38.77276667599533,4:4,none,0,175,2,hex,23,0,0,cbr,1,main,0.8970525133225481,25,3,141,1,40,6,9,2,1,2,Standard_480p_60fps_20s
875,1,all,0,0.0520260669292369,2,0,0,11,4.787320014988849,4:4,none,0,160,2,hex,45,0,0,none,0,baseline,0.2115404214338969,20,7,107,4,24,7,56,2,0,1,Standard_480p_60fps_20s
1689,1,all,0,0.0520260669292369,2,0,0,11,4.787320014988849,4:4,none,0,175,2,hex,64,0,0,cbr,1,main,0.7214316074693485,25,3,141,1,40,5,9,2,1,2,Standard_480p_60fps_20s
1689,1,all,1,0.0520260669292369,2,0,0,11,4.787320014988849,4:4,none,0,175,2,hex,64,0,1,cbr,1,main,0.8976083969310099,25,3,141,1,40,5,9,2,1,2,Standard_480p_60fps_20s
1448,1,p4x4,2,0.0520260669292369,2,0,0,11,4.787320014988849,6:-6,none,0,116,2,hex,64,0,0,cbr,1,main,0.7334238593495189,25,3,141,1,40,5,63,1,1,2,Standard_480p_60fps_20s
1261,1,all,0,0.0520260669292369,2,0,0,11,4.787320014988849,4:4,none,0,160,2,hex,45,0,0,none,0,baseline,0.2115404214338969,20,7,107,4,24,7,49,2,0,1,Standard_480p_60fps_20s
1261,0,p4x4,0,0.0520260669292369,1,0,0,11,38.77276667599533,4:4,none,0,175,2,hex,23,0,0,cbr,1,main,0.8970525133225481,29,3,141,1,40,6,9,2,1,2,Standard_480p_60fps_20s
1689,1,all,0,0.0520260669292369,2,0,0,11,4.787320014988849,4:4,none,0,175,2,hex,64,0,0,cbr,1,main,0.7214316074693485,25,3,141,1,40,5,63,1,0,2,Standard_480p_60fps_20s
1448,1,p4x4,2,0.0520260669292369,2,0,0,11,4.787320014988849,6:-6,auto,0,116,2,hex,64,0,0,cbr,1,main,0.7214316074693485,25,3,141,1,40,5,63,0,0,2,Standard_480p_60fps_20s
1448,1,p4x4,2,0.0520260669292369,2,0,0,11,4.787320014988849,6:-6,none,0,116,2,umh,64,0,0,cbr,1,main,0.7334238593495189,25,3,141,1,40,6,2,2,1,2,Standard_480p_60fps_20s
1448,1,p4x4,2,0.1054414715618423,2,0,0,11,4.787320014988849,6:-6,none,0,188,2,hex,7,0,0,cbr,0,baseline,0.7334238593495189,25,3,141,7,40,10,63,1,0,2,Standard_480p_60fps_20s
1448,1,all,0,0.0520260669292369,2,0,0,11,4.787320014988849,4:4,none,0,160,2,hex,45,0,0,none,0,baseline,0.2115404214338969,20,7,107,4,24,7,56,2,0,1,Standard_480p_60fps_20s
1689,1,all,0,0.0520260669292369,2,0,0,11,4.787320014988849,4:4,none,0,175,2,hex,64,0,0,cbr,1,main,0.7214316074693485,31,3,141,1,40,7,37,1,0,0,Standard_480p_60fps_20s
1689,1,none,0,0.0520260669292369,2,0,0,11,4.787320014988849,4:4,none,0,175,1,hex,64,0,0,cbr,1,main,0.7214316074693485,25,3,141,1,40,5,9,2,0,2,Standard_480p_60fps_20s
1261,0,p4x4,3,0.6157864219350295,2,12,0,-9,3.591106108840383,2:-2,temporal,0,435,3,dia,15,0,0,cbr,1,main,0.7214316074693485,25,3,141,7,40,5,63,2,0,0,Standard_480p_60fps_20s
1261,0,p4x4,3,0.6157864219350295,2,12,0,-9,3.591106108840383,2:-2,spatial,1,435,3,esa,15,0,0,cbr,1,main,0.7214316074693485,25,3,141,7,40,5,63,1,0,0,Standard_480p_60fps_20s
2087,0,"p8x8,b8x8,i8x8,i4x4",2,0.8846362895873626,2,12,0,-9,35.907920877302935,2:-2,spatial,1,435,3,esa,15,0,0,cbr,1,main,0.7214316074693485,25,3,141,11,40,5,63,1,0,0,Standard_480p_60fps_20s
2087,0,"p8x8,b8x8,i8x8,i4x4",3,0.8846362895873626,2,12,0,-9,3.591106108840383,2:-2,spatial,1,435,3,esa,15,0,0,cbr,1,main,0.7214316074693485,25,3,141,7,40,5,63,1,0,0,Standard_480p_60fps_20s
1261,0,p4x4,3,0.6157864219350295,2,12,0,-9,3.591106108840383,2:-2,temporal,0,435,3,esa,15,0,0,cbr,1,main,0.7214316074693485,25,3,141,7,40,5,63,2,0,0,Big_480p_60fps_15s
1261,0,p4x4,3,0.6157864219350295,2,12,0,-9,3.591106108840383,2:-2,temporal,0,435,3,dia,15,0,0,cbr,1,main,0.7214316074693485,25,3,141,7,40,5,63,2,0,0,Big_480p_60fps_15s
1261,0,p4x4,3,0.6157864219350295,2,12,0,-9,3.591106108840383,2:-2,temporal,0,224,3,dia,15,0,0,cbr,1,main,0.7214316074693485,25,3,141,7,3,5,63,2,0,2,Big_480p_60fps_15s
2087,0,"p8x8,b8x8,i8x8,i4x4",3,0.8846362895873626,2,12,0,-9,3.591106108840383,2:-2,spatial,1,435,3,esa,15,0,0,cbr,1,main,0.7214316074693485,25,3,141,7,40,5,63,1,0,0,Big_480p_60fps_15s
2087,0,"p8x8,b8x8,i8x8,i4x4",2,0.8846362895873626,2,12,0,-9,35.907920877302935,2:-2,spatial,1,435,3,esa,15,0,0,cbr,1,main,0.7214316074693485,25,3,141,11,40,5,63,1,0,0,Big_480p_60fps_15s
90,0,none,1,1.1636243255741512,1,5,0,2,35.98701195494213,2:-2,spatial,1,435,3,esa,15,0,0,cbr,0,baseline,0.7214316074693485,25,3,141,12,40,5,63,1,0,0,Big_480p_60fps_15s
1689,1,all,0,0.0520260669292369,0,0,0,11,4.787320014988849,6:-6,none,1,458,2,hex,64,0,0,cbr,1,main,0.7214316074693485,25,3,141,1,40,5,63,0,0,2,Big_480p_60fps_15s
1689,1,all,0,0.0520260669292369,0,0,0,11,4.787320014988849,6:-6,none,1,458,2,hex,64,0,0,cbr,1,main,0.7214316074693485,25,3,141,1,40,5,63,0,0,0,Big_480p_60fps_15s
1689,0,p4x4,3,0.6157864219350295,1,12,0,8,3.591106108840383,2:-2,spatial,1,435,3,dia,15,0,0,cbr,0,main,0.7214316074693485,25,3,141,7,89,5,63,0,0,0,Big_480p_60fps_15s
1261,0,p4x4,3,0.6157864219350295,1,12,0,8,3.591106108840383,2:-2,spatial,1,435,3,dia,15,0,0,cbr,1,main,0.7214316074693485,25,3,141,7,40,5,63,1,0,0,Big_480p_60fps_15s
1689,0,p4x4,3,0.6157864219350295,0,12,0,8,3.591106108840383,2:-2,spatial,1,435,3,dia,15,0,0,cbr,0,main,0.7214316074693485,25,18,141,7,89,5,63,0,0,0,Big_480p_60fps_15s
1261,0,p4x4,3,0.6157864219350295,1,12,0,8,3.591106108840383,2:-2,spatial,1,435,3,dia,15,0,0,vbr,1,main,0.7214316074693485,25,18,71,7,89,5,63,0,0,0,Big_480p_60fps_15s
90,0,p4x4,3,0.6157864219350295,1,12,0,8,3.591106108840383,2:-2,spatial,1,435,1,dia,15,0,0,vbr,0,main,0.7214316074693485,48,18,71,7,89,5,63,0,0,0,Big_480p_60fps_15s
1689,0,p4x4,3,0.6157864219350295,1,12,0,8,3.591106108840383,2:-2,spatial,1,435,3,dia,15,0,0,cbr,0,main,0.7214316074693485,25,3,141,7,89,5,63,1,1,2,Big_480p_60fps_15s
90,0,none,1,1.1636243255741512,1,5,0,2,35.98701195494213,6:-6,spatial,0,46,4,dia,26,1,1,vbr,0,baseline,0.5663111544168118,50,6,28,9,26,5,21,1,0,1,Big_480p_60fps_15s
1689,1,all,0,0.0520260669292369,2,0,0,11,4.787320014988849,4:4,none,0,175,2,hex,64,0,0,cbr,1,main,0.7214316074693485,25,3,141,1,40,5,9,2,1,2,Big_480p_60fps_15s
908,0,p4x4,0,0.0520260669292369,1,0,0,11,38.77276667599533,4:4,none,0,175,2,hex,23,0,0,cbr,1,main,0.8970525133225481,25,3,141,1,40,6,9,2,1,2,Big_480p_60fps_15s
1689,1,all,0,0.0520260669292369,2,0,0,11,4.787320014988849,4:4,none,0,175,2,hex,64,0,0,cbr,1,main,0.7214316074693485,25,3,141,1,40,5,63,1,0,2,Big_480p_60fps_15s
1689,1,all,0,0.0520260669292369,2,0,0,11,4.787320014988849,6:-6,none,0,458,2,hex,64,0,0,cbr,1,main,0.7214316074693485,25,3,141,1,40,5,9,2,1,2,Big_480p_60fps_15s
1689,1,all,1,0.0520260669292369,2,0,0,11,4.787320014988849,4:4,none,0,175,2,hex,64,0,1,cbr,1,main,0.8976083969310099,25,3,141,1,40,5,9,2,1,2,Big_480p_60fps_15s
908,0,p4x4,0,0.0520260669292369,1,0,0,11,38.77276667599533,4:4,none,0,175,2,hex,23,0,0,cbr,1,main,0.8970525133225481,25,3,141,1,40,6,9,2,1,2,Standard_1080p_60fps_15s
875,1,all,0,0.0520260669292369,2,0,0,11,4.787320014988849,4:4,none,0,160,2,hex,45,0,0,none,0,baseline,0.2115404214338969,20,7,107,4,24,7,56,2,0,1,Standard_1080p_60fps_15s
1689,1,all,0,0.0520260669292369,2,0,0,11,4.787320014988849,4:4,none,0,175,2,hex,64,0,0,cbr,1,main,0.7214316074693485,25,3,141,1,40,5,9,2,1,2,Standard_1080p_60fps_15s
1689,1,all,2,0.0520260669292369,2,0,0,11,4.787320014988849,6:-6,none,0,116,2,hex,64,0,0,cbr,1,main,0.7214316074693485,25,3,141,1,40,5,63,1,0,0,Standard_1080p_60fps_15s
1261,1,all,0,0.0520260669292369,2,0,0,11,4.787320014988849,4:4,none,0,160,2,hex,45,0,0,none,0,baseline,0.2115404214338969,20,7,107,4,24,7,49,2,0,1,Standard_1080p_60fps_15s
1448,1,p4x4,2,0.0520260669292369,2,0,0,11,4.787320014988849,6:-6,none,0,116,2,hex,64,0,0,cbr,1,main,0.7334238593495189,25,3,141,1,40,5,63,1,1,2,Standard_1080p_60fps_15s
1261,0,p4x4,0,0.0520260669292369,1,0,0,11,38.77276667599533,4:4,none,0,175,2,hex,23,0,0,cbr,1,main,0.8970525133225481,29,3,141,1,40,6,9,2,1,2,Standard_1080p_60fps_15s
1261,1,p4x4,3,0.6157864219350295,1,12,0,6,3.591106108840383,2:-2,none,0,175,2,hex,64,0,0,cbr,1,main,0.7214316074693485,25,3,141,1,40,5,9,2,0,2,Standard_1080p_60fps_15s
1689,1,all,0,0.0520260669292369,2,0,0,11,4.787320014988849,4:4,none,0,175,2,hex,64,0,0,none,0,baseline,0.2115404214338969,20,7,107,4,24,7,49,2,0,1,Standard_1080p_60fps_15s
1689,1,all,0,0.0520260669292369,2,0,1,11,4.787320014988849,4:4,none,0,175,2,hex,64,0,0,cbr,1,baseline,0.2115404214338969,20,7,107,4,24,7,49,2,0,1,Standard_1080p_60fps_15s
1689,1,all,0,0.0520260669292369,2,6,0,11,4.787320014988849,4:4,none,0,175,2,hex,64,0,0,cbr,1,main,0.7214316074693485,25,3,141,7,40,5,63,2,0,0,Standard_1080p_60fps_15s
908,1,p4x4,0,0.0520260669292369,1,0,0,11,38.77276667599533,-2:2,none,0,261,2,esa,23,0,0,cbr,1,main,0.8970525133225481,22,3,141,1,40,9,9,2,1,2,Standard_1080p_60fps_15s
1689,1,all,0,0.0520260669292369,2,0,0,-3,4.787320014988849,4:4,none,0,175,1,hex,64,0,0,cbr,1,main,0.7214316074693485,25,3,141,1,40,5,9,2,1,2,Standard_1080p_60fps_15s
197,1,all,0,0.0520260669292369,2,0,0,11,4.787320014988849,4:4,none,0,175,2,hex,64,0,0,none,1,baseline,0.2115404214338969,20,7,107,4,24,7,43,2,0,1,Standard_1080p_60fps_15s
1261,0,p4x4,3,0.6157864219350295,2,12,0,-9,3.591106108840383,2:-2,temporal,0,435,3,dia,15,0,0,cbr,1,main,0.7214316074693485,25,3,141,7,40,5,63,2,0,0,Standard_1080p_60fps_15s
1261,0,p4x4,3,0.6157864219350295,2,12,0,-9,3.591106108840383,2:-2,temporal,0,435,3,esa,15,0,0,cbr,1,main,0.7214316074693485,25,3,141,7,40,5,63,2,0,0,Standard_1080p_60fps_15s
1261,0,p4x4,3,0.6157864219350295,2,12,0,-9,3.591106108840383,2:-2,temporal,0,224,3,dia,15,0,0,cbr,1,main,0.7214316074693485,25,3,141,7,3,5,63,2,0,2,Standard_1080p_60fps_15s
1261,0,p4x4,1,0.6157864219350295,2,12,0,-9,3.591106108840383,2:-2,temporal,0,435,3,tesa,15,0,0,cbr,1,main,0.7214316074693485,25,3,141,7,40,5,63,0,0,0,Standard_1080p_60fps_15s
721,0,p8x8,3,0.8846362895873626,2,8,1,8,49.654252470083385,5:5,none,0,100,1,hex,45,0,0,none,0,baseline,0.2115404214338969,20,5,107,4,24,7,56,2,0,0,Standard_1080p_60fps_15s
2087,0,"p8x8,b8x8,i8x8,i4x4",3,0.8846362895873626,2,12,0,-9,3.591106108840383,2:-2,spatial,1,435,3,esa,15,0,0,cbr,1,main,0.7214316074693485,25,3,141,7,40,5,63,1,0,0,Standard_1080p_60fps_15s
1261,0,p4x4,3,0.6157864219350295,2,12,0,-9,3.591106108840383,2:-2,temporal,0,435,3,esa,15,0,0,cbr,1,main,0.7214316074693485,25,3,141,7,40,5,63,2,0,0,Still_image_480p_25fps_15s
1261,0,p4x4,3,0.6157864219350295,2,12,0,-9,3.591106108840383,2:-2,temporal,0,435,3,dia,15,0,0,cbr,1,main,0.7214316074693485,25,3,141,7,40,5,63,2,0,0,Still_image_480p_25fps_15s
1261,0,p4x4,3,0.6157864219350295,2,12,0,-9,3.591106108840383,2:-2,temporal,0,224,3,dia,15,0,0,cbr,1,main,0.7214316074693485,25,3,141,7,3,5,63,2,0,2,Still_image_480p_25fps_15s
1261,0,p4x4,3,0.6157864219350295,2,12,0,-9,3.591106108840383,2:-2,temporal,0,224,3,dia,40,0,0,cbr,1,main,0.7214316074693485,25,3,141,1,40,0,37,0,0,2,Still_image_480p_25fps_15s
1158,0,p4x4,1,0.6157864219350295,2,12,0,-9,3.591106108840383,2:-2,temporal,0,224,3,dia,15,0,0,cbr,1,main,0.7214316074693485,25,3,141,7,3,2,63,2,0,2,Still_image_480p_25fps_15s
1261,0,p4x4,3,0.6157864219350295,1,12,0,-9,3.591106108840383,2:-2,temporal,0,224,3,umh,15,0,0,cbr,1,main,0.7214316074693485,25,3,141,7,3,5,63,2,0,2,Still_image_480p_25fps_15s
1689,1,all,0,0.0520260669292369,2,0,0,11,4.787320014988849,4:4,none,0,175,2,hex,64,0,0,cbr,1,main,0.7214316074693485,25,3,141,1,40,5,9,2,1,2,Still_image_480p_25fps_15s
1261,1,all,0,0.0520260669292369,2,0,0,11,4.787320014988849,4:4,none,0,160,2,hex,45,0,0,none,0,baseline,0.2115404214338969,20,7,107,4,24,7,49,2,0,1,Still_image_480p_25fps_15s
1689,1,all,2,0.0520260669292369,2,0,0,11,4.787320014988849,6:-6,none,0,116,2,hex,64,0,0,cbr,1,main,0.7214316074693485,25,3,141,1,40,5,63,1,0,0,Still_image_480p_25fps_15s
1689,1,all,0,0.0520260669292369,2,0,1,11,4.787320014988849,4:4,none,0,175,2,hex,64,0,0,cbr,1,baseline,0.2115404214338969,20,7,107,4,24,7,49,2,0,1,Still_image_480p_25fps_15s
875,1,all,0,0.0520260669292369,2,0,0,11,4.787320014988849,4:4,none,0,160,2,hex,45,0,0,none,0,baseline,0.2115404214338969,20,7,107,4,24,7,56,2,0,1,Still_image_480p_25fps_15s
1261,1,p4x4,3,0.6157864219350295,1,12,0,6,3.591106108840383,2:-2,none,0,175,2,hex,64,0,0,cbr,1,main,0.7214316074693485,25,3,141,1,40,5,9,2,0,2,Still_image_480p_25fps_15s
1261,0,p4x4,0,0.0520260669292369,1,0,0,11,38.77276667599533,4:4,none,0,175,2,hex,23,0,0,cbr,1,main,0.8970525133225481,29,3,141,1,40,6,9,2,1,2,Still_image_480p_25fps_15s
1261,1,all,0,0.0520260669292369,2,0,0,11,4.787320014988849,4:4,none,0,160,2,hex,64,1,0,cbr,1,baseline,0.7214316074693485,25,3,141,1,20,5,9,2,1,0,Still_image_480p_25fps_15s
875,1,all,0,0.0520260669292369,2,0,0,11,4.787320014988849,4:4,none,0,160,2,hex,45,0,0,none,1,baseline,0.2115404214338969,20,7,107,12,24,7,56,2,0,0,Still_image_480p_25fps_15s
1689,1,all,2,0.0520260669292369,2,0,0,11,4.787320014988849,6:-6,none,0,116,2,hex,51,0,0,vbr,1,main,0.7214316074693485,25,3,16,1,40,5,63,1,0,1,Still_image_480p_25fps_15s
1689,1,all,2,0.0520260669292369,2,0,0,11,4.787320014988849,6:-6,none,0,175,2,hex,51,0,0,cbr,1,main,0.7214316074693485,25,3,141,1,40,5,36,2,0,2,Still_image_480p_25fps_15s
1689,1,all,2,0.0520260669292369,2,0,0,11,4.787320014988849,6:-6,none,0,116,2,hex,51,0,0,vbr,1,baseline,0.7214316074693485,25,3,16,1,40,7,63,1,0,1,Still_image_480p_25fps_15s
1261,1,p4x4,3,0.6157864219350295,1,12,0,6,26.60148414910628,2:-2,none,0,175,2,hex,64,1,0,cbr,1,main,0.7379681208333941,25,3,141,1,40,5,9,2,0,2,Still_image_480p_25fps_15s
1689,1,all,2,0.0520260669292369,0,0,0,11,4.787320014988849,6:-6,none,0,116,2,hex,51,0,0,vbr,1,baseline,0.7214316074693485,51,3,16,1,100,7,63,1,0,1,Still_image_480p_25fps_15s
1261,0,p4x4,3,0.6157864219350295,2,12,0,-9,3.591106108840383,2:-2,temporal,0,224,3,dia,40,0,0,cbr,1,main,0.7214316074693485,25,3,141,1,40,0,37,0,0,2,Big_480p_25fps_20s
1261,0,p4x4,3,0.6157864219350295,2,12,0,-9,3.591106108840383,2:-2,temporal,0,435,3,dia,15,0,0,cbr,1,main,0.7214316074693485,25,3,141,7,40,5,63,2,0,0,Big_480p_25fps_20s
1261,0,p4x4,3,0.6157864219350295,2,12,0,-9,3.591106108840383,2:-2,temporal,0,224,3,dia,15,0,0,cbr,1,main,0.7214316074693485,25,3,141,7,3,5,63,2,0,2,Big_480p_25fps_20s
1261,0,p4x4,3,0.6157864219350295,2,12,0,-9,3.591106108840383,2:-2,temporal,0,435,3,esa,15,0,0,cbr,1,main,0.7214316074693485,25,3,141,7,40,5,63,2,0,0,Big_480p_25fps_20s
2087,0,"p8x8,b8x8,i8x8,i4x4",0,0.8846362895873626,2,12,0,-9,3.591106108840383,2:-2,temporal,0,224,3,dia,40,0,0,none,1,main,0.7214316074693485,25,3,141,1,40,3,37,0,0,2,Big_480p_25fps_20s
1261,0,p4x4,3,0.6157864219350295,2,10,0,-9,3.591106108840383,-6:6,temporal,0,224,3,dia,11,1,0,cbr,1,main,0.7214316074693485,30,3,141,1,40,4,63,0,0,1,Big_480p_25fps_20s
1261,0,p4x4,3,0.6157864219350295,2,12,0,-2,3.591106108840383,2:-2,temporal,0,435,3,dia,8,0,0,none,1,main,0.2892118132152554,25,3,141,7,40,5,38,2,0,0,Big_480p_25fps_20s
1261,0,p4x4,3,0.6157864219350295,2,12,0,-9,3.591106108840383,2:-2,temporal,0,435,3,dia,15,0,0,none,1,main,0.7214316074693485,25,3,141,7,40,5,63,1,0,0,Big_480p_25fps_20s
1892,0,p4x4,3,0.6157864219350295,1,12,0,-9,3.591106108840383,2:-2,temporal,0,435,4,dia,11,1,0,cbr,1,main,0.7214316074693485,30,3,141,1,67,5,63,0,0,1,Big_480p_25fps_20s
2087,0,"p8x8,b8x8,i8x8,i4x4",3,0.8846362895873626,2,12,0,-9,3.591106108840383,2:-2,spatial,1,435,3,esa,15,0,0,cbr,1,main,0.7214316074693485,25,3,141,7,40,5,63,1,0,0,Big_480p_25fps_20s
2087,0,"p8x8,b8x8,i8x8,i4x4",2,0.8846362895873626,2,12,0,-9,35.907920877302935,2:-2,spatial,1,435,3,esa,15,0,0,cbr,1,main,0.7214316074693485,25,3,141,11,40,5,63,1,0,0,Big_480p_25fps_20s
2087,0,none,2,0.8846362895873626,2,12,0,-3,35.907920877302935,2:-2,spatial,1,435,3,esa,15,0,0,cbr,1,main,0.7214316074693485,25,8,27,11,40,5,63,1,0,0,Big_480p_25fps_20s
2087,0,"p8x8,b8x8,i8x8,i4x4",3,0.8846362895873626,2,12,1,-9,3.591106108840383,2:-2,none,1,435,3,esa,15,0,0,cbr,1,main,0.7214316074693485,25,3,141,1,40,5,63,1,0,0,Big_480p_25fps_20s
2087,0,"p8x8,b8x8,i8x8,i4x4",1,0.8846362895873626,2,12,1,-9,3.591106108840383,2:-2,spatial,1,395,3,esa,15,0,0,cbr,1,main,0.7214316074693485,25,3,141,1,40,5,56,1,1,0,Big_480p_25fps_20s
1689,1,all,0,0.0520260669292369,0,0,0,11,4.787320014988849,6:-6,none,1,458,2,hex,64,0,0,cbr,1,main,0.7214316074693485,25,3,141,1,40,5,63,0,0,2,Big_480p_25fps_20s
1261,0,p4x4,0,0.6157864219350295,1,12,0,8,12.68462232022378,2:-2,auto,1,435,3,dia,11,1,0,cbr,1,main,0.7214316074693485,30,3,141,1,40,5,63,0,0,1,Big_480p_25fps_20s
1261,0,p4x4,3,0.6157864219350295,1,12,0,8,3.591106108840383,2:-2,spatial,1,435,3,dia,15,0,0,cbr,1,main,0.7214316074693485,25,3,141,7,40,5,63,1,0,0,Big_480p_25fps_20s
1261,0,p4x4,3,0.6157864219350295,1,12,0,8,3.591106108840383,2:-2,spatial,0,224,3,dia,40,0,0,none,1,main,0.7214316074693485,25,3,141,1,40,7,20,0,0,2,Big_480p_25fps_20s
1261,0,p4x4,3,0.6157864219350295,1,12,0,8,3.591106108840383,2:-2,spatial,0,224,3,dia,40,0,0,none,1,main,0.7214316074693485,25,3,141,11,40,7,20,0,0,2,Big_480p_25fps_20s
1261,1,p4x4,3,0.6157864219350295,1,12,0,6,3.591106108840383,2:-2,none,0,175,2,hex,64,0,0,cbr,1,main,0.7214316074693485,25,3,141,1,40,5,9,2,0,2,Big_480p_25fps_20s
2087,0,"p8x8,b8x8,i8x8,i4x4",0,0.8846362895873626,2,12,0,-9,3.591106108840383,2:-2,temporal,0,224,3,dia,40,0,0,none,1,main,0.7214316074693485,25,3,141,1,40,3,37,0,0,2,Standard_480p_25fps_5s
1261,0,p4x4,3,0.6157864219350295,1,12,0,-9,3.591106108840383,2:-2,temporal,0,224,3,umh,15,0,0,cbr,1,main,0.7214316074693485,25,3,141,7,3,5,63,2,0,2,Standard_480p_25fps_5s
1261,0,p4x4,3,0.6157864219350295,2,12,0,-9,3.591106108840383,2:-2,temporal,0,435,3,dia,15,0,0,cbr,1,main,0.7214316074693485,25,3,141,7,40,5,63,2,0,0,Standard_480p_25fps_5s
1158,0,p4x4,1,0.6157864219350295,2,12,0,-9,3.591106108840383,2:-2,temporal,0,224,3,dia,15,0,0,cbr,1,main,0.7214316074693485,25,3,141,7,3,2,63,2,0,2,Standard_480p_25fps_5s
1261,0,p4x4,3,0.6157864219350295,2,12,0,-2,3.591106108840383,2:-2,temporal,0,435,3,dia,8,0,0,none,1,main,0.2892118132152554,25,3,141,7,40,5,38,2,0,0,Standard_480p_25fps_5s
1261,0,p4x4,3,0.6157864219350295,2,12,0,-9,3.591106108840383,2:-2,temporal,0,224,3,dia,40,0,0,cbr,1,main,0.7214316074693485,25,3,141,1,40,0,37,0,0,2,Standard_480p_25fps_5s
1261,0,p4x4,3,0.6157864219350295,2,12,0,-9,3.591106108840383,2:-2,temporal,0,224,3,dia,15,0,0,cbr,1,main,0.7214316074693485,25,3,141,7,3,5,63,2,0,2,Standard_480p_25fps_5s
1261,0,p4x4,3,0.6252271957400338,2,12,0,-9,3.591106108840383,2:-2,temporal,0,224,3,dia,15,0,0,cbr,1,main,0.7214316074693485,31,3,141,7,3,2,63,2,0,2,Standard_480p_25fps_5s
1261,0,all,3,0.6157864219350295,1,12,0,-9,3.591106108840383,1:1,temporal,1,224,3,tesa,15,0,0,cbr,1,main,0.7214316074693485,25,3,141,7,40,5,63,2,0,0,Standard_480p_25fps_5s
1261,0,p8x8,3,0.6157864219350295,2,12,0,-9,3.591106108840383,2:-2,temporal,0,435,1,dia,15,0,0,cbr,1,main,0.7214316074693485,25,3,141,7,3,5,63,2,0,2,Standard_480p_25fps_5s
1261,0,p4x4,3,0.6157864219350295,0,12,0,-9,3.591106108840383,2:-2,temporal,0,171,3,dia,40,0,0,cbr,1,main,0.7214316074693485,25,3,141,1,40,0,63,0,0,0,Standard_480p_25fps_5s
1261,0,p4x4,3,0.6157864219350295,1,12,0,-9,3.591106108840383,2:-2,temporal,0,444,3,dia,40,0,1,none,1,main,0.7214316074693485,25,3,141,1,40,3,37,0,0,2,Standard_480p_25fps_5s
1261,0,p4x4,3,0.6157864219350295,2,12,0,-9,3.591106108840383,2:-2,temporal,0,224,3,dia,15,0,0,none,1,main,0.7214316074693485,25,3,141,7,3,5,63,0,0,1,Standard_480p_25fps_5s
1261,0,p4x4,3,0.6157864219350295,2,12,0,-9,3.591106108840383,2:-2,temporal,0,224,3,dia,15,0,0,none,1,main,0.7214316074693485,25,3,141,7,3,5,63,2,0,2,Standard_480p_25fps_5s
1335,0,p4x4,3,0.6157864219350295,1,12,0,-9,3.591106108840383,2:-2,temporal,0,224,3,umh,15,0,0,cbr,1,baseline,0.7214316074693485,25,3,141,8,3,5,63,0,0,1,Standard_480p_25fps_5s
1261,0,p4x4,3,0.6157864219350295,2,8,0,-9,3.591106108840383,5:-5,temporal,0,224,0,dia,15,0,0,none,1,main,0.7214316074693485,25,3,141,7,3,5,63,0,0,1,Standard_480p_25fps_5s
1261,0,p4x4,3,0.6157864219350295,1,12,0,-9,3.591106108840383,2:-2,temporal,0,224,3,umh,15,0,0,cbr,1,main,0.7214316074693485,37,3,141,1,40,0,63,0,0,0,Standard_480p_25fps_5s
1261,0,p4x4,3,0.6157864219350295,2,12,0,-9,3.591106108840383,2:-2,temporal,0,224,3,dia,40,0,0,none,1,main,0.7214316074693485,25,3,141,1,64,3,37,0,0,2,Standard_480p_25fps_5s
1261,0,p4x4,3,0.6157864219350295,1,15,0,-9,3.591106108840383,2:-2,temporal,0,224,3,dia,40,0,0,cbr,1,main,0.7214316074693485,25,3,141,7,40,0,37,0,0,1,Standard_480p_25fps_5s
1261,0,p8x8,3,1.1670172485919512,2,12,0,-9,3.591106108840383,5:-5,temporal,0,435,0,dia,15,0,0,cbr,1,main,0.7214316074693485,25,3,110,7,3,2,63,2,0,2,Standard_480p_25fps_5s
2087,0,"p8x8,b8x8,i8x8,i4x4",0,0.8846362895873626,2,12,0,-9,3.591106108840383,2:-2,temporal,0,224,3,dia,40,0,0,none,1,main,0.7214316074693485,25,3,141,1,40,3,37,0,0,2,Standard_720p_30fps_15s
1261,0,p4x4,3,0.6157864219350295,2,12,0,-9,3.591106108840383,2:-2,temporal,0,435,3,dia,15,0,0,none,1,main,0.7214316074693485,25,3,141,7,40,5,63,1,0,0,Standard_720p_30fps_15s
1261,0,p4x4,3,0.6157864219350295,2,12,0,-9,3.591106108840383,2:-2,temporal,0,435,3,esa,15,0,0,cbr,1,main,0.7214316074693485,25,3,141,7,40,5,63,2,0,0,Standard_720p_30fps_15s
1261,0,p4x4,3,0.6157864219350295,2,12,0,-2,3.591106108840383,2:-2,temporal,0,435,3,dia,8,0,0,none,1,main,0.2892118132152554,25,3,141,7,40,5,38,2,0,0,Standard_720p_30fps_15s
1158,0,p4x4,1,0.6157864219350295,2,12,0,-9,3.591106108840383,2:-2,temporal,0,224,3,dia,15,0,0,cbr,1,main,0.7214316074693485,25,3,141,7,3,2,63,2,0,2,Standard_720p_30fps_15s
1261,0,p4x4,3,0.6157864219350295,2,12,0,-9,3.591106108840383,2:-2,temporal,0,224,3,dia,40,0,0,cbr,1,main,0.7214316074693485,25,3,141,1,40,0,37,0,0,2,Standard_720p_30fps_15s
1261,0,p8x8,3,0.6157864219350295,2,12,0,-9,3.591106108840383,2:-2,temporal,0,435,1,dia,15,0,0,cbr,1,main,0.7214316074693485,25,3,141,7,3,5,63,2,0,2,Standard_720p_30fps_15s
1261,0,p4x4,3,0.6157864219350295,2,10,0,-9,3.591106108840383,-6:6,temporal,0,224,3,dia,11,1,0,cbr,1,main,0.7214316074693485,30,3,141,1,40,4,63,0,0,1,Standard_720p_30fps_15s
1261,0,p4x4,3,0.6252271957400338,2,12,0,-9,3.591106108840383,2:-2,temporal,0,224,3,dia,15,0,0,cbr,1,main,0.7214316074693485,31,3,141,7,3,2,63,2,0,2,Standard_720p_30fps_15s
1261,0,all,3,0.6157864219350295,1,12,0,-9,3.591106108840383,1:1,temporal,1,224,3,tesa,15,0,0,cbr,1,main,0.7214316074693485,25,3,141,7,40,5,63,2,0,0,Standard_720p_30fps_15s
1261,0,p4x4,3,0.6157864219350295,1,12,0,-9,3.591106108840383,2:-2,temporal,0,224,3,umh,15,0,0,cbr,1,main,0.7214316074693485,25,3,141,7,3,5,63,2,0,2,Standard_720p_30fps_15s
1261,0,p4x4,3,0.6157864219350295,2,12,0,-9,3.591106108840383,2:-2,temporal,0,435,3,dia,15,0,0,cbr,1,main,0.7214316074693485,25,3,141,7,40,5,63,2,0,0,Standard_720p_30fps_15s
1261,1,p4x4,3,0.6157864219350295,2,12,0,-9,20.642715670074807,2:-2,temporal,0,435,3,dia,15,0,0,none,1,main,0.7214316074693485,25,3,141,1,40,4,63,1,0,1,Standard_720p_30fps_15s
1261,0,none,3,0.6157864219350295,2,12,0,-9,6.977714806963305,2:-2,temporal,0,435,3,esa,15,0,0,none,1,main,0.7214316074693485,25,3,141,7,40,5,63,2,0,0,Standard_720p_30fps_15s
1158,0,p4x4,1,0.6157864219350295,2,12,0,-9,3.591106108840383,2:-2,temporal,0,224,3,hex,15,0,0,cbr,1,main,0.7214316074693485,25,3,141,7,3,2,63,2,0,2,Standard_720p_30fps_15s
1261,0,p4x4,3,0.6252271957400338,1,12,0,-9,3.591106108840383,2:-2,temporal,0,224,3,dia,15,1,0,cbr,1,main,0.7214316074693485,31,3,141,7,3,2,63,1,0,2,Standard_720p_30fps_15s
1261,0,p4x4,3,0.6157864219350295,1,12,0,-9,17.41306946347065,2:-2,temporal,0,355,3,umh,15,0,0,cbr,1,main,0.7214316074693485,25,3,141,7,3,5,63,2,0,2,Standard_720p_30fps_15s
1261,0,p4x4,3,0.6157864219350295,2,12,0,-6,3.591106108840383,2:-2,temporal,0,224,3,dia,15,0,0,cbr,1,main,0.7214316074693485,25,3,141,7,17,2,63,2,0,0,Standard_720p_30fps_15s
1158,0,p4x4,1,0.6157864219350295,2,12,0,-9,3.591106108840383,2:-2,temporal,0,435,3,dia,15,0,0,cbr,1,main,0.7214316074693485,25,3,141,7,40,5,63,1,0,0,Standard_720p_30fps_15s
983,0,all,3,0.6157864219350295,0,12,0,-9,3.591106108840383,2:-2,temporal,0,224,3,dia,15,0,0,cbr,1,main,0.7214316074693485,31,3,141,7,3,2,63,2,0,2,Standard_720p_30fps_15s
2087,0,"p8x8,b8x8,i8x8,i4x4",0,0.8846362895873626,2,12,0,-9,3.591106108840383,2:-2,temporal,0,224,3,dia,40,0,0,none,1,main,0.7214316074693485,25,3,141,1,40,3,37,0,0,2,Still_image_480p_60fps_10s
1261,0,p4x4,3,0.6157864219350295,1,12,0,-9,3.591106108840383,2:-2,temporal,0,224,3,umh,15,0,0,cbr,1,main,0.7214316074693485,25,3,141,7,3,5,63,2,0,2,Still_image_480p_60fps_10s
1261,0,p4x4,3,0.6157864219350295,2,10,0,-9,3.591106108840383,-6:6,temporal,0,224,3,dia,11,1,0,cbr,1,main,0.7214316074693485,30,3,141,1,40,4,63,0,0,1,Still_image_480p_60fps_10s
1261,0,p4x4,3,0.6252271957400338,2,12,0,-9,3.591106108840383,2:-2,temporal,0,224,3,dia,15,0,0,cbr,1,main,0.7214316074693485,31,3,141,7,3,2,63,2,0,2,Still_image_480p_60fps_10s
1261,0,p4x4,3,0.6157864219350295,2,12,0,-9,3.591106108840383,2:-2,temporal,0,224,3,dia,40,0,0,cbr,1,main,0.7214316074693485,25,3,141,1,40,0,37,0,0,2,Still_image_480p_60fps_10s
1261,0,p4x4,3,0.6157864219350295,2,12,0,-9,3.591106108840383,2:-2,temporal,0,435,3,dia,15,0,0,cbr,1,main,0.7214316074693485,25,3,141,7,40,5,63,2,0,0,Still_image_480p_60fps_10s
1261,0,p4x4,3,0.6157864219350295,2,12,0,-2,3.591106108840383,2:-2,temporal,0,435,3,dia,8,0,0,none,1,main,0.2892118132152554,25,3,141,7,40,5,38,2,0,0,Still_image_480p_60fps_10s
1261,0,all,3,0.6157864219350295,1,12,0,-9,3.591106108840383,1:1,temporal,1,224,3,tesa,15,0,0,cbr,1,main,0.7214316074693485,25,3,141,7,40,5,63,2,0,0,Still_image_480p_60fps_10s
1261,0,p4x4,3,0.6157864219350295,2,12,0,-9,3.591106108840383,2:-2,temporal,0,224,3,dia,15,0,0,cbr,1,main,0.7214316074693485,25,3,141,7,3,5,63,2,0,2,Still_image_480p_60fps_10s
1261,0,p4x4,3,0.6157864219350295,2,12,0,-2,3.591106108840383,2:-2,temporal,0,435,3,dia,8,0,0,none,1,main,0.7214316074693485,25,3,141,1,69,5,63,0,0,0,Still_image_480p_60fps_10s
1261,0,p4x4,2,0.6157864219350295,2,12,0,-9,3.591106108840383,2:-2,temporal,0,435,3,dia,15,1,0,cbr,1,main,0.7214316074693485,31,3,141,7,3,0,63,2,0,2,Still_image_480p_60fps_10s
1261,0,p4x4,3,0.6157864219350295,1,12,0,-9,3.591106108840383,2:-2,temporal,0,224,3,umh,15,0,0,cbr,1,main,0.7214316074693485,25,3,141,7,3,5,63,1,0,2,Still_image_480p_60fps_10s
1185,0,p4x4,3,0.6157864219350295,2,6,0,-9,3.591106108840383,2:-2,temporal,0,224,3,dia,15,0,0,cbr,1,main,0.7214316074693485,25,3,141,7,40,5,63,2,0,0,Still_image_480p_60fps_10s
1261,0,p4x4,3,0.0380417584827072,2,12,0,-9,3.591106108840383,2:-2,temporal,0,435,3,dia,15,0,0,cbr,1,main,0.7214316074693485,25,3,141,7,3,5,63,2,0,2,Still_image_480p_60fps_10s
1261,0,p4x4,3,0.6252271957400338,2,12,0,-9,3.591106108840383,2:-2,temporal,0,224,3,dia,15,0,0,cbr,1,main,0.7214316074693485,25,3,141,7,3,5,63,2,0,2,Still_image_480p_60fps_10s
1261,0,p4x4,3,0.6157864219350295,1,12,0,-9,3.591106108840383,2:-2,temporal,0,224,3,umh,15,0,0,vbr,1,main,0.7214316074693485,31,3,141,4,3,2,63,2,0,2,Still_image_480p_60fps_10s
1261,0,p4x4,3,0.6157864219350295,0,12,0,-9,3.591106108840383,2:-2,temporal,0,224,3,dia,15,0,0,cbr,1,main,0.7214316074693485,25,3,141,7,3,5,63,2,0,1,Still_image_480p_60fps_10s
1261,0,p4x4,2,0.6157864219350295,1,12,0,-9,3.591106108840383,2:-2,temporal,0,224,3,umh,8,1,0,none,1,main,0.7214316074693485,25,3,141,1,69,5,63,0,0,0,Still_image_480p_60fps_10s
1261,0,p4x4,3,0.6157864219350295,1,12,0,-9,3.591106108840383,2:-2,temporal,0,224,3,dia,15,0,0,cbr,1,main,0.7214316074693485,31,3,141,7,3,2,63,2,1,2,Still_image_480p_60fps_10s
1261,0,p4x4,3,1.9160103398085069,1,12,0,-9,3.591106108840383,2:-2,temporal,0,224,3,umh,15,0,0,cbr,1,main,0.7214316074693485,25,3,213,7,3,5,63,1,0,2,Still_image_480p_60fps_10s
1261,0,p4x4,3,0.6157864219350295,1,12,0,-9,3.591106108840383,2:-2,temporal,0,224,3,umh,15,0,0,cbr,1,main,0.7214316074693485,25,3,141,7,3,5,63,2,0,2,Big_1080p_25fps_5s
1261,0,p4x4,3,0.6157864219350295,2,12,0,-9,3.591106108840383,2:-2,temporal,0,224,3,dia,40,0,0,cbr,1,main,0.7214316074693485,25,3,141,1,40,0,37,0,0,2,Big_1080p_25fps_5s
1261,0,p4x4,3,0.6157864219350295,2,12,0,-2,3.591106108840383,2:-2,temporal,0,435,3,dia,8,0,0,none,1,main,0.7214316074693485,25,3,141,1,69,5,63,0,0,0,Big_1080p_25fps_5s
2087,0,"p8x8,b8x8,i8x8,i4x4",0,0.8846362895873626,2,12,0,-9,3.591106108840383,2:-2,temporal,0,224,3,dia,40,0,0,none,1,main,0.7214316074693485,25,3,141,1,40,3,37,0,0,2,Big_1080p_25fps_5s
1261,0,p4x4,3,0.6157864219350295,2,12,0,-9,3.591106108840383,2:-2,temporal,0,224,3,dia,15,0,0,cbr,1,main,0.7214316074693485,25,3,141,7,3,5,63,2,0,2,Big_1080p_25fps_5s
1261,0,p4x4,3,0.6157864219350295,2,12,0,-9,3.591106108840383,2:-2,temporal,0,435,3,dia,15,0,0,none,1,main,0.7214316074693485,25,3,141,7,40,5,63,1,0,0,Big_1080p_25fps_5s
1892,0,p4x4,3,0.6157864219350295,1,12,0,-9,3.591106108840383,2:-2,temporal,0,435,4,dia,11,1,0,cbr,1,main,0.7214316074693485,30,3,141,1,67,5,63,0,0,1,Big_1080p_25fps_5s
1261,0,all,3,0.6157864219350295,1,12,0,-9,3.591106108840383,1:1,temporal,1,224,3,tesa,15,0,0,cbr,1,main,0.7214316074693485,25,3,141,7,40,5,63,2,0,0,Big_1080p_25fps_5s
1261,0,p4x4,3,0.6252271957400338,2,12,0,-9,3.591106108840383,2:-2,temporal,0,224,3,dia,15,0,0,cbr,1,main,0.7214316074693485,31,3,141,7,3,2,63,2,0,2,Big_1080p_25fps_5s
1261,0,p4x4,3,0.6157864219350295,2,10,0,-9,3.591106108840383,-6:6,temporal,0,224,3,dia,11,1,0,cbr,1,main,0.7214316074693485,30,3,141,1,40,4,63,0,0,1,Big_1080p_25fps_5s
1261,0,p8x8,3,0.6157864219350295,2,12,0,-9,3.591106108840383,2:-2,temporal,0,435,1,dia,15,0,0,cbr,1,main,0.7214316074693485,25,3,141,7,3,5,63,2,0,2,Big_1080p_25fps_5s
1261,0,p4x4,3,0.6157864219350295,2,12,0,-9,3.591106108840383,2:-2,temporal,0,435,3,esa,15,0,0,cbr,1,main,0.7214316074693485,25,3,141,7,40,5,63,2,0,0,Big_1080p_25fps_5s
1261,0,p4x4,3,0.6157864219350295,1,12,0,-9,3.591106108840383,2:-2,temporal,0,435,1,esa,15,0,0,none,1,main,0.7214316074693485,25,3,141,7,40,5,63,1,0,0,Big_1080p_25fps_5s
1261,0,p4x4,3,0.6157864219350295,1,12,0,-9,3.591106108840383,2:-2,temporal,0,224,3,umh,15,0,0,cbr,1,main,0.5966424120940658,25,3,250,7,3,5,63,2,0,2,Big_1080p_25fps_5s
1261,0,p4x4,3,0.6157864219350295,1,10,0,-9,3.591106108840383,-6:6,temporal,0,333,3,dia,11,1,1,cbr,1,main,0.7214316074693485,30,3,141,1,40,4,63,0,0,1,Big_1080p_25fps_5s
1261,0,p4x4,3,0.6157864219350295,1,12,0,-9,3.591106108840383,2:-2,temporal,0,224,3,umh,15,0,0,cbr,1,main,0.7214316074693485,25,3,141,7,65,5,63,2,0,2,Big_1080p_25fps_5s
1261,0,all,3,0.6157864219350295,0,12,0,-9,3.591106108840383,1:1,temporal,0,276,3,tesa,15,1,0,none,1,main,0.565735637693933,25,3,141,1,13,5,63,0,0,0,Big_1080p_25fps_5s
1261,0,p4x4,3,0.6157864219350295,2,12,0,-2,3.591106108840383,2:-2,temporal,0,435,3,dia,8,0,0,cbr,1,main,0.7214316074693485,25,3,141,7,40,5,63,2,0,0,Big_1080p_25fps_5s
1261,0,p4x4,3,0.6157864219350295,2,12,0,-2,3.591106108840383,2:-2,temporal,0,435,3,dia,8,0,0,none,1,main,0.7214316074693485,50,3,141,7,3,5,63,2,0,2,Big_1080p_25fps_5s
1261,0,p4x4,3,0.6157864219350295,1,12,0,-9,3.591106108840383,2:-2,temporal,0,435,3,tesa,8,1,0,none,1,main,0.2168483410483085,25,3,141,1,69,5,59,0,0,0,Big_1080p_25fps_5s
1261,0,p4x4,3,0.6157864219350295,2,10,0,-9,3.591106108840383,-6:6,temporal,0,224,3,dia,11,1,0,cbr,1,main,0.7214316074693485,30,3,141,1,40,4,63,0,0,1,Standard_720p_60fps_5s
1261,0,p4x4,3,0.6157864219350295,2,12,0,-9,3.591106108840383,2:-2,temporal,0,435,3,dia,15,0,0,cbr,1,main,0.7214316074693485,25,3,141,7,40,5,63,2,0,0,Standard_720p_60fps_5s
1261,0,p4x4,3,0.6157864219350295,2,12,0,-9,3.591106108840383,2:-2,temporal,0,435,3,dia,15,0,0,none,1,main,0.7214316074693485,25,3,141,7,40,5,63,1,0,0,Standard_720p_60fps_5s
1261,0,p4x4,3,0.6252271957400338,2,12,0,-9,3.591106108840383,2:-2,temporal,0,224,3,dia,15,0,0,cbr,1,main,0.7214316074693485,31,3,141,7,3,2,63,2,0,2,Standard_720p_60fps_5s
1261,0,all,3,0.6157864219350295,1,12,0,-9,3.591106108840383,1:1,temporal,1,224,3,tesa,15,0,0,cbr,1,main,0.7214316074693485,25,3,141,7,40,5,63,2,0,0,Standard_720p_60fps_5s
1158,0,p4x4,1,0.6157864219350295,2,12,0,-9,3.591106108840383,2:-2,temporal,0,224,3,dia,15,0,0,cbr,1,main,0.7214316074693485,25,3,141,7,3,2,63,2,0,2,Standard_720p_60fps_5s
1261,0,p4x4,3,0.6157864219350295,2,12,0,-9,3.591106108840383,2:-2,temporal,0,435,3,esa,15,0,0,cbr,1,main,0.7214316074693485,25,3,141,7,40,5,63,2,0,0,Standard_720p_60fps_5s
1261,0,p4x4,3,0.6157864219350295,2,12,0,-9,3.591106108840383,2:-2,temporal,0,224,3,dia,15,0,0,cbr,1,main,0.7214316074693485,25,3,141,7,3,5,63,2,0,2,Standard_720p_60fps_5s
1261,0,p4x4,3,0.3322388140761982,0,10,0,-9,3.591106108840383,-6:6,temporal,0,252,3,tesa,15,1,0,cbr,1,main,0.7214316074693485,25,6,141,7,3,5,63,2,0,2,Standard_720p_60fps_5s
1261,0,all,3,0.6157864219350295,1,12,0,-9,3.591106108840383,1:1,temporal,1,365,3,dia,15,0,0,cbr,1,main,0.7214316074693485,31,3,250,7,3,2,63,2,0,2,Standard_720p_60fps_5s
1469,0,p4x4,0,0.0520260669292369,1,0,0,8,20.22392099321321,2:-2,temporal,0,435,3,dia,15,0,0,none,1,main,0.7214316074693485,28,3,141,7,40,5,63,1,0,0,Standard_720p_60fps_5s
1261,0,all,3,0.6157864219350295,1,4,0,-9,3.591106108840383,1:1,temporal,0,475,3,dia,11,1,0,cbr,1,main,0.7214316074693485,30,3,141,1,40,4,63,0,0,1,Standard_720p_60fps_5s
1261,0,all,1,1.6855094213582191,1,12,0,-9,3.591106108840383,1:1,temporal,0,285,3,tesa,15,0,0,cbr,1,main,0.7214316074693485,25,3,141,7,81,5,63,2,0,0,Standard_720p_60fps_5s
1261,0,p4x4,3,0.6252271957400338,2,12,0,-9,3.591106108840383,2:-2,temporal,0,224,3,dia,15,0,0,cbr,1,main,0.7214316074693485,31,3,141,7,9,3,63,2,0,2,Standard_720p_60fps_5s
1261,1,p4x4,3,0.6157864219350295,1,12,0,6,3.591106108840383,2:-2,none,0,175,2,hex,64,0,0,cbr,1,main,0.7214316074693485,25,3,141,1,40,5,9,2,0,2,Standard_720p_60fps_5s
1689,1,all,0,0.0520260669292369,2,0,0,11,4.787320014988849,4:4,none,0,175,2,hex,64,0,0,cbr,1,main,0.7214316074693485,25,3,141,1,40,5,9,2,1,2,Standard_720p_60fps_5s
1689,1,all,0,0.0520260669292369,2,0,0,11,4.787320014988849,6:-6,none,0,458,2,hex,64,0,0,cbr,1,main,0.7214316074693485,25,3,141,1,40,5,9,2,1,2,Standard_720p_60fps_5s
1689,1,all,2,0.0520260669292369,2,0,0,11,4.787320014988849,6:-6,none,0,116,2,hex,64,0,0,cbr,1,main,0.7214316074693485,25,3,141,1,40,5,63,1,0,0,Standard_720p_60fps_5s
908,0,p4x4,0,0.0520260669292369,1,0,0,11,38.77276667599533,4:4,none,0,175,2,hex,23,0,0,cbr,1,main,0.8970525133225481,25,3,141,1,40,6,9,2,1,2,Standard_720p_60fps_5s
908,1,p4x4,0,0.0520260669292369,1,0,0,11,38.77276667599533,4:4,auto,0,175,2,hex,23,0,0,cbr,1,main,0.8970525133225481,25,3,141,1,52,6,9,2,0,1,Standard_720p_60fps_5s
1261,0,p4x4,3,0.6157864219350295,2,10,0,-9,3.591106108840383,-6:6,temporal,0,224,3,dia,11,1,0,cbr,1,main,0.7214316074693485,30,3,141,1,40,4,63,0,0,1,Action_1080p_60fps_20s
1158,0,p4x4,1,0.6157864219350295,2,12,0,-9,3.591106108840383,2:-2,temporal,0,224,3,dia,15,0,0,cbr,1,main,0.7214316074693485,25,3,141,7,3,2,63,2,0,2,Action_1080p_60fps_20s
1261,0,p4x4,3,0.6252271957400338,2,12,0,-9,3.591106108840383,2:-2,temporal,0,224,3,dia,15,0,0,cbr,1,main,0.7214316074693485,31,3,141,7,3,2,63,2,0,2,Action_1080p_60fps_20s
1261,0,p4x4,3,0.6157864219350295,2,12,0,-9,3.591106108840383,2:-2,temporal,0,224,3,dia,40,0,0,cbr,1,main,0.7214316074693485,25,3,141,1,40,0,37,0,0,2,Action_1080p_60fps_20s
1261,0,p4x4,3,0.6157864219350295,2,12,0,-9,3.591106108840383,2:-2,temporal,0,435,3,dia,15,0,0,cbr,1,main,0.7214316074693485,25,3,141,7,40,5,63,2,0,0,Action_1080p_60fps_20s
1261,0,p4x4,3,0.3322388140761982,0,10,0,-9,3.591106108840383,-6:6,temporal,0,252,3,tesa,15,1,0,cbr,1,main,0.7214316074693485,25,6,141,7,3,5,63,2,0,2,Action_1080p_60fps_20s
1261,0,p4x4,3,0.6157864219350295,2,12,0,-9,3.591106108840383,2:-2,temporal,0,224,3,dia,15,0,0,cbr,1,main,0.7214316074693485,25,3,141,7,3,5,63,2,0,2,Action_1080p_60fps_20s
2087,0,"p8x8,b8x8,i8x8,i4x4",0,0.8846362895873626,2,12,0,-9,3.591106108840383,2:-2,temporal,0,224,3,dia,40,0,0,none,1,main,0.7214316074693485,25,3,141,1,40,3,37,0,0,2,Action_1080p_60fps_20s
1261,0,all,3,0.6157864219350295,1,12,0,-9,3.591106108840383,1:1,temporal,1,365,3,dia,15,0,0,cbr,1,main,0.7214316074693485,31,3,250,7,3,2,63,2,0,2,Action_1080p_60fps_20s
1261,0,p4x4,3,0.6157864219350295,2,12,0,-9,3.591106108840383,2:-2,temporal,0,435,3,dia,15,0,0,none,1,main,0.7214316074693485,25,3,141,7,40,5,63,1,0,0,Action_1080p_60fps_20s
2087,0,"p8x8,b8x8,i8x8,i4x4",1,0.8846362895873626,2,12,0,-9,3.591106108840383,2:-2,temporal,0,224,3,dia,40,0,0,none,1,main,0.7214316074693485,25,3,141,1,40,3,37,0,0,0,Action_1080p_60fps_20s
2328,0,p4x4,3,0.3322388140761982,0,10,0,-9,3.591106108840383,2:-2,temporal,0,435,3,dia,15,0,0,none,1,main,0.7214316074693485,25,3,141,7,40,5,63,1,0,0,Action_1080p_60fps_20s
2087,0,"p8x8,b8x8,i8x8,i4x4",0,0.8846362895873626,2,12,0,-9,3.591106108840383,2:-2,temporal,0,224,3,dia,40,0,0,none,1,main,0.7214316074693485,25,3,249,1,49,3,37,0,0,1,Action_1080p_60fps_20s
1261,0,p4x4,3,0.6157864219350295,2,10,0,-9,3.591106108840383,-6:6,temporal,0,224,3,dia,11,1,0,cbr,1,main,0.7214316074693485,30,3,141,5,40,4,61,0,0,2,Action_1080p_60fps_20s
1261,0,all,3,0.6157864219350295,2,12,0,-9,3.591106108840383,2:-2,temporal,0,224,3,hex,15,0,0,cbr,1,main,0.7214316074693485,25,3,141,7,3,4,63,0,0,2,Action_1080p_60fps_20s
1261,0,p4x4,3,1.755392507954462,2,12,0,-9,3.591106108840383,2:-2,temporal,0,435,4,dia,15,0,0,cbr,1,main,0.7214316074693485,31,3,141,7,3,2,63,2,0,2,Action_1080p_60fps_20s
1158,1,p8x8,3,0.6157864219350295,2,12,0,-9,3.591106108840383,2:-2,temporal,0,224,3,dia,15,0,0,cbr,0,main,0.7214316074693485,25,19,141,7,3,4,63,0,0,2,Action_1080p_60fps_20s
295,0,p8x8,3,0.6157864219350295,1,12,0,-9,3.591106108840383,1:1,temporal,1,365,1,dia,15,0,0,cbr,1,main,0.7214316074693485,31,3,250,14,3,2,63,2,0,2,Action_1080p_60fps_20s
1261,0,p4x4,3,0.6157864219350295,2,12,0,-9,3.591106108840383,2:-2,temporal,0,224,3,dia,15,0,0,cbr,1,main,0.7214316074693485,25,3,141,7,3,5,63,2,0,0,Action_1080p_60fps_20s
1558,0,all,2,0.6157864219350295,2,12,0,-9,3.591106108840383,2:-2,temporal,0,224,3,dia,40,0,0,none,1,main,0.7214316074693485,25,3,141,1,98,3,37,0,0,0,Action_1080p_60fps_20s
1261,0,p4x4,3,0.6157864219350295,1,12,0,-9,3.591106108840383,2:-2,temporal,0,224,3,umh,15,0,0,cbr,1,main,0.7214316074693485,25,3,141,7,3,5,63,2,0,2,Standard_480p_30fps_10s
1261,0,p4x4,3,0.6157864219350295,2,12,0,-9,3.591106108840383,2:-2,temporal,0,224,3,dia,15,0,0,cbr,1,main,0.7214316074693485,25,3,141,7,3,5,63,2,0,2,Standard_480p_30fps_10s
1261,0,p4x4,3,0.6157864219350295,2,12,0,-9,3.591106108840383,2:-2,temporal,0,224,3,dia,40,0,0,cbr,1,main,0.7214316074693485,25,3,141,1,40,0,37,0,0,2,Standard_480p_30fps_10s
1261,0,p4x4,3,0.6157864219350295,2,12,0,-2,3.591106108840383,2:-2,temporal,0,435,3,dia,8,0,0,none,1,main,0.2892118132152554,25,3,141,7,40,5,38,2,0,0,Standard_480p_30fps_10s
1261,0,p4x4,3,0.6157864219350295,2,10,0,-9,3.591106108840383,-6:6,temporal,0,224,3,dia,11,1,0,cbr,1,main,0.7214316074693485,30,3,141,1,40,4,63,0,0,1,Standard_480p_30fps_10s
1261,0,all,3,0.6157864219350295,1,12,0,-9,3.591106108840383,1:1,temporal,1,365,3,dia,15,0,0,cbr,1,main,0.7214316074693485,31,3,250,7,3,2,63,2,0,2,Standard_480p_30fps_10s
1892,0,p4x4,3,0.6157864219350295,1,12,0,-9,3.591106108840383,2:-2,temporal,0,435,4,dia,11,1,0,cbr,1,main,0.7214316074693485,30,3,141,1,67,5,63,0,0,1,Standard_480p_30fps_10s
1261,0,p4x4,3,0.6157864219350295,2,12,0,-2,3.591106108840383,2:-2,temporal,0,435,3,dia,8,0,0,none,1,main,0.7214316074693485,25,3,141,1,69,5,63,0,0,0,Standard_480p_30fps_10s
2087,0,"p8x8,b8x8,i8x8,i4x4",0,0.8846362895873626,2,12,0,-9,3.591106108840383,2:-2,temporal,0,224,3,dia,40,0,0,none,1,main,0.7214316074693485,25,3,141,1,40,3,37,0,0,2,Standard_480p_30fps_10s
1158,0,p4x4,1,0.6157864219350295,2,12,0,-9,3.591106108840383,2:-2,temporal,0,224,3,dia,15,0,0,cbr,1,main,0.7214316074693485,25,3,141,7,3,2,63,2,0,2,Standard_480p_30fps_10s
1261,0,p4x4,3,0.6157864219350295,2,12,0,-9,3.591106108840383,2:-2,temporal,0,435,3,esa,15,0,0,cbr,1,main,0.7214316074693485,25,3,141,7,40,5,63,2,0,0,Standard_480p_30fps_10s
1261,0,p4x4,3,0.6157864219350295,0,12,0,-9,3.591106108840383,2:-2,temporal,0,224,3,hex,15,0,0,cbr,1,main,0.7214316074693485,25,2,141,11,3,3,63,2,0,2,Standard_480p_30fps_10s
1158,0,p4x4,1,0.6157864219350295,1,12,0,-9,46.43469500947521,2:-2,spatial,0,224,3,tesa,15,0,0,cbr,1,main,0.6644991605018913,25,3,141,7,3,5,63,2,0,2,Standard_480p_30fps_10s
1261,0,p4x4,3,1.3169147075340113,2,1,0,-9,3.591106108840383,2:-2,temporal,0,411,0,dia,15,0,0,none,1,main,0.7214316074693485,25,3,141,7,40,5,63,2,0,0,Standard_480p_30fps_10s
1261,0,p4x4,3,0.6157864219350295,2,12,0,-9,3.591106108840383,-5:5,temporal,0,224,3,dia,10,0,0,cbr,1,main,0.7214316074693485,25,3,141,7,40,5,63,2,0,0,Standard_480p_30fps_10s
1261,0,all,3,0.6157864219350295,1,12,0,-9,19.482663408782305,1:1,temporal,1,365,3,dia,15,0,0,cbr,1,main,0.7214316074693485,31,3,141,1,40,0,37,0,0,2,Standard_480p_30fps_10s
1261,0,p4x4,3,0.6157864219350295,2,12,0,-10,3.591106108840383,2:-2,temporal,0,224,3,dia,10,0,0,cbr,1,main,0.7214316074693485,25,3,250,7,3,2,63,2,0,1,Standard_480p_30fps_10s
1261,0,p4x4,3,0.6157864219350295,2,12,0,-2,3.591106108840383,2:-2,temporal,0,435,3,dia,8,0,0,cbr,1,main,0.7214316074693485,25,3,141,1,69,5,63,0,0,0,Standard_480p_30fps_10s
1261,0,p4x4,3,0.6157864219350295,0,12,0,-9,19.482663408782305,1:1,temporal,0,365,3,dia,29,0,0,cbr,1,main,0.7214316074693485,31,3,141,1,40,0,37,0,0,2,Standard_480p_30fps_10s
759,0,none,3,0.6157864219350295,1,12,0,-9,3.591106108840383,2:-2,temporal,0,224,3,dia,15,0,0,none,1,main,0.7214316074693485,25,3,141,7,3,5,63,2,0,2,Standard_480p_30fps_10s
1261,0,all,3,0.6157864219350295,1,12,0,-9,3.591106108840383,1:1,temporal,1,365,3,dia,15,0,0,cbr,1,main,0.7214316074693485,31,3,250,7,3,2,63,2,0,2,Action_480p_25fps_5s
1158,0,p4x4,1,0.6157864219350295,2,12,0,-9,3.591106108840383,2:-2,temporal,0,224,3,dia,15,0,0,cbr,1,main,0.7214316074693485,25,3,141,7,3,2,63,2,0,2,Action_480p_25fps_5s
1261,0,p4x4,3,0.6157864219350295,2,12,0,-9,3.591106108840383,2:-2,temporal,0,224,3,dia,15,0,0,cbr,1,main,0.7214316074693485,25,3,141,7,3,5,63,2,0,2,Action_480p_25fps_5s
1261,0,p4x4,3,0.6157864219350295,1,12,0,-9,3.591106108840383,2:-2,temporal,0,224,3,umh,15,0,0,cbr,1,main,0.7214316074693485,25,3,141,7,3,5,63,2,0,2,Action_480p_25fps_5s
1261,0,p8x8,3,0.6157864219350295,2,12,0,-9,3.591106108840383,2:-2,temporal,0,435,1,dia,15,0,0,cbr,1,main,0.7214316074693485,25,3,141,7,3,5,63,2,0,2,Action_480p_25fps_5s
1261,0,p4x4,3,0.6252271957400338,2,12,0,-9,3.591106108840383,2:-2,temporal,0,224,3,dia,15,0,0,cbr,1,main,0.7214316074693485,31,3,141,7,3,2,63,2,0,2,Action_480p_25fps_5s
2087,0,"p8x8,b8x8,i8x8,i4x4",0,0.8846362895873626,2,12,0,-9,3.591106108840383,2:-2,temporal,0,224,3,dia,40,0,0,none,1,main,0.7214316074693485,25,3,141,1,40,3,37,0,0,2,Action_480p_25fps_5s
1261,0,p4x4,3,0.6157864219350295,2,12,0,-9,3.591106108840383,2:-2,temporal,0,435,3,dia,15,0,0,cbr,1,main,0.7214316074693485,25,3,141,7,40,5,63,2,0,0,Action_480p_25fps_5s
1261,0,p4x4,3,0.6157864219350295,2,12,0,-9,3.591106108840383,2:-2,temporal,0,435,3,dia,15,0,0,none,1,main,0.7214316074693485,25,3,141,7,40,5,63,1,0,0,Action_480p_25fps_5s
1261,0,p4x4,3,0.3322388140761982,0,10,0,-9,3.591106108840383,-6:6,temporal,0,252,3,tesa,15,1,0,cbr,1,main,0.7214316074693485,25,6,141,7,3,5,63,2,0,2,Action_480p_25fps_5s
1261,0,p4x4,3,0.6157864219350295,2,12,0,-2,3.591106108840383,2:-2,temporal,0,435,3,dia,8,0,0,none,1,main,0.2892118132152554,25,3,141,7,40,5,38,2,0,0,Action_480p_25fps_5s
1261,0,p8x8,3,0.6157864219350295,2,12,0,-9,3.591106108840383,4:4,temporal,0,435,1,dia,15,0,0,cbr,1,main,0.7214316074693485,25,16,141,7,3,5,63,2,0,2,Action_480p_25fps_5s
1261,0,"p8x8,b8x8,i8x8,i4x4",3,0.6157864219350295,2,12,0,-9,3.591106108840383,2:-2,temporal,0,435,3,dia,15,0,0,none,1,high,0.7214316074693485,25,6,141,7,3,5,63,2,0,2,Action_480p_25fps_5s
1261,0,p4x4,3,0.6157864219350295,2,12,0,-9,3.591106108840383,2:-2,temporal,0,224,3,dia,15,0,0,cbr,1,main,0.7214316074693485,31,3,141,13,3,2,63,2,0,2,Action_480p_25fps_5s
1261,0,p4x4,3,0.6252271957400338,2,12,0,-9,3.591106108840383,2:-2,temporal,0,224,3,dia,15,0,0,cbr,1,main,0.7214316074693485,25,3,141,7,3,5,63,2,0,2,Action_480p_25fps_5s
1261,0,p4x4,3,0.6252271957400338,2,12,0,-2,3.591106108840383,2:-2,temporal,0,435,3,dia,8,0,0,none,1,main,0.2892118132152554,25,3,141,7,40,5,38,2,0,0,Action_480p_25fps_5s
1261,0,p4x4,3,0.6157864219350295,1,12,0,-9,3.591106108840383,2:-2,temporal,0,224,3,esa,15,0,0,cbr,1,main,0.7214316074693485,25,3,141,7,3,5,63,2,0,2,Action_480p_25fps_5s
1261,0,p4x4,2,0.6157864219350295,1,12,0,-9,3.591106108840383,2:-2,temporal,0,224,3,umh,15,0,1,cbr,1,main,0.7214316074693485,25,3,141,7,3,5,63,1,0,2,Action_480p_25fps_5s
1261,0,p4x4,3,0.6157864219350295,1,12,0,-10,3.591106108840383,2:-2,temporal,0,224,0,dia,8,0,0,none,1,main,0.2892118132152554,25,3,141,7,40,5,38,2,0,0,Action_480p_25fps_5s
1261,0,p4x4,3,0.6252271957400338,2,12,0,-2,3.591106108840383,2:-2,temporal,0,435,3,umh,15,0,0,none,1,main,0.7214316074693485,25,3,141,7,3,5,63,2,0,2,Action_480p_25fps_5s
1261,0,all,3,0.6157864219350295,1,12,0,-9,3.591106108840383,1:1,temporal,1,224,3,tesa,15,0,0,cbr,1,main,0.7214316074693485,25,3,141,7,40,5,63,2,0,0,Action_480p_30fps_10s
1261,0,p4x4,3,0.6157864219350295,2,12,0,-9,3.591106108840383,2:-2,temporal,0,435,3,dia,15,0,0,none,1,main,0.7214316074693485,25,3,141,7,40,5,63,1,0,0,Action_480p_30fps_10s
1158,0,p4x4,1,0.6157864219350295,2,12,0,-9,3.591106108840383,2:-2,temporal,0,224,3,dia,15,0,0,cbr,1,main,0.7214316074693485,25,3,141,7,3,2,63,2,0,2,Action_480p_30fps_10s
1892,0,p4x4,3,0.6157864219350295,1,12,0,-9,3.591106108840383,2:-2,temporal,0,435,4,dia,11,1,0,cbr,1,main,0.7214316074693485,30,3,141,1,67,5,63,0,0,1,Action_480p_30fps_10s
1261,0,p4x4,3,0.3322388140761982,0,10,0,-9,3.591106108840383,-6:6,temporal,0,252,3,tesa,15,1,0,cbr,1,main,0.7214316074693485,25,6,141,7,3,5,63,2,0,2,Action_480p_30fps_10s
2087,0,"p8x8,b8x8,i8x8,i4x4",0,0.8846362895873626,2,12,0,-9,3.591106108840383,2:-2,temporal,0,224,3,dia,40,0,0,none,1,main,0.7214316074693485,25,3,141,1,40,3,37,0,0,2,Action_480p_30fps_10s
1261,0,p4x4,3,0.6157864219350295,2,12,0,-9,3.591106108840383,2:-2,temporal,0,435,3,dia,15,0,0,cbr,1,main,0.7214316074693485,25,3,141,7,40,5,63,2,0,0,Action_480p_30fps_10s
1261,0,p4x4,3,0.6157864219350295,2,12,0,-9,3.591106108840383,2:-2,temporal,0,224,3,dia,40,0,0,cbr,1,main,0.7214316074693485,25,3,141,1,40,0,37,0,0,2,Action_480p_30fps_10s
1261,0,p4x4,3,0.6157864219350295,2,12,0,-9,3.591106108840383,2:-2,temporal,0,224,3,dia,15,0,0,cbr,1,main,0.7214316074693485,25,3,141,7,3,5,63,2,0,2,Action_480p_30fps_10s
1261,0,p4x4,3,0.6157864219350295,2,12,0,-2,3.591106108840383,2:-2,temporal,0,435,3,dia,8,0,0,none,1,main,0.7214316074693485,25,3,141,1,69,5,63,0,0,0,Action_480p_30fps_10s
1261,0,p4x4,3,0.6252271957400338,2,12,0,-9,3.591106108840383,2:-2,temporal,0,224,3,dia,15,0,0,cbr,1,main,0.7214316074693485,31,3,141,7,3,2,63,2,0,2,Action_480p_30fps_10s
1261,0,p8x8,3,0.6157864219350295,2,12,0,-9,3.591106108840383,2:-2,temporal,0,435,1,dia,15,0,0,cbr,1,main,0.7214316074693485,25,3,141,7,3,5,63,2,0,2,Action_480p_30fps_10s
1261,0,p4x4,3,0.6157864219350295,2,12,0,-9,3.591106108840383,2:-2,temporal,0,435,3,esa,15,0,0,cbr,1,main,0.7214316074693485,25,3,141,7,40,5,63,2,0,0,Action_480p_30fps_10s
1261,0,all,3,0.6157864219350295,1,12,0,-9,3.591106108840383,1:1,temporal,1,365,3,dia,15,0,0,cbr,1,main,0.7214316074693485,31,3,250,7,3,2,63,2,0,2,Action_480p_30fps_10s
1261,0,p4x4,3,0.6157864219350295,1,12,0,-9,3.591106108840383,2:-2,temporal,0,224,3,umh,15,0,0,cbr,1,main,0.7214316074693485,25,3,141,7,3,5,63,2,0,2,Action_480p_30fps_10s
1261,0,p8x8,3,0.6157864219350295,2,12,0,-9,3.591106108840383,2:-2,temporal,0,435,1,dia,31,0,0,cbr,1,main,0.7214316074693485,25,3,126,1,56,0,37,0,0,2,Action_480p_30fps_10s
1261,0,p4x4,3,0.6157864219350295,2,12,0,-9,3.591106108840383,2:-2,temporal,0,224,3,dia,21,0,0,cbr,1,main,0.7214316074693485,25,3,141,7,3,7,63,2,0,0,Action_480p_30fps_10s
1261,0,p4x4,3,0.6252271957400338,2,12,0,-9,4.561344838176452,-2:2,temporal,0,95,3,dia,15,0,0,cbr,1,main,0.7214316074693485,25,16,141,7,40,5,63,2,0,0,Action_480p_30fps_10s
1892,0,p4x4,3,0.6157864219350295,1,12,0,-9,3.591106108840383,2:-2,temporal,0,61,3,dia,11,1,0,cbr,1,main,0.7214316074693485,41,3,141,1,25,5,63,0,0,1,Action_480p_30fps_10s
1261,0,p4x4,3,0.6157864219350295,2,12,0,-9,3.591106108840383,2:-2,temporal,1,435,3,dia,15,0,0,cbr,1,main,0.7214316074693485,25,3,141,7,40,5,63,0,0,2,Action_480p_30fps_10s
1261,0,all,3,0.6157864219350295,1,12,0,-9,3.591106108840383,1:1,temporal,1,54,3,umh,15,0,0,cbr,1,main,0.7214316074693485,25,3,9,2,40,5,63,2,0,0,Big_720p_60fps_15s
1261,0,p4x4,3,0.6157864219350295,2,12,0,-9,3.591106108840383,2:-2,temporal,0,224,3,dia,15,0,0,cbr,1,main,0.7214316074693485,25,3,141,7,3,5,63,2,0,2,Big_720p_60fps_15s
1261,0,p4x4,3,0.6157864219350295,2,12,0,-2,3.591106108840383,2:-2,temporal,0,435,3,dia,8,0,0,none,1,main,0.7214316074693485,25,3,141,1,69,5,63,0,0,0,Big_720p_60fps_15s
1158,0,p4x4,1,0.6157864219350295,2,12,0,-9,3.591106108840383,2:-2,temporal,0,224,3,dia,15,0,0,cbr,1,main,0.7214316074693485,25,3,141,7,3,2,63,2,0,2,Big_720p_60fps_15s
1261,0,all,3,0.6157864219350295,1,12,0,-9,3.591106108840383,1:1,temporal,1,224,3,tesa,15,0,0,cbr,1,main,0.7214316074693485,25,3,141,7,40,5,63,2,0,0,Big_720p_60fps_15s
1261,0,p4x4,3,0.3322388140761982,0,10,0,-9,3.591106108840383,-6:6,temporal,0,252,3,tesa,15,1,0,cbr,1,main,0.7214316074693485,25,6,141,7,3,5,63,2,0,2,Big_720p_60fps_15s
1261,0,p4x4,3,0.6157864219350295,2,12,0,-2,3.591106108840383,2:-2,temporal,0,435,3,dia,8,0,0,none,1,main,0.2892118132152554,25,3,141,7,40,5,38,2,0,0,Big_720p_60fps_15s
1261,0,p4x4,3,0.6157864219350295,2,12,0,-9,3.591106108840383,2:-2,temporal,0,435,3,dia,15,0,0,cbr,1,main,0.7214316074693485,25,3,141,7,40,5,63,2,0,0,Big_720p_60fps_15s
1261,0,all,3,0.6157864219350295,1,12,0,-9,3.591106108840383,1:1,temporal,1,365,3,dia,15,0,0,cbr,1,main,0.7214316074693485,31,3,250,7,3,2,63,2,0,2,Big_720p_60fps_15s
1261,0,p4x4,3,0.6157864219350295,2,12,0,-9,3.591106108840383,2:-2,temporal,0,435,3,dia,15,0,0,none,1,main,0.7214316074693485,25,3,141,7,40,5,63,1,0,0,Big_720p_60fps_15s
1261,0,p4x4,3,0.6157864219350295,2,12,0,-9,3.591106108840383,2:-2,temporal,0,435,3,esa,15,0,0,cbr,1,main,0.7214316074693485,25,3,141,7,40,5,63,2,0,0,Big_720p_60fps_15s
1261,0,p4x4,3,0.6157864219350295,2,12,0,-9,3.591106108840383,2:-2,temporal,0,224,3,dia,40,0,0,cbr,1,main,0.7214316074693485,25,3,141,1,40,0,37,0,0,2,Big_720p_60fps_15s
1261,0,p4x4,3,0.6157864219350295,1,12,0,-9,3.591106108840383,2:-2,temporal,0,224,3,umh,15,0,0,cbr,1,main,0.7214316074693485,25,3,141,7,3,5,63,2,0,2,Big_720p_60fps_15s
1261,0,p4x4,3,0.6157864219350295,2,12,0,-11,3.591106108840383,2:-2,temporal,0,224,3,dia,40,0,0,cbr,1,main,0.7214316074693485,25,3,141,1,40,0,46,0,0,2,Big_720p_60fps_15s
1261,0,p4x4,3,0.6157864219350295,2,11,0,-2,3.591106108840383,6:6,temporal,0,435,3,dia,8,0,0,none,1,main,0.2892118132152554,25,3,141,7,40,5,38,2,0,0,Big_720p_60fps_15s
1261,0,p4x4,3,0.5695073362708108,2,12,0,-2,3.591106108840383,2:-2,temporal,0,435,3,dia,8,0,0,none,1,main,0.2892118132152554,25,3,141,7,40,6,63,1,0,0,Big_720p_60fps_15s
1099,0,p4x4,3,0.6157864219350295,2,12,0,-9,3.591106108840383,2:-2,temporal,0,435,3,tesa,15,0,0,cbr,1,main,0.7214316074693485,25,3,141,7,40,5,63,2,0,0,Big_720p_60fps_15s
1261,0,p4x4,0,0.6157864219350295,2,12,0,-9,3.591106108840383,2:-2,temporal,0,361,3,dia,62,0,0,none,1,main,0.7214316074693485,25,3,90,7,40,5,63,1,0,0,Big_720p_60fps_15s
1261,0,p4x4,0,0.928079252813175,2,12,0,-2,3.591106108840383,2:-2,temporal,0,435,3,dia,8,0,0,none,1,main,0.7214316074693485,25,3,202,1,69,5,36,0,0,1,Big_720p_60fps_15s
1261,0,p4x4,1,0.3322388140761982,0,10,0,-9,3.591106108840383,-6:6,temporal,0,252,3,tesa,15,1,0,vbr,1,main,0.7214316074693485,25,6,200,7,3,5,63,0,0,0,Big_720p_60fps_15s
1261,0,all,3,0.6157864219350295,1,12,0,-9,3.591106108840383,1:1,temporal,1,54,3,umh,15,0,0,cbr,1,main,0.7214316074693485,25,3,9,2,40,5,63,2,0,0,Big_1080p_25fps_10s
1261,0,p4x4,3,0.6252271957400338,2,12,0,-9,3.591106108840383,2:-2,temporal,0,224,3,dia,15,0,0,cbr,1,main,0.7214316074693485,31,3,141,7,3,2,63,2,0,2,Big_1080p_25fps_10s
1261,0,p4x4,3,0.6157864219350295,2,12,0,-2,3.591106108840383,2:-2,temporal,0,435,3,dia,8,0,0,none,1,main,0.2892118132152554,25,3,141,7,40,5,38,2,0,0,Big_1080p_25fps_10s
1261,0,p4x4,3,0.6157864219350295,2,12,0,-9,3.591106108840383,2:-2,temporal,0,224,3,dia,15,0,0,cbr,1,main,0.7214316074693485,25,3,141,7,3,5,63,2,0,2,Big_1080p_25fps_10s
1261,0,p4x4,3,0.6157864219350295,2,12,0,-9,3.591106108840383,2:-2,temporal,0,224,3,dia,40,0,0,cbr,1,main,0.7214316074693485,25,3,141,1,40,0,37,0,0,2,Big_1080p_25fps_10s
1261,0,p4x4,3,0.6157864219350295,2,12,0,-9,3.591106108840383,2:-2,temporal,0,435,3,dia,15,0,0,cbr,1,main,0.7214316074693485,25,3,141,7,40,5,63,2,0,0,Big_1080p_25fps_10s
1261,0,p4x4,3,0.6157864219350295,2,12,0,-9,3.591106108840383,2:-2,temporal,0,435,3,esa,15,0,0,cbr,1,main,0.7214316074693485,25,3,141,7,40,5,63,2,0,0,Big_1080p_25fps_10s
1892,0,p4x4,3,0.6157864219350295,1,12,0,-9,3.591106108840383,2:-2,temporal,0,435,4,dia,11,1,0,cbr,1,main,0.7214316074693485,30,3,141,1,67,5,63,0,0,1,Big_1080p_25fps_10s
1261,0,p4x4,3,0.6157864219350295,2,12,0,-2,3.591106108840383,2:-2,temporal,0,435,3,dia,8,0,0,none,1,main,0.7214316074693485,25,3,141,1,69,5,63,0,0,0,Big_1080p_25fps_10s
1261,0,all,3,0.6157864219350295,1,12,0,-9,3.591106108840383,1:1,temporal,1,365,3,dia,15,0,0,cbr,1,main,0.7214316074693485,31,3,250,7,3,2,63,2,0,2,Big_1080p_25fps_10s
1158,0,p4x4,1,0.6157864219350295,2,12,0,-9,3.591106108840383,2:-2,temporal,0,224,3,dia,15,0,0,cbr,1,main,0.7214316074693485,25,3,141,7,3,2,63,2,0,2,Big_1080p_25fps_10s
1261,0,all,3,0.6157864219350295,1,12,0,-9,3.591106108840383,1:1,temporal,1,224,3,tesa,15,0,0,cbr,1,main,0.7214316074693485,25,3,141,7,40,5,63,2,0,0,Big_1080p_25fps_10s
1158,0,p4x4,3,0.6157864219350295,2,12,0,-9,3.591106108840383,2:-2,temporal,0,224,3,dia,15,0,0,cbr,1,main,0.7214316074693485,25,3,141,13,3,5,63,2,0,0,Big_1080p_25fps_10s
1261,0,p4x4,3,0.6157864219350295,2,12,0,-9,3.591106108840383,2:-2,temporal,0,224,3,dia,40,0,0,cbr,1,main,0.7214316074693485,22,3,60,4,40,2,63,2,0,0,Big_1080p_25fps_10s
1261,0,p4x4,3,0.6157864219350295,2,12,0,-2,3.591106108840383,2:-2,temporal,0,435,3,dia,8,0,0,none,1,main,0.7214316074693485,25,3,141,7,3,2,63,2,0,2,Big_1080p_25fps_10s
1261,0,p8x8,3,0.6157864219350295,2,12,0,-2,3.591106108840383,2:-2,temporal,0,435,3,dia,8,1,0,none,1,main,0.7214316074693485,25,3,141,7,40,5,63,2,0,2,Big_1080p_25fps_10s
1261,0,all,3,0.6157864219350295,1,12,0,-9,3.591106108840383,1:1,temporal,0,54,3,umh,15,0,0,cbr,1,main,0.7214316074693485,22,3,60,4,40,2,63,2,0,0,Big_1080p_25fps_10s
1261,0,p8x8,3,0.6157864219350295,2,12,0,-9,3.591106108840383,2:-2,temporal,0,435,3,esa,15,0,0,cbr,1,main,0.7214316074693485,25,3,141,7,40,5,63,2,0,2,Big_1080p_25fps_10s
1892,0,p4x4,3,0.6157864219350295,2,12,0,-9,3.591106108840383,-2:2,temporal,0,39,4,dia,11,0,0,cbr,1,main,0.7214316074693485,25,3,141,7,40,5,63,2,0,0,Big_1080p_25fps_10s
1158,0,p4x4,3,1.143895938818723,2,4,0,-9,3.591106108840383,5:5,temporal,0,224,3,dia,15,0,0,cbr,1,main,0.9583496277729898,31,3,141,7,3,2,63,1,0,1,Big_1080p_25fps_10s
1261,0,p8x8,3,0.6252271957400338,2,12,0,-9,3.591106108840383,2:-2,temporal,1,224,2,dia,15,1,0,cbr,1,high,0.7214316074693485,31,10,141,7,3,5,63,2,1,2,Action_1080p_25fps_10s
1261,0,p4x4,3,0.6252271957400338,2,12,0,-9,3.591106108840383,2:-2,temporal,0,224,3,dia,15,0,0,cbr,1,main,0.7214316074693485,31,3,141,7,3,2,63,2,0,2,Action_1080p_25fps_10s
1261,0,p4x4,3,0.6157864219350295,1,12,0,-9,3.591106108840383,2:-2,temporal,0,224,3,umh,15,0,0,cbr,1,main,0.7214316074693485,25,3,141,7,3,5,63,2,0,2,Action_1080p_25fps_10s
1261,0,all,3,0.6157864219350295,1,12,0,-9,3.591106108840383,1:1,temporal,1,224,3,tesa,15,0,0,cbr,1,main,0.7214316074693485,25,3,141,7,40,5,63,2,0,0,Action_1080p_25fps_10s
1261,0,p8x8,3,0.6157864219350295,2,12,0,-9,3.591106108840383,2:-2,temporal,0,435,1,dia,15,0,0,cbr,1,main,0.7214316074693485,25,3,141,7,3,5,63,2,0,2,Action_1080p_25fps_10s
1261,0,p4x4,3,0.3322388140761982,0,10,0,-9,3.591106108840383,-6:6,temporal,0,252,3,tesa,15,1,0,cbr,1,main,0.7214316074693485,25,6,141,7,3,5,63,2,0,2,Action_1080p_25fps_10s
1261,0,p4x4,3,0.6157864219350295,2,10,0,-9,3.591106108840383,-6:6,temporal,0,224,3,dia,11,1,0,cbr,1,main,0.7214316074693485,30,3,141,1,40,4,63,0,0,1,Action_1080p_25fps_10s
1261,0,p4x4,3,0.6157864219350295,2,12,0,-9,3.591106108840383,2:-2,temporal,0,435,3,dia,15,0,0,cbr,1,main,0.7214316074693485,25,3,141,7,40,5,63,2,0,0,Action_1080p_25fps_10s
1261,0,p4x4,3,0.6157864219350295,2,12,0,-9,3.591106108840383,2:-2,temporal,0,435,3,dia,15,0,0,none,1,main,0.7214316074693485,25,3,141,7,40,5,63,1,0,0,Action_1080p_25fps_10s
1892,0,p4x4,3,0.6157864219350295,1,12,0,-9,3.591106108840383,2:-2,temporal,0,435,4,dia,11,1,0,cbr,1,main,0.7214316074693485,30,3,141,1,67,5,63,0,0,1,Action_1080p_25fps_10s
1261,0,p4x4,3,0.6157864219350295,2,12,0,-2,3.591106108840383,2:-2,temporal,0,435,3,dia,8,0,0,none,1,main,0.7214316074693485,25,3,141,1,69,5,63,0,0,0,Action_1080p_25fps_10s
1261,0,all,3,0.6157864219350295,1,12,0,-9,3.591106108840383,1:1,temporal,1,365,3,dia,15,0,0,cbr,1,main,0.7214316074693485,31,3,250,7,3,2,63,2,0,2,Action_1080p_25fps_10s
1261,0,p4x4,3,0.6157864219350295,2,12,0,-9,3.591106108840383,2:-2,temporal,0,224,3,dia,40,0,0,cbr,1,main,0.7214316074693485,25,3,141,1,40,0,37,0,0,2,Action_1080p_25fps_10s
1261,0,p4x4,3,0.6157864219350295,2,12,0,-9,3.591106108840383,2:-2,temporal,0,435,3,esa,15,0,0,cbr,1,main,0.7214316074693485,25,3,141,7,40,5,63,2,0,0,Action_1080p_25fps_10s
1261,0,p8x8,3,0.6157864219350295,2,12,0,-9,3.591106108840383,2:-2,temporal,0,435,2,dia,15,0,0,cbr,0,main,0.7214316074693485,31,3,250,7,3,2,63,2,0,2,Action_1080p_25fps_10s
1261,0,p4x4,3,0.6157864219350295,1,10,0,-9,3.591106108840383,-6:6,temporal,0,224,3,tesa,11,1,0,cbr,1,main,0.7214316074693485,30,3,141,1,40,4,63,0,0,0,Action_1080p_25fps_10s
1261,0,p4x4,3,0.6157864219350295,2,12,0,-9,3.591106108840383,4:-4,temporal,0,435,3,dia,15,0,0,none,1,main,0.7214316074693485,41,3,141,7,40,5,63,2,0,0,Action_1080p_25fps_10s
1261,0,"p8x8,b8x8,i8x8,i4x4",3,0.6157864219350295,1,12,0,-9,3.591106108840383,2:-2,temporal,0,224,3,dia,15,0,0,vbr,1,main,0.7214316074693485,31,3,250,7,3,2,51,2,0,2,Action_1080p_25fps_10s
1261,0,p4x4,3,0.6157864219350295,2,12,0,-9,3.591106108840383,2:-2,temporal,0,435,3,dia,22,0,0,cbr,1,main,0.7214316074693485,25,3,141,7,40,5,63,2,0,0,Action_1080p_25fps_10s
1261,0,all,3,0.5691182522271944,1,12,0,-9,3.591106108840383,-5:5,temporal,0,224,4,tesa,15,0,0,none,1,main,0.0870799334466865,31,3,250,7,3,5,63,2,0,2,Action_1080p_25fps_10s
1261,0,p4x4,3,0.6157864219350295,2,12,0,-2,3.591106108840383,2:-2,temporal,0,435,3,dia,8,0,0,none,1,main,0.2892118132152554,25,3,141,7,40,5,38,2,0,0,Action_480p_25fps_20s
1261,0,p4x4,3,0.6157864219350295,2,12,0,-9,3.591106108840383,2:-2,temporal,0,224,3,dia,15,0,0,cbr,1,main,0.7214316074693485,25,3,141,7,3,5,63,2,0,2,Action_480p_25fps_20s
1261,0,p4x4,3,0.6157864219350295,2,12,0,-9,3.591106108840383,2:-2,temporal,0,435,3,dia,15,0,0,none,1,main,0.7214316074693485,25,3,141,7,40,5,63,1,0,0,Action_480p_25fps_20s
1261,0,p4x4,3,0.6157864219350295,2,12,0,-2,3.591106108840383,2:-2,temporal,0,435,3,dia,8,0,0,none,1,main,0.7214316074693485,25,3,141,1,69,5,63,0,0,0,Action_480p_25fps_20s
1261,0,all,3,0.6157864219350295,1,12,0,-9,3.591106108840383,1:1,temporal,1,365,3,dia,15,0,0,cbr,1,main,0.7214316074693485,31,3,250,7,3,2,63,2,0,2,Action_480p_25fps_20s
1261,0,p4x4,3,0.6157864219350295,2,10,0,-9,3.591106108840383,-6:6,temporal,0,224,3,dia,11,1,0,cbr,1,main,0.7214316074693485,30,3,141,1,40,4,63,0,0,1,Action_480p_25fps_20s
1261,0,p8x8,3,0.6157864219350295,2,12,0,-9,3.591106108840383,2:-2,temporal,0,435,1,dia,15,0,0,cbr,1,main,0.7214316074693485,25,3,141,7,3,5,63,2,0,2,Action_480p_25fps_20s
1892,0,p4x4,3,0.6157864219350295,1,12,0,-9,3.591106108840383,2:-2,temporal,0,435,4,dia,11,1,0,cbr,1,main,0.7214316074693485,30,3,141,1,67,5,63,0,0,1,Action_480p_25fps_20s
1261,0,p4x4,3,0.6252271957400338,2,12,0,-9,3.591106108840383,2:-2,temporal,0,224,3,dia,15,0,0,cbr,1,main,0.7214316074693485,31,3,141,7,3,2,63,2,0,2,Action_480p_25fps_20s
1158,0,p4x4,1,0.6157864219350295,2,12,0,-9,3.591106108840383,2:-2,temporal,0,224,3,dia,15,0,0,cbr,1,main,0.7214316074693485,25,3,141,7,3,2,63,2,0,2,Action_480p_25fps_20s
1261,0,p4x4,3,0.6157864219350295,2,12,0,-9,3.591106108840383,2:-2,temporal,0,435,3,dia,15,0,0,cbr,1,main,0.7214316074693485,25,3,141,7,40,5,63,2,0,0,Action_480p_25fps_20s
1452,0,none,3,0.6157864219350295,1,10,0,-9,16.678262220095384,-6:6,temporal,0,224,3,dia,11,0,0,none,1,main,0.5123914458022217,30,3,33,1,40,4,63,0,0,1,Action_480p_25fps_20s
1261,0,p4x4,3,0.6157864219350295,2,10,0,-9,3.591106108840383,1:1,temporal,0,224,2,dia,11,1,0,cbr,1,main,0.7214316074693485,30,3,141,10,40,4,63,0,0,1,Action_480p_25fps_20s
1261,0,p4x4,3,0.6157864219350295,2,12,0,-9,3.591106108840383,-6:6,temporal,0,224,3,dia,11,1,0,cbr,1,main,0.7214316074693485,30,3,141,1,40,4,63,0,0,1,Action_480p_25fps_20s
852,0,p4x4,3,0.6157864219350295,2,12,0,-2,3.591106108840383,2:-2,temporal,0,464,3,dia,8,0,0,none,1,baseline,0.7214316074693485,25,3,141,11,40,5,63,0,0,0,Action_480p_25fps_20s
1261,0,p4x4,2,0.6157864219350295,2,12,0,-2,3.591106108840383,2:-2,temporal,0,435,3,dia,8,0,0,none,1,main,0.7214316074693485,25,3,141,14,3,2,63,2,0,2,Action_480p_25fps_20s
1261,0,p4x4,0,0.6157864219350295,1,12,0,-9,3.591106108840383,1:1,temporal,0,54,3,tesa,15,0,0,cbr,1,main,0.7214316074693485,25,3,24,2,40,11,63,2,0,0,Action_480p_25fps_20s
1261,0,p4x4,3,0.6157864219350295,2,3,0,-2,3.591106108840383,2:-2,temporal,0,435,4,dia,8,0,0,none,1,main,0.7214316074693485,25,3,141,1,69,5,63,0,0,0,Action_480p_25fps_20s
848,0,p4x4,2,0.6252271957400338,2,12,0,-9,3.591106108840383,2:-2,temporal,1,224,3,dia,15,0,0,cbr,1,main,0.7214316074693485,31,3,141,7,18,2,63,1,0,2,Action_480p_25fps_20s
188,0,p4x4,3,0.6157864219350295,2,10,0,-9,3.591106108840383,1:1,temporal,0,224,2,dia,11,0,0,cbr,1,main,0.7214316074693485,30,4,141,10,40,4,63,0,0,1,Action_480p_25fps_20s
1261,0,p4x4,3,0.6157864219350295,1,12,0,-9,3.591106108840383,2:-2,temporal,0,224,3,umh,15,0,0,cbr,1,main,0.7214316074693485,25,3,141,7,3,5,63,2,0,2,Big_480p_30fps_15s
1261,0,all,3,0.6157864219350295,1,12,0,-9,3.591106108840383,1:1,temporal,1,365,3,dia,15,0,0,cbr,1,main,0.7214316074693485,31,3,250,7,3,2,63,2,0,2,Big_480p_30fps_15s
1261,0,p4x4,3,0.3322388140761982,0,10,0,-9,3.591106108840383,-6:6,temporal,0,252,3,tesa,15,1,0,cbr,1,main,0.7214316074693485,25,6,141,7,3,5,63,2,0,2,Big_480p_30fps_15s
1261,0,p4x4,3,0.6157864219350295,2,12,0,-9,3.591106108840383,2:-2,temporal,0,224,3,dia,15,0,0,cbr,1,main,0.7214316074693485,25,3,141,7,3,5,63,2,0,2,Big_480p_30fps_15s
1261,0,p4x4,3,0.6157864219350295,2,12,0,-9,3.591106108840383,2:-2,temporal,0,435,3,dia,15,0,0,none,1,main,0.7214316074693485,25,3,141,7,40,5,63,1,0,0,Big_480p_30fps_15s
1261,0,p4x4,3,0.6157864219350295,2,10,0,-9,3.591106108840383,-6:6,temporal,0,224,3,dia,11,1,0,cbr,1,main,0.7214316074693485,30,3,141,1,40,4,63,0,0,1,Big_480p_30fps_15s
1261,0,p4x4,3,0.6157864219350295,2,12,0,-9,3.591106108840383,2:-2,temporal,0,435,3,dia,15,0,0,cbr,1,main,0.7214316074693485,25,3,141,7,40,5,63,2,0,0,Big_480p_30fps_15s
1892,0,p4x4,3,0.6157864219350295,1,12,0,-9,3.591106108840383,2:-2,temporal,0,435,4,dia,11,1,0,cbr,1,main,0.7214316074693485,30,3,141,1,67,5,63,0,0,1,Big_480p_30fps_15s
1261,0,p4x4,3,0.6157864219350295,2,12,0,-9,3.591106108840383,2:-2,temporal,0,224,3,dia,40,0,0,cbr,1,main,0.7214316074693485,25,3,141,1,40,0,37,0,0,2,Big_480p_30fps_15s
1261,0,p4x4,3,0.6157864219350295,2,12,0,-2,3.591106108840383,2:-2,temporal,0,435,3,dia,8,0,0,none,1,main,0.7214316074693485,25,3,141,1,69,5,63,0,0,0,Big_480p_30fps_15s
1158,0,p4x4,1,0.6157864219350295,2,12,0,-9,3.591106108840383,2:-2,temporal,0,224,3,dia,15,0,0,cbr,1,main,0.7214316074693485,25,3,141,7,3,2,63,2,0,2,Big_480p_30fps_15s
1892,0,p4x4,3,0.6157864219350295,1,12,0,-9,3.591106108840383,2:-2,temporal,0,224,3,dia,15,0,0,cbr,1,main,0.7214316074693485,25,3,141,7,3,2,63,2,0,2,Big_480p_30fps_15s
1447,0,p4x4,3,0.6157864219350295,2,12,0,-9,9.321228297970876,2:-2,temporal,0,224,3,dia,15,0,0,cbr,1,main,0.7214316074693485,25,3,141,7,3,5,63,0,0,2,Big_480p_30fps_15s
443,0,all,3,0.6157864219350295,0,12,0,-9,3.591106108840383,2:-2,temporal,0,224,3,dia,15,0,0,cbr,1,main,0.7214316074693485,25,3,141,7,3,2,63,2,0,2,Big_480p_30fps_15s
1892,0,p4x4,3,0.6157864219350295,1,12,0,-9,3.591106108840383,2:-2,temporal,0,224,3,dia,15,0,0,cbr,1,main,0.7214316074693485,25,3,141,7,40,5,63,2,0,0,Big_480p_30fps_15s
1158,0,p4x4,1,0.6157864219350295,2,12,0,-9,3.591106108840383,4:-4,spatial,0,224,3,dia,8,0,0,none,1,main,0.7214316074693485,25,3,141,1,69,9,63,0,0,0,Big_480p_30fps_15s
1261,0,all,3,0.6157864219350295,1,10,0,-9,3.591106108840383,-6:6,temporal,0,224,3,dia,11,1,0,vbr,1,main,0.7214316074693485,30,3,141,1,40,4,63,0,0,1,Big_480p_30fps_15s
1261,0,p4x4,3,0.6157864219350295,1,10,0,8,3.591106108840383,2:-2,temporal,0,252,3,tesa,15,1,0,cbr,1,main,0.7214316074693485,25,6,168,7,3,5,63,2,0,2,Big_480p_30fps_15s
1261,0,p4x4,3,0.6157864219350295,1,12,0,3,3.591106108840383,2:-2,temporal,0,224,3,hex,33,0,0,cbr,1,main,0.7214316074693485,35,20,141,7,3,0,63,2,0,1,Big_480p_30fps_15s
1892,0,p4x4,3,0.6157864219350295,1,12,0,-9,3.591106108840383,2:-2,temporal,0,224,3,dia,11,0,0,cbr,1,main,0.7214316074693485,25,3,141,7,3,2,63,2,0,2,Big_480p_30fps_15s
1261,1,all,0,0.0520260669292369,2,0,0,11,4.787320014988849,4:4,none,0,160,2,hex,45,0,0,none,0,baseline,0.2115404214338969,20,7,107,4,24,7,49,2,0,1,Standard_720p_30fps_5s
1689,1,all,0,0.0520260669292369,2,0,1,11,4.787320014988849,4:4,none,0,175,2,hex,64,0,0,cbr,1,baseline,0.2115404214338969,20,7,107,4,24,7,49,2,0,1,Standard_720p_30fps_5s
1689,1,all,0,0.0520260669292369,2,2,1,11,3.057119103940785,4:4,none,0,39,2,hex,64,0,0,cbr,1,baseline,0.2115404214338969,20,7,107,4,24,7,49,2,0,0,Standard_720p_30fps_5s
1689,1,all,0,0.0520260669292369,2,0,1,11,4.787320014988849,4:4,none,0,175,2,hex,64,0,0,cbr,1,baseline,0.3291089101103284,20,7,107,4,24,7,49,2,0,0,Standard_720p_30fps_5s
1261,0,p8x8,3,0.6252271957400338,2,12,0,-9,3.591106108840383,2:-2,temporal,1,224,2,dia,15,1,0,cbr,1,high,0.7214316074693485,31,10,141,7,3,5,63,2,1,2,Standard_720p_30fps_5s
1261,0,p4x4,3,0.6252271957400338,2,12,0,-9,3.591106108840383,2:-2,temporal,0,224,3,dia,15,0,0,cbr,1,main,0.7214316074693485,31,3,141,7,3,2,63,2,0,2,Standard_720p_30fps_5s
1261,0,p4x4,3,0.6157864219350295,2,12,0,-9,3.591106108840383,2:-2,temporal,0,435,3,esa,15,0,0,cbr,1,main,0.7214316074693485,25,3,141,7,40,5,63,2,0,0,Standard_720p_30fps_5s
1261,0,p4x4,3,0.6157864219350295,2,12,0,-9,3.591106108840383,2:-2,temporal,0,435,3,dia,15,0,0,cbr,1,main,0.7214316074693485,25,3,141,7,40,5,63,2,0,0,Standard_720p_30fps_5s
1261,0,all,3,0.6157864219350295,1,12,0,-9,3.591106108840383,1:1,temporal,1,224,3,tesa,15,0,0,cbr,1,main,0.7214316074693485,25,3,141,7,40,5,63,2,0,0,Standard_720p_30fps_5s
1261,0,p8x8,3,0.6157864219350295,2,12,0,-9,3.591106108840383,2:-2,temporal,0,435,1,dia,15,0,0,cbr,1,main,0.7214316074693485,25,3,141,7,3,5,63,2,0,2,Standard_720p_30fps_5s
1261,0,p4x4,3,0.6157864219350295,1,12,0,-9,3.591106108840383,2:-2,temporal,0,224,3,umh,15,0,0,cbr,1,main,0.7214316074693485,25,3,141,7,3,5,63,2,0,2,Standard_720p_30fps_5s
1261,0,p4x4,3,0.6157864219350295,2,12,0,-9,3.591106108840383,2:-2,temporal,0,224,3,dia,15,0,0,cbr,1,main,0.7214316074693485,25,3,141,7,3,5,63,2,0,2,Standard_720p_30fps_5s
1261,0,all,3,0.6157864219350295,1,12,0,-9,3.591106108840383,1:1,temporal,1,365,3,dia,15,0,0,cbr,1,main,0.7214316074693485,31,3,250,7,3,2,63,2,0,2,Standard_720p_30fps_5s
1892,0,p4x4,3,0.6157864219350295,1,12,0,-9,3.591106108840383,2:-2,temporal,0,435,4,dia,11,1,0,cbr,1,main,0.7214316074693485,30,3,141,1,67,5,63,0,0,1,Standard_720p_30fps_5s
1261,0,p4x4,3,0.6157864219350295,2,10,0,-9,3.591106108840383,-6:6,temporal,0,224,3,dia,11,1,0,cbr,1,main,0.7214316074693485,30,3,141,1,40,4,63,0,0,1,Standard_720p_30fps_5s
1261,0,p4x4,3,0.6157864219350295,2,12,0,-2,3.591106108840383,2:-2,temporal,0,435,3,dia,8,0,0,none,1,main,0.7214316074693485,25,3,141,1,69,5,63,0,0,0,Standard_720p_30fps_5s
1261,0,p4x4,3,0.6157864219350295,2,12,0,-2,3.591106108840383,2:-2,temporal,0,435,3,dia,8,0,0,none,1,main,0.2892118132152554,25,3,141,7,40,5,38,2,0,0,Standard_720p_30fps_5s
1261,0,p4x4,3,0.6157864219350295,2,12,0,-9,3.591106108840383,2:-2,temporal,0,224,3,dia,40,0,0,cbr,1,main,0.7214316074693485,25,3,141,1,40,0,37,0,0,2,Standard_720p_30fps_5s
1261,0,p4x4,3,0.6157864219350295,2,10,0,-9,3.591106108840383,2:-2,temporal,0,224,3,dia,15,0,0,cbr,1,main,0.7214316074693485,31,5,141,7,3,2,63,2,0,2,Standard_720p_30fps_5s
1261,0,"p8x8,b8x8,i8x8,i4x4",3,0.6157864219350295,1,12,0,-9,3.591106108840383,2:-2,temporal,0,224,3,umh,15,0,0,cbr,1,main,0.7214316074693485,25,4,141,10,40,4,63,0,0,1,Standard_720p_30fps_5s
1261,0,all,3,0.6157864219350295,1,12,0,-9,3.591106108840383,1:1,temporal,1,224,3,tesa,15,0,0,cbr,1,main,0.7214316074693485,25,3,141,7,40,5,63,2,0,0,Still_image_1080p_60fps_15s
1261,0,p4x4,3,0.6157864219350295,2,12,0,-9,3.591106108840383,2:-2,temporal,0,435,3,dia,15,0,0,cbr,1,main,0.7214316074693485,25,3,141,7,40,5,63,2,0,0,Still_image_1080p_60fps_15s
1261,0,p4x4,3,0.6157864219350295,2,12,0,-9,3.591106108840383,2:-2,temporal,0,435,3,esa,15,0,0,cbr,1,main,0.7214316074693485,25,3,141,7,40,5,63,2,0,0,Still_image_1080p_60fps_15s
1261,0,p4x4,3,0.6157864219350295,2,12,0,-2,3.591106108840383,2:-2,temporal,0,435,3,dia,8,0,0,none,1,main,0.7214316074693485,25,3,141,1,69,5,63,0,0,0,Still_image_1080p_60fps_15s
1261,0,all,3,0.6157864219350295,1,12,0,-9,3.591106108840383,1:1,temporal,1,365,3,dia,15,0,0,cbr,1,main,0.7214316074693485,31,3,250,7,3,2,63,2,0,2,Still_image_1080p_60fps_15s
1261,0,p4x4,3,0.6157864219350295,2,12,0,-9,3.591106108840383,2:-2,temporal,0,435,3,dia,15,0,0,none,1,main,0.7214316074693485,25,3,141,7,40,5,63,1,0,0,Still_image_1080p_60fps_15s
1261,0,p4x4,3,0.6252271957400338,2,12,0,-9,3.591106108840383,2:-2,temporal,0,224,3,dia,15,0,0,cbr,1,main,0.7214316074693485,31,3,141,7,3,2,63,2,0,2,Still_image_1080p_60fps_15s
1261,0,p4x4,3,0.6157864219350295,2,12,0,-9,3.591106108840383,2:-2,temporal,0,224,3,dia,15,0,0,cbr,1,main,0.7214316074693485,25,3,141,7,3,5,63,2,0,2,Still_image_1080p_60fps_15s
1261,0,p4x4,3,0.6157864219350295,1,12,0,-9,3.591106108840383,2:-2,temporal,0,224,3,umh,15,0,0,cbr,1,main,0.7214316074693485,25,3,141,7,3,5,63,2,0,2,Still_image_1080p_60fps_15s
1158,0,p4x4,1,0.6157864219350295,2,12,0,-9,3.591106108840383,2:-2,temporal,0,224,3,dia,15,0,0,cbr,1,main,0.7214316074693485,25,3,141,7,3,2,63,2,0,2,Still_image_1080p_60fps_15s
1158,0,p4x4,1,0.6157864219350295,2,12,0,-9,3.591106108840383,2:-2,temporal,0,435,3,dia,8,0,0,none,1,main,0.7214316074693485,25,3,141,1,69,5,63,0,0,0,Still_image_1080p_60fps_15s
1261,0,p8x8,3,0.6157864219350295,1,12,0,-7,3.591106108840383,2:-2,temporal,0,224,3,umh,15,0,0,cbr,1,main,0.7214316074693485,25,3,141,7,3,5,63,2,0,2,Still_image_1080p_60fps_15s
1261,0,p4x4,2,0.6252271957400338,2,12,0,-9,3.591106108840383,3:3,temporal,0,224,3,dia,15,0,0,cbr,1,main,0.7214316074693485,33,3,141,2,3,2,63,2,0,2,Still_image_1080p_60fps_15s
1261,0,all,3,0.6157864219350295,1,12,0,-9,3.591106108840383,1:1,temporal,0,365,3,dia,15,0,0,cbr,1,main,0.7214316074693485,31,3,250,7,3,1,49,2,0,1,Still_image_1080p_60fps_15s
1261,0,p4x4,3,0.6157864219350295,2,12,0,-9,45.95074113585563,-6:6,temporal,0,224,3,umh,15,0,0,cbr,1,main,0.7214316074693485,25,3,141,7,3,6,63,2,0,0,Still_image_1080p_60fps_15s
1261,0,p4x4,3,0.6157864219350295,1,12,0,-8,11.991244149745526,2:-2,temporal,0,129,3,dia,15,0,0,none,1,main,0.7214316074693485,25,3,141,7,64,2,63,0,0,2,Still_image_1080p_60fps_15s
1261,0,p4x4,2,0.6252271957400338,2,12,0,-9,26.885744404986628,3:3,temporal,1,224,2,dia,15,0,0,cbr,1,main,0.7214316074693485,33,3,141,2,3,5,63,1,0,0,Still_image_1080p_60fps_15s
1261,0,p4x4,3,0.6157864219350295,0,10,0,-7,3.591106108840383,2:-2,temporal,0,435,3,umh,8,0,0,none,1,main,0.7214316074693485,25,3,141,1,69,5,36,0,0,0,Still_image_1080p_60fps_15s
1158,0,p4x4,1,0.6157864219350295,2,12,0,-4,3.591106108840383,2:-2,temporal,0,435,3,dia,8,0,0,none,1,main,0.7214316074693485,25,19,141,1,69,5,63,0,0,0,Still_image_1080p_60fps_15s
1261,0,p8x8,3,0.6252271957400338,0,12,0,-9,11.649183250274437,6:6,temporal,0,224,3,dia,15,0,0,cbr,1,main,0.7214316074693485,33,3,141,2,3,2,63,2,0,2,Still_image_1080p_60fps_15s
1158,0,p4x4,1,0.6157864219350295,2,12,0,-9,3.591106108840383,2:-2,temporal,0,224,3,dia,15,0,0,cbr,1,main,0.7214316074693485,25,3,141,7,3,2,63,2,0,2,Standard_480p_25fps_20s
1892,0,p4x4,3,0.6157864219350295,1,12,0,-9,3.591106108840383,2:-2,temporal,0,435,4,dia,11,1,0,cbr,1,main,0.7214316074693485,30,3,141,1,67,5,63,0,0,1,Standard_480p_25fps_20s
1261,0,p4x4,3,0.6157864219350295,2,12,0,-2,3.591106108840383,2:-2,temporal,0,435,3,dia,8,0,0,none,1,main,0.7214316074693485,25,3,141,1,69,5,63,0,0,0,Standard_480p_25fps_20s
1261,0,p4x4,3,0.6157864219350295,2,12,0,-2,3.591106108840383,2:-2,temporal,0,435,3,dia,8,0,0,none,1,main,0.2892118132152554,25,3,141,7,40,5,38,2,0,0,Standard_480p_25fps_20s
1261,0,p4x4,3,0.6157864219350295,1,12,0,-9,3.591106108840383,2:-2,temporal,0,224,3,umh,15,0,0,cbr,1,main,0.7214316074693485,25,3,141,7,3,5,63,2,0,2,Standard_480p_25fps_20s
1261,0,p4x4,3,0.6157864219350295,2,12,0,-9,3.591106108840383,2:-2,temporal,0,435,3,esa,15,0,0,cbr,1,main,0.7214316074693485,25,3,141,7,40,5,63,2,0,0,Standard_480p_25fps_20s
2087,0,"p8x8,b8x8,i8x8,i4x4",0,0.8846362895873626,2,12,0,-9,3.591106108840383,2:-2,temporal,0,224,3,dia,40,0,0,none,1,main,0.7214316074693485,25,3,141,1,40,3,37,0,0,2,Standard_480p_25fps_20s
1261,0,p4x4,3,0.6157864219350295,2,12,0,-9,3.591106108840383,2:-2,temporal,0,224,3,dia,15,0,0,cbr,1,main,0.7214316074693485,25,3,141,7,3,5,63,2,0,2,Standard_480p_25fps_20s
1261,0,p4x4,3,0.6157864219350295,2,10,0,-9,3.591106108840383,-6:6,temporal,0,224,3,dia,11,1,0,cbr,1,main,0.7214316074693485,30,3,141,1,40,4,63,0,0,1,Standard_480p_25fps_20s
1261,0,p4x4,3,0.6252271957400338,2,12,0,-9,3.591106108840383,2:-2,temporal,0,224,3,dia,15,0,0,cbr,1,main,0.7214316074693485,31,3,141,7,3,2,63,2,0,2,Standard_480p_25fps_20s
1261,0,p4x4,3,0.3322388140761982,0,10,0,-9,3.591106108840383,-6:6,temporal,0,252,3,tesa,15,1,0,cbr,1,main,0.7214316074693485,25,6,141,7,3,5,63,2,0,2,Standard_480p_25fps_20s
1261,0,p4x4,3,0.6157864219350295,2,12,0,-9,3.591106108840383,2:-2,temporal,0,224,3,dia,40,0,0,cbr,1,main,0.7214316074693485,25,3,141,1,40,0,37,0,0,2,Standard_480p_25fps_20s
1895,0,p4x4,3,0.3322388140761982,0,10,0,-9,3.591106108840383,-6:6,temporal,0,252,3,tesa,15,1,0,cbr,1,main,0.7214316074693485,25,6,141,7,3,5,63,2,0,0,Standard_480p_25fps_20s
534,0,p4x4,3,0.6157864219350295,2,12,0,-2,3.591106108840383,2:-2,temporal,0,435,3,dia,8,0,0,none,1,main,0.7214316074693485,25,3,141,1,69,7,63,0,0,0,Standard_480p_25fps_20s
1135,0,p4x4,3,0.6157864219350295,2,8,0,-9,3.591106108840383,2:-2,temporal,0,435,3,dia,8,0,0,none,1,main,0.2892118132152554,25,3,141,7,40,5,38,2,0,0,Standard_480p_25fps_20s
1261,0,p4x4,3,0.6252271957400338,0,12,0,-9,15.873345918497415,2:-2,temporal,0,224,3,dia,15,0,0,cbr,1,main,0.7214316074693485,31,3,141,7,69,5,63,0,0,0,Standard_480p_25fps_20s
1135,0,p4x4,3,0.6157864219350295,2,8,0,-9,3.591106108840383,2:-2,temporal,0,435,0,dia,4,0,0,cbr,1,main,0.7214316074693485,43,15,141,1,40,0,2,0,0,0,Standard_480p_25fps_20s
1261,0,p8x8,3,0.6157864219350295,2,12,0,-9,3.591106108840383,-6:6,temporal,0,252,3,tesa,15,1,0,cbr,1,main,0.7214316074693485,25,6,141,7,3,5,63,2,0,0,Standard_480p_25fps_20s
1261,0,p4x4,3,0.6252271957400338,2,12,0,-9,3.591106108840383,2:-2,temporal,0,224,3,dia,15,0,0,cbr,1,main,0.7214316074693485,25,6,141,7,3,5,63,1,0,0,Standard_480p_25fps_20s
1261,0,all,3,0.6157864219350295,2,12,0,-2,3.591106108840383,2:-2,temporal,0,435,3,dia,8,0,0,none,1,main,0.7214316074693485,25,3,141,7,3,5,63,2,0,2,Standard_480p_25fps_20s
1158,0,p4x4,1,0.6157864219350295,2,12,0,-9,3.591106108840383,2:-2,temporal,0,224,3,dia,15,0,0,cbr,1,main,0.7214316074693485,25,3,141,7,3,2,63,2,0,2,Big_1080p_60fps_20s
1261,0,p4x4,3,0.3322388140761982,0,10,0,-9,3.591106108840383,-6:6,temporal,0,252,3,tesa,15,1,0,cbr,1,main,0.7214316074693485,25,6,141,7,3,5,63,2,0,2,Big_1080p_60fps_20s
1261,0,p4x4,3,0.6157864219350295,2,12,0,-9,3.591106108840383,2:-2,temporal,0,435,3,esa,15,0,0,cbr,1,main,0.7214316074693485,25,3,141,7,40,5,63,2,0,0,Big_1080p_60fps_20s
1261,0,p4x4,3,0.6157864219350295,2,12,0,-2,3.591106108840383,2:-2,temporal,0,435,3,dia,8,0,0,none,1,main,0.2892118132152554,25,3,141,7,40,5,38,2,0,0,Big_1080p_60fps_20s
1261,0,p8x8,3,0.6157864219350295,2,12,0,-9,3.591106108840383,2:-2,temporal,0,435,1,dia,15,0,0,cbr,1,main,0.7214316074693485,25,3,141,7,3,5,63,2,0,2,Big_1080p_60fps_20s
1261,0,all,3,0.6157864219350295,1,12,0,-9,3.591106108840383,1:1,temporal,1,365,3,dia,15,0,0,cbr,1,main,0.7214316074693485,31,3,250,7,3,2,63,2,0,2,Big_1080p_60fps_20s
1261,0,p4x4,3,0.6252271957400338,2,12,0,-9,3.591106108840383,2:-2,temporal,0,224,3,dia,15,0,0,cbr,1,main,0.7214316074693485,31,3,141,7,3,2,63,2,0,2,Big_1080p_60fps_20s
1261,0,p4x4,3,0.6157864219350295,1,12,0,-9,3.591106108840383,2:-2,temporal,0,224,3,umh,15,0,0,cbr,1,main,0.7214316074693485,25,3,141,7,3,5,63,2,0,2,Big_1080p_60fps_20s
1892,0,p4x4,3,0.6157864219350295,1,12,0,-9,3.591106108840383,2:-2,temporal,0,435,4,dia,11,1,0,cbr,1,main,0.7214316074693485,30,3,141,1,67,5,63,0,0,1,Big_1080p_60fps_20s
2087,0,"p8x8,b8x8,i8x8,i4x4",0,0.8846362895873626,2,12,0,-9,3.591106108840383,2:-2,temporal,0,224,3,dia,40,0,0,none,1,main,0.7214316074693485,25,3,141,1,40,3,37,0,0,2,Big_1080p_60fps_20s
1261,0,p4x4,3,0.6157864219350295,2,10,0,-9,3.591106108840383,-6:6,temporal,0,224,3,dia,11,1,0,cbr,1,main,0.7214316074693485,30,3,141,1,40,4,63,0,0,1,Big_1080p_60fps_20s
1261,0,p4x4,3,0.6157864219350295,2,12,0,-2,3.591106108840383,2:-2,temporal,0,435,3,dia,8,0,0,none,1,main,0.7214316074693485,25,3,141,1,69,5,63,0,0,0,Big_1080p_60fps_20s
1158,0,p4x4,1,0.6157864219350295,2,12,0,-10,3.591106108840383,2:-2,temporal,0,224,0,dia,15,0,0,cbr,1,main,0.7214316074693485,25,3,141,7,3,5,63,0,0,2,Big_1080p_60fps_20s
1261,1,p4x4,3,0.6157864219350295,2,12,0,8,3.591106108840383,2:-2,temporal,0,435,3,dia,8,0,0,none,1,main,0.7214316074693485,39,3,141,1,69,5,63,0,0,2,Big_1080p_60fps_20s
2087,0,"p8x8,b8x8,i8x8,i4x4",0,0.8846362895873626,1,12,0,-9,3.591106108840383,2:-2,temporal,0,224,3,dia,40,0,0,none,1,main,0.7214316074693485,25,3,141,1,40,3,37,0,0,2,Big_1080p_60fps_20s
2087,0,"p8x8,b8x8,i8x8,i4x4",0,0.8846362895873626,1,12,0,-9,21.65137857094192,2:-2,temporal,0,224,3,umh,15,0,0,cbr,1,main,0.7214316074693485,25,4,141,7,3,5,63,2,0,1,Big_1080p_60fps_20s
1261,0,p4x4,3,0.6157864219350295,1,12,0,7,3.591106108840383,2:-2,temporal,0,224,3,umh,15,0,0,cbr,1,main,0.7214316074693485,31,3,141,7,3,2,63,2,0,2,Big_1080p_60fps_20s
1735,0,all,3,0.6157864219350295,1,12,0,-9,33.32100873361114,0:0,temporal,1,365,3,dia,15,0,0,cbr,1,main,0.2244429693761468,31,3,250,7,3,2,63,1,0,2,Big_1080p_60fps_20s
1261,1,p4x4,0,0.6157864219350295,2,12,0,-10,3.591106108840383,2:-2,temporal,0,435,3,dia,8,0,0,none,1,main,0.7214316074693485,39,3,222,1,69,5,61,0,0,2,Big_1080p_60fps_20s
1261,1,p4x4,3,0.6157864219350295,1,12,0,7,3.591106108840383,2:-2,temporal,0,224,3,tesa,15,0,0,cbr,0,main,0.7214316074693485,31,3,141,7,3,2,63,1,0,2,Big_1080p_60fps_20s
1261,0,all,3,0.6157864219350295,1,12,0,-9,3.591106108840383,1:1,temporal,1,54,3,umh,15,0,0,cbr,1,main,0.7214316074693485,25,3,9,2,40,5,63,2,0,0,Big_1080p_60fps_15s
1261,0,all,3,0.6157864219350295,1,6,0,-9,3.591106108840383,1:1,temporal,1,54,4,umh,15,0,0,cbr,1,main,0.7214316074693485,48,3,9,2,40,5,63,2,0,1,Big_1080p_60fps_15s
1261,0,all,3,0.6157864219350295,1,12,0,-9,3.591106108840383,1:1,temporal,1,224,3,tesa,15,0,0,cbr,1,main,0.7214316074693485,25,3,141,7,40,5,63,2,0,0,Big_1080p_60fps_15s
1261,0,p4x4,3,0.6157864219350295,2,12,0,-2,3.591106108840383,2:-2,temporal,0,435,3,dia,8,0,0,none,1,main,0.2892118132152554,25,3,141,7,40,5,38,2,0,0,Big_1080p_60fps_15s
1261,0,all,3,0.6157864219350295,1,12,0,-9,3.591106108840383,1:1,temporal,1,365,3,dia,15,0,0,cbr,1,main,0.7214316074693485,31,3,250,7,3,2,63,2,0,2,Big_1080p_60fps_15s
1261,0,p8x8,3,0.6157864219350295,2,12,0,-9,3.591106108840383,2:-2,temporal,0,435,1,dia,15,0,0,cbr,1,main,0.7214316074693485,25,3,141,7,3,5,63,2,0,2,Big_1080p_60fps_15s
1892,0,p4x4,3,0.6157864219350295,1,12,0,-9,3.591106108840383,2:-2,temporal,0,435,4,dia,11,1,0,cbr,1,main,0.7214316074693485,30,3,141,1,67,5,63,0,0,1,Big_1080p_60fps_15s
1261,0,p4x4,3,0.6157864219350295,2,12,0,-9,3.591106108840383,2:-2,temporal,0,435,3,esa,15,0,0,cbr,1,main,0.7214316074693485,25,3,141,7,40,5,63,2,0,0,Big_1080p_60fps_15s
1158,0,p4x4,1,0.6157864219350295,2,12,0,-9,3.591106108840383,2:-2,temporal,0,224,3,dia,15,0,0,cbr,1,main,0.7214316074693485,25,3,141,7,3,2,63,2,0,2,Big_1080p_60fps_15s
1261,0,p4x4,3,0.6157864219350295,2,12,0,-2,3.591106108840383,2:-2,temporal,0,435,3,dia,8,0,0,none,1,main,0.7214316074693485,25,3,141,1,69,5,63,0,0,0,Big_1080p_60fps_15s
2087,0,"p8x8,b8x8,i8x8,i4x4",0,0.8846362895873626,2,12,0,-9,3.591106108840383,2:-2,temporal,0,224,3,dia,40,0,0,none,1,main,0.7214316074693485,25,3,141,1,40,3,37,0,0,2,Big_1080p_60fps_15s
1261,0,p4x4,3,0.6252271957400338,2,12,0,-9,3.591106108840383,2:-2,temporal,0,224,3,dia,15,0,0,cbr,1,main,0.7214316074693485,31,3,141,7,3,2,63,2,0,2,Big_1080p_60fps_15s
1261,0,p4x4,3,0.6157864219350295,2,12,0,-9,3.591106108840383,2:-2,temporal,0,224,3,dia,40,0,0,cbr,1,main,0.7214316074693485,25,3,141,1,40,0,37,0,0,2,Big_1080p_60fps_15s
1261,1,p4x4,3,0.6157864219350295,2,12,0,-2,3.591106108840383,2:-2,temporal,0,435,3,dia,8,0,0,vbr,1,main,0.7214316074693485,25,3,141,1,3,2,63,2,0,2,Big_1080p_60fps_15s
1261,0,p4x4,3,0.6252271957400338,2,12,0,-9,3.591106108840383,2:-2,temporal,0,224,3,dia,15,0,0,cbr,1,main,0.7214316074693485,31,3,141,14,3,2,63,2,0,2,Big_1080p_60fps_15s
1261,0,all,3,0.6157864219350295,1,12,0,-9,3.591106108840383,1:1,temporal,1,365,3,dia,15,0,0,cbr,1,main,0.7214316074693485,33,3,141,1,67,6,63,0,0,1,Big_1080p_60fps_15s
1261,0,all,3,0.6157864219350295,1,12,0,-9,3.591106108840383,1:1,temporal,0,224,4,dia,15,0,0,cbr,1,main,0.7214316074693485,25,3,141,7,3,2,63,2,0,0,Big_1080p_60fps_15s
1261,0,none,3,0.6157864219350295,1,12,0,-9,3.591106108840383,1:1,temporal,0,54,3,umh,15,0,0,cbr,1,main,0.3167844126640051,33,3,141,5,67,2,63,0,0,1,Big_1080p_60fps_15s
1261,0,p4x4,3,0.6252271957400338,2,12,0,-9,3.591106108840383,2:-2,temporal,0,224,2,dia,15,0,0,cbr,1,main,0.5616603300184972,31,3,250,7,3,2,63,2,0,0,Big_1080p_60fps_15s
2181,0,all,2,0.6157864219350295,1,12,0,-9,3.591106108840383,1:1,temporal,1,224,3,tesa,20,0,0,cbr,1,main,0.7214316074693485,25,3,141,7,40,5,63,0,0,0,Big_1080p_60fps_15s
1261,0,all,3,0.6157864219350295,1,6,0,-9,3.591106108840383,1:1,temporal,1,54,4,umh,15,0,0,cbr,1,main,0.7214316074693485,48,3,9,2,40,5,63,2,0,1,Still_image_1080p_25fps_20s
1261,0,p4x4,3,0.6157864219350295,2,12,0,-2,3.591106108840383,2:-2,temporal,0,435,3,dia,8,0,0,none,1,main,0.2892118132152554,25,3,141,7,40,5,38,2,0,0,Still_image_1080p_25fps_20s
1261,0,p8x8,3,0.6157864219350295,2,12,0,-9,3.591106108840383,2:-2,temporal,0,435,1,dia,15,0,0,cbr,1,main,0.7214316074693485,25,3,141,7,3,5,63,2,0,2,Still_image_1080p_25fps_20s
1261,0,all,3,0.6157864219350295,1,12,0,-9,3.591106108840383,1:1,temporal,1,224,3,tesa,15,0,0,cbr,1,main,0.7214316074693485,25,3,141,7,40,5,63,2,0,0,Still_image_1080p_25fps_20s
1261,0,p4x4,3,0.6157864219350295,2,12,0,-9,3.591106108840383,2:-2,temporal,0,224,3,dia,15,0,0,cbr,1,main,0.7214316074693485,25,3,141,7,3,5,63,2,0,2,Still_image_1080p_25fps_20s
1261,0,p4x4,3,0.6157864219350295,2,12,0,-2,3.591106108840383,2:-2,temporal,0,435,3,dia,8,0,0,none,1,main,0.7214316074693485,25,3,141,1,69,5,63,0,0,0,Still_image_1080p_25fps_20s
1261,0,p4x4,3,0.6157864219350295,2,12,0,-9,3.591106108840383,2:-2,temporal,0,435,3,dia,15,0,0,cbr,1,main,0.7214316074693485,25,3,141,7,40,5,63,2,0,0,Still_image_1080p_25fps_20s
2087,0,"p8x8,b8x8,i8x8,i4x4",0,0.8846362895873626,2,12,0,-9,3.591106108840383,2:-2,temporal,0,224,3,dia,40,0,0,none,1,main,0.7214316074693485,25,3,141,1,40,3,37,0,0,2,Still_image_1080p_25fps_20s
1261,0,p4x4,3,0.6157864219350295,2,12,0,-9,3.591106108840383,2:-2,temporal,0,224,3,dia,40,0,0,cbr,1,main,0.7214316074693485,25,3,141,1,40,0,37,0,0,2,Still_image_1080p_25fps_20s
1158,0,p4x4,1,0.6157864219350295,2,12,0,-9,3.591106108840383,2:-2,temporal,0,224,3,dia,15,0,0,cbr,1,main,0.7214316074693485,25,3,141,7,3,2,63,2,0,2,Still_image_1080p_25fps_20s
1261,0,p4x4,3,0.6252271957400338,2,12,0,-9,3.591106108840383,2:-2,temporal,0,224,3,dia,15,0,0,cbr,1,main,0.7214316074693485,31,3,141,7,3,2,63,2,0,2,Still_image_1080p_25fps_20s
1261,0,p4x4,3,0.6157864219350295,2,10,0,-9,3.591106108840383,-6:6,temporal,0,224,3,dia,11,1,0,cbr,1,main,0.7214316074693485,30,3,141,1,40,4,63,0,0,1,Still_image_1080p_25fps_20s
1261,0,p4x4,3,0.6157864219350295,2,12,0,-2,33.644420427217064,4:-4,temporal,0,441,3,dia,8,0,0,none,1,main,0.7214316074693485,25,3,141,1,69,5,63,2,0,0,Still_image_1080p_25fps_20s
1261,0,p4x4,3,0.6157864219350295,2,12,0,-9,3.591106108840383,2:-2,temporal,0,435,3,dia,15,0,0,none,1,main,0.7214316074693485,25,3,141,7,3,2,63,2,0,2,Still_image_1080p_25fps_20s
1261,0,p4x4,3,0.6157864219350295,2,12,0,-9,3.591106108840383,2:-2,temporal,0,224,3,dia,15,0,0,cbr,1,main,0.7214316074693485,31,3,141,7,3,2,63,2,0,2,Still_image_1080p_25fps_20s
1261,0,p4x4,3,0.6252271957400338,2,12,0,-2,3.591106108840383,2:-2,temporal,0,435,2,dia,8,0,0,none,1,main,0.7214316074693485,25,3,141,1,69,5,63,0,0,0,Still_image_1080p_25fps_20s
1261,0,p4x4,3,0.6157864219350295,2,12,0,-2,33.644420427217064,4:-4,temporal,0,144,3,dia,8,0,0,none,1,main,0.7214316074693485,25,3,141,1,27,5,63,2,0,0,Still_image_1080p_25fps_20s
1261,0,p4x4,3,0.6157864219350295,2,12,0,-2,3.591106108840383,2:-2,temporal,0,435,3,hex,8,0,0,none,1,main,0.2892118132152554,20,3,141,7,40,1,38,2,0,0,Still_image_1080p_25fps_20s
1261,0,p4x4,3,0.6157864219350295,2,12,0,-9,3.591106108840383,2:-2,temporal,0,224,3,dia,15,0,0,cbr,1,main,0.7214316074693485,25,3,141,7,40,5,63,0,0,0,Still_image_1080p_25fps_20s
1261,0,p4x4,3,0.6157864219350295,2,12,0,-9,3.591106108840383,2:-2,temporal,0,435,3,dia,15,0,0,cbr,1,main,0.0675756478239162,35,3,141,5,3,1,63,2,0,2,Still_image_1080p_25fps_20s
1261,0,p4x4,3,0.6157864219350295,2,12,0,-9,3.591106108840383,2:-2,temporal,0,435,3,dia,15,0,0,none,1,main,0.7214316074693485,25,3,141,7,40,5,63,1,0,0,Still_image_1080p_60fps_20s
1261,0,p4x4,3,0.6157864219350295,2,12,0,-9,3.591106108840383,2:-2,temporal,0,435,3,esa,15,0,0,cbr,1,main,0.7214316074693485,25,3,141,7,40,5,63,2,0,0,Still_image_1080p_60fps_20s
1261,0,p4x4,3,0.6157864219350295,2,12,0,-9,3.591106108840383,2:-2,temporal,0,435,3,dia,15,0,0,cbr,1,main,0.7214316074693485,25,3,141,7,40,5,63,2,0,0,Still_image_1080p_60fps_20s
1261,0,p4x4,3,0.6157864219350295,1,12,0,-9,3.591106108840383,2:-2,temporal,0,224,3,umh,15,0,0,cbr,1,main,0.7214316074693485,25,3,141,7,3,5,63,2,0,2,Still_image_1080p_60fps_20s
1261,0,p4x4,3,0.6157864219350295,2,12,0,-9,3.591106108840383,2:-2,temporal,0,224,3,dia,15,0,0,cbr,1,main,0.7214316074693485,25,3,141,7,3,5,63,2,0,2,Still_image_1080p_60fps_20s
1261,0,p4x4,3,0.6157864219350295,2,12,0,-2,3.591106108840383,2:-2,temporal,0,435,3,dia,8,0,0,none,1,main,0.2892118132152554,25,3,141,7,40,5,38,2,0,0,Still_image_1080p_60fps_20s
1261,0,p8x8,3,0.6157864219350295,2,12,0,-9,3.591106108840383,2:-2,temporal,0,435,1,dia,15,0,0,cbr,1,main,0.7214316074693485,25,3,141,7,3,5,63,2,0,2,Still_image_1080p_60fps_20s
1261,0,p4x4,3,0.3322388140761982,0,10,0,-9,3.591106108840383,-6:6,temporal,0,252,3,tesa,15,1,0,cbr,1,main,0.7214316074693485,25,6,141,7,3,5,63,2,0,2,Still_image_1080p_60fps_20s
1158,0,p4x4,1,0.6157864219350295,2,12,0,-9,3.591106108840383,2:-2,temporal,0,224,3,dia,15,0,0,cbr,1,main,0.7214316074693485,25,3,141,7,3,2,63,2,0,2,Still_image_1080p_60fps_20s
1261,0,p4x4,3,0.6252271957400338,2,12,0,-9,3.591106108840383,2:-2,temporal,0,224,3,dia,15,0,0,cbr,1,main,0.7214316074693485,31,3,141,7,3,2,63,2,0,2,Still_image_1080p_60fps_20s
1261,0,p8x8,3,0.6157864219350295,1,12,0,-9,3.591106108840383,2:-2,temporal,0,224,3,umh,15,0,0,cbr,1,main,0.7214316074693485,25,3,148,9,40,5,38,2,0,0,Still_image_1080p_60fps_20s
1261,0,p4x4,3,0.6252271957400338,2,12,0,-9,3.591106108840383,3:-3,temporal,0,224,3,dia,15,0,0,cbr,1,main,0.5609522392387337,25,3,229,7,3,5,63,2,0,0,Still_image_1080p_60fps_20s
1261,0,p8x8,3,0.6157864219350295,0,12,0,-9,3.591106108840383,2:-2,temporal,0,435,1,tesa,15,0,0,cbr,1,main,0.7214316074693485,25,15,141,7,3,5,32,2,0,0,Still_image_1080p_60fps_20s
1261,0,"p8x8,b8x8,i8x8,i4x4",3,0.6157864219350295,1,12,0,-9,3.591106108840383,2:-2,temporal,0,224,3,umh,15,0,0,none,1,main,0.2892118132152554,25,3,141,5,40,5,38,2,0,0,Still_image_1080p_60fps_20s
1261,0,p4x4,3,0.6252271957400338,2,12,0,-9,3.591106108840383,3:-3,temporal,0,224,3,dia,15,0,0,cbr,1,main,0.7214316074693485,31,3,141,7,3,2,63,2,0,1,Still_image_1080p_60fps_20s
1261,0,p4x4,3,0.0540023562849845,2,12,0,-9,3.591106108840383,2:-2,temporal,0,435,3,dia,15,0,0,none,1,main,0.7214316074693485,25,3,141,7,3,5,37,2,0,2,Still_image_1080p_60fps_20s
1261,0,p4x4,3,0.4083540374443291,1,12,0,-9,3.591106108840383,2:-2,temporal,0,224,3,umh,15,1,0,cbr,1,main,0.7214316074693485,25,3,141,7,3,1,63,2,0,1,Still_image_1080p_60fps_20s
1261,0,p8x8,3,0.6157864219350295,1,12,0,-9,3.591106108840383,2:-2,temporal,0,435,3,hex,15,0,0,cbr,1,main,0.7214316074693485,25,3,141,7,40,5,63,2,0,0,Still_image_1080p_60fps_20s
1261,0,p8x8,3,1.830235495576655,0,12,0,-9,3.591106108840383,2:-2,temporal,0,435,1,tesa,15,1,0,cbr,1,main,0.7214316074693485,25,3,141,7,40,5,56,2,0,0,Still_image_1080p_60fps_20s
1261,0,p4x4,3,0.6157864219350295,2,12,0,-9,3.591106108840383,3:-3,temporal,1,224,3,dia,15,0,0,cbr,1,main,0.7214316074693485,31,3,141,7,3,2,63,2,0,1,Still_image_1080p_60fps_20s
1261,0,all,3,0.6157864219350295,1,12,0,-9,3.591106108840383,1:1,temporal,1,54,3,umh,15,0,0,cbr,1,main,0.7214316074693485,25,3,9,2,40,5,63,2,0,0,Big_480p_60fps_10s
1261,0,all,3,0.6157864219350295,1,6,0,-9,3.591106108840383,1:1,temporal,1,54,4,umh,15,0,0,cbr,1,main,0.7214316074693485,48,3,9,2,40,5,63,2,0,1,Big_480p_60fps_10s
1261,0,all,3,0.6157864219350295,1,6,0,-9,3.591106108840383,1:1,temporal,1,54,4,umh,15,0,0,cbr,1,main,0.7214316074693485,48,3,184,2,40,5,63,1,1,1,Big_480p_60fps_10s
1261,0,p4x4,3,0.6157864219350295,2,12,0,-9,3.591106108840383,2:-2,temporal,0,435,3,dia,15,0,0,none,1,main,0.7214316074693485,25,3,141,7,40,5,63,1,0,0,Big_480p_60fps_10s
2087,0,"p8x8,b8x8,i8x8,i4x4",0,0.8846362895873626,2,12,0,-9,3.591106108840383,2:-2,temporal,0,224,3,dia,40,0,0,none,1,main,0.7214316074693485,25,3,141,1,40,3,37,0,0,2,Big_480p_60fps_10s
1261,0,p4x4,3,0.6157864219350295,1,12,0,-9,3.591106108840383,2:-2,temporal,0,224,3,umh,15,0,0,cbr,1,main,0.7214316074693485,25,3,141,7,3,5,63,2,0,2,Big_480p_60fps_10s
1261,0,p4x4,3,0.6157864219350295,2,10,0,-9,3.591106108840383,-6:6,temporal,0,224,3,dia,11,1,0,cbr,1,main,0.7214316074693485,30,3,141,1,40,4,63,0,0,1,Big_480p_60fps_10s
1261,0,p4x4,3,0.6157864219350295,2,12,0,-9,3.591106108840383,2:-2,temporal,0,435,3,dia,15,0,0,cbr,1,main,0.7214316074693485,25,3,141,7,40,5,63,2,0,0,Big_480p_60fps_10s
1261,0,all,3,0.6157864219350295,1,12,0,-9,3.591106108840383,1:1,temporal,1,365,3,dia,15,0,0,cbr,1,main,0.7214316074693485,31,3,250,7,3,2,63,2,0,2,Big_480p_60fps_10s
1261,0,p4x4,3,0.6252271957400338,2,12,0,-9,3.591106108840383,2:-2,temporal,0,224,3,dia,15,0,0,cbr,1,main,0.7214316074693485,31,3,141,7,3,2,63,2,0,2,Big_480p_60fps_10s
1261,0,p8x8,3,0.6157864219350295,2,12,0,-9,3.591106108840383,2:-2,temporal,0,435,1,dia,15,0,0,cbr,1,main,0.7214316074693485,25,3,141,7,3,5,63,2,0,2,Big_480p_60fps_10s
1158,0,p4x4,1,0.6157864219350295,2,12,0,-9,3.591106108840383,2:-2,temporal,0,224,3,dia,15,0,0,cbr,1,main,0.7214316074693485,25,3,141,7,3,2,63,2,0,2,Big_480p_60fps_10s
1261,0,p4x4,3,0.6252271957400338,2,12,0,-9,3.591106108840383,2:-2,temporal,0,224,3,hex,55,0,0,none,1,main,0.7214316074693485,31,3,141,7,3,1,63,1,0,1,Big_480p_60fps_10s
1261,0,all,3,0.6157864219350295,1,12,0,-9,3.591106108840383,1:1,temporal,1,365,3,dia,15,0,0,cbr,1,main,0.7214316074693485,31,3,250,7,3,2,63,2,0,1,Big_480p_60fps_10s
1261,0,p4x4,0,0.6157864219350295,1,12,0,-9,3.591106108840383,2:-2,temporal,0,224,3,umh,15,0,0,cbr,1,main,0.7214316074693485,25,3,141,7,80,0,63,2,0,0,Big_480p_60fps_10s
1261,0,all,3,0.6157864219350295,1,12,0,-9,3.591106108840383,1:1,temporal,1,365,3,esa,15,0,0,cbr,1,main,0.7214316074693485,31,3,250,7,3,2,63,0,0,1,Big_480p_60fps_10s
1261,0,p8x8,0,0.6157864219350295,1,12,0,9,3.591106108840383,2:-2,temporal,0,224,3,umh,15,0,0,cbr,1,main,0.2382937675380724,25,3,141,7,3,5,63,0,0,2,Big_480p_60fps_10s
1261,0,p4x4,3,0.6252271957400338,2,12,0,-9,3.591106108840383,2:-2,temporal,1,224,3,hex,22,0,0,none,1,main,0.7214316074693485,31,3,141,7,94,1,63,1,1,1,Big_480p_60fps_10s
1261,0,p4x4,3,0.6157864219350295,2,10,0,-9,24.48066898172884,-6:6,temporal,0,224,3,dia,11,0,0,cbr,1,main,0.3124613022725302,31,3,250,7,3,1,63,2,0,1,Big_480p_60fps_10s
1261,1,p8x8,0,0.6157864219350295,1,12,0,9,3.591106108840383,2:-2,temporal,0,224,3,umh,15,0,0,none,1,main,0.7214316074693485,31,3,141,7,66,1,63,1,1,1,Big_480p_60fps_10s
1261,0,p4x4,3,0.6157864219350295,2,12,0,-2,3.591106108840383,2:-2,temporal,0,435,3,dia,8,0,0,none,1,main,0.7214316074693485,25,3,141,1,69,5,63,0,0,0,Still_image_720p_25fps_15s
1261,0,p4x4,3,0.6157864219350295,2,12,0,-9,3.591106108840383,2:-2,temporal,0,435,3,dia,15,0,0,none,1,main,0.7214316074693485,25,3,141,7,40,5,63,1,0,0,Still_image_720p_25fps_15s
1261,0,p8x8,3,0.6157864219350295,2,12,0,-9,3.591106108840383,2:-2,temporal,0,435,1,dia,15,0,0,cbr,1,main,0.7214316074693485,25,3,141,7,3,5,63,2,0,2,Still_image_720p_25fps_15s
1261,0,p4x4,3,0.6157864219350295,2,12,0,-2,3.591106108840383,2:-2,temporal,0,435,3,dia,8,0,0,none,1,main,0.2892118132152554,25,3,141,7,40,5,38,2,0,0,Still_image_720p_25fps_15s
2087,0,"p8x8,b8x8,i8x8,i4x4",0,0.8846362895873626,2,12,0,-9,3.591106108840383,2:-2,temporal,0,224,3,dia,40,0,0,none,1,main,0.7214316074693485,25,3,141,1,40,3,37,0,0,2,Still_image_720p_25fps_15s
1261,0,p4x4,3,0.6157864219350295,1,12,0,-9,3.591106108840383,2:-2,temporal,0,224,3,umh,15,0,0,cbr,1,main,0.7214316074693485,25,3,141,7,3,5,63,2,0,2,Still_image_720p_25fps_15s
1261,0,p4x4,3,0.6157864219350295,2,10,0,-9,3.591106108840383,-6:6,temporal,0,224,3,dia,11,1,0,cbr,1,main,0.7214316074693485,30,3,141,1,40,4,63,0,0,1,Still_image_720p_25fps_15s
1892,0,p4x4,3,0.6157864219350295,1,12,0,-9,3.591106108840383,2:-2,temporal,0,435,4,dia,11,1,0,cbr,1,main,0.7214316074693485,30,3,141,1,67,5,63,0,0,1,Still_image_720p_25fps_15s
1261,0,p4x4,3,0.6157864219350295,2,12,0,-9,3.591106108840383,2:-2,temporal,0,224,3,dia,40,0,0,cbr,1,main,0.7214316074693485,25,3,141,1,40,0,37,0,0,2,Still_image_720p_25fps_15s
1261,0,p4x4,3,0.6157864219350295,2,12,0,-9,3.591106108840383,2:-2,temporal,0,224,3,dia,15,0,0,cbr,1,main,0.7214316074693485,25,3,141,7,3,5,63,2,0,2,Still_image_720p_25fps_15s
1261,0,p4x4,3,0.6157864219350295,2,12,0,-9,3.591106108840383,2:-2,temporal,0,435,3,esa,15,0,0,cbr,1,main,0.7214316074693485,25,3,141,7,40,5,63,2,0,0,Still_image_720p_25fps_15s
1261,0,p4x4,3,0.3322388140761982,0,10,0,-9,3.591106108840383,-6:6,temporal,0,252,3,tesa,15,1,0,cbr,1,main,0.7214316074693485,25,6,141,7,3,5,63,2,0,2,Still_image_720p_25fps_15s
1261,0,all,3,0.6157864219350295,1,12,0,-9,3.591106108840383,1:1,temporal,1,224,3,tesa,15,0,0,cbr,1,main,0.7214316074693485,25,3,141,7,40,5,63,2,0,0,Still_image_720p_25fps_15s
1261,0,p4x4,3,0.6252271957400338,2,12,0,-9,3.591106108840383,2:-2,temporal,0,224,3,dia,15,0,0,cbr,1,main,0.7214316074693485,31,3,141,7,3,2,63,2,0,2,Still_image_720p_25fps_15s
1261,0,p4x4,3,0.6157864219350295,2,12,0,-9,3.591106108840383,2:-2,temporal,0,499,3,dia,15,0,0,cbr,1,main,0.7214316074693485,27,2,186,7,3,5,63,2,0,2,Still_image_720p_25fps_15s
1892,0,p4x4,3,0.6157864219350295,2,12,0,-9,3.591106108840383,2:-2,temporal,0,435,4,dia,11,1,0,cbr,1,main,0.3634440361832308,30,3,141,1,67,5,63,0,0,1,Still_image_720p_25fps_15s
1892,0,p4x4,3,0.6157864219350295,1,12,0,-9,3.591106108840383,2:-2,temporal,0,435,4,dia,15,0,0,cbr,1,main,0.7214316074693485,25,3,141,7,40,5,63,2,0,0,Still_image_720p_25fps_15s
1261,0,p4x4,3,0.6157864219350295,2,12,0,-9,3.591106108840383,2:-2,temporal,0,435,3,tesa,15,0,0,none,1,main,0.7214316074693485,25,3,141,1,69,5,63,0,0,0,Still_image_720p_25fps_15s
1261,0,p4x4,3,0.6157864219350295,1,12,0,-9,7.253715002710474,2:-2,temporal,0,435,4,dia,11,1,0,cbr,1,main,0.7214316074693485,30,6,115,1,67,5,63,0,0,1,Still_image_720p_25fps_15s
1261,0,p4x4,1,1.5795824650744117,2,12,0,-9,3.591106108840383,2:-2,temporal,0,435,3,tesa,15,0,0,none,1,main,0.7214316074693485,25,3,141,1,21,5,63,0,0,0,Still_image_720p_25fps_15s
1261,0,p4x4,3,0.6157864219350295,2,12,0,-9,3.591106108840383,2:-2,temporal,0,435,3,esa,15,0,0,cbr,1,main,0.7214316074693485,25,3,141,7,40,5,63,2,0,0,Big_1080p_60fps_10s
1261,0,p4x4,3,0.6157864219350295,2,12,0,-9,3.591106108840383,2:-2,temporal,0,224,3,dia,15,0,0,cbr,1,main,0.7214316074693485,25,3,141,7,3,5,63,2,0,2,Big_1080p_60fps_10s
1261,0,p4x4,3,0.6157864219350295,2,12,0,-2,3.591106108840383,2:-2,temporal,0,435,3,dia,8,0,0,none,1,main,0.2892118132152554,25,3,141,7,40,5,38,2,0,0,Big_1080p_60fps_10s
1261,0,p4x4,3,0.6157864219350295,2,10,0,-9,3.591106108840383,-6:6,temporal,0,224,3,dia,11,1,0,cbr,1,main,0.7214316074693485,30,3,141,1,40,4,63,0,0,1,Big_1080p_60fps_10s
1261,0,p4x4,3,0.6157864219350295,2,12,0,-2,3.591106108840383,2:-2,temporal,0,435,3,dia,8,0,0,none,1,main,0.7214316074693485,25,3,141,1,69,5,63,0,0,0,Big_1080p_60fps_10s
1261,0,p4x4,3,0.6252271957400338,2,12,0,-9,3.591106108840383,2:-2,temporal,0,224,3,dia,15,0,0,cbr,1,main,0.7214316074693485,31,3,141,7,3,2,63,2,0,2,Big_1080p_60fps_10s
1261,0,p4x4,3,0.6157864219350295,2,12,0,-9,3.591106108840383,2:-2,temporal,0,435,3,dia,15,0,0,none,1,main,0.7214316074693485,25,3,141,7,40,5,63,1,0,0,Big_1080p_60fps_10s
1158,0,p4x4,1,0.6157864219350295,2,12,0,-9,3.591106108840383,2:-2,temporal,0,224,3,dia,15,0,0,cbr,1,main,0.7214316074693485,25,3,141,7,3,2,63,2,0,2,Big_1080p_60fps_10s
1261,0,p4x4,3,0.6157864219350295,2,12,0,-9,3.591106108840383,2:-2,temporal,0,435,3,dia,15,0,0,cbr,1,main,0.7214316074693485,25,3,141,7,40,5,63,2,0,0,Big_1080p_60fps_10s
1261,0,p4x4,3,0.3322388140761982,0,10,0,-9,3.591106108840383,-6:6,temporal,0,252,3,tesa,15,1,0,cbr,1,main,0.7214316074693485,25,6,141,7,3,5,63,2,0,2,Big_1080p_60fps_10s
1261,0,p4x4,3,0.6157864219350295,1,12,0,-9,3.591106108840383,2:-2,temporal,0,224,3,umh,15,0,0,cbr,1,main,0.7214316074693485,25,3,141,7,3,5,63,2,0,2,Big_1080p_60fps_10s
1261,0,all,3,0.6157864219350295,1,12,0,-9,3.591106108840383,1:1,temporal,1,224,3,tesa,15,0,0,cbr,1,main,0.7214316074693485,25,3,141,7,40,5,63,2,0,0,Big_1080p_60fps_10s
1261,0,p8x8,3,0.6157864219350295,2,12,0,-9,3.591106108840383,2:-2,temporal,0,435,1,dia,15,0,0,cbr,1,main,0.7214316074693485,25,3,141,7,3,5,63,2,0,2,Big_1080p_60fps_10s
1261,0,p4x4,3,0.6157864219350295,2,12,0,-2,3.591106108840383,2:-2,temporal,0,435,3,dia,8,0,0,none,1,main,0.7214316074693485,25,3,141,7,40,5,63,1,0,0,Big_1080p_60fps_10s
1158,0,p4x4,1,0.6157864219350295,2,12,0,-2,3.591106108840383,2:-2,temporal,0,224,3,dia,15,0,0,cbr,1,main,0.7214316074693485,50,3,141,7,40,0,63,1,0,0,Big_1080p_60fps_10s
1261,0,p4x4,3,0.6157864219350295,2,12,0,-9,3.591106108840383,2:-2,temporal,0,435,3,dia,15,0,0,none,1,main,0.7214316074693485,25,3,141,7,3,2,23,2,0,2,Big_1080p_60fps_10s
1261,0,p4x4,3,0.6157864219350295,1,12,0,-9,3.591106108840383,2:-2,temporal,0,435,3,dia,8,0,0,none,1,main,0.4307942542177363,25,3,141,1,46,5,63,0,0,0,Big_1080p_60fps_10s
1261,0,"p8x8,b8x8,i8x8,i4x4",3,0.6157864219350295,1,12,0,-9,3.591106108840383,2:-2,none,0,224,3,umh,15,0,0,cbr,1,main,0.7214316074693485,25,3,141,7,3,5,63,0,0,1,Big_1080p_60fps_10s
1511,0,p8x8,3,1.6475577305301154,2,12,0,-2,3.591106108840383,2:-2,temporal,0,435,3,dia,8,0,0,none,1,main,0.802469084552471,25,18,175,7,40,5,38,1,0,0,Big_1080p_60fps_10s
1261,0,p4x4,3,0.6157864219350295,2,12,0,-9,3.591106108840383,2:-2,temporal,0,435,3,dia,15,0,0,cbr,1,main,0.7214316074693485,25,13,141,7,3,5,63,2,0,2,Big_1080p_60fps_10s
1261,0,p4x4,3,0.6157864219350295,2,12,0,-9,3.591106108840383,2:-2,temporal,0,435,3,dia,15,0,0,none,1,main,0.7214316074693485,25,3,141,7,40,5,63,1,0,0,Big_480p_60fps_20s
1261,0,all,3,0.6157864219350295,1,12,0,-9,3.591106108840383,1:1,temporal,1,365,3,dia,15,0,0,cbr,1,main,0.7214316074693485,31,3,250,7,3,2,63,2,0,2,Big_480p_60fps_20s
1261,0,p4x4,3,0.6157864219350295,2,12,0,-2,3.591106108840383,2:-2,temporal,0,435,3,dia,8,0,0,none,1,main,0.2892118132152554,25,3,141,7,40,5,38,2,0,0,Big_480p_60fps_20s
1261,0,p4x4,3,0.6157864219350295,2,12,0,-9,3.591106108840383,2:-2,temporal,0,435,3,dia,15,0,0,cbr,1,main,0.7214316074693485,25,3,141,7,40,5,63,2,0,0,Big_480p_60fps_20s
1261,0,p4x4,3,0.6157864219350295,2,12,0,-9,3.591106108840383,2:-2,temporal,0,224,3,dia,15,0,0,cbr,1,main,0.7214316074693485,25,3,141,7,3,5,63,2,0,2,Big_480p_60fps_20s
1158,0,p4x4,1,0.6157864219350295,2,12,0,-9,3.591106108840383,2:-2,temporal,0,224,3,dia,15,0,0,cbr,1,main,0.7214316074693485,25,3,141,7,3,2,63,2,0,2,Big_480p_60fps_20s
1261,0,p4x4,3,0.3322388140761982,0,10,0,-9,3.591106108840383,-6:6,temporal,0,252,3,tesa,15,1,0,cbr,1,main,0.7214316074693485,25,6,141,7,3,5,63,2,0,2,Big_480p_60fps_20s
1892,0,p4x4,3,0.6157864219350295,1,12,0,-9,3.591106108840383,2:-2,temporal,0,435,4,dia,11,1,0,cbr,1,main,0.7214316074693485,30,3,141,1,67,5,63,0,0,1,Big_480p_60fps_20s
1261,0,p4x4,0,0.3322388140761982,0,10,0,-9,2.489530098633681,-6:6,temporal,0,252,3,tesa,15,1,0,cbr,1,main,0.7214316074693485,25,6,141,1,40,1,63,0,0,0,Big_480p_60fps_20s
1261,0,p4x4,3,0.6157864219350295,1,12,0,-9,3.591106108840383,2:-2,temporal,0,224,3,dia,15,1,0,cbr,1,main,0.7214316074693485,25,3,141,7,3,5,63,0,0,2,Big_480p_60fps_20s
1261,0,p4x4,3,0.6157864219350295,2,12,0,-9,3.591106108840383,2:-2,temporal,0,435,3,esa,8,0,0,none,1,main,0.2892118132152554,25,3,141,9,40,5,38,2,0,0,Big_480p_60fps_20s
2087,0,"p8x8,b8x8,i8x8,i4x4",3,0.945153731232279,1,12,0,-9,3.591106108840383,2:-2,temporal,0,224,2,dia,15,0,0,none,1,main,0.7214316074693485,25,3,141,7,3,2,63,0,0,2,Big_480p_60fps_20s
1261,0,p4x4,3,0.0633339440080259,2,12,0,-2,3.591106108840383,2:-2,temporal,0,435,3,dia,8,0,0,vbr,1,main,0.2892118132152554,25,3,141,7,40,5,63,0,0,1,Big_480p_60fps_20s
1261,0,p4x4,3,0.6157864219350295,2,12,0,-2,3.591106108840383,2:-2,temporal,0,435,3,dia,8,0,0,none,1,main,0.2892118132152554,25,3,32,7,40,5,38,2,0,0,Big_480p_60fps_20s
1261,0,p4x4,3,0.6157864219350295,2,12,0,-9,3.591106108840383,2:-2,temporal,0,435,3,dia,15,0,0,cbr,1,main,0.4211485133068516,25,3,141,7,3,2,63,0,0,1,Big_480p_60fps_20s
1261,0,p4x4,3,0.6157864219350295,2,12,0,-2,3.591106108840383,2:-2,temporal,0,435,3,dia,8,0,0,none,1,main,0.7214316074693485,30,3,141,1,67,5,63,0,0,0,Big_480p_60fps_20s
1158,0,p4x4,1,0.6157864219350295,2,12,0,-9,7.353125111399509,2:-2,temporal,0,224,2,dia,15,0,0,none,1,main,0.7214316074693485,25,3,141,7,3,2,63,0,0,2,Big_480p_60fps_20s
1287,0,p4x4,3,0.3322388140761982,0,10,0,-9,3.591106108840383,-6:6,temporal,0,252,3,tesa,15,1,0,cbr,1,main,0.7214316074693485,25,6,141,7,3,2,63,0,0,2,Big_480p_60fps_20s
1158,1,p4x4,1,0.6157864219350295,1,12,0,-9,3.591106108840383,2:-2,temporal,0,224,3,dia,15,0,0,cbr,1,main,0.7214316074693485,25,3,141,7,3,2,63,2,0,0,Big_480p_60fps_20s
1261,0,p4x4,3,0.6157864219350295,2,12,0,-9,3.591106108840383,2:-2,temporal,0,435,3,dia,15,0,0,none,1,main,0.7214316074693485,25,3,141,7,40,5,63,2,0,0,Big_480p_60fps_20s
1261,0,p4x4,3,0.6157864219350295,1,12,0,-9,3.591106108840383,2:-2,temporal,0,224,3,umh,15,0,0,cbr,1,main,0.7214316074693485,25,3,141,7,3,5,63,2,0,2,Still_image_1080p_30fps_15s
1158,0,p4x4,1,0.6157864219350295,2,12,0,-9,3.591106108840383,2:-2,temporal,0,224,3,dia,15,0,0,cbr,1,main,0.7214316074693485,25,3,141,7,3,2,63,2,0,2,Still_image_1080p_30fps_15s
1261,0,p4x4,3,0.6157864219350295,2,12,0,-2,3.591106108840383,2:-2,temporal,0,435,3,dia,8,0,0,none,1,main,0.2892118132152554,25,3,141,7,40,5,38,2,0,0,Still_image_1080p_30fps_15s
1261,0,p4x4,3,0.6252271957400338,2,12,0,-9,3.591106108840383,2:-2,temporal,0,224,3,dia,15,0,0,cbr,1,main,0.7214316074693485,31,3,141,7,3,2,63,2,0,2,Still_image_1080p_30fps_15s
1261,0,p4x4,3,0.6157864219350295,2,12,0,-9,3.591106108840383,2:-2,temporal,0,224,3,dia,40,0,0,cbr,1,main,0.7214316074693485,25,3,141,1,40,0,37,0,0,2,Still_image_1080p_30fps_15s
1892,0,p4x4,3,0.6157864219350295,1,12,0,-9,3.591106108840383,2:-2,temporal,0,435,4,dia,11,1,0,cbr,1,main,0.7214316074693485,30,3,141,1,67,5,63,0,0,1,Still_image_1080p_30fps_15s
1261,0,p4x4,3,0.6157864219350295,2,12,0,-9,3.591106108840383,2:-2,temporal,0,224,3,dia,15,0,0,cbr,1,main,0.7214316074693485,25,3,141,7,3,5,63,2,0,2,Still_image_1080p_30fps_15s
1261,0,p8x8,3,0.6157864219350295,2,12,0,-9,3.591106108840383,2:-2,temporal,0,435,1,dia,15,0,0,cbr,1,main,0.7214316074693485,25,3,141,7,3,5,63,2,0,2,Still_image_1080p_30fps_15s
1261,0,p4x4,3,0.3322388140761982,0,10,0,-9,3.591106108840383,-6:6,temporal,0,252,3,tesa,15,1,0,cbr,1,main,0.7214316074693485,25,6,141,7,3,5,63,2,0,2,Still_image_1080p_30fps_15s
1261,0,p4x4,3,0.6157864219350295,1,12,0,-9,3.591106108840383,2:-2,temporal,0,224,3,dia,15,1,0,cbr,1,main,0.7214316074693485,25,3,141,7,3,5,63,0,0,2,Still_image_1080p_30fps_15s
1158,0,p4x4,1,0.6157864219350295,2,12,0,-6,37.373860568720914,2:-2,temporal,0,224,3,hex,15,0,0,none,1,main,0.7214316074693485,32,3,141,7,3,2,38,2,0,1,Still_image_1080p_30fps_15s
1261,1,p8x8,3,0.6157864219350295,2,12,0,-9,3.591106108840383,2:-2,temporal,0,224,3,dia,15,0,0,cbr,1,main,0.7214316074693485,25,3,141,7,3,5,63,0,0,2,Still_image_1080p_30fps_15s
1261,0,p8x8,3,0.6157864219350295,1,12,0,-9,3.591106108840383,2:-2,temporal,0,224,3,umh,15,0,0,none,1,high,0.7214316074693485,25,3,141,7,3,5,63,2,0,2,Still_image_1080p_30fps_15s
1261,0,p4x4,3,0.6157864219350295,1,12,0,-9,3.591106108840383,2:-2,temporal,0,435,3,dia,8,0,0,none,1,main,0.3925545625542543,25,7,147,7,40,10,38,2,0,0,Still_image_1080p_30fps_15s
1261,0,all,1,0.6157864219350295,1,6,0,-9,3.591106108840383,1:1,temporal,0,197,3,dia,17,0,0,vbr,1,main,0.7214316074693485,31,3,141,6,3,2,63,2,0,2,Still_image_1080p_30fps_15s
1261,0,p4x4,2,0.9565583956670288,1,12,0,-9,3.591106108840383,2:-2,temporal,0,224,3,dia,15,0,0,cbr,1,main,0.7214316074693485,25,3,141,7,3,5,63,0,0,2,Still_image_1080p_30fps_15s
1261,1,p8x8,3,0.6157864219350295,2,12,1,-9,6.235057069937006,2:-2,temporal,0,224,3,dia,15,0,0,cbr,1,main,0.4766334411481148,25,3,141,7,3,5,63,0,0,2,Still_image_1080p_30fps_15s
1261,0,p8x8,3,0.6157864219350295,2,12,0,-9,7.172081796110216,2:-2,temporal,0,224,3,dia,40,0,0,cbr,1,main,0.7214316074693485,25,3,141,1,96,0,37,0,0,2,Still_image_1080p_30fps_15s
1892,0,p4x4,3,0.6157864219350295,1,12,0,-9,3.591106108840383,2:-2,auto,0,224,3,dia,15,0,0,cbr,1,main,0.7214316074693485,25,3,141,7,3,3,63,0,0,2,Still_image_1080p_30fps_15s
1261,0,p8x8,3,0.6157864219350295,1,12,0,-9,3.591106108840383,2:-2,temporal,0,224,3,umh,15,0,0,none,1,high,0.7214316074693485,25,3,141,7,3,5,63,2,0,0,Still_image_1080p_30fps_15s
1261,0,p4x4,3,0.6157864219350295,2,12,0,-2,3.591106108840383,2:-2,temporal,0,435,3,dia,8,0,0,none,1,main,0.7214316074693485,25,3,141,1,69,5,63,0,0,0,Standard_1080p_25fps_10s
1261,0,p4x4,3,0.6157864219350295,2,12,0,-9,3.591106108840383,2:-2,temporal,0,435,3,dia,15,0,0,none,1,main,0.7214316074693485,25,3,141,7,40,5,63,1,0,0,Standard_1080p_25fps_10s
1261,0,p4x4,3,0.6157864219350295,2,12,0,-9,3.591106108840383,2:-2,temporal,0,435,3,esa,15,0,0,cbr,1,main,0.7214316074693485,25,3,141,7,40,5,63,2,0,0,Standard_1080p_25fps_10s
1892,0,p4x4,3,0.6157864219350295,1,12,0,-9,3.591106108840383,2:-2,temporal,0,435,4,dia,11,1,0,cbr,1,main,0.7214316074693485,30,3,141,1,67,5,63,0,0,1,Standard_1080p_25fps_10s
1261,0,p4x4,3,0.6157864219350295,1,12,0,-9,3.591106108840383,2:-2,temporal,0,224,3,dia,15,1,0,cbr,1,main,0.7214316074693485,25,3,141,7,3,5,63,0,0,2,Standard_1080p_25fps_10s
1261,0,p4x4,3,0.6157864219350295,2,12,0,-2,3.591106108840383,2:-2,temporal,0,435,3,dia,8,0,0,none,1,main,0.2892118132152554,25,3,141,7,40,5,38,2,0,0,Standard_1080p_25fps_10s
1261,0,p4x4,3,0.6157864219350295,2,10,0,-9,3.591106108840383,-6:6,temporal,0,224,3,dia,11,1,0,cbr,1,main,0.7214316074693485,30,3,141,1,40,4,63,0,0,1,Standard_1080p_25fps_10s
1261,0,p8x8,3,0.6157864219350295,2,12,0,-9,3.591106108840383,2:-2,temporal,0,435,1,dia,15,0,0,cbr,1,main,0.7214316074693485,25,3,141,7,3,5,63,2,0,2,Standard_1080p_25fps_10s
1261,0,p4x4,3,0.6157864219350295,2,12,0,-9,3.591106108840383,2:-2,temporal,0,224,3,dia,40,0,0,cbr,1,main,0.7214316074693485,25,3,141,1,40,0,37,0,0,2,Standard_1080p_25fps_10s
1261,0,p4x4,3,0.6252271957400338,2,12,0,-9,3.591106108840383,2:-2,temporal,0,224,3,dia,15,0,0,cbr,1,main,0.7214316074693485,31,3,141,7,3,2,63,2,0,2,Standard_1080p_25fps_10s
1261,0,p4x4,3,0.6157864219350295,2,12,0,-9,3.591106108840383,2:-2,temporal,0,224,3,dia,15,0,0,cbr,1,main,0.7214316074693485,25,3,141,7,3,5,63,2,0,2,Standard_1080p_25fps_10s
1158,0,p4x4,1,0.6157864219350295,2,12,0,-9,3.591106108840383,2:-2,temporal,0,224,3,dia,15,0,0,cbr,1,main,0.7214316074693485,25,3,141,7,3,2,63,2,0,2,Standard_1080p_25fps_10s
1261,0,p4x4,3,0.6157864219350295,2,10,0,-9,3.591106108840383,4:-4,temporal,0,224,3,dia,11,0,0,cbr,1,main,0.7214316074693485,30,3,141,1,67,5,17,0,0,1,Standard_1080p_25fps_10s
1261,0,all,3,0.6157864219350295,0,10,0,-9,3.591106108840383,-6:6,temporal,0,435,3,tesa,8,0,0,none,1,main,0.2892118132152554,25,3,141,7,1,5,38,2,0,0,Standard_1080p_25fps_10s
1261,0,p8x8,3,0.6157864219350295,2,12,0,-9,3.591106108840383,2:-2,temporal,0,435,1,dia,15,0,0,vbr,1,main,0.7214316074693485,25,3,141,7,3,5,63,2,0,2,Standard_1080p_25fps_10s
2197,0,p4x4,3,0.6157864219350295,2,12,0,-9,3.591106108840383,2:-2,temporal,0,435,3,dia,15,0,0,none,1,main,0.7214316074693485,25,3,141,7,40,5,63,0,0,2,Standard_1080p_25fps_10s
245,0,p4x4,2,0.6157864219350295,1,12,0,-9,3.591106108840383,2:-2,temporal,0,435,4,tesa,11,0,0,cbr,1,main,0.7214316074693485,30,3,141,1,67,11,63,0,0,0,Standard_1080p_25fps_10s
1261,0,p4x4,3,0.6157864219350295,2,12,0,-9,3.591106108840383,2:-2,temporal,0,435,3,esa,15,0,0,cbr,1,main,0.7214316074693485,20,3,141,7,40,5,63,1,0,2,Standard_1080p_25fps_10s
1158,0,p4x4,1,0.6157864219350295,2,12,0,-9,3.591106108840383,2:-2,temporal,0,477,3,dia,56,0,0,cbr,1,main,0.2941613304117969,25,10,141,7,3,2,63,2,0,0,Standard_1080p_25fps_10s
1261,0,p4x4,3,0.6157864219350295,2,12,0,-9,3.591106108840383,2:-2,temporal,0,435,1,dia,15,0,0,cbr,1,main,0.7214316074693485,25,17,141,7,3,5,63,2,0,2,Standard_1080p_25fps_10s
1261,0,p4x4,0,0.3322388140761982,0,10,0,-9,2.489530098633681,-6:6,temporal,0,252,3,tesa,15,1,0,cbr,1,main,0.7214316074693485,25,6,141,1,40,1,63,0,0,0,Action_480p_25fps_15s
1261,0,p4x4,3,0.6157864219350295,2,12,0,-9,3.591106108840383,2:-2,temporal,0,224,3,dia,15,0,0,cbr,1,main,0.7214316074693485,25,3,141,7,3,5,63,2,0,2,Action_480p_25fps_15s
1158,0,p4x4,1,0.6157864219350295,2,12,0,-9,3.591106108840383,2:-2,temporal,0,224,3,dia,15,0,0,cbr,1,main,0.7214316074693485,25,3,141,7,3,2,63,2,0,2,Action_480p_25fps_15s
1261,0,p4x4,3,0.6157864219350295,1,12,0,-9,3.591106108840383,2:-2,temporal,0,224,3,dia,15,1,0,cbr,1,main,0.7214316074693485,25,3,141,7,3,5,63,0,0,2,Action_480p_25fps_15s
1261,0,p4x4,3,0.3322388140761982,0,10,0,-9,3.591106108840383,-6:6,temporal,0,252,3,tesa,15,1,0,cbr,1,main,0.7214316074693485,25,6,141,7,3,5,63,2,0,2,Action_480p_25fps_15s
1261,0,p4x4,3,0.6157864219350295,2,12,0,-9,3.591106108840383,2:-2,temporal,0,435,3,dia,15,0,0,cbr,1,main,0.7214316074693485,25,3,141,7,40,5,63,2,0,0,Action_480p_25fps_15s
1261,0,p4x4,3,0.6157864219350295,2,12,0,-9,3.591106108840383,2:-2,temporal,0,224,3,dia,40,0,0,cbr,1,main,0.7214316074693485,25,3,141,1,40,0,37,0,0,2,Action_480p_25fps_15s
1261,0,p4x4,3,0.6157864219350295,2,12,0,-2,3.591106108840383,2:-2,temporal,0,435,3,dia,8,0,0,none,1,main,0.7214316074693485,25,3,141,1,69,5,63,0,0,0,Action_480p_25fps_15s
1261,0,all,3,0.6157864219350295,1,12,0,-9,3.591106108840383,1:1,temporal,1,224,3,tesa,15,0,0,cbr,1,main,0.7214316074693485,25,3,141,7,40,5,63,2,0,0,Action_480p_25fps_15s
1261,0,p4x4,3,0.6157864219350295,1,12,0,-9,3.591106108840383,2:-2,temporal,0,224,3,umh,15,0,0,cbr,1,main,0.7214316074693485,25,3,141,7,3,5,63,2,0,2,Action_480p_25fps_15s
1261,0,p4x4,3,0.6157864219350295,2,12,0,-9,3.591106108840383,2:-2,temporal,0,435,3,esa,15,0,0,cbr,1,main,0.7214316074693485,25,3,141,7,40,5,63,2,0,0,Action_480p_25fps_15s
1261,0,p4x4,3,0.6157864219350295,2,10,0,-9,3.591106108840383,-6:6,temporal,0,224,3,dia,11,1,0,cbr,1,main,0.7214316074693485,30,3,141,1,40,4,63,0,0,1,Action_480p_25fps_15s
1261,0,p4x4,3,0.6157864219350295,2,12,0,-9,3.591106108840383,-1:1,temporal,0,435,3,esa,15,0,0,cbr,1,main,0.7214316074693485,25,3,141,7,40,5,63,0,0,2,Action_480p_25fps_15s
1261,0,p4x4,3,0.6157864219350295,2,13,0,-9,3.591106108840383,2:-2,temporal,0,224,3,dia,15,0,0,cbr,1,main,0.7214316074693485,25,3,58,7,3,0,63,2,0,0,Action_480p_25fps_15s
1261,0,p4x4,3,0.6157864219350295,1,16,0,-9,3.591106108840383,2:-2,temporal,0,435,3,dia,15,0,0,cbr,1,high,0.7214316074693485,25,3,141,7,3,5,63,0,0,2,Action_480p_25fps_15s
1261,0,p4x4,3,0.6157864219350295,2,12,0,-9,3.591106108840383,2:-2,temporal,0,426,3,dia,15,0,0,cbr,1,main,0.9226382282902889,25,3,141,7,40,5,63,1,0,0,Action_480p_25fps_15s
1261,0,p4x4,3,0.2183382761472688,2,12,0,-9,3.591106108840383,2:-2,temporal,0,435,3,dia,15,0,0,cbr,1,main,0.1778690129419715,28,3,141,7,40,5,63,2,0,0,Action_480p_25fps_15s
1261,0,p4x4,3,0.6157864219350295,1,12,0,-2,3.591106108840383,2:-2,temporal,0,435,3,esa,15,0,0,cbr,1,main,0.7214316074693485,28,3,141,7,40,5,58,2,0,0,Action_480p_25fps_15s
1261,1,p4x4,3,0.6157864219350295,1,16,0,-9,3.591106108840383,2:-2,temporal,0,224,3,dia,15,0,0,cbr,1,main,0.6157557755005987,32,3,141,7,3,5,63,1,0,1,Action_480p_25fps_15s
1261,0,p4x4,3,0.6157864219350295,2,12,0,-9,3.591106108840383,2:-2,temporal,0,224,3,dia,15,0,0,cbr,1,main,0.7214316074693485,25,3,141,4,40,5,63,0,0,2,Action_480p_25fps_15s
1261,0,all,3,0.6157864219350295,1,6,0,-9,3.591106108840383,1:1,temporal,1,54,4,umh,15,0,0,cbr,1,main,0.7214316074693485,48,3,9,2,40,5,63,2,0,1,Big_720p_25fps_20s
1261,0,all,3,0.6157864219350295,1,12,0,-9,3.591106108840383,1:1,temporal,1,54,3,umh,15,0,0,cbr,1,main,0.7214316074693485,25,3,9,2,40,5,63,2,0,0,Big_720p_25fps_20s
1261,0,all,3,0.6157864219350295,1,6,0,-9,3.591106108840383,1:1,temporal,1,54,4,umh,15,1,0,cbr,1,main,0.7214316074693485,48,3,9,2,40,1,63,2,0,1,Big_720p_25fps_20s
1261,0,all,2,0.6157864219350295,1,2,0,-3,3.591106108840383,1:1,temporal,1,435,3,umh,8,0,0,vbr,1,main,0.2892118132152554,25,3,141,4,3,0,38,2,1,0,Big_720p_25fps_20s
1261,0,p4x4,3,0.6157864219350295,2,12,0,-9,3.591106108840383,1:1,auto,1,54,3,umh,15,0,0,cbr,1,main,0.7214316074693485,25,3,9,2,92,5,63,2,1,0,Big_720p_25fps_20s
1261,0,all,3,1.188575956133466,1,12,0,-9,3.591106108840383,6:-6,temporal,1,54,3,umh,15,0,0,cbr,1,main,0.7214316074693485,25,3,9,2,40,1,19,2,0,0,Big_720p_25fps_20s
1261,0,p4x4,3,0.6157864219350295,1,12,0,-9,3.591106108840383,2:-2,temporal,0,224,3,dia,15,1,0,cbr,1,main,0.7214316074693485,25,3,141,7,3,5,63,0,0,2,Big_720p_25fps_20s
1892,0,p4x4,3,0.6157864219350295,1,12,0,-9,3.591106108840383,2:-2,temporal,0,435,4,dia,11,1,0,cbr,1,main,0.7214316074693485,30,3,141,1,67,5,63,0,0,1,Big_720p_25fps_20s
1261,0,p4x4,3,0.6157864219350295,2,12,0,-9,3.591106108840383,2:-2,temporal,0,224,3,dia,15,0,0,cbr,1,main,0.7214316074693485,25,3,141,7,3,5,63,2,0,2,Big_720p_25fps_20s
1158,0,p4x4,1,0.6157864219350295,2,12,0,-9,3.591106108840383,2:-2,temporal,0,224,3,dia,15,0,0,cbr,1,main,0.7214316074693485,25,3,141,7,3,2,63,2,0,2,Big_720p_25fps_20s
1261,0,p4x4,3,0.6157864219350295,2,12,0,-2,3.591106108840383,2:-2,temporal,0,435,3,dia,8,0,0,none,1,main,0.2892118132152554,25,3,141,7,40,5,38,2,0,0,Big_720p_25fps_20s
1261,0,all,3,0.6157864219350295,1,12,0,-9,3.591106108840383,1:1,temporal,1,224,3,tesa,15,0,0,cbr,1,main,0.7214316074693485,25,3,141,7,40,5,63,2,0,0,Big_720p_25fps_20s
1261,0,p4x4,0,0.3322388140761982,0,10,0,-9,2.489530098633681,-6:6,temporal,0,252,3,tesa,15,1,0,cbr,1,main,0.7214316074693485,25,6,141,1,40,1,63,0,0,0,Big_720p_25fps_20s
1261,0,p4x4,3,0.6157864219350295,2,10,0,-9,3.591106108840383,-6:6,temporal,0,224,3,dia,11,1,0,cbr,1,main,0.7214316074693485,30,3,141,1,40,4,63,0,0,1,Big_720p_25fps_20s
1261,0,p4x4,3,0.6157864219350295,1,12,0,-9,3.591106108840383,2:-2,temporal,0,224,3,umh,15,0,0,cbr,1,main,0.7214316074693485,25,3,141,7,3,5,63,2,0,2,Big_720p_25fps_20s
2087,0,"p8x8,b8x8,i8x8,i4x4",0,0.8846362895873626,2,12,0,-9,3.591106108840383,2:-2,temporal,0,224,3,dia,40,0,0,none,1,main,0.7214316074693485,25,3,141,1,40,3,37,0,0,2,Big_720p_25fps_20s
1261,0,all,3,0.6157864219350295,1,12,0,-9,3.591106108840383,1:1,temporal,1,365,3,dia,15,0,0,cbr,1,main,0.7214316074693485,31,3,250,7,3,2,63,2,0,2,Big_720p_25fps_20s
1261,0,p4x4,3,0.6157864219350295,2,12,0,-9,3.591106108840383,2:-2,temporal,0,224,3,dia,40,0,0,cbr,1,main,0.7214316074693485,25,3,141,1,40,0,37,0,0,2,Big_720p_25fps_20s
1261,0,p4x4,3,0.6157864219350295,2,12,0,-9,3.591106108840383,2:-2,temporal,0,435,3,dia,15,0,0,cbr,1,main,0.7214316074693485,25,3,141,7,40,5,63,2,0,0,Big_720p_25fps_20s
1261,0,p4x4,3,0.3322388140761982,0,10,0,-9,3.591106108840383,-6:6,temporal,0,252,3,tesa,15,1,0,cbr,1,main,0.7214316074693485,25,6,141,7,3,5,63,2,0,2,Big_720p_25fps_20s
1261,0,all,3,0.6157864219350295,1,6,0,-9,3.591106108840383,1:1,temporal,1,54,4,umh,15,1,0,cbr,1,main,0.7214316074693485,48,3,9,2,40,1,63,2,0,1,Still_image_480p_25fps_10s
1261,0,all,3,0.6157864219350295,1,12,0,-9,3.591106108840383,1:1,temporal,1,54,3,umh,15,0,0,cbr,1,main,0.7214316074693485,25,3,9,2,40,5,63,2,0,0,Still_image_480p_25fps_10s
1261,0,all,3,0.6157864219350295,2,12,0,-9,3.591106108840383,1:1,temporal,1,54,3,umh,15,0,0,none,1,main,0.7214316074693485,25,3,9,2,40,1,63,2,1,1,Still_image_480p_25fps_10s
1261,0,p4x4,1,0.1116361652244061,2,12,0,-9,3.591106108840383,2:-2,none,0,224,3,dia,40,0,0,none,1,main,0.7214316074693485,25,3,141,1,69,5,63,0,1,0,Still_image_480p_25fps_10s
1261,0,all,3,0.6157864219350295,1,12,0,-9,3.591106108840383,1:1,temporal,1,224,3,tesa,15,0,0,cbr,1,main,0.7214316074693485,25,3,141,7,40,5,63,2,0,0,Still_image_480p_25fps_10s
1261,0,p4x4,3,0.6157864219350295,2,12,0,-2,3.591106108840383,2:-2,temporal,0,435,3,dia,8,0,0,none,1,main,0.7214316074693485,25,3,141,1,69,5,63,0,0,0,Still_image_480p_25fps_10s
1261,0,p4x4,3,0.6157864219350295,2,12,0,-2,3.591106108840383,2:-2,temporal,0,435,3,dia,8,0,0,none,1,main,0.2892118132152554,25,3,141,7,40,5,38,2,0,0,Still_image_480p_25fps_10s
1261,0,p4x4,3,0.6157864219350295,2,12,0,-9,3.591106108840383,2:-2,temporal,0,435,3,dia,15,0,0,none,1,main,0.7214316074693485,25,3,141,7,40,5,63,1,0,0,Still_image_480p_25fps_10s
1158,0,p4x4,1,0.6157864219350295,2,12,0,-9,3.591106108840383,2:-2,temporal,0,224,3,dia,15,0,0,cbr,1,main,0.7214316074693485,25,3,141,7,3,2,63,2,0,2,Still_image_480p_25fps_10s
1261,0,p4x4,3,0.6252271957400338,2,12,0,-9,3.591106108840383,2:-2,temporal,0,224,3,dia,15,0,0,cbr,1,main,0.7214316074693485,31,3,141,7,3,2,63,2,0,2,Still_image_480p_25fps_10s
1261,0,all,3,0.6157864219350295,1,12,0,-9,3.591106108840383,1:1,temporal,1,365,3,dia,15,0,0,cbr,1,main,0.7214316074693485,31,3,250,7,3,2,63,2,0,2,Still_image_480p_25fps_10s
1261,0,p4x4,3,0.6157864219350295,2,12,0,-9,3.591106108840383,2:-2,temporal,0,435,3,dia,15,0,0,cbr,1,main,0.7214316074693485,25,3,141,7,40,5,63,2,0,0,Still_image_480p_25fps_10s
1261,0,p4x4,3,0.6157864219350295,2,12,0,-9,3.591106108840383,2:-2,temporal,0,224,3,dia,15,0,0,cbr,1,main,0.7214316074693485,25,3,141,7,3,5,63,2,0,2,Still_image_480p_25fps_10s
1261,0,p4x4,3,0.3322388140761982,0,10,0,-9,3.591106108840383,-6:6,temporal,0,252,3,tesa,15,1,0,cbr,1,main,0.7214316074693485,25,6,141,7,3,5,63,2,0,2,Still_image_480p_25fps_10s
2087,0,"p8x8,b8x8,i8x8,i4x4",0,0.8846362895873626,2,12,0,-9,3.591106108840383,2:-2,temporal,0,224,3,dia,40,0,0,none,1,main,0.7214316074693485,25,3,141,1,40,3,37,0,0,2,Still_image_480p_25fps_10s
1261,0,p4x4,3,0.6157864219350295,2,12,0,-9,3.591106108840383,2:-2,temporal,0,224,3,dia,40,0,0,cbr,1,main,0.7214316074693485,25,3,141,1,40,0,37,0,0,2,Still_image_480p_25fps_10s
1261,0,p4x4,3,0.6157864219350295,2,12,0,-9,3.591106108840383,2:-2,temporal,0,435,3,dia,15,0,0,none,1,main,0.7214316074693485,25,3,135,8,40,5,63,1,0,0,Still_image_480p_25fps_10s
1158,0,none,1,0.6157864219350295,2,12,0,-11,3.591106108840383,2:-2,temporal,0,252,3,tesa,15,1,0,cbr,1,main,0.7214316074693485,25,6,141,7,3,5,63,2,0,2,Still_image_480p_25fps_10s
1261,0,p4x4,3,0.9337257383799868,2,12,0,-2,3.591106108840383,2:-2,temporal,0,435,3,umh,8,0,0,none,1,main,0.7214316074693485,25,2,141,1,40,5,63,1,0,0,Still_image_480p_25fps_10s
1261,1,p4x4,3,1.7614979611464106,2,12,0,-9,3.591106108840383,2:-2,temporal,0,435,3,dia,15,0,0,none,1,main,0.7214316074693485,25,3,141,7,69,5,63,0,0,0,Still_image_480p_25fps_10s
1261,0,all,3,0.6157864219350295,2,12,0,-9,3.591106108840383,1:1,temporal,1,54,3,umh,15,0,0,none,1,main,0.7214316074693485,25,3,9,2,40,1,63,2,1,1,Action_1080p_25fps_5s
1261,0,all,3,0.6157864219350295,1,6,0,-9,3.591106108840383,1:1,temporal,1,54,4,umh,15,0,0,cbr,1,main,0.7214316074693485,48,3,9,2,40,5,63,2,0,1,Action_1080p_25fps_5s
1261,0,p4x4,3,0.6157864219350295,1,12,0,8,3.591106108840383,2:-2,spatial,1,435,3,dia,15,0,0,cbr,1,main,0.7214316074693485,25,3,141,7,40,5,63,1,0,0,Action_1080p_25fps_5s
1261,0,p4x4,3,0.6157864219350295,1,12,0,3,3.591106108840383,2:-2,spatial,1,435,3,dia,15,0,0,cbr,1,main,0.7214316074693485,25,3,141,7,63,5,63,1,0,2,Action_1080p_25fps_5s
1261,0,p4x4,3,0.6157864219350295,1,12,0,8,3.591106108840383,2:-2,spatial,1,475,3,tesa,15,1,0,cbr,0,main,0.4029050845295633,25,6,141,1,40,1,63,0,0,0,Action_1080p_25fps_5s
1261,0,none,3,0.6157864219350295,1,12,0,8,3.591106108840383,2:-2,spatial,1,435,3,dia,40,0,0,none,0,main,0.7214316074693485,25,1,186,1,40,1,37,0,0,1,Action_1080p_25fps_5s
1261,1,all,0,0.0520260669292369,2,0,0,11,4.787320014988849,4:4,none,0,160,2,hex,45,0,0,none,0,baseline,0.2115404214338969,20,7,107,4,24,7,49,2,0,1,Action_1080p_25fps_5s
1689,1,all,0,0.0520260669292369,2,0,0,11,4.787320014988849,4:4,none,0,175,2,hex,64,0,0,cbr,1,main,0.7214316074693485,25,3,141,1,40,5,9,2,1,2,Action_1080p_25fps_5s
1261,1,p4x4,0,0.0520260669292369,2,0,0,11,4.787320014988849,4:4,none,0,160,2,hex,45,0,1,vbr,1,main,0.7214316074693485,27,3,141,1,40,5,9,2,1,2,Action_1080p_25fps_5s
1689,1,all,0,0.0520260669292369,2,0,0,5,4.787320014988849,4:4,none,1,175,3,hex,64,0,0,vbr,0,baseline,0.6171474765134195,26,7,107,4,24,7,4,0,0,1,Action_1080p_25fps_5s
1261,0,p4x4,1,0.0520260669292369,2,0,0,11,4.787320014988849,4:4,none,0,175,2,hex,64,0,0,cbr,1,main,0.9710981943852072,25,3,141,1,40,5,9,2,1,2,Action_1080p_25fps_5s
1689,1,all,0,0.0520260669292369,2,0,0,11,23.40579007344844,4:4,none,0,175,2,hex,64,0,0,cbr,1,main,0.7214316074693485,25,3,141,7,63,5,63,1,0,2,Action_1080p_25fps_5s
2087,0,"p8x8,b8x8,i8x8,i4x4",3,0.8846362895873626,2,12,0,-9,3.591106108840383,2:-2,spatial,1,435,3,esa,15,0,0,cbr,1,main,0.7214316074693485,25,3,141,7,40,5,63,1,0,0,Action_1080p_25fps_5s
2087,0,"p8x8,b8x8,i8x8,i4x4",2,0.8846362895873626,2,12,0,-9,35.907920877302935,2:-2,spatial,1,435,3,esa,15,0,0,cbr,1,main,0.7214316074693485,25,3,141,11,40,5,63,1,0,0,Action_1080p_25fps_5s
1261,0,p4x4,3,0.6157864219350295,1,12,0,-9,3.591106108840383,2:-2,temporal,0,224,3,umh,15,0,0,cbr,1,main,0.7214316074693485,25,3,141,7,3,5,63,2,0,2,Action_1080p_25fps_5s
1261,0,p4x4,3,0.6157864219350295,2,12,0,-2,3.591106108840383,2:-2,temporal,0,435,3,dia,8,0,0,none,1,main,0.2892118132152554,25,3,141,7,40,5,38,2,0,0,Action_1080p_25fps_5s
1261,0,p4x4,3,0.6252271957400338,2,12,0,-9,3.591106108840383,2:-2,temporal,0,224,3,dia,15,0,0,cbr,1,main,0.7214316074693485,31,3,141,7,3,2,63,2,0,2,Action_1080p_25fps_5s
1261,0,all,3,0.6157864219350295,1,12,0,-9,3.591106108840383,1:1,temporal,1,365,3,dia,15,0,0,cbr,1,main,0.7214316074693485,31,3,250,7,3,2,63,2,0,2,Action_1080p_25fps_5s
1261,0,p4x4,3,0.6157864219350295,2,12,0,-9,3.591106108840383,2:-2,temporal,0,224,3,dia,15,0,0,cbr,1,main,0.7214316074693485,25,3,141,7,3,5,63,2,0,2,Action_1080p_25fps_5s
1261,0,p4x4,3,0.6157864219350295,2,12,0,-9,3.591106108840383,2:-2,temporal,0,435,3,dia,15,0,0,cbr,1,main,0.7214316074693485,25,3,141,7,40,5,63,2,0,0,Action_1080p_25fps_5s
1261,0,p4x4,3,0.6252271957400338,2,12,0,-9,3.591106108840383,2:-2,temporal,0,224,3,dia,15,0,0,cbr,1,main,0.7214316074693485,31,3,141,7,3,2,63,2,0,2,Standard_480p_60fps_5s
1261,0,p4x4,3,0.6157864219350295,2,10,0,-9,3.591106108840383,-6:6,temporal,0,224,3,dia,11,1,0,cbr,1,main,0.7214316074693485,30,3,141,1,40,4,63,0,0,1,Standard_480p_60fps_5s
1892,0,p4x4,3,0.6157864219350295,1,12,0,-9,3.591106108840383,2:-2,temporal,0,435,4,dia,11,1,0,cbr,1,main,0.7214316074693485,30,3,141,1,67,5,63,0,0,1,Standard_480p_60fps_5s
1261,0,p4x4,3,0.6157864219350295,2,12,0,-2,3.591106108840383,2:-2,temporal,0,435,3,dia,8,0,0,none,1,main,0.7214316074693485,25,3,141,1,69,5,63,0,0,0,Standard_480p_60fps_5s
1261,0,p4x4,3,0.6157864219350295,1,12,0,-9,3.591106108840383,2:-2,temporal,0,224,3,dia,15,1,0,cbr,1,main,0.7214316074693485,25,3,141,7,3,5,63,0,0,2,Standard_480p_60fps_5s
1261,0,p4x4,3,0.6157864219350295,2,12,0,-9,3.591106108840383,2:-2,temporal,0,435,3,dia,15,0,0,none,1,main,0.7214316074693485,25,3,141,7,40,5,63,1,0,0,Standard_480p_60fps_5s
1261,0,p4x4,3,0.3322388140761982,0,10,0,-9,3.591106108840383,-6:6,temporal,0,252,3,tesa,15,1,0,cbr,1,main,0.7214316074693485,25,6,141,7,3,5,63,2,0,2,Standard_480p_60fps_5s
1261,0,p4x4,3,0.6157864219350295,2,12,0,-2,3.591106108840383,2:-2,temporal,0,435,3,dia,8,0,0,none,1,main,0.2892118132152554,25,3,141,7,40,5,38,2,0,0,Standard_480p_60fps_5s
1158,0,p4x4,1,0.6157864219350295,2,12,0,-9,3.591106108840383,2:-2,temporal,0,224,3,dia,15,0,0,cbr,1,main,0.7214316074693485,25,3,141,7,3,2,63,2,0,2,Standard_480p_60fps_5s
1261,0,p4x4,3,0.6157864219350295,2,12,0,-9,3.591106108840383,2:-2,temporal,0,435,3,dia,15,0,0,none,1,baseline,0.7214316074693485,31,3,141,7,40,5,63,1,0,0,Standard_480p_60fps_5s
1261,0,p4x4,3,0.6157864219350295,2,12,0,-2,3.591106108840383,2:-2,temporal,0,224,3,dia,11,1,0,cbr,1,main,0.7214316074693485,30,3,141,1,40,4,63,0,0,1,Standard_480p_60fps_5s
1158,0,none,2,1.552488746245592,2,12,0,-9,3.591106108840383,2:-2,temporal,0,252,3,tesa,8,1,0,cbr,1,main,0.7214316074693485,25,6,141,7,3,5,63,1,0,2,Standard_480p_60fps_5s
1892,1,p4x4,3,0.6157864219350295,1,12,0,-9,3.591106108840383,2:-2,temporal,0,435,4,dia,11,0,0,cbr,1,main,0.7214316074693485,30,3,141,1,40,4,63,1,0,1,Standard_480p_60fps_5s
1261,0,p4x4,3,0.6157864219350295,2,12,0,-2,3.591106108840383,2:-2,temporal,0,253,3,dia,41,0,0,none,1,main,0.7214316074693485,36,18,37,7,3,2,63,2,0,2,Standard_480p_60fps_5s
1261,0,p4x4,2,0.6157864219350295,2,12,0,-9,3.591106108840383,2:-2,temporal,0,435,3,dia,39,0,0,none,1,baseline,0.7214316074693485,31,3,141,7,40,5,63,1,0,0,Standard_480p_60fps_5s
1261,0,"p8x8,b8x8,i8x8,i4x4",3,0.6157864219350295,0,12,0,-9,3.591106108840383,2:-2,temporal,0,435,3,tesa,8,1,0,cbr,1,main,0.7033919386444253,25,6,141,14,3,5,63,1,0,2,Standard_480p_60fps_5s
1261,0,p4x4,3,0.6252271957400338,2,12,0,-9,3.591106108840383,2:-2,temporal,0,224,3,dia,15,0,0,cbr,1,main,0.7214316074693485,31,3,91,7,3,3,63,2,0,2,Standard_480p_60fps_5s
1261,0,p4x4,3,0.6157864219350295,2,12,0,-2,3.591106108840383,2:-2,temporal,0,224,3,dia,15,1,0,cbr,1,main,0.7214316074693485,25,3,35,7,3,5,63,0,0,2,Standard_480p_60fps_5s
1261,0,p4x4,3,0.6157864219350295,1,12,0,-9,3.591106108840383,2:-2,temporal,0,253,3,dia,41,0,0,none,1,main,0.7214316074693485,36,18,37,7,3,2,63,2,0,2,Standard_480p_60fps_5s
1261,0,none,3,0.6157864219350295,1,12,0,-2,29.343366137659665,2:-2,temporal,0,435,3,dia,8,0,0,none,1,main,0.7214316074693485,25,3,141,7,40,5,38,2,0,2,Standard_480p_60fps_5s
1261,0,p4x4,3,0.6157864219350295,2,12,0,-9,3.591106108840383,2:-2,temporal,0,435,3,dia,15,0,0,cbr,1,main,0.7214316074693485,25,3,141,7,40,5,63,2,0,0,Standard_1080p_30fps_10s
1261,0,p4x4,3,0.6157864219350295,2,10,0,-9,3.591106108840383,-6:6,temporal,0,224,3,dia,11,1,0,cbr,1,main,0.7214316074693485,30,3,141,1,40,4,63,0,0,1,Standard_1080p_30fps_10s
1261,0,p4x4,0,0.3322388140761982,0,10,0,-9,2.489530098633681,-6:6,temporal,0,252,3,tesa,15,1,0,cbr,1,main,0.7214316074693485,25,6,141,1,40,1,63,0,0,0,Standard_1080p_30fps_10s
1261,0,p8x8,3,0.6157864219350295,2,12,0,-9,3.591106108840383,2:-2,temporal,0,435,1,dia,15,0,0,cbr,1,main,0.7214316074693485,25,3,141,7,3,5,63,2,0,2,Standard_1080p_30fps_10s
1261,0,p4x4,3,0.6157864219350295,1,12,0,-9,3.591106108840383,2:-2,temporal,0,224,3,umh,15,0,0,cbr,1,main,0.7214316074693485,25,3,141,7,3,5,63,2,0,2,Standard_1080p_30fps_10s
1261,0,p4x4,3,0.6252271957400338,2,12,0,-9,3.591106108840383,2:-2,temporal,0,224,3,dia,15,0,0,cbr,1,main,0.7214316074693485,31,3,141,7,3,2,63,2,0,2,Standard_1080p_30fps_10s
1261,0,p4x4,3,0.3322388140761982,0,10,0,-9,3.591106108840383,-6:6,temporal,0,252,3,tesa,15,1,0,cbr,1,main,0.7214316074693485,25,6,141,7,3,5,63,2,0,2,Standard_1080p_30fps_10s
1261,0,p4x4,3,0.6157864219350295,1,12,0,-9,3.591106108840383,2:-2,temporal,0,224,3,dia,15,1,0,cbr,1,main,0.7214316074693485,25,3,141,7,3,5,63,0,0,2,Standard_1080p_30fps_10s
1158,0,p4x4,1,0.6157864219350295,2,12,0,-9,3.591106108840383,2:-2,temporal,0,224,3,dia,15,0,0,cbr,1,main,0.7214316074693485,25,3,141,7,3,2,63,2,0,2,Standard_1080p_30fps_10s
2087,0,"p8x8,b8x8,i8x8,i4x4",0,0.8846362895873626,2,12,0,-9,3.591106108840383,2:-2,temporal,0,224,3,dia,40,0,0,none,1,main,0.7214316074693485,25,3,141,1,40,3,37,0,0,2,Standard_1080p_30fps_10s
1261,0,p4x4,3,0.6157864219350295,2,12,0,-9,3.591106108840383,2:-2,temporal,0,435,3,dia,15,0,0,none,1,main,0.7214316074693485,25,3,141,7,40,5,63,1,0,0,Standard_1080p_30fps_10s
1261,0,p4x4,3,0.6157864219350295,2,12,0,-9,3.591106108840383,2:-2,temporal,0,224,3,dia,15,0,0,cbr,1,main,0.7214316074693485,25,3,141,7,3,5,63,2,0,2,Standard_1080p_30fps_10s
1158,0,all,1,0.6157864219350295,2,12,0,-9,3.591106108840383,2:-2,temporal,0,224,3,dia,15,0,0,cbr,1,main,0.7214316074693485,25,3,141,7,3,2,63,2,0,2,Standard_1080p_30fps_10s
1261,0,p4x4,3,0.6157864219350295,1,12,0,-9,3.591106108840383,2:-2,temporal,0,224,1,esa,15,0,0,cbr,1,main,0.7214316074693485,25,3,43,7,3,5,63,0,0,0,Standard_1080p_30fps_10s
1307,0,"p8x8,b8x8,i8x8,i4x4",0,0.8846362895873626,2,12,0,-9,1.4521448728143085,3:-3,temporal,0,219,3,hex,40,0,0,none,1,main,0.7214316074693485,25,3,141,1,40,3,63,0,0,2,Standard_1080p_30fps_10s
1547,0,p8x8,1,0.6157864219350295,1,12,0,-9,16.61881019417569,5:5,temporal,0,224,3,umh,15,0,0,cbr,1,main,0.7214316074693485,25,3,141,7,52,5,63,2,0,2,Standard_1080p_30fps_10s
1261,0,p4x4,3,0.6157864219350295,1,12,0,-9,3.591106108840383,2:-2,temporal,0,435,3,dia,15,0,0,none,1,main,0.7214316074693485,25,3,141,7,40,5,63,1,0,0,Standard_1080p_30fps_10s
1261,0,p4x4,3,0.6157864219350295,2,12,0,-9,10.238761286121148,2:-2,temporal,0,224,3,umh,15,0,0,cbr,1,main,0.7214316074693485,25,3,141,7,3,5,63,0,0,1,Standard_1080p_30fps_10s
1261,0,p8x8,3,0.6157864219350295,2,12,0,-9,3.591106108840383,2:-2,temporal,0,435,1,umh,43,0,0,cbr,1,main,0.7214316074693485,25,3,141,1,40,3,37,0,0,2,Standard_1080p_30fps_10s
1261,0,none,3,0.6157864219350295,2,12,0,-9,3.591106108840383,2:-2,temporal,0,435,3,dia,15,0,0,cbr,1,main,0.7214316074693485,25,3,141,7,40,5,63,2,0,0,Standard_1080p_30fps_10s
1261,0,p4x4,3,0.6157864219350295,1,12,0,-9,3.591106108840383,2:-2,temporal,0,224,3,dia,15,1,0,cbr,1,main,0.7214316074693485,25,3,141,7,3,5,63,0,0,2,Action_480p_30fps_20s
1261,0,p4x4,3,0.3322388140761982,0,10,0,-9,3.591106108840383,-6:6,temporal,0,252,3,tesa,15,1,0,cbr,1,main,0.7214316074693485,25,6,141,7,3,5,63,2,0,2,Action_480p_30fps_20s
1261,0,p4x4,3,0.6157864219350295,2,10,0,-9,3.591106108840383,-6:6,temporal,0,224,3,dia,11,1,0,cbr,1,main,0.7214316074693485,30,3,141,1,40,4,63,0,0,1,Action_480p_30fps_20s
1261,0,p4x4,3,0.6157864219350295,2,12,0,-2,3.591106108840383,2:-2,temporal,0,435,3,dia,8,0,0,none,1,main,0.7214316074693485,25,3,141,1,69,5,63,0,0,0,Action_480p_30fps_20s
1261,0,p4x4,3,0.6157864219350295,2,12,0,-9,3.591106108840383,2:-2,temporal,0,224,3,dia,40,0,0,cbr,1,main,0.7214316074693485,25,3,141,1,40,0,37,0,0,2,Action_480p_30fps_20s
1261,0,p4x4,3,0.6252271957400338,2,12,0,-9,3.591106108840383,2:-2,temporal,0,224,3,dia,15,0,0,cbr,1,main,0.7214316074693485,31,3,141,7,3,2,63,2,0,2,Action_480p_30fps_20s
1892,0,p4x4,3,0.6157864219350295,1,12,0,-9,3.591106108840383,2:-2,temporal,0,435,4,dia,11,1,0,cbr,1,main,0.7214316074693485,30,3,141,1,67,5,63,0,0,1,Action_480p_30fps_20s
1261,0,all,3,0.6157864219350295,1,12,0,-9,3.591106108840383,1:1,temporal,1,365,3,dia,15,0,0,cbr,1,main,0.7214316074693485,31,3,250,7,3,2,63,2,0,2,Action_480p_30fps_20s
1158,0,p4x4,1,0.6157864219350295,2,12,0,-9,3.591106108840383,2:-2,temporal,0,224,3,dia,15,0,0,cbr,1,main,0.7214316074693485,25,3,141,7,3,2,63,2,0,2,Action_480p_30fps_20s
1261,0,p4x4,3,0.6157864219350295,2,12,0,-9,3.591106108840383,2:-2,temporal,0,224,3,dia,15,0,0,cbr,1,main,0.7214316074693485,25,3,141,7,3,5,63,2,0,2,Action_480p_30fps_20s
2087,0,"p8x8,b8x8,i8x8,i4x4",0,0.8846362895873626,2,12,0,-9,3.591106108840383,2:-2,temporal,0,224,3,dia,40,0,0,none,1,main,0.7214316074693485,25,3,141,1,40,3,37,0,0,2,Action_480p_30fps_20s
1261,0,p8x8,3,0.6157864219350295,2,12,0,-9,3.591106108840383,2:-2,temporal,0,435,1,dia,15,0,0,cbr,1,main,0.7214316074693485,25,3,141,7,3,5,63,2,0,2,Action_480p_30fps_20s
1261,0,all,3,0.6157864219350295,1,12,0,-9,3.591106108840383,1:1,temporal,1,365,3,dia,15,0,0,cbr,1,main,0.7214316074693485,31,3,250,7,3,2,63,1,0,2,Action_480p_30fps_20s
1261,0,p4x4,3,0.6252271957400338,2,12,0,-9,3.591106108840383,2:-2,temporal,0,224,3,dia,15,0,0,vbr,1,main,0.7214316074693485,25,3,141,1,40,3,63,0,0,2,Action_480p_30fps_20s
1261,0,"p8x8,b8x8,i8x8,i4x4",3,0.6157864219350295,2,12,0,-2,3.591106108840383,2:-2,temporal,0,435,4,dia,8,0,0,none,1,main,0.7214316074693485,25,3,9,6,40,5,63,2,0,0,Action_480p_30fps_20s
1261,0,p8x8,3,0.6157864219350295,1,13,0,-9,3.591106108840383,1:1,temporal,1,54,4,umh,15,0,0,cbr,1,main,0.7214316074693485,48,3,141,1,69,5,63,0,0,0,Action_480p_30fps_20s
170,0,p4x4,3,0.6157864219350295,1,3,0,-9,3.591106108840383,2:-2,temporal,0,224,3,dia,15,0,0,cbr,1,main,0.7214316074693485,31,3,141,7,3,2,63,2,0,2,Action_480p_30fps_20s
491,0,p4x4,3,0.3322388140761982,0,10,0,-9,3.591106108840383,4:-4,temporal,0,252,3,tesa,15,1,0,cbr,1,main,0.7214316074693485,31,3,227,7,3,2,63,2,0,2,Action_480p_30fps_20s
1261,0,p4x4,3,0.6157864219350295,2,12,0,-9,3.591106108840383,2:-2,temporal,0,224,3,dia,25,0,0,none,1,main,0.7214316074693485,25,3,141,1,69,5,63,0,0,0,Action_480p_30fps_20s
1261,0,p4x4,3,0.6157864219350295,2,12,0,-9,3.591106108840383,2:-2,temporal,0,224,3,tesa,15,1,0,cbr,1,main,0.7214316074693485,31,3,141,7,3,2,63,0,0,2,Action_480p_30fps_20s
1261,0,all,3,0.6157864219350295,1,12,0,-9,3.591106108840383,1:1,temporal,1,54,3,umh,15,0,0,cbr,1,main,0.7214316074693485,25,3,9,2,40,5,63,2,0,0,Still_image_1080p_25fps_10s
1261,0,all,3,0.6157864219350295,1,6,0,-9,3.591106108840383,1:1,temporal,1,54,4,umh,15,1,0,cbr,1,main,0.7214316074693485,48,3,9,2,40,1,63,2,0,1,Still_image_1080p_25fps_10s
1261,0,all,3,0.6157864219350295,1,6,0,-9,3.591106108840383,1:1,temporal,1,54,4,umh,15,1,0,cbr,1,main,0.754809731459133,48,3,9,2,40,1,63,2,0,1,Still_image_1080p_25fps_10s
1261,0,p8x8,3,0.6157864219350295,1,6,0,-9,42.12385146123028,1:1,temporal,1,54,4,umh,15,1,0,cbr,1,main,0.4657466388257029,48,3,9,2,40,3,63,2,0,1,Still_image_1080p_25fps_10s
1261,0,all,3,0.6157864219350295,1,6,0,-9,3.591106108840383,1:1,temporal,1,54,4,umh,15,1,1,cbr,1,baseline,0.754809731459133,48,3,9,2,40,5,56,2,0,0,Still_image_1080p_25fps_10s
1261,1,all,0,0.0520260669292369,2,0,0,11,4.787320014988849,4:4,none,0,160,2,hex,45,0,0,none,0,baseline,0.2115404214338969,20,7,107,4,24,7,49,2,0,1,Still_image_1080p_25fps_10s
908,0,p4x4,0,0.0520260669292369,1,0,0,11,38.77276667599533,4:4,none,0,175,2,hex,23,0,0,cbr,1,main,0.8970525133225481,25,3,141,1,40,6,9,2,1,2,Still_image_1080p_25fps_10s
1261,1,p4x4,3,0.6157864219350295,1,12,0,6,3.591106108840383,2:-2,none,0,175,2,hex,64,0,0,cbr,1,main,0.7214316074693485,25,3,141,1,40,5,9,2,0,2,Still_image_1080p_25fps_10s
1689,1,all,0,0.0520260669292369,2,0,0,11,4.787320014988849,4:4,none,0,175,2,hex,64,0,0,none,0,baseline,0.2115404214338969,20,7,107,4,24,7,49,2,0,1,Still_image_1080p_25fps_10s
908,0,p4x4,0,0.0520260669292369,1,0,0,11,25.355881437480377,4:4,none,0,175,2,hex,23,0,0,cbr,1,main,0.8970525133225481,25,3,141,1,40,6,9,2,1,2,Still_image_1080p_25fps_10s
1261,1,p4x4,0,1.1833143339903518,1,12,0,6,3.591106108840383,2:-2,none,0,175,2,hex,64,0,0,cbr,1,main,0.7214316074693485,20,7,107,4,24,7,49,2,0,1,Still_image_1080p_25fps_10s
1391,1,p4x4,0,0.0520260669292369,1,0,0,11,38.77276667599533,4:4,none,0,175,2,hex,23,0,1,none,1,main,0.8970525133225481,25,7,141,1,40,6,9,2,1,2,Still_image_1080p_25fps_10s
1261,1,p4x4,3,0.6157864219350295,1,12,0,6,3.591106108840383,2:-2,none,0,175,2,hex,64,0,0,cbr,1,main,0.7214316074693485,25,3,141,1,40,5,9,2,0,1,Still_image_1080p_25fps_10s
1689,1,all,0,0.0520260669292369,2,0,0,11,4.787320014988849,4:4,none,0,175,2,hex,64,0,0,none,1,baseline,0.2115404214338969,20,7,107,4,24,7,49,2,0,2,Still_image_1080p_25fps_10s
22,0,p4x4,0,0.0520260669292369,1,0,0,11,38.77276667599533,4:4,none,0,175,2,hex,64,0,0,cbr,1,main,0.7214316074693485,25,6,141,1,40,5,9,2,0,2,Still_image_1080p_25fps_10s
1261,1,all,0,0.0520260669292369,2,0,0,11,4.787320014988849,4:4,none,0,175,2,hex,23,0,0,vbr,1,main,0.2596469477849989,25,3,141,1,40,6,9,2,0,2,Still_image_1080p_25fps_10s
1261,1,all,0,1.7703159785329992,2,0,0,11,4.787320014988849,4:4,none,0,175,2,hex,64,0,0,none,1,baseline,0.2115404214338969,20,7,107,4,24,7,49,2,0,2,Still_image_1080p_25fps_10s
1261,0,p4x4,3,0.6157864219350295,2,12,0,-9,3.591106108840383,2:-2,temporal,0,435,3,esa,15,0,0,cbr,1,main,0.7214316074693485,25,3,141,7,40,5,63,2,0,0,Still_image_1080p_25fps_10s
2087,0,"p8x8,b8x8,i8x8,i4x4",0,0.8846362895873626,2,12,0,-9,3.591106108840383,2:-2,temporal,0,224,3,dia,40,0,0,none,1,main,0.7214316074693485,25,3,141,1,40,3,37,0,0,2,Still_image_1080p_25fps_10s
1261,0,p4x4,3,0.6157864219350295,2,12,0,-9,3.591106108840383,2:-2,temporal,0,224,3,dia,40,0,0,cbr,1,main,0.7214316074693485,25,3,141,1,40,0,37,0,0,2,Still_image_1080p_25fps_10s
2087,0,"p8x8,b8x8,i8x8,i4x4",0,0.8846362895873626,2,12,0,-9,3.591106108840383,2:-2,temporal,0,224,3,dia,40,0,0,none,1,main,0.7214316074693485,25,3,141,1,40,3,37,0,0,2,Big_720p_60fps_20s
1261,0,p8x8,3,0.6157864219350295,2,12,0,-9,3.591106108840383,2:-2,temporal,0,435,1,dia,15,0,0,cbr,1,main,0.7214316074693485,25,3,141,7,3,5,63,2,0,2,Big_720p_60fps_20s
1261,0,p4x4,3,0.6157864219350295,2,12,0,-9,3.591106108840383,2:-2,temporal,0,224,3,dia,40,0,0,cbr,1,main,0.7214316074693485,25,3,141,1,40,0,37,0,0,2,Big_720p_60fps_20s
1261,0,p4x4,3,0.6252271957400338,2,12,0,-9,3.591106108840383,2:-2,temporal,0,224,3,dia,15,0,0,cbr,1,main,0.7214316074693485,31,3,141,7,3,2,63,2,0,2,Big_720p_60fps_20s
1261,0,p4x4,3,0.6157864219350295,2,12,0,-9,3.591106108840383,2:-2,temporal,0,435,3,dia,15,0,0,cbr,1,main,0.7214316074693485,25,3,141,7,40,5,63,2,0,0,Big_720p_60fps_20s
1158,0,p4x4,1,0.6157864219350295,2,12,0,-9,3.591106108840383,2:-2,temporal,0,224,3,dia,15,0,0,cbr,1,main,0.7214316074693485,25,3,141,7,3,2,63,2,0,2,Big_720p_60fps_20s
1261,0,p4x4,0,0.3322388140761982,0,10,0,-9,2.489530098633681,-6:6,temporal,0,252,3,tesa,15,1,0,cbr,1,main,0.7214316074693485,25,6,141,1,40,1,63,0,0,0,Big_720p_60fps_20s
1892,0,p4x4,3,0.6157864219350295,1,12,0,-9,3.591106108840383,2:-2,temporal,0,435,4,dia,11,1,0,cbr,1,main,0.7214316074693485,30,3,141,1,67,5,63,0,0,1,Big_720p_60fps_20s
1261,0,p4x4,3,0.6157864219350295,1,12,0,-9,3.591106108840383,2:-2,temporal,0,224,3,dia,15,1,0,cbr,1,main,0.7214316074693485,25,3,141,7,3,5,63,0,0,2,Big_720p_60fps_20s
1261,0,p4x4,3,0.3322388140761982,0,10,0,-9,3.591106108840383,-6:6,temporal,0,252,3,tesa,15,1,0,cbr,1,main,0.7214316074693485,25,6,141,7,3,5,63,2,0,2,Big_720p_60fps_20s
2213,0,p4x4,3,1.3614877038194242,2,12,0,-9,3.591106108840383,2:-2,temporal,0,224,3,dia,28,0,0,none,1,main,0.7214316074693485,25,3,141,1,40,0,37,0,0,2,Big_720p_60fps_20s
1261,0,p4x4,3,0.6157864219350295,2,12,0,-9,3.591106108840383,2:-2,temporal,0,435,3,dia,15,0,0,cbr,1,main,0.7214316074693485,25,3,141,7,40,5,63,2,0,2,Big_720p_60fps_20s
1261,0,p4x4,3,0.6252271957400338,2,12,0,-9,3.591106108840383,2:-2,temporal,0,224,3,dia,15,0,0,cbr,1,main,0.7214316074693485,25,3,141,7,3,5,63,0,0,2,Big_720p_60fps_20s
1261,0,p4x4,3,0.6157864219350295,1,12,0,-9,3.591106108840383,2:-2,temporal,0,224,2,dia,15,0,0,cbr,1,main,0.7214316074693485,31,3,141,7,3,2,63,2,0,2,Big_720p_60fps_20s
1261,0,p4x4,3,0.6157864219350295,1,12,0,0,3.591106108840383,2:-2,temporal,0,224,3,tesa,17,0,0,cbr,1,main,0.7214316074693485,31,3,141,7,3,2,63,2,0,2,Big_720p_60fps_20s
1261,0,p4x4,3,0.6252271957400338,2,12,0,-9,3.591106108840383,2:-2,temporal,0,435,3,dia,12,0,0,cbr,1,main,0.7214316074693485,25,3,141,7,56,5,63,2,0,0,Big_720p_60fps_20s
1158,0,p4x4,1,0.6157864219350295,2,10,0,-9,3.591106108840383,2:-2,temporal,0,224,3,dia,15,0,0,cbr,1,main,0.7214316074693485,25,3,141,7,3,2,63,2,0,1,Big_720p_60fps_20s
1261,0,p4x4,3,0.6252271957400338,2,12,0,-9,3.591106108840383,-3:3,temporal,0,224,3,dia,34,0,0,cbr,1,main,0.7214316074693485,25,3,141,6,3,5,63,2,0,0,Big_720p_60fps_20s
1261,0,p8x8,3,0.4968321940816694,1,12,0,-9,3.591106108840383,2:-2,auto,0,435,1,dia,15,0,0,none,1,main,0.7214316074693485,31,3,141,7,3,2,63,2,0,2,Big_720p_60fps_20s
1261,0,p4x4,2,0.6157864219350295,2,12,0,-9,3.591106108840383,2:-2,temporal,0,435,3,tesa,15,0,0,none,1,high,0.7214316074693485,25,3,141,7,56,5,63,1,0,0,Big_720p_60fps_20s
1261,0,p4x4,3,0.6157864219350295,2,12,0,-9,3.591106108840383,2:-2,temporal,0,435,3,esa,15,0,0,cbr,1,main,0.7214316074693485,25,3,141,7,40,5,63,2,0,0,Big_480p_30fps_10s
1261,0,all,3,0.6157864219350295,1,6,0,-9,3.591106108840383,1:1,temporal,1,54,4,umh,15,1,0,cbr,1,main,0.7214316074693485,48,3,9,2,40,1,63,2,0,1,Big_480p_30fps_10s
1261,0,p4x4,3,0.6157864219350295,2,12,0,-9,3.591106108840383,2:-2,temporal,0,435,3,dia,15,0,0,cbr,1,main,0.7214316074693485,25,3,141,7,40,5,63,2,0,0,Big_480p_30fps_10s
1261,0,p8x8,3,0.6157864219350295,2,12,0,-9,3.591106108840383,2:-2,temporal,0,435,1,dia,15,0,0,cbr,1,main,0.7214316074693485,25,3,141,7,3,5,63,2,0,2,Big_480p_30fps_10s
1261,0,p4x4,3,0.6157864219350295,2,12,0,-9,3.591106108840383,2:-2,temporal,0,224,3,dia,15,0,0,cbr,1,main,0.7214316074693485,25,3,141,7,3,5,63,2,0,2,Big_480p_30fps_10s
1261,0,p4x4,3,0.3322388140761982,0,10,0,-9,3.591106108840383,-6:6,temporal,0,252,3,tesa,15,1,0,cbr,1,main,0.7214316074693485,25,6,141,7,3,5,63,2,0,2,Big_480p_30fps_10s
1261,0,all,3,0.6157864219350295,1,6,0,-9,3.591106108840383,1:1,temporal,1,54,4,umh,15,0,0,cbr,1,main,0.7214316074693485,48,3,184,2,40,5,63,1,1,1,Big_480p_30fps_10s
1261,0,p4x4,3,0.6157864219350295,1,12,0,-9,3.591106108840383,2:-2,temporal,0,224,3,umh,15,0,0,cbr,1,main,0.7214316074693485,25,3,141,7,3,5,63,2,0,2,Big_480p_30fps_10s
1158,0,p4x4,1,0.6157864219350295,2,12,0,-9,3.591106108840383,2:-2,temporal,0,224,3,dia,15,0,0,cbr,1,main,0.7214316074693485,25,3,141,7,3,2,63,2,0,2,Big_480p_30fps_10s
1261,0,all,3,0.6157864219350295,2,12,0,-9,3.591106108840383,1:1,temporal,1,54,3,umh,15,0,0,none,1,main,0.7214316074693485,25,3,9,2,40,1,63,2,1,1,Big_480p_30fps_10s
1261,0,p4x4,3,0.6157864219350295,2,12,0,-9,3.591106108840383,2:-2,temporal,0,224,3,dia,40,0,0,cbr,1,main,0.7214316074693485,25,3,141,1,40,0,37,0,0,2,Big_480p_30fps_10s
1261,0,p4x4,3,0.6157864219350295,2,12,0,-2,3.591106108840383,2:-2,temporal,0,435,3,dia,8,0,0,none,1,main,0.2892118132152554,25,3,141,7,40,5,38,2,0,0,Big_480p_30fps_10s
1261,0,p4x4,3,0.6157864219350295,2,6,0,-9,3.591106108840383,2:-2,temporal,0,224,3,dia,26,0,0,cbr,1,main,0.7214316074693485,25,9,141,2,40,1,63,2,0,1,Big_480p_30fps_10s
1261,0,all,3,0.6157864219350295,1,6,0,-9,3.591106108840383,5:-5,temporal,1,54,3,umh,15,0,0,none,1,main,0.7214316074693485,25,3,9,2,40,1,63,2,1,1,Big_480p_30fps_10s
1261,0,all,3,0.6157864219350295,2,12,1,-9,3.591106108840383,-1:1,temporal,1,54,3,umh,15,0,0,cbr,0,main,0.7214316074693485,40,3,9,2,40,5,63,1,1,0,Big_480p_30fps_10s
1261,0,p4x4,3,0.6952864489318742,0,4,0,-2,3.591106108840383,2:-2,temporal,0,435,3,dia,8,0,0,none,1,main,0.7214316074693485,25,9,141,5,40,1,63,2,0,1,Big_480p_30fps_10s
1261,0,all,3,0.6157864219350295,2,12,0,-9,3.591106108840383,1:1,temporal,0,54,3,dia,8,0,0,none,1,main,0.8907370559173712,25,3,141,9,40,5,38,2,0,0,Big_480p_30fps_10s
1261,0,p4x4,3,0.1146312860506383,2,9,0,-2,3.591106108840383,2:-2,temporal,0,362,3,umh,15,0,0,none,1,main,0.7214316074693485,25,3,9,1,40,1,63,1,1,1,Big_480p_30fps_10s
1158,0,p4x4,1,0.6157864219350295,2,12,0,-9,42.876785685812266,2:-2,temporal,1,224,3,dia,15,0,0,cbr,1,main,0.7214316074693485,25,3,164,7,3,2,63,0,0,2,Big_480p_30fps_10s
1261,0,all,3,0.6157864219350295,1,6,0,-9,3.591106108840383,5:-5,spatial,1,54,3,umh,15,0,0,none,1,main,0.7214316074693485,25,3,9,2,40,1,52,2,1,1,Big_480p_30fps_10s
1261,0,all,3,0.6157864219350295,2,12,0,-9,3.591106108840383,1:1,temporal,1,54,3,umh,15,0,0,none,1,main,0.7214316074693485,25,3,9,2,40,1,63,2,1,1,Big_480p_25fps_10s
1261,0,all,3,0.6157864219350295,1,6,0,-9,3.591106108840383,1:1,temporal,1,54,4,umh,15,0,0,cbr,1,main,0.7214316074693485,48,3,9,2,40,5,63,2,0,1,Big_480p_25fps_10s
1261,0,all,3,0.6157864219350295,1,6,0,-9,3.591106108840383,1:1,temporal,1,54,4,umh,15,0,0,cbr,1,main,0.7214316074693485,48,3,184,2,40,5,63,1,1,1,Big_480p_25fps_10s
1261,0,all,3,1.188575956133466,1,12,0,-9,3.591106108840383,6:-6,temporal,1,54,3,umh,15,0,0,cbr,1,main,0.7214316074693485,25,3,9,2,40,1,19,2,0,0,Big_480p_25fps_10s
1892,0,p4x4,3,0.6157864219350295,1,12,0,-9,3.591106108840383,2:-2,temporal,0,435,4,dia,11,1,0,cbr,1,main,0.7214316074693485,30,3,141,1,67,5,63,0,0,1,Big_480p_25fps_10s
1261,0,p4x4,0,0.3322388140761982,0,10,0,-9,2.489530098633681,-6:6,temporal,0,252,3,tesa,15,1,0,cbr,1,main,0.7214316074693485,25,6,141,1,40,1,63,0,0,0,Big_480p_25fps_10s
1261,0,p4x4,3,0.3322388140761982,0,10,0,-9,3.591106108840383,-6:6,temporal,0,252,3,tesa,15,1,0,cbr,1,main,0.7214316074693485,25,6,141,7,3,5,63,2,0,2,Big_480p_25fps_10s
1261,0,p4x4,3,0.6252271957400338,2,12,0,-9,3.591106108840383,2:-2,temporal,0,224,3,dia,15,0,0,cbr,1,main,0.7214316074693485,31,3,141,7,3,2,63,2,0,2,Big_480p_25fps_10s
1261,0,p4x4,3,0.6157864219350295,2,12,0,-9,3.591106108840383,2:-2,temporal,0,435,3,dia,15,0,0,cbr,1,main,0.7214316074693485,25,3,141,7,40,5,63,2,0,0,Big_480p_25fps_10s
1261,0,p8x8,3,0.6157864219350295,2,12,0,-9,3.591106108840383,2:-2,temporal,0,435,1,dia,15,0,0,cbr,1,main,0.7214316074693485,25,3,141,7,3,5,63,2,0,2,Big_480p_25fps_10s
1261,0,p4x4,0,0.3322388140761982,0,10,0,-9,3.591106108840383,-6:6,temporal,0,252,3,tesa,15,1,0,cbr,1,main,0.7214316074693485,25,20,141,7,3,5,63,2,0,2,Big_480p_25fps_10s
359,0,p4x4,3,0.3322388140761982,0,10,0,-9,2.489530098633681,-6:6,temporal,0,252,2,tesa,15,0,0,cbr,1,main,0.7214316074693485,25,6,141,1,40,1,47,0,0,0,Big_480p_25fps_10s
1261,0,p8x8,2,0.6157864219350295,2,14,0,-9,3.591106108840383,2:-2,temporal,0,435,3,dia,15,0,0,none,1,main,0.7214316074693485,25,0,9,2,40,5,63,2,0,1,Big_480p_25fps_10s
1261,0,p8x8,3,0.6157864219350295,2,12,0,-9,3.591106108840383,2:-2,temporal,0,435,3,dia,15,0,1,cbr,1,main,0.7214316074693485,30,3,141,10,36,5,63,2,0,1,Big_480p_25fps_10s
1261,0,all,2,0.6157864219350295,1,4,0,-9,3.591106108840383,2:-2,temporal,1,224,3,dia,15,0,0,cbr,1,main,0.7214316074693485,31,3,141,7,3,2,63,2,0,2,Big_480p_25fps_10s
1261,0,p4x4,0,0.3322388140761982,0,10,0,-9,3.591106108840383,-6:6,temporal,0,252,3,umh,15,0,0,cbr,1,main,0.7214316074693485,27,20,141,7,40,10,47,0,0,0,Big_480p_25fps_10s
1261,0,none,3,0.3322388140761982,0,10,0,-9,2.489530098633681,-6:6,temporal,0,252,3,tesa,15,0,0,cbr,1,main,0.7214316074693485,25,7,141,1,40,1,63,0,0,1,Big_480p_25fps_10s
1261,0,p8x8,3,0.6157864219350295,2,12,0,-9,3.591106108840383,2:-2,temporal,0,435,3,dia,15,0,0,cbr,1,main,0.7214316074693485,25,3,141,7,40,5,63,2,0,0,Big_480p_25fps_10s
1261,0,p8x8,3,0.6157864219350295,2,12,0,-9,3.591106108840383,2:-2,temporal,0,369,1,umh,15,0,0,none,0,main,0.7214316074693485,25,3,9,2,40,1,63,1,1,1,Big_480p_25fps_10s
2087,0,"p8x8,b8x8,i8x8,i4x4",3,0.8846362895873626,2,12,0,-9,3.591106108840383,2:-2,spatial,1,435,3,esa,15,0,0,cbr,1,main,0.7214316074693485,25,3,141,7,40,5,63,1,0,0,Big_480p_25fps_10s
1261,0,p4x4,3,0.3322388140761982,0,10,0,-9,3.591106108840383,-6:6,temporal,0,252,3,tesa,15,1,0,cbr,1,main,0.7214316074693485,25,6,141,7,3,5,63,2,0,2,Standard_1080p_30fps_15s
1261,0,p4x4,3,0.6157864219350295,1,12,0,-9,3.591106108840383,2:-2,temporal,0,224,3,dia,15,1,0,cbr,1,main,0.7214316074693485,25,3,141,7,3,5,63,0,0,2,Standard_1080p_30fps_15s
1261,0,p4x4,3,0.6157864219350295,2,12,0,-9,3.591106108840383,2:-2,temporal,0,224,3,dia,40,0,0,cbr,1,main,0.7214316074693485,25,3,141,1,40,0,37,0,0,2,Standard_1080p_30fps_15s
1261,0,p4x4,0,0.3322388140761982,0,10,0,-9,2.489530098633681,-6:6,temporal,0,252,3,tesa,15,1,0,cbr,1,main,0.7214316074693485,25,6,141,1,40,1,63,0,0,0,Standard_1080p_30fps_15s
1261,0,p4x4,3,0.6157864219350295,2,12,0,-9,3.591106108840383,2:-2,temporal,0,435,3,dia,15,0,0,none,1,main,0.7214316074693485,25,3,141,7,40,5,63,1,0,0,Standard_1080p_30fps_15s
1261,0,p4x4,3,0.6252271957400338,2,12,0,-9,3.591106108840383,2:-2,temporal,0,224,3,dia,15,0,0,cbr,1,main,0.7214316074693485,31,3,141,7,3,2,63,2,0,2,Standard_1080p_30fps_15s
1261,0,p4x4,3,0.6157864219350295,1,12,0,-9,3.591106108840383,2:-2,temporal,0,224,3,umh,15,0,0,cbr,1,main,0.7214316074693485,25,3,141,7,3,5,63,2,0,2,Standard_1080p_30fps_15s
1261,0,p4x4,3,0.6157864219350295,2,12,0,-9,3.591106108840383,2:-2,temporal,0,435,3,esa,15,0,0,cbr,1,main,0.7214316074693485,25,3,141,7,40,5,63,2,0,0,Standard_1080p_30fps_15s
1261,0,p8x8,3,0.6157864219350295,1,12,0,-9,3.591106108840383,2:-2,temporal,1,224,3,umh,15,0,0,cbr,1,main,0.7214316074693485,25,3,128,7,3,5,63,2,0,2,Standard_1080p_30fps_15s
1261,0,p4x4,3,0.6157864219350295,2,12,0,-9,3.591106108840383,2:-2,temporal,0,224,3,dia,15,0,0,none,1,main,0.7214316074693485,25,17,141,7,40,5,63,1,0,0,Standard_1080p_30fps_15s
1261,0,p8x8,3,0.6157864219350295,1,12,0,-9,3.591106108840383,2:-2,spatial,1,224,3,umh,15,0,0,cbr,1,main,0.7214316074693485,25,6,141,7,3,5,63,2,0,0,Standard_1080p_30fps_15s
1261,0,p4x4,2,0.3322388140761982,2,10,0,-9,3.591106108840383,-6:6,temporal,0,234,3,tesa,15,1,0,none,1,main,0.7214316074693485,25,8,128,7,98,5,63,2,0,2,Standard_1080p_30fps_15s
1261,0,p4x4,3,0.6157864219350295,2,12,0,-9,39.71050776045417,2:-2,temporal,0,435,3,dia,15,0,0,none,1,baseline,0.7214316074693485,25,3,141,7,40,5,63,1,0,0,Standard_1080p_30fps_15s
1261,0,p4x4,3,0.6157864219350295,2,12,0,-3,17.677886521147766,2:-2,temporal,0,224,3,dia,15,0,0,vbr,1,main,0.7214316074693485,25,17,141,7,40,5,63,1,0,0,Standard_1080p_30fps_15s
1261,0,p4x4,3,0.6252271957400338,2,12,0,-3,3.591106108840383,2:-2,temporal,0,224,3,tesa,15,0,0,cbr,1,main,0.7214316074693485,25,3,141,7,3,5,63,2,0,2,Standard_1080p_30fps_15s
1261,0,p4x4,3,0.6157864219350295,2,12,0,-9,20.447260322151624,2:-2,temporal,0,435,3,esa,15,0,0,cbr,1,main,0.7214316074693485,25,3,141,1,40,1,63,0,0,0,Standard_1080p_30fps_15s
1261,0,p4x4,3,0.7608309600699488,2,12,0,-9,3.591106108840383,2:-2,temporal,1,435,3,dia,15,0,0,none,1,main,0.7214316074693485,25,3,141,7,40,5,63,0,0,0,Standard_1080p_30fps_15s
1261,0,p4x4,3,0.7608309600699488,2,15,0,-9,3.591106108840383,5:-5,temporal,1,435,3,dia,15,0,0,none,1,main,0.7214316074693485,25,6,93,1,40,10,63,0,0,0,Standard_1080p_30fps_15s
1261,0,p4x4,3,0.6157864219350295,2,12,0,-9,3.591106108840383,2:-2,temporal,0,435,3,dia,15,0,0,none,1,main,0.7214316074693485,25,6,141,1,40,1,63,1,0,0,Standard_1080p_30fps_15s
1261,0,p4x4,0,0.3322388140761982,0,10,0,-9,2.489530098633681,-6:6,temporal,0,252,3,tesa,15,1,0,cbr,1,main,0.7214316074693485,25,9,141,7,40,5,63,0,0,0,Standard_1080p_30fps_15s
1261,0,all,3,0.6157864219350295,1,6,0,-9,3.591106108840383,1:1,temporal,1,54,4,umh,15,1,0,cbr,1,main,0.7214316074693485,48,3,9,2,40,1,63,2,0,1,Still_image_480p_30fps_10s
1261,0,all,3,0.6157864219350295,1,6,0,-9,3.591106108840383,1:1,temporal,1,54,4,umh,15,0,0,cbr,1,main,0.7214316074693485,48,3,9,2,40,5,63,2,0,1,Still_image_480p_30fps_10s
1261,0,all,3,0.6157864219350295,2,12,0,-9,3.591106108840383,1:1,temporal,1,54,3,umh,15,0,0,none,1,main,0.7214316074693485,25,3,9,2,40,1,63,2,1,1,Still_image_480p_30fps_10s
1261,0,all,3,0.6157864219350295,1,12,0,-9,3.591106108840383,1:1,temporal,1,54,3,umh,15,0,0,cbr,1,main,0.7214316074693485,25,3,9,2,40,5,63,2,0,0,Still_image_480p_30fps_10s
1261,0,all,3,0.6157864219350295,1,6,0,-9,3.591106108840383,3:-3,temporal,1,54,4,umh,15,0,0,cbr,1,main,0.7214316074693485,25,3,9,2,40,1,28,2,1,2,Still_image_480p_30fps_10s
1261,0,p8x8,3,0.6157864219350295,1,6,0,-9,3.591106108840383,3:-3,temporal,1,54,4,umh,15,0,0,cbr,1,baseline,0.7214316074693485,25,19,9,2,40,1,28,2,1,1,Still_image_480p_30fps_10s
1261,0,p4x4,3,0.6157864219350295,2,12,0,-9,3.591106108840383,2:-2,temporal,0,224,3,dia,40,0,0,cbr,1,main,0.7214316074693485,25,3,141,1,40,0,37,0,0,2,Still_image_480p_30fps_10s
2087,0,"p8x8,b8x8,i8x8,i4x4",0,0.8846362895873626,2,12,0,-9,3.591106108840383,2:-2,temporal,0,224,3,dia,40,0,0,none,1,main,0.7214316074693485,25,3,141,1,40,3,37,0,0,2,Still_image_480p_30fps_10s
1261,0,p4x4,3,0.6157864219350295,2,12,0,-9,3.591106108840383,2:-2,temporal,0,224,3,dia,15,0,0,cbr,1,main,0.7214316074693485,25,3,141,7,3,5,63,2,0,2,Still_image_480p_30fps_10s
1261,0,p4x4,0,0.3322388140761982,0,10,0,-9,2.489530098633681,-6:6,temporal,0,252,3,tesa,15,1,0,cbr,1,main,0.7214316074693485,25,6,141,1,40,1,63,0,0,0,Still_image_480p_30fps_10s
1261,0,p4x4,3,0.6157864219350295,2,12,0,-2,3.591106108840383,2:-2,temporal,0,435,3,dia,8,0,0,none,1,main,0.7214316074693485,25,3,141,1,69,5,63,0,0,0,Still_image_480p_30fps_10s
1261,0,p4x4,3,0.6157864219350295,2,12,0,-9,3.591106108840383,2:-2,temporal,0,435,3,esa,15,0,0,cbr,1,main,0.7214316074693485,25,3,141,7,40,5,63,2,0,0,Still_image_480p_30fps_10s
1261,0,p4x4,3,0.6157864219350295,2,12,0,-9,3.591106108840383,2:-2,temporal,0,435,3,dia,15,0,0,none,1,main,0.7214316074693485,25,3,141,7,40,5,63,1,0,0,Still_image_480p_30fps_10s
1261,0,p4x4,3,0.6157864219350295,1,12,0,-9,3.591106108840383,2:-2,temporal,0,224,3,umh,15,0,0,cbr,1,main,0.7214316074693485,25,3,141,7,3,5,63,2,0,2,Still_image_480p_30fps_10s
1261,0,p4x4,3,0.6252271957400338,2,12,0,-9,3.591106108840383,2:-2,temporal,0,224,3,dia,15,0,0,cbr,1,main,0.7214316074693485,31,3,141,7,3,2,63,2,0,2,Still_image_480p_30fps_10s
1261,0,p4x4,3,0.6157864219350295,2,12,0,-9,3.591106108840383,2:-2,temporal,0,224,3,dia,40,0,0,cbr,1,main,0.7214316074693485,25,3,141,7,3,5,63,2,0,0,Still_image_480p_30fps_10s
2220,0,p4x4,3,0.6157864219350295,1,12,0,-9,3.591106108840383,2:-2,temporal,0,224,3,dia,15,0,0,cbr,1,main,0.7214316074693485,25,6,141,7,3,5,63,2,0,2,Still_image_480p_30fps_10s
1261,0,p4x4,3,0.6157864219350295,2,12,0,-2,3.591106108840383,2:-2,temporal,0,435,4,dia,8,0,0,none,1,main,0.7214316074693485,25,8,141,1,40,1,63,0,0,1,Still_image_480p_30fps_10s
2220,0,p4x4,3,0.6157864219350295,1,12,0,-9,3.591106108840383,2:-2,temporal,0,224,3,dia,15,0,0,cbr,1,main,0.7214316074693485,25,3,141,7,3,2,63,2,0,2,Still_image_480p_30fps_10s
1261,0,p4x4,2,0.6157864219350295,2,12,0,-9,3.591106108840383,2:-2,temporal,0,435,3,dia,15,0,0,none,0,main,0.965829524139684,25,3,141,9,40,1,63,0,0,0,Still_image_480p_30fps_10s
2087,0,"p8x8,b8x8,i8x8,i4x4",0,0.8846362895873626,2,12,0,-9,3.591106108840383,2:-2,temporal,0,224,3,dia,40,0,0,none,1,main,0.7214316074693485,25,3,141,1,40,3,37,0,0,2,Standard_1080p_60fps_5s
1261,0,p4x4,3,0.6157864219350295,2,12,0,-2,3.591106108840383,2:-2,temporal,0,435,3,dia,8,0,0,none,1,main,0.2892118132152554,25,3,141,7,40,5,38,2,0,0,Standard_1080p_60fps_5s
1261,0,p4x4,3,0.3322388140761982,0,10,0,-9,3.591106108840383,-6:6,temporal,0,252,3,tesa,15,1,0,cbr,1,main,0.7214316074693485,25,6,141,7,3,5,63,2,0,2,Standard_1080p_60fps_5s
1261,0,p8x8,3,0.6157864219350295,2,12,0,-9,3.591106108840383,2:-2,temporal,0,435,1,dia,15,0,0,cbr,1,main,0.7214316074693485,25,3,141,7,3,5,63,2,0,2,Standard_1080p_60fps_5s
1892,0,p4x4,3,0.6157864219350295,1,12,0,-9,3.591106108840383,2:-2,temporal,0,435,4,dia,11,1,0,cbr,1,main,0.7214316074693485,30,3,141,1,67,5,63,0,0,1,Standard_1080p_60fps_5s
1261,0,p4x4,3,0.6157864219350295,2,12,0,-9,3.591106108840383,2:-2,temporal,0,435,3,esa,15,0,0,cbr,1,main,0.7214316074693485,25,3,141,7,40,5,63,2,0,0,Standard_1080p_60fps_5s
1261,0,all,3,0.6157864219350295,1,12,0,-9,3.591106108840383,1:1,temporal,1,365,3,dia,15,0,0,cbr,1,main,0.7214316074693485,31,3,250,7,3,2,63,2,0,2,Standard_1080p_60fps_5s
1261,0,p4x4,3,0.6157864219350295,2,12,0,-9,3.591106108840383,2:-2,temporal,0,224,3,dia,15,0,0,cbr,1,main,0.7214316074693485,25,3,141,7,3,5,63,2,0,2,Standard_1080p_60fps_5s
1261,0,p4x4,3,0.6157864219350295,2,12,0,-2,3.591106108840383,2:-2,temporal,0,435,3,dia,8,0,0,none,1,main,0.7214316074693485,25,3,141,1,69,5,63,0,0,0,Standard_1080p_60fps_5s
1261,0,all,3,0.6157864219350295,1,12,0,-9,3.591106108840383,1:1,temporal,1,224,3,tesa,15,0,0,cbr,1,main,0.7214316074693485,25,3,141,7,40,5,63,2,0,0,Standard_1080p_60fps_5s
1261,0,p4x4,3,0.6157864219350295,1,12,0,-9,3.591106108840383,2:-2,temporal,0,224,3,umh,15,0,0,cbr,1,main,0.7214316074693485,25,3,141,7,3,5,63,2,0,2,Standard_1080p_60fps_5s
1261,0,p8x8,3,0.6157864219350295,1,12,0,-9,3.591106108840383,2:-2,temporal,1,224,3,umh,15,0,0,cbr,1,main,0.7214316074693485,25,3,128,7,3,5,63,2,0,2,Standard_1080p_60fps_5s
1261,0,p4x4,3,0.6157864219350295,1,2,0,-9,3.591106108840383,1:1,temporal,0,435,3,dia,4,0,0,none,1,main,0.7214316074693485,25,3,141,1,69,5,63,0,0,0,Standard_1080p_60fps_5s
1261,0,p4x4,3,0.6157864219350295,1,12,0,-9,3.591106108840383,2:-2,temporal,0,224,3,umh,15,0,0,cbr,1,main,0.7214316074693485,30,3,141,7,67,5,63,0,1,1,Standard_1080p_60fps_5s
1892,0,p4x4,3,0.6157864219350295,1,12,0,-9,3.591106108840383,2:-2,temporal,0,435,4,dia,17,1,0,cbr,1,main,0.5914019256857398,30,3,141,1,67,6,63,0,0,1,Standard_1080p_60fps_5s
1261,0,p4x4,3,0.6157864219350295,2,12,0,-2,3.591106108840383,2:-2,temporal,0,435,3,dia,8,0,0,none,1,main,0.2892118132152554,41,3,141,7,3,5,63,2,0,2,Standard_1080p_60fps_5s
1261,0,all,3,0.6157864219350295,1,12,0,-9,3.591106108840383,1:1,temporal,1,224,3,tesa,15,0,0,cbr,1,main,0.7214316074693485,31,3,250,7,3,2,63,2,0,0,Standard_1080p_60fps_5s
1261,0,all,3,0.6157864219350295,1,12,0,-9,3.591106108840383,1:1,temporal,1,224,3,tesa,15,0,0,cbr,1,main,0.7214316074693485,31,20,250,9,3,2,63,2,0,0,Standard_1080p_60fps_5s
1261,0,p4x4,3,0.6157864219350295,1,2,0,-9,3.591106108840383,1:1,none,0,435,3,hex,4,0,0,none,1,main,0.7214316074693485,25,3,141,1,69,5,63,0,0,0,Standard_1080p_60fps_5s
1261,0,p8x8,3,0.4071332225509305,2,12,0,-9,3.591106108840383,2:-2,temporal,0,435,1,dia,15,0,0,cbr,1,main,0.7214316074693485,25,3,141,7,3,5,63,2,0,2,Standard_1080p_60fps_5s
1261,0,all,3,0.6157864219350295,1,6,0,-9,3.591106108840383,3:-3,temporal,1,54,4,umh,15,0,0,cbr,1,main,0.7214316074693485,25,3,9,2,40,1,28,2,1,2,Still_image_720p_30fps_15s
1261,0,all,3,1.188575956133466,1,12,0,-9,3.591106108840383,6:-6,temporal,1,54,3,umh,15,0,0,cbr,1,main,0.7214316074693485,25,3,9,2,40,1,19,2,0,0,Still_image_720p_30fps_15s
1261,0,p4x4,3,0.6157864219350295,2,12,0,-9,3.591106108840383,1:1,auto,1,54,3,umh,15,0,0,cbr,1,main,0.7214316074693485,25,3,9,2,92,5,63,2,1,0,Still_image_720p_30fps_15s
1261,0,p8x8,3,0.6157864219350295,1,6,0,-9,3.591106108840383,3:-3,temporal,1,54,4,umh,15,0,0,cbr,1,baseline,0.7214316074693485,25,19,9,2,40,1,28,2,1,1,Still_image_720p_30fps_15s
1261,0,all,3,0.6157864219350295,1,6,0,-9,3.591106108840383,1:1,temporal,1,54,4,umh,15,0,0,cbr,1,main,0.7214316074693485,48,3,184,2,40,5,63,1,1,1,Still_image_720p_30fps_15s
1261,0,all,3,0.6157864219350295,2,12,0,-9,3.591106108840383,1:1,temporal,1,54,3,umh,15,0,0,none,1,main,0.7214316074693485,25,3,9,2,40,1,63,2,1,1,Still_image_720p_30fps_15s
1261,0,all,3,0.6157864219350295,1,6,0,-9,3.591106108840383,1:1,temporal,1,54,4,umh,15,1,0,cbr,1,main,0.7214316074693485,48,3,9,2,40,1,63,2,0,1,Still_image_720p_30fps_15s
1261,0,all,3,1.188575956133466,1,12,0,-7,3.591106108840383,6:-6,temporal,1,54,3,umh,10,0,0,cbr,1,main,0.7214316074693485,25,3,141,1,40,5,9,2,1,0,Still_image_720p_30fps_15s
1261,0,all,3,0.6157864219350295,2,12,0,-9,3.591106108840383,1:1,auto,1,166,3,umh,10,0,0,cbr,1,baseline,0.7214316074693485,25,3,141,1,40,11,9,2,0,0,Still_image_720p_30fps_15s
1261,0,all,3,0.6157864219350295,2,12,0,-9,3.591106108840383,1:1,auto,1,54,3,umh,15,0,0,none,1,main,0.7214316074693485,25,10,9,2,40,1,16,2,1,1,Still_image_720p_30fps_15s
1261,0,all,3,0.6157864219350295,1,6,0,-9,3.591106108840383,1:1,temporal,1,54,4,umh,15,0,0,cbr,1,main,0.7214316074693485,25,3,9,2,40,1,19,2,0,0,Still_image_720p_30fps_15s
1261,0,all,3,0.6157864219350295,2,12,0,-9,3.591106108840383,1:1,auto,1,166,3,umh,10,0,0,cbr,1,baseline,0.7214316074693485,25,3,141,1,40,6,54,2,1,2,Still_image_720p_30fps_15s
1261,0,all,3,0.6157864219350295,2,12,0,-9,3.591106108840383,1:1,auto,1,166,4,umh,10,0,1,cbr,1,high,0.7214316074693485,25,3,242,1,40,11,28,2,1,1,Still_image_720p_30fps_15s
1448,1,p4x4,2,0.0520260669292369,2,0,0,11,4.787320014988849,6:-6,none,0,116,2,hex,64,0,0,cbr,1,main,0.7334238593495189,25,3,141,1,40,5,63,1,1,2,Still_image_720p_30fps_15s
1261,1,all,0,0.0520260669292369,2,0,0,11,4.787320014988849,4:4,none,0,160,2,hex,45,0,0,none,0,baseline,0.2115404214338969,20,7,107,4,24,7,49,2,0,1,Still_image_720p_30fps_15s
908,0,p4x4,0,0.0520260669292369,1,0,0,11,38.77276667599533,4:4,none,0,175,2,hex,23,0,0,cbr,1,main,0.8970525133225481,25,3,141,1,40,6,9,2,1,2,Still_image_720p_30fps_15s
1261,1,p4x4,3,0.6157864219350295,1,12,0,6,3.591106108840383,2:-2,none,0,175,2,hex,64,0,0,cbr,1,main,0.7214316074693485,25,3,141,1,40,5,9,2,0,2,Still_image_720p_30fps_15s
1261,1,p4x4,0,0.0520260669292369,2,0,0,11,4.787320014988849,4:4,none,0,160,2,hex,45,0,1,vbr,1,main,0.7214316074693485,27,3,141,1,40,5,9,2,1,2,Still_image_720p_30fps_15s
908,0,p4x4,0,0.0520260669292369,1,0,0,11,25.355881437480377,4:4,none,0,175,2,hex,23,0,0,cbr,1,main,0.8970525133225481,25,3,141,1,40,6,9,2,1,2,Still_image_720p_30fps_15s
1448,1,p4x4,2,0.1623760956455395,2,0,0,11,1.5108253041143744,6:-6,none,0,116,2,hex,64,0,0,cbr,0,main,0.7334238593495189,25,3,141,1,40,5,63,2,1,2,Still_image_720p_30fps_15s
1261,0,all,3,0.6157864219350295,2,12,0,-9,3.591106108840383,1:1,auto,1,54,3,umh,15,0,0,none,1,main,0.7214316074693485,25,10,9,2,40,1,16,2,1,1,Action_480p_60fps_15s
1261,0,all,3,0.6157864219350295,1,6,0,-9,3.591106108840383,1:1,temporal,1,54,4,umh,15,0,0,cbr,1,main,0.7214316074693485,48,3,9,2,40,5,63,2,0,1,Action_480p_60fps_15s
1261,0,all,3,0.6157864219350295,1,6,0,-9,3.591106108840383,1:1,temporal,1,54,4,umh,15,1,0,cbr,1,main,0.7214316074693485,48,3,9,2,40,1,63,2,0,1,Action_480p_60fps_15s
1261,0,all,3,1.188575956133466,1,12,0,-7,3.591106108840383,6:-6,temporal,1,54,3,umh,10,0,0,cbr,1,main,0.7214316074693485,25,3,141,1,40,5,9,2,1,0,Action_480p_60fps_15s
1261,0,all,3,0.6157864219350295,1,12,0,-9,3.591106108840383,1:1,temporal,1,54,3,umh,15,0,0,cbr,1,main,0.7214316074693485,25,3,9,2,40,5,63,2,0,0,Action_480p_60fps_15s
1261,0,all,3,0.6157864219350295,1,6,0,-9,3.591106108840383,1:1,temporal,1,377,4,umh,15,1,0,cbr,1,main,0.7214316074693485,48,4,172,2,40,1,63,2,1,0,Action_480p_60fps_15s
1261,0,all,3,0.6157864219350295,1,6,0,-9,3.591106108840383,1:1,temporal,1,54,4,umh,15,0,0,cbr,1,main,0.7214316074693485,30,3,47,1,67,5,63,0,0,1,Action_480p_60fps_15s
1261,0,all,3,0.6157864219350295,2,6,0,-9,3.591106108840383,1:1,auto,1,54,3,umh,15,0,0,none,1,main,0.7214316074693485,25,10,9,2,40,1,16,2,1,1,Action_480p_60fps_15s
1261,0,all,3,1.4144727288334005,1,6,0,-9,3.591106108840383,1:1,temporal,1,54,4,umh,15,1,0,cbr,1,main,0.7214316074693485,48,3,9,2,40,1,63,2,0,1,Action_480p_60fps_15s
1261,0,all,3,1.188575956133466,1,12,0,-7,3.591106108840383,-2:2,temporal,1,54,4,umh,4,0,0,cbr,1,main,0.7214316074693485,30,3,229,1,67,5,63,0,1,1,Action_480p_60fps_15s
1261,0,all,3,0.6157864219350295,1,6,0,-9,3.591106108840383,1:1,spatial,1,210,3,umh,29,0,0,cbr,1,main,0.4877145803382923,25,3,128,2,40,5,63,2,0,0,Action_480p_60fps_15s
1261,0,p4x4,3,0.6157864219350295,1,12,0,-9,3.591106108840383,2:-2,temporal,0,224,3,umh,15,0,0,cbr,1,main,0.7214316074693485,25,3,141,7,3,5,63,2,0,2,Action_480p_60fps_15s
1261,0,p4x4,3,0.6157864219350295,2,12,0,-2,3.591106108840383,2:-2,temporal,0,435,3,dia,8,0,0,none,1,main,0.7214316074693485,25,3,141,1,69,5,63,0,0,0,Action_480p_60fps_15s
1261,0,p4x4,3,0.6157864219350295,2,10,0,-9,3.591106108840383,-6:6,temporal,0,224,3,dia,11,1,0,cbr,1,main,0.7214316074693485,30,3,141,1,40,4,63,0,0,1,Action_480p_60fps_15s
1158,0,p4x4,1,0.6157864219350295,2,12,0,-9,3.591106108840383,2:-2,temporal,0,224,3,dia,15,0,0,cbr,1,main,0.7214316074693485,25,3,141,7,3,2,63,2,0,2,Action_480p_60fps_15s
1261,0,p4x4,3,0.6157864219350295,1,12,0,-9,3.591106108840383,2:-2,temporal,0,224,3,dia,15,1,0,cbr,1,main,0.7214316074693485,25,3,141,7,3,5,63,0,0,2,Action_480p_60fps_15s
1261,0,p4x4,3,0.6157864219350295,2,12,0,-9,3.591106108840383,2:-2,temporal,0,435,3,dia,15,0,0,none,1,baseline,0.7214316074693485,31,3,141,7,40,5,63,1,0,0,Action_480p_60fps_15s
1892,0,p4x4,3,0.6157864219350295,1,12,0,-9,3.591106108840383,2:-2,temporal,0,435,4,dia,11,1,0,cbr,1,main,0.7214316074693485,30,3,141,1,67,5,63,0,0,1,Action_480p_60fps_15s
1261,0,all,3,0.6157864219350295,1,12,0,-9,3.591106108840383,1:1,temporal,1,365,3,dia,15,0,0,cbr,1,main,0.7214316074693485,31,3,250,7,3,2,63,2,0,2,Action_480p_60fps_15s
1158,0,p4x4,1,0.6157864219350295,2,12,0,-9,3.591106108840383,2:-2,temporal,0,224,3,dia,15,0,0,cbr,1,main,0.7214316074693485,25,3,141,7,3,5,63,0,0,2,Action_480p_60fps_15s
1261,0,all,3,0.6157864219350295,1,12,0,-9,3.591106108840383,1:1,temporal,1,365,3,dia,15,0,0,cbr,1,main,0.7214316074693485,31,3,250,7,3,2,63,2,0,2,Still_image_720p_60fps_20s
1261,0,p4x4,3,0.6157864219350295,2,12,0,-9,3.591106108840383,2:-2,temporal,0,435,3,dia,15,0,0,cbr,1,main,0.7214316074693485,25,3,141,7,40,5,63,2,0,0,Still_image_720p_60fps_20s
1261,0,p4x4,3,0.6157864219350295,2,12,0,-2,3.591106108840383,2:-2,temporal,0,435,3,dia,8,0,0,none,1,main,0.2892118132152554,25,3,141,7,40,5,38,2,0,0,Still_image_720p_60fps_20s
1261,0,p4x4,3,0.3322388140761982,0,10,0,-9,3.591106108840383,-6:6,temporal,0,252,3,tesa,15,1,0,cbr,1,main,0.7214316074693485,25,6,141,7,3,5,63,2,0,2,Still_image_720p_60fps_20s
1261,0,p4x4,3,0.6157864219350295,2,12,0,-9,3.591106108840383,2:-2,temporal,0,224,3,dia,40,0,0,cbr,1,main,0.7214316074693485,25,3,141,1,40,0,37,0,0,2,Still_image_720p_60fps_20s
1892,0,p4x4,3,0.6157864219350295,1,12,0,-9,3.591106108840383,2:-2,temporal,0,435,4,dia,11,1,0,cbr,1,main,0.7214316074693485,30,3,141,1,67,5,63,0,0,1,Still_image_720p_60fps_20s
1261,0,p4x4,3,0.6252271957400338,2,12,0,-9,3.591106108840383,2:-2,temporal,0,224,3,dia,15,0,0,cbr,1,main,0.7214316074693485,31,3,141,7,3,2,63,2,0,2,Still_image_720p_60fps_20s
1261,0,p4x4,3,0.6252271957400338,2,12,0,-9,3.591106108840383,2:-2,temporal,0,224,3,dia,15,0,0,vbr,1,main,0.7214316074693485,31,3,141,2,40,1,63,2,0,1,Still_image_720p_60fps_20s
1261,0,p4x4,3,0.6157864219350295,2,12,0,-9,3.591106108840383,2:-2,temporal,0,435,3,dia,15,0,0,cbr,1,main,0.7214316074693485,25,3,141,2,40,5,63,2,0,1,Still_image_720p_60fps_20s
1261,0,p4x4,3,0.6157864219350295,2,12,0,-2,3.591106108840383,2:-2,temporal,0,435,3,dia,8,0,0,none,1,main,0.2892118132152554,25,3,141,4,40,5,38,2,0,0,Still_image_720p_60fps_20s
1261,0,all,3,0.6157864219350295,2,12,0,-9,3.591106108840383,1:1,auto,1,166,3,umh,10,0,0,cbr,1,baseline,0.7214316074693485,25,3,141,1,40,11,9,2,0,0,Still_image_720p_60fps_20s
1261,0,all,3,1.188575956133466,1,12,0,-7,3.591106108840383,6:-6,temporal,1,54,3,umh,10,0,0,cbr,1,main,0.7214316074693485,25,3,141,1,40,5,9,2,1,0,Still_image_720p_60fps_20s
1261,0,all,3,0.6157864219350295,2,6,0,-9,3.591106108840383,1:1,auto,1,54,3,umh,15,0,0,none,1,main,0.7214316074693485,25,10,9,2,40,1,16,2,1,1,Still_image_720p_60fps_20s
1261,0,all,3,0.6157864219350295,1,6,0,-9,3.591106108840383,1:1,temporal,1,54,4,umh,15,0,0,cbr,1,main,0.7214316074693485,48,3,9,2,40,5,63,2,0,1,Still_image_720p_60fps_20s
1261,0,all,3,0.6157864219350295,1,6,0,-9,3.591106108840383,1:1,temporal,1,54,4,umh,15,1,0,cbr,1,main,0.7214316074693485,48,3,9,2,40,1,63,2,0,1,Still_image_720p_60fps_20s
1261,0,p4x4,3,0.6157864219350295,2,12,0,-9,3.591106108840383,1:1,auto,1,122,3,umh,15,0,0,none,1,main,0.7214316074693485,25,10,9,2,40,1,16,2,1,1,Still_image_720p_60fps_20s
1261,0,all,3,0.6157864219350295,2,6,0,-12,3.591106108840383,1:1,temporal,1,54,4,umh,15,1,0,cbr,1,main,0.7214316074693485,48,3,9,7,3,2,63,2,0,0,Still_image_720p_60fps_20s
1261,0,all,3,0.6157864219350295,2,4,0,-9,3.591106108840383,1:1,auto,1,54,3,umh,15,0,0,none,1,main,0.7214316074693485,31,3,141,7,3,2,63,2,1,2,Still_image_720p_60fps_20s
1261,0,all,3,1.668330660791839,1,12,0,-7,11.268874801608195,6:-6,auto,1,54,3,umh,10,0,0,cbr,1,main,0.7214316074693485,25,3,141,1,40,5,9,1,1,0,Still_image_720p_60fps_20s
1261,0,all,3,0.6157864219350295,1,6,0,-9,3.591106108840383,4:4,auto,1,166,3,umh,10,0,0,cbr,1,baseline,0.7214316074693485,25,3,141,1,3,2,63,2,0,2,Still_image_720p_60fps_20s
1261,0,p8x8,3,0.6252271957400338,2,12,0,-9,3.591106108840383,2:-2,temporal,1,224,2,dia,15,1,0,cbr,1,high,0.7214316074693485,31,10,141,7,3,5,63,2,1,2,Action_1080p_25fps_15s
1261,0,all,3,0.6157864219350295,2,12,0,-9,3.591106108840383,1:1,auto,1,166,3,umh,10,0,0,cbr,1,baseline,0.7214316074693485,25,3,141,1,40,11,9,2,0,0,Action_1080p_25fps_15s
1261,0,all,3,0.6157864219350295,1,6,0,-9,3.591106108840383,1:1,temporal,1,54,4,umh,15,0,0,cbr,1,main,0.7214316074693485,30,3,47,1,67,5,63,0,0,1,Action_1080p_25fps_15s
1261,0,all,3,1.188575956133466,1,12,0,-9,3.591106108840383,6:-6,temporal,1,54,3,umh,15,0,0,cbr,1,main,0.7214316074693485,25,3,9,2,40,1,19,2,0,0,Action_1080p_25fps_15s
1261,0,all,3,1.188575956133466,1,12,0,-7,3.591106108840383,-2:2,temporal,1,54,4,umh,4,0,0,cbr,1,main,0.7214316074693485,30,3,229,1,67,5,63,0,1,1,Action_1080p_25fps_15s
1261,0,all,3,0.6157864219350295,1,6,0,-9,3.591106108840383,1:1,temporal,1,54,4,umh,15,1,0,cbr,1,main,0.7214316074693485,48,3,9,2,40,1,63,2,0,1,Action_1080p_25fps_15s
1261,0,all,3,0.6157864219350295,1,12,0,-9,3.591106108840383,1:1,temporal,1,54,3,umh,15,0,0,cbr,1,main,0.7214316074693485,25,3,9,2,40,5,63,2,0,0,Action_1080p_25fps_15s
1261,0,all,3,0.6157864219350295,2,12,0,-9,3.591106108840383,1:1,auto,1,166,3,umh,10,0,0,cbr,1,main,0.7214316074693485,30,3,47,1,67,5,63,0,0,1,Action_1080p_25fps_15s
1261,0,all,3,0.6157864219350295,2,6,0,-9,3.591106108840383,1:1,temporal,1,212,4,umh,46,0,0,cbr,1,main,0.7214316074693485,48,3,9,2,40,9,63,2,1,0,Action_1080p_25fps_15s
1261,0,all,2,0.6157864219350295,2,12,0,-9,3.591106108840383,1:1,auto,1,166,3,umh,10,0,0,cbr,1,baseline,0.7214316074693485,25,3,141,1,40,11,9,2,0,1,Action_1080p_25fps_15s
1261,0,all,3,0.6157864219350295,2,12,0,-9,3.591106108840383,1:1,auto,0,166,3,umh,10,0,0,cbr,1,baseline,0.7214316074693485,25,3,141,1,40,11,9,2,0,1,Action_1080p_25fps_15s
2327,0,all,3,0.6157864219350295,2,12,1,-9,3.591106108840383,1:1,auto,1,166,3,umh,10,0,0,cbr,1,main,0.7214316074693485,30,3,51,1,67,5,63,0,0,1,Action_1080p_25fps_15s
1261,0,all,3,0.6157864219350295,1,6,0,-9,3.591106108840383,1:1,temporal,1,54,4,umh,44,0,0,cbr,1,main,0.7214316074693485,30,9,47,1,67,5,63,0,0,0,Action_1080p_25fps_15s
1261,0,all,3,0.805576705279195,2,12,0,-9,31.72167332407381,1:1,auto,1,166,3,umh,10,0,0,cbr,1,baseline,0.7214316074693485,25,3,141,1,40,11,9,2,0,2,Action_1080p_25fps_15s
1261,0,all,3,0.6157864219350295,0,12,0,-9,3.591106108840383,1:1,auto,0,166,3,umh,10,0,0,cbr,1,baseline,0.0663849535012377,25,3,141,1,67,5,63,0,1,1,Action_1080p_25fps_15s
2233,0,all,3,0.6157864219350295,2,12,0,-9,3.591106108840383,1:1,auto,1,229,3,umh,51,0,0,cbr,1,baseline,0.7214316074693485,25,3,164,1,40,11,9,0,0,2,Action_1080p_25fps_15s
908,0,p4x4,0,0.0520260669292369,1,0,0,11,38.77276667599533,4:4,none,0,175,2,hex,23,0,0,cbr,1,main,0.8970525133225481,25,3,141,1,40,6,9,2,1,2,Action_1080p_25fps_15s
1261,1,all,0,0.0520260669292369,2,0,0,11,4.787320014988849,4:4,none,0,160,2,hex,45,0,0,none,0,baseline,0.2115404214338969,20,7,107,4,24,7,49,2,0,1,Action_1080p_25fps_15s
908,0,p4x4,0,0.0520260669292369,1,0,0,11,25.355881437480377,4:4,none,0,175,2,hex,23,0,0,cbr,1,main,0.8970525133225481,25,3,141,1,40,6,9,2,1,2,Action_1080p_25fps_15s
1261,0,p4x4,3,0.6157864219350295,2,12,0,-9,3.591106108840383,2:-2,spatial,1,435,3,esa,15,0,0,cbr,1,main,0.7214316074693485,25,3,141,7,40,5,63,1,0,0,Action_1080p_25fps_15s
1261,0,p4x4,3,0.6157864219350295,2,12,0,-9,3.591106108840383,2:-2,temporal,0,435,3,dia,15,0,0,none,1,main,0.7214316074693485,25,3,141,7,40,5,63,1,0,0,Standard_720p_60fps_15s
1261,0,p8x8,3,0.6157864219350295,1,12,0,-9,3.591106108840383,2:-2,temporal,1,224,3,umh,15,0,0,cbr,1,main,0.7214316074693485,25,3,128,7,3,5,63,2,0,2,Standard_720p_60fps_15s
1261,0,p4x4,0,0.3322388140761982,0,10,0,-9,2.489530098633681,-6:6,temporal,0,252,3,tesa,15,1,0,cbr,1,main,0.7214316074693485,25,6,141,1,40,1,63,0,0,0,Standard_720p_60fps_15s
2087,0,"p8x8,b8x8,i8x8,i4x4",0,0.8846362895873626,2,12,0,-9,3.591106108840383,2:-2,temporal,0,224,3,dia,40,0,0,none,1,main,0.7214316074693485,25,3,141,1,40,3,37,0,0,2,Standard_720p_60fps_15s
1261,0,p8x8,3,0.6157864219350295,2,12,0,-9,3.591106108840383,2:-2,temporal,0,435,1,dia,15,0,0,cbr,1,main,0.7214316074693485,25,3,141,7,3,5,63,2,0,2,Standard_720p_60fps_15s
1261,0,p4x4,3,0.3322388140761982,0,10,0,-9,3.591106108840383,-6:6,temporal,0,252,3,tesa,15,1,0,cbr,1,main,0.7214316074693485,25,6,141,7,3,5,63,2,0,2,Standard_720p_60fps_15s
1261,0,p4x4,3,0.6157864219350295,2,12,0,-2,3.591106108840383,2:-2,temporal,0,435,3,dia,8,0,0,none,1,main,0.7214316074693485,25,3,141,1,69,5,63,0,0,0,Standard_720p_60fps_15s
1261,0,p4x4,3,0.6157864219350295,2,12,0,-9,3.591106108840383,2:-2,temporal,0,435,3,dia,15,0,0,cbr,1,main,0.7214316074693485,25,3,141,7,40,5,63,2,0,0,Standard_720p_60fps_15s
1261,0,p8x8,3,0.6157864219350295,2,2,0,-10,3.591106108840383,2:-2,temporal,0,435,1,dia,15,0,0,cbr,1,main,0.7214316074693485,25,3,141,7,3,5,38,2,0,0,Standard_720p_60fps_15s
768,0,p4x4,3,0.3322388140761982,1,10,0,-4,3.591106108840383,-6:6,temporal,0,252,3,tesa,15,0,0,cbr,1,main,0.7214316074693485,25,3,141,7,3,5,63,0,0,2,Standard_720p_60fps_15s
1261,0,p4x4,3,0.6157864219350295,0,12,0,-9,26.829574737053623,2:-2,temporal,0,435,3,dia,15,0,0,none,1,main,0.7214316074693485,25,3,24,7,89,5,63,0,0,0,Standard_720p_60fps_15s
1261,0,p8x8,3,0.6157864219350295,1,12,0,-2,3.591106108840383,2:-2,temporal,0,435,0,dia,19,0,0,none,1,main,0.7214316074693485,25,3,141,1,69,5,63,0,0,0,Standard_720p_60fps_15s
768,0,p4x4,3,0.3322388140761982,1,10,0,-4,3.591106108840383,-6:6,temporal,0,435,3,dia,8,0,0,cbr,1,main,0.7214316074693485,25,3,141,1,69,5,63,0,0,0,Standard_720p_60fps_15s
1261,0,p4x4,3,0.6157864219350295,1,12,1,-9,26.829574737053623,2:-2,temporal,0,435,3,dia,15,0,0,none,1,main,0.7214316074693485,25,3,24,7,89,5,63,0,0,0,Standard_720p_60fps_15s
1261,0,p8x8,3,0.6157864219350295,1,12,0,-2,3.591106108840383,2:-2,temporal,0,435,0,dia,19,0,0,none,1,main,0.7214316074693485,25,3,141,7,40,5,17,2,0,0,Standard_720p_60fps_15s
1261,0,p4x4,3,0.6157864219350295,2,12,0,-9,3.591106108840383,2:-2,temporal,0,435,3,dia,15,0,0,cbr,1,main,0.7214316074693485,25,3,141,1,69,5,63,0,0,1,Standard_720p_60fps_15s
1261,0,p8x8,3,0.6157864219350295,1,12,0,-9,3.591106108840383,2:-2,temporal,1,224,3,umh,15,0,0,vbr,1,main,0.7214316074693485,30,3,47,1,67,5,63,0,1,1,Standard_720p_60fps_15s
1261,0,p8x8,3,0.6157864219350295,2,12,0,-9,3.591106108840383,2:-2,temporal,0,435,1,tesa,15,1,0,none,1,main,0.1413496611459327,25,13,141,7,40,5,63,1,0,0,Standard_720p_60fps_15s
1261,0,p8x8,3,0.6157864219350295,1,12,1,-9,3.591106108840383,0:0,auto,0,435,3,dia,17,0,0,cbr,1,main,0.7214316074693485,25,3,141,1,69,11,63,0,0,1,Standard_720p_60fps_15s
167,0,p8x8,3,0.8428687264016085,2,2,0,-10,3.591106108840383,2:-2,temporal,0,435,1,dia,15,0,0,cbr,1,main,0.7214316074693485,25,3,141,7,3,5,38,2,0,1,Standard_720p_60fps_15s
1261,0,p4x4,3,0.6157864219350295,2,12,0,-9,3.591106108840383,2:-2,temporal,0,224,3,dia,15,0,0,cbr,1,main,0.7214316074693485,25,3,141,7,3,5,63,2,0,2,Standard_1080p_25fps_20s
1261,0,p8x8,3,0.6157864219350295,1,12,0,-9,3.591106108840383,2:-2,temporal,1,224,3,umh,15,0,0,cbr,1,main,0.7214316074693485,25,3,128,7,3,5,63,2,0,2,Standard_1080p_25fps_20s
1261,0,p4x4,3,0.6157864219350295,2,12,0,-9,3.591106108840383,2:-2,temporal,0,435,3,dia,15,0,0,none,1,main,0.7214316074693485,25,3,141,7,40,5,63,1,0,0,Standard_1080p_25fps_20s
1261,0,p4x4,3,0.3322388140761982,0,10,0,-9,3.591106108840383,-6:6,temporal,0,252,3,tesa,15,1,0,cbr,1,main,0.7214316074693485,25,6,141,7,3,5,63,2,0,2,Standard_1080p_25fps_20s
1261,0,p4x4,3,0.6252271957400338,2,12,0,-9,3.591106108840383,2:-2,temporal,0,224,3,dia,15,0,0,cbr,1,main,0.7214316074693485,31,3,141,7,3,2,63,2,0,2,Standard_1080p_25fps_20s
1261,0,p4x4,3,0.6157864219350295,1,12,0,-9,3.591106108840383,2:-2,temporal,0,224,3,umh,15,0,0,cbr,1,main,0.7214316074693485,25,3,141,7,3,5,63,2,0,2,Standard_1080p_25fps_20s
1261,0,p4x4,3,0.6157864219350295,2,12,0,-2,3.591106108840383,2:-2,temporal,0,435,3,dia,8,0,0,none,1,main,0.2892118132152554,25,3,141,7,40,5,38,2,0,0,Standard_1080p_25fps_20s
2087,0,"p8x8,b8x8,i8x8,i4x4",0,0.8846362895873626,2,12,0,-9,3.591106108840383,2:-2,temporal,0,224,3,dia,40,0,0,none,1,main,0.7214316074693485,25,3,141,1,40,3,37,0,0,2,Standard_1080p_25fps_20s
1261,0,p4x4,3,0.6157864219350295,2,12,0,-9,3.591106108840383,2:-2,temporal,0,435,3,dia,15,0,0,cbr,1,main,0.7214316074693485,25,3,141,7,40,5,63,2,0,0,Standard_1080p_25fps_20s
1158,0,p4x4,1,0.6157864219350295,2,12,0,-9,3.591106108840383,2:-2,temporal,0,224,3,dia,15,0,0,cbr,1,main,0.7214316074693485,25,3,141,7,3,2,63,2,0,2,Standard_1080p_25fps_20s
1261,0,p4x4,3,0.6157864219350295,2,12,0,-9,3.591106108840383,2:-2,temporal,0,224,3,dia,40,0,0,cbr,1,main,0.7214316074693485,25,3,141,1,40,0,37,0,0,2,Standard_1080p_25fps_20s
1261,0,p4x4,3,0.6157864219350295,2,12,0,-9,39.929266375879095,2:-2,temporal,0,435,4,dia,15,0,0,none,1,main,0.7214316074693485,25,3,141,7,40,5,63,1,0,2,Standard_1080p_25fps_20s
807,0,p4x4,1,0.6157864219350295,2,12,0,-9,3.591106108840383,-2:2,temporal,0,224,3,dia,15,0,0,cbr,1,main,0.7214316074693485,25,3,141,7,3,2,63,0,0,2,Standard_1080p_25fps_20s
807,0,p4x4,1,0.6157864219350295,2,12,0,-9,3.591106108840383,-2:2,temporal,0,224,3,dia,15,0,0,cbr,1,main,0.1465382046607231,25,5,141,7,3,2,63,0,0,2,Standard_1080p_25fps_20s
1158,0,p8x8,3,0.0165158802242442,1,12,0,-9,3.591106108840383,2:-2,temporal,1,224,3,umh,15,0,0,cbr,1,main,0.7214316074693485,25,3,128,7,3,5,46,1,0,2,Standard_1080p_25fps_20s
807,0,p4x4,1,0.6157864219350295,2,12,0,-9,40.204606864794656,-2:2,temporal,0,224,3,dia,15,0,0,none,1,main,0.7214316074693485,20,3,141,8,40,5,63,1,0,2,Standard_1080p_25fps_20s
1261,0,p4x4,3,0.6157864219350295,2,12,0,-9,39.929266375879095,2:-2,temporal,0,435,4,dia,38,0,0,none,0,main,0.7214316074693485,31,3,141,7,3,2,63,2,0,2,Standard_1080p_25fps_20s
1265,0,p4x4,3,0.6252271957400338,2,8,0,-9,3.591106108840383,-1:1,temporal,1,224,3,dia,15,0,0,none,1,main,0.7272749119392666,25,3,141,7,40,5,63,1,0,2,Standard_1080p_25fps_20s
1261,0,"p8x8,b8x8,i8x8,i4x4",3,0.8125305657337779,2,12,0,-9,3.591106108840383,2:-2,temporal,0,435,3,dia,15,0,0,none,1,main,0.7214316074693485,25,3,141,7,3,2,63,2,0,2,Standard_1080p_25fps_20s
1261,0,p4x4,3,0.6157864219350295,2,12,0,-2,27.41712361043868,2:-2,none,0,435,3,dia,8,0,0,none,1,main,0.2866671736179251,39,3,141,1,40,3,37,0,0,2,Standard_1080p_25fps_20s
1261,0,all,3,0.6157864219350295,1,12,0,-9,3.591106108840383,1:1,temporal,1,224,3,tesa,15,0,0,cbr,1,main,0.7214316074693485,25,3,141,7,40,5,63,2,0,0,Action_1080p_30fps_15s
768,0,p4x4,3,0.3322388140761982,1,10,0,-4,3.591106108840383,-6:6,temporal,0,252,3,tesa,15,0,0,cbr,1,main,0.7214316074693485,25,3,141,7,3,5,63,0,0,2,Action_1080p_30fps_15s
1261,0,p4x4,3,0.6157864219350295,2,12,0,-2,3.591106108840383,2:-2,temporal,0,435,3,dia,8,0,0,none,1,main,0.7214316074693485,25,3,141,1,69,5,63,0,0,0,Action_1080p_30fps_15s
1261,0,p4x4,3,0.6157864219350295,2,12,0,-9,3.591106108840383,2:-2,temporal,0,224,3,dia,15,0,0,cbr,1,main,0.7214316074693485,25,3,141,7,3,5,63,2,0,2,Action_1080p_30fps_15s
1261,0,p4x4,3,0.6157864219350295,2,12,0,-9,3.591106108840383,2:-2,temporal,0,435,3,dia,15,0,0,cbr,1,main,0.7214316074693485,25,3,141,7,40,5,63,2,0,0,Action_1080p_30fps_15s
1261,0,all,3,1.8675748583207004,1,6,0,-9,3.591106108840383,1:1,temporal,0,435,3,dia,8,0,0,none,0,main,0.7214316074693485,25,3,141,1,69,5,63,0,0,0,Action_1080p_30fps_15s
1261,0,none,3,0.6157864219350295,2,12,0,-9,3.591106108840383,2:-2,temporal,0,435,3,dia,15,0,0,vbr,1,main,0.7214316074693485,25,3,141,1,69,5,63,0,0,0,Action_1080p_30fps_15s
1261,0,p4x4,3,0.6157864219350295,2,6,0,-9,3.591106108840383,2:-2,temporal,0,252,3,tesa,15,1,0,cbr,1,main,0.7214316074693485,25,3,141,7,3,5,63,0,0,2,Action_1080p_30fps_15s
724,0,p4x4,3,0.6157864219350295,2,6,0,-9,3.591106108840383,2:-2,temporal,0,252,3,tesa,15,1,0,cbr,1,main,0.7214316074693485,25,3,141,7,24,7,4,0,0,1,Action_1080p_30fps_15s
1261,0,none,3,0.6157864219350295,2,12,0,-9,3.591106108840383,2:-2,temporal,0,435,3,dia,15,0,0,cbr,1,main,0.7214316074693485,25,3,141,1,69,5,62,0,0,0,Action_1080p_30fps_15s
1261,0,p4x4,3,0.8205273315391732,2,12,0,-4,3.591106108840383,2:-2,temporal,0,481,3,dia,8,0,0,none,1,main,0.7214316074693485,25,3,141,1,69,5,63,0,0,0,Action_1080p_30fps_15s
1261,0,p8x8,3,0.8004879615092854,1,6,0,-9,3.591106108840383,3:3,temporal,0,446,3,dia,15,1,0,cbr,1,main,0.7214316074693485,25,3,141,7,3,5,63,0,0,2,Action_1080p_30fps_15s
1261,1,none,3,0.6157864219350295,2,0,0,-9,3.591106108840383,2:-2,temporal,0,410,3,tesa,15,0,0,cbr,1,main,0.7214316074693485,25,3,141,7,3,5,63,0,0,2,Action_1080p_30fps_15s
1261,0,p4x4,3,0.6157864219350295,1,6,0,-9,3.591106108840383,2:-2,temporal,0,252,3,tesa,15,1,0,cbr,1,main,0.7214316074693485,25,13,141,7,3,5,25,0,0,2,Action_1080p_30fps_15s
1261,0,p8x8,3,0.8004879615092854,1,6,0,-9,19.782198357153,3:3,temporal,0,446,3,esa,8,0,0,none,1,main,0.7214316074693485,25,3,141,1,69,5,63,0,1,2,Action_1080p_30fps_15s
1261,0,none,3,0.6157864219350295,2,12,0,-9,42.81666512589919,2:-2,temporal,0,435,3,dia,15,0,0,cbr,1,main,0.7214316074693485,25,5,141,7,3,5,63,1,0,2,Action_1080p_30fps_15s
1261,0,p8x8,3,0.8004879615092854,1,6,0,-9,3.591106108840383,3:3,temporal,0,446,3,tesa,15,1,0,vbr,1,main,0.7214316074693485,25,3,141,1,69,5,63,0,0,0,Action_1080p_30fps_15s
1551,0,p4x4,3,0.6157864219350295,2,12,0,-9,6.235057069937006,2:-2,temporal,0,324,3,dia,15,1,0,vbr,1,main,0.7214316074693485,25,3,141,6,3,5,56,0,0,2,Action_1080p_30fps_15s
1261,0,"p8x8,b8x8,i8x8,i4x4",3,0.6157864219350295,2,12,0,-9,3.591106108840383,2:-2,temporal,0,435,3,dia,15,0,0,cbr,1,main,0.7214316074693485,25,3,141,7,40,5,63,2,0,0,Action_1080p_30fps_15s
1261,0,p4x4,3,0.6157864219350295,2,12,0,-9,39.01915607122705,2:-2,temporal,0,435,3,dia,15,1,0,vbr,1,main,0.7214316074693485,25,3,141,1,69,5,63,0,0,0,Action_1080p_30fps_15s
1261,0,all,3,1.188575956133466,1,12,0,-9,3.591106108840383,6:-6,temporal,1,54,3,umh,15,0,0,cbr,1,main,0.7214316074693485,25,3,9,2,40,1,19,2,0,0,Still_image_720p_60fps_15s
1261,0,all,3,0.6157864219350295,1,6,0,-9,3.591106108840383,1:1,temporal,1,54,4,umh,15,1,0,cbr,1,main,0.7214316074693485,48,3,9,2,40,1,63,2,0,1,Still_image_720p_60fps_15s
1261,0,all,3,0.6157864219350295,1,6,0,-9,3.591106108840383,1:1,temporal,1,54,4,umh,15,0,0,cbr,1,main,0.7214316074693485,30,3,47,1,67,5,63,0,0,1,Still_image_720p_60fps_15s
1261,0,all,3,0.6157864219350295,1,6,0,-9,3.591106108840383,3:-3,temporal,1,54,4,umh,15,0,0,cbr,1,main,0.7214316074693485,25,3,9,2,40,1,28,2,1,2,Still_image_720p_60fps_15s
1261,0,all,3,1.188575956133466,1,12,0,-7,3.591106108840383,-2:2,temporal,1,54,4,umh,4,0,0,cbr,1,main,0.7214316074693485,30,3,229,1,67,5,63,0,1,1,Still_image_720p_60fps_15s
1261,0,all,3,0.6157864219350295,1,1,0,-9,3.591106108840383,1:1,temporal,1,54,4,umh,15,1,0,cbr,1,baseline,0.7214316074693485,48,6,32,2,40,1,63,2,0,1,Still_image_720p_60fps_15s
1261,0,all,3,0.6157864219350295,1,6,0,-9,3.591106108840383,1:1,temporal,1,54,4,umh,15,0,0,cbr,1,main,0.7214316074693485,30,3,47,1,67,5,63,0,0,2,Still_image_720p_60fps_15s
1261,0,all,3,1.188575956133466,1,12,0,-7,3.591106108840383,-2:2,temporal,1,54,2,umh,4,0,0,cbr,1,main,0.7214316074693485,30,3,229,1,67,5,63,0,1,1,Still_image_720p_60fps_15s
1261,0,all,3,1.8190286606737605,1,12,0,-9,3.591106108840383,6:-6,temporal,1,54,3,umh,15,0,0,cbr,1,main,0.7214316074693485,25,3,9,2,40,5,0,0,0,0,Still_image_720p_60fps_15s
1261,0,all,3,0.1323837591628791,1,6,0,-9,3.591106108840383,3:-3,temporal,1,54,4,umh,15,1,0,cbr,1,main,0.7214316074693485,48,3,9,2,40,1,63,2,1,1,Still_image_720p_60fps_15s
1261,0,all,3,0.6157864219350295,1,6,0,-9,3.591106108840383,4:4,auto,0,54,2,umh,15,0,0,cbr,1,main,0.7214316074693485,25,3,9,2,40,1,28,2,1,2,Still_image_720p_60fps_15s
490,0,all,3,0.922724152065378,1,6,0,-9,3.591106108840383,1:-1,temporal,1,54,1,umh,15,0,0,cbr,1,main,0.7214316074693485,48,3,9,2,40,1,63,2,0,1,Still_image_720p_60fps_15s
1261,0,all,3,0.6157864219350295,1,1,0,-9,32.220631508509584,1:1,temporal,1,54,4,umh,15,0,0,cbr,1,high,0.6737643222610188,48,3,9,2,40,1,63,2,0,1,Still_image_720p_60fps_15s
1261,0,all,3,0.6157864219350295,1,6,0,-9,3.591106108840383,4:-4,spatial,1,59,4,umh,15,0,0,cbr,1,main,0.6395109425648968,25,3,9,2,56,1,28,2,1,2,Still_image_720p_60fps_15s
1261,0,all,3,0.6157864219350295,1,1,0,-9,23.80608288264919,1:1,temporal,1,54,4,umh,15,1,0,cbr,1,baseline,0.7214316074693485,25,3,9,2,40,1,28,1,0,2,Still_image_720p_60fps_15s
1261,0,all,3,0.6157864219350295,1,6,0,-9,3.591106108840383,3:-3,temporal,1,54,4,umh,15,0,0,cbr,1,main,0.7214316074693485,48,6,32,2,40,1,46,2,0,1,Still_image_720p_60fps_15s
1261,0,p4x4,0,0.3322388140761982,0,10,0,-9,2.489530098633681,-6:6,temporal,0,252,3,tesa,15,1,0,cbr,1,main,0.7214316074693485,25,6,141,1,40,1,63,0,0,0,Still_image_720p_60fps_15s
1261,0,p4x4,3,0.6157864219350295,1,12,0,-9,3.591106108840383,2:-2,temporal,0,224,3,umh,15,0,0,cbr,1,main,0.7214316074693485,25,3,141,7,3,5,63,2,0,2,Still_image_720p_60fps_15s
1261,0,p4x4,3,0.6157864219350295,2,10,0,-9,3.591106108840383,-6:6,temporal,0,224,3,dia,11,1,0,cbr,1,main,0.7214316074693485,30,3,141,1,40,4,63,0,0,1,Still_image_720p_60fps_15s
908,0,p4x4,0,0.0520260669292369,1,0,0,11,38.77276667599533,4:4,none,0,175,2,hex,23,0,0,cbr,1,main,0.8970525133225481,25,3,141,1,40,6,9,2,1,2,Still_image_720p_60fps_15s
1261,0,all,3,0.6157864219350295,1,6,0,-9,3.591106108840383,1:1,temporal,1,377,4,umh,15,1,0,cbr,1,main,0.7214316074693485,48,4,172,2,40,1,63,2,1,0,Still_image_1080p_25fps_5s
1261,0,all,3,0.1323837591628791,1,6,0,-9,3.591106108840383,3:-3,temporal,1,54,4,umh,15,1,0,cbr,1,main,0.7214316074693485,48,3,9,2,40,1,63,2,1,1,Still_image_1080p_25fps_5s
1261,0,all,3,0.6157864219350295,1,6,0,-9,3.591106108840383,1:1,temporal,1,54,4,umh,15,0,0,cbr,1,main,0.7214316074693485,48,3,184,2,40,5,63,1,1,1,Still_image_1080p_25fps_5s
1261,0,all,3,0.6157864219350295,1,6,0,-9,3.591106108840383,1:1,temporal,1,377,4,umh,15,1,0,cbr,1,baseline,0.7214316074693485,48,4,86,2,40,1,9,2,1,2,Still_image_1080p_25fps_5s
1261,0,p4x4,1,0.1116361652244061,2,12,0,-9,3.591106108840383,2:-2,none,0,224,3,dia,40,0,0,none,1,main,0.7214316074693485,25,3,141,1,69,5,63,0,1,0,Still_image_1080p_25fps_5s
1689,1,all,0,0.0520260669292369,2,0,0,11,4.787320014988849,4:4,none,0,175,2,hex,64,0,0,none,0,baseline,0.2115404214338969,20,7,107,4,24,7,49,2,0,1,Still_image_1080p_25fps_5s
1689,1,all,0,0.0520260669292369,2,0,0,11,4.787320014988849,4:4,none,0,175,2,hex,64,0,0,cbr,1,main,0.7214316074693485,25,3,141,1,40,5,9,2,1,2,Still_image_1080p_25fps_5s
1689,1,all,0,0.0520260669292369,2,0,1,11,4.787320014988849,4:4,none,0,175,2,hex,64,0,0,cbr,1,baseline,0.3291089101103284,20,7,107,4,24,7,49,2,0,0,Still_image_1080p_25fps_5s
908,0,p4x4,0,0.0520260669292369,1,0,0,11,25.355881437480377,4:4,none,0,175,2,hex,23,0,0,cbr,1,main,0.8970525133225481,25,3,141,1,40,6,9,2,1,2,Still_image_1080p_25fps_5s
1261,1,p4x4,3,0.6157864219350295,1,12,0,6,3.591106108840383,2:-2,none,0,175,2,hex,64,0,0,cbr,1,main,0.7214316074693485,25,3,141,1,40,5,9,2,0,2,Still_image_1080p_25fps_5s
1261,1,p4x4,3,0.6157864219350295,1,12,0,6,3.591106108840383,2:-2,none,0,175,2,hex,64,0,0,vbr,1,main,0.6985381888725503,25,3,141,1,40,5,16,2,0,2,Still_image_1080p_25fps_5s
908,0,p4x4,0,0.0520260669292369,1,0,0,11,25.355881437480377,4:4,none,0,175,2,hex,64,0,0,cbr,1,baseline,0.7214316074693485,25,3,141,1,40,5,9,2,1,2,Still_image_1080p_25fps_5s
1689,1,all,0,0.0520260669292369,2,0,0,11,4.787320014988849,4:4,none,0,175,2,hex,64,0,0,cbr,1,main,0.7214316074693485,25,3,141,1,19,5,9,2,0,2,Still_image_1080p_25fps_5s
908,0,p4x4,0,0.0520260669292369,1,0,0,11,25.355881437480377,4:4,none,0,175,2,hex,23,0,0,cbr,1,main,0.8970525133225481,25,3,141,1,40,5,16,2,0,2,Still_image_1080p_25fps_5s
990,1,all,0,0.0520260669292369,1,0,0,11,25.355881437480377,4:4,none,0,175,2,hex,23,1,0,cbr,1,main,0.8970525133225481,25,17,141,1,40,5,16,2,0,2,Still_image_1080p_25fps_5s
908,0,p4x4,2,0.0520260669292369,1,0,0,11,25.355881437480377,4:4,none,0,437,2,umh,33,0,0,none,1,baseline,0.8970525133225481,24,3,141,1,40,5,16,2,0,2,Still_image_1080p_25fps_5s
1261,0,p4x4,3,0.6157864219350295,2,12,0,-2,3.591106108840383,2:-2,temporal,0,435,3,dia,8,0,0,none,1,main,0.2892118132152554,25,3,141,7,40,5,38,2,0,0,Still_image_1080p_25fps_5s
1261,0,p4x4,3,0.6252271957400338,2,12,0,-9,3.591106108840383,2:-2,temporal,0,224,3,dia,15,0,0,cbr,1,main,0.7214316074693485,31,3,141,7,3,2,63,2,0,2,Still_image_1080p_25fps_5s
1261,0,p4x4,0,0.3322388140761982,0,10,0,-9,2.489530098633681,-6:6,temporal,0,252,3,tesa,15,1,0,cbr,1,main,0.7214316074693485,25,6,141,1,40,1,63,0,0,0,Still_image_1080p_25fps_5s
1261,0,p4x4,3,0.6157864219350295,2,10,0,-9,3.591106108840383,-6:6,temporal,0,224,3,dia,11,1,0,cbr,1,main,0.7214316074693485,30,3,141,1,40,4,63,0,0,1,Still_image_1080p_25fps_5s
1261,0,all,2,0.6157864219350295,2,12,0,-9,3.591106108840383,1:1,auto,1,166,3,umh,10,0,0,cbr,1,baseline,0.7214316074693485,25,3,141,1,40,11,9,2,0,1,Big_1080p_30fps_20s
1261,0,all,3,0.6157864219350295,1,6,0,-9,3.591106108840383,1:1,temporal,1,377,4,umh,15,1,0,cbr,1,main,0.7214316074693485,48,4,172,2,40,1,63,2,1,0,Big_1080p_30fps_20s
1261,0,all,3,0.6157864219350295,1,6,0,-9,3.591106108840383,1:1,temporal,1,54,4,umh,15,0,0,cbr,1,main,0.7214316074693485,48,3,184,2,40,5,63,1,1,1,Big_1080p_30fps_20s
1261,0,all,2,1.650420363547847,2,12,0,-9,3.591106108840383,-2:2,auto,1,166,3,umh,10,0,0,cbr,1,baseline,0.4644881797327789,25,3,141,6,40,11,9,2,0,1,Big_1080p_30fps_20s
1261,0,all,3,0.6157864219350295,1,6,0,-9,3.591106108840383,1:1,temporal,1,54,4,umh,15,0,0,cbr,1,high,0.7214316074693485,48,3,7,2,40,5,63,1,1,1,Big_1080p_30fps_20s
1261,0,all,3,0.6252271957400338,2,6,0,-9,3.591106108840383,1:1,temporal,1,377,4,umh,15,1,0,cbr,1,main,0.7214316074693485,48,4,172,2,40,1,63,2,1,0,Big_1080p_30fps_20s
1261,0,all,3,0.6252271957400338,2,6,0,-9,3.591106108840383,1:1,temporal,1,377,4,umh,15,1,0,cbr,0,main,0.7214316074693485,48,4,64,2,40,1,63,0,1,0,Big_1080p_30fps_20s
1261,0,all,3,0.6157864219350295,1,8,0,-9,3.591106108840383,1:1,temporal,1,377,4,umh,15,1,0,cbr,1,main,0.7214316074693485,48,4,172,2,40,1,63,2,1,0,Big_1080p_30fps_20s
1261,0,all,3,0.6157864219350295,1,6,0,-9,3.591106108840383,1:1,temporal,1,377,4,umh,15,1,0,cbr,1,main,0.7214316074693485,38,4,172,2,40,1,63,2,1,0,Big_1080p_30fps_20s
1261,0,all,2,0.6157864219350295,2,12,0,-9,3.591106108840383,1:1,auto,1,166,3,umh,10,0,0,cbr,1,high,0.941027742479888,48,3,7,2,40,5,63,1,1,1,Big_1080p_30fps_20s
1261,0,p4x4,3,0.6157864219350295,2,12,0,-9,3.591106108840383,2:-2,temporal,0,435,3,dia,15,0,0,none,1,main,0.7214316074693485,25,3,141,7,40,5,63,1,0,0,Big_1080p_30fps_20s
1261,0,p8x8,3,0.6157864219350295,1,12,0,-9,3.591106108840383,2:-2,temporal,1,224,3,umh,15,0,0,cbr,1,main,0.7214316074693485,25,3,128,7,3,5,63,2,0,2,Big_1080p_30fps_20s
1261,0,p8x8,3,0.6157864219350295,2,2,0,-10,3.591106108840383,2:-2,temporal,0,435,1,dia,15,0,0,cbr,1,main,0.7214316074693485,25,3,141,7,3,5,38,2,0,0,Big_1080p_30fps_20s
1261,0,p4x4,3,0.6157864219350295,2,6,0,-9,3.591106108840383,2:-2,temporal,0,252,3,tesa,15,1,0,cbr,1,main,0.7214316074693485,25,3,141,7,3,5,63,0,0,2,Big_1080p_30fps_20s
1261,0,p4x4,3,0.3322388140761982,0,10,0,-9,3.591106108840383,-6:6,temporal,0,252,3,tesa,15,1,0,cbr,1,main,0.7214316074693485,25,6,141,7,3,5,63,2,0,2,Big_1080p_30fps_20s
2087,0,"p8x8,b8x8,i8x8,i4x4",0,0.8846362895873626,2,12,0,-9,3.591106108840383,2:-2,temporal,0,224,3,dia,40,0,0,none,1,main,0.7214316074693485,25,3,141,1,40,3,37,0,0,2,Big_1080p_30fps_20s
1261,0,p4x4,3,0.6157864219350295,1,12,0,-9,3.591106108840383,2:-2,temporal,0,224,3,umh,15,0,0,cbr,1,main,0.7214316074693485,25,3,141,7,3,5,63,2,0,2,Big_1080p_30fps_20s
1261,0,p4x4,3,0.6252271957400338,2,12,0,-9,3.591106108840383,2:-2,temporal,0,224,3,dia,15,0,0,vbr,1,main,0.7214316074693485,31,3,141,2,40,1,63,2,0,1,Big_1080p_30fps_20s
1261,0,p4x4,3,0.6157864219350295,2,12,0,-9,3.591106108840383,2:-2,temporal,0,435,3,dia,15,0,0,none,1,baseline,0.7214316074693485,31,3,141,7,40,5,63,1,0,0,Big_1080p_30fps_20s
1261,0,none,3,0.6157864219350295,2,12,0,-9,3.591106108840383,2:-2,temporal,0,435,3,dia,15,0,0,cbr,1,main,0.7214316074693485,25,3,141,1,69,5,62,0,0,0,Big_1080p_30fps_20s
1158,0,p4x4,1,0.6157864219350295,2,12,0,-9,3.591106108840383,2:-2,temporal,0,224,3,dia,15,0,0,cbr,1,main,0.7214316074693485,25,3,141,7,3,2,63,2,0,2,Action_1080p_30fps_20s
1261,0,all,3,1.8675748583207004,1,6,0,-9,3.591106108840383,1:1,temporal,0,435,3,dia,8,0,0,none,0,main,0.7214316074693485,25,3,141,1,69,5,63,0,0,0,Action_1080p_30fps_20s
1261,0,p8x8,3,0.6157864219350295,2,2,0,-10,3.591106108840383,2:-2,temporal,0,435,1,dia,15,0,0,cbr,1,main,0.7214316074693485,25,3,141,7,3,5,38,2,0,0,Action_1080p_30fps_20s
1261,0,p8x8,3,0.6157864219350295,2,12,0,-9,3.591106108840383,2:-2,temporal,0,435,1,dia,15,0,0,cbr,1,main,0.7214316074693485,25,3,141,7,3,5,63,2,0,2,Action_1080p_30fps_20s
2087,0,"p8x8,b8x8,i8x8,i4x4",0,0.8846362895873626,2,12,0,-9,3.591106108840383,2:-2,temporal,0,224,3,dia,40,0,0,none,1,main,0.7214316074693485,25,3,141,1,40,3,37,0,0,2,Action_1080p_30fps_20s
1261,0,p4x4,3,0.3322388140761982,0,10,0,-9,3.591106108840383,-6:6,temporal,0,252,3,tesa,15,1,0,cbr,1,main,0.7214316074693485,25,6,141,7,3,5,63,2,0,2,Action_1080p_30fps_20s
1261,0,p4x4,3,0.6157864219350295,2,12,0,-9,3.591106108840383,2:-2,temporal,0,435,3,dia,15,0,0,none,1,baseline,0.7214316074693485,31,3,141,7,40,5,63,1,0,0,Action_1080p_30fps_20s
1261,0,p4x4,3,0.6157864219350295,2,12,0,-9,3.591106108840383,2:-2,temporal,0,224,3,dia,15,0,0,cbr,1,main,0.7214316074693485,25,3,141,7,3,5,63,2,0,2,Action_1080p_30fps_20s
1261,0,p4x4,0,0.3322388140761982,0,10,0,-9,2.489530098633681,-6:6,temporal,0,252,3,tesa,15,1,0,cbr,1,main,0.7214316074693485,25,6,141,1,40,1,63,0,0,0,Action_1080p_30fps_20s
1261,0,p4x4,3,0.6157864219350295,2,12,0,-9,31.81626114326599,2:-2,temporal,0,435,3,dia,8,0,0,none,0,main,0.7214316074693485,25,3,141,1,69,5,63,0,0,0,Action_1080p_30fps_20s
1261,0,p8x8,3,0.6157864219350295,2,2,0,-10,3.591106108840383,2:-2,temporal,0,435,1,dia,15,0,0,cbr,1,high,0.7214316074693485,25,6,119,7,3,5,63,0,0,2,Action_1080p_30fps_20s
1261,0,all,3,1.8675748583207004,1,3,0,-9,3.591106108840383,2:-2,temporal,0,224,3,dia,15,0,0,none,1,main,0.7214316074693485,25,3,141,5,3,3,63,0,1,2,Action_1080p_30fps_20s
1261,0,p4x4,3,0.3322388140761982,1,10,0,-9,3.591106108840383,-6:6,temporal,0,252,3,tesa,15,1,0,cbr,1,main,0.7214316074693485,25,6,185,7,3,5,63,2,0,2,Action_1080p_30fps_20s
1261,0,p8x8,3,0.6157864219350295,2,2,0,-10,3.591106108840383,2:-2,temporal,1,435,1,dia,15,0,0,cbr,1,main,0.7214316074693485,30,9,47,1,67,5,63,0,0,2,Action_1080p_30fps_20s
1261,0,p4x4,3,0.3322388140761982,0,10,0,-9,3.591106108840383,-6:6,temporal,0,252,2,dia,15,0,0,cbr,1,main,0.7214316074693485,25,3,141,7,3,5,38,0,0,0,Action_1080p_30fps_20s
1261,0,all,3,1.8675748583207004,0,1,0,-9,3.591106108840383,2:-2,temporal,0,224,3,dia,15,0,0,none,1,main,0.7214316074693485,25,6,185,7,3,5,63,2,0,2,Action_1080p_30fps_20s
2087,0,"p8x8,b8x8,i8x8,i4x4",0,0.8846362895873626,2,12,0,-9,3.0409554660668934,2:-2,temporal,0,224,4,dia,15,0,0,cbr,1,main,0.7214316074693485,25,3,141,7,3,2,63,2,0,1,Action_1080p_30fps_20s
1261,0,p8x8,3,0.6157864219350295,2,2,0,-10,3.591106108840383,2:-2,temporal,0,191,1,dia,15,0,0,cbr,1,main,0.7214316074693485,25,18,141,7,3,5,38,2,0,0,Action_1080p_30fps_20s
1261,0,p4x4,0,0.3322388140761982,0,10,0,-9,2.489530098633681,-6:6,temporal,0,283,3,tesa,15,1,0,none,1,main,0.7214316074693485,25,6,233,7,3,5,63,2,0,2,Action_1080p_30fps_20s
1261,0,p8x8,3,0.6157864219350295,1,2,0,11,3.591106108840383,2:-2,temporal,0,435,1,dia,15,0,0,cbr,1,main,0.7214316074693485,25,6,185,7,3,5,63,2,0,2,Action_1080p_30fps_20s
1261,0,all,3,1.188575956133466,1,12,0,-7,3.591106108840383,6:-6,temporal,1,54,3,umh,10,0,0,cbr,1,main,0.7214316074693485,25,3,141,1,40,5,9,2,1,0,Still_image_1080p_25fps_15s
1261,0,all,3,0.6252271957400338,2,6,0,-9,3.591106108840383,1:1,temporal,1,377,4,umh,15,1,0,cbr,0,main,0.7214316074693485,48,4,64,2,40,1,63,0,1,0,Still_image_1080p_25fps_15s
1261,0,all,3,0.6157864219350295,1,12,0,-9,3.591106108840383,1:1,temporal,1,54,3,umh,15,0,0,cbr,1,main,0.7214316074693485,25,3,9,2,40,5,63,2,0,0,Still_image_1080p_25fps_15s
1261,0,p4x4,3,0.6157864219350295,2,12,0,-9,3.591106108840383,1:1,auto,1,54,3,umh,15,0,0,cbr,1,main,0.7214316074693485,25,3,9,2,92,5,63,2,1,0,Still_image_1080p_25fps_15s
1261,0,all,3,0.6157864219350295,1,1,0,-9,3.591106108840383,1:1,temporal,1,54,4,umh,15,1,0,cbr,1,baseline,0.7214316074693485,48,6,32,2,40,1,63,2,0,1,Still_image_1080p_25fps_15s
1261,0,all,3,0.6157864219350295,2,12,0,-9,3.591106108840383,1:1,auto,1,166,3,umh,10,0,0,cbr,1,baseline,0.7214316074693485,25,3,141,1,40,11,9,2,0,0,Still_image_1080p_25fps_15s
1261,0,all,3,0.1323837591628791,1,6,0,-9,3.591106108840383,3:-3,temporal,1,54,4,umh,15,1,0,cbr,1,main,0.7214316074693485,48,3,9,2,40,1,63,2,1,1,Still_image_1080p_25fps_15s
1261,0,p8x8,3,0.6157864219350295,2,12,0,-9,3.591106108840383,1:1,auto,1,54,3,umh,15,0,0,cbr,1,main,0.7214316074693485,25,3,37,2,92,5,63,1,1,0,Still_image_1080p_25fps_15s
1261,0,p8x8,3,0.6157864219350295,2,12,0,-9,3.591106108840383,1:1,auto,1,166,3,umh,10,0,0,cbr,1,baseline,0.7214316074693485,25,3,141,1,81,11,20,2,1,1,Still_image_1080p_25fps_15s
1261,0,all,3,0.7629129009395013,0,6,0,-9,3.591106108840383,1:1,temporal,1,377,4,umh,15,0,0,cbr,1,main,0.7214316074693485,25,3,201,1,40,5,9,2,1,0,Still_image_1080p_25fps_15s
1261,0,p8x8,3,0.6157864219350295,2,12,0,10,3.591106108840383,-6:6,auto,1,54,3,umh,15,0,0,cbr,1,main,0.7214316074693485,25,3,141,1,66,5,9,2,1,0,Still_image_1080p_25fps_15s
1261,0,all,3,1.188575956133466,1,12,0,-7,3.591106108840383,6:-6,temporal,1,54,3,umh,10,0,0,cbr,1,main,0.7214316074693485,25,3,37,13,92,5,63,1,1,0,Still_image_1080p_25fps_15s
1261,0,all,3,1.188575956133466,0,11,0,-7,3.591106108840383,6:-6,none,1,54,3,umh,28,0,0,cbr,1,baseline,0.7214316074693485,26,3,141,1,40,5,9,2,1,0,Still_image_1080p_25fps_15s
1261,0,all,3,0.6157864219350295,2,12,0,-9,3.591106108840383,1:1,auto,1,166,3,hex,10,1,0,cbr,1,main,0.7214316074693485,25,3,201,1,40,5,53,2,1,0,Still_image_1080p_25fps_15s
1261,1,all,3,0.1323837591628791,1,6,0,-9,3.591106108840383,3:-3,temporal,1,54,4,umh,15,0,0,cbr,1,main,0.7214316074693485,48,3,9,2,40,1,63,2,1,1,Still_image_1080p_25fps_15s
1261,0,all,3,0.1323837591628791,0,6,0,-9,3.591106108840383,3:-3,temporal,1,54,4,umh,15,1,0,cbr,1,main,0.7214316074693485,48,3,9,13,92,5,44,0,1,0,Still_image_1080p_25fps_15s
1261,0,p4x4,3,0.6157864219350295,2,12,0,-9,17.31885750274167,-5:5,auto,1,54,3,umh,15,0,0,cbr,1,high,0.7214316074693485,25,3,37,4,92,5,63,1,1,0,Still_image_1080p_25fps_15s
1261,0,p4x4,3,0.6157864219350295,2,12,0,-9,3.591106108840383,1:1,auto,1,54,3,umh,15,0,0,cbr,1,main,0.7214316074693485,25,3,141,1,66,5,9,2,1,1,Still_image_1080p_25fps_15s
1668,0,p4x4,3,0.6157864219350295,2,12,0,-9,17.31885750274167,-5:5,auto,1,54,3,umh,15,0,0,none,1,high,0.7214316074693485,25,3,37,4,92,5,63,0,1,0,Still_image_1080p_25fps_15s
1261,0,all,3,0.6252271957400338,2,6,0,-9,3.591106108840383,1:1,temporal,1,377,4,dia,15,0,0,cbr,0,main,0.7214316074693485,48,4,64,2,40,1,63,0,1,0,Still_image_1080p_25fps_15s
1261,0,all,2,0.0480231438853907,2,12,0,-7,3.591106108840383,6:-6,temporal,1,54,3,umh,10,1,0,cbr,1,main,0.7214316074693485,25,3,48,1,40,5,9,2,0,0,Action_1080p_60fps_5s
1261,0,all,3,1.0163892858051606,1,12,0,-7,3.591106108840383,6:-6,temporal,1,54,3,umh,10,1,1,cbr,1,main,0.7214316074693485,25,3,48,1,40,5,9,2,0,1,Action_1080p_60fps_5s
1261,0,all,3,1.188575956133466,1,12,0,-7,3.591106108840383,-2:2,temporal,1,54,2,umh,4,0,0,cbr,1,main,0.7214316074693485,30,3,229,1,67,5,63,0,1,1,Action_1080p_60fps_5s
1261,0,p8x8,3,0.6157864219350295,2,12,0,-9,3.591106108840383,1:1,auto,1,54,3,umh,15,0,0,cbr,1,main,0.7214316074693485,25,3,37,2,92,5,63,1,1,0,Action_1080p_60fps_5s
1261,0,all,3,0.6157864219350295,1,6,0,-9,3.591106108840383,1:1,temporal,1,54,4,umh,15,0,0,cbr,1,main,0.7214316074693485,48,3,184,2,40,5,63,1,1,1,Action_1080p_60fps_5s
1261,0,all,3,0.6157864219350295,2,6,0,-9,3.591106108840383,1:1,temporal,1,212,4,umh,46,0,0,cbr,1,main,0.7214316074693485,48,3,9,2,40,9,63,2,1,0,Action_1080p_60fps_5s
1261,0,all,3,0.6157864219350295,1,1,0,-9,3.591106108840383,1:1,temporal,1,54,4,umh,15,1,0,cbr,1,baseline,0.7214316074693485,48,6,32,2,40,1,63,2,0,1,Action_1080p_60fps_5s
1261,0,all,3,1.188575956133466,1,12,0,-7,3.591106108840383,6:-6,temporal,1,54,3,umh,10,0,0,cbr,1,main,0.7214316074693485,25,3,141,1,40,5,9,2,1,0,Action_1080p_60fps_5s
1261,0,all,2,1.650420363547847,2,12,0,-9,3.591106108840383,-2:2,auto,1,166,3,umh,10,0,0,cbr,1,baseline,0.4644881797327789,25,3,141,6,40,11,9,2,0,1,Action_1080p_60fps_5s
1261,0,all,2,0.6157864219350295,2,12,0,-9,3.591106108840383,1:1,auto,1,166,3,umh,10,0,0,cbr,1,high,0.941027742479888,48,3,7,2,40,5,63,1,1,1,Action_1080p_60fps_5s
1261,0,all,3,0.6252271957400338,2,6,0,-9,3.591106108840383,1:1,temporal,1,377,4,umh,15,1,0,cbr,1,main,0.7214316074693485,48,4,172,2,40,1,63,2,1,0,Action_1080p_60fps_5s
1261,0,all,3,0.6157864219350295,1,6,0,-9,3.591106108840383,1:1,temporal,1,54,4,umh,15,0,0,cbr,1,main,0.7214316074693485,48,3,9,2,40,5,63,2,0,1,Action_1080p_60fps_5s
1261,0,all,3,0.6157864219350295,1,1,0,-9,3.591106108840383,1:1,auto,1,54,4,umh,15,1,0,cbr,1,main,0.7214316074693485,48,3,9,2,40,5,63,2,0,1,Action_1080p_60fps_5s
1261,0,all,3,0.6157864219350295,1,6,0,-9,3.591106108840383,1:1,auto,1,54,4,umh,15,0,0,cbr,1,baseline,0.7214316074693485,48,6,32,2,40,1,63,0,0,1,Action_1080p_60fps_5s
1261,0,all,1,0.6157864219350295,1,6,0,-9,3.591106108840383,1:1,temporal,1,54,4,umh,15,0,0,cbr,1,main,0.7214316074693485,48,3,101,5,40,5,63,0,1,1,Action_1080p_60fps_5s
1261,0,all,3,0.6157864219350295,2,6,1,-9,3.591106108840383,1:1,temporal,1,212,4,umh,46,0,0,cbr,1,main,0.7214316074693485,42,3,9,2,40,9,63,1,1,0,Action_1080p_60fps_5s
1261,0,all,3,0.6157864219350295,1,6,0,-9,3.591106108840383,1:1,auto,1,363,4,umh,15,0,0,cbr,1,main,0.7214316074693485,25,3,141,7,40,5,63,2,0,0,Action_1080p_60fps_5s
1261,0,"p8x8,b8x8,i8x8,i4x4",3,0.6157864219350295,2,12,0,-3,3.591106108840383,1:1,auto,1,54,3,umh,38,0,0,cbr,1,main,0.7214316074693485,48,3,9,15,40,9,37,2,1,0,Action_1080p_60fps_5s
1261,0,all,3,0.6157864219350295,1,1,0,-9,3.591106108840383,1:1,temporal,1,54,4,umh,15,1,0,cbr,1,baseline,0.7214316074693485,48,6,32,2,40,9,63,1,0,0,Action_1080p_60fps_5s
1261,0,all,3,0.6157864219350295,2,6,0,-9,3.591106108840383,1:1,temporal,0,54,3,umh,10,0,0,cbr,1,main,0.7214316074693485,40,3,141,1,40,5,9,2,0,0,Action_1080p_60fps_5s
1261,0,all,3,0.1323837591628791,1,6,0,-9,3.591106108840383,3:-3,temporal,1,54,4,umh,15,1,0,cbr,1,main,0.7214316074693485,48,3,9,2,40,1,63,2,1,1,Still_image_480p_30fps_5s
1261,0,all,3,1.188575956133466,1,12,0,-7,3.591106108840383,-2:2,temporal,1,54,4,umh,4,0,0,cbr,1,main,0.7214316074693485,30,3,229,1,67,5,63,0,1,1,Still_image_480p_30fps_5s
1261,0,all,3,0.6252271957400338,2,6,0,-9,3.591106108840383,1:1,temporal,1,377,4,umh,15,1,0,cbr,1,main,0.7214316074693485,48,4,172,2,40,1,63,2,1,0,Still_image_480p_30fps_5s
1261,0,all,3,1.188575956133466,1,12,0,-7,3.591106108840383,-2:2,temporal,1,54,2,umh,4,0,0,cbr,1,main,0.7214316074693485,30,3,229,1,67,5,63,0,1,1,Still_image_480p_30fps_5s
1261,0,all,3,1.4144727288334005,1,6,0,-9,3.591106108840383,1:1,temporal,1,54,4,umh,15,1,0,cbr,1,main,0.7214316074693485,48,3,9,2,40,1,63,2,0,1,Still_image_480p_30fps_5s
1261,0,all,3,0.6157864219350295,2,12,0,-9,3.591106108840383,1:1,temporal,1,54,3,umh,15,0,0,none,1,main,0.7214316074693485,25,3,9,2,40,1,63,2,1,1,Still_image_480p_30fps_5s
1261,0,all,3,0.7629129009395013,0,6,0,-9,3.591106108840383,1:1,temporal,1,377,4,umh,15,0,0,cbr,1,main,0.7214316074693485,25,3,201,1,40,5,9,2,1,0,Still_image_480p_30fps_5s
1261,0,all,3,0.6157864219350295,1,8,0,-9,3.591106108840383,1:1,temporal,1,377,4,umh,15,1,0,cbr,1,main,0.7214316074693485,48,4,172,2,40,1,63,2,1,0,Still_image_480p_30fps_5s
1261,0,all,3,0.6157864219350295,2,6,0,-9,3.591106108840383,1:1,auto,1,54,3,umh,15,0,0,none,1,main,0.7214316074693485,25,10,9,2,40,1,16,2,1,1,Still_image_480p_30fps_5s
1261,0,p8x8,3,0.6157864219350295,1,6,0,-9,3.591106108840383,3:-3,temporal,1,54,4,umh,15,0,0,cbr,1,baseline,0.7214316074693485,25,19,9,2,40,1,28,2,1,1,Still_image_480p_30fps_5s
1261,0,all,3,1.188575956133466,1,8,0,-7,3.591106108840383,-2:2,temporal,1,54,2,umh,4,0,0,cbr,1,main,0.7214316074693485,30,3,229,1,67,5,63,0,1,1,Still_image_480p_30fps_5s
1261,0,all,3,0.7629129009395013,0,6,0,-9,3.591106108840383,3:-3,temporal,1,54,4,hex,15,0,0,cbr,1,baseline,0.7214316074693485,36,19,9,12,40,1,28,2,1,1,Still_image_480p_30fps_5s
1261,0,all,3,1.188575956133466,1,12,0,-7,3.591106108840383,0:0,temporal,1,54,4,umh,4,1,0,cbr,1,main,0.8826066948113872,30,3,10,1,40,1,63,1,0,1,Still_image_480p_30fps_5s
1261,0,all,1,0.6252271957400338,2,6,0,-9,3.591106108840383,1:1,temporal,0,377,4,hex,15,0,0,cbr,1,main,0.813740992519497,48,4,172,2,40,1,63,2,1,0,Still_image_480p_30fps_5s
1261,0,all,3,0.7629129009395013,0,6,0,-9,3.591106108840383,3:-3,temporal,1,154,4,hex,15,0,0,none,1,baseline,0.7214316074693485,36,19,9,12,40,1,28,1,1,1,Still_image_480p_30fps_5s
1261,0,all,3,1.4144727288334005,2,6,0,-9,3.591106108840383,1:1,temporal,1,54,4,umh,15,1,0,cbr,1,main,0.7214316074693485,40,19,9,2,40,1,28,1,1,1,Still_image_480p_30fps_5s
1261,0,p8x8,3,0.6157864219350295,1,6,0,-9,3.591106108840383,3:-3,spatial,1,54,4,umh,15,0,0,cbr,1,high,0.4583909066972784,48,3,9,2,40,1,63,0,0,1,Still_image_480p_30fps_5s
1261,0,all,3,0.1323837591628791,1,6,0,-8,11.268874801608195,3:-3,temporal,0,54,4,umh,15,1,0,cbr,1,main,0.7214316074693485,48,3,9,2,40,1,63,2,1,1,Still_image_480p_30fps_5s
1261,0,all,3,0.6157864219350295,1,6,0,-9,3.591106108840383,1:1,auto,1,54,3,umh,15,0,0,none,1,main,0.7214316074693485,25,10,9,2,40,1,28,2,1,2,Still_image_480p_30fps_5s
1261,0,all,3,0.6157864219350295,1,6,0,-9,3.591106108840383,1:1,auto,1,54,3,dia,15,0,0,cbr,1,main,0.7214316074693485,48,3,9,2,40,1,63,2,1,1,Still_image_480p_30fps_5s
1261,0,all,3,0.6157864219350295,2,6,0,-9,3.591106108840383,1:1,auto,1,54,3,umh,15,0,0,none,1,main,0.7214316074693485,25,10,9,2,40,1,16,2,1,1,Still_image_480p_25fps_20s
1261,0,all,3,0.6157864219350295,1,6,0,-9,3.591106108840383,1:1,temporal,1,54,4,umh,15,1,0,cbr,1,main,0.7214316074693485,48,3,9,2,40,1,63,2,0,1,Still_image_480p_25fps_20s
1261,0,all,3,0.6157864219350295,1,6,0,-9,3.591106108840383,1:1,temporal,1,54,4,umh,15,0,0,cbr,1,main,0.7214316074693485,30,3,47,1,67,5,63,0,0,1,Still_image_480p_25fps_20s
1261,0,all,3,1.188575956133466,1,12,0,-9,3.591106108840383,6:-6,temporal,1,54,3,umh,15,0,0,cbr,1,main,0.7214316074693485,25,3,9,2,40,1,19,2,0,0,Still_image_480p_25fps_20s
1261,0,all,3,1.188575956133466,1,12,0,-7,3.591106108840383,6:-6,temporal,1,54,3,umh,10,0,0,cbr,1,main,0.7214316074693485,25,3,141,1,40,5,9,2,1,0,Still_image_480p_25fps_20s
1261,0,all,3,0.6157864219350295,1,12,0,-9,3.591106108840383,1:1,temporal,1,54,3,umh,15,0,0,cbr,1,main,0.7214316074693485,25,3,9,2,40,5,63,2,0,0,Still_image_480p_25fps_20s
1261,0,all,3,0.6157864219350295,2,6,0,-9,3.591106108840383,1:1,temporal,1,212,4,umh,46,0,0,cbr,1,main,0.7214316074693485,48,3,9,2,40,9,63,2,1,0,Still_image_480p_25fps_20s
1261,0,all,2,0.6157864219350295,1,2,0,-3,3.591106108840383,1:1,temporal,1,435,3,umh,8,0,0,vbr,1,main,0.2892118132152554,25,3,141,4,3,0,38,2,1,0,Still_image_480p_25fps_20s
1261,0,all,3,0.7629129009395013,0,6,0,-9,3.591106108840383,1:1,temporal,1,377,4,umh,15,0,0,cbr,1,main,0.7214316074693485,25,3,201,1,40,5,9,2,1,0,Still_image_480p_25fps_20s
1090,0,all,3,0.6157864219350295,2,6,0,12,3.591106108840383,1:1,auto,1,54,3,umh,15,0,0,none,1,main,0.7214316074693485,25,10,9,2,85,1,16,2,1,1,Still_image_480p_25fps_20s
1498,0,all,2,0.6157864219350295,1,1,0,-3,3.591106108840383,1:1,none,1,435,3,umh,8,0,0,cbr,1,main,0.2892118132152554,25,3,141,16,3,0,38,2,1,0,Still_image_480p_25fps_20s
1261,0,all,3,1.188575956133466,1,12,0,-9,3.591106108840383,6:-6,temporal,1,316,4,umh,15,0,0,cbr,1,main,0.7214316074693485,30,1,73,1,67,5,63,0,0,1,Still_image_480p_25fps_20s
1261,0,all,3,0.6157864219350295,2,6,0,-9,3.591106108840383,1:1,spatial,1,212,4,umh,36,0,0,cbr,1,main,0.7214316074693485,48,3,9,2,40,9,63,2,1,0,Still_image_480p_25fps_20s
1261,0,all,3,0.6157864219350295,2,6,0,-9,3.591106108840383,1:1,temporal,1,212,4,umh,46,0,1,cbr,1,main,0.7214316074693485,48,3,9,2,50,9,63,2,1,0,Still_image_480p_25fps_20s
1261,0,all,3,0.6157864219350295,2,2,0,-9,3.591106108840383,1:1,auto,1,287,3,umh,25,0,0,cbr,1,main,0.7214316074693485,48,3,9,2,60,9,63,2,1,0,Still_image_480p_25fps_20s
1261,1,all,3,0.6157864219350295,2,6,0,-9,3.591106108840383,1:1,temporal,1,212,4,umh,46,0,0,cbr,1,main,0.7214316074693485,48,3,9,2,40,9,63,2,1,0,Still_image_480p_25fps_20s
1090,0,all,1,1.4573956540140145,2,6,0,-9,3.591106108840383,1:1,temporal,1,212,4,umh,46,0,1,cbr,1,main,0.7777322091999372,34,3,9,2,50,9,63,2,1,0,Still_image_480p_25fps_20s
1261,0,all,2,0.6157864219350295,1,1,0,-3,3.591106108840383,4:-4,none,1,435,3,umh,8,0,0,cbr,1,main,0.2892118132152554,25,3,141,16,3,0,38,1,1,0,Still_image_480p_25fps_20s
1261,0,all,3,0.6157864219350295,1,6,0,-9,3.591106108840383,1:1,auto,1,54,3,umh,15,0,0,none,1,main,0.7214316074693485,32,2,9,10,40,1,33,2,1,0,Still_image_480p_25fps_20s
1261,0,all,3,0.6157864219350295,2,6,0,-9,3.591106108840383,1:1,temporal,1,212,4,esa,46,0,0,cbr,1,main,0.978050952614679,48,3,9,2,40,0,63,2,1,0,Still_image_480p_25fps_20s
1261,0,all,2,0.6157864219350295,2,12,0,-9,3.591106108840383,1:1,auto,1,166,3,umh,10,0,0,cbr,1,high,0.941027742479888,48,3,7,2,40,5,63,1,1,1,Still_image_720p_25fps_5s
1261,0,all,2,0.6157864219350295,1,2,0,-3,3.591106108840383,1:1,temporal,1,435,3,umh,8,0,0,vbr,1,main,0.2892118132152554,25,3,141,4,3,0,38,2,1,0,Still_image_720p_25fps_5s
1261,0,all,3,0.1323837591628791,1,6,0,-9,3.591106108840383,3:-3,temporal,1,54,4,umh,15,1,0,cbr,1,main,0.7214316074693485,48,3,9,2,40,1,63,2,1,1,Still_image_720p_25fps_5s
1261,0,all,3,0.6157864219350295,1,6,0,-9,3.591106108840383,1:1,temporal,1,54,4,umh,15,0,0,cbr,1,main,0.7214316074693485,30,3,47,1,67,5,63,0,0,1,Still_image_720p_25fps_5s
1261,0,all,3,0.6157864219350295,2,12,0,-9,3.591106108840383,1:1,temporal,1,54,3,umh,15,0,0,none,1,main,0.7214316074693485,25,3,9,2,40,1,63,2,1,1,Still_image_720p_25fps_5s
1261,0,p4x4,3,0.6157864219350295,2,12,0,-9,3.591106108840383,1:1,auto,1,54,3,umh,15,0,0,cbr,1,main,0.7214316074693485,25,3,9,2,92,5,63,2,1,0,Still_image_720p_25fps_5s
1261,0,all,3,0.6157864219350295,2,6,1,-9,3.591106108840383,1:1,temporal,1,54,4,umh,15,0,0,cbr,1,baseline,0.2115404214338969,20,7,107,4,24,7,49,0,0,0,Still_image_720p_25fps_5s
1261,0,p4x4,3,0.6157864219350295,2,12,0,-9,3.591106108840383,1:1,temporal,1,54,3,umh,15,0,0,none,1,main,0.7214316074693485,25,3,8,2,40,1,63,2,1,0,Still_image_720p_25fps_5s
1261,1,all,3,0.6157864219350295,2,12,0,-9,3.591106108840383,1:1,auto,1,54,3,umh,15,0,0,cbr,1,main,0.7815003578470683,25,4,9,2,92,5,63,2,1,0,Still_image_720p_25fps_5s
1261,0,all,3,0.6157864219350295,1,6,0,-9,3.591106108840383,1:1,temporal,1,54,4,umh,15,0,0,cbr,1,baseline,0.3291089101103284,20,7,55,4,24,7,49,2,0,0,Still_image_720p_25fps_5s
1261,0,p4x4,3,0.6157864219350295,2,4,0,-9,3.591106108840383,0:0,auto,1,54,3,umh,15,0,0,cbr,1,main,0.7214316074693485,23,3,220,2,92,5,63,2,1,1,Still_image_720p_25fps_5s
1261,0,all,3,0.1323837591628791,1,6,0,-9,3.591106108840383,3:-3,temporal,1,54,4,umh,15,1,0,cbr,1,main,0.7214316074693485,47,3,9,2,40,1,63,2,1,0,Still_image_720p_25fps_5s
1261,0,all,3,0.1323837591628791,1,6,0,-9,3.591106108840383,3:-3,temporal,1,54,3,umh,15,1,0,cbr,1,main,0.7214316074693485,25,3,9,2,40,1,63,2,1,1,Still_image_720p_25fps_5s
1261,0,all,3,0.6157864219350295,2,6,1,-9,3.591106108840383,-2:2,temporal,1,54,4,umh,15,0,0,cbr,1,baseline,0.2115404214338969,25,3,1,2,40,1,63,2,1,1,Still_image_720p_25fps_5s
1261,0,all,3,0.6157864219350295,2,6,0,-9,3.591106108840383,1:1,temporal,1,54,4,umh,15,0,0,cbr,1,main,0.7214316074693485,22,3,103,2,40,1,63,2,1,0,Still_image_720p_25fps_5s
1261,0,all,3,0.6157864219350295,1,6,0,-9,3.591106108840383,1:1,temporal,1,54,4,umh,15,0,0,cbr,1,main,0.7214316074693485,30,3,55,4,24,7,49,2,0,0,Still_image_720p_25fps_5s
1261,0,all,3,0.6157864219350295,1,6,0,-9,3.591106108840383,1:1,temporal,1,54,4,umh,15,0,0,cbr,1,baseline,0.3291089101103284,20,7,47,1,67,5,63,0,0,1,Still_image_720p_25fps_5s
1261,0,all,2,0.6157864219350295,2,12,0,-9,3.591106108840383,1:1,auto,1,166,3,umh,10,0,0,cbr,0,main,0.7214316074693485,42,3,9,2,40,1,63,2,1,1,Still_image_720p_25fps_5s
1261,0,all,2,0.6157864219350295,2,12,0,-9,3.591106108840383,1:1,auto,1,54,3,umh,15,0,0,cbr,1,main,0.7815003578470683,25,4,9,2,92,5,58,2,1,0,Still_image_720p_25fps_5s
1261,1,p4x4,0,0.0520260669292369,2,0,0,11,4.787320014988849,4:4,none,0,160,2,hex,45,0,1,vbr,1,main,0.7214316074693485,27,3,141,1,40,5,9,2,1,2,Still_image_720p_25fps_5s
1261,0,p4x4,3,0.6157864219350295,2,12,0,-9,3.591106108840383,2:-2,temporal,0,435,3,esa,15,0,0,cbr,1,main,0.7214316074693485,25,3,141,7,40,5,63,2,0,0,Still_image_1080p_30fps_10s
1261,0,p4x4,3,0.6157864219350295,2,12,0,-9,3.591106108840383,2:-2,temporal,0,435,3,dia,15,0,0,cbr,1,main,0.7214316074693485,25,3,141,7,40,5,63,2,0,0,Still_image_1080p_30fps_10s
2087,0,"p8x8,b8x8,i8x8,i4x4",0,0.8846362895873626,2,12,0,-9,3.591106108840383,2:-2,temporal,0,224,3,dia,40,0,0,none,1,main,0.7214316074693485,25,3,141,1,40,3,37,0,0,2,Still_image_1080p_30fps_10s
1261,0,p4x4,3,0.3322388140761982,0,10,0,-9,3.591106108840383,-6:6,temporal,0,252,3,tesa,15,1,0,cbr,1,main,0.7214316074693485,25,6,141,7,3,5,63,2,0,2,Still_image_1080p_30fps_10s
1261,0,p4x4,3,0.6157864219350295,2,12,0,-9,3.591106108840383,2:-2,temporal,0,435,3,dia,15,0,0,cbr,1,main,0.7214316074693485,25,3,141,2,40,5,63,2,0,1,Still_image_1080p_30fps_10s
1261,0,p4x4,3,0.6157864219350295,2,12,0,-2,3.591106108840383,2:-2,temporal,0,435,3,dia,8,0,0,none,1,main,0.2892118132152554,25,3,141,4,40,5,38,2,0,0,Still_image_1080p_30fps_10s
1261,0,none,3,0.6157864219350295,2,12,0,-9,3.591106108840383,2:-2,temporal,0,435,3,dia,15,0,0,cbr,1,main,0.7214316074693485,25,3,141,1,69,5,62,0,0,0,Still_image_1080p_30fps_10s
1261,0,all,3,1.0249054645669715,2,12,0,-4,3.591106108840383,6:-6,temporal,0,252,3,tesa,15,1,0,vbr,1,main,0.7214316074693485,25,19,141,7,3,5,63,2,0,2,Still_image_1080p_30fps_10s
1261,0,p4x4,3,0.3322388140761982,0,8,0,-9,21.03743211730354,-6:6,temporal,0,485,3,tesa,15,1,0,cbr,1,main,0.7214316074693485,25,3,74,1,69,5,62,0,0,0,Still_image_1080p_30fps_10s
1261,0,p4x4,3,0.6157864219350295,2,12,0,-5,3.591106108840383,2:-2,temporal,0,435,3,dia,15,0,0,cbr,1,main,0.7214316074693485,25,3,141,7,40,5,63,2,0,0,Still_image_1080p_30fps_10s
1554,0,p4x4,3,0.6157864219350295,2,12,0,-9,3.591106108840383,2:-2,temporal,0,283,3,dia,15,0,0,cbr,1,main,0.7214316074693485,25,3,141,2,40,0,63,2,0,1,Still_image_1080p_30fps_10s
1261,0,p4x4,3,0.3322388140761982,0,8,0,-9,21.03743211730354,-6:6,temporal,0,435,3,dia,15,0,0,cbr,1,baseline,0.7214316074693485,25,3,141,1,69,2,62,0,0,0,Still_image_1080p_30fps_10s
1261,0,all,3,0.6157864219350295,1,12,0,-9,3.591106108840383,1:1,temporal,0,54,3,umh,15,0,0,cbr,1,main,0.7214316074693485,25,7,9,2,40,1,63,2,0,1,Still_image_1080p_30fps_10s
1261,0,p4x4,3,1.6040744941823026,2,12,0,-9,3.591106108840383,6:-6,temporal,0,252,3,tesa,31,1,0,vbr,1,main,0.7214316074693485,25,19,141,7,3,5,63,2,0,2,Still_image_1080p_30fps_10s
1261,0,p4x4,3,0.6157864219350295,2,7,0,-9,25.453746707980333,2:-2,temporal,0,144,3,tesa,15,0,0,cbr,1,main,0.7214316074693485,25,3,141,7,69,5,62,0,0,0,Still_image_1080p_30fps_10s
1884,0,p4x4,3,0.3322388140761982,0,10,0,-9,5.999292304749397,-6:6,temporal,0,252,3,tesa,15,1,0,cbr,1,main,0.7214316074693485,25,6,40,7,3,5,63,2,0,2,Still_image_1080p_30fps_10s
1554,0,p4x4,3,0.6157864219350295,1,12,0,-9,3.591106108840383,2:-2,temporal,0,283,3,dia,15,0,0,cbr,1,main,0.7214316074693485,25,3,141,2,40,0,63,2,0,1,Still_image_1080p_30fps_10s
1261,0,all,3,0.6157864219350295,1,12,0,-9,3.591106108840383,1:1,temporal,0,54,3,umh,15,0,0,none,1,main,0.7214316074693485,31,3,9,2,45,1,63,2,1,1,Still_image_1080p_30fps_10s
1261,0,all,3,0.6157864219350295,2,12,0,-9,3.591106108840383,1:1,auto,1,166,3,umh,10,0,0,cbr,1,main,0.7214316074693485,30,3,47,1,67,5,63,0,0,1,Still_image_1080p_30fps_10s
1261,0,all,3,0.6157864219350295,1,12,0,-9,3.591106108840383,1:1,temporal,1,54,3,umh,15,0,0,cbr,1,main,0.7214316074693485,25,3,9,2,40,5,63,2,0,0,Still_image_1080p_30fps_10s
1261,0,p8x8,3,0.6157864219350295,2,12,0,-9,3.591106108840383,2:-2,temporal,0,435,1,dia,15,0,0,cbr,1,main,0.7214316074693485,25,3,141,7,3,5,63,2,0,2,Action_480p_60fps_20s
1892,0,p4x4,3,0.6157864219350295,1,12,0,-9,3.591106108840383,2:-2,temporal,0,435,4,dia,11,1,0,cbr,1,main,0.7214316074693485,30,3,141,1,67,5,63,0,0,1,Action_480p_60fps_20s
1261,0,p4x4,3,0.6157864219350295,2,12,0,-2,3.591106108840383,2:-2,temporal,0,435,3,dia,8,0,0,none,1,main,0.7214316074693485,25,3,141,1,69,5,63,0,0,0,Action_480p_60fps_20s
1261,0,p4x4,3,0.6157864219350295,2,12,0,-9,3.591106108840383,2:-2,temporal,0,435,3,dia,15,0,0,none,1,baseline,0.7214316074693485,31,3,141,7,40,5,63,1,0,0,Action_480p_60fps_20s
1261,0,none,3,0.6157864219350295,2,12,0,-9,3.591106108840383,2:-2,temporal,0,435,3,dia,15,0,0,cbr,1,main,0.7214316074693485,25,3,141,1,69,5,62,0,0,0,Action_480p_60fps_20s
1261,0,p4x4,3,0.6157864219350295,2,12,0,-9,3.591106108840383,2:-2,temporal,0,435,3,esa,15,0,0,cbr,1,main,0.7214316074693485,25,3,141,7,40,5,63,2,0,0,Action_480p_60fps_20s
1261,0,p8x8,3,1.188575956133466,1,12,0,-7,3.591106108840383,-2:2,temporal,0,54,4,umh,4,0,0,cbr,1,main,0.7214316074693485,30,3,229,1,67,5,63,0,1,1,Action_480p_60fps_20s
1261,1,p4x4,1,0.6157864219350295,2,12,0,9,3.591106108840383,2:-2,temporal,0,435,3,dia,8,0,0,none,1,main,0.7214316074693485,25,3,191,1,69,5,63,0,0,0,Action_480p_60fps_20s
1261,0,p8x8,3,0.6157864219350295,0,0,0,-9,3.591106108840383,2:-2,temporal,0,217,1,dia,15,0,0,cbr,1,main,0.7214316074693485,25,3,141,7,3,5,63,2,0,2,Action_480p_60fps_20s
1261,0,p8x8,2,0.6252271957400338,2,12,0,-9,3.591106108840383,2:-2,temporal,0,435,3,dia,8,0,1,none,1,main,0.7214316074693485,25,3,191,1,69,5,63,0,0,0,Action_480p_60fps_20s
1261,0,p4x4,3,0.6157864219350295,2,12,0,-9,3.591106108840383,2:-2,temporal,0,435,3,dia,15,0,0,cbr,1,main,0.7214316074693485,25,3,141,1,69,5,62,1,0,0,Action_480p_60fps_20s
1261,0,none,3,0.6157864219350295,2,12,0,-9,3.591106108840383,3:-3,temporal,0,435,3,dia,15,0,0,none,1,main,0.7214316074693485,25,3,191,1,69,5,63,1,0,0,Action_480p_60fps_20s
1261,0,p8x8,3,1.188575956133466,1,12,0,-7,3.591106108840383,-2:2,temporal,0,54,4,esa,15,0,0,cbr,1,main,0.7214316074693485,36,3,141,7,3,5,63,2,0,2,Action_480p_60fps_20s
1261,0,p8x8,3,1.188575956133466,1,12,0,-7,3.591106108840383,-2:2,temporal,1,54,4,umh,37,0,0,cbr,1,main,0.7214316074693485,30,3,229,1,67,5,59,0,0,0,Action_480p_60fps_20s
1261,0,p8x8,3,0.6252271957400338,2,12,0,-9,3.591106108840383,2:-2,temporal,1,224,2,dia,15,1,0,cbr,1,high,0.7214316074693485,31,10,141,7,3,5,63,2,1,2,Action_480p_60fps_20s
1261,0,all,3,1.188575956133466,1,12,0,-7,3.591106108840383,6:-6,temporal,1,54,3,umh,10,0,0,cbr,1,main,0.7214316074693485,25,3,141,1,40,5,9,2,1,0,Action_480p_60fps_20s
1261,0,all,3,1.188575956133466,1,12,0,-7,3.591106108840383,-2:2,temporal,1,54,4,umh,4,0,0,cbr,1,main,0.7214316074693485,30,3,229,1,67,5,63,0,1,1,Action_480p_60fps_20s
1261,0,all,2,1.650420363547847,2,12,0,-9,3.591106108840383,-2:2,auto,1,166,3,umh,10,0,0,cbr,1,baseline,0.4644881797327789,25,3,141,6,40,11,9,2,0,1,Action_480p_60fps_20s
1261,0,all,2,0.6157864219350295,2,12,0,-9,3.591106108840383,1:1,auto,1,166,3,umh,10,0,0,cbr,1,baseline,0.7214316074693485,25,3,141,1,40,11,9,2,0,1,Action_480p_60fps_20s
1261,0,all,3,0.6157864219350295,1,6,0,-9,3.591106108840383,1:1,temporal,1,54,4,umh,15,0,0,cbr,1,baseline,0.3291089101103284,20,7,55,4,24,7,49,2,0,0,Action_480p_60fps_20s
1261,0,p4x4,3,0.6157864219350295,2,12,0,-2,3.591106108840383,2:-2,temporal,0,435,3,dia,8,0,0,none,1,main,0.7214316074693485,25,3,141,1,69,5,63,0,0,0,Still_image_720p_30fps_20s
1261,0,p4x4,0,0.3322388140761982,0,10,0,-9,2.489530098633681,-6:6,temporal,0,252,3,tesa,15,1,0,cbr,1,main,0.7214316074693485,25,6,141,1,40,1,63,0,0,0,Still_image_720p_30fps_20s
1261,0,p4x4,3,0.6157864219350295,2,12,0,-9,3.591106108840383,2:-2,temporal,0,435,3,dia,15,0,0,cbr,1,main,0.7214316074693485,25,3,141,7,40,5,63,2,0,0,Still_image_720p_30fps_20s
1261,0,p4x4,3,0.3322388140761982,0,8,0,-9,21.03743211730354,-6:6,temporal,0,485,3,tesa,15,1,0,cbr,1,main,0.7214316074693485,25,3,74,1,69,5,62,0,0,0,Still_image_720p_30fps_20s
1261,0,p8x8,2,0.6252271957400338,2,12,0,-9,3.591106108840383,2:-2,temporal,0,435,3,dia,8,0,1,none,1,main,0.7214316074693485,25,3,191,1,69,5,63,0,0,0,Still_image_720p_30fps_20s
1261,0,p4x4,3,0.6157864219350295,2,12,0,-2,3.591106108840383,2:-2,temporal,0,435,3,dia,8,0,0,none,1,main,0.2892118132152554,25,3,141,7,40,5,38,2,0,0,Still_image_720p_30fps_20s
1261,0,p4x4,3,0.6157864219350295,2,12,0,-9,3.591106108840383,2:-2,temporal,0,224,3,dia,15,0,0,cbr,1,main,0.7214316074693485,25,3,141,7,3,5,63,2,0,2,Still_image_720p_30fps_20s
1261,0,p8x8,3,0.6157864219350295,2,2,0,-10,3.591106108840383,2:-2,temporal,0,435,1,dia,15,0,0,cbr,1,main,0.7214316074693485,25,3,141,7,3,5,38,2,0,0,Still_image_720p_30fps_20s
1261,0,p4x4,3,0.6157864219350295,2,12,0,-9,31.81626114326599,2:-2,temporal,0,435,3,dia,8,0,0,none,0,main,0.7214316074693485,25,3,141,1,69,5,63,0,0,0,Still_image_720p_30fps_20s
1261,0,p8x8,3,0.6157864219350295,2,2,0,-10,3.591106108840383,2:-2,temporal,0,149,1,dia,15,0,0,cbr,1,main,0.7214316074693485,25,3,141,7,3,5,38,2,0,0,Still_image_720p_30fps_20s
1261,0,p8x8,2,0.6252271957400338,1,12,0,-9,3.591106108840383,2:-2,temporal,0,435,3,dia,8,0,1,none,1,main,0.7214316074693485,25,3,191,1,69,5,2,0,0,0,Still_image_720p_30fps_20s
1261,0,p4x4,3,0.6157864219350295,0,12,0,-2,3.591106108840383,2:-2,temporal,0,435,3,dia,8,1,0,none,1,main,0.7214316074693485,25,3,74,1,69,5,62,0,0,0,Still_image_720p_30fps_20s
1261,0,p4x4,1,0.6157864219350295,2,12,0,-2,3.591106108840383,-6:6,temporal,0,435,3,dia,15,0,0,cbr,1,main,0.7214316074693485,30,3,47,1,67,5,63,0,0,1,Still_image_720p_30fps_20s
782,0,p8x8,2,0.6252271957400338,2,12,0,-9,2.489530098633681,-6:6,temporal,0,252,3,tesa,15,1,0,cbr,1,main,0.7214316074693485,25,6,141,1,40,1,63,0,0,0,Still_image_720p_30fps_20s
1261,0,p8x8,3,0.6157864219350295,2,12,0,-9,31.81626114326599,2:-2,temporal,0,276,3,dia,8,0,0,none,0,main,0.7214316074693485,25,3,141,1,69,5,23,0,1,0,Still_image_720p_30fps_20s
1261,0,p4x4,3,0.6157864219350295,2,12,0,-8,3.591106108840383,2:-2,temporal,0,224,3,dia,15,0,0,cbr,1,main,0.7214316074693485,25,3,141,7,3,5,63,2,0,2,Still_image_720p_30fps_20s
1261,0,p4x4,3,0.6157864219350295,2,12,0,12,3.591106108840383,2:-2,temporal,0,435,3,dia,15,0,0,cbr,1,main,0.7214316074693485,25,3,141,7,1,5,63,2,0,0,Still_image_720p_30fps_20s
914,0,p4x4,3,0.6157864219350295,1,12,0,-2,3.591106108840383,2:-2,temporal,0,435,3,dia,8,0,0,none,1,main,0.7214316074693485,25,6,141,1,40,1,43,0,0,0,Still_image_720p_30fps_20s
1261,0,p4x4,3,0.6157864219350295,2,12,0,-2,3.591106108840383,3:-3,temporal,0,435,3,dia,44,0,0,cbr,1,main,0.7214316074693485,25,3,141,4,1,5,63,2,0,0,Still_image_720p_30fps_20s
782,0,p8x8,2,0.6252271957400338,2,12,0,-9,2.489530098633681,-6:6,temporal,1,252,3,tesa,15,1,0,cbr,1,main,0.7214316074693485,25,3,141,7,40,5,38,0,0,0,Still_image_720p_30fps_20s
1261,0,all,3,0.6157864219350295,1,6,0,-9,3.591106108840383,1:1,temporal,1,54,4,umh,15,0,0,cbr,1,high,0.7214316074693485,48,3,7,2,40,5,63,1,1,1,Action_720p_30fps_5s
1261,0,all,3,0.6157864219350295,1,12,0,-9,3.591106108840383,1:1,temporal,1,54,3,umh,15,0,0,cbr,1,main,0.7214316074693485,25,3,9,2,40,5,63,2,0,0,Action_720p_30fps_5s
1261,0,all,3,0.6157864219350295,1,6,0,-9,3.591106108840383,1:1,temporal,1,54,4,umh,15,0,0,cbr,1,main,0.7214316074693485,30,3,47,1,67,5,63,0,0,2,Action_720p_30fps_5s
1261,0,p8x8,3,0.6157864219350295,2,12,0,-9,3.591106108840383,1:1,auto,1,166,3,umh,10,0,0,cbr,1,baseline,0.7214316074693485,25,3,141,1,81,11,20,2,1,1,Action_720p_30fps_5s
1261,0,all,3,0.6157864219350295,1,6,0,-9,3.591106108840383,1:1,temporal,1,54,4,umh,15,1,0,cbr,1,main,0.754809731459133,48,3,9,2,40,1,63,2,0,1,Action_720p_30fps_5s
1261,0,all,3,0.6157864219350295,1,6,0,-9,3.591106108840383,1:1,temporal,1,54,4,umh,15,0,0,cbr,1,main,0.7214316074693485,48,3,184,2,40,5,63,1,1,1,Action_720p_30fps_5s
1261,0,all,3,1.188575956133466,1,12,0,-9,3.591106108840383,6:-6,temporal,1,54,3,umh,15,0,0,cbr,1,main,0.7214316074693485,25,3,9,2,40,1,19,2,0,0,Action_720p_30fps_5s
1261,0,all,3,0.1323837591628791,1,6,0,-9,3.591106108840383,3:-3,temporal,1,54,4,umh,15,1,0,cbr,1,main,0.7214316074693485,48,3,9,2,40,1,63,2,1,1,Action_720p_30fps_5s
1261,0,p8x8,3,0.6157864219350295,1,6,0,-9,3.591106108840383,3:-3,temporal,1,54,4,umh,15,0,0,cbr,1,baseline,0.7214316074693485,25,19,9,2,40,1,28,2,1,1,Action_720p_30fps_5s
1261,0,all,3,1.188575956133466,1,12,0,-7,3.591106108840383,-2:2,temporal,1,54,4,umh,4,0,0,cbr,1,main,0.7214316074693485,30,3,229,1,67,5,63,0,1,1,Action_720p_30fps_5s
1261,0,all,3,0.6157864219350295,1,1,0,-9,3.591106108840383,1:1,temporal,1,54,4,umh,15,1,0,cbr,1,baseline,0.7214316074693485,48,6,32,2,40,1,63,2,0,1,Action_720p_30fps_5s
1261,0,all,3,0.6157864219350295,1,12,0,-9,15.67520141927876,1:1,temporal,1,54,3,umh,15,0,0,cbr,1,main,0.7214316074693485,25,3,28,2,40,5,63,0,1,0,Action_720p_30fps_5s
1261,0,all,3,1.188575956133466,1,7,0,-7,3.591106108840383,-2:2,none,1,250,4,umh,10,0,0,cbr,1,baseline,0.7214316074693485,25,3,141,1,81,11,20,2,1,1,Action_720p_30fps_5s
1261,0,p8x8,3,0.6157864219350295,2,6,0,-9,3.591106108840383,1:1,auto,1,166,3,umh,4,0,0,cbr,1,main,0.7214316074693485,30,3,229,1,67,5,63,0,0,1,Action_720p_30fps_5s
1261,0,all,1,0.6157864219350295,1,6,0,-9,3.591106108840383,1:1,temporal,1,54,4,umh,15,0,0,cbr,1,high,0.7214316074693485,48,3,7,2,40,5,51,1,1,0,Action_720p_30fps_5s
1261,0,all,3,0.6157864219350295,1,6,0,-9,3.591106108840383,1:1,temporal,1,54,4,umh,15,0,0,cbr,1,main,0.754809731459133,48,3,9,2,40,1,28,2,1,1,Action_720p_30fps_5s
1261,0,all,3,0.6157864219350295,2,6,0,-9,3.591106108840383,1:1,temporal,1,54,4,umh,15,0,0,cbr,1,baseline,0.7214316074693485,25,19,9,2,40,1,28,2,1,1,Action_720p_30fps_5s
1261,0,all,3,0.6157864219350295,1,6,0,-9,3.591106108840383,2:2,temporal,1,54,4,umh,15,1,0,cbr,1,main,0.7214316074693485,48,3,9,2,40,1,63,2,1,1,Action_720p_30fps_5s
1261,0,all,3,0.6157864219350295,1,6,0,-9,3.591106108840383,1:1,temporal,1,54,4,umh,15,0,0,none,1,main,0.7214316074693485,30,3,47,1,41,5,63,1,1,1,Action_720p_30fps_5s
1261,0,all,3,0.6157864219350295,1,12,0,-9,15.67520141927876,1:1,temporal,1,54,3,umh,15,0,0,cbr,1,main,0.7214316074693485,25,3,28,2,40,5,63,2,1,0,Action_720p_30fps_5s
1090,0,all,3,0.6157864219350295,2,6,0,12,3.591106108840383,1:1,auto,1,54,3,umh,15,0,0,none,1,main,0.7214316074693485,25,10,9,2,85,1,16,2,1,1,Action_1080p_30fps_5s
1261,0,all,3,0.6157864219350295,1,6,0,-9,3.591106108840383,1:1,temporal,1,54,4,umh,15,1,0,cbr,1,main,0.754809731459133,48,3,9,2,40,1,63,2,0,1,Action_1080p_30fps_5s
1261,0,all,2,0.6157864219350295,1,2,0,-3,3.591106108840383,1:1,temporal,1,435,3,umh,8,0,0,vbr,1,main,0.2892118132152554,25,3,141,4,3,0,38,2,1,0,Action_1080p_30fps_5s
1261,0,all,3,0.6157864219350295,1,6,0,-9,3.591106108840383,3:-3,temporal,1,54,4,umh,15,0,0,cbr,1,main,0.7214316074693485,25,3,9,2,40,1,28,2,1,2,Action_1080p_30fps_5s
1261,0,all,2,0.6157864219350295,2,12,0,-9,3.591106108840383,1:1,auto,1,166,3,umh,10,0,0,cbr,1,high,0.941027742479888,48,3,7,2,40,5,63,1,1,1,Action_1080p_30fps_5s
1261,0,all,3,0.6157864219350295,2,12,0,-9,3.591106108840383,1:1,temporal,1,54,3,umh,15,0,0,none,1,main,0.7214316074693485,25,3,9,2,40,1,63,2,1,1,Action_1080p_30fps_5s
1261,0,all,3,0.6157864219350295,1,6,0,-9,3.591106108840383,1:1,temporal,1,54,4,umh,8,0,0,vbr,1,main,0.2892118132152554,25,3,141,4,44,0,38,2,1,0,Action_1080p_30fps_5s
1261,0,all,3,0.6157864219350295,1,4,0,-11,3.591106108840383,3:-3,spatial,1,54,4,umh,15,0,0,cbr,1,main,0.9032711201454504,25,3,9,2,40,1,51,2,1,2,Action_1080p_30fps_5s
1261,0,all,3,0.6157864219350295,2,6,0,-9,18.821466778041525,3:-3,temporal,1,54,4,umh,15,0,0,cbr,1,main,0.7214316074693485,25,3,9,2,40,1,28,2,1,0,Action_1080p_30fps_5s
927,0,all,3,0.6157864219350295,1,7,0,-8,3.591106108840383,3:-3,temporal,1,54,4,umh,15,0,0,cbr,1,main,0.7214316074693485,25,3,9,2,40,1,28,2,1,2,Action_1080p_30fps_5s
1261,0,all,2,0.6157864219350295,2,6,0,-9,3.591106108840383,1:1,auto,1,166,3,umh,10,0,0,cbr,1,high,0.941027742479888,48,3,7,2,40,5,20,1,1,1,Action_1080p_30fps_5s
1261,0,all,2,0.6157864219350295,2,12,0,-9,3.591106108840383,1:1,auto,1,54,3,umh,15,0,0,none,1,main,0.7214316074693485,25,3,9,2,40,1,63,2,1,1,Action_1080p_30fps_5s
1261,1,p4x4,3,0.6157864219350295,1,12,0,6,3.591106108840383,2:-2,none,0,175,2,hex,64,0,0,cbr,1,main,0.7214316074693485,25,3,141,1,40,5,9,2,0,2,Action_1080p_30fps_5s
1689,1,all,0,0.0520260669292369,2,0,1,11,4.787320014988849,4:4,none,0,175,2,hex,64,0,0,cbr,1,baseline,0.2115404214338969,20,7,107,4,24,7,49,2,0,1,Action_1080p_30fps_5s
1261,1,p4x4,3,0.633221580172191,2,1,1,6,3.591106108840383,-6:6,none,0,175,2,hex,28,0,0,vbr,1,high,0.7214316074693485,25,13,141,1,40,4,37,0,0,2,Action_1080p_30fps_5s
1261,0,all,3,0.6157864219350295,1,12,0,-9,3.591106108840383,1:1,temporal,1,365,3,dia,15,0,0,cbr,1,main,0.7214316074693485,31,3,250,7,3,2,63,2,0,2,Action_1080p_30fps_5s
1261,0,none,3,0.6157864219350295,2,12,0,-9,3.591106108840383,2:-2,temporal,0,435,3,dia,15,0,0,vbr,1,main,0.7214316074693485,25,3,141,1,69,5,63,0,0,0,Action_1080p_30fps_5s
1261,0,p4x4,3,0.6157864219350295,2,12,0,-9,3.591106108840383,2:-2,temporal,0,224,3,dia,40,0,0,cbr,1,main,0.7214316074693485,25,3,141,1,40,0,37,0,0,2,Action_1080p_30fps_5s
1261,0,p4x4,3,0.6157864219350295,2,10,0,-9,3.591106108840383,-6:6,temporal,0,224,3,dia,11,1,0,cbr,1,main,0.7214316074693485,30,3,141,1,40,4,63,0,0,1,Action_1080p_30fps_5s
1261,0,p4x4,3,0.6157864219350295,2,12,0,-9,3.591106108840383,2:-2,temporal,0,435,3,esa,15,0,0,cbr,1,main,0.7214316074693485,25,3,141,7,40,5,63,2,0,0,Action_1080p_30fps_5s
1261,0,p4x4,3,0.6157864219350295,1,12,0,-9,3.591106108840383,2:-2,temporal,0,224,3,umh,15,0,0,cbr,1,main,0.7214316074693485,25,3,141,7,3,5,63,2,0,2,Action_480p_30fps_15s
1261,0,p8x8,3,0.6157864219350295,2,2,0,-10,3.591106108840383,2:-2,temporal,0,149,1,dia,15,0,0,cbr,1,main,0.7214316074693485,25,3,141,7,3,5,38,2,0,0,Action_480p_30fps_15s
1261,0,p4x4,3,0.6157864219350295,2,12,0,-9,3.591106108840383,2:-2,temporal,0,435,3,dia,15,0,0,none,1,baseline,0.7214316074693485,31,3,141,7,40,5,63,1,0,0,Action_480p_30fps_15s
1261,0,all,3,0.6157864219350295,1,12,0,-9,3.591106108840383,1:1,temporal,1,224,3,tesa,15,0,0,cbr,1,main,0.7214316074693485,25,3,141,7,40,5,63,2,0,0,Action_480p_30fps_15s
1261,0,p8x8,2,0.6252271957400338,2,12,0,-9,3.591106108840383,2:-2,temporal,0,435,3,dia,8,0,1,none,1,main,0.7214316074693485,25,3,191,1,69,5,63,0,0,0,Action_480p_30fps_15s
1261,0,p4x4,0,0.3322388140761982,0,10,0,-9,2.489530098633681,-6:6,temporal,0,252,3,tesa,15,1,0,cbr,1,main,0.7214316074693485,25,6,141,1,40,1,63,0,0,0,Action_480p_30fps_15s
1261,0,all,3,0.6157864219350295,1,12,0,-9,3.591106108840383,1:1,temporal,0,224,3,tesa,15,0,0,cbr,1,main,0.7214316074693485,25,3,141,7,40,9,63,2,0,0,Action_480p_30fps_15s
1261,0,p8x8,2,0.6157864219350295,2,12,0,-9,44.324044588238735,4:-4,temporal,0,252,3,hex,15,1,0,cbr,1,main,0.7214316074693485,25,6,141,1,40,1,63,0,0,1,Action_480p_30fps_15s
1261,0,all,3,0.6157864219350295,1,12,0,-9,3.591106108840383,2:-2,temporal,0,359,3,tesa,15,0,0,cbr,1,main,0.7214316074693485,35,3,141,10,3,5,63,1,0,2,Action_480p_30fps_15s
2231,0,p8x8,3,0.6157864219350295,2,12,0,-9,3.591106108840383,2:-2,temporal,0,435,3,dia,8,0,1,none,1,main,0.7214316074693485,25,3,191,8,22,5,63,0,0,0,Action_480p_30fps_15s
1261,0,p8x8,3,0.6157864219350295,2,12,0,-9,3.591106108840383,1:1,temporal,0,359,3,tesa,36,0,0,cbr,0,main,0.7214316074693485,35,3,141,10,3,5,63,1,0,2,Action_480p_30fps_15s
1261,0,all,2,0.2387485538435499,2,12,0,-9,3.591106108840383,2:-2,temporal,0,214,3,tesa,15,0,0,cbr,1,main,0.7214316074693485,25,3,141,7,40,9,63,2,0,0,Action_480p_30fps_15s
1261,0,p8x8,2,0.6157864219350295,2,12,0,-9,44.324044588238735,2:-2,temporal,0,329,1,dia,15,0,0,cbr,1,baseline,0.7214316074693485,25,3,141,7,3,5,38,2,0,0,Action_480p_30fps_15s
1261,0,p8x8,3,0.6157864219350295,2,2,0,-10,3.591106108840383,2:-2,temporal,0,149,1,dia,15,0,0,cbr,1,main,0.7214316074693485,25,3,141,7,3,5,38,0,0,0,Action_480p_30fps_15s
1261,0,all,2,0.2387485538435499,2,12,0,-6,3.591106108840383,3:3,temporal,0,214,3,tesa,15,0,0,cbr,1,main,0.0411624662720387,25,3,141,7,3,5,38,0,0,0,Action_480p_30fps_15s
1261,0,p8x8,2,0.6157864219350295,2,12,0,-9,44.324044588238735,3:-3,temporal,0,252,3,hex,15,1,0,cbr,1,main,0.7214316074693485,25,6,141,1,40,1,63,2,0,1,Action_480p_30fps_15s
1261,0,all,2,0.2387485538435499,2,12,0,-9,3.591106108840383,1:1,temporal,0,359,3,tesa,36,0,0,cbr,0,main,0.7214316074693485,35,3,141,10,3,5,63,1,0,2,Action_480p_30fps_15s
1261,0,all,3,0.6157864219350295,1,12,0,-9,3.7867325684454847,1:1,temporal,1,224,3,tesa,15,0,0,cbr,1,main,0.7214316074693485,25,3,141,7,3,5,38,0,0,0,Action_480p_30fps_15s
1261,1,all,3,0.5906347673363552,1,12,0,-9,3.591106108840383,2:-2,temporal,0,359,3,tesa,15,0,0,cbr,1,main,0.7214316074693485,24,3,141,10,3,5,63,1,0,2,Action_480p_30fps_15s
1261,0,all,3,1.188575956133466,1,12,0,-9,3.591106108840383,6:-6,temporal,1,54,3,umh,15,0,0,cbr,1,main,0.7214316074693485,25,3,9,2,40,1,19,2,0,0,Action_480p_30fps_15s
1261,0,all,3,1.8190286606737605,1,12,0,-9,3.591106108840383,6:-6,temporal,1,54,3,umh,15,0,0,cbr,1,main,0.7214316074693485,25,3,9,2,40,5,0,0,0,0,Still_image_1080p_60fps_5s
1261,0,all,3,0.6157864219350295,2,6,1,-9,3.591106108840383,1:1,temporal,1,54,4,umh,15,0,0,cbr,1,baseline,0.2115404214338969,20,7,107,4,24,7,49,0,0,0,Still_image_1080p_60fps_5s
1261,0,all,3,0.6157864219350295,2,12,0,-9,3.591106108840383,1:1,auto,1,166,3,umh,10,0,0,cbr,1,main,0.7214316074693485,30,3,47,1,67,5,63,0,0,1,Still_image_1080p_60fps_5s
1261,0,p4x4,3,0.6157864219350295,2,12,0,-9,3.591106108840383,1:1,auto,1,54,3,umh,15,0,0,cbr,1,main,0.7214316074693485,25,3,9,2,92,5,63,2,1,0,Still_image_1080p_60fps_5s
1261,0,all,2,0.6157864219350295,1,2,0,-3,3.591106108840383,1:1,temporal,1,435,3,umh,8,0,0,vbr,1,main,0.2892118132152554,25,3,141,4,3,0,38,2,1,0,Still_image_1080p_60fps_5s
1261,0,all,3,0.6157864219350295,1,1,0,-9,3.591106108840383,1:1,temporal,1,54,4,umh,15,1,0,cbr,1,baseline,0.7214316074693485,48,6,32,2,40,1,63,2,0,1,Still_image_1080p_60fps_5s
1261,0,all,3,0.6157864219350295,2,12,0,-9,3.591106108840383,1:1,auto,1,166,3,umh,10,0,0,cbr,1,main,0.0888299272365284,21,3,47,1,67,5,49,0,0,0,Still_image_1080p_60fps_5s
1261,0,all,2,0.6157864219350295,1,2,0,-3,3.591106108840383,1:1,temporal,1,435,3,umh,8,0,0,vbr,1,main,0.2892118132152554,25,3,141,4,50,0,38,2,1,1,Still_image_1080p_60fps_5s
1261,0,all,2,0.6157864219350295,1,2,0,-3,3.591106108840383,1:1,temporal,1,274,3,umh,8,0,0,cbr,1,baseline,0.7214316074693485,30,14,47,1,67,5,63,0,0,0,Still_image_1080p_60fps_5s
1261,0,p4x4,3,0.6157864219350295,2,12,0,-6,3.591106108840383,1:1,auto,1,54,3,umh,15,0,0,cbr,1,main,0.7214316074693485,25,3,55,2,92,5,63,2,1,0,Still_image_1080p_60fps_5s
1261,0,p4x4,3,0.6157864219350295,1,1,0,-9,3.591106108840383,1:1,temporal,0,470,4,umh,15,1,1,cbr,1,baseline,0.7214316074693485,48,6,32,4,3,0,38,0,1,0,Still_image_1080p_60fps_5s
1261,1,all,2,0.6157864219350295,1,2,0,-6,3.591106108840383,1:1,auto,1,54,3,umh,15,0,0,cbr,1,main,0.7214316074693485,25,3,55,2,92,5,63,2,1,0,Still_image_1080p_60fps_5s
1261,0,p4x4,3,1.8385373069354136,2,12,0,-9,3.591106108840383,1:1,auto,1,54,3,umh,15,0,0,cbr,1,main,0.7214316074693485,32,3,9,16,92,5,63,2,1,0,Still_image_1080p_60fps_5s
1261,1,"p8x8,b8x8,i8x8,i4x4",3,0.6258957868198352,2,12,0,-9,3.591106108840383,1:1,auto,1,166,3,umh,10,0,0,cbr,1,main,0.7214316074693485,30,3,141,3,3,0,38,2,1,0,Still_image_1080p_60fps_5s
1689,1,all,0,0.0520260669292369,2,0,0,11,4.787320014988849,4:4,none,0,175,2,hex,64,0,0,cbr,1,main,0.7214316074693485,25,3,141,1,40,5,9,2,1,2,Still_image_1080p_60fps_5s
1261,0,p4x4,0,0.0520260669292369,2,7,0,11,4.787320014988849,4:4,none,0,175,2,hex,64,0,0,cbr,1,main,0.7214316074693485,25,3,141,1,40,5,9,2,1,2,Still_image_1080p_60fps_5s
1261,0,p8x8,3,0.6157864219350295,1,12,0,-9,3.591106108840383,2:-2,temporal,1,224,3,umh,15,0,0,cbr,1,main,0.7214316074693485,25,3,128,7,3,5,63,2,0,2,Still_image_1080p_60fps_5s
1261,0,p4x4,3,0.3322388140761982,0,10,0,-9,3.591106108840383,-6:6,temporal,0,252,3,tesa,15,1,0,cbr,1,main,0.7214316074693485,25,6,141,7,3,5,63,2,0,2,Still_image_1080p_60fps_5s
1261,0,all,3,0.6157864219350295,1,12,0,-9,3.591106108840383,1:1,temporal,1,365,3,dia,15,0,0,cbr,1,main,0.7214316074693485,31,3,250,7,3,2,63,2,0,2,Still_image_1080p_60fps_5s
724,0,p4x4,3,0.6157864219350295,2,6,0,-9,3.591106108840383,2:-2,temporal,0,252,3,tesa,15,1,0,cbr,1,main,0.7214316074693485,25,3,141,7,24,7,4,0,0,1,Still_image_1080p_60fps_5s
1261,0,all,3,0.6157864219350295,2,12,0,-9,3.591106108840383,1:1,temporal,1,54,3,umh,15,0,0,none,1,main,0.7214316074693485,25,3,9,2,40,1,63,2,1,1,Still_image_720p_60fps_10s
1261,1,all,3,0.6157864219350295,2,12,0,-9,3.591106108840383,1:1,auto,1,54,3,umh,15,0,0,cbr,1,main,0.7815003578470683,25,4,9,2,92,5,63,2,1,0,Still_image_720p_60fps_10s
1261,0,all,3,0.1323837591628791,1,6,0,-9,3.591106108840383,3:-3,temporal,1,54,4,umh,15,1,0,cbr,1,main,0.7214316074693485,48,3,9,2,40,1,63,2,1,1,Still_image_720p_60fps_10s
1261,0,all,3,0.6157864219350295,2,12,0,-9,3.591106108840383,1:1,auto,1,166,3,umh,10,0,0,cbr,1,main,0.7214316074693485,30,3,47,1,67,5,63,0,0,1,Still_image_720p_60fps_10s
1261,0,all,3,0.6157864219350295,1,6,0,-9,3.591106108840383,1:1,temporal,1,54,4,umh,8,0,0,vbr,1,main,0.2892118132152554,25,3,141,4,44,0,38,2,1,0,Still_image_720p_60fps_10s
1261,0,all,3,0.6157864219350295,2,6,1,-9,3.591106108840383,1:1,temporal,1,54,4,umh,15,0,0,cbr,1,baseline,0.2115404214338969,20,7,107,4,24,7,49,0,0,0,Still_image_720p_60fps_10s
1261,0,all,2,0.6157864219350295,2,12,0,-9,3.591106108840383,1:1,auto,1,166,3,umh,10,0,0,cbr,1,high,0.941027742479888,48,3,7,2,40,5,63,1,1,1,Still_image_720p_60fps_10s
1261,0,all,3,1.8190286606737605,1,12,0,-9,3.591106108840383,6:-6,temporal,1,54,3,umh,15,0,0,cbr,1,main,0.7214316074693485,25,3,9,2,40,5,0,0,0,0,Still_image_720p_60fps_10s
1261,0,all,3,0.6157864219350295,1,6,0,-9,3.591106108840383,1:1,temporal,1,54,4,umh,15,0,0,cbr,1,main,0.7214316074693485,30,3,47,1,67,5,63,0,0,1,Still_image_720p_60fps_10s
1261,0,all,3,1.4280740192306902,1,6,0,-9,3.591106108840383,1:1,none,1,199,4,umh,8,0,0,vbr,0,high,0.2892118132152554,25,3,141,4,44,0,38,0,1,0,Still_image_720p_60fps_10s
1261,0,all,3,1.8190286606737605,1,12,0,-9,3.591106108840383,6:-6,temporal,1,54,3,umh,15,0,0,vbr,1,baseline,0.7214316074693485,25,3,9,2,67,5,38,0,0,1,Still_image_720p_60fps_10s
1261,0,all,3,0.6157864219350295,2,12,0,-9,50.24966116436698,3:-3,temporal,1,54,4,umh,15,1,0,cbr,1,main,0.7214316074693485,48,3,9,2,40,1,63,2,1,1,Still_image_720p_60fps_10s
1261,0,all,3,0.6157864219350295,2,12,0,-9,3.591106108840383,-2:2,auto,1,54,3,umh,15,0,0,cbr,0,main,0.7815003578470683,25,4,9,2,92,5,63,2,1,0,Still_image_720p_60fps_10s
635,0,all,3,0.6157864219350295,1,6,0,-9,3.591106108840383,1:1,temporal,1,54,4,umh,8,0,0,vbr,1,main,0.2892118132152554,25,3,141,4,44,0,38,2,1,0,Still_image_720p_60fps_10s
1261,0,all,3,1.4280740192306902,1,6,0,-12,32.97203141177098,1:1,none,1,199,4,umh,8,0,0,vbr,0,high,0.2892118132152554,46,3,126,4,44,0,38,0,1,0,Still_image_720p_60fps_10s
1261,0,all,3,0.6157864219350295,2,6,0,-9,3.591106108840383,1:1,temporal,1,54,4,umh,15,0,0,cbr,1,baseline,0.2115404214338969,25,4,9,2,92,5,63,2,1,2,Still_image_720p_60fps_10s
1261,0,all,3,1.4280740192306902,1,6,0,-12,32.97203141177098,1:1,auto,1,199,1,umh,8,0,0,vbr,1,baseline,0.7214316074693485,25,3,9,2,95,5,38,0,0,1,Still_image_720p_60fps_10s
835,0,all,3,0.6157864219350295,1,7,0,-9,3.591106108840383,1:1,temporal,1,54,4,umh,8,1,0,vbr,1,baseline,0.2892118132152554,25,3,141,4,44,0,29,2,1,0,Still_image_720p_60fps_10s
1261,0,all,3,0.6157864219350295,2,12,0,-9,3.591106108840383,1:1,auto,1,166,3,umh,10,0,0,cbr,1,main,0.7214316074693485,30,3,47,1,32,5,34,0,0,1,Still_image_720p_60fps_10s
1261,0,all,3,0.6157864219350295,1,6,0,-9,3.591106108840383,1:1,temporal,1,54,0,umh,15,0,0,vbr,1,baseline,0.7214316074693485,25,3,9,2,67,5,38,0,0,1,Still_image_720p_60fps_10s
1261,0,p4x4,3,0.6157864219350295,2,12,0,-9,3.591106108840383,2:-2,temporal,0,435,3,dia,15,0,0,none,1,main,0.7214316074693485,25,3,141,7,40,5,63,1,0,0,Standard_1080p_30fps_20s
1261,0,p4x4,3,0.6157864219350295,1,12,0,-9,3.591106108840383,2:-2,temporal,0,224,3,dia,15,1,0,cbr,1,main,0.7214316074693485,25,3,141,7,3,5,63,0,0,2,Standard_1080p_30fps_20s
1261,0,p8x8,3,0.6157864219350295,2,2,0,-10,3.591106108840383,2:-2,temporal,0,435,1,dia,15,0,0,cbr,1,main,0.7214316074693485,25,3,141,7,3,5,38,2,0,0,Standard_1080p_30fps_20s
1261,0,p8x8,3,0.6157864219350295,0,0,0,-9,3.591106108840383,2:-2,temporal,0,217,1,dia,15,0,0,cbr,1,main,0.7214316074693485,25,3,141,7,3,5,63,2,0,2,Standard_1080p_30fps_20s
1261,0,p4x4,3,0.6157864219350295,2,12,0,-2,3.591106108840383,2:-2,temporal,0,435,3,dia,8,0,0,none,1,main,0.7214316074693485,25,3,141,1,69,5,63,0,0,0,Standard_1080p_30fps_20s
1261,0,all,3,0.6157864219350295,1,12,0,-9,3.591106108840383,1:1,temporal,1,224,3,tesa,15,0,0,cbr,1,main,0.7214316074693485,25,3,141,7,40,5,63,2,0,0,Standard_1080p_30fps_20s
1261,0,p4x4,3,0.6157864219350295,2,6,0,-9,3.591106108840383,2:-2,temporal,0,252,3,tesa,15,1,0,cbr,1,main,0.7214316074693485,25,3,141,7,3,5,63,0,0,2,Standard_1080p_30fps_20s
2087,0,"p8x8,b8x8,i8x8,i4x4",0,0.8846362895873626,2,12,0,-9,3.591106108840383,2:-2,temporal,0,224,3,dia,40,0,0,none,1,main,0.7214316074693485,25,3,141,1,40,3,37,0,0,2,Standard_1080p_30fps_20s
1261,0,all,3,1.8675748583207004,1,6,0,-9,3.591106108840383,1:1,temporal,0,435,3,dia,8,0,0,none,0,main,0.7214316074693485,25,3,141,1,69,5,63,0,0,0,Standard_1080p_30fps_20s
1261,0,p8x8,2,0.6157864219350295,2,12,0,-9,44.324044588238735,4:-4,temporal,0,252,3,hex,15,1,0,cbr,1,main,0.7214316074693485,25,6,141,1,40,1,63,0,0,1,Standard_1080p_30fps_20s
1261,0,p4x4,3,1.1758883109050595,2,12,0,-9,3.591106108840383,2:-2,temporal,0,435,2,dia,15,0,0,none,1,main,0.7214316074693485,25,3,141,7,40,5,35,1,0,0,Standard_1080p_30fps_20s
1261,0,p8x8,3,0.6157864219350295,2,2,0,-10,3.591106108840383,2:-2,temporal,0,435,1,dia,15,0,0,cbr,1,main,0.7214316074693485,25,20,141,7,3,5,63,0,0,0,Standard_1080p_30fps_20s
1261,0,all,2,0.2167644059576779,1,1,0,-3,3.591106108840383,1:1,temporal,1,435,3,umh,8,0,0,none,1,main,0.2752293453607358,25,3,141,7,3,10,63,1,0,0,Standard_1080p_30fps_20s
1261,0,p8x8,3,0.6157864219350295,1,12,0,-9,3.591106108840383,2:-2,temporal,0,224,3,dia,15,0,0,cbr,0,main,0.7214316074693485,25,3,141,7,3,5,63,0,0,2,Standard_1080p_30fps_20s
1261,0,p4x4,3,0.6157864219350295,2,12,0,-12,20.0600356598865,2:-2,spatial,0,435,3,dia,15,0,0,none,1,main,0.7214316074693485,25,3,141,1,69,5,63,0,0,0,Standard_1080p_30fps_20s
1261,0,"p8x8,b8x8,i8x8,i4x4",0,0.8846362895873626,2,12,0,-9,3.591106108840383,2:-2,temporal,0,224,3,dia,40,0,0,none,1,main,0.7214316074693485,25,3,141,1,40,3,37,0,0,2,Standard_1080p_30fps_20s
1261,0,p8x8,3,0.6157864219350295,2,2,0,-10,3.591106108840383,2:-2,temporal,0,252,3,hex,15,0,0,cbr,0,main,0.7214316074693485,25,6,141,1,40,1,63,0,0,1,Standard_1080p_30fps_20s
2203,0,p8x8,2,0.6157864219350295,2,12,0,-9,44.324044588238735,4:-4,temporal,0,252,3,hex,15,1,0,cbr,1,main,0.7214316074693485,25,3,141,7,3,5,63,0,1,2,Standard_1080p_30fps_20s
1261,0,p4x4,3,0.6157864219350295,2,12,0,-6,44.324044588238735,4:-4,spatial,0,252,3,hex,15,1,0,cbr,1,main,0.7214316074693485,25,6,141,7,40,1,63,0,0,1,Standard_1080p_30fps_20s
1273,0,p8x8,2,0.6157864219350295,2,12,0,-9,20.0600356598865,2:-2,spatial,0,435,3,dia,15,0,0,none,1,main,0.7214316074693485,25,3,141,1,69,5,63,0,0,0,Standard_1080p_30fps_20s
1261,0,all,3,0.6157864219350295,1,12,0,-9,3.591106108840383,1:1,temporal,1,54,3,umh,15,0,0,cbr,1,main,0.7214316074693485,25,3,9,2,40,5,63,2,0,0,Big_1080p_25fps_20s
1261,0,all,3,0.6157864219350295,1,6,0,-9,3.591106108840383,1:1,temporal,1,54,4,umh,15,0,0,cbr,1,main,0.7214316074693485,30,3,47,1,67,5,63,0,0,2,Big_1080p_25fps_20s
1261,0,all,3,0.6157864219350295,1,6,0,-9,3.591106108840383,3:-3,temporal,1,54,4,umh,15,0,0,cbr,1,main,0.7214316074693485,25,3,9,2,40,1,28,2,1,2,Big_1080p_25fps_20s
1261,0,all,3,0.6157864219350295,2,6,0,-9,3.591106108840383,1:1,temporal,1,212,4,umh,46,0,0,cbr,1,main,0.7214316074693485,48,3,9,2,40,9,63,2,1,0,Big_1080p_25fps_20s
1261,0,all,3,0.6157864219350295,1,8,0,-9,3.591106108840383,1:1,temporal,1,377,4,umh,15,1,0,cbr,1,main,0.7214316074693485,48,4,172,2,40,1,63,2,1,0,Big_1080p_25fps_20s
1261,0,all,3,0.6157864219350295,2,6,0,-9,3.591106108840383,1:1,auto,1,54,3,umh,15,0,0,none,1,main,0.7214316074693485,25,10,9,2,40,1,16,2,1,1,Big_1080p_25fps_20s
1261,0,all,3,1.4144727288334005,1,6,0,-9,3.591106108840383,1:1,temporal,1,54,4,umh,15,1,0,cbr,1,main,0.7214316074693485,48,3,9,2,40,1,63,2,0,1,Big_1080p_25fps_20s
1261,0,all,3,0.6157864219350295,2,12,0,-9,3.591106108840383,1:1,temporal,1,54,3,umh,15,0,0,none,1,main,0.7214316074693485,25,3,9,2,40,1,63,2,1,1,Big_1080p_25fps_20s
1261,1,all,3,0.6157864219350295,2,12,0,-9,3.591106108840383,1:1,auto,1,54,3,umh,15,0,0,cbr,1,main,0.7815003578470683,25,4,9,2,92,5,63,2,1,0,Big_1080p_25fps_20s
1261,0,all,3,0.6157864219350295,2,12,0,-9,3.591106108840383,1:1,auto,1,166,3,umh,10,0,0,cbr,1,baseline,0.7214316074693485,25,3,141,1,40,11,9,2,0,0,Big_1080p_25fps_20s
1261,0,all,3,0.7629129009395013,0,6,0,-9,3.591106108840383,1:1,temporal,1,377,4,umh,15,0,0,cbr,1,main,0.7214316074693485,25,3,201,1,40,5,9,2,1,0,Big_1080p_25fps_20s
1261,0,all,3,1.188575956133466,1,12,0,-7,3.591106108840383,-2:2,temporal,1,54,2,umh,4,0,0,cbr,1,main,0.7214316074693485,30,3,229,1,67,5,63,0,1,1,Big_1080p_25fps_20s
1090,0,all,3,0.6157864219350295,2,6,0,12,3.591106108840383,1:1,auto,1,54,3,umh,15,0,0,none,1,main,0.7214316074693485,25,10,9,2,85,1,16,2,1,1,Big_1080p_25fps_20s
1261,0,all,3,0.6252271957400338,2,6,0,-9,3.591106108840383,1:1,temporal,1,377,4,umh,15,1,0,cbr,1,main,0.7214316074693485,48,4,172,2,40,1,63,2,1,0,Big_1080p_25fps_20s
1261,0,all,3,0.6252271957400338,2,6,0,-9,3.591106108840383,1:1,temporal,1,377,4,umh,15,1,0,cbr,1,main,0.7214316074693485,48,4,172,2,40,9,63,2,1,0,Big_1080p_25fps_20s
2321,0,all,3,1.4144727288334005,1,12,0,-9,3.591106108840383,1:1,none,1,54,3,umh,15,0,0,cbr,1,main,0.7214316074693485,43,3,9,2,40,2,33,2,0,0,Big_1080p_25fps_20s
1261,0,all,3,0.6157864219350295,2,2,0,-9,3.591106108840383,1:1,auto,1,166,3,umh,4,0,0,cbr,1,main,0.7214316074693485,30,3,229,1,67,5,63,0,0,1,Big_1080p_25fps_20s
1261,0,all,3,0.4684300042543964,1,6,0,-9,3.591106108840383,6:-6,temporal,1,54,4,umh,15,0,0,cbr,1,main,0.7214316074693485,25,9,9,2,40,1,28,2,1,0,Big_1080p_25fps_20s
1261,0,all,3,1.663276403580304,2,6,0,-9,31.538883482759505,3:-3,temporal,1,54,4,umh,15,0,0,cbr,1,main,0.7214316074693485,25,12,9,2,40,1,28,2,1,2,Big_1080p_25fps_20s
1261,0,all,3,0.6157864219350295,2,7,0,-9,20.533401294486865,1:1,temporal,1,54,3,umh,15,0,0,vbr,1,main,0.7214316074693485,25,3,9,2,40,1,63,2,1,1,Big_1080p_25fps_20s
1261,0,all,3,0.6157864219350295,1,6,0,-9,3.591106108840383,1:1,temporal,1,377,4,umh,15,1,0,cbr,1,main,0.7214316074693485,48,4,172,2,40,1,63,2,1,0,Big_720p_60fps_10s
1261,0,all,3,1.188575956133466,1,12,0,-9,3.591106108840383,6:-6,temporal,1,54,3,umh,15,0,0,cbr,1,main,0.7214316074693485,25,3,9,2,40,1,19,2,0,0,Big_720p_60fps_10s
1261,0,all,3,0.6157864219350295,1,6,0,-9,3.591106108840383,1:1,temporal,1,377,4,umh,15,1,0,cbr,1,baseline,0.7214316074693485,48,4,86,2,40,1,9,2,1,2,Big_720p_60fps_10s
1261,0,all,3,0.6157864219350295,1,6,0,-9,3.591106108840383,1:1,temporal,1,54,4,umh,15,0,0,cbr,1,main,0.7214316074693485,48,3,9,2,40,5,63,2,0,1,Big_720p_60fps_10s
1261,0,all,3,0.6157864219350295,2,6,0,-9,3.591106108840383,1:1,auto,1,54,3,umh,15,0,0,none,1,main,0.7214316074693485,25,10,9,2,40,1,16,2,1,1,Big_720p_60fps_10s
1261,0,all,3,1.188575956133466,1,12,0,-7,3.591106108840383,-2:2,temporal,1,54,4,umh,4,0,0,cbr,1,main,0.7214316074693485,30,3,229,1,67,5,63,0,1,1,Big_720p_60fps_10s
1261,0,all,3,0.6252271957400338,2,6,0,-9,3.591106108840383,1:1,temporal,1,377,4,umh,15,1,0,cbr,1,main,0.7214316074693485,48,4,172,2,40,1,63,2,1,0,Big_720p_60fps_10s
1261,0,all,3,0.6157864219350295,2,8,0,-9,3.591106108840383,1:1,auto,1,54,3,umh,15,0,0,none,1,baseline,0.7214316074693485,37,4,86,2,40,10,9,1,1,2,Big_720p_60fps_10s
1158,0,all,3,0.6157864219350295,1,6,0,-9,3.591106108840383,1:1,temporal,1,54,4,umh,15,0,0,cbr,1,main,0.7214316074693485,48,3,9,2,40,5,63,2,0,1,Big_720p_60fps_10s
1261,0,all,3,0.6157864219350295,1,6,0,-9,3.591106108840383,1:1,temporal,1,377,4,umh,15,1,0,cbr,1,baseline,0.7214316074693485,48,3,141,1,69,5,63,0,0,0,Big_720p_60fps_10s
1261,0,all,3,0.6157864219350295,1,8,0,-9,3.591106108840383,1:1,auto,1,54,3,umh,34,0,0,none,1,baseline,0.2586809790034794,37,4,86,2,40,10,9,1,1,1,Big_720p_60fps_10s
1261,0,all,3,0.0936380233837111,1,6,0,-9,3.591106108840383,1:1,temporal,1,377,4,umh,15,1,0,cbr,1,baseline,0.7214316074693485,48,4,86,2,40,1,63,2,1,2,Big_720p_60fps_10s
1261,0,all,3,0.6252271957400338,2,6,0,-9,3.591106108840383,1:1,temporal,1,377,4,umh,15,1,0,cbr,1,main,0.7214316074693485,48,4,172,2,40,1,63,0,1,0,Big_720p_60fps_10s
1261,0,all,3,0.6157864219350295,1,6,0,-9,3.591106108840383,-3:3,temporal,1,377,4,umh,15,1,0,cbr,1,baseline,0.7214316074693485,48,4,86,2,40,1,9,2,1,0,Big_720p_60fps_10s
1261,0,"p8x8,b8x8,i8x8,i4x4",0,0.6157864219350295,1,1,0,-9,3.591106108840383,1:1,auto,1,54,3,umh,53,0,0,cbr,1,baseline,0.6228226915297829,48,3,141,1,69,5,63,0,0,0,Big_720p_60fps_10s
1261,0,none,3,0.6252271957400338,2,6,0,-9,3.591106108840383,4:-4,auto,1,377,4,umh,15,1,0,cbr,1,main,0.7214316074693485,48,4,172,2,40,1,63,2,1,0,Big_720p_60fps_10s
1261,0,all,3,0.6157864219350295,2,8,0,-9,3.591106108840383,1:1,auto,1,54,3,esa,15,1,0,cbr,1,main,0.7214316074693485,48,4,172,2,40,1,63,0,1,0,Big_720p_60fps_10s
1261,0,all,3,0.6252271957400338,2,6,0,-11,3.591106108840383,1:1,temporal,1,95,4,umh,15,0,0,none,1,baseline,0.7214316074693485,23,4,86,2,40,10,9,1,1,2,Big_720p_60fps_10s
1261,0,p4x4,3,0.6157864219350295,2,6,0,-9,3.591106108840383,2:-2,temporal,0,252,3,tesa,15,1,0,cbr,1,main,0.7214316074693485,25,3,141,7,3,5,63,0,0,2,Big_720p_60fps_10s
1261,0,p4x4,3,0.6157864219350295,2,12,0,-9,3.591106108840383,2:-2,temporal,0,435,3,dia,15,0,0,cbr,1,main,0.7214316074693485,25,3,141,2,40,5,63,2,0,1,Big_720p_60fps_10s
1261,0,p4x4,3,0.6157864219350295,2,12,0,-9,3.591106108840383,2:-2,temporal,0,435,3,dia,15,0,0,cbr,1,main,0.7214316074693485,25,3,141,7,40,5,63,2,0,0,Action_720p_60fps_20s
1261,0,p8x8,3,0.6157864219350295,2,12,0,-9,3.591106108840383,2:-2,temporal,0,435,1,dia,15,0,0,cbr,1,main,0.7214316074693485,25,3,141,7,3,5,63,2,0,2,Action_720p_60fps_20s
1261,0,p4x4,3,0.6157864219350295,2,6,0,-9,3.591106108840383,2:-2,temporal,0,252,3,tesa,15,1,0,cbr,1,main,0.7214316074693485,25,3,141,7,3,5,63,0,0,2,Action_720p_60fps_20s
1261,0,p4x4,3,0.6157864219350295,2,12,0,-9,3.591106108840383,2:-2,temporal,0,435,3,dia,15,0,0,cbr,1,main,0.7214316074693485,25,3,141,2,40,5,63,2,0,1,Action_720p_60fps_20s
1261,0,p4x4,3,0.6157864219350295,2,12,0,-9,3.591106108840383,2:-2,temporal,0,224,3,dia,15,0,0,none,1,main,0.7214316074693485,25,17,141,7,40,5,63,1,0,0,Action_720p_60fps_20s
2087,0,"p8x8,b8x8,i8x8,i4x4",0,0.8846362895873626,2,12,0,-9,3.591106108840383,2:-2,temporal,0,224,3,dia,40,0,0,none,1,main,0.7214316074693485,25,3,141,1,40,3,37,0,0,2,Action_720p_60fps_20s
1261,0,all,3,0.6157864219350295,1,12,0,-9,3.591106108840383,1:1,temporal,1,224,3,tesa,15,0,0,cbr,1,main,0.7214316074693485,25,3,141,7,40,5,63,2,0,0,Action_720p_60fps_20s
1261,0,p4x4,3,0.6157864219350295,2,12,0,-9,3.591106108840383,2:-2,temporal,0,435,3,dia,15,0,0,none,1,main,0.7214316074693485,25,3,141,7,40,5,63,1,0,0,Action_720p_60fps_20s
1261,0,p8x8,3,0.6157864219350295,2,2,0,-10,3.591106108840383,2:-2,temporal,0,435,1,dia,15,0,0,cbr,1,main,0.7214316074693485,25,3,141,7,3,5,38,2,0,0,Action_720p_60fps_20s
1261,0,all,3,1.188575956133466,1,12,0,-7,3.591106108840383,2:-2,temporal,0,111,3,dia,15,0,0,cbr,1,main,0.7214316074693485,51,1,141,2,40,5,63,2,0,1,Action_720p_60fps_20s
1261,0,p8x8,3,0.6157864219350295,0,12,0,-9,3.591106108840383,2:-2,temporal,0,435,1,tesa,15,0,0,cbr,1,main,0.7214316074693485,25,3,141,7,3,5,38,2,0,0,Action_720p_60fps_20s
1261,0,p8x8,3,0.6157864219350295,2,12,0,-9,3.591106108840383,2:-2,temporal,0,435,1,dia,15,0,0,cbr,1,main,0.7214316074693485,25,3,141,7,40,5,63,2,0,0,Action_720p_60fps_20s
1261,0,p8x8,3,0.6157864219350295,2,12,0,-9,3.591106108840383,2:-2,temporal,0,435,3,dia,15,0,0,cbr,1,main,0.7214316074693485,25,3,141,7,40,5,63,2,0,0,Action_720p_60fps_20s
1261,0,p8x8,3,0.6157864219350295,1,6,0,-11,3.591106108840383,3:-3,temporal,1,54,3,dia,15,0,0,cbr,1,main,0.7214316074693485,25,3,141,2,40,5,63,2,0,1,Action_720p_60fps_20s
1261,0,p4x4,3,0.6157864219350295,2,12,0,-9,3.591106108840383,2:-2,temporal,0,224,3,dia,15,0,0,none,1,main,0.5668830452300164,25,17,65,7,33,5,14,1,0,0,Action_720p_60fps_20s
1261,0,p8x8,3,0.6157864219350295,2,2,0,-10,3.591106108840383,2:-2,temporal,1,435,1,dia,15,0,0,none,1,main,0.7214316074693485,25,3,141,7,3,5,63,2,0,2,Action_720p_60fps_20s
1261,0,p4x4,3,0.6157864219350295,2,12,0,-9,3.591106108840383,1:-1,temporal,0,435,3,dia,15,0,0,none,1,main,0.7214316074693485,25,3,141,7,40,5,63,1,0,1,Action_720p_60fps_20s
1261,0,p4x4,3,0.6157864219350295,2,12,0,-9,3.591106108840383,2:-2,temporal,0,224,3,dia,30,0,0,none,1,main,0.7214316074693485,25,3,141,7,40,5,63,2,0,0,Action_720p_60fps_20s
2087,0,"p8x8,b8x8,i8x8,i4x4",2,0.8846362895873626,0,12,0,-9,3.591106108840383,2:-2,temporal,0,224,3,dia,15,0,0,none,1,main,0.5668830452300164,25,17,65,7,33,5,14,1,0,0,Action_720p_60fps_20s
1261,0,p4x4,3,0.6157864219350295,2,12,0,-9,3.591106108840383,2:-2,temporal,0,435,3,dia,15,0,1,none,1,main,0.7214316074693485,25,20,141,7,40,5,63,1,0,0,Action_720p_60fps_20s
1261,0,all,2,0.6157864219350295,1,2,0,-3,3.591106108840383,1:1,temporal,1,435,3,umh,8,0,0,vbr,1,main,0.2892118132152554,25,3,141,4,50,0,38,2,1,1,Still_image_1080p_30fps_20s
1261,0,all,3,1.188575956133466,1,12,0,-7,3.591106108840383,-2:2,temporal,1,54,2,umh,4,0,0,cbr,1,main,0.7214316074693485,30,3,229,1,67,5,63,0,1,1,Still_image_1080p_30fps_20s
1261,0,all,3,0.6252271957400338,2,6,0,-9,3.591106108840383,1:1,temporal,1,377,4,umh,15,1,0,cbr,1,main,0.7214316074693485,48,4,172,2,40,1,63,2,1,0,Still_image_1080p_30fps_20s
1261,0,all,3,0.6157864219350295,1,6,0,-9,3.591106108840383,1:1,temporal,1,54,4,umh,8,0,0,vbr,1,main,0.2892118132152554,25,3,141,4,44,0,38,2,1,0,Still_image_1080p_30fps_20s
1261,0,all,3,1.8190286606737605,1,12,0,-9,3.591106108840383,6:-6,temporal,1,54,3,umh,15,0,0,cbr,1,main,0.7214316074693485,25,3,9,2,40,5,0,0,0,0,Still_image_1080p_30fps_20s
1261,0,all,3,0.6157864219350295,2,12,0,-9,3.591106108840383,1:1,auto,1,166,3,umh,10,0,0,cbr,1,main,0.7214316074693485,30,3,47,1,67,5,63,0,0,1,Still_image_1080p_30fps_20s
1261,0,all,3,0.6157864219350295,1,6,0,-9,3.591106108840383,1:1,temporal,1,54,4,umh,15,0,0,cbr,1,main,0.7214316074693485,48,3,9,2,40,5,63,2,0,1,Still_image_1080p_30fps_20s
1261,0,all,3,0.6157864219350295,2,12,0,-9,3.591106108840383,1:1,auto,1,166,3,umh,10,0,0,cbr,1,baseline,0.7214316074693485,25,3,141,1,40,11,9,2,0,0,Still_image_1080p_30fps_20s
1261,0,all,3,0.6157864219350295,1,12,0,-9,3.591106108840383,1:1,temporal,1,54,3,umh,15,0,0,cbr,1,main,0.7214316074693485,25,3,9,2,40,5,63,2,0,0,Still_image_1080p_30fps_20s
1261,0,all,3,0.6157864219350295,2,12,0,-9,3.591106108840383,1:1,auto,1,166,3,umh,10,0,0,cbr,1,main,0.7214316074693485,30,2,47,1,67,5,63,2,0,1,Still_image_1080p_30fps_20s
1261,0,all,3,1.188575956133466,1,12,0,-7,3.591106108840383,-2:2,temporal,1,54,3,umh,15,0,0,cbr,1,main,0.7214316074693485,41,3,9,2,40,5,0,2,0,0,Still_image_1080p_30fps_20s
1261,1,all,3,0.6157864219350295,1,6,0,-9,3.591106108840383,1:1,temporal,1,54,4,umh,8,0,0,cbr,1,main,0.2892118132152554,25,3,141,4,44,0,38,2,1,0,Still_image_1080p_30fps_20s
1534,0,all,3,0.6157864219350295,0,2,0,-3,3.591106108840383,1:1,temporal,1,435,3,umh,8,0,0,vbr,1,main,0.4808423005340005,25,3,141,4,50,0,38,2,1,1,Still_image_1080p_30fps_20s
1261,0,all,3,0.6157864219350295,2,12,0,-9,3.591106108840383,1:1,temporal,1,377,4,umh,15,0,0,cbr,1,high,0.7214316074693485,48,4,172,2,40,1,63,1,1,0,Still_image_1080p_30fps_20s
1261,0,all,3,0.6252271957400338,1,6,0,-7,3.591106108840383,1:1,auto,1,166,3,umh,10,0,0,cbr,1,baseline,0.7214316074693485,25,3,141,1,40,11,9,2,0,0,Still_image_1080p_30fps_20s
1261,0,all,3,1.188575956133466,1,12,0,-9,3.591106108840383,1:1,auto,1,166,3,umh,10,0,0,cbr,1,main,0.7214316074693485,30,3,47,1,67,5,63,0,1,1,Still_image_1080p_30fps_20s
1261,0,all,3,0.6157864219350295,2,12,0,-7,3.591106108840383,-2:2,temporal,1,291,2,umh,4,0,0,cbr,1,main,0.7214316074693485,30,3,229,1,67,5,63,0,1,1,Still_image_1080p_30fps_20s
1261,0,all,3,0.6157864219350295,1,12,0,-9,3.591106108840383,1:1,temporal,1,224,3,tesa,15,0,0,cbr,1,main,0.7214316074693485,25,3,141,7,40,5,63,2,0,0,Still_image_1080p_30fps_20s
1261,0,p4x4,3,0.6157864219350295,2,12,0,-9,3.591106108840383,2:-2,temporal,0,435,3,dia,15,0,0,none,1,baseline,0.7214316074693485,31,3,141,7,40,5,63,1,0,0,Still_image_1080p_30fps_20s
1261,0,all,3,0.6157864219350295,1,12,0,-9,3.591106108840383,2:-2,temporal,0,359,3,tesa,15,0,0,cbr,1,main,0.7214316074693485,35,3,141,10,3,5,63,1,0,2,Still_image_1080p_30fps_20s
1261,0,all,3,0.6157864219350295,2,12,0,-9,3.591106108840383,1:1,auto,1,166,3,umh,10,0,0,cbr,1,main,0.7214316074693485,30,3,47,1,67,5,63,0,0,1,Action_1080p_60fps_10s
1261,0,all,3,0.6157864219350295,1,1,0,-9,3.591106108840383,1:1,temporal,1,54,4,umh,15,1,0,cbr,1,baseline,0.7214316074693485,48,6,32,2,40,1,63,2,0,1,Action_1080p_60fps_10s
1261,0,p8x8,3,0.6157864219350295,1,6,0,-9,3.591106108840383,3:-3,temporal,1,54,4,umh,15,0,0,cbr,1,baseline,0.7214316074693485,25,19,9,2,40,1,28,2,1,1,Action_1080p_60fps_10s
1261,0,all,3,1.4144727288334005,1,6,0,-9,3.591106108840383,1:1,temporal,1,54,4,umh,15,1,0,cbr,1,main,0.7214316074693485,48,3,9,2,40,1,63,2,0,1,Action_1080p_60fps_10s
1261,0,all,3,0.6157864219350295,1,6,0,-9,3.591106108840383,1:1,temporal,1,54,4,umh,15,0,0,cbr,1,main,0.7214316074693485,30,3,47,1,67,5,63,0,0,1,Action_1080p_60fps_10s
1261,0,all,3,0.6157864219350295,2,12,0,-9,3.591106108840383,1:1,auto,1,166,3,umh,10,0,0,cbr,1,baseline,0.7214316074693485,25,3,141,1,40,11,9,2,0,0,Action_1080p_60fps_10s
1261,0,all,3,1.188575956133466,1,12,0,-7,3.591106108840383,-2:2,temporal,1,54,4,umh,4,0,0,cbr,1,main,0.7214316074693485,30,3,229,1,67,5,63,0,1,1,Action_1080p_60fps_10s
1261,0,all,3,0.6157864219350295,1,4,0,-11,3.591106108840383,3:-3,spatial,1,54,4,umh,15,0,0,cbr,1,main,0.9032711201454504,25,3,9,2,40,1,51,2,1,2,Action_1080p_60fps_10s
1261,0,all,3,0.7629129009395013,0,6,0,-9,3.591106108840383,1:1,temporal,1,377,4,umh,15,0,0,cbr,1,main,0.7214316074693485,25,3,201,1,40,5,9,2,1,0,Action_1080p_60fps_10s
1158,0,all,3,0.6157864219350295,1,6,0,-9,3.591106108840383,1:1,temporal,1,54,4,umh,15,0,0,cbr,1,main,0.7214316074693485,48,3,9,2,40,5,63,2,0,1,Action_1080p_60fps_10s
1261,0,none,1,0.6157864219350295,2,12,0,-9,3.591106108840383,1:1,auto,1,166,3,umh,10,0,0,cbr,1,baseline,0.7214316074693485,25,3,141,1,67,5,63,0,1,1,Action_1080p_60fps_10s
1069,0,p8x8,3,0.6157864219350295,2,12,1,-9,3.591106108840383,1:1,auto,1,166,3,umh,10,0,0,cbr,1,baseline,0.7214316074693485,25,3,141,1,40,11,9,2,1,0,Action_1080p_60fps_10s
1261,0,all,3,1.4144727288334005,1,1,0,-9,3.591106108840383,3:-3,spatial,1,54,4,umh,15,0,0,cbr,1,main,0.9032711201454504,29,3,9,2,40,1,51,2,1,2,Action_1080p_60fps_10s
1261,0,all,3,0.6157864219350295,1,4,0,-11,3.591106108840383,1:1,temporal,1,54,4,umh,15,1,0,cbr,1,main,0.7214316074693485,48,3,9,2,40,1,63,2,0,1,Action_1080p_60fps_10s
2071,0,all,3,0.6157864219350295,1,4,0,-11,3.591106108840383,1:1,temporal,1,54,4,umh,15,1,0,cbr,1,main,0.7214316074693485,48,3,9,2,61,1,63,2,0,1,Action_1080p_60fps_10s
1261,0,all,3,1.4144727288334005,1,1,0,-9,3.591106108840383,3:-3,spatial,1,377,4,umh,15,0,0,cbr,1,main,0.7220117956749046,25,3,201,1,40,5,9,2,1,0,Action_1080p_60fps_10s
1261,0,all,3,0.6157864219350295,1,4,0,-6,3.591106108840383,3:-3,spatial,1,54,4,umh,15,0,0,cbr,1,main,0.9032711201454504,25,3,9,2,40,1,51,0,1,2,Action_1080p_60fps_10s
1261,0,all,3,1.188575956133466,1,12,0,-11,3.591106108840383,-2:2,temporal,1,54,4,umh,4,0,0,cbr,1,baseline,0.7214316074693485,25,3,141,1,67,5,63,0,1,1,Action_1080p_60fps_10s
1261,0,all,3,0.6157864219350295,2,12,0,-9,3.591106108840383,1:1,auto,1,166,3,umh,10,0,0,cbr,1,baseline,0.7214316074693485,25,5,141,1,40,11,9,2,0,0,Action_1080p_60fps_10s
1261,0,all,3,0.6157864219350295,1,1,0,-9,3.591106108840383,2:2,temporal,1,54,4,umh,15,1,0,cbr,1,baseline,0.7214316074693485,48,6,32,1,40,1,63,2,0,1,Action_1080p_60fps_10s
