write,0,select,1,0.1,1.1,0.2,1.2,1.3,0.3,2,2674,27906,20834,36784,18392,24891,55070,35593,9450,8624,9,14473,1.4,36179,0.4,0.5,1.5,0.6,1.6,workload
writev,1,select,0,0,0,0,1,1,2,0,10583,49480,15376,15321,7660,56760,26258,23968,60903,20272,3,57210,1,61986,0,0,0,1,212,data_12threads_100connections_10s_True
writev,1,select,0,0,0,0,1,1,2,0,10583,4182,2709,36070,17783,63770,46270,21089,19133,20665,15,5125,1,18160,0,1,1,1,2029,data_12threads_100connections_10s_True
writev,1,libev,1,1,0,1,1,0,1,2,25700,2763,39993,60868,24770,43737,50418,64326,39079,35231,4,38236,1,27107,0,1,0,0,863,data_12threads_100connections_10s_True
writev,1,libev,1,1,0,1,1,0,1,1,25700,2763,39993,60868,24770,43737,50418,64326,39079,35231,10,38236,1,27107,0,1,0,0,740,data_12threads_100connections_10s_True
writev,1,select,0,0,0,0,1,1,2,0,10583,4182,2709,36070,17783,63770,46270,21089,19133,20665,15,1438,1,18160,0,1,1,0,1473,data_12threads_100connections_10s_True
writev,0,libev,1,1,0,0,1,0,2,2,25700,2763,8648,45667,20921,46190,20741,25913,65001,62422,1,13132,1,60150,1,1,0,1,2029,data_12threads_100connections_10s_True
sendfile,0,libev,0,1,0,1,1,1,1,2,20948,12061,36799,58991,21653,12981,26258,23968,60903,29532,3,57210,1,61986,1,1,0,0,2394,data_12threads_100connections_10s_True
sendfile,0,libev,0,1,0,1,1,1,1,2,20948,12061,27972,32364,21653,58290,20273,31704,50035,18969,3,6434,1,60150,1,1,0,1,2029,data_12threads_100connections_10s_True
writev,1,poll,0,1,1,1,1,0,1,1,25700,2763,4886,45667,20921,46190,5558,25913,65001,62422,1,37417,1,7848,0,0,1,1,2281,data_12threads_100connections_10s_True
writev,1,poll,1,1,1,1,1,0,1,1,29063,2763,4886,45667,20921,46190,5558,25913,65001,62422,1,37417,1,7848,0,1,0,0,47,data_12threads_100connections_10s_True
writev,0,linux-sysepoll,1,1,1,1,1,0,2,0,24906,45811,15376,15321,7660,41733,26258,23968,60903,28649,3,57210,1,60150,1,0,0,0,2029,data_12threads_100connections_10s_True
sendfile,0,libev,0,1,0,1,1,1,1,2,20948,12061,27972,58991,21653,58290,26258,23968,60903,20272,3,57210,1,61986,0,0,0,1,212,data_12threads_100connections_10s_True
writev,1,libev,1,1,0,1,1,0,1,2,38468,1312,23416,27122,13561,42073,26258,23968,60903,20272,3,57210,1,61986,0,0,0,1,212,data_12threads_100connections_10s_True
writev,1,libev,1,1,0,1,1,0,1,2,25700,2763,8648,45667,20921,46190,5558,25913,65001,62422,1,37417,1,7848,0,0,0,1,797,data_12threads_100connections_10s_True
writev,1,libev,1,1,0,1,1,0,1,2,38468,1312,20031,27122,13561,42073,9132,58242,44922,43217,6,36135,1,24458,1,1,0,0,2394,data_12threads_100connections_10s_True
writev,0,linux-sysepoll,1,0,1,1,1,0,2,2,24906,49305,15376,15321,7660,41733,26258,23968,60903,20272,3,57210,1,61986,0,0,0,1,212,data_12threads_100connections_10s_True
writev,1,libev,1,1,0,1,1,0,1,2,25700,2763,8648,45667,20921,46190,5558,25913,65001,62422,1,37417,1,7848,0,0,0,0,2160,data_12threads_100connections_10s_True
writev,1,poll,1,1,0,1,1,0,1,2,25700,2763,8648,45667,20921,46190,5558,25913,65001,62422,1,37417,1,7848,0,0,0,1,797,data_12threads_100connections_10s_True
write,1,libev,1,1,0,1,1,0,1,2,19504,1312,23416,27122,13561,42073,20273,31704,50035,18969,3,6434,1,60150,1,0,0,1,2029,data_12threads_100connections_10s_True
writev,1,libev,1,1,0,1,1,1,1,0,25700,2763,8648,45667,20921,46190,5558,25913,65001,62422,1,37417,1,7848,0,0,0,1,797,data_12threads_100connections_10s_True
sendfile,0,libev,0,1,0,1,1,1,1,2,20948,12061,27972,32364,21653,58290,20273,31704,50035,18969,3,6434,1,60150,1,1,0,1,2029,data_8threads_100connections_60s_True
sendfile,0,libev,0,1,1,1,1,0,1,2,20948,12061,4843,58991,21653,21049,26258,23968,60903,29532,3,57210,1,61986,1,1,0,0,2394,data_8threads_100connections_60s_True
writev,0,libev,1,0,0,1,1,1,2,0,10583,49480,15376,25035,7660,56760,26258,15122,60903,37051,5,1183,1,13545,0,1,1,0,1449,data_8threads_100connections_60s_True
writev,0,libev,1,1,0,0,1,0,1,2,25700,2763,8648,45667,20921,46190,20741,25913,65001,62422,1,13132,1,60150,1,1,0,0,2394,data_8threads_100connections_60s_True
writev,1,select,0,0,0,0,1,1,2,0,10583,49480,15376,25035,7660,56760,26258,23968,60903,20272,3,56347,1,60150,1,1,1,1,2029,data_8threads_100connections_60s_True
writev,0,libev,0,0,0,0,1,1,2,0,10583,49480,15376,25035,7660,56760,26258,23968,60903,20272,3,51609,1,60150,1,1,1,1,2029,data_8threads_100connections_60s_True
writev,0,libev,1,1,0,0,1,0,2,2,25700,2763,8648,45667,20921,46190,20741,25913,65001,62422,1,13132,1,60150,1,1,0,1,2029,data_8threads_100connections_60s_True
writev,0,libev,1,1,0,0,1,0,2,2,25700,2763,8648,32364,21653,58290,20273,31704,50035,18969,3,47716,1,60150,1,1,0,1,2029,data_8threads_100connections_60s_True
sendfile,0,libev,0,1,0,1,1,1,1,2,20948,12061,36799,58991,21653,12981,26258,23968,60903,29532,3,57210,1,61986,1,1,0,0,2394,data_8threads_100connections_60s_True
sendfile,0,libev,0,1,1,1,1,1,1,2,20948,12061,36799,58991,21653,47759,9805,48960,18805,23205,5,56488,1,29129,1,1,1,0,1449,data_8threads_100connections_60s_True
write,0,libev,1,1,1,0,1,0,1,1,32383,2722,60680,7235,3617,47759,25377,48960,18805,23205,5,1183,1,29129,1,1,1,0,1449,data_8threads_100connections_60s_True
writev,0,linux-sysepoll,1,1,1,0,1,0,1,1,32383,2722,60680,7235,3617,47759,25377,48960,18805,23205,5,1183,1,13545,1,1,1,0,1449,data_8threads_100connections_60s_True
write,0,libev,1,1,0,1,1,0,1,1,32383,13619,60680,7235,3617,47759,25377,48960,18805,23205,5,1183,1,13545,1,1,1,0,1449,data_8threads_100connections_60s_True
write,0,libev,1,1,0,1,1,0,1,1,32383,13619,60680,7235,21265,28862,25377,48960,18805,23205,5,1183,1,13545,1,1,1,1,2029,data_8threads_100connections_60s_True
writev,0,linux-sysepoll,1,1,0,0,1,1,1,1,32383,2722,60680,7235,3617,47759,25377,48960,18805,23205,0,1183,1,13545,1,1,1,0,1449,data_8threads_100connections_60s_True
write,0,poll,1,1,1,1,1,0,1,1,32383,13619,60680,7235,3617,47759,25377,48960,18805,20272,3,51609,1,22332,1,1,1,1,2029,data_8threads_100connections_60s_True
write,0,libev,1,1,1,0,1,0,1,1,32383,2722,60680,7235,3617,12981,26258,23968,6165,29532,3,57210,1,61986,1,1,0,0,7,data_8threads_100connections_60s_True
writev,0,linux-sysepoll,1,0,1,1,1,0,1,1,2321,53634,11296,7052,3526,40520,32529,24077,32447,49647,7,12542,1,54129,1,0,1,1,1258,data_8threads_100connections_60s_True
write,0,libev,1,0,0,1,1,0,1,1,2321,53634,11296,59256,3526,40520,32529,24077,18951,49647,7,12542,1,54129,1,0,1,1,1258,data_8threads_100connections_60s_True
writev,0,linux-sysepoll,1,1,1,0,1,0,1,1,2321,46075,11296,59256,3526,40520,32529,24077,18951,49647,7,12542,1,59764,0,0,1,1,1258,data_8threads_100connections_60s_True
sendfile,0,libev,0,1,0,1,1,1,1,2,20948,12061,27972,32364,21653,58290,20273,31704,50035,18969,3,6434,1,60150,1,1,0,1,2029,data_12threads_300connections_60s_False
sendfile,0,libev,0,1,0,1,1,1,1,2,20948,12061,27972,25035,7660,56760,55652,23968,60903,32059,10,51609,1,60150,1,1,0,1,2029,data_12threads_300connections_60s_False
writev,1,libev,1,1,0,0,1,0,0,1,25700,2763,4886,4049,20921,46190,5558,25913,65001,62422,1,37417,1,7848,0,0,1,1,2281,data_12threads_300connections_60s_False
writev,1,select,1,1,0,0,1,0,1,1,25700,47145,4886,45667,20921,46190,60692,25913,65001,62422,1,37417,1,7694,0,0,1,1,2281,data_12threads_300connections_60s_False
writev,1,select,1,1,0,0,1,0,1,1,25700,47145,4886,45667,20921,46190,48059,25913,65001,62422,1,37417,1,7694,0,0,1,1,2281,data_12threads_300connections_60s_False
writev,0,libev,1,1,0,0,1,0,1,2,25700,2763,8648,45667,20921,46190,20741,25913,65001,62422,1,13132,1,60150,1,1,0,0,2394,data_12threads_300connections_60s_False
sendfile,0,libev,1,1,0,1,1,1,1,2,20948,45897,27972,32364,21653,58290,20273,31704,50035,18969,3,6434,1,60150,1,1,1,0,587,data_12threads_300connections_60s_False
writev,0,libev,1,1,0,0,1,0,1,2,25700,2763,27972,64552,21653,58290,47412,31704,50035,18969,3,6434,1,60150,1,1,1,1,2029,data_12threads_300connections_60s_False
sendfile,0,libev,1,1,0,0,1,0,1,1,25700,2763,5176,64552,21653,58290,47412,31704,50035,3082,7,6434,1,60150,1,1,1,1,2029,data_12threads_300connections_60s_False
sendfile,0,libev,0,1,1,1,1,0,1,2,20948,12061,4843,58991,21653,21049,26258,23968,60903,29532,3,57210,1,61986,1,1,0,0,2394,data_12threads_300connections_60s_False
writev,1,libev,1,1,1,0,0,0,2,2,25700,2763,8648,41833,20921,46190,20741,25913,55854,62422,1,13132,1,60150,1,1,0,0,2029,data_12threads_300connections_60s_False
writev,1,poll,1,1,0,0,1,0,0,1,25700,2763,4886,4049,20921,46190,26258,23968,65001,62422,1,13132,1,60150,1,1,0,1,2394,data_12threads_300connections_60s_False
writev,1,libev,1,1,0,1,1,0,1,1,25700,2763,39993,60868,24770,43737,50418,64326,39079,35231,10,38236,1,27107,0,1,0,0,740,data_12threads_300connections_60s_False
writev,1,libev,1,1,0,1,1,0,1,2,25700,2763,39993,60868,24770,43737,50418,64326,39079,35231,4,38236,1,27107,0,1,0,0,863,data_12threads_300connections_60s_False
writev,0,libev,1,1,0,0,1,0,2,2,25700,2763,8648,45667,20921,46190,20741,25913,65001,62422,1,13132,1,60150,1,1,0,1,2029,data_12threads_300connections_60s_False
writev,0,libev,1,1,0,0,1,0,2,2,25700,2763,8648,32364,21653,58290,20273,31704,50035,18969,3,47716,1,60150,1,1,0,1,2029,data_12threads_300connections_60s_False
writev,0,linux-sysepoll,0,1,0,1,1,0,1,2,10583,49480,50516,25035,7660,56760,26258,15122,60903,37051,5,1183,1,13545,0,1,1,0,1449,data_12threads_300connections_60s_False
writev,1,libev,1,1,0,0,1,0,0,1,25700,2763,4886,4049,20921,46190,26258,23968,60903,20272,3,56347,1,60150,1,1,1,1,2029,data_12threads_300connections_60s_False
writev,1,select,0,0,0,0,1,1,2,0,10583,49480,15376,25035,24748,56760,5558,53258,65001,62422,1,37417,1,11343,0,0,1,1,2281,data_12threads_300connections_60s_False
writev,0,libev,1,1,0,0,1,0,2,2,49799,2763,8648,32364,21653,58290,20273,31704,50035,18969,3,18045,1,60150,1,0,0,1,2029,data_12threads_300connections_60s_False
writev,0,libev,1,1,0,0,1,0,1,1,25700,2763,4886,4049,20921,46190,5558,25913,65001,62422,1,37417,1,7694,0,0,1,1,2281,data_12threads_100connections_10s_False
writev,0,libev,1,1,1,0,1,0,2,2,25700,12061,27972,28291,21653,58290,20273,31704,50035,18969,3,6434,1,60150,1,1,0,1,2029,data_12threads_100connections_10s_False
writev,0,libev,0,1,0,0,1,0,2,2,25700,2763,8648,25035,7660,56760,55652,23968,60903,32059,10,51609,1,60150,1,1,0,1,2029,data_12threads_100connections_10s_False
writev,0,libev,1,1,0,0,1,0,1,1,25700,2763,4886,4049,20921,46190,5558,25913,50035,18969,3,6434,1,60150,1,1,0,1,2029,data_12threads_100connections_10s_False
sendfile,0,libev,0,1,0,1,1,1,1,2,20948,12061,27972,32364,21653,58290,20273,31704,50035,18969,3,6434,1,60150,1,1,0,1,2029,data_12threads_100connections_10s_False
sendfile,0,libev,0,1,0,1,1,1,1,2,20948,12061,27972,25035,7660,56760,55652,23968,60903,32059,10,51609,1,60150,1,1,0,1,2029,data_12threads_100connections_10s_False
sendfile,0,libev,0,1,0,1,1,1,1,2,20948,12061,27972,45667,20921,46190,20741,25913,64193,27620,1,13132,1,60150,1,1,0,1,2029,data_12threads_100connections_10s_False
writev,0,libev,1,1,0,0,1,1,1,2,25700,2763,4886,4049,20921,46190,64477,25913,65001,62422,1,37417,1,7694,0,0,1,1,2281,data_12threads_100connections_10s_False
writev,0,libev,1,1,0,0,1,0,2,2,25700,2763,8648,45667,20921,46190,20741,25913,65001,62422,1,13132,1,60150,1,1,0,1,2029,data_12threads_100connections_10s_False
writev,0,libev,1,1,0,0,1,0,2,2,25700,2763,8648,32364,21653,58290,20273,31704,50035,18969,3,47716,1,60150,1,1,0,1,2029,data_12threads_100connections_10s_False
sendfile,0,libev,0,0,0,1,1,1,1,1,20948,2763,8648,45667,20921,46190,20741,1081,65001,9944,1,13132,1,60150,1,1,0,1,2029,data_12threads_100connections_10s_False
sendfile,0,libev,0,0,0,1,1,1,1,1,20948,2763,8648,32364,21653,58290,20273,21354,50035,18969,3,6434,1,60150,1,1,0,1,2029,data_12threads_100connections_10s_False
sendfile,0,linux-sysepoll,0,0,0,1,1,1,1,2,20948,12061,27972,45667,20921,46190,10662,25913,64193,27620,13,13132,1,60150,1,1,0,1,2029,data_12threads_100connections_10s_False
writev,0,libev,1,1,0,0,1,0,1,2,25700,2763,8648,45667,20921,46190,20741,25913,65001,62422,1,13132,1,60150,1,1,0,0,2394,data_12threads_100connections_10s_False
sendfile,0,libev,1,1,0,0,1,0,1,1,25700,2763,5176,64552,21653,58290,47412,31704,50035,3082,7,6434,1,60150,1,1,1,1,2029,data_12threads_100connections_10s_False
writev,0,libev,1,1,0,0,1,0,1,2,25700,2763,27972,64552,21653,58290,47412,31704,50035,18969,3,6434,1,60150,1,1,1,1,2029,data_12threads_100connections_10s_False
sendfile,0,libev,1,1,0,1,1,1,1,2,20948,45897,27972,32364,21653,58290,20273,31704,50035,18969,3,6434,1,60150,1,1,1,0,587,data_12threads_100connections_10s_False
sendfile,0,libev,1,1,0,1,1,1,1,2,20948,12061,27972,32364,29796,58290,47412,17741,50035,3082,7,6434,1,60150,1,1,1,1,2029,data_12threads_100connections_10s_False
writev,0,libev,1,1,1,1,1,0,1,2,25700,2763,59890,45667,20921,46190,387,25913,65001,62422,1,13132,1,60150,1,1,0,0,2394,data_12threads_100connections_10s_False
writev,1,select,1,1,0,0,1,0,1,1,25700,47145,4886,45667,20921,46190,60692,25913,65001,62422,1,37417,1,7694,0,0,1,1,2281,data_12threads_100connections_10s_False
writev,1,libev,0,0,1,1,1,1,2,1,38414,40095,20031,8787,4393,5435,65402,41837,13714,61196,2,24290,1,56430,1,1,1,1,1487,data_8threads_100connections_10s_False
writev,1,libev,0,0,1,1,1,1,2,1,38414,40095,20031,8787,4393,5435,65402,41837,43972,61196,2,24290,1,56430,1,1,1,1,1487,data_8threads_100connections_10s_False
sendfile,1,libev,1,0,1,1,1,1,2,2,12971,42007,48247,42616,21308,40489,50912,12743,52415,32576,7,51936,1,44830,0,0,1,0,576,data_8threads_100connections_10s_False
sendfile,1,libev,0,0,1,1,1,1,2,2,12971,42007,48247,37789,21308,59216,30417,51769,57234,63824,4,21386,1,29959,1,0,0,1,1525,data_8threads_100connections_10s_False
writev,0,linux-sysepoll,1,1,1,0,1,0,2,1,51384,36374,40766,8996,4498,59216,65402,41837,13714,13880,2,50377,1,12399,1,0,0,0,2621,data_8threads_100connections_10s_False
write,1,libev,1,0,1,1,1,0,0,1,10461,20159,56404,5841,13826,30813,1869,17246,37487,52107,3,28130,1,553,1,0,0,1,338,data_8threads_100connections_10s_False
sendfile,0,libev,1,1,0,0,1,0,2,1,48750,10028,40701,8996,4498,59216,30417,51769,57234,63824,4,21386,1,1143,1,1,0,1,1487,data_8threads_100connections_10s_False
writev,0,linux-sysepoll,1,1,0,0,1,0,2,1,51384,10028,40701,8996,4498,59216,30417,51769,57234,63824,4,21386,1,1143,1,1,0,1,1487,data_8threads_100connections_10s_False
sendfile,0,poll,1,0,1,1,1,0,2,1,28801,10028,40701,8996,4498,59216,30417,51769,57234,38251,4,12736,1,1143,1,1,0,1,1487,data_8threads_100connections_10s_False
sendfile,0,libev,1,1,0,0,1,1,2,1,48750,10028,40701,8996,4498,59216,30417,51769,57234,63824,4,21386,1,29959,1,0,0,1,1525,data_8threads_100connections_10s_False
writev,0,linux-sysepoll,1,1,0,0,1,0,2,1,51384,10028,40701,62383,4498,59216,30417,51769,57234,63824,12,21386,0,28993,1,1,0,1,1487,data_8threads_100connections_10s_False
writev,0,poll,1,1,0,0,1,0,2,1,48750,10028,40701,8996,4498,59216,58364,51769,13168,63824,4,21386,1,1143,0,1,0,1,1487,data_8threads_100connections_10s_False
sendfile,1,libev,1,1,0,0,1,0,2,1,48750,10028,40701,8996,4498,59216,30417,63081,57234,63824,4,21386,1,1143,1,1,0,0,1487,data_8threads_100connections_10s_False
writev,1,select,1,0,1,0,0,1,2,2,2554,24055,33577,37113,4393,21134,65402,41837,13714,61196,11,24290,1,29959,1,1,0,1,170,data_8threads_100connections_10s_False
writev,1,libev,0,0,1,0,1,1,2,1,26396,40095,20031,8787,4393,21134,65402,41837,13714,61196,2,24290,1,29959,0,0,0,1,170,data_8threads_100connections_10s_False
write,1,libev,1,0,1,0,0,0,2,2,2554,24055,33577,37113,4393,21134,65402,41837,13714,61196,11,24290,1,29959,0,0,0,1,170,data_8threads_100connections_10s_False
writev,1,libev,0,0,1,0,1,1,2,1,26396,40095,20031,8787,4393,21134,65402,41837,44014,64587,2,24290,1,29959,0,1,0,1,170,data_8threads_100connections_10s_False
writev,1,libev,0,0,1,1,0,1,2,1,26396,40095,20031,8787,4393,5435,65402,41837,13714,61196,2,24290,1,29959,0,0,0,1,1525,data_8threads_100connections_10s_False
writev,1,libev,0,0,1,1,0,1,2,1,26396,40095,20031,8787,4393,5435,65402,41837,13714,5713,2,24290,1,29959,0,0,1,0,576,data_8threads_100connections_10s_False
write,1,libev,0,0,1,1,0,1,2,1,26396,40095,20031,8787,4393,5435,65402,41837,13714,61196,2,24290,1,22249,0,0,0,1,1525,data_8threads_100connections_10s_False
sendfile,0,libev,0,1,0,1,1,1,1,2,20948,12061,56404,5841,13826,7722,57295,18558,37487,52107,3,28130,1,553,1,1,0,1,422,data_4threads_100connections_60s_True
sendfile,0,libev,0,0,0,1,1,1,1,2,20948,12061,27972,25035,7660,56760,20273,49472,50035,18969,3,42499,1,22001,1,1,0,1,2029,data_4threads_100connections_60s_True
sendfile,0,libev,0,1,0,1,1,1,1,2,20948,12061,27972,32364,21653,58290,20273,31704,50035,18969,3,6434,1,60150,1,1,0,1,2029,data_4threads_100connections_60s_True
sendfile,1,libev,0,0,1,1,1,1,2,2,12971,42007,48247,37789,21308,59216,30417,51769,57234,63824,4,21386,1,29959,1,0,0,1,1525,data_4threads_100connections_60s_True
sendfile,0,libev,0,1,0,1,1,1,1,2,20948,12061,27972,25035,7660,56760,55652,23968,60903,32059,10,51609,1,60150,1,1,0,1,2029,data_4threads_100connections_60s_True
sendfile,0,libev,0,1,1,1,1,0,1,2,19310,20159,56404,5841,13826,30813,1869,7623,37487,52107,3,28130,1,553,1,1,0,1,422,data_4threads_100connections_60s_True
writev,1,libev,0,0,1,1,1,1,1,1,51384,10028,40701,8996,4498,59216,30417,51769,57234,63824,4,21386,1,1143,0,1,0,1,1487,data_4threads_100connections_60s_True
sendfile,1,libev,0,1,0,1,1,1,1,2,20948,12061,58549,25035,7660,56760,55652,23968,60903,32059,10,51609,1,60150,1,1,0,1,1525,data_4threads_100connections_60s_True
sendfile,1,libev,0,1,0,1,1,1,2,2,20948,12061,27972,32364,21653,58290,20273,31704,50035,18969,3,42499,1,18546,1,1,0,1,2029,data_4threads_100connections_60s_True
sendfile,0,libev,0,1,1,1,1,1,1,2,20948,10028,40701,45213,4498,59216,30417,13861,57234,40652,4,21386,1,1143,0,1,0,1,1016,data_4threads_100connections_60s_True
sendfile,1,libev,0,1,0,1,1,1,1,2,20948,12061,27972,32364,21653,58290,55652,23968,60903,32059,10,6966,1,60150,1,1,0,1,2029,data_4threads_100connections_60s_True
sendfile,1,libev,0,1,0,1,1,1,1,2,20948,12061,16314,25035,7660,56760,55652,23968,60903,32059,10,51609,1,1143,0,1,0,1,1487,data_4threads_100connections_60s_True
sendfile,0,libev,0,1,0,1,1,1,1,2,20948,12061,56404,5841,13826,7722,28178,18558,37487,33593,16,28130,1,553,1,1,0,1,2029,data_4threads_100connections_60s_True
write,0,libev,1,0,1,0,1,0,0,1,20948,12061,4843,58991,21653,21049,26258,23968,60903,29532,3,57210,1,61986,1,1,0,0,2394,data_4threads_100connections_60s_True
writev,1,libev,0,0,1,1,1,1,2,1,38414,40095,20031,8787,4393,5435,65402,41837,43972,61196,2,24290,1,56430,1,1,1,1,1487,data_4threads_100connections_60s_True
writev,1,libev,0,0,1,1,1,1,2,1,38414,40095,20031,8787,4393,5435,65402,41837,13714,61196,2,24290,1,56430,1,1,1,1,1487,data_4threads_100connections_60s_True
sendfile,0,libev,0,1,1,1,1,0,1,2,19310,20159,2958,5841,13826,30813,1869,7623,37487,52107,3,28130,1,553,1,1,0,1,422,data_4threads_100connections_60s_True
sendfile,0,select,1,1,1,1,1,0,1,2,19310,20159,27972,25035,7660,12365,55652,23968,60903,32059,10,51609,1,60150,0,1,0,1,2029,data_4threads_100connections_60s_True
sendfile,0,libev,0,1,0,1,1,0,1,2,20948,12061,4843,61908,21653,21049,26258,23968,60903,29532,3,57210,1,10422,1,1,0,0,2394,data_4threads_100connections_60s_True
writev,0,libev,1,1,0,0,1,0,2,2,25700,2763,8648,45667,20921,46190,20741,25913,65001,62422,1,13132,1,60150,1,1,0,1,2029,data_4threads_100connections_60s_True
writev,1,select,1,0,0,1,1,0,1,1,34025,21497,56888,43900,26109,30966,62724,42696,26344,62226,10,60101,1,49477,1,1,1,1,869,data_12threads_300connections_120s_False
sendfile,1,select,1,1,0,1,1,1,0,1,29063,695,42636,39307,9626,60592,54353,58080,62337,18327,11,40473,1,34096,1,1,0,0,457,data_12threads_300connections_120s_False
sendfile,0,select,1,0,0,1,0,0,2,1,36753,32179,42636,19253,9626,54233,54353,58080,50540,18327,13,63553,1,47433,1,1,1,1,2079,data_12threads_300connections_120s_False
writev,1,select,1,0,0,0,1,0,1,2,34025,21497,12811,39307,3350,54233,54353,58080,30721,18327,13,40473,1,42792,1,1,0,0,457,data_12threads_300connections_120s_False
sendfile,1,select,1,1,0,0,0,1,0,1,61647,30955,14634,49573,26684,40457,48293,3019,54358,46045,7,45673,1,8236,0,1,1,1,745,data_12threads_300connections_120s_False
sendfile,1,linux-sysepoll,0,1,0,1,1,0,1,0,31003,695,42636,19253,9626,54233,54353,58080,62337,18327,13,43202,1,47433,1,1,1,1,2079,data_12threads_300connections_120s_False
sendfile,1,poll,0,1,0,1,1,1,1,1,31003,695,42636,39307,9626,54233,54353,58080,62337,18327,13,40473,1,42792,1,1,0,0,457,data_12threads_300connections_120s_False
sendfile,1,linux-sysepoll,0,1,0,1,1,0,1,0,31003,695,50530,28291,31805,6869,61437,47824,56256,62226,10,60101,1,9318,0,1,1,1,869,data_12threads_300connections_120s_False
sendfile,1,linux-sysepoll,0,1,0,1,1,1,1,0,31003,695,42636,19253,9626,54233,54353,58080,62337,18327,13,43202,1,47433,1,1,1,1,2079,data_12threads_300connections_120s_False
sendfile,1,poll,0,1,0,1,1,1,1,1,29063,695,42636,39307,9626,54233,54353,58080,62337,18327,13,40473,1,42792,1,1,0,0,457,data_12threads_300connections_120s_False
sendfile,1,linux-sysepoll,0,1,0,1,1,1,1,2,31003,695,42636,19253,9626,54233,54353,58080,59134,7807,10,60101,1,49477,0,1,1,1,869,data_12threads_300connections_120s_False
sendfile,1,poll,0,1,0,1,0,1,1,1,31003,695,42636,19253,9626,54233,54353,58080,62337,18327,11,43202,1,8186,1,1,1,1,2079,data_12threads_300connections_120s_False
write,1,poll,1,1,1,1,1,1,1,0,26087,58338,12925,31582,4338,35135,23345,19109,56832,44367,14,59468,1,42792,1,0,1,0,2252,data_12threads_300connections_120s_False
write,1,poll,1,1,1,1,1,1,2,0,26087,58338,12925,31582,4338,35135,23345,18793,56832,44367,14,59468,1,42792,1,0,1,0,1852,data_12threads_300connections_120s_False
write,1,select,0,1,0,1,0,1,0,2,54111,12061,48773,29042,31181,28916,48091,23054,33243,53771,8,17684,1,44794,0,0,1,0,356,data_12threads_300connections_120s_False
sendfile,1,linux-sysepoll,0,1,0,1,1,0,1,0,31003,695,50530,28291,10814,6869,61437,47824,56256,62226,10,60101,1,9318,1,0,1,0,781,data_12threads_300connections_120s_False
writev,1,select,1,0,0,1,1,0,1,1,34025,54806,56888,54578,26109,30966,62724,42696,62337,18327,13,43202,1,47433,1,0,1,1,2469,data_12threads_300connections_120s_False
sendfile,0,poll,0,0,0,0,0,0,2,1,36753,32179,42636,19253,9626,54233,62724,42696,2580,62226,10,60101,1,49477,1,1,1,1,869,data_12threads_300connections_120s_False
write,1,select,1,1,0,1,1,1,1,0,41094,58338,12925,31582,7237,35135,23345,19109,56832,44367,10,59468,1,42792,0,1,1,1,869,data_12threads_300connections_120s_False
writev,1,select,1,0,1,1,1,0,1,2,34025,37714,12811,1438,719,30966,62724,42696,43110,33306,9,22239,1,29179,0,0,0,0,1145,data_12threads_300connections_120s_False
sendfile,0,libev,1,1,0,1,1,1,1,0,20948,12061,56404,5841,13826,7722,57295,18558,37487,52107,3,28130,1,553,1,1,0,1,422,data_4threads_10connections_30s_True
write,1,poll,1,0,0,1,1,0,0,1,29063,695,42636,39307,9626,9199,40750,58080,62337,18327,11,40473,1,34096,1,1,0,0,457,data_4threads_10connections_30s_True
sendfile,1,select,1,1,0,0,0,1,0,1,61647,30955,14634,49573,26684,40457,48293,3019,54358,46045,7,45673,1,8236,0,1,1,1,745,data_4threads_10connections_30s_True
sendfile,1,select,1,1,0,0,0,1,0,1,61647,30955,14634,20566,26684,40457,48293,3019,54358,46045,7,45673,1,8236,0,1,1,1,745,data_4threads_10connections_30s_True
sendfile,1,select,1,1,0,0,1,1,0,1,61647,30955,37934,20566,26684,40457,48293,3019,54358,46045,7,45673,1,8236,0,1,1,1,745,data_4threads_10connections_30s_True
sendfile,0,libev,0,0,0,1,1,1,1,2,20948,12061,27972,25035,7660,56760,20273,49472,50035,18969,3,42499,1,22001,1,1,0,1,2029,data_4threads_10connections_30s_True
sendfile,0,linux-sysepoll,0,0,0,1,1,1,1,2,20948,12061,63955,25035,7660,56760,20273,7623,37487,31626,8,28130,1,553,1,1,0,1,422,data_4threads_10connections_30s_True
sendfile,0,linux-sysepoll,0,0,0,1,1,1,1,2,20948,12061,27972,25035,7660,56760,20273,49472,50035,18969,3,42499,1,22001,1,1,0,0,2029,data_4threads_10connections_30s_True
sendfile,1,select,1,1,0,1,1,1,0,1,29063,695,42636,39307,9626,60592,54353,58080,62337,18327,11,40473,1,34096,1,1,0,0,457,data_4threads_10connections_30s_True
sendfile,1,select,1,1,0,1,1,1,1,1,29063,695,42636,39307,9626,60592,54353,58080,62337,57429,11,40473,1,34096,1,1,0,0,2079,data_4threads_10connections_30s_True
sendfile,0,libev,0,1,0,1,1,1,1,2,20948,12061,27972,25035,7660,56760,20273,49472,1847,18969,7,42499,1,22001,1,1,0,1,422,data_4threads_10connections_30s_True
sendfile,0,libev,0,1,0,1,1,1,1,2,20948,12061,56404,5841,13826,7722,57295,18558,37487,52107,3,28130,1,553,1,1,0,1,422,data_4threads_10connections_30s_True
sendfile,0,linux-sysepoll,0,1,0,1,1,1,1,2,20948,10841,63955,25035,7660,56760,20273,7623,37487,31626,8,28130,1,553,0,1,0,1,2029,data_4threads_10connections_30s_True
sendfile,0,libev,0,0,0,1,1,0,1,2,20948,12061,27972,25035,7660,56760,20273,49472,50035,18969,7,45673,1,8236,0,1,1,1,745,data_4threads_10connections_30s_True
sendfile,0,linux-sysepoll,0,0,0,1,1,1,1,2,20948,24686,63955,39307,9626,60592,54353,58080,62337,57429,11,40473,1,34096,1,1,0,1,2079,data_4threads_10connections_30s_True
sendfile,0,select,1,0,0,1,0,0,2,1,36753,32179,42636,19253,9626,54233,54353,58080,50540,18327,13,63553,1,47433,1,1,1,1,2079,data_4threads_10connections_30s_True
sendfile,0,poll,1,0,0,1,1,0,2,1,36753,32179,42636,19253,9626,54233,9692,58080,50540,18327,13,63553,1,47433,1,1,1,1,2079,data_4threads_10connections_30s_True
sendfile,0,poll,1,0,0,1,1,0,2,1,36753,19403,42636,19253,9626,54233,9692,58080,50540,18327,13,63553,1,47433,1,1,1,1,2079,data_4threads_10connections_30s_True
writev,1,select,1,0,0,0,1,0,1,2,34025,21497,10120,39307,3350,54233,54353,58080,30721,18327,13,40473,1,42792,0,1,0,0,457,data_4threads_10connections_30s_True
writev,1,select,1,0,0,1,0,0,1,2,34025,21497,12811,39307,3350,54233,54353,58080,30721,18327,13,40473,1,42792,1,0,0,0,457,data_4threads_10connections_30s_True
sendfile,1,libev,0,0,0,1,1,0,1,2,20948,12061,27972,25035,7660,45560,20273,49472,50035,18969,3,42499,1,22001,1,1,0,1,2029,data_8threads_100connections_30s_True
sendfile,1,libev,0,0,0,1,1,0,1,2,20948,12061,27972,25035,7660,45560,20273,37073,45342,18969,3,42499,1,22001,1,1,0,1,745,data_8threads_100connections_30s_True
writev,1,select,1,0,0,1,1,0,1,1,34025,21497,56888,43900,26109,30966,62724,42696,26344,62226,10,60101,1,49477,1,1,1,1,869,data_8threads_100connections_30s_True
sendfile,1,select,1,1,0,1,1,1,0,1,29063,695,42636,39307,9626,60592,54353,58080,62337,18327,11,40473,1,34096,1,1,0,0,457,data_8threads_100connections_30s_True
sendfile,1,select,1,1,0,1,1,1,1,1,29063,695,42636,39307,9626,60592,54353,58080,62337,57429,11,40473,1,34096,1,1,0,0,2079,data_8threads_100connections_30s_True
sendfile,1,select,1,1,0,1,1,1,1,1,29063,695,42636,39307,9626,35039,54353,58080,62337,57429,11,40473,1,34096,1,1,0,0,1913,data_8threads_100connections_30s_True
sendfile,1,select,1,1,0,1,1,1,0,1,29063,695,42636,26540,9626,60592,30015,58080,62337,18327,11,40473,1,34096,1,1,0,0,2524,data_8threads_100connections_30s_True
sendfile,1,select,1,1,0,1,1,1,1,1,29063,695,42636,26540,9626,60592,64956,58080,62337,28168,11,40473,1,34096,1,1,0,0,2524,data_8threads_100connections_30s_True
sendfile,1,select,1,1,0,1,1,1,0,1,23675,695,42636,26540,9626,60592,30015,58080,62337,18327,11,40473,1,34096,1,1,0,0,2524,data_8threads_100connections_30s_True
sendfile,1,libev,1,1,0,1,1,0,0,1,29063,15243,27972,25035,7660,56760,20273,49472,50035,18969,3,42499,1,47512,1,1,1,0,2029,data_8threads_100connections_30s_True
sendfile,1,select,1,1,1,1,1,0,0,1,29063,15243,27972,25035,7660,56760,20273,49472,50035,18969,3,42499,1,47512,1,1,1,1,749,data_8threads_100connections_30s_True
sendfile,1,libev,1,1,0,1,1,0,0,1,29063,695,42636,39307,9626,60592,54353,58080,21459,34390,11,40473,1,34096,1,1,1,0,457,data_8threads_100connections_30s_True
sendfile,1,libev,0,0,0,1,1,1,1,2,20948,12061,27972,25035,7660,26169,20273,49472,50035,18969,3,42499,1,60150,1,1,0,1,2029,data_8threads_100connections_30s_True
sendfile,1,libev,1,1,0,1,1,0,2,1,29063,15243,27972,25035,7660,56760,20273,49472,50035,18969,14,53251,0,34096,1,1,0,0,707,data_8threads_100connections_30s_True
sendfile,1,select,0,1,0,0,1,1,1,1,29063,695,42636,39307,9626,60592,54353,58080,45363,57429,13,63899,1,42792,1,1,0,0,457,data_8threads_100connections_30s_True
sendfile,1,select,0,1,0,1,1,1,1,1,29063,695,42636,39307,9626,60592,54353,58080,62337,57429,11,40473,1,34096,1,1,0,0,2079,data_8threads_100connections_30s_True
sendfile,1,select,1,1,0,1,1,1,1,1,29063,695,42636,39307,7824,60592,54353,58080,62337,57429,3,42499,1,22001,0,1,0,1,2029,data_8threads_100connections_30s_True
sendfile,0,libev,0,0,0,1,1,1,1,2,20948,12061,27972,25035,7660,56760,20273,49472,50035,18969,3,42499,1,22001,1,1,0,1,2029,data_8threads_100connections_30s_True
sendfile,0,linux-sysepoll,0,0,0,1,1,1,1,2,20948,12061,63955,25035,7660,56760,20273,7623,37487,31626,8,28130,1,553,1,1,0,1,422,data_8threads_100connections_30s_True
sendfile,0,linux-sysepoll,0,0,0,1,1,1,1,2,20948,12061,27972,25035,7660,56760,20273,49472,50035,18969,3,42499,1,22001,1,1,0,0,2029,data_8threads_100connections_30s_True
sendfile,0,libev,1,1,0,1,1,1,1,0,20948,12061,56404,5841,13826,7722,57295,18558,37487,52107,3,28130,1,553,1,1,0,1,422,data_8threads_10connections_30s_True
sendfile,1,libev,1,1,0,1,1,1,1,0,20948,12061,56404,5841,13826,7722,57295,18558,37487,52107,3,19771,1,553,1,1,0,1,422,data_8threads_10connections_30s_True
sendfile,0,libev,1,1,0,1,1,0,1,0,20948,12061,56404,5841,13826,7722,57295,18558,37487,52107,13,28130,1,22001,0,1,0,0,2029,data_8threads_10connections_30s_True
sendfile,1,libev,1,0,0,1,1,0,1,2,20948,12061,27972,25035,7660,58809,20273,37073,45342,18969,3,42499,1,22001,1,1,0,1,1449,data_8threads_10connections_30s_True
sendfile,1,libev,1,1,0,1,1,1,1,0,20948,12061,56404,5841,13826,7722,57295,18558,37487,52107,3,28130,1,553,1,0,0,1,422,data_8threads_10connections_30s_True
sendfile,0,libev,1,1,0,1,1,0,1,0,20948,12061,34885,2051,13826,7722,57295,18558,37487,52107,13,11980,1,22001,0,1,0,1,2029,data_8threads_10connections_30s_True
sendfile,1,linux-sysepoll,1,1,0,1,1,0,0,1,20948,12061,56404,5841,13826,7722,57295,18558,30884,52107,3,28130,1,553,1,1,0,1,422,data_8threads_10connections_30s_True
sendfile,1,libev,1,0,0,1,1,0,1,2,20948,12061,27972,25035,7660,58809,20273,37073,45342,18969,3,36788,1,22001,1,1,0,1,1449,data_8threads_10connections_30s_True
sendfile,1,libev,1,0,1,1,1,0,1,0,25069,12061,27972,25035,14847,45560,23635,37073,55199,24237,3,42499,1,36088,1,1,1,1,533,data_8threads_10connections_30s_True
write,1,poll,1,0,0,1,1,0,0,1,29063,695,42636,39307,9626,9199,40750,58080,62337,18327,11,40473,1,34096,1,1,0,0,457,data_8threads_10connections_30s_True
sendfile,1,libev,0,0,0,1,1,0,1,2,20948,12061,27972,25035,7660,45560,20273,49472,50035,18969,3,42499,1,22001,1,1,0,0,2029,data_8threads_10connections_30s_True
sendfile,0,libev,0,0,1,1,1,0,1,2,20948,12061,27972,25035,7660,9199,14484,9444,62337,18327,7,40473,1,47371,1,1,0,0,457,data_8threads_10connections_30s_True
sendfile,0,libev,1,1,1,1,1,1,1,2,20948,12061,56404,37473,7660,45560,20273,49472,50035,8277,3,37360,1,22001,1,1,1,1,2029,data_8threads_10connections_30s_True
sendfile,1,libev,0,0,0,1,1,0,1,2,20948,12061,27972,25035,7660,45560,20273,49472,50035,18969,3,42499,1,22001,1,1,0,1,2029,data_8threads_10connections_30s_True
sendfile,1,libev,0,0,0,1,1,0,1,2,20948,12061,27972,25035,7660,45560,20273,37073,45342,18969,3,42499,1,22001,1,1,0,1,745,data_8threads_10connections_30s_True
sendfile,1,libev,0,0,0,1,1,0,1,2,20948,12061,27972,25035,7660,45560,20273,49472,50035,18969,3,37360,1,22001,1,1,1,1,2029,data_8threads_10connections_30s_True
sendfile,1,libev,0,0,0,1,1,0,1,2,20948,12061,27972,25035,14847,45560,20273,37073,55199,24237,3,42499,1,36088,1,0,1,1,745,data_8threads_10connections_30s_True
sendfile,1,libev,0,0,0,1,1,0,1,2,20948,12061,27972,25035,7660,45560,20273,37073,45342,18969,5,42499,1,22001,1,1,0,1,1449,data_8threads_10connections_30s_True
write,1,libev,1,0,0,1,1,0,1,2,20948,12061,27972,25035,7660,58809,20273,37073,45342,18969,3,42499,1,22001,1,1,0,1,1449,data_8threads_10connections_30s_True
sendfile,1,libev,1,0,0,1,1,0,1,2,20948,12061,27972,25035,19283,58809,20273,37073,45342,18969,8,42499,1,22001,1,1,0,1,1449,data_8threads_10connections_30s_True
sendfile,1,select,0,1,1,1,1,0,0,1,29063,695,42636,26540,9626,60592,30015,58080,62337,18327,11,40473,1,34096,1,1,0,0,2235,data_4threads_100connections_30s_False
sendfile,1,libev,0,1,0,1,1,0,1,0,20948,12061,27972,32364,21653,41238,20273,31704,50035,18969,3,6434,1,60150,1,1,1,0,1595,data_4threads_100connections_30s_False
sendfile,1,libev,0,1,0,1,1,0,1,0,20948,12061,27972,32364,21653,41238,20273,31704,50035,18969,3,25736,1,60150,1,1,1,0,1046,data_4threads_100connections_30s_False
sendfile,0,libev,0,1,0,1,1,1,1,2,20948,12061,27972,32364,21653,58290,20273,31704,50035,18969,3,6434,1,60150,1,1,0,1,2029,data_4threads_100connections_30s_False
sendfile,1,libev,0,1,0,1,1,1,1,0,20948,12061,27972,32364,21653,58290,20273,32612,50035,44180,12,6434,1,60150,1,1,0,1,2029,data_4threads_100connections_30s_False
sendfile,1,libev,1,0,0,1,1,0,1,2,20948,12061,27972,25035,7660,45560,20273,37073,45342,18969,3,42499,1,22001,1,1,0,0,457,data_4threads_100connections_30s_False
writev,1,select,1,0,0,1,1,0,1,1,34025,21497,56888,43900,26109,30966,62724,42696,26344,62226,10,60101,1,49477,1,1,1,1,869,data_4threads_100connections_30s_False
sendfile,1,select,1,1,0,1,1,1,0,1,29063,695,42636,39307,9626,60592,54353,58080,62337,18327,11,40473,1,34096,1,1,0,0,457,data_4threads_100connections_30s_False
sendfile,1,select,1,1,0,1,1,1,1,1,29063,695,42636,39307,9626,60592,54353,58080,62337,57429,11,40473,1,34096,1,1,0,0,2079,data_4threads_100connections_30s_False
sendfile,1,select,1,1,0,1,1,1,1,1,29063,695,42636,39307,9626,35039,54353,58080,62337,57429,11,40473,1,34096,1,1,0,0,1913,data_4threads_100connections_30s_False
sendfile,1,select,1,1,0,1,1,1,0,1,29063,695,42636,26540,9626,60592,30015,58080,62337,18327,11,40473,1,34096,1,1,0,0,2524,data_4threads_100connections_30s_False
sendfile,1,select,1,1,0,1,1,1,1,1,29063,695,42636,26540,9626,60592,64956,58080,62337,28168,11,40473,1,34096,1,1,0,0,2524,data_4threads_100connections_30s_False
sendfile,1,libev,1,1,0,1,1,0,0,1,29063,15243,27972,25035,7660,56760,20273,49472,24826,18969,3,42499,1,9067,1,1,0,0,422,data_4threads_100connections_30s_False
sendfile,1,select,1,1,0,1,1,1,1,1,29063,695,42636,39307,9626,60592,26029,58080,62337,57429,11,40473,1,34096,1,1,0,0,2079,data_4threads_100connections_30s_False
sendfile,1,libev,1,1,0,1,1,1,1,0,20948,12061,42636,26540,9626,60592,30015,58080,62337,18327,11,58974,1,34096,1,1,0,0,2235,data_4threads_100connections_30s_False
sendfile,1,select,1,1,0,1,1,1,1,1,29063,695,42636,39307,9626,60592,26029,58080,62337,57429,11,40473,1,34096,1,1,0,0,1197,data_4threads_100connections_30s_False
sendfile,0,libev,1,1,1,1,0,1,0,1,29063,15243,27972,25035,7660,56760,20273,49472,24826,18969,3,42499,1,9067,1,1,0,0,422,data_4threads_100connections_30s_False
sendfile,0,libev,1,1,0,1,1,1,0,0,20948,12061,42636,26540,9626,60592,30015,58080,62337,18327,11,58974,1,34096,1,1,0,0,2235,data_4threads_100connections_30s_False
sendfile,1,libev,1,1,0,1,1,1,1,0,20948,12061,42636,26540,9626,51058,30015,58080,62337,18327,11,42499,1,22001,1,1,0,0,457,data_4threads_100connections_30s_False
sendfile,0,select,1,1,0,1,1,1,1,1,29063,695,42636,39307,9626,60592,26029,58080,62337,57429,11,40473,1,34096,1,1,0,0,422,data_4threads_100connections_30s_False
write,0,linux-sysepoll,0,0,0,0,1,1,1,0,33422,55702,49307,7884,3942,6348,18835,18019,16708,33782,12,683,1,51233,1,1,0,0,2018,data_4threads_300connections_120s_True
sendfile,1,select,0,0,0,1,1,0,1,1,59395,42638,65034,15946,7973,52434,42222,34289,50946,48133,4,3471,1,43070,0,0,0,1,1261,data_4threads_300connections_120s_True
writev,1,select,0,1,0,0,0,0,2,0,58687,38631,56109,932,17426,39544,29620,34289,50946,48133,4,3471,1,43070,0,0,0,1,1261,data_4threads_300connections_120s_True
sendfile,1,select,0,0,0,1,1,0,1,1,13827,42638,65034,15946,7973,52434,42222,34289,50946,48133,4,3471,1,43070,0,0,0,0,443,data_4threads_300connections_120s_True
sendfile,0,select,0,1,0,1,1,0,1,2,59395,42638,65034,15946,17426,39544,29620,34289,50946,48133,4,3471,1,43070,0,0,0,1,1261,data_4threads_300connections_120s_True
sendfile,0,select,1,1,0,1,1,0,1,2,59395,42638,65034,3838,17426,53130,29620,34289,50946,48133,4,3471,1,43070,1,0,0,1,2559,data_4threads_300connections_120s_True
writev,0,select,0,0,0,1,1,0,1,1,59395,42638,65034,15946,7973,52434,42222,34289,50946,48133,4,3471,1,43070,0,1,0,0,443,data_4threads_300connections_120s_True
writev,1,select,0,1,0,1,0,0,1,1,11918,42638,65034,15946,7973,52434,42222,34289,50946,48133,4,3471,1,43070,0,0,0,1,1781,data_4threads_300connections_120s_True
write,1,select,0,0,0,0,1,0,0,2,44722,64338,64829,19343,10090,56144,24596,18681,755,62397,4,18886,1,55007,0,0,0,0,963,data_4threads_300connections_120s_True
writev,1,poll,0,1,0,0,1,0,0,1,13827,42638,65034,15946,7973,52434,42222,34289,50946,48133,4,3471,1,43070,0,0,0,1,443,data_4threads_300connections_120s_True
sendfile,1,select,0,1,0,1,1,0,0,1,59395,42638,49807,15946,7973,52434,42222,34289,50946,48133,4,3471,1,43070,0,0,1,0,443,data_4threads_300connections_120s_True
sendfile,1,select,1,0,0,1,1,1,1,1,59395,42638,65034,1839,7973,63533,42222,34289,50946,48133,0,3471,1,43070,0,0,0,1,1261,data_4threads_300connections_120s_True
write,0,linux-sysepoll,0,0,0,0,1,1,1,0,33422,55702,49307,7884,3942,6348,18835,18019,16708,33782,12,683,1,51233,1,0,1,0,2441,data_4threads_300connections_120s_True
writev,1,poll,0,1,1,0,1,1,0,1,21850,3276,14768,63704,31852,46512,3704,20029,38401,53115,6,42629,1,54056,1,1,1,0,443,data_4threads_300connections_120s_True
write,1,poll,0,1,1,0,1,1,0,1,21850,11414,14768,57422,31852,24219,3704,12178,20580,53115,10,42629,1,54056,1,1,1,0,443,data_4threads_300connections_120s_True
writev,1,poll,0,1,1,0,1,1,0,1,21850,9907,212,18235,16193,17021,18817,26031,39654,45289,0,11372,0,16245,1,1,1,0,2294,data_4threads_300connections_120s_True
writev,1,poll,0,1,1,0,1,1,0,1,21850,3276,14768,63704,31852,46512,3704,47952,38401,53115,6,5979,0,51206,0,0,1,1,195,data_4threads_300connections_120s_True
write,1,poll,0,1,1,0,1,1,0,1,21850,51239,14768,57422,31852,24219,3704,12178,20580,53115,10,42629,1,54056,1,1,1,0,443,data_4threads_300connections_120s_True
write,1,poll,0,1,1,0,1,1,0,0,21850,51239,14768,57422,8116,24219,3704,12178,20580,53115,10,42629,1,54056,1,1,0,1,1261,data_4threads_300connections_120s_True
write,1,linux-sysepoll,0,1,0,1,1,1,0,1,21850,51239,14768,57422,31852,17478,3704,12178,20580,59598,15,42629,1,54056,1,1,1,0,443,data_4threads_300connections_120s_True
sendfile,1,libev,1,0,0,1,1,0,1,2,20948,12061,27972,25035,7660,45560,20273,37073,41790,18969,3,42499,1,22001,1,1,0,0,2260,data_8threads_100connections_120s_False
sendfile,1,linux-sysepoll,1,0,0,1,0,0,1,1,59395,42638,65034,15946,9626,60592,30015,58080,62337,18327,11,40473,1,34096,1,1,0,0,2235,data_8threads_100connections_120s_False
sendfile,1,libev,1,0,0,1,1,0,1,2,20948,12061,27972,25035,7660,45560,20273,37073,45342,18969,3,42499,1,22001,1,1,0,0,457,data_8threads_100connections_120s_False
sendfile,1,select,0,1,1,1,1,0,0,1,29063,695,42636,26540,9626,60592,30015,58080,62337,18327,11,40473,1,34096,1,1,0,0,2235,data_8threads_100connections_120s_False
sendfile,0,select,0,0,0,1,1,0,1,2,20948,12061,27972,25035,7660,45560,20273,37073,45342,18969,3,42499,1,22001,1,1,0,0,457,data_8threads_100connections_120s_False
sendfile,1,select,1,1,1,1,1,0,1,2,20948,12061,27972,25035,10830,45560,20273,8847,45342,18969,3,42499,1,22001,1,0,0,0,457,data_8threads_100connections_120s_False
writev,1,poll,1,1,0,0,1,0,0,1,8308,42638,65034,15946,9626,60592,29259,58080,62337,18327,11,40473,1,8436,1,1,0,0,2235,data_8threads_100connections_120s_False
sendfile,0,select,0,0,1,0,1,0,1,2,20948,12061,27972,25035,7660,45560,20273,37073,31306,18969,3,42499,1,22001,1,1,0,0,388,data_8threads_100connections_120s_False
writev,1,poll,0,1,0,0,1,0,0,1,13827,42638,65034,15946,7973,52434,42222,34289,50946,48133,4,3471,1,43070,0,0,0,1,443,data_8threads_100connections_120s_False
write,1,select,0,0,0,0,1,0,0,2,44722,64338,64829,19343,10090,56144,24596,18681,755,62397,4,18886,1,55007,0,0,0,0,963,data_8threads_100connections_120s_False
sendfile,1,select,0,0,0,1,1,0,1,1,13827,42638,65034,15946,7973,52434,42222,34289,50946,48133,4,3471,1,43070,0,0,0,0,443,data_8threads_100connections_120s_False
writev,1,select,0,1,0,0,0,0,2,0,58687,38631,56109,932,17426,39544,29620,34289,50946,48133,4,3471,1,43070,0,0,0,1,1261,data_8threads_100connections_120s_False
sendfile,1,select,0,0,0,1,1,0,1,1,59395,42638,65034,15946,7973,52434,42222,34289,50946,48133,4,3471,1,43070,0,0,0,1,1261,data_8threads_100connections_120s_False
writev,1,select,0,1,0,1,0,0,1,1,11918,42638,65034,15946,7973,52434,42222,34289,50946,48133,4,3471,1,43070,0,0,0,1,1781,data_8threads_100connections_120s_False
writev,0,select,0,0,0,1,1,0,1,1,59395,42638,65034,15946,7973,52434,42222,34289,50946,48133,4,3471,1,43070,0,1,0,0,443,data_8threads_100connections_120s_False
sendfile,0,select,1,1,0,1,1,0,1,2,59395,42638,65034,3838,17426,53130,29620,34289,50946,48133,4,3471,1,43070,1,0,0,1,2559,data_8threads_100connections_120s_False
sendfile,0,select,0,1,0,1,1,0,1,2,59395,42638,65034,15946,17426,39544,29620,34289,50946,48133,4,3471,1,43070,0,0,0,1,1261,data_8threads_100connections_120s_False
sendfile,1,select,0,0,0,1,1,0,1,1,59395,42638,65034,15946,7973,52434,42222,34289,50946,48133,4,3471,1,43070,1,0,0,1,1261,data_8threads_100connections_120s_False
sendfile,1,select,0,0,0,1,1,0,1,1,13827,42638,65034,15946,7973,52434,40874,34289,50946,48133,4,3471,1,43070,0,0,0,0,443,data_8threads_100connections_120s_False
writev,0,select,0,0,0,1,1,0,1,1,11918,42638,65034,15946,7973,19655,42222,64005,50946,48133,4,3471,1,43070,0,0,0,1,1781,data_8threads_100connections_120s_False
writev,1,select,1,0,0,1,1,0,1,1,34025,21497,56888,43900,26109,30966,62724,42696,26344,62226,10,60101,1,49477,1,1,1,1,869,data_4threads_100connections_10s_False
sendfile,0,select,1,0,0,1,1,0,1,1,34025,21497,56888,43900,26109,30966,62724,42696,26344,62226,10,60101,1,49477,1,1,1,1,869,data_4threads_100connections_10s_False
writev,1,poll,0,1,0,0,1,0,0,1,13827,42638,65034,15946,7973,52434,42222,34289,50946,48133,4,3471,1,43070,0,0,0,1,443,data_4threads_100connections_10s_False
write,1,select,0,0,0,0,1,0,0,2,44722,64338,64829,19343,10090,56144,24596,18681,755,62397,4,18886,1,55007,0,0,0,0,963,data_4threads_100connections_10s_False
sendfile,1,select,0,0,0,1,1,0,1,1,59395,42638,65034,15946,7973,52434,42222,34289,50946,48133,4,3471,1,43070,0,0,0,1,1261,data_4threads_100connections_10s_False
writev,1,select,0,1,0,0,0,0,2,0,58687,38631,56109,932,17426,39544,29620,34289,50946,48133,4,3471,1,43070,0,0,0,1,1261,data_4threads_100connections_10s_False
sendfile,0,select,0,1,0,1,1,0,1,2,59395,42638,65034,15946,17426,39544,29620,34289,50946,48133,4,3471,1,43070,0,0,0,1,1261,data_4threads_100connections_10s_False
sendfile,1,select,0,0,0,1,1,0,1,1,13827,42638,65034,15946,7973,52434,42222,34289,50946,48133,4,3471,1,43070,0,0,0,0,443,data_4threads_100connections_10s_False
sendfile,0,select,1,1,0,1,1,0,1,2,59395,42638,65034,3838,17426,53130,29620,34289,50946,48133,4,3471,1,43070,1,0,0,1,2559,data_4threads_100connections_10s_False
writev,1,select,0,1,0,1,0,0,1,1,11918,42638,65034,15946,7973,52434,42222,34289,50946,48133,4,3471,1,43070,0,0,0,1,1781,data_4threads_100connections_10s_False
sendfile,0,select,0,0,0,1,1,0,1,2,59395,42638,65034,15946,7973,39544,29620,34289,50946,48133,4,3471,1,43070,0,0,0,1,1261,data_4threads_100connections_10s_False
writev,1,select,1,1,0,1,1,0,1,1,59395,42638,65034,19776,17426,53130,29620,34289,50946,48133,4,3471,1,50829,1,0,0,1,2559,data_4threads_100connections_10s_False
sendfile,1,select,1,1,0,1,1,0,1,2,59763,42638,65034,3838,17426,53130,29620,34289,596,48133,10,3471,1,43070,1,0,0,1,2559,data_4threads_100connections_10s_False
sendfile,0,select,1,1,0,1,1,0,1,2,59395,42638,65034,3838,17426,53130,29620,34289,50946,48133,4,3471,1,43070,1,1,0,1,1261,data_4threads_100connections_10s_False
writev,1,select,0,1,0,0,1,0,2,0,58687,38631,56109,60780,17426,39544,29620,34289,50946,48133,4,3471,1,43070,0,0,0,1,2559,data_4threads_100connections_10s_False
writev,1,select,1,1,0,1,1,1,0,1,13827,42638,65034,15946,7973,52434,42222,34289,50946,48133,14,3471,1,43070,0,0,0,1,443,data_4threads_100connections_10s_False
sendfile,1,select,0,0,0,0,1,0,1,1,59395,42638,65034,15946,7973,52434,42222,34289,50946,48133,4,3471,1,58406,0,1,1,1,869,data_4threads_100connections_10s_False
sendfile,0,select,1,0,0,1,1,0,2,2,59395,42638,65034,15946,17426,39544,29620,34289,50946,48133,4,3471,1,43070,0,0,0,1,1261,data_4threads_100connections_10s_False
sendfile,0,select,0,1,0,1,1,0,1,2,59395,42638,65034,15946,17426,39544,29620,34289,50946,48133,4,50732,1,43070,0,0,0,1,2559,data_4threads_100connections_10s_False
write,1,poll,0,0,0,0,1,0,1,1,59395,42638,65034,3838,17426,53130,29620,18934,50946,48133,4,3471,1,43070,1,0,0,1,1261,data_4threads_100connections_10s_False
writev,0,select,1,0,1,0,1,0,1,1,34025,21497,56888,43900,22166,30966,62724,42696,26344,62226,10,40473,1,8436,0,1,0,1,2235,data_4threads_300connections_120s_False
writev,1,select,1,0,0,1,1,0,1,1,34025,21497,56888,43900,26109,30966,62724,42696,26344,62226,10,60101,1,49477,1,1,1,1,869,data_4threads_300connections_120s_False
sendfile,0,select,1,0,0,1,1,0,1,1,34025,21497,56888,43900,26109,30966,62724,42696,26344,62226,10,60101,1,49477,1,1,1,1,869,data_4threads_300connections_120s_False
sendfile,0,linux-sysepoll,1,0,0,1,0,0,1,1,34025,21497,56888,43900,26109,30966,62724,4978,26344,62226,10,60101,1,49477,1,1,1,1,869,data_4threads_300connections_120s_False
writev,0,select,1,0,0,1,1,0,1,1,34025,19755,56888,43900,26109,30966,62724,42696,26344,62226,10,24122,1,49477,0,1,1,1,869,data_4threads_300connections_120s_False
sendfile,1,select,1,1,0,1,1,1,0,1,29063,695,42636,39307,9626,60592,54353,58080,62337,18327,11,40473,1,34096,1,1,0,0,457,data_4threads_300connections_120s_False
sendfile,1,select,1,1,0,1,1,1,1,1,29063,695,42636,39307,9626,60592,54353,58080,62337,57429,11,40473,1,34096,1,1,0,0,2079,data_4threads_300connections_120s_False
sendfile,0,libev,1,0,0,1,1,0,1,2,54398,12061,27972,25035,7660,45560,20273,37073,45342,18969,3,42499,1,22001,1,1,0,0,2235,data_4threads_300connections_120s_False
sendfile,0,select,1,1,0,1,1,1,1,2,29063,695,42636,39307,9626,60592,54353,58080,62337,57429,11,40473,1,34096,1,1,0,0,2235,data_4threads_300connections_120s_False
writev,1,select,1,0,0,1,1,0,1,1,59395,42638,65034,15946,9626,60592,30015,25420,62337,18327,11,40473,1,34096,1,1,0,0,2409,data_4threads_300connections_120s_False
sendfile,0,libev,0,1,0,1,1,1,1,2,20948,12061,27972,32364,21653,58290,20273,31704,50035,18969,3,6434,1,60150,1,1,0,1,2029,data_4threads_300connections_120s_False
sendfile,1,linux-sysepoll,1,0,0,1,0,0,1,1,59395,42638,65034,15946,9626,60592,30015,58080,62337,18327,11,40473,1,34096,1,1,0,0,2235,data_4threads_300connections_120s_False
sendfile,1,libev,1,0,0,1,1,0,1,2,20948,12061,27972,25035,7660,45560,20273,37073,41790,18969,3,42499,1,22001,1,1,0,0,2260,data_4threads_300connections_120s_False
sendfile,1,linux-sysepoll,1,0,0,1,0,0,1,1,59395,42638,65034,15946,9626,60592,54353,58080,62337,18327,11,58954,1,34096,1,1,0,0,457,data_4threads_300connections_120s_False
sendfile,1,select,1,0,0,1,1,0,1,2,20948,35075,27972,25035,7660,45560,20273,19145,41790,18969,3,35404,1,22001,1,1,0,0,2260,data_4threads_300connections_120s_False
sendfile,1,linux-sysepoll,1,0,0,1,1,0,1,1,59395,33289,65034,15946,9626,22868,54353,58080,62337,18327,11,58954,1,34096,1,1,0,0,710,data_4threads_300connections_120s_False
sendfile,1,linux-sysepoll,1,0,0,0,1,0,1,1,7024,12061,9026,25035,7660,45560,2966,37073,65135,18969,3,42499,1,22001,0,1,0,0,2260,data_4threads_300connections_120s_False
sendfile,1,select,1,0,0,1,1,1,1,0,20948,35075,27972,25035,7660,45560,15244,19145,41790,18969,3,35404,1,22001,1,1,0,0,2260,data_4threads_300connections_120s_False
sendfile,0,select,1,0,0,1,1,0,1,1,59395,42638,65034,15946,9626,60592,30015,25420,62337,13704,11,40473,1,34096,1,1,0,0,2409,data_4threads_300connections_120s_False
sendfile,1,linux-sysepoll,1,0,0,1,1,0,1,1,59395,33289,65034,15946,9626,22868,54353,13373,62337,18327,11,58954,1,34096,1,1,0,0,710,data_4threads_300connections_120s_False
write,1,libev,1,0,0,1,1,0,2,0,23141,20454,52541,32772,14081,64666,12120,8047,27642,5713,1,44455,1,54007,1,1,0,0,1152,data_12threads_100connections_60s_True
write,0,poll,0,0,0,1,1,0,2,0,33547,30238,37551,40114,18285,9672,60976,21354,29773,10401,5,22533,1,100,0,0,0,0,2002,data_12threads_100connections_60s_True
write,1,linux-sysepoll,0,0,0,1,1,0,2,0,23141,20454,52541,32772,14081,64666,3704,20117,27642,42546,14,4861,1,14184,1,0,0,0,493,data_12threads_100connections_60s_True
sendfile,1,libev,1,0,0,0,1,0,2,0,33547,30238,37551,40114,18285,9672,60976,21354,29773,10401,5,22533,1,100,0,0,0,0,2002,data_12threads_100connections_60s_True
sendfile,1,libev,0,0,0,1,1,0,2,2,23141,24945,52541,27779,14081,7185,39284,58703,39915,5713,1,44455,1,54007,1,1,0,0,1152,data_12threads_100connections_60s_True
write,0,poll,0,1,0,0,1,0,1,1,25399,52594,61699,2789,18746,21665,39284,3699,42408,42546,14,27268,1,27612,0,1,0,0,2092,data_12threads_100connections_60s_True
write,0,poll,0,1,0,0,1,0,2,0,33547,30238,37551,48856,21029,9672,60976,52515,29773,23002,5,22533,1,100,1,0,0,0,2002,data_12threads_100connections_60s_True
sendfile,0,select,0,1,1,1,1,1,0,2,3426,5785,12949,59103,29551,40374,51250,37964,58813,1693,9,39547,1,100,0,1,1,0,2518,data_12threads_100connections_60s_True
writev,1,select,0,1,1,1,1,1,1,2,10138,13650,36355,37514,18757,24290,44310,52847,14109,39878,3,27268,1,27612,0,0,0,0,662,data_12threads_100connections_60s_True
write,1,select,0,1,1,1,1,0,1,2,10138,13650,36355,37514,18757,24290,44310,52847,14109,39878,5,27268,1,27612,0,0,0,0,662,data_12threads_100connections_60s_True
sendfile,1,linux-sysepoll,0,0,0,0,1,1,0,0,64995,43803,36643,47899,29551,40374,51250,37964,58813,1693,9,39547,1,100,0,1,1,1,2518,data_12threads_100connections_60s_True
write,1,select,1,1,1,1,1,1,1,0,45530,13650,36355,59103,29551,40374,51250,37964,58813,1693,9,39547,1,100,1,1,1,1,2518,data_12threads_100connections_60s_True
sendfile,1,libev,1,0,0,0,1,0,1,1,25399,52594,61699,58672,18746,21665,39284,3699,42408,42546,14,27268,1,27612,0,1,0,0,2092,data_12threads_100connections_60s_True
sendfile,1,libev,0,0,0,1,1,0,2,0,23141,24945,52541,27779,14081,21665,39284,3699,39915,42546,14,4861,1,14184,1,0,0,0,493,data_12threads_100connections_60s_True
write,0,poll,0,1,0,1,1,0,1,1,25399,52594,61699,2789,18746,55592,65043,52847,24991,39878,3,27268,0,27612,0,0,0,0,2092,data_12threads_100connections_60s_True
write,0,poll,0,1,0,1,1,0,0,0,51448,13650,36355,37514,18757,55592,65043,52847,14109,39878,3,27268,0,27612,0,0,0,0,2092,data_12threads_100connections_60s_True
write,0,poll,0,1,0,1,1,0,0,2,3426,5785,12949,59103,29551,40374,51250,37964,58813,1693,9,39547,1,100,0,1,1,1,2518,data_12threads_100connections_60s_True
write,0,poll,0,1,0,1,1,0,1,1,25399,52594,61699,2789,18746,21665,39284,3699,42408,42546,14,40465,1,14184,1,1,0,0,493,data_12threads_100connections_60s_True
sendfile,1,select,0,0,0,0,1,1,2,0,64995,43803,3969,48357,19533,27714,17873,31177,37183,26936,14,7218,0,14249,0,1,1,0,1387,data_12threads_100connections_60s_True
sendfile,1,poll,1,0,1,1,1,1,2,1,44867,19507,14188,23993,11996,64561,30558,26042,55001,56132,7,26113,1,42100,1,0,1,0,2092,data_12threads_100connections_60s_True
writev,0,select,1,0,0,1,1,0,1,1,34025,19755,27972,25035,18222,45560,20273,37073,45342,18969,3,42499,1,25216,1,1,1,0,2002,data_8threads_10connections_120s_True
write,0,select,1,0,1,1,1,1,1,1,29063,695,42636,24643,9626,60592,54353,58080,62337,57429,11,40473,1,34096,1,1,0,0,2079,data_8threads_10connections_120s_True
write,0,select,0,0,0,1,1,0,2,0,33547,12061,27972,25035,18222,45560,20273,37073,45342,28889,3,42499,1,25216,1,0,1,0,62,data_8threads_10connections_120s_True
sendfile,0,libev,1,0,0,1,1,0,1,2,27185,12061,27972,25035,18222,45560,20273,37073,45342,18969,3,42499,1,25216,1,1,1,0,2002,data_8threads_10connections_120s_True
sendfile,0,libev,1,0,0,1,1,0,1,2,54398,12061,42636,24643,9626,60592,54353,58080,62337,5105,11,40473,1,49477,0,0,1,1,869,data_8threads_10connections_120s_True
write,0,select,1,0,1,1,1,1,1,1,29063,6220,42636,24643,9626,60592,54353,58080,62337,57429,11,40473,1,49477,0,1,1,1,869,data_8threads_10connections_120s_True
sendfile,1,select,1,1,0,1,1,1,0,1,29063,695,42636,39307,9626,60592,54353,58080,62337,18327,11,40473,1,34096,1,1,0,0,457,data_8threads_10connections_120s_True
sendfile,1,select,1,1,0,1,1,1,1,1,29063,695,42636,39307,9626,60592,54353,58080,62337,57429,11,40473,1,34096,1,1,0,0,2079,data_8threads_10connections_120s_True
sendfile,0,libev,1,0,0,1,1,0,1,2,54398,12061,27972,25035,7660,45560,20273,37073,45342,18969,3,42499,1,22001,1,1,0,0,2235,data_8threads_10connections_120s_True
sendfile,0,libev,1,0,0,1,1,0,1,2,54398,12061,27972,25035,7660,45560,20273,37073,45342,18969,3,42499,1,22001,1,1,0,0,1976,data_8threads_10connections_120s_True
write,0,select,1,1,0,1,1,1,1,1,29063,695,42636,39307,9626,60592,54353,58080,62337,57429,11,40473,1,34096,1,1,0,0,2079,data_8threads_10connections_120s_True
write,0,select,1,1,0,1,1,1,1,2,12911,695,42636,39307,15492,60592,54353,58080,62337,57429,11,40473,1,34096,1,1,1,0,457,data_8threads_10connections_120s_True
write,0,select,1,1,0,1,1,1,1,1,29063,695,41144,39307,28825,60592,55332,58080,62337,57429,11,40473,1,34096,1,1,0,0,2079,data_8threads_10connections_120s_True
write,1,linux-sysepoll,0,0,0,1,1,0,2,0,23141,20454,52541,32772,14081,64666,3704,20117,27642,42546,14,4861,1,14184,1,0,0,0,493,data_8threads_10connections_120s_True
write,0,poll,0,0,0,1,1,0,2,0,33547,30238,37551,40114,18285,9672,60976,21354,29773,10401,5,22533,1,100,0,0,0,0,2002,data_8threads_10connections_120s_True
write,1,linux-sysepoll,0,0,0,1,1,0,2,0,23141,20454,9740,32772,14081,8192,3704,20117,27642,58419,14,4861,1,14184,1,0,0,0,662,data_8threads_10connections_120s_True
sendfile,1,poll,0,0,0,1,1,0,2,0,33547,30238,37551,40114,18285,9672,2540,21354,29773,10401,5,22533,1,100,0,0,0,0,2002,data_8threads_10connections_120s_True
writev,1,select,1,0,0,1,1,0,1,1,34025,21497,56888,43900,26109,30966,62724,42696,26344,62226,10,60101,1,49477,1,1,1,1,869,data_8threads_10connections_120s_True
sendfile,0,select,1,0,0,1,1,0,1,1,34025,21497,56888,43900,26109,30966,62724,42696,26344,62226,10,60101,1,49477,1,1,1,1,869,data_8threads_10connections_120s_True
writev,0,select,1,0,0,1,1,0,1,1,34025,19755,56888,43900,26109,30966,62724,42696,26344,62226,10,24122,1,49477,0,1,1,1,869,data_8threads_10connections_120s_True
write,1,libev,1,1,0,1,1,0,2,0,24969,27988,47971,43078,21539,63943,4654,32341,39519,14347,8,17918,1,15633,0,0,0,1,1334,data_8threads_300connections_30s_True
writev,0,linux-sysepoll,1,1,1,1,1,1,1,1,10956,31837,13729,16889,8444,14227,23138,59790,59698,11213,12,3438,1,30501,0,0,0,1,2143,data_8threads_300connections_30s_True
write,0,select,1,0,0,0,1,0,0,2,2919,32821,557,47677,2503,34154,48049,50391,47357,22184,9,17890,1,47309,0,0,0,1,1618,data_8threads_300connections_30s_True
writev,1,linux-sysepoll,1,1,0,1,1,1,0,2,10956,60751,23806,12849,8444,14227,1487,60522,59698,58577,3,54250,1,30501,1,0,1,0,17,data_8threads_300connections_30s_True
writev,1,linux-sysepoll,0,1,0,1,1,1,1,2,10956,14883,23806,12849,8444,14227,1487,60522,59698,49873,3,21855,1,30501,1,0,1,0,17,data_8threads_300connections_30s_True
write,1,libev,1,1,1,0,1,1,2,2,10956,14883,23806,16889,8444,14227,1487,60522,59698,49873,4,3438,1,30501,1,0,1,1,17,data_8threads_300connections_30s_True
sendfile,0,libev,1,1,1,0,1,1,2,2,10956,14883,13729,16889,8444,14227,1487,60522,59698,49873,4,3438,1,30501,1,1,0,1,2143,data_8threads_300connections_30s_True
write,1,linux-sysepoll,0,1,1,0,1,1,2,2,10956,14883,64037,16889,8444,14227,1487,60522,59698,49873,4,3438,1,30501,0,1,1,1,17,data_8threads_300connections_30s_True
write,1,libev,1,0,1,0,1,1,2,2,10956,14883,23806,16889,8444,14227,1487,60522,59698,49873,4,1902,1,30501,0,0,1,1,17,data_8threads_300connections_30s_True
sendfile,1,libev,1,1,1,0,1,1,2,2,10956,65309,23806,16889,8444,14227,1487,33188,59698,49873,4,1902,1,30501,0,0,1,1,17,data_8threads_300connections_30s_True
writev,1,libev,1,0,1,1,1,1,2,2,10956,14883,23806,16889,8444,14227,1487,60522,59698,49873,4,1902,1,30501,0,0,1,1,17,data_8threads_300connections_30s_True
write,1,libev,1,1,1,0,1,1,1,2,10956,31837,13729,16889,8444,14227,23138,59790,59698,11213,4,3438,1,30501,1,1,0,1,2143,data_8threads_300connections_30s_True
sendfile,0,linux-sysepoll,1,1,1,1,1,1,2,2,10956,14883,23806,16889,8444,14227,42987,60522,59698,49873,4,3438,1,30501,1,0,1,1,17,data_8threads_300connections_30s_True
sendfile,1,libev,1,0,1,0,1,1,2,2,10956,14883,13729,16889,8444,20146,9606,56282,59698,14347,8,17918,1,15633,0,0,1,0,1334,data_8threads_300connections_30s_True
sendfile,0,linux-sysepoll,0,1,1,1,1,1,1,1,10956,31837,13729,16889,8444,14227,23138,59790,59698,11213,4,3438,1,30501,0,1,0,1,2143,data_8threads_300connections_30s_True
write,1,libev,1,1,1,0,1,1,2,1,28928,2459,8145,7622,3811,35135,47145,64493,47663,17891,15,53251,1,62992,1,0,0,1,1486,data_8threads_300connections_30s_True
write,0,poll,0,1,1,1,1,0,2,0,45373,46480,27972,7622,3811,35135,47145,64493,58118,17891,15,53251,1,30661,0,0,0,1,2110,data_8threads_300connections_30s_True
write,1,poll,0,0,1,0,1,0,2,1,28928,40548,8145,7622,3811,35135,47145,64493,58118,17891,15,53251,1,62992,0,0,0,1,2110,data_8threads_300connections_30s_True
sendfile,0,poll,0,1,1,1,1,0,0,0,45373,46480,27972,7622,3811,35135,47145,63143,58118,17891,15,53251,1,30661,0,0,0,1,2110,data_8threads_300connections_30s_True
write,0,poll,0,1,1,1,1,0,2,0,45373,35041,27972,7622,12704,32871,47145,64493,58118,17891,15,46285,1,30661,0,0,0,1,2110,data_8threads_300connections_30s_True
writev,1,select,1,0,1,1,1,0,1,1,34025,26733,59995,43900,26109,30966,62724,42696,26344,62226,10,60101,1,49477,1,1,1,1,540,data_4threads_10connections_60s_False
write,0,select,1,0,1,1,1,1,1,1,29063,695,42636,24643,9626,60592,54353,58080,62337,57429,11,40473,1,34096,1,1,0,0,2079,data_4threads_10connections_60s_False
write,0,select,0,0,0,1,1,0,2,0,33547,12061,27972,25035,18222,45560,20273,37073,45342,28889,3,42499,1,25216,1,0,1,0,62,data_4threads_10connections_60s_False
write,0,select,0,0,0,1,1,1,2,2,10956,14883,13729,16889,8444,14227,1487,60522,59698,49873,4,3438,1,30501,1,1,0,1,2143,data_4threads_10connections_60s_False
write,0,select,0,0,0,1,1,0,1,1,34025,21497,13482,43900,26109,30966,62724,42696,20621,62226,10,60101,1,49477,1,1,0,1,869,data_4threads_10connections_60s_False
write,0,linux-sysepoll,0,0,0,1,1,1,2,2,10956,14883,27972,51972,23624,53203,20273,37073,17583,18969,14,42499,1,22001,1,1,0,1,1976,data_4threads_10connections_60s_False
writev,0,select,1,0,0,1,1,0,1,1,34025,19755,27972,25035,18222,45560,20273,37073,45342,18969,3,42499,1,25216,1,1,1,0,2002,data_4threads_10connections_60s_False
sendfile,0,libev,1,0,0,1,1,0,1,2,54398,12061,42636,24643,9626,60592,54353,58080,62337,5105,11,40473,1,49477,0,0,1,1,869,data_4threads_10connections_60s_False
write,1,libev,1,1,0,1,1,0,2,0,24969,27988,47971,43078,21539,63943,4654,32341,39519,14347,8,17918,1,15633,0,0,0,1,1334,data_4threads_10connections_60s_False
sendfile,0,libev,1,0,0,1,1,0,1,2,54398,12061,377,24643,9626,60592,54353,58080,62337,5105,11,40473,1,3205,0,0,1,0,1330,data_4threads_10connections_60s_False
sendfile,0,libev,1,0,0,1,1,0,1,2,27185,12061,27972,25035,18222,45560,20273,37073,45342,18969,3,42499,1,25216,1,1,1,0,2002,data_4threads_10connections_60s_False
sendfile,0,libev,1,0,0,1,1,0,0,2,54398,12061,42636,31288,9626,60592,54353,58080,62337,5105,6,40473,1,34096,1,1,1,0,2212,data_4threads_10connections_60s_False
writev,1,linux-sysepoll,0,1,0,1,1,1,1,2,10956,14883,23806,12849,8444,14227,1487,60522,59698,49873,3,21855,1,30501,1,0,1,0,17,data_4threads_10connections_60s_False
sendfile,0,libev,1,1,1,0,1,1,2,2,25700,695,42636,24643,9626,60592,54353,58080,62337,57429,6,40473,1,34096,1,1,0,0,2212,data_4threads_10connections_60s_False
sendfile,0,libev,1,0,0,1,1,0,2,2,54398,12061,27972,51972,7660,53203,20273,37073,21459,18969,3,42499,1,22001,1,1,0,1,1976,data_4threads_10connections_60s_False
sendfile,0,libev,1,0,1,1,1,0,2,2,54398,12061,13729,16889,8444,14227,1487,60522,59698,49873,4,3438,1,30501,1,1,0,1,2143,data_4threads_10connections_60s_False
sendfile,1,libev,1,1,0,1,1,0,2,0,24969,27988,47971,43078,22992,25899,4654,32341,45342,18969,3,42499,1,22001,0,1,0,0,2235,data_4threads_10connections_60s_False
writev,1,select,1,0,0,1,1,0,1,1,34025,21497,56888,43900,26109,30966,62724,42696,26344,62226,10,60101,1,49477,1,1,1,1,869,data_4threads_10connections_60s_False
write,1,libev,1,0,0,1,1,0,1,1,34025,21497,56888,43900,26109,30966,62724,42696,26344,62226,10,60101,1,35039,1,1,1,1,1188,data_4threads_10connections_60s_False
writev,0,select,1,0,0,1,1,0,1,1,34025,56347,27972,16889,8444,14227,1487,39173,59698,49873,10,13457,1,30501,1,1,0,1,2143,data_4threads_10connections_60s_False
sendfile,0,libev,1,0,0,1,1,0,1,2,54398,12061,42636,24643,9626,60592,54353,58080,62337,5105,11,40473,1,49477,0,0,1,1,869,data_8threads_10connections_10s_True
writev,0,select,1,0,0,1,1,0,1,1,34025,19755,27972,25035,18222,45560,20273,37073,45342,18969,3,42499,1,25216,1,1,1,0,2002,data_8threads_10connections_10s_True
writev,1,select,1,0,1,1,1,0,1,1,34025,26733,59995,43900,26109,30966,62724,42696,26344,62226,10,60101,1,49477,1,1,1,1,540,data_8threads_10connections_10s_True
sendfile,0,libev,1,1,1,0,1,1,2,2,10956,36335,13729,16889,8444,14227,1487,60522,59698,49873,4,40473,1,34096,1,1,0,1,2079,data_8threads_10connections_10s_True
write,0,select,1,0,1,1,1,1,1,1,29063,695,42636,24643,9626,60592,54353,58080,62337,57429,11,40473,1,34096,1,1,0,0,2079,data_8threads_10connections_10s_True
sendfile,0,libev,1,1,0,1,1,0,2,2,54398,12061,42636,24643,9626,60592,20273,37073,45342,18969,3,42499,1,25216,1,1,1,0,2002,data_8threads_10connections_10s_True
write,1,select,1,0,0,1,1,0,1,1,34025,19755,27972,25035,18222,45560,20273,45099,45342,18969,3,42499,1,25216,1,1,1,0,2002,data_8threads_10connections_10s_True
write,0,linux-sysepoll,0,0,0,1,1,0,2,1,33547,12061,27972,25035,18222,45560,48059,37073,59698,49873,4,40473,1,34096,1,1,0,1,2079,data_8threads_10connections_10s_True
writev,1,select,1,0,1,1,1,0,1,1,54398,12061,27972,25035,7660,45560,20273,37073,45342,18969,3,42499,1,22001,1,1,0,0,2235,data_8threads_10connections_10s_True
write,0,linux-sysepoll,1,0,0,1,1,0,1,2,54398,12061,42636,24643,9626,60592,54353,58080,62337,5105,11,40473,1,49477,0,0,1,1,869,data_8threads_10connections_10s_True
writev,1,select,1,0,1,1,0,0,1,1,34025,19755,27972,25035,18222,45560,54353,58080,62337,5105,11,40473,1,49477,0,0,0,1,869,data_8threads_10connections_10s_True
sendfile,0,libev,0,0,0,1,1,0,0,2,54398,59262,42636,24643,25065,60592,54353,58080,62337,5105,11,40473,1,40082,0,1,1,1,457,data_8threads_10connections_10s_True
write,0,select,0,0,0,1,1,0,2,0,33547,12061,27972,25035,18222,45560,20273,37073,45342,28889,3,42499,1,25216,1,0,1,0,62,data_8threads_10connections_10s_True
write,0,select,0,0,0,1,1,0,2,0,33547,12061,27972,25035,18222,45560,1487,60522,59698,49873,3,21855,1,30501,1,0,1,0,17,data_8threads_10connections_10s_True
write,0,select,0,0,0,1,1,1,2,0,33547,12061,27972,25035,18222,45560,20273,63716,45342,28889,3,42499,1,4554,1,0,1,0,62,data_8threads_10connections_10s_True
writev,1,select,1,0,0,1,1,0,1,1,34025,19755,27972,25035,18222,45560,32599,37073,45342,28889,3,61531,1,25216,1,0,1,0,62,data_8threads_10connections_10s_True
sendfile,1,select,1,1,0,1,1,1,0,1,29063,695,42636,39307,9626,60592,54353,58080,62337,18327,11,40473,1,34096,1,1,0,0,457,data_8threads_10connections_10s_True
sendfile,1,select,1,1,0,1,1,1,1,1,29063,695,42636,39307,9626,60592,54353,58080,62337,57429,11,40473,1,34096,1,1,0,0,2079,data_8threads_10connections_10s_True
sendfile,0,libev,1,0,0,1,1,0,1,2,54398,12061,27972,25035,7660,45560,20273,37073,45342,18969,3,42499,1,22001,1,1,0,0,2235,data_8threads_10connections_10s_True
write,1,select,0,0,0,1,1,0,2,0,33547,12061,27972,25035,18222,2930,62512,37073,26344,62226,10,60101,1,49477,1,1,1,0,1210,data_8threads_10connections_10s_True
write,1,libev,1,1,0,1,1,0,2,0,24969,27988,47971,43078,21539,63943,4654,32341,39519,14347,8,17918,1,15633,0,0,0,1,1334,data_4threads_300connections_60s_False
sendfile,0,libev,1,1,1,1,1,1,2,0,10956,296,13729,16889,8444,14227,1487,60522,63470,49873,4,40473,1,34096,1,1,1,1,869,data_4threads_300connections_60s_False
write,1,linux-sysepoll,0,1,0,1,1,1,1,2,10956,14883,23806,12849,8444,14227,1487,60522,57423,49873,3,21855,1,30501,0,0,1,1,1334,data_4threads_300connections_60s_False
write,0,linux-sysepoll,1,0,0,1,1,0,1,2,54398,12061,42636,24643,9626,60592,54353,58080,62337,5105,11,40473,1,49477,0,0,1,1,869,data_4threads_300connections_60s_False
write,0,select,0,0,1,1,1,0,1,2,54398,31907,42636,24643,9626,60592,54353,58080,36991,5105,11,40473,1,49477,0,0,1,1,1757,data_4threads_300connections_60s_False
sendfile,0,libev,1,0,0,1,1,0,1,2,54398,12061,42636,24643,9626,60592,54353,58080,62337,5105,11,40473,1,49477,0,0,1,1,869,data_4threads_300connections_60s_False
write,1,select,1,0,0,1,1,0,1,1,34025,19755,27972,25035,18222,45560,20273,45099,45342,18969,3,42499,1,25216,1,1,1,0,2002,data_4threads_300connections_60s_False
sendfile,1,select,1,1,0,1,1,1,0,1,29063,695,42636,39307,9626,60592,54353,58080,62337,18327,11,40473,1,34096,1,1,0,0,457,data_4threads_300connections_60s_False
sendfile,1,select,1,1,0,1,1,1,1,1,29063,695,42636,39307,9626,60592,54353,58080,62337,57429,11,40473,1,34096,1,1,0,0,2079,data_4threads_300connections_60s_False
write,0,libev,0,0,0,0,1,0,2,1,33547,12061,57209,15211,18222,45560,48059,3699,59698,51052,4,40473,1,47841,1,0,0,1,2153,data_4threads_300connections_60s_False
sendfile,0,libev,1,1,0,1,1,0,2,2,54398,12061,42636,24643,9626,60592,20273,37073,45342,18969,3,42499,1,25216,1,1,1,0,2002,data_4threads_300connections_60s_False
sendfile,0,libev,1,1,1,0,1,1,2,2,10956,36335,13729,16889,8444,14227,1487,60522,59698,49873,4,40473,1,34096,1,1,0,1,2079,data_4threads_300connections_60s_False
writev,0,select,1,0,1,0,1,1,2,0,10956,14883,13729,1320,8444,14227,1487,60522,59698,49873,4,3438,1,30501,1,1,0,1,2143,data_4threads_300connections_60s_False
writev,1,select,1,0,1,0,1,1,2,0,10956,14883,13729,1320,8444,14227,1487,60522,59698,49873,4,3438,1,30501,1,1,0,1,2143,data_4threads_300connections_60s_False
sendfile,0,libev,1,1,0,1,1,0,2,0,24969,27988,47971,43078,21539,63943,4654,32341,39519,14347,8,17918,1,15633,0,0,1,1,1334,data_4threads_300connections_60s_False
sendfile,0,libev,1,1,0,1,1,0,2,0,60555,27988,47971,43078,21539,63943,4654,32341,39519,14347,8,17918,1,15633,0,0,1,1,869,data_4threads_300connections_60s_False
sendfile,0,libev,1,1,0,1,1,0,2,0,24969,27988,47971,43078,21539,34376,4654,32341,39519,14347,8,17918,1,15633,1,0,1,0,17,data_4threads_300connections_60s_False
writev,1,linux-sysepoll,0,1,0,1,1,1,1,2,10956,14883,23806,12849,8444,14227,1487,60522,59698,49873,3,21855,1,30501,1,0,1,0,17,data_4threads_300connections_60s_False
writev,1,linux-sysepoll,0,1,0,1,1,1,1,2,10956,14883,23806,12849,8444,14227,1487,60522,57423,49873,3,21855,1,30501,1,0,1,0,17,data_4threads_300connections_60s_False
write,0,libev,1,1,0,1,1,0,2,2,54398,12061,42636,24643,9626,60592,20273,37073,45342,18969,3,42499,1,25216,1,1,0,1,2143,data_4threads_300connections_60s_False
writev,0,libev,1,0,0,0,1,0,1,2,7305,47090,27723,13163,10068,9470,4560,25738,19915,9971,13,12118,1,57610,0,1,0,1,2532,data_12threads_100connections_120s_False
writev,1,linux-sysepoll,1,0,1,1,1,0,0,0,45270,40645,23510,13163,10068,61074,4560,25738,19915,9971,13,12118,1,57610,0,1,0,1,2327,data_12threads_100connections_120s_False
writev,1,linux-sysepoll,1,0,1,1,1,0,0,0,45270,40645,23510,13163,10068,61074,4560,25738,19915,9971,13,12118,1,54303,0,1,0,1,2327,data_12threads_100connections_120s_False
writev,1,poll,1,1,1,1,1,1,1,2,7305,47090,27723,32839,13485,57239,51669,48766,45491,29989,14,24976,1,58406,1,1,1,1,1504,data_12threads_100connections_120s_False
sendfile,1,linux-sysepoll,1,0,0,0,1,0,0,0,45270,40645,27664,13163,10068,61074,4560,4245,19915,41315,16,46743,1,36826,1,1,0,1,2327,data_12threads_100connections_120s_False
write,0,linux-sysepoll,1,0,0,1,1,1,2,1,34328,65383,27476,36382,29655,45646,29962,65312,37068,52831,7,18952,1,818,0,0,1,1,2114,data_12threads_100connections_120s_False
sendfile,1,linux-sysepoll,1,0,0,1,1,0,0,0,45270,40645,27664,13163,10068,61074,4560,25738,19915,9971,16,46743,1,57610,1,1,0,1,2327,data_12threads_100connections_120s_False
sendfile,1,linux-sysepoll,1,0,0,1,1,0,0,0,45270,40645,27664,13342,10068,61074,4560,25738,19915,9971,16,46743,1,57874,1,1,0,1,2382,data_12threads_100connections_120s_False
writev,0,libev,1,1,0,0,1,0,1,2,7305,47090,27723,50460,13485,57239,51669,48766,39076,29989,7,24976,1,22353,1,1,0,0,1504,data_12threads_100connections_120s_False
writev,0,linux-sysepoll,1,0,0,1,1,1,2,1,34328,65383,27476,36382,1110,45646,29962,65312,37068,52831,7,18952,1,818,0,1,1,0,541,data_12threads_100connections_120s_False
write,1,linux-sysepoll,1,0,0,1,1,1,2,1,34328,65383,27476,54256,12019,5367,17290,26818,37068,52831,7,18952,1,818,0,1,1,1,2114,data_12threads_100connections_120s_False
sendfile,1,poll,1,1,1,1,1,1,2,1,34328,65383,27476,54256,1110,45646,17290,9012,37068,52831,7,18952,1,818,0,1,0,0,541,data_12threads_100connections_120s_False
write,1,poll,1,0,1,1,1,1,1,2,7305,47090,27723,32839,13485,57239,51669,48766,39076,29989,14,24976,1,59437,1,1,0,0,1504,data_12threads_100connections_120s_False
write,1,poll,0,1,0,0,1,0,1,2,7305,47090,27723,32839,13485,57239,51669,48766,39076,29989,14,24976,1,59437,1,1,0,0,1504,data_12threads_100connections_120s_False
write,0,poll,0,1,0,0,1,0,1,2,7305,47090,27723,32839,13485,57239,51669,48766,39076,29989,14,24976,1,59437,1,1,0,0,1504,data_12threads_100connections_120s_False
write,0,poll,0,1,1,0,1,1,1,2,7305,3784,27723,32839,16502,57239,51669,48766,39076,29989,14,34162,1,59437,1,1,0,0,1504,data_12threads_100connections_120s_False
write,0,poll,0,1,1,0,1,0,1,2,7305,47090,27723,29694,13485,57239,51669,48766,39076,29989,14,24976,1,59437,1,1,0,0,1001,data_12threads_100connections_120s_False
writev,0,select,0,0,0,0,1,0,1,2,7305,47090,27723,32839,13485,57239,51669,48766,39076,29989,14,24976,1,59437,1,1,0,0,1504,data_12threads_100connections_120s_False
writev,1,linux-sysepoll,1,0,1,1,1,0,0,0,45270,40645,27664,13163,10068,61074,4560,25738,19915,9971,13,12118,1,57874,1,1,0,1,2382,data_12threads_100connections_120s_False
write,0,poll,1,0,0,1,1,1,1,2,7305,47090,27723,32839,13485,57239,51669,48766,39076,21864,14,24976,1,59437,0,1,0,0,1504,data_12threads_100connections_120s_False
sendfile,0,libev,1,0,0,1,1,0,1,2,54398,12061,42636,24643,9626,60592,54353,58080,62337,57429,11,40473,1,34096,1,1,0,0,2079,data_4threads_10connections_10s_True
write,0,select,1,0,1,1,1,1,1,1,29063,695,42636,24643,9626,60592,54353,58080,62337,57429,11,40473,1,34096,1,1,0,0,2079,data_4threads_10connections_10s_True
writev,1,select,1,0,1,1,1,0,1,1,34025,26733,59995,43900,26109,30966,62724,42696,26344,62226,10,60101,1,49477,1,1,1,1,540,data_4threads_10connections_10s_True
writev,1,select,1,0,1,0,1,0,1,1,34025,26733,59995,32839,13485,57239,51669,48766,45491,29989,14,58494,0,44982,1,1,1,1,1504,data_4threads_10connections_10s_True
sendfile,1,select,1,1,0,1,1,1,0,1,29063,695,40410,39307,9626,60592,54353,1515,62337,18327,11,47832,1,34096,1,0,0,1,2002,data_4threads_10connections_10s_True
writev,0,select,1,0,0,1,1,0,1,1,34025,19755,27972,25035,18222,45560,20273,37073,45342,18969,3,42499,1,25216,1,1,1,0,2002,data_4threads_10connections_10s_True
writev,1,select,1,0,0,1,1,0,1,1,34025,19755,27972,25035,18222,45560,20273,45099,45342,52024,3,42499,1,25216,1,1,1,0,2002,data_4threads_10connections_10s_True
sendfile,0,libev,1,0,0,1,1,0,1,2,54398,12061,42636,24643,9626,60592,54353,58080,62337,5105,11,40473,1,49477,0,0,1,1,869,data_4threads_10connections_10s_True
sendfile,0,libev,1,0,0,1,1,0,1,2,54398,12061,42636,24643,9626,60592,54353,58080,62337,10152,11,42586,1,49477,0,0,1,1,869,data_4threads_10connections_10s_True
sendfile,0,libev,1,0,0,1,1,0,1,2,54398,12061,42636,24643,9626,60592,38564,58080,62337,5105,11,40473,1,49477,0,0,1,1,2079,data_4threads_10connections_10s_True
sendfile,0,libev,1,1,0,1,1,0,1,2,54398,12061,42636,24643,15862,60592,54353,58080,62337,29989,14,58494,0,44982,1,1,1,0,1504,data_4threads_10connections_10s_True
write,1,libev,1,1,0,1,1,0,2,0,24969,27988,47971,43078,21539,63943,4654,32341,39519,14347,8,17918,1,15633,0,0,0,1,1334,data_4threads_10connections_10s_True
write,1,libev,1,1,0,1,1,1,2,0,24969,27988,47971,43078,16143,63943,4654,32341,39519,14347,8,26417,1,15633,0,0,0,0,1334,data_4threads_10connections_10s_True
writev,0,libev,1,0,0,0,1,0,1,2,7305,47090,27723,13163,10068,9470,4560,25738,19915,9971,13,12118,1,57610,0,1,0,1,2532,data_4threads_10connections_10s_True
sendfile,1,select,1,1,0,1,1,1,0,1,29063,695,42636,39307,9626,60592,54353,58080,62337,18327,11,40473,1,34096,1,1,0,0,457,data_4threads_10connections_10s_True
sendfile,1,select,1,1,0,1,1,1,1,1,29063,695,42636,39307,9626,60592,54353,58080,62337,57429,11,40473,1,34096,1,1,0,0,2079,data_4threads_10connections_10s_True
sendfile,0,libev,1,1,1,0,0,0,1,1,34025,26733,59995,32839,21286,57239,51669,48766,45491,29989,14,58494,0,44982,1,1,1,0,1504,data_4threads_10connections_10s_True
sendfile,1,linux-sysepoll,1,0,0,1,1,0,0,0,45270,40645,27664,13342,10068,61074,4560,25738,19915,9971,16,46743,1,57874,1,1,0,1,2382,data_4threads_10connections_10s_True
sendfile,1,linux-sysepoll,1,0,0,1,1,0,0,0,45270,40645,27664,13163,10068,61074,4560,25738,19915,9971,16,46743,1,57610,1,1,0,1,2327,data_4threads_10connections_10s_True
sendfile,1,linux-sysepoll,1,0,0,1,1,0,0,0,45270,40645,27664,705,10068,61074,4560,25738,36053,9971,2,46743,1,57610,1,1,0,1,2211,data_4threads_10connections_10s_True
sendfile,1,select,0,1,0,1,1,0,0,0,3994,21670,46652,16464,21915,29505,53490,35728,63470,17912,5,24417,1,64698,1,1,0,0,1657,data_8threads_10connections_30s_False
sendfile,0,select,0,0,0,1,1,0,0,0,30214,21670,46652,16464,21915,29505,58358,56725,27053,8483,12,10464,1,18121,0,1,0,1,2485,data_8threads_10connections_30s_False
sendfile,0,libev,1,0,1,0,0,0,0,2,56938,14795,54123,61478,17105,19050,53490,35728,63470,17912,5,24417,1,64698,1,0,0,0,1657,data_8threads_10connections_30s_False
sendfile,1,libev,1,1,1,0,1,0,1,1,54668,48636,32581,34821,17410,16202,9523,14391,27504,26355,0,12517,1,57502,0,1,0,0,1634,data_8threads_10connections_30s_False
sendfile,1,libev,1,0,1,0,1,1,0,0,61187,54858,54123,34211,17105,17144,55696,35728,63470,17912,5,24417,1,64698,1,1,0,0,1657,data_8threads_10connections_30s_False
sendfile,1,libev,1,0,1,0,1,1,0,0,61187,54858,54123,34211,17105,17144,53490,35728,63470,17912,5,24417,1,64698,1,1,0,0,1657,data_8threads_10connections_30s_False
sendfile,1,select,1,0,1,1,1,1,0,0,3994,21670,46652,16464,21915,29505,53490,35728,63470,17912,5,24417,1,44254,1,1,1,0,2109,data_8threads_10connections_30s_False
sendfile,1,libev,0,0,1,0,1,0,0,0,61187,54858,54123,34211,17105,17144,55696,35728,63470,17912,5,24417,1,4750,1,1,0,0,1657,data_8threads_10connections_30s_False
sendfile,1,libev,1,0,1,0,1,0,0,0,56938,54858,54123,34211,17105,19050,58358,56725,27053,8483,12,10464,1,18121,0,1,1,0,897,data_8threads_10connections_30s_False
sendfile,1,libev,0,0,1,0,1,0,0,0,54865,54858,54123,63235,17105,19050,59137,56725,60508,8483,12,10464,1,18121,0,1,1,0,1657,data_8threads_10connections_30s_False
sendfile,1,libev,1,0,1,0,0,0,0,0,56938,54858,54123,34211,17105,19050,58358,56725,27053,8483,12,10464,1,18121,0,1,1,1,501,data_8threads_10connections_30s_False
sendfile,0,libev,1,0,1,0,0,0,0,2,56938,14795,54123,61478,17105,19050,58358,56725,27053,8483,12,10464,1,18121,0,1,0,1,2485,data_8threads_10connections_30s_False
sendfile,1,libev,1,0,1,1,1,0,0,0,7088,54858,54123,34211,9514,19050,58358,56725,27053,8483,12,10464,1,18121,0,1,1,1,501,data_8threads_10connections_30s_False
sendfile,1,libev,1,0,1,0,0,0,0,0,56938,54858,54123,34211,17105,19050,58358,56725,63470,17912,5,24417,1,44254,0,1,1,0,2109,data_8threads_10connections_30s_False
sendfile,1,libev,1,1,1,0,0,0,0,0,56938,54858,54123,34211,17105,19050,46162,26656,27053,8483,12,10464,1,18121,0,1,1,1,501,data_8threads_10connections_30s_False
sendfile,1,libev,1,0,1,1,1,1,0,0,3994,8444,46652,16464,21915,29505,53490,35728,63470,17912,6,24417,1,44254,1,1,1,0,2109,data_8threads_10connections_30s_False
writev,0,libev,0,0,1,1,1,0,1,1,34741,22422,46652,16464,14873,29505,53490,34958,63470,17912,5,24417,1,64698,1,1,0,0,1657,data_8threads_10connections_30s_False
sendfile,0,libev,1,0,1,0,1,1,0,2,61187,54858,54123,34211,17105,17144,55696,35728,63470,17912,5,24417,1,64698,1,1,0,0,1657,data_8threads_10connections_30s_False
writev,1,libev,1,0,0,1,1,0,1,1,34741,22422,54123,61478,17105,19050,58358,56725,49180,22563,12,10464,1,18121,0,1,0,1,2485,data_8threads_10connections_30s_False
sendfile,1,select,0,1,0,1,1,0,2,0,3994,48636,46652,16464,21915,29505,55696,35728,63470,17912,5,24417,1,64698,1,1,0,0,1657,data_8threads_10connections_30s_False
writev,0,libev,1,1,0,1,1,1,2,0,24582,41722,37630,37453,31436,30386,41651,41018,16625,43732,4,29395,1,45433,0,1,1,0,171,data_8threads_100connections_30s_False
writev,0,libev,1,1,0,1,1,1,2,0,24582,41722,37630,37453,11129,30386,41651,41018,16625,43732,4,29395,1,53942,0,1,1,0,1202,data_8threads_100connections_30s_False
sendfile,0,linux-sysepoll,1,0,0,1,1,0,2,0,54239,62915,746,3047,5179,34376,16544,25945,50838,49676,9,40425,1,242,0,1,1,1,1187,data_8threads_100connections_30s_False
sendfile,0,linux-sysepoll,1,0,0,1,1,0,2,0,54239,62915,746,3047,5179,34376,8556,25945,50838,49676,9,40425,1,242,0,1,1,1,1187,data_8threads_100connections_30s_False
writev,1,libev,0,1,1,1,1,0,0,1,53133,55105,47624,1844,16590,1253,44453,61363,26936,52315,9,53465,1,37919,0,0,1,1,171,data_8threads_100connections_30s_False
sendfile,0,linux-sysepoll,1,0,0,0,1,0,2,2,54239,62915,746,3047,12905,34376,16544,25945,50838,49676,9,40425,1,242,0,1,1,1,2597,data_8threads_100connections_30s_False
writev,1,libev,0,1,1,1,1,0,0,1,32488,41722,37630,37453,11129,30386,41651,41018,16625,43732,4,29395,1,53942,0,1,1,0,1202,data_8threads_100connections_30s_False
writev,0,libev,1,1,0,1,1,1,1,0,52034,64422,9528,23022,13889,62241,41651,41018,16625,43732,4,29395,1,53942,0,1,1,0,1597,data_8threads_100connections_30s_False
write,0,libev,1,1,0,1,1,1,2,0,62500,4634,60694,40680,6337,8610,30922,63732,3094,61454,2,61486,1,57361,0,0,1,1,2597,data_8threads_100connections_30s_False
sendfile,0,libev,1,1,0,1,1,1,1,0,52034,64422,9528,23022,13889,62241,14208,22710,31071,27223,4,57751,1,4773,1,1,1,0,372,data_8threads_100connections_30s_False
writev,0,libev,1,1,0,1,1,1,2,0,24582,41722,37630,37453,30924,30386,228,22710,31071,27223,4,57751,1,4773,1,1,1,0,372,data_8threads_100connections_30s_False
sendfile,0,libev,1,1,0,1,1,1,1,0,52034,64422,9528,53607,13889,62241,14208,22710,31071,27223,4,57751,1,4773,1,0,1,0,1187,data_8threads_100connections_30s_False
write,1,select,1,0,1,1,1,0,2,0,62500,4634,60694,40680,20340,8610,65361,63732,3094,61454,2,61486,1,57361,0,0,0,1,2597,data_8threads_100connections_30s_False
write,1,select,1,0,1,1,1,0,2,0,62500,4634,60694,40680,20340,8610,65361,63732,3094,61454,2,61486,1,12281,0,0,1,1,1187,data_8threads_100connections_30s_False
writev,1,libev,1,1,0,1,1,1,2,0,24582,41722,37630,37453,31436,30386,41651,33255,16625,43732,4,29395,1,45433,0,1,1,1,695,data_8threads_100connections_30s_False
writev,0,libev,1,1,0,1,1,1,2,0,24582,64,37630,56547,31436,30386,41651,41018,16625,43732,0,30956,1,53942,0,1,0,0,1202,data_8threads_100connections_30s_False
writev,1,poll,1,1,1,0,1,1,2,0,24582,41722,37630,37453,31436,30386,7839,41018,16625,62855,15,13690,1,45433,0,1,1,0,171,data_8threads_100connections_30s_False
writev,0,libev,1,1,0,1,1,1,1,0,52034,64422,9528,53607,13889,62241,14208,22710,31071,27223,4,57751,1,4773,1,0,1,0,1187,data_8threads_100connections_30s_False
writev,1,poll,1,1,0,0,1,1,2,0,24582,41722,37630,37453,31436,30386,7839,41018,16625,58760,4,13690,1,45433,0,1,1,0,171,data_8threads_100connections_30s_False
sendfile,0,libev,1,1,0,1,1,1,1,2,24582,55105,47624,1844,16590,1253,44453,61363,26936,52315,9,53465,1,37919,0,0,1,1,171,data_8threads_100connections_30s_False
write,1,poll,0,1,1,0,1,0,0,0,60948,65424,35223,64127,32063,65325,29500,45255,62612,54386,3,51973,1,3896,1,1,1,0,1301,data_8threads_100connections_10s_True
write,1,poll,0,1,1,1,1,0,0,0,60948,65424,35223,64127,12628,65325,29500,45255,62612,54386,3,51973,1,3896,1,1,1,0,1301,data_8threads_100connections_10s_True
write,1,poll,0,1,0,0,0,0,0,0,60948,65424,35223,64127,32063,65325,29500,45255,62612,54386,3,51973,1,3896,1,1,1,0,1373,data_8threads_100connections_10s_True
write,1,poll,1,1,1,0,1,0,0,0,60948,65424,35223,64127,32063,7185,29500,45255,62612,54386,3,51973,1,3896,1,0,1,1,45,data_8threads_100connections_10s_True
write,1,poll,0,1,1,0,0,0,0,0,60948,65424,35223,64127,32063,65325,29500,45255,62612,54386,3,51973,0,3896,1,1,1,0,688,data_8threads_100connections_10s_True
sendfile,1,libev,0,0,1,1,1,0,0,0,60948,65424,35223,64127,32063,65325,29500,45255,62612,54386,12,63362,1,3896,0,0,1,0,1301,data_8threads_100connections_10s_True
write,1,poll,0,1,1,0,1,0,0,0,6744,65424,35223,64127,12628,65325,29500,45255,62612,54386,3,51973,1,3896,1,1,1,0,1301,data_8threads_100connections_10s_True
sendfile,1,poll,0,1,1,1,1,0,0,0,60948,65424,35223,5968,32063,65325,29500,45255,62612,32153,3,51973,1,3896,1,1,1,0,1301,data_8threads_100connections_10s_True
write,1,poll,1,1,1,0,1,0,0,0,60948,65424,35223,64127,32063,28433,29500,45255,62612,54386,3,51973,1,3896,1,0,0,1,376,data_8threads_100connections_10s_True
write,1,poll,0,1,1,0,1,0,0,0,6744,65424,35223,64127,12628,65325,16051,45255,62612,51516,12,43278,0,42531,1,0,0,0,1644,data_8threads_100connections_10s_True
write,1,poll,0,1,0,0,0,1,0,0,60948,65424,35223,64127,32063,65325,29500,45255,62612,54386,3,51973,1,3896,1,1,1,0,1373,data_8threads_100connections_10s_True
write,1,poll,0,1,1,0,1,0,0,0,60948,65424,35223,64127,32063,65325,29500,45255,62612,21567,3,24156,0,3896,1,1,1,0,688,data_8threads_100connections_10s_True
write,1,poll,1,1,1,0,1,0,0,0,60948,65424,35223,64127,17880,7185,29500,45255,59420,32153,3,51973,1,62693,1,1,1,0,1301,data_8threads_100connections_10s_True
write,1,poll,0,1,0,0,0,0,0,0,60948,65424,10180,64127,32063,45390,29500,45255,62612,54386,3,51973,0,3896,1,1,1,0,688,data_8threads_100connections_10s_True
write,1,poll,0,1,1,0,0,0,0,0,60948,65424,35223,64127,32063,65325,29500,45255,62612,54386,3,51973,1,3896,1,1,1,0,1373,data_8threads_100connections_10s_True
sendfile,1,poll,0,1,1,1,1,0,0,0,20405,65424,35223,64127,32063,65325,12092,45255,62612,54386,12,63362,1,3896,0,0,1,0,1301,data_8threads_100connections_10s_True
write,1,linux-sysepoll,0,0,1,0,0,0,0,0,60948,65424,35223,64127,32063,65325,35589,45255,62612,54386,3,51973,1,3896,1,1,1,0,1301,data_8threads_100connections_10s_True
write,1,poll,1,1,0,0,1,0,0,0,60948,65424,35223,64127,32063,7185,29500,45255,62612,54386,3,51973,1,3896,1,0,1,1,45,data_8threads_100connections_10s_True
write,1,poll,1,1,1,1,1,0,0,0,60948,65424,35223,64127,32063,65325,29500,45255,15079,56826,3,51973,1,3896,0,1,1,0,1301,data_8threads_100connections_10s_True
writev,1,libev,0,1,0,0,1,1,1,2,47760,22604,49671,34420,22079,28793,8401,31064,59297,32996,7,62402,1,21770,0,0,0,1,376,data_8threads_100connections_10s_True
write,0,select,1,0,1,1,1,1,1,1,29063,695,42636,24643,9626,60592,54353,58080,62337,57429,11,40473,1,34096,1,1,0,0,2079,data_4threads_10connections_30s_False
writev,0,select,1,0,0,1,1,0,1,1,34025,19755,27972,25035,18222,45560,20273,37073,45342,18969,3,42499,1,25216,1,1,1,0,2002,data_4threads_10connections_30s_False
sendfile,0,libev,1,0,0,1,1,0,1,2,54398,12061,42636,24643,9626,60592,54353,58080,62337,5105,11,40473,1,49477,0,0,1,1,869,data_4threads_10connections_30s_False
write,1,poll,0,1,1,0,1,0,0,0,6744,65424,35223,64127,12628,65325,16051,45255,62612,51516,12,43278,0,42531,1,0,0,0,1644,data_4threads_10connections_30s_False
write,1,poll,0,1,1,0,1,0,0,0,6744,65424,35223,64127,12628,65325,29500,45255,62612,54386,3,51973,1,3896,1,1,1,0,1301,data_4threads_10connections_30s_False
sendfile,1,libev,0,0,1,1,1,0,0,0,60948,65424,35223,64127,32063,65325,29500,45255,62612,54386,12,63362,1,3896,0,0,1,0,1301,data_4threads_10connections_30s_False
write,1,poll,0,1,1,0,0,0,0,0,60948,65424,35223,64127,32063,65325,29500,45255,62612,54386,3,51973,0,3896,1,1,1,0,688,data_4threads_10connections_30s_False
write,1,poll,1,1,1,0,1,0,0,0,60948,65424,35223,64127,32063,7185,29500,45255,62612,54386,3,51973,1,3896,1,0,1,1,45,data_4threads_10connections_30s_False
write,1,poll,0,1,0,0,0,0,0,0,60948,65424,35223,64127,32063,65325,29500,45255,62612,54386,3,51973,1,3896,1,1,1,0,1373,data_4threads_10connections_30s_False
write,1,poll,0,1,1,1,1,0,0,0,60948,65424,35223,64127,12628,65325,29500,45255,62612,54386,3,51973,1,3896,1,1,1,0,1301,data_4threads_10connections_30s_False
write,1,poll,0,1,1,0,1,0,0,0,60948,65424,35223,64127,32063,65325,29500,45255,62612,54386,3,51973,1,3896,1,1,1,0,1301,data_4threads_10connections_30s_False
sendfile,1,poll,0,1,1,1,1,0,0,0,60948,65424,35223,5968,32063,65325,29500,45255,62612,32153,3,51973,1,3896,1,1,1,0,1301,data_4threads_10connections_30s_False
write,1,poll,1,1,1,0,1,0,0,0,60948,65424,35223,64127,32063,28433,29500,45255,62612,54386,3,51973,1,3896,1,0,0,1,376,data_4threads_10connections_30s_False
write,0,poll,0,1,0,0,0,0,0,0,60948,65424,35223,64127,32063,65325,29500,45255,62612,19443,3,54368,1,3896,0,1,1,0,171,data_4threads_10connections_30s_False
sendfile,1,libev,0,0,1,0,0,0,0,0,60948,65424,35223,64127,32063,65325,29500,45255,62612,54386,7,51973,1,3896,1,1,1,0,1373,data_4threads_10connections_30s_False
sendfile,1,poll,0,1,1,1,1,0,0,0,60948,65424,35223,64127,32063,65325,29500,45255,64292,54386,12,63362,1,3896,0,0,1,0,1301,data_4threads_10connections_30s_False
write,1,poll,0,1,1,0,0,0,0,1,60948,65424,35223,64127,32063,65325,29500,45255,62612,54386,3,51973,0,34096,1,1,0,0,2079,data_4threads_10connections_30s_False
sendfile,1,poll,1,1,1,0,1,0,0,0,60948,65424,35223,5968,27800,65325,29500,45255,62612,32153,3,39102,1,3896,1,1,1,0,2002,data_4threads_10connections_30s_False
write,1,libev,0,1,1,0,1,0,0,0,60948,65424,35223,64127,32063,65325,29500,45255,62612,54386,3,51973,0,3896,1,1,0,0,688,data_4threads_10connections_30s_False
write,1,poll,0,1,1,0,0,0,0,0,60948,65424,35223,64127,32063,65325,29500,45255,62612,54386,3,51973,1,3896,1,1,1,0,1373,data_4threads_10connections_30s_False
write,1,poll,0,1,0,0,0,0,0,0,60948,65424,35223,64127,32063,65325,29500,45255,62612,54386,3,51973,1,3896,1,1,1,0,1373,data_8threads_300connections_120s_False
write,1,poll,0,1,1,1,1,0,0,0,60948,65424,35223,64127,12628,65325,29500,45255,62612,54386,3,51973,1,3896,1,1,1,0,1301,data_8threads_300connections_120s_False
write,1,poll,0,1,1,0,0,0,0,0,60948,65424,35223,64127,32063,65325,29500,45255,62612,54386,3,51973,0,3896,1,1,1,0,688,data_8threads_300connections_120s_False
write,1,poll,1,1,1,0,1,0,0,0,60948,65424,35223,64127,32063,7185,29500,45255,62612,54386,3,51973,1,3896,1,0,1,1,45,data_8threads_300connections_120s_False
sendfile,1,libev,0,0,1,1,1,0,0,0,60948,65424,35223,64127,32063,65325,29500,45255,62612,54386,12,63362,1,3896,0,0,1,0,1301,data_8threads_300connections_120s_False
write,1,poll,0,1,1,0,1,0,0,0,6744,65424,35223,64127,12628,65325,16051,45255,62612,51516,12,43278,0,42531,1,0,0,0,1644,data_8threads_300connections_120s_False
write,1,poll,0,1,1,0,1,0,0,0,6744,65424,35223,64127,12628,65325,29500,45255,62612,54386,3,51973,1,3896,1,1,1,0,1301,data_8threads_300connections_120s_False
sendfile,1,poll,0,1,1,1,1,0,0,0,60948,65424,35223,5968,32063,65325,29500,45255,62612,32153,3,51973,1,3896,1,1,1,0,1301,data_8threads_300connections_120s_False
write,1,poll,1,1,1,0,1,0,0,0,60948,65424,35223,64127,32063,28433,29500,45255,62612,54386,3,51973,1,3896,1,0,0,1,376,data_8threads_300connections_120s_False
write,1,poll,0,1,1,0,1,0,0,0,60948,65424,35223,64127,32063,65325,29500,45255,62612,54386,3,51973,1,3896,1,1,1,0,1301,data_8threads_300connections_120s_False
write,1,select,0,1,1,0,0,0,0,0,43306,65424,35223,64127,32063,65325,29500,45255,25764,54386,3,51973,0,3896,0,1,1,0,2600,data_8threads_300connections_120s_False
write,1,poll,0,1,0,0,0,0,0,0,60948,65424,35223,64127,32063,65325,29500,45255,48278,54386,3,51973,1,19869,1,1,1,0,1373,data_8threads_300connections_120s_False
write,1,poll,0,1,0,0,0,0,0,2,60948,48265,35223,64127,32063,65325,29500,45255,62612,54386,3,51973,0,3896,1,1,0,1,376,data_8threads_300connections_120s_False
write,1,poll,1,1,1,0,1,0,0,0,60948,65424,35223,64127,32063,28433,29500,45255,62612,54386,3,49789,1,57482,0,1,1,0,1373,data_8threads_300connections_120s_False
write,1,poll,0,0,1,1,1,0,0,0,60948,65424,49936,64127,12628,65325,29500,45255,62612,54386,3,40473,1,34096,1,1,0,1,1714,data_8threads_300connections_120s_False
write,1,poll,0,1,1,0,1,0,0,2,6744,65424,35223,64127,6502,65325,16051,45255,62612,51516,12,43278,0,29105,1,1,1,0,1301,data_8threads_300connections_120s_False
write,1,poll,0,1,1,1,1,0,0,2,60948,65424,35223,64127,12628,65325,29500,52856,62612,54386,3,51973,1,3896,1,1,1,0,1355,data_8threads_300connections_120s_False
sendfile,0,poll,0,1,1,1,1,0,0,2,60948,65424,35223,5968,32063,65325,29500,45255,62612,32153,3,51973,1,3896,1,1,1,0,1301,data_8threads_300connections_120s_False
write,1,poll,1,1,1,0,1,0,1,2,60948,65424,35223,64127,32063,7185,29500,45255,62612,54386,3,51973,1,3896,1,1,1,1,1301,data_8threads_300connections_120s_False
write,1,poll,0,1,1,0,1,0,0,0,60948,65424,35223,64127,32063,28433,29500,45255,62612,54386,3,51973,1,3896,1,0,0,0,376,data_8threads_300connections_120s_False
sendfile,0,poll,1,1,0,1,1,0,1,2,54398,12061,42636,6343,32063,65325,29500,45255,62612,32153,3,51973,1,3896,1,1,1,0,1301,data_8threads_300connections_60s_False
sendfile,0,libev,1,0,0,1,1,0,1,2,54398,12061,42636,24643,9626,60592,54353,58080,62337,5105,11,40473,1,49477,0,0,1,1,869,data_8threads_300connections_60s_False
sendfile,0,libev,1,0,1,1,1,0,1,2,54398,12061,42636,24643,9626,60592,41651,41018,16625,34538,4,29395,1,49477,0,0,1,1,869,data_8threads_300connections_60s_False
writev,1,libev,0,1,1,1,1,0,0,1,32488,41722,40239,37453,11129,30386,41651,41018,16625,34538,4,29395,1,49477,0,0,1,1,869,data_8threads_300connections_60s_False
sendfile,0,libev,1,1,1,1,1,0,0,1,32488,41722,40239,37453,11129,30386,41651,41018,16625,34538,4,29395,1,49477,0,0,1,1,869,data_8threads_300connections_60s_False
writev,1,libev,0,1,1,1,1,1,0,1,32488,41722,40239,37453,16433,30386,41651,41018,16625,34538,4,29395,1,53942,1,1,1,0,1597,data_8threads_300connections_60s_False
sendfile,1,poll,0,1,1,1,1,0,1,2,60779,12061,42636,6343,32063,65325,56255,19287,62612,32153,3,51973,1,53223,1,0,1,0,1301,data_8threads_300connections_60s_False
writev,1,libev,0,1,1,1,1,0,0,1,32488,41722,37630,37453,11129,30386,41651,41018,16625,43732,4,29395,1,53942,0,1,1,0,1202,data_8threads_300connections_60s_False
writev,1,libev,0,1,1,1,1,0,0,1,32488,41722,37630,37453,11129,30386,41651,41018,16625,54386,12,63362,1,3896,0,0,1,0,2334,data_8threads_300connections_60s_False
write,1,poll,0,1,0,0,0,0,0,0,60948,65424,35223,64127,32063,65325,29500,45255,62612,54386,3,51973,1,3896,1,1,1,0,1373,data_8threads_300connections_60s_False
write,1,poll,0,1,1,1,1,0,0,0,60948,65424,35223,64127,12628,65325,29500,45255,62612,54386,3,51973,1,3896,1,1,1,0,1301,data_8threads_300connections_60s_False
write,1,poll,0,1,1,0,0,0,0,0,60948,65424,35223,64127,32063,65325,29500,45255,62612,54386,3,51973,0,3896,1,1,1,0,688,data_8threads_300connections_60s_False
write,1,poll,1,1,1,0,1,0,0,0,60948,65424,35223,64127,32063,7185,29500,45255,62612,54386,3,51973,1,3896,1,0,1,1,45,data_8threads_300connections_60s_False
sendfile,1,libev,0,0,1,1,1,0,0,0,60948,65424,35223,64127,32063,65325,29500,45255,62612,54386,12,63362,1,3896,0,0,1,0,1301,data_8threads_300connections_60s_False
write,1,poll,0,1,1,0,1,0,0,0,6744,65424,35223,64127,12628,65325,16051,45255,62612,51516,12,43278,0,42531,1,0,0,0,1644,data_8threads_300connections_60s_False
write,1,poll,0,1,1,0,1,0,0,0,6744,65424,35223,64127,12628,65325,29500,45255,62612,54386,3,51973,1,3896,1,1,1,0,1301,data_8threads_300connections_60s_False
sendfile,1,poll,0,1,1,1,1,0,0,0,60948,65424,35223,5968,32063,65325,29500,45255,62612,32153,3,51973,1,3896,1,1,1,0,1301,data_8threads_300connections_60s_False
write,1,poll,0,1,1,0,1,0,0,0,60948,65424,35223,64127,32063,65325,29500,45255,62612,54386,3,51973,1,3896,1,1,1,0,1301,data_8threads_300connections_60s_False
write,1,poll,1,1,1,0,1,0,0,0,60948,65424,35223,64127,32063,28433,29500,45255,62612,54386,3,51973,1,3896,1,0,0,1,376,data_8threads_300connections_60s_False
write,1,poll,0,1,0,0,0,0,1,0,60948,65424,35223,64127,27902,65325,29500,45255,62612,54386,3,51973,1,53942,1,1,1,0,1597,data_8threads_300connections_60s_False
sendfile,0,libev,1,1,1,1,1,0,0,1,32488,41722,40239,37453,11129,30386,41651,41018,16625,34538,4,29395,1,49477,0,0,1,1,869,data_4threads_300connections_30s_True
writev,1,libev,0,1,1,1,1,0,0,1,32488,41722,40239,37453,11129,30386,41651,41018,16625,34538,4,29395,1,49477,0,0,1,1,869,data_4threads_300connections_30s_True
write,1,poll,0,1,0,0,0,0,0,0,60948,65424,35223,64127,32063,65325,29500,45255,62612,54386,3,51973,1,3896,1,1,1,0,1373,data_4threads_300connections_30s_True
sendfile,1,libev,0,0,1,1,1,0,0,0,60948,65424,35223,64127,32063,65325,29500,45255,62612,54386,12,63362,1,3896,0,0,1,0,1301,data_4threads_300connections_30s_True
write,1,poll,1,1,1,0,1,0,0,0,60948,65424,35223,64127,32063,7185,29500,45255,62612,54386,3,51973,1,3896,1,0,1,1,45,data_4threads_300connections_30s_True
write,1,poll,0,1,1,0,1,0,0,0,6744,65424,35223,64127,12628,65325,29500,45255,62612,54386,3,51973,1,3896,1,1,1,0,1301,data_4threads_300connections_30s_True
write,1,poll,0,1,1,0,0,0,0,0,60948,65424,35223,64127,32063,65325,29500,45255,62612,54386,3,51973,0,3896,1,1,1,0,688,data_4threads_300connections_30s_True
write,1,poll,0,1,1,1,1,0,0,0,60948,65424,35223,64127,12628,65325,29500,45255,62612,54386,3,51973,1,3896,1,1,1,0,1301,data_4threads_300connections_30s_True
write,1,poll,0,1,1,0,1,0,0,0,6744,65424,35223,64127,12628,65325,16051,45255,62612,51516,12,43278,0,42531,1,0,0,0,1644,data_4threads_300connections_30s_True
sendfile,1,poll,0,1,1,1,1,0,0,0,60948,65424,35223,5968,32063,65325,29500,45255,62612,32153,3,51973,1,3896,1,1,1,0,1301,data_4threads_300connections_30s_True
write,1,poll,1,1,1,0,1,0,0,0,60948,65424,35223,64127,32063,28433,29500,45255,62612,54386,3,51973,1,3896,1,0,0,1,376,data_4threads_300connections_30s_True
write,1,poll,0,1,1,0,1,0,0,0,60948,65424,35223,64127,32063,65325,29500,45255,62612,54386,3,51973,1,3896,1,1,1,0,1301,data_4threads_300connections_30s_True
write,1,poll,0,1,0,0,0,0,0,0,60948,65424,35223,64127,32063,65325,29500,45255,62612,54386,3,51973,1,3896,1,0,0,1,376,data_4threads_300connections_30s_True
write,1,poll,1,1,1,0,1,1,0,0,60948,65424,35223,64127,32063,28433,29500,54385,62612,54386,3,51973,1,3896,1,1,1,0,1373,data_4threads_300connections_30s_True
write,1,poll,1,1,1,0,1,0,0,0,26374,65424,35223,58747,32063,28433,27921,45255,62612,54386,3,51973,0,3896,1,0,1,1,869,data_4threads_300connections_30s_True
write,1,poll,1,1,1,1,1,0,0,0,60948,65424,35223,64127,12628,65325,29500,45255,62612,54386,3,51973,1,3896,1,1,1,0,1301,data_4threads_300connections_30s_True
write,1,poll,0,0,0,0,0,0,0,0,60948,65424,35223,64127,32063,7185,29500,45255,62612,54386,8,51973,1,3896,1,0,1,1,45,data_4threads_300connections_30s_True
write,1,poll,1,1,0,0,1,0,0,0,60948,65424,35223,64127,30035,7185,29500,45255,62612,54386,3,51973,1,3896,1,1,1,0,1301,data_4threads_300connections_30s_True
write,1,poll,1,1,1,0,1,0,0,0,60948,65424,35223,64127,32063,65325,29500,45255,62612,54386,3,51973,1,3896,1,0,1,1,45,data_4threads_300connections_30s_True
write,1,poll,0,1,1,0,0,0,0,0,60948,65424,35223,64127,32063,65325,29500,48750,62612,54386,3,51973,0,3896,1,0,1,0,688,data_4threads_300connections_30s_True
sendfile,1,poll,0,1,1,1,1,0,1,2,60779,12061,42636,6343,32063,65325,56255,19287,62612,32153,3,51973,1,53223,1,0,1,0,1301,data_4threads_100connections_120s_False
sendfile,1,linux-sysepoll,0,1,1,1,1,0,0,0,60948,65424,35223,5968,32063,65325,56255,19287,62612,32153,3,51973,1,53223,1,0,1,0,1301,data_4threads_100connections_120s_False
write,1,poll,0,1,1,1,1,0,1,2,60779,12061,42636,6343,32063,65325,56255,64953,62612,32153,3,51973,1,53223,1,0,1,0,1301,data_4threads_100connections_120s_False
sendfile,0,libev,0,0,1,1,1,0,0,0,60948,65424,35223,5968,32063,65325,29500,62678,62612,32153,3,51973,1,3896,1,1,1,1,1301,data_4threads_100connections_120s_False
sendfile,0,poll,0,1,1,1,1,0,1,2,23117,12061,42636,6343,32063,24986,33254,62678,62612,32153,3,51973,1,3896,1,1,1,0,1301,data_4threads_100connections_120s_False
write,1,poll,0,1,0,0,0,0,0,0,60948,65424,35223,64127,32063,65325,29500,45255,62612,54386,3,51973,1,3896,1,1,1,0,1373,data_4threads_100connections_120s_False
sendfile,1,libev,0,0,1,1,1,0,0,0,60948,65424,35223,64127,32063,65325,29500,45255,62612,54386,12,63362,1,3896,0,0,1,0,1301,data_4threads_100connections_120s_False
write,1,poll,0,1,1,0,0,0,0,0,60948,65424,35223,64127,32063,65325,29500,45255,62612,54386,3,51973,0,3896,1,1,1,0,688,data_4threads_100connections_120s_False
write,1,poll,0,1,1,1,1,0,0,0,60948,65424,35223,64127,12628,65325,29500,45255,62612,54386,3,51973,1,3896,1,1,1,0,1301,data_4threads_100connections_120s_False
write,1,poll,1,1,1,0,1,0,0,0,60948,65424,35223,64127,32063,7185,29500,45255,62612,54386,3,51973,1,3896,1,0,1,1,45,data_4threads_100connections_120s_False
write,1,poll,0,1,1,0,1,0,0,0,6744,65424,35223,64127,12628,65325,29500,45255,62612,54386,3,51973,1,3896,1,1,1,0,1301,data_4threads_100connections_120s_False
write,1,poll,0,1,1,0,1,0,0,0,6744,65424,35223,64127,12628,65325,16051,45255,62612,51516,12,43278,0,42531,1,0,0,0,1644,data_4threads_100connections_120s_False
sendfile,1,poll,0,1,1,1,1,0,0,0,60948,65424,35223,5968,32063,65325,29500,45255,62612,32153,3,51973,1,3896,1,1,1,0,1301,data_4threads_100connections_120s_False
write,1,poll,1,1,1,0,1,0,0,0,60948,65424,35223,64127,32063,28433,29500,45255,62612,54386,3,51973,1,3896,1,0,0,1,376,data_4threads_100connections_120s_False
write,1,poll,0,1,0,1,1,0,0,2,60948,65424,35223,64127,12628,13020,29500,45255,62612,22579,3,51973,1,3896,1,1,1,0,1301,data_4threads_100connections_120s_False
write,0,poll,0,1,1,0,1,0,0,0,60948,65424,35223,64127,32063,65325,29500,45255,62612,54386,3,51973,1,51623,1,0,1,0,688,data_4threads_100connections_120s_False
write,1,libev,1,1,0,0,1,0,0,0,60948,65424,35223,64127,32063,65325,29500,45255,62612,54386,12,54250,1,3896,1,0,1,0,1301,data_4threads_100connections_120s_False
write,1,poll,0,1,1,1,0,0,0,0,26078,54622,35223,5968,32063,65325,29500,45255,62612,32153,3,51973,1,3896,1,1,0,0,1301,data_4threads_100connections_120s_False
sendfile,1,poll,0,1,1,0,1,0,0,0,6744,65424,35223,64127,12628,65325,29500,45255,62612,54386,3,51973,1,3896,1,1,1,0,1301,data_4threads_100connections_120s_False
write,1,poll,0,1,0,1,1,0,1,0,41233,65424,35223,64127,12628,65325,29500,45255,62612,54386,3,1072,1,3896,1,0,1,0,1301,data_4threads_100connections_120s_False
sendfile,1,linux-sysepoll,0,1,1,1,1,1,1,1,52703,14057,40766,8623,4359,43586,3752,32475,63031,55973,7,52304,1,54336,0,0,0,0,2549,data_4threads_10connections_60s_True
sendfile,0,select,1,1,1,1,1,0,0,2,52778,63635,35815,14818,32554,45279,7330,54295,59153,64558,0,60770,1,2622,0,1,1,0,1013,data_4threads_10connections_60s_True
write,0,libev,1,1,1,0,0,0,2,1,13820,23876,9559,7358,5291,16970,41807,12854,13243,28055,9,51477,1,2910,0,1,0,0,568,data_4threads_10connections_60s_True
writev,1,poll,0,1,0,0,1,0,0,2,52703,14057,39454,8623,4311,63358,3752,32475,63031,7145,5,52304,1,54336,0,1,0,0,1972,data_4threads_10connections_60s_True
writev,0,linux-sysepoll,0,1,1,1,1,1,1,1,52703,14057,40766,8623,4359,43586,3752,32475,63031,55973,7,52304,1,54336,0,1,0,0,2549,data_4threads_10connections_60s_True
write,1,select,0,0,0,0,1,1,1,1,52871,3241,11543,15706,7853,255,7972,53322,23319,7063,3,29395,1,51259,1,0,0,0,2408,data_4threads_10connections_60s_True
write,1,select,0,0,0,1,1,1,1,1,52871,3241,11543,15706,7853,255,7972,53322,23319,7063,3,29395,1,51259,1,0,1,1,1050,data_4threads_10connections_60s_True
write,0,select,0,0,0,1,1,1,1,1,52871,3241,11543,15706,12269,255,7972,53322,23319,7063,0,60770,1,2622,0,1,1,0,1013,data_4threads_10connections_60s_True
writev,1,poll,0,1,0,0,1,0,1,2,52703,14057,39454,15706,7853,255,7972,53322,23319,7063,3,29395,0,51259,1,0,0,0,2408,data_4threads_10connections_60s_True
write,1,libev,0,0,1,1,1,0,0,2,52703,14057,40766,8623,4359,43586,3752,32475,63031,55973,7,52304,1,54336,0,1,0,0,2549,data_4threads_10connections_60s_True
sendfile,0,select,1,1,1,1,1,0,0,2,52778,62495,35815,14818,32554,53510,3752,32475,63031,52423,5,52304,1,54336,0,1,0,0,1972,data_4threads_10connections_60s_True
write,1,poll,0,0,1,0,1,0,0,2,52703,14057,39454,8623,4311,63358,3752,32475,63031,7145,5,52304,1,54336,1,1,0,0,1972,data_4threads_10connections_60s_True
write,1,select,0,0,0,0,1,0,1,1,52871,3241,11543,8623,4311,63358,3752,32475,63031,7145,5,52304,1,43649,0,1,0,0,1972,data_4threads_10connections_60s_True
write,0,poll,1,0,1,1,1,0,1,1,33979,22520,52250,12303,6151,64777,39744,33479,2687,3348,5,10195,1,62579,0,1,0,1,1446,data_4threads_10connections_60s_True
writev,0,linux-sysepoll,0,1,1,1,1,0,1,1,33979,22520,52250,12303,6151,64777,39744,33479,2687,3348,5,10195,1,62579,0,1,0,1,1446,data_4threads_10connections_60s_True
write,0,poll,1,0,1,1,0,1,1,1,33979,22520,52250,12303,6151,64777,42615,33479,2687,38716,5,52304,1,54336,0,1,0,0,2082,data_4threads_10connections_60s_True
writev,0,libev,0,0,1,1,1,0,0,2,33979,22520,52250,12303,6151,64777,39744,33479,2687,3348,2,10195,1,62579,0,1,1,1,1446,data_4threads_10connections_60s_True
write,0,poll,1,0,1,1,0,0,1,1,33979,22520,52250,12303,6151,64777,42615,33479,2687,38716,5,52304,1,10664,1,1,0,1,971,data_4threads_10connections_60s_True
sendfile,0,select,1,0,1,1,1,0,0,2,33979,22520,52250,12303,6151,64777,39744,33479,2687,3348,2,10195,1,62579,1,0,1,1,1446,data_4threads_10connections_60s_True
write,0,libev,1,0,1,1,0,0,1,1,13902,22520,52250,12303,6151,64777,42615,33479,2687,38716,5,52304,1,10664,0,1,0,1,2549,data_4threads_10connections_60s_True
sendfile,0,libev,1,0,0,1,1,0,1,2,54398,12061,42636,24643,9626,60592,54353,58080,62337,5105,11,40473,1,49477,0,0,1,1,869,data_12threads_300connections_60s_True
writev,0,linux-sysepoll,0,1,1,1,1,1,1,1,52703,14057,40766,8623,4359,43586,3752,32475,63031,55973,7,52304,1,54336,0,1,0,0,2549,data_12threads_300connections_60s_True
writev,1,poll,0,1,0,0,1,0,0,2,52703,14057,39454,8623,4311,63358,3752,32475,63031,7145,5,52304,1,54336,0,1,0,0,1972,data_12threads_300connections_60s_True
writev,1,poll,0,1,0,0,1,0,0,2,52703,1242,39454,13654,4311,63358,3752,32475,50927,7145,5,52304,1,54336,0,1,0,0,1972,data_12threads_300connections_60s_True
writev,1,poll,0,1,0,0,1,0,2,2,24313,1242,39454,13654,4311,63358,3752,53322,63812,7063,3,29395,1,27612,1,1,0,0,2408,data_12threads_300connections_60s_True
writev,1,poll,0,1,1,0,1,0,0,0,52703,64,39454,13654,4311,63358,41215,32475,50927,7145,5,52304,1,54336,1,1,0,0,1972,data_12threads_300connections_60s_True
writev,0,linux-sysepoll,0,1,1,1,1,1,1,1,52703,14057,40766,8623,4359,43586,3752,30106,23319,50132,3,29395,1,51259,1,0,0,0,2408,data_12threads_300connections_60s_True
sendfile,0,poll,0,1,1,1,1,0,1,2,60779,12061,11543,15706,7853,255,7972,53322,23319,7063,3,29395,1,51259,1,1,0,0,2408,data_12threads_300connections_60s_True
sendfile,1,poll,0,1,1,1,1,0,1,2,60779,12061,42636,6343,32063,65325,56255,19287,62612,32153,3,51973,1,53223,1,0,1,0,1301,data_12threads_300connections_60s_True
sendfile,1,select,0,1,1,1,1,0,1,2,60779,12061,42636,6343,32063,65325,56255,54466,62612,32153,3,60101,1,53223,1,0,1,0,1301,data_12threads_300connections_60s_True
write,1,select,0,0,1,0,1,1,1,1,52871,3241,11543,15706,7853,65325,56255,19287,62612,32153,16,51609,1,53223,1,0,0,0,1301,data_12threads_300connections_60s_True
write,1,libev,0,0,1,0,1,1,1,0,52871,3241,11543,13654,4311,63358,3752,32475,53825,7145,5,52304,1,54336,0,1,0,0,1972,data_12threads_300connections_60s_True
sendfile,0,poll,0,1,1,1,1,0,0,2,52703,1242,39454,13654,4311,63358,53251,32475,50927,7145,5,52304,1,58874,1,1,0,0,1972,data_12threads_300connections_60s_True
writev,0,libev,0,1,1,1,1,1,1,1,52703,14057,40766,8623,13003,43586,3752,30106,976,32153,16,51973,1,53223,1,0,1,0,1255,data_12threads_300connections_60s_True
writev,1,select,0,0,0,1,1,1,2,1,52871,3241,11543,8623,4359,43586,3752,32475,63031,55973,7,52304,1,54336,0,1,0,0,2549,data_12threads_300connections_60s_True
writev,1,select,0,0,0,1,1,1,1,1,52871,3241,11543,15706,7853,50083,3752,32475,63031,53672,7,52304,1,54336,0,1,0,0,2549,data_12threads_300connections_60s_True
write,1,select,0,0,0,1,1,1,1,1,52871,3241,11543,15706,7853,255,7972,53322,23319,7063,3,29395,1,51259,1,0,1,1,1050,data_12threads_300connections_60s_True
write,1,select,0,0,0,0,1,1,1,1,52871,3241,11543,15706,7853,255,7972,53322,23319,7063,3,29395,1,51259,1,0,0,0,2408,data_12threads_300connections_60s_True
writev,1,poll,0,1,0,0,1,0,1,2,52703,14057,39454,15706,7853,255,7972,53322,23319,7063,3,29395,0,51259,1,0,0,0,2408,data_12threads_300connections_60s_True
write,0,select,0,0,0,1,1,1,1,1,52871,3241,11543,15706,12269,255,7972,53322,23319,7063,0,60770,1,2622,0,1,1,0,1013,data_12threads_300connections_60s_True
write,1,poll,0,1,1,1,1,0,1,0,19655,11160,56773,1502,751,46593,57736,17345,63715,65470,1,44568,1,17020,0,1,1,0,2106,data_4threads_10connections_120s_False
write,0,linux-sysepoll,0,1,1,0,1,0,1,0,19655,11160,56773,1502,751,46593,57736,17345,63715,65470,9,44568,0,17020,0,1,1,1,1882,data_4threads_10connections_120s_False
write,1,poll,0,0,1,1,1,0,1,0,19655,11160,46939,1502,751,46593,57736,17345,63715,65470,1,44568,1,17020,0,1,1,0,2517,data_4threads_10connections_120s_False
write,1,poll,0,1,1,1,1,0,1,0,19655,11160,56773,1502,751,46593,57736,17345,63715,65470,5,21498,1,4554,0,1,1,1,409,data_4threads_10connections_120s_False
writev,0,linux-sysepoll,1,1,1,1,1,0,1,0,19655,11160,56773,1502,751,46593,57736,17345,63715,65470,1,44568,1,17020,0,1,1,1,2106,data_4threads_10connections_120s_False
write,1,poll,0,0,1,1,1,0,2,0,19655,11160,56773,1502,751,46593,20231,47047,39024,18205,16,21498,1,4554,0,0,1,0,1806,data_4threads_10connections_120s_False
write,0,linux-sysepoll,0,1,1,0,1,0,1,0,19655,11160,56773,1502,751,35875,57736,17345,63715,65470,9,44568,0,17020,0,1,1,0,2517,data_4threads_10connections_120s_False
write,0,poll,0,0,1,1,1,0,2,1,19655,17221,46939,1502,751,46593,57736,17345,63715,65470,1,44568,1,17020,0,1,1,1,1882,data_4threads_10connections_120s_False
writev,1,libev,0,1,1,1,1,0,1,0,19655,11160,56773,1502,751,46593,57736,17345,63715,65470,1,44568,1,17020,0,1,1,0,2106,data_4threads_10connections_120s_False
write,1,linux-sysepoll,0,0,1,0,1,0,1,0,19655,11160,24461,32839,751,46593,57736,17345,63715,65470,5,61549,1,4554,0,1,1,1,68,data_4threads_10connections_120s_False
write,1,poll,0,1,1,1,1,0,1,1,19655,11160,56773,1502,751,46593,57736,17345,63715,65470,9,37360,0,17020,0,1,1,1,1882,data_4threads_10connections_120s_False
write,1,poll,0,1,1,1,1,0,1,0,19655,11160,56773,1502,751,46593,57736,18342,63715,65470,5,35486,1,4554,0,0,1,1,1806,data_4threads_10connections_120s_False
write,1,poll,0,1,0,1,1,0,0,1,36530,55596,37606,28803,16796,47462,22956,37096,5496,29548,9,21180,1,17020,1,1,0,1,1882,data_4threads_10connections_120s_False
writev,1,libev,0,1,0,1,1,0,0,1,13325,55596,65240,28803,16796,47462,22956,9949,59731,8852,15,17865,1,14429,0,1,0,1,92,data_4threads_10connections_120s_False
writev,1,libev,0,1,0,1,1,0,0,1,36530,55596,65240,28803,16796,47462,22956,37096,5496,29548,9,21180,1,17020,0,1,0,1,1882,data_4threads_10connections_120s_False
writev,1,libev,0,1,0,1,1,0,0,1,13325,55596,18943,28803,16796,47462,22956,9949,51722,8852,15,6282,1,14429,0,1,0,1,92,data_4threads_10connections_120s_False
write,0,linux-sysepoll,0,1,1,0,1,1,1,2,19655,11160,56773,1502,751,46593,57736,17345,63715,65470,9,35606,0,17020,0,0,1,0,1882,data_4threads_10connections_120s_False
write,0,linux-sysepoll,0,0,1,1,1,0,1,2,15870,58834,29339,60100,4112,4536,31079,37096,5496,29548,9,21180,1,24801,0,0,1,0,2106,data_4threads_10connections_120s_False
write,1,linux-sysepoll,0,0,0,1,1,0,1,2,15870,58834,29339,7250,4112,4536,31079,37096,5496,29548,9,21180,1,24801,0,0,1,0,1806,data_4threads_10connections_120s_False
write,1,linux-sysepoll,0,0,0,1,1,0,1,2,15870,58834,29339,7250,4112,62600,43417,47047,3284,12731,16,21498,1,4554,0,0,1,0,1806,data_4threads_10connections_120s_False
writev,1,select,1,1,1,0,1,1,0,1,40435,62897,49205,11269,29493,23610,32886,21917,49875,53544,10,4963,1,9692,0,0,1,1,97,data_8threads_10connections_60s_False
writev,1,select,1,1,1,0,1,1,0,1,40435,62897,49205,19134,29493,23610,32886,21917,49875,53544,10,4963,1,43697,0,0,1,1,901,data_8threads_10connections_60s_False
writev,1,poll,0,0,0,0,1,0,1,2,49479,19008,5349,61746,18689,398,26391,28670,25552,5995,7,55153,1,3974,1,0,1,0,1511,data_8threads_10connections_60s_False
writev,0,poll,1,0,0,0,1,0,1,2,49479,19008,5349,58445,18689,398,26391,44597,25552,5995,7,55153,1,3974,1,0,0,0,1511,data_8threads_10connections_60s_False
writev,1,poll,1,0,0,0,1,0,1,2,49479,19008,5349,58445,18689,398,26391,28670,25552,5995,7,55153,1,3974,1,0,1,0,1511,data_8threads_10connections_60s_False
writev,1,select,1,1,1,0,1,0,1,2,49479,19008,5349,58445,18689,398,26391,28670,25552,5995,7,56736,1,3974,1,0,0,1,1511,data_8threads_10connections_60s_False
sendfile,1,select,1,1,0,0,1,0,0,2,12394,13169,24410,40056,31629,23834,36470,3647,27084,29252,10,2577,1,9692,0,0,1,1,284,data_8threads_10connections_60s_False
write,1,linux-sysepoll,1,1,1,0,0,1,0,1,53846,29933,8673,34040,28665,3919,45326,63710,22904,9350,8,55253,1,36014,1,0,1,1,97,data_8threads_10connections_60s_False
write,1,linux-sysepoll,1,1,1,0,0,1,0,1,53846,29933,8673,34040,28665,3919,45326,63710,22904,9350,8,55253,1,46372,1,0,1,1,97,data_8threads_10connections_60s_False
write,1,linux-sysepoll,1,1,1,0,1,1,0,1,53846,29933,8673,45760,28665,3919,45326,63710,22904,9350,8,22769,1,36014,1,0,1,1,97,data_8threads_10connections_60s_False
writev,0,select,0,1,0,1,1,0,2,0,12394,34185,24410,56359,28179,23834,44453,21917,27084,29252,10,2577,1,9692,0,0,1,1,901,data_8threads_10connections_60s_False
sendfile,0,select,0,1,0,1,1,0,2,0,12394,13169,24410,56359,31629,23834,44453,21917,27084,29252,10,2577,1,9692,0,0,1,1,284,data_8threads_10connections_60s_False
writev,1,select,0,1,1,1,1,0,2,2,12394,34185,24410,56359,28179,23834,44453,21917,27084,47008,10,2577,1,9692,0,0,1,1,284,data_8threads_10connections_60s_False
sendfile,0,select,0,1,0,1,1,0,2,0,12394,13169,24410,56359,31629,23834,44453,14008,27084,29252,10,2577,1,60535,0,1,0,1,379,data_8threads_10connections_60s_False
writev,1,select,0,1,0,1,1,0,2,0,12394,34185,24410,56359,28179,23834,44453,21917,27084,29252,10,2577,1,9692,0,0,1,1,901,data_8threads_10connections_60s_False
writev,0,libev,0,1,0,1,1,0,2,0,12394,34185,24410,56359,28179,23834,44453,21917,27084,29252,10,43804,1,9692,0,0,1,1,901,data_8threads_10connections_60s_False
writev,0,select,0,1,1,1,1,0,2,0,12394,34149,24410,56359,28179,5946,44453,21917,27084,29252,10,2577,1,9692,0,0,0,1,97,data_8threads_10connections_60s_False
sendfile,0,poll,0,0,1,0,1,1,2,0,20122,18835,61913,39393,18611,5085,51647,11702,49875,26529,10,25334,1,55459,1,0,0,0,1154,data_8threads_10connections_60s_False
sendfile,0,poll,0,1,1,0,1,0,2,0,20122,18835,22158,39393,18611,24056,51647,11702,49875,26529,10,550,0,60535,0,1,0,1,379,data_8threads_10connections_60s_False
sendfile,0,poll,0,0,1,0,1,0,2,0,20122,18835,22158,39393,18611,24056,51647,11702,49875,15304,10,550,0,60535,0,1,1,1,87,data_8threads_10connections_60s_False
writev,1,linux-sysepoll,1,1,0,1,1,1,1,1,35183,37926,37464,65082,15864,37389,28470,15420,18713,12393,15,56226,1,19903,0,0,1,0,2093,data_4threads_100connections_30s_True
writev,0,libev,1,0,1,0,1,1,1,1,35183,37926,37464,31216,15864,37389,28470,15420,18713,36442,15,19771,1,19903,0,0,1,0,2093,data_4threads_100connections_30s_True
sendfile,0,select,0,1,0,0,1,0,0,2,17023,64674,36450,5271,29360,8865,19440,9260,63077,58341,5,41645,1,60178,0,1,0,1,1031,data_4threads_100connections_30s_True
writev,1,select,1,1,0,1,1,0,1,1,27195,57472,53979,33416,28840,53658,19440,9260,63077,7335,12,41645,1,60178,0,1,0,0,1031,data_4threads_100connections_30s_True
sendfile,1,linux-sysepoll,1,1,0,1,1,1,1,1,35183,37926,37464,31216,15864,37389,28470,15420,18713,12393,15,19771,1,19903,0,0,1,0,2093,data_4threads_100connections_30s_True
writev,0,libev,1,0,1,0,1,1,2,1,35183,37926,37464,58640,24673,53658,19440,9260,63077,58341,15,41645,1,60178,0,1,0,0,1031,data_4threads_100connections_30s_True
writev,0,libev,1,0,1,1,1,1,1,1,35183,37926,37464,31216,15864,17244,28470,15420,18713,36442,15,32098,1,19903,0,0,1,0,2093,data_4threads_100connections_30s_True
sendfile,1,poll,1,0,1,0,1,1,1,2,16912,17259,36450,5271,29360,4942,19440,9260,63077,51528,11,41645,1,60178,0,1,0,1,1887,data_4threads_100connections_30s_True
writev,1,select,0,1,0,1,1,0,1,2,35183,37926,37464,16271,15864,37389,54256,15420,61557,12393,15,19771,1,36915,1,1,1,1,1887,data_4threads_100connections_30s_True
writev,0,select,1,0,0,1,0,0,2,2,19635,21784,32564,23100,20093,42089,411,44920,32147,63691,12,22182,1,36915,1,1,1,0,1887,data_4threads_100connections_30s_True
writev,1,select,1,1,0,1,1,0,1,1,35183,37926,37464,16271,15864,37389,54256,15420,18713,12393,15,19771,1,65103,0,0,1,0,2093,data_4threads_100connections_30s_True
write,1,libev,1,1,1,0,1,1,2,0,27195,57472,53979,58640,28840,53658,19440,9260,63077,58341,15,41645,1,60178,0,1,0,0,1031,data_4threads_100connections_30s_True
sendfile,0,select,0,1,1,0,1,1,1,0,53139,21784,32564,23100,20093,42089,411,42598,32147,63691,12,22182,1,36915,1,1,1,1,1887,data_4threads_100connections_30s_True
sendfile,0,poll,1,0,1,0,1,0,1,2,17023,53127,36450,5271,29360,8865,19440,9260,63077,51528,5,41645,1,60178,0,1,0,1,1031,data_4threads_100connections_30s_True
sendfile,0,poll,1,0,1,0,1,0,1,2,17023,53127,36450,5271,29360,39399,19440,9260,46977,51528,5,41645,1,60178,1,1,0,1,1031,data_4threads_100connections_30s_True
sendfile,0,poll,1,0,1,0,1,0,1,2,17023,64674,36450,5271,29360,8865,19440,9260,63077,58341,5,41645,1,60178,0,1,0,1,1031,data_4threads_100connections_30s_True
sendfile,0,poll,1,0,1,0,1,0,1,2,17023,53127,36450,5271,29360,39399,19440,9260,46977,51528,15,1105,0,2577,0,1,0,1,1423,data_4threads_100connections_30s_True
writev,1,libev,1,1,1,0,1,1,0,0,27195,57472,53979,31216,15864,37389,28470,15420,18713,36442,15,19771,1,19903,1,0,1,0,2093,data_4threads_100connections_30s_True
writev,0,select,1,0,0,1,1,0,1,1,35183,37926,37464,16271,15864,37389,54256,15420,18713,12393,15,19771,1,65103,0,0,1,0,2093,data_4threads_100connections_30s_True
writev,0,select,1,0,0,1,1,0,1,1,35183,37926,37464,6066,15864,37389,48072,15420,18713,12393,15,19771,1,65103,0,0,1,0,2093,data_4threads_100connections_30s_True
writev,1,select,1,1,1,1,1,1,2,1,40435,62897,49205,19134,20862,23610,32886,21917,49875,53544,10,4963,1,43697,1,0,1,1,901,data_8threads_10connections_120s_False
writev,1,select,1,0,0,1,1,1,2,1,40435,62897,49205,19134,20862,23610,23850,21917,49875,53544,10,4963,1,43697,1,0,1,1,901,data_8threads_10connections_120s_False
write,1,select,1,1,0,0,1,1,2,1,40435,44782,25966,32166,20862,23610,32886,13740,49875,53544,10,4963,1,43697,0,0,1,1,901,data_8threads_10connections_120s_False
sendfile,0,libev,1,0,0,1,1,0,1,2,54398,12061,42636,24643,9626,60592,54353,58080,62337,5105,11,40473,1,49477,0,0,1,1,869,data_8threads_10connections_120s_False
sendfile,1,select,1,1,0,0,1,0,0,2,12394,13169,24410,40056,31629,23834,36470,3647,27084,29252,10,2577,1,9692,0,0,1,1,284,data_8threads_10connections_120s_False
sendfile,1,poll,1,1,0,0,1,0,0,2,12394,13169,24410,40056,31629,23834,36470,62524,34993,29252,10,2577,1,9692,0,0,1,1,284,data_8threads_10connections_120s_False
writev,0,libev,1,0,1,1,1,1,1,1,35183,37926,37464,31216,15864,17244,28470,15420,18713,36442,15,32098,1,19903,0,0,1,0,2093,data_8threads_10connections_120s_False
sendfile,1,linux-sysepoll,1,1,0,1,1,1,2,1,35183,37926,37464,31216,15864,37389,28470,15420,41224,12393,15,19771,1,19903,1,1,0,0,1511,data_8threads_10connections_120s_False
sendfile,1,linux-sysepoll,1,1,0,1,1,1,1,1,41533,37926,37464,31216,15864,37389,411,44920,32147,63691,12,22182,1,36915,1,1,0,0,1887,data_8threads_10connections_120s_False
sendfile,1,linux-sysepoll,1,1,0,1,1,1,2,1,35183,37926,37464,31216,15864,31454,28470,15420,41224,20607,15,19771,1,19903,1,1,0,0,1511,data_8threads_10connections_120s_False
sendfile,0,libev,0,0,1,1,1,0,1,2,41801,12061,42636,24643,9626,60592,54353,58080,62337,5105,11,40473,1,49477,0,0,1,0,2093,data_8threads_10connections_120s_False
writev,0,select,1,1,1,1,1,0,2,0,19635,21784,32564,23100,7524,30703,12782,21917,49875,53544,10,4963,1,43697,1,0,1,1,901,data_8threads_10connections_120s_False
writev,0,libev,1,0,1,1,1,1,1,1,35183,37926,36450,5271,29360,8865,19440,9260,63077,58341,5,41645,1,60178,0,1,0,1,1031,data_8threads_10connections_120s_False
writev,1,select,1,1,0,1,1,0,2,2,19635,21784,32564,23100,20862,30703,32886,21917,49875,53544,10,4963,1,43697,1,0,1,1,901,data_8threads_10connections_120s_False
sendfile,1,select,1,1,0,0,1,1,2,1,40435,62897,49205,19134,20862,23610,32886,21917,49875,53544,10,4963,1,43697,1,0,1,1,901,data_8threads_10connections_120s_False
sendfile,0,libev,1,0,0,1,1,1,2,1,30260,37926,51409,31216,15864,37389,28470,15420,18713,12393,15,19771,1,19903,0,0,0,0,1933,data_8threads_10connections_120s_False
sendfile,0,select,0,1,0,0,1,0,0,2,17023,64674,36450,5271,29360,8865,19440,9260,63077,58341,5,41645,1,60178,0,1,0,1,1031,data_8threads_10connections_120s_False
writev,0,poll,1,0,0,0,1,0,1,2,49479,19008,5349,58445,18689,398,26391,44597,25552,5995,7,55153,1,3974,1,0,0,0,1511,data_8threads_10connections_120s_False
writev,0,poll,1,1,0,0,1,0,0,2,12394,13169,24410,40056,31629,23834,36470,62524,34993,29252,10,2577,1,9692,0,0,1,1,284,data_8threads_10connections_120s_False
write,1,poll,0,1,0,0,0,0,0,0,60948,65424,35223,64127,32063,65325,29500,45255,62612,54386,3,51973,1,3896,1,1,1,0,1373,data_8threads_10connections_120s_False
sendfile,0,libev,0,0,1,0,1,0,1,2,25526,15596,39645,30984,15492,33126,4631,49238,47901,7254,6,55710,1,36457,1,1,0,0,1816,data_8threads_300connections_10s_False
sendfile,0,libev,1,0,1,0,1,1,1,2,25526,15596,39645,49875,15492,33126,4631,49238,47901,7254,6,47922,0,17034,0,1,0,1,977,data_8threads_300connections_10s_False
sendfile,0,libev,0,0,1,0,1,0,1,2,25526,3863,46751,12092,6046,47212,2867,57833,29196,13164,4,48652,1,62,1,0,0,1,2476,data_8threads_300connections_10s_False
sendfile,0,libev,0,0,1,0,1,0,1,2,25526,15596,39645,30984,15492,56645,45076,63051,22329,38968,11,64877,1,41302,0,1,0,1,2250,data_8threads_300connections_10s_False
sendfile,0,libev,0,0,1,0,1,0,1,2,25526,15596,39645,30984,15492,32355,4631,49238,47901,7254,9,50377,1,2708,0,0,0,1,2476,data_8threads_300connections_10s_False
sendfile,0,libev,0,0,1,0,1,0,1,2,25526,15596,39645,30984,15492,33126,4631,49238,47901,7254,6,55710,0,36457,1,1,0,0,977,data_8threads_300connections_10s_False
sendfile,0,libev,0,1,1,0,1,0,1,2,25526,15596,39645,30984,15492,32355,4631,49238,47901,7254,9,50377,1,2708,0,0,0,1,2476,data_8threads_300connections_10s_False
sendfile,0,libev,0,0,1,0,1,0,1,2,25526,15596,39645,30984,15492,33126,4631,49238,47901,7254,6,55710,1,36457,1,0,0,0,1816,data_8threads_300connections_10s_False
sendfile,0,libev,0,0,1,0,1,0,1,2,25526,15596,38310,49875,15492,63001,4631,49238,47901,7254,6,47922,0,17034,0,1,0,0,977,data_8threads_300connections_10s_False
sendfile,0,libev,1,0,1,0,1,0,1,2,34338,15596,39645,30984,15492,56645,45076,51631,29196,13164,4,48652,1,62,1,0,0,1,2476,data_8threads_300connections_10s_False
sendfile,0,libev,0,0,1,0,1,1,1,2,25526,15596,39645,30984,15492,32355,4631,49238,47901,7254,9,50377,1,2708,0,1,1,1,2476,data_8threads_300connections_10s_False
sendfile,0,libev,0,0,1,1,1,0,1,2,25526,15596,39645,30984,15492,33126,6249,33806,47901,7254,6,55710,0,36457,1,0,1,0,977,data_8threads_300connections_10s_False
sendfile,0,libev,0,0,1,0,0,0,1,2,25526,15596,39645,30984,15492,33126,27351,49238,26625,7254,6,55710,1,36457,1,0,0,1,2476,data_8threads_300connections_10s_False
writev,0,libev,1,0,1,0,0,0,1,2,34338,15596,39645,30984,15492,56645,45076,51631,29196,13164,4,48652,1,62,1,1,0,0,1816,data_8threads_300connections_10s_False
sendfile,0,libev,1,0,1,0,1,0,1,2,25526,15596,39645,30984,15492,32355,4631,49238,47901,7254,9,50377,1,2708,0,0,0,1,2476,data_8threads_300connections_10s_False
sendfile,0,libev,0,1,1,0,1,0,1,2,25526,15596,39645,30984,15492,32355,2443,49238,47901,7254,9,50377,0,36457,1,0,0,0,977,data_8threads_300connections_10s_False
sendfile,0,libev,0,0,1,1,1,0,1,2,25526,8632,39645,30984,15492,33126,4631,49238,47901,7254,6,55710,1,2708,1,0,0,1,2476,data_8threads_300connections_10s_False
sendfile,0,libev,1,0,1,0,1,0,1,2,25526,27586,39645,30984,15492,56645,45076,63051,63812,38968,11,49090,1,41302,0,1,0,1,2250,data_8threads_300connections_10s_False
write,0,libev,0,0,1,0,1,0,0,2,25526,15596,39645,14545,15492,33126,4631,49238,58492,7254,6,47922,0,17034,0,1,0,1,977,data_8threads_300connections_10s_False
sendfile,0,libev,1,0,0,0,1,1,1,2,25526,15596,39645,49875,15492,33126,4631,49238,47901,7254,6,55710,0,36457,1,1,0,0,977,data_8threads_300connections_10s_False
writev,0,libev,0,0,1,0,1,0,1,2,25526,15596,39645,30984,15492,56645,45076,63051,22329,38968,11,64877,1,41302,0,1,0,1,2250,data_8threads_10connections_60s_True
write,1,select,1,1,0,0,1,1,2,1,40435,44782,25966,32166,20862,23610,32886,13740,49875,53544,10,4963,1,43697,0,0,1,1,901,data_8threads_10connections_60s_True
writev,1,select,1,0,0,1,1,1,2,1,40435,62897,49205,19134,20862,23610,23850,21917,49875,53544,10,4963,1,43697,1,0,1,1,901,data_8threads_10connections_60s_True
writev,1,select,1,1,1,1,1,1,2,1,40435,62897,49205,19134,20862,23610,32886,21917,49875,53544,10,4963,1,43697,1,0,1,1,901,data_8threads_10connections_60s_True
writev,1,poll,1,1,0,1,1,0,2,1,40435,62897,49205,19134,20862,23610,23850,3509,49875,53544,10,4963,1,43697,1,0,0,1,1419,data_8threads_10connections_60s_True
writev,1,poll,1,1,0,1,1,0,2,1,40435,62897,49205,7860,20862,23610,23850,59917,49875,53544,10,4963,1,43697,1,0,0,1,2476,data_8threads_10connections_60s_True
writev,0,poll,1,1,0,1,1,0,2,0,40435,62897,22126,28712,20862,23610,23850,3509,49875,53544,10,15374,0,43697,1,0,0,1,1419,data_8threads_10connections_60s_True
sendfile,0,libev,1,0,0,1,1,0,1,2,54398,12061,42636,24643,9626,60592,54353,58080,62337,5105,11,40473,1,49477,0,0,1,1,869,data_8threads_10connections_60s_True
sendfile,0,libev,1,0,0,0,1,0,1,2,24325,3863,46751,12092,6046,47212,2867,57833,29196,13164,5,48652,1,62,0,0,1,1,2476,data_8threads_10connections_60s_True
sendfile,1,select,1,1,0,1,1,1,2,1,35183,37926,37464,31216,20752,31454,28470,15420,41224,20607,15,19771,1,19903,1,1,0,1,2476,data_8threads_10connections_60s_True
sendfile,0,libev,0,0,1,0,1,0,1,2,25526,15596,39645,30984,15492,33126,4631,49238,47901,7254,6,55710,0,36457,1,1,0,0,977,data_8threads_10connections_60s_True
sendfile,0,libev,0,1,1,0,1,0,1,2,25526,15596,39645,30984,15492,32355,4631,49238,47901,7254,9,50377,1,2708,0,0,0,1,2476,data_8threads_10connections_60s_True
sendfile,0,libev,0,0,1,0,1,0,1,2,25526,15596,39645,30984,15492,33126,4631,49238,47901,7254,6,55710,1,36457,1,0,0,0,1816,data_8threads_10connections_60s_True
sendfile,0,libev,1,0,1,0,1,0,1,2,34338,15596,39645,30984,15492,56645,45076,51631,29196,13164,4,48652,1,62,1,0,0,1,2476,data_8threads_10connections_60s_True
sendfile,0,libev,0,0,1,0,1,0,1,2,25526,15596,38310,49875,15492,63001,4631,49238,47901,7254,6,47922,0,17034,0,1,0,0,977,data_8threads_10connections_60s_True
sendfile,0,libev,1,0,1,0,1,1,1,2,25526,15596,39645,49875,15492,33126,4631,49238,47901,7254,6,47922,0,17034,0,1,0,1,977,data_8threads_10connections_60s_True
sendfile,0,libev,0,0,1,0,1,0,1,2,25526,15596,39645,30984,15492,33126,4631,49238,47901,7254,6,55710,1,36457,1,1,0,0,1816,data_8threads_10connections_60s_True
sendfile,0,libev,0,0,1,0,1,0,1,2,25526,15596,39645,30984,15492,32355,4631,49238,47901,7254,9,50377,1,2708,0,0,0,1,2476,data_8threads_10connections_60s_True
sendfile,0,libev,0,0,1,0,1,0,1,2,25526,15596,39645,30984,15492,56645,45076,63051,22329,38968,11,64877,1,41302,0,1,0,1,2250,data_8threads_10connections_60s_True
sendfile,0,libev,0,0,1,0,1,0,1,2,25526,3863,46751,12092,6046,47212,2867,57833,29196,13164,4,48652,1,62,1,0,0,1,2476,data_8threads_10connections_60s_True
writev,1,linux-sysepoll,1,1,1,1,1,0,1,2,37843,6241,38062,23779,23423,64918,51742,58767,28483,28397,8,37141,0,37786,1,0,0,0,1727,data_4threads_300connections_30s_False
writev,1,linux-sysepoll,1,1,1,1,1,0,1,2,37843,6241,38062,23779,23423,64918,51742,58767,28483,28397,8,37141,1,37786,1,0,0,0,1727,data_4threads_300connections_30s_False
writev,1,libev,1,0,0,1,1,0,1,0,38468,1312,36330,61804,30902,48732,53733,29243,9064,6697,11,18049,1,60252,0,0,0,0,1794,data_4threads_300connections_30s_False
write,1,select,1,0,1,1,1,1,2,2,42832,13838,36330,61804,30902,11047,53733,29243,58546,6697,6,1190,1,2382,1,0,0,0,1727,data_4threads_300connections_30s_False
writev,0,libev,0,1,0,0,1,0,2,1,38747,8701,53186,62363,31181,53616,49960,10046,51399,51415,12,26311,1,52830,0,1,0,0,130,data_4threads_300connections_30s_False
writev,1,libev,1,1,0,1,1,0,1,1,38747,8701,53186,62363,31181,53616,49960,57920,51399,51415,12,26311,1,52830,0,1,0,0,130,data_4threads_300connections_30s_False
writev,1,libev,1,1,0,1,1,0,1,2,38468,1312,23416,27122,13561,42073,26258,23968,60903,20272,3,57210,1,61986,0,0,0,1,212,data_4threads_300connections_30s_False
writev,1,libev,1,1,0,1,1,0,1,2,38468,1312,23416,27122,13561,42073,26258,60477,34278,20272,3,57210,1,61986,0,0,0,1,212,data_4threads_300connections_30s_False
writev,0,libev,1,1,0,1,1,0,1,2,38468,1312,23416,27122,13561,42073,14310,23968,60903,20272,3,57210,1,61986,1,0,0,0,212,data_4threads_300connections_30s_False
writev,1,libev,1,1,0,1,1,0,1,2,38468,1312,3052,27122,13561,42073,26258,60477,34278,20272,3,57210,1,14964,0,0,0,1,212,data_4threads_300connections_30s_False
writev,1,libev,1,1,0,0,1,0,1,2,38468,1312,4663,27122,13561,42073,26258,60477,34278,20272,3,57210,1,61986,0,1,0,1,212,data_4threads_300connections_30s_False
writev,1,libev,1,1,0,1,1,0,1,2,38468,695,23416,27122,9533,42073,14310,23968,60903,20272,3,57210,1,61986,1,0,0,0,212,data_4threads_300connections_30s_False
writev,0,libev,1,1,0,1,1,0,1,2,38468,1312,23416,27122,13561,7511,26258,23968,60903,20272,2,57210,1,61986,0,0,0,1,212,data_4threads_300connections_30s_False
sendfile,1,linux-sysepoll,0,1,0,1,1,0,1,2,38468,1312,23416,27122,13561,42073,26258,23968,60903,59124,3,62503,1,61986,0,0,0,1,212,data_4threads_300connections_30s_False
writev,1,libev,1,1,0,1,1,0,1,2,38468,1312,23416,27122,13561,42073,26258,60477,34278,20272,3,57210,1,61986,1,0,0,1,212,data_4threads_300connections_30s_False
writev,1,libev,1,1,0,1,1,0,1,2,38468,1312,23416,27122,13561,42073,23713,23968,60903,55973,3,57210,1,61986,0,0,0,0,1727,data_4threads_300connections_30s_False
writev,1,poll,1,1,0,1,1,0,1,2,38468,1312,23416,27122,13561,42073,26258,23968,60903,20272,2,57210,1,61986,0,0,0,1,212,data_4threads_300connections_30s_False
writev,0,libev,1,1,0,1,1,1,1,1,38468,1312,23416,27122,13561,7511,26258,23968,60903,20272,3,57210,1,61986,0,0,1,1,212,data_4threads_300connections_30s_False
writev,1,libev,0,1,1,1,1,0,1,2,38468,12631,23416,27122,13561,42073,14310,23968,11311,20272,3,57210,1,61986,1,0,0,0,212,data_4threads_300connections_30s_False
write,0,libev,1,1,0,1,1,0,1,1,38468,1312,23416,27122,20725,42073,26258,60477,34278,20272,14,57210,1,61986,0,0,0,1,212,data_4threads_300connections_30s_False
write,0,select,0,1,0,0,1,1,2,0,42009,5111,4217,38081,31687,49487,28541,30058,20580,57231,12,50717,1,43351,0,1,1,1,1492,data_12threads_100connections_30s_False
write,0,select,0,1,0,0,1,1,2,0,42009,5111,4217,49102,12215,27047,41580,12370,465,6423,16,65499,0,31389,1,0,0,1,2654,data_12threads_100connections_30s_False
write,0,linux-sysepoll,0,1,0,0,1,1,2,0,42009,5111,10267,49102,12215,51527,41580,5930,465,60156,16,65499,0,31389,0,0,0,1,2539,data_12threads_100connections_30s_False
write,0,select,0,1,0,0,1,1,2,0,42009,5111,4217,49102,12215,27047,41580,12370,465,6423,16,32510,1,31389,1,0,0,1,2238,data_12threads_100connections_30s_False
write,0,select,0,1,0,0,1,1,2,0,42009,5111,4217,49102,12215,27047,52801,55019,465,47068,8,4960,0,17080,1,0,0,1,2539,data_12threads_100connections_30s_False
sendfile,0,poll,1,1,0,1,0,1,1,1,38340,43199,59306,38081,31687,49487,28541,36390,20580,57231,12,50717,1,43351,0,1,1,1,2238,data_12threads_100connections_30s_False
sendfile,0,poll,1,1,0,1,0,1,2,1,38340,43199,59306,38081,31687,13714,28541,36390,20580,57231,12,50717,1,43351,0,1,1,1,2238,data_12threads_100connections_30s_False
write,1,select,0,1,0,0,1,1,2,0,42009,5111,4217,22550,12215,27047,41580,30747,18732,6423,3,65499,1,31389,1,0,0,0,2238,data_12threads_100connections_30s_False
writev,0,poll,1,1,0,1,1,1,1,0,3210,41523,43871,25566,12783,53923,55659,53472,976,10328,10,31953,1,14718,1,1,0,1,1748,data_12threads_100connections_30s_False
write,0,poll,1,1,0,1,0,1,1,0,3210,41523,43871,25566,32637,53923,55659,53472,976,10328,10,35020,1,14718,1,1,0,1,1748,data_12threads_100connections_30s_False
writev,0,poll,1,1,0,1,0,1,0,0,3210,13506,58102,25566,32637,53923,20343,53472,976,10328,10,35020,0,14718,0,1,0,0,2654,data_12threads_100connections_30s_False
sendfile,0,poll,1,1,0,1,1,1,2,0,56529,47079,44852,11602,17736,12018,52801,55019,465,6423,8,4960,0,17080,1,1,0,1,2539,data_12threads_100connections_30s_False
writev,0,poll,1,1,0,1,1,1,2,0,3210,41523,43871,25566,12783,53923,55659,53472,976,10328,10,31953,1,14718,1,1,0,0,2654,data_12threads_100connections_30s_False
writev,1,poll,1,1,0,1,0,1,0,0,3210,13506,15365,25566,32637,20060,20343,53472,976,10328,1,35020,1,14718,1,1,0,1,1748,data_12threads_100connections_30s_False
write,0,select,1,1,0,1,1,1,1,1,3210,41523,43871,25566,12783,53923,55659,53472,976,10328,10,31953,1,14718,1,1,0,1,1748,data_12threads_100connections_30s_False
write,0,select,1,1,0,0,1,1,2,0,42009,35997,4217,63497,9494,27047,52801,55019,465,47068,8,4960,1,17080,1,0,0,1,2539,data_12threads_100connections_30s_False
sendfile,1,libev,0,0,1,0,1,1,2,0,56529,47079,44852,11602,5801,12018,52801,55019,465,6423,16,65499,1,31389,1,0,0,1,2654,data_12threads_100connections_30s_False
sendfile,1,libev,0,0,1,0,1,1,2,0,56529,47079,44852,11602,5801,12018,52801,55019,465,6423,16,65499,1,17080,1,0,0,1,2539,data_12threads_100connections_30s_False
sendfile,1,libev,0,1,1,0,1,1,2,0,56529,47079,44852,11602,17736,12018,52801,55019,465,6423,8,4960,0,17080,1,0,0,1,2539,data_12threads_100connections_30s_False
write,1,libev,0,0,1,0,1,1,2,0,56529,47079,44852,11602,5801,12018,52801,55019,465,8337,9,50717,1,11155,0,1,1,1,2238,data_12threads_100connections_30s_False
sendfile,0,libev,1,1,0,1,0,1,1,0,3210,41523,43871,25566,32637,53923,35710,53472,976,10328,10,35020,1,14718,1,1,0,0,1748,data_4threads_100connections_60s_False
sendfile,0,poll,0,1,0,1,0,1,1,1,55435,41523,43871,25566,32637,53923,35710,53472,976,10328,10,35020,1,14718,1,1,0,0,1748,data_4threads_100connections_60s_False
writev,1,linux-sysepoll,1,1,1,1,1,0,1,2,3210,41523,55192,31499,32637,53923,36266,53472,976,10328,9,2834,1,14718,0,0,0,0,1748,data_4threads_100connections_60s_False
writev,1,linux-sysepoll,1,1,0,1,1,0,1,2,37843,6241,38062,23779,23423,64918,51742,58767,28483,10328,10,56736,1,14718,1,1,0,0,1748,data_4threads_100connections_60s_False
writev,1,poll,1,0,0,1,0,1,2,1,40435,62897,49205,19134,6502,23610,23850,21917,28373,53544,10,4963,1,43697,1,1,1,1,901,data_4threads_100connections_60s_False
writev,1,poll,1,0,0,1,0,1,2,1,40435,62897,49205,19134,16957,23610,23850,21917,28373,53544,10,4963,1,43697,1,1,1,1,901,data_4threads_100connections_60s_False
sendfile,0,libev,1,1,1,1,1,0,1,2,37843,4548,38062,23779,23423,64918,51742,58767,28483,28397,8,37141,1,37786,1,1,0,0,1727,data_4threads_100connections_60s_False
sendfile,0,libev,1,1,1,1,1,0,1,2,37843,4548,38062,23779,23423,64918,51742,58767,28483,62780,8,37141,1,37786,1,1,0,0,1727,data_4threads_100connections_60s_False
sendfile,0,libev,1,0,0,1,1,0,1,2,54398,12061,42636,24643,9626,60592,54353,58080,62337,5105,11,40473,1,49477,0,0,1,1,869,data_4threads_100connections_60s_False
writev,1,linux-sysepoll,1,1,1,0,1,0,1,2,37843,29097,38062,23779,23423,64918,51742,58767,596,28397,14,37141,0,37786,1,0,0,0,1727,data_4threads_100connections_60s_False
writev,1,linux-sysepoll,1,1,1,1,1,0,1,0,3210,41523,55192,31499,32637,53923,35710,53472,976,10328,10,35020,1,14718,1,0,0,0,1748,data_4threads_100connections_60s_False
writev,1,linux-sysepoll,1,1,0,1,1,0,1,0,3210,51739,55192,31499,32637,53923,35710,53472,976,10328,5,35020,1,31090,0,1,0,0,1748,data_4threads_100connections_60s_False
sendfile,1,libev,0,0,0,0,1,0,2,1,54398,12061,42636,24643,9626,60592,54353,58080,62337,5105,11,40473,1,47886,0,0,1,1,869,data_4threads_100connections_60s_False
writev,1,linux-sysepoll,1,0,0,1,1,0,1,2,54398,12061,42636,24643,9626,60592,54353,58080,62337,5105,11,40473,1,49477,0,0,1,1,869,data_4threads_100connections_60s_False
writev,1,linux-sysepoll,1,1,1,1,1,0,1,2,37843,6241,38062,23779,23423,64918,51742,58767,28483,28397,8,37141,0,37786,1,0,0,0,1727,data_4threads_100connections_60s_False
writev,1,linux-sysepoll,1,1,1,1,1,1,1,2,37843,6241,38062,23779,23423,64918,51742,58767,28483,28397,8,37141,1,37786,1,0,0,0,1727,data_4threads_100connections_60s_False
write,0,poll,1,1,0,1,0,1,1,0,3210,41523,43871,25566,32637,53923,55659,53472,976,10328,10,35020,1,14718,1,1,0,1,1748,data_4threads_100connections_60s_False
writev,0,poll,1,1,0,1,1,1,1,0,3210,41523,43871,25566,12783,53923,55659,53472,976,10328,10,31953,1,14718,1,1,0,1,1748,data_4threads_100connections_60s_False
sendfile,0,poll,1,1,0,1,0,1,1,0,3210,41523,43871,25566,32637,53923,35710,53472,976,10328,10,35020,1,14718,1,1,0,0,1748,data_4threads_100connections_60s_False
writev,0,poll,1,1,0,1,0,0,1,0,3210,41523,43871,25566,32637,53923,55659,53472,976,15374,10,35020,1,14718,1,1,0,0,1748,data_4threads_100connections_60s_False
writev,0,linux-sysepoll,1,0,1,0,1,1,2,1,10442,64407,65240,56632,28316,12365,23078,49062,50192,57908,15,9203,0,51924,0,1,0,1,1330,data_12threads_300connections_10s_True
writev,0,select,1,0,1,0,1,1,2,1,10442,64407,65240,56632,28316,12365,23078,49062,31746,57908,0,9203,0,51924,0,1,0,1,581,data_12threads_300connections_10s_True
write,0,linux-sysepoll,0,0,0,1,1,0,2,0,47260,7476,58800,9452,10156,27286,35854,30330,41505,31324,16,34439,1,29978,0,0,1,1,581,data_12threads_300connections_10s_True
write,0,libev,0,1,1,1,1,0,0,2,14361,54516,25432,21388,10694,31454,24181,39446,41666,16501,2,60139,1,59831,0,0,1,1,581,data_12threads_300connections_10s_True
write,0,libev,0,1,1,1,1,0,0,2,14361,54516,25432,21388,10694,31454,24181,39446,41666,16501,2,60139,1,59831,0,0,1,1,1230,data_12threads_300connections_10s_True
write,0,poll,0,1,1,1,1,0,0,2,56612,54516,25432,21388,10694,31454,24181,39446,62518,16501,2,60139,1,59831,0,0,1,1,581,data_12threads_300connections_10s_True
sendfile,0,linux-sysepoll,0,0,1,1,1,0,0,2,14361,5847,25432,21388,10694,31454,24181,52692,30184,16501,2,29149,1,59831,0,0,1,1,581,data_12threads_300connections_10s_True
sendfile,0,libev,0,0,0,1,1,0,0,1,14361,54516,25432,21388,10694,31454,24181,39446,41666,16501,2,60139,1,59831,0,0,0,1,581,data_12threads_300connections_10s_True
write,0,libev,0,1,1,1,1,0,0,1,14361,54516,25432,21388,10694,31454,24181,39446,41666,16501,2,11937,1,59831,0,0,1,1,581,data_12threads_300connections_10s_True
write,0,libev,0,1,1,1,1,0,0,2,14361,45724,25432,21388,10694,31454,63455,40241,36991,39684,8,17202,1,36053,0,0,1,0,581,data_12threads_300connections_10s_True
write,0,select,0,1,1,1,1,0,0,2,56612,54516,17685,21388,10694,31454,24181,39446,62518,16501,2,60139,1,59831,1,0,1,1,581,data_12threads_300connections_10s_True
write,0,libev,1,0,1,1,1,0,0,1,14361,54516,25432,21388,10694,31454,24181,39446,41666,16501,2,60139,1,59831,0,0,1,0,581,data_12threads_300connections_10s_True
write,0,libev,0,1,0,1,1,1,0,2,56612,54516,17685,21388,10694,31454,24181,39446,62518,16501,2,60139,1,59831,1,0,1,1,581,data_12threads_300connections_10s_True
write,0,select,0,0,1,1,1,0,0,2,14361,54516,25432,21388,10694,2371,24181,39446,60414,23966,2,36684,1,59831,0,0,1,0,1230,data_12threads_300connections_10s_True
write,0,select,0,1,1,1,1,0,0,1,14361,21539,25432,21388,10694,31454,24181,39446,41666,16501,4,11937,1,59831,0,0,1,1,1330,data_12threads_300connections_10s_True
write,0,poll,0,1,1,1,1,0,0,2,56612,54516,25432,21388,10694,31454,24181,39446,62518,16677,2,59461,1,59831,0,0,1,1,581,data_12threads_300connections_10s_True
write,0,libev,0,1,1,0,1,1,0,1,14361,54516,25432,21388,10694,31454,24181,39446,41666,16501,2,11937,1,59831,1,0,1,1,581,data_12threads_300connections_10s_True
write,0,libev,0,1,1,0,0,1,0,1,14361,54516,37952,21388,10694,31454,24181,39446,41666,16501,6,20779,1,59831,0,0,1,1,1230,data_12threads_300connections_10s_True
write,0,poll,0,1,1,1,1,0,0,2,56612,54516,25432,21388,10694,31454,24181,39446,62518,16501,2,51178,1,7881,0,0,1,0,2075,data_12threads_300connections_10s_True
write,0,select,0,1,1,1,1,0,0,2,56612,54516,17685,21388,10694,31454,24181,39446,62518,16501,2,57526,0,59831,0,1,1,1,581,data_12threads_300connections_10s_True
sendfile,1,libev,0,1,1,1,1,1,1,1,10316,29419,46272,33593,16796,59898,53861,37522,52209,30578,3,30329,1,706,1,1,0,1,1899,data_8threads_300connections_120s_True
sendfile,1,libev,0,1,1,1,1,1,1,1,10316,29419,46272,1488,16796,59898,53861,37522,52209,30578,8,30329,1,706,1,1,0,0,1522,data_8threads_300connections_120s_True
sendfile,1,libev,0,1,1,0,1,1,1,1,10316,29419,46272,1488,16796,39464,38861,63664,57740,26739,0,17700,1,43664,1,1,1,1,51,data_8threads_300connections_120s_True
write,1,libev,0,1,1,1,1,0,1,0,34208,25345,37551,20926,16796,59898,53861,37522,52209,30578,3,30329,1,2612,1,1,0,1,1899,data_8threads_300connections_120s_True
write,1,libev,0,1,1,1,1,0,1,0,34208,25345,37551,20926,16796,59898,53861,37522,52209,30578,3,30329,0,2612,1,1,0,1,1899,data_8threads_300connections_120s_True
write,0,libev,0,1,1,0,1,1,1,0,58687,4115,31185,20926,16796,59898,53861,37522,52209,30578,3,30329,1,2612,1,1,0,1,1899,data_8threads_300connections_120s_True
sendfile,1,linux-sysepoll,1,0,0,1,1,0,0,0,35422,46287,54980,27202,19307,28969,18092,42619,30088,38242,9,20396,0,56278,0,0,0,0,654,data_8threads_300connections_120s_True
sendfile,0,libev,1,0,1,1,1,1,2,1,46339,22513,46878,31681,3930,18523,60258,55845,32147,33016,0,45307,0,41375,0,1,0,0,1079,data_8threads_300connections_120s_True
write,0,poll,0,1,1,0,1,1,1,0,58687,4115,57149,59238,19934,65051,37286,35272,19605,11376,3,6777,1,3274,0,0,0,1,654,data_8threads_300connections_120s_True
write,0,poll,0,1,1,0,1,1,1,2,58687,19819,57149,59238,19934,65051,37286,35272,19605,11376,3,6777,1,3274,0,0,0,1,654,data_8threads_300connections_120s_True
writev,0,poll,0,1,1,0,1,1,1,0,58687,4115,57149,59238,19934,65051,37286,35272,19605,11376,3,6777,1,3274,0,0,0,1,654,data_8threads_300connections_120s_True
write,1,poll,0,0,0,1,1,1,2,2,46571,58294,7217,2617,1308,13235,44960,48780,4060,11547,6,21771,1,39443,0,1,0,1,1470,data_8threads_300connections_120s_True
write,1,poll,0,0,0,0,1,1,2,2,46571,58294,7217,2617,1308,13235,44960,48780,4060,11547,6,21771,1,60436,0,1,0,1,1470,data_8threads_300connections_120s_True
writev,0,poll,0,1,1,0,1,0,1,0,58687,4115,57149,59238,19934,65051,37286,35272,41515,3348,3,6777,1,3274,0,0,1,1,654,data_8threads_300connections_120s_True
write,0,poll,1,0,1,0,1,1,2,2,39537,46830,23974,52990,2873,6029,38861,63664,43661,7145,1,54597,1,53661,1,1,1,1,2629,data_8threads_300connections_120s_True
sendfile,1,select,1,1,0,1,1,0,0,0,19575,19819,59342,59238,19934,65051,37286,35272,19605,11376,3,6777,1,3274,0,0,0,1,654,data_8threads_300connections_120s_True
write,0,poll,1,1,0,1,1,0,1,1,9895,22520,48773,58553,31629,64777,4634,25966,2525,3348,3,6777,1,3274,0,0,0,1,654,data_8threads_300connections_120s_True
write,0,poll,1,0,1,1,1,0,1,1,33979,22520,52250,12303,6151,64777,39744,33479,2687,3348,5,10195,1,62579,0,1,0,1,1446,data_8threads_300connections_120s_True
write,0,poll,1,1,1,1,1,0,1,1,9895,22520,48773,58553,6151,64777,3394,33479,2687,3348,16,10195,1,62579,0,1,0,1,1446,data_8threads_300connections_120s_True
write,0,select,1,1,1,1,1,0,1,1,9895,22520,48773,15648,6151,64777,3394,33479,2687,13462,16,30495,1,517,0,1,0,1,1446,data_8threads_300connections_120s_True
sendfile,1,select,0,1,0,1,1,0,0,0,14361,5847,25432,38566,10694,31454,38052,52692,30184,16501,2,5905,1,59831,0,0,1,0,581,data_4threads_100connections_10s_True
sendfile,1,linux-sysepoll,1,0,0,1,1,0,0,0,35422,46287,54980,27202,19307,28969,18092,42619,30088,38242,9,20396,0,56278,0,0,0,0,654,data_4threads_100connections_10s_True
sendfile,1,select,1,0,0,1,1,0,0,0,35422,46287,54980,27202,19307,28969,18092,42619,30088,38242,0,20396,1,56278,0,0,0,0,654,data_4threads_100connections_10s_True
sendfile,0,libev,0,0,0,1,1,0,1,2,54398,12061,42636,24643,9626,38731,54353,58080,62337,9148,11,40473,1,59831,0,0,0,0,581,data_4threads_100connections_10s_True
sendfile,1,linux-sysepoll,1,0,0,1,1,0,0,0,35422,46287,54980,27202,19307,28969,40898,42619,30088,38242,9,20396,0,59831,0,0,1,0,581,data_4threads_100connections_10s_True
writev,1,linux-sysepoll,0,0,0,1,1,0,0,0,54398,12061,42636,24643,9626,60592,54667,58080,62337,5105,11,40473,1,49477,0,0,1,1,869,data_4threads_100connections_10s_True
sendfile,0,libev,1,0,0,1,1,0,1,2,54398,12061,42636,24643,9626,60592,54353,58080,62337,5105,11,40473,1,49477,0,0,1,1,869,data_4threads_100connections_10s_True
write,0,libev,0,0,1,0,1,0,0,2,14361,45724,25432,46354,10694,31454,63455,57867,36991,39684,8,17202,1,56278,1,1,0,0,654,data_4threads_100connections_10s_True
sendfile,1,libev,0,1,0,1,1,1,0,1,14361,54516,25432,21388,23624,31454,24181,39446,2055,16501,2,60139,1,59831,0,0,0,1,1079,data_4threads_100connections_10s_True
sendfile,0,libev,0,1,0,1,1,0,0,1,14361,54516,25432,21388,10694,31454,63455,40241,39671,39684,8,17202,1,36053,0,0,1,0,581,data_4threads_100connections_10s_True
sendfile,0,libev,0,0,0,1,1,0,0,1,14361,54516,25432,21388,10694,31454,24181,39446,41666,16501,2,60139,1,59831,0,0,0,1,581,data_4threads_100connections_10s_True
sendfile,0,linux-sysepoll,0,0,1,1,1,0,0,2,14361,5847,25432,21388,10694,31454,24181,52692,30184,16501,2,29149,1,59831,0,0,1,1,581,data_4threads_100connections_10s_True
write,0,libev,0,1,1,1,1,0,0,2,14361,54516,25432,21388,10694,31454,24181,39446,41666,16501,2,60139,1,59831,0,0,1,1,1230,data_4threads_100connections_10s_True
write,0,poll,0,1,1,1,1,0,0,2,56612,54516,25432,21388,10694,31454,24181,39446,62518,16501,2,60139,1,59831,0,0,1,1,581,data_4threads_100connections_10s_True
write,0,libev,0,1,1,1,1,0,0,2,14361,54516,25432,21388,10694,31454,24181,39446,41666,16501,2,60139,1,59831,0,0,1,1,581,data_4threads_100connections_10s_True
write,0,libev,0,1,1,1,1,0,0,2,14361,45724,25432,21388,10694,31454,63455,40241,36991,39684,8,17202,1,36053,0,0,1,0,581,data_4threads_100connections_10s_True
write,0,linux-sysepoll,0,0,1,1,1,0,0,2,14361,54516,25432,21388,10694,31454,24181,39446,41666,9589,2,60139,1,59831,0,0,1,1,581,data_4threads_100connections_10s_True
write,0,libev,0,0,1,1,1,0,0,2,14361,5847,25432,21388,10694,31454,24181,52692,30184,16501,2,5905,1,59831,0,0,1,0,581,data_4threads_100connections_10s_True
write,0,libev,0,0,1,1,1,1,0,2,14361,45724,25432,21388,10694,31454,24181,39446,41666,16501,2,60139,1,59831,0,0,0,1,581,data_4threads_100connections_10s_True
write,0,libev,0,0,1,1,1,0,0,1,14361,54516,25432,21388,10694,31454,24181,39446,41666,16501,2,60139,1,59831,0,0,0,1,581,data_4threads_100connections_10s_True
write,1,libev,0,0,1,0,1,1,2,0,5587,12612,44595,26790,13395,1625,21423,8845,56400,31290,5,6127,1,53318,1,0,0,1,2196,data_12threads_300connections_30s_True
sendfile,0,linux-sysepoll,0,0,1,0,1,0,2,0,5587,37395,50990,16507,8253,6869,26320,47924,56495,5536,4,57018,1,33581,1,0,1,0,2543,data_12threads_300connections_30s_True
sendfile,0,libev,1,0,1,1,1,1,1,1,25684,20383,21745,52357,26178,47373,65106,50765,58355,27273,2,38364,1,43357,0,1,0,0,1285,data_12threads_300connections_30s_True
writev,0,linux-sysepoll,1,0,1,1,1,1,1,1,25684,20383,21745,52357,26178,47373,212,50765,58355,27273,2,38364,1,43357,0,1,0,0,1285,data_12threads_300connections_30s_True
sendfile,1,libev,1,0,1,1,1,0,1,2,39070,37729,45395,33868,28730,61902,65106,50765,58355,27273,2,38364,1,53967,0,1,0,0,1285,data_12threads_300connections_30s_True
sendfile,0,libev,1,0,1,1,1,1,1,1,25684,59783,21745,52357,26178,47373,65106,50765,58355,27273,2,38364,1,43357,0,1,1,0,1285,data_12threads_300connections_30s_True
sendfile,0,libev,1,0,1,0,1,1,1,1,25684,20383,21745,52357,26178,47373,65106,50765,58355,27273,2,38364,1,43357,0,1,0,0,12,data_12threads_300connections_30s_True
sendfile,0,libev,1,0,0,0,0,1,1,1,25684,20383,21745,52357,26178,47373,65106,28384,58355,27273,2,38364,1,43357,0,1,0,0,12,data_12threads_300connections_30s_True
sendfile,0,libev,1,0,1,0,1,1,1,1,25684,20383,21745,52357,26178,31707,65106,50088,58355,5536,4,1895,0,14408,0,0,1,0,478,data_12threads_300connections_30s_True
sendfile,1,linux-sysepoll,1,0,1,1,1,0,1,2,39070,37729,45395,33868,28730,61902,65106,50765,58355,27273,2,35486,1,53967,0,1,0,0,1285,data_12threads_300connections_30s_True
sendfile,0,libev,1,1,1,0,1,1,1,1,38917,20383,21745,52357,26178,47373,65106,50765,58355,27273,2,38364,1,43357,0,1,0,0,12,data_12threads_300connections_30s_True
sendfile,0,libev,1,0,0,1,1,1,1,1,25684,59783,21745,52357,26178,47373,65106,50765,58355,27273,9,13635,1,43357,0,1,1,0,2654,data_12threads_300connections_30s_True
writev,1,linux-sysepoll,0,0,0,0,1,0,2,0,5587,39048,44595,26790,4377,47373,212,50765,58355,3914,2,38364,1,43357,0,1,1,0,1285,data_12threads_300connections_30s_True
writev,1,poll,0,1,0,0,0,1,0,1,8848,63155,45802,57681,16973,27174,533,6320,12780,34421,10,42356,1,212,1,0,0,1,1066,data_12threads_300connections_30s_True
writev,1,libev,1,0,0,0,1,1,0,2,31950,28715,33168,26790,13395,1625,21423,40437,56400,31290,5,6127,1,53318,1,0,0,1,2196,data_12threads_300connections_30s_True
writev,1,linux-sysepoll,0,0,1,0,1,1,2,0,5587,19008,44595,26790,13395,1625,21423,8845,56400,31290,5,6127,1,53318,1,0,0,1,2196,data_12threads_300connections_30s_True
writev,1,libev,0,1,0,0,1,1,0,2,5541,19008,16096,26790,13395,1625,21423,8845,56400,31290,5,6127,1,53318,1,0,0,1,2196,data_12threads_300connections_30s_True
writev,1,libev,1,0,0,0,1,1,0,2,31950,28715,50990,16507,8253,6869,533,63120,12780,34421,10,42356,1,65487,1,0,0,0,1066,data_12threads_300connections_30s_True
sendfile,1,libev,0,0,1,0,1,1,0,0,5587,12612,44595,26790,13395,61902,65106,50765,11624,27273,7,38364,1,53967,1,1,0,0,2279,data_12threads_300connections_30s_True
writev,0,linux-sysepoll,0,0,0,0,1,0,2,0,5587,39048,44595,26790,4377,47373,212,50765,58355,27273,2,38364,1,43357,0,1,1,0,1285,data_12threads_300connections_30s_True
sendfile,0,libev,1,0,0,0,0,1,1,1,25684,20383,21745,52357,26178,47373,65106,28384,58355,27273,2,38364,1,43357,0,1,0,0,12,data_8threads_10connections_10s_False
sendfile,0,libev,1,0,1,1,1,1,1,1,25684,20383,21745,52357,26178,47373,65106,50765,58355,27273,2,38364,1,43357,0,1,0,0,1285,data_8threads_10connections_10s_False
writev,0,linux-sysepoll,1,0,1,1,1,1,1,1,25684,20383,21745,52357,26178,47373,212,50765,58355,27273,2,38364,1,43357,0,1,0,0,1285,data_8threads_10connections_10s_False
sendfile,1,libev,1,0,1,1,1,0,1,2,39070,37729,45395,33868,28730,61902,65106,50765,58355,27273,2,38364,1,53967,0,1,0,0,1285,data_8threads_10connections_10s_False
sendfile,0,libev,1,0,1,1,1,1,1,1,25684,59783,21745,52357,26178,47373,65106,50765,58355,27273,2,38364,1,43357,0,1,1,0,1285,data_8threads_10connections_10s_False
sendfile,0,libev,1,0,1,0,1,1,1,1,25684,20383,21745,52357,26178,47373,65106,50765,58355,27273,2,38364,1,43357,0,1,0,0,12,data_8threads_10connections_10s_False
sendfile,0,libev,1,0,1,0,1,1,1,1,25684,20383,21745,52357,26178,31707,65106,50088,58355,5536,4,1895,0,14408,0,0,1,0,478,data_8threads_10connections_10s_False
sendfile,1,linux-sysepoll,1,0,1,1,1,0,1,2,39070,37729,45395,33868,28730,61902,65106,50765,58355,27273,2,35486,1,53967,0,1,0,0,1285,data_8threads_10connections_10s_False
sendfile,0,libev,1,0,0,0,0,1,2,0,25684,20383,21745,52357,26178,47373,65106,28384,58355,27273,2,30273,1,43357,0,1,0,0,12,data_8threads_10connections_10s_False
sendfile,0,libev,1,1,1,0,0,1,2,2,25684,45129,21745,396,26178,47373,65106,28384,58355,27273,2,38364,1,41761,0,1,0,0,12,data_8threads_10connections_10s_False
sendfile,1,linux-sysepoll,1,0,1,1,1,0,1,2,25684,3276,21745,52357,26178,47373,65106,50765,58355,27273,2,38364,1,43357,0,1,0,0,12,data_8threads_10connections_10s_False
sendfile,0,libev,1,0,1,0,1,1,1,2,39070,37729,45395,33868,28730,61902,65106,50765,58355,27273,2,38364,1,53967,0,1,0,0,1596,data_8threads_10connections_10s_False
writev,1,linux-sysepoll,1,0,1,1,1,1,1,1,25684,20383,21745,52357,26178,47373,212,50765,58355,27273,2,38364,1,43357,1,1,0,0,1285,data_8threads_10connections_10s_False
sendfile,0,libev,1,0,0,0,0,1,1,1,25684,20383,11791,52357,26178,47373,65106,28384,58355,27273,2,38364,1,43357,0,1,0,0,12,data_8threads_10connections_10s_False
sendfile,0,libev,1,1,1,1,1,1,1,1,25684,59783,57974,52357,26178,47373,65106,50765,58355,27273,2,38364,0,43357,0,1,1,0,1285,data_8threads_10connections_10s_False
sendfile,0,libev,1,0,1,1,1,0,1,2,39070,37729,45395,33868,28730,35526,65106,50765,58355,27273,2,38364,1,53967,0,1,0,0,12,data_8threads_10connections_10s_False
sendfile,0,libev,1,0,0,0,0,1,1,1,25684,20383,11791,4109,26178,47373,65106,28384,58355,27273,2,38364,1,43357,0,1,0,0,1285,data_8threads_10connections_10s_False
sendfile,0,libev,1,0,0,0,0,1,1,1,25684,20383,48865,52357,26178,47373,4523,50765,58355,27273,2,38364,1,43357,0,1,0,0,1285,data_8threads_10connections_10s_False
sendfile,0,libev,1,0,1,1,1,0,1,1,25684,59783,21745,52357,26178,47373,65106,28384,58355,27273,2,38364,1,43357,0,0,0,0,12,data_8threads_10connections_10s_False
sendfile,0,libev,1,0,0,0,0,0,1,1,45530,20383,21745,30852,26178,47373,65106,28384,58355,27273,2,38364,1,43357,0,1,0,0,1285,data_8threads_10connections_10s_False
writev,1,linux-sysepoll,0,1,0,1,1,0,2,2,25684,3724,21745,396,23875,47373,65106,28384,58355,27273,2,38364,1,41761,0,1,0,0,12,data_8threads_300connections_10s_True
sendfile,1,libev,0,1,0,1,1,1,0,1,14361,54516,25432,21388,23624,31454,24181,39446,2055,16501,2,60139,1,59831,0,0,0,1,1079,data_8threads_300connections_10s_True
writev,1,linux-sysepoll,0,0,0,1,1,0,0,0,54398,12061,42636,51717,9626,60592,54667,58080,37630,5105,11,40473,1,49477,0,0,1,0,654,data_8threads_300connections_10s_True
sendfile,0,libev,1,0,0,1,1,0,1,2,54398,12061,42636,24643,9626,60592,54353,58080,62337,5105,11,40473,1,49477,0,0,1,1,869,data_8threads_300connections_10s_True
write,1,libev,0,0,1,0,1,1,2,0,5587,12612,44595,26790,13395,1625,21423,8845,56400,31290,5,6127,1,53318,1,0,0,1,2196,data_8threads_300connections_10s_True
write,1,libev,0,0,0,0,1,1,2,0,5587,12612,44595,26790,13395,1625,21423,8845,56400,31290,5,6127,1,41761,0,1,0,1,12,data_8threads_300connections_10s_True
write,1,libev,0,0,0,0,1,1,2,1,5587,12612,44595,64778,13395,1625,21423,8845,56400,31290,5,6127,1,41761,0,0,0,1,2196,data_8threads_300connections_10s_True
write,1,libev,0,0,1,0,1,1,2,1,5587,12612,44595,62580,13395,1625,21423,8845,56400,31290,5,6127,1,53318,1,0,0,1,1612,data_8threads_300connections_10s_True
writev,1,linux-sysepoll,0,0,0,1,1,0,0,0,54398,12061,42636,24643,9626,60592,54667,58080,62337,5105,11,40473,1,49477,0,0,1,1,869,data_8threads_300connections_10s_True
writev,0,libev,1,0,0,0,1,0,1,2,54398,12061,42636,24643,9626,60592,54353,58080,62337,15149,11,40473,1,49477,0,0,1,0,869,data_8threads_300connections_10s_True
write,1,libev,0,0,1,0,1,1,2,0,19635,12612,44595,26790,13395,1625,40882,8845,56400,31290,5,6127,1,53318,1,0,0,1,2196,data_8threads_300connections_10s_True
writev,0,libev,1,0,1,0,1,1,0,0,5587,12612,44595,26790,13395,1625,21423,8845,56400,8926,5,6127,1,53318,0,0,0,1,2196,data_8threads_300connections_10s_True
writev,0,libev,1,0,0,0,1,0,1,2,54398,12061,44595,26790,13395,1625,21423,8845,56400,31290,5,6127,1,41761,1,1,0,1,2381,data_8threads_300connections_10s_True
sendfile,1,linux-sysepoll,1,0,0,1,1,0,0,0,35422,46287,54980,27202,19307,28969,18092,42619,30088,38242,9,20396,0,56278,0,0,0,0,654,data_8threads_300connections_10s_True
sendfile,1,select,1,0,0,1,1,0,0,0,35422,46287,54980,27202,19307,28969,18092,42619,30088,38242,0,20396,1,56278,0,0,0,0,654,data_8threads_300connections_10s_True
sendfile,1,linux-sysepoll,1,0,1,1,1,1,0,0,35422,46287,54980,27202,19307,32724,18092,42619,30088,38242,0,20396,1,56278,0,0,0,0,654,data_8threads_300connections_10s_True
sendfile,0,libev,1,0,1,0,1,1,1,1,25684,20383,21745,52357,26178,47373,65106,50765,58355,27273,2,38364,1,43357,0,1,0,0,12,data_8threads_300connections_10s_True
sendfile,0,libev,1,0,0,0,0,1,1,1,25684,20383,21745,52357,26178,47373,65106,28384,58355,27273,2,38364,1,43357,0,1,0,0,12,data_8threads_300connections_10s_True
sendfile,0,libev,1,0,1,0,1,1,1,1,25684,20383,21745,52357,26178,31707,65106,50088,58355,5536,4,1895,0,14408,0,0,1,0,478,data_8threads_300connections_10s_True
sendfile,1,linux-sysepoll,1,0,1,1,1,0,1,2,39070,37729,45395,33868,28730,61902,65106,50765,58355,27273,2,35486,1,53967,0,1,0,0,1285,data_8threads_300connections_10s_True
writev,0,linux-sysepoll,0,0,0,1,1,1,0,2,65461,31357,46939,51972,1341,22718,12738,54335,9517,49640,5,51178,1,23692,0,1,0,0,2019,data_4threads_10connections_10s_False
writev,1,select,0,0,0,1,1,1,0,2,65461,31357,46939,51972,1341,22718,12738,54335,9517,49640,5,51178,1,23692,1,1,0,0,1684,data_4threads_10connections_10s_False
write,0,poll,0,0,0,0,1,1,0,2,65461,31357,46939,51972,7646,22718,12738,882,9517,49640,5,51178,1,23692,0,1,0,0,2019,data_4threads_10connections_10s_False
sendfile,1,select,0,1,1,1,0,0,1,1,20644,16839,63816,1088,32109,51316,12738,28659,9517,3438,5,51178,1,23692,0,1,1,0,2232,data_4threads_10connections_10s_False
sendfile,0,linux-sysepoll,1,0,1,0,1,0,1,2,65461,31357,44468,51972,30314,22718,45470,35398,21278,31161,7,30888,1,55132,1,0,1,0,1684,data_4threads_10connections_10s_False
write,0,libev,1,0,1,0,1,0,1,2,22335,12006,58983,37525,18762,1253,7878,64266,51904,60937,9,26474,1,9702,1,0,0,0,1684,data_4threads_10connections_10s_False
write,0,libev,1,0,0,0,1,0,1,2,22335,12006,58983,37525,18762,1253,7878,64266,21114,60937,9,26474,1,9702,1,0,0,0,1684,data_4threads_10connections_10s_False
write,0,libev,1,0,1,0,1,0,1,2,22335,12006,58983,37525,18762,1253,7878,64266,51904,60937,9,26474,1,9702,0,0,1,0,1684,data_4threads_10connections_10s_False
write,0,poll,1,0,1,0,1,0,2,2,22335,12006,58983,1705,18762,1253,7878,10292,51904,60937,9,27469,1,9702,1,0,0,0,1684,data_4threads_10connections_10s_False
write,0,libev,1,0,0,0,1,0,1,2,22335,12006,58983,37525,18762,1253,7878,64266,21114,60937,9,26474,1,9702,0,0,0,1,1569,data_4threads_10connections_10s_False
write,0,libev,1,0,1,0,1,0,1,2,22335,12006,58983,37525,18762,1253,7878,64266,21278,31161,7,30888,1,55132,1,0,1,1,1569,data_4threads_10connections_10s_False
writev,0,libev,1,0,0,0,1,0,1,2,22335,12006,58983,37525,18762,1253,7878,64266,21114,60937,9,26474,1,9702,0,0,0,1,1684,data_4threads_10connections_10s_False
write,0,libev,1,0,0,0,1,0,1,2,22335,12006,58983,37525,18762,1253,7878,64266,21114,60937,9,26474,1,9702,1,1,0,0,1684,data_4threads_10connections_10s_False
write,0,libev,1,0,0,0,1,0,1,2,22335,12006,58983,55242,18762,1253,7878,64266,21114,60937,9,26474,0,9702,0,1,0,1,1569,data_4threads_10connections_10s_False
write,0,libev,1,0,1,0,1,0,1,2,22335,12006,58983,1705,18762,1253,7878,10292,51904,60937,9,27469,1,9702,1,0,0,0,1684,data_4threads_10connections_10s_False
write,0,libev,1,0,0,0,1,0,0,2,22335,12006,58983,37525,18762,1253,7878,64266,51904,60937,9,26474,1,9702,1,0,0,0,1684,data_4threads_10connections_10s_False
write,0,libev,1,0,1,0,1,0,1,2,22335,12006,10972,37525,16787,1253,7878,64266,51904,60937,9,26474,1,9702,0,0,0,1,469,data_4threads_10connections_10s_False
write,0,libev,1,0,0,0,1,0,1,2,22335,12006,58983,37525,18762,1253,7878,33841,21114,60937,9,26474,1,9702,0,0,1,0,759,data_4threads_10connections_10s_False
write,0,poll,1,0,1,0,1,0,2,2,22335,37819,20869,37525,3039,1253,7878,64266,60098,60937,9,26474,1,9702,1,0,1,0,1684,data_4threads_10connections_10s_False
write,0,libev,1,0,0,0,1,0,2,2,22335,5881,58983,1705,18762,1253,7878,10292,51904,60937,9,27469,0,9702,1,0,1,0,1684,data_4threads_10connections_10s_False
