id,8x8dct,analyse,aq-mode,aq-strength,b-adapt,bframes,cabac,chroma-qp-offset,crf,deblock,direct,fast-pskip,keyint,lookahead-threads,me,merange,mixed-refs,mbtree,nal-hrd,open-gop,profile,qcomp,qpmax,qpmin,rc-lookahead,ref,scenecut,subme,threads,trellis,weightb,weightp,workload
2283,1,all,1,0.0520260669292369,2,0,0,11,17.913017377509092,6:-6,auto,1,458,2,hex,10,1,0,vbr,1,baseline,0.9859873526355616,22,14,240,2,81,11,24,2,0,2,Action_1080p_30fps_10s
1079,0,p8x8,2,0.296249058842245,1,10,1,-10,29.32159763936856,-4:4,spatial,0,100,3,tesa,45,0,0,vbr,0,baseline,0.6493532546000097,48,11,92,2,92,0,2,0,0,0,Action_1080p_30fps_10s
2051,0,p8x8,2,0.296249058842245,1,10,1,-10,29.32159763936856,-4:4,spatial,0,100,3,tesa,45,0,0,vbr,0,baseline,0.2115404214338969,20,7,107,12,7,7,56,2,0,0,Action_1080p_30fps_10s
428,0,all,0,0.0520260669292369,0,0,1,11,11.817946525232552,6:-6,none,1,458,2,hex,10,1,1,vbr,1,baseline,0.6493532546000097,22,4,111,3,80,0,2,0,0,0,Action_1080p_30fps_10s
2002,0,all,1,0.0520260669292369,0,0,0,11,17.913017377509092,6:-6,none,1,458,2,hex,10,1,1,vbr,1,baseline,0.9859873526355616,22,14,240,2,70,11,24,2,0,2,Action_1080p_30fps_10s
428,0,all,0,0.0520260669292369,0,0,1,11,17.913017377509092,6:-6,none,1,458,2,hex,10,1,1,vbr,0,baseline,0.9859873526355616,22,14,240,2,70,11,24,2,0,2,Action_1080p_30fps_10s
428,0,all,0,0.0520260669292369,0,0,1,11,17.913017377509092,6:-6,none,1,183,2,hex,10,1,1,vbr,0,baseline,0.9859873526355616,22,14,240,2,70,11,24,2,0,2,Action_1080p_30fps_10s
1320,1,p4x4,3,0.6157864219350295,1,12,0,8,38.687654164818326,2:-2,spatial,1,435,3,dia,15,1,0,cbr,1,main,0.7214316074693485,25,3,141,7,40,5,63,1,0,2,Action_1080p_30fps_10s
1320,1,p4x4,3,0.6157864219350295,1,12,0,8,28.67455693226908,2:-2,spatial,1,435,3,dia,15,1,0,cbr,1,main,0.2829198489071013,25,3,141,7,40,5,63,1,0,2,Action_1080p_30fps_10s
1320,1,p4x4,3,0.6157864219350295,1,8,0,8,38.687654164818326,2:-2,spatial,1,435,3,dia,15,1,0,cbr,1,high,0.7214316074693485,25,3,141,7,40,5,63,1,0,2,Action_1080p_30fps_10s
1320,1,p4x4,3,0.6157864219350295,1,15,0,8,38.687654164818326,2:-2,spatial,1,435,1,dia,15,1,0,cbr,1,baseline,0.9859873526355616,22,14,240,2,70,5,24,2,0,2,Action_1080p_30fps_10s
2281,1,p4x4,3,1.2767584299655177,2,1,1,-10,1.1089465765148163,-4:4,spatial,0,204,2,dia,4,0,1,vbr,1,high,0.3314707658397848,22,10,153,4,76,8,3,1,1,1,Action_1080p_30fps_10s
1605,1,p4x4,3,1.2767584299655177,2,1,1,-10,1.1089465765148163,-4:4,auto,0,204,2,dia,4,0,1,vbr,1,high,0.3314707658397848,22,10,153,4,76,8,3,1,1,1,Action_1080p_30fps_10s
1320,1,p4x4,3,0.6157864219350295,1,12,0,8,38.687654164818326,2:-2,spatial,1,435,3,hex,12,1,0,cbr,1,main,0.7214316074693485,25,3,141,7,40,5,63,1,0,2,Action_1080p_30fps_10s
76,0,p8x8,1,0.6295137611273145,2,0,1,9,29.58495568862226,4:4,spatial,0,51,0,dia,54,0,1,none,0,baseline,0.6493532546000097,48,4,92,2,80,0,2,0,0,0,Action_1080p_30fps_10s
2233,0,none,1,1.3653973567571176,0,9,1,9,29.58495568862226,4:4,spatial,0,51,0,dia,54,0,0,cbr,0,baseline,0.4869701459308392,48,4,92,2,80,0,2,0,1,0,Action_1080p_30fps_10s
76,0,p8x8,1,0.6295137611273145,2,0,1,9,29.58495568862226,4:4,spatial,1,51,0,dia,41,0,1,none,0,baseline,0.6493532546000097,48,4,92,2,80,0,2,0,0,0,Action_1080p_30fps_10s
344,0,p8x8,3,0.5717025133809859,2,8,1,8,49.654252470083385,4:4,spatial,1,51,0,dia,54,0,1,none,0,baseline,0.6493532546000097,22,4,92,2,80,0,2,0,0,0,Action_1080p_30fps_10s
2051,0,p8x8,2,0.296249058842245,2,0,1,9,29.58495568862226,5:-5,spatial,0,51,0,dia,54,0,1,none,1,main,0.6493532546000097,48,4,92,2,80,0,60,0,0,0,Action_1080p_30fps_10s
344,0,p8x8,3,0.5717025133809859,2,8,1,8,49.654252470083385,4:4,spatial,1,51,4,dia,55,0,1,none,0,main,0.6493532546000097,22,4,92,2,80,0,26,0,0,0,Action_1080p_30fps_10s
1079,0,p8x8,2,0.296249058842245,1,10,1,-10,29.32159763936856,-4:4,spatial,0,100,3,tesa,45,0,0,vbr,0,baseline,0.6493532546000097,48,11,92,2,92,0,2,0,0,0,Still_image_720p_25fps_10s
1894,0,p8x8,2,0.296249058842245,2,10,1,-10,29.32159763936856,-4:4,spatial,0,146,3,tesa,45,0,0,vbr,0,baseline,0.6493532546000097,48,11,92,2,92,0,2,0,0,0,Still_image_720p_25fps_10s
2051,0,p8x8,3,0.296249058842245,1,10,1,-10,23.312004829095628,-4:4,spatial,0,100,3,tesa,45,0,0,vbr,0,high,0.2115404214338969,20,11,92,2,84,8,2,0,0,1,Still_image_720p_25fps_10s
2051,1,p8x8,2,0.296249058842245,1,10,1,-10,29.32159763936856,6:6,spatial,0,39,3,tesa,45,0,0,vbr,0,baseline,0.2115404214338969,31,7,107,2,92,0,2,0,0,0,Still_image_720p_25fps_10s
2051,0,p8x8,2,0.296249058842245,1,6,1,-10,29.32159763936856,6:6,spatial,0,39,3,tesa,45,0,0,vbr,0,main,0.2115404214338969,35,7,107,2,92,0,2,0,0,0,Still_image_720p_25fps_10s
2283,1,all,1,0.0520260669292369,2,0,0,11,17.913017377509092,6:-6,auto,1,458,2,hex,10,1,0,vbr,1,baseline,0.9859873526355616,22,14,240,2,81,11,24,2,0,2,Still_image_720p_25fps_10s
2051,1,p8x8,2,0.296249058842245,1,10,1,-10,27.07511018995715,6:6,spatial,0,154,3,hex,10,1,1,vbr,1,baseline,0.6493532546000097,22,4,55,3,80,0,2,0,0,0,Still_image_720p_25fps_10s
2051,0,all,2,0.0520260669292369,0,0,1,11,11.817946525232552,6:-6,none,1,127,2,hex,10,0,1,vbr,1,baseline,0.6493532546000097,22,4,111,3,80,0,2,0,0,1,Still_image_720p_25fps_10s
2051,0,p8x8,2,0.296249058842245,1,10,1,-10,29.32159763936856,-4:4,spatial,0,100,3,tesa,45,0,0,vbr,0,baseline,0.2115404214338969,20,7,107,12,7,7,56,2,0,0,Still_image_720p_25fps_10s
428,0,all,2,0.0520260669292369,0,0,1,11,32.34334981132251,6:-6,none,1,458,1,hex,10,0,0,vbr,1,baseline,0.9859873526355616,37,14,240,2,81,1,63,1,0,2,Still_image_720p_25fps_10s
1320,1,p4x4,3,0.6157864219350295,1,12,0,8,38.687654164818326,2:-2,spatial,1,435,3,dia,15,1,0,cbr,1,main,0.7214316074693485,25,3,141,7,40,5,63,1,0,2,Still_image_720p_25fps_10s
1320,1,p4x4,3,0.6157864219350295,1,12,0,8,28.67455693226908,2:-2,spatial,1,435,3,dia,15,1,0,cbr,1,main,0.2829198489071013,25,3,141,7,40,5,63,1,0,2,Still_image_720p_25fps_10s
1320,1,p4x4,3,0.6157864219350295,1,8,0,8,38.687654164818326,2:-2,spatial,1,435,3,dia,15,1,0,cbr,1,high,0.7214316074693485,25,3,141,7,40,5,63,1,0,2,Still_image_720p_25fps_10s
1561,1,"p8x8,b8x8,i8x8,i4x4",3,1.9754280279045648,1,12,1,-5,17.92675268625064,4:4,auto,1,92,3,hex,37,0,1,cbr,1,high,0.0784792835710588,44,16,130,2,6,7,40,2,0,1,Still_image_720p_25fps_10s
2283,0,all,1,0.0520260669292369,2,7,1,11,17.913017377509092,6:-6,auto,1,458,2,hex,10,1,0,vbr,1,baseline,0.9859873526355616,37,14,240,2,81,1,63,1,0,2,Still_image_720p_25fps_10s
428,0,all,0,0.0520260669292369,0,0,1,11,11.817946525232552,6:-6,none,1,458,2,hex,10,1,1,vbr,1,baseline,0.6493532546000097,22,4,111,3,80,0,2,0,0,0,Still_image_720p_25fps_10s
2051,0,p8x8,2,0.296249058842245,1,10,0,8,38.687654164818326,2:-2,spatial,1,435,3,dia,15,0,0,cbr,1,high,0.7214316074693485,25,3,141,7,40,5,63,1,0,2,Still_image_720p_25fps_10s
1561,0,"p8x8,b8x8,i8x8,i4x4",3,1.9754280279045648,1,12,1,-5,17.92675268625064,4:4,auto,1,92,3,hex,37,0,1,cbr,1,high,0.4860962532737965,44,16,130,2,6,7,40,1,0,1,Still_image_720p_25fps_10s
1561,0,"p8x8,b8x8,i8x8,i4x4",3,1.9754280279045648,2,12,1,-5,17.92675268625064,4:4,auto,1,92,3,dia,15,1,0,cbr,1,high,0.7214316074693485,25,3,141,7,40,5,63,0,0,2,Still_image_720p_25fps_10s
1561,0,"p8x8,b8x8,i8x8,i4x4",3,1.9754280279045648,1,12,1,5,17.92675268625064,4:4,spatial,1,435,3,dia,15,1,0,cbr,1,high,0.7214316074693485,25,3,141,7,40,5,63,1,0,2,Still_image_720p_25fps_10s
1401,1,p4x4,3,1.356481654370557,1,12,1,-2,34.48035889971309,6:6,spatial,1,39,3,tesa,12,0,0,vbr,1,baseline,0.6493532546000097,48,6,92,2,92,0,2,0,0,0,Standard_720p_30fps_10s
2051,1,p8x8,2,0.296249058842245,1,9,1,-10,29.32159763936856,4:4,spatial,0,39,3,hex,10,0,0,none,1,baseline,0.9859873526355616,22,17,240,2,81,11,24,2,0,2,Standard_720p_30fps_10s
667,0,p8x8,2,0.5313281874777983,1,10,1,-10,27.07511018995715,6:6,spatial,0,154,3,hex,10,0,1,vbr,1,baseline,0.4204335832076066,22,4,55,3,62,0,2,0,0,0,Standard_720p_30fps_10s
2283,1,all,1,0.0520260669292369,2,0,0,11,17.913017377509092,6:-6,auto,1,458,2,hex,10,1,0,vbr,1,baseline,0.9859873526355616,22,14,240,2,81,11,24,2,0,2,Standard_720p_30fps_10s
2051,1,p8x8,1,0.0520260669292369,2,0,0,11,17.769431101041743,6:-6,auto,1,458,2,hex,10,0,0,vbr,1,baseline,0.9859873526355616,22,14,240,2,81,11,24,2,0,2,Standard_720p_30fps_10s
2051,0,p8x8,2,0.296249058842245,1,6,1,-10,29.32159763936856,6:6,spatial,0,39,3,tesa,45,0,0,vbr,0,main,0.2115404214338969,35,7,107,2,92,0,2,0,0,0,Standard_720p_30fps_10s
2051,1,p8x8,2,0.296249058842245,1,10,1,-10,29.32159763936856,6:6,spatial,0,39,3,tesa,45,0,0,vbr,0,baseline,0.2115404214338969,31,7,107,2,92,0,2,0,0,0,Standard_720p_30fps_10s
2051,0,p8x8,3,0.296249058842245,1,10,1,-10,23.312004829095628,-4:4,spatial,0,100,3,tesa,45,0,0,vbr,0,high,0.2115404214338969,20,11,92,2,84,8,2,0,0,1,Standard_720p_30fps_10s
1894,0,p8x8,2,0.296249058842245,2,10,1,-10,29.32159763936856,-4:4,spatial,0,146,3,tesa,45,0,0,vbr,0,baseline,0.6493532546000097,48,11,92,2,92,0,2,0,0,0,Standard_720p_30fps_10s
1079,0,p8x8,2,0.296249058842245,1,10,1,-10,29.32159763936856,-4:4,spatial,0,100,3,tesa,45,0,0,vbr,0,baseline,0.6493532546000097,48,11,92,2,92,0,2,0,0,0,Standard_720p_30fps_10s
2255,0,p8x8,3,0.296249058842245,1,10,1,-10,29.32159763936856,-4:4,spatial,0,100,3,tesa,45,0,0,vbr,0,baseline,0.6493532546000097,48,11,92,2,92,0,2,0,1,0,Standard_720p_30fps_10s
2051,1,p8x8,2,0.296249058842245,1,10,1,-10,29.32159763936856,6:6,spatial,0,39,3,tesa,45,0,0,vbr,0,baseline,0.2115404214338969,31,10,62,2,92,3,2,0,0,0,Standard_720p_30fps_10s
2051,1,p8x8,2,0.296249058842245,1,10,1,-10,29.32159763936856,6:6,spatial,0,39,3,tesa,45,0,0,vbr,0,baseline,0.4071907176306452,31,7,107,2,92,0,2,0,0,0,Standard_720p_30fps_10s
2255,0,p8x8,3,0.296249058842245,1,10,0,-10,29.32159763936856,-4:4,spatial,0,100,3,tesa,45,0,0,vbr,0,baseline,0.2115404214338969,31,7,107,2,92,0,2,0,0,0,Standard_720p_30fps_10s
1119,1,p8x8,1,0.0520260669292369,2,0,0,-10,17.769431101041743,6:-6,auto,1,458,2,hex,10,1,0,vbr,1,baseline,0.9859873526355616,22,14,240,12,81,2,2,0,0,0,Standard_720p_30fps_10s
2051,1,p8x8,2,0.296249058842245,1,10,1,-10,27.07511018995715,6:6,spatial,0,154,3,hex,10,1,1,vbr,1,baseline,0.6493532546000097,22,4,55,3,80,0,2,0,0,0,Standard_720p_30fps_10s
2051,0,p8x8,2,0.296249058842245,1,10,1,-10,29.32159763936856,-4:4,spatial,0,100,3,tesa,45,0,0,vbr,0,baseline,0.2115404214338969,20,7,107,12,7,7,56,2,0,0,Standard_720p_30fps_10s
52,0,p8x8,3,0.8278017463849111,0,9,0,12,25.78624199311713,6:6,none,0,356,1,dia,14,1,0,none,0,baseline,0.4326403739559353,34,5,109,12,36,4,18,0,0,1,Standard_720p_30fps_10s
1401,1,p4x4,3,1.356481654370557,1,12,0,-2,33.659914367378114,3:3,none,1,278,1,hex,10,0,0,cbr,1,baseline,0.6243479434565511,49,18,135,2,64,3,31,1,1,0,Standard_720p_30fps_10s
1401,1,all,3,1.356481654370557,1,12,0,-2,33.659914367378114,3:3,none,1,278,1,tesa,10,0,1,cbr,0,baseline,0.6243479434565511,49,18,135,2,64,3,31,0,0,0,Standard_720p_30fps_10s
1079,0,p8x8,2,0.296249058842245,1,10,1,-10,29.32159763936856,-4:4,spatial,0,100,3,tesa,45,0,0,vbr,0,baseline,0.6493532546000097,48,11,92,2,92,0,2,0,0,0,Standard_1080p_30fps_5s
2002,0,p8x8,2,0.296249058842245,2,10,1,-10,29.32159763936856,6:-6,spatial,0,100,3,tesa,45,0,0,vbr,0,baseline,0.6493532546000097,48,15,92,2,92,7,2,0,0,0,Standard_1080p_30fps_5s
2283,1,all,1,0.0520260669292369,2,0,0,11,17.913017377509092,6:-6,auto,1,458,2,hex,10,1,0,vbr,1,baseline,0.9859873526355616,22,14,240,2,81,11,24,2,0,2,Standard_1080p_30fps_5s
1320,0,p4x4,3,1.2028142322233848,1,12,0,8,28.67455693226908,2:-2,spatial,1,458,3,hex,10,0,0,vbr,1,baseline,0.9859873526355616,22,14,18,2,81,11,24,0,0,2,Standard_1080p_30fps_5s
1166,0,none,2,1.419806761705947,2,10,1,-11,29.32159763936856,1:1,spatial,0,100,3,tesa,45,0,0,vbr,1,baseline,0.6493532546000097,48,15,92,2,92,7,2,0,0,0,Standard_1080p_30fps_5s
428,0,"p8x8,b8x8,i8x8,i4x4",0,0.0520260669292369,1,0,1,11,17.913017377509092,-4:4,spatial,0,11,3,tesa,45,0,0,vbr,0,baseline,0.6493532546000097,26,16,92,2,70,11,24,2,0,2,Standard_1080p_30fps_5s
1079,0,p8x8,2,1.7703159785329992,1,10,1,-10,29.32159763936856,-4:4,none,0,100,3,tesa,45,0,0,none,1,main,0.2829198489071013,25,3,141,7,40,5,63,1,0,1,Standard_1080p_30fps_5s
1079,0,p8x8,2,1.7703159785329992,1,10,1,-10,29.32159763936856,-4:4,none,0,100,3,tesa,45,0,0,none,1,main,0.2829198489071013,25,3,134,7,40,5,63,1,0,1,Standard_1080p_30fps_5s
1079,0,p8x8,2,1.7703159785329992,1,10,1,-10,29.32159763936856,-4:4,auto,0,100,3,tesa,45,0,0,none,1,main,0.9544631986942628,25,3,141,7,40,5,63,1,0,1,Standard_1080p_30fps_5s
1079,0,p8x8,0,1.7703159785329992,1,10,1,-10,29.32159763936856,-4:4,none,0,100,3,tesa,45,0,0,none,1,main,0.2829198489071013,25,3,141,7,29,5,63,1,0,1,Standard_1080p_30fps_5s
1587,0,p8x8,2,1.7703159785329992,1,10,1,-10,29.32159763936856,-3:3,none,0,100,3,hex,45,0,0,none,1,main,0.7267739747153646,46,3,141,7,40,5,63,1,0,1,Standard_1080p_30fps_5s
2051,0,p8x8,2,0.296249058842245,1,10,1,-10,29.32159763936856,-4:4,spatial,0,100,3,tesa,45,0,0,vbr,0,baseline,0.2115404214338969,20,7,107,12,7,7,56,2,0,0,Standard_1080p_30fps_5s
1166,0,none,2,1.419806761705947,2,11,1,1,44.83374983509558,-3:3,auto,1,287,0,umh,38,1,1,none,0,baseline,0.9306224373092584,47,16,101,10,23,8,64,0,0,0,Standard_1080p_30fps_5s
1166,0,none,2,1.419806761705947,2,11,1,1,44.83374983509558,-3:3,auto,1,287,3,umh,38,1,1,none,0,baseline,0.9306224373092584,22,4,111,3,80,1,2,0,0,2,Standard_1080p_30fps_5s
1166,0,none,2,1.419806761705947,2,11,1,1,44.83374983509558,-3:3,auto,1,287,3,dia,15,1,1,cbr,1,baseline,0.9118525027695126,48,2,92,2,92,0,2,2,0,0,Standard_1080p_30fps_5s
2002,0,none,2,1.419806761705947,2,11,1,1,44.83374983509558,-3:3,auto,1,287,3,umh,38,1,1,none,0,baseline,0.9306224373092584,22,20,111,3,80,1,2,1,0,2,Standard_1080p_30fps_5s
428,0,all,0,0.0520260669292369,0,0,0,11,17.913017377509092,-3:3,auto,1,287,0,umh,38,1,1,cbr,0,baseline,0.9306224373092584,23,16,168,10,69,8,64,0,0,0,Standard_1080p_30fps_5s
2002,0,none,2,1.419806761705947,2,11,1,1,44.83374983509558,-3:3,auto,0,17,1,umh,38,1,1,none,0,baseline,0.9306224373092584,48,19,92,2,92,7,2,0,0,0,Standard_1080p_30fps_5s
2158,1,p8x8,3,0.6157864219350295,1,12,0,8,28.67455693226908,2:-2,spatial,1,435,3,dia,15,1,0,cbr,0,baseline,0.6493532546000097,48,11,92,2,92,0,2,2,0,0,Standard_1080p_30fps_5s
2158,1,p8x8,3,0.6157864219350295,1,12,0,8,28.67455693226908,2:-2,none,1,435,3,dia,15,1,0,cbr,0,baseline,0.6493532546000097,48,11,92,2,81,11,24,2,0,2,Standard_1080p_30fps_5s
1157,0,p8x8,2,1.808177595813655,1,7,0,12,37.36255754594782,2:2,temporal,0,119,0,umh,36,0,0,none,0,baseline,0.3770737954321732,21,18,88,5,44,2,40,2,0,1,Standard_480p_60fps_20s
1974,0,p4x4,2,0.8031596101194036,0,7,0,1,25.059861731496472,-3:3,none,0,215,4,tesa,7,0,0,none,1,high,0.0125755748911785,39,5,212,10,73,1,35,1,0,1,Standard_480p_60fps_20s
2094,0,"p8x8,b8x8,i8x8,i4x4",0,0.3148879351383072,0,6,0,-6,35.744686063810704,5:-5,none,0,215,4,tesa,7,0,0,none,1,high,0.0125755748911785,39,5,212,10,73,1,35,1,0,1,Standard_480p_60fps_20s
1974,0,p4x4,2,0.8031596101194036,1,7,0,1,25.059861731496472,-3:3,none,1,215,4,umh,10,0,0,cbr,1,high,0.3663521095829675,38,5,197,14,35,4,12,2,0,0,Standard_480p_60fps_20s
1754,0,p4x4,2,0.8031596101194036,0,7,0,1,25.059861731496472,-3:3,none,0,119,0,umh,36,0,0,none,0,baseline,0.3770737954321732,21,16,88,12,44,0,40,2,0,1,Standard_480p_60fps_20s
1157,1,p8x8,2,1.808177595813655,1,7,0,12,37.36255754594782,-6:6,none,0,215,4,tesa,7,0,0,none,1,high,0.0125755748911785,39,5,212,10,73,1,60,1,0,1,Standard_480p_60fps_20s
1974,0,p4x4,2,0.8031596101194036,1,7,1,1,25.059861731496472,-3:3,none,1,215,4,umh,10,0,0,cbr,1,high,0.5585211604241007,32,0,230,10,32,5,19,2,0,0,Standard_480p_60fps_20s
1974,0,p4x4,2,1.921379441446754,0,7,0,1,25.059861731496472,-3:3,none,0,215,4,tesa,63,0,0,none,0,baseline,0.0125755748911785,39,5,212,10,73,1,35,1,0,2,Standard_480p_60fps_20s
2094,1,"p8x8,b8x8,i8x8,i4x4",0,0.3148879351383072,0,6,0,-6,35.744686063810704,-5:5,none,0,215,4,tesa,7,0,0,none,1,high,0.0125755748911785,39,5,212,10,73,1,35,1,0,1,Standard_480p_60fps_20s
1974,0,p4x4,2,0.8031596101194036,1,7,0,1,25.059861731496472,-3:3,none,1,215,4,umh,10,0,0,cbr,1,high,0.2286278501524964,38,5,197,14,35,4,12,2,0,2,Standard_480p_60fps_20s
1677,0,all,2,1.9603130745095043,2,6,0,12,37.36255754594782,-6:6,none,0,215,4,tesa,7,0,0,none,1,high,0.0125755748911785,39,5,212,10,73,8,60,1,0,1,Standard_480p_60fps_20s
135,1,p4x4,2,1.376009286708871,0,0,0,12,45.97524640994949,-3:3,temporal,0,207,4,dia,7,0,0,none,1,main,0.0125755748911785,39,5,212,10,73,1,60,1,0,1,Standard_480p_60fps_20s
1582,0,all,2,0.7876201876686689,1,2,1,0,5.349209321643618,1:1,spatial,1,443,4,tesa,7,0,0,none,1,high,0.0125755748911785,39,5,212,10,97,1,35,1,1,1,Standard_480p_60fps_20s
1974,0,p4x4,2,0.8031596101194036,2,7,0,1,25.059861731496472,-3:3,none,0,215,4,dia,24,0,0,none,1,baseline,0.0125755748911785,39,5,67,10,80,1,35,1,1,1,Standard_480p_60fps_20s
1974,0,all,2,0.8031596101194036,1,7,0,1,25.059861731496472,-3:3,none,1,215,4,tesa,10,0,0,cbr,1,high,0.2286278501524964,38,5,112,14,35,9,12,2,0,2,Standard_480p_60fps_20s
1974,0,p4x4,0,1.921379441446754,0,7,0,1,1.6698100565910112,-3:3,none,0,215,4,tesa,32,0,0,cbr,0,baseline,0.7840365949882372,41,9,217,9,56,5,24,2,0,2,Standard_480p_60fps_20s
2338,0,p4x4,2,0.8031596101194036,2,7,0,1,24.078821898900205,-3:3,auto,1,162,4,umh,10,0,1,cbr,1,high,0.2286278501524964,38,17,197,10,73,1,35,1,0,1,Standard_480p_60fps_20s
2094,1,"p8x8,b8x8,i8x8,i4x4",0,0.3148879351383072,0,6,0,-6,35.744686063810704,-5:5,none,0,215,1,tesa,7,0,0,none,1,high,0.0125755748911785,25,5,212,14,35,4,12,2,0,2,Standard_480p_60fps_20s
473,1,"p8x8,b8x8,i8x8,i4x4",2,1.376009286708871,0,0,0,1,4.288775714325351,-3:3,none,0,215,4,tesa,63,0,0,none,0,baseline,0.0125755748911785,39,5,212,10,73,1,35,1,0,1,Standard_480p_60fps_20s
2132,0,p4x4,1,1.921379441446754,0,7,0,1,25.059861731496472,-3:3,none,0,215,4,tesa,63,0,0,none,0,baseline,0.0125755748911785,39,5,212,10,73,1,35,2,1,2,Standard_480p_60fps_20s
901,0,none,0,1.1105357946224923,0,1,1,8,27.8211599730834,4:4,temporal,1,372,2,hex,32,1,0,none,1,main,0.6243479434565511,32,13,62,6,37,2,39,2,0,2,Big_480p_60fps_15s
2051,0,all,2,0.0520260669292369,1,0,1,11,11.817946525232552,6:-6,none,1,127,2,hex,32,0,0,none,1,main,0.6243479434565511,32,13,62,6,37,2,39,0,0,2,Big_480p_60fps_15s
2051,0,p8x8,2,0.0520260669292369,1,0,1,11,11.817946525232552,6:-6,none,1,127,2,hex,32,0,0,none,1,baseline,0.6493532546000097,22,4,55,3,80,0,2,0,0,0,Big_480p_60fps_15s
667,0,p8x8,2,0.5313281874777983,1,10,1,-10,27.07511018995715,6:6,spatial,0,154,3,hex,10,0,1,vbr,1,baseline,0.4204335832076066,22,4,55,3,62,0,2,0,0,0,Big_480p_60fps_15s
1079,0,p8x8,2,0.296249058842245,1,10,1,-10,29.32159763936856,-4:4,spatial,0,100,3,tesa,45,0,0,vbr,0,baseline,0.6493532546000097,48,11,92,2,92,0,2,0,0,0,Big_480p_60fps_15s
1894,0,p8x8,2,0.296249058842245,2,10,1,-10,29.32159763936856,-4:4,spatial,0,146,3,tesa,45,0,0,vbr,0,baseline,0.6493532546000097,48,11,92,2,92,0,2,0,0,0,Big_480p_60fps_15s
2051,1,p8x8,2,0.296249058842245,1,10,1,-10,29.32159763936856,6:6,spatial,0,39,3,tesa,45,0,0,vbr,0,baseline,0.2115404214338969,31,7,107,2,92,0,2,0,0,0,Big_480p_60fps_15s
2051,0,p8x8,3,0.296249058842245,1,10,1,-10,23.312004829095628,-4:4,spatial,0,100,3,tesa,45,0,0,vbr,0,high,0.2115404214338969,20,11,92,2,84,8,2,0,0,1,Big_480p_60fps_15s
2051,0,p8x8,2,0.296249058842245,1,6,1,-10,29.32159763936856,6:6,spatial,0,39,3,tesa,45,0,0,vbr,0,main,0.2115404214338969,35,7,107,2,92,0,2,0,0,0,Big_480p_60fps_15s
1401,1,p4x4,3,1.356481654370557,1,12,1,-2,34.48035889971309,6:6,spatial,1,39,3,tesa,12,0,0,vbr,1,baseline,0.6493532546000097,48,6,92,2,92,0,2,0,0,0,Big_480p_60fps_15s
2051,1,p8x8,2,0.296249058842245,1,9,1,-10,29.32159763936856,4:4,spatial,0,39,3,hex,10,0,0,none,1,baseline,0.9859873526355616,22,17,240,2,81,11,24,2,0,2,Big_480p_60fps_15s
2051,1,p8x8,2,1.478171640546586,1,10,1,-10,27.07511018995715,6:6,spatial,0,127,1,hex,10,0,0,vbr,1,baseline,0.6493532546000097,46,4,111,3,80,0,2,0,0,1,Big_480p_60fps_15s
1894,0,p8x8,2,0.5627110727333691,2,10,1,-10,29.32159763936856,-4:4,spatial,0,146,3,tesa,37,0,0,vbr,0,baseline,0.6493532546000097,48,11,92,2,92,0,2,0,0,0,Big_480p_60fps_15s
2051,0,p8x8,2,0.296249058842245,1,10,1,1,15.759421606152248,-1:1,spatial,0,100,3,tesa,45,0,0,vbr,0,high,0.2115404214338969,20,11,92,2,92,0,2,0,0,0,Big_480p_60fps_15s
2051,0,"p8x8,b8x8,i8x8,i4x4",2,1.478171640546586,1,10,1,-10,27.07511018995715,6:6,spatial,0,127,1,hex,10,0,0,vbr,1,baseline,0.6493532546000097,46,4,111,3,80,0,2,0,0,1,Big_480p_60fps_15s
2051,1,p8x8,2,1.478171640546586,1,10,1,-10,27.07511018995715,-6:6,spatial,0,127,1,hex,10,0,0,vbr,1,baseline,0.6361813150539242,46,4,111,3,80,0,2,1,0,1,Big_480p_60fps_15s
2051,1,all,2,1.478171640546586,1,3,1,-10,27.07511018995715,6:6,spatial,0,127,1,hex,10,0,0,vbr,1,baseline,0.6493532546000097,46,4,111,3,80,0,2,0,0,1,Big_480p_60fps_15s
667,0,p8x8,2,0.5313281874777983,1,10,1,-10,27.07511018995715,6:6,spatial,0,100,3,umh,45,0,0,vbr,0,baseline,0.6493532546000097,48,11,92,10,92,0,2,0,0,0,Big_480p_60fps_15s
2051,1,p8x8,2,1.478171640546586,1,10,1,-10,27.07511018995715,-5:5,spatial,0,127,3,tesa,37,0,0,vbr,0,baseline,0.6493532546000097,48,11,92,2,92,0,2,0,0,0,Big_480p_60fps_15s
1401,0,p4x4,1,1.356481654370557,1,12,1,-2,34.48035889971309,5:5,temporal,1,39,3,tesa,12,0,0,vbr,1,baseline,0.1782623695082673,48,6,92,2,92,0,2,0,0,2,Big_480p_60fps_15s
1565,1,all,2,0.9990668565461452,0,11,0,11,44.608662334883306,4:-4,temporal,1,401,3,dia,22,0,1,cbr,0,baseline,0.363347386675311,40,12,182,13,64,3,31,0,1,0,Standard_1080p_60fps_15s
757,1,none,0,1.9835703071312232,1,11,0,1,44.608662334883306,6:6,temporal,1,401,3,dia,22,0,1,cbr,1,main,0.363347386675311,40,5,182,13,50,0,57,0,0,2,Standard_1080p_60fps_15s
1565,1,all,2,0.9990668565461452,0,11,0,11,44.608662334883306,4:-4,temporal,1,401,3,dia,22,0,1,cbr,0,baseline,0.363347386675311,40,12,182,13,50,0,57,0,0,2,Standard_1080p_60fps_15s
1889,1,none,1,0.61390793336796,1,1,0,-5,17.900243077481445,-1:1,temporal,1,401,3,dia,22,0,1,cbr,0,baseline,0.363347386675311,40,12,182,13,50,4,40,0,0,2,Standard_1080p_60fps_15s
1466,1,all,2,0.9990668565461452,0,11,0,11,44.608662334883306,4:-4,temporal,1,401,3,dia,22,0,1,cbr,0,baseline,0.363347386675311,40,12,182,13,50,0,57,0,0,2,Standard_1080p_60fps_15s
1889,1,none,1,0.61390793336796,0,7,1,11,36.4526879545092,4:-4,temporal,1,401,3,dia,22,0,1,cbr,0,baseline,0.2774819550020612,40,12,182,13,50,0,57,0,0,2,Standard_1080p_60fps_15s
1565,1,p8x8,2,0.9990668565461452,0,11,0,11,44.608662334883306,4:-4,temporal,1,401,3,dia,22,0,1,cbr,0,baseline,0.363347386675311,40,12,182,13,50,0,57,0,0,0,Standard_1080p_60fps_15s
1344,1,"p8x8,b8x8,i8x8,i4x4",1,1.4994125947692052,0,3,1,11,44.608662334883306,4:-4,temporal,1,401,3,dia,22,0,1,cbr,0,high,0.363347386675311,40,12,182,13,50,0,57,0,1,2,Standard_1080p_60fps_15s
757,1,none,3,1.9835703071312232,1,9,1,1,37.888880390523255,5:5,none,1,334,3,dia,22,0,1,cbr,0,baseline,0.363347386675311,40,12,182,13,50,4,40,0,0,2,Standard_1080p_60fps_15s
757,1,none,3,1.9835703071312232,1,9,1,1,37.888880390523255,5:5,spatial,0,334,1,hex,6,1,1,cbr,0,high,0.3341435203941505,33,18,41,3,32,5,42,2,0,2,Standard_1080p_60fps_15s
1344,1,"p8x8,b8x8,i8x8,i4x4",1,1.4994125947692052,0,3,1,-10,8.95525222069977,-3:3,spatial,1,352,3,dia,45,1,1,cbr,0,high,0.0018151682110434,42,1,216,10,14,4,13,2,0,0,Standard_1080p_60fps_15s
1344,1,"p8x8,b8x8,i8x8,i4x4",1,1.4994125947692052,0,3,1,2,8.95525222069977,-3:3,spatial,1,314,3,dia,45,1,1,cbr,0,high,0.0018151682110434,42,1,216,10,14,4,13,2,0,0,Standard_1080p_60fps_15s
241,0,none,1,0.61390793336796,0,1,1,-2,33.659914367378114,3:3,none,1,278,1,umh,10,0,1,cbr,0,baseline,0.6243479434565511,49,18,135,2,34,3,31,1,1,0,Standard_1080p_60fps_15s
241,0,none,1,0.61390793336796,0,1,1,-2,33.659914367378114,3:3,none,1,278,1,umh,10,0,1,cbr,1,baseline,0.363347386675311,40,12,182,13,37,0,57,0,1,2,Standard_1080p_60fps_15s
1401,1,p4x4,3,1.356481654370557,1,12,0,-2,33.659914367378114,3:3,none,1,278,1,hex,10,0,0,cbr,1,baseline,0.6243479434565511,49,18,135,2,64,3,31,1,1,0,Standard_1080p_60fps_15s
876,1,none,1,1.830235495576655,0,15,0,-1,16.29015290146609,5:-5,temporal,1,278,3,hex,10,0,0,cbr,1,baseline,0.6243479434565511,49,18,135,2,64,3,31,1,1,0,Standard_1080p_60fps_15s
1889,0,none,1,0.61390793336796,0,1,1,-2,33.659914367378114,3:3,none,1,278,1,hex,10,0,0,cbr,0,baseline,0.6243479434565511,49,18,135,2,64,3,31,1,1,0,Standard_1080p_60fps_15s
1401,1,p4x4,3,1.356481654370557,2,12,0,-2,33.659914367378114,3:3,spatial,1,278,1,hex,10,0,0,cbr,1,baseline,0.6243479434565511,49,18,135,2,64,3,31,0,1,0,Standard_1080p_60fps_15s
1401,1,p4x4,3,1.356481654370557,2,12,0,-2,33.659914367378114,3:3,none,0,278,1,hex,10,0,0,none,1,baseline,0.6243479434565511,49,20,135,2,64,3,31,1,1,2,Standard_1080p_60fps_15s
1401,1,p4x4,3,1.356481654370557,1,12,0,-2,33.659914367378114,3:3,none,1,424,1,hex,22,1,0,cbr,0,baseline,0.6243479434565511,49,5,135,2,81,3,31,1,1,0,Standard_1080p_60fps_15s
1079,0,p8x8,2,1.7703159785329992,1,10,1,-10,29.32159763936856,-4:4,auto,0,100,3,tesa,45,0,0,none,1,main,0.9544631986942628,25,3,141,7,40,5,63,1,0,1,Still_image_480p_25fps_15s
1079,0,p8x8,0,1.7703159785329992,1,10,1,-10,29.32159763936856,-4:4,none,0,100,3,tesa,45,0,0,none,1,main,0.2829198489071013,25,3,141,7,29,5,63,1,0,1,Still_image_480p_25fps_15s
1079,0,p8x8,2,1.7703159785329992,1,10,1,-10,29.32159763936856,-4:4,none,0,100,3,tesa,45,0,0,none,1,main,0.2829198489071013,25,3,134,7,40,5,63,1,0,1,Still_image_480p_25fps_15s
1079,0,p8x8,2,1.7703159785329992,1,10,1,-10,29.32159763936856,-4:4,none,0,100,3,tesa,45,0,0,none,1,main,0.2829198489071013,25,3,141,7,40,5,63,1,0,1,Still_image_480p_25fps_15s
1079,0,p8x8,0,1.7703159785329992,1,10,1,-3,29.32159763936856,-4:4,none,0,100,3,tesa,45,0,0,none,1,main,0.2829198489071013,25,3,141,7,29,5,63,1,0,1,Still_image_480p_25fps_15s
2283,1,all,1,0.0520260669292369,2,0,0,11,17.913017377509092,6:-6,auto,1,458,2,hex,10,1,0,vbr,1,baseline,0.9859873526355616,22,14,240,2,81,11,24,2,0,2,Still_image_480p_25fps_15s
2283,1,all,2,0.0520260669292369,2,0,0,11,17.913017377509092,6:-6,spatial,0,100,3,hex,45,0,0,vbr,1,baseline,0.6493532546000097,48,8,28,2,92,7,2,0,0,1,Still_image_480p_25fps_15s
2283,1,all,1,0.0520260669292369,2,0,0,11,17.913017377509092,6:-6,spatial,0,278,3,hex,45,0,0,vbr,1,baseline,0.6493532546000097,48,8,188,15,92,7,31,0,0,1,Still_image_480p_25fps_15s
1166,0,none,2,1.419806761705947,2,10,1,-11,29.32159763936856,2:-2,auto,1,458,0,hex,10,1,0,vbr,1,baseline,0.9859873526355616,22,14,240,2,81,11,24,2,0,2,Still_image_480p_25fps_15s
1565,1,all,2,0.9990668565461452,0,11,0,11,44.608662334883306,4:-4,temporal,1,401,3,dia,22,0,1,cbr,0,baseline,0.363347386675311,40,12,182,13,64,3,31,0,1,0,Still_image_480p_25fps_15s
1079,0,p8x8,2,0.296249058842245,1,10,1,-10,29.32159763936856,-4:4,spatial,0,100,3,tesa,45,0,0,vbr,0,baseline,0.6493532546000097,48,11,92,2,92,0,2,0,0,0,Still_image_480p_25fps_15s
2002,0,p8x8,2,0.296249058842245,2,10,1,-10,29.32159763936856,6:-6,spatial,0,100,3,tesa,45,0,0,vbr,0,baseline,0.6493532546000097,48,15,92,2,92,7,2,0,0,0,Still_image_480p_25fps_15s
1079,0,p8x8,2,0.296249058842245,1,10,1,-10,29.32159763936856,-4:4,spatial,0,100,3,tesa,45,0,0,vbr,0,baseline,0.6493532546000097,48,11,92,1,64,3,31,0,0,0,Still_image_480p_25fps_15s
2002,0,p8x8,2,0.296249058842245,1,10,1,-10,29.32159763936856,6:-6,spatial,0,100,3,esa,45,0,1,vbr,0,baseline,0.6493532546000097,48,11,92,2,92,0,2,0,0,0,Still_image_480p_25fps_15s
382,0,p8x8,2,0.296249058842245,0,10,1,-10,29.32159763936856,-4:4,spatial,0,171,3,tesa,45,0,0,vbr,0,baseline,0.6493532546000097,48,15,92,2,92,7,2,0,0,0,Still_image_480p_25fps_15s
1166,0,none,2,1.419806761705947,2,10,1,-11,29.32159763936856,2:-2,spatial,0,100,3,hex,45,0,0,vbr,1,baseline,0.6493532546000097,48,8,28,2,92,7,2,0,0,1,Still_image_480p_25fps_15s
1320,0,p4x4,3,1.2028142322233848,1,12,0,8,28.67455693226908,2:-2,spatial,1,458,3,hex,10,0,0,vbr,1,baseline,0.9859873526355616,22,14,18,2,81,11,24,0,0,2,Still_image_480p_25fps_15s
2283,1,all,2,1.2028142322233848,1,12,0,8,28.67455693226908,2:-2,spatial,1,458,3,hex,10,0,0,vbr,1,baseline,0.9859873526355616,22,14,18,2,81,11,24,0,0,1,Still_image_480p_25fps_15s
2283,1,all,3,1.2028142322233848,1,12,0,8,28.67455693226908,2:-2,spatial,1,458,3,hex,10,0,0,vbr,1,baseline,0.9859873526355616,22,14,146,2,81,11,24,0,0,2,Still_image_480p_25fps_15s
1166,0,none,2,1.419806761705947,2,10,1,-11,29.32159763936856,1:1,spatial,0,100,3,tesa,45,0,0,vbr,1,baseline,0.6493532546000097,48,15,92,2,92,7,2,0,0,0,Still_image_480p_25fps_15s
1079,0,p8x8,2,1.7703159785329992,1,10,1,-10,29.32159763936856,-4:4,none,0,100,3,tesa,45,0,0,none,1,main,0.2829198489071013,25,3,141,7,40,5,63,1,0,1,Big_480p_25fps_20s
1079,0,p8x8,2,1.7703159785329992,1,10,1,-10,29.32159763936856,-4:4,auto,0,100,3,tesa,45,0,0,none,1,main,0.9544631986942628,25,3,141,7,40,5,63,1,0,1,Big_480p_25fps_20s
1079,0,p8x8,2,1.7703159785329992,1,10,1,-10,29.32159763936856,-4:4,none,0,100,3,tesa,45,0,0,none,1,main,0.2829198489071013,25,3,134,7,40,5,63,1,0,1,Big_480p_25fps_20s
1079,0,p8x8,0,1.7703159785329992,1,10,1,-10,29.32159763936856,-4:4,none,0,100,3,tesa,45,0,0,none,1,main,0.2829198489071013,25,3,141,7,29,5,63,1,0,1,Big_480p_25fps_20s
1079,0,p8x8,0,1.7703159785329992,1,10,1,-3,29.32159763936856,-4:4,none,0,100,3,tesa,45,0,0,none,1,main,0.2829198489071013,25,3,141,7,29,5,63,1,0,1,Big_480p_25fps_20s
1565,1,all,2,0.9990668565461452,0,11,0,11,44.608662334883306,4:-4,temporal,1,401,3,dia,22,0,1,cbr,0,baseline,0.363347386675311,40,12,182,13,64,3,31,0,1,0,Big_480p_25fps_20s
1565,1,all,2,0.9990668565461452,0,11,0,11,44.608662334883306,4:-4,temporal,1,401,3,dia,22,0,1,cbr,0,baseline,0.363347386675311,34,12,157,13,64,3,31,0,1,0,Big_480p_25fps_20s
1565,1,all,2,0.9990668565461452,0,11,0,11,44.608662334883306,4:-4,temporal,1,401,3,dia,22,0,1,cbr,0,baseline,0.363347386675311,34,12,157,13,64,3,31,0,1,1,Big_480p_25fps_20s
1974,0,p4x4,2,0.9990668565461452,0,11,0,11,44.608662334883306,4:-4,temporal,1,401,3,dia,22,0,1,cbr,0,baseline,0.363347386675311,40,12,182,13,64,3,31,0,1,0,Big_480p_25fps_20s
1974,1,p4x4,2,0.8031596101194036,1,7,0,1,25.059861731496472,4:-4,none,1,215,4,dia,10,0,0,cbr,1,baseline,0.363347386675311,40,12,122,13,64,3,31,0,1,0,Big_480p_25fps_20s
2283,1,all,1,0.0520260669292369,2,0,0,11,17.913017377509092,6:-6,auto,1,458,2,hex,10,1,0,vbr,1,baseline,0.9859873526355616,22,14,240,2,81,11,24,2,0,2,Big_480p_25fps_20s
2283,1,all,2,0.0520260669292369,2,0,0,11,17.913017377509092,6:-6,spatial,0,100,3,hex,45,0,0,vbr,1,baseline,0.6493532546000097,48,8,28,2,92,7,2,0,0,1,Big_480p_25fps_20s
2283,1,all,1,0.0520260669292369,2,0,0,11,17.913017377509092,6:-6,spatial,0,278,3,hex,45,0,0,vbr,1,baseline,0.6493532546000097,48,8,188,15,92,7,31,0,0,1,Big_480p_25fps_20s
2283,1,all,1,0.0520260669292369,2,0,0,12,17.913017377509092,6:-6,auto,1,458,2,hex,10,1,0,vbr,1,baseline,0.9859873526355616,22,14,240,2,81,11,24,2,0,2,Big_480p_25fps_20s
1166,0,none,2,1.419806761705947,2,10,1,-11,29.32159763936856,2:-2,auto,1,458,0,hex,10,1,0,vbr,1,baseline,0.9859873526355616,22,14,240,2,81,11,24,2,0,2,Big_480p_25fps_20s
1166,1,none,0,0.4072525850672805,2,10,1,-11,29.32159763936856,2:-2,auto,1,402,2,hex,10,1,1,vbr,1,baseline,0.9859873526355616,22,14,240,2,81,11,24,2,0,2,Big_480p_25fps_20s
1974,0,p4x4,2,0.8031596101194036,1,7,1,1,25.059861731496472,-3:3,none,1,215,4,umh,10,0,0,cbr,1,high,0.5585211604241007,32,0,230,10,32,5,19,2,0,0,Big_480p_25fps_20s
1157,1,p8x8,2,1.808177595813655,1,7,0,12,37.36255754594782,-6:6,none,0,215,4,tesa,7,0,0,none,1,high,0.0125755748911785,39,5,212,10,73,1,60,1,0,1,Big_480p_25fps_20s
1754,0,p4x4,2,0.8031596101194036,0,7,0,1,25.059861731496472,-3:3,none,0,119,0,umh,36,0,0,none,0,baseline,0.3770737954321732,21,16,88,12,44,0,40,2,0,1,Big_480p_25fps_20s
2094,0,"p8x8,b8x8,i8x8,i4x4",0,0.3148879351383072,0,6,0,-6,35.744686063810704,5:-5,none,0,215,4,tesa,7,0,0,none,1,high,0.0125755748911785,39,5,212,10,73,1,35,1,0,1,Big_480p_25fps_20s
1974,0,p4x4,2,0.8031596101194036,1,7,0,1,25.059861731496472,5:-5,auto,1,215,4,umh,10,0,0,cbr,1,baseline,0.6493532546000097,22,4,111,3,80,0,2,0,0,0,Standard_480p_25fps_5s
1974,0,p4x4,2,0.8031596101194036,1,7,1,1,25.059861731496472,5:-5,auto,1,215,4,umh,10,0,0,cbr,1,baseline,0.2858662216079829,22,5,111,3,80,0,2,0,0,0,Standard_480p_25fps_5s
1157,0,p8x8,2,1.808177595813655,1,7,0,12,37.36255754594782,2:2,temporal,0,119,0,umh,36,0,0,none,0,baseline,0.3770737954321732,21,18,88,5,44,2,40,2,0,1,Standard_480p_25fps_5s
1079,0,p8x8,2,0.296249058842245,1,10,1,-10,29.32159763936856,-4:4,spatial,0,100,3,tesa,45,0,0,vbr,0,baseline,0.6493532546000097,48,11,92,2,92,0,2,0,0,0,Standard_480p_25fps_5s
2094,0,"p8x8,b8x8,i8x8,i4x4",0,1.3472394274614126,1,10,1,-10,29.32159763936856,-4:4,spatial,0,100,3,tesa,27,0,0,vbr,0,baseline,0.6493532546000097,48,11,141,2,92,0,2,0,0,0,Standard_480p_25fps_5s
1974,0,"p8x8,b8x8,i8x8,i4x4",2,0.8031596101194036,1,7,0,1,40.17304319775817,4:-4,auto,1,215,4,umh,10,0,0,cbr,0,baseline,0.3770737954321732,21,16,88,12,44,0,40,2,0,1,Standard_480p_25fps_5s
1079,1,p8x8,2,0.296249058842245,1,10,1,-10,29.32159763936856,-4:4,spatial,0,100,3,tesa,45,0,0,vbr,0,baseline,0.495485102509096,48,11,92,2,92,0,2,0,0,0,Standard_480p_25fps_5s
2094,0,"p8x8,b8x8,i8x8,i4x4",0,1.3285780518934895,0,10,1,-10,29.32159763936856,-4:4,temporal,0,100,3,tesa,27,0,0,vbr,0,baseline,0.9696461911517028,48,11,141,2,92,0,9,0,0,0,Standard_480p_25fps_5s
1726,0,"p8x8,b8x8,i8x8,i4x4",2,0.8031596101194036,1,7,0,1,40.17304319775817,4:-4,auto,0,215,4,umh,10,0,0,cbr,0,baseline,0.3770737954321732,21,16,88,12,44,0,40,2,0,1,Standard_480p_25fps_5s
2283,1,all,1,0.0520260669292369,2,0,0,11,17.913017377509092,6:-6,auto,1,458,2,hex,10,1,0,vbr,1,baseline,0.9859873526355616,22,14,240,2,81,11,24,2,0,2,Standard_480p_25fps_5s
2094,1,"p8x8,b8x8,i8x8,i4x4",0,0.3148879351383072,0,6,0,-6,35.744686063810704,-5:5,auto,1,458,2,hex,10,1,0,none,1,baseline,0.9859873526355616,22,14,240,2,81,11,45,2,0,2,Standard_480p_25fps_5s
1974,0,p4x4,2,0.8031596101194036,1,7,0,1,25.059861731496472,-3:3,none,1,215,4,umh,10,0,0,cbr,1,high,0.2286278501524964,38,5,197,14,35,4,12,2,0,2,Standard_480p_25fps_5s
2094,1,"p8x8,b8x8,i8x8,i4x4",0,0.3148879351383072,0,6,0,-6,35.744686063810704,-5:5,none,0,215,4,tesa,7,0,0,none,1,high,0.0125755748911785,39,5,212,10,73,1,35,1,0,1,Standard_480p_25fps_5s
1974,0,p4x4,2,1.921379441446754,0,7,0,1,25.059861731496472,-3:3,none,0,215,4,tesa,63,0,0,none,0,baseline,0.0125755748911785,39,5,212,10,73,1,35,1,0,2,Standard_480p_25fps_5s
1974,0,p4x4,2,0.8031596101194036,1,7,1,1,25.059861731496472,-3:3,none,1,215,4,umh,10,0,0,cbr,1,high,0.5585211604241007,32,0,230,10,32,5,19,2,0,0,Standard_480p_25fps_5s
1157,1,p8x8,2,1.808177595813655,1,7,0,12,37.36255754594782,-6:6,none,0,215,4,tesa,7,0,0,none,1,high,0.0125755748911785,39,5,212,10,73,1,60,1,0,1,Standard_480p_25fps_5s
1754,0,p4x4,2,0.8031596101194036,0,7,0,1,25.059861731496472,-3:3,none,0,119,0,umh,36,0,0,none,0,baseline,0.3770737954321732,21,16,88,12,44,0,40,2,0,1,Standard_480p_25fps_5s
1974,0,p4x4,2,0.8031596101194036,1,7,0,1,25.059861731496472,-3:3,none,1,215,4,umh,10,0,0,cbr,1,high,0.3663521095829675,38,5,197,14,35,4,12,2,0,0,Standard_480p_25fps_5s
2094,0,"p8x8,b8x8,i8x8,i4x4",0,0.3148879351383072,0,6,0,-6,35.744686063810704,5:-5,none,0,215,4,tesa,7,0,0,none,1,high,0.0125755748911785,39,5,212,10,73,1,35,1,0,1,Standard_480p_25fps_5s
1974,0,p4x4,2,0.8031596101194036,0,7,0,1,25.059861731496472,-3:3,none,0,215,4,tesa,7,0,0,none,1,high,0.0125755748911785,39,5,212,10,73,1,35,1,0,1,Standard_480p_25fps_5s
1079,0,p8x8,0,1.7703159785329992,1,10,1,-3,29.32159763936856,-4:4,none,0,100,3,tesa,45,0,0,none,1,main,0.2829198489071013,25,3,141,7,29,5,63,1,0,1,Standard_720p_30fps_15s
1079,0,p8x8,0,1.7703159785329992,1,10,1,-10,29.32159763936856,-4:4,none,0,100,3,tesa,45,0,0,none,1,main,0.2829198489071013,25,3,141,7,29,5,63,1,0,1,Standard_720p_30fps_15s
1079,0,p8x8,2,1.7703159785329992,1,10,1,-10,29.32159763936856,-4:4,none,0,100,3,tesa,45,0,0,none,1,main,0.2829198489071013,25,3,134,7,40,5,63,1,0,1,Standard_720p_30fps_15s
1079,0,p8x8,2,1.7703159785329992,1,10,1,-10,29.32159763936856,-4:4,auto,0,100,3,tesa,45,0,0,none,1,main,0.9544631986942628,25,3,141,7,40,5,63,1,0,1,Standard_720p_30fps_15s
1079,0,p8x8,2,1.7703159785329992,1,10,1,-10,29.32159763936856,-4:4,none,0,100,3,tesa,45,0,0,none,1,main,0.2829198489071013,25,3,141,7,40,5,63,1,0,1,Standard_720p_30fps_15s
1079,0,p8x8,0,1.7703159785329992,1,10,1,-10,29.32159763936856,-4:4,none,0,100,3,tesa,35,0,0,none,1,main,0.2829198489071013,49,3,134,7,40,5,63,1,0,1,Standard_720p_30fps_15s
1079,0,p8x8,2,1.7703159785329992,1,5,1,-5,29.32159763936856,-4:4,none,0,100,3,tesa,45,0,0,none,1,main,0.2829198489071013,25,3,141,6,29,5,63,1,0,1,Standard_720p_30fps_15s
1079,0,p8x8,2,0.296249058842245,1,10,1,-10,29.32159763936856,-4:4,spatial,0,100,3,tesa,45,0,0,vbr,0,baseline,0.6493532546000097,48,11,92,2,92,0,2,0,0,0,Standard_720p_30fps_15s
1079,0,p8x8,0,1.7703159785329992,0,10,1,-10,29.32159763936856,-4:4,spatial,1,100,3,tesa,45,0,0,vbr,0,baseline,0.6493532546000097,48,11,92,2,92,0,2,0,0,0,Standard_720p_30fps_15s
1974,0,p8x8,2,0.296249058842245,1,10,1,-10,29.32159763936856,-4:4,spatial,0,100,3,tesa,45,1,0,vbr,0,baseline,0.6493532546000097,48,11,92,2,92,0,2,0,0,0,Standard_720p_30fps_15s
2283,1,all,1,0.0520260669292369,2,0,0,11,17.913017377509092,6:-6,auto,1,458,2,hex,10,1,0,vbr,1,baseline,0.9859873526355616,22,14,240,2,81,11,24,2,0,2,Standard_720p_30fps_15s
1974,0,p4x4,2,0.9990668565461452,0,11,0,11,44.608662334883306,4:-4,temporal,1,401,3,dia,22,0,1,cbr,0,baseline,0.363347386675311,40,12,182,13,64,3,31,0,1,0,Standard_720p_30fps_15s
1565,1,all,2,0.9990668565461452,0,11,0,11,44.608662334883306,4:-4,temporal,1,401,3,dia,22,0,1,cbr,0,baseline,0.363347386675311,34,12,157,13,64,3,31,0,1,1,Standard_720p_30fps_15s
1565,1,all,2,0.9990668565461452,0,11,0,11,44.608662334883306,4:-4,temporal,1,401,3,dia,22,0,1,cbr,0,baseline,0.363347386675311,34,12,157,13,64,3,31,0,1,0,Standard_720p_30fps_15s
1565,1,all,2,0.9990668565461452,0,11,0,11,44.608662334883306,4:-4,temporal,1,401,3,dia,22,0,1,cbr,0,baseline,0.363347386675311,40,12,182,13,64,3,31,0,1,0,Standard_720p_30fps_15s
1079,0,p8x8,2,0.296249058842245,1,10,1,8,44.608662334883306,4:-4,temporal,1,401,3,dia,22,0,1,cbr,1,baseline,0.363347386675311,40,12,148,8,64,3,31,2,0,1,Standard_720p_30fps_15s
1079,0,p8x8,2,0.296249058842245,1,10,1,8,44.608662334883306,4:-4,temporal,1,401,3,dia,22,0,1,cbr,0,baseline,0.363347386675311,40,12,182,8,64,3,31,0,1,0,Standard_720p_30fps_15s
1079,0,p8x8,2,1.7703159785329992,1,11,0,11,44.608662334883306,4:-4,temporal,1,401,3,dia,22,0,0,cbr,0,high,0.363347386675311,34,12,157,13,64,3,31,0,1,0,Standard_720p_30fps_15s
1079,0,p4x4,2,0.9990668565461452,0,11,0,11,44.608662334883306,4:-4,temporal,1,401,3,dia,22,1,1,cbr,1,main,0.363347386675311,40,12,182,13,29,3,31,0,1,0,Standard_720p_30fps_15s
2051,0,p8x8,2,0.296249058842245,1,10,1,-10,29.32159763936856,-4:4,spatial,0,100,3,tesa,45,0,0,vbr,0,baseline,0.2115404214338969,20,7,107,12,7,7,56,2,0,0,Standard_720p_30fps_15s
1079,0,p8x8,0,1.7703159785329992,1,10,1,-10,29.32159763936856,-4:4,none,0,100,3,tesa,45,0,0,none,1,main,0.2829198489071013,25,3,141,7,29,5,63,1,0,1,Still_image_480p_60fps_10s
1079,0,p8x8,2,1.7703159785329992,1,10,1,-10,29.32159763936856,-4:4,auto,0,100,3,tesa,45,0,0,none,1,main,0.9544631986942628,25,3,141,7,40,5,63,1,0,1,Still_image_480p_60fps_10s
1079,0,p8x8,2,1.7703159785329992,1,10,1,-10,29.32159763936856,-4:4,none,0,100,3,tesa,45,0,0,none,1,main,0.2829198489071013,25,3,134,7,40,5,63,1,0,1,Still_image_480p_60fps_10s
1079,0,p8x8,2,1.7703159785329992,1,10,1,-10,29.32159763936856,-4:4,none,0,100,3,tesa,45,0,0,none,1,main,0.2829198489071013,25,3,141,7,40,5,63,1,0,1,Still_image_480p_60fps_10s
1079,0,p8x8,2,0.296249058842245,1,10,1,-10,29.32159763936856,-4:4,auto,0,100,4,tesa,45,0,0,none,1,baseline,0.9544631986942628,25,3,141,7,40,5,63,1,0,1,Still_image_480p_60fps_10s
1079,0,p8x8,0,1.7703159785329992,1,10,1,-10,29.32159763936856,-4:4,none,0,100,3,tesa,45,0,0,none,1,main,0.2829198489071013,25,3,141,7,29,5,63,0,0,2,Still_image_480p_60fps_10s
1125,0,p8x8,2,1.7703159785329992,1,10,1,-10,29.32159763936856,-4:4,none,0,100,3,tesa,45,0,0,none,1,main,0.2829198489071013,25,3,141,7,40,1,63,1,0,1,Still_image_480p_60fps_10s
1079,0,p8x8,2,0.296249058842245,1,10,1,-10,29.32159763936856,-4:4,none,0,100,3,umh,45,0,0,none,1,main,0.2829198489071013,25,3,134,7,40,5,63,1,0,1,Still_image_480p_60fps_10s
2283,1,all,1,0.0520260669292369,2,0,0,11,17.913017377509092,6:-6,auto,1,458,2,hex,10,1,0,vbr,1,baseline,0.9859873526355616,22,14,240,2,81,11,24,2,0,2,Still_image_480p_60fps_10s
2002,0,p8x8,2,0.296249058842245,2,10,1,-10,29.32159763936856,6:-6,spatial,0,100,3,tesa,45,0,0,vbr,0,baseline,0.6493532546000097,48,15,92,2,92,7,2,0,0,0,Still_image_480p_60fps_10s
1079,0,p8x8,2,0.296249058842245,1,10,1,-10,29.32159763936856,-4:4,spatial,0,100,3,tesa,45,0,0,vbr,0,baseline,0.6493532546000097,48,11,92,2,92,0,2,0,0,0,Still_image_480p_60fps_10s
2002,0,p8x8,2,0.296249058842245,2,10,1,-10,29.32159763936856,6:-6,spatial,0,100,0,umh,45,0,0,vbr,0,baseline,0.6493532546000097,48,15,92,2,92,0,2,0,0,1,Still_image_480p_60fps_10s
1079,0,p8x8,0,1.7703159785329992,1,10,1,-10,29.32159763936856,-4:4,spatial,0,100,3,tesa,45,0,0,vbr,0,baseline,0.6493532546000097,48,11,48,2,92,7,2,0,0,0,Still_image_480p_60fps_10s
1079,0,p8x8,2,1.7703159785329992,1,10,1,-10,29.32159763936856,-4:4,spatial,0,100,1,tesa,45,0,0,vbr,0,baseline,0.6493532546000097,48,11,163,2,92,7,2,0,0,0,Still_image_480p_60fps_10s
1320,0,p4x4,3,1.2028142322233848,1,12,0,8,28.67455693226908,2:-2,spatial,1,458,3,hex,10,0,0,vbr,1,baseline,0.9859873526355616,22,14,18,2,81,11,24,0,0,2,Still_image_480p_60fps_10s
1079,1,p8x8,2,1.7703159785329992,1,10,1,-10,29.32159763936856,-4:4,none,1,458,2,hex,10,1,0,vbr,1,baseline,0.9859873526355616,22,14,240,2,81,11,24,2,0,2,Still_image_480p_60fps_10s
1320,0,p4x4,3,1.2028142322233848,1,16,0,8,28.67455693226908,2:-2,spatial,1,458,3,hex,10,0,0,vbr,1,baseline,0.9859873526355616,22,14,6,7,40,5,63,1,0,1,Still_image_480p_60fps_10s
1079,0,p4x4,2,1.7703159785329992,1,9,1,-10,28.67455693226908,2:-2,spatial,1,458,3,hex,10,0,0,vbr,1,baseline,0.9859873526355616,22,14,18,2,81,11,24,0,0,2,Still_image_480p_60fps_10s
1320,0,p4x4,3,1.2028142322233848,1,16,1,8,28.67455693226908,2:-2,spatial,1,458,3,hex,10,0,0,vbr,1,baseline,0.9859873526355616,22,14,6,7,40,5,63,1,0,2,Still_image_480p_60fps_10s
1125,1,"p8x8,b8x8,i8x8,i4x4",0,0.0520260669292369,1,0,1,11,17.913017377509092,-4:4,auto,0,11,2,tesa,45,0,0,vbr,0,baseline,0.6493532546000097,26,16,92,9,70,11,24,2,0,2,Still_image_480p_60fps_10s
2002,0,p8x8,2,0.296249058842245,2,10,1,-10,29.32159763936856,6:-6,spatial,0,100,3,tesa,45,0,0,vbr,0,baseline,0.6493532546000097,48,15,92,2,92,7,2,0,0,0,Big_1080p_25fps_5s
2051,0,p8x8,2,0.296249058842245,1,6,1,-10,29.32159763936856,6:6,spatial,0,39,3,tesa,45,0,0,vbr,0,main,0.2115404214338969,35,7,107,2,92,0,2,0,0,0,Big_1080p_25fps_5s
2051,1,p8x8,2,0.296249058842245,1,10,1,-10,29.32159763936856,6:6,spatial,0,39,3,tesa,45,0,0,vbr,0,baseline,0.2115404214338969,31,7,107,2,92,0,2,0,0,0,Big_1080p_25fps_5s
2051,0,p8x8,3,0.296249058842245,1,10,1,-10,23.312004829095628,-4:4,spatial,0,100,3,tesa,45,0,0,vbr,0,high,0.2115404214338969,20,11,92,2,84,8,2,0,0,1,Big_1080p_25fps_5s
1894,0,p8x8,2,0.296249058842245,2,10,1,-10,29.32159763936856,-4:4,spatial,0,146,3,tesa,45,0,0,vbr,0,baseline,0.6493532546000097,48,11,92,2,92,0,2,0,0,0,Big_1080p_25fps_5s
1079,0,p8x8,2,0.296249058842245,1,10,1,-10,29.32159763936856,-4:4,spatial,0,100,3,tesa,45,0,0,vbr,0,baseline,0.6493532546000097,48,11,92,2,92,0,2,0,0,0,Big_1080p_25fps_5s
1079,0,p8x8,0,1.7703159785329992,0,10,1,-10,29.32159763936856,6:-6,spatial,0,100,3,tesa,45,0,0,vbr,1,baseline,0.2591799775771372,22,15,92,2,92,7,2,0,0,0,Big_1080p_25fps_5s
2051,1,p8x8,2,0.296249058842245,1,10,1,-10,29.32159763936856,6:6,spatial,0,199,1,tesa,45,0,0,vbr,0,baseline,0.2115404214338969,31,7,107,2,92,0,2,0,0,0,Big_1080p_25fps_5s
2002,0,p8x8,2,0.296249058842245,2,10,1,-10,29.32159763936856,-4:4,spatial,0,100,3,tesa,45,0,0,vbr,1,baseline,0.6493532546000097,49,15,92,2,92,7,2,0,0,0,Big_1080p_25fps_5s
2002,0,p8x8,3,0.296249058842245,2,10,1,-10,29.32159763936856,6:-6,spatial,0,100,3,tesa,45,0,0,vbr,0,baseline,0.6493532546000097,20,11,92,8,84,8,2,0,0,1,Big_1080p_25fps_5s
2051,0,p8x8,3,0.296249058842245,1,10,1,-10,23.312004829095628,-4:4,spatial,0,100,3,dia,45,0,0,vbr,0,high,0.2115404214338969,48,15,92,2,92,7,2,0,0,0,Big_1080p_25fps_5s
1079,0,p8x8,2,0.296249058842245,1,10,1,-10,5.100508447678601,-4:4,spatial,0,100,3,tesa,45,0,0,vbr,0,baseline,0.6493532546000097,48,15,92,2,92,7,2,0,0,0,Big_1080p_25fps_5s
1079,0,p8x8,0,1.7703159785329992,0,10,1,-10,29.32159763936856,6:-6,spatial,0,100,3,tesa,45,0,0,vbr,1,baseline,0.2591799775771372,22,15,92,2,92,7,59,0,0,0,Big_1080p_25fps_5s
1079,0,p8x8,2,0.296249058842245,1,10,1,-10,33.33409056605145,-4:4,spatial,0,100,3,tesa,45,0,0,vbr,1,baseline,0.6493532546000097,49,14,92,2,92,7,2,0,0,0,Big_1080p_25fps_5s
2002,0,all,2,0.296249058842245,2,2,1,-10,12.70039942180088,6:-6,spatial,0,100,3,tesa,45,0,0,vbr,0,baseline,0.6493532546000097,48,15,92,2,92,7,2,0,0,0,Big_1080p_25fps_5s
2051,1,p8x8,2,0.296249058842245,1,10,1,-10,29.32159763936856,1:-1,spatial,0,39,3,tesa,45,0,0,vbr,0,baseline,0.2115404214338969,31,7,107,2,92,0,2,0,0,0,Big_1080p_25fps_5s
1079,0,p8x8,2,0.296249058842245,1,10,1,-10,29.32159763936856,-4:4,spatial,0,100,3,tesa,45,0,0,vbr,0,baseline,0.2115404214338969,31,7,107,2,92,0,2,0,0,0,Big_1080p_25fps_5s
1079,0,p8x8,2,0.296249058842245,1,10,1,-10,29.32159763936856,-4:4,none,0,100,3,umh,45,0,0,none,1,main,0.2829198489071013,25,3,134,7,40,5,63,1,0,1,Big_1080p_25fps_5s
1125,0,p8x8,2,1.7703159785329992,1,10,1,-10,29.32159763936856,-4:4,none,0,100,3,tesa,45,0,0,none,1,main,0.2829198489071013,25,3,141,7,40,1,63,1,0,1,Big_1080p_25fps_5s
1079,0,p8x8,0,1.7703159785329992,1,10,1,-10,29.32159763936856,-4:4,none,0,100,3,tesa,45,0,0,none,1,main,0.2829198489071013,25,3,141,7,29,5,63,0,0,2,Big_1080p_25fps_5s
1079,0,p8x8,0,1.7703159785329992,1,10,1,-10,29.32159763936856,-4:4,none,0,100,3,tesa,45,0,0,none,1,main,0.2829198489071013,25,3,141,7,29,5,63,1,0,1,Standard_720p_60fps_5s
1079,0,p8x8,2,1.7703159785329992,1,10,1,-10,29.32159763936856,-4:4,none,0,100,3,tesa,45,0,0,none,1,main,0.2829198489071013,25,3,134,7,40,5,63,1,0,1,Standard_720p_60fps_5s
1079,0,p8x8,2,1.7703159785329992,1,10,1,-10,29.32159763936856,-4:4,none,0,100,3,tesa,45,0,0,none,1,main,0.2829198489071013,25,3,141,7,40,5,63,1,0,1,Standard_720p_60fps_5s
1079,0,p8x8,0,1.7703159785329992,1,10,1,-3,29.32159763936856,-4:4,none,0,100,3,tesa,45,0,0,none,1,main,0.2829198489071013,25,3,141,7,29,5,63,1,0,1,Standard_720p_60fps_5s
1079,0,p8x8,2,1.7703159785329992,1,10,1,-10,29.32159763936856,-4:4,auto,0,100,3,tesa,45,0,0,none,1,main,0.9544631986942628,25,3,141,7,40,5,63,1,0,1,Standard_720p_60fps_5s
1079,0,p8x8,0,1.7703159785329992,1,10,1,-10,29.32159763936856,-4:4,none,0,100,3,tesa,35,0,0,none,1,main,0.2829198489071013,49,3,134,7,40,5,63,1,0,1,Standard_720p_60fps_5s
1079,0,p8x8,2,1.7703159785329992,1,5,1,-5,29.32159763936856,-4:4,none,0,100,3,tesa,45,0,0,none,1,main,0.2829198489071013,25,3,141,6,29,5,63,1,0,1,Standard_720p_60fps_5s
1079,0,p8x8,1,1.7703159785329992,1,10,0,-10,29.32159763936856,2:2,none,0,100,3,tesa,45,0,0,none,1,main,0.2829198489071013,25,3,134,7,40,5,63,1,0,1,Standard_720p_60fps_5s
1079,0,p8x8,1,1.7703159785329992,1,10,1,7,29.32159763936856,-4:4,none,0,100,3,tesa,35,0,0,none,1,main,0.2829198489071013,25,3,141,7,29,5,63,1,0,1,Standard_720p_60fps_5s
1079,0,p8x8,2,1.9962941833638503,1,10,1,-10,29.32159763936856,-4:4,auto,0,100,3,tesa,45,0,0,none,1,main,0.9544631986942628,22,3,141,7,40,5,63,1,0,1,Standard_720p_60fps_5s
1460,0,p8x8,2,1.7703159785329992,1,10,1,-10,29.32159763936856,-4:4,none,0,100,3,tesa,45,0,0,none,1,main,0.2829198489071013,25,3,4,7,40,5,63,1,0,1,Standard_720p_60fps_5s
746,0,p8x8,0,1.7703159785329992,1,10,1,-10,29.32159763936856,-4:4,none,0,100,4,tesa,35,0,0,none,1,main,0.2829198489071013,49,3,226,7,40,2,63,0,0,1,Standard_720p_60fps_5s
1079,0,p8x8,0,1.7703159785329992,1,10,1,-10,29.32159763936856,-4:4,none,0,100,3,tesa,45,0,0,none,1,main,0.2829198489071013,25,3,141,7,29,5,63,1,0,2,Standard_720p_60fps_5s
1079,0,p8x8,2,1.7703159785329992,1,10,1,-10,29.32159763936856,-4:4,none,0,100,3,tesa,45,0,0,none,1,main,0.2829198489071013,38,3,141,7,29,5,63,1,0,1,Standard_720p_60fps_5s
1079,0,p8x8,0,1.7703159785329992,1,10,1,-10,29.32159763936856,5:-5,none,0,100,3,tesa,35,0,0,none,1,main,0.2829198489071013,49,3,134,7,40,5,63,1,0,1,Standard_720p_60fps_5s
1079,0,p8x8,2,1.7703159785329992,1,10,1,-10,29.32159763936856,4:-4,none,0,100,3,tesa,45,0,0,none,1,main,0.2829198489071013,25,3,141,13,40,5,63,1,0,1,Standard_720p_60fps_5s
1974,0,p8x8,2,0.296249058842245,1,10,1,-10,29.32159763936856,-4:4,spatial,0,100,3,tesa,45,1,0,vbr,0,baseline,0.6493532546000097,48,11,92,2,92,0,2,0,0,0,Standard_720p_60fps_5s
1079,0,p8x8,2,0.296249058842245,1,10,1,-10,29.32159763936856,-4:4,spatial,0,100,3,tesa,45,0,0,vbr,0,baseline,0.6493532546000097,48,11,92,2,92,0,2,0,0,0,Standard_720p_60fps_5s
1079,0,p8x8,0,1.7703159785329992,0,10,1,-10,29.32159763936856,-4:4,spatial,1,100,3,tesa,45,0,0,vbr,0,baseline,0.6493532546000097,48,11,92,2,92,0,2,0,0,0,Standard_720p_60fps_5s
1079,0,p8x8,2,0.296249058842245,1,10,1,-10,29.32159763936856,-4:4,spatial,0,100,3,tesa,51,0,0,vbr,0,baseline,0.6493532546000097,48,11,92,2,92,0,2,0,0,0,Standard_720p_60fps_5s
1974,0,p4x4,2,0.8031596101194036,1,7,1,1,25.059861731496472,5:-5,auto,1,215,4,umh,10,0,0,cbr,1,baseline,0.2858662216079829,22,5,111,3,80,0,2,0,0,0,Action_1080p_60fps_20s
1974,0,p4x4,2,0.8031596101194036,1,7,0,1,25.059861731496472,5:-5,auto,1,215,4,umh,10,0,0,cbr,1,baseline,0.6493532546000097,22,4,111,3,80,0,2,0,0,0,Action_1080p_60fps_20s
1974,0,p4x4,2,0.8031596101194036,1,7,0,1,25.059861731496472,5:-5,auto,1,215,4,umh,10,0,1,cbr,1,baseline,0.6493532546000097,22,4,111,3,80,0,2,0,0,0,Action_1080p_60fps_20s
1974,0,p4x4,2,0.8031596101194036,2,7,0,1,25.059861731496472,5:-5,auto,1,215,4,umh,10,0,0,cbr,1,baseline,0.6493532546000097,22,4,111,13,80,4,2,0,0,0,Action_1080p_60fps_20s
1079,0,p8x8,0,1.7703159785329992,1,7,0,1,25.059861731496472,5:-5,auto,1,215,4,umh,10,0,0,cbr,1,baseline,0.6493532546000097,22,4,111,3,80,0,2,0,0,0,Action_1080p_60fps_20s
1079,0,p8x8,0,1.2910063163943395,1,7,0,1,25.059861731496472,5:-5,auto,1,215,4,umh,10,0,0,cbr,1,baseline,0.2858662216079829,22,5,111,3,80,0,2,0,0,0,Action_1080p_60fps_20s
1079,0,p8x8,0,1.7703159785329992,1,10,1,-10,29.32159763936856,-4:4,none,0,100,3,tesa,35,0,0,none,1,main,0.2829198489071013,49,3,134,7,40,5,63,1,0,1,Action_1080p_60fps_20s
1079,0,p8x8,2,1.7703159785329992,1,10,1,-10,29.32159763936856,-4:4,none,0,100,3,tesa,45,0,0,none,1,main,0.2829198489071013,25,3,141,7,40,5,63,1,0,1,Action_1080p_60fps_20s
1079,0,p8x8,2,1.7703159785329992,1,10,1,-10,29.32159763936856,-4:4,auto,0,100,3,tesa,45,0,0,none,1,main,0.9544631986942628,25,3,141,7,40,5,63,1,0,1,Action_1080p_60fps_20s
1079,0,p8x8,2,1.7703159785329992,1,10,1,-10,29.32159763936856,-4:4,none,0,100,3,tesa,45,0,0,none,1,main,0.2829198489071013,25,3,134,7,40,5,63,1,0,1,Action_1080p_60fps_20s
1079,0,p8x8,0,1.7703159785329992,1,10,1,-10,29.32159763936856,-4:4,none,0,100,3,tesa,45,0,0,none,1,main,0.2829198489071013,25,3,141,7,29,5,63,1,0,1,Action_1080p_60fps_20s
1079,0,p8x8,0,1.7703159785329992,1,10,1,-3,29.32159763936856,-4:4,none,0,100,3,tesa,45,0,0,none,1,main,0.2829198489071013,25,3,141,7,29,5,63,1,0,1,Action_1080p_60fps_20s
1079,0,p8x8,2,1.7703159785329992,1,5,1,-5,29.32159763936856,-4:4,none,0,100,3,tesa,45,0,0,none,1,main,0.2829198489071013,25,3,141,6,29,5,63,1,0,1,Action_1080p_60fps_20s
1079,0,p8x8,0,1.7703159785329992,1,10,1,-10,29.32159763936856,-4:4,none,0,100,3,tesa,35,0,0,none,1,main,0.2829198489071013,49,3,134,2,92,0,24,0,0,1,Action_1080p_60fps_20s
1079,0,p8x8,2,1.7703159785329992,1,5,0,-5,29.32159763936856,-4:4,none,1,100,0,tesa,30,0,0,none,1,main,0.2829198489071013,25,12,141,7,29,5,63,1,0,1,Action_1080p_60fps_20s
1079,0,p8x8,2,1.7703159785329992,1,10,0,-10,23.00527624823679,2:-2,none,0,100,3,tesa,45,0,0,none,1,main,0.1439335687857583,25,3,134,7,40,5,63,1,0,1,Action_1080p_60fps_20s
1079,0,p8x8,2,1.7703159785329992,1,10,1,-10,29.32159763936856,-4:4,none,0,100,3,tesa,45,0,0,none,1,main,0.2829198489071013,25,3,141,8,40,5,63,1,0,1,Action_1080p_60fps_20s
1079,0,p8x8,0,0.3349388951485356,2,10,1,-10,29.32159763936856,2:-2,none,0,100,3,tesa,35,0,0,none,1,main,0.2829198489071013,51,3,134,7,40,5,63,1,0,1,Action_1080p_60fps_20s
1079,0,p8x8,2,1.7703159785329992,1,10,1,-10,29.32159763936856,-5:5,auto,0,450,3,tesa,45,0,0,none,1,main,0.2829198489071013,25,3,161,7,40,5,63,1,0,1,Action_1080p_60fps_20s
1079,0,p8x8,2,1.7703159785329992,1,10,1,-10,29.32159763936856,2:-2,temporal,0,100,3,tesa,35,1,0,none,1,main,0.2829198489071013,51,3,134,7,40,5,63,1,0,1,Action_1080p_60fps_20s
1079,0,p8x8,2,1.7703159785329992,1,10,1,-10,29.32159763936856,-4:4,auto,0,100,3,tesa,45,0,0,none,1,main,0.9544631986942628,25,3,141,7,40,5,63,1,0,1,Standard_480p_30fps_10s
1079,0,p8x8,2,1.7703159785329992,1,10,1,-10,29.32159763936856,-4:4,none,0,100,3,tesa,45,0,0,none,1,main,0.2829198489071013,25,3,134,7,40,5,63,1,0,1,Standard_480p_30fps_10s
1079,0,p8x8,0,1.7703159785329992,1,10,1,-10,29.32159763936856,-4:4,none,0,100,3,tesa,45,0,0,none,1,main,0.2829198489071013,25,3,141,7,29,5,63,1,0,1,Standard_480p_30fps_10s
1079,0,p8x8,0,1.7703159785329992,1,10,1,-3,29.32159763936856,-4:4,none,0,100,3,tesa,45,0,0,none,1,main,0.2829198489071013,25,3,141,7,29,5,63,1,0,1,Standard_480p_30fps_10s
1079,0,p8x8,2,1.7703159785329992,1,10,1,-10,29.32159763936856,-4:4,none,0,100,3,tesa,45,0,0,none,1,main,0.2829198489071013,25,3,141,7,40,5,63,1,0,1,Standard_480p_30fps_10s
1079,0,p8x8,2,1.7703159785329992,1,5,1,-5,29.32159763936856,-4:4,none,0,100,3,tesa,45,0,0,none,1,main,0.2829198489071013,25,3,141,6,29,5,63,1,0,1,Standard_480p_30fps_10s
1079,0,p8x8,0,1.7703159785329992,1,10,1,-10,29.32159763936856,-4:4,none,0,100,3,tesa,35,0,0,none,1,main,0.2829198489071013,49,3,134,7,40,5,63,1,0,1,Standard_480p_30fps_10s
1079,0,p8x8,2,1.9962941833638503,1,10,1,-10,29.32159763936856,-4:4,auto,0,100,3,tesa,45,0,0,none,1,main,0.9544631986942628,22,3,141,7,40,5,63,1,0,1,Standard_480p_30fps_10s
1079,0,p8x8,1,1.7703159785329992,1,10,0,-10,29.32159763936856,2:2,none,0,100,3,tesa,45,0,0,none,1,main,0.2829198489071013,25,3,134,7,40,5,63,1,0,1,Standard_480p_30fps_10s
1079,0,p8x8,1,1.7703159785329992,1,10,1,7,29.32159763936856,-4:4,none,0,100,3,tesa,35,0,0,none,1,main,0.2829198489071013,25,3,141,7,29,5,63,1,0,1,Standard_480p_30fps_10s
1079,0,p8x8,0,0.4120361562249873,1,10,1,-3,29.32159763936856,5:-5,none,0,100,3,tesa,45,0,0,none,1,main,0.2829198489071013,25,3,134,7,72,5,63,0,0,1,Standard_480p_30fps_10s
1079,0,p8x8,1,1.7703159785329992,1,10,0,-10,29.32159763936856,2:2,none,0,100,3,tesa,45,0,0,none,1,main,0.2829198489071013,25,3,141,7,29,5,63,1,0,1,Standard_480p_30fps_10s
1079,0,p8x8,1,1.7703159785329992,1,10,0,-5,29.32159763936856,-4:4,none,0,100,3,tesa,45,0,0,none,1,baseline,0.9008210893148192,25,3,141,6,29,5,63,1,0,1,Standard_480p_30fps_10s
1079,0,p8x8,2,1.9962941833638503,1,10,1,-10,29.32159763936856,-4:4,auto,0,100,1,tesa,35,0,0,none,1,main,0.2829198489071013,49,3,134,7,40,0,63,1,0,1,Standard_480p_30fps_10s
1079,0,p8x8,0,1.7703159785329992,1,10,1,-10,29.32159763936856,-4:4,none,0,121,3,tesa,35,0,0,none,1,main,0.2829198489071013,25,3,141,7,29,5,63,1,0,1,Standard_480p_30fps_10s
1163,0,p8x8,2,1.7703159785329992,1,10,1,-10,29.32159763936856,-4:4,auto,0,100,3,tesa,39,0,0,none,1,main,0.9544631986942628,25,3,141,7,40,5,59,1,0,1,Standard_480p_30fps_10s
1079,0,p8x8,1,1.7703159785329992,1,11,0,-10,29.32159763936856,2:2,none,0,100,3,tesa,45,0,0,vbr,1,main,0.2829198489071013,25,3,141,7,29,5,63,1,0,1,Standard_480p_30fps_10s
1079,0,p4x4,0,0.4120361562249873,1,10,1,-10,29.32159763936856,2:2,temporal,0,100,3,tesa,27,0,0,none,1,main,0.2829198489071013,25,3,141,7,29,5,63,1,0,1,Standard_480p_30fps_10s
1079,0,p8x8,0,1.7703159785329992,1,10,1,-10,29.32159763936856,-4:4,none,0,100,3,tesa,45,0,0,none,1,main,0.2829198489071013,25,3,141,7,40,5,63,1,0,1,Standard_480p_30fps_10s
1079,0,p8x8,2,1.7703159785329992,2,2,0,-10,29.32159763936856,2:2,temporal,0,100,3,tesa,45,0,0,vbr,1,main,0.2829198489071013,25,3,141,7,29,5,27,1,0,1,Standard_480p_30fps_10s
1974,0,p8x8,2,0.296249058842245,1,10,1,-10,29.32159763936856,-4:4,spatial,0,100,3,tesa,45,1,0,vbr,0,baseline,0.6493532546000097,48,11,92,2,92,0,2,0,0,0,Action_480p_25fps_5s
1079,0,p8x8,2,0.296249058842245,1,10,1,-10,29.32159763936856,-4:4,spatial,0,100,3,tesa,45,0,0,vbr,0,baseline,0.6493532546000097,48,11,92,2,92,0,2,0,0,0,Action_480p_25fps_5s
1079,0,p8x8,0,1.7703159785329992,0,10,1,-10,29.32159763936856,-4:4,spatial,1,100,3,tesa,45,0,0,vbr,0,baseline,0.6493532546000097,48,11,92,2,92,0,2,0,0,0,Action_480p_25fps_5s
1974,0,p4x4,2,0.8031596101194036,1,7,1,-3,29.32159763936856,-4:4,spatial,0,100,3,tesa,22,0,0,vbr,0,baseline,0.6493532546000097,48,11,92,2,92,0,2,0,0,0,Action_480p_25fps_5s
1079,0,p8x8,2,0.296249058842245,0,3,1,-10,29.32159763936856,-4:4,spatial,0,100,3,tesa,45,0,0,vbr,0,baseline,0.6493532546000097,21,11,213,2,92,0,2,1,0,1,Action_480p_25fps_5s
1974,0,p8x8,2,1.1599928883229642,1,10,0,-10,28.02215460652033,-4:4,spatial,0,232,3,tesa,45,0,0,vbr,0,baseline,0.734870018166699,48,11,225,15,92,0,2,0,0,0,Action_480p_25fps_5s
1974,0,p8x8,2,1.1599928883229642,1,10,0,-10,28.02215460652033,-4:4,spatial,0,232,3,tesa,28,0,0,vbr,0,baseline,0.734870018166699,48,11,225,1,92,0,2,0,0,0,Action_480p_25fps_5s
1079,0,p8x8,0,1.7703159785329992,0,10,1,-10,29.32159763936856,-4:4,spatial,0,100,3,tesa,45,0,0,vbr,0,baseline,0.6493532546000097,21,11,213,2,92,0,2,0,0,1,Action_480p_25fps_5s
1974,0,p4x4,2,0.8031596101194036,2,7,0,1,25.059861731496472,5:-5,auto,1,215,4,umh,10,0,0,cbr,1,baseline,0.6493532546000097,22,4,111,13,80,4,2,0,0,0,Action_480p_25fps_5s
1079,0,p8x8,0,1.7703159785329992,1,7,0,1,25.059861731496472,5:-5,auto,1,215,4,umh,10,0,0,cbr,1,baseline,0.6493532546000097,22,4,111,3,80,0,2,0,0,0,Action_480p_25fps_5s
1079,0,p8x8,0,1.2910063163943395,1,7,0,1,25.059861731496472,5:-5,auto,1,215,4,umh,10,0,0,cbr,1,baseline,0.2858662216079829,22,5,111,3,80,0,2,0,0,0,Action_480p_25fps_5s
1974,0,p4x4,2,0.8031596101194036,1,7,0,1,25.059861731496472,5:-5,auto,1,215,4,umh,10,0,1,cbr,1,baseline,0.6493532546000097,22,4,111,3,80,0,2,0,0,0,Action_480p_25fps_5s
1974,0,p4x4,2,0.8031596101194036,1,7,0,1,25.059861731496472,5:-5,auto,1,215,4,umh,10,0,0,cbr,1,baseline,0.6493532546000097,22,4,111,3,80,0,2,0,0,0,Action_480p_25fps_5s
1974,0,p4x4,2,0.8031596101194036,1,7,1,1,25.059861731496472,5:-5,auto,1,215,4,umh,10,0,0,cbr,1,baseline,0.2858662216079829,22,5,111,3,80,0,2,0,0,0,Action_480p_25fps_5s
2283,0,p4x4,2,0.8031596101194036,1,7,0,1,25.059861731496472,5:-5,auto,1,215,4,umh,10,0,0,cbr,1,baseline,0.6493532546000097,22,4,111,3,80,0,2,0,1,0,Action_480p_25fps_5s
1974,0,p4x4,2,0.8031596101194036,1,7,1,1,25.059861731496472,5:-5,auto,1,215,4,umh,10,1,0,cbr,1,baseline,0.2858662216079829,22,5,111,3,80,0,2,0,1,0,Action_480p_25fps_5s
1079,0,p8x8,0,1.2910063163943395,0,10,1,-3,29.32159763936856,-4:4,spatial,1,450,3,tesa,45,0,0,vbr,0,baseline,0.6493532546000097,48,11,92,2,92,0,2,0,0,0,Action_480p_25fps_5s
1079,0,p8x8,0,1.7703159785329992,1,10,1,-10,29.32159763936856,-4:4,none,0,100,3,tesa,35,0,0,none,1,main,0.2829198489071013,49,3,134,7,40,5,63,1,0,1,Action_480p_25fps_5s
1079,0,p8x8,2,1.7703159785329992,1,10,1,-10,29.32159763936856,-4:4,none,0,100,3,tesa,45,0,0,none,1,main,0.2829198489071013,25,3,134,7,40,5,63,1,0,1,Action_480p_25fps_5s
1079,0,p8x8,2,1.7703159785329992,1,10,1,-10,29.32159763936856,-4:4,auto,0,100,3,tesa,45,0,0,none,1,main,0.9544631986942628,25,3,141,7,40,5,63,1,0,1,Action_480p_25fps_5s
1079,0,p8x8,2,0.296249058842245,1,10,1,-10,29.32159763936856,-4:4,none,0,100,3,umh,45,0,0,none,1,main,0.2829198489071013,25,3,134,7,40,5,63,1,0,1,Action_480p_30fps_10s
1125,0,p8x8,2,1.7703159785329992,1,10,1,-10,29.32159763936856,-4:4,none,0,100,3,tesa,45,0,0,none,1,main,0.2829198489071013,25,3,141,7,40,1,63,1,0,1,Action_480p_30fps_10s
1079,0,p8x8,0,1.7703159785329992,1,10,1,-10,29.32159763936856,-4:4,none,0,100,3,tesa,45,0,0,none,1,main,0.2829198489071013,25,3,141,7,29,5,63,0,0,2,Action_480p_30fps_10s
1079,0,p8x8,2,1.7703159785329992,1,10,1,-10,29.32159763936856,-4:4,none,0,100,3,tesa,45,0,0,none,1,main,0.2829198489071013,25,3,141,7,40,5,63,1,0,1,Action_480p_30fps_10s
1079,0,p8x8,2,1.7703159785329992,1,10,1,-10,29.32159763936856,-4:4,none,0,100,3,tesa,45,0,0,none,1,main,0.2829198489071013,25,3,134,7,40,5,63,1,0,1,Action_480p_30fps_10s
1079,0,p8x8,2,1.7703159785329992,1,10,1,-10,29.32159763936856,-4:4,auto,0,100,3,tesa,45,0,0,none,1,main,0.9544631986942628,25,3,141,7,40,5,63,1,0,1,Action_480p_30fps_10s
1079,0,p8x8,0,1.7703159785329992,1,10,1,-10,29.32159763936856,-4:4,none,0,100,3,tesa,45,0,0,none,1,main,0.2829198489071013,25,3,141,7,29,5,63,1,0,1,Action_480p_30fps_10s
1079,0,p8x8,2,0.296249058842245,1,10,1,-10,29.32159763936856,-4:4,auto,0,100,4,tesa,45,0,0,none,1,baseline,0.9544631986942628,25,3,141,7,40,5,63,1,0,1,Action_480p_30fps_10s
1570,0,p8x8,0,1.7703159785329992,0,10,0,-10,29.32159763936856,-4:4,none,0,100,3,tesa,45,0,0,none,1,main,0.2829198489071013,25,3,141,7,29,5,63,1,0,1,Action_480p_30fps_10s
1079,0,p8x8,2,1.190151413296486,1,10,0,-10,29.32159763936856,1:1,none,0,100,3,umh,45,0,0,none,1,main,0.2829198489071013,25,3,134,7,40,5,63,1,0,1,Action_480p_30fps_10s
1079,0,p8x8,2,1.7703159785329992,1,10,1,-10,29.32159763936856,-4:4,none,0,100,3,tesa,45,0,0,none,1,main,0.2829198489071013,28,3,129,7,40,2,63,1,0,1,Action_480p_30fps_10s
1079,0,p8x8,2,1.190151413296486,1,10,1,-10,29.32159763936856,-4:4,none,0,100,3,tesa,45,0,0,none,1,main,0.3157458481148581,25,3,141,7,15,1,63,1,0,1,Action_480p_30fps_10s
1079,0,p8x8,2,1.1758883109050595,1,10,1,-10,29.32159763936856,-4:4,auto,0,100,3,tesa,45,0,0,none,1,main,0.9544631986942628,25,3,141,7,29,5,63,1,0,1,Action_480p_30fps_10s
1079,0,p8x8,0,1.7703159785329992,1,10,1,-10,29.32159763936856,-4:4,temporal,0,46,3,tesa,45,0,0,none,1,main,0.2829198489071013,25,3,57,7,40,5,63,1,0,1,Action_480p_30fps_10s
1079,0,p8x8,2,1.7703159785329992,1,10,1,-10,29.611620464795628,-4:4,none,0,100,3,tesa,45,0,0,none,1,main,0.2829198489071013,25,3,141,7,29,5,63,1,0,1,Action_480p_30fps_10s
1570,0,all,2,1.190151413296486,0,10,0,-11,29.32159763936856,1:1,temporal,0,380,3,umh,45,1,0,none,1,main,0.2829198489071013,32,3,134,7,40,5,63,1,0,1,Action_480p_30fps_10s
1079,0,p8x8,0,1.7703159785329992,0,10,0,-10,29.32159763936856,-4:4,none,0,100,3,tesa,45,0,0,none,1,main,0.2829198489071013,25,3,141,7,29,5,63,1,0,1,Action_480p_30fps_10s
1125,0,p8x8,2,1.7703159785329992,1,10,0,-10,29.32159763936856,-4:4,none,0,100,3,tesa,45,0,0,none,1,main,0.2829198489071013,25,3,141,7,40,5,63,1,0,1,Action_480p_30fps_10s
1079,0,p8x8,2,1.7703159785329992,2,10,1,-10,29.32159763936856,-4:4,none,0,100,3,tesa,45,0,0,none,1,main,0.2829198489071013,25,3,141,7,40,1,63,1,0,2,Action_480p_30fps_10s
1570,0,p8x8,0,1.7703159785329992,0,10,0,-10,29.32159763936856,-4:4,none,0,100,3,tesa,45,0,0,none,1,main,0.2829198489071013,25,3,141,7,29,5,63,0,0,2,Action_480p_30fps_10s
1079,0,p8x8,0,1.7703159785329992,1,7,0,1,25.059861731496472,5:-5,auto,1,215,4,umh,10,0,0,cbr,1,baseline,0.6493532546000097,22,4,111,3,80,0,2,0,0,0,Big_720p_60fps_15s
1974,0,p4x4,2,0.8031596101194036,2,7,0,1,25.059861731496472,5:-5,auto,1,215,4,umh,10,0,0,cbr,1,baseline,0.6493532546000097,22,4,111,13,80,4,2,0,0,0,Big_720p_60fps_15s
1079,0,p4x4,2,0.8031596101194036,1,7,0,-11,25.059861731496472,5:-5,auto,1,215,4,umh,10,0,0,cbr,1,baseline,0.6493532546000097,22,4,111,10,80,4,2,0,0,1,Big_720p_60fps_15s
1974,0,p4x4,2,0.8031596101194036,1,7,0,1,25.059861731496472,5:-5,auto,1,215,4,umh,35,0,0,cbr,1,baseline,0.6493532546000097,22,4,111,3,80,0,2,0,0,0,Big_720p_60fps_15s
1974,0,p4x4,2,0.8031596101194036,2,7,0,1,25.059861731496472,5:-5,auto,1,184,4,dia,10,0,0,cbr,1,baseline,0.6493532546000097,22,4,111,1,92,0,2,0,0,0,Big_720p_60fps_15s
1079,0,p4x4,2,0.8031596101194036,1,10,0,-11,25.059861731496472,5:-5,auto,1,215,4,umh,10,0,0,cbr,1,baseline,0.6493532546000097,22,4,111,10,80,4,53,2,1,1,Big_720p_60fps_15s
1079,0,p8x8,2,0.9993384506162792,2,7,0,1,25.059861731496472,5:-5,auto,1,184,4,dia,10,0,0,cbr,1,baseline,0.6493532546000097,39,4,111,1,92,0,29,0,0,0,Big_720p_60fps_15s
1079,0,p8x8,0,1.7703159785329992,1,10,1,-10,29.32159763936856,-4:4,none,0,100,3,tesa,45,0,0,none,1,main,0.2829198489071013,25,3,141,7,29,5,63,1,0,1,Big_720p_60fps_15s
1079,0,p8x8,2,1.7703159785329992,1,10,1,-10,29.32159763936856,-4:4,none,0,100,3,tesa,45,0,0,none,1,main,0.2829198489071013,25,3,134,7,40,5,63,1,0,1,Big_720p_60fps_15s
1079,0,p8x8,2,1.7703159785329992,1,10,1,-10,29.32159763936856,-4:4,auto,0,100,3,tesa,45,0,0,none,1,main,0.9544631986942628,25,3,141,7,40,5,63,1,0,1,Big_720p_60fps_15s
1079,0,p8x8,0,1.7703159785329992,1,10,1,-3,29.32159763936856,-4:4,none,0,100,3,tesa,45,0,0,none,1,main,0.2829198489071013,25,3,141,7,29,5,63,1,0,1,Big_720p_60fps_15s
1079,0,p8x8,2,1.7703159785329992,1,10,1,-10,29.32159763936856,-4:4,none,0,100,3,tesa,45,0,0,none,1,main,0.2829198489071013,25,3,141,7,40,5,63,1,0,1,Big_720p_60fps_15s
1079,0,p8x8,0,1.7703159785329992,1,10,1,-10,29.32159763936856,-4:4,none,0,100,3,tesa,35,0,0,none,1,main,0.2829198489071013,49,3,134,7,40,5,63,1,0,1,Big_720p_60fps_15s
1079,0,p8x8,2,1.7703159785329992,1,5,1,-5,29.32159763936856,-4:4,none,0,100,3,tesa,45,0,0,none,1,main,0.2829198489071013,25,3,141,6,29,5,63,1,0,1,Big_720p_60fps_15s
1079,0,p8x8,2,1.9962941833638503,1,10,1,-10,29.32159763936856,-4:4,auto,0,100,3,tesa,45,0,0,none,1,main,0.9544631986942628,22,3,141,7,40,5,63,1,0,1,Big_720p_60fps_15s
1079,0,p8x8,1,1.7703159785329992,1,10,1,7,29.32159763936856,-4:4,none,0,100,3,tesa,35,0,0,none,1,main,0.2829198489071013,25,3,141,7,29,5,63,1,0,1,Big_720p_60fps_15s
1079,0,p8x8,1,1.7703159785329992,1,10,0,-10,29.32159763936856,2:2,none,0,100,3,tesa,45,0,0,none,1,main,0.2829198489071013,25,3,134,7,40,5,63,1,0,1,Big_720p_60fps_15s
1079,0,p8x8,1,1.7703159785329992,1,10,0,-10,29.32159763936856,2:2,none,0,100,3,tesa,33,0,0,none,1,main,0.2829198489071013,25,3,134,3,80,11,2,0,0,0,Big_720p_60fps_15s
1079,0,p8x8,0,1.77093486943483,2,10,1,-10,29.32159763936856,-4:4,none,0,100,3,tesa,35,0,0,none,1,main,0.2829198489071013,49,3,134,7,40,5,63,1,0,1,Big_720p_60fps_15s
1079,0,p8x8,1,1.7703159785329992,1,10,0,-10,29.32159763936856,2:2,none,0,100,3,tesa,33,0,0,none,1,main,0.2829198489071013,25,3,134,3,79,11,2,0,0,0,Big_720p_60fps_15s
1079,0,p8x8,2,0.296249058842245,1,10,1,-10,29.32159763936856,-4:4,none,0,100,3,umh,45,0,0,none,1,main,0.2829198489071013,25,3,134,7,40,5,63,1,0,1,Big_1080p_25fps_10s
1125,0,p8x8,2,1.7703159785329992,1,10,1,-10,29.32159763936856,-4:4,none,0,100,3,tesa,45,0,0,none,1,main,0.2829198489071013,25,3,141,7,40,1,63,1,0,1,Big_1080p_25fps_10s
1079,0,p8x8,2,1.7703159785329992,1,10,1,-10,29.32159763936856,-4:4,auto,0,100,3,tesa,45,0,0,none,1,main,0.9544631986942628,25,3,141,7,40,5,63,1,0,1,Big_1080p_25fps_10s
1079,0,p8x8,2,1.7703159785329992,1,10,1,-10,29.32159763936856,-4:4,none,0,100,3,tesa,45,0,0,none,1,main,0.2829198489071013,25,3,134,7,40,5,63,1,0,1,Big_1080p_25fps_10s
1079,0,p8x8,2,1.7703159785329992,1,10,1,-10,29.32159763936856,-4:4,none,0,100,3,tesa,45,0,0,none,1,main,0.2829198489071013,25,3,141,7,40,5,63,1,0,1,Big_1080p_25fps_10s
1079,0,p8x8,2,0.296249058842245,1,10,1,-10,29.32159763936856,-4:4,auto,0,100,4,tesa,45,0,0,none,1,baseline,0.9544631986942628,25,3,141,7,40,5,63,1,0,1,Big_1080p_25fps_10s
1079,0,p8x8,0,1.7703159785329992,1,10,1,-10,29.32159763936856,-4:4,none,0,100,3,tesa,45,0,0,none,1,main,0.2829198489071013,25,3,141,7,29,5,63,0,0,2,Big_1080p_25fps_10s
1079,0,p8x8,0,1.7703159785329992,1,10,1,-10,29.32159763936856,-4:4,none,0,100,3,tesa,45,0,0,none,1,main,0.2829198489071013,25,3,141,7,29,5,63,1,0,1,Big_1080p_25fps_10s
1079,0,p8x8,2,1.190151413296486,1,10,0,-10,29.32159763936856,1:1,none,0,100,3,umh,45,0,0,none,1,main,0.2829198489071013,25,3,134,7,40,5,63,1,0,1,Big_1080p_25fps_10s
1570,0,p8x8,0,1.7703159785329992,0,10,0,-10,29.32159763936856,-4:4,none,0,100,3,tesa,45,0,0,none,1,main,0.2829198489071013,25,3,141,7,29,5,63,1,0,1,Big_1080p_25fps_10s
1125,0,p8x8,2,1.7703159785329992,1,10,1,-10,42.93938292828113,-4:4,auto,0,100,3,tesa,35,0,0,none,1,main,0.2829198489071013,25,3,134,7,40,5,63,0,0,1,Big_1080p_25fps_10s
1079,0,p8x8,2,1.7703159785329992,1,10,1,-10,29.32159763936856,-4:4,auto,0,208,3,tesa,45,0,0,none,1,main,0.9544631986942628,25,3,141,15,40,5,63,1,0,1,Big_1080p_25fps_10s
957,0,p8x8,2,0.296249058842245,1,10,1,-10,29.32159763936856,-4:4,none,0,100,3,tesa,45,0,0,none,1,main,0.2829198489071013,25,3,141,7,40,5,63,1,0,1,Big_1080p_25fps_10s
2051,0,p8x8,2,0.296249058842245,1,10,1,-10,29.32159763936856,6:6,auto,0,100,3,tesa,45,0,0,none,1,main,0.2829198489071013,25,3,141,15,29,5,63,1,0,1,Big_1080p_25fps_10s
1570,0,p8x8,0,0.2717856770502375,0,10,0,-10,29.32159763936856,-4:4,none,0,100,3,tesa,45,0,0,none,0,main,0.9276825233585752,25,3,141,7,29,7,63,1,0,1,Big_1080p_25fps_10s
1079,0,p8x8,2,1.066755341828073,1,10,0,-10,29.32159763936856,1:1,none,0,100,4,umh,22,0,0,none,1,main,0.2829198489071013,25,3,141,7,40,5,63,1,0,1,Big_1080p_25fps_10s
1079,0,p8x8,2,1.7703159785329992,1,10,1,-3,29.32159763936856,-4:4,none,0,271,3,tesa,45,0,1,none,1,main,0.2829198489071013,25,3,134,7,40,5,63,1,0,1,Big_1080p_25fps_10s
1079,0,p8x8,0,1.7703159785329992,1,10,1,9,29.32159763936856,-4:4,none,0,100,3,tesa,10,0,0,none,1,main,0.2829198489071013,25,3,134,7,40,5,63,1,0,1,Big_1080p_25fps_10s
1079,0,p8x8,2,1.7703159785329992,1,10,1,-10,29.32159763936856,6:6,none,0,100,3,tesa,45,0,0,none,1,main,0.2829198489071013,25,3,141,7,29,5,63,0,0,2,Big_1080p_25fps_10s
1079,0,p8x8,2,1.7703159785329992,1,10,0,-10,29.32159763936856,-4:4,none,0,483,3,tesa,55,0,0,none,1,main,0.2829198489071013,25,3,141,7,69,6,63,1,0,1,Big_1080p_25fps_10s
1079,0,p8x8,0,1.7703159785329992,1,10,1,-10,29.32159763936856,-4:4,none,0,100,3,tesa,45,0,0,none,1,main,0.2829198489071013,25,3,141,7,29,5,63,1,0,1,Action_1080p_25fps_10s
1079,0,p8x8,2,1.7703159785329992,1,10,1,-10,29.32159763936856,-4:4,auto,0,100,3,tesa,45,0,0,none,1,main,0.9544631986942628,25,3,141,7,40,5,63,1,0,1,Action_1080p_25fps_10s
1079,0,p8x8,2,1.7703159785329992,1,10,1,-10,29.32159763936856,-4:4,none,0,100,3,tesa,45,0,0,none,1,main,0.2829198489071013,25,3,134,7,40,5,63,1,0,1,Action_1080p_25fps_10s
1079,0,p8x8,2,1.7703159785329992,1,10,1,-10,29.32159763936856,-4:4,none,0,100,3,tesa,45,0,0,none,1,main,0.2829198489071013,25,3,141,7,40,5,63,1,0,1,Action_1080p_25fps_10s
1570,0,p8x8,0,1.7703159785329992,0,10,0,-10,29.32159763936856,-4:4,none,0,100,3,tesa,45,0,0,none,1,main,0.2829198489071013,25,3,141,7,29,5,63,1,0,1,Action_1080p_25fps_10s
1079,0,p8x8,2,1.190151413296486,1,10,0,-10,29.32159763936856,1:1,none,0,100,3,umh,45,0,0,none,1,main,0.2829198489071013,25,3,134,7,40,5,63,1,0,1,Action_1080p_25fps_10s
1079,0,p8x8,0,1.7703159785329992,1,10,1,-10,29.32159763936856,-4:4,none,0,100,3,tesa,45,0,0,none,1,main,0.2829198489071013,25,3,141,7,29,5,63,0,0,2,Action_1080p_25fps_10s
1125,0,p8x8,2,1.7703159785329992,1,10,1,-10,29.32159763936856,-4:4,none,0,100,3,tesa,45,0,0,none,1,main,0.2829198489071013,25,3,141,7,40,1,63,1,0,1,Action_1080p_25fps_10s
1079,0,p8x8,2,0.296249058842245,1,10,1,-10,29.32159763936856,-4:4,none,0,100,3,umh,45,0,0,none,1,main,0.2829198489071013,25,3,134,7,40,5,63,1,0,1,Action_1080p_25fps_10s
1079,0,p8x8,2,0.296249058842245,1,10,1,-10,29.32159763936856,-4:4,auto,0,100,4,tesa,45,0,0,none,1,baseline,0.9544631986942628,25,3,141,7,40,5,63,1,0,1,Action_1080p_25fps_10s
1079,0,p8x8,2,1.7703159785329992,1,5,1,-5,29.32159763936856,-4:4,none,0,100,3,tesa,45,0,0,none,1,main,0.2829198489071013,25,3,141,6,29,5,63,1,0,1,Action_1080p_25fps_10s
1079,0,p8x8,0,1.7703159785329992,1,10,1,-10,29.32159763936856,-4:4,none,0,100,3,tesa,35,0,0,none,1,main,0.2829198489071013,49,3,134,7,40,5,63,1,0,1,Action_1080p_25fps_10s
1079,0,p8x8,2,0.6946107451703206,1,10,1,-10,11.241846059980343,-2:2,auto,0,100,4,tesa,45,0,0,none,1,baseline,0.2829198489071013,25,3,134,7,40,5,63,1,0,1,Action_1080p_25fps_10s
1570,0,p8x8,2,0.296249058842245,1,10,1,6,29.32159763936856,-2:2,temporal,0,100,3,tesa,37,0,0,none,1,high,0.9544631986942628,25,3,141,7,40,5,63,1,0,1,Action_1080p_25fps_10s
1079,0,none,3,1.7703159785329992,1,10,0,-10,29.32159763936856,-4:4,none,0,100,3,tesa,45,0,0,none,1,main,0.2829198489071013,25,11,141,7,40,5,63,1,0,1,Action_1080p_25fps_10s
1079,0,p8x8,3,1.3247740024623245,1,10,0,-10,29.32159763936856,-4:4,none,0,100,3,tesa,45,0,0,none,1,main,0.2829198489071013,38,12,141,6,29,5,63,1,0,1,Action_1080p_25fps_10s
1079,0,p8x8,2,1.7703159785329992,1,5,1,-5,29.32159763936856,-4:4,none,0,100,3,tesa,45,0,0,none,1,main,0.2829198489071013,25,3,141,6,64,1,63,1,0,1,Action_1080p_25fps_10s
1079,0,p8x8,2,0.6946107451703206,1,10,1,-10,11.241846059980343,-2:2,spatial,0,100,4,tesa,45,0,0,none,1,baseline,0.2829198489071013,25,3,134,1,40,5,63,1,0,1,Action_1080p_25fps_10s
857,0,p8x8,2,1.7703159785329992,1,10,1,-10,29.32159763936856,-4:4,none,0,100,3,tesa,45,0,0,none,1,main,0.2829198489071013,25,3,141,7,40,5,63,1,0,1,Action_1080p_25fps_10s
1079,0,p8x8,2,1.7703159785329992,1,5,0,-5,29.32159763936856,-4:4,none,0,100,3,tesa,45,0,0,none,1,main,0.2829198489071013,25,3,141,7,29,5,63,1,0,1,Action_1080p_25fps_10s
1079,0,p8x8,2,0.296249058842245,1,10,1,-10,29.32159763936856,-4:4,none,0,100,3,umh,45,0,0,none,1,main,0.2829198489071013,25,3,134,7,40,5,63,1,0,1,Action_480p_25fps_20s
1125,0,p8x8,2,1.7703159785329992,1,10,1,-10,29.32159763936856,-4:4,none,0,100,3,tesa,45,0,0,none,1,main,0.2829198489071013,25,3,141,7,40,1,63,1,0,1,Action_480p_25fps_20s
1079,0,p8x8,0,1.7703159785329992,1,10,1,-10,29.32159763936856,-4:4,none,0,100,3,tesa,45,0,0,none,1,main,0.2829198489071013,25,3,141,7,29,5,63,0,0,2,Action_480p_25fps_20s
1079,0,p8x8,2,0.296249058842245,1,10,1,-10,29.32159763936856,-4:4,auto,0,100,4,tesa,45,0,0,none,1,baseline,0.9544631986942628,25,3,141,7,40,5,63,1,0,1,Action_480p_25fps_20s
1079,0,p8x8,2,1.7703159785329992,1,10,1,-10,29.32159763936856,-4:4,none,0,100,3,tesa,45,0,0,none,1,main,0.2829198489071013,25,3,141,7,40,5,63,1,0,1,Action_480p_25fps_20s
1079,0,p8x8,2,1.7703159785329992,1,10,1,-10,29.32159763936856,-4:4,none,0,100,3,tesa,45,0,0,none,1,main,0.2829198489071013,25,3,134,7,40,5,63,1,0,1,Action_480p_25fps_20s
1079,0,p8x8,2,1.7703159785329992,1,10,1,-10,29.32159763936856,-4:4,auto,0,100,3,tesa,45,0,0,none,1,main,0.9544631986942628,25,3,141,7,40,5,63,1,0,1,Action_480p_25fps_20s
1079,0,p8x8,0,1.7703159785329992,1,10,1,-10,29.32159763936856,-4:4,none,0,100,3,tesa,45,0,0,none,1,main,0.2829198489071013,25,3,141,7,29,5,63,1,0,1,Action_480p_25fps_20s
1079,0,p8x8,2,0.296249058842245,1,10,1,-10,29.32159763936856,-4:4,none,0,304,3,tesa,45,0,0,none,1,main,0.2829198489071013,40,3,141,7,40,7,63,1,0,2,Action_480p_25fps_20s
1125,0,p8x8,2,1.7703159785329992,1,10,1,-10,29.32159763936856,-4:4,temporal,0,100,3,tesa,45,1,0,none,1,main,0.2829198489071013,25,19,141,7,29,5,63,1,1,1,Action_480p_25fps_20s
1079,0,p8x8,0,0.9371347697722828,1,10,1,-10,29.32159763936856,-4:4,none,0,100,3,tesa,45,0,0,none,1,main,0.2829198489071013,25,3,141,7,40,1,63,1,0,1,Action_480p_25fps_20s
1125,0,p8x8,2,1.7703159785329992,1,0,0,-10,29.32159763936856,-4:4,none,0,100,3,tesa,45,1,0,none,1,main,0.2829198489071013,28,3,134,7,40,5,63,1,0,1,Action_480p_25fps_20s
1079,0,p8x8,2,0.296249058842245,1,10,1,-10,29.32159763936856,-4:4,none,0,304,3,hex,45,0,0,none,1,main,0.4042248166211642,25,3,141,7,40,5,63,1,0,1,Action_480p_25fps_20s
1125,0,p8x8,2,1.7703159785329992,0,10,0,-10,29.32159763936856,-4:4,none,0,100,3,tesa,45,0,0,none,1,main,0.2829198489071013,25,3,134,7,40,5,51,1,0,1,Action_480p_25fps_20s
1079,0,p8x8,0,1.7703159785329992,1,10,1,-10,29.32159763936856,-4:4,none,0,286,3,tesa,45,1,0,none,1,main,0.2829198489071013,25,3,141,7,29,5,63,1,0,1,Action_480p_25fps_20s
1079,0,p8x8,2,0.296249058842245,1,14,1,-10,29.32159763936856,-4:4,temporal,0,444,4,tesa,45,0,0,none,1,baseline,0.9544631986942628,25,3,141,7,40,1,63,1,0,0,Action_480p_25fps_20s
1079,0,p8x8,2,0.296249058842245,1,10,1,-10,43.51075598609806,-4:4,none,0,304,3,tesa,45,0,0,none,1,main,0.1148135053369912,40,3,141,7,40,5,63,1,0,1,Action_480p_25fps_20s
1125,0,p8x8,2,1.7703159785329992,1,11,0,11,44.608662334883306,4:-4,auto,1,401,0,dia,22,0,1,cbr,0,baseline,0.1213291061632721,40,12,140,13,64,3,31,0,1,0,Action_480p_25fps_20s
2283,1,all,1,0.0520260669292369,2,0,0,11,17.913017377509092,6:-6,auto,1,458,2,hex,10,1,0,vbr,1,baseline,0.9859873526355616,22,14,240,2,81,11,24,2,0,2,Action_480p_25fps_20s
2002,0,p8x8,2,0.296249058842245,2,10,1,-10,29.32159763936856,6:-6,spatial,0,100,3,tesa,45,0,0,vbr,0,baseline,0.6493532546000097,48,15,92,2,92,7,2,0,0,0,Action_480p_25fps_20s
1079,0,p8x8,2,1.7703159785329992,1,10,1,-10,29.32159763936856,-4:4,none,0,100,3,tesa,45,0,0,none,1,main,0.2829198489071013,25,3,134,7,40,5,63,1,0,1,Big_480p_30fps_15s
1079,0,p8x8,2,1.7703159785329992,1,10,1,-10,29.32159763936856,-4:4,auto,0,100,3,tesa,45,0,0,none,1,main,0.9544631986942628,25,3,141,7,40,5,63,1,0,1,Big_480p_30fps_15s
1079,0,p8x8,0,1.7703159785329992,1,10,1,-10,29.32159763936856,-4:4,none,0,100,3,tesa,45,0,0,none,1,main,0.2829198489071013,25,3,141,7,29,5,63,1,0,1,Big_480p_30fps_15s
1079,0,p8x8,2,1.190151413296486,1,10,0,-10,29.32159763936856,1:1,none,0,100,3,umh,45,0,0,none,1,main,0.2829198489071013,25,3,134,7,40,5,63,1,0,1,Big_480p_30fps_15s
1570,0,p8x8,0,1.7703159785329992,0,10,0,-10,29.32159763936856,-4:4,none,0,100,3,tesa,45,0,0,none,1,main,0.2829198489071013,25,3,141,7,29,5,63,1,0,1,Big_480p_30fps_15s
1079,0,p8x8,2,1.7703159785329992,1,10,1,-10,29.32159763936856,-4:4,none,0,100,3,tesa,45,0,0,none,1,main,0.2829198489071013,25,3,141,7,40,5,63,1,0,1,Big_480p_30fps_15s
1079,0,p8x8,2,0.296249058842245,1,10,1,-10,29.32159763936856,-4:4,auto,0,100,4,tesa,45,0,0,none,1,baseline,0.9544631986942628,25,3,141,7,40,5,63,1,0,1,Big_480p_30fps_15s
1079,0,p8x8,0,1.7703159785329992,1,10,1,-10,29.32159763936856,-4:4,none,0,100,3,tesa,45,0,0,none,1,main,0.2829198489071013,25,3,141,7,29,5,63,0,0,2,Big_480p_30fps_15s
1079,0,p8x8,2,0.296249058842245,1,10,1,-10,29.32159763936856,-4:4,none,0,100,3,umh,45,0,0,none,1,main,0.2829198489071013,25,3,134,7,40,5,63,1,0,1,Big_480p_30fps_15s
1125,0,p8x8,2,1.7703159785329992,1,10,1,-10,29.32159763936856,-4:4,none,0,100,3,tesa,45,0,0,none,1,main,0.2829198489071013,25,3,141,7,40,1,63,1,0,1,Big_480p_30fps_15s
2002,0,p8x8,3,0.296249058842245,1,10,1,-10,29.32159763936856,-4:4,none,0,100,3,hex,45,0,0,none,1,main,0.2829198489071013,25,3,141,7,29,5,63,0,0,1,Big_480p_30fps_15s
1079,0,p8x8,0,1.7703159785329992,1,10,1,-10,29.32159763936856,-4:4,none,0,100,3,tesa,45,0,0,none,1,main,0.2829198489071013,25,3,134,7,40,5,63,1,0,1,Big_480p_30fps_15s
1079,0,p8x8,2,1.190151413296486,1,11,0,-10,29.32159763936856,1:1,none,0,100,3,umh,45,0,0,none,0,main,0.2829198489071013,25,6,134,1,29,0,63,1,0,1,Big_480p_30fps_15s
1079,0,p8x8,0,0.3337954328233935,1,10,1,5,29.32159763936856,-4:4,none,0,100,3,tesa,45,0,0,none,1,main,0.2829198489071013,25,13,141,13,40,5,63,1,0,1,Big_480p_30fps_15s
1576,0,p8x8,2,1.7703159785329992,1,10,1,-10,41.68122106603114,-4:4,none,0,61,3,tesa,45,0,0,none,1,main,0.2829198489071013,25,13,141,13,40,5,63,1,0,1,Big_480p_30fps_15s
1079,0,p8x8,0,1.7703159785329992,1,10,1,-1,29.32159763936856,-4:4,none,0,100,3,tesa,45,0,0,none,1,main,0.9544631986942628,25,3,92,7,19,5,63,2,0,1,Big_480p_30fps_15s
1079,0,p8x8,2,1.7703159785329992,1,10,1,-10,29.32159763936856,-4:4,none,0,100,3,tesa,45,0,0,none,1,main,0.2829198489071013,25,3,24,16,40,5,63,1,0,1,Big_480p_30fps_15s
641,0,p8x8,3,0.3391928165299907,1,10,1,-10,29.32159763936856,-4:4,none,0,100,3,hex,18,0,0,none,1,main,0.2829198489071013,25,3,141,7,29,5,63,0,0,0,Big_480p_30fps_15s
2002,0,p8x8,3,1.190151413296486,1,10,0,-10,39.00938915308258,1:1,none,0,100,3,umh,45,0,0,none,1,main,0.6754435211854483,25,3,134,12,40,5,63,1,0,1,Big_480p_30fps_15s
2408,0,p8x8,2,1.7703159785329992,1,10,1,-10,29.32159763936856,-4:4,none,0,100,3,tesa,45,0,0,none,1,main,0.2829198489071013,25,3,141,7,40,1,63,1,0,1,Big_480p_30fps_15s
2283,1,all,1,0.0520260669292369,2,0,0,11,17.913017377509092,6:-6,auto,1,458,2,hex,10,1,0,vbr,1,baseline,0.9859873526355616,22,14,240,2,81,11,24,2,0,2,Standard_720p_30fps_5s
2051,1,p8x8,1,0.0520260669292369,2,0,0,11,17.769431101041743,6:-6,auto,1,458,2,hex,10,0,0,vbr,1,baseline,0.9859873526355616,22,14,240,2,81,11,24,2,0,2,Standard_720p_30fps_5s
2051,0,p8x8,1,0.0520260669292369,2,0,0,11,17.769431101041743,6:-6,auto,0,458,4,hex,10,0,0,vbr,1,baseline,0.9859873526355616,22,14,240,2,81,11,24,2,0,2,Standard_720p_30fps_5s
1894,0,p8x8,2,0.296249058842245,2,10,1,-10,29.32159763936856,-4:4,spatial,0,146,3,tesa,45,0,0,vbr,0,baseline,0.6493532546000097,48,11,92,2,92,0,2,0,0,0,Standard_720p_30fps_5s
1079,0,p8x8,2,0.296249058842245,1,10,1,-10,29.32159763936856,-4:4,spatial,0,100,3,tesa,45,0,0,vbr,0,baseline,0.6493532546000097,48,11,92,2,92,0,2,0,0,0,Standard_720p_30fps_5s
2051,0,p8x8,2,0.296249058842245,1,6,1,-10,29.32159763936856,6:6,spatial,0,39,3,tesa,45,0,0,vbr,0,main,0.2115404214338969,35,7,107,2,92,0,2,0,0,0,Standard_720p_30fps_5s
2051,0,p8x8,3,0.296249058842245,1,10,1,-10,23.312004829095628,-4:4,spatial,0,100,3,tesa,45,0,0,vbr,0,high,0.2115404214338969,20,11,92,2,84,8,2,0,0,1,Standard_720p_30fps_5s
2051,1,p8x8,2,0.296249058842245,1,10,1,-10,29.32159763936856,6:6,spatial,0,39,3,tesa,45,0,0,vbr,0,baseline,0.2115404214338969,31,7,107,2,92,0,2,0,0,0,Standard_720p_30fps_5s
2051,0,p8x8,2,0.907099530447366,1,6,1,-10,29.32159763936856,6:6,spatial,0,39,3,hex,63,1,0,vbr,0,baseline,0.2115404214338969,35,7,107,2,65,1,2,0,0,0,Standard_720p_30fps_5s
2051,0,p8x8,2,0.296249058842245,2,6,1,-10,29.32159763936856,6:6,spatial,0,39,1,tesa,45,0,0,vbr,0,main,0.2115404214338969,35,7,107,2,92,0,2,0,0,0,Standard_720p_30fps_5s
1079,0,p8x8,2,1.7703159785329992,1,6,1,-10,29.32159763936856,6:6,temporal,0,39,1,tesa,45,0,0,vbr,1,high,0.2115404214338969,35,7,107,2,92,7,2,0,0,0,Standard_720p_30fps_5s
667,0,p8x8,2,0.5313281874777983,1,10,1,-10,27.07511018995715,6:6,spatial,0,154,3,hex,10,0,1,vbr,1,baseline,0.4204335832076066,22,4,55,3,62,0,2,0,0,0,Standard_720p_30fps_5s
1079,0,p8x8,2,0.296249058842245,1,10,1,-10,29.32159763936856,-4:4,auto,0,100,4,tesa,45,0,0,none,1,baseline,0.9544631986942628,25,3,141,7,40,5,63,1,0,1,Standard_720p_30fps_5s
1079,0,p8x8,2,0.296249058842245,1,10,1,-10,29.32159763936856,-4:4,none,0,100,3,umh,45,0,0,none,1,main,0.2829198489071013,25,3,134,7,40,5,63,1,0,1,Standard_720p_30fps_5s
1079,0,p8x8,2,1.7703159785329992,1,10,1,-10,29.32159763936856,-4:4,none,0,100,3,tesa,45,0,0,none,1,main,0.2829198489071013,25,3,134,7,40,5,63,1,0,1,Standard_720p_30fps_5s
1079,0,p8x8,2,1.7703159785329992,1,10,1,-10,29.32159763936856,-4:4,none,0,100,3,tesa,45,0,0,none,1,main,0.2829198489071013,25,3,141,7,40,5,63,1,0,1,Standard_720p_30fps_5s
1570,0,p8x8,0,1.7703159785329992,0,10,0,-10,29.32159763936856,-4:4,none,0,100,3,tesa,45,0,0,none,1,main,0.2829198489071013,25,3,141,7,29,5,63,1,0,1,Standard_720p_30fps_5s
1079,0,p8x8,2,1.190151413296486,1,10,0,-10,29.32159763936856,1:1,none,0,100,3,umh,45,0,0,none,1,main,0.2829198489071013,25,3,134,7,40,5,63,1,0,1,Standard_720p_30fps_5s
1079,0,p8x8,0,1.7703159785329992,1,10,1,-10,29.32159763936856,-4:4,none,0,100,3,tesa,45,0,0,none,1,main,0.2829198489071013,25,3,141,7,29,5,63,0,0,2,Standard_720p_30fps_5s
1125,0,p8x8,2,1.7703159785329992,1,10,1,-10,29.32159763936856,-4:4,none,0,100,3,tesa,45,0,0,none,1,main,0.2829198489071013,25,3,141,7,40,1,63,1,0,1,Standard_720p_30fps_5s
1079,0,p8x8,2,1.7703159785329992,1,10,1,-10,29.32159763936856,-4:4,auto,0,100,3,tesa,45,0,0,none,1,main,0.9544631986942628,25,3,141,7,40,5,63,1,0,1,Still_image_1080p_60fps_15s
1079,0,p8x8,2,1.7703159785329992,1,10,1,-10,29.32159763936856,-4:4,none,0,100,3,tesa,45,0,0,none,1,main,0.2829198489071013,25,3,141,7,40,5,63,1,0,1,Still_image_1080p_60fps_15s
1079,0,p8x8,0,1.7703159785329992,1,10,1,-10,29.32159763936856,-4:4,none,0,100,3,tesa,45,0,0,none,1,main,0.2829198489071013,25,3,141,7,29,5,63,1,0,1,Still_image_1080p_60fps_15s
1079,0,p8x8,2,1.7703159785329992,1,10,1,-10,29.32159763936856,-4:4,none,0,100,3,tesa,45,0,0,none,1,main,0.2829198489071013,25,3,134,7,40,5,63,1,0,1,Still_image_1080p_60fps_15s
1079,0,p8x8,2,0.296249058842245,1,10,1,-10,29.32159763936856,-4:4,auto,0,100,4,tesa,45,0,0,none,1,baseline,0.9544631986942628,25,3,141,7,40,5,63,1,0,1,Still_image_1080p_60fps_15s
1079,0,p8x8,0,1.7703159785329992,1,10,1,-10,29.32159763936856,-4:4,none,0,100,3,tesa,45,0,0,none,1,main,0.2829198489071013,25,3,141,7,29,5,63,0,0,2,Still_image_1080p_60fps_15s
1079,0,p8x8,2,0.296249058842245,1,10,1,-10,29.32159763936856,-4:4,none,0,100,3,umh,45,0,0,none,1,main,0.2829198489071013,25,3,134,7,40,5,63,1,0,1,Still_image_1080p_60fps_15s
1125,0,p8x8,2,1.7703159785329992,1,10,1,-10,29.32159763936856,-4:4,none,0,100,3,tesa,45,0,0,none,1,main,0.2829198489071013,25,3,141,7,40,1,63,1,0,1,Still_image_1080p_60fps_15s
1079,0,p8x8,2,1.190151413296486,1,10,0,-10,29.32159763936856,1:1,none,0,100,3,umh,45,0,0,none,1,main,0.2829198489071013,25,3,134,7,40,5,63,1,0,1,Still_image_1080p_60fps_15s
1570,0,p8x8,0,1.7703159785329992,0,10,0,-10,29.32159763936856,-4:4,none,0,100,3,tesa,45,0,0,none,1,main,0.2829198489071013,25,3,141,7,29,5,63,1,0,1,Still_image_1080p_60fps_15s
1079,0,p8x8,2,1.7703159785329992,1,10,1,-10,29.32159763936856,-4:4,none,0,100,3,tesa,45,0,0,none,1,main,0.2829198489071013,25,3,134,7,40,1,63,0,0,1,Still_image_1080p_60fps_15s
2213,0,p8x8,2,0.9308959757744592,1,6,1,-10,19.737654889640883,6:6,spatial,0,39,3,tesa,45,0,0,none,1,main,0.2829198489071013,25,3,222,7,29,5,63,0,0,2,Still_image_1080p_60fps_15s
1079,0,p8x8,2,0.296249058842245,1,10,1,-10,18.11970141975201,-4:4,temporal,0,100,3,umh,15,0,0,none,1,main,0.2829198489071013,25,3,134,7,40,5,63,1,0,2,Still_image_1080p_60fps_15s
1079,0,"p8x8,b8x8,i8x8,i4x4",2,1.7703159785329992,1,10,1,-10,29.32159763936856,-6:6,temporal,0,100,3,tesa,45,0,0,none,1,main,0.2829198489071013,25,3,134,7,40,1,63,0,0,1,Still_image_1080p_60fps_15s
1079,0,p8x8,0,1.7703159785329992,0,10,0,-10,29.32159763936856,-4:4,none,0,100,3,tesa,45,0,0,none,1,main,0.2829198489071013,25,16,141,16,29,5,63,1,0,1,Still_image_1080p_60fps_15s
1079,0,p8x8,2,1.7703159785329992,1,10,1,-10,29.32159763936856,5:-5,temporal,0,100,3,tesa,45,0,0,none,1,main,0.9544631986942628,25,3,14,7,29,5,63,1,0,1,Still_image_1080p_60fps_15s
1125,0,p8x8,2,1.7703159785329992,1,10,1,-10,29.32159763936856,-3:3,none,0,100,3,tesa,45,0,0,none,1,main,0.2829198489071013,25,17,141,7,40,1,63,1,0,1,Still_image_1080p_60fps_15s
1079,0,p8x8,2,1.7703159785329992,1,10,1,-10,29.32159763936856,-4:4,none,0,100,3,tesa,45,0,0,none,1,main,0.2829198489071013,25,3,222,7,29,5,63,0,0,2,Still_image_1080p_60fps_15s
1079,0,p8x8,2,0.296249058842245,1,10,0,-10,29.32159763936856,6:-6,none,0,287,3,tesa,45,0,0,vbr,1,main,0.2829198489071013,24,3,141,7,40,5,63,1,0,1,Still_image_1080p_60fps_15s
1079,0,p8x8,2,0.296249058842245,1,2,1,-10,18.11970141975201,-5:5,temporal,0,100,3,umh,15,0,0,none,1,main,0.2829198489071013,25,3,134,7,40,4,63,1,0,1,Still_image_1080p_60fps_15s
1079,0,p8x8,1,1.7703159785329992,1,10,1,7,29.32159763936856,-4:4,none,0,100,3,tesa,35,0,0,none,1,main,0.2829198489071013,25,3,141,7,29,5,63,1,0,1,Standard_480p_25fps_20s
1079,0,p8x8,2,1.9962941833638503,1,10,1,-10,29.32159763936856,-4:4,auto,0,100,3,tesa,45,0,0,none,1,main,0.9544631986942628,22,3,141,7,40,5,63,1,0,1,Standard_480p_25fps_20s
1079,0,p8x8,1,1.7703159785329992,1,10,0,-10,29.32159763936856,2:2,none,0,100,3,tesa,45,0,0,none,1,main,0.2829198489071013,25,3,134,7,40,5,63,1,0,1,Standard_480p_25fps_20s
1079,0,p8x8,0,1.7703159785329992,1,10,1,-10,29.32159763936856,-4:4,none,0,100,3,tesa,45,0,0,none,1,main,0.2829198489071013,25,3,141,7,29,5,63,1,0,1,Standard_480p_25fps_20s
1079,0,p8x8,2,1.7703159785329992,1,10,1,-10,29.32159763936856,-4:4,none,0,100,3,tesa,45,0,0,none,1,main,0.2829198489071013,25,3,134,7,40,5,63,1,0,1,Standard_480p_25fps_20s
1079,0,p8x8,2,1.7703159785329992,1,10,1,-10,29.32159763936856,-4:4,none,0,100,3,tesa,45,0,0,none,1,main,0.2829198489071013,25,3,141,7,40,5,63,1,0,1,Standard_480p_25fps_20s
1079,0,p8x8,0,1.7703159785329992,1,10,1,-3,29.32159763936856,-4:4,none,0,100,3,tesa,45,0,0,none,1,main,0.2829198489071013,25,3,141,7,29,5,63,1,0,1,Standard_480p_25fps_20s
1079,0,p8x8,2,1.7703159785329992,1,10,1,-10,29.32159763936856,-4:4,auto,0,100,3,tesa,45,0,0,none,1,main,0.9544631986942628,25,3,141,7,40,5,63,1,0,1,Standard_480p_25fps_20s
1079,0,p8x8,1,1.7703159785329992,1,10,1,7,29.32159763936856,-4:4,none,0,100,3,tesa,35,0,0,none,1,main,0.2829198489071013,49,3,141,7,29,5,63,0,0,0,Standard_480p_25fps_20s
1079,0,all,1,1.7703159785329992,1,10,0,-10,29.32159763936856,2:2,none,0,100,3,tesa,45,0,0,none,1,main,0.2829198489071013,25,8,126,7,86,5,63,1,0,1,Standard_480p_25fps_20s
1079,0,p8x8,2,1.9962941833638503,1,10,1,-10,18.41062109531667,-4:4,none,0,100,3,tesa,45,0,0,none,1,main,0.2829198489071013,25,3,141,1,40,5,63,1,0,1,Standard_480p_25fps_20s
1079,0,p8x8,2,1.7703159785329992,1,10,1,-10,29.32159763936856,-4:4,temporal,0,100,3,tesa,52,0,0,none,1,main,0.9544631986942628,22,3,141,7,44,5,63,1,0,1,Standard_480p_25fps_20s
1079,0,p8x8,0,1.7703159785329992,1,10,1,-3,29.32159763936856,-4:4,none,0,227,3,tesa,45,0,0,none,1,main,0.2829198489071013,25,3,141,7,29,5,63,1,0,1,Standard_480p_25fps_20s
1079,0,p8x8,2,1.7703159785329992,1,10,1,-10,24.92800644527524,-4:4,none,0,100,3,tesa,45,0,0,none,1,main,0.2829198489071013,25,3,141,7,40,5,63,1,0,1,Standard_480p_25fps_20s
1079,0,p8x8,2,1.7703159785329992,1,10,1,-2,2.070035113395108,-4:4,temporal,0,100,3,tesa,45,0,0,none,1,main,0.9544631986942628,25,3,134,7,40,5,63,1,0,1,Standard_480p_25fps_20s
1079,0,p8x8,2,1.7703159785329992,1,10,1,-10,29.32159763936856,-4:4,auto,0,100,1,tesa,45,0,0,none,1,main,0.9544631986942628,40,3,141,7,40,5,63,1,0,1,Standard_480p_25fps_20s
1079,0,p8x8,0,1.7703159785329992,2,10,1,-7,29.32159763936856,-4:4,none,0,100,3,tesa,45,0,0,none,1,main,0.2829198489071013,25,3,141,7,29,5,63,1,0,1,Standard_480p_25fps_20s
1079,0,p8x8,2,1.7703159785329992,1,10,1,-10,29.32159763936856,-4:4,none,0,100,3,tesa,45,0,0,none,1,main,0.2829198489071013,25,3,141,7,29,5,63,1,0,1,Standard_480p_25fps_20s
2283,1,all,1,0.0520260669292369,2,0,0,11,17.913017377509092,6:-6,auto,1,458,2,hex,10,1,0,vbr,1,baseline,0.9859873526355616,22,14,240,2,81,11,24,2,0,2,Standard_480p_25fps_20s
2051,1,p8x8,1,0.0520260669292369,2,0,0,11,17.769431101041743,6:-6,auto,1,458,2,hex,10,0,0,vbr,1,baseline,0.9859873526355616,22,14,240,2,81,11,24,2,0,2,Standard_480p_25fps_20s
1079,0,p8x8,2,1.7703159785329992,1,10,1,-10,29.32159763936856,-4:4,auto,0,100,3,tesa,45,0,0,none,1,main,0.9544631986942628,25,3,141,7,40,5,63,1,0,1,Big_1080p_60fps_20s
1079,0,p8x8,2,1.7703159785329992,1,10,1,-10,29.32159763936856,-4:4,none,0,100,3,tesa,45,0,0,none,1,main,0.2829198489071013,25,3,134,7,40,5,63,1,0,1,Big_1080p_60fps_20s
1079,0,p8x8,0,1.7703159785329992,1,10,1,-10,29.32159763936856,-4:4,none,0,100,3,tesa,45,0,0,none,1,main,0.2829198489071013,25,3,141,7,29,5,63,1,0,1,Big_1080p_60fps_20s
1079,0,p8x8,2,1.7703159785329992,1,10,1,-10,29.32159763936856,-4:4,none,0,100,3,tesa,45,0,0,none,1,main,0.2829198489071013,25,3,141,7,40,5,63,1,0,1,Big_1080p_60fps_20s
1079,0,p8x8,0,1.7703159785329992,1,10,1,-3,29.32159763936856,-4:4,none,0,100,3,tesa,45,0,0,none,1,main,0.2829198489071013,25,3,141,7,29,5,63,1,0,1,Big_1080p_60fps_20s
1079,0,p8x8,0,1.7703159785329992,1,10,1,-10,29.32159763936856,-4:4,none,0,100,3,tesa,35,0,0,none,1,main,0.2829198489071013,49,3,134,7,40,5,63,1,0,1,Big_1080p_60fps_20s
1079,0,p8x8,2,1.7703159785329992,1,5,1,-5,29.32159763936856,-4:4,none,0,100,3,tesa,45,0,0,none,1,main,0.2829198489071013,25,3,141,6,29,5,63,1,0,1,Big_1080p_60fps_20s
1079,0,p8x8,1,1.7703159785329992,1,10,0,-10,29.32159763936856,2:2,none,0,100,3,tesa,45,0,0,none,1,main,0.2829198489071013,25,3,134,7,40,5,63,1,0,1,Big_1080p_60fps_20s
1079,0,p8x8,1,1.7703159785329992,1,10,1,7,29.32159763936856,-4:4,none,0,100,3,tesa,35,0,0,none,1,main,0.2829198489071013,25,3,141,7,29,5,63,1,0,1,Big_1080p_60fps_20s
1079,0,p8x8,2,1.9962941833638503,1,10,1,-10,29.32159763936856,-4:4,auto,0,100,3,tesa,45,0,0,none,1,main,0.9544631986942628,22,3,141,7,40,5,63,1,0,1,Big_1080p_60fps_20s
1079,0,p8x8,0,1.7703159785329992,1,15,1,-3,29.32159763936856,-4:4,none,0,100,3,tesa,49,0,0,none,1,main,0.2829198489071013,25,3,141,7,29,5,63,2,0,1,Big_1080p_60fps_20s
1079,0,p8x8,0,1.7703159785329992,1,10,1,-7,29.32159763936856,0:0,none,0,338,3,tesa,35,0,0,vbr,1,main,0.2829198489071013,24,3,141,7,29,2,63,1,0,1,Big_1080p_60fps_20s
1079,0,p8x8,2,1.7703159785329992,1,10,1,-3,29.32159763936856,-4:4,none,0,100,3,tesa,45,0,0,none,1,main,0.2829198489071013,36,3,141,7,29,5,63,1,0,1,Big_1080p_60fps_20s
1079,0,p8x8,2,1.7703159785329992,1,5,1,-3,29.32159763936856,-2:2,none,0,100,3,tesa,49,0,0,none,1,main,0.2829198489071013,25,3,141,7,29,5,63,2,0,1,Big_1080p_60fps_20s
1079,0,p8x8,2,0.1970180466395333,1,15,1,-10,29.32159763936856,-4:4,temporal,0,283,3,tesa,45,0,0,none,0,high,0.2829198489071013,25,9,134,7,40,5,63,1,0,1,Big_1080p_60fps_20s
1079,1,p8x8,1,1.7703159785329992,1,10,0,-10,29.32159763936856,2:2,none,0,100,4,tesa,25,0,0,none,1,main,0.2829198489071013,25,3,134,2,40,10,63,1,0,1,Big_1080p_60fps_20s
1079,0,p8x8,0,1.7703159785329992,1,11,1,-2,29.32159763936856,-4:4,none,0,100,3,tesa,35,0,0,none,1,main,0.2829198489071013,49,3,134,7,40,5,63,1,0,1,Big_1080p_60fps_20s
1079,0,p8x8,2,1.7703159785329992,1,10,1,-10,29.32159763936856,-4:4,auto,0,100,3,tesa,45,0,0,none,1,main,0.9544631986942628,43,3,141,7,40,5,63,1,0,1,Big_1080p_60fps_20s
1079,0,p8x8,0,0.4619099798523075,1,10,0,-10,29.32159763936856,-4:4,auto,0,100,3,tesa,45,0,0,none,1,main,0.2829198489071013,25,16,141,6,29,5,63,1,0,1,Big_1080p_60fps_20s
1079,0,p8x8,0,1.7703159785329992,1,10,1,-10,29.32159763936856,6:6,none,0,100,0,tesa,35,0,0,none,1,main,0.6600674791983947,49,3,6,7,40,0,63,1,0,1,Big_1080p_60fps_20s
1974,0,p4x4,2,0.8031596101194036,2,7,0,1,25.059861731496472,5:-5,auto,1,215,4,umh,10,0,0,cbr,1,baseline,0.6493532546000097,22,4,111,13,80,4,2,0,0,0,Big_1080p_60fps_15s
1079,0,p8x8,0,1.7703159785329992,1,7,0,1,25.059861731496472,5:-5,auto,1,215,4,umh,10,0,0,cbr,1,baseline,0.6493532546000097,22,4,111,3,80,0,2,0,0,0,Big_1080p_60fps_15s
1974,0,p4x4,2,0.8031596101194036,1,7,1,1,25.059861731496472,5:-5,auto,1,215,4,umh,10,0,0,cbr,1,baseline,0.2858662216079829,22,5,111,3,80,0,2,0,0,0,Big_1080p_60fps_15s
1974,0,p4x4,2,0.8031596101194036,1,7,0,1,25.059861731496472,5:-5,auto,1,215,4,umh,10,0,0,cbr,1,baseline,0.6493532546000097,22,4,111,3,80,0,2,0,0,0,Big_1080p_60fps_15s
1974,0,p8x8,2,1.1599928883229642,2,15,0,1,25.059861731496472,5:-5,auto,1,215,4,umh,10,0,0,cbr,1,baseline,0.6493532546000097,22,4,111,3,77,0,2,0,0,0,Big_1080p_60fps_15s
1974,0,p4x4,2,1.694979844616895,1,7,0,-10,25.059861731496472,5:-5,auto,1,215,4,dia,10,0,0,cbr,1,baseline,0.6493532546000097,27,4,111,3,80,0,2,0,0,0,Big_1080p_60fps_15s
1079,0,p8x8,2,0.296249058842245,0,3,1,-10,29.32159763936856,5:-5,auto,1,405,4,umh,10,0,0,cbr,1,baseline,0.2858662216079829,22,5,111,3,80,0,2,0,0,0,Big_1080p_60fps_15s
1974,0,p4x4,2,0.7613989319090995,1,7,0,1,25.059861731496472,5:-5,auto,1,424,4,umh,13,0,0,cbr,1,baseline,0.6493532546000097,22,4,111,3,80,0,2,0,0,0,Big_1080p_60fps_15s
1974,0,p8x8,2,0.8031596101194036,2,7,0,12,25.059861731496472,5:-5,auto,1,215,4,umh,10,0,0,cbr,1,baseline,0.6493532546000097,22,4,111,13,80,4,2,0,0,0,Big_1080p_60fps_15s
1974,0,p8x8,2,0.8031596101194036,2,7,0,1,25.059861731496472,5:-5,auto,1,215,4,umh,10,0,0,cbr,1,baseline,0.9562827234845592,22,4,128,8,80,4,60,0,0,0,Big_1080p_60fps_15s
2283,1,all,1,0.0520260669292369,2,0,0,11,17.913017377509092,6:-6,auto,1,458,2,hex,10,1,0,vbr,1,baseline,0.9859873526355616,22,14,240,2,81,11,24,2,0,2,Big_1080p_60fps_15s
1974,0,p4x4,1,0.8031596101194036,1,7,0,1,25.059861731496472,5:-5,auto,1,458,2,hex,42,1,0,vbr,1,baseline,0.9859873526355616,22,4,240,2,81,11,24,2,0,2,Big_1080p_60fps_15s
1079,0,p8x8,2,0.296249058842245,1,10,1,-10,29.32159763936856,-4:4,spatial,0,100,3,tesa,45,0,0,vbr,0,baseline,0.6493532546000097,48,11,92,2,92,0,2,0,0,0,Big_1080p_60fps_15s
1079,0,p8x8,0,1.7703159785329992,0,10,1,-10,29.32159763936856,-4:4,spatial,0,100,3,tesa,45,0,0,vbr,0,baseline,0.6493532546000097,21,11,213,2,92,0,2,0,0,1,Big_1080p_60fps_15s
1974,0,p8x8,2,1.1599928883229642,1,10,0,-10,28.02215460652033,-4:4,spatial,0,232,3,tesa,45,0,0,vbr,0,baseline,0.734870018166699,48,11,225,15,92,0,2,0,0,0,Big_1080p_60fps_15s
1974,0,p8x8,2,1.1599928883229642,1,10,0,-10,28.02215460652033,-4:4,spatial,0,232,3,tesa,28,0,0,vbr,0,baseline,0.734870018166699,48,11,225,1,92,0,2,0,0,0,Big_1080p_60fps_15s
1079,0,p8x8,2,0.296249058842245,0,3,1,-10,29.32159763936856,-4:4,spatial,0,100,3,tesa,45,0,0,vbr,0,baseline,0.6493532546000097,21,11,213,2,92,0,2,1,0,1,Big_1080p_60fps_15s
1974,0,p4x4,2,0.8031596101194036,1,7,1,-3,29.32159763936856,-4:4,spatial,0,100,3,tesa,22,0,0,vbr,0,baseline,0.6493532546000097,48,11,92,2,92,0,2,0,0,0,Big_1080p_60fps_15s
1079,0,p8x8,0,1.7703159785329992,0,10,1,-10,29.32159763936856,-4:4,spatial,1,100,3,tesa,45,0,0,vbr,0,baseline,0.6493532546000097,48,11,92,2,92,0,2,0,0,0,Big_1080p_60fps_15s
1974,0,p8x8,2,0.296249058842245,1,10,1,-10,29.32159763936856,-4:4,spatial,0,100,3,tesa,45,1,0,vbr,0,baseline,0.6493532546000097,48,11,92,2,92,0,2,0,0,0,Big_1080p_60fps_15s
1079,0,p8x8,2,1.7703159785329992,1,10,1,-10,29.32159763936856,-4:4,auto,0,100,3,tesa,45,0,0,none,1,main,0.9544631986942628,25,3,141,7,40,5,63,1,0,1,Still_image_1080p_25fps_20s
1079,0,p8x8,2,1.7703159785329992,1,10,1,-10,29.32159763936856,-4:4,none,0,100,3,tesa,45,0,0,none,1,main,0.2829198489071013,25,3,141,7,40,5,63,1,0,1,Still_image_1080p_25fps_20s
1079,0,p8x8,2,1.7703159785329992,1,10,1,-10,29.32159763936856,-4:4,none,0,100,3,tesa,45,0,0,none,1,main,0.2829198489071013,25,3,134,7,40,5,63,1,0,1,Still_image_1080p_25fps_20s
1079,0,p8x8,0,1.7703159785329992,1,10,1,-10,29.32159763936856,-4:4,none,0,100,3,tesa,45,0,0,none,1,main,0.2829198489071013,25,3,141,7,29,5,63,1,0,1,Still_image_1080p_25fps_20s
1079,0,p8x8,1,1.7703159785329992,1,10,1,7,29.32159763936856,-4:4,none,0,100,3,tesa,35,0,0,none,1,main,0.2829198489071013,25,3,141,7,29,5,63,1,0,1,Still_image_1080p_25fps_20s
1079,0,p8x8,1,1.7703159785329992,1,10,0,-10,29.32159763936856,2:2,none,0,100,3,tesa,45,0,0,none,1,main,0.2829198489071013,25,3,134,7,40,5,63,1,0,1,Still_image_1080p_25fps_20s
1079,0,p8x8,2,1.9962941833638503,1,10,1,-10,29.32159763936856,-4:4,auto,0,100,3,tesa,45,0,0,none,1,main,0.9544631986942628,22,3,141,7,40,5,63,1,0,1,Still_image_1080p_25fps_20s
1079,0,p8x8,0,1.7703159785329992,1,10,1,-3,29.32159763936856,-4:4,none,0,100,3,tesa,45,0,0,none,1,main,0.2829198489071013,25,3,141,7,29,5,63,1,0,1,Still_image_1080p_25fps_20s
1079,0,p8x8,0,1.7703159785329992,1,10,1,-10,29.32159763936856,-4:4,none,0,100,3,tesa,35,0,0,none,1,main,0.2829198489071013,49,3,134,7,40,5,63,1,0,1,Still_image_1080p_25fps_20s
1079,0,p8x8,2,1.7703159785329992,1,5,1,-5,29.32159763936856,-4:4,none,0,100,3,tesa,45,0,0,none,1,main,0.2829198489071013,25,3,141,6,29,5,63,1,0,1,Still_image_1080p_25fps_20s
1079,0,p8x8,2,0.296249058842245,1,10,1,-10,29.32159763936856,-4:4,none,0,100,3,umh,45,0,0,none,1,main,0.2829198489071013,25,3,134,7,40,5,63,1,0,1,Still_image_1080p_25fps_20s
1079,0,p8x8,2,0.296249058842245,1,10,1,-10,29.32159763936856,-4:4,auto,0,100,4,tesa,45,0,0,none,1,baseline,0.9544631986942628,25,3,141,7,40,5,63,1,0,1,Still_image_1080p_25fps_20s
1079,0,p8x8,0,1.7703159785329992,1,10,1,-10,29.32159763936856,-4:4,none,0,100,3,tesa,45,0,0,none,1,main,0.2829198489071013,25,3,141,7,29,5,63,0,0,2,Still_image_1080p_25fps_20s
1125,0,p8x8,2,1.7703159785329992,1,10,1,-10,29.32159763936856,-4:4,none,0,100,3,tesa,45,0,0,none,1,main,0.2829198489071013,25,3,141,7,40,1,63,1,0,1,Still_image_1080p_25fps_20s
1079,0,all,1,1.7703159785329992,1,10,0,-10,29.32159763936856,2:2,none,0,100,3,tesa,45,0,0,none,1,main,0.2829198489071013,25,8,126,7,86,5,63,1,0,1,Still_image_1080p_25fps_20s
1079,0,p8x8,1,1.7703159785329992,1,10,1,7,29.32159763936856,-4:4,none,0,100,3,tesa,35,0,0,none,1,main,0.2829198489071013,49,3,141,7,29,5,63,0,0,0,Still_image_1080p_25fps_20s
1570,0,p8x8,0,1.7703159785329992,0,10,0,-10,29.32159763936856,-4:4,none,0,100,3,tesa,45,0,0,none,1,main,0.2829198489071013,25,3,141,7,29,5,63,1,0,1,Still_image_1080p_25fps_20s
1079,0,p8x8,2,1.190151413296486,1,10,0,-10,29.32159763936856,1:1,none,0,100,3,umh,45,0,0,none,1,main,0.2829198489071013,25,3,134,7,40,5,63,1,0,1,Still_image_1080p_25fps_20s
1125,0,p8x8,2,1.7703159785329992,1,10,1,-10,29.32159763936856,-4:4,temporal,0,100,3,tesa,45,1,0,none,1,main,0.2829198489071013,25,19,141,7,29,5,63,1,1,1,Still_image_1080p_25fps_20s
1079,0,p8x8,2,0.296249058842245,1,10,1,-10,29.32159763936856,-4:4,none,0,304,3,tesa,45,0,0,none,1,main,0.2829198489071013,40,3,141,7,40,7,63,1,0,2,Still_image_1080p_25fps_20s
1079,0,p8x8,2,1.7703159785329992,1,10,1,-10,29.32159763936856,-4:4,none,0,100,3,tesa,45,0,0,none,1,main,0.2829198489071013,25,3,141,7,40,5,63,1,0,1,Still_image_1080p_60fps_20s
1079,0,p8x8,2,1.7703159785329992,1,10,1,-10,29.32159763936856,-4:4,none,0,100,3,tesa,45,0,0,none,1,main,0.2829198489071013,25,3,134,7,40,5,63,1,0,1,Still_image_1080p_60fps_20s
1079,0,p8x8,0,1.7703159785329992,1,10,1,-3,29.32159763936856,-4:4,none,0,100,3,tesa,45,0,0,none,1,main,0.2829198489071013,25,3,141,7,29,5,63,1,0,1,Still_image_1080p_60fps_20s
1079,0,p8x8,2,1.7703159785329992,1,10,1,-10,29.32159763936856,-4:4,auto,0,100,3,tesa,45,0,0,none,1,main,0.9544631986942628,25,3,141,7,40,5,63,1,0,1,Still_image_1080p_60fps_20s
1079,0,p8x8,0,1.7703159785329992,1,10,1,-10,29.32159763936856,-4:4,none,0,100,3,tesa,45,0,0,none,1,main,0.2829198489071013,25,3,141,7,29,5,63,1,0,1,Still_image_1080p_60fps_20s
1079,0,p8x8,1,1.7703159785329992,1,10,1,7,29.32159763936856,-4:4,none,0,100,3,tesa,35,0,0,none,1,main,0.2829198489071013,25,3,141,7,29,5,63,1,0,1,Still_image_1080p_60fps_20s
1079,0,p8x8,1,1.7703159785329992,1,10,0,-10,29.32159763936856,2:2,none,0,100,3,tesa,45,0,0,none,1,main,0.2829198489071013,25,3,134,7,40,5,63,1,0,1,Still_image_1080p_60fps_20s
1079,0,p8x8,2,1.9962941833638503,1,10,1,-10,29.32159763936856,-4:4,auto,0,100,3,tesa,45,0,0,none,1,main,0.9544631986942628,22,3,141,7,40,5,63,1,0,1,Still_image_1080p_60fps_20s
1079,0,all,1,1.7703159785329992,1,10,0,-10,29.32159763936856,2:2,none,0,100,3,tesa,45,0,0,none,1,main,0.2829198489071013,25,8,126,7,86,5,63,1,0,1,Still_image_1080p_60fps_20s
1079,0,p8x8,1,1.7703159785329992,1,10,1,7,29.32159763936856,-4:4,none,0,100,3,tesa,35,0,0,none,1,main,0.2829198489071013,49,3,141,7,29,5,63,0,0,0,Still_image_1080p_60fps_20s
1079,0,p8x8,0,1.7703159785329992,1,10,1,-10,29.32159763936856,-4:4,none,0,100,3,tesa,35,0,0,none,1,main,0.2829198489071013,49,3,134,7,40,5,63,1,0,1,Still_image_1080p_60fps_20s
1079,0,p8x8,2,1.7703159785329992,1,5,1,-5,29.32159763936856,-4:4,none,0,100,3,tesa,45,0,0,none,1,main,0.2829198489071013,25,3,141,6,29,5,63,1,0,1,Still_image_1080p_60fps_20s
1079,0,p8x8,1,1.9962941833638503,1,3,1,-10,29.32159763936856,-4:4,auto,0,100,3,tesa,5,0,0,none,1,main,0.7505916630254259,25,3,108,7,29,5,63,1,1,1,Still_image_1080p_60fps_20s
1079,0,p8x8,2,1.7703159785329992,1,10,0,-10,29.32159763936856,-4:4,auto,0,100,0,tesa,35,0,0,none,1,main,0.2829198489071013,25,3,141,7,29,5,48,1,0,1,Still_image_1080p_60fps_20s
1079,0,p8x8,0,0.4986790154006542,0,14,0,-10,29.32159763936856,2:2,none,0,100,3,hex,45,0,0,none,1,main,0.2829198489071013,25,8,126,7,86,5,63,1,0,1,Still_image_1080p_60fps_20s
1079,0,p8x8,1,1.7703159785329992,1,10,1,7,29.32159763936856,-4:4,none,0,100,3,tesa,35,0,0,none,1,main,0.8309780989038396,49,3,141,7,29,5,63,0,0,0,Still_image_1080p_60fps_20s
1079,0,p8x8,2,1.7703159785329992,1,10,1,-3,29.32159763936856,-4:4,none,0,100,3,tesa,10,1,0,none,1,main,0.2829198489071013,25,3,141,7,29,5,58,1,0,1,Still_image_1080p_60fps_20s
1079,0,p8x8,0,1.7703159785329992,1,10,1,-10,29.32159763936856,-4:4,none,0,100,3,tesa,45,0,0,none,1,main,0.2829198489071013,49,3,134,7,71,5,63,1,0,1,Still_image_1080p_60fps_20s
1079,0,p8x8,2,1.7703159785329992,1,10,0,-10,29.32159763936856,3:3,none,0,24,3,tesa,45,0,0,none,1,main,0.2829198489071013,47,3,134,7,40,1,63,1,1,1,Still_image_1080p_60fps_20s
1177,0,p8x8,0,0.4986790154006542,0,13,1,-10,29.32159763936856,-4:4,none,0,100,3,tesa,45,0,0,none,1,main,0.2829198489071013,25,3,134,7,40,5,63,1,0,1,Still_image_1080p_60fps_20s
1974,0,p4x4,2,0.8031596101194036,2,7,0,1,25.059861731496472,5:-5,auto,1,215,4,umh,10,0,0,cbr,1,baseline,0.6493532546000097,22,4,111,13,80,4,2,0,0,0,Big_480p_60fps_10s
1079,0,p8x8,0,1.7703159785329992,1,7,0,1,25.059861731496472,5:-5,auto,1,215,4,umh,10,0,0,cbr,1,baseline,0.6493532546000097,22,4,111,3,80,0,2,0,0,0,Big_480p_60fps_10s
1974,0,p4x4,2,0.8031596101194036,2,7,0,1,25.059861731496472,5:-5,auto,1,184,4,dia,10,0,0,cbr,1,baseline,0.6493532546000097,22,4,111,1,92,0,2,0,0,0,Big_480p_60fps_10s
1079,0,p4x4,2,0.8031596101194036,1,10,0,-11,25.059861731496472,5:-5,auto,1,215,4,umh,10,0,0,cbr,1,baseline,0.6493532546000097,22,4,111,10,80,4,53,2,1,1,Big_480p_60fps_10s
1974,0,p4x4,2,0.8031596101194036,2,7,0,1,25.059861731496472,3:-3,auto,1,215,4,umh,21,0,0,cbr,1,baseline,0.6493532546000097,22,4,111,13,80,4,2,0,0,0,Big_480p_60fps_10s
1079,0,p8x8,3,1.7703159785329992,1,7,0,1,25.059861731496472,5:-5,auto,1,215,4,umh,10,0,0,cbr,1,baseline,0.6493532546000097,22,4,111,13,80,4,2,0,0,0,Big_480p_60fps_10s
1079,0,p8x8,2,1.7703159785329992,1,10,1,-10,29.32159763936856,-4:4,none,0,100,3,tesa,45,0,0,none,1,main,0.2829198489071013,25,3,134,7,40,5,63,1,0,1,Big_480p_60fps_10s
1079,0,p8x8,2,1.7703159785329992,1,10,1,-10,29.32159763936856,-4:4,auto,0,100,3,tesa,45,0,0,none,1,main,0.9544631986942628,25,3,141,7,40,5,63,1,0,1,Big_480p_60fps_10s
1079,0,p8x8,0,1.7703159785329992,1,10,1,-10,29.32159763936856,-4:4,none,0,100,3,tesa,45,0,0,none,1,main,0.2829198489071013,25,3,141,7,29,5,63,1,0,1,Big_480p_60fps_10s
1079,0,p8x8,2,1.7703159785329992,1,10,1,-10,29.32159763936856,-4:4,none,0,100,3,tesa,45,0,0,none,1,main,0.2829198489071013,25,3,141,7,40,5,63,1,0,1,Big_480p_60fps_10s
1079,0,p8x8,0,1.7703159785329992,1,10,1,-3,29.32159763936856,-4:4,none,0,100,3,tesa,45,0,0,none,1,main,0.2829198489071013,25,3,141,7,29,5,63,1,0,1,Big_480p_60fps_10s
1079,0,p8x8,1,1.7703159785329992,1,10,1,7,29.32159763936856,-4:4,none,0,100,3,tesa,35,0,0,none,1,main,0.2829198489071013,25,3,141,7,29,5,63,1,0,1,Big_480p_60fps_10s
1079,0,p8x8,2,1.9962941833638503,1,10,1,-10,29.32159763936856,-4:4,auto,0,100,3,tesa,45,0,0,none,1,main,0.9544631986942628,22,3,141,7,40,5,63,1,0,1,Big_480p_60fps_10s
1079,0,p8x8,1,1.7703159785329992,1,10,0,-10,29.32159763936856,2:2,none,0,100,3,tesa,45,0,0,none,1,main,0.2829198489071013,25,3,134,7,40,5,63,1,0,1,Big_480p_60fps_10s
1079,0,p8x8,1,1.7703159785329992,1,10,1,7,29.32159763936856,-4:4,none,0,100,3,tesa,35,0,0,none,1,main,0.2829198489071013,49,3,141,7,29,5,63,0,0,0,Big_480p_60fps_10s
1079,0,all,1,1.7703159785329992,1,10,0,-10,29.32159763936856,2:2,none,0,100,3,tesa,45,0,0,none,1,main,0.2829198489071013,25,8,126,7,86,5,63,1,0,1,Big_480p_60fps_10s
1125,0,p8x8,2,1.7703159785329992,1,10,1,-10,29.32159763936856,-4:4,none,0,100,3,tesa,45,0,0,none,1,main,0.2829198489071013,25,3,141,7,40,1,63,1,0,1,Big_480p_60fps_10s
1079,0,p8x8,0,1.7703159785329992,1,10,1,-10,29.32159763936856,-4:4,none,0,100,3,tesa,45,0,0,none,1,main,0.2829198489071013,25,3,141,7,29,5,63,0,0,2,Big_480p_60fps_10s
1079,0,p8x8,2,0.296249058842245,1,10,1,-10,29.32159763936856,-4:4,none,0,100,3,umh,45,0,0,none,1,main,0.2829198489071013,25,3,134,7,40,5,63,1,0,1,Big_480p_60fps_10s
1079,0,p8x8,2,0.296249058842245,1,10,1,-10,29.32159763936856,-4:4,auto,0,100,4,tesa,45,0,0,none,1,baseline,0.9544631986942628,25,3,141,7,40,5,63,1,0,1,Big_480p_60fps_10s
1079,0,p8x8,2,1.7703159785329992,1,10,1,-10,29.32159763936856,-4:4,none,0,100,3,tesa,45,0,0,none,1,main,0.2829198489071013,25,3,141,7,40,5,63,1,0,1,Still_image_720p_25fps_15s
1079,0,p8x8,2,1.7703159785329992,1,10,1,-10,29.32159763936856,-4:4,auto,0,100,3,tesa,45,0,0,none,1,main,0.9544631986942628,25,3,141,7,40,5,63,1,0,1,Still_image_720p_25fps_15s
1079,0,p8x8,0,1.7703159785329992,1,10,1,-10,29.32159763936856,-4:4,none,0,100,3,tesa,45,0,0,none,1,main,0.2829198489071013,25,3,141,7,29,5,63,1,0,1,Still_image_720p_25fps_15s
1079,0,p8x8,2,1.7703159785329992,1,10,1,-10,29.32159763936856,-4:4,none,0,100,3,tesa,45,0,0,none,1,main,0.2829198489071013,25,3,134,7,40,5,63,1,0,1,Still_image_720p_25fps_15s
1079,0,p8x8,0,1.7703159785329992,1,10,1,-3,29.32159763936856,-4:4,none,0,100,3,tesa,45,0,0,none,1,main,0.2829198489071013,25,3,141,7,29,5,63,1,0,1,Still_image_720p_25fps_15s
1079,0,p8x8,2,1.7703159785329992,1,5,1,-5,29.32159763936856,-4:4,none,0,100,3,tesa,45,0,0,none,1,main,0.2829198489071013,25,3,141,6,29,5,63,1,0,1,Still_image_720p_25fps_15s
1079,0,p8x8,1,1.7703159785329992,1,10,1,7,29.32159763936856,-4:4,none,0,100,3,tesa,35,0,0,none,1,main,0.2829198489071013,25,3,141,7,29,5,63,1,0,1,Still_image_720p_25fps_15s
1079,0,p8x8,0,1.7703159785329992,1,10,1,-10,29.32159763936856,-4:4,none,0,100,3,tesa,35,0,0,none,1,main,0.2829198489071013,49,3,134,7,40,5,63,1,0,1,Still_image_720p_25fps_15s
1079,0,p8x8,1,1.7703159785329992,1,10,0,-10,29.32159763936856,2:2,none,0,100,3,tesa,45,0,0,none,1,main,0.2829198489071013,25,3,134,7,40,5,63,1,0,1,Still_image_720p_25fps_15s
1079,0,p8x8,2,1.9962941833638503,1,10,1,-10,29.32159763936856,-4:4,auto,0,100,3,tesa,45,0,0,none,1,main,0.9544631986942628,22,3,141,7,40,5,63,1,0,1,Still_image_720p_25fps_15s
1570,0,p8x8,0,1.7703159785329992,0,10,0,-10,29.32159763936856,-4:4,none,0,100,3,tesa,45,0,0,none,1,main,0.2829198489071013,25,3,141,7,29,5,63,1,0,1,Still_image_720p_25fps_15s
1079,0,p8x8,0,1.7703159785329992,1,10,1,-10,29.32159763936856,-4:4,none,0,100,3,tesa,45,0,0,none,1,main,0.2829198489071013,25,3,141,7,29,5,63,0,0,2,Still_image_720p_25fps_15s
1079,0,p8x8,2,0.296249058842245,1,10,1,-10,29.32159763936856,-4:4,none,0,100,3,umh,45,0,0,none,1,main,0.2829198489071013,25,3,134,7,40,5,63,1,0,1,Still_image_720p_25fps_15s
1079,0,p8x8,2,0.296249058842245,1,10,1,-10,29.32159763936856,-4:4,auto,0,100,4,tesa,45,0,0,none,1,baseline,0.9544631986942628,25,3,141,7,40,5,63,1,0,1,Still_image_720p_25fps_15s
1125,0,p8x8,2,1.7703159785329992,1,10,1,-10,29.32159763936856,-4:4,none,0,100,3,tesa,45,0,0,none,1,main,0.2829198489071013,25,3,141,7,40,1,63,1,0,1,Still_image_720p_25fps_15s
1079,0,p8x8,2,1.190151413296486,1,10,0,-10,29.32159763936856,1:1,none,0,100,3,umh,45,0,0,none,1,main,0.2829198489071013,25,3,134,7,40,5,63,1,0,1,Still_image_720p_25fps_15s
2024,0,p8x8,1,1.7703159785329992,1,15,0,-10,29.32159763936856,2:2,spatial,0,100,3,tesa,45,0,0,none,1,main,0.2829198489071013,25,3,134,7,40,5,62,1,0,1,Still_image_720p_25fps_15s
1079,0,p8x8,1,1.8439025236102176,1,10,1,-10,29.32159763936856,2:2,none,0,471,3,tesa,23,0,0,none,1,main,0.2829198489071013,25,3,134,7,40,5,25,1,0,1,Still_image_720p_25fps_15s
1079,0,p8x8,2,1.9962941833638503,1,10,1,-10,29.32159763936856,-4:4,auto,0,100,3,tesa,14,0,0,none,1,main,0.8497455607985438,22,3,141,7,40,5,63,1,0,1,Still_image_720p_25fps_15s
1079,0,p8x8,2,1.9962941833638503,1,10,0,-12,29.32159763936856,-4:4,auto,0,100,2,tesa,14,0,0,cbr,1,main,0.8497455607985438,35,3,55,12,40,1,63,1,0,1,Still_image_720p_25fps_15s
1125,0,p8x8,2,1.7703159785329992,1,10,1,-10,29.32159763936856,-4:4,temporal,0,100,3,tesa,45,1,0,none,1,main,0.2829198489071013,25,19,141,7,29,5,63,1,1,1,Big_1080p_60fps_10s
1079,0,p8x8,2,1.7703159785329992,1,10,1,-10,29.32159763936856,-4:4,none,0,100,3,tesa,45,0,0,none,1,main,0.2829198489071013,25,3,141,7,40,5,63,1,0,1,Big_1080p_60fps_10s
1079,0,p8x8,2,1.7703159785329992,1,10,1,-10,29.32159763936856,-4:4,none,0,100,3,tesa,45,0,0,none,1,main,0.2829198489071013,25,3,134,7,40,5,63,1,0,1,Big_1080p_60fps_10s
1079,0,p8x8,2,1.7703159785329992,1,10,1,-10,29.32159763936856,-4:4,auto,0,100,3,tesa,45,0,0,none,1,main,0.9544631986942628,25,3,141,7,40,5,63,1,0,1,Big_1080p_60fps_10s
1079,0,p8x8,0,1.7703159785329992,1,10,1,-10,29.32159763936856,-4:4,none,0,100,3,tesa,45,0,0,none,1,main,0.2829198489071013,25,3,141,7,29,5,63,1,0,1,Big_1080p_60fps_10s
1079,0,p8x8,2,0.296249058842245,1,10,1,-10,29.32159763936856,-4:4,none,0,304,3,tesa,45,0,0,none,1,main,0.2829198489071013,40,3,141,7,40,7,63,1,0,2,Big_1080p_60fps_10s
1079,0,p8x8,2,0.296249058842245,1,10,1,-10,29.32159763936856,-4:4,none,0,100,3,umh,45,0,0,none,1,main,0.2829198489071013,25,3,134,7,40,5,63,1,0,1,Big_1080p_60fps_10s
1079,0,p8x8,2,0.296249058842245,1,10,1,-10,29.32159763936856,-4:4,auto,0,100,4,tesa,45,0,0,none,1,baseline,0.9544631986942628,25,3,141,7,40,5,63,1,0,1,Big_1080p_60fps_10s
1079,0,p8x8,0,1.7703159785329992,1,10,1,-10,29.32159763936856,-4:4,none,0,100,3,tesa,45,0,0,none,1,main,0.2829198489071013,25,3,141,7,29,5,63,0,0,2,Big_1080p_60fps_10s
1079,0,p8x8,2,1.7703159785329992,1,10,1,-10,29.32159763936856,-4:4,auto,0,100,3,tesa,14,0,0,none,1,main,0.9544631986942628,25,3,141,7,29,5,52,0,0,2,Big_1080p_60fps_10s
1079,0,p8x8,0,1.7703159785329992,1,10,1,-10,29.32159763936856,-4:4,none,0,100,3,tesa,45,0,0,none,1,main,0.2829198489071013,25,3,141,7,62,5,63,1,0,1,Big_1080p_60fps_10s
1079,0,p8x8,0,1.7703159785329992,1,10,1,-10,29.32159763936856,-4:4,none,0,100,3,tesa,45,0,0,none,1,main,0.2829198489071013,25,3,141,7,29,5,63,0,0,1,Big_1080p_60fps_10s
1942,0,p8x8,2,1.7703159785329992,1,10,1,-10,29.32159763936856,-4:4,temporal,0,100,3,tesa,45,0,0,none,1,main,0.2829198489071013,25,3,141,7,40,5,63,1,0,1,Big_1080p_60fps_10s
1125,0,p8x8,2,1.7703159785329992,1,13,1,-10,29.32159763936856,-4:4,temporal,0,100,3,tesa,45,0,0,none,1,baseline,0.6554685905556891,25,3,141,10,40,5,63,1,0,1,Big_1080p_60fps_10s
1125,0,p8x8,3,1.7703159785329992,1,10,1,-10,29.32159763936856,-4:4,temporal,0,100,1,tesa,45,1,0,none,1,main,0.2829198489071013,25,19,10,7,29,5,63,0,1,1,Big_1080p_60fps_10s
1125,0,p8x8,2,1.7703159785329992,1,10,1,-4,29.32159763936856,-4:4,temporal,0,100,3,tesa,45,1,0,none,1,main,0.2829198489071013,25,19,141,2,29,6,63,1,0,2,Big_1080p_60fps_10s
1079,0,p8x8,0,1.7703159785329992,1,10,1,-10,29.32159763936856,-5:5,none,0,100,3,tesa,45,0,0,none,1,main,0.2829198489071013,25,3,141,7,29,11,63,1,0,1,Big_1080p_60fps_10s
1079,0,p8x8,0,1.7703159785329992,1,12,1,-10,29.32159763936856,-4:4,none,0,100,3,tesa,45,0,0,none,1,main,0.2829198489071013,25,3,141,7,29,5,63,1,0,1,Big_1080p_60fps_10s
1079,0,p8x8,2,1.7703159785329992,1,10,1,-10,29.32159763936856,-4:4,temporal,0,100,3,tesa,45,0,0,none,1,main,0.111171895271244,25,3,141,7,40,5,63,1,0,1,Big_1080p_60fps_10s
1974,0,p4x4,2,0.8031596101194036,1,7,0,1,25.059861731496472,5:-5,auto,1,215,4,umh,10,0,0,cbr,1,baseline,0.6493532546000097,22,4,111,3,80,0,2,0,0,0,Big_1080p_60fps_10s
1079,0,p8x8,0,1.7703159785329992,1,10,1,-10,29.32159763936856,-4:4,none,0,100,3,tesa,45,0,0,none,1,main,0.2829198489071013,25,3,141,7,29,5,63,1,0,1,Big_480p_60fps_20s
1079,0,p8x8,2,1.7703159785329992,1,10,1,-10,29.32159763936856,-4:4,auto,0,100,3,tesa,45,0,0,none,1,main,0.9544631986942628,25,3,141,7,40,5,63,1,0,1,Big_480p_60fps_20s
1079,0,p8x8,2,1.7703159785329992,1,10,1,-10,29.32159763936856,-4:4,none,0,100,3,tesa,45,0,0,none,1,main,0.2829198489071013,25,3,134,7,40,5,63,1,0,1,Big_480p_60fps_20s
1079,0,p8x8,2,1.7703159785329992,1,10,1,-10,29.32159763936856,-4:4,none,0,100,3,tesa,45,0,0,none,1,main,0.2829198489071013,25,3,141,7,40,5,63,1,0,1,Big_480p_60fps_20s
1079,0,p8x8,0,1.7703159785329992,1,10,1,-3,29.32159763936856,-4:4,none,0,100,3,tesa,45,0,0,none,1,main,0.2829198489071013,25,3,141,7,29,5,63,1,0,1,Big_480p_60fps_20s
1079,0,p8x8,2,1.7703159785329992,1,5,1,-5,29.32159763936856,-4:4,none,0,100,3,tesa,45,0,0,none,1,main,0.2829198489071013,25,3,141,6,29,5,63,1,0,1,Big_480p_60fps_20s
1079,0,p8x8,0,1.7703159785329992,1,10,1,-10,29.32159763936856,-4:4,none,0,100,3,tesa,35,0,0,none,1,main,0.2829198489071013,49,3,134,7,40,5,63,1,0,1,Big_480p_60fps_20s
1079,0,p8x8,1,1.7703159785329992,1,10,0,-10,29.32159763936856,2:2,none,0,100,3,tesa,45,0,0,none,1,main,0.2829198489071013,25,3,134,7,40,5,63,1,0,1,Big_480p_60fps_20s
1079,0,p8x8,1,1.7703159785329992,1,10,1,7,29.32159763936856,-4:4,none,0,100,3,tesa,35,0,0,none,1,main,0.2829198489071013,25,3,141,7,29,5,63,1,0,1,Big_480p_60fps_20s
1079,0,p8x8,2,1.9962941833638503,1,10,1,-10,29.32159763936856,-4:4,auto,0,100,3,tesa,45,0,0,none,1,main,0.9544631986942628,22,3,141,7,40,5,63,1,0,1,Big_480p_60fps_20s
1079,0,p8x8,0,1.7703159785329992,1,10,1,-10,29.32159763936856,-4:4,none,0,100,3,tesa,45,0,0,none,1,main,0.2829198489071013,25,3,141,7,29,5,63,0,0,2,Big_480p_60fps_20s
1125,0,p8x8,2,1.7703159785329992,1,10,1,-10,29.32159763936856,-4:4,none,0,100,3,tesa,45,0,0,none,1,main,0.2829198489071013,25,3,141,7,40,1,63,1,0,1,Big_480p_60fps_20s
1079,0,p8x8,2,1.190151413296486,1,10,0,-10,29.32159763936856,1:1,none,0,100,3,umh,45,0,0,none,1,main,0.2829198489071013,25,3,134,7,40,5,63,1,0,1,Big_480p_60fps_20s
1570,0,p8x8,0,1.7703159785329992,0,10,0,-10,29.32159763936856,-4:4,none,0,100,3,tesa,45,0,0,none,1,main,0.2829198489071013,25,3,141,7,29,5,63,1,0,1,Big_480p_60fps_20s
1079,0,p8x8,2,0.5102441015599384,1,10,1,-10,29.32159763936856,-4:4,auto,0,100,3,tesa,45,0,0,none,1,main,0.9544631986942628,22,3,141,7,11,5,63,0,0,2,Big_480p_60fps_20s
1079,0,p8x8,2,1.7703159785329992,1,10,1,-10,29.32159763936856,-4:4,none,0,100,3,hex,45,0,0,none,1,main,0.6609551586434541,25,3,39,7,40,1,63,1,0,1,Big_480p_60fps_20s
1079,0,p8x8,0,1.7703159785329992,1,10,0,-10,29.32159763936856,2:2,none,0,100,3,umh,7,0,0,none,1,main,0.2829198489071013,25,3,141,7,40,1,63,1,0,2,Big_480p_60fps_20s
1125,0,p8x8,2,1.7703159785329992,1,10,1,-10,1.1089465765148163,-4:4,none,0,100,3,tesa,45,0,0,none,1,main,0.2829198489071013,25,3,134,7,40,10,63,1,0,1,Big_480p_60fps_20s
1079,0,p8x8,2,1.7703159785329992,1,10,1,-10,29.32159763936856,-4:4,none,0,100,3,tesa,45,0,0,none,1,main,0.2829198489071013,24,3,141,7,40,5,63,1,0,1,Big_480p_60fps_20s
1079,0,p8x8,2,1.7703159785329992,1,10,1,-10,29.32159763936856,-4:4,auto,0,100,2,tesa,45,0,0,none,1,main,0.9544631986942628,25,3,141,7,40,6,63,1,0,1,Big_480p_60fps_20s
1079,0,p8x8,0,1.7703159785329992,1,10,1,-10,29.32159763936856,-4:4,none,0,100,3,tesa,45,0,0,none,1,main,0.2829198489071013,25,3,141,7,29,5,63,1,0,1,Still_image_1080p_30fps_15s
1079,0,p8x8,2,1.7703159785329992,1,10,1,-10,29.32159763936856,-4:4,auto,0,100,3,tesa,45,0,0,none,1,main,0.9544631986942628,25,3,141,7,40,5,63,1,0,1,Still_image_1080p_30fps_15s
1079,0,p8x8,2,1.7703159785329992,1,10,1,-10,29.32159763936856,-4:4,none,0,100,3,tesa,45,0,0,none,1,main,0.2829198489071013,25,3,134,7,40,5,63,1,0,1,Still_image_1080p_30fps_15s
1079,0,p8x8,2,1.7703159785329992,1,10,1,-10,29.32159763936856,-4:4,none,0,100,3,tesa,45,0,0,none,1,main,0.2829198489071013,25,3,141,7,40,5,63,1,0,1,Still_image_1080p_30fps_15s
1079,0,p8x8,2,0.296249058842245,1,10,1,-10,29.32159763936856,-4:4,auto,0,100,4,tesa,45,0,0,none,1,baseline,0.9544631986942628,25,3,141,7,40,5,63,1,0,1,Still_image_1080p_30fps_15s
1079,0,p8x8,0,1.7703159785329992,1,10,1,-10,29.32159763936856,-4:4,none,0,100,3,tesa,45,0,0,none,1,main,0.2829198489071013,25,3,141,7,29,5,63,0,0,2,Still_image_1080p_30fps_15s
1079,0,p8x8,2,0.296249058842245,1,10,1,-10,29.32159763936856,-4:4,none,0,100,3,umh,45,0,0,none,1,main,0.2829198489071013,25,3,134,7,40,5,63,1,0,1,Still_image_1080p_30fps_15s
1125,0,p8x8,2,1.7703159785329992,1,10,1,-10,29.32159763936856,-4:4,temporal,0,100,3,tesa,45,1,0,none,1,main,0.2829198489071013,25,19,141,7,29,5,63,1,1,1,Still_image_1080p_30fps_15s
1079,0,p8x8,2,0.296249058842245,1,10,1,-10,29.32159763936856,-4:4,none,0,304,3,tesa,45,0,0,none,1,main,0.2829198489071013,40,3,141,7,40,7,63,1,0,2,Still_image_1080p_30fps_15s
1079,0,p8x8,1,1.7703159785329992,1,10,0,-10,29.32159763936856,2:2,none,0,100,3,tesa,45,0,0,none,1,main,0.2829198489071013,25,3,134,7,40,5,63,1,0,1,Still_image_1080p_30fps_15s
1079,0,p8x8,0,1.7703159785329992,1,10,1,-3,29.32159763936856,-4:4,none,0,100,3,tesa,45,0,0,none,1,main,0.2829198489071013,25,3,141,7,29,5,63,1,0,1,Still_image_1080p_30fps_15s
1079,0,p8x8,2,1.9962941833638503,1,10,1,-10,29.32159763936856,-4:4,auto,0,100,3,tesa,45,0,0,none,1,main,0.9544631986942628,22,3,141,7,40,5,63,1,0,1,Still_image_1080p_30fps_15s
1079,0,p8x8,2,1.7703159785329992,1,5,1,-5,29.32159763936856,-4:4,none,0,100,3,tesa,45,0,0,none,1,main,0.2829198489071013,25,3,141,6,29,5,63,1,0,1,Still_image_1080p_30fps_15s
1079,0,p8x8,0,1.7703159785329992,1,10,1,-10,29.32159763936856,-4:4,none,0,100,3,tesa,35,0,0,none,1,main,0.2829198489071013,49,3,134,7,40,5,63,1,0,1,Still_image_1080p_30fps_15s
1079,0,p8x8,1,1.7703159785329992,1,10,1,7,29.32159763936856,-4:4,none,0,100,3,tesa,35,0,0,none,1,main,0.2829198489071013,25,3,141,7,29,5,63,1,0,1,Still_image_1080p_30fps_15s
1079,0,p8x8,2,1.7703159785329992,1,10,1,-10,29.32159763936856,-4:4,auto,0,100,3,tesa,14,0,0,none,1,main,0.9544631986942628,25,3,141,7,29,5,52,0,0,2,Still_image_1080p_30fps_15s
1125,0,p8x8,2,1.7703159785329992,1,10,1,-10,29.32159763936856,-4:4,none,0,100,3,tesa,45,0,0,none,1,main,0.2829198489071013,25,3,141,7,40,1,63,1,0,1,Still_image_1080p_30fps_15s
1079,0,p8x8,2,0.296249058842245,0,10,0,-10,29.32159763936856,-4:4,auto,0,100,4,tesa,45,0,0,none,1,baseline,0.9544631986942628,25,3,141,7,40,5,63,1,0,2,Still_image_1080p_30fps_15s
1079,0,p8x8,1,1.7703159785329992,1,10,0,-10,29.32159763936856,2:2,temporal,1,100,3,tesa,45,0,0,none,1,main,0.9544631986942628,25,3,141,7,40,5,63,1,0,1,Still_image_1080p_30fps_15s
1079,0,p8x8,2,1.4485846495920385,1,10,0,-10,29.32159763936856,-4:4,none,0,100,3,tesa,45,0,1,none,1,main,0.2829198489071013,25,3,141,7,40,10,63,1,0,1,Still_image_1080p_30fps_15s
1079,0,p8x8,2,0.296249058842245,1,10,1,-10,29.32159763936856,-4:4,spatial,0,100,3,tesa,45,0,0,vbr,0,baseline,0.6493532546000097,48,11,92,2,92,0,2,0,0,0,Standard_1080p_25fps_10s
1079,0,p8x8,0,1.7703159785329992,0,10,1,-10,29.32159763936856,-4:4,spatial,1,100,3,tesa,45,0,0,vbr,0,baseline,0.6493532546000097,48,11,92,2,92,0,2,0,0,0,Standard_1080p_25fps_10s
1079,0,p8x8,2,1.7703159785329992,1,10,1,-10,29.32159763936856,-5:5,auto,0,100,3,tesa,45,0,0,vbr,0,baseline,0.6493532546000097,43,14,92,2,92,0,2,0,0,0,Standard_1080p_25fps_10s
2349,0,p8x8,0,1.7703159785329992,0,10,1,-10,29.32159763936856,-4:4,spatial,1,100,2,tesa,45,0,0,vbr,0,baseline,0.6493532546000097,48,11,92,12,92,0,2,0,0,0,Standard_1080p_25fps_10s
1125,0,p8x8,2,1.7703159785329992,1,10,1,-10,29.32159763936856,-4:4,temporal,0,100,2,tesa,45,0,0,vbr,0,baseline,0.6493532546000097,48,11,92,2,92,0,2,1,0,0,Standard_1080p_25fps_10s
1079,0,p8x8,0,1.7703159785329992,1,10,1,-10,29.32159763936856,-4:4,spatial,0,100,2,tesa,45,0,0,vbr,0,baseline,0.6493532546000097,48,11,92,12,92,0,2,0,0,0,Standard_1080p_25fps_10s
2349,0,p8x8,0,1.7703159785329992,0,10,1,-10,29.32159763936856,-4:4,spatial,1,134,2,tesa,45,0,0,vbr,0,baseline,0.6493532546000097,48,11,92,12,92,0,2,1,0,1,Standard_1080p_25fps_10s
1079,0,p8x8,2,1.7703159785329992,1,10,1,-10,29.32159763936856,-4:4,none,0,100,3,tesa,45,0,0,none,1,main,0.2829198489071013,25,3,134,7,40,5,63,1,0,1,Standard_1080p_25fps_10s
1079,0,p8x8,2,1.7703159785329992,1,10,1,-10,29.32159763936856,-4:4,auto,0,100,3,tesa,45,0,0,none,1,main,0.9544631986942628,25,3,141,7,40,5,63,1,0,1,Standard_1080p_25fps_10s
1079,0,p8x8,2,1.7703159785329992,1,10,1,-10,29.32159763936856,-4:4,none,0,100,3,tesa,45,0,0,none,1,main,0.2829198489071013,25,3,141,7,40,5,63,1,0,1,Standard_1080p_25fps_10s
1079,0,p8x8,0,1.7703159785329992,1,10,1,-10,29.32159763936856,-4:4,none,0,100,3,tesa,45,0,0,none,1,main,0.2829198489071013,25,3,141,7,29,5,63,1,0,1,Standard_1080p_25fps_10s
1079,0,p8x8,0,1.7703159785329992,1,10,1,-10,29.32159763936856,-4:4,none,0,100,3,tesa,45,0,0,none,1,main,0.2829198489071013,25,3,141,7,29,5,63,0,0,2,Standard_1080p_25fps_10s
1079,0,p8x8,2,0.296249058842245,1,10,1,-10,29.32159763936856,-4:4,none,0,100,3,umh,45,0,0,none,1,main,0.2829198489071013,25,3,134,7,40,5,63,1,0,1,Standard_1080p_25fps_10s
1079,0,p8x8,2,0.296249058842245,1,10,1,-10,29.32159763936856,-4:4,auto,0,100,4,tesa,45,0,0,none,1,baseline,0.9544631986942628,25,3,141,7,40,5,63,1,0,1,Standard_1080p_25fps_10s
1079,0,p8x8,0,1.7703159785329992,1,10,1,-10,29.32159763936856,-4:4,none,0,100,3,tesa,35,0,0,none,1,main,0.2829198489071013,49,3,134,7,40,5,63,1,0,1,Standard_1080p_25fps_10s
1079,0,p8x8,1,1.7703159785329992,1,10,0,-10,29.32159763936856,2:2,none,0,100,3,tesa,45,0,0,none,1,main,0.2829198489071013,25,3,134,7,40,5,63,1,0,1,Standard_1080p_25fps_10s
1079,0,p8x8,0,1.7703159785329992,1,10,1,-3,29.32159763936856,-4:4,none,0,100,3,tesa,45,0,0,none,1,main,0.2829198489071013,25,3,141,7,29,5,63,1,0,1,Standard_1080p_25fps_10s
1079,0,p8x8,2,1.7703159785329992,1,5,1,-5,29.32159763936856,-4:4,none,0,100,3,tesa,45,0,0,none,1,main,0.2829198489071013,25,3,141,6,29,5,63,1,0,1,Standard_1080p_25fps_10s
1125,0,p8x8,2,1.7703159785329992,1,10,1,-10,29.32159763936856,-4:4,temporal,0,100,3,tesa,45,1,0,none,1,main,0.2829198489071013,25,19,141,7,29,5,63,1,1,1,Standard_1080p_25fps_10s
1079,0,p8x8,2,0.296249058842245,1,10,1,-10,29.32159763936856,-4:4,none,0,304,3,tesa,45,0,0,none,1,main,0.2829198489071013,40,3,141,7,40,7,63,1,0,2,Standard_1080p_25fps_10s
1079,0,p8x8,2,1.7703159785329992,1,10,1,-10,29.32159763936856,-4:4,none,0,100,3,tesa,45,0,0,none,1,main,0.2829198489071013,25,3,141,7,40,5,63,1,0,1,Action_480p_25fps_15s
1079,0,p8x8,2,1.7703159785329992,1,10,1,-10,29.32159763936856,-4:4,none,0,100,3,tesa,45,0,0,none,1,main,0.2829198489071013,25,3,134,7,40,5,63,1,0,1,Action_480p_25fps_15s
1079,0,p8x8,2,1.7703159785329992,1,10,1,-10,29.32159763936856,-4:4,auto,0,100,3,tesa,45,0,0,none,1,main,0.9544631986942628,25,3,141,7,40,5,63,1,0,1,Action_480p_25fps_15s
1079,0,p8x8,0,1.7703159785329992,1,10,1,-10,29.32159763936856,-4:4,none,0,100,3,tesa,45,0,0,none,1,main,0.2829198489071013,25,3,141,7,29,5,63,1,0,1,Action_480p_25fps_15s
1079,0,p8x8,0,1.7703159785329992,1,10,1,-10,29.32159763936856,-4:4,none,0,100,3,tesa,45,0,0,none,1,main,0.2829198489071013,25,3,141,7,29,5,63,0,0,2,Action_480p_25fps_15s
1079,0,p8x8,2,0.296249058842245,1,10,1,-10,29.32159763936856,-4:4,none,0,100,3,umh,45,0,0,none,1,main,0.2829198489071013,25,3,134,7,40,5,63,1,0,1,Action_480p_25fps_15s
1079,0,p8x8,2,0.296249058842245,1,10,1,-10,29.32159763936856,-4:4,auto,0,100,4,tesa,45,0,0,none,1,baseline,0.9544631986942628,25,3,141,7,40,5,63,1,0,1,Action_480p_25fps_15s
1125,0,p8x8,2,1.7703159785329992,1,10,1,-10,29.32159763936856,-4:4,temporal,0,100,3,tesa,45,1,0,none,1,main,0.2829198489071013,25,19,141,7,29,5,63,1,1,1,Action_480p_25fps_15s
1079,0,p8x8,2,0.296249058842245,1,10,1,-10,29.32159763936856,-4:4,none,0,304,3,tesa,45,0,0,none,1,main,0.2829198489071013,40,3,141,7,40,7,63,1,0,2,Action_480p_25fps_15s
1079,0,p8x8,2,1.7703159785329992,1,10,1,-10,29.32159763936856,-4:4,auto,0,100,3,tesa,14,0,0,none,1,main,0.9544631986942628,25,3,141,7,29,5,52,0,0,2,Action_480p_25fps_15s
1125,0,p8x8,2,1.7703159785329992,1,10,1,-10,29.32159763936856,-4:4,none,0,100,3,tesa,45,0,0,none,1,main,0.2829198489071013,25,3,141,7,40,1,63,1,0,1,Action_480p_25fps_15s
1079,1,p8x8,2,1.7703159785329992,1,10,1,-10,29.32159763936856,-4:4,auto,0,368,3,tesa,25,0,0,none,1,main,0.2829198489071013,25,3,134,7,40,5,63,1,0,1,Action_480p_25fps_15s
1079,0,p8x8,3,0.997204051885666,1,10,0,-10,29.32159763936856,-4:4,spatial,0,100,3,umh,45,0,0,none,1,main,0.9544631986942628,25,3,141,7,15,5,63,1,0,1,Action_480p_25fps_15s
1079,0,p8x8,2,0.296249058842245,1,10,1,-10,29.32159763936856,-4:4,auto,0,100,4,tesa,30,0,0,none,1,baseline,0.9544631986942628,25,3,141,7,40,5,63,1,0,1,Action_480p_25fps_15s
1079,0,p4x4,3,1.7703159785329992,1,10,1,-10,29.32159763936856,-4:4,auto,0,100,3,tesa,14,0,0,none,1,main,0.9544631986942628,25,3,141,7,29,5,52,0,0,0,Action_480p_25fps_15s
1079,0,p8x8,2,1.7703159785329992,2,10,1,-5,29.32159763936856,-4:4,auto,0,100,3,tesa,14,0,0,none,1,main,0.9544631986942628,25,3,141,7,40,5,63,1,0,1,Action_480p_25fps_15s
1079,0,p8x8,2,0.296249058842245,1,10,1,-10,29.32159763936856,-4:4,auto,0,100,4,tesa,30,0,0,none,1,main,0.9544631986942628,25,3,141,7,15,5,63,1,0,1,Action_480p_25fps_15s
1079,0,p8x8,2,1.7703159785329992,0,10,1,-12,29.32159763936856,-4:4,none,0,100,1,tesa,26,0,0,none,1,main,0.9544631986942628,25,3,141,7,29,5,52,0,0,0,Action_480p_25fps_15s
1079,1,p8x8,3,0.296249058842245,1,10,1,-10,29.32159763936856,-4:4,auto,0,180,4,tesa,30,0,0,none,1,main,0.0549602962498306,25,3,141,7,15,5,63,1,0,1,Action_480p_25fps_15s
1079,0,p8x8,2,1.7703159785329992,1,10,1,-10,29.32159763936856,-4:4,auto,0,368,3,tesa,25,0,0,none,1,main,0.2829198489071013,25,3,134,7,40,5,63,1,0,1,Action_480p_25fps_15s
1079,0,p8x8,3,1.7703159785329992,1,7,0,1,25.059861731496472,5:-5,auto,1,215,4,umh,10,0,0,cbr,1,baseline,0.6493532546000097,22,4,111,13,80,4,2,0,0,0,Big_720p_25fps_20s
1974,0,p4x4,2,0.8031596101194036,2,7,0,1,25.059861731496472,5:-5,auto,1,184,4,dia,10,0,0,cbr,1,baseline,0.6493532546000097,22,4,111,1,92,0,2,0,0,0,Big_720p_25fps_20s
1079,0,p4x4,2,0.8031596101194036,1,10,0,-11,25.059861731496472,5:-5,auto,1,215,4,umh,10,0,0,cbr,1,baseline,0.6493532546000097,22,4,111,10,80,4,53,2,1,1,Big_720p_25fps_20s
1974,0,p4x4,2,0.8031596101194036,2,7,0,1,25.059861731496472,3:-3,auto,1,215,4,umh,21,0,0,cbr,1,baseline,0.6493532546000097,22,4,111,13,80,4,2,0,0,0,Big_720p_25fps_20s
1079,0,p8x8,0,1.7703159785329992,1,7,0,1,25.059861731496472,5:-5,auto,1,215,4,umh,10,0,0,cbr,1,baseline,0.6493532546000097,22,4,111,3,80,0,2,0,0,0,Big_720p_25fps_20s
1974,0,p4x4,2,0.8031596101194036,2,7,0,1,25.059861731496472,5:-5,auto,1,215,4,umh,10,0,0,cbr,1,baseline,0.6493532546000097,22,4,111,13,80,4,2,0,0,0,Big_720p_25fps_20s
1974,0,p4x4,2,0.8031596101194036,2,7,0,1,25.059861731496472,5:5,auto,1,215,4,umh,10,0,0,cbr,1,baseline,0.6493532546000097,22,4,111,13,80,4,2,0,0,0,Big_720p_25fps_20s
1079,0,p8x8,3,1.7703159785329992,1,7,0,1,25.059861731496472,5:-5,auto,1,215,4,umh,10,1,0,cbr,1,baseline,0.6493532546000097,22,4,111,3,80,0,2,0,1,0,Big_720p_25fps_20s
1974,0,p4x4,2,0.8031596101194036,2,14,0,1,25.059861731496472,-3:3,auto,1,215,4,umh,10,0,0,cbr,1,baseline,0.6493532546000097,22,4,111,13,80,4,2,0,1,0,Big_720p_25fps_20s
1974,0,p4x4,2,0.8031596101194036,1,7,0,1,25.059861731496472,5:-5,auto,1,215,4,umh,10,0,0,cbr,1,baseline,0.6493532546000097,22,4,118,3,4,0,2,0,0,0,Big_720p_25fps_20s
83,0,p8x8,3,1.7703159785329992,1,7,0,-8,25.059861731496472,5:-5,none,1,215,4,umh,10,0,0,cbr,1,baseline,0.6493532546000097,22,4,111,3,80,0,2,0,1,0,Big_720p_25fps_20s
1079,0,all,2,0.8031596101194036,1,7,0,1,25.059861731496472,5:-5,auto,1,215,4,umh,20,0,0,cbr,1,baseline,0.6493532546000097,22,4,118,3,4,0,2,0,0,0,Big_720p_25fps_20s
1910,0,p8x8,0,1.7703159785329992,1,4,0,1,25.059861731496472,5:-5,auto,1,215,4,umh,10,0,0,cbr,1,baseline,0.6493532546000097,22,4,111,3,80,0,2,0,0,1,Big_720p_25fps_20s
1974,0,p4x4,2,0.8031596101194036,2,7,0,1,25.059861731496472,5:-5,auto,1,215,4,umh,10,0,0,cbr,1,main,0.4456181539665871,22,4,118,3,4,0,2,0,0,0,Big_720p_25fps_20s
1490,0,p4x4,2,0.8031596101194036,2,14,0,1,25.059861731496472,-3:3,auto,1,215,4,umh,50,1,0,cbr,1,baseline,0.6493532546000097,22,4,111,3,80,0,2,0,1,0,Big_720p_25fps_20s
1974,0,p4x4,2,0.8031596101194036,2,7,0,1,25.059861731496472,3:-3,auto,1,70,4,umh,10,0,0,cbr,1,baseline,0.6493532546000097,22,4,111,3,80,0,36,0,0,0,Big_720p_25fps_20s
1910,0,p8x8,0,1.7703159785329992,1,4,0,1,1.8992647866848085,5:-5,auto,1,215,4,umh,10,0,0,cbr,1,baseline,0.6493532546000097,22,7,111,3,80,8,2,0,1,0,Big_720p_25fps_20s
1974,0,p4x4,2,0.8031596101194036,2,7,0,1,25.059861731496472,5:-5,auto,0,215,4,umh,49,1,0,cbr,1,baseline,0.6493532546000097,36,4,111,3,80,0,2,0,1,0,Big_720p_25fps_20s
1079,0,p8x8,2,1.7703159785329992,1,10,1,-10,29.32159763936856,-4:4,none,0,100,3,tesa,45,0,0,none,1,main,0.2829198489071013,25,3,134,7,40,5,63,1,0,1,Big_720p_25fps_20s
1079,0,p8x8,0,1.7703159785329992,1,10,1,-10,29.32159763936856,-4:4,none,0,100,3,tesa,45,0,0,none,1,main,0.2829198489071013,25,3,141,7,29,5,63,1,0,1,Big_720p_25fps_20s
1079,0,p4x4,2,0.8031596101194036,1,10,0,-11,25.059861731496472,5:-5,auto,1,215,4,umh,10,0,0,cbr,1,baseline,0.6493532546000097,22,4,111,10,80,4,53,2,1,1,Still_image_480p_25fps_10s
1079,0,p8x8,0,1.7703159785329992,1,7,0,1,25.059861731496472,5:-5,auto,1,215,4,umh,10,0,0,cbr,1,baseline,0.6493532546000097,22,4,111,3,80,0,2,0,0,0,Still_image_480p_25fps_10s
1974,0,p4x4,2,0.8031596101194036,2,7,0,1,25.059861731496472,5:-5,auto,1,215,4,umh,10,0,0,cbr,1,baseline,0.6493532546000097,22,4,111,13,80,4,2,0,0,0,Still_image_480p_25fps_10s
1974,0,p4x4,2,0.8031596101194036,2,7,0,1,25.059861731496472,5:-5,auto,1,184,4,dia,10,0,0,cbr,1,baseline,0.6493532546000097,22,4,111,1,92,0,2,0,0,0,Still_image_480p_25fps_10s
1974,0,p4x4,2,0.8031596101194036,2,7,0,1,25.059861731496472,3:-3,auto,1,215,4,umh,21,0,0,cbr,1,baseline,0.6493532546000097,22,4,111,13,80,4,2,0,0,0,Still_image_480p_25fps_10s
1079,0,p8x8,3,1.7703159785329992,1,7,0,1,25.059861731496472,5:-5,auto,1,215,4,umh,10,0,0,cbr,1,baseline,0.6493532546000097,22,4,111,13,80,4,2,0,0,0,Still_image_480p_25fps_10s
1974,0,p4x4,2,0.8031596101194036,2,14,0,1,25.059861731496472,-3:3,auto,1,215,4,umh,10,0,0,cbr,1,baseline,0.6493532546000097,22,4,111,13,80,4,2,0,1,0,Still_image_480p_25fps_10s
1974,0,p4x4,2,0.8031596101194036,1,7,0,1,25.059861731496472,5:-5,auto,1,215,4,umh,10,0,0,cbr,1,baseline,0.6493532546000097,22,4,118,3,4,0,2,0,0,0,Still_image_480p_25fps_10s
1974,0,p4x4,2,0.8031596101194036,2,7,0,1,25.059861731496472,5:5,auto,1,215,4,umh,10,0,0,cbr,1,baseline,0.6493532546000097,22,4,111,13,80,4,2,0,0,0,Still_image_480p_25fps_10s
1079,0,p8x8,3,1.7703159785329992,1,7,0,1,25.059861731496472,5:-5,auto,1,215,4,umh,10,1,0,cbr,1,baseline,0.6493532546000097,22,4,111,3,80,0,2,0,1,0,Still_image_480p_25fps_10s
321,0,p8x8,0,1.7703159785329992,1,7,0,1,40.323908075426026,5:-5,auto,1,215,4,umh,10,0,0,none,1,baseline,0.6493532546000097,40,0,118,3,26,0,2,0,0,0,Still_image_480p_25fps_10s
1974,0,p4x4,3,0.8031596101194036,2,7,0,1,25.059861731496472,3:-3,auto,1,215,4,umh,10,0,0,cbr,1,baseline,0.6493532546000097,22,4,111,13,80,4,2,0,1,0,Still_image_480p_25fps_10s
1974,0,p8x8,2,0.8031596101194036,2,7,0,1,25.059861731496472,5:5,auto,1,215,4,umh,10,0,0,cbr,1,baseline,0.6493532546000097,22,4,111,13,80,4,2,0,0,0,Still_image_480p_25fps_10s
1974,0,p4x4,3,0.8031596101194036,2,7,0,1,25.059861731496472,3:-3,auto,1,215,4,umh,10,0,0,cbr,1,baseline,0.6493532546000097,22,4,111,13,80,4,30,0,0,2,Still_image_480p_25fps_10s
1079,0,p8x8,2,1.7703159785329992,1,7,1,1,25.059861731496472,5:-5,auto,1,215,4,umh,10,1,0,cbr,1,baseline,0.6493532546000097,22,4,111,3,80,0,2,0,1,0,Still_image_480p_25fps_10s
1974,0,p4x4,2,0.8031596101194036,2,7,0,1,10.011030304493657,5:-5,auto,1,215,4,umh,50,0,1,cbr,1,baseline,0.6493532546000097,22,4,118,3,4,0,2,0,0,0,Still_image_480p_25fps_10s
1974,0,p4x4,2,0.8031596101194036,1,7,0,1,25.059861731496472,5:-5,auto,1,215,4,umh,10,0,0,cbr,1,baseline,0.6493532546000097,29,4,111,13,80,4,2,0,0,0,Still_image_480p_25fps_10s
1974,0,p4x4,3,0.8031596101194036,2,7,0,1,25.059861731496472,3:-3,auto,1,215,4,umh,10,0,0,cbr,1,baseline,0.6493532546000097,22,4,111,10,80,4,53,2,1,1,Still_image_480p_25fps_10s
1079,0,"p8x8,b8x8,i8x8,i4x4",2,0.8031596101194036,1,10,0,-11,25.059861731496472,5:-5,auto,1,215,4,umh,10,0,0,cbr,1,baseline,0.6493532546000097,22,4,111,13,80,4,2,0,1,0,Still_image_480p_25fps_10s
1079,0,p8x8,3,1.7703159785329992,1,7,0,-11,25.059861731496472,5:-5,auto,1,215,4,dia,10,0,0,cbr,1,baseline,0.0878387794859161,40,0,118,3,26,0,2,0,0,1,Still_image_480p_25fps_10s
2349,0,p8x8,0,1.7703159785329992,0,10,1,-10,29.32159763936856,-4:4,spatial,1,134,2,tesa,45,0,0,vbr,0,baseline,0.6493532546000097,48,11,92,12,92,0,2,1,0,1,Action_1080p_25fps_5s
1079,0,p8x8,0,1.8730000062338965,0,10,1,-10,29.32159763936856,-4:4,spatial,1,134,2,tesa,45,0,0,vbr,0,baseline,0.6493532546000097,48,11,92,12,92,0,2,1,0,1,Action_1080p_25fps_5s
1079,0,p8x8,2,0.296249058842245,1,10,1,-10,29.32159763936856,-4:4,spatial,0,100,3,tesa,45,0,0,vbr,0,baseline,0.6493532546000097,48,11,92,2,92,0,2,0,0,0,Action_1080p_25fps_5s
1079,0,p8x8,2,1.7703159785329992,1,10,1,-10,29.32159763936856,-5:5,auto,0,100,3,tesa,45,0,0,vbr,0,baseline,0.6493532546000097,43,14,92,2,92,0,2,0,0,0,Action_1080p_25fps_5s
1125,0,p8x8,2,1.7703159785329992,1,10,1,-10,29.32159763936856,-4:4,temporal,0,100,2,tesa,45,0,0,vbr,0,baseline,0.6493532546000097,48,11,92,2,92,0,2,1,0,0,Action_1080p_25fps_5s
2349,0,p8x8,0,1.7703159785329992,0,10,1,-10,29.32159763936856,-4:4,spatial,1,100,2,tesa,45,0,0,vbr,0,baseline,0.6493532546000097,48,11,92,12,92,0,2,0,0,0,Action_1080p_25fps_5s
1079,0,p8x8,0,1.7703159785329992,1,10,1,-10,29.32159763936856,-4:4,spatial,0,100,2,tesa,45,0,0,vbr,0,baseline,0.6493532546000097,48,11,92,12,92,0,2,0,0,0,Action_1080p_25fps_5s
1079,0,p8x8,0,1.7703159785329992,0,10,1,-10,29.32159763936856,-4:4,spatial,1,100,3,tesa,45,0,0,vbr,0,baseline,0.6493532546000097,48,11,92,2,92,0,2,0,0,0,Action_1080p_25fps_5s
1079,0,p8x8,3,1.7703159785329992,0,10,1,-10,29.32159763936856,-4:4,temporal,1,100,3,hex,45,0,0,vbr,0,baseline,0.6493532546000097,43,14,92,2,92,0,2,0,0,0,Action_1080p_25fps_5s
1079,0,p8x8,2,1.7703159785329992,1,10,1,3,29.32159763936856,-5:5,spatial,0,100,0,tesa,45,1,0,vbr,0,baseline,0.0576883939847765,48,11,92,2,92,0,2,0,0,0,Action_1080p_25fps_5s
1079,0,p8x8,2,1.7703159785329992,1,10,1,-10,29.32159763936856,-5:5,auto,0,100,0,tesa,45,1,0,vbr,0,baseline,0.6493532546000097,43,14,92,2,92,0,2,0,1,0,Action_1080p_25fps_5s
1079,0,p8x8,0,1.7703159785329992,0,10,1,-10,29.32159763936856,-4:4,none,1,100,3,tesa,35,0,0,vbr,0,baseline,0.6493532546000097,48,11,92,6,92,0,2,0,0,0,Action_1080p_25fps_5s
2349,0,p8x8,0,1.7703159785329992,1,10,1,-10,26.5334120992591,-4:4,temporal,0,100,2,tesa,45,1,0,vbr,0,baseline,0.6493532546000097,48,11,161,2,92,0,56,2,0,0,Action_1080p_25fps_5s
2349,0,p8x8,0,1.7703159785329992,1,10,1,-10,29.32159763936856,-4:4,spatial,0,240,2,tesa,45,0,0,vbr,0,baseline,0.6493532546000097,48,11,137,12,92,0,2,0,0,0,Action_1080p_25fps_5s
1079,0,p8x8,2,1.7703159785329992,0,10,1,-10,29.32159763936856,-4:4,spatial,1,100,1,tesa,45,0,0,vbr,0,baseline,0.6493532546000097,48,11,92,2,92,0,2,0,0,0,Action_1080p_25fps_5s
2349,0,p8x8,0,0.9625735019710584,1,10,0,-10,29.32159763936856,-4:4,spatial,0,100,3,tesa,39,0,0,vbr,0,baseline,0.6493532546000097,48,11,92,2,92,0,2,0,0,0,Action_1080p_25fps_5s
1079,0,p8x8,2,1.7703159785329992,1,11,1,3,29.32159763936856,-5:5,spatial,0,100,3,tesa,45,1,0,vbr,0,baseline,0.0576883939847765,48,11,92,2,92,6,2,0,0,0,Action_1080p_25fps_5s
2329,0,p8x8,2,1.7703159785329992,1,10,1,3,29.32159763936856,-5:5,spatial,0,100,0,tesa,45,1,0,vbr,0,baseline,0.0576883939847765,48,11,92,2,47,1,2,1,0,0,Action_1080p_25fps_5s
1079,0,p8x8,2,1.7703159785329992,0,10,1,-10,29.32159763936856,-5:5,auto,0,100,0,tesa,45,1,0,vbr,0,baseline,0.6493532546000097,43,14,92,2,92,0,2,0,1,0,Action_1080p_25fps_5s
2349,0,p8x8,0,0.9625735019710584,1,6,0,-10,29.32159763936856,-4:4,spatial,0,100,3,tesa,39,0,0,vbr,0,baseline,0.6493532546000097,48,11,92,2,92,0,2,0,0,0,Action_1080p_25fps_5s
1079,0,p8x8,2,1.7703159785329992,1,10,1,-10,29.32159763936856,-4:4,none,0,100,3,tesa,45,0,0,none,1,main,0.2829198489071013,25,3,141,7,40,5,63,1,0,1,Standard_480p_60fps_5s
1079,0,p8x8,2,1.7703159785329992,1,10,1,-10,29.32159763936856,-4:4,auto,0,100,3,tesa,45,0,0,none,1,main,0.9544631986942628,25,3,141,7,40,5,63,1,0,1,Standard_480p_60fps_5s
1079,0,p8x8,2,1.7703159785329992,1,10,1,-10,29.32159763936856,-4:4,none,0,100,3,tesa,45,0,0,none,1,main,0.2829198489071013,25,3,134,7,40,5,63,1,0,1,Standard_480p_60fps_5s
1079,0,p8x8,0,1.7703159785329992,1,10,1,-10,29.32159763936856,-4:4,none,0,100,3,tesa,45,0,0,none,1,main,0.2829198489071013,25,3,141,7,29,5,63,1,0,1,Standard_480p_60fps_5s
1079,0,p8x8,0,1.7703159785329992,1,10,1,-10,29.32159763936856,-4:4,none,0,100,3,tesa,35,0,0,none,1,main,0.2829198489071013,49,3,134,7,40,5,63,1,0,1,Standard_480p_60fps_5s
1079,0,p8x8,1,1.7703159785329992,1,10,0,-10,29.32159763936856,2:2,none,0,100,3,tesa,45,0,0,none,1,main,0.2829198489071013,25,3,134,7,40,5,63,1,0,1,Standard_480p_60fps_5s
1079,0,p8x8,1,1.7703159785329992,1,10,1,7,29.32159763936856,-4:4,none,0,100,3,tesa,35,0,0,none,1,main,0.2829198489071013,25,3,141,7,29,5,63,1,0,1,Standard_480p_60fps_5s
1079,0,p8x8,2,1.7703159785329992,1,5,1,-5,29.32159763936856,-4:4,none,0,100,3,tesa,45,0,0,none,1,main,0.2829198489071013,25,3,141,6,29,5,63,1,0,1,Standard_480p_60fps_5s
1079,0,p8x8,0,1.7703159785329992,1,10,1,-3,29.32159763936856,-4:4,none,0,100,3,tesa,45,0,0,none,1,main,0.2829198489071013,25,3,141,7,29,5,63,1,0,1,Standard_480p_60fps_5s
1079,0,p8x8,2,1.7703159785329992,1,10,1,-10,29.32159763936856,-4:4,none,0,100,3,tesa,45,0,0,none,1,main,0.2829198489071013,32,3,134,7,40,5,63,1,0,1,Standard_480p_60fps_5s
1079,0,p8x8,0,1.7703159785329992,1,10,1,-3,16.601015116424694,-4:4,temporal,0,100,3,tesa,45,0,0,none,1,main,0.2829198489071013,36,3,141,7,29,5,63,1,0,1,Standard_480p_60fps_5s
1079,0,p8x8,2,0.296249058842245,1,2,1,-10,29.32159763936856,-4:4,spatial,0,100,3,tesa,45,0,0,none,1,main,0.2829198489071013,33,3,141,10,40,5,63,1,0,0,Standard_480p_60fps_5s
1079,0,p8x8,3,0.7024891126515397,1,7,0,1,25.059861731496472,-4:4,none,0,100,3,tesa,45,0,0,none,1,main,0.2829198489071013,25,3,96,7,29,5,63,1,0,1,Standard_480p_60fps_5s
1079,0,p8x8,1,0.098828939704809,1,10,1,-3,29.32159763936856,-4:4,none,0,260,3,tesa,45,0,0,none,1,main,0.2829198489071013,25,3,141,13,29,5,63,1,0,1,Standard_480p_60fps_5s
1079,0,p8x8,3,0.7024891126515397,1,7,0,1,47.14067257294976,-4:4,none,0,100,3,tesa,45,0,0,none,1,main,0.2829198489071013,25,3,96,7,50,5,26,1,0,1,Standard_480p_60fps_5s
1079,0,p8x8,2,1.7703159785329992,2,9,1,-10,29.32159763936856,-4:4,none,0,100,3,tesa,45,0,0,none,1,main,0.2829198489071013,25,3,134,7,64,5,63,1,0,1,Standard_480p_60fps_5s
1079,0,p8x8,1,1.7703159785329992,1,10,1,7,29.32159763936856,4:4,none,0,100,3,tesa,35,0,0,none,1,main,0.2829198489071013,25,3,141,7,29,5,63,1,0,1,Standard_480p_60fps_5s
1079,0,p8x8,2,1.7703159785329992,1,10,1,-5,29.32159763936856,-4:4,temporal,0,100,1,tesa,45,0,0,none,1,main,0.2829198489071013,25,3,134,7,48,5,63,1,0,1,Standard_480p_60fps_5s
1079,0,p8x8,3,0.7024891126515397,1,5,0,1,47.14067257294976,-4:4,none,0,73,2,tesa,45,0,0,none,1,main,0.2829198489071013,32,3,134,7,40,5,63,1,0,1,Standard_480p_60fps_5s
2128,0,p8x8,2,1.7703159785329992,2,10,1,-10,29.32159763936856,-4:4,none,0,100,3,tesa,45,0,0,none,1,main,0.2829198489071013,32,9,141,13,29,5,63,1,0,1,Standard_480p_60fps_5s
1079,0,p8x8,2,1.7703159785329992,1,10,1,-10,29.32159763936856,-4:4,auto,0,100,3,tesa,45,0,0,none,1,main,0.9544631986942628,25,3,141,7,40,5,63,1,0,1,Standard_1080p_30fps_10s
1079,0,p8x8,2,1.7703159785329992,1,10,1,-10,29.32159763936856,-4:4,none,0,100,3,tesa,45,0,0,none,1,main,0.2829198489071013,25,3,134,7,40,5,63,1,0,1,Standard_1080p_30fps_10s
1079,0,p8x8,2,1.7703159785329992,1,10,1,-10,29.32159763936856,-4:4,none,0,100,3,tesa,45,0,0,none,1,main,0.2829198489071013,25,3,141,7,40,5,63,1,0,1,Standard_1080p_30fps_10s
1079,0,p8x8,0,1.7703159785329992,1,10,1,-10,29.32159763936856,-4:4,none,0,100,3,tesa,45,0,0,none,1,main,0.2829198489071013,25,3,141,7,29,5,63,1,0,1,Standard_1080p_30fps_10s
1079,0,p8x8,0,1.7703159785329992,1,10,1,-3,29.32159763936856,-4:4,none,0,100,3,tesa,45,0,0,none,1,main,0.2829198489071013,25,3,141,7,29,5,63,1,0,1,Standard_1080p_30fps_10s
1079,0,p8x8,1,1.7703159785329992,1,10,0,-10,29.32159763936856,2:2,none,0,100,3,tesa,45,0,0,none,1,main,0.2829198489071013,25,3,134,7,40,5,63,1,0,1,Standard_1080p_30fps_10s
1079,0,p8x8,1,1.7703159785329992,1,10,1,7,29.32159763936856,-4:4,none,0,100,3,tesa,35,0,0,none,1,main,0.2829198489071013,25,3,141,7,29,5,63,1,0,1,Standard_1080p_30fps_10s
1079,0,p8x8,2,1.9962941833638503,1,10,1,-10,29.32159763936856,-4:4,auto,0,100,3,tesa,45,0,0,none,1,main,0.9544631986942628,22,3,141,7,40,5,63,1,0,1,Standard_1080p_30fps_10s
1079,0,p8x8,0,1.7703159785329992,1,10,1,-10,29.32159763936856,-4:4,none,0,100,3,tesa,35,0,0,none,1,main,0.2829198489071013,49,3,134,7,40,5,63,1,0,1,Standard_1080p_30fps_10s
1079,0,p8x8,2,0.296249058842245,1,10,1,-10,29.32159763936856,-4:4,none,0,304,3,tesa,45,0,0,none,1,main,0.2829198489071013,40,3,141,7,40,7,63,1,0,2,Standard_1080p_30fps_10s
1125,0,p8x8,2,1.7703159785329992,1,10,1,-10,29.32159763936856,-4:4,temporal,0,100,3,tesa,45,1,0,none,1,main,0.2829198489071013,25,19,141,7,29,5,63,1,1,1,Standard_1080p_30fps_10s
1079,0,p8x8,2,0.296249058842245,1,10,1,-10,29.32159763936856,-4:4,none,0,100,3,umh,45,0,0,none,1,main,0.2829198489071013,25,3,134,7,40,5,63,1,0,1,Standard_1080p_30fps_10s
1079,0,p8x8,0,1.7703159785329992,1,10,1,-10,29.32159763936856,-4:4,none,0,100,3,tesa,45,0,0,none,1,main,0.2829198489071013,25,3,141,7,29,5,63,0,0,2,Standard_1080p_30fps_10s
1079,0,p8x8,2,0.296249058842245,1,10,1,-10,29.32159763936856,-4:4,auto,0,100,4,tesa,45,0,0,none,1,baseline,0.9544631986942628,25,3,141,7,40,5,63,1,0,1,Standard_1080p_30fps_10s
1079,0,p8x8,2,1.7703159785329992,1,10,1,-10,29.32159763936856,-4:4,auto,0,100,3,tesa,14,0,0,none,1,main,0.9544631986942628,25,3,141,7,29,5,52,0,0,2,Standard_1080p_30fps_10s
1079,0,p8x8,2,1.7703159785329992,1,5,1,-5,29.32159763936856,-4:4,none,0,100,3,tesa,45,0,0,none,1,main,0.2829198489071013,25,3,141,6,29,5,63,1,0,1,Standard_1080p_30fps_10s
1079,0,p8x8,1,1.7703159785329992,1,10,1,7,29.32159763936856,-4:4,none,0,100,3,tesa,35,0,0,none,1,main,0.2829198489071013,49,3,141,7,29,5,63,0,0,0,Standard_1080p_30fps_10s
1079,0,all,1,1.7703159785329992,1,10,0,-10,29.32159763936856,2:2,none,0,100,3,tesa,45,0,0,none,1,main,0.2829198489071013,25,8,126,7,86,5,63,1,0,1,Standard_1080p_30fps_10s
1079,0,p8x8,0,1.7703159785329992,1,10,1,-10,29.32159763936856,-4:4,none,0,100,3,tesa,45,0,0,none,1,main,0.2829198489071013,25,3,141,6,29,5,63,1,0,1,Standard_1080p_30fps_10s
1079,0,p8x8,2,1.7703159785329992,1,10,1,-10,29.32159763936856,-4:4,none,0,100,3,tesa,21,0,0,none,1,main,0.2829198489071013,25,3,134,7,40,5,63,1,0,1,Standard_1080p_30fps_10s
1079,0,p8x8,0,1.7703159785329992,0,10,1,-10,29.32159763936856,-4:4,spatial,1,100,3,tesa,45,0,0,vbr,0,baseline,0.6493532546000097,48,11,92,2,92,0,2,0,0,0,Action_480p_30fps_20s
1079,0,p8x8,2,0.296249058842245,1,10,1,-10,29.32159763936856,-4:4,spatial,0,100,3,tesa,45,0,0,vbr,0,baseline,0.6493532546000097,48,11,92,2,92,0,2,0,0,0,Action_480p_30fps_20s
1079,0,p8x8,2,1.7703159785329992,1,10,1,3,29.32159763936856,-5:5,spatial,0,100,0,tesa,45,1,0,vbr,0,baseline,0.0576883939847765,48,11,92,2,92,0,2,0,0,0,Action_480p_30fps_20s
1079,0,p8x8,3,1.7703159785329992,0,10,1,-10,29.32159763936856,-4:4,temporal,1,100,3,hex,45,0,0,vbr,0,baseline,0.6493532546000097,43,14,92,2,92,0,2,0,0,0,Action_480p_30fps_20s
1079,0,p8x8,0,1.7703159785329992,1,10,1,-10,29.32159763936856,-4:4,spatial,0,100,2,tesa,45,0,0,vbr,0,baseline,0.6493532546000097,48,11,92,12,92,0,2,0,0,0,Action_480p_30fps_20s
1079,0,p8x8,2,1.7703159785329992,1,10,1,-10,29.32159763936856,-5:5,auto,0,100,3,tesa,45,0,0,vbr,0,baseline,0.6493532546000097,43,14,92,2,92,0,2,0,0,0,Action_480p_30fps_20s
1125,0,p8x8,2,1.7703159785329992,1,10,1,-10,29.32159763936856,-4:4,temporal,0,100,2,tesa,45,0,0,vbr,0,baseline,0.6493532546000097,48,11,92,2,92,0,2,1,0,0,Action_480p_30fps_20s
1079,0,p8x8,3,1.7703159785329992,0,10,1,-10,20.199797270161625,-4:4,temporal,0,100,2,tesa,45,0,0,vbr,0,baseline,0.6493532546000097,48,11,92,2,92,0,2,1,0,0,Action_480p_30fps_20s
1015,0,p8x8,2,1.7703159785329992,0,10,1,-10,29.32159763936856,-4:4,temporal,0,100,2,tesa,45,0,0,vbr,0,baseline,0.6493532546000097,48,15,92,2,92,8,2,0,0,0,Action_480p_30fps_20s
1079,0,p8x8,3,1.7703159785329992,0,6,0,-10,29.32159763936856,-4:4,temporal,1,100,3,hex,45,0,0,vbr,0,baseline,0.6493532546000097,43,14,92,2,92,0,2,1,0,0,Action_480p_30fps_20s
1079,0,p8x8,2,1.9962941833638503,1,10,1,4,36.30214777975875,-4:4,temporal,0,100,2,tesa,45,0,0,vbr,0,baseline,0.4211485133068516,48,12,92,2,92,5,2,2,0,0,Action_480p_30fps_20s
1079,0,p8x8,3,1.7703159785329992,0,10,1,-10,29.32159763936856,-4:4,temporal,0,100,2,tesa,45,0,0,vbr,0,baseline,0.6493532546000097,48,15,92,2,92,1,2,0,0,0,Action_480p_30fps_20s
1015,0,p8x8,2,1.7703159785329992,0,10,1,-10,2.933349008562066,-4:4,temporal,0,100,2,tesa,45,0,0,vbr,0,baseline,0.6493532546000097,48,11,92,2,92,0,2,1,0,2,Action_480p_30fps_20s
1015,0,p8x8,3,1.7703159785329992,0,10,1,-10,29.32159763936856,-4:4,temporal,0,473,2,tesa,45,0,1,vbr,0,baseline,0.6493532546000097,47,4,92,2,92,2,2,0,0,1,Action_480p_30fps_20s
1079,0,p8x8,3,1.2945722278459313,1,10,1,7,50.02647884003524,-4:4,none,1,136,3,hex,45,0,0,vbr,0,baseline,0.6493532546000097,43,14,92,2,63,0,2,0,0,0,Action_480p_30fps_20s
1079,0,p8x8,3,1.7703159785329992,0,10,0,-10,10.1674642472524,-4:4,temporal,0,81,2,tesa,45,0,0,vbr,0,high,0.6493532546000097,48,11,92,2,92,0,2,0,0,0,Action_480p_30fps_20s
1079,1,none,3,1.2945722278459313,1,10,1,7,20.199797270161625,-4:4,temporal,0,100,2,tesa,45,0,0,vbr,0,baseline,0.6493532546000097,48,11,92,2,92,0,2,0,0,0,Action_480p_30fps_20s
2088,0,p8x8,3,1.7703159785329992,0,10,1,-10,50.02647884003524,-4:4,none,1,136,0,hex,45,0,0,vbr,0,baseline,0.6493532546000097,43,14,92,2,63,0,2,0,0,0,Action_480p_30fps_20s
1015,0,p8x8,2,1.7703159785329992,0,10,1,-10,47.3918708018415,-4:4,temporal,1,100,2,tesa,45,0,0,vbr,0,baseline,0.0576883939847765,48,11,108,2,92,0,2,0,1,0,Action_480p_30fps_20s
1079,0,p8x8,3,1.7703159785329992,0,10,0,-10,29.48903521464648,-4:4,temporal,0,100,2,tesa,33,0,0,vbr,0,baseline,0.6493532546000097,48,11,92,12,92,0,2,0,0,0,Action_480p_30fps_20s
1974,0,p4x4,2,0.8031596101194036,2,7,0,1,25.059861731496472,5:-5,auto,1,215,4,umh,10,0,0,cbr,1,baseline,0.6493532546000097,22,4,111,13,80,4,2,0,0,0,Still_image_1080p_25fps_10s
1079,0,p8x8,0,1.7703159785329992,1,7,0,1,25.059861731496472,5:-5,auto,1,215,4,umh,10,0,0,cbr,1,baseline,0.6493532546000097,22,4,111,3,80,0,2,0,0,0,Still_image_1080p_25fps_10s
1079,0,p4x4,2,0.8031596101194036,1,10,0,-11,25.059861731496472,5:-5,auto,1,215,4,umh,10,0,0,cbr,1,baseline,0.6493532546000097,22,4,111,10,80,4,53,2,1,1,Still_image_1080p_25fps_10s
1974,0,p4x4,2,0.8031596101194036,2,7,0,1,25.059861731496472,5:-5,auto,1,184,4,dia,10,0,0,cbr,1,baseline,0.6493532546000097,22,4,111,1,92,0,2,0,0,0,Still_image_1080p_25fps_10s
1974,0,p4x4,2,0.8031596101194036,2,7,0,1,25.059861731496472,3:-3,auto,1,215,4,umh,21,0,0,cbr,1,baseline,0.6493532546000097,22,4,111,13,80,4,2,0,0,0,Still_image_1080p_25fps_10s
1079,0,p8x8,3,1.7703159785329992,1,7,0,1,25.059861731496472,5:-5,auto,1,215,4,umh,10,0,0,cbr,1,baseline,0.6493532546000097,22,4,111,13,80,4,2,0,0,0,Still_image_1080p_25fps_10s
1974,0,p4x4,2,0.8031596101194036,2,14,0,1,25.059861731496472,-3:3,auto,1,215,4,umh,10,0,0,cbr,1,baseline,0.6493532546000097,22,4,111,13,80,4,2,0,1,0,Still_image_1080p_25fps_10s
1974,0,p4x4,2,0.8031596101194036,1,7,0,1,25.059861731496472,5:-5,auto,1,215,4,umh,10,0,0,cbr,1,baseline,0.6493532546000097,22,4,118,3,4,0,2,0,0,0,Still_image_1080p_25fps_10s
1974,0,p4x4,2,0.8031596101194036,2,7,0,1,25.059861731496472,5:5,auto,1,215,4,umh,10,0,0,cbr,1,baseline,0.6493532546000097,22,4,111,13,80,4,2,0,0,0,Still_image_1080p_25fps_10s
1079,0,p8x8,3,1.7703159785329992,1,7,0,1,25.059861731496472,5:-5,auto,1,215,4,umh,10,1,0,cbr,1,baseline,0.6493532546000097,22,4,111,3,80,0,2,0,1,0,Still_image_1080p_25fps_10s
1974,0,p4x4,2,0.8031596101194036,2,7,0,1,25.059861731496472,5:5,auto,1,215,4,umh,10,0,1,cbr,1,baseline,0.6493532546000097,22,4,26,3,4,0,22,0,0,0,Still_image_1080p_25fps_10s
1079,0,p8x8,3,1.7703159785329992,1,7,0,1,25.059861731496472,5:-5,auto,1,215,4,hex,10,1,0,cbr,1,baseline,0.6493532546000097,22,4,111,3,80,0,2,0,1,0,Still_image_1080p_25fps_10s
1974,0,p4x4,2,0.8031596101194036,1,7,0,1,25.059861731496472,5:-5,spatial,1,215,4,umh,10,0,0,cbr,1,baseline,0.6493532546000097,22,4,118,10,4,0,2,0,1,0,Still_image_1080p_25fps_10s
1974,0,p4x4,2,0.8031596101194036,2,7,1,1,25.059861731496472,1:-1,auto,1,184,4,hex,10,0,0,cbr,1,baseline,0.6493532546000097,22,4,111,3,80,0,47,0,1,0,Still_image_1080p_25fps_10s
1974,0,p4x4,2,0.8031596101194036,2,7,0,1,25.059861731496472,5:5,auto,1,116,4,umh,43,0,0,cbr,1,baseline,0.6493532546000097,22,4,111,13,80,4,2,0,0,0,Still_image_1080p_25fps_10s
1079,0,p8x8,3,1.7703159785329992,1,7,0,1,25.059861731496472,5:-5,auto,1,215,4,hex,10,0,0,cbr,1,baseline,0.813740992519497,22,4,111,3,80,0,47,0,1,0,Still_image_1080p_25fps_10s
1974,0,p4x4,2,0.8031596101194036,2,7,0,1,25.059861731496472,1:-1,auto,1,116,4,umh,43,0,0,cbr,1,baseline,0.6493532546000097,22,4,111,1,24,0,29,2,0,0,Still_image_1080p_25fps_10s
1079,0,p8x8,3,0.903671399150069,1,7,0,1,25.059861731496472,5:-5,auto,1,215,4,umh,10,0,0,cbr,1,baseline,0.6493532546000097,22,3,111,13,80,4,2,0,0,0,Still_image_1080p_25fps_10s
1721,0,p8x8,3,1.7703159785329992,1,6,0,1,25.059861731496472,5:-5,auto,1,215,4,umh,10,0,0,cbr,1,baseline,0.6493532546000097,22,4,111,13,80,4,2,0,1,0,Still_image_1080p_25fps_10s
1974,0,p4x4,2,0.8031596101194036,2,7,0,1,25.059861731496472,0:0,auto,1,215,4,umh,10,0,1,vbr,1,baseline,0.8676806254127472,22,4,26,3,4,0,22,0,0,1,Still_image_1080p_25fps_10s
1079,0,p8x8,2,1.7703159785329992,1,10,1,-10,29.32159763936856,-4:4,none,0,100,3,tesa,45,0,0,none,1,main,0.2829198489071013,25,3,141,7,40,5,63,1,0,1,Big_720p_60fps_20s
1079,0,p8x8,2,1.7703159785329992,1,10,1,-10,29.32159763936856,-4:4,auto,0,100,3,tesa,45,0,0,none,1,main,0.9544631986942628,25,3,141,7,40,5,63,1,0,1,Big_720p_60fps_20s
1079,0,p8x8,2,1.7703159785329992,1,10,1,-10,29.32159763936856,-4:4,none,0,100,3,tesa,45,0,0,none,1,main,0.2829198489071013,25,3,134,7,40,5,63,1,0,1,Big_720p_60fps_20s
1079,0,p8x8,0,1.7703159785329992,1,10,1,-10,29.32159763936856,-4:4,none,0,100,3,tesa,45,0,0,none,1,main,0.2829198489071013,25,3,141,7,29,5,63,1,0,1,Big_720p_60fps_20s
1079,0,p8x8,0,1.7703159785329992,1,10,1,-10,29.32159763936856,-4:4,none,0,100,3,tesa,45,0,0,none,1,main,0.2829198489071013,25,3,141,7,29,5,63,0,0,2,Big_720p_60fps_20s
1079,0,p8x8,2,1.7703159785329992,1,10,1,-10,29.32159763936856,-4:4,auto,0,100,3,tesa,14,0,0,none,1,main,0.9544631986942628,25,3,141,7,29,5,52,0,0,2,Big_720p_60fps_20s
1079,0,p8x8,2,0.296249058842245,1,10,1,-10,29.32159763936856,-4:4,auto,0,100,4,tesa,45,0,0,none,1,baseline,0.9544631986942628,25,3,141,7,40,5,63,1,0,1,Big_720p_60fps_20s
1079,0,p8x8,2,0.296249058842245,1,10,1,-10,29.32159763936856,-4:4,none,0,100,3,umh,45,0,0,none,1,main,0.2829198489071013,25,3,134,7,40,5,63,1,0,1,Big_720p_60fps_20s
1079,0,p8x8,2,0.296249058842245,1,10,1,-10,29.32159763936856,-4:4,none,0,304,3,tesa,45,0,0,none,1,main,0.2829198489071013,40,3,141,7,40,7,63,1,0,2,Big_720p_60fps_20s
1125,0,p8x8,2,1.7703159785329992,1,10,1,-10,29.32159763936856,-4:4,temporal,0,100,3,tesa,45,1,0,none,1,main,0.2829198489071013,25,19,141,7,29,5,63,1,1,1,Big_720p_60fps_20s
1079,0,p8x8,0,1.7703159785329992,1,10,1,-3,29.32159763936856,-4:4,none,0,100,3,tesa,45,0,0,none,1,main,0.2829198489071013,25,3,141,7,29,5,63,1,0,1,Big_720p_60fps_20s
1079,0,p8x8,1,1.7703159785329992,1,10,0,-10,29.32159763936856,2:2,none,0,100,3,tesa,45,0,0,none,1,main,0.2829198489071013,25,3,134,7,40,5,63,1,0,1,Big_720p_60fps_20s
1079,0,p8x8,2,1.9962941833638503,1,10,1,-10,29.32159763936856,-4:4,auto,0,100,3,tesa,45,0,0,none,1,main,0.9544631986942628,22,3,141,7,40,5,63,1,0,1,Big_720p_60fps_20s
1079,0,p8x8,1,1.7703159785329992,1,10,1,7,29.32159763936856,-4:4,none,0,100,3,tesa,35,0,0,none,1,main,0.2829198489071013,25,3,141,7,29,5,63,1,0,1,Big_720p_60fps_20s
1079,0,p8x8,2,0.296249058842245,1,10,1,-3,29.32159763936856,-4:4,none,0,304,3,tesa,45,0,0,none,1,main,0.2829198489071013,25,3,141,7,29,5,63,1,0,1,Big_720p_60fps_20s
1079,0,p8x8,2,1.7703159785329992,1,10,1,-10,29.32159763936856,-4:4,auto,0,287,3,tesa,14,0,0,none,1,main,0.9544631986942628,25,3,134,7,40,5,63,2,0,1,Big_720p_60fps_20s
1079,0,p8x8,2,1.7703159785329992,1,15,1,-10,29.32159763936856,-4:4,auto,0,287,3,tesa,22,0,0,none,1,main,0.9544631986942628,22,3,141,7,40,5,63,1,0,1,Big_720p_60fps_20s
1079,0,p8x8,2,1.9962941833638503,1,10,1,-10,29.32159763936856,-4:4,auto,0,100,3,tesa,14,0,0,none,1,main,0.8762925187926734,25,3,134,7,40,11,63,2,0,1,Big_720p_60fps_20s
1079,1,p8x8,2,0.296249058842245,1,10,1,-10,29.32159763936856,-4:4,auto,0,100,3,tesa,14,0,0,none,1,main,0.9544631986942628,25,3,141,7,29,5,52,0,0,2,Big_720p_60fps_20s
1079,0,p8x8,2,1.7703159785329992,1,10,1,-10,29.32159763936856,-4:4,none,0,304,3,tesa,45,0,0,none,1,main,0.2829198489071013,40,3,141,7,40,7,63,1,0,2,Big_720p_60fps_20s
1079,0,p8x8,2,1.7703159785329992,1,10,1,-10,29.32159763936856,-4:4,none,0,100,3,tesa,45,0,0,none,1,main,0.2829198489071013,25,3,134,7,40,5,63,1,0,1,Big_480p_30fps_10s
1079,0,p8x8,2,1.7703159785329992,1,10,1,-10,29.32159763936856,-4:4,auto,0,100,3,tesa,45,0,0,none,1,main,0.9544631986942628,25,3,141,7,40,5,63,1,0,1,Big_480p_30fps_10s
1079,0,p8x8,0,1.7703159785329992,1,10,1,-10,29.32159763936856,-4:4,none,0,100,3,tesa,45,0,0,none,1,main,0.2829198489071013,25,3,141,7,29,5,63,1,0,1,Big_480p_30fps_10s
1079,0,p8x8,2,1.7703159785329992,1,10,1,-10,29.32159763936856,-4:4,none,0,100,3,tesa,45,0,0,none,1,main,0.2829198489071013,25,3,141,7,40,5,63,1,0,1,Big_480p_30fps_10s
1079,0,p8x8,0,1.7703159785329992,1,10,1,-10,29.32159763936856,-4:4,none,0,100,3,tesa,35,0,0,none,1,main,0.2829198489071013,49,3,134,7,40,5,63,1,0,1,Big_480p_30fps_10s
1079,0,p8x8,1,1.7703159785329992,1,10,0,-10,29.32159763936856,2:2,none,0,100,3,tesa,45,0,0,none,1,main,0.2829198489071013,25,3,134,7,40,5,63,1,0,1,Big_480p_30fps_10s
1079,0,p8x8,1,1.7703159785329992,1,10,1,7,29.32159763936856,-4:4,none,0,100,3,tesa,35,0,0,none,1,main,0.2829198489071013,25,3,141,7,29,5,63,1,0,1,Big_480p_30fps_10s
1079,0,p8x8,2,1.7703159785329992,1,5,1,-5,29.32159763936856,-4:4,none,0,100,3,tesa,45,0,0,none,1,main,0.2829198489071013,25,3,141,6,29,5,63,1,0,1,Big_480p_30fps_10s
1079,0,p8x8,0,1.7703159785329992,1,10,1,-3,29.32159763936856,-4:4,none,0,100,3,tesa,45,0,0,none,1,main,0.2829198489071013,25,3,141,7,29,5,63,1,0,1,Big_480p_30fps_10s
1079,0,p8x8,2,1.7703159785329992,1,10,1,-10,29.32159763936856,-4:4,none,0,100,3,tesa,45,0,0,none,1,main,0.2829198489071013,32,3,134,7,40,5,63,1,0,1,Big_480p_30fps_10s
1079,0,p8x8,0,1.7703159785329992,1,10,1,-10,29.32159763936856,-4:4,none,0,100,3,tesa,45,0,0,none,1,main,0.2829198489071013,25,3,141,7,29,5,63,0,0,2,Big_480p_30fps_10s
1125,0,p8x8,2,1.7703159785329992,1,10,1,-10,29.32159763936856,-4:4,none,0,100,3,tesa,45,0,0,none,1,main,0.2829198489071013,25,3,141,7,40,1,63,1,0,1,Big_480p_30fps_10s
1079,0,p8x8,2,0.296249058842245,1,10,1,-10,29.32159763936856,-4:4,none,0,100,3,umh,45,0,0,none,1,main,0.2829198489071013,25,3,134,7,40,5,63,1,0,1,Big_480p_30fps_10s
1079,0,p8x8,2,0.296249058842245,1,10,1,-10,29.32159763936856,-4:4,auto,0,100,4,tesa,45,0,0,none,1,baseline,0.9544631986942628,25,3,141,7,40,5,63,1,0,1,Big_480p_30fps_10s
1079,0,p8x8,2,1.7703159785329992,1,10,0,-10,44.398404951660005,-4:4,none,1,100,3,tesa,45,0,0,none,1,baseline,0.2829198489071013,25,3,141,8,59,1,63,1,0,1,Big_480p_30fps_10s
1125,0,p8x8,2,1.7703159785329992,1,10,1,-10,29.32159763936856,-4:4,none,0,100,3,tesa,45,0,0,none,1,main,0.2829198489071013,25,3,141,7,98,5,63,1,0,1,Big_480p_30fps_10s
1079,0,p8x8,3,1.7703159785329992,1,10,1,-10,29.32159763936856,-4:4,spatial,0,100,3,tesa,35,0,0,none,1,main,0.2829198489071013,49,3,134,7,12,5,63,1,0,1,Big_480p_30fps_10s
1079,0,all,1,1.7703159785329992,1,10,1,-10,29.32159763936856,-4:4,none,0,100,3,tesa,45,0,0,none,1,main,0.3511978806062622,25,3,141,4,29,0,63,0,0,2,Big_480p_30fps_10s
1079,0,p8x8,3,1.7703159785329992,1,10,1,7,29.32159763936856,-4:4,none,0,100,3,tesa,35,0,0,none,1,main,0.2829198489071013,25,3,141,7,29,5,63,1,0,1,Big_480p_30fps_10s
1079,0,p8x8,1,1.7703159785329992,1,10,0,-10,29.32159763936856,2:-2,temporal,0,100,1,tesa,45,0,0,none,1,main,0.4012101753647358,25,3,141,7,29,5,63,0,0,1,Big_480p_30fps_10s
1974,0,p4x4,2,0.8031596101194036,2,7,0,1,25.059861731496472,5:-5,auto,1,215,4,umh,10,0,0,cbr,1,baseline,0.6493532546000097,22,4,111,13,80,4,2,0,0,0,Big_480p_25fps_10s
1079,0,p8x8,0,1.7703159785329992,1,7,0,1,25.059861731496472,5:-5,auto,1,215,4,umh,10,0,0,cbr,1,baseline,0.6493532546000097,22,4,111,3,80,0,2,0,0,0,Big_480p_25fps_10s
1974,0,p4x4,2,0.8031596101194036,2,7,0,1,25.059861731496472,5:-5,auto,1,184,4,dia,10,0,0,cbr,1,baseline,0.6493532546000097,22,4,111,1,92,0,2,0,0,0,Big_480p_25fps_10s
1974,0,p4x4,2,0.8031596101194036,2,7,0,1,25.059861731496472,3:-3,auto,1,215,4,umh,21,0,0,cbr,1,baseline,0.6493532546000097,22,4,111,13,80,4,2,0,0,0,Big_480p_25fps_10s
1079,0,p4x4,2,0.8031596101194036,1,10,0,-11,25.059861731496472,5:-5,auto,1,215,4,umh,10,0,0,cbr,1,baseline,0.6493532546000097,22,4,111,10,80,4,53,2,1,1,Big_480p_25fps_10s
1079,0,p8x8,3,1.7703159785329992,1,7,0,1,25.059861731496472,5:-5,auto,1,215,4,umh,10,0,0,cbr,1,baseline,0.6493532546000097,22,4,111,13,80,4,2,0,0,0,Big_480p_25fps_10s
1079,0,none,3,1.9748663738410028,1,4,0,1,25.059861731496472,3:-3,auto,1,215,4,umh,10,0,0,cbr,1,baseline,0.6493532546000097,22,4,111,13,80,4,2,0,0,0,Big_480p_25fps_10s
1974,0,p4x4,2,1.3617298251399643,2,7,0,1,25.059861731496472,5:-5,auto,1,215,4,umh,10,0,0,cbr,1,baseline,0.6493532546000097,22,4,111,13,80,4,2,0,0,0,Big_480p_25fps_10s
1639,0,p4x4,2,0.8031596101194036,1,7,0,1,25.059861731496472,3:-3,auto,1,215,4,umh,21,0,0,cbr,1,baseline,0.6493532546000097,22,4,111,13,80,4,1,0,0,0,Big_480p_25fps_10s
1974,0,p4x4,1,0.8031596101194036,2,7,0,1,25.059861731496472,5:-5,auto,1,184,4,dia,10,0,0,cbr,1,baseline,0.084791151994838,22,4,111,5,92,0,2,0,1,0,Big_480p_25fps_10s
1974,0,p4x4,2,0.8031596101194036,2,15,0,1,25.059861731496472,5:-5,auto,1,215,4,umh,10,0,0,cbr,1,baseline,0.6493532546000097,22,4,111,13,80,4,2,0,0,0,Big_480p_25fps_10s
1974,0,p4x4,2,0.8031596101194036,2,7,0,1,25.059861731496472,5:-5,auto,1,479,4,umh,10,0,0,cbr,1,baseline,0.6493532546000097,22,4,111,13,80,4,2,1,0,0,Big_480p_25fps_10s
1079,0,p4x4,2,0.8031596101194036,1,10,0,-11,25.059861731496472,5:-5,auto,1,215,4,umh,10,0,0,cbr,1,baseline,0.6493532546000097,22,4,111,10,80,4,53,0,1,0,Big_480p_25fps_10s
1974,0,all,1,0.8031596101194036,2,7,0,1,43.8792506582006,3:-3,auto,1,184,4,dia,10,0,0,cbr,1,baseline,0.084791151994838,22,4,111,5,92,0,2,2,1,1,Big_480p_25fps_10s
1639,0,p4x4,2,0.8031596101194036,1,7,0,1,25.059861731496472,5:-5,auto,1,215,4,umh,10,0,0,cbr,1,baseline,0.6493532546000097,22,4,111,13,80,4,28,0,0,0,Big_480p_25fps_10s
1974,0,p4x4,2,0.8031596101194036,2,7,0,1,25.059861731496472,5:-5,auto,1,479,4,umh,10,0,0,cbr,1,baseline,0.6493532546000097,22,4,111,7,80,4,2,0,0,0,Big_480p_25fps_10s
1974,0,p4x4,2,0.8031596101194036,2,7,0,1,25.059861731496472,5:-5,auto,1,215,4,umh,10,0,0,cbr,1,baseline,0.6493532546000097,30,4,111,3,80,0,2,0,0,0,Big_480p_25fps_10s
1974,0,p4x4,2,0.8031596101194036,2,7,0,1,25.059861731496472,3:-3,auto,1,215,3,umh,21,0,0,cbr,1,baseline,0.6493532546000097,22,4,111,13,80,4,1,0,0,0,Big_480p_25fps_10s
1639,0,p4x4,2,0.8031596101194036,2,7,0,1,25.059861731496472,5:-5,auto,1,479,4,umh,10,0,0,cbr,1,baseline,0.9916920684051524,22,4,52,13,80,4,2,0,0,0,Big_480p_25fps_10s
1079,0,p8x8,0,1.7703159785329992,1,10,1,-10,29.32159763936856,-4:4,none,0,100,3,tesa,45,0,0,none,1,main,0.2829198489071013,25,3,141,7,29,5,63,1,0,1,Big_480p_25fps_10s
