id,8x8dct,analyse,aq-mode,aq-strength,b-adapt,bframes,cabac,chroma-qp-offset,crf,deblock,direct,fast-pskip,keyint,lookahead-threads,me,merange,mixed-refs,mbtree,nal-hrd,open-gop,profile,qcomp,qpmax,qpmin,rc-lookahead,ref,scenecut,subme,threads,trellis,weightb,weightp,workload
2051,0,p8x8,2,0.296249058842245,1,10,1,-10,29.32159763936856,-4:4,temporal,0,184,4,dia,4,1,1,vbr,0,high,0.3314707658397848,22,10,153,4,76,8,3,1,1,1,Action_1080p_30fps_10s
2051,0,p8x8,2,0.296249058842245,1,10,0,-10,29.32159763936856,-4:4,temporal,0,184,4,dia,4,1,1,vbr,0,high,0.3314707658397848,22,10,153,4,80,0,42,0,0,1,Action_1080p_30fps_10s
1320,1,p4x4,3,0.6157864219350295,1,12,0,8,38.687654164818326,2:-2,spatial,1,435,3,dia,15,1,0,cbr,1,main,0.7214316074693485,25,3,141,7,40,5,63,1,0,2,Action_1080p_30fps_10s
2051,0,p8x8,2,0.7254294592101662,2,10,0,5,29.58495568862226,4:4,spatial,0,455,0,tesa,54,1,1,none,1,baseline,0.6493532546000097,44,15,26,16,80,1,2,0,0,0,Action_1080p_30fps_10s
76,0,p8x8,1,0.6295137611273145,2,0,1,9,29.58495568862226,4:4,spatial,0,51,0,dia,54,0,1,none,0,baseline,0.6493532546000097,48,4,92,2,80,0,2,0,0,0,Action_1080p_30fps_10s
344,0,p8x8,1,0.7769498651393252,2,8,1,8,49.654252470083385,5:5,temporal,0,100,3,tesa,45,0,1,none,0,main,0.20369733279575,40,10,129,1,82,0,8,0,0,0,Action_1080p_30fps_10s
2233,0,none,1,1.3653973567571176,0,9,0,11,15.204349918038613,4:4,spatial,0,51,0,tesa,54,0,1,none,0,baseline,0.6493532546000097,48,4,92,2,80,1,2,0,0,0,Action_1080p_30fps_10s
2051,0,p8x8,2,0.296249058842245,2,10,1,-4,29.58495568862226,4:4,spatial,0,51,0,dia,54,0,1,none,0,baseline,0.6493532546000097,48,4,92,2,80,0,2,1,0,0,Action_1080p_30fps_10s
2051,0,p8x8,2,0.296249058842245,1,10,1,12,29.32159763936856,-4:4,spatial,0,204,3,dia,54,0,1,none,1,baseline,0.6493532546000097,48,4,92,7,80,0,2,0,0,0,Action_1080p_30fps_10s
1320,1,all,3,0.6157864219350295,2,12,1,8,38.687654164818326,2:-2,spatial,1,435,0,dia,54,0,1,none,0,baseline,0.6493532546000097,48,4,92,2,80,0,2,0,0,0,Action_1080p_30fps_10s
2051,0,p8x8,2,0.296249058842245,1,10,1,-10,29.32159763936856,-4:4,temporal,0,414,4,dia,54,0,1,none,1,baseline,0.6493532546000097,48,4,92,7,80,0,40,0,0,0,Action_1080p_30fps_10s
2051,0,p8x8,2,0.296249058842245,1,10,1,-10,29.32159763936856,-4:4,spatial,0,51,2,tesa,63,0,1,none,0,baseline,0.6493532546000097,48,0,92,2,80,1,2,0,0,0,Action_1080p_30fps_10s
2051,0,p8x8,2,0.7254294592101662,2,10,1,4,29.58495568862226,4:4,auto,0,51,0,dia,54,1,1,vbr,0,baseline,0.6493532546000097,48,4,92,2,80,0,42,0,0,1,Action_1080p_30fps_10s
1470,0,p8x8,2,0.296249058842245,2,10,1,4,29.58495568862226,4:4,auto,0,51,0,dia,54,0,1,none,0,baseline,0.6493532546000097,48,4,92,2,80,0,42,0,0,1,Action_1080p_30fps_10s
2051,0,p8x8,2,0.7254294592101662,1,10,1,12,29.32159763936856,-4:4,none,0,204,3,dia,54,0,1,cbr,0,baseline,0.6493532546000097,48,4,92,7,80,0,2,0,0,0,Action_1080p_30fps_10s
2051,0,p8x8,2,1.1224809890008995,2,10,1,4,29.58495568862226,4:4,auto,0,51,0,dia,54,1,1,vbr,0,baseline,0.6493532546000097,49,4,92,14,80,0,42,0,0,1,Action_1080p_30fps_10s
2051,0,p8x8,2,0.7254294592101662,2,10,1,4,29.58495568862226,4:4,spatial,0,51,0,hex,54,0,1,none,0,baseline,0.6493532546000097,48,4,92,2,80,6,2,0,0,0,Action_1080p_30fps_10s
2051,0,p8x8,2,0.296249058842245,0,10,1,12,2.106213426543657,-4:4,spatial,0,414,0,dia,54,0,1,none,1,baseline,0.6493532546000097,48,4,92,7,80,0,40,0,0,1,Action_1080p_30fps_10s
2051,0,p8x8,2,0.7254294592101662,2,10,1,12,29.58495568862226,4:4,temporal,0,51,0,dia,54,0,0,none,0,baseline,0.6667223519006118,48,1,92,7,80,0,2,0,0,0,Action_1080p_30fps_10s
2051,0,p8x8,2,0.2579251929263451,2,10,1,4,29.58495568862226,4:4,auto,0,74,0,dia,54,1,1,vbr,0,baseline,0.5493429528399252,48,4,92,2,80,0,42,0,0,0,Action_1080p_30fps_10s
328,1,p8x8,2,0.4063817096971824,2,15,0,-9,23.36341914618729,3:-3,temporal,0,391,0,hex,54,0,0,vbr,0,baseline,0.4042248166211642,36,4,216,3,44,0,29,0,1,0,Still_image_720p_25fps_10s
2233,1,none,1,1.3653973567571176,1,9,0,-9,23.36341914618729,3:-3,temporal,1,391,0,hex,54,0,0,vbr,0,baseline,0.4042248166211642,36,4,216,3,44,0,29,0,1,0,Still_image_720p_25fps_10s
1320,1,p4x4,3,0.6157864219350295,1,15,0,-9,23.36341914618729,3:-3,temporal,0,391,0,hex,54,0,1,vbr,0,baseline,0.4042248166211642,36,4,216,3,46,0,29,0,1,0,Still_image_720p_25fps_10s
2233,0,p8x8,2,0.7492043735568398,2,15,0,-9,23.36341914618729,3:-3,temporal,0,391,0,hex,54,0,0,vbr,0,baseline,0.4042248166211642,36,4,216,7,44,0,29,0,1,1,Still_image_720p_25fps_10s
2233,1,none,1,1.3653973567571176,1,9,0,-9,23.36341914618729,6:-6,temporal,1,391,0,hex,54,0,0,vbr,0,baseline,0.4042248166211642,36,4,216,3,44,0,29,2,1,0,Still_image_720p_25fps_10s
328,1,p8x8,2,0.4063817096971824,2,15,0,-3,23.36341914618729,3:-3,temporal,0,391,0,dia,54,0,0,vbr,0,main,0.7214316074693485,36,3,141,7,40,0,63,1,0,2,Still_image_720p_25fps_10s
2233,1,none,1,1.3653973567571176,1,9,0,-9,23.36341914618729,3:-3,temporal,1,391,0,hex,54,0,0,vbr,0,high,0.4042248166211642,40,4,216,3,44,1,2,0,0,0,Still_image_720p_25fps_10s
2051,1,none,1,0.6213877150429228,1,2,0,-9,23.36341914618729,3:-3,temporal,1,89,0,hex,54,0,0,vbr,1,baseline,0.4042248166211642,36,4,216,16,44,0,29,0,1,0,Still_image_720p_25fps_10s
328,1,p8x8,2,0.4063817096971824,2,15,0,-9,23.36341914618729,3:-3,temporal,0,391,3,hex,54,0,1,none,1,main,0.20369733279575,40,11,129,1,82,1,8,0,0,0,Still_image_720p_25fps_10s
2233,1,all,1,1.3653973567571176,1,9,0,10,23.36341914618729,5:-5,temporal,1,391,0,hex,54,0,0,vbr,0,baseline,0.4042248166211642,36,20,216,3,44,0,29,0,1,0,Still_image_720p_25fps_10s
1320,1,p4x4,3,0.6157864219350295,1,11,0,-9,23.36341914618729,3:-3,temporal,0,391,4,hex,54,0,0,vbr,0,baseline,0.4042248166211642,36,17,216,3,46,0,29,2,1,0,Still_image_720p_25fps_10s
2233,1,all,1,1.3653973567571176,1,9,0,-9,23.36341914618729,6:-6,temporal,1,391,0,hex,54,0,0,vbr,0,baseline,0.4042248166211642,36,4,216,5,44,11,29,0,1,0,Still_image_720p_25fps_10s
2233,1,none,1,1.3653973567571176,1,9,0,-9,23.36341914618729,3:-3,temporal,0,391,0,hex,54,0,0,vbr,0,baseline,0.4042248166211642,36,4,216,3,44,0,32,2,1,2,Still_image_720p_25fps_10s
2233,1,p4x4,1,1.3653973567571176,1,9,0,-9,23.36341914618729,3:-3,temporal,1,391,0,hex,54,0,0,vbr,0,baseline,0.4042248166211642,36,4,216,3,44,3,32,0,0,0,Still_image_720p_25fps_10s
1320,1,p4x4,3,1.3653973567571176,1,9,0,-9,45.6135349001948,6:-6,temporal,1,391,0,hex,35,0,0,vbr,0,baseline,0.4042248166211642,36,4,216,3,44,0,29,2,1,0,Still_image_720p_25fps_10s
2051,0,p8x8,2,0.7254294592101662,2,10,0,5,29.58495568862226,4:4,spatial,0,455,0,tesa,54,1,1,none,1,baseline,0.6493532546000097,44,15,26,16,80,1,2,0,0,0,Still_image_720p_25fps_10s
2233,1,none,1,1.3653973567571176,0,9,0,11,15.204349918038613,4:4,spatial,0,51,1,tesa,20,0,1,none,1,main,0.20369733279575,40,11,129,1,82,1,8,0,0,0,Still_image_720p_25fps_10s
72,1,p4x4,3,0.6157864219350295,0,9,0,11,15.204349918038613,4:4,spatial,0,51,1,tesa,20,0,1,none,1,main,0.20369733279575,40,11,129,1,82,1,8,0,0,0,Still_image_720p_25fps_10s
2093,0,none,0,1.3653973567571176,0,9,0,11,15.204349918038613,4:4,spatial,0,51,1,tesa,20,1,1,none,1,baseline,0.20369733279575,44,19,129,1,82,1,8,0,0,0,Still_image_720p_25fps_10s
2051,0,p8x8,2,1.0789285477088528,0,10,0,8,38.687654164818326,2:-2,spatial,1,435,0,dia,54,0,1,none,1,main,0.6493532546000097,48,4,92,2,80,0,2,0,1,0,Still_image_720p_25fps_10s
76,0,p4x4,1,0.6295137611273145,1,0,1,4,29.58495568862226,4:4,spatial,0,51,0,dia,32,0,0,cbr,1,main,0.6897878317813976,30,18,26,5,7,1,3,1,0,0,Standard_720p_30fps_10s
762,1,p4x4,0,0.1252347426477105,2,1,1,4,41.48298590681043,-5:5,spatial,0,80,0,dia,39,1,0,none,0,main,0.2500707216882556,29,17,241,1,80,8,52,0,0,2,Standard_720p_30fps_10s
762,1,p4x4,0,0.1252347426477105,2,1,1,4,41.48298590681043,-2:2,spatial,0,80,0,dia,9,1,0,cbr,0,main,0.8623170732099653,30,13,26,5,7,3,30,1,0,0,Standard_720p_30fps_10s
76,0,p8x8,1,0.6295137611273145,2,0,1,9,29.58495568862226,4:4,spatial,0,51,0,dia,54,0,1,none,0,baseline,0.6493532546000097,48,4,92,2,80,0,2,0,0,0,Standard_720p_30fps_10s
519,0,p8x8,1,0.6295137611273145,0,0,1,9,29.58495568862226,4:4,spatial,0,51,0,dia,54,0,1,none,0,baseline,0.6493532546000097,31,4,116,2,47,0,2,0,0,0,Standard_720p_30fps_10s
834,0,p8x8,1,0.6295137611273145,0,0,1,9,2.185327087253972,4:4,spatial,0,51,1,dia,54,0,1,none,0,baseline,0.6493532546000097,31,4,116,2,47,0,2,0,0,1,Standard_720p_30fps_10s
519,0,p8x8,1,0.6295137611273145,0,0,1,9,29.58495568862226,4:4,spatial,0,51,0,dia,54,1,1,none,0,baseline,0.6493532546000097,31,12,5,10,87,4,49,0,1,1,Standard_720p_30fps_10s
519,0,p8x8,1,0.6295137611273145,0,0,1,9,29.58495568862226,4:4,spatial,0,51,0,dia,54,0,1,none,0,baseline,0.6493532546000097,31,4,116,2,47,0,2,0,0,1,Standard_720p_30fps_10s
519,1,p8x8,2,0.6295137611273145,0,0,1,9,29.58495568862226,4:4,spatial,0,51,0,dia,54,0,1,none,0,baseline,0.6493532546000097,31,3,116,2,47,0,2,1,0,0,Standard_720p_30fps_10s
762,0,p4x4,0,0.1252347426477105,2,0,1,9,29.58495568862226,4:4,spatial,0,51,4,dia,54,0,1,none,0,baseline,0.6341042392456505,48,4,92,2,80,0,2,0,0,0,Standard_720p_30fps_10s
76,0,p8x8,1,0.6295137611273145,0,0,1,9,29.58495568862226,2:-2,spatial,0,51,0,dia,54,0,1,none,0,baseline,0.6493532546000097,31,4,116,2,47,0,2,0,0,0,Standard_720p_30fps_10s
519,0,p8x8,1,0.6295137611273145,2,0,1,9,29.58495568862226,4:4,spatial,0,51,0,dia,14,0,1,none,0,baseline,0.6493532546000097,48,4,92,2,80,0,2,0,0,0,Standard_720p_30fps_10s
519,0,p8x8,1,0.6295137611273145,0,0,1,9,29.58495568862226,4:4,spatial,0,51,4,dia,54,0,1,none,0,main,0.3046022053106513,24,9,174,11,71,4,22,0,1,0,Standard_720p_30fps_10s
505,0,p8x8,1,0.6295137611273145,2,0,1,9,29.58495568862226,4:4,spatial,0,51,0,umh,61,0,1,none,0,baseline,0.6493532546000097,48,10,92,2,80,0,2,0,0,0,Standard_720p_30fps_10s
76,0,p8x8,1,0.6295137611273145,2,0,1,9,29.58495568862226,4:4,spatial,0,51,0,umh,54,0,1,none,0,baseline,0.6493532546000097,48,4,92,2,80,0,2,0,1,0,Standard_720p_30fps_10s
519,1,p8x8,1,0.6295137611273145,0,0,1,9,29.58495568862226,4:4,temporal,0,51,0,dia,54,0,1,none,0,main,0.6493532546000097,31,4,116,2,47,0,2,2,0,0,Standard_720p_30fps_10s
665,0,p4x4,3,1.9962941833638503,2,11,0,-10,31.6476405644317,4:4,temporal,0,417,0,umh,9,1,0,cbr,0,main,0.5521895459296869,48,17,230,10,28,4,61,0,0,1,Standard_720p_30fps_10s
762,0,p4x4,0,0.1252347426477105,0,12,0,-3,20.41563463271659,-6:6,none,1,111,1,dia,47,1,1,none,0,main,0.5959076131097392,24,9,12,11,71,4,22,0,1,0,Standard_720p_30fps_10s
762,0,p4x4,0,0.1252347426477105,0,12,0,-3,20.41563463271659,-6:6,none,1,111,1,dia,47,1,1,none,0,main,0.6531513834367612,26,12,5,10,87,1,49,0,1,1,Standard_720p_30fps_10s
685,1,p8x8,2,0.296249058842245,2,12,0,-3,20.41563463271659,-6:6,none,1,111,1,dia,47,1,1,none,0,main,0.6531513834367612,26,12,5,10,87,1,49,0,1,0,Standard_720p_30fps_10s
2233,1,all,1,1.3653973567571176,1,9,0,10,23.36341914618729,5:-5,temporal,1,391,0,hex,54,0,0,vbr,0,baseline,0.4042248166211642,36,20,216,3,44,0,29,0,1,0,Standard_1080p_30fps_5s
2051,1,none,1,0.6213877150429228,1,2,0,-9,23.36341914618729,3:-3,temporal,1,89,0,hex,54,0,0,vbr,1,baseline,0.4042248166211642,36,4,216,16,44,0,29,0,1,0,Standard_1080p_30fps_5s
328,1,p8x8,2,0.4063817096971824,2,15,0,-9,23.36341914618729,3:-3,temporal,0,391,3,hex,54,0,1,none,1,main,0.20369733279575,40,11,129,1,82,1,8,0,0,0,Standard_1080p_30fps_5s
2233,1,none,1,1.3653973567571176,1,9,0,-9,23.36341914618729,3:-3,temporal,1,391,0,hex,54,0,0,vbr,0,high,0.4042248166211642,40,4,216,3,44,1,2,0,0,0,Standard_1080p_30fps_5s
328,1,p8x8,2,0.4063817096971824,2,15,0,-3,23.36341914618729,3:-3,temporal,0,391,0,dia,54,0,0,vbr,0,main,0.7214316074693485,36,3,141,7,40,0,63,1,0,2,Standard_1080p_30fps_5s
2233,0,p8x8,2,0.7492043735568398,2,15,0,-9,23.36341914618729,3:-3,temporal,0,391,0,hex,54,0,0,vbr,0,baseline,0.4042248166211642,36,4,216,7,44,0,29,0,1,1,Standard_1080p_30fps_5s
2233,1,none,1,1.3653973567571176,1,9,0,-9,23.36341914618729,6:-6,temporal,1,391,0,hex,54,0,0,vbr,0,baseline,0.4042248166211642,36,4,216,3,44,0,29,2,1,0,Standard_1080p_30fps_5s
2233,1,none,1,1.3653973567571176,1,9,0,-9,23.36341914618729,3:-3,temporal,1,391,0,hex,54,0,0,vbr,0,baseline,0.4042248166211642,36,4,216,3,44,0,29,0,1,0,Standard_1080p_30fps_5s
328,1,p8x8,2,0.4063817096971824,2,15,0,-9,23.36341914618729,3:-3,temporal,0,391,0,hex,54,0,0,vbr,0,baseline,0.4042248166211642,36,4,216,3,44,0,29,0,1,0,Standard_1080p_30fps_5s
1320,1,p4x4,3,0.6157864219350295,1,15,0,-9,23.36341914618729,3:-3,temporal,0,391,0,hex,54,0,1,vbr,0,baseline,0.4042248166211642,36,4,216,3,46,0,29,0,1,0,Standard_1080p_30fps_5s
2233,1,all,1,1.3653973567571176,0,9,0,-9,23.36341914618729,3:-3,temporal,1,391,0,hex,54,0,0,vbr,0,baseline,0.4042248166211642,36,4,216,3,44,0,29,0,1,0,Standard_1080p_30fps_5s
1066,1,p8x8,2,0.4063817096971824,2,15,0,-9,23.36341914618729,3:-3,none,0,391,0,hex,54,0,0,vbr,0,baseline,0.7318474148377241,46,4,216,1,44,9,29,0,1,0,Standard_1080p_30fps_5s
2233,1,none,0,0.4063817096971824,2,13,0,-9,23.36341914618729,3:-3,temporal,0,391,0,hex,54,0,0,none,0,baseline,0.0326520505721487,36,12,216,3,7,0,27,0,1,0,Standard_1080p_30fps_5s
328,1,p8x8,1,1.3653973567571176,1,9,0,-9,23.36341914618729,6:-6,temporal,1,492,0,hex,54,0,0,vbr,0,baseline,0.4042248166211642,36,4,216,11,44,0,29,2,1,0,Standard_1080p_30fps_5s
328,1,p8x8,2,0.4063817096971824,2,15,0,-3,23.36341914618729,1:-1,temporal,0,391,0,dia,54,0,0,vbr,0,main,0.7214316074693485,36,3,141,7,40,0,63,1,0,2,Standard_1080p_30fps_5s
328,1,p8x8,1,0.8468101412524871,1,2,0,-9,23.36341914618729,3:-3,temporal,1,493,0,umh,54,0,0,vbr,1,baseline,0.4042248166211642,36,4,216,16,44,0,29,0,1,0,Standard_1080p_30fps_5s
2233,0,none,2,0.3241796191213094,2,15,0,-9,23.36341914618729,3:-3,temporal,0,391,0,hex,54,0,0,vbr,0,baseline,0.4042248166211642,36,4,216,3,44,0,29,0,1,0,Standard_1080p_30fps_5s
328,1,p8x8,2,0.4063817096971824,2,15,0,-3,44.3468159931044,3:-3,temporal,0,391,0,dia,54,0,0,vbr,0,main,0.7214316074693485,36,3,141,7,44,0,57,2,1,0,Standard_1080p_30fps_5s
328,1,p8x8,2,1.8247917449117983,2,15,0,-3,23.36341914618729,3:-3,temporal,0,391,0,dia,54,0,1,vbr,1,main,0.4042248166211642,36,19,22,16,44,0,29,0,1,0,Standard_1080p_30fps_5s
2233,1,none,1,1.3653973567571176,1,9,0,-9,23.36341914618729,3:-3,temporal,1,391,0,hex,54,0,0,vbr,0,high,0.4042248166211642,40,4,92,2,80,0,2,0,0,0,Standard_1080p_30fps_5s
1718,0,none,2,1.222758730856049,1,6,1,8,13.35893353578019,1:-1,none,1,214,3,dia,57,0,0,cbr,1,main,0.7409733992407639,21,19,126,2,51,9,53,1,0,0,Standard_480p_60fps_20s
76,0,p8x8,3,0.6295137611273145,1,0,1,8,13.35893353578019,1:-1,none,1,214,3,dia,57,0,0,cbr,1,main,0.7409733992407639,21,19,126,2,51,5,53,1,0,0,Standard_480p_60fps_20s
1109,0,none,3,0.922724152065378,2,9,0,7,44.93523280652223,-1:1,auto,1,458,3,esa,37,0,1,cbr,1,high,0.4255726247860975,51,18,121,16,1,8,17,0,1,1,Standard_480p_60fps_20s
1718,0,none,3,0.922724152065378,2,9,0,7,44.93523280652223,-1:1,auto,1,458,3,esa,37,0,1,cbr,0,high,0.4255726247860975,51,18,121,16,1,3,59,0,0,1,Standard_480p_60fps_20s
1718,0,none,3,0.922724152065378,2,9,0,5,44.93523280652223,-1:1,auto,1,458,3,esa,37,0,1,cbr,0,high,0.8309780989038396,36,18,167,6,33,5,62,0,0,0,Standard_480p_60fps_20s
76,0,p8x8,1,0.6295137611273145,2,0,1,9,29.58495568862226,4:4,spatial,0,51,0,dia,54,0,1,none,0,baseline,0.6493532546000097,48,4,92,2,80,0,2,0,0,0,Standard_480p_60fps_20s
76,0,p8x8,1,0.6295137611273145,2,0,1,9,29.58495568862226,4:4,spatial,1,51,0,tesa,54,0,1,none,0,baseline,0.6493532546000097,48,4,92,2,12,1,2,2,0,2,Standard_480p_60fps_20s
1553,1,"p8x8,b8x8,i8x8,i4x4",1,0.6794705123780858,0,8,1,2,23.19718417701521,-6:6,none,0,51,0,dia,54,0,1,none,1,high,0.935510519771053,48,4,92,2,80,0,2,0,0,0,Standard_480p_60fps_20s
1553,1,p8x8,1,0.6295137611273145,1,0,1,9,29.58495568862226,4:4,spatial,0,51,0,dia,54,0,1,none,0,baseline,0.6493532546000097,48,4,92,2,80,0,52,0,0,0,Standard_480p_60fps_20s
76,0,"p8x8,b8x8,i8x8,i4x4",1,0.6794705123780858,0,8,1,2,24.379438081413426,-6:6,none,0,51,0,dia,6,0,1,none,1,high,0.935510519771053,48,4,92,2,80,0,2,0,0,0,Standard_480p_60fps_20s
1718,0,none,3,0.6440550606184933,1,7,1,8,13.35893353578019,3:3,spatial,0,51,0,dia,54,1,0,none,0,baseline,0.6493532546000097,48,4,92,2,98,0,2,0,0,0,Standard_480p_60fps_20s
1979,0,p8x8,1,0.6295137611273145,2,0,1,9,29.58495568862226,4:4,spatial,0,51,0,dia,54,0,0,cbr,0,high,0.8309780989038396,36,18,167,14,20,5,62,0,0,0,Standard_480p_60fps_20s
479,1,p8x8,1,0.6295137611273145,2,0,1,9,29.58495568862226,4:4,spatial,1,51,0,tesa,54,0,1,none,0,baseline,0.6493532546000097,48,4,92,2,17,1,2,2,0,2,Standard_480p_60fps_20s
76,0,p8x8,1,0.6295137611273145,2,0,1,9,29.58495568862226,2:2,spatial,1,51,0,tesa,54,1,1,none,0,baseline,0.6493532546000097,48,4,92,2,98,0,2,0,0,0,Standard_480p_60fps_20s
1718,0,none,3,0.922724152065378,2,9,1,9,29.58495568862226,4:4,spatial,0,51,0,dia,54,1,1,none,0,baseline,0.6493532546000097,48,4,92,2,80,0,52,0,0,0,Standard_480p_60fps_20s
1050,1,"p8x8,b8x8,i8x8,i4x4",1,0.6794705123780858,2,8,1,2,23.19718417701521,-6:6,none,0,51,0,dia,54,0,1,none,1,high,0.935510519771053,48,20,92,2,80,0,2,0,0,0,Standard_480p_60fps_20s
1553,1,p8x8,1,1.654482266576066,1,0,1,9,29.58495568862226,-1:1,spatial,0,51,0,dia,54,1,1,none,0,baseline,0.6493532546000097,48,4,92,2,80,0,52,0,0,0,Standard_480p_60fps_20s
1553,1,p8x8,1,0.6295137611273145,1,0,1,9,3.973377611017614,6:-6,spatial,1,51,0,dia,54,0,1,none,0,baseline,0.6493532546000097,48,4,92,2,98,0,2,0,0,0,Standard_480p_60fps_20s
1479,0,p8x8,2,1.222758730856049,1,6,1,8,13.35893353578019,4:4,none,0,214,3,dia,57,0,0,cbr,0,high,0.404552170659565,31,5,63,11,79,3,63,1,0,2,Standard_480p_60fps_20s
1479,0,p8x8,2,0.2015475467727421,1,6,1,8,13.35893353578019,4:4,none,0,214,3,dia,57,0,0,cbr,0,high,0.404552170659565,31,5,63,2,79,3,20,1,0,2,Standard_480p_60fps_20s
1553,1,"p8x8,b8x8,i8x8,i4x4",1,0.6794705123780858,0,8,1,-7,23.19718417701521,-6:6,none,0,51,0,dia,54,0,1,none,1,baseline,0.6493532546000097,48,4,92,2,80,0,52,0,0,2,Big_480p_60fps_15s
76,0,p8x8,3,0.6295137611273145,1,0,1,8,13.35893353578019,1:-1,none,1,214,3,dia,57,0,1,cbr,1,main,0.9898119876376972,48,4,92,2,85,0,2,0,0,0,Big_480p_60fps_15s
76,0,"p8x8,b8x8,i8x8,i4x4",0,0.6794705123780858,0,8,1,12,24.379438081413426,-6:6,none,0,51,0,dia,6,0,1,none,1,high,0.935510519771053,21,19,91,2,80,7,47,1,0,1,Big_480p_60fps_15s
1718,0,none,2,1.222758730856049,1,6,1,8,13.35893353578019,1:-1,none,1,214,3,dia,57,0,0,cbr,1,main,0.7409733992407639,21,19,126,2,51,9,53,1,0,0,Big_480p_60fps_15s
76,0,p8x8,3,0.6295137611273145,1,0,1,8,13.35893353578019,1:-1,none,1,214,3,dia,57,0,0,cbr,1,main,0.7409733992407639,21,19,126,2,51,5,53,1,0,0,Big_480p_60fps_15s
2395,0,none,2,1.222758730856049,1,6,1,8,13.35893353578019,1:-1,none,1,114,3,dia,40,0,0,cbr,1,main,0.7409733992407639,21,19,92,2,80,0,47,1,0,1,Big_480p_60fps_15s
1718,0,none,2,1.222758730856049,1,6,1,8,13.35893353578019,1:-1,none,1,214,3,dia,57,0,1,cbr,1,main,0.9898119876376972,48,4,92,2,85,0,32,0,0,0,Big_480p_60fps_15s
1718,0,none,2,1.222758730856049,1,6,1,8,13.35893353578019,1:-1,none,1,214,3,dia,57,0,1,cbr,0,baseline,0.4042248166211642,36,4,216,12,46,8,29,0,1,0,Big_480p_60fps_15s
76,0,p8x8,1,0.6295137611273145,2,0,1,9,29.58495568862226,4:4,spatial,0,51,0,dia,54,0,1,none,0,baseline,0.6493532546000097,48,4,92,2,80,0,2,0,0,0,Big_480p_60fps_15s
76,0,"p8x8,b8x8,i8x8,i4x4",1,0.6794705123780858,0,8,1,2,24.379438081413426,-6:6,none,0,51,0,dia,6,0,1,none,1,high,0.935510519771053,48,4,92,2,80,0,2,0,0,0,Big_480p_60fps_15s
1553,1,"p8x8,b8x8,i8x8,i4x4",1,0.6794705123780858,0,8,1,2,23.19718417701521,-6:6,none,0,51,0,dia,54,0,1,none,1,high,0.935510519771053,48,4,92,2,80,0,2,0,0,0,Big_480p_60fps_15s
76,0,p8x8,1,0.6295137611273145,2,0,1,9,29.58495568862226,4:4,spatial,1,51,0,tesa,54,0,1,none,0,baseline,0.6493532546000097,48,4,92,2,12,1,2,2,0,2,Big_480p_60fps_15s
1553,1,p8x8,1,0.6295137611273145,1,0,1,9,29.58495568862226,4:4,spatial,0,51,0,dia,54,0,1,none,0,baseline,0.6493532546000097,48,4,92,2,80,0,52,0,0,0,Big_480p_60fps_15s
76,0,p8x8,1,0.6295137611273145,2,0,1,9,29.58495568862226,4:4,spatial,0,51,0,dia,54,0,1,none,0,baseline,0.6493532546000097,48,4,92,2,80,0,2,0,0,0,Big_480p_60fps_15s
1553,1,"p8x8,b8x8,i8x8,i4x4",1,0.6794705123780858,0,8,1,2,23.19718417701521,-6:6,none,0,51,0,dia,54,0,1,none,0,baseline,0.6493532546000097,48,4,92,2,80,0,2,2,0,0,Big_480p_60fps_15s
76,0,p8x8,0,0.6295137611273145,2,0,1,9,29.58495568862226,4:4,spatial,0,357,0,dia,54,0,1,none,1,high,0.935510519771053,38,4,92,2,80,0,2,0,1,1,Big_480p_60fps_15s
1718,0,none,2,1.222758730856049,1,4,1,9,13.35893353578019,4:4,spatial,0,51,0,dia,54,0,1,none,0,main,0.9898119876376972,48,4,92,2,80,0,2,0,0,0,Big_480p_60fps_15s
2051,0,p8x8,1,0.6295137611273145,2,0,1,9,29.58495568862226,4:4,spatial,0,51,0,dia,54,0,1,none,0,baseline,0.6493532546000097,48,5,92,2,80,0,2,0,0,0,Big_480p_60fps_15s
76,0,"p8x8,b8x8,i8x8,i4x4",1,0.6295137611273145,2,0,1,9,29.58495568862226,4:4,spatial,0,51,0,dia,54,0,1,none,0,baseline,0.6493532546000097,48,4,92,2,12,1,2,2,0,2,Big_480p_60fps_15s
76,0,p8x8,1,0.5054672097180761,2,10,1,9,29.58495568862226,4:4,spatial,1,51,0,tesa,54,0,1,none,0,baseline,0.6493532546000097,48,4,92,2,80,9,2,0,1,0,Big_480p_60fps_15s
76,0,p8x8,3,0.6295137611273145,1,0,1,8,13.35893353578019,1:-1,none,1,214,3,dia,57,0,0,cbr,1,main,0.7409733992407639,21,19,126,2,51,5,53,1,0,0,Standard_1080p_60fps_15s
1718,0,none,2,1.222758730856049,1,6,1,8,13.35893353578019,1:-1,none,1,214,3,dia,57,0,0,cbr,1,main,0.7409733992407639,21,19,126,2,51,9,53,1,0,0,Standard_1080p_60fps_15s
1718,0,none,2,1.222758730856049,1,6,1,8,13.35893353578019,1:-1,none,1,214,3,dia,57,0,1,cbr,1,main,0.9898119876376972,48,4,92,2,85,0,32,0,0,0,Standard_1080p_60fps_15s
2395,0,none,2,1.222758730856049,1,6,1,8,13.35893353578019,1:-1,none,1,114,3,dia,40,0,0,cbr,1,main,0.7409733992407639,21,19,92,2,80,0,47,1,0,1,Standard_1080p_60fps_15s
1715,0,none,2,1.222758730856049,1,6,1,8,13.35893353578019,1:-1,none,1,214,3,dia,57,0,0,cbr,1,main,0.7409733992407639,21,19,126,2,51,5,53,2,0,0,Standard_1080p_60fps_15s
1718,0,none,2,1.222758730856049,1,6,1,8,13.35893353578019,1:-1,none,1,114,3,dia,40,0,0,cbr,1,main,0.7409733992407639,21,19,92,2,58,0,47,1,0,0,Standard_1080p_60fps_15s
2395,0,none,2,1.222758730856049,1,6,1,8,13.35893353578019,1:-1,none,1,114,3,dia,40,0,0,cbr,1,baseline,0.4255726247860975,51,18,121,16,1,8,17,0,1,1,Standard_1080p_60fps_15s
1553,1,"p8x8,b8x8,i8x8,i4x4",1,0.6794705123780858,0,8,1,-7,23.19718417701521,-6:6,none,0,51,0,dia,54,0,1,none,1,baseline,0.6493532546000097,48,4,92,2,80,0,52,0,0,2,Standard_1080p_60fps_15s
1718,0,none,2,1.222758730856049,2,15,0,-9,37.37799214063269,3:-3,temporal,0,391,3,dia,54,0,1,none,1,main,0.20369733279575,40,11,129,1,25,1,8,0,0,0,Standard_1080p_60fps_15s
1109,0,none,3,0.922724152065378,2,9,0,7,44.93523280652223,-1:1,auto,1,458,3,esa,37,0,1,cbr,1,high,0.4255726247860975,51,18,121,16,1,8,17,0,1,1,Standard_1080p_60fps_15s
2233,0,none,1,1.3653973567571176,1,9,0,7,44.93523280652223,-1:1,auto,1,307,3,esa,37,0,0,cbr,0,main,0.4255726247860975,51,18,121,11,1,3,59,0,0,1,Standard_1080p_60fps_15s
1718,0,none,3,0.922724152065378,2,9,0,7,44.93523280652223,4:4,auto,1,458,3,esa,37,0,1,cbr,1,high,0.4255726247860975,51,18,121,16,1,6,17,0,1,2,Standard_1080p_60fps_15s
2395,0,none,2,1.222758730856049,2,6,1,8,37.74254972177123,1:-1,none,1,114,4,umh,40,0,0,cbr,1,high,0.4255726247860975,51,18,121,16,12,8,17,0,1,1,Standard_1080p_60fps_15s
1109,0,none,3,0.922724152065378,2,9,0,-8,44.93523280652223,-1:1,auto,1,458,3,esa,37,0,1,cbr,1,main,0.7409733992407639,21,19,92,2,80,0,47,1,0,1,Standard_1080p_60fps_15s
76,1,"p8x8,b8x8,i8x8,i4x4",0,0.6794705123780858,0,8,1,12,24.379438081413426,3:-3,temporal,1,391,0,hex,54,0,1,vbr,0,high,0.4042248166211642,40,4,17,3,96,1,2,0,0,1,Standard_1080p_60fps_15s
76,0,"p8x8,b8x8,i8x8,i4x4",0,0.6794705123780858,0,8,1,12,24.379438081413426,-6:6,none,0,51,0,dia,6,0,1,none,1,high,0.935510519771053,21,19,91,2,80,7,47,1,0,1,Standard_1080p_60fps_15s
76,0,"p8x8,b8x8,i8x8,i4x4",0,0.6794705123780858,0,8,1,12,24.379438081413426,-6:6,spatial,1,51,0,dia,6,0,1,cbr,0,main,0.7409733992407639,21,19,126,2,51,5,53,1,0,2,Standard_1080p_60fps_15s
2233,1,all,1,1.3653973567571176,1,9,0,10,23.36341914618729,5:-5,temporal,1,391,0,hex,54,0,0,vbr,0,baseline,0.4042248166211642,36,20,216,3,44,0,29,0,1,0,Standard_1080p_60fps_15s
328,1,p8x8,2,0.4063817096971824,2,15,0,-9,23.36341914618729,3:-3,temporal,0,391,3,hex,54,0,1,none,1,main,0.20369733279575,40,11,129,1,82,1,8,0,0,0,Standard_1080p_60fps_15s
2051,1,none,1,0.6213877150429228,1,2,0,-9,23.36341914618729,3:-3,temporal,1,89,0,hex,54,0,0,vbr,1,baseline,0.4042248166211642,36,4,216,16,44,0,29,0,1,0,Standard_1080p_60fps_15s
1052,0,"p8x8,b8x8,i8x8,i4x4",1,1.0429460670983646,1,16,0,6,32.94144844997256,2:-2,auto,1,212,2,hex,16,0,0,cbr,0,baseline,0.0159168032975517,45,8,212,3,71,1,46,2,1,0,Still_image_480p_25fps_15s
1052,1,"p8x8,b8x8,i8x8,i4x4",1,1.0429460670983646,1,16,1,6,32.94144844997256,2:-2,spatial,1,466,2,hex,25,1,0,none,0,baseline,0.1625059288059917,31,5,66,7,84,1,3,0,0,0,Still_image_480p_25fps_15s
1052,1,"p8x8,b8x8,i8x8,i4x4",1,1.0429460670983646,1,16,0,6,32.94144844997256,2:-2,auto,1,212,2,umh,16,0,0,cbr,0,baseline,0.0159168032975517,45,8,237,3,71,1,46,2,0,0,Still_image_480p_25fps_15s
342,1,p8x8,0,1.0429460670983646,1,16,1,6,32.94144844997256,2:-2,none,1,466,2,hex,28,0,0,none,1,baseline,0.1625059288059917,49,5,231,7,84,1,3,0,1,0,Still_image_480p_25fps_15s
1521,0,p4x4,1,0.1314407456198111,1,11,1,-12,21.83622780024446,-6:6,spatial,0,477,1,umh,38,1,1,vbr,1,baseline,0.0769293170090017,25,6,181,8,20,9,38,2,1,2,Still_image_480p_25fps_15s
1521,0,p4x4,1,0.1314407456198111,1,11,1,-12,21.83622780024446,-6:6,spatial,1,477,1,umh,38,1,1,vbr,1,high,0.5777242600107036,25,6,181,8,20,5,38,0,1,2,Still_image_480p_25fps_15s
1052,0,"p8x8,b8x8,i8x8,i4x4",1,1.0429460670983646,1,16,1,6,32.94144844997256,2:-2,spatial,0,466,2,hex,28,0,0,cbr,1,high,0.0159168032975517,45,16,212,13,71,1,15,2,0,2,Still_image_480p_25fps_15s
1052,0,"p8x8,b8x8,i8x8,i4x4",1,1.0429460670983646,1,16,1,6,32.94144844997256,2:-2,spatial,0,466,2,hex,15,1,0,cbr,0,baseline,0.0159168032975517,45,16,212,3,71,1,46,0,0,2,Still_image_480p_25fps_15s
1052,1,"p8x8,b8x8,i8x8,i4x4",1,1.0429460670983646,1,16,1,6,32.94144844997256,2:-2,spatial,1,466,2,hex,28,0,0,cbr,1,high,0.0159168032975517,40,13,100,5,26,8,35,0,1,1,Still_image_480p_25fps_15s
772,0,"p8x8,b8x8,i8x8,i4x4",1,1.0429460670983646,1,16,0,6,32.94144844997256,2:-2,spatial,0,466,2,hex,28,1,0,cbr,1,main,0.0159168032975517,45,16,212,13,71,1,15,2,0,2,Still_image_480p_25fps_15s
1052,0,"p8x8,b8x8,i8x8,i4x4",1,1.0429460670983646,1,16,0,6,32.94144844997256,2:-2,temporal,0,212,2,hex,16,0,0,cbr,1,high,0.0159168032975517,45,16,212,13,89,4,41,0,1,2,Still_image_480p_25fps_15s
1052,0,"p8x8,b8x8,i8x8,i4x4",1,1.0429460670983646,1,16,1,6,32.94144844997256,2:-2,spatial,0,466,2,hex,15,1,0,cbr,1,high,0.0159168032975517,45,16,212,8,89,4,41,0,1,1,Still_image_480p_25fps_15s
2157,1,"p8x8,b8x8,i8x8,i4x4",1,1.0429460670983646,1,16,0,6,32.94144844997256,2:-2,auto,0,466,2,hex,28,0,0,cbr,1,main,0.0159168032975517,45,16,212,2,81,1,15,0,0,2,Still_image_480p_25fps_15s
1052,0,"p8x8,b8x8,i8x8,i4x4",1,1.0429460670983646,1,16,0,6,32.94144844997256,2:-2,temporal,0,466,2,hex,28,0,0,cbr,1,high,0.0159168032975517,45,16,212,13,16,1,15,2,0,2,Still_image_480p_25fps_15s
1052,0,"p8x8,b8x8,i8x8,i4x4",1,0.3391928165299907,1,16,1,6,32.94144844997256,2:-2,spatial,0,102,2,hex,16,0,0,cbr,1,high,0.0159168032975517,45,16,212,13,89,4,41,0,1,2,Still_image_480p_25fps_15s
1052,0,"p8x8,b8x8,i8x8,i4x4",1,1.0429460670983646,1,16,0,6,32.94144844997256,2:-2,temporal,0,212,2,hex,16,0,0,cbr,1,high,0.0159168032975517,45,16,238,13,89,4,41,1,0,2,Still_image_480p_25fps_15s
1052,0,"p8x8,b8x8,i8x8,i4x4",1,1.0429460670983646,2,16,0,6,32.94144844997256,2:-2,temporal,0,212,2,hex,16,0,0,cbr,1,high,0.0159168032975517,45,16,212,13,89,4,9,0,1,2,Still_image_480p_25fps_15s
772,0,"p8x8,b8x8,i8x8,i4x4",1,1.0429460670983646,1,16,0,6,32.94144844997256,2:-2,spatial,1,466,2,hex,28,1,0,cbr,1,main,0.0159168032975517,45,16,212,13,63,1,63,2,0,2,Still_image_480p_25fps_15s
342,1,p8x8,0,1.0429460670983646,1,16,0,6,32.94144844997256,2:-2,none,0,466,2,hex,28,1,0,none,1,main,0.0159168032975517,45,16,212,12,71,1,15,0,0,2,Still_image_480p_25fps_15s
1052,0,"p8x8,b8x8,i8x8,i4x4",1,0.2621091847487807,1,16,1,6,32.94144844997256,2:-2,temporal,0,212,2,hex,16,0,0,cbr,1,high,0.710221406484203,45,16,238,11,89,4,41,1,0,2,Still_image_480p_25fps_15s
1149,1,none,1,1.567491177328455,1,4,0,1,35.91237828217597,1:1,temporal,0,360,4,dia,27,1,0,none,1,main,0.4112734498641336,50,16,105,8,97,6,29,0,1,0,Big_480p_25fps_20s
1412,1,none,1,1.567491177328455,1,8,1,1,35.91237828217597,1:1,temporal,0,360,4,dia,27,1,0,none,0,main,0.4112734498641336,33,16,105,8,97,6,29,0,0,0,Big_480p_25fps_20s
1945,0,"p8x8,b8x8,i8x8,i4x4",1,0.9506326634873168,1,6,1,10,4.770184967694013,-1:1,spatial,0,102,0,dia,34,0,1,cbr,0,high,0.9110201119157372,23,8,95,10,90,0,32,1,0,2,Big_480p_25fps_20s
1945,0,"p8x8,b8x8,i8x8,i4x4",1,0.9506326634873168,1,7,1,10,4.770184967694013,-1:1,spatial,0,102,0,dia,34,1,1,cbr,0,high,0.8556521131749509,23,8,95,10,90,0,32,1,0,2,Big_480p_25fps_20s
1945,0,"p8x8,b8x8,i8x8,i4x4",1,0.9506326634873168,1,6,1,10,4.770184967694013,-1:1,spatial,0,102,0,dia,34,0,1,vbr,0,baseline,0.3491420501492,44,12,7,2,10,8,41,1,1,2,Big_480p_25fps_20s
1945,0,"p8x8,b8x8,i8x8,i4x4",1,0.9506326634873168,2,7,1,10,4.770184967694013,-1:1,spatial,0,102,0,dia,34,0,0,cbr,1,main,0.8366784484093521,40,2,92,16,92,6,61,2,0,1,Big_480p_25fps_20s
1945,1,"p8x8,b8x8,i8x8,i4x4",1,0.9506326634873168,1,6,1,-12,4.770184967694013,-1:1,spatial,0,102,0,dia,34,0,0,cbr,0,high,0.3416427309741749,22,14,91,8,89,7,41,1,0,0,Big_480p_25fps_20s
1945,0,"p8x8,b8x8,i8x8,i4x4",1,0.9506326634873168,1,6,1,10,4.770184967694013,-1:1,spatial,0,102,0,dia,34,0,1,cbr,0,high,0.9110201119157372,23,8,95,10,90,0,32,1,1,1,Big_480p_25fps_20s
1960,0,all,0,1.1644302425737592,1,7,1,10,4.770184967694013,-1:1,spatial,0,479,0,dia,34,1,1,cbr,0,high,0.8556521131749509,48,8,95,10,90,11,45,1,0,2,Big_480p_25fps_20s
2392,1,all,0,1.1644302425737592,1,15,1,10,4.770184967694013,-1:1,spatial,0,343,0,dia,34,0,1,cbr,0,high,0.9110201119157372,23,8,95,10,90,1,32,1,0,2,Big_480p_25fps_20s
1945,1,"p8x8,b8x8,i8x8,i4x4",1,0.9506326634873168,1,7,1,10,4.770184967694013,-1:1,spatial,0,102,0,dia,34,1,1,cbr,1,high,0.8556521131749509,30,8,95,10,90,0,32,1,0,1,Big_480p_25fps_20s
1945,0,"p8x8,b8x8,i8x8,i4x4",1,0.9506326634873168,1,7,1,10,4.770184967694013,-1:1,spatial,0,102,0,dia,46,1,1,cbr,0,high,0.8556521131749509,23,8,95,10,90,0,32,1,0,1,Big_480p_25fps_20s
1945,0,"p8x8,b8x8,i8x8,i4x4",1,0.9506326634873168,1,6,1,10,4.770184967694013,-1:1,temporal,0,102,0,hex,7,0,0,cbr,0,high,0.3416427309741749,22,14,91,16,20,6,61,0,1,2,Big_480p_25fps_20s
1945,0,"p8x8,b8x8,i8x8,i4x4",1,0.9506326634873168,2,6,1,10,4.770184967694013,-1:1,spatial,0,102,0,dia,34,1,1,cbr,0,high,0.9110201119157372,23,8,240,10,90,3,32,1,1,1,Big_480p_25fps_20s
1945,1,"p8x8,b8x8,i8x8,i4x4",1,0.9506326634873168,1,6,1,-12,4.770184967694013,-1:1,spatial,0,102,0,dia,34,0,0,none,0,high,0.3416427309741749,22,14,91,8,89,7,41,1,0,2,Big_480p_25fps_20s
1945,1,"p8x8,b8x8,i8x8,i4x4",1,0.9506326634873168,1,6,1,-12,4.770184967694013,-1:1,auto,0,102,0,dia,34,0,0,cbr,0,high,0.3416427309741749,22,14,107,6,89,7,41,1,1,0,Big_480p_25fps_20s
1689,1,"p8x8,b8x8,i8x8,i4x4",2,1.1286662892126844,1,1,0,3,36.44291309060746,6:-6,spatial,1,282,3,hex,11,0,0,vbr,1,baseline,0.3104937170514534,49,10,110,10,49,3,46,0,0,0,Big_480p_25fps_20s
1689,1,none,2,1.1286662892126844,1,1,0,3,36.44291309060746,6:-6,spatial,1,282,3,hex,11,0,0,vbr,1,high,0.8556521131749509,48,8,95,10,90,11,45,1,0,2,Big_480p_25fps_20s
1761,0,"p8x8,b8x8,i8x8,i4x4",2,1.1644302425737592,1,15,0,9,2.5829034934661768,5:5,temporal,1,360,4,dia,27,1,1,none,1,main,0.1697681824111739,50,16,105,8,97,6,29,0,1,0,Big_480p_25fps_20s
2392,1,all,2,1.1644302425737592,1,15,0,9,2.5829034934661768,-1:1,temporal,1,360,4,dia,27,1,1,none,1,main,0.4112734498641336,50,16,105,8,97,6,29,0,1,0,Big_480p_25fps_20s
1052,0,"p8x8,b8x8,i8x8,i4x4",1,1.0429460670983646,0,2,1,6,32.94144844997256,2:-2,spatial,0,466,2,hex,15,0,0,none,0,baseline,0.0159168032975517,48,4,92,2,0,0,2,0,0,0,Standard_480p_25fps_5s
1718,0,none,2,1.222758730856049,1,5,1,8,13.35893353578019,1:-1,none,1,290,3,dia,57,0,0,cbr,0,baseline,0.0159168032975517,45,16,212,3,71,1,46,0,0,2,Standard_480p_25fps_5s
1369,0,"p8x8,b8x8,i8x8,i4x4",1,1.0429460670983646,1,13,1,-8,32.94144844997256,6:6,spatial,0,466,2,hex,15,0,0,none,0,baseline,0.0159168032975517,48,4,92,2,0,0,49,0,0,0,Standard_480p_25fps_5s
1718,0,none,0,1.222758730856049,1,5,0,6,13.35893353578019,2:2,spatial,0,466,2,umh,15,1,0,cbr,1,baseline,0.0159168032975517,45,0,212,3,71,1,46,1,0,2,Standard_480p_25fps_5s
1052,0,"p8x8,b8x8,i8x8,i4x4",1,1.0429460670983646,1,16,1,6,32.94144844997256,2:-2,spatial,0,466,2,hex,15,1,0,cbr,0,baseline,0.0159168032975517,45,16,212,3,71,1,46,0,0,2,Standard_480p_25fps_5s
1052,0,"p8x8,b8x8,i8x8,i4x4",1,1.0429460670983646,1,16,1,6,32.94144844997256,2:-2,spatial,0,466,2,hex,28,0,0,cbr,1,high,0.0159168032975517,45,16,212,13,71,1,15,2,0,2,Standard_480p_25fps_5s
772,0,"p8x8,b8x8,i8x8,i4x4",1,1.0429460670983646,1,16,0,6,32.94144844997256,2:-2,spatial,0,466,2,hex,28,1,0,cbr,1,main,0.0159168032975517,45,16,212,13,71,1,15,2,0,2,Standard_480p_25fps_5s
1052,1,"p8x8,b8x8,i8x8,i4x4",1,1.0429460670983646,1,16,1,6,32.94144844997256,2:-2,spatial,1,466,2,hex,28,0,0,cbr,1,high,0.0159168032975517,40,13,100,5,26,8,35,0,1,1,Standard_480p_25fps_5s
772,0,"p8x8,b8x8,i8x8,i4x4",1,1.0429460670983646,1,16,0,6,35.83421612572595,2:-2,spatial,0,466,2,hex,28,1,0,cbr,1,main,0.0159168032975517,45,16,212,13,71,1,15,1,0,0,Standard_480p_25fps_5s
772,0,"p8x8,b8x8,i8x8,i4x4",1,1.0429460670983646,1,13,1,-8,32.94144844997256,6:6,spatial,0,466,2,hex,28,0,0,cbr,0,baseline,0.0159168032975517,45,16,212,13,32,1,15,2,0,2,Standard_480p_25fps_5s
1383,0,"p8x8,b8x8,i8x8,i4x4",3,1.0429460670983646,1,16,0,6,32.94144844997256,2:-2,spatial,0,466,2,hex,28,1,0,cbr,1,main,0.0159168032975517,45,16,212,13,71,1,15,0,0,2,Standard_480p_25fps_5s
1052,0,"p8x8,b8x8,i8x8,i4x4",1,1.0429460670983646,1,16,1,6,32.94144844997256,2:-2,spatial,0,466,2,hex,15,1,1,vbr,0,baseline,0.0159168032975517,48,4,92,2,80,0,2,0,0,0,Standard_480p_25fps_5s
1052,0,"p8x8,b8x8,i8x8,i4x4",1,1.0429460670983646,1,7,1,6,32.94144844997256,2:-2,auto,0,466,2,hex,28,1,0,cbr,1,main,0.0159168032975517,45,16,212,13,71,4,15,2,0,2,Standard_480p_25fps_5s
772,0,"p8x8,b8x8,i8x8,i4x4",1,1.0429460670983646,1,16,0,6,32.94144844997256,2:-2,spatial,0,466,2,hex,15,1,0,cbr,0,baseline,0.0159168032975517,45,16,66,3,71,1,46,1,0,2,Standard_480p_25fps_5s
76,0,"p8x8,b8x8,i8x8,i4x4",1,1.0429460670983646,0,16,1,6,32.94144844997256,2:-2,spatial,1,466,2,hex,43,0,0,cbr,1,high,0.0159168032975517,49,13,92,5,44,8,35,1,1,1,Standard_480p_25fps_5s
1718,0,"p8x8,b8x8,i8x8,i4x4",1,1.0429460670983646,1,7,1,6,32.94144844997256,2:-2,auto,0,466,2,hex,28,1,0,cbr,1,main,0.0159168032975517,45,16,212,13,71,4,15,0,0,2,Standard_480p_25fps_5s
1718,0,none,2,1.222758730856049,1,7,1,8,13.35893353578019,6:6,spatial,0,466,2,hex,28,0,0,cbr,0,baseline,0.0159168032975517,45,16,212,13,32,1,15,2,0,2,Standard_480p_25fps_5s
1383,0,"p8x8,b8x8,i8x8,i4x4",1,1.0429460670983646,1,16,0,6,32.94144844997256,5:-5,spatial,0,466,2,hex,28,1,0,cbr,1,main,0.0159168032975517,45,16,212,13,32,1,15,2,0,2,Standard_480p_25fps_5s
772,0,"p8x8,b8x8,i8x8,i4x4",1,1.0429460670983646,1,4,1,-8,50.16194897765014,6:6,spatial,1,466,2,hex,28,0,0,cbr,0,high,0.0159168032975517,45,16,212,14,71,1,15,0,1,2,Standard_480p_25fps_5s
1052,0,"p8x8,b8x8,i8x8,i4x4",1,1.0429460670983646,1,16,1,10,32.94144844997256,2:-2,spatial,0,290,0,hex,38,0,0,cbr,1,main,0.0159168032975517,45,16,212,13,71,5,42,1,0,0,Standard_480p_25fps_5s
1280,1,none,3,0.5054672097180761,0,14,1,12,21.37227474930833,1:1,spatial,0,8,4,tesa,9,0,1,none,0,high,0.5095017405492828,49,1,192,7,78,1,9,1,0,2,Standard_720p_30fps_15s
76,1,none,0,0.6295137611273145,2,0,0,9,29.58495568862226,4:4,temporal,0,51,0,tesa,24,0,1,none,0,baseline,0.6493532546000097,48,4,92,2,80,2,37,1,1,1,Standard_720p_30fps_15s
1732,1,p4x4,1,0.3288599459493289,2,4,0,-11,5.674294418405858,4:-4,temporal,0,51,3,dia,22,0,0,none,0,main,0.395800579141686,35,12,192,7,78,1,9,1,0,2,Standard_720p_30fps_15s
743,1,p4x4,1,0.3288599459493289,0,4,0,-11,5.674294418405858,4:-4,temporal,0,51,1,dia,22,0,0,none,0,main,0.395800579141686,37,12,192,7,78,1,9,1,0,2,Standard_720p_30fps_15s
1595,1,none,1,0.5854103283902078,2,5,0,5,29.75079221747932,3:3,spatial,1,24,2,dia,24,0,1,none,0,baseline,0.6493532546000097,48,4,92,2,80,2,37,0,1,1,Standard_720p_30fps_15s
2095,0,p8x8,3,0.2747062389104263,0,4,0,7,15.608853876020824,-6:6,none,1,250,4,hex,46,1,0,vbr,0,high,0.1241810588264476,22,0,47,13,5,10,40,1,1,1,Standard_720p_30fps_15s
1595,1,none,1,0.5854103283902078,2,5,0,5,29.75079221747932,3:3,spatial,1,24,2,dia,36,0,1,none,1,high,0.813740992519497,24,8,96,5,2,0,18,0,0,1,Standard_720p_30fps_15s
1595,1,none,1,0.5854103283902078,2,4,0,5,29.75079221747932,3:3,spatial,1,24,2,dia,36,0,1,none,1,high,0.6493532546000097,46,14,92,16,80,0,2,1,0,0,Standard_720p_30fps_15s
2394,0,none,1,0.5854103283902078,2,5,0,5,29.75079221747932,3:3,none,1,24,2,dia,36,0,1,none,1,high,0.813740992519497,24,8,96,5,2,0,18,0,0,2,Standard_720p_30fps_15s
2102,1,p4x4,3,1.8608182563379665,1,12,0,-1,44.84795939735755,-5:5,none,1,362,4,esa,54,0,0,vbr,1,baseline,0.6493532546000097,48,19,92,2,87,1,2,0,0,0,Standard_720p_30fps_15s
2102,1,p4x4,3,1.8608182563379665,1,7,0,-1,44.84795939735755,-5:5,none,1,362,4,esa,54,0,0,vbr,1,baseline,0.6493532546000097,48,4,92,2,80,0,2,0,0,0,Standard_720p_30fps_15s
76,1,none,0,0.6295137611273145,2,0,0,9,29.58495568862226,4:4,temporal,0,51,0,esa,54,0,0,vbr,1,baseline,0.6493532546000097,48,19,92,2,55,1,19,0,0,0,Standard_720p_30fps_15s
76,0,p8x8,1,0.6295137611273145,2,0,1,9,29.58495568862226,4:4,spatial,0,51,0,dia,54,0,1,none,0,baseline,0.6493532546000097,48,4,92,2,80,0,2,0,0,0,Standard_720p_30fps_15s
76,0,p8x8,3,0.6295137611273145,2,0,1,9,29.58495568862226,4:4,spatial,0,51,0,dia,54,0,1,none,0,baseline,0.6493532546000097,37,13,142,6,50,7,1,1,1,2,Standard_720p_30fps_15s
76,0,p8x8,0,0.6295137611273145,2,0,1,9,29.58495568862226,4:4,spatial,0,51,0,dia,24,0,1,none,0,baseline,0.6493532546000097,48,4,92,2,80,0,2,0,0,0,Standard_720p_30fps_15s
76,0,p8x8,1,0.6295137611273145,2,0,1,9,29.58495568862226,4:4,none,0,51,0,esa,54,0,1,vbr,1,baseline,0.6493532546000097,48,19,92,2,80,1,2,0,0,0,Standard_720p_30fps_15s
2166,0,p8x8,1,0.6295137611273145,2,0,1,9,29.58495568862226,4:4,spatial,0,51,0,dia,54,0,1,none,0,baseline,0.6493532546000097,48,14,92,2,80,0,2,1,0,0,Standard_720p_30fps_15s
76,0,p8x8,1,0.6295137611273145,2,0,1,9,29.58495568862226,4:4,auto,0,51,0,dia,54,0,0,none,0,high,0.6428370816714905,48,4,92,2,80,0,2,0,0,0,Standard_720p_30fps_15s
76,0,p8x8,3,0.3662981685102694,2,0,1,1,29.58495568862226,4:4,none,0,320,0,esa,54,0,1,vbr,1,baseline,0.6493532546000097,48,19,92,2,80,1,39,0,0,0,Standard_720p_30fps_15s
76,0,p8x8,3,0.6295137611273145,2,0,1,9,29.58495568862226,4:4,spatial,0,51,0,dia,54,0,1,none,0,baseline,0.6493532546000097,37,13,142,6,50,7,14,1,1,1,Standard_720p_30fps_15s
1150,0,none,0,0.833612777093194,2,14,1,8,8.18468222928954,1:1,none,1,99,0,dia,64,0,1,vbr,0,baseline,0.522821707066363,32,14,89,4,43,2,34,0,0,1,Still_image_480p_60fps_10s
1150,0,"p8x8,b8x8,i8x8,i4x4",1,0.833612777093194,2,14,1,8,8.18468222928954,1:1,none,1,99,0,dia,64,0,1,vbr,1,baseline,0.522821707066363,32,14,89,6,22,0,53,2,0,1,Still_image_480p_60fps_10s
1150,0,p8x8,1,0.833612777093194,0,14,1,8,8.18468222928954,1:1,none,1,99,0,dia,64,0,1,vbr,1,baseline,0.522821707066363,26,8,79,3,65,7,49,1,1,1,Still_image_480p_60fps_10s
1150,0,none,0,0.833612777093194,2,8,1,8,1.1147926385211078,1:1,none,1,99,0,dia,64,0,1,vbr,0,main,0.522821707066363,32,14,89,4,43,3,15,0,0,1,Still_image_480p_60fps_10s
1150,0,none,0,0.833612777093194,1,14,1,8,8.18468222928954,6:6,none,1,99,0,dia,61,0,1,vbr,0,baseline,0.522821707066363,32,1,89,4,43,2,34,2,0,1,Still_image_480p_60fps_10s
1150,0,none,0,0.833612777093194,2,0,1,8,8.18468222928954,1:1,none,1,99,0,dia,64,0,1,vbr,0,baseline,0.522821707066363,32,14,89,4,43,2,34,2,1,1,Still_image_480p_60fps_10s
1150,0,"p8x8,b8x8,i8x8,i4x4",1,0.833612777093194,2,5,1,8,8.18468222928954,6:6,none,1,99,4,dia,61,0,1,vbr,0,baseline,0.522821707066363,32,1,89,4,43,2,34,2,0,1,Still_image_480p_60fps_10s
1150,0,none,0,0.833612777093194,1,14,1,8,8.18468222928954,1:1,spatial,1,99,0,dia,64,0,1,vbr,1,baseline,0.522821707066363,32,14,89,6,22,0,22,2,0,1,Still_image_480p_60fps_10s
1150,0,p8x8,1,0.833612777093194,0,14,1,8,8.18468222928954,1:1,none,1,99,0,dia,64,0,1,vbr,0,baseline,0.522821707066363,22,20,89,4,43,2,34,2,1,1,Still_image_480p_60fps_10s
1150,0,none,0,0.833612777093194,2,0,1,8,27.914037768996216,1:1,none,1,99,0,dia,64,0,1,vbr,1,baseline,0.522821707066363,26,8,79,3,65,7,49,1,1,1,Still_image_480p_60fps_10s
1150,0,"p8x8,b8x8,i8x8,i4x4",0,0.833612777093194,2,0,1,8,8.18468222928954,1:1,none,1,99,3,dia,64,0,1,vbr,0,baseline,0.522821707066363,32,14,89,4,2,2,34,2,1,1,Still_image_480p_60fps_10s
2200,0,none,3,0.1445022929414353,0,11,0,-5,47.31492395729966,-2:2,spatial,1,115,2,hex,61,1,1,none,0,main,0.941476232283773,28,4,92,2,80,0,28,1,1,0,Still_image_480p_60fps_10s
1176,1,none,0,1.7024365325141972,1,2,0,-10,24.3141770823912,6:-6,none,0,385,4,tesa,47,1,1,cbr,1,high,0.5567945681479866,42,19,158,1,81,5,23,1,0,1,Still_image_480p_60fps_10s
2200,0,none,3,0.1445022929414353,0,11,0,-5,47.31492395729966,-2:2,spatial,1,115,2,hex,61,1,1,none,0,main,0.941476232283773,31,6,215,6,22,0,8,2,0,2,Still_image_480p_60fps_10s
1176,1,none,0,1.7024365325141972,1,2,0,-10,24.3141770823912,6:-6,none,0,385,4,tesa,45,0,1,none,0,baseline,0.8466550755147559,31,6,93,10,51,9,12,1,1,2,Still_image_480p_60fps_10s
76,1,p8x8,1,0.6295137611273145,2,1,1,-9,29.58495568862226,6:-6,none,0,385,4,tesa,54,1,1,cbr,1,high,0.5567945681479866,42,19,158,1,81,5,23,1,0,1,Still_image_480p_60fps_10s
2200,0,none,3,0.1445022929414353,0,11,0,-5,47.31492395729966,-2:2,spatial,1,115,1,hex,61,1,1,none,0,main,0.941476232283773,31,6,215,6,22,0,8,1,0,2,Still_image_480p_60fps_10s
2200,0,"p8x8,b8x8,i8x8,i4x4",3,0.1445022929414353,0,10,0,-5,47.31492395729966,-2:2,spatial,1,115,2,hex,61,1,1,none,1,main,0.941476232283773,31,6,215,15,19,1,57,0,1,0,Still_image_480p_60fps_10s
1629,0,p4x4,1,0.1025213838754515,0,11,0,-10,24.3141770823912,6:-6,none,0,385,4,tesa,47,1,1,cbr,1,high,0.5567945681479866,42,19,158,1,81,5,23,1,1,1,Still_image_480p_60fps_10s
1176,1,none,0,1.7024365325141972,1,7,0,-10,24.3141770823912,6:-6,spatial,0,385,4,tesa,47,1,1,cbr,1,high,0.5567945681479866,30,4,92,2,80,0,28,1,1,2,Still_image_480p_60fps_10s
1936,0,all,0,0.0307722080746771,1,8,0,11,48.99821968539017,3:3,spatial,0,12,0,hex,13,0,1,none,1,baseline,0.6820121506383553,24,4,114,3,67,0,6,0,0,1,Big_1080p_25fps_5s
1048,0,none,0,0.0912060476289293,2,5,1,-7,50.84274949317081,4:-4,none,1,33,3,esa,28,0,0,vbr,1,main,0.1190618691588216,35,17,179,10,12,7,62,1,1,2,Big_1080p_25fps_5s
1936,1,all,3,0.0307722080746771,1,8,1,11,48.99821968539017,3:3,spatial,0,192,4,hex,13,0,1,none,1,baseline,0.6820121506383553,24,4,114,6,67,0,6,0,0,1,Big_1080p_25fps_5s
422,1,none,3,1.404486935123255,2,0,1,5,29.58495568862226,4:4,spatial,1,51,0,dia,54,0,1,none,0,baseline,0.4477969605903525,48,4,150,9,67,7,64,2,0,2,Big_1080p_25fps_5s
76,0,p8x8,1,0.6295137611273145,2,0,1,9,29.58495568862226,4:4,spatial,0,51,0,dia,54,0,1,none,0,baseline,0.6493532546000097,48,4,92,2,80,0,2,0,0,0,Big_1080p_25fps_5s
76,0,p8x8,1,0.6295137611273145,2,0,1,5,29.58495568862226,4:4,spatial,1,51,0,dia,54,0,1,none,0,baseline,0.6493532546000097,48,4,150,10,67,7,64,2,1,2,Big_1080p_25fps_5s
698,1,p4x4,0,1.106609135288933,1,8,1,-6,34.76968889996238,0:0,auto,0,51,0,dia,54,0,1,none,0,baseline,0.3106997627973999,48,4,92,2,80,0,2,0,0,0,Big_1080p_25fps_5s
422,0,p4x4,3,1.7242186518228328,2,5,0,2,29.664439579982087,-2:2,none,1,2,2,dia,54,0,1,none,0,baseline,0.6493532546000097,48,4,92,2,36,0,2,1,0,0,Big_1080p_25fps_5s
345,1,p4x4,0,1.072103528483132,1,8,1,-6,34.76968889996238,0:0,spatial,0,51,0,dia,54,0,0,none,1,baseline,0.6493532546000097,48,4,92,15,80,0,2,0,0,0,Big_1080p_25fps_5s
773,1,p4x4,0,1.106609135288933,1,8,1,-6,34.76968889996238,0:0,auto,0,51,0,dia,54,0,1,none,0,baseline,0.3106997627973999,48,4,92,2,23,0,2,0,1,0,Big_1080p_25fps_5s
1048,0,none,0,0.0912060476289293,2,5,1,-7,34.76968889996238,0:0,auto,0,449,0,dia,54,0,1,none,0,baseline,0.3106997627973999,32,7,92,2,80,0,44,0,0,1,Big_1080p_25fps_5s
76,0,p8x8,2,0.6295137611273145,2,0,1,9,29.58495568862226,-4:4,auto,0,51,0,esa,22,1,0,vbr,0,baseline,0.2026866100345863,48,4,92,2,80,0,30,0,0,0,Big_1080p_25fps_5s
76,0,p8x8,1,0.6295137611273145,2,0,1,9,37.952847945135545,4:4,spatial,0,51,0,dia,48,0,1,none,1,high,0.2643136704425646,25,3,243,13,91,9,34,1,0,1,Big_1080p_25fps_5s
76,0,p8x8,1,0.6295137611273145,2,13,1,9,29.58495568862226,4:4,spatial,0,51,0,dia,54,0,1,none,0,baseline,0.5149994702525057,48,4,92,2,80,0,2,0,0,0,Big_1080p_25fps_5s
76,0,p8x8,1,0.6295137611273145,2,0,1,9,29.58495568862226,4:4,spatial,0,51,0,dia,54,0,1,none,0,baseline,0.6493532546000097,48,4,92,2,80,0,60,0,1,1,Big_1080p_25fps_5s
345,1,p4x4,0,1.072103528483132,1,8,1,-6,34.76968889996238,0:0,spatial,0,51,0,dia,54,0,0,none,1,baseline,0.6493532546000097,48,4,92,2,23,0,2,0,0,0,Big_1080p_25fps_5s
773,1,p4x4,0,1.106609135288933,1,8,1,-6,34.76968889996238,0:0,auto,0,51,0,dia,54,0,1,none,0,baseline,0.2647597515302292,48,4,92,15,80,0,2,2,0,0,Big_1080p_25fps_5s
1936,1,all,3,0.0307722080746771,1,8,0,11,48.99821968539017,3:3,spatial,0,51,0,dia,54,0,1,cbr,0,baseline,0.6493532546000097,48,4,92,2,80,10,2,0,0,0,Big_1080p_25fps_5s
76,0,p8x8,1,0.6295137611273145,2,0,1,9,29.58495568862226,4:4,spatial,0,192,4,hex,13,0,1,none,1,baseline,0.6820121506383553,24,4,114,6,67,0,6,2,0,1,Big_1080p_25fps_5s
698,1,p4x4,0,1.106609135288933,1,8,1,-6,34.76968889996238,0:0,auto,0,51,0,dia,54,0,1,none,0,baseline,0.3106997627973999,32,4,92,2,80,0,44,0,1,1,Big_1080p_25fps_5s
1048,0,none,0,0.0912060476289293,2,5,1,-7,50.84274949317081,4:-4,none,1,33,3,esa,28,0,0,vbr,1,main,0.1190618691588216,35,17,179,10,12,7,62,1,1,2,Standard_720p_60fps_5s
1150,0,none,0,0.833612777093194,2,0,1,8,27.914037768996216,1:1,none,1,99,0,dia,64,0,1,vbr,1,baseline,0.522821707066363,26,8,79,3,65,7,49,1,1,1,Standard_720p_60fps_5s
1150,0,none,0,0.833612777093194,1,14,1,8,8.18468222928954,1:1,spatial,1,99,0,dia,64,0,1,vbr,1,baseline,0.522821707066363,32,14,89,6,22,0,22,2,0,1,Standard_720p_60fps_5s
1150,0,"p8x8,b8x8,i8x8,i4x4",1,0.833612777093194,2,5,1,8,8.18468222928954,6:6,none,1,99,4,dia,61,0,1,vbr,0,baseline,0.522821707066363,32,1,89,4,43,2,34,2,0,1,Standard_720p_60fps_5s
1150,0,none,0,0.833612777093194,2,0,1,8,8.18468222928954,1:1,none,1,99,0,dia,64,0,1,vbr,0,baseline,0.522821707066363,32,14,89,4,43,2,34,2,1,1,Standard_720p_60fps_5s
1150,0,p8x8,1,0.833612777093194,0,14,1,8,8.18468222928954,1:1,none,1,99,0,dia,64,0,1,vbr,0,baseline,0.522821707066363,22,20,89,4,43,2,34,2,1,1,Standard_720p_60fps_5s
1150,0,none,0,0.833612777093194,2,8,1,8,1.1147926385211078,1:1,none,1,99,0,dia,64,0,1,vbr,0,main,0.522821707066363,32,14,89,4,43,3,15,0,0,1,Standard_720p_60fps_5s
1150,0,p8x8,1,0.833612777093194,0,14,1,8,8.18468222928954,1:1,none,1,99,0,dia,64,0,1,vbr,1,baseline,0.522821707066363,26,8,79,3,65,7,49,1,1,1,Standard_720p_60fps_5s
1150,0,"p8x8,b8x8,i8x8,i4x4",1,0.833612777093194,2,14,1,8,8.18468222928954,1:1,none,1,99,0,dia,64,0,1,vbr,1,baseline,0.522821707066363,32,14,89,6,22,0,53,2,0,1,Standard_720p_60fps_5s
1150,0,none,0,0.833612777093194,2,14,1,8,8.18468222928954,1:1,none,1,99,0,dia,64,0,1,vbr,0,baseline,0.522821707066363,32,14,89,4,43,2,34,0,0,1,Standard_720p_60fps_5s
1150,0,none,0,0.833612777093194,1,14,1,8,8.18468222928954,6:6,none,1,99,0,dia,61,0,1,vbr,0,baseline,0.522821707066363,32,1,89,4,43,2,34,2,0,1,Standard_720p_60fps_5s
1150,0,none,0,0.833612777093194,2,0,0,8,27.914037768996216,1:1,none,1,99,0,dia,64,0,1,vbr,1,baseline,0.522821707066363,26,8,79,3,65,7,49,1,1,1,Standard_720p_60fps_5s
1150,0,none,0,0.833612777093194,1,14,1,8,8.18468222928954,6:6,none,0,99,0,dia,61,0,1,none,1,main,0.5407425021643405,42,5,114,6,67,0,6,0,0,1,Standard_720p_60fps_5s
1150,0,p8x8,1,0.833612777093194,0,14,1,8,8.18468222928954,1:1,none,1,99,0,dia,64,0,1,cbr,0,main,0.522821707066363,32,14,89,4,43,3,15,0,0,1,Standard_720p_60fps_5s
548,0,none,0,0.833612777093194,2,8,0,8,1.1147926385211078,1:1,none,1,99,0,dia,64,0,1,vbr,1,baseline,0.522821707066363,26,8,79,3,65,7,49,1,1,2,Standard_720p_60fps_5s
1150,0,none,0,0.833612777093194,2,0,0,4,8.18468222928954,5:5,none,1,99,0,umh,64,0,1,vbr,1,baseline,0.522821707066363,26,12,240,3,65,7,49,1,1,1,Standard_720p_60fps_5s
1150,0,p8x8,1,0.833612777093194,0,14,1,8,8.18468222928954,1:1,none,0,99,0,dia,64,0,1,vbr,0,baseline,0.522821707066363,32,14,159,4,43,2,34,2,1,1,Standard_720p_60fps_5s
963,0,"p8x8,b8x8,i8x8,i4x4",1,0.833612777093194,2,5,1,8,8.18468222928954,6:6,none,1,99,4,dia,61,0,1,vbr,1,baseline,0.522821707066363,26,8,79,3,65,0,49,1,0,1,Standard_720p_60fps_5s
1150,0,none,0,0.2199007430459102,2,0,0,-7,29.43342662536169,1:1,none,1,99,0,dia,64,0,1,vbr,1,baseline,0.522821707066363,32,1,89,4,43,2,34,2,0,1,Standard_720p_60fps_5s
1150,0,none,0,0.833612777093194,2,0,1,8,27.914037768996216,1:1,none,1,99,0,dia,64,0,1,vbr,1,main,0.522821707066363,26,8,79,3,65,8,49,1,1,1,Standard_720p_60fps_5s
1048,0,none,0,0.0912060476289293,2,5,1,-7,50.84274949317081,4:-4,none,1,33,3,esa,28,0,0,vbr,1,main,0.1190618691588216,35,17,179,10,12,7,62,1,1,2,Action_1080p_60fps_20s
1048,0,none,0,0.0912060476289293,2,5,1,-7,50.84274949317081,4:-4,none,1,33,3,esa,28,0,0,vbr,1,baseline,0.522821707066363,32,18,89,6,22,0,53,2,0,1,Action_1080p_60fps_20s
1048,0,none,0,0.1193365485352483,2,5,1,-7,50.84274949317081,4:-4,none,0,33,3,esa,28,0,0,vbr,1,baseline,0.522821707066363,32,18,89,3,65,1,49,2,0,0,Action_1080p_60fps_20s
1150,0,"p8x8,b8x8,i8x8,i4x4",1,0.833612777093194,2,5,1,8,8.18468222928954,6:6,none,1,99,4,dia,61,0,1,vbr,0,baseline,0.522821707066363,32,1,89,4,43,2,34,2,0,1,Action_1080p_60fps_20s
1150,0,p8x8,1,0.833612777093194,0,14,1,8,8.18468222928954,1:1,none,1,99,0,dia,64,0,1,vbr,1,baseline,0.522821707066363,26,8,79,3,65,7,49,1,1,1,Action_1080p_60fps_20s
1150,0,none,0,0.833612777093194,1,14,1,8,8.18468222928954,1:1,spatial,1,99,0,dia,64,0,1,vbr,1,baseline,0.522821707066363,32,14,89,6,22,0,22,2,0,1,Action_1080p_60fps_20s
1150,0,p8x8,1,0.833612777093194,0,14,1,8,8.18468222928954,1:1,none,1,99,0,dia,64,0,1,vbr,0,baseline,0.522821707066363,22,20,89,4,43,2,34,2,1,1,Action_1080p_60fps_20s
1150,0,none,0,0.833612777093194,2,0,1,8,27.914037768996216,1:1,none,1,99,0,dia,64,0,1,vbr,1,baseline,0.522821707066363,26,8,79,3,65,7,49,1,1,1,Action_1080p_60fps_20s
1150,0,none,0,0.833612777093194,2,0,1,8,8.18468222928954,1:1,none,1,99,0,dia,64,0,1,vbr,0,baseline,0.522821707066363,32,14,89,4,43,2,34,2,1,1,Action_1080p_60fps_20s
1150,0,"p8x8,b8x8,i8x8,i4x4",1,0.833612777093194,2,14,1,8,8.18468222928954,1:1,none,1,99,0,dia,64,0,1,vbr,1,baseline,0.522821707066363,32,14,89,6,22,0,53,2,0,1,Action_1080p_60fps_20s
1150,0,none,0,0.833612777093194,2,14,1,8,8.18468222928954,1:1,none,1,99,0,dia,64,0,1,vbr,0,baseline,0.522821707066363,32,14,89,4,43,2,34,0,0,1,Action_1080p_60fps_20s
1150,0,none,0,0.833612777093194,2,8,1,8,1.1147926385211078,1:1,none,1,99,0,dia,64,0,1,vbr,0,main,0.522821707066363,32,14,89,4,43,3,15,0,0,1,Action_1080p_60fps_20s
1150,0,none,0,0.833612777093194,1,14,1,8,8.18468222928954,6:6,none,1,99,0,dia,61,0,1,vbr,0,baseline,0.522821707066363,32,1,89,4,43,2,34,2,0,1,Action_1080p_60fps_20s
1150,0,p8x8,1,0.833612777093194,0,14,1,8,8.18468222928954,1:1,none,0,99,0,dia,64,0,0,vbr,0,baseline,0.522821707066363,26,8,214,3,65,7,49,2,1,2,Action_1080p_60fps_20s
1150,0,none,0,0.833612777093194,1,14,1,8,8.18468222928954,1:1,spatial,1,99,0,dia,64,0,1,vbr,1,baseline,0.522821707066363,43,8,79,3,65,1,49,2,1,0,Action_1080p_60fps_20s
1150,0,none,0,0.833612777093194,0,0,1,8,27.914037768996216,1:1,auto,1,99,0,dia,64,0,1,vbr,1,baseline,0.522821707066363,32,14,89,6,22,0,22,2,0,1,Action_1080p_60fps_20s
1150,1,none,0,0.833612777093194,2,14,1,8,8.18468222928954,1:1,none,1,99,4,dia,61,0,1,vbr,0,baseline,0.522821707066363,32,1,89,4,43,2,34,2,0,2,Action_1080p_60fps_20s
1150,0,"p8x8,b8x8,i8x8,i4x4",0,0.833612777093194,2,5,1,8,8.18468222928954,6:6,none,1,99,0,umh,64,0,1,vbr,0,baseline,0.522821707066363,32,5,89,4,43,2,34,0,0,1,Action_1080p_60fps_20s
1150,0,p8x8,1,0.833612777093194,0,14,1,8,8.18468222928954,1:1,none,0,99,0,dia,64,0,1,vbr,0,baseline,0.522821707066363,22,20,89,4,43,2,34,2,1,1,Action_1080p_60fps_20s
1150,0,none,1,0.833612777093194,2,2,1,8,27.914037768996216,1:1,none,0,99,0,dia,41,0,1,vbr,1,baseline,0.522821707066363,26,8,71,3,65,7,49,0,0,1,Action_1080p_60fps_20s
1048,0,none,0,0.0912060476289293,2,5,1,-7,50.84274949317081,4:-4,none,1,33,3,esa,28,0,0,vbr,1,main,0.1190618691588216,35,17,179,10,12,7,62,1,1,2,Standard_480p_30fps_10s
1468,0,none,0,0.833612777093194,2,1,1,8,1.1147926385211078,0:0,none,1,99,0,dia,64,0,0,vbr,1,main,0.1190618691588216,35,17,179,10,12,7,62,1,1,2,Standard_480p_30fps_10s
1150,0,"p8x8,b8x8,i8x8,i4x4",1,0.833612777093194,0,5,1,8,8.18468222928954,6:6,none,1,99,4,dia,64,0,0,vbr,1,main,0.1190618691588216,35,12,179,10,12,7,62,1,1,2,Standard_480p_30fps_10s
1468,0,none,0,0.833612777093194,2,1,1,8,1.1147926385211078,0:0,none,0,99,0,dia,12,0,0,vbr,1,main,0.1190618691588216,35,17,157,14,12,7,62,1,1,2,Standard_480p_30fps_10s
1150,0,p8x8,1,0.833612777093194,0,14,1,8,8.18468222928954,1:1,none,1,99,0,dia,64,0,1,vbr,1,baseline,0.522821707066363,26,8,79,3,65,7,49,1,1,1,Standard_480p_30fps_10s
1150,0,"p8x8,b8x8,i8x8,i4x4",1,0.833612777093194,2,14,1,8,8.18468222928954,1:1,none,1,99,0,dia,64,0,1,vbr,1,baseline,0.522821707066363,32,14,89,6,22,0,53,2,0,1,Standard_480p_30fps_10s
1150,0,"p8x8,b8x8,i8x8,i4x4",1,0.833612777093194,2,5,1,8,8.18468222928954,6:6,none,1,99,4,dia,61,0,1,vbr,0,baseline,0.522821707066363,32,1,89,4,43,2,34,2,0,1,Standard_480p_30fps_10s
1150,0,none,0,0.833612777093194,2,0,1,8,8.18468222928954,1:1,none,1,99,0,dia,64,0,1,vbr,0,baseline,0.522821707066363,32,14,89,4,43,2,34,2,1,1,Standard_480p_30fps_10s
1150,0,none,0,0.833612777093194,1,14,1,8,8.18468222928954,1:1,spatial,1,99,0,dia,64,0,1,vbr,1,baseline,0.522821707066363,32,14,89,6,22,0,22,2,0,1,Standard_480p_30fps_10s
1150,0,p8x8,1,0.833612777093194,0,14,1,8,8.18468222928954,1:1,none,1,99,0,dia,64,0,1,vbr,0,baseline,0.522821707066363,22,20,89,4,43,2,34,2,1,1,Standard_480p_30fps_10s
1150,0,none,0,0.833612777093194,2,0,1,8,27.914037768996216,1:1,none,1,99,0,dia,64,0,1,vbr,1,baseline,0.522821707066363,26,8,79,3,65,7,49,1,1,1,Standard_480p_30fps_10s
1150,0,none,0,0.833612777093194,2,8,1,8,1.1147926385211078,1:1,none,1,99,0,dia,64,0,1,vbr,0,main,0.522821707066363,32,14,89,4,43,3,15,0,0,1,Standard_480p_30fps_10s
1150,0,none,0,0.833612777093194,2,14,1,8,8.18468222928954,1:1,none,1,99,0,dia,64,0,1,vbr,0,baseline,0.522821707066363,32,14,89,4,43,2,34,0,0,1,Standard_480p_30fps_10s
1150,0,none,0,0.833612777093194,1,14,1,8,8.18468222928954,1:1,none,1,99,0,dia,64,0,1,vbr,0,high,0.522821707066363,32,14,89,4,43,3,57,2,0,1,Standard_480p_30fps_10s
1150,0,none,0,0.833612777093194,2,8,1,8,1.1147926385211078,1:1,spatial,1,99,0,dia,23,0,0,vbr,1,baseline,0.522821707066363,37,13,89,6,22,0,22,2,0,1,Standard_480p_30fps_10s
1150,0,"p8x8,b8x8,i8x8,i4x4",1,0.833612777093194,2,5,1,8,8.18468222928954,6:6,none,1,99,4,dia,61,0,1,vbr,1,baseline,0.522821707066363,26,8,79,3,65,7,49,1,0,1,Standard_480p_30fps_10s
1150,0,p8x8,1,0.6932554072549802,0,14,1,8,8.18468222928954,1:1,none,1,99,0,dia,64,0,1,vbr,1,baseline,0.522821707066363,32,1,89,4,43,2,34,2,0,1,Standard_480p_30fps_10s
1150,0,"p8x8,b8x8,i8x8,i4x4",1,0.833612777093194,2,14,1,8,8.18468222928954,1:1,none,0,99,0,dia,64,0,1,vbr,1,baseline,0.522821707066363,32,14,89,6,39,2,34,2,1,1,Standard_480p_30fps_10s
1150,0,p8x8,1,0.833612777093194,0,14,1,8,31.36313635584817,1:1,none,1,99,0,dia,64,0,1,vbr,0,baseline,0.522821707066363,22,20,89,13,22,0,53,2,0,1,Standard_480p_30fps_10s
1150,1,"p8x8,b8x8,i8x8,i4x4",1,0.833612777093194,2,14,1,8,8.18468222928954,1:1,none,1,99,0,dia,64,0,1,vbr,0,baseline,0.65218385460441,32,14,89,4,43,2,34,0,1,1,Standard_480p_30fps_10s
1150,0,none,0,0.833612777093194,1,14,1,8,8.18468222928954,1:1,spatial,1,99,0,dia,64,0,1,vbr,1,baseline,0.522821707066363,32,14,89,6,22,0,22,2,0,1,Action_480p_25fps_5s
1150,0,"p8x8,b8x8,i8x8,i4x4",1,0.833612777093194,2,5,1,8,8.18468222928954,6:6,none,1,99,4,dia,61,0,1,vbr,0,baseline,0.522821707066363,32,1,89,4,43,2,34,2,0,1,Action_480p_25fps_5s
1150,0,p8x8,1,0.833612777093194,0,14,1,8,8.18468222928954,1:1,none,1,99,0,dia,64,0,1,vbr,0,baseline,0.522821707066363,22,20,89,4,43,2,34,2,1,1,Action_480p_25fps_5s
1150,0,p8x8,1,0.833612777093194,0,14,1,8,8.18468222928954,1:1,none,1,99,0,dia,64,0,1,vbr,1,baseline,0.522821707066363,26,8,79,3,65,7,49,1,1,1,Action_480p_25fps_5s
1150,0,"p8x8,b8x8,i8x8,i4x4",1,0.833612777093194,2,14,1,8,8.18468222928954,1:1,none,1,99,0,dia,64,0,1,vbr,1,baseline,0.522821707066363,32,14,89,6,22,0,53,2,0,1,Action_480p_25fps_5s
1150,0,none,0,0.833612777093194,2,0,1,8,8.18468222928954,1:1,none,1,99,0,dia,64,0,1,vbr,0,baseline,0.522821707066363,32,14,89,4,43,2,34,2,1,1,Action_480p_25fps_5s
1150,0,none,0,0.833612777093194,2,0,1,8,27.914037768996216,1:1,none,1,99,0,dia,64,0,1,vbr,1,baseline,0.522821707066363,26,8,79,3,65,7,49,1,1,1,Action_480p_25fps_5s
1150,0,none,0,0.833612777093194,2,8,1,8,1.1147926385211078,1:1,none,1,99,0,dia,64,0,1,vbr,0,main,0.522821707066363,32,14,89,4,43,3,15,0,0,1,Action_480p_25fps_5s
1150,0,none,0,0.833612777093194,2,14,1,8,8.18468222928954,1:1,none,1,99,0,dia,64,0,1,vbr,0,baseline,0.522821707066363,32,14,89,4,43,2,34,0,0,1,Action_480p_25fps_5s
776,0,none,1,0.833612777093194,0,11,1,8,8.18468222928954,1:1,none,1,99,0,umh,64,0,1,vbr,0,baseline,0.522821707066363,32,14,89,4,43,2,26,0,0,1,Action_480p_25fps_5s
1651,0,none,0,1.2011491738881936,2,0,0,8,27.914037768996216,1:1,none,1,99,0,dia,64,0,1,none,1,baseline,0.522821707066363,39,8,79,3,65,7,50,1,1,1,Action_480p_25fps_5s
1150,0,p8x8,1,0.833612777093194,0,14,1,8,8.18468222928954,1:1,spatial,1,99,0,dia,64,0,0,cbr,0,main,0.522821707066363,32,14,89,4,43,3,15,0,0,1,Action_480p_25fps_5s
1150,0,none,0,0.0997844903320615,1,8,1,4,16.64013866310311,1:1,none,1,99,0,dia,64,0,0,vbr,1,baseline,0.522821707066363,26,0,79,3,65,7,49,1,1,1,Action_480p_25fps_5s
1150,0,none,0,0.833612777093194,2,0,1,8,27.914037768996216,1:1,none,1,99,0,dia,64,0,1,vbr,1,baseline,0.522821707066363,26,8,79,3,65,7,49,1,0,1,Action_480p_25fps_5s
1327,0,none,0,0.833612777093194,1,14,1,3,8.18468222928954,1:-1,spatial,1,489,0,dia,64,0,1,vbr,1,main,0.522821707066363,32,14,89,6,22,0,22,2,1,1,Action_480p_25fps_5s
1150,0,p8x8,1,1.8449864495272503,0,14,1,8,8.18468222928954,1:1,none,1,99,0,dia,29,0,1,vbr,0,baseline,0.522821707066363,22,10,89,4,43,2,34,2,1,1,Action_480p_25fps_5s
65,0,none,0,0.833612777093194,2,0,1,8,27.914037768996216,1:1,none,1,99,0,tesa,64,0,1,vbr,1,baseline,0.522821707066363,26,8,79,3,90,7,49,1,1,1,Action_480p_25fps_5s
1150,0,none,0,0.833612777093194,2,0,1,7,8.18468222928954,1:1,none,1,99,0,dia,64,0,1,vbr,0,baseline,0.522821707066363,32,6,89,4,43,6,34,2,1,1,Action_480p_25fps_5s
1150,0,p8x8,1,0.833612777093194,0,4,1,4,8.18468222928954,1:1,none,1,99,0,dia,64,0,0,vbr,0,main,0.0478841300577747,32,14,89,4,43,3,15,0,0,1,Action_480p_25fps_5s
1150,0,none,0,0.833612777093194,2,8,1,8,1.1147926385211078,-5:5,none,1,99,0,dia,38,0,1,vbr,1,baseline,0.522821707066363,26,8,79,3,65,7,49,1,0,1,Action_480p_25fps_5s
1150,0,"p8x8,b8x8,i8x8,i4x4",1,0.833612777093194,2,14,1,8,8.18468222928954,1:1,none,1,99,0,dia,64,0,1,vbr,1,baseline,0.522821707066363,32,14,89,6,22,0,53,2,0,1,Action_480p_30fps_10s
1150,0,none,0,0.833612777093194,1,14,1,8,8.18468222928954,1:1,spatial,1,99,0,dia,64,0,1,vbr,1,baseline,0.522821707066363,32,14,89,6,22,0,22,2,0,1,Action_480p_30fps_10s
1150,0,"p8x8,b8x8,i8x8,i4x4",1,0.833612777093194,2,5,1,8,8.18468222928954,6:6,none,1,99,4,dia,61,0,1,vbr,0,baseline,0.522821707066363,32,1,89,4,43,2,34,2,0,1,Action_480p_30fps_10s
1150,0,none,0,0.833612777093194,2,0,1,8,8.18468222928954,1:1,none,1,99,0,dia,64,0,1,vbr,0,baseline,0.522821707066363,32,14,89,4,43,2,34,2,1,1,Action_480p_30fps_10s
1150,0,p8x8,1,0.833612777093194,0,14,1,8,8.18468222928954,1:1,none,1,99,0,dia,64,0,1,vbr,0,baseline,0.522821707066363,22,20,89,4,43,2,34,2,1,1,Action_480p_30fps_10s
1150,0,p8x8,1,0.833612777093194,0,14,1,8,8.18468222928954,1:1,none,1,99,0,dia,64,0,1,vbr,1,baseline,0.522821707066363,26,8,79,3,65,7,49,1,1,1,Action_480p_30fps_10s
1150,0,none,0,0.833612777093194,2,0,1,8,27.914037768996216,1:1,none,1,99,0,dia,64,0,1,vbr,1,baseline,0.522821707066363,26,8,79,3,65,7,49,1,1,1,Action_480p_30fps_10s
1150,0,none,0,0.833612777093194,2,8,1,8,1.1147926385211078,1:1,none,1,99,0,dia,64,0,1,vbr,0,main,0.522821707066363,32,14,89,4,43,3,15,0,0,1,Action_480p_30fps_10s
1150,0,none,0,0.833612777093194,2,14,1,8,8.18468222928954,1:1,none,1,99,0,dia,64,0,1,vbr,0,baseline,0.522821707066363,32,14,89,4,43,2,34,0,0,1,Action_480p_30fps_10s
776,0,none,1,0.833612777093194,0,11,1,8,8.18468222928954,1:1,none,1,99,0,umh,64,0,1,vbr,0,baseline,0.522821707066363,32,14,89,4,43,2,26,0,0,1,Action_480p_30fps_10s
1048,0,none,0,0.0912060476289293,2,5,1,-7,50.84274949317081,4:-4,none,0,375,3,esa,28,0,1,vbr,0,baseline,0.522821707066363,32,14,89,4,43,2,26,0,0,1,Action_480p_30fps_10s
1048,0,none,0,0.1193365485352483,2,13,1,-7,50.84274949317081,4:-4,none,1,99,0,dia,64,0,1,vbr,0,baseline,0.2926350974899173,49,20,89,4,43,2,34,2,1,1,Action_480p_30fps_10s
1150,0,none,0,0.833612777093194,2,0,1,8,8.18468222928954,1:1,none,1,99,0,esa,64,1,1,vbr,0,baseline,0.522821707066363,32,14,51,7,34,2,34,1,1,0,Action_480p_30fps_10s
1150,0,p8x8,1,0.833612777093194,0,16,1,8,8.18468222928954,1:1,none,1,212,0,dia,64,0,1,cbr,0,baseline,0.522821707066363,37,20,89,4,43,2,34,2,1,1,Action_480p_30fps_10s
1150,0,p8x8,1,0.833612777093194,0,7,1,8,8.18468222928954,6:6,none,1,99,4,dia,61,0,1,vbr,0,baseline,0.5970979993980963,32,1,89,4,43,2,34,2,0,1,Action_480p_30fps_10s
1150,0,"p8x8,b8x8,i8x8,i4x4",1,0.833612777093194,2,14,1,8,8.18468222928954,1:1,none,1,99,0,dia,54,0,0,none,1,baseline,0.6493532546000097,48,4,92,15,80,0,51,0,0,0,Action_480p_30fps_10s
776,0,none,1,1.5385773769360502,0,11,1,8,8.18468222928954,1:1,none,1,99,0,dia,64,0,1,none,0,baseline,0.522821707066363,32,14,89,4,43,2,34,2,1,1,Action_480p_30fps_10s
1150,0,none,0,0.833612777093194,2,0,1,8,8.18468222928954,1:1,none,1,99,0,umh,64,0,1,vbr,0,baseline,0.522821707066363,32,14,89,4,43,2,26,0,0,1,Action_480p_30fps_10s
1468,0,none,0,0.833612777093194,2,1,1,8,1.1147926385211078,0:0,none,1,99,0,dia,64,0,0,vbr,1,main,0.8939886023850371,32,18,89,6,22,0,53,2,0,1,Action_480p_30fps_10s
776,1,none,1,0.833612777093194,0,11,1,8,8.18468222928954,1:1,none,1,99,0,umh,64,0,1,vbr,0,baseline,0.522821707066363,32,4,89,4,43,2,34,2,1,1,Action_480p_30fps_10s
2050,1,all,3,0.3062382265566493,2,0,0,11,40.60407095519528,4:4,spatial,0,426,2,dia,10,0,0,none,0,high,0.2249509315111708,43,16,30,2,59,3,58,2,0,0,Big_720p_60fps_15s
2097,1,all,2,0.3329065721413176,0,1,0,-1,16.714101129513814,-1:1,auto,0,429,0,dia,29,0,1,none,1,baseline,0.004491017910847,45,19,125,11,62,5,18,0,1,2,Big_720p_60fps_15s
125,0,"p8x8,b8x8,i8x8,i4x4",2,0.1677485510570548,1,2,1,-12,37.17689849024164,-4:4,auto,1,364,4,dia,29,0,1,none,1,baseline,0.8307857576246869,45,19,125,16,62,5,18,0,1,2,Big_720p_60fps_15s
1907,0,all,0,0.1891691090659957,0,5,0,12,4.970835676683495,6:6,temporal,0,324,4,hex,6,0,0,none,1,high,0.8362550670036247,26,14,162,16,85,5,61,0,0,0,Big_720p_60fps_15s
125,0,none,2,0.1677485510570548,1,2,1,-12,37.17689849024164,-4:4,auto,1,364,4,tesa,50,0,0,none,0,baseline,0.2465922931595889,23,8,159,8,25,5,53,2,1,2,Big_720p_60fps_15s
1272,1,p4x4,1,1.9680592618204027,2,2,0,-11,21.89104669916225,-1:1,auto,1,111,3,hex,55,1,0,cbr,1,baseline,0.5051797837092106,20,16,97,4,77,4,39,1,1,2,Big_720p_60fps_15s
1907,1,all,0,0.1891691090659957,0,0,0,12,4.970835676683495,-2:2,temporal,1,324,0,hex,63,0,1,none,1,high,0.8362550670036247,26,14,162,16,85,5,61,0,0,0,Big_720p_60fps_15s
2050,1,all,0,1.8660114112999928,0,0,0,12,4.970835676683495,-2:2,temporal,1,324,0,hex,63,0,1,none,1,high,0.8362550670036247,26,14,162,16,85,5,61,0,0,0,Big_720p_60fps_15s
1180,1,all,0,1.4063511916382658,0,3,1,-10,35.55545997220386,-3:3,auto,0,196,3,dia,40,0,0,none,1,baseline,0.1404351194194261,51,16,104,5,30,9,58,1,0,1,Big_720p_60fps_15s
2097,1,all,2,0.5206390606991592,0,3,1,-10,35.55545997220386,-3:3,spatial,0,196,3,dia,35,0,0,none,1,baseline,0.1404351194194261,51,19,104,5,30,9,58,1,0,1,Big_720p_60fps_15s
1180,1,p4x4,0,1.4063511916382658,0,3,1,-10,35.55545997220386,-3:3,auto,0,196,3,dia,40,1,0,none,1,baseline,0.1404351194194261,51,16,104,5,25,2,24,2,0,0,Big_720p_60fps_15s
1180,1,all,0,1.4063511916382658,0,3,1,-10,35.55545997220386,-3:3,auto,1,196,3,dia,40,0,0,cbr,1,baseline,0.1404351194194261,51,16,104,5,30,9,58,1,0,1,Big_720p_60fps_15s
1180,1,p4x4,0,1.4063511916382658,0,3,1,-10,35.55545997220386,-3:3,auto,0,223,3,dia,40,1,0,none,1,baseline,0.1404351194194261,51,16,160,5,25,2,24,1,0,2,Big_720p_60fps_15s
1180,1,p4x4,0,1.4063511916382658,0,3,1,-10,35.55545997220386,-3:3,auto,0,196,3,dia,40,1,0,none,0,baseline,0.1404351194194261,51,16,104,5,25,2,24,2,0,0,Big_720p_60fps_15s
2097,0,all,2,0.3329065721413176,0,1,0,-1,16.714101129513814,-1:1,auto,0,196,3,dia,40,0,0,cbr,1,baseline,0.1404351194194261,49,16,104,5,30,9,58,1,0,1,Big_720p_60fps_15s
1180,1,all,0,1.4063511916382658,1,3,1,-10,35.55545997220386,-3:3,auto,0,429,0,dia,29,0,0,none,1,baseline,0.004491017910847,45,19,125,11,62,5,18,0,1,2,Big_720p_60fps_15s
2097,1,p8x8,2,1.695714220862891,0,1,0,-1,16.714101129513814,-1:1,auto,1,142,3,dia,40,0,0,none,1,baseline,0.1404351194194261,51,16,104,5,30,9,58,1,0,1,Big_720p_60fps_15s
1647,1,all,0,1.4063511916382658,0,3,0,-10,35.55545997220386,-3:3,auto,0,196,3,dia,29,1,1,none,1,baseline,0.0546513007517759,45,19,24,11,24,8,18,2,1,2,Big_720p_60fps_15s
1180,1,all,0,1.4063511916382658,0,1,1,-10,35.55545997220386,-3:3,auto,0,111,2,dia,40,0,0,none,1,high,0.1404351194194261,51,16,104,5,30,0,58,2,0,2,Big_720p_60fps_15s
1180,1,all,0,1.695714220862891,0,1,0,-1,16.714101129513814,-1:1,auto,1,142,3,esa,40,0,0,none,1,baseline,0.8613622904210494,51,16,104,5,30,9,58,1,0,1,Big_720p_60fps_15s
1057,1,p4x4,2,0.2464427810644444,0,12,1,-2,17.830423834761135,3:-3,none,0,5,4,hex,48,1,0,none,1,baseline,0.8081202953820426,23,17,244,13,56,6,12,0,0,0,Big_1080p_25fps_10s
2254,1,p4x4,2,0.2464427810644444,0,14,1,-2,17.830423834761135,3:-3,none,0,5,4,hex,48,1,0,none,1,baseline,0.8081202953820426,23,17,244,13,80,6,12,0,0,1,Big_1080p_25fps_10s
1057,1,p4x4,2,0.2464427810644444,0,12,1,-2,17.830423834761135,3:-3,none,0,23,4,hex,48,1,0,none,1,baseline,0.8081202953820426,23,17,244,13,56,6,12,0,0,1,Big_1080p_25fps_10s
1057,1,p4x4,2,0.2464427810644444,0,12,1,7,17.830423834761135,3:-3,spatial,0,5,4,hex,48,1,0,none,1,baseline,0.8081202953820426,23,7,248,16,23,8,25,2,1,1,Big_1080p_25fps_10s
872,1,"p8x8,b8x8,i8x8,i4x4",2,1.0654271704629996,1,14,1,0,46.76378373416208,-6:6,spatial,1,344,3,hex,49,1,0,none,1,baseline,0.8081202953820426,23,17,244,13,56,6,12,0,0,0,Big_1080p_25fps_10s
842,1,p4x4,2,0.2464427810644444,0,12,1,-2,17.830423834761135,3:-3,none,0,5,4,hex,48,1,0,none,1,high,0.002853226831715,35,7,110,13,23,8,25,2,1,1,Big_1080p_25fps_10s
2069,1,"p8x8,b8x8,i8x8,i4x4",2,1.0654271704629996,1,3,1,0,46.76378373416208,-1:1,temporal,0,344,0,hex,48,1,0,none,1,baseline,0.8081202953820426,23,17,244,13,56,6,12,0,0,0,Big_1080p_25fps_10s
1057,1,p4x4,2,0.2464427810644444,0,12,1,-2,17.830423834761135,3:-3,none,0,5,4,hex,48,1,0,cbr,1,baseline,0.8081202953820426,23,17,244,13,56,6,12,0,0,0,Big_1080p_25fps_10s
872,1,"p8x8,b8x8,i8x8,i4x4",2,1.0654271704629996,1,14,1,0,46.76378373416208,-6:6,spatial,1,344,3,hex,49,1,0,none,1,high,0.983721374819952,23,4,244,13,56,6,12,0,0,0,Big_1080p_25fps_10s
1898,1,"p8x8,b8x8,i8x8,i4x4",2,1.0654271704629996,1,9,1,0,46.76378373416208,-6:6,spatial,1,344,3,hex,49,1,0,none,1,baseline,0.8081202953820426,23,17,244,13,56,6,12,0,0,0,Big_1080p_25fps_10s
1057,1,p4x4,2,0.2464427810644444,0,12,1,-2,17.830423834761135,3:-3,none,0,344,3,hex,49,1,0,none,1,high,0.1152127024826938,35,7,110,13,23,8,25,2,1,1,Big_1080p_25fps_10s
872,1,"p8x8,b8x8,i8x8,i4x4",2,1.0654271704629996,1,3,1,0,46.76378373416208,-4:4,spatial,0,23,4,hex,48,0,0,none,0,baseline,0.8081202953820426,23,18,244,13,56,2,12,0,0,0,Big_1080p_25fps_10s
1057,1,p4x4,2,0.2464427810644444,0,0,1,7,17.830423834761135,3:-3,spatial,0,5,4,hex,48,1,1,none,1,baseline,0.8081202953820426,23,7,248,16,23,8,25,2,1,1,Big_1080p_25fps_10s
1057,1,p8x8,2,0.2464427810644444,0,12,1,-2,17.830423834761135,3:-3,none,0,23,4,hex,48,1,0,none,1,baseline,0.8081202953820426,23,17,244,13,56,6,12,1,0,1,Big_1080p_25fps_10s
872,1,"p8x8,b8x8,i8x8,i4x4",0,0.2464427810644444,0,12,1,-2,24.616103585947712,3:-3,none,0,5,4,hex,48,1,1,none,0,baseline,0.8081202953820426,23,17,244,13,56,6,12,0,0,0,Big_1080p_25fps_10s
1057,1,p4x4,2,1.4737604284031651,1,14,1,0,46.76378373416208,-6:6,spatial,1,344,3,hex,49,1,0,none,1,baseline,0.8081202953820426,23,17,244,13,56,6,25,0,0,0,Big_1080p_25fps_10s
1441,1,p4x4,1,0.2464427810644444,0,12,1,7,17.830423834761135,3:-3,spatial,0,5,4,hex,48,1,0,none,1,baseline,0.8081202953820426,23,19,248,16,36,8,25,2,1,1,Big_1080p_25fps_10s
872,1,"p8x8,b8x8,i8x8,i4x4",2,1.0654271704629996,1,11,1,0,46.76378373416208,-6:6,spatial,1,344,1,hex,49,1,0,none,1,baseline,0.8081202953820426,23,17,244,13,56,6,12,0,0,0,Big_1080p_25fps_10s
1441,1,p4x4,3,1.0593464381314155,0,12,1,1,17.830423834761135,3:-3,spatial,0,5,4,hex,48,1,0,none,1,baseline,0.8081202953820426,23,19,248,16,56,3,12,2,0,0,Big_1080p_25fps_10s
646,1,p8x8,2,0.2464427810644444,0,12,1,9,17.830423834761135,3:-3,none,0,23,4,hex,48,1,0,none,1,baseline,0.8081202953820426,23,17,244,13,56,6,12,1,0,1,Big_1080p_25fps_10s
778,0,none,2,0.5327169585191666,0,2,0,5,7.514863167519044,-5:5,none,1,409,4,esa,11,1,0,none,0,high,0.3509747585402405,42,4,92,8,48,0,62,2,0,2,Action_1080p_25fps_10s
1079,0,p4x4,0,0.9308959757744592,1,13,1,9,29.58495568862226,-2:2,spatial,1,51,0,dia,54,0,1,vbr,0,baseline,0.6493532546000097,36,17,135,10,89,7,14,1,1,2,Action_1080p_25fps_10s
778,0,none,0,0.5327169585191666,0,2,0,5,7.514863167519044,5:5,none,1,409,4,hex,11,1,0,none,1,high,0.3509747585402405,38,4,92,2,48,0,62,2,0,0,Action_1080p_25fps_10s
2082,1,all,1,1.7643605696555218,0,6,1,-3,1.118736961751898,-5:5,auto,0,478,2,dia,22,0,1,none,0,main,0.0482086951491995,28,15,224,15,54,1,16,0,1,0,Action_1080p_25fps_10s
778,0,none,0,0.5327169585191666,0,2,0,5,10.52552055753904,5:5,none,1,409,4,hex,18,1,0,cbr,0,baseline,0.4656771502101967,21,9,181,5,83,7,14,1,1,0,Action_1080p_25fps_10s
778,0,none,0,0.5327169585191666,0,2,0,5,10.52552055753904,5:5,none,0,409,4,esa,18,1,1,cbr,0,baseline,0.4656771502101967,21,9,181,5,83,6,60,0,1,1,Action_1080p_25fps_10s
1642,0,none,0,0.5327169585191666,0,2,0,5,10.52552055753904,5:5,none,0,409,4,esa,18,1,1,cbr,0,baseline,0.4656771502101967,21,9,181,5,83,6,4,0,1,1,Action_1080p_25fps_10s
778,0,none,0,0.5327169585191666,0,2,0,5,10.52552055753904,5:5,none,1,409,4,tesa,35,0,1,cbr,0,baseline,0.4656771502101967,38,4,92,2,48,0,62,2,0,0,Action_1080p_25fps_10s
778,0,"p8x8,b8x8,i8x8,i4x4",0,0.5327169585191666,0,5,0,5,28.350071947390937,5:5,none,1,409,4,hex,52,1,0,none,1,high,0.3509747585402405,25,9,181,5,93,6,60,0,1,1,Action_1080p_25fps_10s
76,0,p8x8,1,0.6295137611273145,2,0,1,9,29.58495568862226,4:4,spatial,0,51,0,dia,54,0,1,none,0,baseline,0.6493532546000097,48,4,92,2,80,0,2,0,0,0,Action_1080p_25fps_10s
2180,0,"p8x8,b8x8,i8x8,i4x4",1,1.8879908054818653,0,4,1,5,46.928797931992825,4:4,spatial,0,51,0,dia,54,0,1,none,0,baseline,0.6493532546000097,48,4,92,2,80,0,2,0,0,2,Action_1080p_25fps_10s
1642,0,p4x4,0,0.3284443511027788,1,10,0,5,8.318494066853779,-1:1,spatial,0,436,0,dia,54,0,1,none,0,high,0.3509747585402405,48,4,92,2,80,0,2,0,0,0,Action_1080p_25fps_10s
76,0,p8x8,1,0.6295137611273145,2,0,1,9,29.58495568862226,4:4,spatial,0,51,0,dia,54,0,1,none,1,baseline,0.6493532546000097,48,7,92,2,80,0,2,0,0,2,Action_1080p_25fps_10s
76,0,p8x8,1,0.6295137611273145,2,2,1,9,29.58495568862226,4:4,spatial,0,51,0,dia,54,0,1,none,0,baseline,0.6493532546000097,36,0,135,10,89,7,14,1,1,0,Action_1080p_25fps_10s
1642,0,p4x4,0,0.3284443511027788,1,16,0,5,8.318494066853779,-1:1,spatial,0,436,0,dia,54,0,1,none,0,high,0.2026866100345863,48,4,92,2,80,0,2,0,0,0,Action_1080p_25fps_10s
76,1,p8x8,1,0.4981184275311108,2,0,1,9,29.58495568862226,4:4,none,0,3,0,dia,12,1,1,cbr,0,main,0.329252037084081,50,3,94,5,44,4,27,0,0,0,Action_1080p_25fps_10s
2180,1,"p8x8,b8x8,i8x8,i4x4",1,1.8879908054818653,0,4,1,-1,46.928797931992825,4:4,spatial,0,51,0,dia,54,0,1,none,0,baseline,0.6493532546000097,48,4,92,2,15,0,2,1,1,0,Action_1080p_25fps_10s
76,0,p8x8,1,0.6295137611273145,1,0,1,4,29.58495568862226,-1:1,spatial,0,51,0,dia,54,0,0,none,0,baseline,0.5663111544168118,48,4,92,2,80,0,2,0,1,1,Action_1080p_25fps_10s
76,0,p8x8,1,0.6295137611273145,2,16,0,5,8.318494066853779,-1:1,spatial,0,436,0,dia,54,1,1,none,0,high,0.2026866100345863,48,4,92,2,80,11,2,0,0,0,Action_1080p_25fps_10s
2180,0,"p8x8,b8x8,i8x8,i4x4",1,1.8879908054818653,0,4,1,5,46.928797931992825,4:4,spatial,0,51,0,dia,54,0,1,none,0,baseline,0.6493532546000097,48,4,92,2,80,0,2,0,0,0,Action_1080p_25fps_10s
691,1,none,1,1.4737604284031651,1,6,0,0,36.338810510853776,3:-3,none,0,166,4,esa,48,0,0,none,1,baseline,0.8081202953820426,23,7,244,13,91,6,12,0,1,1,Action_480p_25fps_20s
1468,1,p4x4,2,0.2464427810644444,0,6,1,-2,17.830423834761135,2:-2,none,1,5,4,hex,48,1,1,none,1,baseline,0.6397928417754474,44,13,65,2,18,1,11,1,0,1,Action_480p_25fps_20s
2134,1,"p8x8,b8x8,i8x8,i4x4",1,0.57997326180197,1,16,1,-3,22.75085843499005,-2:2,auto,1,70,4,umh,39,0,0,vbr,0,main,0.0586553053885529,28,2,152,4,90,2,0,0,1,1,Action_480p_25fps_20s
691,1,none,2,0.2598303388488598,1,16,1,-3,22.75085843499005,-2:2,auto,1,70,4,umh,39,0,0,vbr,0,main,0.0586553053885529,28,2,152,4,90,2,0,0,1,1,Action_480p_25fps_20s
2134,1,"p8x8,b8x8,i8x8,i4x4",1,0.57997326180197,1,16,1,-3,22.75085843499005,-2:2,auto,1,70,4,umh,39,0,0,vbr,0,main,0.0586553053885529,28,2,152,4,90,2,12,0,1,1,Action_480p_25fps_20s
1057,1,p4x4,2,0.2464427810644444,0,12,1,-2,17.830423834761135,3:-3,none,0,5,4,hex,48,1,0,none,1,baseline,0.8081202953820426,23,17,244,13,56,6,12,0,0,0,Action_480p_25fps_20s
691,1,none,1,1.5918000964484404,1,6,1,0,36.338810510853776,3:-3,none,0,5,4,esa,48,0,0,none,0,baseline,0.8081202953820426,23,7,244,13,16,6,12,0,0,0,Action_480p_25fps_20s
376,0,p4x4,1,0.1522253691877485,2,8,0,12,19.12255445860196,3:-3,auto,1,16,4,hex,48,1,1,none,0,baseline,0.8081202953820426,23,17,244,13,56,6,12,0,0,0,Action_480p_25fps_20s
691,1,none,2,0.2598303388488598,1,16,1,-3,17.830423834761135,3:-3,auto,0,5,4,dia,48,1,0,none,1,baseline,0.8081202953820426,23,17,170,13,56,6,12,0,1,0,Action_480p_25fps_20s
691,1,none,1,1.4737604284031651,1,6,1,0,36.338810510853776,3:-3,none,0,5,4,esa,48,1,0,none,1,baseline,0.8081202953820426,23,7,244,13,16,6,12,0,1,1,Action_480p_25fps_20s
1057,0,p4x4,2,0.2464427810644444,0,12,1,-2,17.830423834761135,3:-3,none,0,5,4,hex,48,1,1,none,1,baseline,0.6397928417754474,44,13,65,2,18,1,11,1,0,1,Action_480p_25fps_20s
691,1,none,1,1.5918000964484404,0,6,1,0,36.338810510853776,-1:1,none,0,5,4,tesa,48,0,0,none,0,baseline,0.8081202953820426,23,7,244,13,16,6,12,0,0,0,Action_480p_25fps_20s
691,1,none,2,0.2598303388488598,1,16,1,-12,36.338810510853776,3:-3,none,0,5,4,esa,48,1,0,cbr,1,high,0.8081202953820426,23,7,244,13,16,6,12,0,1,1,Action_480p_25fps_20s
691,1,none,1,1.4737604284031651,1,6,1,0,17.830423834761135,3:-3,auto,0,5,1,dia,48,1,1,none,1,baseline,0.6717408965468259,23,17,170,13,56,6,12,0,1,0,Action_480p_25fps_20s
1158,0,none,2,0.2598303388488598,1,16,1,-3,17.830423834761135,3:-3,auto,0,5,4,dia,48,1,1,none,1,baseline,0.8081202953820426,23,17,170,13,56,6,12,0,1,0,Action_480p_25fps_20s
848,1,p4x4,2,0.7934295477744628,0,12,1,-2,17.830423834761135,3:-3,none,0,5,4,tesa,48,0,0,none,0,baseline,0.8081202953820426,23,7,244,13,16,6,12,0,0,0,Action_480p_25fps_20s
691,1,none,1,1.5918000964484404,0,6,1,0,36.338810510853776,-1:1,auto,0,5,4,hex,48,1,0,none,1,baseline,0.8081202953820426,23,17,244,13,74,6,12,0,0,2,Action_480p_25fps_20s
1057,1,none,2,0.2464427810644444,0,12,0,-2,17.830423834761135,3:-3,none,0,5,4,hex,48,1,0,vbr,1,main,0.8081202953820426,23,17,2,2,56,6,12,1,0,0,Action_480p_25fps_20s
1057,0,p4x4,3,0.2464427810644444,0,12,1,-2,17.830423834761135,3:-3,none,0,146,4,hex,48,1,1,none,1,baseline,0.6397928417754474,44,13,240,2,18,1,11,1,0,1,Action_480p_25fps_20s
1117,0,none,0,1.3472394274614126,2,7,1,10,39.14153002235475,3:-3,spatial,1,378,2,dia,30,1,1,cbr,0,baseline,0.6362465968865869,26,14,80,4,23,4,9,1,1,1,Action_480p_25fps_20s
1057,1,p4x4,2,0.2464427810644444,0,12,1,-2,17.830423834761135,3:-3,none,0,5,4,hex,48,1,0,none,1,baseline,0.8081202953820426,23,17,244,13,56,6,12,0,0,0,Big_480p_30fps_15s
691,1,none,2,0.2598303388488598,1,16,1,-3,17.830423834761135,3:-3,auto,0,5,4,dia,48,1,0,none,1,baseline,0.8081202953820426,23,17,170,13,56,6,12,0,1,0,Big_480p_30fps_15s
691,1,none,1,1.5918000964484404,1,6,1,0,36.338810510853776,3:-3,none,0,5,4,esa,48,0,0,none,0,baseline,0.8081202953820426,23,7,244,13,16,6,12,0,0,0,Big_480p_30fps_15s
691,1,none,1,1.4737604284031651,1,6,1,0,36.338810510853776,3:-3,none,0,5,4,esa,48,1,0,none,1,baseline,0.8081202953820426,23,7,244,13,16,6,12,0,1,1,Big_480p_30fps_15s
376,0,p4x4,1,0.1522253691877485,2,8,0,12,19.12255445860196,3:-3,auto,1,16,4,hex,48,1,1,none,0,baseline,0.8081202953820426,23,17,244,13,56,6,12,0,0,0,Big_480p_30fps_15s
99,1,p4x4,2,0.2464427810644444,0,12,0,-2,17.830423834761135,3:-3,none,0,5,4,hex,48,1,0,none,1,baseline,0.8081202953820426,23,17,170,13,83,6,12,0,1,0,Big_480p_30fps_15s
691,1,none,2,0.2598303388488598,2,16,1,-9,17.830423834761135,3:-3,auto,0,5,4,dia,48,1,0,none,1,baseline,0.8081202953820426,23,17,244,13,56,6,12,0,0,1,Big_480p_30fps_15s
1742,1,p8x8,1,0.833612777093194,0,14,1,8,8.18468222928954,1:1,none,0,5,4,hex,48,1,0,none,1,baseline,0.8081202953820426,23,17,244,13,56,6,37,0,0,0,Big_480p_30fps_15s
1057,1,p4x4,2,0.2464427810644444,0,12,1,-2,17.830423834761135,3:-3,none,1,5,4,hex,48,1,0,none,1,baseline,0.8081202953820426,23,17,244,14,56,6,12,0,0,0,Big_480p_30fps_15s
1057,1,p4x4,2,0.2464427810644444,0,12,1,-2,48.7284235930732,3:-3,none,0,5,4,hex,48,1,0,none,1,baseline,0.8081202953820426,23,17,244,13,56,0,12,0,0,0,Big_480p_30fps_15s
1468,1,p4x4,1,1.695714220862891,2,8,0,12,19.12255445860196,3:-3,auto,1,16,4,hex,48,1,1,none,0,baseline,0.8081202953820426,23,17,244,13,56,6,12,0,0,0,Big_480p_30fps_15s
376,0,p4x4,2,0.2464427810644444,0,6,1,11,17.830423834761135,2:-2,none,1,48,4,hex,48,1,0,none,1,baseline,0.6397928417754474,44,13,65,2,18,1,11,1,0,1,Big_480p_30fps_15s
691,1,none,2,0.2598303388488598,1,6,1,-3,18.2127339594342,3:-3,auto,0,5,0,dia,48,1,0,none,1,baseline,0.8081202953820426,23,17,170,13,56,6,12,0,1,0,Big_480p_30fps_15s
691,1,none,2,1.2014290523163973,1,16,1,-3,17.830423834761135,3:-3,auto,0,5,0,dia,48,1,0,none,1,baseline,0.8081202953820426,23,1,170,13,56,6,12,0,1,0,Big_480p_30fps_15s
691,1,none,2,0.2598303388488598,2,5,1,-9,17.830423834761135,3:-3,auto,0,5,4,dia,48,1,0,none,1,baseline,0.8081202953820426,23,13,187,13,56,6,12,0,0,1,Big_480p_30fps_15s
691,1,none,2,1.2014290523163973,1,16,1,-3,36.338810510853776,3:-3,none,0,5,4,esa,48,0,0,none,0,baseline,0.8081202953820426,23,7,244,13,16,6,12,0,0,0,Big_480p_30fps_15s
691,1,none,2,0.2598303388488598,1,16,1,-3,17.830423834761135,3:-3,auto,0,5,3,dia,48,1,0,vbr,1,baseline,0.8081202953820426,23,17,170,13,93,6,12,0,1,0,Big_480p_30fps_15s
99,1,p4x4,2,0.2464427810644444,0,12,0,-2,17.830423834761135,3:-3,none,0,5,4,hex,48,1,0,none,1,baseline,0.8081202953820426,23,17,170,13,50,6,12,0,0,0,Big_480p_30fps_15s
836,0,p4x4,1,0.1522253691877485,2,8,0,12,19.12255445860196,3:-3,auto,1,16,2,hex,48,1,0,none,0,baseline,0.8081202953820426,23,17,17,13,56,6,37,0,0,0,Big_480p_30fps_15s
1742,1,p8x8,1,1.7457714685213577,1,14,1,8,8.18468222928954,1:1,none,1,5,4,hex,48,1,0,none,1,baseline,0.8081202953820426,23,17,244,13,56,6,12,0,0,0,Big_480p_30fps_15s
1150,0,none,0,0.833612777093194,2,0,1,8,8.18468222928954,1:1,none,1,99,0,dia,64,0,1,vbr,0,baseline,0.522821707066363,32,14,89,4,43,2,34,2,1,1,Standard_720p_30fps_5s
1150,0,p8x8,1,0.833612777093194,0,14,1,8,8.18468222928954,1:1,none,1,99,0,dia,64,0,1,vbr,0,baseline,0.522821707066363,22,20,89,4,43,2,34,2,1,1,Standard_720p_30fps_5s
1150,0,none,0,0.833612777093194,1,14,1,8,8.18468222928954,1:1,spatial,1,99,0,dia,64,0,1,vbr,1,baseline,0.522821707066363,32,14,89,6,22,0,22,2,0,1,Standard_720p_30fps_5s
1150,0,"p8x8,b8x8,i8x8,i4x4",1,0.833612777093194,2,5,1,8,8.18468222928954,6:6,none,1,99,4,dia,61,0,1,vbr,0,baseline,0.522821707066363,32,1,89,4,43,2,34,2,0,1,Standard_720p_30fps_5s
1150,0,p8x8,1,0.833612777093194,0,14,1,8,8.18468222928954,1:1,none,1,99,0,dia,64,0,1,vbr,1,baseline,0.522821707066363,26,8,79,3,65,7,49,1,1,1,Standard_720p_30fps_5s
1150,0,"p8x8,b8x8,i8x8,i4x4",1,0.833612777093194,2,14,1,8,8.18468222928954,1:1,none,1,99,0,dia,64,0,1,vbr,1,baseline,0.522821707066363,32,14,89,6,22,0,53,2,0,1,Standard_720p_30fps_5s
1742,1,p8x8,1,0.833612777093194,0,14,1,8,8.18468222928954,1:1,none,1,99,0,umh,64,0,1,vbr,1,baseline,0.522821707066363,32,14,89,6,22,0,53,2,0,1,Standard_720p_30fps_5s
1150,0,p8x8,1,0.833612777093194,1,14,1,8,8.18468222928954,1:1,none,1,99,0,dia,64,0,1,vbr,0,high,0.522821707066363,23,7,244,13,16,6,12,2,1,1,Standard_720p_30fps_5s
1150,0,p8x8,1,0.833612777093194,0,14,1,8,8.18468222928954,1:1,none,1,99,0,dia,64,0,1,vbr,0,baseline,0.522821707066363,22,20,89,4,58,5,34,2,1,1,Standard_720p_30fps_5s
1150,0,none,0,0.833612777093194,2,0,1,8,8.18468222928954,1:1,none,1,99,0,dia,64,0,1,cbr,0,baseline,0.522821707066363,30,15,89,4,81,2,34,0,1,1,Standard_720p_30fps_5s
1150,0,"p8x8,b8x8,i8x8,i4x4",1,0.833612777093194,2,14,1,8,8.18468222928954,1:1,none,1,99,0,dia,64,0,1,none,1,baseline,0.522821707066363,32,14,89,6,22,0,34,2,1,1,Standard_720p_30fps_5s
1150,0,p8x8,1,0.833612777093194,0,14,1,8,8.18468222928954,1:1,none,1,99,0,hex,64,0,0,vbr,0,baseline,0.9441007906117638,22,20,89,4,43,2,53,2,0,1,Standard_720p_30fps_5s
1150,0,"p8x8,b8x8,i8x8,i4x4",1,0.833612777093194,2,14,1,8,8.18468222928954,1:1,none,1,99,0,dia,60,0,1,vbr,1,baseline,0.522821707066363,49,1,89,6,22,0,12,1,0,0,Standard_720p_30fps_5s
1150,0,p8x8,1,0.833612777093194,1,14,1,8,8.18468222928954,1:1,none,1,99,0,hex,64,1,1,vbr,1,baseline,0.522821707066363,26,8,79,11,56,6,12,0,0,0,Standard_720p_30fps_5s
1150,0,"p8x8,b8x8,i8x8,i4x4",1,0.833612777093194,0,14,1,8,8.18468222928954,1:1,none,1,99,2,umh,64,1,1,vbr,0,baseline,0.522821707066363,32,18,89,6,22,0,12,0,0,2,Standard_720p_30fps_5s
1150,0,"p8x8,b8x8,i8x8,i4x4",0,0.833612777093194,2,0,1,8,8.18468222928954,1:1,none,1,99,0,dia,64,0,0,vbr,0,baseline,0.522821707066363,26,8,79,11,56,6,12,0,1,0,Standard_720p_30fps_5s
1150,0,p8x8,1,0.833612777093194,1,14,1,-7,8.18468222928954,1:1,none,0,99,0,dia,64,0,1,vbr,0,high,0.522821707066363,23,7,244,13,16,6,4,0,1,0,Standard_720p_30fps_5s
1150,0,"p8x8,b8x8,i8x8,i4x4",1,0.833612777093194,1,14,1,7,8.18468222928954,2:-2,none,1,99,0,dia,64,0,1,vbr,1,baseline,0.522821707066363,32,14,89,6,22,0,53,2,0,1,Standard_720p_30fps_5s
1150,0,"p8x8,b8x8,i8x8,i4x4",1,0.833612777093194,2,14,1,8,8.18468222928954,1:1,none,1,99,0,hex,64,0,1,vbr,1,baseline,0.522821707066363,32,14,89,6,22,0,18,2,1,2,Standard_720p_30fps_5s
1150,0,all,1,0.833612777093194,2,5,1,8,8.18468222928954,6:6,none,1,99,4,dia,60,0,1,vbr,1,baseline,0.522821707066363,49,1,89,3,22,0,12,1,0,0,Standard_720p_30fps_5s
1057,1,p4x4,2,0.2464427810644444,0,12,1,-2,17.830423834761135,3:-3,none,0,5,4,hex,48,1,0,none,1,baseline,0.8081202953820426,23,17,244,13,56,6,12,0,0,0,Still_image_1080p_60fps_15s
691,1,none,2,0.2598303388488598,1,16,1,-3,17.830423834761135,3:-3,auto,0,5,4,dia,48,1,0,none,1,baseline,0.8081202953820426,23,17,170,13,56,6,12,0,1,0,Still_image_1080p_60fps_15s
376,0,p4x4,1,0.1522253691877485,2,8,0,12,19.12255445860196,3:-3,auto,1,16,4,hex,48,1,1,none,0,baseline,0.8081202953820426,23,17,244,13,56,6,12,0,0,0,Still_image_1080p_60fps_15s
691,1,none,1,1.4737604284031651,1,6,1,0,36.338810510853776,3:-3,none,0,5,4,esa,48,1,0,none,1,baseline,0.8081202953820426,23,7,244,13,16,6,12,0,1,1,Still_image_1080p_60fps_15s
691,1,none,1,1.5918000964484404,1,6,1,0,36.338810510853776,3:-3,none,0,5,4,esa,48,0,0,none,0,baseline,0.8081202953820426,23,7,244,13,16,6,12,0,0,0,Still_image_1080p_60fps_15s
691,1,none,2,0.2598303388488598,2,16,1,-9,17.830423834761135,3:-3,auto,0,5,4,dia,48,1,0,none,1,baseline,0.8081202953820426,23,17,244,13,56,6,12,0,0,1,Still_image_1080p_60fps_15s
1742,1,p8x8,1,0.833612777093194,0,14,1,8,8.18468222928954,1:1,none,0,5,4,hex,48,1,0,none,1,baseline,0.8081202953820426,23,17,244,13,56,6,37,0,0,0,Still_image_1080p_60fps_15s
1057,1,p4x4,2,0.2464427810644444,0,12,1,-2,17.830423834761135,3:-3,none,1,5,4,hex,48,1,0,none,1,baseline,0.8081202953820426,23,17,244,14,56,6,12,0,0,0,Still_image_1080p_60fps_15s
1057,1,p4x4,2,0.2464427810644444,0,12,1,-2,48.7284235930732,3:-3,none,0,5,4,hex,48,1,0,none,1,baseline,0.8081202953820426,23,17,244,13,56,0,12,0,0,0,Still_image_1080p_60fps_15s
1057,1,p4x4,2,0.2464427810644444,0,5,0,-2,48.7284235930732,5:5,auto,0,279,4,hex,48,1,0,none,1,baseline,0.8081202953820426,23,17,244,13,56,0,12,0,0,2,Still_image_1080p_60fps_15s
1057,1,p8x8,2,0.2464427810644444,0,12,1,-2,17.830423834761135,3:-3,none,0,5,4,hex,48,1,0,none,1,baseline,0.8081202953820426,23,17,244,14,56,6,12,0,0,0,Still_image_1080p_60fps_15s
691,0,none,2,1.6433663503693725,1,16,1,-3,17.830423834761135,3:-3,auto,0,5,4,dia,48,1,0,none,1,baseline,0.8081202953820426,23,17,170,13,56,6,12,0,1,0,Still_image_1080p_60fps_15s
376,0,p4x4,1,1.7359646392122214,2,8,0,12,19.12255445860196,3:-3,auto,1,16,4,hex,48,1,1,none,0,baseline,0.8081202953820426,23,17,244,13,56,6,12,0,0,0,Still_image_1080p_60fps_15s
1057,1,p4x4,2,0.2464427810644444,2,12,1,-2,17.830423834761135,3:-3,none,0,324,4,hex,48,0,1,none,1,baseline,0.8081202953820426,23,17,244,13,56,6,37,0,0,0,Still_image_1080p_60fps_15s
1742,1,p8x8,1,0.833612777093194,0,14,1,8,8.18468222928954,1:1,none,0,5,4,hex,48,1,0,none,0,baseline,0.8081202953820426,23,4,244,14,56,6,12,0,0,1,Still_image_1080p_60fps_15s
1150,1,p8x8,1,0.833612777093194,0,16,1,-3,17.830423834761135,3:-3,auto,0,5,4,hex,34,1,0,vbr,1,high,0.8081202953820426,23,17,170,13,56,6,12,0,1,0,Still_image_1080p_60fps_15s
691,1,all,1,1.5918000964484404,1,6,1,0,44.64631245082492,3:-3,none,0,5,4,esa,48,1,0,none,1,baseline,0.8081202953820426,23,7,244,13,16,6,13,0,0,1,Still_image_1080p_60fps_15s
1057,1,"p8x8,b8x8,i8x8,i4x4",2,0.2464427810644444,0,12,1,-4,17.830423834761135,3:-3,none,0,5,4,esa,48,1,0,none,1,baseline,0.8081202953820426,23,17,244,13,56,6,12,0,0,0,Still_image_1080p_60fps_15s
1150,1,p4x4,2,0.2464427810644444,0,12,1,-2,48.7284235930732,3:-3,none,0,5,4,hex,48,1,0,none,1,baseline,0.8081202953820426,23,17,244,13,42,0,12,1,0,0,Still_image_1080p_60fps_15s
1057,1,p4x4,2,0.2464427810644444,0,12,1,-2,17.830423834761135,3:-3,none,1,5,4,hex,48,1,0,none,1,baseline,0.8081202953820426,23,17,222,16,16,6,12,0,0,0,Still_image_1080p_60fps_15s
958,0,p4x4,2,1.0794022750892387,2,12,1,9,3.362357008986277,0:0,none,1,336,1,umh,56,0,1,vbr,0,high,0.1782623695082673,32,17,4,1,9,7,12,1,0,1,Standard_480p_25fps_20s
661,1,none,1,0.0760708997808303,1,5,0,-1,44.34358179869584,3:-3,temporal,0,150,2,dia,36,1,0,vbr,1,main,0.2227061193445139,33,5,126,5,14,4,12,0,1,2,Standard_480p_25fps_20s
909,1,all,1,0.0760708997808303,1,5,0,-12,44.34358179869584,3:-3,temporal,0,150,3,dia,36,1,0,vbr,1,main,0.2227061193445139,33,5,126,5,14,4,12,0,1,0,Standard_480p_25fps_20s
958,0,p4x4,2,1.0794022750892387,2,12,1,9,3.362357008986277,3:-3,none,0,336,2,umh,56,0,1,vbr,0,high,0.1782623695082673,32,17,4,1,9,7,12,0,0,1,Standard_480p_25fps_20s
958,0,p4x4,2,1.0794022750892387,2,12,1,9,3.362357008986277,3:-3,none,0,336,2,umh,56,0,1,vbr,0,high,0.0885519450022864,32,17,4,16,9,7,12,0,0,0,Standard_480p_25fps_20s
954,0,p8x8,2,1.8730000062338965,1,12,1,1,26.742994964876253,-1:1,none,1,1,4,hex,56,0,0,vbr,0,high,0.2413842509767567,33,13,15,3,56,1,21,0,1,0,Standard_480p_25fps_20s
1977,0,p8x8,1,0.6295137611273145,2,0,1,-6,29.58495568862226,4:4,spatial,0,51,0,dia,54,0,1,cbr,0,baseline,0.5783877571201925,35,7,107,11,69,2,48,2,1,2,Standard_480p_25fps_20s
1302,1,none,1,0.9166335256847372,2,5,1,-5,23.66608224060565,3:3,spatial,0,68,2,esa,19,1,0,vbr,1,main,0.6010960294402358,34,4,217,8,11,4,51,1,1,2,Standard_480p_25fps_20s
245,1,none,2,1.9483125494789464,2,2,1,6,44.90713584926058,4:4,spatial,1,373,4,esa,19,1,0,vbr,1,main,0.6010960294402358,34,4,217,8,11,4,51,1,1,2,Standard_480p_25fps_20s
1486,1,p8x8,2,1.9483125494789464,2,2,1,6,44.90713584926058,3:3,spatial,0,68,2,esa,21,1,0,vbr,1,main,0.6010960294402358,34,4,217,8,11,4,51,1,1,2,Standard_480p_25fps_20s
1486,1,p8x8,2,1.9483125494789464,2,2,1,6,44.90713584926058,3:3,spatial,0,9,2,esa,18,1,0,vbr,1,main,0.3124613022725302,34,4,217,8,11,4,51,1,1,2,Standard_480p_25fps_20s
76,0,p8x8,1,0.6295137611273145,2,0,1,9,29.58495568862226,4:4,spatial,0,51,0,dia,54,0,1,none,0,baseline,0.6493532546000097,48,4,92,2,80,0,2,0,0,0,Standard_480p_25fps_20s
76,0,p8x8,1,0.6295137611273145,2,0,1,9,29.58495568862226,4:4,spatial,0,51,0,dia,56,0,1,none,0,main,0.1283719280171081,48,4,92,7,80,0,36,1,1,2,Standard_480p_25fps_20s
1977,0,p8x8,1,0.6295137611273145,2,0,1,9,29.58495568862226,4:4,spatial,0,51,0,dia,54,0,1,cbr,0,high,0.2413842509767567,33,13,11,3,26,1,21,0,0,0,Standard_480p_25fps_20s
909,0,p8x8,1,0.6295137611273145,2,0,1,9,29.58495568862226,4:4,spatial,0,51,0,dia,54,0,1,none,0,baseline,0.6493532546000097,48,4,92,2,80,0,2,2,0,0,Standard_480p_25fps_20s
958,0,p4x4,2,1.0794022750892387,2,0,1,9,29.58495568862226,3:-3,spatial,0,51,0,umh,56,0,1,vbr,0,main,0.4729935503333294,48,4,92,7,80,0,36,1,0,2,Standard_480p_25fps_20s
661,1,none,1,1.3964506318822836,1,0,1,9,29.58495568862226,4:4,spatial,1,51,0,dia,54,1,1,none,0,baseline,0.6493532546000097,48,4,92,2,80,0,2,0,0,0,Standard_480p_25fps_20s
2353,0,p8x8,1,0.6295137611273145,0,0,1,9,2.194808115333561,4:4,spatial,0,51,0,dia,56,1,1,none,0,main,0.1660662976573991,48,4,92,8,80,0,36,1,1,2,Standard_480p_25fps_20s
954,0,p8x8,2,1.8730000062338965,1,12,1,1,26.742994964876253,-1:1,none,1,1,4,hex,56,0,1,vbr,0,high,0.1782623695082673,32,17,4,1,9,7,12,0,0,1,Standard_480p_25fps_20s
1302,1,none,0,0.9166335256847372,2,5,0,-5,23.66608224060565,3:3,spatial,0,229,2,esa,19,1,0,none,1,main,0.2018228375429939,47,13,59,16,45,2,41,0,1,2,Standard_480p_25fps_20s
1150,0,p8x8,1,0.833612777093194,0,14,1,8,8.18468222928954,1:1,none,1,99,0,dia,64,0,1,vbr,1,baseline,0.522821707066363,26,8,79,3,65,7,49,1,1,1,Big_1080p_60fps_20s
1150,0,p8x8,1,0.833612777093194,0,14,1,8,8.18468222928954,1:1,none,1,99,0,dia,64,0,1,vbr,0,baseline,0.522821707066363,22,20,89,4,43,2,34,2,1,1,Big_1080p_60fps_20s
1150,0,none,0,0.833612777093194,2,0,1,8,8.18468222928954,1:1,none,1,99,0,dia,64,0,1,vbr,0,baseline,0.522821707066363,32,14,89,4,43,2,34,2,1,1,Big_1080p_60fps_20s
1150,0,"p8x8,b8x8,i8x8,i4x4",1,0.833612777093194,2,14,1,8,8.18468222928954,1:1,none,1,99,0,dia,64,0,1,vbr,1,baseline,0.522821707066363,32,14,89,6,22,0,53,2,0,1,Big_1080p_60fps_20s
1150,0,none,0,0.833612777093194,1,14,1,8,8.18468222928954,1:1,spatial,1,99,0,dia,64,0,1,vbr,1,baseline,0.522821707066363,32,14,89,6,22,0,22,2,0,1,Big_1080p_60fps_20s
1150,0,"p8x8,b8x8,i8x8,i4x4",1,0.833612777093194,2,5,1,8,8.18468222928954,6:6,none,1,99,4,dia,61,0,1,vbr,0,baseline,0.522821707066363,32,1,89,4,43,2,34,2,0,1,Big_1080p_60fps_20s
958,0,p4x4,2,1.0794022750892387,2,12,1,9,3.362357008986277,0:0,none,1,336,1,umh,56,0,1,vbr,0,high,0.1782623695082673,32,17,4,1,9,7,12,1,0,1,Big_1080p_60fps_20s
1150,0,none,0,0.833612777093194,2,5,1,8,8.18468222928954,6:6,none,1,99,4,dia,61,0,1,vbr,0,baseline,0.522821707066363,32,3,89,4,43,2,34,2,0,1,Big_1080p_60fps_20s
1150,0,"p8x8,b8x8,i8x8,i4x4",1,0.833612777093194,2,0,1,8,8.18468222928954,1:1,none,1,99,0,dia,64,0,1,vbr,0,baseline,0.522821707066363,32,14,89,4,43,2,34,2,0,1,Big_1080p_60fps_20s
1150,1,p8x8,0,0.833612777093194,2,0,1,8,8.18468222928954,1:1,none,1,99,0,dia,64,0,1,vbr,0,baseline,0.8081202953820426,23,17,244,13,56,0,12,0,0,0,Big_1080p_60fps_20s
1150,0,"p8x8,b8x8,i8x8,i4x4",2,1.0794022750892387,2,12,1,9,3.362357008986277,0:0,none,1,336,1,umh,56,0,1,vbr,1,baseline,0.1782623695082673,32,17,4,1,9,7,12,1,0,1,Big_1080p_60fps_20s
958,0,p8x8,1,0.833612777093194,0,14,1,8,8.18468222928954,1:1,none,1,99,0,dia,64,0,1,vbr,0,main,0.522821707066363,22,20,89,4,43,2,34,2,1,1,Big_1080p_60fps_20s
1574,0,none,1,1.4737604284031651,0,6,1,8,8.18468222928954,1:1,none,0,99,0,dia,64,0,1,vbr,0,baseline,0.522821707066363,32,14,89,4,43,0,34,2,1,1,Big_1080p_60fps_20s
1423,0,"p8x8,b8x8,i8x8,i4x4",1,0.833612777093194,2,14,1,5,8.18468222928954,1:1,none,1,324,0,dia,54,0,0,cbr,0,baseline,0.5783877571201925,35,7,107,11,69,2,48,2,1,2,Big_1080p_60fps_20s
1150,0,"p8x8,b8x8,i8x8,i4x4",1,0.833612777093194,2,14,0,8,8.18468222928954,1:1,none,1,99,4,tesa,28,0,1,vbr,0,high,0.522821707066363,32,1,55,4,43,2,34,2,0,1,Big_1080p_60fps_20s
1150,0,"p8x8,b8x8,i8x8,i4x4",1,0.833612777093194,2,5,1,8,8.18468222928954,6:6,temporal,1,99,0,dia,64,1,1,vbr,1,baseline,0.522821707066363,28,14,89,6,22,0,53,2,0,1,Big_1080p_60fps_20s
1615,0,p8x8,0,0.833612777093194,1,14,1,8,8.18468222928954,1:1,spatial,1,99,0,dia,64,0,1,vbr,1,baseline,0.522821707066363,32,17,89,6,22,0,22,2,0,1,Big_1080p_60fps_20s
1150,0,none,0,1.501008649777947,2,0,1,8,8.18468222928954,1:1,none,1,80,0,dia,64,0,1,vbr,0,baseline,0.8081202953820426,23,17,244,13,56,0,12,0,0,1,Big_1080p_60fps_20s
1150,1,"p8x8,b8x8,i8x8,i4x4",0,0.833612777093194,2,0,1,8,8.18468222928954,1:1,none,1,99,2,dia,64,0,1,vbr,0,baseline,0.522821707066363,32,1,55,12,43,2,34,2,0,1,Big_1080p_60fps_20s
1150,0,"p8x8,b8x8,i8x8,i4x4",0,1.6841905940638109,1,14,1,8,8.18468222928954,1:1,spatial,1,99,0,tesa,64,0,1,vbr,1,baseline,0.522821707066363,32,14,89,6,9,7,12,1,0,1,Big_1080p_60fps_20s
771,0,none,1,1.515499896210157,2,2,1,-4,43.29106615121353,1:-1,spatial,1,478,3,esa,4,0,0,cbr,1,baseline,0.6759901611479516,28,8,102,5,90,3,58,1,0,0,Big_1080p_60fps_15s
771,0,none,1,1.515499896210157,2,10,1,-4,43.29106615121353,1:-1,spatial,1,478,3,esa,35,0,0,cbr,1,baseline,0.6759901611479516,28,8,102,5,94,0,32,2,1,1,Big_1080p_60fps_15s
771,0,none,1,1.515499896210157,2,2,1,-4,43.29106615121353,1:-1,spatial,1,478,0,esa,4,1,0,cbr,1,baseline,0.8864230049160748,28,8,102,5,90,3,58,1,0,0,Big_1080p_60fps_15s
771,0,none,1,1.515499896210157,2,2,1,-4,43.29106615121353,1:-1,spatial,1,478,0,esa,4,1,0,cbr,1,baseline,0.8864230049160748,28,8,102,12,90,3,58,1,0,0,Big_1080p_60fps_15s
771,0,all,1,1.515499896210157,2,2,1,-4,43.29106615121353,6:-6,spatial,1,478,3,esa,4,0,0,cbr,1,high,0.6759901611479516,23,20,109,15,47,5,51,0,0,0,Big_1080p_60fps_15s
771,1,none,1,1.515499896210157,2,10,1,-4,43.29106615121353,1:-1,spatial,0,478,3,esa,35,0,0,cbr,1,baseline,0.6759901611479516,28,8,102,5,94,0,32,2,1,0,Big_1080p_60fps_15s
771,0,none,1,1.515499896210157,2,10,1,-4,43.29106615121353,1:-1,spatial,1,478,3,esa,35,1,0,cbr,1,baseline,0.6759901611479516,51,8,102,5,66,0,32,2,1,1,Big_1080p_60fps_15s
184,0,none,1,1.515499896210157,2,11,1,-4,43.29106615121353,1:-1,spatial,1,478,3,esa,35,0,0,none,1,baseline,0.6759901611479516,28,8,102,5,99,0,32,2,1,1,Big_1080p_60fps_15s
1917,1,none,2,0.7781290728742148,1,0,0,7,8.138528972279088,-3:3,spatial,0,366,3,esa,4,0,0,cbr,1,baseline,0.6759901611479516,28,8,102,5,90,3,58,1,0,0,Big_1080p_60fps_15s
377,0,all,1,0.8509513127974764,2,2,1,-4,43.29106615121353,1:-1,spatial,1,478,3,tesa,4,0,0,cbr,1,baseline,0.6759901611479516,28,8,102,5,90,3,58,1,0,0,Big_1080p_60fps_15s
771,0,none,1,1.515499896210157,2,10,1,-4,43.29106615121353,1:-1,spatial,1,478,3,esa,35,0,0,cbr,1,baseline,0.6759901611479516,28,8,102,5,94,0,32,2,0,1,Big_1080p_60fps_15s
886,0,none,1,1.515499896210157,0,13,1,-9,43.29106615121353,1:-1,spatial,1,478,3,esa,4,0,0,cbr,1,baseline,0.6759901611479516,28,8,102,7,90,7,58,1,0,0,Big_1080p_60fps_15s
1357,0,none,1,1.515499896210157,2,8,1,-4,43.29106615121353,1:-1,spatial,1,175,3,esa,35,1,0,cbr,1,baseline,0.6759901611479516,51,8,102,15,47,5,51,0,0,0,Big_1080p_60fps_15s
771,1,none,1,1.515499896210157,2,10,1,-4,43.29106615121353,5:-5,spatial,1,478,3,dia,35,0,0,cbr,1,baseline,0.6759901611479516,28,8,102,5,47,5,51,0,0,0,Big_1080p_60fps_15s
771,0,none,1,1.515499896210157,2,2,1,-4,43.29106615121353,1:-1,spatial,1,478,0,esa,4,1,0,cbr,1,baseline,0.6759901611479516,28,13,102,5,94,0,32,2,1,1,Big_1080p_60fps_15s
771,0,none,1,1.515499896210157,2,10,1,-4,43.29106615121353,1:-1,spatial,1,478,3,esa,35,0,0,none,1,baseline,0.8864230049160748,28,8,116,4,90,3,58,1,0,0,Big_1080p_60fps_15s
771,0,none,1,1.515499896210157,0,2,1,-4,43.29106615121353,1:-1,spatial,1,478,3,esa,4,0,0,cbr,1,baseline,0.7487980984241412,28,8,102,5,90,3,58,1,0,0,Big_1080p_60fps_15s
568,0,none,1,1.515499896210157,2,2,1,-4,43.29106615121353,1:-1,spatial,1,478,0,esa,4,0,0,cbr,0,high,0.8864230049160748,28,5,102,5,20,3,58,1,0,0,Big_1080p_60fps_15s
722,0,all,1,0.8509513127974764,2,2,0,7,8.138528972279088,-3:3,spatial,0,366,3,esa,4,0,0,cbr,0,baseline,0.6759901611479516,39,8,3,5,90,3,58,1,0,0,Big_1080p_60fps_15s
771,0,none,1,1.515499896210157,2,10,1,-4,4.006974378055203,1:-1,spatial,0,478,3,esa,35,0,0,cbr,1,baseline,0.6759901611479516,36,8,102,5,94,0,32,2,1,0,Big_1080p_60fps_15s
682,1,p4x4,1,1.5713477879962647,0,7,0,-9,38.81153483223815,-6:6,auto,1,212,4,hex,23,0,0,none,0,baseline,0.2794563705787773,28,11,187,1,0,0,54,0,0,2,Still_image_1080p_25fps_20s
26,0,p4x4,1,1.0571496208570437,0,12,1,6,37.29895552225626,3:-3,spatial,0,492,1,hex,17,0,1,none,0,baseline,0.2794563705787773,30,11,187,1,0,0,35,0,0,2,Still_image_1080p_25fps_20s
26,0,p4x4,1,1.0571496208570437,0,12,1,6,37.29895552225626,3:-3,spatial,0,492,1,hex,17,0,1,none,1,baseline,0.2794563705787773,30,11,187,8,0,0,35,0,0,0,Still_image_1080p_25fps_20s
682,1,none,1,1.5713477879962647,0,7,0,-9,38.81153483223815,-6:6,temporal,1,212,4,hex,23,0,0,none,0,high,0.4084882634057388,40,0,92,2,40,0,2,0,0,1,Still_image_1080p_25fps_20s
1895,1,all,0,0.142740749190965,0,10,1,-8,1.926294133119557,6:6,none,1,103,1,umh,24,1,0,none,0,high,0.1319388771806904,47,15,15,16,20,0,9,1,0,2,Still_image_1080p_25fps_20s
26,0,p4x4,1,1.0571496208570437,0,12,0,6,37.29895552225626,3:-3,spatial,0,492,1,hex,17,0,1,none,0,baseline,0.2794563705787773,30,11,187,1,0,0,35,0,0,2,Still_image_1080p_25fps_20s
682,1,p4x4,3,1.5713477879962647,0,7,0,-9,6.353132988960039,5:-5,spatial,1,281,0,dia,23,0,1,vbr,0,high,0.2387568005123839,49,18,13,5,30,4,56,1,1,0,Still_image_1080p_25fps_20s
1895,1,p4x4,0,0.142740749190965,0,0,1,9,29.58495568862226,4:4,spatial,1,473,0,dia,54,0,1,none,1,high,0.6493532546000097,40,4,92,2,40,0,2,0,0,1,Still_image_1080p_25fps_20s
2174,1,"p8x8,b8x8,i8x8,i4x4",1,1.0571496208570437,0,12,1,6,37.29895552225626,4:4,spatial,1,492,1,dia,47,0,1,vbr,0,main,0.2387568005123839,49,18,13,5,30,4,56,1,0,0,Still_image_1080p_25fps_20s
1895,1,p4x4,0,0.142740749190965,0,0,1,0,29.58495568862226,4:4,spatial,1,473,0,tesa,54,0,1,none,0,high,0.6493532546000097,40,4,92,2,40,0,2,0,0,1,Still_image_1080p_25fps_20s
2019,1,"p8x8,b8x8,i8x8,i4x4",1,1.0571496208570437,0,12,1,6,37.29895552225626,4:4,spatial,0,492,1,hex,17,1,1,none,0,baseline,0.2794563705787773,30,11,187,1,0,0,54,0,0,2,Still_image_1080p_25fps_20s
1705,1,p8x8,2,1.6350595279123854,0,16,1,-11,44.018453348643085,-3:3,auto,0,423,3,dia,33,1,1,none,1,main,0.3789633369255102,50,5,55,8,54,11,4,2,1,2,Still_image_1080p_25fps_20s
2019,1,"p8x8,b8x8,i8x8,i4x4",1,1.0571496208570437,0,16,1,6,37.29895552225626,4:4,spatial,0,492,1,hex,17,1,1,none,0,baseline,0.3799966680849496,30,11,187,1,0,0,54,0,0,1,Still_image_1080p_25fps_20s
808,1,all,0,0.142740749190965,0,10,1,-8,1.926294133119557,6:6,none,1,103,1,umh,24,0,1,vbr,0,high,0.2387568005123839,49,18,13,5,30,4,56,1,1,0,Still_image_1080p_25fps_20s
682,1,p4x4,1,1.5713477879962647,0,7,0,-9,38.81153483223815,-6:6,temporal,1,212,4,hex,23,0,0,vbr,0,high,0.2387568005123839,49,18,184,5,30,4,56,1,1,2,Still_image_1080p_25fps_20s
1705,1,p8x8,3,1.6350595279123854,0,5,1,-11,44.018453348643085,-3:3,auto,0,30,3,dia,33,1,1,none,1,main,0.4623179208340121,50,5,55,8,54,2,10,2,0,1,Still_image_1080p_25fps_20s
1705,1,p8x8,2,1.6350595279123854,0,5,1,-11,44.018453348643085,-3:3,auto,0,423,3,dia,33,1,1,none,1,main,0.3789633369255102,50,5,55,8,54,1,4,2,0,2,Still_image_1080p_25fps_20s
1895,1,p4x4,0,0.142740749190965,0,0,0,9,29.58495568862226,4:4,spatial,1,473,0,dia,54,0,1,none,1,high,0.6493532546000097,40,4,92,2,40,5,38,2,0,0,Still_image_1080p_25fps_20s
682,1,p4x4,0,1.5713477879962647,0,7,0,-9,10.129184344045903,5:-5,spatial,1,281,0,hex,17,0,1,none,0,baseline,0.2794563705787773,30,11,187,1,0,0,54,0,0,0,Still_image_1080p_25fps_20s
2019,1,"p8x8,b8x8,i8x8,i4x4",1,0.3329065721413176,2,1,1,-3,6.353132988960039,5:-5,spatial,1,281,0,hex,23,0,0,vbr,0,high,0.2387568005123839,49,18,13,5,30,4,56,1,1,2,Still_image_1080p_25fps_20s
85,0,p4x4,0,0.8774330427703273,1,10,1,5,37.50720708540884,-5:5,auto,1,353,0,dia,27,0,1,vbr,1,baseline,0.2002510854560951,43,13,88,9,37,9,36,0,1,1,Still_image_1080p_60fps_20s
85,0,p4x4,0,0.8774330427703273,0,10,1,5,37.50720708540884,1:-1,auto,1,353,0,dia,18,0,1,vbr,1,baseline,0.2002510854560951,26,16,207,9,37,9,36,0,1,0,Still_image_1080p_60fps_20s
1074,0,"p8x8,b8x8,i8x8,i4x4",2,1.112899641612742,1,7,0,9,31.241334207786537,2:2,auto,1,466,0,tesa,45,0,1,none,0,baseline,0.4722150270287825,26,12,212,1,45,5,60,0,0,1,Still_image_1080p_60fps_20s
85,0,p4x4,2,0.8774330427703273,1,10,0,5,37.50720708540884,-5:5,auto,1,353,0,dia,27,0,1,vbr,1,baseline,0.2002510854560951,43,13,88,9,37,9,36,0,1,1,Still_image_1080p_60fps_20s
85,0,p4x4,2,0.8774330427703273,1,10,0,6,37.50720708540884,-5:5,auto,1,353,0,dia,27,0,1,vbr,1,baseline,0.2002510854560951,48,13,88,9,37,9,36,0,1,1,Still_image_1080p_60fps_20s
507,1,none,3,1.222758730856049,0,16,1,4,48.98979055395992,-5:5,none,0,466,3,tesa,45,0,1,none,0,baseline,0.4722150270287825,26,10,212,1,45,11,60,0,0,1,Still_image_1080p_60fps_20s
507,1,none,3,1.222758730856049,0,16,1,4,12.22831371334633,-5:5,none,0,466,3,tesa,45,0,1,none,0,baseline,0.4722150270287825,36,10,212,1,45,11,60,0,0,1,Still_image_1080p_60fps_20s
1074,1,"p8x8,b8x8,i8x8,i4x4",2,1.112899641612742,0,7,0,9,31.241334207786537,2:2,auto,1,345,0,tesa,45,0,1,none,0,baseline,0.806715158351172,44,1,16,6,74,1,37,0,1,0,Still_image_1080p_60fps_20s
1074,0,"p8x8,b8x8,i8x8,i4x4",2,1.112899641612742,1,7,0,9,31.241334207786537,2:2,auto,1,353,0,dia,23,0,1,vbr,1,baseline,0.2002510854560951,43,13,88,9,37,9,36,0,1,1,Still_image_1080p_60fps_20s
1074,1,"p8x8,b8x8,i8x8,i4x4",2,1.112899641612742,0,7,0,4,31.241334207786537,2:2,auto,1,345,0,tesa,45,0,1,none,1,baseline,0.806715158351172,46,1,16,13,99,1,37,0,1,0,Still_image_1080p_60fps_20s
1959,0,all,0,0.6478289892656798,0,12,1,-11,42.12385146123028,6:6,none,1,164,3,dia,47,0,1,vbr,1,baseline,0.806715158351172,44,1,16,13,74,1,37,0,1,0,Still_image_1080p_60fps_20s
1959,0,all,0,0.6478289892656798,1,12,1,-11,42.12385146123028,6:6,none,0,164,3,dia,47,0,1,vbr,1,baseline,0.806715158351172,46,1,16,13,74,1,37,0,1,0,Still_image_1080p_60fps_20s
1959,0,all,0,0.6478289892656798,0,12,1,1,42.12385146123028,6:6,none,1,164,3,dia,47,0,1,vbr,0,baseline,0.806715158351172,44,1,16,6,74,1,37,0,1,0,Still_image_1080p_60fps_20s
1959,0,all,0,0.5953858264391075,0,12,1,-11,42.12385146123028,6:6,none,1,164,3,dia,47,0,1,cbr,1,baseline,0.806715158351172,44,1,16,13,74,1,37,0,1,1,Still_image_1080p_60fps_20s
1959,0,all,0,0.6478289892656798,0,12,1,-11,42.12385146123028,6:6,none,1,164,3,dia,47,1,1,vbr,1,baseline,0.806715158351172,44,1,16,13,74,1,37,0,1,1,Still_image_1080p_60fps_20s
1959,0,all,0,0.6478289892656798,0,12,1,-11,42.12385146123028,1:1,none,1,164,4,dia,47,0,1,vbr,1,baseline,0.806715158351172,44,1,16,13,74,1,37,0,1,2,Still_image_1080p_60fps_20s
76,0,p8x8,1,0.6295137611273145,0,0,1,9,29.58495568862226,4:4,none,0,164,3,dia,47,0,1,vbr,1,baseline,0.806715158351172,46,1,16,13,99,1,37,0,1,0,Still_image_1080p_60fps_20s
1959,0,all,0,0.6478289892656798,0,12,1,-11,42.12385146123028,6:6,none,1,164,3,dia,38,1,0,vbr,1,baseline,0.6485482170962998,32,9,179,3,53,3,28,2,1,2,Still_image_1080p_60fps_20s
85,0,p4x4,2,0.4963568621119824,0,10,0,5,37.50720708540884,-5:5,spatial,1,353,0,dia,47,0,1,vbr,1,baseline,0.806715158351172,44,1,16,13,74,1,37,0,1,0,Still_image_1080p_60fps_20s
85,0,p4x4,0,0.9741782675405872,1,12,1,-11,36.12315022195114,-5:5,none,0,164,3,dia,47,1,1,vbr,1,baseline,0.806715158351172,46,1,16,13,74,1,37,0,1,0,Still_image_1080p_60fps_20s
1176,0,all,2,1.906561411444758,0,1,0,-11,30.323225287876458,-6:6,spatial,1,205,1,dia,42,0,0,none,1,main,0.3739897001746642,34,15,32,14,66,11,19,2,0,0,Big_480p_60fps_10s
1601,1,p4x4,3,0.652229963346499,0,1,1,8,22.189436569989216,-2:2,none,0,141,4,hex,61,1,0,none,0,baseline,0.6493532546000097,48,4,69,2,3,0,2,0,0,0,Big_480p_60fps_10s
2291,0,"p8x8,b8x8,i8x8,i4x4",3,0.8428687264016085,1,7,1,-7,16.675685116585825,-4:4,spatial,0,51,0,dia,54,0,1,vbr,1,baseline,0.9042368790367616,24,16,108,15,90,7,21,2,0,2,Big_480p_60fps_10s
1176,1,"p8x8,b8x8,i8x8,i4x4",2,1.906561411444758,0,1,0,-8,30.323225287876458,2:2,spatial,1,205,1,dia,42,0,0,vbr,1,main,0.9042368790367616,32,18,238,2,21,1,39,2,0,0,Big_480p_60fps_10s
1601,1,p4x4,1,0.652229963346499,1,1,0,8,22.189436569989216,-2:2,none,0,141,4,hex,61,0,0,vbr,1,baseline,0.9042368790367616,24,4,108,1,90,7,21,2,0,2,Big_480p_60fps_10s
2394,1,p4x4,1,0.652229963346499,1,1,0,8,22.189436569989216,-2:2,none,1,141,4,hex,14,0,0,vbr,1,main,0.9042368790367616,32,18,238,2,21,1,16,2,0,0,Big_480p_60fps_10s
2329,0,none,1,0.652229963346499,1,1,0,8,22.189436569989216,-2:2,none,0,141,4,esa,61,1,0,vbr,1,baseline,0.9042368790367616,24,4,108,1,90,7,21,2,0,2,Big_480p_60fps_10s
1176,0,p4x4,1,0.652229963346499,0,1,0,8,22.189436569989216,-2:2,none,1,141,4,hex,14,0,0,vbr,1,main,0.9042368790367616,32,18,238,2,56,1,16,2,0,1,Big_480p_60fps_10s
2394,1,p8x8,1,0.652229963346499,1,1,0,-6,22.189436569989216,-2:2,none,1,141,4,hex,14,0,0,vbr,0,baseline,0.2794563705787773,32,18,238,2,21,9,16,2,0,2,Big_480p_60fps_10s
1601,1,p4x4,1,0.652229963346499,1,14,0,8,22.189436569989216,-2:2,none,0,141,4,hex,61,0,0,vbr,1,baseline,0.6493532546000097,48,4,92,2,80,0,2,0,0,0,Big_480p_60fps_10s
1176,0,p4x4,1,1.433109844315211,0,1,0,8,22.189436569989216,-2:2,none,0,141,4,hex,14,0,0,vbr,1,main,0.9042368790367616,32,18,238,2,21,9,16,2,0,2,Big_480p_60fps_10s
2394,0,p4x4,2,0.652229963346499,1,1,0,8,22.189436569989216,-2:2,none,1,141,4,hex,14,0,0,vbr,1,high,0.2156934540534386,32,18,238,2,56,1,16,2,0,1,Big_480p_60fps_10s
1176,1,p4x4,1,0.652229963346499,0,1,0,8,22.189436569989216,-2:2,none,1,141,4,dia,14,0,0,vbr,1,main,0.9042368790367616,32,18,238,2,56,1,16,2,0,1,Big_480p_60fps_10s
2394,1,p4x4,1,0.652229963346499,1,1,0,8,22.189436569989216,-2:2,none,1,141,4,hex,14,0,0,vbr,1,baseline,0.9042368790367616,35,4,108,14,90,7,21,2,0,2,Big_480p_60fps_10s
2394,1,p4x4,1,0.652229963346499,0,1,0,8,22.189436569989216,-2:2,none,0,141,4,hex,14,0,0,none,1,main,0.3739897001746642,34,15,32,14,66,11,19,2,0,0,Big_480p_60fps_10s
2144,1,p8x8,1,0.652229963346499,1,1,0,8,22.189436569989216,-2:2,none,1,102,4,hex,34,0,1,none,1,main,0.9042368790367616,32,18,57,2,56,1,16,2,0,1,Big_480p_60fps_10s
1887,1,"p8x8,b8x8,i8x8,i4x4",3,1.1268482662810917,2,6,1,-10,44.8528183891559,-4:4,spatial,1,107,2,umh,40,1,0,vbr,0,baseline,0.6604964527259688,44,15,145,14,22,0,60,0,0,2,Big_480p_60fps_10s
76,0,p8x8,1,0.6295137611273145,2,0,1,9,29.58495568862226,4:4,spatial,0,51,0,dia,54,0,1,none,0,baseline,0.6493532546000097,48,4,92,2,80,0,2,0,0,0,Big_480p_60fps_10s
2291,0,"p8x8,b8x8,i8x8,i4x4",0,0.8428687264016085,1,7,1,7,16.675685116585825,-4:4,spatial,0,51,0,esa,54,0,1,vbr,0,baseline,0.6493532546000097,48,4,222,2,80,0,2,2,0,0,Big_480p_60fps_10s
982,1,p4x4,3,1.0794022750892387,2,0,1,9,29.58495568862226,4:4,spatial,0,51,0,dia,54,0,1,none,0,baseline,0.6493532546000097,48,4,244,2,80,0,2,0,0,0,Big_480p_60fps_10s
85,1,p4x4,3,0.8774330427703273,0,10,1,-3,37.50720708540884,6:-6,auto,0,353,0,umh,38,1,1,none,0,baseline,0.6485482170962998,32,9,39,16,55,1,63,0,0,0,Still_image_720p_25fps_15s
2123,0,none,2,0.8774330427703273,0,10,0,5,6.324436376188009,4:4,temporal,1,353,1,dia,38,1,0,cbr,1,baseline,0.6485482170962998,32,9,39,8,55,1,35,1,1,1,Still_image_720p_25fps_15s
85,0,p4x4,2,0.8774330427703273,0,10,0,5,37.50720708540884,-5:5,auto,1,353,0,dia,38,1,0,none,0,baseline,0.6485482170962998,32,9,39,6,55,1,63,2,0,0,Still_image_720p_25fps_15s
85,0,p4x4,2,0.8774330427703273,0,10,0,5,37.50720708540884,-5:5,auto,1,353,0,dia,38,1,0,none,0,baseline,0.084472226903912,32,9,203,8,86,0,48,1,1,1,Still_image_720p_25fps_15s
1333,1,p4x4,2,0.8774330427703273,0,10,0,5,15.24651349799879,-5:5,auto,1,353,0,dia,38,1,0,none,0,high,0.6485482170962998,32,9,39,6,55,1,63,2,0,0,Still_image_720p_25fps_15s
85,0,p4x4,2,0.8774330427703273,0,10,1,5,37.50720708540884,-5:5,auto,1,205,0,dia,38,1,0,none,0,baseline,0.6485482170962998,32,9,82,6,29,1,63,2,0,0,Still_image_720p_25fps_15s
85,0,p4x4,2,0.8774330427703273,0,10,1,5,37.50720708540884,-5:5,auto,1,353,0,dia,38,1,0,none,0,baseline,0.6485482170962998,32,9,39,6,55,1,9,2,1,0,Still_image_720p_25fps_15s
1532,0,p8x8,0,0.7876201876686689,2,6,0,3,6.961693592672924,2:2,auto,1,353,0,dia,38,1,0,none,0,baseline,0.6485482170962998,32,9,39,6,55,1,63,2,0,0,Still_image_720p_25fps_15s
2123,0,none,2,0.8774330427703273,0,10,0,5,6.324436376188009,-5:5,auto,1,353,1,dia,38,1,0,cbr,1,baseline,0.6485482170962998,32,9,39,6,55,1,63,0,0,0,Still_image_720p_25fps_15s
1532,0,p8x8,0,0.7876201876686689,2,6,0,3,6.961693592672924,2:2,auto,1,353,0,dia,38,1,0,none,0,baseline,0.6485482170962998,32,9,39,6,55,1,34,2,0,1,Still_image_720p_25fps_15s
85,1,p8x8,2,0.8774330427703273,0,8,1,5,37.50720708540884,-5:5,auto,1,353,0,dia,38,1,0,none,1,baseline,0.084472226903912,32,9,203,8,1,0,48,1,0,1,Still_image_720p_25fps_15s
85,0,p4x4,2,0.8774330427703273,0,10,0,5,37.50720708540884,-4:4,auto,1,353,0,dia,38,0,1,none,0,baseline,0.6485482170962998,32,9,39,6,55,6,9,2,1,2,Still_image_720p_25fps_15s
85,1,p4x4,3,0.8774330427703273,0,10,1,-3,37.50720708540884,-5:5,auto,0,353,0,dia,38,1,1,none,0,baseline,0.6485482170962998,32,9,39,6,55,1,35,1,0,1,Still_image_720p_25fps_15s
85,0,p4x4,1,0.8774330427703273,0,10,1,5,37.50720708540884,-5:5,auto,1,205,0,dia,38,1,0,cbr,0,baseline,0.1764496881348147,32,9,82,6,29,1,63,2,0,0,Still_image_720p_25fps_15s
1333,1,p4x4,2,0.8774330427703273,0,10,1,5,15.24651349799879,-5:5,auto,1,353,0,dia,38,1,0,none,0,high,0.6485482170962998,32,9,39,6,55,11,63,2,0,2,Still_image_720p_25fps_15s
85,0,p4x4,2,0.8774330427703273,0,10,0,-12,37.50720708540884,-5:5,none,1,353,0,dia,38,1,0,none,0,baseline,0.084472226903912,25,8,39,6,55,1,63,2,0,0,Still_image_720p_25fps_15s
85,0,p4x4,2,0.8774330427703273,0,10,1,5,37.50720708540884,-5:5,auto,1,353,2,dia,38,1,0,none,0,baseline,0.0628798548405288,33,9,39,6,55,1,63,2,0,0,Still_image_720p_25fps_15s
85,1,none,3,0.8774330427703273,0,13,1,-3,37.50720708540884,-5:5,auto,0,353,0,dia,38,1,1,none,0,baseline,0.6485482170962998,32,9,39,6,55,1,35,1,0,1,Still_image_720p_25fps_15s
85,1,p4x4,3,0.8774330427703273,0,10,1,-3,37.50720708540884,-5:5,auto,0,353,0,dia,38,1,0,none,0,baseline,0.6485482170962998,32,9,39,6,55,1,35,1,1,1,Still_image_720p_25fps_15s
85,0,p4x4,2,0.8774330427703273,0,10,0,5,37.50720708540884,-5:5,auto,1,353,0,dia,33,0,0,none,0,baseline,0.084472226903912,22,9,82,6,29,1,63,2,0,0,Still_image_720p_25fps_15s
1601,1,p4x4,3,0.652229963346499,0,1,1,8,22.189436569989216,-2:2,none,0,141,4,hex,61,1,0,none,0,baseline,0.6493532546000097,48,4,69,2,3,0,2,0,0,0,Big_1080p_60fps_10s
1176,0,all,2,1.906561411444758,0,1,0,-11,30.323225287876458,-6:6,spatial,1,205,1,dia,42,0,0,none,1,main,0.3739897001746642,34,15,32,14,66,11,19,2,0,0,Big_1080p_60fps_10s
1176,0,all,2,0.7905686663270048,0,1,0,-11,30.323225287876458,-6:6,spatial,1,205,1,dia,42,0,0,none,1,main,0.3739897001746642,34,15,32,14,66,11,19,2,0,2,Big_1080p_60fps_10s
1176,0,p4x4,1,0.652229963346499,0,1,0,8,22.189436569989216,-2:2,none,1,141,4,hex,14,0,0,vbr,1,main,0.9042368790367616,32,18,238,2,56,1,16,2,0,1,Big_1080p_60fps_10s
2329,0,none,1,0.652229963346499,1,1,0,8,22.189436569989216,-2:2,none,0,141,4,esa,61,1,0,vbr,1,baseline,0.9042368790367616,24,4,108,1,90,7,21,2,0,2,Big_1080p_60fps_10s
1176,0,p4x4,1,0.652229963346499,0,1,0,8,22.189436569989216,-2:2,none,1,141,4,esa,61,1,0,vbr,1,baseline,0.9042368790367616,24,4,108,1,90,7,55,2,0,2,Big_1080p_60fps_10s
2329,1,none,1,0.652229963346499,1,1,0,8,22.189436569989216,-2:2,none,1,141,4,hex,14,1,0,vbr,1,main,0.9042368790367616,32,1,238,2,56,1,16,2,0,1,Big_1080p_60fps_10s
1150,0,p8x8,2,0.833612777093194,0,14,0,8,22.189436569989216,-2:2,none,0,141,4,esa,61,1,0,vbr,1,baseline,0.9042368790367616,24,4,108,1,90,7,21,2,0,2,Big_1080p_60fps_10s
1150,0,none,0,0.833612777093194,2,0,1,8,22.189436569989216,-2:2,none,0,141,4,esa,61,1,0,vbr,1,baseline,0.9042368790367616,24,4,108,1,90,7,21,2,0,2,Big_1080p_60fps_10s
1176,0,p4x4,1,0.652229963346499,0,1,0,8,22.189436569989216,-2:2,none,1,164,4,esa,61,1,0,vbr,1,baseline,0.9042368790367616,24,4,108,1,90,7,2,0,0,0,Big_1080p_60fps_10s
1601,1,p4x4,3,0.652229963346499,0,1,1,8,22.189436569989216,-2:2,none,0,141,4,hex,61,1,0,none,0,baseline,0.4883037738893644,48,4,69,2,3,0,55,2,0,2,Big_1080p_60fps_10s
1176,1,p4x4,1,0.652229963346499,0,1,0,8,22.189436569989216,-2:2,none,1,141,4,esa,61,1,0,vbr,0,baseline,0.9042368790367616,24,4,108,1,90,7,55,2,1,1,Big_1080p_60fps_10s
1176,0,all,2,0.7186488941568363,0,15,1,8,22.189436569989216,-2:2,none,1,141,4,tesa,61,1,0,vbr,1,baseline,0.9042368790367616,24,6,108,1,84,7,55,2,0,2,Big_1080p_60fps_10s
2329,0,none,1,0.652229963346499,1,1,0,2,22.189436569989216,-2:2,none,0,141,4,hex,14,0,0,none,1,main,0.9042368790367616,32,18,238,2,56,1,16,2,0,1,Big_1080p_60fps_10s
1176,0,p4x4,0,0.652229963346499,0,1,0,8,22.189436569989216,-2:2,none,1,141,4,esa,61,1,0,vbr,1,baseline,0.9042368790367616,24,2,108,1,90,7,21,2,0,2,Big_1080p_60fps_10s
1176,1,p4x4,1,0.652229963346499,0,1,0,8,22.189436569989216,-2:2,none,1,141,4,hex,14,0,0,vbr,1,main,0.9042368790367616,32,18,238,14,56,1,16,2,0,1,Big_1080p_60fps_10s
1150,1,"p8x8,b8x8,i8x8,i4x4",1,0.833612777093194,0,1,1,8,22.189436569989216,-2:2,none,0,141,4,esa,61,1,0,vbr,1,baseline,0.2494158388034734,24,4,108,1,90,7,21,2,0,0,Big_1080p_60fps_10s
1601,1,p4x4,3,0.652229963346499,0,1,1,8,22.189436569989216,-2:2,none,1,141,4,esa,61,1,0,vbr,1,main,0.9042368790367616,24,2,108,1,90,7,21,2,0,2,Big_1080p_60fps_10s
1176,0,p4x4,1,0.732885754662519,0,1,0,8,33.37266012607331,-2:2,none,1,141,4,hex,40,0,0,vbr,1,main,0.9042368790367616,24,6,108,1,84,7,55,2,0,2,Big_1080p_60fps_10s
1601,1,p4x4,1,0.652229963346499,0,1,0,8,22.189436569989216,-2:2,none,0,141,4,esa,61,1,0,vbr,1,baseline,0.9042368790367616,43,4,108,1,90,4,21,2,0,2,Big_1080p_60fps_10s
2123,0,none,2,0.8774330427703273,0,10,0,5,6.324436376188009,4:4,temporal,1,353,1,dia,38,1,0,cbr,1,baseline,0.6485482170962998,32,9,39,8,55,1,35,1,1,1,Big_480p_60fps_20s
1176,0,all,2,1.906561411444758,0,1,0,-11,30.323225287876458,-6:6,spatial,1,205,1,dia,42,0,0,none,1,main,0.3739897001746642,34,15,32,14,66,11,19,2,0,0,Big_480p_60fps_20s
1176,0,all,2,0.7905686663270048,0,1,0,-11,30.323225287876458,-6:6,spatial,1,205,1,dia,42,0,0,none,1,main,0.3739897001746642,34,15,32,14,66,11,19,2,0,2,Big_480p_60fps_20s
1254,0,all,2,1.906561411444758,0,0,0,-11,30.323225287876458,-6:6,spatial,1,205,1,dia,42,0,0,none,1,main,0.3739897001746642,34,15,32,14,66,11,19,2,0,0,Big_480p_60fps_20s
1478,0,all,2,1.906561411444758,0,1,0,-11,30.323225287876458,-6:6,spatial,1,205,1,dia,42,0,0,none,1,main,0.3739897001746642,34,15,17,14,55,1,35,1,1,1,Big_480p_60fps_20s
1601,1,p4x4,3,0.652229963346499,0,1,1,8,22.189436569989216,-2:2,none,0,141,4,hex,61,1,0,none,0,baseline,0.6493532546000097,48,4,69,2,3,0,2,0,0,0,Big_480p_60fps_20s
85,1,p4x4,3,0.8774330427703273,0,10,1,-3,37.50720708540884,6:-6,auto,0,353,0,umh,38,1,1,none,0,baseline,0.6485482170962998,32,9,39,16,55,1,63,0,0,0,Big_480p_60fps_20s
1150,0,p8x8,1,0.833612777093194,0,14,1,8,8.18468222928954,1:1,none,1,99,0,dia,64,0,1,vbr,0,baseline,0.522821707066363,22,20,89,4,43,2,34,2,1,1,Big_480p_60fps_20s
1150,0,none,0,0.833612777093194,2,0,1,8,8.18468222928954,1:1,none,1,99,0,dia,64,0,1,vbr,0,baseline,0.522821707066363,32,14,89,4,43,2,34,2,1,1,Big_480p_60fps_20s
1150,0,"p8x8,b8x8,i8x8,i4x4",1,0.833612777093194,2,14,1,8,8.18468222928954,1:1,none,1,99,0,dia,64,0,1,vbr,1,baseline,0.522821707066363,32,14,89,6,22,0,53,2,0,1,Big_480p_60fps_20s
1150,0,p8x8,1,0.833612777093194,0,14,1,8,8.18468222928954,1:1,none,1,99,0,dia,64,0,1,vbr,1,baseline,0.522821707066363,26,8,79,3,65,7,49,1,1,1,Big_480p_60fps_20s
1150,0,"p8x8,b8x8,i8x8,i4x4",1,0.833612777093194,2,5,1,8,8.18468222928954,6:6,none,1,99,4,dia,61,0,1,vbr,0,baseline,0.522821707066363,32,1,89,4,43,2,34,2,0,1,Big_480p_60fps_20s
1150,0,none,0,0.833612777093194,1,14,1,8,8.18468222928954,1:1,spatial,1,99,0,dia,64,0,1,vbr,1,baseline,0.522821707066363,32,14,89,6,22,0,22,2,0,1,Big_480p_60fps_20s
1150,0,p8x8,0,0.833612777093194,2,0,1,8,8.18468222928954,1:1,none,1,99,0,dia,64,0,0,vbr,0,baseline,0.522821707066363,26,14,89,4,43,2,7,2,1,0,Big_480p_60fps_20s
1150,0,none,0,1.1890493121110384,2,0,1,8,8.18468222928954,1:1,spatial,1,99,0,dia,64,0,1,vbr,0,high,0.522821707066363,32,14,89,4,43,2,34,2,1,1,Big_480p_60fps_20s
44,0,none,0,0.833612777093194,2,0,0,8,8.18468222928954,1:1,spatial,1,99,0,dia,64,0,1,vbr,0,baseline,0.522821707066363,32,14,89,4,43,2,34,2,1,0,Big_480p_60fps_20s
85,1,p4x4,1,0.833612777093194,2,14,0,8,8.18468222928954,1:1,none,1,99,0,dia,52,0,1,vbr,1,baseline,0.522821707066363,32,14,26,6,22,0,15,2,0,1,Big_480p_60fps_20s
1150,0,"p8x8,b8x8,i8x8,i4x4",1,0.833612777093194,2,8,1,8,8.18468222928954,1:1,none,1,99,0,dia,64,1,1,vbr,0,baseline,0.522821707066363,32,14,89,6,55,1,35,1,1,0,Big_480p_60fps_20s
1150,0,"p8x8,b8x8,i8x8,i4x4",1,0.833612777093194,2,14,0,8,8.18468222928954,1:1,auto,1,99,0,dia,64,0,1,vbr,1,baseline,0.522821707066363,32,14,89,6,22,0,53,2,0,1,Big_480p_60fps_20s
1150,0,none,1,0.833612777093194,2,5,1,8,8.18468222928954,6:6,none,1,99,4,dia,61,0,1,vbr,0,baseline,0.2413842509767567,32,14,89,4,58,2,34,2,1,1,Big_480p_60fps_20s
120,0,"p8x8,b8x8,i8x8,i4x4",2,0.6224614322758999,1,1,0,-6,42.39063051967968,4:4,auto,1,14,3,dia,14,0,1,vbr,1,main,0.754809731459133,43,15,224,15,60,11,16,0,1,0,Still_image_1080p_30fps_15s
435,1,none,1,1.61840119487517,1,1,0,-6,42.39063051967968,4:4,auto,1,232,3,hex,14,0,0,cbr,1,main,0.754809731459133,43,15,224,15,60,11,16,0,1,0,Still_image_1080p_30fps_15s
435,1,none,1,1.61840119487517,1,1,0,-6,42.39063051967968,4:4,auto,1,232,3,hex,14,0,0,cbr,1,main,0.754809731459133,43,15,224,15,60,11,16,0,1,1,Still_image_1080p_30fps_15s
435,1,p4x4,2,1.456849172499039,1,1,0,-6,46.66994270916441,4:4,auto,1,14,3,dia,39,0,1,vbr,1,main,0.3878733886467093,43,15,224,15,60,11,16,0,1,0,Still_image_1080p_30fps_15s
636,1,"p8x8,b8x8,i8x8,i4x4",1,0.1079265839304079,1,9,1,-11,48.798364486726285,2:2,auto,0,31,3,dia,40,1,0,vbr,1,main,0.428395996695526,36,14,16,9,99,1,9,0,0,1,Still_image_1080p_30fps_15s
636,1,"p8x8,b8x8,i8x8,i4x4",3,0.1079265839304079,1,9,1,-11,48.798364486726285,2:2,auto,0,31,3,hex,18,0,1,cbr,0,high,0.8187346776433542,40,12,120,6,9,4,58,0,0,1,Still_image_1080p_30fps_15s
636,1,"p8x8,b8x8,i8x8,i4x4",0,0.1079265839304079,1,9,1,-11,48.798364486726285,2:2,auto,0,31,3,umh,40,0,0,vbr,1,main,0.5207858976885832,36,7,16,9,3,1,9,0,0,1,Still_image_1080p_30fps_15s
636,1,"p8x8,b8x8,i8x8,i4x4",1,0.1079265839304079,1,9,1,-11,48.798364486726285,2:2,auto,0,31,3,hex,18,0,1,cbr,0,high,0.8187346776433542,40,12,120,6,9,4,58,0,0,1,Still_image_1080p_30fps_15s
120,0,"p8x8,b8x8,i8x8,i4x4",2,0.6224614322758999,0,9,0,2,40.47608643692711,4:4,spatial,0,31,3,hex,18,0,1,cbr,0,high,0.8187346776433542,40,12,120,6,9,4,46,0,0,1,Still_image_1080p_30fps_15s
1602,1,"p8x8,b8x8,i8x8,i4x4",3,0.1079265839304079,1,9,1,-11,48.798364486726285,2:2,auto,0,31,3,hex,18,0,1,cbr,0,high,0.8187346776433542,40,12,120,6,9,4,58,0,0,1,Still_image_1080p_30fps_15s
636,1,"p8x8,b8x8,i8x8,i4x4",1,0.1079265839304079,1,9,1,-11,48.798364486726285,2:2,auto,0,31,3,hex,18,0,1,cbr,0,high,0.8187346776433542,40,12,120,6,9,4,16,0,0,1,Still_image_1080p_30fps_15s
636,1,"p8x8,b8x8,i8x8,i4x4",3,0.1079265839304079,1,9,1,-11,48.798364486726285,2:2,auto,0,31,3,hex,18,0,1,cbr,0,high,0.01071933705335,40,12,120,6,9,4,58,0,0,1,Still_image_1080p_30fps_15s
76,1,p8x8,1,0.6295137611273145,2,0,1,9,42.39063051967968,3:3,auto,0,347,1,umh,31,0,1,cbr,1,baseline,0.1211670942277379,42,2,110,1,27,7,21,1,1,0,Still_image_1080p_30fps_15s
76,0,p8x8,1,0.6295137611273145,2,0,1,9,29.58495568862226,4:4,spatial,0,51,0,dia,54,0,1,none,0,baseline,0.6493532546000097,48,4,92,2,80,0,2,0,0,0,Still_image_1080p_30fps_15s
435,1,none,1,1.61840119487517,0,1,0,-6,29.58495568862226,4:4,spatial,0,51,0,dia,54,0,1,none,0,high,0.6493532546000097,48,4,92,2,80,0,37,1,0,0,Still_image_1080p_30fps_15s
76,0,p8x8,1,0.339303660760448,2,0,1,9,29.58495568862226,4:4,spatial,0,51,0,dia,40,0,0,vbr,1,main,0.428395996695526,36,14,16,9,99,1,9,0,0,1,Still_image_1080p_30fps_15s
2354,0,none,0,1.1642414113854542,2,15,1,-9,31.24610742667336,-2:2,auto,0,297,2,umh,40,0,1,none,0,baseline,0.6493532546000097,48,4,92,2,80,0,2,0,0,0,Still_image_1080p_30fps_15s
76,0,p8x8,1,0.339303660760448,2,0,1,9,29.58495568862226,4:4,spatial,0,51,0,hex,18,0,1,cbr,0,high,0.8187346776433542,40,12,120,6,9,4,58,0,0,1,Still_image_1080p_30fps_15s
120,0,none,1,1.61840119487517,1,1,0,-6,29.58495568862226,4:4,spatial,0,51,0,dia,54,0,1,none,0,baseline,0.7897720190647256,48,4,92,2,80,0,37,1,1,0,Still_image_1080p_30fps_15s
76,1,p8x8,1,0.6295137611273145,2,0,1,9,42.39063051967968,4:4,auto,1,232,3,hex,14,0,0,cbr,1,main,0.754809731459133,43,15,224,15,60,0,16,0,0,0,Still_image_1080p_30fps_15s
2329,0,none,1,0.652229963346499,1,1,0,8,22.189436569989216,-2:2,none,0,141,4,esa,61,1,0,vbr,1,baseline,0.9042368790367616,24,4,108,1,90,7,21,2,0,2,Standard_1080p_25fps_10s
1176,0,p4x4,1,0.652229963346499,0,1,0,8,22.189436569989216,-2:2,none,1,141,4,hex,14,0,0,vbr,1,main,0.9042368790367616,32,18,238,2,56,1,16,2,0,1,Standard_1080p_25fps_10s
2329,0,none,1,0.652229963346499,0,1,0,5,22.189436569989216,4:4,none,0,141,4,esa,61,1,0,vbr,1,baseline,0.9042368790367616,24,1,108,1,90,7,21,1,0,2,Standard_1080p_25fps_10s
1601,1,none,1,0.652229963346499,1,1,0,8,22.189436569989216,-2:2,none,0,141,4,esa,61,1,0,vbr,1,baseline,0.9042368790367616,24,12,108,1,90,7,21,2,0,0,Standard_1080p_25fps_10s
1176,0,p4x4,1,0.652229963346499,0,1,0,8,22.189436569989216,-2:2,none,1,141,4,hex,14,0,0,vbr,1,main,0.7592486981119467,48,4,69,2,65,0,2,1,0,0,Standard_1080p_25fps_10s
1601,1,p4x4,3,0.652229963346499,0,1,1,8,22.189436569989216,-2:2,none,0,141,4,hex,61,1,0,vbr,0,baseline,0.9042368790367616,36,18,238,2,56,9,16,2,0,1,Standard_1080p_25fps_10s
1601,1,p4x4,3,0.652229963346499,0,1,1,8,22.189436569989216,-2:2,none,0,141,4,hex,12,1,0,vbr,0,baseline,0.9042368790367616,36,18,238,2,56,9,16,2,1,1,Standard_1080p_25fps_10s
1176,0,p4x4,1,0.652229963346499,0,1,0,8,22.189436569989216,-2:2,none,1,141,4,hex,14,0,0,vbr,0,baseline,0.9042368790367616,36,18,238,2,56,9,16,2,0,1,Standard_1080p_25fps_10s
1601,1,p4x4,3,0.652229963346499,0,1,0,8,22.189436569989216,3:3,none,0,365,4,hex,61,1,0,vbr,1,main,0.9042368790367616,32,18,238,2,56,1,16,2,0,1,Standard_1080p_25fps_10s
435,1,p4x4,2,0.7465744120613967,1,1,0,-6,46.66994270916441,4:4,none,0,141,4,esa,61,1,1,vbr,1,baseline,0.9042368790367616,24,1,108,1,90,7,21,1,0,1,Standard_1080p_25fps_10s
1601,1,none,1,0.652229963346499,1,1,0,8,22.189436569989216,-2:2,none,0,141,0,esa,38,1,0,none,1,baseline,0.9042368790367616,24,12,108,1,90,7,21,1,0,0,Standard_1080p_25fps_10s
2329,0,none,1,0.652229963346499,0,1,0,5,22.189436569989216,-2:2,none,0,141,4,esa,61,1,0,cbr,1,baseline,0.9042368790367616,34,1,164,1,90,7,51,2,0,0,Standard_1080p_25fps_10s
1601,1,none,1,0.652229963346499,1,1,0,8,22.189436569989216,-2:2,spatial,0,141,4,esa,61,0,0,vbr,1,main,0.9042368790367616,24,12,108,1,90,7,21,2,0,0,Standard_1080p_25fps_10s
2329,0,none,1,0.652229963346499,1,1,0,8,22.189436569989216,-2:2,none,0,141,4,esa,61,1,0,vbr,1,baseline,0.9042368790367616,24,12,108,1,90,8,21,2,0,0,Standard_1080p_25fps_10s
1601,1,none,1,0.652229963346499,0,1,0,-8,22.189436569989216,4:4,none,0,141,4,esa,61,1,0,vbr,1,baseline,0.842362423650262,24,1,108,1,90,7,21,1,0,2,Standard_1080p_25fps_10s
2329,0,none,1,0.652229963346499,1,1,0,8,22.189436569989216,-2:2,none,0,208,4,esa,61,1,0,vbr,1,baseline,0.9042368790367616,24,12,108,3,90,7,21,2,0,0,Standard_1080p_25fps_10s
435,1,p4x4,0,0.652229963346499,0,1,0,8,22.189436569989216,-2:2,temporal,0,141,4,hex,14,0,0,vbr,1,main,0.9042368790367616,32,18,238,2,56,1,50,2,0,1,Standard_1080p_25fps_10s
2329,0,none,1,0.652229963346499,1,1,0,8,22.189436569989216,-2:2,none,0,141,4,esa,61,1,0,none,1,baseline,0.9042368790367616,24,1,108,1,90,11,21,1,1,2,Standard_1080p_25fps_10s
2329,0,none,1,0.652229963346499,0,1,0,5,22.189436569989216,4:4,none,0,141,4,esa,61,1,0,vbr,1,baseline,0.9042368790367616,42,4,108,1,90,2,21,0,0,2,Standard_1080p_25fps_10s
1601,1,none,1,0.4746446796613082,1,2,0,8,22.189436569989216,-2:2,temporal,0,141,4,hex,57,0,0,vbr,1,main,0.9042368790367616,32,18,238,2,56,1,18,2,1,2,Standard_1080p_25fps_10s
1176,0,p4x4,1,0.652229963346499,0,1,0,8,22.189436569989216,-2:2,none,1,141,4,hex,14,0,0,vbr,1,main,0.9042368790367616,32,18,238,2,56,1,16,2,0,1,Action_480p_25fps_15s
2329,0,none,1,0.652229963346499,1,1,0,8,22.189436569989216,-2:2,none,0,141,4,esa,61,1,0,vbr,1,baseline,0.9042368790367616,24,4,108,1,90,7,21,2,0,2,Action_480p_25fps_15s
1176,0,p4x4,1,0.652229963346499,0,1,0,8,22.189436569989216,-2:2,none,1,141,4,hex,14,0,0,vbr,0,baseline,0.9042368790367616,36,18,238,2,56,9,16,2,0,1,Action_480p_25fps_15s
1601,1,none,1,0.652229963346499,1,1,0,8,22.189436569989216,-2:2,none,0,141,4,esa,61,1,0,vbr,1,baseline,0.9042368790367616,24,12,108,1,90,7,21,2,0,0,Action_480p_25fps_15s
2329,0,none,1,0.652229963346499,0,1,0,5,22.189436569989216,4:4,none,0,141,4,esa,61,1,0,vbr,1,baseline,0.9042368790367616,24,1,108,1,90,7,21,1,0,2,Action_480p_25fps_15s
1601,1,p4x4,3,0.652229963346499,0,1,1,8,22.189436569989216,-2:2,none,0,141,4,hex,61,1,0,vbr,0,baseline,0.9042368790367616,36,18,238,2,56,9,16,2,0,1,Action_480p_25fps_15s
1176,0,p4x4,1,0.652229963346499,0,1,0,8,22.189436569989216,-2:2,none,1,141,4,hex,14,0,0,vbr,1,main,0.7592486981119467,48,4,69,2,65,0,2,1,0,0,Action_480p_25fps_15s
435,1,p4x4,2,0.7465744120613967,1,1,0,-6,46.66994270916441,4:4,none,0,141,4,esa,61,1,1,vbr,1,baseline,0.9042368790367616,24,1,108,1,90,7,21,1,0,1,Action_480p_25fps_15s
1601,1,p4x4,3,0.652229963346499,0,1,0,8,22.189436569989216,3:3,none,0,365,4,hex,61,1,0,vbr,1,main,0.9042368790367616,32,18,238,2,56,1,16,2,0,1,Action_480p_25fps_15s
1601,1,p4x4,3,0.652229963346499,0,1,1,8,22.189436569989216,-2:2,none,0,141,4,hex,12,1,0,vbr,0,baseline,0.9042368790367616,36,18,238,2,56,9,16,2,1,1,Action_480p_25fps_15s
1601,1,p4x4,3,0.652229963346499,0,1,1,8,22.189436569989216,-2:2,none,0,141,4,hex,61,1,0,vbr,1,main,0.541895027856102,32,18,238,2,56,1,16,2,0,2,Action_480p_25fps_15s
1601,1,none,1,0.652229963346499,1,1,0,8,22.189436569989216,-2:2,none,0,141,4,esa,61,0,0,vbr,1,high,0.9042368790367616,24,5,108,12,90,7,21,2,0,0,Action_480p_25fps_15s
1601,1,none,0,1.5915201483657924,1,1,0,8,22.189436569989216,-2:2,temporal,0,141,4,esa,61,1,0,vbr,1,baseline,0.9042368790367616,24,12,108,1,90,2,21,2,0,0,Action_480p_25fps_15s
1601,1,p4x4,3,1.8697947363620344,0,1,1,8,16.928541766770305,-2:2,none,0,141,4,hex,14,0,0,vbr,1,main,0.7592486981119467,48,4,69,2,65,0,2,1,0,0,Action_480p_25fps_15s
1601,1,p4x4,3,0.652229963346499,1,1,1,8,22.189436569989216,-2:2,none,1,141,4,hex,61,1,0,vbr,0,baseline,0.9042368790367616,36,4,69,2,65,11,2,1,0,0,Action_480p_25fps_15s
1608,1,p4x4,1,0.652229963346499,0,1,0,8,22.189436569989216,3:3,none,0,365,4,umh,61,1,0,vbr,1,baseline,0.9042368790367616,24,4,108,1,90,7,16,2,0,2,Action_480p_25fps_15s
76,0,p8x8,1,0.6295137611273145,2,0,1,9,22.189436569989216,-2:2,none,0,141,4,esa,61,1,0,cbr,1,baseline,0.9042368790367616,24,12,108,1,90,7,21,2,0,0,Action_480p_25fps_15s
1608,1,p4x4,1,0.652229963346499,0,1,0,8,22.189436569989216,3:3,none,0,141,4,hex,61,1,0,vbr,0,baseline,0.9042368790367616,36,1,210,7,56,9,16,2,0,1,Action_480p_25fps_15s
1601,1,p4x4,3,0.652229963346499,0,1,1,8,3.303017311009889,-2:2,none,0,365,4,umh,61,1,0,vbr,0,baseline,0.9042368790367616,31,12,108,1,90,7,16,1,0,2,Action_480p_25fps_15s
1601,1,p4x4,3,0.652229963346499,0,2,1,-6,22.189436569989216,-2:2,none,0,365,4,umh,61,1,0,vbr,1,baseline,0.9042368790367616,24,4,108,1,90,7,8,2,1,1,Action_480p_25fps_15s
1004,1,all,0,0.1097105882687348,1,15,1,-11,39.99158204942191,-2:2,none,0,249,1,hex,32,0,0,none,0,main,0.0144497484505856,31,1,114,10,31,3,3,0,1,0,Big_720p_25fps_20s
1004,1,all,0,0.1097105882687348,1,15,1,-11,17.760769974633675,-2:2,none,0,249,1,hex,32,0,0,none,0,baseline,0.916497737652356,48,3,92,2,43,0,2,0,1,0,Big_720p_25fps_20s
1174,1,all,0,0.1097105882687348,1,15,1,-11,17.760769974633675,4:-4,none,0,249,1,hex,32,0,0,none,0,baseline,0.916497737652356,48,3,92,2,43,0,2,0,1,0,Big_720p_25fps_20s
1004,1,all,0,0.1097105882687348,1,15,0,-11,39.99158204942191,-2:2,none,0,249,1,hex,32,0,0,none,0,baseline,0.0144497484505856,50,1,114,10,0,3,3,0,1,0,Big_720p_25fps_20s
1004,1,all,0,0.1097105882687348,1,15,1,-11,37.62230308663513,-2:2,none,0,249,1,hex,32,0,0,none,0,high,0.916497737652356,25,3,92,2,43,0,2,0,1,0,Big_720p_25fps_20s
1972,0,"p8x8,b8x8,i8x8,i4x4",3,0.6807787787673821,0,3,1,-9,25.839508181674027,2:2,temporal,1,376,3,dia,45,0,1,cbr,0,baseline,0.0104168854384652,23,4,72,16,3,5,21,1,0,0,Big_720p_25fps_20s
1972,0,none,3,0.6807787787673821,0,3,1,-9,25.839508181674027,2:2,none,1,376,3,dia,45,0,1,cbr,1,high,0.0104168854384652,23,4,72,16,91,5,21,1,0,0,Big_720p_25fps_20s
1972,0,"p8x8,b8x8,i8x8,i4x4",3,0.6807787787673821,1,3,1,-9,25.839508181674027,2:2,auto,1,370,2,hex,23,1,0,cbr,0,main,0.9614790448041663,37,18,229,11,76,1,31,2,1,2,Big_720p_25fps_20s
1174,1,"p8x8,b8x8,i8x8,i4x4",0,0.8846362895873626,1,1,1,-9,25.839508181674027,2:2,auto,1,370,2,hex,23,1,0,none,1,main,0.9614790448041663,37,7,229,11,76,1,31,2,1,2,Big_720p_25fps_20s
1972,0,"p8x8,b8x8,i8x8,i4x4",3,0.6807787787673821,1,3,1,-9,25.839508181674027,2:2,auto,1,370,2,hex,31,1,0,cbr,0,main,0.9614790448041663,31,1,114,12,31,3,3,0,1,0,Big_720p_25fps_20s
1972,0,"p8x8,b8x8,i8x8,i4x4",3,0.6807787787673821,0,3,1,-9,25.839508181674027,2:2,auto,1,370,0,dia,43,0,0,cbr,0,baseline,0.827606847004718,51,17,223,8,80,6,42,1,1,0,Big_720p_25fps_20s
1004,1,"p8x8,b8x8,i8x8,i4x4",3,0.6807787787673821,2,3,1,-9,25.839508181674027,2:2,auto,1,370,1,hex,23,1,0,cbr,1,main,0.9614790448041663,37,18,229,11,76,1,31,2,1,2,Big_720p_25fps_20s
1443,1,p8x8,3,0.232016658957973,0,3,1,7,32.97203141177098,4:-4,spatial,1,370,2,hex,23,1,0,cbr,1,main,0.9614790448041663,37,18,229,11,76,1,31,2,1,2,Big_720p_25fps_20s
1972,0,"p8x8,b8x8,i8x8,i4x4",3,0.6807787787673821,1,3,1,-9,25.839508181674027,2:2,auto,1,370,2,esa,23,1,0,none,1,main,0.9614790448041663,37,7,229,11,76,1,31,2,1,2,Big_720p_25fps_20s
1972,0,"p8x8,b8x8,i8x8,i4x4",3,0.6807787787673821,0,3,1,-9,25.839508181674027,2:2,auto,1,370,2,dia,43,0,0,cbr,0,baseline,0.827606847004718,51,17,223,8,80,6,42,1,0,0,Big_720p_25fps_20s
1443,1,p8x8,3,0.232016658957973,0,3,1,7,32.97203141177098,4:-4,spatial,0,376,3,dia,45,0,1,none,1,main,0.3157458481148581,26,7,10,3,93,4,11,1,0,0,Big_720p_25fps_20s
1929,0,p8x8,3,0.6039711901231941,1,10,1,11,8.866500646093648,5:-5,spatial,0,23,3,hex,15,0,1,cbr,0,baseline,0.0104168854384652,23,11,72,16,10,7,21,1,0,0,Big_720p_25fps_20s
2050,0,p4x4,0,0.4371457905377309,0,1,1,7,41.823951441229056,-5:5,spatial,0,389,4,dia,46,0,0,cbr,0,main,0.6231124875551697,37,4,43,12,96,3,22,0,1,0,Big_720p_25fps_20s
2050,0,p4x4,0,0.4371457905377309,0,1,1,7,41.823951441229056,-5:5,spatial,0,389,4,dia,46,1,0,cbr,0,main,0.6231124875551697,37,4,43,12,55,3,25,0,1,0,Big_720p_25fps_20s
2050,0,p4x4,0,0.4371457905377309,0,1,1,7,41.823951441229056,-5:5,auto,0,389,4,dia,52,0,0,cbr,0,high,0.6231124875551697,37,4,43,12,96,3,22,0,1,0,Big_720p_25fps_20s
1004,1,all,0,0.1097105882687348,1,15,1,-11,17.760769974633675,-2:2,none,0,249,1,hex,32,0,0,none,0,baseline,0.916497737652356,48,3,92,2,43,0,2,0,1,0,Still_image_480p_25fps_10s
1004,1,all,0,0.1097105882687348,1,15,1,-11,39.99158204942191,-2:2,none,0,249,1,hex,32,0,0,none,0,main,0.0144497484505856,31,1,114,10,31,3,3,0,1,0,Still_image_480p_25fps_10s
1004,1,all,0,0.1097105882687348,1,15,1,-11,37.62230308663513,-2:2,none,0,249,1,hex,32,0,0,none,0,high,0.916497737652356,25,3,92,2,43,0,2,0,1,0,Still_image_480p_25fps_10s
1004,1,all,0,0.1097105882687348,1,4,1,-11,17.760769974633675,-2:2,none,0,249,4,hex,32,0,0,none,0,baseline,0.916497737652356,48,3,92,2,43,0,2,0,1,0,Still_image_480p_25fps_10s
1150,0,"p8x8,b8x8,i8x8,i4x4",1,0.833612777093194,2,14,1,8,8.18468222928954,1:1,none,1,99,0,dia,64,0,1,vbr,1,baseline,0.522821707066363,32,14,89,6,22,0,53,2,0,1,Still_image_480p_25fps_10s
1150,0,p8x8,1,0.833612777093194,0,14,1,8,8.18468222928954,1:1,none,1,99,0,dia,64,0,1,vbr,0,baseline,0.522821707066363,22,20,89,4,43,2,34,2,1,1,Still_image_480p_25fps_10s
1150,0,none,0,0.833612777093194,2,0,1,8,8.18468222928954,1:1,none,1,99,0,dia,64,0,1,vbr,0,baseline,0.522821707066363,32,14,89,4,43,2,34,2,1,1,Still_image_480p_25fps_10s
1150,0,none,0,0.833612777093194,2,0,1,8,8.18468222928954,6:6,none,1,99,0,dia,64,0,1,vbr,1,baseline,0.522821707066363,32,14,89,15,43,2,34,2,1,1,Still_image_480p_25fps_10s
1150,0,none,0,0.833612777093194,2,0,1,8,8.18468222928954,1:1,none,1,99,0,dia,64,0,1,vbr,0,baseline,0.522821707066363,32,5,89,4,43,2,34,2,1,0,Still_image_480p_25fps_10s
1601,1,p4x4,3,1.4468380325675676,0,1,1,-10,48.798364486726285,1:1,none,1,99,0,dia,64,0,1,vbr,0,baseline,0.522821707066363,32,14,89,4,43,2,34,2,1,1,Still_image_480p_25fps_10s
1150,0,p8x8,1,0.833612777093194,0,14,1,8,8.18468222928954,-4:4,none,0,99,0,esa,64,0,1,vbr,0,baseline,0.522821707066363,22,20,89,4,43,3,3,0,1,0,Still_image_480p_25fps_10s
1004,1,all,0,0.1097105882687348,1,15,1,8,8.18468222928954,1:1,none,1,99,0,dia,64,1,1,vbr,0,baseline,0.522821707066363,32,14,89,4,43,2,34,2,1,1,Still_image_480p_25fps_10s
1150,0,"p8x8,b8x8,i8x8,i4x4",1,0.833612777093194,2,14,1,8,8.18468222928954,1:1,none,1,492,0,dia,64,0,1,cbr,1,baseline,0.522821707066363,32,14,63,6,22,0,53,2,0,1,Still_image_480p_25fps_10s
232,0,p8x8,1,0.833612777093194,0,14,1,12,8.18468222928954,1:1,none,1,99,0,dia,64,0,1,vbr,0,baseline,0.522821707066363,22,20,89,4,43,2,34,0,1,1,Still_image_480p_25fps_10s
1150,0,none,0,0.833612777093194,2,0,1,8,8.18468222928954,1:1,none,1,109,2,dia,64,0,1,vbr,0,baseline,0.522821707066363,32,14,89,2,43,2,34,2,1,1,Still_image_480p_25fps_10s
1150,0,none,1,0.833612777093194,0,14,1,-11,8.18468222928954,-4:4,none,0,99,0,esa,64,0,1,vbr,0,baseline,0.522821707066363,32,14,89,15,86,0,11,2,0,1,Still_image_480p_25fps_10s
1150,0,"p8x8,b8x8,i8x8,i4x4",1,0.833612777093194,2,14,0,8,8.18468222928954,1:1,none,1,99,0,dia,64,0,1,vbr,1,baseline,0.522821707066363,22,20,89,4,43,3,3,0,0,0,Still_image_480p_25fps_10s
1150,0,all,0,0.833612777093194,2,0,1,8,8.18468222928954,1:1,none,1,99,0,tesa,28,0,1,vbr,0,baseline,0.522821707066363,32,14,89,4,43,2,34,2,1,1,Still_image_480p_25fps_10s
1150,0,none,0,0.833612777093194,2,0,1,8,48.31675786595441,1:1,none,1,99,0,dia,64,0,1,vbr,0,baseline,0.522821707066363,32,14,89,4,43,2,34,2,1,1,Still_image_480p_25fps_10s
1601,1,p4x4,0,1.4468380325675676,0,1,1,-10,39.00938915308258,1:1,none,1,99,0,dia,64,0,0,vbr,0,baseline,0.522821707066363,32,14,89,4,43,2,34,0,1,0,Still_image_480p_25fps_10s
1747,0,p8x8,0,1.2609899964699047,2,7,1,-6,19.525258721275065,3:3,spatial,0,3,1,dia,56,0,0,vbr,0,main,0.11272921792057,34,9,240,6,100,11,45,0,1,2,Action_1080p_25fps_5s
76,0,p8x8,1,0.6295137611273145,2,0,1,9,29.58495568862226,4:4,spatial,0,51,0,dia,54,0,1,none,0,baseline,0.6493532546000097,48,4,92,2,80,0,2,0,0,0,Action_1080p_25fps_5s
971,0,all,0,0.5956675342343548,2,0,1,9,29.58495568862226,4:4,spatial,0,51,1,dia,54,1,1,none,0,baseline,0.6493532546000097,48,4,92,2,80,0,2,0,0,0,Action_1080p_25fps_5s
428,1,p8x8,0,0.3040522051208014,0,0,1,-7,29.58495568862226,4:4,spatial,0,51,0,dia,54,0,1,none,0,baseline,0.6493532546000097,48,4,92,2,80,0,2,0,0,1,Action_1080p_25fps_5s
76,0,p8x8,1,1.4280740192306902,2,0,1,9,29.58495568862226,4:4,spatial,0,51,2,dia,54,0,1,none,0,baseline,0.6493532546000097,48,14,166,2,45,5,9,1,1,2,Action_1080p_25fps_5s
76,0,p8x8,1,0.6295137611273145,0,0,1,9,29.58495568862226,4:4,spatial,0,51,4,dia,54,0,1,none,0,baseline,0.6493532546000097,48,4,92,2,80,0,2,0,0,0,Action_1080p_25fps_5s
1747,0,p8x8,0,1.2609899964699047,2,7,0,4,19.525258721275065,3:3,spatial,1,51,1,dia,54,0,1,none,0,baseline,0.6493532546000097,48,4,92,2,80,9,2,0,0,1,Action_1080p_25fps_5s
416,0,p8x8,1,0.6295137611273145,0,0,1,9,29.58495568862226,4:4,spatial,0,51,3,dia,59,1,1,none,0,baseline,0.6493532546000097,48,4,92,2,80,11,16,0,1,1,Action_1080p_25fps_5s
76,0,p8x8,1,0.6295137611273145,2,0,1,9,29.58495568862226,4:4,spatial,0,51,0,dia,54,0,1,none,0,baseline,0.6493532546000097,48,4,73,11,24,0,38,2,1,0,Action_1080p_25fps_5s
1049,0,"p8x8,b8x8,i8x8,i4x4",0,0.489872862652343,1,7,1,9,29.58495568862226,4:4,spatial,0,51,0,dia,54,0,1,none,0,baseline,0.6493532546000097,48,4,92,2,80,0,2,0,0,0,Action_1080p_25fps_5s
1747,0,p8x8,0,1.2609899964699047,2,7,0,4,19.525258721275065,3:3,spatial,1,51,1,dia,54,0,1,cbr,0,baseline,0.6493532546000097,48,4,92,2,18,9,2,0,0,1,Action_1080p_25fps_5s
971,0,all,0,0.5956675342343548,2,9,1,9,29.58495568862226,3:3,spatial,0,51,1,dia,54,1,1,none,1,baseline,0.6493532546000097,48,4,92,2,80,0,44,0,0,0,Action_1080p_25fps_5s
428,1,p4x4,0,0.3040522051208014,0,0,1,-7,29.58495568862226,4:4,spatial,0,51,0,dia,54,0,1,none,0,baseline,0.6493532546000097,48,4,92,2,40,0,2,0,0,0,Action_1080p_25fps_5s
76,0,p4x4,1,0.6295137611273145,2,0,0,9,29.58495568862226,4:4,spatial,0,51,0,dia,54,0,1,none,0,baseline,0.6493532546000097,48,4,92,2,80,0,2,0,0,1,Action_1080p_25fps_5s
664,1,p8x8,3,0.9981664009123554,0,1,1,7,38.26064369257572,3:3,auto,1,3,1,dia,7,0,1,cbr,0,main,0.4347372512789482,21,15,196,5,62,0,2,0,0,2,Action_1080p_25fps_5s
2159,0,"p8x8,b8x8,i8x8,i4x4",0,0.6391764567995576,0,11,1,-9,37.603593618984775,1:-1,temporal,1,220,1,hex,23,0,1,vbr,1,main,0.8187346776433542,50,5,73,11,24,0,38,2,0,0,Action_1080p_25fps_5s
2159,0,"p8x8,b8x8,i8x8,i4x4",0,0.6391764567995576,0,11,1,-1,37.603593618984775,1:-1,temporal,1,220,1,tesa,39,0,1,vbr,1,main,0.8187346776433542,50,5,73,11,24,0,38,2,0,0,Action_1080p_25fps_5s
428,1,p8x8,0,0.3040522051208014,0,8,1,-3,1.1089465765148163,-5:5,auto,1,366,2,esa,64,1,0,cbr,1,main,0.1472796638420756,22,18,153,1,56,2,29,0,0,2,Action_1080p_25fps_5s
428,1,p8x8,0,0.3040522051208014,0,8,1,-3,1.1089465765148163,-5:5,auto,1,366,2,esa,64,1,0,cbr,1,main,0.1472796638420756,34,18,153,1,56,2,29,0,0,2,Action_1080p_25fps_5s
1747,0,p8x8,0,0.489872862652343,2,7,1,-6,19.525258721275065,3:3,spatial,1,3,1,dia,7,0,1,vbr,1,main,0.4347372512789482,21,15,196,5,62,11,16,0,0,1,Action_1080p_25fps_5s
1160,1,none,3,0.8483714452546363,0,6,1,-7,23.66608224060565,2:2,none,1,76,4,hex,60,0,1,none,1,baseline,0.2668424722885874,40,12,129,5,10,10,42,0,0,2,Standard_480p_60fps_5s
1919,1,none,3,0.8483714452546363,0,6,0,-7,23.66608224060565,2:2,none,1,370,4,hex,60,0,1,none,0,main,0.2668424722885874,40,6,181,6,94,3,8,1,1,2,Standard_480p_60fps_5s
1924,0,"p8x8,b8x8,i8x8,i4x4",3,0.7866495406263841,0,10,1,-7,23.66608224060565,2:2,none,1,76,4,umh,60,0,1,none,1,baseline,0.2668424722885874,40,14,129,5,10,10,42,1,0,2,Standard_480p_60fps_5s
415,1,none,3,0.8483714452546363,0,6,0,-11,26.905861691361515,-3:3,temporal,1,1,3,dia,54,0,1,none,0,baseline,0.5575039796799706,36,10,96,4,87,10,55,0,0,2,Standard_480p_60fps_5s
1160,1,none,3,0.8483714452546363,0,5,1,-7,23.66608224060565,2:2,none,1,76,4,hex,60,0,1,none,0,baseline,0.5575039796799706,36,10,96,1,87,1,55,2,0,1,Standard_480p_60fps_5s
1924,0,"p8x8,b8x8,i8x8,i4x4",3,0.7866495406263841,1,12,0,6,26.905861691361515,-3:3,temporal,1,1,3,dia,54,0,1,none,1,baseline,0.5575039796799706,36,10,13,16,69,1,51,0,1,1,Standard_480p_60fps_5s
144,1,p4x4,3,1.7633768958285674,0,7,0,-11,29.58495568862226,4:4,spatial,0,51,0,dia,54,1,1,none,0,main,0.6493532546000097,48,4,99,15,80,6,2,0,0,2,Standard_480p_60fps_5s
2307,0,p4x4,2,0.3449194985357809,0,7,0,-7,26.23196262793729,2:-2,temporal,1,325,0,umh,26,1,1,vbr,0,main,0.9380347564681378,40,12,3,5,10,1,42,0,0,2,Standard_480p_60fps_5s
76,0,p8x8,1,0.6295137611273145,2,0,1,9,29.58495568862226,4:4,spatial,0,51,0,dia,54,0,1,none,0,baseline,0.6493532546000097,48,4,92,2,80,0,2,0,0,0,Standard_480p_60fps_5s
144,1,p4x4,3,1.7633768958285674,0,7,0,-11,26.905861691361515,4:4,spatial,0,51,0,dia,54,0,1,none,1,baseline,0.6493532546000097,48,4,92,8,80,9,2,0,0,0,Standard_480p_60fps_5s
76,0,p8x8,1,1.4661089069614963,2,0,1,-11,29.58495568862226,4:4,spatial,0,51,0,dia,54,0,1,none,0,baseline,0.6493532546000097,48,4,92,15,80,6,2,0,0,2,Standard_480p_60fps_5s
76,0,p8x8,0,0.6295137611273145,2,11,1,9,29.58495568862226,4:4,temporal,0,51,0,dia,45,0,0,none,0,baseline,0.6493532546000097,48,4,92,2,80,0,2,0,0,1,Standard_480p_60fps_5s
76,0,p4x4,1,1.4661089069614963,2,0,1,-11,26.905861691361515,-2:2,spatial,0,51,0,dia,54,1,1,none,1,baseline,0.6493532546000097,48,4,92,8,80,9,2,0,1,0,Standard_480p_60fps_5s
76,0,p8x8,1,1.4661089069614963,2,0,1,-11,29.58495568862226,4:4,spatial,0,51,0,dia,46,0,0,none,0,baseline,0.6493532546000097,48,4,92,2,80,0,2,0,0,1,Standard_480p_60fps_5s
76,0,p8x8,0,0.6295137611273145,2,11,1,9,29.58495568862226,4:4,temporal,0,51,0,esa,54,0,1,none,0,baseline,0.6493532546000097,48,4,237,15,20,6,2,0,0,2,Standard_480p_60fps_5s
2307,1,p4x4,1,0.3449194985357809,1,7,0,6,43.7319072912065,2:-2,auto,0,120,1,hex,48,1,1,none,0,baseline,0.1533191216059568,27,3,142,11,14,5,26,1,1,2,Standard_480p_60fps_5s
76,0,all,1,0.6070989188960847,2,14,1,9,20.81925472344353,4:-4,temporal,1,298,3,dia,54,1,1,cbr,1,baseline,0.2701238966513785,36,10,96,1,45,1,55,2,0,2,Standard_480p_60fps_5s
2307,1,p4x4,2,0.3449194985357809,0,7,0,-7,26.23196262793729,2:-2,temporal,0,325,0,umh,26,1,1,vbr,0,baseline,0.5575039796799706,36,10,96,1,87,1,55,2,0,1,Standard_480p_60fps_5s
1988,1,p4x4,2,0.0273679367923854,1,10,1,-11,26.905861691361515,-3:3,temporal,1,1,3,dia,54,1,1,none,1,baseline,0.5575039796799706,36,10,96,1,87,1,55,2,0,1,Standard_480p_60fps_5s
2182,1,"p8x8,b8x8,i8x8,i4x4",1,0.1428782130149134,1,10,1,-11,26.905861691361515,-5:5,temporal,1,46,3,dia,54,1,1,none,1,baseline,0.5575039796799706,36,10,96,1,87,1,55,2,0,1,Standard_480p_60fps_5s
1176,0,p4x4,1,0.652229963346499,0,1,0,8,22.189436569989216,-2:2,none,1,141,4,hex,14,0,0,vbr,1,main,0.9042368790367616,32,18,238,2,56,1,16,2,0,1,Standard_1080p_30fps_10s
2329,0,none,1,0.652229963346499,1,1,0,8,22.189436569989216,-2:2,none,0,141,4,esa,61,1,0,vbr,1,baseline,0.9042368790367616,24,4,108,1,90,7,21,2,0,2,Standard_1080p_30fps_10s
1176,0,p4x4,1,0.652229963346499,0,1,0,8,22.189436569989216,-2:2,none,0,141,4,hex,14,0,0,vbr,1,main,0.9042368790367616,22,18,238,2,56,6,16,2,0,1,Standard_1080p_30fps_10s
1509,1,none,1,0.652229963346499,1,1,0,8,22.189436569989216,4:4,none,1,141,4,esa,61,1,0,vbr,1,baseline,0.9042368790367616,24,4,108,7,90,11,21,2,0,2,Standard_1080p_30fps_10s
1004,1,p4x4,0,0.1097105882687348,1,15,1,-11,17.760769974633675,-2:2,temporal,0,141,4,esa,61,1,0,vbr,1,baseline,0.9042368790367616,24,4,108,1,90,7,41,2,0,1,Standard_1080p_30fps_10s
1004,1,all,0,0.1097105882687348,1,15,1,-7,37.62230308663513,-2:2,none,0,142,4,esa,61,1,0,vbr,1,high,0.9042368790367616,24,4,108,1,90,7,21,2,0,2,Standard_1080p_30fps_10s
1176,1,p4x4,1,0.652229963346499,0,1,0,8,22.189436569989216,-2:2,none,0,141,4,hex,14,0,0,vbr,1,main,0.9042368790367616,21,18,148,2,56,6,38,2,0,1,Standard_1080p_30fps_10s
1004,1,p4x4,0,0.1097105882687348,1,15,0,-11,17.760769974633675,-2:2,temporal,0,141,4,esa,61,1,1,vbr,1,baseline,0.9042368790367616,24,4,108,1,90,7,41,2,0,1,Standard_1080p_30fps_10s
1747,0,"p8x8,b8x8,i8x8,i4x4",0,0.7866495406263841,1,12,0,-10,37.62230308663513,-2:2,none,0,142,4,esa,61,0,0,vbr,1,high,0.9042368790367616,24,4,108,1,90,7,21,2,0,0,Standard_1080p_30fps_10s
2329,1,none,1,0.652229963346499,1,1,1,8,22.189436569989216,4:4,none,1,141,4,esa,61,1,0,vbr,1,baseline,0.9042368790367616,24,4,108,10,90,11,21,2,0,1,Standard_1080p_30fps_10s
1509,0,none,1,1.2881622200044331,1,1,0,8,22.189436569989216,5:5,none,1,141,4,esa,55,1,0,vbr,1,baseline,0.3264504621631687,24,0,108,8,90,7,21,2,0,2,Standard_1080p_30fps_10s
1176,0,p4x4,1,0.652229963346499,0,1,0,8,22.189436569989216,-2:2,none,0,141,4,esa,61,1,0,vbr,1,baseline,0.9042368790367616,24,4,108,1,90,7,21,2,0,2,Standard_1080p_30fps_10s
2329,0,none,3,0.652229963346499,1,1,0,8,22.189436569989216,-2:2,none,0,141,2,hex,14,0,0,vbr,1,main,0.9042368790367616,22,18,238,2,56,6,4,2,0,1,Standard_1080p_30fps_10s
1176,0,"p8x8,b8x8,i8x8,i4x4",0,0.9387589893309636,1,12,0,-8,37.62230308663513,-2:2,none,0,142,4,tesa,61,0,0,none,1,main,0.9042368790367616,24,4,108,1,90,7,21,2,0,0,Standard_1080p_30fps_10s
2013,0,p4x4,1,0.652229963346499,0,1,0,8,22.189436569989216,-2:2,none,0,141,4,hex,14,0,0,vbr,1,main,0.9042368790367616,22,18,238,2,56,6,33,2,0,1,Standard_1080p_30fps_10s
1176,0,p4x4,0,0.6794705123780858,0,1,0,8,22.189436569989216,-2:2,none,0,141,4,hex,14,0,0,vbr,1,main,0.9042368790367616,22,18,238,2,56,11,21,2,0,2,Standard_1080p_30fps_10s
1509,1,none,1,0.652229963346499,1,1,0,8,22.189436569989216,4:4,none,1,141,4,esa,61,0,0,vbr,1,baseline,0.9042368790367616,24,4,108,7,90,6,16,2,0,1,Standard_1080p_30fps_10s
692,1,p4x4,1,0.652229963346499,0,1,0,8,22.189436569989216,-2:2,none,0,141,4,hex,14,0,1,vbr,0,baseline,0.522821707066363,32,14,89,4,43,2,34,2,1,1,Standard_1080p_30fps_10s
1509,1,none,2,0.652229963346499,1,1,0,8,22.189436569989216,1:1,none,1,99,3,hex,5,0,0,vbr,1,main,0.9042368790367616,21,18,148,2,56,2,38,2,0,1,Standard_1080p_30fps_10s
2329,0,none,1,0.652229963346499,1,1,0,8,22.189436569989216,-2:2,none,0,259,4,esa,61,1,0,vbr,1,baseline,0.9042368790367616,24,4,108,1,2,7,21,2,0,2,Standard_1080p_30fps_10s
1135,1,p8x8,2,0.2448882861477751,0,5,1,-2,15.269909978502003,3:-3,temporal,0,8,4,dia,48,1,1,cbr,1,baseline,0.7363196137975182,40,1,8,10,12,9,53,0,1,0,Action_480p_30fps_20s
652,1,p4x4,2,0.2598303388488598,2,13,1,9,20.533401294486865,-3:3,none,0,180,3,esa,48,1,0,none,1,high,0.2834053687505046,44,14,225,10,2,10,9,2,0,0,Action_480p_30fps_20s
652,1,p4x4,2,0.2598303388488598,2,13,1,9,20.533401294486865,6:6,none,0,180,3,esa,48,1,0,none,1,high,0.2834053687505046,44,14,225,10,2,10,9,2,0,0,Action_480p_30fps_20s
1760,1,none,3,0.6213877150429228,0,11,0,10,18.968836038370767,-2:2,spatial,0,333,4,tesa,40,0,1,vbr,0,baseline,0.6493532546000097,48,4,92,2,73,0,2,2,0,0,Action_480p_30fps_20s
1760,1,none,3,0.6213877150429228,0,11,0,10,18.968836038370767,-2:2,spatial,0,333,4,tesa,40,0,1,vbr,0,baseline,0.6493532546000097,48,4,92,2,40,0,2,2,1,1,Action_480p_30fps_20s
1760,1,none,3,1.7693267634985448,0,11,0,10,18.968836038370767,-2:2,spatial,0,333,0,tesa,26,0,1,vbr,0,baseline,0.6493532546000097,48,4,92,2,40,0,2,2,1,0,Action_480p_30fps_20s
76,0,p8x8,0,0.6213877150429228,0,11,0,12,18.968836038370767,-2:2,temporal,0,155,4,hex,40,1,1,vbr,0,baseline,0.1962586791910841,48,4,92,2,40,0,2,2,1,1,Action_480p_30fps_20s
1135,0,p8x8,2,0.2448882861477751,0,5,1,-2,15.269909978502003,3:-3,temporal,1,8,4,dia,48,1,1,vbr,1,baseline,0.7363196137975182,40,1,8,10,12,9,57,1,0,1,Action_480p_30fps_20s
76,0,p8x8,1,0.6295137611273145,2,0,1,9,29.58495568862226,4:4,spatial,0,51,0,dia,54,0,1,none,0,baseline,0.6493532546000097,48,4,92,2,80,0,2,0,0,0,Action_480p_30fps_20s
76,0,p8x8,3,0.6295137611273145,2,0,1,9,29.58495568862226,4:4,spatial,1,51,0,dia,54,1,1,vbr,0,baseline,0.4324797694416726,27,11,58,16,8,9,21,0,0,0,Action_480p_30fps_20s
76,0,none,1,0.6295137611273145,2,0,1,9,29.58495568862226,4:4,spatial,0,51,0,dia,54,0,1,none,0,main,0.7541772489261985,29,7,235,7,0,3,53,0,1,0,Action_480p_30fps_20s
76,0,p8x8,1,0.6295137611273145,2,0,1,9,29.58495568862226,4:4,spatial,0,51,0,dia,54,0,1,cbr,0,baseline,0.6188389676702735,48,4,92,2,80,0,2,0,0,0,Action_480p_30fps_20s
453,0,none,1,0.6295137611273145,2,0,1,6,29.58495568862226,4:4,spatial,0,51,0,dia,54,1,1,none,0,main,0.7541772489261985,29,7,235,7,0,3,57,1,0,0,Action_480p_30fps_20s
76,0,none,1,0.6295137611273145,2,0,1,9,29.58495568862226,4:4,spatial,0,51,0,dia,54,0,1,none,0,main,0.9224510072413056,29,17,235,7,0,3,53,1,0,0,Action_480p_30fps_20s
2206,0,none,1,0.5819052194049628,2,0,1,9,29.58495568862226,4:4,spatial,0,51,0,dia,54,0,1,none,0,main,0.7541772489261985,34,19,8,13,45,0,6,1,0,2,Action_480p_30fps_20s
78,1,p4x4,0,1.3446797288834942,2,13,1,9,20.533401294486865,-3:3,spatial,1,51,0,dia,44,0,1,cbr,0,baseline,0.6188389676702735,51,4,92,2,80,0,2,0,1,0,Action_480p_30fps_20s
76,0,p8x8,1,0.6295137611273145,2,0,1,9,29.58495568862226,4:4,temporal,0,51,0,dia,54,0,1,cbr,0,main,0.4139769729822948,34,7,137,6,69,7,48,1,0,1,Action_480p_30fps_20s
76,0,none,1,0.6295137611273145,2,0,0,9,29.58495568862226,4:4,spatial,0,51,0,umh,54,1,1,vbr,0,baseline,0.4324797694416726,27,11,58,16,78,9,21,0,0,0,Action_480p_30fps_20s
76,0,none,1,0.6295137611273145,0,0,1,9,29.58495568862226,4:4,spatial,0,441,1,dia,54,0,1,none,1,main,0.6493532546000097,21,4,92,2,73,0,46,2,0,0,Action_480p_30fps_20s
652,0,p8x8,2,0.2598303388488598,2,13,1,9,20.533401294486865,6:6,none,0,466,0,dia,19,0,1,cbr,0,baseline,0.6188389676702735,48,4,92,2,80,0,2,0,0,0,Action_480p_30fps_20s
378,1,p4x4,1,0.9844437172708528,0,11,0,0,18.518682570557125,5:-5,spatial,0,440,4,hex,33,1,1,none,1,high,0.6407411631595799,44,3,22,2,95,1,21,0,1,1,Still_image_1080p_25fps_10s
378,1,p4x4,1,0.9844437172708528,0,11,0,0,18.518682570557125,5:-5,spatial,0,440,4,esa,33,1,1,vbr,1,high,0.842362423650262,32,8,180,4,82,5,31,0,1,2,Still_image_1080p_25fps_10s
962,0,p4x4,1,0.9874431828832262,2,2,1,0,18.518682570557125,5:-5,spatial,0,440,4,hex,33,1,1,none,1,high,0.6407411631595799,44,3,22,2,95,1,21,0,1,1,Still_image_1080p_25fps_10s
378,1,p4x4,1,0.9844437172708528,0,11,0,-2,18.518682570557125,5:-5,spatial,0,440,4,hex,7,1,1,none,1,high,0.6407411631595799,44,3,22,2,31,6,62,2,1,1,Still_image_1080p_25fps_10s
378,1,all,1,0.9844437172708528,0,11,0,0,48.98047596095174,5:-5,spatial,0,440,4,hex,33,0,1,none,1,high,0.2560509306016201,44,3,22,11,95,1,21,0,1,2,Still_image_1080p_25fps_10s
1057,0,p4x4,1,0.8145269754488417,0,11,0,0,4.983576881606389,5:-5,spatial,0,440,4,hex,33,1,1,none,1,high,0.6407411631595799,49,3,22,9,95,7,21,0,1,1,Still_image_1080p_25fps_10s
378,1,p4x4,2,0.9844437172708528,0,11,0,0,18.518682570557125,5:-5,spatial,0,317,4,esa,33,1,0,vbr,1,main,0.842362423650262,32,8,22,2,95,1,21,0,1,0,Still_image_1080p_25fps_10s
378,1,p4x4,1,1.5200095952202684,0,1,1,0,1.9968515835133664,5:-5,spatial,0,440,4,tesa,33,1,1,none,1,high,0.6407411631595799,44,11,180,4,82,5,31,0,1,0,Still_image_1080p_25fps_10s
1499,0,none,2,0.3662981685102694,0,1,1,0,33.36921344441405,5:-5,spatial,0,440,2,hex,33,1,1,cbr,1,high,0.6407411631595799,44,3,237,2,95,1,21,0,1,1,Still_image_1080p_25fps_10s
2222,0,none,2,0.3662981685102694,0,1,1,2,40.204606864794656,5:-5,spatial,0,440,4,hex,7,1,1,none,1,high,0.6407411631595799,44,3,22,2,31,6,62,2,1,1,Still_image_1080p_25fps_10s
1992,1,"p8x8,b8x8,i8x8,i4x4",1,0.9844437172708528,0,9,0,-2,18.518682570557125,5:-5,auto,0,440,4,hex,7,1,1,none,0,high,0.6407411631595799,47,3,22,2,31,6,8,2,1,1,Still_image_1080p_25fps_10s
378,1,p4x4,1,0.9844437172708528,0,11,0,0,18.518682570557125,5:-5,spatial,0,94,4,hex,33,0,0,none,1,high,0.6407411631595799,44,3,22,2,95,7,21,0,0,1,Still_image_1080p_25fps_10s
378,0,p4x4,1,0.9844437172708528,0,11,0,-2,18.518682570557125,2:-2,spatial,0,440,0,hex,7,1,1,none,1,high,0.6407411631595799,44,8,22,2,31,6,38,2,1,1,Still_image_1080p_25fps_10s
378,1,p4x4,1,0.9844437172708528,0,11,0,-2,18.518682570557125,5:-5,spatial,0,440,4,hex,33,1,1,none,0,high,0.6407411631595799,42,3,22,2,95,1,21,0,1,1,Still_image_1080p_25fps_10s
378,1,p4x4,1,0.9844437172708528,0,11,0,0,18.518682570557125,5:-5,spatial,1,440,4,hex,39,1,1,none,1,high,0.6407411631595799,44,12,110,2,32,6,62,2,1,1,Still_image_1080p_25fps_10s
378,1,none,1,0.9844437172708528,0,11,0,0,18.518682570557125,5:-5,spatial,1,440,4,hex,7,1,1,none,1,high,0.6407411631595799,44,3,22,2,31,6,62,2,0,1,Still_image_1080p_25fps_10s
378,1,p4x4,1,0.9844437172708528,0,10,0,0,18.518682570557125,1:-1,spatial,0,440,4,hex,33,1,1,none,1,high,0.6407411631595799,44,3,22,2,95,1,21,2,0,1,Still_image_1080p_25fps_10s
378,1,p4x4,1,0.9844437172708528,0,11,0,0,18.518682570557125,5:-5,spatial,0,440,4,hex,33,1,1,none,1,high,0.6407411631595799,44,3,213,2,11,1,21,0,1,1,Still_image_1080p_25fps_10s
378,1,all,1,0.9844437172708528,0,11,0,-6,48.98047596095174,5:-5,spatial,0,415,4,hex,21,0,1,vbr,0,high,0.2560509306016201,44,3,22,11,95,1,21,0,1,2,Still_image_1080p_25fps_10s
378,1,all,1,0.9844437172708528,0,11,0,0,48.98047596095174,5:-5,spatial,0,440,4,hex,33,0,1,none,1,high,0.2560509306016201,44,3,244,11,95,1,21,0,1,1,Still_image_1080p_25fps_10s
1286,1,none,3,0.2150301871019863,1,1,1,0,46.1513724859604,6:6,spatial,1,197,3,dia,7,1,1,vbr,1,high,0.6661240681542979,26,9,159,11,7,9,28,2,1,1,Big_720p_60fps_20s
1286,1,none,3,0.2150301871019863,1,1,1,0,46.1513724859604,3:3,spatial,1,197,3,dia,16,1,1,vbr,1,high,0.6661240681542979,26,9,159,11,7,9,9,1,1,2,Big_720p_60fps_20s
2220,1,p8x8,2,0.6842316185031362,1,14,1,-1,46.1513724859604,6:6,spatial,1,197,3,dia,5,1,1,vbr,0,high,0.6661240681542979,26,9,159,11,7,9,28,2,1,0,Big_720p_60fps_20s
1286,1,p8x8,3,0.2150301871019863,1,1,1,-7,46.1513724859604,3:3,spatial,1,197,3,dia,16,1,0,vbr,1,high,0.6661240681542979,26,9,159,11,7,9,9,1,1,2,Big_720p_60fps_20s
1286,1,none,3,0.2150301871019863,2,1,1,0,46.1513724859604,3:3,spatial,1,197,3,dia,16,1,1,vbr,1,high,0.6661240681542979,26,9,159,13,7,9,9,1,1,2,Big_720p_60fps_20s
2297,0,none,3,1.2702875263645028,2,7,1,10,17.677886521147766,5:5,spatial,1,360,3,esa,56,0,0,none,1,high,0.966133998258646,27,1,91,4,96,0,58,2,0,0,Big_720p_60fps_20s
1286,1,none,0,0.6946107451703206,1,14,1,0,46.1513724859604,3:3,spatial,1,197,3,esa,12,0,0,none,1,high,0.966133998258646,47,1,91,4,96,0,58,1,0,0,Big_720p_60fps_20s
901,0,none,2,0.1268705957246806,0,10,0,6,46.25334609933984,-3:3,auto,1,138,1,umh,54,1,1,none,0,baseline,0.3598537077429952,27,1,91,4,96,0,58,2,1,2,Big_720p_60fps_20s
901,0,none,2,0.1268705957246806,0,10,0,6,46.25334609933984,-3:3,auto,1,138,1,umh,54,1,1,none,0,baseline,0.3598537077429952,27,1,91,4,96,0,60,2,1,1,Big_720p_60fps_20s
2220,0,none,3,1.2702875263645028,2,13,1,10,17.677886521147766,5:5,spatial,1,360,3,esa,56,1,0,none,1,high,0.966133998258646,27,15,91,4,96,0,58,0,0,0,Big_720p_60fps_20s
383,1,none,1,0.9687268975797468,2,10,1,8,45.061290920138205,-1:1,none,1,189,3,hex,54,0,1,cbr,0,baseline,0.6493532546000097,48,10,92,2,83,0,2,0,0,0,Big_720p_60fps_20s
1286,0,none,1,0.9687268975797468,2,10,1,8,45.061290920138205,-1:1,none,1,189,3,hex,54,0,1,cbr,0,baseline,0.6493532546000097,48,10,92,15,83,0,2,0,0,0,Big_720p_60fps_20s
2088,0,p8x8,3,0.6842316185031362,1,7,1,11,49.46156209649037,-3:3,none,1,189,4,hex,52,1,1,none,1,main,0.4477969605903525,23,1,19,10,92,0,26,2,1,0,Big_720p_60fps_20s
383,1,none,1,0.9687268975797468,2,10,1,8,8.798928795452127,-3:3,none,1,189,1,hex,55,1,0,none,1,main,0.4477969605903525,23,1,19,10,92,0,26,2,1,0,Big_720p_60fps_20s
1286,1,none,3,0.6842316185031362,1,14,1,11,49.46156209649037,-3:3,none,1,189,3,hex,52,1,0,none,0,main,0.4477969605903525,23,1,19,13,92,0,26,2,1,0,Big_720p_60fps_20s
2088,0,p8x8,3,0.6842316185031362,1,7,1,11,49.46156209649037,-3:3,none,1,189,4,hex,52,1,1,none,0,baseline,0.6493532546000097,48,4,92,2,80,0,2,0,0,0,Big_720p_60fps_20s
901,0,none,2,0.1268705957246806,0,10,1,6,19.54899692411452,-3:3,spatial,1,51,0,tesa,55,1,1,none,1,main,0.4477969605903525,23,1,19,10,92,0,26,2,1,0,Big_720p_60fps_20s
2220,1,none,2,0.6842316185031362,1,14,1,11,49.46156209649037,3:-3,auto,1,189,4,hex,52,0,1,none,1,main,0.4477969605903525,23,1,19,10,92,2,26,2,1,0,Big_720p_60fps_20s
2088,0,p8x8,3,0.6842316185031362,1,7,1,11,49.46156209649037,-3:3,none,1,191,3,hex,52,1,0,none,1,main,0.4477969605903525,23,1,19,16,92,0,26,2,1,0,Big_720p_60fps_20s
1286,1,none,3,0.6842316185031362,1,14,1,5,49.46156209649037,-3:3,none,1,189,3,hex,52,0,0,none,0,main,0.4477969605903525,23,17,19,13,92,0,26,2,1,0,Big_720p_60fps_20s
1690,1,none,2,1.1536539324358672,0,13,1,7,37.37799214063269,4:-4,auto,0,20,4,esa,63,1,0,vbr,1,high,0.0833025022174705,43,10,149,12,23,0,20,1,1,1,Big_480p_30fps_10s
183,0,p4x4,1,0.947122531673516,2,13,0,7,37.37799214063269,4:-4,auto,0,20,4,esa,9,1,0,vbr,1,high,0.0833025022174705,43,10,149,12,21,0,20,1,1,1,Big_480p_30fps_10s
183,1,p4x4,1,0.1252347426477105,2,13,0,7,37.37799214063269,4:-4,auto,1,20,4,esa,9,1,0,vbr,1,high,0.0833025022174705,43,10,149,12,21,0,20,1,1,1,Big_480p_30fps_10s
183,0,p4x4,1,0.947122531673516,2,13,1,7,37.37799214063269,6:6,auto,0,20,3,esa,9,1,0,vbr,1,high,0.0833025022174705,43,10,167,12,21,0,11,1,1,1,Big_480p_30fps_10s
1690,1,none,2,1.1536539324358672,0,13,0,7,37.37799214063269,4:-4,auto,0,20,4,esa,63,1,1,none,0,baseline,0.6071985520676814,48,4,92,2,80,0,2,0,0,0,Big_480p_30fps_10s
1690,1,none,2,1.1536539324358672,0,13,1,7,37.37799214063269,4:-4,auto,1,20,2,esa,63,1,0,vbr,1,high,0.595637840609091,43,10,134,12,23,0,20,1,1,1,Big_480p_30fps_10s
183,1,p4x4,1,0.1252347426477105,2,13,0,7,19.803305101281254,-6:6,auto,1,20,4,esa,9,1,0,vbr,1,high,0.0833025022174705,43,10,149,12,21,0,20,1,1,1,Big_480p_30fps_10s
183,0,p4x4,1,0.947122531673516,2,1,0,7,37.37799214063269,4:-4,auto,0,20,4,esa,9,1,0,vbr,1,high,0.0833025022174705,43,10,149,12,56,0,20,1,1,1,Big_480p_30fps_10s
183,0,p4x4,1,0.947122531673516,0,13,0,7,37.37799214063269,4:-4,auto,0,20,4,esa,9,1,0,vbr,1,high,0.0833025022174705,43,10,149,12,21,0,20,1,1,1,Big_480p_30fps_10s
183,0,p4x4,1,0.1252347426477105,2,13,0,7,37.37799214063269,4:-4,auto,1,20,1,esa,9,1,0,vbr,1,high,0.0833025022174705,43,10,26,8,23,0,20,1,1,1,Big_480p_30fps_10s
1690,0,none,2,1.1536539324358672,0,13,1,7,37.37799214063269,4:-4,auto,0,20,2,esa,63,1,0,vbr,1,main,0.0833025022174705,43,19,149,4,21,11,20,1,1,1,Big_480p_30fps_10s
1690,1,none,0,1.1536539324358672,0,13,1,7,36.62375825635244,4:-4,auto,0,20,0,esa,63,1,0,vbr,1,high,0.0833025022174705,49,20,140,12,11,6,9,1,0,1,Big_480p_30fps_10s
183,1,none,1,0.1252347426477105,2,9,0,7,37.37799214063269,4:-4,auto,1,20,2,esa,9,1,0,vbr,1,high,0.0833025022174705,43,10,149,12,21,0,20,2,1,1,Big_480p_30fps_10s
183,1,p4x4,1,0.1252347426477105,2,13,0,7,37.37799214063269,4:-4,auto,1,20,4,esa,9,1,0,vbr,0,high,0.0833025022174705,43,10,149,12,21,0,20,1,1,1,Big_480p_30fps_10s
2312,1,all,2,1.5254810059786288,1,12,1,0,20.22392099321321,3:-3,auto,1,12,1,umh,36,1,1,none,0,baseline,0.6071985520676814,48,4,92,2,80,0,2,0,0,0,Big_480p_30fps_10s
2312,1,p4x4,2,1.5254810059786288,1,12,1,0,20.22392099321321,3:-3,auto,1,12,1,umh,36,1,1,none,0,baseline,0.6071985520676814,48,4,149,2,80,0,2,0,0,0,Big_480p_30fps_10s
2294,1,all,2,1.5254810059786288,1,12,1,0,20.22392099321321,3:-3,auto,1,12,1,umh,55,1,1,none,1,high,0.9370552052943216,27,6,11,14,63,10,18,2,1,1,Big_480p_30fps_10s
1150,0,none,0,0.833612777093194,2,14,1,8,8.18468222928954,1:1,none,1,99,0,dia,64,0,1,vbr,0,baseline,0.522821707066363,32,14,89,4,43,2,34,0,0,1,Big_480p_30fps_10s
652,1,p4x4,1,1.120318077542234,1,10,0,6,31.03969158598609,-3:3,none,1,84,3,dia,64,0,1,vbr,0,baseline,0.522821707066363,32,14,89,4,43,2,26,0,0,1,Big_480p_30fps_10s
183,1,p4x4,1,0.947122531673516,2,9,0,-12,40.31692648965526,1:-1,none,1,99,0,dia,64,0,1,vbr,0,baseline,0.522821707066363,32,5,89,4,43,6,34,0,0,1,Big_480p_30fps_10s
183,1,p4x4,1,0.1252347426477105,2,13,0,7,37.37799214063269,4:-4,auto,1,20,4,esa,9,1,0,vbr,1,high,0.0833025022174705,43,10,149,12,21,0,20,1,1,1,Big_480p_25fps_10s
183,0,p4x4,1,0.947122531673516,2,13,0,7,37.37799214063269,4:-4,auto,0,20,4,esa,9,1,0,vbr,1,high,0.0833025022174705,43,10,149,12,21,0,20,1,1,1,Big_480p_25fps_10s
1690,1,none,2,1.1536539324358672,0,13,1,7,37.37799214063269,4:-4,auto,0,20,4,esa,63,1,0,vbr,1,high,0.0833025022174705,43,10,149,12,23,0,20,1,1,1,Big_480p_25fps_10s
183,0,p4x4,1,0.947122531673516,2,13,1,7,37.37799214063269,6:6,auto,0,20,3,esa,9,1,0,vbr,1,high,0.0833025022174705,43,10,167,12,21,0,11,1,1,1,Big_480p_25fps_10s
1690,1,none,2,1.1536539324358672,0,13,0,7,37.37799214063269,4:-4,auto,0,20,4,esa,63,1,1,none,0,baseline,0.6071985520676814,48,4,92,2,80,0,2,0,0,0,Big_480p_25fps_10s
1690,1,none,2,1.1536539324358672,0,13,1,7,37.37799214063269,4:-4,auto,1,20,2,esa,63,1,0,vbr,1,high,0.595637840609091,43,10,134,12,23,0,20,1,1,1,Big_480p_25fps_10s
183,1,p4x4,1,0.1252347426477105,2,13,0,7,19.803305101281254,-6:6,auto,1,20,4,esa,9,1,0,vbr,1,high,0.0833025022174705,43,10,149,12,21,0,20,1,1,1,Big_480p_25fps_10s
183,0,p4x4,1,0.947122531673516,2,1,0,7,37.37799214063269,4:-4,auto,0,20,4,esa,9,1,0,vbr,1,high,0.0833025022174705,43,10,149,12,56,0,20,1,1,1,Big_480p_25fps_10s
183,0,p4x4,1,0.947122531673516,0,13,0,7,37.37799214063269,4:-4,auto,0,20,4,esa,9,1,0,vbr,1,high,0.0833025022174705,43,10,149,12,21,0,20,1,1,1,Big_480p_25fps_10s
183,0,p4x4,1,0.1252347426477105,2,13,0,7,37.37799214063269,4:-4,auto,1,20,1,esa,9,1,0,vbr,1,high,0.0833025022174705,43,10,26,8,23,0,20,1,1,1,Big_480p_25fps_10s
1286,1,none,3,0.2150301871019863,2,1,1,0,46.1513724859604,3:3,spatial,1,197,3,dia,16,1,1,vbr,1,high,0.6661240681542979,26,9,159,13,7,9,9,1,1,2,Big_480p_25fps_10s
1690,0,none,2,1.1536539324358672,0,13,1,7,37.37799214063269,4:-4,auto,0,197,2,esa,63,1,0,vbr,1,high,0.595637840609091,43,10,134,12,21,0,20,1,1,0,Big_480p_25fps_10s
1023,0,p4x4,1,0.947122531673516,1,13,0,7,37.37799214063269,4:-4,none,0,20,4,esa,9,1,0,vbr,1,high,0.0833025022174705,43,10,149,12,23,0,23,1,1,0,Big_480p_25fps_10s
183,0,p4x4,1,0.947122531673516,2,13,1,7,37.37799214063269,6:6,auto,1,20,3,esa,9,1,0,vbr,1,high,0.0833025022174705,43,10,167,12,21,0,20,1,1,1,Big_480p_25fps_10s
1690,1,none,2,1.1536539324358672,0,13,1,7,37.37799214063269,4:-4,auto,1,20,2,esa,63,0,0,vbr,1,high,0.595637840609091,43,10,134,12,23,0,2,1,1,1,Big_480p_25fps_10s
183,1,p4x4,1,0.947122531673516,2,1,0,7,37.37799214063269,4:-4,none,0,20,4,esa,9,1,1,vbr,1,high,0.0833025022174705,43,10,149,12,56,0,20,1,1,1,Big_480p_25fps_10s
2340,0,p8x8,1,0.1252347426477105,2,13,0,7,37.37799214063269,4:-4,auto,1,20,1,esa,9,1,0,vbr,1,high,0.177767268239342,43,10,26,8,23,0,20,1,1,0,Big_480p_25fps_10s
183,0,p4x4,1,0.947122531673516,1,13,0,-2,37.37799214063269,4:-4,auto,0,156,4,esa,9,1,0,vbr,1,high,0.0833025022174705,20,10,149,12,11,0,20,1,0,0,Big_480p_25fps_10s
1690,1,none,2,1.1536539324358672,0,13,0,7,37.37799214063269,4:-4,auto,0,20,4,esa,63,1,0,none,0,baseline,0.6071985520676814,48,4,92,2,80,0,2,0,1,1,Big_480p_25fps_10s
183,0,p4x4,1,0.947122531673516,2,13,1,7,37.37799214063269,6:6,auto,0,20,3,esa,9,1,0,vbr,1,high,0.0833025022174705,43,10,167,12,96,0,11,1,1,1,Big_480p_25fps_10s
183,0,p4x4,1,0.947122531673516,2,1,1,-7,37.37799214063269,4:-4,temporal,0,222,4,umh,9,0,0,vbr,1,baseline,0.0833025022174705,43,10,149,12,56,0,20,1,1,1,Standard_1080p_30fps_15s
183,1,p4x4,1,0.1252347426477105,2,13,0,7,37.37799214063269,4:-4,auto,1,20,4,esa,9,1,0,vbr,1,high,0.0833025022174705,43,10,149,12,21,0,20,1,1,1,Standard_1080p_30fps_15s
183,0,p4x4,1,0.947122531673516,2,13,0,7,37.37799214063269,4:-4,auto,0,20,4,esa,9,1,0,vbr,1,high,0.0833025022174705,43,10,149,12,21,0,20,1,1,1,Standard_1080p_30fps_15s
1690,1,none,2,1.1536539324358672,0,13,1,7,37.37799214063269,4:-4,auto,0,20,4,esa,63,1,0,vbr,1,high,0.0833025022174705,43,10,149,12,23,0,20,1,1,1,Standard_1080p_30fps_15s
183,0,p4x4,1,0.947122531673516,2,13,1,7,37.37799214063269,6:6,auto,0,20,3,esa,9,1,0,vbr,1,high,0.0833025022174705,43,10,167,12,21,0,11,1,1,1,Standard_1080p_30fps_15s
1690,1,none,2,1.1536539324358672,0,13,0,7,37.37799214063269,4:-4,auto,0,20,4,esa,63,1,1,none,0,baseline,0.6071985520676814,48,4,92,2,80,0,2,0,0,0,Standard_1080p_30fps_15s
1690,1,none,2,1.1536539324358672,0,13,1,7,37.37799214063269,4:-4,auto,1,20,2,esa,63,1,0,vbr,1,high,0.595637840609091,43,10,134,12,23,0,20,1,1,1,Standard_1080p_30fps_15s
183,1,p4x4,1,0.1252347426477105,2,13,0,7,19.803305101281254,-6:6,auto,1,20,4,esa,9,1,0,vbr,1,high,0.0833025022174705,43,10,149,12,21,0,20,1,1,1,Standard_1080p_30fps_15s
183,0,p4x4,1,0.947122531673516,2,1,0,7,37.37799214063269,4:-4,auto,0,20,4,esa,9,1,0,vbr,1,high,0.0833025022174705,43,10,149,12,56,0,20,1,1,1,Standard_1080p_30fps_15s
183,0,p4x4,1,0.947122531673516,0,13,0,7,37.37799214063269,4:-4,auto,0,20,4,esa,9,1,0,vbr,1,high,0.0833025022174705,43,10,149,12,21,0,20,1,1,1,Standard_1080p_30fps_15s
183,0,p4x4,1,0.1252347426477105,2,13,0,7,37.37799214063269,4:-4,auto,1,20,1,esa,9,1,0,vbr,1,high,0.0833025022174705,43,10,26,8,23,0,20,1,1,1,Standard_1080p_30fps_15s
1690,1,none,1,1.1536539324358672,0,13,1,7,37.37799214063269,2:2,auto,1,410,2,esa,63,1,1,vbr,1,high,0.0833025022174705,43,8,149,10,23,0,20,1,1,1,Standard_1080p_30fps_15s
1690,0,none,0,1.1536539324358672,0,13,1,7,37.37799214063269,4:-4,auto,0,20,4,esa,63,0,0,vbr,1,high,0.595637840609091,43,10,134,12,23,0,20,0,1,1,Standard_1080p_30fps_15s
183,1,p4x4,1,0.1252347426477105,2,13,0,7,37.37799214063269,4:-4,auto,0,20,4,esa,9,1,0,vbr,0,high,0.0833025022174705,26,10,149,12,21,0,20,1,1,1,Standard_1080p_30fps_15s
1395,0,p4x4,1,0.947122531673516,0,13,0,7,37.37799214063269,4:-4,auto,0,20,4,esa,9,1,1,vbr,1,high,0.0833025022174705,43,10,149,12,21,0,11,1,1,1,Standard_1080p_30fps_15s
183,0,p4x4,1,0.947122531673516,2,1,1,7,37.37799214063269,4:-4,auto,0,20,4,esa,9,1,0,vbr,1,baseline,0.0833025022174705,43,10,149,12,56,0,20,1,1,1,Standard_1080p_30fps_15s
1690,1,none,2,1.5713477879962647,0,13,1,7,37.37799214063269,4:-4,auto,0,20,4,esa,37,1,0,vbr,1,high,0.0833025022174705,43,10,149,12,23,0,20,1,1,1,Standard_1080p_30fps_15s
1690,1,none,2,1.1536539324358672,0,13,0,7,37.37799214063269,4:-4,auto,0,20,4,esa,63,1,1,none,0,baseline,0.6071985520676814,48,0,186,2,80,0,17,1,1,2,Standard_1080p_30fps_15s
1690,1,none,2,1.1536539324358672,0,13,1,7,37.37799214063269,6:6,auto,1,20,4,esa,18,1,0,cbr,1,high,0.595637840609091,43,10,134,12,23,0,2,0,0,2,Standard_1080p_30fps_15s
183,0,none,1,0.947122531673516,0,1,0,7,37.37799214063269,4:-4,auto,0,20,4,esa,9,1,0,vbr,1,high,0.0833025022174705,43,10,149,12,77,0,20,1,1,1,Standard_1080p_30fps_15s
1690,1,none,2,1.1536539324358672,0,13,0,7,37.37799214063269,4:-4,auto,0,20,4,esa,63,1,1,none,0,baseline,0.6071985520676814,48,4,92,2,80,0,2,0,0,0,Still_image_480p_30fps_10s
1690,1,none,2,1.1536539324358672,0,13,1,7,37.37799214063269,4:-4,auto,1,20,2,esa,63,1,0,vbr,1,high,0.595637840609091,43,10,134,12,23,0,20,1,1,1,Still_image_480p_30fps_10s
183,1,p4x4,1,0.1252347426477105,2,13,0,7,19.803305101281254,-6:6,auto,1,20,4,esa,9,1,0,vbr,1,high,0.0833025022174705,43,10,149,12,21,0,20,1,1,1,Still_image_480p_30fps_10s
183,0,p4x4,1,0.947122531673516,2,1,0,7,37.37799214063269,4:-4,auto,0,20,4,esa,9,1,0,vbr,1,high,0.0833025022174705,43,10,149,12,56,0,20,1,1,1,Still_image_480p_30fps_10s
183,0,p4x4,1,0.947122531673516,2,13,0,7,37.37799214063269,4:-4,auto,0,20,4,esa,9,1,0,vbr,1,high,0.0833025022174705,43,10,149,12,21,0,20,1,1,1,Still_image_480p_30fps_10s
1690,1,none,2,1.1536539324358672,0,13,1,7,37.37799214063269,4:-4,auto,0,20,4,esa,63,1,0,vbr,1,high,0.0833025022174705,43,10,149,12,23,0,20,1,1,1,Still_image_480p_30fps_10s
183,1,p4x4,1,0.1252347426477105,2,13,0,7,37.37799214063269,4:-4,auto,1,20,4,esa,9,1,0,vbr,1,high,0.0833025022174705,43,10,149,12,21,0,20,1,1,1,Still_image_480p_30fps_10s
183,0,p4x4,1,0.947122531673516,2,13,1,7,37.37799214063269,6:6,auto,0,20,3,esa,9,1,0,vbr,1,high,0.0833025022174705,43,10,167,12,21,0,11,1,1,1,Still_image_480p_30fps_10s
183,0,p4x4,1,0.947122531673516,0,13,0,7,37.37799214063269,4:-4,auto,0,20,4,esa,9,1,0,vbr,1,high,0.0833025022174705,43,10,149,12,21,0,20,1,1,1,Still_image_480p_30fps_10s
183,0,p4x4,1,0.1252347426477105,2,13,0,7,37.37799214063269,4:-4,auto,1,20,1,esa,9,1,0,vbr,1,high,0.0833025022174705,43,10,26,8,23,0,20,1,1,1,Still_image_480p_30fps_10s
1690,1,none,2,1.1536539324358672,0,13,1,7,37.37799214063269,4:-4,auto,0,317,4,esa,63,1,0,none,1,main,0.194850765930418,43,10,149,12,23,0,20,1,1,1,Still_image_480p_30fps_10s
183,0,p4x4,1,0.1252347426477105,2,13,0,7,37.37799214063269,4:-4,auto,1,20,4,esa,9,1,0,vbr,1,baseline,0.0833025022174705,43,10,149,12,21,0,20,1,1,1,Still_image_480p_30fps_10s
309,0,p4x4,1,0.947122531673516,2,12,0,7,37.37799214063269,4:-4,auto,0,20,1,esa,9,1,0,vbr,1,high,0.0833025022174705,43,10,149,12,56,0,20,1,1,1,Still_image_480p_30fps_10s
183,1,p4x4,1,0.947122531673516,2,1,1,7,37.37799214063269,4:-4,auto,0,218,4,esa,9,1,0,vbr,1,high,0.0833025022174705,43,10,149,12,21,0,20,1,1,1,Still_image_480p_30fps_10s
183,1,p4x4,1,0.1252347426477105,2,13,0,7,19.803305101281254,-6:6,auto,0,20,0,esa,9,1,1,vbr,1,high,0.0833025022174705,43,10,167,12,21,0,11,1,1,1,Still_image_480p_30fps_10s
183,0,p4x4,1,0.1252347426477105,2,13,0,7,37.37799214063269,4:-4,auto,1,20,2,esa,63,1,0,vbr,1,high,0.595637840609091,43,10,134,12,23,0,20,1,1,1,Still_image_480p_30fps_10s
1690,1,none,2,1.1536539324358672,0,13,1,7,19.803305101281254,-6:6,auto,1,20,4,hex,9,1,0,vbr,1,high,0.0833025022174705,43,10,149,12,21,0,20,1,1,1,Still_image_480p_30fps_10s
183,0,p4x4,1,0.947122531673516,2,1,0,7,37.37799214063269,4:-4,auto,0,87,4,esa,6,1,0,vbr,1,high,0.2948229351465231,43,10,149,6,56,0,20,1,1,1,Still_image_480p_30fps_10s
1286,1,none,1,0.1252347426477105,2,13,0,7,16.601015116424694,-6:6,spatial,1,20,4,esa,9,1,0,vbr,1,high,0.0833025022174705,43,16,149,3,21,0,20,2,1,1,Still_image_480p_30fps_10s
1690,1,none,3,1.1536539324358672,0,13,1,7,37.37799214063269,4:-4,auto,0,20,4,esa,63,1,0,vbr,1,high,0.0833025022174705,43,10,149,12,82,0,20,1,0,1,Still_image_480p_30fps_10s
76,0,p8x8,1,1.4071499078290364,0,4,1,9,17.913017377509092,4:4,spatial,1,417,0,dia,40,0,1,vbr,1,high,0.5069377612108218,38,13,74,9,47,0,52,0,0,0,Standard_1080p_60fps_5s
76,0,p8x8,1,0.6295137611273145,2,0,1,10,44.2197131651139,3:-3,none,0,288,4,dia,4,1,1,cbr,0,baseline,0.2881058655174789,26,7,34,2,13,3,7,0,0,1,Standard_1080p_60fps_5s
2237,1,none,3,1.4286506417890164,0,16,1,12,42.90932982238323,-6:6,spatial,1,343,0,esa,5,0,1,cbr,1,main,0.3010544535217356,29,0,13,4,24,11,45,2,0,1,Standard_1080p_60fps_5s
2237,1,none,3,0.1173510236692619,0,16,1,12,42.90932982238323,-6:6,spatial,1,343,0,esa,5,0,1,cbr,1,main,0.3169589237889246,51,11,8,16,13,9,3,1,1,2,Standard_1080p_60fps_5s
2237,1,none,3,0.1173510236692619,0,16,1,12,42.90932982238323,-6:6,spatial,1,343,0,esa,5,1,1,cbr,0,main,0.3169589237889246,38,13,74,9,47,0,52,0,0,0,Standard_1080p_60fps_5s
2237,1,none,3,0.1173510236692619,0,16,1,12,42.90932982238323,-6:6,spatial,1,343,0,esa,5,0,1,cbr,0,main,0.3169589237889246,51,11,8,16,13,9,2,0,0,1,Standard_1080p_60fps_5s
76,0,p8x8,1,0.6295137611273145,2,0,1,9,29.58495568862226,4:4,spatial,0,51,0,dia,54,0,1,none,0,baseline,0.6493532546000097,48,4,92,2,80,0,2,0,0,0,Standard_1080p_60fps_5s
737,0,all,1,1.977708899248494,0,5,1,9,29.58495568862226,4:4,spatial,0,51,4,dia,54,1,1,none,1,baseline,0.6493532546000097,48,4,92,2,80,0,2,0,0,0,Standard_1080p_60fps_5s
76,0,p8x8,1,0.6295137611273145,2,4,1,9,17.913017377509092,4:4,spatial,1,417,0,dia,54,0,1,none,0,baseline,0.6493532546000097,39,4,92,2,80,0,2,0,0,0,Standard_1080p_60fps_5s
76,0,p8x8,1,0.6295137611273145,2,0,1,9,29.58495568862226,4:4,spatial,0,51,0,dia,28,0,0,none,0,baseline,0.6493532546000097,48,4,92,2,80,0,32,0,0,0,Standard_1080p_60fps_5s
76,0,p8x8,1,0.6295137611273145,2,0,1,9,29.58495568862226,4:4,spatial,0,51,0,dia,28,0,0,none,0,high,0.6493532546000097,48,4,92,2,80,0,32,1,0,2,Standard_1080p_60fps_5s
445,0,all,1,1.977708899248494,2,5,1,9,29.58495568862226,4:4,spatial,0,51,4,dia,54,1,1,vbr,1,baseline,0.6493532546000097,48,1,92,2,80,0,2,0,1,0,Standard_1080p_60fps_5s
76,0,p8x8,1,0.6295137611273145,2,0,1,9,29.58495568862226,4:4,temporal,0,51,0,dia,54,1,1,none,1,baseline,0.6493532546000097,48,4,92,2,80,0,2,0,0,0,Standard_1080p_60fps_5s
76,0,p8x8,1,0.6295137611273145,2,4,0,9,17.913017377509092,2:-2,spatial,1,51,0,dia,54,1,1,none,1,baseline,0.6493532546000097,48,4,92,2,80,0,2,0,0,0,Standard_1080p_60fps_5s
737,0,all,3,1.977708899248494,0,5,1,9,29.58495568862226,4:4,spatial,0,417,0,dia,54,0,1,none,0,baseline,0.6493532546000097,39,14,92,2,80,0,2,0,0,0,Standard_1080p_60fps_5s
76,0,p8x8,1,0.6295137611273145,1,4,1,9,17.913017377509092,4:4,spatial,1,417,0,dia,54,0,1,none,0,baseline,0.935510519771053,39,4,92,8,80,0,2,0,0,0,Standard_1080p_60fps_5s
76,0,p8x8,1,0.6295137611273145,2,4,1,9,17.913017377509092,4:4,spatial,0,417,0,dia,54,0,1,none,0,baseline,0.3818336349845864,39,14,92,2,80,0,2,2,0,0,Standard_1080p_60fps_5s
737,0,all,3,0.544100960349181,0,5,1,9,29.58495568862226,2:-2,spatial,1,51,0,dia,54,1,1,none,0,baseline,0.6493532546000097,48,20,92,9,80,0,2,0,0,0,Standard_1080p_60fps_5s
737,0,all,1,1.977708899248494,0,2,1,0,29.58495568862226,4:4,spatial,0,417,0,dia,54,0,1,none,0,baseline,0.6493532546000097,39,4,92,14,80,8,2,0,1,0,Standard_1080p_60fps_5s
76,0,p8x8,1,0.6295137611273145,2,4,1,9,17.913017377509092,2:-2,spatial,1,51,4,dia,54,1,1,none,1,baseline,0.6493532546000097,48,4,92,2,80,0,2,0,0,0,Standard_1080p_60fps_5s
1503,1,p8x8,2,0.4293640355440878,0,3,1,10,19.737654889640883,3:-3,none,0,3,4,dia,15,0,0,none,0,main,0.9343047742494072,46,19,134,8,49,8,2,0,0,0,Still_image_720p_30fps_15s
1289,1,p8x8,2,0.4293640355440878,0,0,1,10,19.737654889640883,3:-3,none,0,3,4,dia,15,0,0,none,1,baseline,0.729846851041941,26,9,171,11,72,8,48,0,0,1,Still_image_720p_30fps_15s
1393,0,all,3,1.3341012194651063,1,16,1,4,44.04710981973,-6:6,none,1,432,3,hex,7,0,0,cbr,0,baseline,0.6493532546000097,48,4,92,2,80,0,2,0,0,2,Still_image_720p_30fps_15s
1129,0,p8x8,3,1.2903153917733805,0,14,1,-9,43.24833486053262,3:-3,auto,0,238,2,tesa,19,1,0,vbr,0,baseline,0.6493532546000097,39,4,79,10,80,0,2,2,0,0,Still_image_720p_30fps_15s
1272,1,p8x8,3,1.2903153917733805,0,14,1,-9,43.24833486053262,3:-3,auto,0,238,2,tesa,19,1,0,vbr,0,main,0.6420179376261412,38,2,82,3,45,9,62,0,0,2,Still_image_720p_30fps_15s
1272,1,all,3,1.2903153917733805,0,14,1,-9,43.24833486053262,3:-3,auto,0,238,2,tesa,19,1,0,vbr,0,main,0.6420179376261412,38,2,82,3,45,5,25,1,0,1,Still_image_720p_30fps_15s
1393,1,all,3,1.3341012194651063,0,16,1,4,44.04710981973,-6:6,none,0,432,3,hex,7,0,0,cbr,0,baseline,0.6493532546000097,48,4,92,2,80,0,2,0,0,2,Still_image_720p_30fps_15s
521,1,p4x4,1,0.5821828429304455,1,8,0,1,7.570701813987902,-3:3,spatial,1,437,1,dia,8,1,0,cbr,1,baseline,0.6334177139753278,29,0,201,3,63,0,39,1,1,1,Still_image_720p_30fps_15s
1129,0,p8x8,3,1.2903153917733805,0,14,1,-9,43.24833486053262,3:-3,spatial,1,437,1,esa,8,1,0,cbr,1,baseline,0.6334177139753278,29,0,201,3,63,0,39,1,1,1,Still_image_720p_30fps_15s
521,1,p4x4,1,0.5821828429304455,1,8,0,1,7.570701813987902,-3:3,spatial,1,437,1,dia,8,1,0,none,1,baseline,0.6334177139753278,29,0,201,5,63,0,39,1,1,1,Still_image_720p_30fps_15s
1129,0,p8x8,2,0.4293640355440878,0,3,1,10,19.737654889640883,3:-3,none,0,3,4,dia,15,0,0,none,0,main,0.9343047742494072,46,19,134,8,49,8,2,2,0,0,Still_image_720p_30fps_15s
825,0,none,2,0.974412824499902,0,3,0,11,12.064766731233911,6:-6,none,0,281,2,hex,64,0,1,cbr,0,baseline,0.729846851041941,26,9,171,11,67,8,48,0,0,1,Still_image_720p_30fps_15s
825,0,none,2,0.974412824499902,0,3,0,11,12.064766731233911,6:-6,none,0,56,2,hex,64,0,1,cbr,1,baseline,0.729846851041941,26,9,171,2,67,8,48,0,0,1,Still_image_720p_30fps_15s
76,0,p8x8,1,0.6295137611273145,2,0,1,9,29.58495568862226,4:4,spatial,0,51,0,dia,54,0,1,none,0,baseline,0.6493532546000097,48,4,92,2,80,0,2,0,0,0,Still_image_720p_30fps_15s
1937,1,all,2,1.344022921798002,1,16,1,9,29.58495568862226,4:4,spatial,0,51,0,dia,54,0,1,none,0,baseline,0.6493532546000097,48,4,92,2,80,0,2,0,0,0,Still_image_720p_30fps_15s
76,0,p8x8,1,0.6295137611273145,2,0,1,9,29.58495568862226,4:4,spatial,0,51,0,dia,54,0,1,none,0,baseline,0.6493532546000097,48,4,92,2,80,0,2,0,0,1,Still_image_720p_30fps_15s
76,0,p8x8,1,0.6295137611273145,2,0,1,9,29.58495568862226,4:4,none,0,51,0,dia,54,0,0,none,0,baseline,0.6493532546000097,48,4,92,2,80,10,4,2,0,2,Still_image_720p_30fps_15s
146,0,p8x8,1,0.6295137611273145,2,0,1,9,29.58495568862226,4:4,spatial,0,51,0,dia,56,0,1,none,0,baseline,0.6493532546000097,48,4,92,2,80,0,2,0,0,0,Still_image_720p_30fps_15s
146,0,p8x8,1,0.6295137611273145,2,0,1,9,29.58495568862226,4:4,spatial,0,51,0,dia,31,0,1,none,0,high,0.1605673372308779,45,13,139,7,50,9,62,0,0,0,Still_image_720p_30fps_15s
146,0,p8x8,1,0.6295137611273145,2,0,1,9,29.58495568862226,4:4,spatial,0,51,0,umh,56,0,1,none,0,main,0.6420179376261412,38,2,82,3,45,9,62,0,0,2,Still_image_720p_30fps_15s
2159,0,none,2,1.0717293726848722,1,4,1,12,32.951395530387586,4:-4,none,1,207,4,dia,54,0,0,vbr,1,main,0.6854490942310714,44,14,67,3,15,0,62,1,1,1,Action_480p_60fps_15s
1134,0,none,1,1.0717293726848722,1,4,1,12,32.951395530387586,4:-4,none,1,207,4,dia,54,0,0,vbr,0,baseline,0.6493532546000097,48,1,92,2,80,0,2,0,0,0,Action_480p_60fps_15s
801,1,all,2,1.3660627367456517,1,2,0,-9,35.88075575408144,-4:4,auto,1,207,4,dia,54,0,0,cbr,1,main,0.3167844126640051,44,14,67,3,15,0,62,1,1,1,Action_480p_60fps_15s
2159,0,none,2,1.0717293726848722,1,4,1,12,32.951395530387586,4:-4,none,1,340,2,dia,48,0,0,cbr,0,main,0.4536824482423743,32,8,86,10,8,7,59,0,1,1,Action_480p_60fps_15s
1158,1,all,2,1.3660627367456517,1,2,1,-9,35.88075575408144,-4:4,auto,1,207,4,dia,9,0,0,cbr,1,main,0.3167844126640051,44,8,67,3,15,0,62,1,1,1,Action_480p_60fps_15s
2159,0,none,3,1.0717293726848722,1,4,1,12,32.951395530387586,-6:6,none,1,207,4,dia,54,0,0,cbr,1,main,0.3167844126640051,44,14,67,3,15,0,62,1,0,1,Action_480p_60fps_15s
801,1,none,2,1.3660627367456517,1,2,0,-9,35.88075575408144,-4:4,auto,1,207,4,dia,54,0,0,vbr,1,main,0.6854490942310714,44,14,67,3,15,0,62,1,1,1,Action_480p_60fps_15s
2159,0,none,2,1.0717293726848722,1,4,1,12,43.29106615121353,4:-4,none,1,207,4,dia,54,0,0,vbr,1,main,0.0414215264973928,28,6,106,13,57,6,7,2,0,1,Action_480p_60fps_15s
2159,0,none,2,0.6946107451703206,1,4,1,12,32.951395530387586,4:-4,none,1,207,4,dia,54,0,0,vbr,0,baseline,0.4118804132525939,48,1,92,2,80,0,2,0,0,0,Action_480p_60fps_15s
236,0,p8x8,1,1.0717293726848722,1,4,1,12,28.656097571494872,4:-4,none,1,207,4,dia,54,0,1,vbr,1,main,0.6854490942310714,44,14,67,3,15,0,43,1,1,1,Action_480p_60fps_15s
1270,1,none,2,1.4947874836450488,1,4,1,2,14.22241095425906,-3:3,none,1,47,3,dia,61,0,0,vbr,0,main,0.9085394199650144,44,14,39,3,15,0,62,1,0,1,Action_480p_60fps_15s
2159,0,none,3,1.0717293726848722,1,4,1,12,32.951395530387586,-6:6,none,1,207,4,dia,54,0,0,cbr,1,high,0.3167844126640051,44,20,67,3,15,0,62,1,0,1,Action_480p_60fps_15s
2159,0,none,2,0.6946107451703206,1,4,0,12,7.610176302222703,4:-4,none,1,207,4,dia,54,0,0,none,0,baseline,0.8496224951105323,30,4,92,3,55,0,2,0,1,1,Action_480p_60fps_15s
2159,0,none,3,0.6946107451703206,1,4,1,12,32.951395530387586,4:-4,none,1,207,4,dia,54,0,0,vbr,0,baseline,0.4118804132525939,48,1,92,2,80,0,2,0,0,0,Action_480p_60fps_15s
2159,0,none,2,1.0717293726848722,1,4,1,12,43.29106615121353,4:-4,none,0,207,4,dia,54,1,0,vbr,1,main,0.0414215264973928,28,6,106,13,57,6,7,2,0,1,Action_480p_60fps_15s
2159,0,none,2,1.0717293726848722,1,4,1,5,43.29106615121353,4:-4,none,1,207,4,dia,54,0,0,vbr,1,main,0.6854490942310714,44,14,245,3,15,0,43,1,1,2,Action_480p_60fps_15s
236,0,p8x8,2,1.0717293726848722,1,4,1,10,33.45195448069395,4:-4,none,1,207,4,dia,54,0,0,none,1,main,0.6854490942310714,44,14,67,3,15,0,62,0,1,1,Action_480p_60fps_15s
2159,0,none,1,1.0717293726848722,1,4,1,12,28.656097571494872,4:-4,none,1,207,0,dia,54,0,1,vbr,1,main,0.6854490942310714,44,14,67,3,15,0,43,1,1,1,Action_480p_60fps_15s
894,1,all,3,1.3660627367456517,1,2,1,-9,35.88075575408144,-4:4,auto,1,207,4,umh,54,0,0,cbr,1,main,0.3167844126640051,44,14,67,3,62,0,62,1,1,1,Action_480p_60fps_15s
76,0,p8x8,1,0.6295137611273145,1,0,1,9,29.58495568862226,4:4,none,1,207,4,dia,54,0,0,cbr,1,main,0.7904515489637643,44,14,67,3,15,0,62,1,0,1,Action_480p_60fps_15s
1690,1,none,2,1.1536539324358672,0,13,1,7,37.37799214063269,4:-4,auto,1,20,2,esa,63,1,0,vbr,1,high,0.595637840609091,43,10,134,12,23,0,20,1,1,1,Still_image_720p_60fps_20s
1690,1,none,2,1.1536539324358672,0,13,0,7,37.37799214063269,4:-4,auto,0,20,4,esa,63,1,1,none,0,baseline,0.6071985520676814,48,4,92,2,80,0,2,0,0,0,Still_image_720p_60fps_20s
183,0,p4x4,1,0.947122531673516,2,13,1,7,37.37799214063269,6:6,auto,0,20,3,esa,9,1,0,vbr,1,high,0.0833025022174705,43,10,167,12,21,0,11,1,1,1,Still_image_720p_60fps_20s
183,0,p4x4,1,0.947122531673516,0,13,0,7,37.37799214063269,4:-4,auto,0,20,4,esa,9,1,0,vbr,1,high,0.0833025022174705,43,10,149,12,21,0,20,1,1,1,Still_image_720p_60fps_20s
183,1,p4x4,1,0.1252347426477105,2,13,0,7,19.803305101281254,-6:6,auto,1,20,4,esa,9,1,0,vbr,1,high,0.0833025022174705,43,10,149,12,21,0,20,1,1,1,Still_image_720p_60fps_20s
183,0,p4x4,1,0.947122531673516,2,1,0,7,37.37799214063269,4:-4,auto,0,20,4,esa,9,1,0,vbr,1,high,0.0833025022174705,43,10,149,12,56,0,20,1,1,1,Still_image_720p_60fps_20s
183,0,p4x4,1,0.947122531673516,2,13,0,7,37.37799214063269,4:-4,auto,0,20,4,esa,9,1,0,vbr,1,high,0.0833025022174705,43,10,149,12,21,0,20,1,1,1,Still_image_720p_60fps_20s
1690,1,none,2,1.1536539324358672,0,13,1,7,37.37799214063269,4:-4,auto,0,20,4,esa,63,1,0,vbr,1,high,0.0833025022174705,43,10,149,12,23,0,20,1,1,1,Still_image_720p_60fps_20s
183,1,p4x4,1,0.1252347426477105,2,13,0,7,37.37799214063269,4:-4,auto,1,20,4,esa,9,1,0,vbr,1,high,0.0833025022174705,43,10,149,12,21,0,20,1,1,1,Still_image_720p_60fps_20s
183,1,p4x4,1,1.356481654370557,2,13,0,7,37.37799214063269,4:-4,auto,1,20,4,esa,9,0,0,vbr,1,high,0.0833025022174705,43,11,149,12,21,0,20,1,1,2,Still_image_720p_60fps_20s
183,1,p4x4,1,0.1252347426477105,2,8,0,7,37.37799214063269,4:-4,auto,0,20,4,esa,9,1,0,vbr,1,high,0.0833025022174705,23,10,149,12,56,0,20,1,1,1,Still_image_720p_60fps_20s
183,0,p4x4,1,0.947122531673516,1,13,1,7,37.37799214063269,6:6,auto,1,20,3,esa,9,1,0,vbr,1,high,0.0833025022174705,51,10,149,4,56,0,20,2,1,1,Still_image_720p_60fps_20s
1922,0,p4x4,0,0.8411114757229884,2,1,0,7,38.63575914273077,4:-4,auto,0,20,4,esa,9,1,0,vbr,1,high,0.0833025022174705,43,10,149,12,56,0,36,1,1,1,Still_image_720p_60fps_20s
183,0,p4x4,1,0.947122531673516,2,13,0,7,19.803305101281254,4:4,auto,1,20,4,esa,9,1,0,vbr,1,high,0.0833025022174705,38,10,149,12,21,0,20,1,1,1,Still_image_720p_60fps_20s
1449,1,p4x4,1,0.1252347426477105,2,13,0,7,39.929266375879095,-6:6,auto,1,20,4,esa,9,1,0,vbr,1,high,0.0833025022174705,43,10,149,10,8,7,59,0,1,1,Still_image_720p_60fps_20s
183,0,p4x4,1,0.2434370858900699,0,13,0,7,37.37799214063269,4:-4,auto,0,20,4,esa,9,1,0,vbr,0,high,0.7960514616500257,50,10,149,12,26,0,20,1,1,1,Still_image_720p_60fps_20s
183,0,p4x4,1,0.947122531673516,2,1,0,7,37.37799214063269,5:-5,auto,0,20,4,esa,9,0,0,vbr,1,high,0.319022527774243,43,10,149,12,56,0,20,1,1,1,Still_image_720p_60fps_20s
2159,0,none,2,1.0717293726848722,1,4,0,12,32.951395530387586,6:6,auto,0,20,2,esa,9,1,0,vbr,1,high,0.0833025022174705,43,10,167,12,21,6,11,1,1,0,Still_image_720p_60fps_20s
2159,0,none,2,1.0717293726848722,1,4,1,12,23.27183298277612,4:-4,auto,1,20,4,esa,9,1,0,vbr,1,high,0.0833025022174705,43,10,149,12,21,0,20,1,1,2,Still_image_720p_60fps_20s
236,0,p8x8,1,1.0717293726848722,1,4,1,12,28.656097571494872,5:-5,none,1,20,4,esa,63,1,1,vbr,1,high,0.0833025022174705,43,10,149,12,23,0,20,1,1,1,Still_image_720p_60fps_20s
8,0,p8x8,3,1.587881875008851,1,0,1,-10,25.29973279662708,0:0,auto,1,121,4,hex,36,1,0,cbr,1,high,0.9838854849652862,37,1,56,9,2,3,28,0,1,2,Action_1080p_25fps_15s
2159,1,none,0,0.776152378055929,2,10,1,3,10.77269534741508,-4:4,none,0,244,2,esa,63,0,1,vbr,0,baseline,0.734870018166699,27,14,69,10,7,8,34,0,1,1,Action_1080p_25fps_15s
2159,1,none,0,1.2697140594533922,2,11,0,3,10.77269534741508,-4:4,none,0,244,0,esa,63,0,1,cbr,0,baseline,0.734870018166699,27,14,69,7,32,3,48,1,0,1,Action_1080p_25fps_15s
328,1,none,0,0.776152378055929,2,11,1,3,10.77269534741508,-4:4,none,0,244,2,esa,63,0,1,vbr,0,baseline,0.7305951078550372,27,14,69,10,7,8,34,0,1,1,Action_1080p_25fps_15s
290,0,none,0,1.6240776329879256,0,14,1,3,10.77269534741508,4:4,none,1,244,0,esa,63,0,1,cbr,1,baseline,0.734870018166699,27,14,69,7,32,3,48,1,0,1,Action_1080p_25fps_15s
2159,1,none,0,0.776152378055929,2,10,1,3,10.77269534741508,-4:4,none,0,496,2,dia,63,0,1,none,0,baseline,0.734870018166699,35,8,159,12,23,8,46,0,0,1,Action_1080p_25fps_15s
76,0,p8x8,1,0.6295137611273145,2,0,1,9,29.58495568862226,6:6,spatial,0,51,0,dia,51,0,0,cbr,1,baseline,0.5724638543375727,28,20,28,5,27,0,61,0,1,2,Action_1080p_25fps_15s
2159,1,none,0,0.776152378055929,2,10,1,3,10.77269534741508,6:-6,none,0,244,2,esa,63,0,1,vbr,0,baseline,0.734870018166699,27,14,69,10,7,0,61,1,1,2,Action_1080p_25fps_15s
328,1,none,0,0.776152378055929,2,11,1,-2,10.77269534741508,-4:4,none,0,244,2,esa,39,0,1,vbr,0,baseline,0.7305951078550372,45,14,69,10,7,8,34,0,1,1,Action_1080p_25fps_15s
2074,0,none,3,1.6240776329879256,0,14,1,-4,34.39312855686856,-6:6,none,0,496,2,tesa,51,0,0,cbr,1,baseline,0.5724638543375727,28,20,28,13,64,3,11,1,0,2,Action_1080p_25fps_15s
874,0,none,3,1.6240776329879256,1,14,1,-4,34.39312855686856,-6:6,none,0,496,2,tesa,51,0,0,cbr,1,baseline,0.5724638543375727,28,20,28,5,42,0,61,0,1,2,Action_1080p_25fps_15s
874,1,none,3,1.6240776329879256,1,14,1,-4,34.39312855686856,-6:6,none,0,496,4,hex,36,1,0,cbr,1,high,0.9838854849652862,37,1,56,9,2,3,28,0,1,2,Action_1080p_25fps_15s
874,1,none,3,1.6240776329879256,1,14,0,-4,34.39312855686856,-6:6,none,0,496,4,esa,36,1,0,cbr,1,high,0.9838854849652862,37,1,56,9,2,3,28,0,1,1,Action_1080p_25fps_15s
2064,1,p4x4,3,0.117044767671787,0,14,0,-2,10.854503454180769,-2:2,temporal,1,368,2,hex,31,1,1,cbr,0,main,0.5350642370452574,42,7,18,7,32,3,48,0,0,1,Action_1080p_25fps_15s
874,0,none,3,0.9449286152972128,1,14,0,-2,10.854503454180769,-2:2,temporal,1,368,2,hex,31,1,1,cbr,0,main,0.5350642370452574,42,7,18,7,32,3,48,0,0,1,Action_1080p_25fps_15s
2064,1,p4x4,3,0.117044767671787,0,14,0,-2,10.854503454180769,-2:2,temporal,1,368,2,hex,8,1,1,none,1,high,0.7584706698283968,35,8,159,12,23,8,46,0,0,1,Action_1080p_25fps_15s
874,0,none,3,0.9449286152972128,1,10,0,-2,10.854503454180769,-2:2,temporal,1,368,2,hex,31,1,1,cbr,0,main,0.5350642370452574,42,7,18,10,7,8,34,0,0,1,Action_1080p_25fps_15s
2308,0,p4x4,3,0.117044767671787,0,14,0,-8,10.854503454180769,-2:2,temporal,1,368,2,hex,8,1,1,vbr,1,high,0.7584706698283968,35,8,159,12,23,8,46,0,0,1,Action_1080p_25fps_15s
2064,1,p4x4,3,1.431684364880674,0,14,0,-2,10.854503454180769,-2:2,temporal,1,368,2,esa,31,1,1,cbr,1,main,0.3104937170514534,42,1,18,12,53,11,6,0,1,2,Action_1080p_25fps_15s
2308,0,p4x4,3,0.117044767671787,0,14,0,-8,10.854503454180769,-2:2,temporal,1,368,2,hex,8,1,1,vbr,1,high,0.7584706698283968,35,13,159,12,23,8,34,0,0,0,Action_1080p_25fps_15s
1180,1,p4x4,0,1.3374303110676122,0,10,1,11,45.725577216908825,5:-5,spatial,1,471,4,dia,30,1,1,none,1,high,0.938326367437642,37,19,172,7,15,4,22,0,1,2,Standard_720p_60fps_15s
54,0,p4x4,1,1.3374303110676122,0,10,1,10,32.04953961770379,5:-5,spatial,1,338,4,esa,9,0,0,vbr,1,baseline,0.6446140179096544,21,4,191,10,38,2,41,0,0,0,Standard_720p_60fps_15s
1180,1,all,0,1.4063511916382658,0,3,1,5,12.726357995537752,3:3,auto,0,196,3,dia,40,0,1,none,1,high,0.6446140179096544,21,4,191,10,38,2,41,0,1,1,Standard_720p_60fps_15s
54,0,p4x4,0,1.3374303110676122,0,10,1,11,45.725577216908825,5:-5,spatial,1,471,4,dia,30,0,1,none,1,high,0.938326367437642,37,19,172,7,15,4,22,0,1,2,Standard_720p_60fps_15s
476,0,p4x4,0,1.3374303110676122,0,10,1,11,45.725577216908825,5:-5,spatial,1,425,4,dia,30,0,1,none,1,high,0.938326367437642,37,16,104,5,30,9,58,1,0,1,Standard_720p_60fps_15s
1180,1,all,0,1.4063511916382658,0,3,1,-10,35.55545997220386,-3:3,auto,0,196,3,dia,40,0,0,none,1,baseline,0.1404351194194261,51,16,104,5,30,9,58,1,0,1,Standard_720p_60fps_15s
1180,1,all,0,1.4063511916382658,0,3,1,-6,35.55545997220386,-3:3,auto,0,196,2,umh,40,0,0,none,1,baseline,0.1404351194194261,24,1,204,8,86,5,11,1,0,0,Standard_720p_60fps_15s
1180,1,all,0,1.4063511916382658,0,3,1,-10,35.55545997220386,-3:3,auto,0,196,3,dia,40,0,0,none,0,high,0.1404351194194261,51,16,104,5,30,9,58,1,0,1,Standard_720p_60fps_15s
1180,1,all,0,1.4063511916382658,0,3,1,-10,35.55545997220386,3:3,auto,0,196,3,dia,40,0,0,none,1,baseline,0.1404351194194261,51,16,104,14,30,7,58,1,0,1,Standard_720p_60fps_15s
1180,1,all,0,1.4063511916382658,1,3,0,-10,35.55545997220386,-3:3,auto,0,196,3,dia,24,0,0,cbr,1,baseline,0.1404351194194261,51,7,101,3,68,6,47,0,1,0,Standard_720p_60fps_15s
1180,1,all,0,0.9015445785289348,0,3,1,-10,35.55545997220386,-3:3,auto,0,196,3,dia,40,0,0,none,1,baseline,0.1404351194194261,21,4,191,10,61,2,41,0,0,2,Standard_720p_60fps_15s
2318,1,all,0,1.4063511916382658,1,3,0,-10,35.55545997220386,-3:3,auto,0,196,3,dia,24,0,0,cbr,1,baseline,0.1404351194194261,33,7,101,3,68,6,47,0,0,1,Standard_720p_60fps_15s
1659,1,all,0,1.4063511916382658,0,16,1,-10,35.55545997220386,-3:3,auto,0,313,3,dia,40,0,0,vbr,0,main,0.1404351194194261,51,16,104,5,30,9,58,1,0,2,Standard_720p_60fps_15s
925,0,all,0,0.2464427810644444,0,1,1,-10,35.55545997220386,-3:3,auto,1,196,3,dia,40,0,1,cbr,0,high,0.834204026867644,51,16,104,5,30,9,3,1,0,1,Standard_720p_60fps_15s
1180,1,all,0,1.4063511916382658,0,3,0,-10,35.55545997220386,-3:3,spatial,0,336,0,dia,40,0,0,none,1,baseline,0.1404351194194261,51,19,172,7,15,4,22,0,1,2,Standard_720p_60fps_15s
1180,1,all,0,1.4063511916382658,0,3,1,-10,35.55545997220386,-3:3,auto,0,196,3,dia,40,0,0,none,0,high,0.1404351194194261,51,6,104,7,30,9,58,1,0,1,Standard_720p_60fps_15s
1180,1,all,0,1.4063511916382658,0,3,1,-10,35.55545997220386,3:3,auto,0,196,3,dia,40,0,0,none,0,baseline,0.1404351194194261,29,7,101,3,68,6,16,1,1,0,Standard_720p_60fps_15s
1180,1,p4x4,0,1.4063511916382658,1,3,0,-10,35.55545997220386,-3:3,auto,1,196,3,umh,24,0,0,cbr,1,baseline,0.1404351194194261,51,16,104,1,71,7,58,0,0,1,Standard_720p_60fps_15s
1180,1,all,0,1.4063511916382658,0,3,1,-9,35.55545997220386,-3:3,auto,0,196,2,umh,40,0,0,none,1,baseline,0.1404351194194261,24,1,204,8,86,5,11,1,0,0,Standard_720p_60fps_15s
1180,1,all,0,1.4063511916382658,0,3,0,-10,35.55545997220386,3:3,spatial,0,196,3,dia,21,0,0,none,1,baseline,0.1404351194194261,51,16,104,14,30,7,58,1,0,1,Standard_720p_60fps_15s
476,0,p4x4,0,1.926558024507436,1,3,0,-10,35.55545997220386,-3:3,auto,0,196,3,dia,24,0,0,cbr,1,baseline,0.1404351194194261,51,5,101,3,68,6,47,0,1,0,Standard_1080p_25fps_20s
476,0,p4x4,0,0.5949890779589972,1,3,0,8,35.55545997220386,-3:3,auto,0,196,3,dia,24,0,0,cbr,0,baseline,0.1404351194194261,30,5,101,3,68,7,47,0,1,0,Standard_1080p_25fps_20s
1180,1,p4x4,0,1.3374303110676122,0,10,1,11,45.725577216908825,5:-5,spatial,1,471,4,dia,30,1,1,none,1,high,0.938326367437642,37,19,172,7,15,4,22,0,1,2,Standard_1080p_25fps_20s
774,1,p4x4,0,1.3374303110676122,0,10,1,11,45.725577216908825,5:-5,spatial,1,471,4,dia,30,1,1,none,1,baseline,0.938326367437642,37,0,172,7,15,0,22,0,1,2,Standard_1080p_25fps_20s
1690,1,none,2,1.1536539324358672,0,13,0,7,37.37799214063269,4:-4,auto,0,20,4,esa,63,1,1,none,0,baseline,0.6071985520676814,48,4,92,2,80,0,2,0,0,0,Standard_1080p_25fps_20s
1690,1,none,2,1.1536539324358672,0,13,1,7,37.37799214063269,4:-4,auto,1,20,2,esa,63,1,0,vbr,1,high,0.595637840609091,43,10,134,12,23,0,20,1,1,1,Standard_1080p_25fps_20s
183,1,p4x4,1,0.1252347426477105,2,13,0,7,19.803305101281254,-6:6,auto,1,20,4,esa,9,1,0,vbr,1,high,0.0833025022174705,43,10,149,12,21,0,20,1,1,1,Standard_1080p_25fps_20s
183,0,p4x4,1,0.947122531673516,2,1,0,7,37.37799214063269,4:-4,auto,0,20,4,esa,9,1,0,vbr,1,high,0.0833025022174705,43,10,149,12,56,0,20,1,1,1,Standard_1080p_25fps_20s
1690,1,none,2,1.1536539324358672,0,13,1,7,37.37799214063269,4:-4,auto,0,20,4,esa,63,1,0,vbr,1,high,0.0833025022174705,43,10,149,12,23,0,20,1,1,1,Standard_1080p_25fps_20s
183,1,p4x4,1,0.1252347426477105,2,13,0,7,37.37799214063269,4:-4,auto,1,20,4,esa,9,1,0,vbr,1,high,0.0833025022174705,43,10,149,12,21,0,20,1,1,1,Standard_1080p_25fps_20s
183,0,p4x4,1,0.947122531673516,2,13,0,7,37.37799214063269,4:-4,auto,0,20,4,esa,9,1,0,vbr,1,high,0.0833025022174705,43,10,149,12,21,0,20,1,1,1,Standard_1080p_25fps_20s
183,0,p4x4,1,0.947122531673516,2,13,1,7,37.37799214063269,6:6,auto,0,20,3,esa,9,1,0,vbr,1,high,0.0833025022174705,43,10,167,12,21,0,11,1,1,1,Standard_1080p_25fps_20s
183,0,p4x4,1,0.947122531673516,0,13,0,7,37.37799214063269,4:-4,auto,0,20,4,esa,9,1,0,vbr,1,high,0.0833025022174705,43,10,149,12,21,0,20,1,1,1,Standard_1080p_25fps_20s
183,0,none,1,0.947122531673516,0,13,0,7,37.37799214063269,4:-4,auto,0,20,4,esa,9,1,0,vbr,1,high,0.0833025022174705,43,10,149,12,21,0,20,1,1,1,Standard_1080p_25fps_20s
183,0,p4x4,1,0.947122531673516,2,13,0,7,37.37799214063269,4:-4,auto,0,20,4,esa,9,1,0,vbr,1,high,0.0833025022174705,43,10,149,12,21,0,23,1,1,1,Standard_1080p_25fps_20s
1690,1,none,0,1.1536539324358672,0,13,0,7,8.930606908592445,4:-4,auto,0,20,4,esa,63,1,0,vbr,1,high,0.0833025022174705,43,10,129,12,23,0,18,1,1,1,Standard_1080p_25fps_20s
183,0,all,1,0.947122531673516,2,13,1,7,37.37799214063269,6:6,auto,0,20,3,esa,30,1,0,vbr,1,high,0.0833025022174705,43,10,167,12,21,0,11,2,1,1,Standard_1080p_25fps_20s
1690,1,none,2,1.1536539324358672,0,12,1,7,37.37799214063269,4:-4,auto,1,20,2,esa,63,1,0,vbr,1,high,0.0833025022174705,43,10,149,12,21,0,20,1,1,1,Standard_1080p_25fps_20s
183,0,p4x4,1,0.947122531673516,0,13,0,7,19.803305101281254,-6:6,auto,1,20,4,esa,9,1,1,vbr,1,high,0.0833025022174705,46,10,149,12,21,0,29,1,1,1,Standard_1080p_25fps_20s
183,0,p4x4,1,0.1252347426477105,1,13,0,7,37.37799214063269,4:-4,auto,0,137,4,esa,9,1,0,vbr,1,high,0.0833025022174705,43,10,149,12,21,0,20,1,1,1,Standard_1080p_25fps_20s
476,0,p4x4,0,1.926558024507436,1,3,0,-10,35.55545997220386,-3:3,auto,0,196,3,dia,24,0,0,cbr,1,baseline,0.1404351194194261,51,5,101,3,68,6,47,0,1,0,Action_1080p_30fps_15s
476,0,p4x4,0,0.5949890779589972,1,3,0,8,35.55545997220386,-3:3,auto,0,196,3,dia,24,0,0,cbr,0,baseline,0.1404351194194261,30,5,101,3,68,7,47,0,1,0,Action_1080p_30fps_15s
2341,0,p4x4,0,0.5949890779589972,1,3,1,8,35.55545997220386,-3:3,auto,0,196,3,dia,24,0,0,cbr,1,baseline,0.1404351194194261,30,5,101,3,68,7,47,0,1,1,Action_1080p_30fps_15s
476,0,p4x4,0,1.926558024507436,0,3,0,-10,35.55545997220386,-3:3,auto,0,196,3,dia,24,0,0,cbr,1,baseline,0.1404351194194261,51,5,161,3,70,6,47,0,1,0,Action_1080p_30fps_15s
1664,0,p4x4,0,1.926558024507436,1,3,0,-10,26.84810959998877,-3:3,auto,0,196,3,dia,24,0,0,cbr,1,baseline,0.1404351194194261,51,5,101,3,82,6,47,1,1,0,Action_1080p_30fps_15s
2341,0,p4x4,0,0.5949890779589972,2,13,1,8,35.55545997220386,-3:3,auto,0,196,3,dia,24,0,0,vbr,1,baseline,0.1404351194194261,51,5,247,3,68,6,47,0,1,0,Action_1080p_30fps_15s
476,0,p4x4,0,1.926558024507436,1,3,0,-10,49.21910888364848,0:0,auto,0,196,3,dia,24,0,0,cbr,1,baseline,0.1404351194194261,30,5,101,4,68,7,47,0,1,1,Action_1080p_30fps_15s
183,1,p4x4,1,1.926558024507436,1,3,0,-10,35.55545997220386,-3:3,auto,0,196,3,dia,24,0,0,vbr,1,baseline,0.1404351194194261,36,5,101,3,68,6,47,1,1,0,Action_1080p_30fps_15s
1180,1,p4x4,0,1.3374303110676122,0,10,1,11,45.725577216908825,5:-5,spatial,1,471,4,dia,30,1,1,none,1,high,0.938326367437642,37,19,172,7,15,4,22,0,1,2,Action_1080p_30fps_15s
774,1,p4x4,0,1.3374303110676122,0,10,1,11,45.725577216908825,5:-5,spatial,1,471,4,dia,30,1,1,none,1,baseline,0.938326367437642,37,0,172,7,15,0,22,0,1,2,Action_1080p_30fps_15s
183,1,p4x4,1,0.947122531673516,0,13,0,6,45.725577216908825,5:-5,spatial,1,471,4,dia,30,1,1,none,1,baseline,0.938326367437642,37,0,172,4,15,0,22,0,1,2,Action_1080p_30fps_15s
183,1,p4x4,1,0.1252347426477105,2,13,0,7,49.84193232743297,5:-5,spatial,0,471,4,dia,6,1,1,vbr,1,high,0.938326367437642,37,9,28,7,15,4,22,1,1,2,Action_1080p_30fps_15s
2341,0,p4x4,0,0.522321475535845,1,3,1,8,35.55545997220386,-3:3,auto,0,196,3,dia,24,0,0,cbr,0,baseline,0.1404351194194261,30,5,149,12,21,0,20,1,1,1,Action_1080p_30fps_15s
1690,1,none,2,1.1536539324358672,0,13,1,7,37.37799214063269,4:-4,auto,1,20,2,esa,63,1,0,vbr,1,high,0.595637840609091,43,10,134,12,23,0,20,1,1,1,Action_1080p_30fps_15s
1690,1,none,2,1.1536539324358672,0,13,1,7,37.37799214063269,4:-4,auto,0,20,4,esa,63,1,0,vbr,1,high,0.0833025022174705,43,10,149,12,23,0,20,1,1,1,Action_1080p_30fps_15s
183,1,p4x4,1,0.1252347426477105,2,13,0,7,37.37799214063269,4:-4,auto,1,20,4,esa,9,1,0,vbr,1,high,0.0833025022174705,43,10,149,12,21,0,20,1,1,1,Action_1080p_30fps_15s
1690,1,none,2,1.1536539324358672,0,13,0,7,37.37799214063269,4:-4,auto,0,20,4,esa,63,1,1,none,0,baseline,0.6071985520676814,48,4,92,2,80,0,2,0,0,0,Action_1080p_30fps_15s
183,0,p4x4,1,0.947122531673516,2,1,0,7,37.37799214063269,4:-4,auto,0,20,4,esa,9,1,0,vbr,1,high,0.0833025022174705,43,10,149,12,56,0,20,1,1,1,Action_1080p_30fps_15s
183,1,p4x4,1,0.1252347426477105,2,13,0,7,19.803305101281254,-6:6,auto,1,20,4,esa,9,1,0,vbr,1,high,0.0833025022174705,43,10,149,12,21,0,20,1,1,1,Action_1080p_30fps_15s
183,0,p4x4,1,0.947122531673516,2,13,1,7,37.37799214063269,6:6,auto,0,20,3,esa,9,1,0,vbr,1,high,0.0833025022174705,43,10,167,12,21,0,11,1,1,1,Action_1080p_30fps_15s
1377,1,all,3,1.563553340661942,2,4,0,4,35.02815848969296,4:4,temporal,0,282,2,dia,63,0,0,none,0,main,0.6493532546000097,48,4,92,2,80,0,2,0,0,0,Still_image_720p_60fps_15s
2051,0,p4x4,0,1.896988769287248,0,14,1,9,29.58495568862226,4:4,temporal,1,51,0,hex,49,0,1,cbr,0,baseline,0.6493532546000097,48,4,92,2,97,0,54,1,0,0,Still_image_720p_60fps_15s
2051,0,p4x4,0,1.896988769287248,0,14,1,9,29.58495568862226,4:4,spatial,1,215,0,hex,54,0,0,none,0,baseline,0.6493532546000097,48,4,92,2,80,0,2,0,0,0,Still_image_720p_60fps_15s
76,0,p8x8,1,0.6295137611273145,2,0,1,9,29.58495568862226,4:4,spatial,0,51,0,dia,54,0,1,none,0,baseline,0.6493532546000097,48,4,92,2,80,0,2,0,0,0,Still_image_720p_60fps_15s
2051,0,p4x4,0,1.896988769287248,0,14,1,9,29.58495568862226,4:4,spatial,1,51,0,hex,54,0,1,cbr,0,baseline,0.6493532546000097,48,4,92,2,81,0,2,0,0,0,Still_image_720p_60fps_15s
2077,0,p8x8,1,0.6295137611273145,2,0,1,9,29.58495568862226,4:4,spatial,0,51,0,dia,54,0,1,none,1,baseline,0.6493532546000097,48,4,92,2,18,0,2,0,0,0,Still_image_720p_60fps_15s
1444,0,p8x8,1,0.6295137611273145,2,0,1,9,25.110719237444787,4:4,spatial,0,51,0,dia,54,0,0,none,0,baseline,0.6493532546000097,48,4,92,2,80,0,2,0,0,0,Still_image_720p_60fps_15s
2051,0,p4x4,1,0.6295137611273145,2,0,1,9,29.58495568862226,4:4,spatial,0,51,0,dia,54,0,0,none,0,baseline,0.6493532546000097,48,8,92,2,80,0,12,1,0,0,Still_image_720p_60fps_15s
1444,0,p8x8,1,0.6295137611273145,2,0,1,9,29.58495568862226,4:4,spatial,1,194,0,hex,54,0,1,none,0,baseline,0.6493532546000097,48,4,92,2,81,0,43,0,0,0,Still_image_720p_60fps_15s
2133,0,"p8x8,b8x8,i8x8,i4x4",0,1.563553340661942,2,4,0,4,35.02815848969296,4:4,temporal,0,282,2,dia,47,0,0,none,0,baseline,0.6493532546000097,48,4,92,2,80,0,2,0,0,0,Still_image_720p_60fps_15s
76,0,all,1,0.6295137611273145,2,15,1,9,29.58495568862226,4:4,spatial,0,254,0,hex,54,0,1,none,0,high,0.6493532546000097,48,4,92,2,80,0,2,0,0,0,Still_image_720p_60fps_15s
1377,0,p8x8,1,0.6295137611273145,2,0,1,9,29.58495568862226,4:4,spatial,0,51,0,dia,54,0,1,none,0,baseline,0.6493532546000097,48,4,92,2,80,0,37,0,0,0,Still_image_720p_60fps_15s
1444,0,p8x8,1,0.6295137611273145,0,3,0,9,25.110719237444787,4:4,spatial,0,51,0,dia,54,0,1,cbr,0,baseline,0.6493532546000097,48,4,92,2,81,0,2,2,1,0,Still_image_720p_60fps_15s
76,0,all,1,0.6295137611273145,1,15,1,9,29.58495568862226,4:4,spatial,1,51,0,hex,54,1,1,cbr,0,baseline,0.6493532546000097,48,4,92,2,81,0,2,0,0,0,Still_image_720p_60fps_15s
2051,0,p8x8,0,1.896988769287248,0,6,1,9,37.01255402604598,4:4,spatial,0,254,0,hex,54,0,1,none,0,high,0.7267739747153646,20,4,92,14,80,0,2,0,0,2,Still_image_720p_60fps_15s
1444,0,p8x8,1,0.6295137611273145,2,3,0,9,25.110719237444787,4:4,spatial,0,51,1,dia,54,0,1,cbr,0,main,0.6493532546000097,51,4,81,2,81,0,18,2,0,0,Still_image_720p_60fps_15s
76,0,p8x8,1,0.6295137611273145,2,0,1,9,29.58495568862226,4:4,auto,0,233,0,dia,54,0,1,none,0,baseline,0.6493532546000097,48,4,92,2,80,0,2,0,0,0,Still_image_720p_60fps_15s
1891,0,p8x8,2,1.2284413190883303,2,4,1,12,5.113158477523211,5:5,spatial,0,51,0,dia,54,0,0,none,0,baseline,0.6493532546000097,48,4,81,2,80,0,37,0,0,0,Still_image_720p_60fps_15s
2051,0,p4x4,1,1.9572547864382035,2,0,1,9,29.58495568862226,4:4,spatial,0,488,2,dia,54,0,0,none,0,baseline,0.8103410857906678,48,8,92,2,80,0,12,0,0,2,Still_image_720p_60fps_15s
1444,0,p8x8,1,0.6295137611273145,2,16,1,9,29.58495568862226,4:4,spatial,1,173,3,hex,54,0,1,none,0,high,0.6493532546000097,48,4,92,2,80,0,2,0,0,0,Still_image_720p_60fps_15s
476,0,p4x4,0,0.5949890779589972,1,3,0,8,35.55545997220386,-3:3,auto,0,196,3,dia,24,0,0,cbr,0,baseline,0.1404351194194261,30,5,101,3,68,7,47,0,1,0,Still_image_1080p_25fps_5s
476,0,p4x4,0,1.926558024507436,1,3,0,-10,35.55545997220386,-3:3,auto,0,196,3,dia,24,0,0,cbr,1,baseline,0.1404351194194261,51,5,101,3,68,6,47,0,1,0,Still_image_1080p_25fps_5s
476,0,p4x4,0,1.926558024507436,1,3,0,-10,35.55545997220386,-3:3,auto,0,196,3,dia,24,0,0,cbr,1,baseline,0.1404351194194261,51,5,101,3,59,0,54,0,0,0,Still_image_1080p_25fps_5s
1180,1,p4x4,0,1.3374303110676122,0,10,1,11,45.725577216908825,5:-5,spatial,1,471,4,dia,30,1,1,none,1,high,0.938326367437642,37,19,172,7,15,4,22,0,1,2,Still_image_1080p_25fps_5s
774,1,p4x4,0,1.3374303110676122,0,10,1,11,45.725577216908825,5:-5,spatial,1,471,4,dia,30,1,1,none,1,baseline,0.938326367437642,37,0,172,7,15,0,22,0,1,2,Still_image_1080p_25fps_5s
1180,1,p4x4,3,1.3374303110676122,0,10,0,11,18.2127339594342,5:-5,spatial,1,471,4,dia,30,1,1,none,1,high,0.938326367437642,37,19,134,12,23,0,13,1,1,0,Still_image_1080p_25fps_5s
1690,1,none,2,1.1536539324358672,0,13,1,7,37.37799214063269,4:-4,auto,0,20,4,esa,63,1,0,vbr,1,high,0.0833025022174705,43,10,149,12,23,0,20,1,1,1,Still_image_1080p_25fps_5s
1690,1,none,2,1.1536539324358672,0,13,0,7,37.37799214063269,4:-4,auto,0,20,4,esa,63,1,1,none,0,baseline,0.6071985520676814,48,4,92,2,80,0,2,0,0,0,Still_image_1080p_25fps_5s
1690,1,none,2,1.1536539324358672,0,13,1,7,37.37799214063269,4:-4,auto,1,20,2,esa,63,1,0,vbr,1,high,0.595637840609091,43,10,134,12,23,0,20,1,1,1,Still_image_1080p_25fps_5s
183,1,p4x4,1,0.1252347426477105,2,13,0,7,19.803305101281254,-6:6,auto,1,20,4,esa,9,1,0,vbr,1,high,0.0833025022174705,43,10,149,12,21,0,20,1,1,1,Still_image_1080p_25fps_5s
183,0,p4x4,1,0.947122531673516,2,1,0,7,37.37799214063269,4:-4,auto,0,20,4,esa,9,1,0,vbr,1,high,0.0833025022174705,43,10,149,12,56,0,20,1,1,1,Still_image_1080p_25fps_5s
183,1,p4x4,1,0.1252347426477105,2,13,0,7,37.37799214063269,4:-4,auto,1,20,4,esa,9,1,0,vbr,1,high,0.0833025022174705,43,10,149,12,21,0,20,1,1,1,Still_image_1080p_25fps_5s
1180,1,p4x4,0,1.3374303110676122,0,13,1,7,37.37799214063269,4:-4,none,1,20,2,esa,63,1,1,vbr,1,baseline,0.595637840609091,43,10,134,12,23,0,20,1,1,1,Still_image_1080p_25fps_5s
1690,1,none,2,1.1536539324358672,0,13,1,7,37.37799214063269,4:-4,auto,0,20,4,esa,63,1,0,vbr,1,high,0.0833025022174705,43,10,149,12,23,0,61,1,1,2,Still_image_1080p_25fps_5s
1690,1,none,2,1.1536539324358672,0,13,1,7,37.37799214063269,4:-4,auto,1,20,3,esa,63,1,0,vbr,1,high,0.595637840609091,43,10,172,7,15,4,22,0,1,2,Still_image_1080p_25fps_5s
183,0,p8x8,1,0.947122531673516,2,1,0,7,37.37799214063269,4:-4,auto,1,20,4,esa,9,1,0,vbr,1,high,0.0833025022174705,43,10,149,12,21,0,20,1,1,1,Still_image_1080p_25fps_5s
183,1,none,1,0.1252347426477105,0,13,0,7,37.37799214063269,4:-4,auto,0,20,4,esa,61,1,0,vbr,1,high,0.0833025022174705,43,10,149,12,56,0,20,1,0,1,Still_image_1080p_25fps_5s
1180,1,p4x4,0,1.3374303110676122,0,10,1,7,37.37799214063269,4:-4,auto,1,20,0,esa,63,1,0,vbr,1,high,0.595637840609091,43,10,172,7,15,4,22,0,1,2,Still_image_1080p_25fps_5s
1690,1,none,2,1.1536539324358672,0,13,1,7,37.37799214063269,4:-4,auto,0,20,4,esa,63,1,0,vbr,0,high,0.0833025022174705,49,10,149,12,23,0,20,1,1,1,Still_image_1080p_25fps_5s
1690,1,none,2,1.2014290523163973,0,13,1,7,8.171946540186346,6:6,auto,1,20,2,esa,63,1,0,vbr,1,high,0.595637840609091,43,10,134,12,23,0,20,1,0,2,Still_image_1080p_25fps_5s
526,1,all,2,0.1010842381336602,0,4,1,-3,22.59156246642177,4:-4,spatial,1,237,4,hex,61,0,0,cbr,1,baseline,0.6387681857014684,22,12,120,2,71,0,2,0,0,0,Big_1080p_30fps_20s
745,1,p8x8,0,0.0290056165332518,1,11,1,-7,19.737654889640883,6:6,auto,1,342,0,hex,49,0,0,none,1,main,0.4551514067890393,46,7,142,10,4,0,27,0,1,1,Big_1080p_30fps_20s
2088,0,all,0,0.5919002570429192,1,5,0,-1,23.40579007344844,1:1,auto,1,342,0,hex,49,0,0,none,1,main,0.4551514067890393,46,7,155,10,4,0,27,0,0,1,Big_1080p_30fps_20s
76,0,p8x8,1,0.6295137611273145,2,0,1,9,29.58495568862226,4:4,spatial,0,51,0,dia,54,0,1,none,0,baseline,0.6493532546000097,48,4,92,2,80,0,2,0,0,0,Big_1080p_30fps_20s
76,0,p8x8,1,0.6295137611273145,2,0,1,9,17.31885750274167,4:4,spatial,0,51,0,dia,54,0,1,cbr,0,main,0.0125755748911785,48,4,99,8,36,6,46,2,1,0,Big_1080p_30fps_20s
215,0,p8x8,2,0.6295137611273145,2,0,1,9,29.58495568862226,4:4,auto,0,51,0,dia,54,0,1,none,0,main,0.6493532546000097,48,9,92,2,80,1,39,2,1,2,Big_1080p_30fps_20s
76,0,p8x8,1,0.6295137611273145,2,0,1,9,17.31885750274167,4:4,spatial,0,51,0,tesa,54,0,1,cbr,0,baseline,0.0125755748911785,48,10,218,5,32,2,41,1,0,1,Big_1080p_30fps_20s
746,0,p8x8,1,0.6295137611273145,2,0,1,9,17.31885750274167,4:4,spatial,0,51,0,dia,54,0,1,cbr,0,baseline,0.6067426035845275,48,4,92,2,71,0,2,0,0,0,Big_1080p_30fps_20s
796,0,p8x8,1,0.6295137611273145,1,1,1,10,29.58495568862226,3:-3,spatial,0,51,0,dia,59,0,1,none,0,baseline,0.0125755748911785,48,4,99,8,32,6,46,2,1,0,Big_1080p_30fps_20s
215,0,p8x8,2,0.6295137611273145,2,7,1,9,29.58495568862226,4:4,auto,0,51,1,hex,54,0,1,none,1,main,0.4551514067890393,46,7,22,10,86,0,27,0,0,1,Big_1080p_30fps_20s
746,0,p8x8,1,0.6295137611273145,0,8,1,9,17.31885750274167,4:4,spatial,0,51,0,dia,54,0,1,cbr,0,baseline,0.6067426035845275,48,4,92,14,12,10,10,0,0,2,Big_1080p_30fps_20s
746,0,"p8x8,b8x8,i8x8,i4x4",1,0.6295137611273145,2,0,1,9,20.22392099321321,4:4,spatial,0,51,0,esa,54,0,0,cbr,0,baseline,0.6067426035845275,48,4,92,2,71,0,2,2,0,0,Big_1080p_30fps_20s
1384,1,all,1,0.6295137611273145,1,1,1,10,29.58495568862226,3:-3,spatial,0,51,0,esa,38,0,1,none,0,baseline,0.0125755748911785,48,4,99,8,32,6,5,2,0,0,Big_1080p_30fps_20s
1271,0,all,3,0.5538205485491322,2,9,1,1,23.40579007344844,1:1,auto,1,342,0,hex,49,0,0,none,1,main,0.4551514067890393,46,7,22,10,4,0,27,0,0,1,Big_1080p_30fps_20s
2088,0,all,3,0.5919002570429192,1,2,1,9,16.031059876266603,3:-3,spatial,1,237,0,hex,32,0,0,none,1,main,0.4551514067890393,46,7,155,15,4,0,27,0,1,1,Big_1080p_30fps_20s
526,0,all,2,1.232150964766862,0,4,1,-3,22.59156246642177,4:-4,spatial,1,60,1,hex,14,1,0,vbr,0,baseline,0.1460394950320208,29,16,217,13,92,10,51,0,0,0,Big_1080p_30fps_20s
2088,0,all,3,0.5919002570429192,1,2,1,9,16.031059876266603,3:-3,spatial,1,237,0,hex,14,1,0,vbr,0,baseline,0.1460394950320208,29,16,217,13,92,7,51,2,1,1,Big_1080p_30fps_20s
76,1,p8x8,2,0.6295137611273145,2,0,1,9,17.31885750274167,4:4,spatial,0,51,0,dia,54,0,1,cbr,0,main,0.1879732748641202,26,1,73,5,42,11,39,1,1,1,Big_1080p_30fps_20s
76,0,p8x8,2,0.6295137611273145,2,0,1,9,17.31885750274167,-4:4,temporal,1,51,0,dia,54,0,1,cbr,0,main,0.1879732748641202,26,1,73,5,42,11,39,0,0,1,Big_1080p_30fps_20s
2088,0,all,0,0.5919002570429192,1,5,1,-1,23.40579007344844,1:1,auto,0,333,4,tesa,10,1,1,cbr,1,high,0.5115846338971608,43,16,200,13,92,7,51,2,0,1,Big_1080p_30fps_20s
291,0,all,2,0.1193365485352483,1,15,0,-1,1.9968515835133664,5:-5,auto,0,360,1,hex,49,0,1,cbr,1,main,0.6153815473027766,21,19,169,6,64,3,6,1,0,0,Action_1080p_30fps_20s
291,1,all,2,0.1193365485352483,1,15,1,-1,1.9968515835133664,5:-5,auto,0,360,4,dia,49,0,1,cbr,1,baseline,0.6153815473027766,21,19,201,5,54,0,20,0,1,1,Action_1080p_30fps_20s
431,0,p8x8,0,0.8955349413691472,0,2,1,3,43.45351094791903,2:2,none,1,154,0,hex,25,1,1,cbr,1,baseline,0.142462111336512,50,1,51,16,2,8,30,2,1,1,Action_1080p_30fps_20s
1657,1,p4x4,2,0.7043900227900087,2,9,1,-5,29.58495568862226,4:4,spatial,0,51,2,dia,54,0,0,none,0,baseline,0.8969129962060315,49,8,222,11,49,3,21,2,1,1,Action_1080p_30fps_20s
431,0,p8x8,0,0.8955349413691472,0,2,1,3,43.45351094791903,2:2,none,1,154,0,umh,51,1,1,cbr,0,baseline,0.0231857084398211,47,14,155,12,83,4,1,2,1,2,Action_1080p_30fps_20s
1698,1,p8x8,1,0.8939681657390562,0,5,0,7,23.69803648820458,-2:2,temporal,1,310,0,hex,60,0,0,none,0,high,0.5499795828533962,47,14,201,5,54,0,20,0,1,1,Action_1080p_30fps_20s
916,0,all,0,0.8600907957479925,1,13,1,-6,5.737854668273017,-2:2,none,1,32,3,esa,50,0,1,vbr,1,high,0.8306372140918717,46,7,113,14,96,1,7,2,0,1,Action_1080p_30fps_20s
1698,1,p8x8,1,0.8939681657390562,0,5,1,8,45.69049432205812,-2:2,auto,1,310,0,hex,27,1,1,none,1,high,0.5499795828533962,45,14,201,5,79,0,20,0,1,1,Action_1080p_30fps_20s
916,1,all,0,0.8600907957479925,1,15,1,-6,5.737854668273017,-2:2,none,0,32,3,dia,50,0,1,none,1,high,0.8306372140918717,22,7,113,14,96,1,7,2,0,1,Action_1080p_30fps_20s
916,1,all,0,0.8600907957479925,1,15,1,11,5.737854668273017,-2:2,none,0,32,3,dia,50,0,1,none,1,high,0.8306372140918717,22,7,113,14,39,1,7,2,0,1,Action_1080p_30fps_20s
76,0,p8x8,1,0.6295137611273145,2,0,1,9,29.58495568862226,4:4,spatial,0,51,0,dia,54,0,1,none,0,baseline,0.6493532546000097,48,4,92,2,80,0,2,0,0,0,Action_1080p_30fps_20s
171,0,all,2,0.7043900227900087,2,9,1,1,29.58495568862226,4:4,spatial,0,51,0,dia,54,0,0,none,0,baseline,0.6493532546000097,48,4,92,2,80,0,2,0,0,0,Action_1080p_30fps_20s
171,0,all,2,0.7043900227900087,2,9,1,-9,29.58495568862226,4:4,spatial,0,51,0,dia,51,1,0,none,0,baseline,0.6493532546000097,48,4,92,2,80,0,2,2,0,0,Action_1080p_30fps_20s
291,1,all,2,0.7043900227900087,2,9,1,1,29.58495568862226,4:4,spatial,0,51,0,dia,54,0,0,none,0,baseline,0.6493532546000097,48,4,92,2,80,0,2,2,0,0,Action_1080p_30fps_20s
804,0,none,1,0.7043900227900087,2,9,1,1,29.58495568862226,4:4,spatial,0,51,0,dia,54,0,0,none,0,baseline,0.6493532546000097,48,4,92,2,80,0,2,0,0,0,Action_1080p_30fps_20s
1952,0,all,2,1.7693267634985448,1,14,0,5,41.33108039093138,6:-6,none,1,304,1,umh,47,1,1,none,1,baseline,0.8969129962060315,49,8,222,11,49,3,21,2,1,1,Action_1080p_30fps_20s
1698,1,p8x8,1,1.541653877171366,0,5,0,7,23.69803648820458,-2:2,temporal,1,362,0,hex,60,1,0,none,0,high,0.5499795828533962,47,14,169,6,64,3,6,1,0,0,Action_1080p_30fps_20s
804,0,none,1,0.0517809269619148,1,14,0,7,23.69803648820458,-2:2,temporal,1,310,0,hex,27,1,1,none,0,high,0.5499795828533962,45,14,201,5,54,0,20,0,1,1,Action_1080p_30fps_20s
171,0,all,2,0.2725365581627416,1,14,0,7,23.69803648820458,-2:2,temporal,1,310,4,tesa,27,1,1,none,0,high,0.5499795828533962,45,14,201,5,54,0,20,0,1,1,Action_1080p_30fps_20s
916,0,none,2,0.0517809269619148,1,14,0,7,23.69803648820458,-2:2,temporal,1,310,0,hex,27,1,1,none,0,high,0.5499795828533962,35,14,201,5,33,0,20,0,0,1,Action_1080p_30fps_20s
258,1,p4x4,1,0.1547917854728039,1,11,0,1,12.03955981956035,5:-5,spatial,1,210,0,hex,31,1,0,vbr,1,main,0.759777949391024,49,0,219,6,34,4,47,2,0,1,Still_image_1080p_25fps_15s
2002,1,p4x4,3,0.4771290174931774,1,4,1,2,16.61881019417569,3:-3,temporal,0,210,3,hex,31,1,0,vbr,0,main,0.759777949391024,49,0,190,6,34,4,47,0,0,1,Still_image_1080p_25fps_15s
2002,1,p4x4,3,0.4771290174931774,1,4,1,2,9.321228297970876,3:-3,none,0,77,3,tesa,16,1,1,none,1,high,0.6643949625490938,36,16,126,4,54,1,60,1,1,2,Still_image_1080p_25fps_15s
2002,1,p4x4,3,0.4771290174931774,1,4,1,2,9.321228297970876,3:-3,none,0,342,4,tesa,10,1,1,vbr,1,main,0.6569189092860399,34,0,237,13,83,2,36,2,1,1,Still_image_1080p_25fps_15s
2029,1,p4x4,3,1.1717958185070505,1,8,0,-9,2.502534207261911,-2:2,auto,0,77,3,tesa,16,1,1,none,1,high,0.6489835788225751,36,6,126,4,54,1,60,1,1,2,Still_image_1080p_25fps_15s
2029,1,p4x4,3,0.1775538506567019,1,8,1,-9,2.502534207261911,-2:2,auto,0,77,3,tesa,28,1,1,none,1,high,0.6489835788225751,36,5,126,4,54,1,60,1,1,2,Still_image_1080p_25fps_15s
1899,0,p8x8,1,0.6295137611273145,2,0,1,9,29.58495568862226,4:4,spatial,0,51,1,tesa,16,1,1,none,1,high,0.6643949625490938,36,20,126,4,54,1,60,2,1,2,Still_image_1080p_25fps_15s
2029,1,p4x4,3,0.1775538506567019,1,8,1,-9,13.007904881027825,-2:2,auto,1,77,3,tesa,28,1,1,none,1,high,0.6489835788225751,36,5,126,4,54,1,60,2,1,2,Still_image_1080p_25fps_15s
2029,1,p4x4,3,1.1717958185070505,1,8,0,-9,2.502534207261911,-2:2,temporal,0,77,3,tesa,16,1,1,none,1,high,0.6489835788225751,36,5,126,4,54,1,60,1,1,2,Still_image_1080p_25fps_15s
2029,1,p4x4,3,0.1775538506567019,1,8,1,-9,2.502534207261911,-2:2,auto,0,77,3,tesa,28,0,1,none,0,high,0.6489835788225751,36,6,126,4,81,1,60,1,1,2,Still_image_1080p_25fps_15s
2002,1,p4x4,3,0.4771290174931774,1,4,1,2,16.61881019417569,3:-3,temporal,0,210,3,hex,31,1,0,vbr,0,main,0.759777949391024,46,8,126,4,54,1,60,0,1,2,Still_image_1080p_25fps_15s
2029,1,p4x4,3,0.1775538506567019,1,8,1,8,2.502534207261911,-2:2,auto,0,77,3,tesa,28,1,1,vbr,1,high,0.6489835788225751,49,0,190,9,34,4,47,2,0,1,Still_image_1080p_25fps_15s
2002,1,p4x4,3,0.4771290174931774,1,4,1,2,9.321228297970876,3:-3,none,0,342,4,tesa,8,1,1,vbr,1,main,0.6569189092860399,34,0,237,1,9,8,36,0,1,0,Still_image_1080p_25fps_15s
2002,1,p4x4,3,0.4771290174931774,1,4,0,2,9.321228297970876,3:-3,spatial,0,342,4,tesa,28,1,1,none,1,high,0.6489835788225751,36,5,126,4,33,1,37,1,0,2,Still_image_1080p_25fps_15s
258,1,all,1,0.1547917854728039,1,11,1,1,12.03955981956035,5:-5,temporal,0,210,3,hex,31,1,0,vbr,1,main,0.759777949391024,49,0,190,6,34,4,47,1,0,1,Still_image_1080p_25fps_15s
258,1,p4x4,1,0.1547917854728039,1,11,1,1,12.03955981956035,5:-5,none,0,210,0,hex,31,1,0,vbr,1,main,0.759777949391024,49,0,190,2,73,9,17,0,0,1,Still_image_1080p_25fps_15s
76,0,p8x8,1,1.5409764804508184,0,15,1,9,29.58495568862226,4:4,spatial,0,51,0,umh,54,0,0,none,0,main,0.5193259419631469,34,2,154,7,81,9,37,0,1,1,Still_image_1080p_25fps_15s
258,1,p4x4,1,0.1547917854728039,1,11,0,1,12.03955981956035,5:-5,spatial,1,210,0,hex,31,1,0,none,1,baseline,0.759777949391024,49,0,219,6,34,4,18,2,0,1,Still_image_1080p_25fps_15s
2316,0,"p8x8,b8x8,i8x8,i4x4",3,1.8659998820445496,1,9,0,3,44.60136026923939,1:1,spatial,0,110,0,umh,54,0,0,cbr,1,high,0.5193259419631469,33,15,154,8,73,4,9,1,0,1,Still_image_1080p_25fps_15s
2316,0,"p8x8,b8x8,i8x8,i4x4",3,1.8659998820445496,1,9,0,3,44.60136026923939,1:1,spatial,0,110,4,umh,54,0,0,cbr,1,baseline,0.5241074708625206,33,4,154,16,34,4,47,1,0,1,Still_image_1080p_25fps_15s
291,0,none,0,0.3288599459493289,1,7,0,10,27.60370491397178,3:-3,none,1,438,0,dia,9,0,1,cbr,0,baseline,0.6493532546000097,48,4,92,2,80,0,2,0,0,1,Action_1080p_60fps_5s
1641,0,p8x8,2,0.6852485530842913,0,14,1,-6,23.43967311937345,4:-4,none,0,49,1,tesa,37,0,0,cbr,0,baseline,0.8403633032237157,29,13,70,14,27,1,52,0,0,0,Action_1080p_60fps_5s
2152,0,"p8x8,b8x8,i8x8,i4x4",2,0.4068796369042392,0,12,1,9,29.58495568862226,3:3,spatial,0,51,2,dia,54,1,1,vbr,0,high,0.6493532546000097,48,4,92,2,80,0,25,0,1,0,Action_1080p_60fps_5s
291,0,none,0,0.3288599459493289,1,7,0,10,27.60370491397178,3:-3,none,1,438,2,umh,4,0,1,none,0,main,0.9601945041226374,30,4,41,2,51,1,60,2,0,1,Action_1080p_60fps_5s
291,0,none,0,0.1242251522190411,1,7,0,9,29.58495568862226,6:-6,none,0,51,0,dia,58,0,0,none,0,baseline,0.6493532546000097,30,4,41,2,51,1,60,2,0,2,Action_1080p_60fps_5s
835,0,none,2,1.1561606913061346,0,13,0,-1,44.52716503298801,4:-4,none,0,49,1,esa,37,0,0,cbr,1,baseline,0.8403633032237157,29,13,70,14,27,1,52,0,0,0,Action_1080p_60fps_5s
354,1,p8x8,1,1.0455357668283287,1,10,0,1,45.725577216908825,1:1,auto,1,411,0,dia,17,0,1,vbr,1,high,0.8312621137471209,33,17,249,15,86,4,18,0,1,0,Action_1080p_60fps_5s
354,1,p8x8,1,1.0455357668283287,1,10,0,1,45.725577216908825,1:1,auto,1,411,0,dia,17,0,1,vbr,1,high,0.8312621137471209,33,17,249,15,86,4,18,0,0,0,Action_1080p_60fps_5s
354,1,p8x8,1,1.0455357668283287,1,10,0,1,45.725577216908825,1:1,auto,1,411,0,dia,17,0,0,cbr,1,baseline,0.8403633032237157,29,13,70,14,27,1,52,0,0,0,Action_1080p_60fps_5s
76,0,p8x8,1,0.6295137611273145,2,0,1,9,29.58495568862226,4:4,spatial,0,51,0,dia,54,0,1,none,0,baseline,0.6493532546000097,48,4,92,2,80,0,2,0,0,0,Action_1080p_60fps_5s
76,0,p8x8,1,0.6295137611273145,2,0,1,9,29.58495568862226,4:4,spatial,0,51,0,dia,58,0,1,none,0,baseline,0.6493532546000097,48,4,92,2,80,0,2,1,1,1,Action_1080p_60fps_5s
2087,0,"p8x8,b8x8,i8x8,i4x4",0,0.2831775362034119,2,10,1,9,29.58495568862226,4:4,spatial,0,51,0,dia,54,1,1,vbr,0,main,0.6493532546000097,48,4,92,2,80,0,25,0,1,0,Action_1080p_60fps_5s
2152,0,"p8x8,b8x8,i8x8,i4x4",2,0.4068796369042392,0,12,1,9,29.58495568862226,4:4,spatial,0,51,0,dia,9,0,1,cbr,0,baseline,0.6493532546000097,48,4,92,2,80,0,2,0,0,1,Action_1080p_60fps_5s
835,0,p4x4,2,0.5333796790393036,2,0,1,9,29.58495568862226,-1:1,none,0,368,0,dia,58,0,0,none,0,baseline,0.6493532546000097,48,4,92,2,80,0,2,1,1,0,Action_1080p_60fps_5s
76,0,p8x8,1,0.6295137611273145,0,0,1,9,29.58495568862226,6:-6,spatial,0,51,0,dia,58,0,0,none,0,baseline,0.6493532546000097,30,4,41,2,51,1,60,2,0,1,Action_1080p_60fps_5s
2087,0,"p8x8,b8x8,i8x8,i4x4",0,0.2831775362034119,2,10,1,9,15.696043333289593,4:4,spatial,0,51,0,esa,9,0,1,cbr,0,baseline,0.6493532546000097,48,4,92,1,80,0,2,2,0,1,Action_1080p_60fps_5s
1530,0,p4x4,3,1.8882412900884025,0,16,1,-1,28.350071947390937,-4:4,temporal,0,51,0,dia,54,0,1,none,0,baseline,0.6493532546000097,48,4,92,2,80,0,2,0,1,0,Action_1080p_60fps_5s
76,0,p8x8,2,0.6295137611273145,2,0,1,9,3.643598341057589,4:4,spatial,0,51,2,dia,54,0,1,none,0,baseline,0.6493532546000097,48,4,92,2,98,0,2,0,0,0,Action_1080p_60fps_5s
76,0,p8x8,1,0.6295137611273145,2,0,1,9,29.58495568862226,4:4,spatial,0,261,0,dia,54,0,1,none,0,baseline,0.6493532546000097,48,4,92,2,80,0,2,0,0,0,Action_1080p_60fps_5s
76,0,p8x8,2,0.6295137611273145,2,0,1,9,3.643598341057589,4:4,spatial,0,51,2,dia,54,0,0,none,0,baseline,0.6493532546000097,48,8,92,2,98,0,2,0,1,0,Action_1080p_60fps_5s
1619,0,p4x4,3,0.871339017309799,0,2,0,0,44.481855464674,2:2,temporal,0,279,1,esa,57,0,0,cbr,0,high,0.0639475348227452,45,6,27,1,48,0,39,1,1,2,Still_image_480p_30fps_5s
1619,0,p4x4,3,0.871339017309799,0,2,0,0,44.481855464674,2:2,temporal,0,279,1,esa,57,0,0,vbr,1,main,0.8655635668128767,46,17,157,11,90,1,34,0,0,1,Still_image_480p_30fps_5s
2347,1,none,0,1.7470096272584414,2,7,1,7,23.12503960328424,2:2,temporal,0,279,1,esa,57,0,0,cbr,0,high,0.0639475348227452,45,6,27,10,48,0,47,1,1,2,Still_image_480p_30fps_5s
2182,0,p4x4,3,0.871339017309799,0,2,0,0,48.75732026276623,2:2,temporal,0,279,1,esa,57,0,0,cbr,0,baseline,0.0639475348227452,45,6,27,1,48,0,13,2,1,2,Still_image_480p_30fps_5s
1619,0,p4x4,3,0.871339017309799,0,2,0,0,44.481855464674,2:2,temporal,0,456,4,dia,57,1,1,cbr,1,high,0.2948229351465231,32,17,0,3,2,1,19,1,1,1,Still_image_480p_30fps_5s
1619,0,p4x4,3,0.871339017309799,0,2,0,0,48.75732026276623,2:2,temporal,0,279,1,esa,57,0,1,cbr,0,baseline,0.0639475348227452,45,3,27,1,48,0,13,2,1,2,Still_image_480p_30fps_5s
2182,0,p4x4,3,0.871339017309799,0,2,0,0,48.75732026276623,2:2,temporal,0,279,3,esa,57,0,0,cbr,0,baseline,0.0639475348227452,45,6,27,1,26,9,60,0,1,1,Still_image_480p_30fps_5s
1987,0,p4x4,3,0.871339017309799,0,2,0,0,44.481855464674,2:2,temporal,0,279,1,esa,57,0,0,cbr,0,high,0.0639475348227452,45,6,12,12,48,0,39,1,1,0,Still_image_480p_30fps_5s
1619,0,p4x4,3,0.871339017309799,0,2,0,0,48.75732026276623,2:2,temporal,0,82,1,esa,57,0,0,none,0,baseline,0.0639475348227452,45,6,27,1,48,0,13,2,1,2,Still_image_480p_30fps_5s
2182,0,p4x4,3,0.871339017309799,2,2,0,0,44.481855464674,2:2,temporal,0,279,1,esa,57,0,0,cbr,1,main,0.1943114536678557,46,17,157,4,90,1,34,0,0,1,Still_image_480p_30fps_5s
2347,1,none,0,1.7470096272584414,2,7,1,7,23.12503960328424,2:2,temporal,0,279,1,esa,53,0,0,cbr,0,high,0.0639475348227452,45,6,27,10,48,0,47,1,1,2,Still_image_480p_30fps_5s
1619,0,p4x4,3,0.871339017309799,0,2,0,0,48.75732026276623,2:2,temporal,0,279,1,esa,57,0,1,cbr,1,high,0.0639475348227452,45,6,27,1,48,0,39,1,1,2,Still_image_480p_30fps_5s
1619,1,"p8x8,b8x8,i8x8,i4x4",3,0.871339017309799,0,2,1,0,44.481855464674,2:2,temporal,1,279,1,esa,57,0,0,cbr,1,high,0.2161513930558811,51,20,27,1,48,0,13,2,1,2,Still_image_480p_30fps_5s
1619,0,p4x4,2,0.871339017309799,0,2,0,0,44.481855464674,2:2,temporal,0,279,1,esa,57,0,0,cbr,0,high,0.0639475348227452,47,6,27,1,48,0,39,1,1,2,Still_image_480p_30fps_5s
1619,0,p4x4,3,0.871339017309799,0,2,0,0,13.277119156353892,2:2,temporal,0,82,1,esa,57,0,0,cbr,0,baseline,0.0639475348227452,45,20,27,1,48,0,7,2,1,2,Still_image_480p_30fps_5s
2182,0,"p8x8,b8x8,i8x8,i4x4",3,0.871339017309799,0,13,0,3,44.481855464674,2:2,temporal,0,279,3,esa,57,0,1,cbr,0,baseline,0.0639475348227452,45,6,27,2,26,9,60,0,1,0,Still_image_480p_30fps_5s
1619,0,p4x4,3,0.2582619856373283,0,2,0,0,48.75732026276623,2:2,spatial,0,82,1,esa,63,0,0,none,0,baseline,0.0639475348227452,45,6,27,4,48,0,13,2,1,2,Still_image_480p_30fps_5s
1414,0,p8x8,3,1.1152150999845931,0,15,1,0,11.302398815321745,1:-1,temporal,1,279,1,esa,53,0,0,none,0,high,0.0639475348227452,45,6,27,10,48,0,32,1,1,2,Still_image_480p_30fps_5s
1619,1,p4x4,3,0.871339017309799,0,2,0,0,48.75732026276623,2:2,temporal,1,468,1,esa,57,0,0,cbr,0,baseline,0.4188675202944649,45,6,27,1,48,0,13,2,1,2,Still_image_480p_30fps_5s
1987,0,p4x4,0,0.871339017309799,0,2,0,0,44.481855464674,2:2,temporal,0,279,1,esa,22,0,0,cbr,0,high,0.0639475348227452,45,6,27,1,48,0,13,2,1,2,Still_image_480p_30fps_5s
1690,1,none,2,1.1536539324358672,0,13,1,7,37.37799214063269,4:-4,auto,0,20,4,esa,63,1,0,vbr,1,high,0.0833025022174705,43,10,149,12,23,0,20,1,1,1,Still_image_480p_25fps_20s
183,1,p4x4,1,0.1252347426477105,2,13,0,7,19.803305101281254,-6:6,auto,1,20,4,esa,9,1,0,vbr,1,high,0.0833025022174705,43,10,149,12,21,0,20,1,1,1,Still_image_480p_25fps_20s
1690,1,none,2,1.1536539324358672,0,13,0,7,37.37799214063269,4:-4,auto,0,20,4,esa,63,1,1,none,0,baseline,0.6071985520676814,48,4,92,2,80,0,2,0,0,0,Still_image_480p_25fps_20s
1690,1,none,2,1.1536539324358672,0,13,1,7,37.37799214063269,4:-4,auto,1,20,2,esa,63,1,0,vbr,1,high,0.595637840609091,43,10,134,12,23,0,20,1,1,1,Still_image_480p_25fps_20s
1275,1,none,1,1.1536539324358672,0,13,1,7,25.96995912262302,4:-4,spatial,0,265,4,dia,63,1,1,vbr,1,high,0.8526836725877067,43,10,149,12,15,0,20,2,1,1,Still_image_480p_25fps_20s
1690,1,none,2,0.6957458181602026,0,13,1,7,37.37799214063269,4:-4,temporal,0,20,4,esa,63,1,1,vbr,1,high,0.0833025022174705,43,10,149,12,23,0,23,1,1,1,Still_image_480p_25fps_20s
1690,0,none,2,1.1536539324358672,0,13,1,7,37.37799214063269,4:-4,auto,0,20,4,dia,63,1,0,none,0,baseline,0.0639475348227452,45,19,27,7,48,0,13,2,1,2,Still_image_480p_25fps_20s
1275,1,none,0,1.1536539324358672,0,13,1,-1,25.96995912262302,4:-4,spatial,0,132,4,dia,63,1,1,vbr,0,high,0.8526836725877067,43,10,149,2,80,0,2,1,0,1,Still_image_480p_25fps_20s
354,1,p8x8,1,1.0455357668283287,1,10,1,7,31.36313635584817,4:-4,spatial,0,20,2,esa,63,1,0,vbr,1,high,0.2985167701928203,43,10,134,12,23,0,20,1,1,1,Still_image_480p_25fps_20s
1690,0,none,2,0.6957458181602026,0,13,1,7,37.37799214063269,4:-4,temporal,0,20,4,dia,63,1,1,vbr,1,high,0.0833025022174705,33,17,249,15,86,4,18,0,1,1,Still_image_480p_25fps_20s
2258,1,none,2,0.6957458181602026,0,13,1,7,37.37799214063269,4:-4,auto,0,20,4,dia,63,1,0,none,0,main,0.0639475348227452,45,19,27,7,48,0,13,0,1,2,Still_image_480p_25fps_20s
1690,0,none,2,1.1536539324358672,0,13,1,7,37.37799214063269,6:6,temporal,0,20,4,esa,63,1,1,vbr,1,high,0.0833025022174705,43,10,69,12,23,0,23,1,1,1,Still_image_480p_25fps_20s
2182,0,p8x8,2,0.6852485530842913,0,14,1,-6,23.43967311937345,4:4,none,0,28,4,esa,9,1,0,vbr,1,high,0.0833025022174705,43,10,149,12,21,9,29,1,1,2,Still_image_480p_25fps_20s
1690,1,none,2,1.1536539324358672,1,13,0,7,37.37799214063269,4:-4,auto,0,20,4,esa,63,1,1,none,0,baseline,0.8403633032237157,29,13,70,14,27,1,52,0,1,2,Still_image_480p_25fps_20s
2258,1,none,2,0.6957458181602026,0,13,1,-2,37.37799214063269,4:-4,auto,0,20,4,dia,63,1,0,none,0,high,0.8526836725877067,43,10,149,12,91,0,20,2,0,1,Still_image_480p_25fps_20s
1690,1,none,2,1.1536539324358672,1,13,0,7,37.37799214063269,4:-4,auto,0,20,4,esa,63,1,1,vbr,1,high,0.0833025022174705,43,10,149,12,23,0,35,1,0,1,Still_image_480p_25fps_20s
1690,1,p8x8,2,0.6629915822262533,0,13,1,7,37.37799214063269,4:-4,temporal,0,20,4,esa,63,1,1,vbr,1,high,0.0833025022174705,43,10,149,12,23,8,23,1,1,0,Still_image_480p_25fps_20s
2385,1,none,2,0.6957458181602026,0,13,1,8,27.045991993502582,4:-4,temporal,0,20,3,esa,63,1,1,none,0,high,0.0833025022174705,43,10,149,12,23,0,23,1,0,1,Still_image_480p_25fps_20s
2258,1,none,2,1.1536539324358672,0,13,1,7,37.37799214063269,6:6,temporal,1,20,4,esa,63,1,1,vbr,1,high,0.0833025022174705,43,10,69,6,23,0,23,1,1,2,Still_image_480p_25fps_20s
1690,0,none,2,0.6957458181602026,0,13,1,10,37.37799214063269,4:-4,auto,0,20,4,umh,63,1,0,none,0,main,0.0639475348227452,45,19,27,7,48,0,13,0,1,2,Still_image_480p_25fps_20s
1690,1,none,2,1.1536539324358672,0,13,0,7,37.37799214063269,4:-4,auto,0,20,4,esa,63,1,1,none,0,baseline,0.6071985520676814,48,4,92,2,80,0,2,0,0,0,Still_image_720p_25fps_5s
1690,1,none,2,1.1536539324358672,0,13,1,7,37.37799214063269,4:-4,auto,0,20,4,esa,63,1,0,vbr,1,high,0.0833025022174705,43,10,149,12,23,0,20,1,1,1,Still_image_720p_25fps_5s
183,1,p4x4,1,0.1252347426477105,2,13,0,7,19.803305101281254,-6:6,auto,1,20,4,esa,9,1,0,vbr,1,high,0.0833025022174705,43,10,149,12,21,0,20,1,1,1,Still_image_720p_25fps_5s
1690,1,none,2,1.1536539324358672,0,13,1,7,37.37799214063269,4:-4,auto,1,20,2,esa,63,1,0,vbr,1,high,0.595637840609091,43,10,134,12,23,0,20,1,1,1,Still_image_720p_25fps_5s
1690,0,none,2,1.1536539324358672,0,13,1,7,37.37799214063269,4:-4,auto,0,20,4,dia,63,1,0,none,0,baseline,0.0639475348227452,45,19,27,7,48,0,13,2,1,2,Still_image_720p_25fps_5s
1275,1,none,0,1.1536539324358672,0,13,1,-1,25.96995912262302,4:-4,spatial,0,132,4,dia,63,1,1,vbr,0,high,0.8526836725877067,43,10,149,2,80,0,2,1,0,1,Still_image_720p_25fps_5s
1690,0,none,2,0.6957458181602026,0,13,1,7,37.37799214063269,4:-4,temporal,0,20,4,dia,63,1,1,vbr,1,high,0.0833025022174705,33,17,249,15,86,4,18,0,1,1,Still_image_720p_25fps_5s
1690,1,none,2,0.6957458181602026,0,13,1,7,37.37799214063269,4:-4,temporal,0,20,4,esa,63,1,1,vbr,1,high,0.0833025022174705,43,10,149,12,23,0,23,1,1,1,Still_image_720p_25fps_5s
1275,1,none,1,1.1536539324358672,0,13,1,7,25.96995912262302,4:-4,spatial,0,265,4,dia,63,1,1,vbr,1,high,0.8526836725877067,43,10,149,12,15,0,20,2,1,1,Still_image_720p_25fps_5s
354,1,p8x8,1,1.0455357668283287,1,10,1,7,31.36313635584817,4:-4,spatial,0,20,2,esa,63,1,0,vbr,1,high,0.2985167701928203,43,10,134,12,23,0,20,1,1,1,Still_image_720p_25fps_5s
1690,0,none,2,0.6957458181602026,0,13,1,7,37.37799214063269,4:-4,temporal,0,20,4,esa,63,1,1,none,1,high,0.0833025022174705,43,6,149,12,23,6,23,1,0,2,Still_image_720p_25fps_5s
1690,1,none,2,0.6957458181602026,0,13,0,7,37.37799214063269,4:-4,temporal,0,362,4,dia,63,1,0,vbr,1,high,0.0833025022174705,33,17,249,15,86,4,18,0,1,1,Still_image_720p_25fps_5s
1690,1,none,2,1.1536539324358672,0,13,1,7,37.37799214063269,4:-4,auto,0,20,4,esa,63,1,0,vbr,1,high,0.0833025022174705,33,10,149,1,77,11,13,2,1,2,Still_image_720p_25fps_5s
1690,1,none,2,1.1536539324358672,0,9,0,7,37.37799214063269,4:-4,auto,0,20,4,dia,63,1,1,vbr,1,high,0.0833025022174705,33,17,249,15,86,4,18,0,1,1,Still_image_720p_25fps_5s
354,1,p8x8,1,1.0455357668283287,1,10,1,-2,31.36313635584817,5:5,spatial,0,20,2,esa,63,1,0,vbr,1,high,0.0833025022174705,43,10,232,12,21,0,20,1,1,1,Still_image_720p_25fps_5s
1690,1,none,2,1.1536539324358672,0,13,0,7,37.37799214063269,4:-4,auto,0,20,4,esa,63,1,1,none,0,main,0.6071985520676814,48,4,92,2,80,0,2,0,1,0,Still_image_720p_25fps_5s
1690,1,none,1,1.1536539324358672,0,13,1,6,37.37799214063269,4:-4,auto,0,20,4,esa,63,1,0,vbr,1,high,0.0833025022174705,29,10,149,14,23,0,20,1,1,1,Still_image_720p_25fps_5s
1690,1,none,2,1.1536539324358672,0,13,1,7,37.37799214063269,4:-4,auto,0,20,4,esa,63,1,0,vbr,1,high,0.4289740924909954,43,10,149,15,86,1,18,0,1,1,Still_image_720p_25fps_5s
381,1,p4x4,2,1.5321594021641114,2,13,1,7,37.37799214063269,4:-4,temporal,0,20,4,hex,63,0,1,vbr,1,high,0.0833025022174705,33,17,249,12,23,0,20,1,1,1,Still_image_720p_25fps_5s
1690,0,none,2,1.1536539324358672,0,13,1,7,37.37799214063269,4:-4,auto,0,20,2,esa,63,1,1,vbr,1,high,0.2985167701928203,43,10,134,12,39,0,20,0,1,1,Still_image_720p_25fps_5s
76,1,p8x8,3,0.6295137611273145,1,0,0,9,29.58495568862226,4:4,spatial,1,51,2,umh,54,0,1,cbr,1,baseline,0.6493532546000097,36,4,92,2,80,0,2,2,0,0,Still_image_1080p_30fps_10s
76,1,p8x8,1,0.955156668830312,2,0,1,-2,29.58495568862226,4:4,spatial,1,70,0,dia,54,0,1,none,1,high,0.6493532546000097,48,4,92,15,9,0,50,1,1,2,Still_image_1080p_30fps_10s
1277,0,all,0,0.8955349413691472,1,12,1,12,17.940091865412743,6:6,auto,1,447,3,dia,62,0,1,none,1,main,0.006103345590743,48,4,26,5,61,11,43,1,1,1,Still_image_1080p_30fps_10s
1357,1,none,3,0.927218498224632,0,6,1,12,17.940091865412743,6:6,auto,1,447,3,dia,62,0,1,none,1,main,0.006103345590743,48,4,26,5,61,11,43,1,1,1,Still_image_1080p_30fps_10s
76,0,p8x8,1,0.6295137611273145,2,0,1,9,29.58495568862226,4:4,spatial,0,51,0,dia,54,0,1,none,0,baseline,0.6493532546000097,48,4,92,2,80,0,2,0,0,0,Still_image_1080p_30fps_10s
1363,1,p8x8,2,1.2431066719971349,0,6,1,-11,10.416691377066432,4:4,spatial,0,175,0,dia,54,0,1,none,0,baseline,0.6493532546000097,48,4,92,2,81,0,2,0,0,0,Still_image_1080p_30fps_10s
76,1,p8x8,1,0.6295137611273145,2,0,1,9,29.58495568862226,4:4,spatial,1,51,0,dia,54,0,1,none,0,baseline,0.6493532546000097,48,4,92,2,9,0,50,0,0,2,Still_image_1080p_30fps_10s
2214,0,p8x8,1,1.9095086171653568,2,0,1,-6,29.58495568862226,4:4,spatial,0,350,0,dia,51,0,1,none,0,baseline,0.6493532546000097,48,4,92,2,80,0,2,2,0,0,Still_image_1080p_30fps_10s
41,0,all,1,0.6074419713865158,2,0,1,9,29.58495568862226,4:4,spatial,0,350,0,tesa,51,0,1,none,0,baseline,0.751790034854561,22,4,92,2,80,0,1,2,0,0,Still_image_1080p_30fps_10s
76,1,p8x8,3,0.6295137611273145,2,0,0,9,29.58495568862226,4:4,spatial,1,51,0,dia,54,0,1,none,1,baseline,0.6493532546000097,48,4,92,2,81,0,58,0,1,0,Still_image_1080p_30fps_10s
76,1,p8x8,1,0.6295137611273145,2,0,1,9,29.58495568862226,4:4,spatial,0,51,0,dia,54,0,1,none,1,baseline,0.6493532546000097,48,4,92,2,3,0,2,0,0,0,Still_image_1080p_30fps_10s
1363,1,p8x8,0,1.2431066719971349,0,6,1,-11,10.416691377066432,4:4,spatial,0,175,0,dia,54,0,0,none,0,baseline,0.6493532546000097,48,4,92,2,80,1,2,0,0,0,Still_image_1080p_30fps_10s
334,1,p8x8,1,1.9095086171653568,2,0,1,-6,29.58495568862226,-3:3,spatial,0,319,0,dia,51,0,1,none,0,baseline,0.6493532546000097,48,4,92,2,80,0,2,2,1,2,Still_image_1080p_30fps_10s
76,1,p8x8,1,0.955156668830312,2,0,1,9,29.58495568862226,4:4,spatial,1,51,0,dia,54,0,1,none,0,baseline,0.6493532546000097,48,4,92,15,9,0,50,1,0,2,Still_image_1080p_30fps_10s
76,1,p8x8,3,0.6295137611273145,2,0,0,9,29.58495568862226,4:4,spatial,1,51,0,dia,54,0,1,none,1,baseline,0.6493532546000097,35,4,92,2,81,0,58,2,0,0,Still_image_1080p_30fps_10s
2214,0,p8x8,1,1.9095086171653568,2,0,1,-6,29.58495568862226,5:-5,spatial,0,350,0,dia,51,0,0,none,0,baseline,0.0793956504718031,48,4,92,2,80,0,2,0,1,0,Still_image_1080p_30fps_10s
1363,1,p8x8,0,1.2431066719971349,0,6,1,-11,10.416691377066432,4:4,spatial,0,175,0,dia,54,0,1,none,0,baseline,0.6493532546000097,48,4,92,13,81,0,2,0,0,0,Still_image_1080p_30fps_10s
1363,1,p8x8,2,1.2431066719971349,0,7,1,-11,10.416691377066432,1:-1,spatial,0,175,2,dia,54,0,0,none,0,main,0.6493532546000097,48,4,92,2,80,1,2,0,0,0,Still_image_1080p_30fps_10s
76,1,p8x8,1,0.955156668830312,2,0,1,9,29.58495568862226,4:4,spatial,0,51,0,dia,54,0,1,none,0,baseline,0.7015054135690565,43,20,175,16,83,7,28,1,0,0,Still_image_1080p_30fps_10s
76,1,p8x8,1,0.955156668830312,2,0,0,9,29.58495568862226,4:4,none,0,51,0,umh,54,0,1,none,0,baseline,0.6493532546000097,51,4,92,15,28,0,50,1,0,2,Still_image_1080p_30fps_10s
76,1,p8x8,1,0.955156668830312,2,0,1,-2,29.58495568862226,4:4,spatial,1,70,0,dia,54,0,1,none,1,high,0.6493532546000097,48,4,92,15,9,0,50,1,1,2,Action_480p_60fps_20s
76,1,p8x8,1,0.955156668830312,2,0,1,-2,29.58495568862226,4:4,spatial,1,70,0,dia,54,0,1,vbr,1,high,0.0833025022174705,43,10,149,12,23,0,23,1,1,1,Action_480p_60fps_20s
183,1,p4x4,1,0.1252347426477105,2,13,0,7,19.803305101281254,-6:6,auto,1,20,4,esa,9,1,0,vbr,1,high,0.0833025022174705,43,10,149,12,21,0,20,1,1,1,Action_480p_60fps_20s
1690,1,none,2,1.1536539324358672,0,13,1,7,37.37799214063269,4:-4,auto,0,20,4,esa,63,1,0,vbr,1,high,0.0833025022174705,43,10,149,12,23,0,20,1,1,1,Action_480p_60fps_20s
1690,1,none,2,1.1536539324358672,0,13,1,7,37.37799214063269,4:-4,auto,1,20,2,esa,63,1,0,vbr,1,high,0.595637840609091,43,10,134,12,23,0,20,1,1,1,Action_480p_60fps_20s
1690,1,none,2,1.1536539324358672,0,13,0,7,37.37799214063269,4:-4,auto,0,20,4,esa,63,1,1,none,0,baseline,0.6071985520676814,48,4,92,2,80,0,2,0,0,0,Action_480p_60fps_20s
1690,0,none,2,0.6957458181602026,0,13,1,7,37.37799214063269,4:-4,temporal,0,20,4,dia,63,1,1,vbr,1,high,0.0833025022174705,33,17,249,15,86,4,18,0,1,1,Action_480p_60fps_20s
1275,1,none,1,1.1536539324358672,0,13,1,7,25.96995912262302,4:-4,spatial,0,265,4,dia,63,1,1,vbr,1,high,0.8526836725877067,43,10,149,12,15,0,20,2,1,1,Action_480p_60fps_20s
1690,1,none,2,0.6957458181602026,0,13,1,7,37.37799214063269,4:-4,temporal,0,20,4,esa,63,1,1,vbr,1,high,0.0833025022174705,43,10,149,12,23,0,23,1,1,1,Action_480p_60fps_20s
1690,0,none,2,1.1536539324358672,0,13,1,7,37.37799214063269,4:-4,auto,0,20,4,dia,63,1,0,none,0,baseline,0.0639475348227452,45,19,27,7,48,0,13,2,1,2,Action_480p_60fps_20s
1275,1,none,0,1.1536539324358672,0,13,1,-1,25.96995912262302,4:-4,spatial,0,132,4,dia,63,1,1,vbr,0,high,0.8526836725877067,43,10,149,2,80,0,2,1,0,1,Action_480p_60fps_20s
354,1,p8x8,1,1.0455357668283287,1,10,1,7,31.36313635584817,4:-4,spatial,0,20,2,esa,63,1,0,vbr,1,high,0.2985167701928203,43,10,134,12,23,0,20,1,1,1,Action_480p_60fps_20s
1275,1,none,1,1.1536539324358672,0,13,1,7,25.96995912262302,4:-4,spatial,0,265,4,dia,63,1,0,vbr,1,high,0.8526836725877067,30,10,149,12,15,11,2,0,0,0,Action_480p_60fps_20s
1690,1,none,2,1.1536539324358672,0,13,1,7,26.119924873545607,4:-4,auto,0,20,4,dia,63,1,0,vbr,1,high,0.8526836725877067,43,10,149,9,15,0,20,2,1,1,Action_480p_60fps_20s
183,1,p4x4,1,0.1252347426477105,2,13,0,7,19.803305101281254,-6:6,auto,1,20,2,esa,63,1,0,vbr,1,high,0.4065850320064938,43,10,134,12,23,0,20,1,1,1,Action_480p_60fps_20s
354,1,p8x8,1,1.0455357668283287,1,10,1,7,31.36313635584817,4:-4,spatial,0,20,4,esa,39,1,0,vbr,1,high,0.0833025022174705,43,10,149,12,73,0,20,1,1,1,Action_480p_60fps_20s
1690,1,none,2,1.1536539324358672,0,13,0,7,37.37799214063269,4:-4,auto,0,20,4,esa,63,1,0,none,0,baseline,0.0639475348227452,45,19,27,7,48,0,13,2,1,2,Action_480p_60fps_20s
1690,1,none,2,0.6957458181602026,0,13,1,7,37.37799214063269,4:-4,temporal,0,20,4,esa,63,1,1,none,1,baseline,0.6493532546000097,48,4,218,15,9,0,50,1,0,2,Action_480p_60fps_20s
1690,1,none,2,1.1536539324358672,0,13,1,-2,37.37799214063269,4:-4,auto,0,20,4,dia,63,0,0,none,1,baseline,0.0639475348227452,45,19,27,7,48,0,13,2,1,2,Action_480p_60fps_20s
1690,0,none,1,1.1536539324358672,0,13,1,7,37.37799214063269,4:-4,auto,0,20,4,dia,54,0,1,vbr,1,high,0.6493532546000097,48,12,92,15,9,0,50,1,1,2,Action_480p_60fps_20s
740,1,none,2,0.8525031129601375,2,6,1,-10,38.41013554128254,6:6,none,1,93,3,dia,54,0,1,none,1,high,0.4428227225599475,28,15,49,1,92,2,63,0,0,1,Still_image_720p_30fps_20s
740,0,none,2,0.3997210510146373,0,10,1,-10,27.64649970206645,6:6,auto,1,93,3,dia,7,0,1,none,1,high,0.4428227225599475,28,17,49,1,47,2,57,1,0,2,Still_image_720p_30fps_20s
504,1,p8x8,3,0.1326677839752556,1,13,1,2,5.098694206335591,-6:6,temporal,0,177,2,hex,61,0,1,vbr,0,high,0.6973151055899826,44,1,43,10,88,4,57,1,1,2,Still_image_720p_30fps_20s
412,1,none,1,0.8525031129601375,2,10,1,-10,38.41013554128254,6:6,none,1,93,3,dia,7,1,1,none,1,high,0.4428227225599475,32,17,49,6,47,3,45,0,1,2,Still_image_720p_30fps_20s
216,1,all,0,0.1054414715618423,1,5,0,-5,26.23196262793729,-2:2,auto,1,182,0,dia,9,0,0,none,0,main,0.3436963962354139,32,14,82,9,27,3,17,0,0,0,Still_image_720p_30fps_20s
216,1,all,0,0.1054414715618423,0,5,0,-5,26.23196262793729,-2:2,spatial,1,182,0,dia,9,0,0,none,0,main,0.3436963962354139,32,14,82,9,27,3,12,0,0,0,Still_image_720p_30fps_20s
504,0,p8x8,3,0.1326677839752556,1,13,1,2,5.098694206335591,-6:6,temporal,0,177,2,hex,61,0,1,vbr,0,high,0.6973151055899826,44,1,43,10,88,4,57,1,0,2,Still_image_720p_30fps_20s
740,0,none,2,0.8525031129601375,2,10,1,-10,38.41013554128254,6:6,none,1,93,3,dia,7,0,1,none,1,high,0.4428227225599475,28,17,49,1,47,2,45,0,1,1,Still_image_720p_30fps_20s
740,0,p4x4,2,0.8525031129601375,2,10,1,-10,38.41013554128254,6:6,none,1,93,3,dia,7,0,1,none,1,high,0.4428227225599475,28,17,49,10,14,0,30,1,0,2,Still_image_720p_30fps_20s
412,1,none,3,0.5558499898581044,2,1,0,2,5.098694206335591,-6:6,temporal,0,294,2,hex,61,0,1,none,1,main,0.7454016104869238,36,13,240,10,14,0,54,1,0,1,Still_image_720p_30fps_20s
1673,1,p8x8,3,0.5558499898581044,2,11,0,-3,5.098694206335591,-6:6,spatial,0,294,2,hex,61,0,0,none,1,main,0.7454016104869238,36,13,240,15,14,0,54,1,0,1,Still_image_720p_30fps_20s
412,1,none,3,0.5558499898581044,2,1,0,0,5.634771623297636,4:4,spatial,0,321,1,dia,5,0,1,none,0,main,0.1588167012879194,25,11,57,16,19,1,31,0,0,2,Still_image_720p_30fps_20s
504,0,p8x8,3,0.1326677839752556,1,13,1,2,5.098694206335591,-6:6,temporal,0,177,2,hex,61,0,1,none,1,main,0.7454016104869238,36,7,240,10,14,0,54,1,0,1,Still_image_720p_30fps_20s
412,1,none,3,0.5558499898581044,2,1,0,2,5.098694206335591,-6:6,temporal,0,294,2,hex,61,1,1,none,1,main,0.7454016104869238,38,13,240,10,14,0,54,1,0,0,Still_image_720p_30fps_20s
412,1,none,3,0.6556140885019551,2,1,0,2,5.098694206335591,-6:6,temporal,0,294,2,hex,52,1,1,none,1,main,0.0303330983495558,43,9,193,12,25,10,26,0,0,1,Still_image_720p_30fps_20s
2357,1,none,3,0.5558499898581044,2,1,1,2,5.098694206335591,1:1,temporal,0,294,2,hex,61,0,1,none,1,main,0.7454016104869238,36,13,240,10,14,0,30,1,0,0,Still_image_720p_30fps_20s
412,1,none,1,0.5558499898581044,2,1,1,2,5.098694206335591,-4:4,none,0,294,2,hex,61,0,1,none,1,main,0.7454016104869238,48,4,92,2,80,0,2,0,0,0,Still_image_720p_30fps_20s
2357,1,none,3,0.5558499898581044,2,1,1,2,5.098694206335591,1:1,temporal,0,294,2,hex,61,0,1,none,1,main,0.7454016104869238,36,13,192,10,14,11,30,1,0,0,Still_image_720p_30fps_20s
2357,1,none,3,0.5558499898581044,2,1,1,2,5.098694206335591,1:1,temporal,0,294,2,hex,61,0,1,none,1,main,0.7454016104869238,36,13,240,10,81,0,30,1,0,0,Still_image_720p_30fps_20s
412,0,none,3,0.5558499898581044,2,1,0,2,5.098694206335591,-6:6,temporal,0,294,2,hex,61,0,1,none,1,main,0.7454016104869238,36,13,240,10,25,10,26,0,0,1,Still_image_720p_30fps_20s
1975,0,none,1,0.6932554072549802,2,12,0,8,13.35893353578019,0:0,none,0,353,0,hex,40,1,0,cbr,1,baseline,0.4193804235300311,40,14,10,2,29,1,58,1,1,1,Action_720p_30fps_5s
1000,0,all,2,1.8345793876815013,0,12,0,-2,13.35893353578019,0:0,spatial,0,353,0,hex,40,1,0,cbr,1,baseline,0.4193804235300311,40,14,10,2,29,1,17,1,1,1,Action_720p_30fps_5s
1000,0,all,2,1.8345793876815013,0,12,0,12,13.35893353578019,0:0,spatial,0,353,0,hex,57,1,0,cbr,1,baseline,0.4193804235300311,40,14,13,2,53,7,59,2,0,1,Action_720p_30fps_5s
76,0,p8x8,1,0.6295137611273145,2,0,1,9,29.58495568862226,4:4,spatial,0,51,0,dia,54,0,1,none,0,baseline,0.6493532546000097,48,4,92,2,80,0,2,0,0,0,Action_720p_30fps_5s
714,0,all,2,0.2726646230528159,1,5,1,-9,29.952507312758723,2:-2,spatial,0,51,0,dia,54,0,1,none,0,baseline,0.54455612343395,48,4,19,2,80,0,2,0,0,0,Action_720p_30fps_5s
1975,0,none,1,0.6932554072549802,2,5,0,-10,28.74417029968711,-4:4,none,0,202,1,dia,13,1,1,vbr,1,main,0.1769308723334453,38,0,39,1,94,3,38,2,1,2,Action_720p_30fps_5s
1975,0,none,1,0.6932554072549802,2,5,0,-10,28.74417029968711,-4:4,none,0,202,1,dia,13,0,1,vbr,1,main,0.1769308723334453,38,0,39,1,94,3,38,2,1,2,Action_720p_30fps_5s
1975,0,none,1,0.6932554072549802,2,8,0,-10,28.74417029968711,-4:4,none,0,414,1,dia,13,1,1,vbr,1,main,0.1769308723334453,36,0,39,1,100,6,11,2,1,0,Action_720p_30fps_5s
1940,1,p4x4,0,1.2097793863810706,2,5,0,0,46.28373159492028,4:4,auto,1,442,3,hex,24,1,0,none,1,high,0.9171349574400796,36,19,69,15,4,5,6,0,1,1,Action_720p_30fps_5s
714,0,p4x4,2,1.1156797772280571,1,5,0,-9,29.952507312758723,2:-2,auto,1,400,3,dia,24,0,0,none,0,high,0.9171349574400796,36,19,69,15,4,5,6,0,1,1,Action_720p_30fps_5s
1975,0,none,0,1.2097793863810706,2,5,0,0,46.28373159492028,4:4,temporal,0,442,3,tesa,24,1,0,none,1,high,0.9171349574400796,36,19,69,15,4,5,41,0,1,1,Action_720p_30fps_5s
714,0,p4x4,2,0.2726646230528159,1,5,0,-9,29.952507312758723,2:-2,auto,1,400,3,dia,60,1,1,cbr,0,baseline,0.1724828560371048,26,5,13,2,60,7,59,2,0,1,Action_720p_30fps_5s
714,0,p4x4,2,0.2726646230528159,1,3,1,-9,29.952507312758723,2:-2,auto,1,400,3,dia,60,1,0,cbr,0,baseline,0.1724828560371048,26,5,13,2,53,7,59,2,0,1,Action_720p_30fps_5s
714,0,p4x4,2,0.2726646230528159,1,5,0,-9,29.952507312758723,2:-2,auto,1,400,3,dia,60,1,1,none,0,baseline,0.1724828560371048,26,5,102,4,100,6,3,1,0,0,Action_720p_30fps_5s
714,0,p4x4,2,0.2726646230528159,1,5,0,-9,29.952507312758723,2:-2,auto,1,400,3,dia,60,1,0,vbr,0,baseline,0.2665021091784229,20,2,180,8,81,4,62,1,1,1,Action_720p_30fps_5s
1940,1,p4x4,0,1.2097793863810706,2,5,0,0,46.28373159492028,4:4,auto,1,442,3,hex,60,1,1,cbr,0,baseline,0.1724828560371048,26,5,191,2,60,7,59,2,0,1,Action_720p_30fps_5s
1148,0,p4x4,2,0.2726646230528159,1,5,0,-9,29.952507312758723,2:-2,auto,1,400,3,dia,60,1,1,none,1,baseline,0.1724828560371048,26,5,102,4,100,6,3,1,0,0,Action_720p_30fps_5s
714,0,p4x4,2,0.2726646230528159,1,5,0,-9,29.952507312758723,2:-2,auto,1,400,3,dia,60,1,0,none,1,main,0.5138303002880483,29,0,135,14,97,7,64,2,1,0,Action_720p_30fps_5s
714,0,p4x4,2,0.2726646230528159,1,3,1,-9,29.952507312758723,2:-2,auto,1,400,3,dia,60,1,0,cbr,0,baseline,0.1724828560371048,26,4,13,2,53,7,59,2,0,1,Action_720p_30fps_5s
2061,0,p4x4,2,0.2726646230528159,2,2,0,-9,29.952507312758723,2:-2,auto,1,400,3,dia,40,1,0,cbr,1,baseline,0.4193804235300311,40,14,10,2,29,1,17,1,1,1,Action_720p_30fps_5s
76,1,p8x8,1,0.955156668830312,2,0,1,-2,29.58495568862226,4:4,spatial,1,70,0,dia,54,0,1,none,1,high,0.6493532546000097,48,4,92,15,9,0,50,1,1,2,Action_1080p_30fps_5s
76,1,p8x8,2,0.955156668830312,2,0,1,-2,24.631351728819865,4:4,spatial,1,70,0,dia,54,0,1,none,1,high,0.6493532546000097,48,4,92,15,9,0,50,1,1,2,Action_1080p_30fps_5s
76,1,p8x8,1,0.955156668830312,2,0,1,-2,29.58495568862226,-2:2,spatial,1,70,0,dia,54,0,1,cbr,1,high,0.6493532546000097,48,9,92,15,9,0,15,1,1,2,Action_1080p_30fps_5s
76,1,p8x8,2,0.955156668830312,2,0,1,-2,24.631351728819865,4:4,spatial,1,70,2,dia,54,1,0,none,1,high,0.334900129455401,48,4,92,15,9,0,29,1,1,2,Action_1080p_30fps_5s
76,1,p8x8,3,0.955156668830312,2,0,1,-2,29.58495568862226,-2:2,spatial,1,14,0,dia,54,0,1,cbr,1,high,0.6493532546000097,48,9,92,15,9,0,13,2,1,1,Action_1080p_30fps_5s
1690,1,none,2,1.1536539324358672,0,13,1,7,37.37799214063269,4:-4,auto,1,20,2,esa,63,1,0,vbr,1,high,0.595637840609091,43,10,134,12,23,0,20,1,1,1,Action_1080p_30fps_5s
1690,1,none,2,1.1536539324358672,0,13,0,7,37.37799214063269,4:-4,auto,0,20,4,esa,63,1,1,none,0,baseline,0.6071985520676814,48,4,92,2,80,0,2,0,0,0,Action_1080p_30fps_5s
183,1,p4x4,1,0.1252347426477105,2,13,0,7,19.803305101281254,-6:6,auto,1,20,4,esa,9,1,0,vbr,1,high,0.0833025022174705,43,10,149,12,21,0,20,1,1,1,Action_1080p_30fps_5s
1690,1,none,2,1.1536539324358672,0,13,1,7,37.37799214063269,4:-4,auto,0,20,4,esa,63,1,0,vbr,1,high,0.0833025022174705,43,10,149,12,23,0,20,1,1,1,Action_1080p_30fps_5s
1690,0,none,2,0.6957458181602026,0,13,1,7,37.37799214063269,4:-4,temporal,0,20,4,dia,63,1,1,vbr,1,high,0.0833025022174705,33,17,249,15,86,4,18,0,1,1,Action_1080p_30fps_5s
1275,1,none,1,1.1536539324358672,0,13,1,7,25.96995912262302,4:-4,spatial,0,265,4,dia,63,1,1,vbr,1,high,0.8526836725877067,43,10,149,12,15,0,20,2,1,1,Action_1080p_30fps_5s
1690,0,none,2,1.1536539324358672,0,13,1,7,37.37799214063269,4:-4,auto,0,20,4,dia,63,1,0,none,0,baseline,0.0639475348227452,45,19,27,7,48,0,13,2,1,2,Action_1080p_30fps_5s
1690,1,none,2,0.6957458181602026,0,13,1,7,37.37799214063269,4:-4,temporal,0,20,4,esa,63,1,1,vbr,1,high,0.0833025022174705,43,10,149,12,23,0,23,1,1,1,Action_1080p_30fps_5s
1690,1,none,2,0.6957458181602026,1,13,1,6,37.37799214063269,4:-4,temporal,0,20,4,esa,63,1,1,vbr,0,high,0.0833025022174705,43,10,149,15,9,0,50,1,1,2,Action_1080p_30fps_5s
1690,1,none,2,0.6957458181602026,0,13,1,7,37.37799214063269,5:5,temporal,0,20,4,esa,63,1,1,vbr,0,high,0.0833025022174705,43,10,149,12,23,0,59,2,0,0,Action_1080p_30fps_5s
1690,1,none,2,1.1536539324358672,0,13,1,-3,37.37799214063269,4:-4,auto,1,20,2,esa,63,1,0,vbr,1,high,0.9227408825602657,43,3,134,12,23,0,20,1,1,1,Action_1080p_30fps_5s
1690,0,none,3,0.6957458181602026,0,10,1,7,37.37799214063269,4:-4,temporal,1,20,4,dia,63,1,1,vbr,1,baseline,0.0833025022174705,33,17,249,15,86,0,18,0,1,1,Action_1080p_30fps_5s
1275,1,none,1,1.1536539324358672,0,13,1,-2,25.96995912262302,4:-4,spatial,0,15,0,dia,63,1,1,vbr,1,high,0.8526836725877067,43,10,149,12,15,0,20,2,1,1,Action_1080p_30fps_5s
1690,0,none,0,1.1536539324358672,0,13,1,-3,37.37799214063269,4:-4,auto,0,20,4,dia,63,0,0,none,0,baseline,0.0639475348227452,45,7,27,7,29,1,17,1,1,1,Action_1080p_30fps_5s
1690,0,none,2,1.1536539324358672,0,13,1,7,37.37799214063269,4:-4,auto,0,20,4,esa,63,1,0,none,0,baseline,0.0639475348227452,45,19,27,7,9,0,50,1,1,2,Action_1080p_30fps_5s
17,1,p4x4,0,0.6576450568046407,0,14,1,6,16.439143966984506,5:-5,none,1,304,3,hex,44,0,1,none,0,high,0.3554461269108098,34,18,166,1,19,4,25,2,0,1,Action_480p_30fps_15s
1433,0,p8x8,2,0.9015445785289348,0,11,1,3,15.023015526431092,-6:6,auto,0,55,4,hex,5,0,0,none,0,baseline,0.0305585828629144,27,7,72,13,84,1,22,2,0,0,Action_480p_30fps_15s
772,0,"p8x8,b8x8,i8x8,i4x4",2,0.9015445785289348,0,11,1,9,25.79863055320933,-6:6,auto,1,55,4,hex,5,0,0,none,0,baseline,0.0305585828629144,27,7,12,13,80,0,2,1,0,0,Action_480p_30fps_15s
1433,0,p8x8,2,0.9015445785289348,0,11,1,3,15.023015526431092,-6:6,auto,0,55,4,hex,5,1,0,none,0,baseline,0.0305585828629144,27,7,72,13,84,1,35,0,1,0,Action_480p_30fps_15s
309,1,p4x4,3,0.9015445785289348,0,11,1,3,15.023015526431092,-6:6,auto,0,55,4,esa,5,0,0,cbr,0,baseline,0.0305585828629144,27,7,72,13,84,1,26,2,1,0,Action_480p_30fps_15s
1433,0,p8x8,2,0.9015445785289348,0,11,1,3,13.537170980942305,-6:6,auto,0,55,4,dia,5,0,0,none,0,baseline,0.0305585828629144,27,7,72,13,41,6,23,0,1,0,Action_480p_30fps_15s
772,0,"p8x8,b8x8,i8x8,i4x4",2,0.9015445785289348,0,11,1,9,25.79863055320933,-6:6,auto,1,55,4,hex,37,0,0,none,0,baseline,0.0305585828629144,27,7,12,13,80,0,2,1,0,1,Action_480p_30fps_15s
1652,0,none,1,1.0973969327168838,1,10,0,-8,6.614199268452717,-6:6,auto,0,55,4,dia,5,0,0,none,0,baseline,0.0305585828629144,27,1,72,13,41,6,36,1,1,0,Action_480p_30fps_15s
1433,0,p8x8,2,0.9015445785289348,0,11,1,3,13.537170980942305,-6:6,auto,0,55,4,dia,51,0,0,none,0,baseline,0.6493532546000097,48,4,92,2,84,1,11,2,0,0,Action_480p_30fps_15s
1433,0,p8x8,2,1.6458816346857852,0,11,1,3,15.023015526431092,-6:6,temporal,0,126,4,hex,5,1,0,none,0,baseline,0.0305585828629144,27,7,81,5,84,1,9,2,0,1,Action_480p_30fps_15s
1433,0,p8x8,2,0.9015445785289348,0,11,1,3,15.023015526431092,-6:6,auto,0,55,4,hex,5,0,0,none,1,main,0.0305585828629144,27,7,72,2,80,0,2,0,0,0,Action_480p_30fps_15s
772,0,"p8x8,b8x8,i8x8,i4x4",2,0.9015445785289348,0,11,0,9,25.79863055320933,-6:6,auto,1,55,4,hex,5,1,0,none,1,baseline,0.0305585828629144,27,4,92,2,80,0,61,0,0,0,Action_480p_30fps_15s
1433,0,p8x8,2,1.6458816346857852,0,11,1,3,15.023015526431092,-6:6,temporal,0,126,4,dia,5,0,0,none,0,baseline,0.0305585828629144,27,1,72,13,41,6,36,1,1,0,Action_480p_30fps_15s
17,1,"p8x8,b8x8,i8x8,i4x4",2,0.9015445785289348,0,11,1,9,25.79863055320933,-6:6,none,1,55,4,hex,37,0,0,none,0,baseline,0.3436963962354139,27,7,12,13,80,0,2,1,0,1,Action_480p_30fps_15s
1433,0,p8x8,2,1.6458816346857852,0,11,1,3,15.023015526431092,-6:6,temporal,0,126,4,hex,5,1,0,none,0,baseline,0.0305585828629144,27,1,81,5,84,4,9,1,0,1,Action_480p_30fps_15s
1433,0,p8x8,2,0.9015445785289348,0,8,1,3,18.445442229444044,-6:6,auto,1,55,4,dia,5,1,0,none,0,baseline,0.0305585828629144,27,7,72,13,84,1,35,0,1,0,Action_480p_30fps_15s
1433,0,p8x8,2,0.9015445785289348,0,0,1,3,15.023015526431092,-6:6,none,0,55,4,hex,5,0,0,none,0,baseline,0.0305585828629144,27,7,72,13,84,1,22,2,0,1,Action_480p_30fps_15s
772,0,"p8x8,b8x8,i8x8,i4x4",2,0.9015445785289348,0,11,1,9,25.79863055320933,-6:6,temporal,1,55,4,hex,37,0,1,cbr,0,baseline,0.0305585828629144,27,7,12,13,80,0,2,1,0,1,Action_480p_30fps_15s
1433,0,p8x8,2,0.9015445785289348,0,11,1,3,15.023015526431092,-6:6,auto,0,55,4,hex,5,0,0,vbr,1,baseline,0.0305585828629144,27,7,72,5,84,1,22,0,0,0,Action_480p_30fps_15s
1433,0,none,2,1.74213260612695,0,11,1,3,13.537170980942305,-6:6,auto,0,55,4,dia,5,0,0,none,0,baseline,0.0305585828629144,27,7,72,13,41,6,23,0,1,0,Action_480p_30fps_15s
1580,1,p8x8,2,1.765282485233605,2,4,0,-5,48.98047596095174,0:0,none,0,216,2,esa,55,1,0,none,0,baseline,0.1518066209778789,50,5,78,2,67,10,28,0,1,1,Still_image_1080p_60fps_5s
76,0,p8x8,1,0.6295137611273145,0,11,0,9,29.58495568862226,4:4,spatial,0,51,0,hex,48,1,0,none,1,baseline,0.6493532546000097,48,19,234,4,54,3,45,0,1,2,Still_image_1080p_60fps_5s
227,1,p8x8,2,1.765282485233605,2,4,0,-5,28.88843710839308,3:3,spatial,1,434,3,esa,35,1,1,vbr,1,baseline,0.9603078640875774,33,13,193,4,22,5,7,2,0,0,Still_image_1080p_60fps_5s
1580,1,p8x8,2,1.765282485233605,2,4,0,-5,28.88843710839308,3:3,spatial,1,434,3,umh,35,1,1,vbr,1,baseline,0.9603078640875774,33,13,193,4,22,5,7,2,0,0,Still_image_1080p_60fps_5s
150,0,p8x8,3,1.5710483738595258,2,1,1,-1,28.88843710839308,3:3,spatial,1,434,3,umh,35,1,1,vbr,1,main,0.9603078640875774,33,13,132,4,22,5,7,2,0,0,Still_image_1080p_60fps_5s
1580,1,p8x8,2,1.765282485233605,2,4,0,-5,28.88843710839308,3:3,spatial,1,434,3,umh,35,1,1,vbr,1,baseline,0.9603078640875774,33,13,193,4,26,5,7,2,0,0,Still_image_1080p_60fps_5s
227,1,p8x8,2,1.765282485233605,2,4,0,-5,28.88843710839308,3:3,spatial,1,434,3,umh,35,1,0,cbr,1,baseline,0.9603078640875774,33,13,193,4,22,5,7,2,0,0,Still_image_1080p_60fps_5s
1580,1,p8x8,2,1.765282485233605,2,4,0,-3,28.88843710839308,3:3,spatial,1,434,3,esa,21,0,1,vbr,1,high,0.9603078640875774,33,13,130,4,22,5,7,2,0,0,Still_image_1080p_60fps_5s
1603,0,"p8x8,b8x8,i8x8,i4x4",0,0.2608948090902501,1,9,0,-4,4.561344838176452,4:-4,auto,0,479,1,umh,39,1,0,none,1,main,0.2146815112497462,24,14,73,6,22,5,7,2,0,0,Still_image_1080p_60fps_5s
150,0,"p8x8,b8x8,i8x8,i4x4",1,0.1292048739838269,2,0,1,-1,4.561344838176452,4:-4,auto,0,479,1,umh,39,1,0,none,1,main,0.2146815112497462,24,14,73,6,22,5,7,2,0,0,Still_image_1080p_60fps_5s
150,0,"p8x8,b8x8,i8x8,i4x4",1,0.1292048739838269,2,1,0,-12,48.98047596095174,4:-4,none,0,238,4,esa,36,0,1,cbr,1,high,0.5344259674243317,38,7,238,4,35,7,64,0,1,2,Still_image_1080p_60fps_5s
150,0,"p8x8,b8x8,i8x8,i4x4",1,0.1292048739838269,2,1,1,-1,48.98047596095174,4:-4,none,0,229,3,dia,26,1,0,cbr,1,high,0.2650783289981042,45,12,10,2,69,3,15,0,0,1,Still_image_1080p_60fps_5s
150,0,"p8x8,b8x8,i8x8,i4x4",1,0.1292048739838269,2,1,1,-1,48.98047596095174,4:-4,none,0,229,3,dia,26,1,0,cbr,1,high,0.9603078640875774,33,13,193,15,22,3,7,2,0,0,Still_image_1080p_60fps_5s
478,1,none,0,0.4419033150700399,2,8,0,4,11.480011215046456,1:-1,temporal,0,260,3,dia,26,1,0,vbr,1,high,0.2650783289981042,45,12,10,2,69,3,15,0,0,1,Still_image_1080p_60fps_5s
150,0,"p8x8,b8x8,i8x8,i4x4",1,0.1292048739838269,2,1,1,-1,48.98047596095174,4:-4,none,0,216,1,esa,48,1,0,vbr,0,baseline,0.1518066209778789,50,5,78,2,67,10,16,0,1,1,Still_image_1080p_60fps_5s
150,0,p8x8,1,0.1292048739838269,2,1,0,-1,48.98047596095174,4:-4,none,0,229,3,dia,26,1,0,cbr,1,high,0.2650783289981042,45,12,10,2,45,2,41,2,1,0,Still_image_1080p_60fps_5s
1414,0,p8x8,1,1.8210274901640569,2,0,1,-2,29.58495568862226,4:4,spatial,0,51,1,umh,26,1,0,vbr,0,high,0.2650783289981042,45,12,10,2,69,3,15,0,0,1,Still_image_1080p_60fps_5s
150,0,"p8x8,b8x8,i8x8,i4x4",0,0.1292048739838269,2,1,1,-1,48.98047596095174,4:-4,none,1,229,3,dia,26,1,0,cbr,1,high,0.2650783289981042,45,17,10,4,22,5,7,2,0,0,Still_image_1080p_60fps_5s
1414,0,p8x8,1,1.8210274901640569,2,4,1,-2,29.58495568862226,1:-1,temporal,0,260,0,dia,55,1,1,cbr,1,high,0.2650783289981042,45,12,10,2,69,3,15,0,0,1,Still_image_1080p_60fps_5s
1603,0,"p8x8,b8x8,i8x8,i4x4",0,0.2608948090902501,0,9,0,-4,4.561344838176452,-4:4,temporal,0,238,4,esa,36,0,1,cbr,1,high,0.5344259674243317,38,7,238,4,35,7,24,0,1,0,Still_image_1080p_60fps_5s
745,0,p4x4,2,1.2881622200044331,0,1,1,0,29.30978175128106,-4:4,temporal,1,18,3,hex,30,0,0,vbr,0,main,0.6604964527259688,27,13,211,2,80,0,2,0,0,0,Still_image_720p_60fps_10s
745,0,p4x4,3,1.2881622200044331,0,1,1,0,29.30978175128106,1:-1,temporal,1,18,3,hex,30,0,0,vbr,0,main,0.6604964527259688,27,13,33,8,80,0,2,0,0,0,Still_image_720p_60fps_10s
2144,0,none,0,0.736046658227053,0,7,1,6,49.376471962682494,4:4,temporal,0,177,0,umh,24,0,0,cbr,0,baseline,0.1924882894062069,28,18,214,9,25,2,41,2,1,1,Still_image_720p_60fps_10s
275,0,p8x8,0,0.1268705957246806,1,11,1,9,1.4295047624665382,5:-5,spatial,1,280,2,umh,48,0,1,none,1,baseline,0.6718077387451974,24,17,219,7,100,8,25,1,1,2,Still_image_720p_60fps_10s
414,1,"p8x8,b8x8,i8x8,i4x4",1,1.6848569439173615,0,11,0,-12,34.691924317849285,6:6,temporal,1,135,1,tesa,18,1,1,none,0,high,0.6882108435804833,35,17,228,6,49,1,44,2,0,1,Still_image_720p_60fps_10s
414,1,"p8x8,b8x8,i8x8,i4x4",1,1.6848569439173615,0,11,0,-12,21.423975879912216,6:6,temporal,1,135,1,tesa,18,1,1,none,0,high,0.6882108435804833,35,17,228,6,49,1,44,2,0,1,Still_image_720p_60fps_10s
414,1,"p8x8,b8x8,i8x8,i4x4",1,1.6848569439173615,0,11,0,-12,34.691924317849285,6:6,temporal,1,135,1,tesa,61,1,1,none,0,high,0.6831336732219722,35,11,152,10,26,0,41,2,0,1,Still_image_720p_60fps_10s
414,0,"p8x8,b8x8,i8x8,i4x4",1,1.6848569439173615,0,11,0,-12,34.691924317849285,6:6,temporal,1,135,1,tesa,18,1,1,none,0,high,0.6882108435804833,35,17,152,10,74,0,26,1,0,2,Still_image_720p_60fps_10s
1348,1,p8x8,2,0.1492449558469054,1,7,0,-9,17.760769974633675,4:4,temporal,0,177,0,umh,24,0,0,cbr,0,baseline,0.1924882894062069,28,18,214,9,25,2,50,2,1,1,Still_image_720p_60fps_10s
1348,1,p8x8,2,0.1492449558469054,1,7,0,-9,17.760769974633675,4:4,spatial,0,177,0,umh,24,0,0,cbr,0,baseline,0.1924882894062069,28,18,214,9,25,2,50,2,1,1,Still_image_720p_60fps_10s
2067,1,"p8x8,b8x8,i8x8,i4x4",2,0.1492449558469054,1,7,0,-9,17.760769974633675,4:4,temporal,0,177,0,umh,24,1,0,none,0,baseline,0.1924882894062069,28,18,175,12,88,0,25,0,0,0,Still_image_720p_60fps_10s
414,1,"p8x8,b8x8,i8x8,i4x4",1,1.6848569439173615,0,11,0,-12,34.691924317849285,6:6,temporal,1,135,1,tesa,18,1,1,none,0,high,0.6831336732219722,35,11,152,10,23,0,25,0,1,0,Still_image_720p_60fps_10s
2218,0,p4x4,1,1.2881622200044331,0,10,1,0,29.30978175128106,4:4,temporal,1,18,3,dia,30,0,1,vbr,1,baseline,0.6604964527259688,45,13,86,8,56,5,29,2,0,1,Still_image_720p_60fps_10s
745,0,p4x4,2,1.2881622200044331,0,1,1,0,29.30978175128106,3:3,temporal,1,18,3,dia,30,0,0,vbr,1,main,0.6604964527259688,27,13,86,2,80,0,2,0,0,0,Still_image_720p_60fps_10s
76,0,p8x8,1,0.6655710086041291,0,0,1,4,29.58495568862226,4:4,spatial,0,51,3,hex,17,1,1,vbr,1,baseline,0.1659687109006805,45,13,86,8,56,5,29,2,0,1,Still_image_720p_60fps_10s
2218,0,all,1,1.2881622200044331,0,10,1,0,29.30978175128106,-1:1,temporal,1,18,3,dia,57,0,1,none,1,baseline,0.6493532546000097,48,4,92,2,80,0,2,0,0,0,Still_image_720p_60fps_10s
2218,0,p8x8,1,1.2881622200044331,0,10,1,0,29.30978175128106,-1:1,temporal,1,18,3,tesa,57,0,1,none,1,baseline,0.6493532546000097,48,4,92,2,80,0,2,0,0,0,Still_image_720p_60fps_10s
414,0,none,2,1.2881622200044331,0,8,1,0,29.30978175128106,3:3,temporal,1,81,3,dia,30,0,0,vbr,0,main,0.6604964527259688,27,13,86,2,80,0,2,0,0,0,Still_image_720p_60fps_10s
880,0,none,1,1.5917531608932536,1,10,0,9,17.92675268625064,-2:2,temporal,1,87,3,dia,33,1,0,vbr,1,high,0.892616229391442,50,3,175,12,88,0,25,0,1,0,Still_image_720p_60fps_10s
880,0,none,1,1.5917531608932536,1,4,0,9,17.92675268625064,-2:2,temporal,1,87,3,dia,16,1,0,vbr,1,high,0.7251186975584609,50,3,175,12,88,0,25,0,1,0,Still_image_720p_60fps_10s
143,0,none,0,1.997601325586333,0,8,0,-7,31.53640878592952,-4:4,none,1,426,4,tesa,63,1,0,cbr,1,baseline,0.8065249436832351,48,4,175,7,74,6,50,1,0,0,Standard_1080p_30fps_20s
1467,0,none,0,1.8245416022471044,0,4,1,9,28.75601225955332,-2:2,temporal,1,251,1,tesa,45,1,0,vbr,0,high,0.9431299319713118,27,17,48,11,61,7,60,0,1,0,Standard_1080p_30fps_20s
1708,0,none,0,1.8245416022471044,0,4,1,9,28.75601225955332,-2:2,temporal,1,251,1,tesa,45,1,0,vbr,0,high,0.9431299319713118,30,17,48,13,61,7,60,0,1,0,Standard_1080p_30fps_20s
1708,0,none,0,1.8245416022471044,0,4,1,9,28.75601225955332,-2:2,temporal,1,220,1,tesa,45,1,0,vbr,0,high,0.9431299319713118,30,17,48,13,61,7,60,0,1,0,Standard_1080p_30fps_20s
1708,0,none,0,1.8245416022471044,0,4,1,9,28.75601225955332,-2:2,temporal,1,251,1,tesa,45,1,0,vbr,0,high,0.9431299319713118,30,17,48,7,61,7,60,0,1,0,Standard_1080p_30fps_20s
1708,0,none,0,1.8245416022471044,0,4,1,9,28.75601225955332,-2:2,temporal,1,251,0,tesa,45,1,0,vbr,0,high,0.9431299319713118,30,17,48,9,61,4,60,0,1,0,Standard_1080p_30fps_20s
143,1,none,0,1.997601325586333,0,8,0,-7,31.53640878592952,-4:4,none,1,351,4,tesa,63,1,0,cbr,0,baseline,0.623709790865616,48,7,182,2,82,6,51,2,1,0,Standard_1080p_30fps_20s
76,0,p8x8,1,0.6295137611273145,2,0,1,9,29.58495568862226,4:4,spatial,0,51,0,dia,54,0,1,none,0,baseline,0.6493532546000097,48,4,92,2,80,0,2,0,0,0,Standard_1080p_30fps_20s
76,0,p8x8,1,1.892620996835481,2,0,0,9,29.58495568862226,4:4,spatial,0,51,0,dia,54,0,0,none,0,baseline,0.6493532546000097,48,4,92,2,80,0,58,0,0,0,Standard_1080p_30fps_20s
76,0,p8x8,3,0.6295137611273145,2,0,0,9,29.58495568862226,4:4,spatial,0,51,0,dia,54,0,1,none,0,main,0.6493532546000097,48,4,33,10,80,3,62,2,1,1,Standard_1080p_30fps_20s
76,0,p8x8,1,0.6295137611273145,2,0,1,9,29.58495568862226,4:4,spatial,1,51,0,dia,63,0,1,none,1,baseline,0.6493532546000097,48,17,48,11,61,7,60,2,0,0,Standard_1080p_30fps_20s
76,1,p8x8,1,0.6295137611273145,2,0,0,-3,29.58495568862226,4:4,spatial,1,51,0,dia,63,0,1,none,1,baseline,0.6493532546000097,48,17,25,2,82,6,51,2,0,0,Standard_1080p_30fps_20s
1708,0,p8x8,0,0.4428821580498104,1,2,0,9,32.59002601216163,5:-5,temporal,0,387,4,dia,54,0,1,none,1,baseline,0.6493532546000097,48,6,92,2,80,0,2,0,0,0,Standard_1080p_30fps_20s
1708,0,p8x8,0,0.4428821580498104,2,7,0,9,32.25576536511945,5:-5,spatial,0,51,0,dia,54,0,0,none,0,baseline,0.6275613831266531,48,4,92,2,32,0,58,0,0,0,Standard_1080p_30fps_20s
76,0,p8x8,1,0.6295137611273145,1,0,0,-1,29.58495568862226,4:4,spatial,0,51,0,dia,54,0,1,none,0,high,0.6493532546000097,44,4,33,10,80,3,62,2,1,1,Standard_1080p_30fps_20s
2100,1,p8x8,1,1.3531373511216724,2,10,0,9,9.019845670067056,4:4,spatial,0,51,0,dia,54,0,1,none,0,baseline,0.6493532546000097,48,4,92,2,80,0,2,1,0,0,Standard_1080p_30fps_20s
76,0,p8x8,1,0.6295137611273145,2,0,1,9,29.58495568862226,4:4,spatial,0,51,0,dia,29,0,0,none,0,baseline,0.6493532546000097,48,4,92,2,80,0,2,0,0,0,Standard_1080p_30fps_20s
76,1,p8x8,1,0.6295137611273145,2,0,0,-3,29.58495568862226,4:4,temporal,1,51,1,dia,60,0,1,none,0,baseline,0.6493532546000097,48,17,25,2,82,6,51,2,0,0,Standard_1080p_30fps_20s
76,0,p8x8,1,1.892620996835481,2,0,0,-2,6.4979965291102655,4:4,spatial,0,51,0,dia,54,0,0,none,0,main,0.6493532546000097,48,4,92,2,82,6,1,1,1,0,Standard_1080p_30fps_20s
76,0,p8x8,1,0.6295137611273145,2,0,1,9,29.58495568862226,4:4,spatial,0,51,0,esa,39,1,1,cbr,1,high,0.6482599498698072,44,12,214,8,31,2,6,2,0,0,Standard_1080p_30fps_20s
1436,1,p8x8,2,0.6074419713865158,1,0,1,-12,42.62397521387294,0:0,spatial,1,22,4,dia,26,1,1,vbr,1,high,0.754809731459133,50,2,42,11,37,2,13,2,1,2,Big_1080p_25fps_20s
2111,0,p8x8,3,1.001223354873627,0,9,0,-11,34.66258545387875,0:0,spatial,1,22,4,dia,26,1,1,vbr,1,high,0.754809731459133,50,2,42,11,37,2,13,2,1,2,Big_1080p_25fps_20s
76,1,p8x8,1,0.5233070470635094,2,0,1,-7,29.58495568862226,4:4,spatial,0,51,0,dia,35,0,1,vbr,1,high,0.6497021670944326,46,16,15,5,91,8,4,2,1,2,Big_1080p_25fps_20s
994,0,none,1,0.34609367040508,1,0,0,-12,42.62397521387294,0:0,spatial,1,22,4,dia,26,1,1,vbr,0,main,0.754809731459133,50,2,42,11,37,2,13,2,1,2,Big_1080p_25fps_20s
1436,1,p8x8,2,0.6074419713865158,1,14,1,-12,42.62397521387294,0:0,auto,1,391,4,hex,4,0,1,vbr,1,high,0.9856451086442882,50,9,46,5,59,1,25,2,1,2,Big_1080p_25fps_20s
1879,1,"p8x8,b8x8,i8x8,i4x4",0,1.8904587036270388,0,13,0,3,5.511207645431871,2:-2,spatial,1,22,3,dia,26,1,1,vbr,1,high,0.754809731459133,50,2,42,11,37,2,13,2,1,1,Big_1080p_25fps_20s
1436,1,p8x8,2,0.6074419713865158,1,0,1,-12,42.62397521387294,0:0,spatial,1,22,4,dia,26,1,1,vbr,1,high,0.754809731459133,50,19,152,3,68,4,11,0,1,0,Big_1080p_25fps_20s
287,0,p8x8,3,1.001223354873627,0,9,1,-11,34.66258545387875,-3:3,none,0,344,2,dia,24,1,1,vbr,1,high,0.2849238145104008,50,2,42,11,37,2,13,2,1,2,Big_1080p_25fps_20s
1436,1,p8x8,3,0.6074419713865158,1,0,1,-12,15.086797179406874,-3:3,spatial,1,22,4,dia,59,1,1,vbr,1,main,0.754809731459133,50,2,42,11,37,2,13,2,1,2,Big_1080p_25fps_20s
994,0,none,1,0.34609367040508,1,0,0,-12,42.62397521387294,0:0,auto,1,22,4,dia,26,1,1,vbr,0,main,0.754809731459133,50,2,206,11,37,1,48,2,0,2,Big_1080p_25fps_20s
76,1,p8x8,1,0.5233070470635094,2,0,1,-7,29.58495568862226,4:4,spatial,0,51,2,hex,35,0,1,vbr,1,high,0.9856451086442882,50,9,46,5,59,1,20,2,1,2,Big_1080p_25fps_20s
2111,1,p8x8,2,1.8699660327505865,1,9,1,-12,42.62397521387294,1:-1,auto,1,391,4,hex,4,0,1,vbr,1,high,0.9856451086442882,50,9,46,5,59,1,25,0,1,2,Big_1080p_25fps_20s
1436,0,p8x8,3,1.001223354873627,0,9,1,-11,34.66258545387875,0:0,spatial,1,22,4,dia,22,1,1,none,0,main,0.7903418150042439,51,2,42,11,37,2,5,2,1,2,Big_1080p_25fps_20s
994,1,none,1,0.5233070470635094,2,0,1,-7,49.49387571049876,4:4,spatial,0,51,2,hex,35,0,1,vbr,1,high,0.9856451086442882,50,9,46,5,59,1,20,2,1,2,Big_1080p_25fps_20s
76,1,none,1,0.34609367040508,1,0,1,-12,42.62397521387294,0:0,spatial,1,22,4,dia,26,1,1,vbr,0,main,0.754809731459133,50,2,42,11,37,2,13,2,1,2,Big_1080p_25fps_20s
1436,1,p8x8,2,0.6074419713865158,1,0,1,-12,42.62397521387294,0:0,spatial,1,22,4,dia,26,1,1,vbr,1,high,0.754809731459133,50,2,243,11,37,2,13,2,1,2,Big_1080p_25fps_20s
1436,1,p8x8,2,1.830235495576655,1,14,1,-12,42.62397521387294,0:0,auto,1,391,4,hex,4,0,1,vbr,1,high,0.9856451086442882,50,9,46,5,59,1,25,2,1,2,Big_1080p_25fps_20s
2111,0,p8x8,0,1.001223354873627,0,0,0,-12,42.62397521387294,0:0,auto,1,22,4,dia,26,1,1,vbr,0,main,0.754809731459133,50,2,206,11,37,1,48,2,0,2,Big_1080p_25fps_20s
994,0,none,1,0.34609367040508,1,9,0,-11,34.66258545387875,0:0,spatial,1,135,4,dia,26,1,1,vbr,1,high,0.754809731459133,50,12,42,11,6,2,13,2,1,2,Big_1080p_25fps_20s
1436,1,p8x8,2,0.6074419713865158,1,14,1,-12,42.62397521387294,0:0,auto,1,22,4,dia,26,1,1,vbr,0,main,0.754809731459133,50,2,206,11,37,1,48,2,0,2,Big_1080p_25fps_20s
636,1,none,2,0.4371457905377309,2,14,0,-10,9.377312840357307,3:-3,temporal,1,345,3,hex,39,1,0,vbr,1,high,0.1487075570796548,45,19,129,11,9,11,16,1,0,0,Big_720p_60fps_10s
636,1,none,2,0.4371457905377309,2,14,0,-10,9.377312840357307,3:-3,temporal,1,345,3,hex,39,1,0,vbr,1,high,0.3767874836030233,45,19,129,11,9,11,16,1,0,1,Big_720p_60fps_10s
340,1,p4x4,1,0.1494197407334924,1,0,0,4,6.214650124306135,1:-1,temporal,1,144,1,umh,39,1,0,vbr,1,high,0.1487075570796548,45,19,169,11,9,6,16,2,0,0,Big_720p_60fps_10s
340,1,p4x4,1,0.1494197407334924,1,14,0,-10,9.377312840357307,3:-3,temporal,1,345,3,hex,39,1,0,vbr,1,high,0.3767874836030233,45,19,129,11,9,11,16,1,0,0,Big_720p_60fps_10s
340,1,p4x4,1,0.1494197407334924,1,0,0,4,6.214650124306135,1:-1,spatial,1,144,1,umh,51,0,0,cbr,1,baseline,0.4722150270287825,37,13,42,1,21,2,59,0,1,0,Big_720p_60fps_10s
340,0,p4x4,3,0.1494197407334924,2,0,0,4,6.214650124306135,1:-1,spatial,1,144,2,umh,51,0,1,vbr,1,baseline,0.4722150270287825,37,13,42,1,21,2,59,0,1,0,Big_720p_60fps_10s
2295,0,p4x4,1,0.1494197407334924,1,0,0,4,6.214650124306135,1:-1,spatial,1,481,1,umh,26,0,0,cbr,1,baseline,0.4722150270287825,34,13,42,1,21,2,59,0,1,2,Big_720p_60fps_10s
340,1,"p8x8,b8x8,i8x8,i4x4",1,0.1494197407334924,1,0,0,4,6.214650124306135,1:-1,spatial,1,144,1,umh,51,0,0,cbr,1,baseline,0.4722150270287825,40,8,23,1,50,8,62,1,0,0,Big_720p_60fps_10s
340,0,p4x4,3,0.1494197407334924,2,0,0,4,6.214650124306135,1:-1,spatial,1,48,0,umh,51,0,1,vbr,1,baseline,0.4722150270287825,37,8,42,1,21,1,43,1,0,1,Big_720p_60fps_10s
340,1,p4x4,1,0.4548723744877707,1,0,1,4,6.214650124306135,1:-1,spatial,1,48,0,umh,51,0,1,vbr,0,baseline,0.4722150270287825,37,8,42,1,21,1,29,1,0,1,Big_720p_60fps_10s
340,1,none,1,0.1494197407334924,2,0,0,4,6.214650124306135,1:-1,temporal,1,481,1,umh,26,0,0,cbr,1,baseline,0.4722150270287825,34,13,42,1,21,2,59,0,1,1,Big_720p_60fps_10s
636,0,none,2,0.4371457905377309,2,0,0,4,6.214650124306135,1:-1,auto,1,139,1,umh,51,0,0,cbr,1,baseline,0.4722150270287825,37,13,42,1,21,2,59,0,1,1,Big_720p_60fps_10s
340,1,none,1,0.1494197407334924,1,0,0,4,6.214650124306135,1:-1,spatial,1,144,1,umh,51,0,0,cbr,1,baseline,0.4722150270287825,48,4,198,3,80,0,37,2,0,0,Big_720p_60fps_10s
340,0,p4x4,3,0.1494197407334924,2,0,0,4,6.214650124306135,1:-1,spatial,1,144,2,umh,51,1,1,vbr,1,baseline,0.4722150270287825,37,13,42,1,21,2,59,0,1,1,Big_720p_60fps_10s
1294,1,p4x4,2,1.8247917449117983,2,14,0,-9,35.50051359721309,3:3,none,1,78,1,umh,51,0,0,cbr,1,baseline,0.4722150270287825,37,20,42,1,21,2,59,0,0,0,Big_720p_60fps_10s
340,0,"p8x8,b8x8,i8x8,i4x4",2,1.6548071699134204,0,3,0,-1,7.649004608810355,1:-1,none,1,364,3,dia,56,0,1,cbr,0,high,0.3176078951399598,49,5,41,1,21,2,59,0,0,0,Big_720p_60fps_10s
1904,1,none,0,0.2167644059576779,2,0,1,8,6.168414335431711,1:-1,temporal,0,127,1,dia,58,1,0,cbr,1,baseline,0.4722150270287825,37,20,42,1,21,2,59,0,1,0,Big_720p_60fps_10s
340,0,"p8x8,b8x8,i8x8,i4x4",2,1.6548071699134204,0,3,0,-1,7.649004608810355,1:-1,none,1,364,3,dia,56,0,1,cbr,1,high,0.4963418824287686,51,5,41,3,7,0,2,1,0,1,Big_720p_60fps_10s
340,0,"p8x8,b8x8,i8x8,i4x4",3,1.3200603414638283,1,1,0,-9,35.50051359721309,3:3,auto,1,78,4,umh,25,1,0,cbr,0,baseline,0.1668458773784809,47,16,227,13,89,2,59,0,0,0,Big_720p_60fps_10s
76,0,p8x8,1,0.6295137611273145,2,0,1,9,29.58495568862226,4:4,spatial,0,51,0,dia,54,0,1,none,0,baseline,0.6493532546000097,48,4,92,2,80,0,2,0,0,0,Big_720p_60fps_10s
2111,0,p8x8,3,1.001223354873627,0,9,0,-11,34.66258545387875,0:0,spatial,1,22,4,dia,26,1,1,vbr,1,high,0.754809731459133,50,2,42,11,37,2,13,2,1,2,Action_720p_60fps_20s
994,0,none,1,0.34609367040508,1,0,0,-12,42.62397521387294,0:0,auto,1,22,4,dia,26,1,1,vbr,0,main,0.754809731459133,50,2,206,11,37,1,48,2,0,2,Action_720p_60fps_20s
76,1,p8x8,1,0.5233070470635094,2,0,1,-7,29.58495568862226,4:4,spatial,0,51,0,dia,35,0,1,vbr,1,high,0.6497021670944326,46,16,15,5,91,8,4,2,1,2,Action_720p_60fps_20s
1436,1,p8x8,2,0.6074419713865158,1,0,1,-12,42.62397521387294,0:0,spatial,1,22,4,dia,26,1,1,vbr,1,high,0.754809731459133,50,2,42,11,37,2,13,2,1,2,Action_720p_60fps_20s
1436,1,p8x8,2,0.6074419713865158,1,0,1,-12,42.62397521387294,0:0,spatial,1,22,4,dia,26,1,1,vbr,1,high,0.754809731459133,50,19,152,3,68,4,11,0,1,0,Action_720p_60fps_20s
76,0,none,1,0.34609367040508,1,0,0,-12,42.62397521387294,0:0,auto,1,22,4,dia,26,1,1,vbr,0,main,0.754809731459133,50,2,206,11,37,1,48,2,0,2,Action_720p_60fps_20s
1436,1,p8x8,2,0.6074419713865158,1,0,1,8,42.62397521387294,0:0,spatial,1,22,4,dia,26,1,1,none,1,high,0.754809731459133,50,19,152,3,68,4,11,0,1,0,Action_720p_60fps_20s
1436,1,p4x4,2,0.6074419713865158,1,0,1,-12,42.62397521387294,0:0,spatial,1,22,2,dia,26,1,1,vbr,1,high,0.754809731459133,50,2,206,11,37,1,48,2,0,2,Action_720p_60fps_20s
1883,0,p8x8,1,0.34609367040508,1,0,0,-12,42.62397521387294,3:3,auto,1,22,4,dia,26,1,1,vbr,0,main,0.754809731459133,50,2,42,11,37,2,13,2,1,2,Action_720p_60fps_20s
1436,1,p8x8,2,0.412354198209756,2,0,1,8,42.62397521387294,0:0,spatial,1,22,4,dia,26,0,1,none,1,high,0.754809731459133,50,19,152,3,68,4,11,2,0,2,Action_720p_60fps_20s
2111,0,p8x8,3,1.001223354873627,0,12,0,-11,34.66258545387875,5:-5,spatial,1,22,4,hex,26,1,0,vbr,1,high,0.754809731459133,50,15,42,11,37,2,13,2,1,2,Action_720p_60fps_20s
2111,0,p8x8,3,1.001223354873627,2,9,0,-11,34.66258545387875,0:0,spatial,1,22,4,dia,26,1,1,vbr,1,high,0.754809731459133,50,2,42,11,37,7,13,2,0,0,Action_720p_60fps_20s
76,1,p8x8,1,1.2767584299655177,2,0,1,-7,29.58495568862226,4:4,spatial,0,51,0,dia,35,1,1,vbr,1,high,0.754809731459133,50,2,236,11,37,2,13,2,1,2,Action_720p_60fps_20s
1436,0,p8x8,2,0.6074419713865158,1,0,1,-12,42.62397521387294,0:0,spatial,1,22,4,esa,26,1,1,vbr,1,high,0.754809731459133,50,11,152,11,12,2,13,2,1,2,Action_720p_60fps_20s
1436,1,p8x8,2,0.6074419713865158,1,0,1,-12,42.62397521387294,0:0,spatial,1,22,4,dia,26,1,1,vbr,1,baseline,0.754809731459133,50,2,42,3,68,4,11,0,1,0,Action_720p_60fps_20s
1436,1,p8x8,2,0.6074419713865158,1,0,1,-12,42.62397521387294,0:0,spatial,1,22,4,dia,26,0,1,vbr,1,main,0.754809731459133,50,9,206,11,37,1,48,2,0,2,Action_720p_60fps_20s
2111,0,"p8x8,b8x8,i8x8,i4x4",3,1.001223354873627,0,9,0,-11,24.3834904476182,3:-3,spatial,1,22,4,dia,15,1,1,vbr,0,high,0.3558269164923451,50,2,42,11,37,2,13,2,0,2,Action_720p_60fps_20s
994,0,none,3,0.34609367040508,1,0,0,-12,42.62397521387294,0:0,auto,1,22,4,dia,26,1,1,vbr,0,main,0.754809731459133,48,2,17,11,37,1,48,2,0,2,Action_720p_60fps_20s
260,1,p8x8,2,0.6074419713865158,1,0,1,9,42.62397521387294,0:0,spatial,1,22,4,dia,26,1,1,none,1,high,0.754809731459133,50,2,206,11,37,7,48,2,0,2,Action_720p_60fps_20s
1436,1,p8x8,2,0.6074419713865158,1,0,0,8,42.62397521387294,4:4,spatial,0,51,0,dia,35,1,1,vbr,1,high,0.754809731459133,50,2,236,11,37,2,13,2,0,2,Action_720p_60fps_20s
1699,0,none,3,0.9753679292089328,2,12,0,0,33.659914367378114,2:2,none,0,163,2,esa,18,1,1,none,1,high,0.9042368790367616,47,6,12,2,16,7,28,1,1,0,Still_image_1080p_30fps_20s
1699,0,none,3,0.9753679292089328,2,12,0,-1,33.659914367378114,2:2,none,0,163,2,esa,18,1,1,none,1,high,0.9042368790367616,47,6,12,2,16,7,61,1,1,0,Still_image_1080p_30fps_20s
2132,0,none,2,0.5538205485491322,2,7,0,0,33.659914367378114,2:2,none,0,163,2,esa,19,1,1,none,1,baseline,0.9042368790367616,47,6,12,2,16,7,28,1,1,0,Still_image_1080p_30fps_20s
307,0,p4x4,2,0.7109932528244155,0,8,1,4,1.617933309162861,-6:6,auto,0,384,4,hex,46,0,1,cbr,1,baseline,0.3437790214195466,37,20,160,6,13,2,34,0,0,1,Still_image_1080p_30fps_20s
1699,0,none,3,0.9753679292089328,0,12,0,0,33.659914367378114,2:2,none,0,163,2,esa,18,1,1,none,1,baseline,0.9042368790367616,47,6,12,2,16,7,28,1,0,0,Still_image_1080p_30fps_20s
2,1,all,2,0.0308912276085484,0,14,1,4,46.5642071193505,-5:5,temporal,1,331,1,dia,58,1,0,none,0,main,0.4294696923790868,27,4,131,12,34,4,1,0,1,2,Still_image_1080p_30fps_20s
2132,0,"p8x8,b8x8,i8x8,i4x4",2,0.2463366389657999,0,7,0,-6,5.497733642497615,1:-1,none,1,371,4,umh,49,0,0,vbr,0,high,0.6496306394632878,25,19,185,2,78,11,11,1,0,1,Still_image_1080p_30fps_20s
2132,0,"p8x8,b8x8,i8x8,i4x4",2,0.2463366389657999,0,7,0,-6,37.5505870636302,-5:5,none,1,371,4,umh,49,0,0,vbr,0,high,0.6390118687603747,25,19,185,2,78,11,11,0,0,2,Still_image_1080p_30fps_20s
76,0,p8x8,1,0.6295137611273145,2,0,1,9,29.58495568862226,4:4,auto,0,3,4,hex,48,0,0,cbr,1,high,0.2168483410483085,23,7,141,10,89,11,61,1,1,0,Still_image_1080p_30fps_20s
2112,0,p8x8,3,0.2990198569831506,0,0,1,-11,14.99197773070051,-6:6,auto,0,3,4,hex,48,0,0,cbr,1,high,0.2168483410483085,23,7,141,10,89,11,41,1,1,1,Still_image_1080p_30fps_20s
2132,1,"p8x8,b8x8,i8x8,i4x4",2,0.2463366389657999,2,7,0,-6,5.497733642497615,4:-4,none,1,371,4,hex,46,0,1,vbr,1,high,0.5522690910109491,41,15,214,9,39,3,39,0,1,2,Still_image_1080p_30fps_20s
76,0,p8x8,1,0.6295137611273145,2,0,1,9,29.58495568862226,4:4,spatial,0,51,0,dia,54,0,1,none,0,baseline,0.6493532546000097,48,4,92,2,80,0,2,0,0,0,Still_image_1080p_30fps_20s
76,0,p8x8,1,0.6295137611273145,0,0,1,9,21.97781513525661,4:4,spatial,0,51,0,dia,54,0,0,none,0,baseline,0.6493532546000097,48,4,181,14,15,1,0,2,0,2,Still_image_1080p_30fps_20s
2112,0,p8x8,3,0.2990198569831506,0,0,0,-11,14.99197773070051,3:-3,auto,0,51,0,dia,54,0,1,none,0,baseline,0.6493532546000097,27,4,92,2,80,0,2,0,0,0,Still_image_1080p_30fps_20s
2132,0,all,2,0.9637075811445744,2,7,1,9,29.58495568862226,4:4,spatial,0,51,0,dia,54,0,1,none,0,baseline,0.6493532546000097,48,4,92,2,80,0,35,0,0,0,Still_image_1080p_30fps_20s
2132,0,all,2,0.9637075811445744,2,7,1,9,29.58495568862226,4:4,spatial,0,51,0,dia,54,0,1,none,0,main,0.6493532546000097,43,4,78,12,34,3,1,0,1,2,Still_image_1080p_30fps_20s
1699,0,p8x8,1,0.6295137611273145,2,0,1,-7,29.58495568862226,4:4,spatial,0,51,0,dia,43,0,1,none,0,baseline,0.6493532546000097,48,4,92,2,80,0,2,0,0,0,Still_image_1080p_30fps_20s
2,1,all,2,0.0308912276085484,0,14,1,4,46.5642071193505,-5:5,temporal,1,331,1,dia,58,1,0,cbr,0,main,0.4294696923790868,27,20,131,2,80,0,35,0,0,0,Still_image_1080p_30fps_20s
2132,0,"p8x8,b8x8,i8x8,i4x4",2,0.2463366389657999,2,7,0,-6,5.497733642497615,1:-1,none,0,371,4,umh,49,0,1,cbr,1,baseline,0.3437790214195466,37,20,160,6,13,2,34,2,0,1,Still_image_1080p_30fps_20s
1060,0,p4x4,2,1.9699072351269464,0,10,1,4,1.617933309162861,-6:6,auto,0,384,4,hex,46,0,0,vbr,0,baseline,0.9844459651167676,25,19,185,2,78,11,11,1,0,1,Still_image_1080p_30fps_20s
488,1,all,2,0.2913705567063958,0,2,0,9,32.42122192642809,-5:5,spatial,0,419,4,hex,53,1,1,none,1,high,0.2402450984128565,25,2,93,6,48,5,10,1,0,1,Action_1080p_60fps_10s
1442,1,p4x4,2,0.2913705567063958,0,1,0,0,32.42122192642809,-5:5,spatial,0,419,4,hex,53,1,1,none,0,high,0.2402450984128565,25,2,93,6,48,5,10,1,0,1,Action_1080p_60fps_10s
1436,1,p8x8,2,0.6074419713865158,1,0,1,-12,42.62397521387294,0:0,spatial,1,22,4,dia,26,1,1,vbr,1,high,0.754809731459133,50,2,42,11,37,2,13,2,1,2,Action_1080p_60fps_10s
2342,1,p8x8,3,0.8089347264506862,1,7,1,-4,11.641224517193136,0:0,spatial,1,183,0,tesa,17,1,1,vbr,1,main,0.754809731459133,50,2,42,11,37,2,13,2,1,2,Action_1080p_60fps_10s
492,1,p8x8,3,0.8089347264506862,1,7,1,-4,11.641224517193136,0:0,none,1,183,0,umh,17,1,1,vbr,1,main,0.754809731459133,50,2,42,11,37,2,13,2,1,1,Action_1080p_60fps_10s
488,0,"p8x8,b8x8,i8x8,i4x4",2,0.2913705567063958,0,9,0,-12,42.62397521387294,0:0,spatial,1,22,4,dia,26,0,0,vbr,0,high,0.754809731459133,20,2,42,11,49,2,13,2,1,2,Action_1080p_60fps_10s
1442,0,p4x4,2,1.7242186518228328,1,15,1,-12,11.641224517193136,0:0,spatial,1,183,0,tesa,17,1,1,vbr,1,main,0.754809731459133,50,2,42,11,37,2,13,2,1,1,Action_1080p_60fps_10s
1709,0,p4x4,3,1.7242186518228328,0,16,0,-2,14.779911022145122,5:-5,spatial,0,171,1,tesa,8,0,1,vbr,0,high,0.5669428058565998,39,18,153,1,83,6,42,1,1,0,Action_1080p_60fps_10s
488,1,"p8x8,b8x8,i8x8,i4x4",2,0.2913705567063958,0,2,0,9,32.42122192642809,-5:5,spatial,0,419,4,hex,23,0,0,none,1,high,0.1767997047459066,48,3,162,1,52,1,0,2,0,2,Action_1080p_60fps_10s
1256,1,"p8x8,b8x8,i8x8,i4x4",1,0.142740749190965,1,5,1,-10,50.09337001092275,2:2,none,1,219,3,hex,23,0,0,none,0,high,0.1767997047459066,50,3,162,1,52,4,0,2,0,2,Action_1080p_60fps_10s
1442,0,p4x4,3,1.7242186518228328,0,15,0,-2,14.779911022145122,5:-5,none,1,229,3,tesa,23,0,0,none,1,high,0.1767997047459066,50,3,162,1,52,4,0,2,0,2,Action_1080p_60fps_10s
1442,0,p4x4,3,1.7242186518228328,2,15,0,-2,14.779911022145122,5:-5,none,1,229,2,tesa,23,0,0,none,1,high,0.1767997047459066,48,3,162,1,52,1,0,2,0,2,Action_1080p_60fps_10s
1442,0,p4x4,3,1.7242186518228328,0,5,1,-2,14.779911022145122,5:-5,none,1,229,3,tesa,23,0,0,none,1,high,0.1767997047459066,50,3,162,13,52,4,8,2,0,1,Action_1080p_60fps_10s
1442,0,p4x4,0,1.446056235059237,0,12,0,-5,14.779911022145122,5:-5,none,1,229,3,tesa,23,0,0,none,1,high,0.1767997047459066,48,3,162,1,52,1,0,2,0,2,Action_1080p_60fps_10s
1442,0,p4x4,3,0.2717856770502375,2,15,1,-2,14.779911022145122,5:-5,none,0,229,2,tesa,23,0,0,none,1,high,0.1767997047459066,48,3,162,1,52,1,0,2,0,1,Action_1080p_60fps_10s
1442,0,p4x4,1,0.142740749190965,1,3,1,-10,50.09337001092275,2:2,spatial,1,171,4,tesa,8,0,1,vbr,0,high,0.5669428058565998,39,18,153,1,83,6,42,2,1,0,Action_1080p_60fps_10s
1442,0,p4x4,3,1.7242186518228328,0,15,1,-12,22.78818094040727,5:-5,temporal,0,355,3,hex,20,1,0,none,1,high,0.9487750309992684,21,4,55,4,92,0,25,1,0,2,Action_1080p_60fps_10s
1256,1,"p8x8,b8x8,i8x8,i4x4",1,0.142740749190965,1,13,1,-10,50.09337001092275,2:2,spatial,1,171,1,tesa,8,0,1,none,1,baseline,0.324380975618353,50,7,157,3,68,6,47,0,0,0,Action_1080p_60fps_10s
1256,1,"p8x8,b8x8,i8x8,i4x4",1,0.142740749190965,1,3,1,-10,50.09337001092275,2:2,spatial,1,171,1,tesa,8,0,1,vbr,0,high,0.5669428058565998,39,18,153,1,83,6,42,2,1,0,Action_1080p_60fps_10s
1256,1,"p8x8,b8x8,i8x8,i4x4",2,0.142740749190965,1,13,1,-10,50.09337001092275,2:2,spatial,1,171,1,tesa,8,0,1,none,1,baseline,0.1767997047459066,48,3,162,1,1,1,0,2,0,2,Action_1080p_60fps_10s
1690,1,none,2,1.1536539324358672,0,13,1,7,37.37799214063269,4:-4,auto,0,20,4,esa,63,1,0,vbr,1,high,0.0833025022174705,43,10,149,12,23,0,20,1,1,1,Standard_480p_25fps_15s
1690,1,none,2,1.1536539324358672,0,13,1,7,37.37799214063269,4:-4,auto,1,20,2,esa,63,1,0,vbr,1,high,0.595637840609091,43,10,134,12,23,0,20,1,1,1,Standard_480p_25fps_15s
1690,1,none,2,1.1536539324358672,0,13,0,7,37.37799214063269,4:-4,auto,0,20,4,esa,63,1,1,none,0,baseline,0.6071985520676814,48,4,92,2,80,0,2,0,0,0,Standard_480p_25fps_15s
183,1,p4x4,1,0.1252347426477105,2,13,0,7,19.803305101281254,-6:6,auto,1,20,4,esa,9,1,0,vbr,1,high,0.0833025022174705,43,10,149,12,21,0,20,1,1,1,Standard_480p_25fps_15s
133,1,"p8x8,b8x8,i8x8,i4x4",2,0.6074419713865158,0,13,0,7,37.37799214063269,4:-4,auto,0,20,2,esa,63,1,0,vbr,1,high,0.595637840609091,43,10,134,12,23,0,20,1,1,1,Standard_480p_25fps_15s
1690,1,none,0,1.1536539324358672,0,13,1,7,37.37799214063269,4:-4,auto,0,20,4,esa,63,1,0,vbr,0,high,0.0833025022174705,43,10,149,12,23,0,20,1,1,0,Standard_480p_25fps_15s
1442,0,p4x4,2,0.2913705567063958,0,13,1,7,37.37799214063269,4:-4,auto,1,20,2,esa,63,1,0,vbr,0,baseline,0.595637840609091,43,10,134,12,23,0,20,1,1,2,Standard_480p_25fps_15s
1690,1,none,2,1.1536539324358672,0,13,1,7,37.37799214063269,3:3,auto,0,311,2,tesa,63,1,0,vbr,1,high,0.0833025022174705,43,1,134,12,23,0,20,1,0,0,Standard_480p_25fps_15s
1442,0,p4x4,2,0.2913705567063958,0,13,1,7,37.37799214063269,1:-1,auto,1,20,2,esa,63,1,0,vbr,0,baseline,0.3189017585171001,43,10,149,12,23,0,20,1,1,1,Standard_480p_25fps_15s
391,1,p4x4,2,0.2913705567063958,0,15,1,7,37.37799214063269,4:-4,auto,1,20,2,esa,63,1,0,vbr,0,baseline,0.595637840609091,43,10,134,14,17,0,20,0,1,1,Standard_480p_25fps_15s
1690,1,none,2,1.1536539324358672,0,13,1,7,37.37799214063269,4:-4,auto,1,20,3,esa,39,1,0,vbr,1,high,0.8065249436832351,43,10,42,11,37,2,13,2,1,2,Standard_480p_25fps_15s
1690,1,p4x4,2,1.1536539324358672,0,13,0,7,37.37799214063269,4:-4,auto,0,20,4,esa,63,1,0,vbr,0,high,0.3597000858839573,43,10,149,3,23,0,20,0,1,0,Standard_480p_25fps_15s
1436,1,p8x8,2,0.6074419713865158,1,13,1,7,37.37799214063269,3:-3,auto,1,20,2,esa,63,1,0,vbr,0,baseline,0.595637840609091,43,10,134,12,23,0,20,1,1,2,Standard_480p_25fps_15s
1690,1,none,0,1.1536539324358672,0,13,1,7,37.37799214063269,4:-4,auto,0,20,4,esa,63,1,0,none,0,high,0.8185650496112528,22,10,149,12,23,0,20,1,1,0,Standard_480p_25fps_15s
1442,0,p4x4,2,1.7242186518228328,1,15,1,-12,11.641224517193136,0:0,auto,0,20,4,esa,63,1,0,vbr,1,baseline,0.1955668258013275,43,10,149,12,23,0,20,1,1,1,Standard_480p_25fps_15s
1690,1,none,0,1.1536539324358672,2,13,1,7,37.37799214063269,4:-4,auto,0,20,4,esa,63,1,0,vbr,1,main,0.595637840609091,43,10,134,12,23,0,42,1,1,1,Standard_480p_25fps_15s
133,1,all,2,1.546344124047881,0,13,0,7,37.37799214063269,4:-4,auto,0,240,2,umh,63,1,0,vbr,1,high,0.595637840609091,43,10,134,12,23,0,20,1,0,1,Standard_480p_25fps_15s
133,1,"p8x8,b8x8,i8x8,i4x4",2,0.6074419713865158,0,13,0,7,37.37799214063269,2:2,auto,0,20,2,esa,29,1,0,vbr,1,high,0.4381489581196525,43,10,134,12,23,0,20,1,1,1,Standard_480p_25fps_15s
1477,0,none,2,1.1536539324358672,0,13,0,7,37.37799214063269,4:-4,auto,0,20,4,esa,63,1,1,vbr,0,high,0.0833025022174705,43,10,149,12,23,0,20,1,1,0,Standard_480p_25fps_15s
1690,1,none,0,1.1536539324358672,2,13,1,-1,19.803305101281254,-6:6,auto,0,20,4,esa,9,0,0,vbr,0,high,0.0833025022174705,43,10,149,12,21,0,20,1,1,1,Standard_480p_25fps_15s
1346,0,p4x4,1,1.257082835703612,1,6,1,-7,45.24406085422919,6:6,spatial,1,466,4,dia,27,0,0,vbr,0,baseline,0.0049695102998601,41,20,40,12,57,8,40,1,1,2,Action_480p_25fps_10s
1325,0,p8x8,2,1.072103528483132,2,5,0,11,20.38612517851524,6:6,spatial,1,256,1,hex,18,0,1,none,1,baseline,0.6493532546000097,23,4,92,2,41,0,25,1,1,1,Action_480p_25fps_10s
1325,0,p8x8,2,1.072103528483132,2,5,0,11,20.38612517851524,6:6,spatial,1,256,1,hex,18,0,1,none,1,baseline,0.6493532546000097,23,4,92,2,80,0,25,0,1,0,Action_480p_25fps_10s
1325,0,p8x8,2,1.072103528483132,2,5,0,11,20.38612517851524,6:6,spatial,1,256,1,hex,18,0,1,cbr,1,baseline,0.6493532546000097,23,4,7,2,80,0,25,0,1,0,Action_480p_25fps_10s
1325,0,p8x8,2,1.072103528483132,2,5,0,11,20.38612517851524,6:6,spatial,0,256,1,hex,18,0,1,none,1,baseline,0.6493532546000097,23,2,92,2,41,0,25,0,1,2,Action_480p_25fps_10s
1325,0,p8x8,2,1.072103528483132,2,5,0,11,20.38612517851524,6:6,spatial,0,256,1,hex,18,0,0,none,0,high,0.6241726194750598,50,20,83,3,39,4,38,0,1,1,Action_480p_25fps_10s
1188,0,p4x4,1,1.257082835703612,0,6,1,-1,45.24406085422919,6:6,spatial,0,256,0,hex,18,1,0,vbr,1,high,0.9283633564874206,45,19,217,1,25,2,14,0,1,2,Action_480p_25fps_10s
76,0,p8x8,1,0.6295137611273145,2,0,1,9,29.58495568862226,4:4,spatial,0,51,0,dia,54,0,1,none,0,baseline,0.6493532546000097,48,4,92,2,80,0,2,0,0,0,Action_480p_25fps_10s
76,0,p8x8,1,0.6295137611273145,2,0,1,9,29.58495568862226,4:4,spatial,0,51,0,dia,54,0,0,none,0,baseline,0.6493532546000097,48,4,92,2,12,1,52,2,0,2,Action_480p_25fps_10s
76,0,p8x8,1,0.6295137611273145,2,0,1,-12,29.58495568862226,4:4,spatial,0,51,0,tesa,54,0,0,none,0,baseline,0.6493532546000097,48,4,92,2,12,9,35,2,0,2,Action_480p_25fps_10s
76,0,p8x8,1,0.6295137611273145,2,0,1,9,29.58495568862226,4:4,spatial,0,51,0,dia,54,1,1,none,0,baseline,0.6493532546000097,48,4,92,2,12,1,52,2,0,2,Action_480p_25fps_10s
76,0,p8x8,1,1.1599928883229642,2,0,1,9,29.58495568862226,4:4,spatial,0,51,0,dia,54,0,1,none,0,baseline,0.6493532546000097,48,4,92,2,69,4,7,2,0,2,Action_480p_25fps_10s
76,0,p8x8,1,0.6295137611273145,2,0,1,9,29.58495568862226,4:4,spatial,0,51,0,dia,6,0,1,none,0,baseline,0.6493532546000097,48,9,0,1,69,4,7,1,0,2,Action_480p_25fps_10s
76,0,p8x8,1,0.6295137611273145,2,0,1,9,29.58495568862226,4:4,spatial,0,51,1,dia,54,1,1,none,0,baseline,0.6493532546000097,21,9,92,2,80,0,2,0,1,0,Action_480p_25fps_10s
76,0,p8x8,1,1.7972134415755334,2,0,1,9,29.58495568862226,4:4,spatial,0,51,0,dia,54,1,1,none,1,high,0.6493532546000097,48,20,92,2,29,1,52,2,0,2,Action_480p_25fps_10s
76,0,p8x8,1,0.6295137611273145,2,0,1,9,29.58495568862226,4:4,spatial,1,51,0,dia,54,0,1,none,0,baseline,0.6493532546000097,48,10,92,2,69,4,7,2,0,2,Action_480p_25fps_10s
76,0,p8x8,1,0.6295137611273145,0,0,0,9,29.58495568862226,4:4,spatial,0,51,0,umh,54,1,1,none,0,baseline,0.9283633564874206,39,19,217,1,25,2,14,0,1,2,Action_480p_25fps_10s
2132,0,none,2,1.072103528483132,2,8,0,11,20.38612517851524,6:6,spatial,1,51,0,dia,54,0,1,none,0,baseline,0.6493532546000097,48,4,92,8,80,0,2,0,0,0,Action_480p_25fps_10s
76,0,p8x8,1,0.6295137611273145,2,0,1,9,29.58495568862226,4:4,spatial,0,51,0,dia,54,0,1,none,0,baseline,0.6493532546000097,48,4,92,2,4,0,2,0,0,0,Action_480p_25fps_10s
76,0,p8x8,1,0.6295137611273145,2,0,1,9,29.58495568862226,4:4,spatial,0,473,4,dia,54,1,1,none,0,baseline,0.8854689435238875,32,19,0,1,85,4,7,1,1,2,Action_480p_25fps_10s
1690,1,none,2,1.1536539324358672,0,13,0,7,37.37799214063269,4:-4,auto,0,20,4,esa,63,1,1,none,0,baseline,0.6071985520676814,48,4,92,2,80,0,2,0,0,0,Still_image_480p_30fps_20s
1690,1,none,2,1.1536539324358672,0,13,1,7,37.37799214063269,4:-4,auto,1,20,2,esa,63,1,0,vbr,1,high,0.595637840609091,43,10,134,12,23,0,20,1,1,1,Still_image_480p_30fps_20s
183,1,p4x4,1,0.1252347426477105,2,13,0,7,19.803305101281254,-6:6,auto,1,20,4,esa,9,1,0,vbr,1,high,0.0833025022174705,43,10,149,12,21,0,20,1,1,1,Still_image_480p_30fps_20s
1690,1,none,2,1.1536539324358672,0,13,1,7,37.37799214063269,4:-4,auto,0,20,4,esa,63,1,0,vbr,1,high,0.0833025022174705,43,10,149,12,23,0,20,1,1,1,Still_image_480p_30fps_20s
1346,0,p4x4,1,1.257082835703612,1,6,1,-7,45.24406085422919,6:6,spatial,1,466,4,dia,27,0,0,vbr,0,baseline,0.0049695102998601,41,20,40,12,57,8,40,1,1,2,Still_image_480p_30fps_20s
1690,1,none,2,1.1536539324358672,0,13,1,7,37.37799214063269,3:3,auto,0,311,2,tesa,63,1,0,vbr,1,high,0.0833025022174705,43,1,134,12,23,0,20,1,0,0,Still_image_480p_30fps_20s
1690,1,none,0,1.1536539324358672,0,13,1,7,37.37799214063269,4:-4,auto,0,20,4,esa,63,1,0,vbr,0,high,0.0833025022174705,43,10,149,12,23,0,20,1,1,0,Still_image_480p_30fps_20s
1442,0,p4x4,2,0.2913705567063958,0,13,1,7,37.37799214063269,1:-1,auto,1,20,2,esa,63,1,0,vbr,0,baseline,0.3189017585171001,43,10,149,12,23,0,20,1,1,1,Still_image_480p_30fps_20s
1442,0,p4x4,2,0.2913705567063958,0,13,1,7,37.37799214063269,4:-4,auto,1,20,2,esa,63,1,0,vbr,0,baseline,0.595637840609091,43,10,134,12,23,0,20,1,1,2,Still_image_480p_30fps_20s
133,1,"p8x8,b8x8,i8x8,i4x4",2,0.6074419713865158,0,13,0,7,37.37799214063269,4:-4,auto,0,20,2,esa,63,1,0,vbr,1,high,0.595637840609091,43,10,134,12,23,0,20,1,1,1,Still_image_480p_30fps_20s
1690,1,none,2,1.1536539324358672,0,13,0,7,37.37799214063269,4:-4,auto,0,20,4,umh,63,1,1,none,0,baseline,0.6071985520676814,48,15,1,12,23,0,20,1,1,0,Still_image_480p_30fps_20s
1690,0,none,0,1.1536539324358672,0,13,1,7,37.37799214063269,4:-4,auto,0,220,4,esa,63,0,0,vbr,0,high,0.0833025022174705,43,4,92,2,80,0,2,0,1,0,Still_image_480p_30fps_20s
183,1,p4x4,1,0.1252347426477105,2,13,1,7,37.37799214063269,1:-1,auto,1,20,2,esa,63,1,0,vbr,0,baseline,0.3189017585171001,43,10,149,12,23,0,49,1,1,1,Still_image_480p_30fps_20s
1442,0,"p8x8,b8x8,i8x8,i4x4",2,0.2913705567063958,0,13,0,10,19.803305101281254,-6:6,auto,1,20,4,esa,9,1,0,none,1,high,0.0833025022174705,43,10,149,12,21,0,20,1,1,1,Still_image_480p_30fps_20s
183,1,p4x4,1,0.6074419713865158,0,13,0,7,37.37799214063269,4:-4,auto,0,20,2,esa,63,1,0,vbr,1,high,0.595637840609091,43,10,134,12,23,0,20,1,1,1,Still_image_480p_30fps_20s
133,1,"p8x8,b8x8,i8x8,i4x4",2,0.6074419713865158,0,13,0,7,37.37799214063269,4:-4,auto,0,356,2,esa,63,1,0,vbr,1,high,0.595637840609091,43,10,134,12,23,0,20,1,1,0,Still_image_480p_30fps_20s
1690,1,none,0,1.1536539324358672,0,13,0,7,37.37799214063269,4:-4,auto,0,20,4,esa,63,1,0,vbr,1,high,0.0833025022174705,43,10,149,12,23,0,20,1,1,1,Still_image_480p_30fps_20s
1690,0,none,0,1.1536539324358672,0,13,1,7,37.37799214063269,4:-4,spatial,0,348,4,esa,63,1,0,vbr,0,high,0.403157443605179,43,10,149,16,98,0,20,1,1,1,Still_image_480p_30fps_20s
1690,1,none,2,1.1536539324358672,0,6,1,7,42.697291799443526,4:-4,auto,0,453,4,esa,63,1,0,vbr,1,high,0.4641378111569248,43,10,149,12,23,0,20,2,1,0,Still_image_480p_30fps_20s
1442,0,none,2,1.1536539324358672,0,13,1,7,37.37799214063269,-4:4,auto,1,20,2,esa,63,1,0,vbr,0,baseline,0.595637840609091,43,10,134,12,23,0,20,1,1,1,Still_image_480p_30fps_20s
1916,1,p4x4,2,1.1063767469630867,2,10,0,-8,7.566930368611915,4:-4,auto,1,189,1,hex,30,1,0,vbr,1,main,0.5547057282631691,39,14,118,1,42,5,30,0,1,2,Action_720p_25fps_15s
194,1,none,0,0.2690586858062287,1,3,0,8,46.132777880440365,4:-4,auto,1,131,2,hex,15,0,0,vbr,0,baseline,0.9882218556581384,32,15,86,6,42,6,36,0,0,2,Action_720p_25fps_15s
76,0,p8x8,1,0.6295137611273145,0,0,1,9,31.241334207786537,1:1,none,1,417,1,hex,21,1,1,vbr,0,baseline,0.3206125881222627,28,14,23,6,84,1,48,2,0,0,Action_720p_25fps_15s
194,0,none,0,0.2690586858062287,1,3,0,-4,23.1320001770195,-1:1,temporal,0,362,3,hex,53,0,1,vbr,1,high,0.7679620017882163,28,14,23,6,84,1,48,2,0,0,Action_720p_25fps_15s
1054,1,p4x4,3,0.5890450258807945,0,16,0,-9,48.50253163214293,-3:3,spatial,0,126,4,hex,31,1,1,none,0,baseline,0.7012005306320204,23,17,215,1,40,2,18,1,1,1,Action_720p_25fps_15s
942,0,"p8x8,b8x8,i8x8,i4x4",3,1.918582397557536,0,0,1,9,31.241334207786537,1:1,none,0,417,1,tesa,21,1,1,vbr,1,high,0.3206125881222627,28,14,23,6,84,1,48,2,0,0,Action_720p_25fps_15s
1054,1,"p8x8,b8x8,i8x8,i4x4",3,0.997204051885666,0,0,1,9,31.241334207786537,1:1,none,0,417,1,tesa,21,1,1,vbr,1,high,0.3206125881222627,28,14,23,6,84,1,48,2,0,0,Action_720p_25fps_15s
942,0,p8x8,3,0.997204051885666,0,1,1,9,31.241334207786537,1:1,none,0,417,1,tesa,21,1,1,vbr,1,high,0.3206125881222627,28,14,23,6,84,1,43,2,0,0,Action_720p_25fps_15s
1054,1,"p8x8,b8x8,i8x8,i4x4",3,1.918582397557536,0,0,1,9,31.241334207786537,1:1,none,0,417,1,tesa,21,1,0,vbr,1,high,0.3206125881222627,28,14,38,6,84,7,48,2,1,0,Action_720p_25fps_15s
1285,0,p8x8,3,0.9772965516020578,1,0,0,-3,32.97203141177098,0:0,auto,1,482,4,esa,46,1,1,none,1,main,0.8507337593698167,37,12,244,16,92,3,19,0,0,1,Action_720p_25fps_15s
76,0,p8x8,1,0.6295137611273145,2,0,1,9,29.58495568862226,4:4,spatial,0,51,0,dia,54,0,1,none,0,baseline,0.6493532546000097,48,4,92,2,80,0,2,0,0,0,Action_720p_25fps_15s
76,0,p8x8,1,0.6295137611273145,1,0,1,9,29.58495568862226,3:3,spatial,0,51,0,dia,54,0,1,none,0,baseline,0.6493532546000097,48,4,23,6,84,6,48,2,0,0,Action_720p_25fps_15s
1054,1,"p8x8,b8x8,i8x8,i4x4",0,1.712589549916884,2,5,0,9,15.269909978502003,4:4,spatial,1,51,0,dia,54,0,1,none,0,baseline,0.6493532546000097,48,4,92,2,80,0,2,0,0,0,Action_720p_25fps_15s
1916,1,p4x4,3,1.1063767469630867,2,10,1,9,15.269909978502003,4:4,spatial,1,51,0,dia,54,0,1,none,0,baseline,0.6493532546000097,48,4,92,2,80,0,2,0,1,0,Action_720p_25fps_15s
1054,0,"p8x8,b8x8,i8x8,i4x4",0,1.712589549916884,2,5,0,9,15.269909978502003,4:4,spatial,1,51,0,dia,54,0,1,none,0,baseline,0.6493532546000097,48,4,92,2,80,3,19,0,0,1,Action_720p_25fps_15s
1054,1,"p8x8,b8x8,i8x8,i4x4",0,1.712589549916884,2,5,0,9,15.269909978502003,4:4,spatial,1,51,0,dia,54,1,1,none,0,baseline,0.6493532546000097,48,4,92,2,39,0,2,2,0,0,Action_720p_25fps_15s
76,0,p8x8,1,0.6295137611273145,1,0,1,9,19.68935986395314,3:3,spatial,0,51,0,hex,54,0,1,none,0,baseline,0.573266634288092,23,17,215,1,40,2,18,1,1,1,Action_720p_25fps_15s
1916,1,p4x4,2,1.1063767469630867,2,10,0,-4,41.19977829120099,2:-2,temporal,0,476,3,hex,53,0,1,vbr,0,baseline,0.9882218556581384,32,3,103,6,52,6,36,1,1,2,Action_720p_25fps_15s
1016,1,p4x4,2,1.1063767469630867,2,10,0,-4,41.19977829120099,2:-2,temporal,0,476,2,hex,53,0,1,vbr,0,main,0.8507337593698167,37,20,244,16,92,3,19,0,0,1,Action_720p_25fps_15s
1916,1,p4x4,2,1.1063767469630867,2,10,0,-4,41.19977829120099,2:-2,temporal,0,476,2,hex,15,0,1,vbr,0,baseline,0.9882218556581384,32,3,80,6,52,6,36,1,0,2,Action_720p_25fps_15s
1346,0,p4x4,1,1.257082835703612,1,6,1,-7,45.24406085422919,6:6,spatial,1,466,4,dia,27,0,0,vbr,0,baseline,0.0049695102998601,41,20,40,12,57,8,40,1,1,2,Action_480p_30fps_5s
1916,1,p4x4,2,1.1063767469630867,2,10,0,-8,7.566930368611915,4:-4,auto,1,189,1,hex,30,1,0,vbr,1,main,0.5547057282631691,39,14,118,1,42,5,30,0,1,2,Action_480p_30fps_5s
1442,0,p4x4,2,0.2913705567063958,0,10,0,-8,7.566930368611915,4:-4,auto,1,189,1,hex,30,1,0,vbr,1,main,0.5547057282631691,39,14,118,1,42,5,30,0,1,2,Action_480p_30fps_5s
183,1,p4x4,1,0.1252347426477105,2,13,0,7,19.803305101281254,-6:6,auto,1,20,4,esa,9,1,0,vbr,1,high,0.0833025022174705,43,10,149,12,21,0,20,1,1,1,Action_480p_30fps_5s
1690,1,none,2,1.1536539324358672,0,13,0,7,37.37799214063269,4:-4,auto,0,20,4,esa,63,1,1,none,0,baseline,0.6071985520676814,48,4,92,2,80,0,2,0,0,0,Action_480p_30fps_5s
1690,1,none,2,1.1536539324358672,0,13,1,7,37.37799214063269,4:-4,auto,1,20,2,esa,63,1,0,vbr,1,high,0.595637840609091,43,10,134,12,23,0,20,1,1,1,Action_480p_30fps_5s
1690,1,none,2,1.1536539324358672,0,13,1,7,37.37799214063269,4:-4,auto,0,20,4,esa,63,1,0,vbr,1,high,0.0833025022174705,43,10,149,12,23,0,20,1,1,1,Action_480p_30fps_5s
1442,0,p4x4,2,0.2913705567063958,0,13,1,7,37.37799214063269,4:-4,auto,1,20,2,esa,63,1,0,vbr,0,baseline,0.595637840609091,43,10,134,12,23,0,20,1,1,2,Action_480p_30fps_5s
1442,0,p4x4,2,0.2913705567063958,0,13,1,7,37.37799214063269,1:-1,auto,1,20,2,esa,63,1,0,vbr,0,baseline,0.3189017585171001,43,10,149,12,23,0,20,1,1,1,Action_480p_30fps_5s
1690,1,none,2,1.1536539324358672,0,13,1,7,37.37799214063269,3:3,auto,0,311,2,tesa,63,1,0,vbr,1,high,0.0833025022174705,43,1,134,12,23,0,20,1,0,0,Action_480p_30fps_5s
133,1,"p8x8,b8x8,i8x8,i4x4",2,0.6074419713865158,0,13,0,7,37.37799214063269,4:-4,auto,0,20,2,esa,63,1,0,vbr,1,high,0.595637840609091,43,10,134,12,23,0,20,1,1,1,Action_480p_30fps_5s
133,1,"p8x8,b8x8,i8x8,i4x4",2,0.6074419713865158,0,13,0,7,33.87353378196309,4:-4,auto,1,20,3,esa,24,1,0,vbr,1,high,0.0833025022174705,43,10,149,12,23,0,20,1,1,1,Action_480p_30fps_5s
1690,1,none,2,1.1536539324358672,0,13,1,7,37.37799214063269,4:-4,none,0,20,4,esa,63,1,0,vbr,1,high,0.595637840609091,43,10,134,12,23,0,20,1,1,1,Action_480p_30fps_5s
1690,1,none,2,0.9201966210657486,2,13,1,7,37.37799214063269,3:3,auto,0,311,2,tesa,63,1,0,cbr,1,high,0.0833025022174705,43,10,149,12,21,0,20,1,1,2,Action_480p_30fps_5s
1690,1,none,2,1.1536539324358672,0,13,1,-6,37.37799214063269,4:-4,auto,1,20,2,esa,54,1,0,vbr,1,high,0.595637840609091,43,10,134,12,23,0,20,0,1,1,Action_480p_30fps_5s
1054,1,p4x4,3,0.997204051885666,2,0,1,7,39.20857726049785,4:-4,auto,0,20,4,dia,63,1,0,vbr,1,high,0.0833025022174705,24,10,149,12,23,0,20,1,1,1,Action_480p_30fps_5s
1916,1,p4x4,2,1.1063767469630867,0,13,1,7,37.37799214063269,4:-4,auto,1,20,2,esa,63,1,0,vbr,0,baseline,0.595637840609091,43,10,134,12,23,0,20,1,1,2,Action_480p_30fps_5s
133,1,p4x4,2,0.6074419713865158,0,13,0,7,37.37799214063269,4:-4,auto,0,20,2,esa,63,1,0,vbr,1,high,0.595637840609091,31,10,134,12,23,4,20,1,1,2,Action_480p_30fps_5s
1916,1,p4x4,2,1.1063767469630867,0,13,1,10,37.37799214063269,4:-4,auto,1,376,2,esa,63,1,0,vbr,0,baseline,0.595637840609091,43,10,134,12,23,2,20,1,1,1,Action_480p_30fps_5s
133,1,"p8x8,b8x8,i8x8,i4x4",2,0.6074419713865158,0,13,0,7,37.37799214063269,4:-4,auto,1,20,2,esa,63,1,0,vbr,1,high,0.595637840609091,43,10,134,12,23,0,20,1,0,2,Action_480p_30fps_5s
1690,1,none,2,1.1536539324358672,0,13,1,7,37.37799214063269,4:-4,auto,1,20,2,esa,63,1,0,vbr,1,high,0.595637840609091,43,10,134,12,23,0,20,1,1,1,Standard_720p_25fps_15s
183,1,p4x4,1,0.1252347426477105,2,13,0,7,19.803305101281254,-6:6,auto,1,20,4,esa,9,1,0,vbr,1,high,0.0833025022174705,43,10,149,12,21,0,20,1,1,1,Standard_720p_25fps_15s
1690,1,none,2,1.1536539324358672,0,13,0,7,37.37799214063269,4:-4,auto,0,20,4,esa,63,1,1,none,0,baseline,0.6071985520676814,48,4,92,2,80,0,2,0,0,0,Standard_720p_25fps_15s
1690,1,none,2,1.1536539324358672,0,13,1,7,37.37799214063269,4:-4,auto,0,20,4,esa,63,1,0,vbr,1,high,0.0833025022174705,43,10,149,12,23,0,20,1,1,1,Standard_720p_25fps_15s
1442,0,p4x4,2,0.2913705567063958,0,13,1,7,37.37799214063269,1:-1,auto,1,20,2,esa,63,1,0,vbr,0,baseline,0.3189017585171001,43,10,149,12,23,0,20,1,1,1,Standard_720p_25fps_15s
1690,1,none,2,1.1536539324358672,0,13,1,7,37.37799214063269,3:3,auto,0,311,2,tesa,63,1,0,vbr,1,high,0.0833025022174705,43,1,134,12,23,0,20,1,0,0,Standard_720p_25fps_15s
1442,0,p4x4,2,0.2913705567063958,0,13,1,7,37.37799214063269,4:-4,auto,1,20,2,esa,63,1,0,vbr,0,baseline,0.595637840609091,43,10,134,12,23,0,20,1,1,2,Standard_720p_25fps_15s
133,1,"p8x8,b8x8,i8x8,i4x4",2,0.6074419713865158,0,13,0,7,37.37799214063269,4:-4,auto,0,20,2,esa,63,1,0,vbr,1,high,0.595637840609091,43,10,134,12,23,0,20,1,1,1,Standard_720p_25fps_15s
1690,1,none,2,1.1536539324358672,0,16,1,7,37.37799214063269,3:3,auto,1,311,2,tesa,63,1,0,vbr,1,high,0.0833025022174705,41,13,40,12,57,7,6,1,1,2,Standard_720p_25fps_15s
1690,1,p4x4,2,0.2913705567063958,2,13,1,7,37.37799214063269,4:-4,spatial,1,20,2,esa,63,1,0,vbr,0,baseline,0.595637840609091,43,10,134,12,23,0,20,1,0,2,Standard_720p_25fps_15s
1690,0,none,2,1.1536539324358672,0,13,1,7,37.37799214063269,4:-4,auto,0,20,4,esa,63,1,0,vbr,1,high,0.0833025022174705,43,14,23,6,84,1,43,2,0,1,Standard_720p_25fps_15s
1690,1,none,2,1.1536539324358672,0,13,0,7,37.37799214063269,4:-4,auto,1,20,4,esa,63,1,0,vbr,1,high,0.0833025022174705,40,10,149,12,21,0,20,1,1,1,Standard_720p_25fps_15s
1690,1,none,2,1.1536539324358672,0,13,1,7,37.37799214063269,4:-4,auto,0,4,4,hex,63,1,0,vbr,1,high,0.6493532546000097,48,4,92,2,80,0,2,0,0,0,Standard_720p_25fps_15s
1690,1,none,2,1.1536539324358672,0,13,1,7,37.37799214063269,4:-4,auto,1,20,2,esa,63,1,0,vbr,1,high,0.595637840609091,43,10,30,12,23,0,20,1,1,1,Standard_720p_25fps_15s
1690,1,none,2,0.8241626139302916,0,13,1,7,37.37799214063269,4:-4,auto,1,20,2,esa,63,1,0,vbr,1,high,0.595637840609091,43,10,134,12,23,0,20,1,1,1,Standard_720p_25fps_15s
1690,0,none,2,1.1536539324358672,1,13,1,7,37.37799214063269,4:-4,auto,1,20,3,esa,63,1,0,vbr,1,high,0.595637840609091,43,10,134,12,23,0,20,1,1,1,Standard_720p_25fps_15s
1442,0,p4x4,2,0.2913705567063958,0,13,1,7,37.37799214063269,3:3,auto,0,311,2,tesa,49,1,0,vbr,1,high,0.0833025022174705,43,1,134,12,23,0,20,1,0,0,Standard_720p_25fps_15s
1690,1,none,2,1.1536539324358672,0,13,1,7,37.37799214063269,1:-1,temporal,1,20,2,esa,63,1,0,vbr,0,baseline,0.3189017585171001,43,10,149,12,23,0,20,1,0,1,Standard_720p_25fps_15s
1690,0,none,1,1.1536539324358672,2,13,0,7,37.37799214063269,4:-4,auto,1,20,3,esa,63,1,0,vbr,1,high,0.595637840609091,43,10,134,12,23,0,20,1,1,2,Standard_720p_25fps_15s
1339,1,"p8x8,b8x8,i8x8,i4x4",2,1.556031485085572,0,13,0,2,37.37799214063269,4:-4,auto,0,20,2,esa,63,1,0,vbr,1,high,0.595637840609091,43,10,134,12,23,0,20,1,1,0,Standard_720p_25fps_15s
783,1,p8x8,3,0.0380417584827072,0,15,0,-11,22.31434987361076,2:2,spatial,1,134,0,hex,21,1,1,vbr,0,main,0.2274328122490271,26,2,50,10,22,1,38,0,1,2,Standard_720p_25fps_5s
783,1,p8x8,3,0.0380417584827072,0,15,0,2,22.31434987361076,2:2,spatial,1,134,0,hex,21,1,1,vbr,0,main,0.2274328122490271,43,5,50,10,22,1,38,0,1,2,Standard_720p_25fps_5s
1439,0,all,1,0.5570314649992147,2,12,0,6,4.946297833516605,3:-3,none,0,175,1,dia,53,0,0,vbr,0,baseline,0.6441896470547528,51,11,73,3,21,10,49,1,0,0,Standard_720p_25fps_5s
1562,0,"p8x8,b8x8,i8x8,i4x4",0,1.8350621902850304,1,0,1,-9,32.429834269356896,2:-2,temporal,1,46,1,dia,23,0,1,vbr,1,high,0.4980154520197328,51,19,107,13,82,6,19,0,1,0,Standard_720p_25fps_5s
1562,0,"p8x8,b8x8,i8x8,i4x4",0,1.8350621902850304,1,0,1,-9,32.429834269356896,2:-2,temporal,0,46,1,dia,52,1,1,vbr,0,high,0.4980154520197328,51,19,91,12,45,3,4,0,1,1,Standard_720p_25fps_5s
1562,0,"p8x8,b8x8,i8x8,i4x4",0,1.8350621902850304,1,0,1,-9,32.429834269356896,2:-2,temporal,1,46,2,dia,23,1,1,vbr,1,baseline,0.6389221696225792,32,3,36,4,99,10,41,2,0,0,Standard_720p_25fps_5s
1562,0,"p8x8,b8x8,i8x8,i4x4",0,1.8350621902850304,1,0,1,-9,32.429834269356896,2:-2,temporal,1,46,1,dia,53,0,0,vbr,0,baseline,0.6441896470547528,51,11,73,3,21,10,64,1,1,0,Standard_720p_25fps_5s
1562,0,"p8x8,b8x8,i8x8,i4x4",0,1.8350621902850304,1,0,1,-9,32.429834269356896,2:-2,temporal,1,46,1,dia,23,0,0,cbr,1,high,0.2274328122490271,39,2,50,10,22,7,38,0,1,2,Standard_720p_25fps_5s
1562,0,"p8x8,b8x8,i8x8,i4x4",0,1.8350621902850304,1,0,1,-9,32.429834269356896,2:-2,temporal,0,46,1,dia,38,0,0,vbr,1,main,0.120531870027997,41,3,81,6,43,10,33,0,1,2,Standard_720p_25fps_5s
1562,0,"p8x8,b8x8,i8x8,i4x4",0,1.8350621902850304,1,3,1,-9,32.429834269356896,2:-2,temporal,1,46,1,dia,23,0,1,vbr,0,high,0.4980154520197328,51,19,102,13,82,6,57,0,1,0,Standard_720p_25fps_5s
1562,0,"p8x8,b8x8,i8x8,i4x4",0,1.8350621902850304,1,5,1,-9,32.429834269356896,2:-2,temporal,1,46,2,dia,23,1,1,vbr,1,main,0.2274328122490271,39,2,50,1,22,9,38,0,1,2,Standard_720p_25fps_5s
1562,1,p8x8,0,1.8350621902850304,1,0,0,-9,32.429834269356896,3:-3,temporal,1,46,1,dia,23,0,1,vbr,1,high,0.7633556919956974,41,3,81,9,43,10,33,0,1,2,Standard_720p_25fps_5s
1562,0,"p8x8,b8x8,i8x8,i4x4",0,1.8350621902850304,1,0,1,-9,32.429834269356896,2:-2,temporal,1,46,2,esa,23,0,1,vbr,1,baseline,0.7633556919956974,41,3,156,9,43,10,33,0,1,2,Standard_720p_25fps_5s
1562,1,"p8x8,b8x8,i8x8,i4x4",0,1.8350621902850304,1,0,1,-9,32.429834269356896,2:-2,temporal,0,46,1,dia,52,1,1,none,0,main,0.4980154520197328,51,6,91,12,45,3,4,1,1,0,Standard_720p_25fps_5s
1562,0,"p8x8,b8x8,i8x8,i4x4",0,1.8350621902850304,1,0,1,-9,32.429834269356896,2:-2,temporal,0,46,1,dia,52,1,1,vbr,0,high,0.4980154520197328,51,19,91,12,45,3,32,0,1,0,Standard_720p_25fps_5s
1562,1,"p8x8,b8x8,i8x8,i4x4",0,1.8350621902850304,2,0,1,-9,32.429834269356896,2:-2,temporal,1,46,1,dia,23,0,1,vbr,1,high,0.6569189092860399,51,19,107,13,82,6,19,0,1,1,Standard_720p_25fps_5s
1562,0,all,2,1.8350621902850304,1,0,1,-9,32.429834269356896,2:-2,temporal,0,46,1,dia,38,0,0,vbr,1,main,0.4980154520197328,51,19,91,12,45,3,4,0,1,1,Standard_720p_25fps_5s
1562,0,"p8x8,b8x8,i8x8,i4x4",0,1.8350621902850304,1,0,1,-9,32.429834269356896,2:-2,temporal,0,46,1,dia,52,1,1,vbr,0,high,0.120531870027997,41,3,81,6,43,10,33,0,1,2,Standard_720p_25fps_5s
783,1,"p8x8,b8x8,i8x8,i4x4",0,1.8350621902850304,1,0,1,-9,32.429834269356896,2:-2,spatial,0,46,1,dia,38,0,0,vbr,1,high,0.120531870027997,41,3,81,6,43,10,33,0,1,2,Standard_720p_25fps_5s
1562,1,p8x8,0,1.8350621902850304,1,0,0,-9,32.429834269356896,3:-3,temporal,1,46,1,dia,39,0,1,vbr,1,high,0.7633556919956974,41,3,81,9,43,10,49,1,1,0,Standard_720p_25fps_5s
684,0,none,2,1.1605122648671369,1,4,0,10,50.107757901417806,-6:6,auto,1,403,0,dia,9,0,1,vbr,1,baseline,0.4583909066972784,48,9,24,9,8,6,5,2,1,1,Still_image_1080p_30fps_5s
684,0,none,2,1.1605122648671369,1,4,0,10,50.107757901417806,-6:6,auto,1,403,0,dia,9,0,1,vbr,1,main,0.4583909066972784,48,9,24,14,8,6,5,2,1,0,Still_image_1080p_30fps_5s
684,0,none,2,0.6638200461877284,1,2,0,10,50.107757901417806,-2:2,auto,1,403,0,hex,10,1,1,cbr,1,baseline,0.4583909066972784,48,9,205,10,82,7,45,2,1,1,Still_image_1080p_30fps_5s
684,0,none,2,1.1605122648671369,1,4,0,10,3.1779538617383563,-6:6,auto,1,403,0,dia,9,0,1,vbr,1,main,0.4583909066972784,48,9,24,14,49,6,5,2,1,0,Still_image_1080p_30fps_5s
684,0,none,2,1.1605122648671369,1,4,0,10,50.107757901417806,-6:6,auto,1,403,0,dia,9,0,1,vbr,1,main,0.4583909066972784,48,9,217,14,8,6,5,2,1,0,Still_image_1080p_30fps_5s
546,0,none,0,0.6638200461877284,0,2,0,8,50.107757901417806,-6:6,auto,1,403,0,dia,9,0,1,vbr,1,main,0.4583909066972784,48,9,24,14,8,6,5,2,1,0,Still_image_1080p_30fps_5s
248,0,none,0,1.353855279273838,1,6,1,2,33.65480120563705,4:-4,temporal,1,84,0,umh,44,1,1,none,1,main,0.7088131673910462,26,0,49,3,49,9,32,0,1,0,Still_image_1080p_30fps_5s
288,1,all,3,1.4144727288334005,0,8,1,-9,20.491957458323835,1:-1,temporal,1,84,0,umh,44,1,1,none,1,main,0.7088131673910462,26,0,49,3,49,9,32,0,1,0,Still_image_1080p_30fps_5s
2248,1,all,3,1.4144727288334005,0,8,1,-9,20.491957458323835,1:-1,temporal,1,84,0,umh,44,1,1,none,1,main,0.7088131673910462,26,0,49,3,49,9,32,0,1,0,Still_image_1080p_30fps_5s
288,1,all,3,1.4144727288334005,0,13,1,-9,20.491957458323835,1:-1,temporal,1,84,0,umh,44,0,1,none,1,main,0.7088131673910462,26,0,49,3,49,9,32,0,1,0,Still_image_1080p_30fps_5s
288,1,all,3,1.4144727288334005,0,8,1,12,41.46607494035991,2:-2,none,0,321,2,esa,16,1,0,none,0,main,0.7088131673910462,26,0,156,3,49,9,32,0,1,0,Still_image_1080p_30fps_5s
76,0,"p8x8,b8x8,i8x8,i4x4",1,0.6295137611273145,2,0,1,9,42.12385146123028,-5:5,none,1,26,3,tesa,29,0,1,none,1,baseline,0.8672170503854947,35,20,232,13,92,3,12,0,1,1,Still_image_1080p_30fps_5s
684,0,none,2,1.1605122648671369,1,3,1,-3,50.107757901417806,-6:6,auto,1,403,0,esa,9,0,0,vbr,0,baseline,0.0545176949504597,48,17,24,9,8,2,5,2,1,1,Still_image_1080p_30fps_5s
288,0,all,3,1.4144727288334005,0,8,1,-9,41.46607494035991,2:-2,none,0,321,2,esa,16,1,0,none,1,baseline,0.8343871418416611,48,17,76,7,0,5,33,1,0,1,Still_image_1080p_30fps_5s
288,1,all,3,1.4144727288334005,0,8,1,-9,41.46607494035991,2:-2,none,0,321,2,esa,16,1,0,none,0,main,0.0675756478239162,32,12,24,9,8,6,5,2,1,0,Still_image_1080p_30fps_5s
288,0,all,3,1.4144727288334005,0,8,1,-9,41.46607494035991,2:-2,none,0,321,2,umh,16,1,0,none,0,baseline,0.8343871418416611,48,17,76,7,57,5,33,1,0,0,Still_image_1080p_30fps_5s
288,1,all,3,1.4144727288334005,0,8,1,12,41.46607494035991,2:-2,none,0,321,2,esa,16,1,0,none,0,main,0.0675756478239162,32,12,24,9,8,6,5,2,1,2,Still_image_1080p_30fps_5s
288,1,all,1,1.4144727288334005,0,8,1,-9,41.46607494035991,2:-2,none,0,321,2,esa,16,1,0,none,1,baseline,0.8343871418416611,48,17,76,10,82,7,45,2,0,1,Still_image_1080p_30fps_5s
2076,0,all,3,1.4144727288334005,0,8,1,-10,41.46607494035991,2:-2,none,0,321,2,esa,16,1,0,none,0,high,0.0675756478239162,32,16,24,9,8,6,5,2,1,0,Still_image_1080p_30fps_5s
1455,1,p4x4,3,1.9449172060107685,0,1,1,6,29.58495568862226,4:4,spatial,0,211,4,esa,54,0,1,none,0,baseline,0.6493532546000097,48,4,92,3,80,0,2,1,0,1,Still_image_1080p_30fps_5s
