id,8x8dct,analyse,aq-mode,aq-strength,b-adapt,bframes,cabac,chroma-qp-offset,crf,deblock,direct,fast-pskip,keyint,lookahead-threads,me,merange,mixed-refs,mbtree,nal-hrd,open-gop,profile,qcomp,qpmax,qpmin,rc-lookahead,ref,scenecut,subme,threads,trellis,weightb,weightp,workload
1280,1,p4x4,1,0.6157864219350295,2,12,0,8,38.687654164818326,3:3,auto,1,435,0,dia,15,1,0,cbr,1,main,0.7214316074693485,25,3,141,12,40,1,63,0,0,2,Action_1080p_30fps_10s
491,0,p8x8,2,0.296249058842245,1,10,1,-10,29.32159763936856,-4:4,none,1,458,2,hex,10,1,1,vbr,1,baseline,0.9859873526355616,22,20,240,2,81,11,16,2,0,2,Action_1080p_30fps_10s
491,0,p8x8,2,0.296249058842245,1,10,1,-10,29.32159763936856,-4:4,spatial,1,458,2,hex,10,0,1,vbr,1,baseline,0.9859873526355616,22,20,240,2,81,11,16,2,0,2,Action_1080p_30fps_10s
1320,1,p4x4,3,0.6157864219350295,1,12,0,8,38.687654164818326,2:-2,spatial,1,435,3,dia,15,1,0,cbr,1,main,0.7214316074693485,25,3,141,7,40,5,63,1,0,2,Action_1080p_30fps_10s
1320,1,p4x4,3,0.6157864219350295,0,12,0,8,38.687654164818326,2:-2,spatial,1,435,3,dia,15,1,0,cbr,1,baseline,0.7214316074693485,25,3,141,12,40,5,63,0,0,2,Action_1080p_30fps_10s
1320,1,p4x4,1,0.6157864219350295,1,12,0,8,38.687654164818326,2:-2,auto,1,435,0,dia,15,1,0,cbr,1,main,0.7214316074693485,25,3,141,7,40,5,63,1,0,2,Action_1080p_30fps_10s
1689,1,p4x4,0,0.6157864219350295,1,12,0,8,38.687654164818326,2:-2,spatial,1,435,3,dia,15,1,0,cbr,1,main,0.7214316074693485,25,3,141,7,40,5,63,1,0,2,Action_1080p_30fps_10s
1320,1,p4x4,1,0.6157864219350295,1,12,0,8,38.687654164818326,2:-2,auto,1,435,0,dia,15,1,0,cbr,1,main,0.7214316074693485,25,3,237,7,40,5,63,1,0,2,Action_1080p_30fps_10s
1320,1,p4x4,2,0.6157864219350295,0,12,0,8,38.687654164818326,2:-2,spatial,1,435,3,dia,28,1,0,cbr,1,baseline,0.1545924625364158,25,3,237,7,40,5,63,0,0,2,Action_1080p_30fps_10s
1320,1,p4x4,3,0.6157864219350295,1,12,0,9,29.58495568862226,4:4,spatial,1,51,0,tesa,54,0,1,none,0,high,0.6493532546000097,48,6,92,2,80,0,2,0,0,0,Action_1080p_30fps_10s
2051,0,all,2,0.296249058842245,1,10,1,8,38.687654164818326,2:-2,spatial,1,435,3,dia,15,1,0,cbr,1,main,0.7214316074693485,25,3,141,7,40,5,63,1,0,2,Action_1080p_30fps_10s
76,0,all,2,0.296249058842245,1,10,1,8,38.687654164818326,2:-2,spatial,1,435,3,dia,15,1,0,cbr,1,main,0.7214316074693485,25,3,141,7,40,5,63,1,0,2,Action_1080p_30fps_10s
2051,0,all,2,0.296249058842245,2,10,1,8,38.687654164818326,2:-2,spatial,1,435,3,dia,15,1,0,cbr,1,main,0.7214316074693485,25,3,141,7,40,5,63,1,0,2,Action_1080p_30fps_10s
2051,0,all,2,0.296249058842245,1,10,1,8,38.687654164818326,2:-2,spatial,1,435,3,dia,15,1,0,cbr,1,main,0.7214316074693485,25,3,188,7,40,5,63,1,0,2,Action_1080p_30fps_10s
76,0,p8x8,1,0.6295137611273145,2,0,1,9,29.58495568862226,4:4,spatial,0,51,0,dia,54,0,1,none,0,baseline,0.6493532546000097,48,4,92,2,80,0,2,0,0,0,Action_1080p_30fps_10s
76,0,p8x8,1,0.6295137611273145,2,0,1,9,29.58495568862226,4:4,spatial,0,51,0,dia,54,0,1,cbr,0,high,0.9569315228636258,39,19,49,5,43,3,13,2,1,1,Action_1080p_30fps_10s
76,0,p8x8,1,0.6295137611273145,0,2,1,9,29.58495568862226,4:4,none,0,51,0,dia,54,0,1,none,0,baseline,0.6387681857014684,30,4,92,2,80,6,2,0,0,2,Action_1080p_30fps_10s
76,0,p8x8,1,1.7706799526844768,2,0,1,12,29.58495568862226,4:4,spatial,0,51,0,dia,54,0,1,none,0,baseline,0.6493532546000097,48,4,92,8,80,5,2,0,1,0,Action_1080p_30fps_10s
76,0,p8x8,1,0.6295137611273145,2,0,1,9,29.58495568862226,4:4,spatial,0,51,0,tesa,54,0,1,none,0,baseline,0.6493532546000097,48,6,92,2,80,0,2,0,0,0,Action_1080p_30fps_10s
76,0,p8x8,1,0.6295137611273145,0,2,1,9,29.58495568862226,4:4,none,0,51,0,dia,54,1,1,none,0,baseline,0.6387681857014684,30,4,92,2,80,5,63,1,0,2,Action_1080p_30fps_10s
1320,1,p4x4,2,0.6157864219350295,1,1,0,-2,21.37227474930833,0:0,temporal,0,425,3,umh,44,0,0,vbr,0,high,0.278205202324543,27,8,193,13,87,3,59,0,1,1,Still_image_720p_25fps_10s
1280,1,p4x4,1,0.6157864219350295,2,12,0,8,38.687654164818326,3:3,auto,1,435,0,dia,15,1,0,cbr,1,main,0.7214316074693485,25,3,141,12,40,1,63,0,0,2,Still_image_720p_25fps_10s
1155,1,p4x4,2,1.2732014738287774,1,10,0,12,38.687654164818326,2:-2,temporal,1,435,3,dia,15,1,0,cbr,1,main,0.7214316074693485,25,3,141,7,40,5,63,0,0,2,Still_image_720p_25fps_10s
1266,0,p8x8,1,0.2313017363741105,2,8,1,7,4.925994205984166,-3:3,spatial,0,9,0,umh,8,1,1,vbr,1,baseline,0.6038185023781558,42,7,52,4,25,3,11,2,0,1,Still_image_720p_25fps_10s
983,0,p8x8,3,0.2041613345514003,1,9,0,7,38.687654164818326,2:-2,spatial,1,435,1,dia,15,0,0,cbr,1,high,0.0441672264219173,25,3,141,12,40,5,63,0,0,2,Still_image_720p_25fps_10s
1477,1,none,0,0.73765459479569,0,14,1,11,38.93738996919352,5:-5,auto,0,230,2,esa,18,0,0,vbr,0,high,0.0582208234029277,41,20,114,2,2,7,44,2,0,2,Still_image_720p_25fps_10s
1477,0,none,0,0.73765459479569,0,14,0,11,38.93738996919352,5:-5,auto,0,230,2,esa,18,0,0,vbr,0,main,0.0582208234029277,41,20,83,2,40,5,63,0,0,2,Still_image_720p_25fps_10s
983,1,none,0,0.73765459479569,0,14,1,11,38.93738996919352,5:-5,auto,0,230,2,esa,18,1,0,vbr,0,high,0.0582208234029277,41,20,114,2,2,7,44,2,0,2,Still_image_720p_25fps_10s
1477,1,none,0,0.73765459479569,0,14,0,11,38.93738996919352,5:-5,auto,0,230,1,esa,55,0,0,vbr,0,main,0.0582208234029277,41,20,83,2,40,5,63,1,0,2,Still_image_720p_25fps_10s
1477,1,none,0,0.73765459479569,0,14,1,11,38.93738996919352,5:-5,auto,0,230,1,esa,55,0,0,vbr,0,main,0.0582208234029277,41,20,83,2,40,3,63,0,0,2,Still_image_720p_25fps_10s
1477,1,none,0,0.73765459479569,0,14,0,11,38.93738996919352,5:-5,auto,1,242,1,esa,55,0,0,vbr,0,main,0.0582208234029277,41,20,83,2,40,5,63,1,1,1,Still_image_720p_25fps_10s
1477,1,none,0,0.8241626139302916,0,14,0,11,38.93738996919352,5:-5,auto,0,230,4,esa,24,0,0,vbr,0,main,0.0582208234029277,22,20,117,5,51,5,63,1,0,2,Still_image_720p_25fps_10s
983,1,none,0,0.73765459479569,0,14,1,11,38.93738996919352,5:-5,auto,0,465,2,esa,18,1,0,vbr,0,high,0.0582208234029277,41,20,114,12,40,1,63,0,1,2,Still_image_720p_25fps_10s
1091,0,none,0,0.73765459479569,1,14,0,11,38.93738996919352,5:-5,auto,0,230,2,esa,18,0,0,vbr,0,main,0.0582208234029277,41,20,83,5,40,5,63,0,0,2,Still_image_720p_25fps_10s
1477,0,none,0,0.73765459479569,0,14,0,11,38.93738996919352,5:-5,auto,0,230,1,esa,55,0,0,cbr,0,main,0.0582208234029277,41,20,83,2,40,4,63,0,0,2,Still_image_720p_25fps_10s
1320,1,p4x4,3,0.6157864219350295,1,12,0,8,38.687654164818326,2:-2,spatial,1,435,3,dia,15,1,0,cbr,1,main,0.7214316074693485,25,3,141,7,40,5,63,1,0,2,Still_image_720p_25fps_10s
1320,1,p4x4,3,0.6157864219350295,0,12,0,8,38.687654164818326,2:-2,spatial,1,435,3,dia,15,1,0,cbr,1,baseline,0.7214316074693485,25,3,141,12,40,5,63,0,0,2,Still_image_720p_25fps_10s
1320,1,p4x4,1,0.6157864219350295,1,12,0,8,38.687654164818326,2:-2,auto,1,435,0,dia,15,1,0,cbr,1,main,0.7214316074693485,25,3,141,7,40,5,63,1,0,2,Still_image_720p_25fps_10s
1689,1,p4x4,0,0.6157864219350295,1,12,0,8,38.687654164818326,2:-2,spatial,1,435,3,dia,15,1,0,cbr,1,main,0.7214316074693485,25,3,141,7,40,5,63,1,0,2,Still_image_720p_25fps_10s
1320,1,p4x4,1,0.6157864219350295,1,12,0,8,38.687654164818326,2:-2,auto,1,435,0,dia,15,1,0,cbr,1,main,0.7214316074693485,25,3,237,7,40,5,63,1,0,2,Still_image_720p_25fps_10s
491,1,p8x8,3,0.4183508943137509,1,10,1,-10,29.32159763936856,-4:4,spatial,1,458,2,hex,10,0,0,none,1,baseline,0.8301041320643252,22,20,240,2,81,11,16,2,0,0,Standard_720p_30fps_10s
1477,1,none,0,0.73765459479569,0,14,1,-10,29.32159763936856,-4:4,none,1,93,2,hex,10,0,1,vbr,1,baseline,0.9859873526355616,22,20,5,2,81,11,16,2,0,2,Standard_720p_30fps_10s
1102,1,none,0,0.73765459479569,0,14,1,-10,29.32159763936856,-4:4,none,1,93,2,tesa,10,0,1,vbr,1,baseline,0.7214316074693485,25,3,141,7,40,5,63,0,0,2,Standard_720p_30fps_10s
1280,1,p4x4,1,0.6157864219350295,2,12,0,8,38.687654164818326,3:3,auto,1,435,0,dia,15,1,0,cbr,1,main,0.7214316074693485,25,3,141,12,40,1,63,0,0,2,Standard_720p_30fps_10s
1155,1,p4x4,2,1.2732014738287774,1,10,0,12,38.687654164818326,2:-2,temporal,1,435,3,dia,15,1,0,cbr,1,main,0.7214316074693485,25,3,141,7,40,5,63,0,0,2,Standard_720p_30fps_10s
2251,1,p4x4,2,1.2732014738287774,1,10,0,12,38.687654164818326,2:-2,temporal,1,435,3,dia,15,1,0,cbr,1,main,0.7214316074693485,25,3,141,7,40,5,63,0,0,0,Standard_720p_30fps_10s
1155,1,p4x4,2,1.2732014738287774,1,10,0,12,38.687654164818326,-4:4,temporal,1,489,3,dia,15,1,0,cbr,1,main,0.7214316074693485,25,14,141,7,40,5,63,0,0,2,Standard_720p_30fps_10s
491,0,p8x8,2,0.296249058842245,1,10,1,-10,29.32159763936856,-4:4,spatial,1,458,2,hex,10,0,1,vbr,1,baseline,0.9859873526355616,22,20,240,2,81,11,16,2,0,2,Standard_720p_30fps_10s
491,0,p8x8,2,0.296249058842245,1,10,1,-10,29.32159763936856,-4:4,none,1,458,2,hex,10,1,1,vbr,1,baseline,0.9859873526355616,22,20,240,2,81,11,16,2,0,2,Standard_720p_30fps_10s
1155,1,p8x8,2,0.2164968758106834,1,10,1,-10,29.32159763936856,-4:4,none,1,458,2,hex,10,1,1,vbr,1,baseline,0.9859873526355616,22,13,240,1,81,11,16,2,0,2,Standard_720p_30fps_10s
491,0,p4x4,2,0.296249058842245,1,10,1,-10,29.32159763936856,-4:4,none,1,458,2,hex,10,1,1,vbr,1,baseline,0.6038185023781558,42,7,52,4,25,3,11,2,0,1,Standard_720p_30fps_10s
105,0,p8x8,2,0.296249058842245,1,10,1,-5,29.32159763936856,-4:4,spatial,1,458,2,hex,10,0,1,vbr,1,baseline,0.9859873526355616,22,20,240,2,2,7,44,2,0,2,Standard_720p_30fps_10s
1155,0,none,2,0.296249058842245,1,10,1,-10,29.32159763936856,5:-5,spatial,1,458,2,hex,10,0,1,vbr,1,baseline,0.9859873526355616,22,20,240,2,81,4,16,2,0,2,Standard_720p_30fps_10s
491,0,p8x8,2,0.296249058842245,1,10,1,-10,29.32159763936856,-4:4,none,1,458,3,hex,28,1,1,vbr,1,baseline,0.9859873526355616,22,20,240,2,81,11,61,2,0,2,Standard_720p_30fps_10s
1280,1,p4x4,2,0.2164968758106834,2,10,1,-10,11.757686804650248,3:3,none,1,458,2,hex,10,1,1,vbr,1,baseline,0.9859873526355616,22,13,240,1,81,11,16,1,0,2,Standard_720p_30fps_10s
2251,1,p8x8,2,0.296249058842245,1,10,1,-9,29.32159763936856,-4:4,spatial,1,458,2,hex,10,0,1,vbr,1,baseline,0.9859873526355616,22,20,240,2,2,7,44,2,0,2,Standard_720p_30fps_10s
1266,0,p8x8,1,0.2313017363741105,2,8,1,7,4.925994205984166,-3:3,spatial,0,9,0,umh,8,1,1,vbr,1,baseline,0.6038185023781558,42,7,52,4,25,3,11,2,0,1,Standard_720p_30fps_10s
983,0,p8x8,3,0.2041613345514003,1,9,0,7,38.687654164818326,2:-2,spatial,1,435,1,dia,15,0,0,cbr,1,high,0.0441672264219173,25,3,141,12,40,5,63,0,0,2,Standard_720p_30fps_10s
1477,1,none,0,0.73765459479569,0,14,0,11,38.93738996919352,5:-5,auto,0,230,1,esa,55,0,0,vbr,0,main,0.0582208234029277,41,20,83,2,40,5,63,1,0,2,Standard_720p_30fps_10s
1477,1,none,0,0.73765459479569,0,14,1,11,38.93738996919352,5:-5,auto,0,230,1,esa,55,0,0,vbr,0,main,0.0582208234029277,41,20,83,2,40,3,63,0,0,2,Standard_720p_30fps_10s
1477,1,none,0,0.73765459479569,0,14,1,-10,29.32159763936856,-4:4,none,1,93,2,hex,10,0,1,vbr,1,baseline,0.9859873526355616,22,20,5,2,81,11,16,2,0,2,Standard_1080p_30fps_5s
1102,1,none,0,0.73765459479569,0,14,1,-10,29.32159763936856,-4:4,none,1,93,2,tesa,10,0,1,vbr,1,baseline,0.7214316074693485,25,3,141,7,40,5,63,0,0,2,Standard_1080p_30fps_5s
1102,1,none,0,0.73765459479569,0,14,1,-10,29.32159763936856,-4:4,none,1,93,2,hex,10,0,1,vbr,1,baseline,0.7214316074693485,31,3,240,14,81,11,16,2,0,2,Standard_1080p_30fps_5s
1477,1,none,0,0.73765459479569,0,5,1,-10,29.32159763936856,-4:4,none,1,93,2,hex,10,0,1,vbr,1,baseline,0.9859873526355616,22,20,5,2,81,11,16,2,0,2,Standard_1080p_30fps_5s
1477,1,none,0,0.73765459479569,0,5,1,-10,29.32159763936856,-4:4,none,1,93,2,hex,32,0,1,vbr,1,baseline,0.9859873526355616,22,20,5,2,49,11,16,2,0,2,Standard_1080p_30fps_5s
527,1,none,0,0.73765459479569,0,7,1,-10,11.302398815321745,-4:4,none,0,93,2,hex,10,0,1,vbr,1,baseline,0.9859873526355616,22,20,75,6,49,11,16,0,0,2,Standard_1080p_30fps_5s
1762,1,"p8x8,b8x8,i8x8,i4x4",0,0.73765459479569,0,14,1,-10,29.32159763936856,-1:1,none,0,93,2,hex,10,0,1,vbr,1,baseline,0.7214316074693485,31,3,5,2,81,11,16,2,0,2,Standard_1080p_30fps_5s
491,0,p8x8,2,0.296249058842245,1,10,1,-10,29.32159763936856,-4:4,spatial,1,458,2,hex,10,0,1,vbr,1,baseline,0.9859873526355616,22,20,240,2,81,11,16,2,0,2,Standard_1080p_30fps_5s
491,0,p8x8,2,0.296249058842245,1,10,1,-10,29.32159763936856,-4:4,none,1,458,2,hex,10,1,1,vbr,1,baseline,0.9859873526355616,22,20,240,2,81,11,16,2,0,2,Standard_1080p_30fps_5s
1155,1,p8x8,2,0.2164968758106834,1,10,1,-10,29.32159763936856,-4:4,none,1,458,2,hex,10,1,1,vbr,1,baseline,0.9859873526355616,22,13,240,1,81,11,16,2,0,2,Standard_1080p_30fps_5s
1643,0,p8x8,2,0.1934235221534979,1,10,1,-10,28.52124684127244,1:1,spatial,1,458,2,hex,10,0,1,vbr,1,baseline,0.9859873526355616,22,20,240,2,81,11,16,2,0,2,Standard_1080p_30fps_5s
983,0,p8x8,3,0.2041613345514003,1,9,1,7,32.650915024717094,2:-2,none,1,458,1,hex,10,1,1,vbr,1,baseline,0.9178952916851654,22,20,240,2,81,11,16,1,0,2,Standard_1080p_30fps_5s
1266,0,p8x8,1,0.2313017363741105,2,8,1,-10,29.32159763936856,6:-6,spatial,1,458,1,hex,45,0,1,vbr,1,baseline,0.9859873526355616,22,20,240,8,81,11,35,2,0,2,Standard_1080p_30fps_5s
491,0,p8x8,2,0.296249058842245,2,10,1,-10,29.32159763936856,-4:4,spatial,1,458,2,hex,10,1,1,vbr,1,baseline,0.7176000779683961,31,3,141,12,40,5,61,1,0,2,Standard_1080p_30fps_5s
491,0,p8x8,2,0.296249058842245,2,10,1,-10,29.32159763936856,-4:4,none,1,192,2,hex,10,0,1,vbr,1,baseline,0.9859873526355616,39,20,5,2,44,11,47,2,0,2,Standard_1080p_30fps_5s
1643,0,p8x8,2,1.5230081866822187,1,10,1,-10,28.52124684127244,1:1,spatial,1,458,2,hex,10,1,1,vbr,1,baseline,0.9859873526355616,22,3,145,14,81,11,16,2,0,2,Standard_1080p_30fps_5s
2044,0,p8x8,2,0.296249058842245,2,10,1,-10,29.32159763936856,-4:4,spatial,1,458,1,hex,10,1,1,vbr,1,baseline,0.7214316074693485,31,12,240,14,81,1,16,2,0,2,Standard_1080p_30fps_5s
491,0,p8x8,2,0.296249058842245,2,10,1,-10,29.32159763936856,-4:4,spatial,1,458,2,hex,10,1,1,vbr,1,baseline,0.7641954050581761,31,3,5,2,81,11,16,2,0,2,Standard_1080p_30fps_5s
1102,1,none,0,0.73765459479569,1,14,1,-10,22.176311362099508,-4:4,none,0,93,2,hex,10,0,1,vbr,1,baseline,0.7176000779683961,31,3,41,12,40,5,61,1,1,2,Standard_1080p_30fps_5s
983,0,p8x8,3,0.2041613345514003,1,9,0,7,38.687654164818326,2:-2,spatial,1,435,1,dia,15,0,0,cbr,1,high,0.0441672264219173,25,3,141,12,40,5,63,0,0,2,Standard_1080p_30fps_5s
1762,1,"p8x8,b8x8,i8x8,i4x4",0,0.73765459479569,0,14,1,-10,29.32159763936856,-1:1,none,0,93,2,hex,10,0,1,vbr,1,baseline,0.7214316074693485,31,3,5,2,81,11,16,2,0,2,Standard_480p_60fps_20s
1762,0,p4x4,2,0.73765459479569,0,14,1,-10,16.928541766770305,-1:1,none,0,93,2,hex,61,0,1,vbr,1,baseline,0.9859873526355616,22,13,240,5,81,11,16,2,0,2,Standard_480p_60fps_20s
1762,1,"p8x8,b8x8,i8x8,i4x4",0,0.73765459479569,1,14,1,-10,29.32159763936856,-1:1,none,0,93,2,hex,10,0,1,vbr,1,baseline,0.7214316074693485,31,3,5,2,81,11,16,2,0,2,Standard_480p_60fps_20s
1762,0,p4x4,2,0.73765459479569,0,14,1,-10,16.928541766770305,-1:1,none,0,93,2,esa,61,0,0,vbr,1,baseline,0.7214316074693485,31,3,5,2,81,11,16,2,0,2,Standard_480p_60fps_20s
1477,1,none,0,0.73765459479569,1,14,1,-10,29.32159763936856,-4:4,none,0,93,2,hex,32,0,1,vbr,1,baseline,0.9859873526355616,22,3,149,2,81,11,16,2,0,2,Standard_480p_60fps_20s
1102,1,none,0,0.73765459479569,0,14,1,-10,29.32159763936856,-4:4,none,1,93,2,tesa,10,0,1,vbr,1,baseline,0.7214316074693485,25,3,141,7,40,5,63,0,0,2,Standard_480p_60fps_20s
1477,1,none,0,0.73765459479569,0,14,1,-10,29.32159763936856,-4:4,none,1,93,2,hex,10,0,1,vbr,1,baseline,0.9859873526355616,22,20,5,2,81,11,16,2,0,2,Standard_480p_60fps_20s
1477,1,none,0,0.73765459479569,0,5,1,-10,29.32159763936856,-4:4,none,1,93,2,hex,10,0,1,vbr,1,baseline,0.9859873526355616,22,20,5,2,81,11,16,2,0,2,Standard_480p_60fps_20s
527,1,none,0,0.73765459479569,0,7,1,-10,11.302398815321745,-4:4,none,0,93,2,hex,10,0,1,vbr,1,baseline,0.9859873526355616,22,20,75,6,49,11,16,0,0,2,Standard_480p_60fps_20s
1102,1,none,0,0.73765459479569,0,14,1,-10,29.32159763936856,-4:4,none,1,93,2,hex,10,0,1,vbr,1,baseline,0.7214316074693485,31,3,240,14,81,11,16,2,0,2,Standard_480p_60fps_20s
1477,1,none,0,0.73765459479569,0,5,1,-10,29.32159763936856,-4:4,none,1,93,2,hex,32,0,1,vbr,1,baseline,0.9859873526355616,22,20,5,2,49,11,16,2,0,2,Standard_480p_60fps_20s
2089,1,none,0,0.73765459479569,0,14,1,-10,29.32159763936856,-4:4,none,1,93,2,hex,10,0,1,vbr,1,baseline,0.9859873526355616,22,20,240,2,3,11,16,2,0,2,Standard_480p_60fps_20s
1477,1,none,1,0.73765459479569,0,3,1,-10,29.32159763936856,4:4,none,1,93,2,hex,10,0,1,vbr,1,baseline,0.9859873526355616,22,13,240,5,81,11,16,2,0,2,Standard_480p_60fps_20s
1477,1,none,1,0.73765459479569,0,3,1,-10,29.32159763936856,4:4,none,1,93,2,hex,10,0,1,vbr,1,baseline,0.7214316074693485,31,3,5,2,68,11,16,2,0,2,Standard_480p_60fps_20s
1477,1,none,0,0.73765459479569,0,5,1,-10,29.32159763936856,-4:4,none,1,93,4,hex,10,0,1,vbr,1,baseline,0.9859873526355616,22,20,5,2,81,11,16,2,0,2,Standard_480p_60fps_20s
1280,1,p4x4,1,0.6157864219350295,2,12,0,8,38.687654164818326,3:3,auto,1,435,0,dia,15,1,0,cbr,1,main,0.7214316074693485,25,3,141,12,40,1,63,0,0,2,Standard_480p_60fps_20s
1155,1,p4x4,2,1.2732014738287774,1,10,0,12,38.687654164818326,2:-2,temporal,1,435,3,dia,15,1,0,cbr,1,main,0.7214316074693485,25,3,141,7,40,5,63,0,0,2,Standard_480p_60fps_20s
2251,1,p4x4,2,1.2732014738287774,1,10,0,12,38.687654164818326,2:-2,temporal,1,435,3,dia,15,1,0,cbr,1,main,0.7214316074693485,25,3,141,7,40,5,63,0,0,0,Standard_480p_60fps_20s
1155,1,p4x4,2,1.2732014738287774,1,10,0,12,38.687654164818326,-4:4,temporal,1,489,3,dia,15,1,0,cbr,1,main,0.7214316074693485,25,14,141,7,40,5,63,0,0,2,Standard_480p_60fps_20s
1102,0,none,0,0.73765459479569,2,14,0,-10,29.32159763936856,-4:4,none,1,93,2,tesa,10,0,1,vbr,0,baseline,0.7214316074693485,25,3,141,7,40,5,37,0,0,2,Standard_480p_60fps_20s
1477,1,none,0,0.73765459479569,0,14,1,-10,29.32159763936856,-4:4,none,1,93,2,hex,10,0,1,vbr,1,baseline,0.9859873526355616,22,20,5,2,81,11,16,2,0,2,Big_480p_60fps_15s
1102,1,none,0,0.73765459479569,0,14,1,-10,29.32159763936856,-4:4,none,1,93,2,tesa,10,0,1,vbr,1,baseline,0.7214316074693485,25,3,141,7,40,5,63,0,0,2,Big_480p_60fps_15s
1102,1,none,0,0.73765459479569,0,14,1,-10,29.32159763936856,-4:4,none,1,93,2,hex,10,0,1,vbr,1,baseline,0.7214316074693485,31,3,240,14,81,11,16,2,0,2,Big_480p_60fps_15s
1477,1,none,0,0.73765459479569,0,5,1,-10,29.32159763936856,-4:4,none,1,93,2,hex,10,0,1,vbr,1,baseline,0.9859873526355616,22,20,5,2,81,11,16,2,0,2,Big_480p_60fps_15s
527,1,none,0,0.73765459479569,0,7,1,-10,11.302398815321745,-4:4,none,0,93,2,hex,10,0,1,vbr,1,baseline,0.9859873526355616,22,20,75,6,49,11,16,0,0,2,Big_480p_60fps_15s
1477,1,none,0,0.73765459479569,0,5,1,-10,29.32159763936856,-4:4,none,1,93,2,hex,32,0,1,vbr,1,baseline,0.9859873526355616,22,20,5,2,49,11,16,2,0,2,Big_480p_60fps_15s
1477,1,none,0,0.73765459479569,0,5,1,-10,29.32159763936856,-4:4,spatial,1,93,2,hex,10,0,1,vbr,1,baseline,0.7214316074693485,38,3,240,14,81,11,16,0,0,2,Big_480p_60fps_15s
1477,1,none,0,0.73765459479569,0,5,0,-10,29.32159763936856,-2:2,none,1,93,3,hex,32,0,1,none,1,baseline,0.0729790770451781,22,20,240,2,81,11,16,0,0,2,Big_480p_60fps_15s
491,1,p8x8,3,0.4183508943137509,1,10,1,-10,29.32159763936856,-4:4,spatial,1,458,2,hex,10,0,0,none,1,baseline,0.8301041320643252,22,20,240,2,81,11,16,2,0,0,Big_480p_60fps_15s
1102,1,p4x4,0,0.73765459479569,0,14,1,-10,29.32159763936856,-4:4,spatial,1,458,3,hex,10,0,0,none,1,baseline,0.8301041320643252,22,11,240,3,81,11,16,2,0,0,Big_480p_60fps_15s
2251,1,p4x4,2,1.2732014738287774,1,10,1,12,38.687654164818326,2:-2,temporal,1,435,3,dia,15,1,0,cbr,1,baseline,0.9859873526355616,22,13,240,1,81,11,43,2,0,2,Big_480p_60fps_15s
2251,1,p4x4,2,1.2732014738287774,1,10,1,-10,29.32159763936856,1:1,none,1,93,2,hex,10,0,1,vbr,1,baseline,0.9859873526355616,22,20,5,2,81,11,16,2,0,2,Big_480p_60fps_15s
2251,1,p8x8,2,1.609193051383282,2,10,1,-10,29.32159763936856,-4:4,spatial,1,458,3,hex,49,0,1,vbr,1,baseline,0.9859873526355616,22,20,240,2,81,11,16,2,0,2,Big_480p_60fps_15s
2251,1,p4x4,2,1.2732014738287774,1,5,1,-10,29.32159763936856,-4:4,spatial,1,344,4,hex,10,0,1,vbr,1,baseline,0.0729790770451781,22,20,240,2,81,11,16,2,0,2,Big_480p_60fps_15s
2251,1,p4x4,2,1.2732014738287774,1,5,1,-10,29.32159763936856,-4:4,spatial,1,344,4,hex,10,0,1,vbr,1,baseline,0.9859873526355616,22,20,5,2,52,11,16,0,0,2,Big_480p_60fps_15s
491,0,p8x8,2,0.296249058842245,1,10,1,-10,29.32159763936856,-4:4,none,1,458,2,hex,10,1,1,vbr,1,baseline,0.9859873526355616,22,20,240,2,81,11,16,2,0,2,Big_480p_60fps_15s
491,0,p8x8,2,0.296249058842245,1,10,1,-10,29.32159763936856,-4:4,spatial,1,458,2,hex,10,0,1,vbr,1,baseline,0.9859873526355616,22,20,240,2,81,11,16,2,0,2,Big_480p_60fps_15s
1155,1,p8x8,2,0.2164968758106834,1,10,1,-10,29.32159763936856,-4:4,none,1,458,2,hex,10,1,1,vbr,1,baseline,0.9859873526355616,22,13,240,1,81,11,16,2,0,2,Big_480p_60fps_15s
1280,1,p4x4,1,0.6157864219350295,2,12,0,8,38.687654164818326,3:3,auto,1,435,0,dia,15,1,0,cbr,1,main,0.7214316074693485,25,3,141,12,40,1,63,0,0,2,Big_480p_60fps_15s
1155,1,p4x4,2,1.2732014738287774,1,10,0,12,38.687654164818326,2:-2,temporal,1,435,3,dia,15,1,0,cbr,1,main,0.7214316074693485,25,3,141,7,40,5,63,0,0,2,Big_480p_60fps_15s
1762,1,"p8x8,b8x8,i8x8,i4x4",0,0.73765459479569,0,14,1,-10,29.32159763936856,-1:1,none,0,93,2,hex,10,0,1,vbr,1,baseline,0.7214316074693485,31,3,5,2,81,11,16,2,0,2,Standard_1080p_60fps_15s
1762,0,p4x4,2,0.73765459479569,0,14,1,-10,16.928541766770305,-1:1,none,0,93,2,esa,61,0,0,vbr,1,baseline,0.7214316074693485,31,3,5,2,81,11,16,2,0,2,Standard_1080p_60fps_15s
1477,1,none,0,0.73765459479569,1,14,1,-10,29.32159763936856,-4:4,none,0,93,2,hex,32,0,1,vbr,1,baseline,0.9859873526355616,22,3,149,2,81,11,16,2,0,2,Standard_1080p_60fps_15s
1762,0,p4x4,2,0.73765459479569,0,14,1,-10,16.928541766770305,-1:1,none,0,93,2,hex,61,0,1,vbr,1,baseline,0.9859873526355616,22,13,240,5,81,11,16,2,0,2,Standard_1080p_60fps_15s
1762,1,"p8x8,b8x8,i8x8,i4x4",0,0.73765459479569,1,14,1,-10,29.32159763936856,-1:1,none,0,93,2,hex,10,0,1,vbr,1,baseline,0.7214316074693485,31,3,5,2,81,11,16,2,0,2,Standard_1080p_60fps_15s
691,1,none,0,0.73765459479569,0,14,1,11,16.928541766770305,-1:1,none,0,93,2,hex,31,0,1,vbr,1,baseline,0.9859873526355616,22,13,240,5,81,11,16,2,0,2,Standard_1080p_60fps_15s
1762,1,"p8x8,b8x8,i8x8,i4x4",0,0.73765459479569,1,14,1,-10,29.32159763936856,-1:1,none,0,93,2,hex,10,0,1,vbr,1,baseline,0.9859873526355616,22,13,240,5,81,11,16,2,0,2,Standard_1080p_60fps_15s
1762,0,p4x4,2,0.73765459479569,0,14,1,-10,16.928541766770305,-1:1,none,0,93,2,hex,61,0,1,vbr,1,baseline,0.7214316074693485,31,3,5,2,81,11,16,2,0,2,Standard_1080p_60fps_15s
1762,1,p4x4,2,0.73765459479569,0,14,1,-10,16.928541766770305,-1:1,none,0,93,2,hex,32,0,1,vbr,1,baseline,0.9859873526355616,22,12,149,2,81,11,16,2,0,2,Standard_1080p_60fps_15s
1477,1,none,0,0.73765459479569,1,3,1,-10,29.32159763936856,-4:4,none,0,93,2,esa,61,0,0,vbr,1,baseline,0.7214316074693485,31,3,5,2,81,1,16,2,0,2,Standard_1080p_60fps_15s
1477,1,none,0,0.73765459479569,1,14,1,-10,29.32159763936856,-4:4,none,0,93,1,hex,32,0,1,vbr,1,baseline,0.9859873526355616,22,3,149,2,81,11,16,2,0,2,Standard_1080p_60fps_15s
1762,1,"p8x8,b8x8,i8x8,i4x4",0,0.73765459479569,0,14,1,-10,29.32159763936856,-1:1,none,0,93,4,hex,10,0,0,vbr,1,baseline,0.6923345033245221,31,3,5,2,81,11,16,2,0,2,Standard_1080p_60fps_15s
1477,1,none,0,0.73765459479569,0,5,0,-10,9.993628573580173,-4:4,none,1,93,2,hex,10,0,0,vbr,1,baseline,0.7214316074693485,43,3,5,2,81,11,16,2,0,2,Standard_1080p_60fps_15s
1762,1,all,0,0.73765459479569,1,14,1,-10,29.32159763936856,-1:1,none,0,93,2,hex,10,0,1,vbr,1,baseline,0.9859873526355616,22,20,5,2,81,11,16,2,0,2,Standard_1080p_60fps_15s
1762,1,"p8x8,b8x8,i8x8,i4x4",0,0.73765459479569,1,14,1,-10,29.32159763936856,-1:1,none,0,93,4,hex,10,0,1,vbr,1,baseline,0.9859873526355616,22,13,5,2,81,11,16,2,0,2,Standard_1080p_60fps_15s
1762,0,p4x4,2,0.73765459479569,1,14,1,-10,13.12763479915566,-1:1,none,0,93,2,hex,61,0,1,vbr,1,baseline,0.9859873526355616,22,13,46,2,81,11,16,2,0,2,Standard_1080p_60fps_15s
1477,1,none,1,0.73765459479569,0,5,0,-10,29.32159763936856,-4:4,none,1,93,1,hex,32,0,0,vbr,0,baseline,0.9859873526355616,22,3,149,2,81,11,16,2,0,2,Standard_1080p_60fps_15s
1477,1,none,0,0.73765459479569,1,3,1,-10,16.928541766770305,-1:1,none,0,93,2,esa,61,0,0,vbr,1,high,0.7214316074693485,31,3,5,2,99,11,16,2,0,2,Standard_1080p_60fps_15s
1477,1,p8x8,1,0.73765459479569,1,3,1,-10,29.32159763936856,-4:4,none,0,93,2,esa,61,0,0,vbr,1,baseline,0.7214316074693485,31,15,5,2,81,1,16,2,0,2,Standard_1080p_60fps_15s
1762,1,p4x4,2,1.5469658646669502,2,14,0,-10,16.928541766770305,-1:1,none,0,93,2,hex,9,0,0,vbr,1,baseline,0.9859873526355616,22,3,149,8,81,11,16,2,0,2,Standard_1080p_60fps_15s
1549,0,none,0,0.73765459479569,0,14,0,-10,29.32159763936856,-4:4,none,1,93,2,hex,10,0,1,vbr,1,baseline,0.9859873526355616,22,20,5,2,81,11,16,2,0,1,Still_image_480p_25fps_15s
1762,1,"p8x8,b8x8,i8x8,i4x4",0,0.73765459479569,0,14,1,-10,29.32159763936856,-1:1,none,0,93,2,hex,10,0,1,vbr,1,baseline,0.7214316074693485,31,3,5,2,81,11,16,2,0,2,Still_image_480p_25fps_15s
1762,1,"p8x8,b8x8,i8x8,i4x4",0,0.73765459479569,1,14,1,-10,29.32159763936856,-1:1,none,0,93,2,hex,10,0,1,vbr,1,baseline,0.7214316074693485,31,3,5,2,81,11,16,2,0,2,Still_image_480p_25fps_15s
1762,0,p4x4,2,0.73765459479569,0,14,1,-10,16.928541766770305,-1:1,none,0,93,2,esa,61,0,0,vbr,1,baseline,0.7214316074693485,31,3,5,2,81,11,16,2,0,2,Still_image_480p_25fps_15s
1762,0,p4x4,2,0.73765459479569,0,14,1,-10,16.928541766770305,-1:1,none,0,93,2,hex,61,0,1,vbr,1,baseline,0.9859873526355616,22,13,240,5,81,11,16,2,0,2,Still_image_480p_25fps_15s
1477,1,none,0,0.73765459479569,1,14,1,-10,29.32159763936856,-4:4,none,0,93,2,hex,32,0,1,vbr,1,baseline,0.9859873526355616,22,3,149,2,81,11,16,2,0,2,Still_image_480p_25fps_15s
1762,0,p4x4,2,0.73765459479569,0,14,1,-10,16.928541766770305,-1:1,none,0,93,2,hex,61,0,1,vbr,1,baseline,0.7214316074693485,31,3,5,2,81,11,16,2,0,2,Still_image_480p_25fps_15s
1477,1,none,0,0.73765459479569,1,3,1,-10,29.32159763936856,-4:4,none,0,93,2,esa,61,0,0,vbr,1,baseline,0.7214316074693485,31,3,5,2,81,1,16,2,0,2,Still_image_480p_25fps_15s
691,1,none,0,0.73765459479569,0,14,1,11,16.928541766770305,-1:1,none,0,93,2,hex,31,0,1,vbr,1,baseline,0.9859873526355616,22,13,240,5,81,11,16,2,0,2,Still_image_480p_25fps_15s
1762,1,"p8x8,b8x8,i8x8,i4x4",0,0.73765459479569,1,14,1,-10,29.32159763936856,-1:1,none,0,93,2,hex,10,0,1,vbr,1,baseline,0.9859873526355616,22,13,240,5,81,11,16,2,0,2,Still_image_480p_25fps_15s
1762,1,p4x4,2,0.73765459479569,0,14,1,-10,16.928541766770305,-1:1,none,0,93,2,hex,32,0,1,vbr,1,baseline,0.9859873526355616,22,12,149,2,81,11,16,2,0,2,Still_image_480p_25fps_15s
1762,1,"p8x8,b8x8,i8x8,i4x4",0,0.73765459479569,1,14,1,-10,16.928541766770305,-1:1,none,0,93,2,hex,61,0,1,vbr,1,baseline,0.3322675118147455,31,3,5,2,81,11,16,2,0,2,Still_image_480p_25fps_15s
1762,0,p4x4,2,0.73765459479569,1,14,1,-10,16.928541766770305,-1:1,none,0,93,2,tesa,61,0,0,vbr,1,baseline,0.9859873526355616,22,3,149,2,81,11,16,2,0,2,Still_image_480p_25fps_15s
1477,1,none,0,0.73765459479569,1,14,0,11,16.928541766770305,-1:1,none,0,93,2,hex,31,0,1,vbr,1,baseline,0.0628798548405288,22,13,240,5,81,11,16,2,0,2,Still_image_480p_25fps_15s
1477,1,none,2,0.73765459479569,1,14,0,11,16.928541766770305,-1:1,none,0,93,2,hex,31,0,1,vbr,0,baseline,0.1152127024826938,25,3,5,2,81,11,19,2,0,2,Still_image_480p_25fps_15s
1762,0,p4x4,2,1.4450264440200702,1,14,1,-10,16.928541766770305,-1:1,none,0,93,2,tesa,61,0,0,vbr,1,baseline,0.9859873526355616,22,3,149,2,81,11,16,2,0,2,Still_image_480p_25fps_15s
1477,1,none,0,0.73765459479569,1,14,1,11,16.928541766770305,-1:1,none,0,93,2,hex,52,0,1,vbr,1,baseline,0.0628798548405288,22,13,240,5,81,11,16,2,0,2,Still_image_480p_25fps_15s
1762,1,p4x4,2,0.73765459479569,0,14,1,-10,36.84834824330018,-1:1,none,0,93,2,hex,61,0,1,vbr,1,baseline,0.7214316074693485,31,3,5,2,81,11,16,2,0,2,Still_image_480p_25fps_15s
1762,1,p4x4,2,0.73765459479569,0,6,0,8,16.928541766770305,-1:1,none,0,93,2,hex,32,0,1,vbr,1,main,0.4945269117072481,34,12,149,2,81,11,16,2,0,2,Still_image_480p_25fps_15s
691,1,none,0,0.0380417584827072,0,14,1,11,16.928541766770305,-1:1,none,0,93,2,hex,31,0,1,vbr,1,baseline,0.9859873526355616,22,3,5,2,81,11,16,2,0,2,Still_image_480p_25fps_15s
1477,1,none,0,0.73765459479569,0,14,1,-10,29.32159763936856,-4:4,none,1,93,2,hex,10,0,1,vbr,1,baseline,0.9859873526355616,22,20,5,2,81,11,16,2,0,2,Big_480p_25fps_20s
1102,1,none,0,0.73765459479569,0,14,1,-10,29.32159763936856,-4:4,none,1,93,2,tesa,10,0,1,vbr,1,baseline,0.7214316074693485,25,3,141,7,40,5,63,0,0,2,Big_480p_25fps_20s
1102,1,none,0,0.73765459479569,0,14,1,-10,29.32159763936856,-4:4,none,1,93,2,hex,10,0,1,vbr,1,baseline,0.7214316074693485,31,3,240,14,81,11,16,2,0,2,Big_480p_25fps_20s
1477,1,none,0,0.73765459479569,0,5,1,-10,29.32159763936856,-4:4,none,1,93,2,hex,10,0,1,vbr,1,baseline,0.9859873526355616,22,20,5,2,81,11,16,2,0,2,Big_480p_25fps_20s
527,1,none,0,0.73765459479569,0,7,1,-10,11.302398815321745,-4:4,none,0,93,2,hex,10,0,1,vbr,1,baseline,0.9859873526355616,22,20,75,6,49,11,16,0,0,2,Big_480p_25fps_20s
1477,1,none,0,0.73765459479569,0,5,1,-10,29.32159763936856,-4:4,none,1,93,2,hex,32,0,1,vbr,1,baseline,0.9859873526355616,22,20,5,2,49,11,16,2,0,2,Big_480p_25fps_20s
1477,1,none,0,0.73765459479569,0,5,1,-10,29.32159763936856,-4:4,spatial,1,93,2,hex,10,0,1,vbr,1,baseline,0.7214316074693485,38,3,240,14,81,11,16,0,0,2,Big_480p_25fps_20s
1477,1,none,0,0.73765459479569,0,5,0,-10,29.32159763936856,-2:2,none,1,93,3,hex,32,0,1,none,1,baseline,0.0729790770451781,22,20,240,2,81,11,16,0,0,2,Big_480p_25fps_20s
527,1,none,0,0.73765459479569,0,7,0,-10,29.32159763936856,-2:2,none,1,93,3,hex,32,0,1,none,1,baseline,0.0729790770451781,22,20,240,2,81,11,16,0,1,2,Big_480p_25fps_20s
1477,1,none,0,0.73765459479569,0,14,1,-10,29.32159763936856,-4:4,none,1,93,2,hex,10,0,1,vbr,1,baseline,0.9859873526355616,39,13,240,5,81,11,8,2,0,2,Big_480p_25fps_20s
1102,1,none,0,0.73765459479569,0,14,1,-10,29.32159763936856,-4:4,none,1,93,2,hex,10,0,1,vbr,0,baseline,0.9859873526355616,22,20,75,6,49,11,44,0,0,2,Big_480p_25fps_20s
1477,1,none,0,0.73765459479569,0,5,1,-10,10.171427889647392,-4:4,spatial,1,92,2,hex,10,0,1,vbr,1,baseline,0.7214316074693485,38,3,240,14,81,11,16,0,0,2,Big_480p_25fps_20s
527,1,none,0,0.73765459479569,2,7,1,-10,11.302398815321745,-4:4,none,0,93,2,hex,10,0,1,none,1,baseline,0.9859873526355616,22,20,75,6,49,11,16,0,0,2,Big_480p_25fps_20s
1384,1,none,0,0.73765459479569,0,14,1,-10,29.32159763936856,-4:4,none,0,93,2,hex,10,0,1,vbr,1,baseline,0.9859873526355616,22,20,75,6,49,6,44,0,0,2,Big_480p_25fps_20s
1477,1,none,0,0.73765459479569,0,14,1,-10,29.32159763936856,-4:4,none,1,93,2,hex,10,0,1,vbr,1,baseline,0.9859873526355616,24,20,5,2,21,3,16,2,0,2,Big_480p_25fps_20s
1102,1,none,0,0.73765459479569,0,14,1,-10,29.32159763936856,-4:4,none,1,93,2,tesa,10,0,1,vbr,1,baseline,0.7214316074693485,31,3,141,7,40,6,63,0,0,2,Big_480p_25fps_20s
1102,0,none,2,0.73765459479569,0,14,1,-10,29.32159763936856,-4:4,none,1,93,2,hex,10,0,1,vbr,1,baseline,0.7214316074693485,31,20,75,6,49,11,44,0,0,2,Big_480p_25fps_20s
1477,1,none,0,0.73765459479569,0,5,0,-10,35.63424828804262,-2:2,none,1,93,3,hex,32,0,1,none,1,baseline,0.0729790770451781,23,20,75,6,49,11,44,0,0,2,Big_480p_25fps_20s
1477,1,p4x4,0,0.73765459479569,0,5,1,-10,11.302398815321745,-4:4,none,0,93,4,hex,10,0,1,vbr,0,baseline,0.9859873526355616,22,20,75,6,78,11,16,2,0,2,Big_480p_25fps_20s
1477,1,p4x4,0,0.73765459479569,0,5,1,-10,11.302398815321745,1:1,none,1,93,4,hex,19,0,1,vbr,0,baseline,0.9859873526355616,26,20,5,2,81,11,16,2,0,2,Big_480p_25fps_20s
1102,1,p4x4,0,0.73765459479569,0,14,1,-10,29.32159763936856,-4:4,spatial,1,458,3,hex,10,0,0,none,1,baseline,0.8301041320643252,22,11,240,3,81,11,16,2,0,0,Standard_480p_25fps_5s
491,1,p8x8,3,0.4183508943137509,1,10,1,-10,29.32159763936856,-4:4,spatial,1,458,2,hex,10,0,0,none,1,baseline,0.8301041320643252,22,20,240,2,81,11,16,2,0,0,Standard_480p_25fps_5s
491,1,p4x4,0,0.73765459479569,0,16,1,-10,29.32159763936856,-4:4,spatial,1,458,4,hex,10,0,0,cbr,1,baseline,0.8301041320643252,22,11,240,3,81,11,16,2,0,0,Standard_480p_25fps_5s
1762,1,p4x4,2,0.73765459479569,0,14,1,-10,16.928541766770305,-1:1,none,1,93,2,esa,42,0,0,vbr,1,baseline,0.7214316074693485,31,3,5,2,81,11,16,2,0,0,Standard_480p_25fps_5s
691,1,none,2,0.73765459479569,0,14,1,11,49.20779642337689,-4:4,none,0,93,2,hex,10,0,1,vbr,1,baseline,0.9859873526355616,43,13,240,9,81,11,16,2,0,2,Standard_480p_25fps_5s
1102,1,p4x4,0,0.73765459479569,0,14,1,-10,29.32159763936856,-4:4,spatial,0,473,3,hex,10,0,0,vbr,1,baseline,0.9859873526355616,22,20,5,2,81,11,16,2,0,1,Standard_480p_25fps_5s
1549,0,none,0,0.73765459479569,0,14,0,-10,29.32159763936856,-4:4,none,1,93,2,hex,10,0,1,vbr,1,baseline,0.9859873526355616,22,20,5,2,81,11,16,2,0,1,Standard_480p_25fps_5s
691,1,none,0,0.73765459479569,1,14,0,11,16.928541766770305,-1:1,none,0,458,3,hex,10,0,0,none,1,high,0.8301041320643252,42,11,240,3,74,11,16,2,0,2,Standard_480p_25fps_5s
1762,1,"p8x8,b8x8,i8x8,i4x4",0,0.73765459479569,0,14,1,-10,29.32159763936856,-1:1,none,0,93,2,hex,10,0,1,vbr,1,baseline,0.7214316074693485,31,3,5,2,81,11,16,2,0,2,Standard_480p_25fps_5s
1762,0,p4x4,2,0.73765459479569,0,14,1,-10,16.928541766770305,-1:1,none,0,93,2,hex,61,0,1,vbr,1,baseline,0.9859873526355616,22,13,240,5,81,11,16,2,0,2,Standard_480p_25fps_5s
1477,1,none,0,0.73765459479569,1,14,1,-10,29.32159763936856,-4:4,none,0,93,2,hex,32,0,1,vbr,1,baseline,0.9859873526355616,22,3,149,2,81,11,16,2,0,2,Standard_480p_25fps_5s
1762,1,"p8x8,b8x8,i8x8,i4x4",0,0.73765459479569,1,14,1,-10,29.32159763936856,-1:1,none,0,93,2,hex,10,0,1,vbr,1,baseline,0.7214316074693485,31,3,5,2,81,11,16,2,0,2,Standard_480p_25fps_5s
1762,0,p4x4,2,0.73765459479569,0,14,1,-10,16.928541766770305,-1:1,none,0,93,2,esa,61,0,0,vbr,1,baseline,0.7214316074693485,31,3,5,2,81,11,16,2,0,2,Standard_480p_25fps_5s
1762,1,"p8x8,b8x8,i8x8,i4x4",0,0.73765459479569,1,14,1,-10,29.32159763936856,-1:1,none,0,93,2,hex,10,0,1,vbr,1,baseline,0.9859873526355616,22,13,240,5,81,11,16,2,0,2,Standard_480p_25fps_5s
691,1,none,0,0.73765459479569,0,14,1,11,16.928541766770305,-1:1,none,0,93,2,hex,31,0,1,vbr,1,baseline,0.9859873526355616,22,13,240,5,81,11,16,2,0,2,Standard_480p_25fps_5s
691,1,none,0,0.73765459479569,0,14,1,-10,16.928541766770305,-1:1,none,0,93,2,hex,61,0,1,vbr,1,baseline,0.9859873526355616,22,13,240,5,81,11,16,2,0,2,Standard_480p_25fps_5s
1477,1,none,0,0.73765459479569,0,5,1,-10,36.4526879545092,5:5,none,0,93,2,hex,32,0,1,vbr,1,baseline,0.9859873526355616,22,3,4,2,81,11,16,2,0,2,Standard_480p_25fps_5s
691,1,none,0,0.73765459479569,2,14,1,-10,16.928541766770305,-1:1,none,0,46,4,hex,61,0,1,vbr,1,baseline,0.9859873526355616,22,13,240,1,81,11,16,2,0,2,Standard_480p_25fps_5s
691,1,none,0,0.73765459479569,0,14,1,-10,16.928541766770305,-1:1,none,0,93,2,hex,61,0,0,vbr,1,baseline,0.9859873526355616,22,13,240,5,81,11,16,2,0,2,Standard_480p_25fps_5s
691,1,none,0,0.73765459479569,0,9,1,11,16.928541766770305,-1:1,spatial,1,93,2,hex,10,0,1,vbr,0,baseline,0.9859873526355616,22,20,5,2,81,0,16,2,0,1,Standard_480p_25fps_5s
1762,1,"p8x8,b8x8,i8x8,i4x4",0,0.73765459479569,0,14,1,-10,29.32159763936856,-1:1,none,0,93,2,hex,10,0,1,vbr,1,baseline,0.7214316074693485,31,3,5,2,81,11,16,2,0,2,Standard_720p_30fps_15s
1762,0,p4x4,2,0.73765459479569,0,14,1,-10,16.928541766770305,-1:1,none,0,93,2,hex,61,0,1,vbr,1,baseline,0.9859873526355616,22,13,240,5,81,11,16,2,0,2,Standard_720p_30fps_15s
1762,1,"p8x8,b8x8,i8x8,i4x4",0,0.73765459479569,1,14,1,-10,29.32159763936856,-1:1,none,0,93,2,hex,10,0,1,vbr,1,baseline,0.7214316074693485,31,3,5,2,81,11,16,2,0,2,Standard_720p_30fps_15s
1762,0,p4x4,2,0.73765459479569,0,14,1,-10,16.928541766770305,-1:1,none,0,93,2,esa,61,0,0,vbr,1,baseline,0.7214316074693485,31,3,5,2,81,11,16,2,0,2,Standard_720p_30fps_15s
1477,1,none,0,0.73765459479569,1,14,1,-10,29.32159763936856,-4:4,none,0,93,2,hex,32,0,1,vbr,1,baseline,0.9859873526355616,22,3,149,2,81,11,16,2,0,2,Standard_720p_30fps_15s
1762,1,"p8x8,b8x8,i8x8,i4x4",0,0.73765459479569,1,14,1,-10,29.32159763936856,-1:1,none,0,93,2,hex,10,0,1,vbr,1,baseline,0.9859873526355616,22,13,240,5,81,11,16,2,0,2,Standard_720p_30fps_15s
1762,0,p4x4,2,0.73765459479569,0,14,1,-10,16.928541766770305,-1:1,none,0,93,2,hex,61,0,1,vbr,1,baseline,0.7214316074693485,31,3,5,2,81,11,16,2,0,2,Standard_720p_30fps_15s
1477,1,none,0,0.73765459479569,1,3,1,-10,29.32159763936856,-4:4,none,0,93,2,esa,61,0,0,vbr,1,baseline,0.7214316074693485,31,3,5,2,81,1,16,2,0,2,Standard_720p_30fps_15s
691,1,none,0,0.73765459479569,0,14,1,11,16.928541766770305,-1:1,none,0,93,2,hex,31,0,1,vbr,1,baseline,0.9859873526355616,22,13,240,5,81,11,16,2,0,2,Standard_720p_30fps_15s
1477,1,none,0,0.73765459479569,1,11,1,-10,29.32159763936856,-4:4,none,0,93,2,hex,62,0,1,vbr,1,baseline,0.9859873526355616,22,3,106,2,81,11,16,2,0,2,Standard_720p_30fps_15s
1477,1,all,0,0.73765459479569,1,13,1,-10,29.32159763936856,-4:4,none,0,93,4,hex,32,0,0,vbr,1,main,0.9859873526355616,22,3,149,4,81,3,16,2,1,2,Standard_720p_30fps_15s
1477,1,all,0,0.73765459479569,1,13,1,-10,29.32159763936856,-4:4,none,0,9,4,hex,32,0,0,vbr,1,baseline,0.9859873526355616,22,20,5,2,94,11,47,2,0,2,Standard_720p_30fps_15s
134,1,none,0,0.73765459479569,0,14,1,11,16.928541766770305,0:0,none,0,93,2,hex,31,0,1,vbr,1,baseline,0.7214316074693485,31,3,5,2,81,1,16,2,0,2,Standard_720p_30fps_15s
1762,0,p4x4,2,0.73765459479569,0,14,1,-10,16.928541766770305,-1:1,none,0,252,2,hex,61,0,0,vbr,1,baseline,0.7214316074693485,31,3,141,2,85,1,16,2,0,2,Standard_720p_30fps_15s
1477,1,none,1,0.73765459479569,1,3,1,-10,29.32159763936856,-4:4,none,0,93,2,esa,61,0,0,vbr,1,baseline,0.7214316074693485,30,3,38,2,81,1,16,2,0,2,Standard_720p_30fps_15s
1477,1,all,0,0.73765459479569,1,13,1,-10,29.32159763936856,-4:4,none,0,126,4,hex,33,0,0,vbr,0,baseline,0.9859873526355616,22,3,106,2,81,11,16,2,0,2,Standard_720p_30fps_15s
1742,0,p4x4,2,0.73765459479569,0,14,1,7,16.928541766770305,-4:4,none,0,93,2,esa,61,0,0,vbr,1,baseline,0.7214316074693485,30,3,38,2,81,1,16,2,0,2,Standard_720p_30fps_15s
1477,1,none,1,0.73765459479569,1,3,1,-10,11.09370440925258,-1:1,none,0,93,2,esa,61,0,0,vbr,0,baseline,0.7214316074693485,31,18,5,2,81,11,16,2,0,2,Standard_720p_30fps_15s
1762,1,none,0,0.73765459479569,0,8,1,-10,29.32159763936856,-4:4,none,0,93,2,esa,61,0,0,vbr,1,baseline,0.7214316074693485,31,3,5,2,81,1,16,2,0,2,Standard_720p_30fps_15s
1762,0,p4x4,2,0.73765459479569,0,14,1,-10,16.928541766770305,-1:1,none,0,252,2,hex,61,0,0,vbr,1,high,0.7214316074693485,31,3,141,2,85,1,16,2,0,2,Standard_720p_30fps_15s
1477,1,none,0,0.73765459479569,0,14,1,-10,29.32159763936856,-4:4,none,1,93,2,hex,10,0,1,vbr,1,baseline,0.9859873526355616,22,20,5,2,81,11,16,2,0,2,Still_image_480p_60fps_10s
1102,1,none,0,0.73765459479569,0,14,1,-10,29.32159763936856,-4:4,none,1,93,2,tesa,10,0,1,vbr,1,baseline,0.7214316074693485,25,3,141,7,40,5,63,0,0,2,Still_image_480p_60fps_10s
1477,1,none,0,0.73765459479569,0,5,1,-10,29.32159763936856,-4:4,none,1,93,2,hex,10,0,1,vbr,1,baseline,0.9859873526355616,22,20,5,2,81,11,16,2,0,2,Still_image_480p_60fps_10s
527,1,none,0,0.73765459479569,0,7,1,-10,11.302398815321745,-4:4,none,0,93,2,hex,10,0,1,vbr,1,baseline,0.9859873526355616,22,20,75,6,49,11,16,0,0,2,Still_image_480p_60fps_10s
1102,1,none,0,0.73765459479569,0,14,1,-10,29.32159763936856,-4:4,none,1,93,2,hex,10,0,1,vbr,1,baseline,0.7214316074693485,31,3,240,14,81,11,16,2,0,2,Still_image_480p_60fps_10s
1477,1,none,0,0.73765459479569,0,5,1,-10,29.32159763936856,-4:4,none,1,93,2,hex,32,0,1,vbr,1,baseline,0.9859873526355616,22,20,5,2,49,11,16,2,0,2,Still_image_480p_60fps_10s
1477,1,none,0,0.73765459479569,0,5,0,-10,29.32159763936856,-2:2,none,1,93,3,hex,32,0,1,none,1,baseline,0.0729790770451781,22,20,240,2,81,11,16,0,0,2,Still_image_480p_60fps_10s
1718,1,none,0,0.73765459479569,0,6,1,-10,29.32159763936856,-4:4,none,1,93,2,hex,10,0,1,none,1,baseline,0.0729790770451781,22,20,240,2,56,11,19,0,0,2,Still_image_480p_60fps_10s
1477,1,none,0,0.73765459479569,0,5,1,-10,11.302398815321745,-4:4,none,0,93,2,hex,10,0,1,vbr,1,baseline,0.9859873526355616,22,20,106,6,49,11,16,0,0,2,Still_image_480p_60fps_10s
527,1,none,0,0.73765459479569,0,7,1,-10,33.055556217795306,-4:4,none,1,93,2,hex,32,0,1,vbr,1,baseline,0.9859873526355616,22,20,5,2,49,11,16,2,0,2,Still_image_480p_60fps_10s
1477,1,none,0,0.73765459479569,0,14,1,-10,29.32159763936856,-4:4,none,1,93,4,hex,10,0,1,vbr,1,baseline,0.7214316074693485,31,3,240,14,68,10,16,2,0,2,Still_image_480p_60fps_10s
711,1,none,0,0.73765459479569,0,7,1,-10,11.302398815321745,-4:4,none,1,93,2,hex,10,0,1,vbr,1,baseline,0.9859873526355616,22,20,5,2,49,11,16,2,0,2,Still_image_480p_60fps_10s
1335,1,none,2,0.73765459479569,0,7,1,-10,33.055556217795306,-4:4,none,1,448,2,hex,32,0,1,cbr,1,baseline,0.9859873526355616,22,20,75,6,49,11,16,0,0,2,Still_image_480p_60fps_10s
1102,1,none,0,0.73765459479569,0,14,1,-10,29.32159763936856,-4:4,none,1,93,2,tesa,10,0,1,vbr,1,baseline,0.7214316074693485,25,3,141,1,40,11,16,0,0,2,Still_image_480p_60fps_10s
1477,1,none,0,0.73765459479569,0,5,0,-10,29.32159763936856,-2:2,none,1,93,3,hex,32,0,1,none,0,baseline,0.0729790770451781,22,20,240,2,81,5,63,0,0,2,Still_image_480p_60fps_10s
1477,1,none,0,0.73765459479569,0,5,0,-10,29.32159763936856,-2:2,none,1,93,3,hex,32,0,1,none,1,baseline,0.0729790770451781,22,8,240,2,67,0,16,0,1,2,Still_image_480p_60fps_10s
1477,1,none,0,0.73765459479569,0,5,1,-10,11.302398815321745,-4:4,none,1,93,2,hex,10,0,1,vbr,1,baseline,0.9859873526355616,22,20,127,6,49,11,28,0,0,2,Still_image_480p_60fps_10s
1102,1,none,0,0.73765459479569,0,14,1,-10,29.32159763936856,-4:4,none,1,93,2,hex,10,0,1,vbr,1,baseline,0.5031111571827324,31,6,240,14,81,11,16,2,0,2,Still_image_480p_60fps_10s
527,1,none,0,0.702851748480601,0,7,1,-10,29.32159763936856,-2:2,none,0,93,3,hex,32,0,1,none,0,baseline,0.0729790770451781,22,16,13,15,81,5,63,0,0,2,Still_image_480p_60fps_10s
1335,1,none,2,0.73765459479569,0,3,1,-10,33.055556217795306,-4:4,none,1,448,0,hex,32,0,1,cbr,1,high,0.9859873526355616,22,20,75,6,49,11,11,0,0,2,Still_image_480p_60fps_10s
1762,0,none,2,0.73765459479569,0,14,1,12,16.928541766770305,-1:1,auto,0,93,2,hex,61,1,1,vbr,1,baseline,0.6869699809602061,22,13,240,5,49,11,16,0,0,2,Big_1080p_25fps_5s
1762,0,none,2,0.73765459479569,0,14,1,12,28.420752234957217,-1:1,auto,0,93,2,hex,61,1,1,vbr,0,baseline,0.6869699809602061,22,13,240,5,49,11,16,0,0,2,Big_1080p_25fps_5s
1762,0,none,2,0.73765459479569,0,2,1,12,16.928541766770305,-1:1,auto,0,93,2,hex,61,1,1,vbr,1,baseline,0.6869699809602061,22,13,240,5,49,11,16,0,0,2,Big_1080p_25fps_5s
1762,0,p8x8,2,0.73765459479569,0,12,0,12,28.420752234957217,-1:1,auto,0,93,2,hex,61,0,1,vbr,0,baseline,0.6869699809602061,22,13,240,5,49,11,16,0,0,2,Big_1080p_25fps_5s
1762,1,none,2,0.73765459479569,0,14,1,12,28.420752234957217,-1:1,auto,0,93,2,hex,61,1,1,vbr,0,baseline,0.6869699809602061,22,13,240,5,49,11,16,2,0,2,Big_1080p_25fps_5s
1477,1,none,0,0.73765459479569,0,14,1,-10,29.32159763936856,-4:4,none,1,93,2,hex,10,0,1,vbr,1,baseline,0.9859873526355616,22,20,5,2,81,11,16,2,0,2,Big_1080p_25fps_5s
1102,1,none,0,0.73765459479569,0,14,1,-10,29.32159763936856,-4:4,none,1,93,2,tesa,10,0,1,vbr,1,baseline,0.7214316074693485,25,3,141,7,40,5,63,0,0,2,Big_1080p_25fps_5s
1477,1,none,0,0.73765459479569,0,5,1,-10,29.32159763936856,-4:4,none,1,93,2,hex,10,0,1,vbr,1,baseline,0.9859873526355616,22,20,5,2,81,11,16,2,0,2,Big_1080p_25fps_5s
527,1,none,0,0.73765459479569,0,7,1,-10,11.302398815321745,-4:4,none,0,93,2,hex,10,0,1,vbr,1,baseline,0.9859873526355616,22,20,75,6,49,11,16,0,0,2,Big_1080p_25fps_5s
1102,1,none,0,0.73765459479569,0,14,1,-10,29.32159763936856,-4:4,none,1,93,2,hex,10,0,1,vbr,1,baseline,0.7214316074693485,31,3,240,14,81,11,16,2,0,2,Big_1080p_25fps_5s
1477,1,none,0,0.73765459479569,0,5,1,-10,29.32159763936856,-4:4,none,1,93,2,hex,32,0,1,vbr,1,baseline,0.9859873526355616,22,20,5,2,49,11,16,2,0,2,Big_1080p_25fps_5s
1477,1,none,0,0.73765459479569,0,5,0,-10,29.32159763936856,-2:2,none,1,93,3,hex,32,0,1,none,1,baseline,0.0729790770451781,22,20,240,2,81,11,16,0,0,2,Big_1080p_25fps_5s
527,1,none,0,0.73765459479569,0,7,1,-10,33.055556217795306,-4:4,none,1,93,2,hex,32,0,1,vbr,1,baseline,0.9859873526355616,22,20,5,2,49,11,16,2,0,2,Big_1080p_25fps_5s
1718,1,none,0,0.73765459479569,0,6,1,-10,29.32159763936856,-4:4,none,1,93,2,hex,10,0,1,none,1,baseline,0.0729790770451781,22,20,240,2,56,11,19,0,0,2,Big_1080p_25fps_5s
1477,1,none,0,0.73765459479569,0,5,1,-10,11.302398815321745,-4:4,none,0,93,2,hex,10,0,1,vbr,1,baseline,0.9859873526355616,22,20,106,6,49,11,16,0,0,2,Big_1080p_25fps_5s
1477,1,none,0,0.73765459479569,0,5,1,-10,29.32159763936856,-4:4,none,1,251,3,hex,32,1,1,none,1,baseline,0.0729790770451781,22,20,240,2,81,11,16,1,0,2,Big_1080p_25fps_5s
1477,1,none,0,0.73765459479569,0,5,1,-10,29.32159763936856,-4:4,none,1,93,4,hex,10,0,1,vbr,1,baseline,0.9859873526355616,22,20,5,2,81,11,16,2,0,2,Big_1080p_25fps_5s
1994,0,p4x4,2,0.73765459479569,0,14,1,-10,16.928541766770305,-1:1,none,0,93,0,hex,61,0,1,none,1,baseline,0.7214316074693485,31,3,5,2,56,11,19,0,0,2,Big_1080p_25fps_5s
1477,1,all,0,0.73765459479569,0,11,1,-10,29.32159763936856,-4:4,none,1,93,2,hex,10,0,1,none,1,baseline,0.0729790770451781,22,14,240,2,56,11,19,0,0,2,Big_1080p_25fps_5s
1102,1,none,0,0.73765459479569,0,14,1,-2,29.32159763936856,-4:4,none,1,93,2,hex,44,0,1,vbr,1,baseline,0.9440828890340064,22,20,5,2,81,11,16,0,0,2,Big_1080p_25fps_5s
1762,1,"p8x8,b8x8,i8x8,i4x4",0,0.73765459479569,0,14,1,-10,29.32159763936856,-1:1,none,0,93,2,hex,10,0,1,vbr,1,baseline,0.7214316074693485,31,3,5,2,81,11,16,2,0,2,Standard_720p_60fps_5s
1762,0,p4x4,2,0.73765459479569,0,14,1,-10,16.928541766770305,-1:1,none,0,93,2,hex,61,0,1,vbr,1,baseline,0.9859873526355616,22,13,240,5,81,11,16,2,0,2,Standard_720p_60fps_5s
1477,1,none,0,0.73765459479569,1,14,1,-10,29.32159763936856,-4:4,none,0,93,2,hex,32,0,1,vbr,1,baseline,0.9859873526355616,22,3,149,2,81,11,16,2,0,2,Standard_720p_60fps_5s
1762,0,p4x4,2,0.73765459479569,0,14,1,-10,16.928541766770305,-1:1,none,0,93,2,esa,61,0,0,vbr,1,baseline,0.7214316074693485,31,3,5,2,81,11,16,2,0,2,Standard_720p_60fps_5s
1762,1,"p8x8,b8x8,i8x8,i4x4",0,0.73765459479569,1,14,1,-10,29.32159763936856,-1:1,none,0,93,2,hex,10,0,1,vbr,1,baseline,0.7214316074693485,31,3,5,2,81,11,16,2,0,2,Standard_720p_60fps_5s
1102,1,none,0,0.73765459479569,0,14,1,-10,29.32159763936856,-1:1,none,0,93,2,hex,61,0,1,vbr,1,baseline,0.9859873526355616,22,13,240,5,81,11,16,2,0,2,Standard_720p_60fps_5s
1718,1,none,0,0.73765459479569,0,14,1,-10,1.9665843027937853,-1:1,none,0,93,2,hex,61,0,1,vbr,1,baseline,0.9859873526355616,22,13,240,5,81,11,16,2,0,2,Standard_720p_60fps_5s
1762,1,"p8x8,b8x8,i8x8,i4x4",0,0.73765459479569,1,14,1,-10,29.32159763936856,-1:1,none,0,93,2,hex,61,0,1,vbr,1,baseline,0.7214316074693485,31,3,149,2,81,11,16,2,0,2,Standard_720p_60fps_5s
527,1,none,2,0.73765459479569,0,7,0,-10,11.302398815321745,-4:4,none,0,93,2,hex,61,0,1,vbr,1,baseline,0.9859873526355616,22,13,219,5,81,11,16,2,0,2,Standard_720p_60fps_5s
1718,1,none,0,0.73765459479569,0,14,1,-10,1.9665843027937853,-2:2,spatial,0,93,2,hex,10,0,0,vbr,1,baseline,0.9859873526355616,22,20,75,6,49,11,16,0,0,2,Standard_720p_60fps_5s
1102,1,none,0,0.73765459479569,0,14,1,-10,29.32159763936856,-4:4,none,1,93,2,tesa,10,0,1,vbr,1,baseline,0.7214316074693485,25,3,141,7,40,5,63,0,0,2,Standard_720p_60fps_5s
1477,1,none,0,0.73765459479569,0,14,1,-10,29.32159763936856,-4:4,none,1,93,2,hex,10,0,1,vbr,1,baseline,0.9859873526355616,22,20,5,2,81,11,16,2,0,2,Standard_720p_60fps_5s
527,1,none,0,0.73765459479569,0,7,1,-10,11.302398815321745,-4:4,none,0,93,2,hex,10,0,1,vbr,1,baseline,0.9859873526355616,22,20,75,6,49,11,16,0,0,2,Standard_720p_60fps_5s
1477,1,none,0,0.73765459479569,0,5,1,-10,29.32159763936856,-4:4,none,1,93,2,hex,10,0,1,vbr,1,baseline,0.9859873526355616,22,20,5,2,81,11,16,2,0,2,Standard_720p_60fps_5s
1102,1,none,0,0.73765459479569,0,14,1,-10,29.32159763936856,-4:4,none,1,93,2,hex,10,0,1,vbr,1,baseline,0.7214316074693485,31,3,240,14,81,11,16,2,0,2,Standard_720p_60fps_5s
1477,1,none,0,0.73765459479569,0,5,1,-10,29.32159763936856,-4:4,none,1,93,2,hex,32,0,1,vbr,1,baseline,0.9859873526355616,22,20,5,2,49,11,16,2,0,2,Standard_720p_60fps_5s
1718,1,none,0,0.73765459479569,0,6,1,-10,29.32159763936856,-4:4,none,1,93,2,hex,10,0,1,none,1,baseline,0.0729790770451781,22,20,240,2,56,11,19,0,0,2,Standard_720p_60fps_5s
527,1,none,0,0.73765459479569,0,7,1,-10,33.055556217795306,-4:4,none,1,93,2,hex,32,0,1,vbr,1,baseline,0.9859873526355616,22,20,5,2,49,11,16,2,0,2,Standard_720p_60fps_5s
1477,1,none,0,0.73765459479569,0,5,1,-10,11.302398815321745,-4:4,none,0,93,2,hex,10,0,1,vbr,1,baseline,0.9859873526355616,22,20,106,6,49,11,16,0,0,2,Standard_720p_60fps_5s
1477,1,none,0,0.73765459479569,0,5,0,-10,29.32159763936856,-2:2,none,1,93,3,hex,32,0,1,none,1,baseline,0.0729790770451781,22,20,240,2,81,11,16,0,0,2,Standard_720p_60fps_5s
1477,1,none,0,0.73765459479569,0,14,1,-10,29.32159763936856,-4:4,none,1,93,2,hex,10,0,1,vbr,1,baseline,0.9859873526355616,22,20,5,2,81,11,16,2,0,2,Action_1080p_60fps_20s
1102,1,none,0,0.73765459479569,0,14,1,-10,29.32159763936856,-4:4,none,1,93,2,tesa,10,0,1,vbr,1,baseline,0.7214316074693485,25,3,141,7,40,5,63,0,0,2,Action_1080p_60fps_20s
527,1,none,0,0.73765459479569,0,7,1,-10,11.302398815321745,-4:4,none,0,93,2,hex,10,0,1,vbr,1,baseline,0.9859873526355616,22,20,75,6,49,11,16,0,0,2,Action_1080p_60fps_20s
1102,1,none,0,0.73765459479569,0,14,1,-10,29.32159763936856,-4:4,none,1,93,2,hex,10,0,1,vbr,1,baseline,0.7214316074693485,31,3,240,14,81,11,16,2,0,2,Action_1080p_60fps_20s
1477,1,none,0,0.73765459479569,0,5,1,-10,29.32159763936856,-4:4,none,1,93,2,hex,10,0,1,vbr,1,baseline,0.9859873526355616,22,20,5,2,81,11,16,2,0,2,Action_1080p_60fps_20s
527,1,none,0,0.73765459479569,0,7,1,-10,33.055556217795306,-4:4,none,1,93,2,hex,32,0,1,vbr,1,baseline,0.9859873526355616,22,20,5,2,49,11,16,2,0,2,Action_1080p_60fps_20s
1477,1,none,0,0.73765459479569,0,5,1,-10,11.302398815321745,-4:4,none,0,93,2,hex,10,0,1,vbr,1,baseline,0.9859873526355616,22,20,106,6,49,11,16,0,0,2,Action_1080p_60fps_20s
1718,1,none,0,0.73765459479569,0,6,1,-10,29.32159763936856,-4:4,none,1,93,2,hex,10,0,1,none,1,baseline,0.0729790770451781,22,20,240,2,56,11,19,0,0,2,Action_1080p_60fps_20s
369,1,none,0,0.73765459479569,2,6,1,-10,29.32159763936856,-4:4,none,1,132,2,hex,10,0,0,none,1,baseline,0.0729790770451781,22,20,240,2,56,11,19,0,0,2,Action_1080p_60fps_20s
1477,1,none,0,0.73765459479569,0,5,1,-10,11.302398815321745,-4:4,none,0,93,2,hex,10,0,1,none,1,baseline,0.9859873526355616,22,20,106,5,49,11,16,0,0,2,Action_1080p_60fps_20s
1634,1,none,2,0.73765459479569,0,6,1,-10,29.32159763936856,-4:4,none,1,42,2,hex,32,0,1,vbr,1,baseline,0.9859873526355616,22,3,149,2,84,6,16,0,0,2,Action_1080p_60fps_20s
1762,1,"p8x8,b8x8,i8x8,i4x4",0,0.73765459479569,0,14,1,-10,29.32159763936856,-1:1,none,0,93,2,hex,10,0,1,vbr,1,baseline,0.7214316074693485,31,3,5,2,81,11,16,2,0,2,Action_1080p_60fps_20s
1762,1,"p8x8,b8x8,i8x8,i4x4",0,0.73765459479569,1,14,1,-10,29.32159763936856,-1:1,none,0,93,2,hex,10,0,1,vbr,1,baseline,0.7214316074693485,31,3,5,2,81,11,16,2,0,2,Action_1080p_60fps_20s
1477,1,none,0,0.73765459479569,1,14,1,-10,29.32159763936856,-4:4,none,0,93,2,hex,32,0,1,vbr,1,baseline,0.9859873526355616,22,3,149,2,81,11,16,2,0,2,Action_1080p_60fps_20s
1762,0,p4x4,2,0.73765459479569,0,14,1,-10,16.928541766770305,-1:1,none,0,93,2,hex,61,0,1,vbr,1,baseline,0.9859873526355616,22,13,240,5,81,11,16,2,0,2,Action_1080p_60fps_20s
1762,0,p4x4,2,0.73765459479569,0,14,1,-10,16.928541766770305,-1:1,none,0,93,2,esa,61,0,0,vbr,1,baseline,0.7214316074693485,31,3,5,2,81,11,16,2,0,2,Action_1080p_60fps_20s
1762,1,"p8x8,b8x8,i8x8,i4x4",0,0.73765459479569,1,14,1,-10,29.32159763936856,-1:1,none,0,93,2,hex,61,0,1,vbr,1,baseline,0.7214316074693485,31,3,149,2,81,11,16,2,0,2,Action_1080p_60fps_20s
1718,1,none,0,0.73765459479569,0,14,1,-10,1.9665843027937853,-1:1,none,0,93,2,hex,61,0,1,vbr,1,baseline,0.9859873526355616,22,13,240,5,81,11,16,2,0,2,Action_1080p_60fps_20s
1102,1,none,0,0.73765459479569,0,14,1,-10,29.32159763936856,-1:1,none,0,93,2,hex,61,0,1,vbr,1,baseline,0.9859873526355616,22,13,240,5,81,11,16,2,0,2,Action_1080p_60fps_20s
527,1,none,2,0.73765459479569,0,7,0,-10,11.302398815321745,-4:4,none,0,93,2,hex,61,0,1,vbr,1,baseline,0.9859873526355616,22,13,219,5,81,11,16,2,0,2,Action_1080p_60fps_20s
491,1,p8x8,3,0.4183508943137509,1,10,1,-10,29.32159763936856,-4:4,spatial,1,458,2,hex,10,0,0,none,1,baseline,0.8301041320643252,22,20,240,2,81,11,16,2,0,0,Standard_480p_30fps_10s
1102,1,p4x4,0,0.73765459479569,0,14,1,-10,29.32159763936856,-4:4,spatial,1,458,3,hex,10,0,0,none,1,baseline,0.8301041320643252,22,11,240,3,81,11,16,2,0,0,Standard_480p_30fps_10s
1102,1,none,0,0.73765459479569,0,14,1,-10,29.32159763936856,-4:4,none,0,93,2,hex,10,0,1,vbr,1,baseline,0.7214316074693485,31,3,240,14,81,11,16,2,0,0,Standard_480p_30fps_10s
491,1,p8x8,3,0.4183508943137509,1,10,1,-9,29.32159763936856,-4:4,spatial,0,458,2,hex,10,1,0,cbr,1,baseline,0.8301041320643252,34,11,240,3,81,11,16,2,0,0,Standard_480p_30fps_10s
2288,1,p4x4,0,0.73765459479569,0,14,1,-10,35.69497129156916,-4:4,spatial,1,458,3,hex,28,0,0,none,1,baseline,0.8301041320643252,22,20,240,2,81,11,16,2,0,0,Standard_480p_30fps_10s
1102,1,none,0,0.8475889151093841,0,14,1,-10,35.69497129156916,4:4,spatial,1,326,3,hex,28,0,0,none,1,baseline,0.8301041320643252,22,20,240,2,81,11,16,2,0,0,Standard_480p_30fps_10s
491,0,p8x8,3,0.4183508943137509,1,10,1,-9,29.32159763936856,-4:4,spatial,0,458,2,hex,10,1,0,cbr,1,baseline,0.8301041320643252,34,11,240,3,81,5,16,2,0,0,Standard_480p_30fps_10s
491,1,p8x8,3,0.4183508943137509,2,10,1,-10,29.32159763936856,-4:4,spatial,1,458,4,hex,10,0,1,vbr,1,baseline,0.7214316074693485,31,3,240,14,81,11,16,2,0,0,Standard_480p_30fps_10s
1102,1,p4x4,1,0.73765459479569,0,14,1,-10,35.69497129156916,4:4,spatial,1,326,3,hex,28,0,0,none,1,baseline,0.8301041320643252,22,20,240,2,81,11,16,2,0,0,Standard_480p_30fps_10s
2288,1,p4x4,3,0.4183508943137509,2,10,1,-10,29.32159763936856,-4:4,spatial,1,458,4,hex,10,0,1,vbr,0,baseline,0.7214316074693485,31,3,240,14,81,11,16,2,0,0,Standard_480p_30fps_10s
1102,1,none,0,0.73765459479569,0,14,1,-10,29.32159763936856,-4:4,none,1,93,2,hex,10,0,1,vbr,1,baseline,0.7214316074693485,31,3,240,14,81,11,16,2,0,2,Standard_480p_30fps_10s
1102,1,none,0,0.73765459479569,0,14,1,-10,29.32159763936856,-4:4,none,1,93,2,tesa,10,0,1,vbr,1,baseline,0.7214316074693485,25,3,141,7,40,5,63,0,0,2,Standard_480p_30fps_10s
527,1,none,0,0.73765459479569,0,7,1,-10,11.302398815321745,-4:4,none,0,93,2,hex,10,0,1,vbr,1,baseline,0.9859873526355616,22,20,75,6,49,11,16,0,0,2,Standard_480p_30fps_10s
1477,1,none,0,0.73765459479569,0,5,1,-10,29.32159763936856,-4:4,none,1,93,2,hex,10,0,1,vbr,1,baseline,0.9859873526355616,22,20,5,2,81,11,16,2,0,2,Standard_480p_30fps_10s
1477,1,none,0,0.73765459479569,0,14,1,-10,29.32159763936856,-4:4,none,1,93,2,hex,10,0,1,vbr,1,baseline,0.9859873526355616,22,20,5,2,81,11,16,2,0,2,Standard_480p_30fps_10s
1477,1,none,0,0.73765459479569,0,5,1,-10,29.32159763936856,-4:4,none,1,93,2,hex,32,0,1,vbr,1,baseline,0.9859873526355616,22,20,5,2,49,11,16,2,0,2,Standard_480p_30fps_10s
1102,0,none,0,0.73765459479569,0,14,1,-12,44.41332062905747,-4:4,none,1,93,2,hex,58,0,1,vbr,1,baseline,0.9859873526355616,22,13,240,5,81,11,16,2,0,2,Standard_480p_30fps_10s
1102,1,none,0,0.73765459479569,0,14,1,-10,29.32159763936856,-4:4,none,1,93,4,hex,32,0,1,vbr,0,baseline,0.9859873526355616,22,20,5,15,49,11,16,2,0,2,Standard_480p_30fps_10s
1762,1,"p8x8,b8x8,i8x8,i4x4",0,0.73765459479569,0,14,1,-10,29.32159763936856,-1:1,none,0,93,2,hex,10,0,1,vbr,1,baseline,0.7214316074693485,31,3,5,2,81,11,16,2,0,2,Standard_480p_30fps_10s
1762,0,p4x4,2,0.73765459479569,0,14,1,-10,16.928541766770305,-1:1,none,0,93,2,hex,61,0,1,vbr,1,baseline,0.9859873526355616,22,13,240,5,81,11,16,2,0,2,Standard_480p_30fps_10s
1102,1,none,0,0.73765459479569,0,15,1,-10,29.32159763936856,-4:4,temporal,1,93,3,hex,10,1,1,vbr,1,baseline,0.9859873526355616,31,3,240,6,81,11,7,2,0,2,Action_480p_25fps_5s
1102,1,none,0,0.73765459479569,0,14,1,-10,29.32159763936856,-4:4,none,1,93,2,tesa,10,0,1,vbr,1,baseline,0.7214316074693485,25,3,141,7,40,5,63,0,0,2,Action_480p_25fps_5s
1477,1,none,0,0.73765459479569,0,14,1,-10,29.32159763936856,-4:4,none,1,93,2,hex,10,0,1,vbr,1,baseline,0.9859873526355616,22,20,5,2,81,11,16,2,0,2,Action_480p_25fps_5s
527,1,none,0,0.73765459479569,0,7,1,-10,11.302398815321745,-4:4,none,0,93,2,hex,10,0,1,vbr,1,baseline,0.9859873526355616,22,20,75,6,49,11,16,0,0,2,Action_480p_25fps_5s
1477,1,none,0,0.73765459479569,0,5,1,-10,29.32159763936856,-4:4,none,1,93,2,hex,10,0,1,vbr,1,baseline,0.9859873526355616,22,20,5,2,81,11,16,2,0,2,Action_480p_25fps_5s
1102,1,none,0,0.73765459479569,0,14,1,-10,29.32159763936856,-4:4,none,1,93,2,hex,10,0,1,vbr,1,baseline,0.7214316074693485,31,3,240,14,81,11,16,2,0,2,Action_480p_25fps_5s
1477,1,none,0,0.73765459479569,0,14,1,-10,29.32159763936856,-4:4,none,1,93,2,hex,10,0,1,vbr,1,baseline,0.9859873526355616,31,3,240,6,81,11,7,2,0,2,Action_480p_25fps_5s
491,1,p8x8,3,0.4183508943137509,2,10,1,-10,29.32159763936856,-4:4,spatial,1,458,4,hex,45,0,1,vbr,1,baseline,0.7214316074693485,31,3,240,6,81,11,7,2,0,2,Action_480p_25fps_5s
1477,1,none,0,0.73765459479569,0,5,1,-10,29.32159763936856,-4:4,none,1,93,2,hex,10,0,1,vbr,1,baseline,0.9859873526355616,31,5,240,6,81,11,7,2,0,2,Action_480p_25fps_5s
1882,1,p8x8,3,0.2799671354926032,2,8,1,-10,29.32159763936856,-4:4,spatial,1,458,4,hex,45,0,1,vbr,1,baseline,0.7214316074693485,31,3,240,6,81,4,7,2,0,2,Action_480p_25fps_5s
491,1,p8x8,3,0.4183508943137509,1,10,1,-10,29.32159763936856,-4:4,spatial,1,458,2,hex,10,0,0,none,1,baseline,0.8301041320643252,22,20,240,2,81,11,16,2,0,0,Action_480p_25fps_5s
1102,1,p4x4,0,0.73765459479569,0,14,1,-10,29.32159763936856,-4:4,spatial,1,458,3,hex,10,0,0,none,1,baseline,0.8301041320643252,22,11,240,3,81,11,16,2,0,0,Action_480p_25fps_5s
2288,1,p4x4,3,0.4183508943137509,2,10,1,-10,29.32159763936856,-4:4,spatial,1,458,4,hex,10,0,1,vbr,0,baseline,0.7214316074693485,31,3,240,14,81,11,16,2,0,0,Action_480p_25fps_5s
1102,1,p4x4,1,0.73765459479569,0,14,1,-10,35.69497129156916,4:4,spatial,1,326,3,hex,28,0,0,none,1,baseline,0.8301041320643252,22,20,240,2,81,11,16,2,0,0,Action_480p_25fps_5s
1102,1,none,0,0.8475889151093841,0,14,1,-10,35.69497129156916,4:4,spatial,1,326,3,hex,28,0,0,none,1,baseline,0.8301041320643252,22,20,240,2,81,11,16,2,0,0,Action_480p_25fps_5s
1102,1,none,0,0.73765459479569,0,14,1,-10,29.32159763936856,-4:4,none,0,93,2,hex,10,0,1,vbr,1,baseline,0.7214316074693485,31,3,240,14,81,11,16,2,0,0,Action_480p_25fps_5s
491,1,p8x8,3,0.4183508943137509,1,10,1,-9,29.32159763936856,-4:4,spatial,0,458,2,hex,10,1,0,cbr,1,baseline,0.8301041320643252,34,11,240,3,81,11,16,2,0,0,Action_480p_25fps_5s
2288,1,p4x4,0,0.73765459479569,0,14,1,-10,35.69497129156916,-4:4,spatial,1,458,3,hex,28,0,0,none,1,baseline,0.8301041320643252,22,20,240,2,81,11,16,2,0,0,Action_480p_25fps_5s
491,1,p8x8,3,0.4183508943137509,2,10,1,-10,29.32159763936856,-4:4,spatial,1,458,4,hex,10,0,1,vbr,1,baseline,0.7214316074693485,31,3,240,14,81,11,16,2,0,0,Action_480p_25fps_5s
491,0,p8x8,3,0.4183508943137509,1,10,1,-9,29.32159763936856,-4:4,spatial,0,458,2,hex,10,1,0,cbr,1,baseline,0.8301041320643252,34,11,240,3,81,5,16,2,0,0,Action_480p_25fps_5s
1477,1,none,0,0.73765459479569,0,14,1,-10,29.32159763936856,-4:4,none,1,93,2,hex,10,0,1,vbr,1,baseline,0.9859873526355616,22,20,5,2,81,11,16,2,0,2,Action_480p_30fps_10s
1102,1,none,0,0.73765459479569,0,14,1,-10,29.32159763936856,-4:4,none,1,93,2,tesa,10,0,1,vbr,1,baseline,0.7214316074693485,25,3,141,7,40,5,63,0,0,2,Action_480p_30fps_10s
1102,1,none,0,0.73765459479569,0,14,1,-10,29.32159763936856,-4:4,none,1,93,2,hex,10,0,1,vbr,1,baseline,0.7214316074693485,31,3,240,14,81,11,16,2,0,2,Action_480p_30fps_10s
527,1,none,0,0.73765459479569,0,7,1,-10,11.302398815321745,-4:4,none,0,93,2,hex,10,0,1,vbr,1,baseline,0.9859873526355616,22,20,75,6,49,11,16,0,0,2,Action_480p_30fps_10s
1477,1,none,0,0.73765459479569,0,5,1,-10,29.32159763936856,-4:4,none,1,93,2,hex,10,0,1,vbr,1,baseline,0.9859873526355616,22,20,5,2,81,11,16,2,0,2,Action_480p_30fps_10s
1477,1,none,0,0.73765459479569,0,14,1,-10,29.32159763936856,-4:4,none,1,93,2,hex,60,0,1,none,1,baseline,0.9859873526355616,22,20,5,2,50,9,16,2,0,2,Action_480p_30fps_10s
491,0,p8x8,3,0.73765459479569,0,14,1,-10,29.32159763936856,-4:4,none,1,93,2,hex,60,0,1,cbr,1,baseline,0.9789055283372072,22,20,5,2,50,9,16,1,0,2,Action_480p_30fps_10s
1102,1,none,0,0.73765459479569,0,14,1,-10,29.32159763936856,-4:4,none,1,93,2,tesa,10,0,1,vbr,1,baseline,0.7214316074693485,25,3,141,6,49,11,16,0,0,2,Action_480p_30fps_10s
1477,1,none,0,0.73765459479569,0,5,1,-10,29.32159763936856,-4:4,none,0,93,2,hex,10,0,1,vbr,1,baseline,0.9859873526355616,22,20,5,2,0,9,16,2,0,2,Action_480p_30fps_10s
1477,1,none,0,0.73765459479569,0,14,1,-10,29.32159763936856,-4:4,none,1,93,4,hex,60,0,1,none,1,baseline,0.9859873526355616,22,6,5,2,20,11,16,2,0,2,Action_480p_30fps_10s
1477,1,none,0,0.73765459479569,0,5,1,-10,29.32159763936856,-4:4,none,1,93,2,hex,60,0,1,vbr,1,baseline,0.9789055283372072,22,20,5,2,93,9,16,1,0,2,Action_480p_30fps_10s
1102,1,none,0,0.8475889151093841,0,14,0,-10,35.69497129156916,4:4,spatial,1,326,3,hex,28,0,0,vbr,1,baseline,0.9859873526355616,22,20,75,6,28,1,16,0,0,2,Action_480p_30fps_10s
491,1,p8x8,3,0.4183508943137509,1,10,1,-10,29.32159763936856,-4:4,spatial,1,458,2,hex,10,0,0,none,1,baseline,0.8301041320643252,22,20,240,2,81,11,16,2,0,0,Action_480p_30fps_10s
1102,1,p4x4,0,0.73765459479569,0,14,1,-10,29.32159763936856,-4:4,spatial,1,458,3,hex,10,0,0,none,1,baseline,0.8301041320643252,22,11,240,3,81,11,16,2,0,0,Action_480p_30fps_10s
1102,1,none,0,0.73765459479569,0,14,1,-10,29.32159763936856,-4:4,none,0,93,2,hex,10,0,1,vbr,1,baseline,0.7214316074693485,31,3,240,14,81,11,16,2,0,0,Action_480p_30fps_10s
2288,1,p4x4,3,0.4183508943137509,2,10,1,-10,29.32159763936856,-4:4,spatial,1,458,4,hex,10,0,1,vbr,0,baseline,0.7214316074693485,31,3,240,14,81,11,16,2,0,0,Action_480p_30fps_10s
491,1,p8x8,3,0.4183508943137509,2,10,1,-10,29.32159763936856,-4:4,spatial,1,458,4,hex,10,0,1,vbr,1,baseline,0.7214316074693485,31,3,240,14,81,11,16,2,0,0,Action_480p_30fps_10s
1102,1,p4x4,1,0.73765459479569,0,14,1,-10,35.69497129156916,4:4,spatial,1,326,3,hex,28,0,0,none,1,baseline,0.8301041320643252,22,20,240,2,81,11,16,2,0,0,Action_480p_30fps_10s
2288,1,p4x4,0,0.73765459479569,0,14,1,-10,35.69497129156916,-4:4,spatial,1,458,3,hex,28,0,0,none,1,baseline,0.8301041320643252,22,20,240,2,81,11,16,2,0,0,Action_480p_30fps_10s
491,1,p8x8,3,0.4183508943137509,1,10,1,-9,29.32159763936856,-4:4,spatial,0,458,2,hex,10,1,0,cbr,1,baseline,0.8301041320643252,34,11,240,3,81,11,16,2,0,0,Action_480p_30fps_10s
1477,1,none,0,0.73765459479569,0,14,1,-10,29.32159763936856,-4:4,none,1,93,2,hex,10,0,1,vbr,1,baseline,0.9859873526355616,22,20,5,2,81,11,16,2,0,2,Big_720p_60fps_15s
1102,1,none,0,0.73765459479569,0,14,1,-10,29.32159763936856,-4:4,none,1,93,2,tesa,10,0,1,vbr,1,baseline,0.7214316074693485,25,3,141,7,40,5,63,0,0,2,Big_720p_60fps_15s
1477,1,none,0,0.73765459479569,0,5,1,-10,29.32159763936856,-4:4,none,1,93,2,hex,10,0,1,vbr,1,baseline,0.9859873526355616,22,20,5,2,81,11,16,2,0,2,Big_720p_60fps_15s
1102,1,none,0,0.73765459479569,0,14,1,-10,29.32159763936856,-4:4,none,1,93,2,hex,10,0,1,vbr,1,baseline,0.7214316074693485,31,3,240,14,81,11,16,2,0,2,Big_720p_60fps_15s
527,1,none,0,0.73765459479569,0,7,1,-10,11.302398815321745,-4:4,none,0,93,2,hex,10,0,1,vbr,1,baseline,0.9859873526355616,22,20,75,6,49,11,16,0,0,2,Big_720p_60fps_15s
1477,1,none,0,0.73765459479569,0,14,1,-10,29.32159763936856,-4:4,none,1,93,4,hex,60,0,1,none,1,baseline,0.9859873526355616,22,6,5,2,20,11,16,2,0,2,Big_720p_60fps_15s
1102,1,none,0,0.73765459479569,0,14,1,-10,29.32159763936856,-4:4,none,1,93,2,tesa,10,0,1,vbr,1,baseline,0.7214316074693485,25,3,141,6,49,11,16,0,0,2,Big_720p_60fps_15s
1477,1,none,0,0.73765459479569,0,5,1,-10,29.32159763936856,-4:4,none,0,93,2,hex,10,0,1,vbr,1,baseline,0.9859873526355616,22,20,5,2,0,9,16,2,0,2,Big_720p_60fps_15s
491,0,p8x8,3,0.73765459479569,0,14,1,-10,29.32159763936856,-4:4,none,1,93,2,hex,60,0,1,cbr,1,baseline,0.9789055283372072,22,20,5,2,50,9,16,1,0,2,Big_720p_60fps_15s
1477,1,none,0,0.73765459479569,0,14,1,-10,29.32159763936856,-4:4,none,1,93,2,hex,60,0,1,none,1,baseline,0.9859873526355616,22,20,5,2,50,9,16,2,0,2,Big_720p_60fps_15s
1477,1,none,0,0.73765459479569,0,5,1,-10,29.32159763936856,-4:4,none,1,93,2,hex,10,0,1,vbr,1,baseline,0.9859873526355616,31,5,240,6,81,11,7,2,0,2,Big_720p_60fps_15s
1102,1,none,2,0.73765459479569,0,14,1,-10,29.32159763936856,-4:4,none,1,93,2,hex,60,0,0,cbr,1,baseline,0.219653882564604,22,20,5,2,50,9,16,0,0,2,Big_720p_60fps_15s
1102,1,none,0,0.73765459479569,1,14,1,-10,29.32159763936856,-4:4,none,1,93,2,hex,60,0,1,cbr,1,baseline,0.6219543176483614,22,20,5,2,50,9,16,1,0,2,Big_720p_60fps_15s
1477,1,none,0,0.73765459479569,0,14,1,-10,29.32159763936856,-4:4,none,1,93,4,hex,60,0,1,none,1,baseline,0.9859873526355616,22,6,5,2,20,11,35,2,0,2,Big_720p_60fps_15s
1477,1,none,0,0.73765459479569,0,5,1,-10,29.32159763936856,-4:4,none,1,93,2,hex,10,0,1,vbr,1,baseline,0.9859873526355616,22,20,5,4,81,11,16,2,0,2,Big_720p_60fps_15s
491,0,p8x8,3,0.73765459479569,0,14,1,-10,29.32159763936856,-4:4,spatial,1,93,4,hex,60,0,1,none,1,baseline,0.9859873526355616,22,15,112,2,20,11,16,2,0,2,Big_720p_60fps_15s
878,1,none,2,0.73765459479569,0,14,1,-10,29.32159763936856,3:3,none,1,93,2,hex,60,0,1,cbr,1,baseline,0.219653882564604,22,3,141,7,40,5,63,0,0,2,Big_720p_60fps_15s
1477,1,none,0,0.73765459479569,0,14,1,-10,29.32159763936856,-4:4,none,1,93,2,hex,10,0,1,vbr,1,baseline,0.8864230049160748,22,20,5,2,81,11,16,2,0,2,Big_720p_60fps_15s
1477,1,none,0,0.73765459479569,0,14,1,-5,29.32159763936856,-4:4,none,1,385,2,hex,60,0,1,none,1,baseline,0.9859873526355616,22,20,5,2,0,9,16,2,0,0,Big_720p_60fps_15s
1477,1,none,0,0.73765459479569,0,8,1,-10,29.32159763936856,-4:4,none,1,93,2,hex,21,0,1,vbr,0,baseline,0.9859873526355616,31,5,240,6,35,11,7,2,0,2,Big_720p_60fps_15s
1102,1,none,0,0.73765459479569,0,14,1,-10,29.32159763936856,-4:4,none,1,93,2,tesa,10,0,1,vbr,1,baseline,0.7214316074693485,25,3,141,7,40,5,63,0,0,2,Big_1080p_25fps_10s
1477,1,none,0,0.73765459479569,0,14,1,-10,29.32159763936856,-4:4,none,1,93,2,hex,10,0,1,vbr,1,baseline,0.9859873526355616,22,20,5,2,81,11,16,2,0,2,Big_1080p_25fps_10s
527,1,none,0,0.73765459479569,0,7,1,-10,11.302398815321745,-4:4,none,0,93,2,hex,10,0,1,vbr,1,baseline,0.9859873526355616,22,20,75,6,49,11,16,0,0,2,Big_1080p_25fps_10s
1477,1,none,0,0.73765459479569,0,5,1,-10,29.32159763936856,-4:4,none,1,93,2,hex,10,0,1,vbr,1,baseline,0.9859873526355616,22,20,5,2,81,11,16,2,0,2,Big_1080p_25fps_10s
1102,1,none,0,0.73765459479569,0,14,1,-10,29.32159763936856,-4:4,none,1,93,2,hex,10,0,1,vbr,1,baseline,0.7214316074693485,31,3,240,14,81,11,16,2,0,2,Big_1080p_25fps_10s
1477,1,none,0,0.73765459479569,0,14,1,-10,29.32159763936856,-4:4,none,1,93,4,hex,60,0,1,none,1,baseline,0.9859873526355616,22,6,5,2,20,11,16,2,0,2,Big_1080p_25fps_10s
1477,1,none,0,0.73765459479569,0,5,1,-10,29.32159763936856,-4:4,none,0,93,2,hex,10,0,1,vbr,1,baseline,0.9859873526355616,22,20,5,2,0,9,16,2,0,2,Big_1080p_25fps_10s
1102,1,none,0,0.73765459479569,0,14,1,-10,29.32159763936856,-4:4,none,1,93,2,tesa,10,0,1,vbr,1,baseline,0.7214316074693485,25,3,141,6,49,11,16,0,0,2,Big_1080p_25fps_10s
491,0,p8x8,3,0.73765459479569,0,14,1,-10,29.32159763936856,-4:4,none,1,93,2,hex,60,0,1,cbr,1,baseline,0.9789055283372072,22,20,5,2,50,9,16,1,0,2,Big_1080p_25fps_10s
1477,1,none,0,0.73765459479569,0,14,1,-10,29.32159763936856,-4:4,none,1,93,2,hex,60,0,1,none,1,baseline,0.9859873526355616,22,20,5,2,50,9,16,2,0,2,Big_1080p_25fps_10s
1477,1,none,0,0.73765459479569,0,5,1,-10,29.32159763936856,-4:4,none,1,93,2,hex,10,0,1,vbr,1,baseline,0.9859873526355616,31,5,240,6,81,11,7,2,0,2,Big_1080p_25fps_10s
1477,1,none,0,0.73765459479569,0,14,1,-10,29.32159763936856,-4:4,none,1,93,2,hex,10,0,1,vbr,1,baseline,0.9859873526355616,31,3,240,6,81,11,7,2,0,2,Big_1080p_25fps_10s
2187,1,none,0,0.73765459479569,0,14,1,0,29.32159763936856,-4:4,none,1,93,2,hex,10,0,1,vbr,1,baseline,0.9859873526355616,22,20,5,2,0,9,16,0,0,2,Big_1080p_25fps_10s
1477,1,none,0,0.1145789799958795,0,5,1,-10,29.32159763936856,-4:4,none,0,93,1,hex,60,0,1,cbr,1,baseline,0.9859873526355616,22,20,5,2,50,9,16,2,0,2,Big_1080p_25fps_10s
1477,1,none,0,0.73765459479569,0,14,1,-10,29.32159763936856,2:2,none,1,93,2,tesa,13,0,1,vbr,1,baseline,0.7214316074693485,25,3,141,6,49,7,16,0,0,2,Big_1080p_25fps_10s
1102,1,none,0,0.73765459479569,0,14,1,-10,29.32159763936856,5:5,none,1,93,4,tesa,60,0,1,none,1,baseline,0.9859873526355616,22,6,5,2,20,11,16,2,0,2,Big_1080p_25fps_10s
491,0,p8x8,1,0.73765459479569,0,14,1,-10,29.32159763936856,-4:4,none,1,93,2,hex,60,0,1,cbr,1,baseline,0.9789055283372072,22,20,194,2,50,9,16,1,0,2,Big_1080p_25fps_10s
278,1,none,0,0.73765459479569,0,14,1,-10,29.32159763936856,-4:4,none,1,93,4,hex,10,0,1,vbr,1,baseline,0.9859873526355616,31,3,240,6,81,11,7,2,0,2,Big_1080p_25fps_10s
1477,1,none,0,0.73765459479569,0,14,1,-10,29.32159763936856,-4:4,none,1,93,4,hex,60,0,1,none,1,baseline,0.9859873526355616,22,6,5,6,81,11,7,2,0,2,Big_1080p_25fps_10s
1477,1,none,0,1.0618025008349397,0,14,0,0,29.32159763936856,-4:4,none,1,93,2,hex,60,0,1,none,1,baseline,0.1740453481009753,22,20,5,2,78,9,16,0,0,2,Big_1080p_25fps_10s
1102,1,none,0,0.73765459479569,0,14,1,-10,29.32159763936856,-4:4,none,1,93,2,tesa,10,0,1,vbr,1,baseline,0.7214316074693485,25,3,141,7,40,5,63,0,0,2,Action_1080p_25fps_10s
1477,1,none,0,0.73765459479569,0,14,1,-10,29.32159763936856,-4:4,none,1,93,2,hex,10,0,1,vbr,1,baseline,0.9859873526355616,22,20,5,2,81,11,16,2,0,2,Action_1080p_25fps_10s
527,1,none,0,0.73765459479569,0,7,1,-10,11.302398815321745,-4:4,none,0,93,2,hex,10,0,1,vbr,1,baseline,0.9859873526355616,22,20,75,6,49,11,16,0,0,2,Action_1080p_25fps_10s
1477,1,none,0,0.73765459479569,0,5,1,-10,29.32159763936856,-4:4,none,1,93,2,hex,10,0,1,vbr,1,baseline,0.9859873526355616,22,20,5,2,81,11,16,2,0,2,Action_1080p_25fps_10s
1102,1,none,0,0.73765459479569,0,14,1,-10,29.32159763936856,-4:4,none,1,93,2,hex,10,0,1,vbr,1,baseline,0.7214316074693485,31,3,240,14,81,11,16,2,0,2,Action_1080p_25fps_10s
1477,1,none,0,0.73765459479569,0,14,1,-10,29.32159763936856,-4:4,none,1,93,2,hex,60,0,1,none,1,baseline,0.9859873526355616,22,20,5,2,50,9,16,2,0,2,Action_1080p_25fps_10s
1102,1,none,0,0.73765459479569,0,14,1,-10,29.32159763936856,-4:4,none,1,93,2,tesa,10,0,1,vbr,1,baseline,0.7214316074693485,25,3,141,6,49,11,16,0,0,2,Action_1080p_25fps_10s
1477,1,none,0,0.73765459479569,0,5,1,-10,29.32159763936856,-4:4,none,0,93,2,hex,10,0,1,vbr,1,baseline,0.9859873526355616,22,20,5,2,0,9,16,2,0,2,Action_1080p_25fps_10s
1477,1,none,0,0.73765459479569,0,14,1,-10,29.32159763936856,-4:4,none,1,93,4,hex,60,0,1,none,1,baseline,0.9859873526355616,22,6,5,2,20,11,16,2,0,2,Action_1080p_25fps_10s
491,0,p8x8,3,0.73765459479569,0,14,1,-10,29.32159763936856,-4:4,none,1,93,2,hex,60,0,1,cbr,1,baseline,0.9789055283372072,22,20,5,2,50,9,16,1,0,2,Action_1080p_25fps_10s
1477,1,none,0,0.73765459479569,0,5,1,-10,29.32159763936856,-4:4,none,1,93,2,hex,10,0,1,vbr,1,baseline,0.9859873526355616,31,5,240,6,81,11,7,2,0,2,Action_1080p_25fps_10s
1477,1,none,0,0.73765459479569,0,14,1,-10,29.32159763936856,-4:4,none,1,93,2,hex,10,0,1,vbr,1,baseline,0.9859873526355616,31,3,240,6,81,11,7,2,0,2,Action_1080p_25fps_10s
1477,1,none,0,0.73765459479569,0,14,1,-10,29.32159763936856,-4:4,none,1,93,2,hex,10,0,1,cbr,1,baseline,0.9859873526355616,22,20,5,2,81,1,34,0,0,2,Action_1080p_25fps_10s
1477,0,none,0,0.73765459479569,0,14,1,-10,29.32159763936856,-4:4,none,1,93,2,hex,60,0,1,none,1,baseline,0.9859873526355616,27,20,5,2,50,9,16,0,0,2,Action_1080p_25fps_10s
1477,1,none,0,0.73765459479569,0,14,1,-10,29.32159763936856,-4:4,none,1,93,4,hex,60,0,0,none,1,main,0.2107692814716945,22,6,5,2,20,11,16,2,0,2,Action_1080p_25fps_10s
527,1,none,0,0.73765459479569,0,14,1,-10,29.32159763936856,-4:4,none,1,93,4,dia,60,0,1,none,1,baseline,0.9859873526355616,22,6,5,2,20,11,16,2,0,2,Action_1080p_25fps_10s
195,1,none,0,0.73765459479569,1,8,1,-10,29.32159763936856,-4:4,none,1,93,3,hex,32,0,1,vbr,1,baseline,0.9859873526355616,40,3,149,2,81,11,16,2,0,2,Action_1080p_25fps_10s
1477,1,none,0,0.73765459479569,2,14,1,-10,29.32159763936856,-4:4,none,1,93,2,hex,60,0,1,none,1,baseline,0.9859873526355616,22,20,75,6,49,11,55,0,1,2,Action_1080p_25fps_10s
1477,1,none,0,0.4110394427343753,0,14,1,-10,29.32159763936856,-4:4,none,1,93,2,hex,59,0,1,cbr,1,baseline,0.9859873526355616,22,20,5,2,81,1,34,0,0,2,Action_1080p_25fps_10s
1477,1,none,0,0.73765459479569,0,14,1,-10,29.32159763936856,5:5,none,1,93,4,hex,60,0,0,vbr,1,main,0.2107692814716945,46,13,5,2,20,11,16,2,0,2,Action_1080p_25fps_10s
1102,1,none,0,0.73765459479569,0,14,1,-10,29.32159763936856,-4:4,none,1,93,2,tesa,10,0,1,vbr,1,baseline,0.7214316074693485,25,3,141,7,40,5,63,0,0,2,Action_480p_25fps_20s
1477,1,none,0,0.73765459479569,0,14,1,-10,29.32159763936856,-4:4,none,1,93,2,hex,10,0,1,vbr,1,baseline,0.9859873526355616,22,20,5,2,81,11,16,2,0,2,Action_480p_25fps_20s
527,1,none,0,0.73765459479569,0,7,1,-10,11.302398815321745,-4:4,none,0,93,2,hex,10,0,1,vbr,1,baseline,0.9859873526355616,22,20,75,6,49,11,16,0,0,2,Action_480p_25fps_20s
1477,1,none,0,0.73765459479569,0,5,1,-10,29.32159763936856,-4:4,none,1,93,2,hex,10,0,1,vbr,1,baseline,0.9859873526355616,22,20,5,2,81,11,16,2,0,2,Action_480p_25fps_20s
1102,1,none,0,0.73765459479569,0,14,1,-10,29.32159763936856,-4:4,none,1,93,2,hex,10,0,1,vbr,1,baseline,0.7214316074693485,31,3,240,14,81,11,16,2,0,2,Action_480p_25fps_20s
1477,1,none,0,0.73765459479569,0,14,1,-10,29.32159763936856,-4:4,none,1,93,2,hex,60,0,1,none,1,baseline,0.9859873526355616,22,20,5,2,50,9,16,2,0,2,Action_480p_25fps_20s
1102,1,none,0,0.73765459479569,0,14,1,-10,29.32159763936856,-4:4,none,1,93,2,tesa,10,0,1,vbr,1,baseline,0.7214316074693485,25,3,141,6,49,11,16,0,0,2,Action_480p_25fps_20s
1477,1,none,0,0.73765459479569,0,5,1,-10,29.32159763936856,-4:4,none,0,93,2,hex,10,0,1,vbr,1,baseline,0.9859873526355616,22,20,5,2,0,9,16,2,0,2,Action_480p_25fps_20s
1477,1,none,0,0.73765459479569,0,14,1,-10,29.32159763936856,-4:4,none,1,93,4,hex,60,0,1,none,1,baseline,0.9859873526355616,22,6,5,2,20,11,16,2,0,2,Action_480p_25fps_20s
491,0,p8x8,3,0.73765459479569,0,14,1,-10,29.32159763936856,-4:4,none,1,93,2,hex,60,0,1,cbr,1,baseline,0.9789055283372072,22,20,5,2,50,9,16,1,0,2,Action_480p_25fps_20s
1718,1,none,0,0.73765459479569,0,6,1,-10,29.32159763936856,-4:4,none,1,93,2,hex,10,0,1,none,1,baseline,0.0729790770451781,22,20,240,2,56,11,19,0,0,2,Action_480p_25fps_20s
527,1,none,0,0.73765459479569,0,7,1,-10,33.055556217795306,-4:4,none,1,93,2,hex,32,0,1,vbr,1,baseline,0.9859873526355616,22,20,5,2,49,11,16,2,0,2,Action_480p_25fps_20s
1477,1,none,0,0.73765459479569,0,5,1,-10,11.302398815321745,-4:4,none,0,93,2,hex,10,0,1,vbr,1,baseline,0.9859873526355616,22,20,106,6,49,11,16,0,0,2,Action_480p_25fps_20s
1142,1,none,0,0.73765459479569,2,14,1,9,29.32159763936856,-4:4,temporal,1,93,4,hex,60,0,1,none,1,baseline,0.9859873526355616,22,6,5,2,20,11,16,0,0,2,Action_480p_25fps_20s
1718,1,none,0,0.73765459479569,0,6,1,-10,29.32159763936856,-4:4,none,1,93,2,hex,37,0,0,none,1,baseline,0.4289740924909954,22,3,5,2,81,8,52,2,0,2,Action_480p_25fps_20s
527,1,p8x8,0,0.73765459479569,1,16,1,-10,33.055556217795306,-4:4,none,1,93,2,hex,10,0,1,none,1,baseline,0.0729790770451781,22,20,240,2,56,11,19,0,0,2,Action_480p_25fps_20s
1477,0,none,0,0.73765459479569,0,14,1,-10,29.32159763936856,-4:4,none,1,93,2,hex,60,1,1,none,1,baseline,0.623555004198906,22,20,5,2,50,9,16,2,0,2,Action_480p_25fps_20s
1102,1,none,0,0.73765459479569,0,13,1,-10,29.32159763936856,-4:4,none,1,93,2,hex,60,1,1,none,1,baseline,0.623555004198906,22,20,5,2,50,9,16,2,0,2,Action_480p_25fps_20s
352,1,none,0,0.73765459479569,0,14,1,-10,29.32159763936856,-4:4,none,1,93,2,hex,58,0,0,none,1,baseline,0.6401267445023184,22,20,5,2,81,11,16,2,0,2,Action_480p_25fps_20s
1477,1,none,0,0.73765459479569,0,14,1,-10,29.32159763936856,-4:4,none,1,93,2,hex,10,0,1,none,1,baseline,0.7214316074693485,25,3,141,7,40,5,63,0,0,2,Action_480p_25fps_20s
1477,1,none,0,0.73765459479569,0,14,1,-10,29.32159763936856,-4:4,none,0,93,2,hex,10,1,1,none,1,baseline,0.9859873526355616,22,20,75,10,49,11,16,0,0,2,Big_480p_30fps_15s
527,1,all,2,0.0849962933024515,0,6,1,-10,29.32159763936856,-4:4,none,0,132,2,hex,10,0,0,none,1,baseline,0.0729790770451781,22,20,217,3,19,11,19,0,0,0,Big_480p_30fps_15s
1477,1,none,0,0.73765459479569,0,14,1,-10,29.32159763936856,-4:4,none,1,93,2,hex,10,0,1,vbr,1,baseline,0.9859873526355616,22,20,5,2,81,11,16,2,0,2,Big_480p_30fps_15s
1102,1,none,0,0.73765459479569,0,14,1,-10,29.32159763936856,-4:4,none,1,93,2,tesa,10,0,1,vbr,1,baseline,0.7214316074693485,25,3,141,7,40,5,63,0,0,2,Big_480p_30fps_15s
1477,1,none,0,0.73765459479569,0,5,1,-10,29.32159763936856,-4:4,none,1,93,2,hex,10,0,1,vbr,1,baseline,0.9859873526355616,22,20,5,2,81,11,16,2,0,2,Big_480p_30fps_15s
527,1,none,0,0.73765459479569,0,7,1,-10,11.302398815321745,-4:4,none,0,93,2,hex,10,0,1,vbr,1,baseline,0.9859873526355616,22,20,75,6,49,11,16,0,0,2,Big_480p_30fps_15s
1102,1,none,0,0.73765459479569,0,14,1,-10,29.32159763936856,-4:4,none,1,93,2,hex,10,0,1,vbr,1,baseline,0.7214316074693485,31,3,240,14,81,11,16,2,0,2,Big_480p_30fps_15s
1477,1,none,0,0.73765459479569,0,5,1,-10,29.32159763936856,-4:4,none,0,93,2,hex,10,0,1,vbr,1,baseline,0.9859873526355616,22,20,5,2,0,9,16,2,0,2,Big_480p_30fps_15s
1477,1,none,0,0.73765459479569,0,14,1,-10,29.32159763936856,-4:4,none,1,93,4,hex,60,0,1,none,1,baseline,0.9859873526355616,22,6,5,2,20,11,16,2,0,2,Big_480p_30fps_15s
491,0,p8x8,3,0.73765459479569,0,14,1,-10,29.32159763936856,-4:4,none,1,93,2,hex,60,0,1,cbr,1,baseline,0.9789055283372072,22,20,5,2,50,9,16,1,0,2,Big_480p_30fps_15s
1477,1,none,0,0.73765459479569,0,14,1,-10,29.32159763936856,-4:4,none,1,93,2,hex,60,0,1,none,1,baseline,0.9859873526355616,22,20,5,2,50,9,16,2,0,2,Big_480p_30fps_15s
1102,1,none,0,0.73765459479569,0,14,1,-10,29.32159763936856,-4:4,none,1,93,2,tesa,10,0,1,vbr,1,baseline,0.7214316074693485,25,3,141,6,49,11,16,0,0,2,Big_480p_30fps_15s
1477,1,none,0,0.73765459479569,0,5,1,-10,11.302398815321745,-4:4,none,0,93,2,hex,10,0,1,none,1,baseline,0.9859873526355616,22,20,106,5,49,11,16,0,0,2,Big_480p_30fps_15s
369,1,none,0,0.73765459479569,2,6,1,-10,29.32159763936856,-4:4,none,1,132,2,hex,10,0,0,none,1,baseline,0.0729790770451781,22,20,240,2,56,11,19,0,0,2,Big_480p_30fps_15s
1477,1,none,0,0.73765459479569,0,5,1,-10,29.32159763936856,-4:4,none,1,93,4,hex,24,0,1,vbr,1,baseline,0.9859873526355616,22,4,5,2,31,9,16,1,0,2,Big_480p_30fps_15s
1911,0,none,2,0.73765459479569,0,14,1,-10,29.32159763936856,-4:4,none,1,93,2,hex,60,0,1,none,1,baseline,0.9859873526355616,22,20,5,2,50,9,16,2,1,2,Big_480p_30fps_15s
1477,1,none,0,0.73765459479569,0,9,1,-10,29.32159763936856,-1:1,none,1,444,2,hex,60,0,1,none,1,baseline,0.9859873526355616,22,20,18,2,50,9,16,2,0,0,Big_480p_30fps_15s
1477,1,none,1,0.73765459479569,0,9,1,-10,29.32159763936856,-1:1,none,1,5,2,hex,60,0,1,none,1,baseline,0.9859873526355616,22,20,18,12,50,9,16,2,0,0,Big_480p_30fps_15s
527,1,none,3,0.7487499765990225,0,6,1,-10,29.32159763936856,-4:4,none,0,132,2,hex,10,0,0,none,1,baseline,0.0729790770451781,22,20,217,2,19,11,19,0,1,2,Big_480p_30fps_15s
1477,1,none,1,0.73765459479569,0,9,1,-10,29.32159763936856,-1:1,none,1,5,0,hex,60,0,1,none,1,baseline,0.9859873526355616,22,20,18,10,49,11,22,0,0,2,Big_480p_30fps_15s
1477,1,none,0,0.8520082716211679,1,14,1,1,29.32159763936856,-4:4,none,1,93,2,dia,32,0,1,vbr,1,baseline,0.9859873526355616,22,13,240,2,81,9,16,1,0,2,Standard_720p_30fps_5s
1762,1,"p8x8,b8x8,i8x8,i4x4",0,0.73765459479569,0,14,1,-10,29.32159763936856,-1:1,none,0,93,2,hex,10,0,1,vbr,1,baseline,0.7214316074693485,31,3,5,2,81,11,16,2,0,2,Standard_720p_30fps_5s
1762,0,p4x4,2,0.73765459479569,0,14,1,-10,16.928541766770305,-1:1,none,0,93,2,hex,61,0,1,vbr,1,baseline,0.9859873526355616,22,13,240,5,81,11,16,2,0,2,Standard_720p_30fps_5s
1762,1,"p8x8,b8x8,i8x8,i4x4",0,0.73765459479569,1,14,1,-10,29.32159763936856,-1:1,none,0,93,2,hex,10,0,1,vbr,1,baseline,0.7214316074693485,31,3,5,2,81,11,16,2,0,2,Standard_720p_30fps_5s
1477,1,none,0,0.73765459479569,1,14,1,-10,29.32159763936856,-4:4,none,0,93,2,hex,32,0,1,vbr,1,baseline,0.9859873526355616,22,3,149,2,81,11,16,2,0,2,Standard_720p_30fps_5s
1762,0,p4x4,2,0.73765459479569,0,14,1,-10,16.928541766770305,-1:1,none,0,93,2,esa,61,0,0,vbr,1,baseline,0.7214316074693485,31,3,5,2,81,11,16,2,0,2,Standard_720p_30fps_5s
1102,1,none,0,0.73765459479569,0,14,1,-10,29.32159763936856,-1:1,none,0,93,2,hex,61,0,1,vbr,1,baseline,0.9859873526355616,22,13,240,5,81,11,16,2,0,2,Standard_720p_30fps_5s
1102,1,none,0,0.73765459479569,2,14,1,-10,29.32159763936856,-1:1,none,0,93,2,hex,61,0,1,vbr,1,baseline,0.9859873526355616,22,13,240,2,81,9,16,2,0,2,Standard_720p_30fps_5s
1102,1,none,0,0.73765459479569,0,2,0,-10,29.32159763936856,-1:1,none,0,93,2,hex,10,0,1,vbr,1,baseline,0.7214316074693485,31,3,5,2,81,5,16,2,0,2,Standard_720p_30fps_5s
1477,1,none,0,0.8520082716211679,1,14,1,1,29.32159763936856,-4:4,none,0,93,2,dia,32,0,1,vbr,1,baseline,0.8560696908748571,28,3,149,2,81,11,16,2,0,2,Standard_720p_30fps_5s
1477,1,none,0,0.73765459479569,1,14,0,-10,29.32159763936856,-4:4,none,0,93,2,hex,61,0,1,vbr,1,baseline,0.9859873526355616,22,13,240,2,81,9,16,1,0,2,Standard_720p_30fps_5s
1762,1,"p8x8,b8x8,i8x8,i4x4",0,0.73765459479569,0,14,0,-10,16.928541766770305,-1:1,none,0,93,2,hex,61,0,1,vbr,1,baseline,0.9859873526355616,22,13,240,5,59,11,16,2,0,2,Standard_720p_30fps_5s
1477,1,none,0,0.73765459479569,2,14,1,-10,29.32159763936856,-1:1,none,0,93,2,hex,61,0,1,vbr,0,baseline,0.9859873526355616,22,15,240,2,81,9,16,2,0,2,Standard_720p_30fps_5s
1102,1,none,1,0.73765459479569,1,14,1,-10,29.32159763936856,-4:4,none,0,93,2,hex,32,0,1,vbr,1,baseline,0.9859873526355616,22,3,149,2,81,11,16,2,0,2,Standard_720p_30fps_5s
1762,1,"p8x8,b8x8,i8x8,i4x4",0,0.73765459479569,0,14,0,-10,29.32159763936856,-6:6,none,0,93,2,hex,61,0,1,vbr,0,baseline,0.9859873526355616,22,15,240,2,81,9,16,2,0,2,Standard_720p_30fps_5s
1477,1,none,3,0.73765459479569,2,10,1,-10,29.32159763936856,-4:4,none,0,93,2,hex,61,0,1,vbr,1,baseline,0.8560696908748571,28,3,149,2,85,11,16,2,0,2,Standard_720p_30fps_5s
1102,1,none,0,0.73765459479569,0,2,0,-10,29.32159763936856,-1:1,none,0,93,1,hex,61,0,1,vbr,1,baseline,0.9859873526355616,22,13,240,2,81,9,16,2,0,2,Standard_720p_30fps_5s
1477,1,none,0,0.73765459479569,1,14,0,-10,29.32159763936856,-4:4,none,0,93,2,hex,44,0,1,vbr,1,baseline,0.9859873526355616,22,13,2,2,81,11,16,0,0,2,Standard_720p_30fps_5s
517,1,none,0,0.4110394427343753,1,14,0,-10,29.32159763936856,-4:4,none,0,93,2,hex,61,0,1,vbr,1,baseline,0.9859873526355616,22,13,240,2,81,9,16,0,0,2,Standard_720p_30fps_5s
1102,1,none,1,0.73765459479569,1,14,1,-6,29.32159763936856,-4:4,none,0,93,2,hex,10,0,1,vbr,1,baseline,0.9859873526355616,22,20,5,2,81,11,16,2,0,2,Standard_720p_30fps_5s
1102,1,none,0,0.73765459479569,0,14,1,-10,29.32159763936856,-4:4,none,1,93,2,tesa,10,0,1,vbr,1,baseline,0.7214316074693485,25,3,141,7,40,5,63,0,0,2,Still_image_1080p_60fps_15s
1477,1,none,0,0.73765459479569,0,14,1,-10,29.32159763936856,-4:4,none,1,93,2,hex,10,0,1,vbr,1,baseline,0.9859873526355616,22,20,5,2,81,11,16,2,0,2,Still_image_1080p_60fps_15s
527,1,none,0,0.73765459479569,0,7,1,-10,11.302398815321745,-4:4,none,0,93,2,hex,10,0,1,vbr,1,baseline,0.9859873526355616,22,20,75,6,49,11,16,0,0,2,Still_image_1080p_60fps_15s
1477,1,none,0,0.73765459479569,0,5,1,-10,29.32159763936856,-4:4,none,1,93,2,hex,10,0,1,vbr,1,baseline,0.9859873526355616,22,20,5,2,81,11,16,2,0,2,Still_image_1080p_60fps_15s
1102,1,none,0,0.73765459479569,0,14,1,-10,29.32159763936856,-4:4,none,1,93,2,hex,10,0,1,vbr,1,baseline,0.7214316074693485,31,3,240,14,81,11,16,2,0,2,Still_image_1080p_60fps_15s
1477,1,none,0,0.73765459479569,0,14,1,-10,29.32159763936856,-4:4,none,1,93,4,hex,60,0,1,none,1,baseline,0.9859873526355616,22,6,5,2,20,11,16,2,0,2,Still_image_1080p_60fps_15s
491,0,p8x8,3,0.73765459479569,0,14,1,-10,29.32159763936856,-4:4,none,1,93,2,hex,60,0,1,cbr,1,baseline,0.9789055283372072,22,20,5,2,50,9,16,1,0,2,Still_image_1080p_60fps_15s
1477,1,none,0,0.73765459479569,0,5,1,-10,29.32159763936856,-4:4,none,0,93,2,hex,10,0,1,vbr,1,baseline,0.9859873526355616,22,20,5,2,0,9,16,2,0,2,Still_image_1080p_60fps_15s
2395,1,none,0,0.73765459479569,1,14,1,-10,29.32159763936856,-1:1,none,1,93,2,hex,61,0,1,vbr,1,baseline,0.9859873526355616,22,13,240,2,81,11,16,2,0,2,Still_image_1080p_60fps_15s
1102,1,"p8x8,b8x8,i8x8,i4x4",0,0.8915038931857944,0,14,1,-10,29.32159763936856,-1:1,none,1,93,2,hex,61,0,1,cbr,1,baseline,0.2633611247773718,22,20,75,10,49,11,16,0,0,2,Still_image_1080p_60fps_15s
1477,1,none,0,0.73765459479569,0,5,1,-10,29.32159763936856,-4:4,none,1,93,4,hex,10,0,1,vbr,1,baseline,0.9859873526355616,22,3,149,2,81,11,16,2,0,2,Still_image_1080p_60fps_15s
491,1,none,0,0.73765459479569,0,5,1,-6,29.32159763936856,-4:4,none,0,93,2,hex,10,0,1,vbr,1,baseline,0.9859873526355616,35,20,5,2,0,9,16,0,0,2,Still_image_1080p_60fps_15s
1477,0,p8x8,3,0.73765459479569,0,14,1,-10,29.32159763936856,-4:4,none,1,93,2,hex,60,0,1,vbr,1,baseline,0.9789055283372072,22,20,5,2,50,9,16,1,0,2,Still_image_1080p_60fps_15s
491,0,p8x8,3,0.73765459479569,0,12,1,-10,29.32159763936856,-4:4,none,1,93,2,hex,61,0,1,vbr,1,baseline,0.9859873526355616,22,13,167,5,81,9,16,2,0,2,Still_image_1080p_60fps_15s
1477,1,none,0,0.73765459479569,0,14,1,-10,29.32159763936856,-4:4,none,1,93,4,hex,61,0,1,vbr,1,baseline,0.9859873526355616,22,13,240,5,81,11,16,2,0,2,Still_image_1080p_60fps_15s
1102,1,none,0,0.73765459479569,0,3,1,-10,29.32159763936856,-1:1,none,1,93,2,hex,58,0,1,none,1,baseline,0.9859873526355616,22,6,5,2,20,11,16,0,0,2,Still_image_1080p_60fps_15s
1477,1,none,0,0.73765459479569,0,13,1,-10,29.32159763936856,-4:4,none,1,93,1,hex,60,0,1,none,1,baseline,0.9859873526355616,22,10,5,2,20,11,43,2,0,2,Still_image_1080p_60fps_15s
491,0,p8x8,3,0.73765459479569,0,14,1,-10,29.32159763936856,-4:4,none,1,93,2,hex,60,0,1,vbr,1,baseline,0.6961990171356299,22,20,75,6,49,11,16,0,0,2,Still_image_1080p_60fps_15s
1102,0,none,0,0.73765459479569,0,14,1,-2,36.44291309060746,-4:4,none,1,93,4,hex,61,0,1,vbr,1,baseline,0.9859873526355616,41,13,240,5,81,1,16,1,0,2,Still_image_1080p_60fps_15s
33,1,none,0,0.73765459479569,0,5,1,-9,29.32159763936856,-4:4,none,0,93,2,hex,10,0,1,vbr,1,baseline,0.9859873526355616,35,20,5,2,0,9,63,0,0,2,Still_image_1080p_60fps_15s
1477,1,none,0,0.8520082716211679,1,14,1,1,29.32159763936856,-4:4,none,1,93,2,dia,32,0,1,vbr,1,baseline,0.9859873526355616,22,13,240,2,81,9,16,1,0,2,Standard_480p_25fps_20s
1762,1,"p8x8,b8x8,i8x8,i4x4",0,0.73765459479569,0,14,1,-10,29.32159763936856,-1:1,none,0,93,2,hex,10,0,1,vbr,1,baseline,0.7214316074693485,31,3,5,2,81,11,16,2,0,2,Standard_480p_25fps_20s
1762,0,p4x4,2,0.73765459479569,0,14,1,-10,16.928541766770305,-1:1,none,0,93,2,hex,61,0,1,vbr,1,baseline,0.9859873526355616,22,13,240,5,81,11,16,2,0,2,Standard_480p_25fps_20s
1477,1,none,0,0.73765459479569,1,14,1,-10,29.32159763936856,-4:4,none,0,93,2,hex,32,0,1,vbr,1,baseline,0.9859873526355616,22,3,149,2,81,11,16,2,0,2,Standard_480p_25fps_20s
1762,1,"p8x8,b8x8,i8x8,i4x4",0,0.73765459479569,1,14,1,-10,29.32159763936856,-1:1,none,0,93,2,hex,10,0,1,vbr,1,baseline,0.7214316074693485,31,3,5,2,81,11,16,2,0,2,Standard_480p_25fps_20s
1762,0,p4x4,2,0.73765459479569,0,14,1,-10,16.928541766770305,-1:1,none,0,93,2,esa,61,0,0,vbr,1,baseline,0.7214316074693485,31,3,5,2,81,11,16,2,0,2,Standard_480p_25fps_20s
1102,1,none,0,0.73765459479569,0,14,1,-10,29.32159763936856,-1:1,none,0,93,2,hex,61,0,1,vbr,1,baseline,0.9859873526355616,22,13,240,5,81,11,16,2,0,2,Standard_480p_25fps_20s
1102,1,none,0,0.73765459479569,0,2,0,-10,29.32159763936856,-1:1,none,0,93,2,hex,10,0,1,vbr,1,baseline,0.7214316074693485,31,3,5,2,81,5,16,2,0,2,Standard_480p_25fps_20s
1762,0,p4x4,2,0.73765459479569,0,13,1,-10,16.928541766770305,-1:1,none,0,93,2,tesa,61,0,0,vbr,1,baseline,0.7214316074693485,31,3,74,2,26,0,28,2,0,2,Standard_480p_25fps_20s
1102,1,none,0,0.73765459479569,0,2,0,-10,29.32159763936856,-1:1,none,0,93,2,hex,10,0,0,vbr,1,baseline,0.7214316074693485,31,3,5,2,81,5,16,2,0,2,Standard_480p_25fps_20s
1762,1,"p8x8,b8x8,i8x8,i4x4",0,0.73765459479569,1,2,0,-10,29.32159763936856,-1:1,none,0,93,2,hex,10,0,1,vbr,1,baseline,0.7074982833951312,31,3,5,2,81,5,16,2,0,2,Standard_480p_25fps_20s
1596,1,none,0,0.73765459479569,1,14,1,-10,29.32159763936856,-4:4,none,0,93,2,hex,32,0,1,vbr,1,baseline,0.9859873526355616,22,3,149,2,81,11,16,2,0,2,Standard_480p_25fps_20s
1477,1,none,0,0.8520082716211679,1,14,1,1,29.32159763936856,-1:1,none,0,93,2,hex,61,0,0,vbr,1,baseline,0.9859873526355616,35,13,240,5,81,11,16,2,0,2,Standard_480p_25fps_20s
1559,1,none,0,0.73765459479569,1,14,1,-10,29.32159763936856,-4:4,none,0,93,1,hex,32,0,1,vbr,1,baseline,0.9859873526355616,22,3,149,2,81,6,16,2,0,2,Standard_480p_25fps_20s
1477,1,none,0,0.73765459479569,1,14,1,-10,29.32159763936856,-4:4,none,0,93,2,hex,32,0,1,vbr,1,baseline,0.9859873526355616,22,3,149,1,81,11,16,2,0,2,Standard_480p_25fps_20s
1762,1,"p8x8,b8x8,i8x8,i4x4",0,0.73765459479569,1,2,0,-10,29.32159763936856,-1:1,none,0,93,2,hex,10,0,1,vbr,1,baseline,0.7214316074693485,31,3,5,2,81,11,16,2,0,2,Standard_480p_25fps_20s
1477,1,none,0,0.73765459479569,1,14,1,-10,29.32159763936856,4:-4,none,0,93,2,hex,32,0,1,vbr,1,baseline,0.9859873526355616,22,13,240,2,81,9,16,1,0,2,Standard_480p_25fps_20s
1762,1,"p8x8,b8x8,i8x8,i4x4",0,0.73765459479569,1,14,0,-10,4.701971825877149,-1:1,none,0,93,2,hex,10,0,1,vbr,1,baseline,0.7214316074693485,31,3,5,2,71,11,16,2,0,2,Standard_480p_25fps_20s
1477,1,none,2,0.73765459479569,1,14,1,-10,29.32159763936856,2:2,none,0,93,2,hex,32,0,0,vbr,1,baseline,0.9859873526355616,22,3,149,2,81,6,16,2,0,2,Standard_480p_25fps_20s
1102,1,none,0,0.73765459479569,0,2,0,-10,29.32159763936856,-1:1,none,0,93,2,hex,10,0,0,vbr,1,high,0.9859873526355616,22,13,240,5,81,11,16,2,0,2,Standard_480p_25fps_20s
1102,1,none,0,0.73765459479569,0,14,1,-10,29.32159763936856,-4:4,none,1,93,2,tesa,10,0,1,vbr,1,baseline,0.7214316074693485,25,3,141,7,40,5,63,0,0,2,Big_1080p_60fps_20s
1477,1,none,0,0.73765459479569,0,14,1,-10,29.32159763936856,-4:4,none,1,93,2,hex,10,0,1,vbr,1,baseline,0.9859873526355616,22,20,5,2,81,11,16,2,0,2,Big_1080p_60fps_20s
527,1,none,0,0.73765459479569,0,7,1,-10,11.302398815321745,-4:4,none,0,93,2,hex,10,0,1,vbr,1,baseline,0.9859873526355616,22,20,75,6,49,11,16,0,0,2,Big_1080p_60fps_20s
1477,1,none,0,0.73765459479569,0,5,1,-10,29.32159763936856,-4:4,none,1,93,2,hex,10,0,1,vbr,1,baseline,0.9859873526355616,22,20,5,2,81,11,16,2,0,2,Big_1080p_60fps_20s
1102,1,none,0,0.73765459479569,0,14,1,-10,29.32159763936856,-4:4,none,1,93,2,hex,10,0,1,vbr,1,baseline,0.7214316074693485,31,3,240,14,81,11,16,2,0,2,Big_1080p_60fps_20s
491,0,p8x8,3,0.73765459479569,0,14,1,-10,29.32159763936856,-4:4,none,1,93,2,hex,60,0,1,cbr,1,baseline,0.9789055283372072,22,20,5,2,50,9,16,1,0,2,Big_1080p_60fps_20s
1477,1,none,0,0.73765459479569,0,14,1,-10,29.32159763936856,-4:4,none,1,93,4,hex,60,0,1,none,1,baseline,0.9859873526355616,22,6,5,2,20,11,16,2,0,2,Big_1080p_60fps_20s
1477,1,none,0,0.73765459479569,0,5,1,-10,29.32159763936856,-4:4,none,0,93,2,hex,10,0,1,vbr,1,baseline,0.9859873526355616,22,20,5,2,0,9,16,2,0,2,Big_1080p_60fps_20s
1477,1,none,0,0.73765459479569,0,14,1,-10,29.32159763936856,-4:4,none,1,93,2,hex,60,0,1,none,1,baseline,0.9859873526355616,22,20,5,2,50,9,16,2,0,2,Big_1080p_60fps_20s
1102,1,none,0,0.73765459479569,0,14,1,-10,29.32159763936856,-4:4,none,1,93,2,tesa,10,0,1,vbr,1,baseline,0.7214316074693485,25,3,141,6,49,11,16,0,0,2,Big_1080p_60fps_20s
2395,1,none,0,0.73765459479569,1,14,1,-10,29.32159763936856,-1:1,none,1,93,2,hex,61,0,1,vbr,1,baseline,0.9859873526355616,22,13,240,2,81,11,16,2,0,2,Big_1080p_60fps_20s
1102,1,"p8x8,b8x8,i8x8,i4x4",0,0.8915038931857944,0,14,1,-10,29.32159763936856,-1:1,none,1,93,2,hex,61,0,1,cbr,1,baseline,0.2633611247773718,22,20,75,10,49,11,16,0,0,2,Big_1080p_60fps_20s
1477,1,none,0,0.73765459479569,0,14,1,-10,29.32159763936856,-4:4,none,1,93,4,hex,42,0,1,none,1,baseline,0.9859873526355616,22,6,5,2,20,11,16,2,0,2,Big_1080p_60fps_20s
1102,1,none,0,0.73765459479569,0,7,1,-10,11.302398815321745,-4:4,none,0,93,4,hex,10,0,1,vbr,1,baseline,0.9859873526355616,22,20,75,6,49,11,16,0,0,2,Big_1080p_60fps_20s
1477,1,none,0,1.6042493866400698,0,5,1,-10,29.59714502294432,3:-3,none,0,93,4,hex,60,0,1,none,1,baseline,0.9859873526355616,22,2,5,2,20,11,16,2,0,2,Big_1080p_60fps_20s
1477,1,none,0,0.73765459479569,0,14,1,4,29.32159763936856,-4:4,none,1,93,4,hex,60,0,1,none,1,baseline,0.9859873526355616,23,6,215,2,20,11,16,2,0,2,Big_1080p_60fps_20s
1477,1,none,0,0.73765459479569,0,5,1,10,29.59714502294432,3:-3,none,0,93,4,hex,60,0,1,none,1,baseline,0.9859873526355616,22,2,5,2,20,11,16,2,1,2,Big_1080p_60fps_20s
491,1,none,0,0.73765459479569,0,14,1,-10,35.21410796369704,3:-3,none,1,93,4,hex,60,0,1,none,1,main,0.9859873526355616,22,6,5,12,20,11,16,2,0,2,Big_1080p_60fps_20s
1477,1,none,1,0.73765459479569,2,14,1,-10,29.32159763936856,-4:4,none,1,93,2,hex,60,0,1,none,1,baseline,0.9859873526355616,22,20,190,2,50,9,56,2,0,2,Big_1080p_60fps_20s
641,1,none,0,0.73765459479569,0,3,1,-10,29.32159763936856,-4:4,none,1,93,4,hex,60,0,1,vbr,1,baseline,0.7214316074693485,42,20,141,7,20,4,16,0,0,2,Big_1080p_60fps_20s
1102,1,none,0,0.73765459479569,0,14,1,-10,29.32159763936856,-4:4,none,1,93,2,tesa,10,0,1,vbr,1,baseline,0.7214316074693485,25,3,141,7,40,5,63,0,0,2,Big_1080p_60fps_15s
1477,1,none,0,0.73765459479569,0,14,1,-10,29.32159763936856,-4:4,none,1,93,2,hex,10,0,1,vbr,1,baseline,0.9859873526355616,22,20,5,2,81,11,16,2,0,2,Big_1080p_60fps_15s
527,1,none,0,0.73765459479569,0,7,1,-10,11.302398815321745,-4:4,none,0,93,2,hex,10,0,1,vbr,1,baseline,0.9859873526355616,22,20,75,6,49,11,16,0,0,2,Big_1080p_60fps_15s
1477,1,none,0,0.73765459479569,0,5,1,-10,29.32159763936856,-4:4,none,1,93,2,hex,10,0,1,vbr,1,baseline,0.9859873526355616,22,20,5,2,81,11,16,2,0,2,Big_1080p_60fps_15s
1102,1,none,0,0.73765459479569,0,14,1,-10,29.32159763936856,-4:4,none,1,93,2,hex,10,0,1,vbr,1,baseline,0.7214316074693485,31,3,240,14,81,11,16,2,0,2,Big_1080p_60fps_15s
491,0,p8x8,3,0.73765459479569,0,14,1,-10,29.32159763936856,-4:4,none,1,93,2,hex,60,0,1,cbr,1,baseline,0.9789055283372072,22,20,5,2,50,9,16,1,0,2,Big_1080p_60fps_15s
1477,1,none,0,0.73765459479569,0,14,1,-10,29.32159763936856,-4:4,none,1,93,4,hex,60,0,1,none,1,baseline,0.9859873526355616,22,6,5,2,20,11,16,2,0,2,Big_1080p_60fps_15s
1477,1,none,0,0.73765459479569,0,5,1,-10,29.32159763936856,-4:4,none,0,93,2,hex,10,0,1,vbr,1,baseline,0.9859873526355616,22,20,5,2,0,9,16,2,0,2,Big_1080p_60fps_15s
1477,1,none,0,0.73765459479569,0,14,1,-10,29.32159763936856,-4:4,none,1,93,2,hex,60,0,1,none,1,baseline,0.9859873526355616,22,20,5,2,50,9,16,2,0,2,Big_1080p_60fps_15s
1102,1,none,0,0.73765459479569,0,14,1,-10,29.32159763936856,-4:4,none,1,93,2,tesa,10,0,1,vbr,1,baseline,0.7214316074693485,25,3,141,6,49,11,16,0,0,2,Big_1080p_60fps_15s
1102,1,"p8x8,b8x8,i8x8,i4x4",0,0.8915038931857944,0,14,1,-10,29.32159763936856,-1:1,none,1,93,2,hex,61,0,1,cbr,1,baseline,0.2633611247773718,22,20,75,10,49,11,16,0,0,2,Big_1080p_60fps_15s
2395,1,none,0,0.73765459479569,1,14,1,-10,29.32159763936856,-1:1,none,1,93,2,hex,61,0,1,vbr,1,baseline,0.9859873526355616,22,13,240,2,81,11,16,2,0,2,Big_1080p_60fps_15s
2395,1,none,0,0.73765459479569,0,14,1,-10,29.32159763936856,-5:5,none,1,93,2,hex,60,0,1,none,1,baseline,0.9859873526355616,22,20,5,2,89,9,16,2,0,2,Big_1080p_60fps_15s
1762,1,all,3,0.73765459479569,1,13,1,-10,29.32159763936856,-4:4,none,1,193,2,hex,60,0,1,cbr,1,baseline,0.9859873526355616,29,20,5,2,50,9,16,2,0,2,Big_1080p_60fps_15s
1477,0,none,0,0.73765459479569,0,7,1,-10,29.32159763936856,-4:4,none,1,93,4,hex,60,0,1,none,1,baseline,0.9859873526355616,22,6,5,2,20,11,6,2,0,2,Big_1080p_60fps_15s
1102,1,none,0,0.73765459479569,0,7,1,-10,29.32159763936856,-4:4,none,1,93,4,hex,60,0,1,none,1,main,0.9859873526355616,22,6,5,2,20,11,16,2,0,2,Big_1080p_60fps_15s
1577,1,none,3,0.73765459479569,0,7,1,-10,29.32159763936856,-4:4,none,0,93,2,hex,10,0,1,vbr,1,baseline,0.9859873526355616,22,11,240,2,33,11,16,2,0,2,Big_1080p_60fps_15s
2395,1,none,3,0.73765459479569,1,14,1,-10,29.32159763936856,-1:1,none,0,93,2,hex,61,0,1,none,1,baseline,0.9859873526355616,22,13,5,2,81,11,16,0,0,2,Big_1080p_60fps_15s
1102,1,none,0,0.73765459479569,1,14,1,-10,29.32159763936856,-1:1,none,1,93,2,hex,61,0,1,vbr,1,baseline,0.9859873526355616,22,13,240,2,81,11,16,2,0,2,Big_1080p_60fps_15s
1102,1,none,1,0.73765459479569,0,14,1,-10,46.5368753892932,-4:4,none,0,93,4,hex,60,0,1,none,1,baseline,0.9859873526355616,22,6,92,2,20,11,43,2,0,1,Big_1080p_60fps_15s
1762,1,"p8x8,b8x8,i8x8,i4x4",0,0.73765459479569,0,14,1,-10,29.32159763936856,-1:1,none,0,93,2,hex,10,0,1,vbr,1,baseline,0.7214316074693485,31,3,5,2,81,11,16,2,0,2,Still_image_1080p_25fps_20s
1762,0,p4x4,2,0.73765459479569,0,14,1,-10,16.928541766770305,-1:1,none,0,93,2,hex,61,0,1,vbr,1,baseline,0.9859873526355616,22,13,240,5,81,11,16,2,0,2,Still_image_1080p_25fps_20s
1477,1,none,0,0.73765459479569,1,14,1,-10,29.32159763936856,-4:4,none,0,93,2,hex,32,0,1,vbr,1,baseline,0.9859873526355616,22,3,149,2,81,11,16,2,0,2,Still_image_1080p_25fps_20s
1762,1,"p8x8,b8x8,i8x8,i4x4",0,0.73765459479569,1,14,1,-10,29.32159763936856,-1:1,none,0,93,2,hex,10,0,1,vbr,1,baseline,0.7214316074693485,31,3,5,2,81,11,16,2,0,2,Still_image_1080p_25fps_20s
1762,0,p4x4,2,0.73765459479569,0,14,1,-10,16.928541766770305,-1:1,none,0,93,2,esa,61,0,0,vbr,1,baseline,0.7214316074693485,31,3,5,2,81,11,16,2,0,2,Still_image_1080p_25fps_20s
1102,1,none,0,0.73765459479569,0,14,1,-10,29.32159763936856,-1:1,none,0,93,2,hex,61,0,1,vbr,1,baseline,0.9859873526355616,22,13,240,5,81,11,16,2,0,2,Still_image_1080p_25fps_20s
1102,1,none,0,0.73765459479569,0,2,0,-10,29.32159763936856,-1:1,none,0,93,2,hex,10,0,1,vbr,1,baseline,0.7214316074693485,31,3,5,2,81,5,16,2,0,2,Still_image_1080p_25fps_20s
1102,1,none,0,0.73765459479569,2,14,1,-10,29.32159763936856,-1:1,none,0,93,2,hex,61,0,1,vbr,1,baseline,0.9859873526355616,22,13,240,2,81,9,16,2,0,2,Still_image_1080p_25fps_20s
1477,1,none,0,0.8520082716211679,1,14,1,1,29.32159763936856,-4:4,none,0,93,2,dia,32,0,1,vbr,1,baseline,0.8560696908748571,28,3,149,2,81,11,16,2,0,2,Still_image_1080p_25fps_20s
1102,1,none,0,0.73765459479569,2,14,0,-10,29.32159763936856,-1:1,none,0,93,2,hex,61,0,1,vbr,1,baseline,0.9859873526355616,22,13,240,2,81,9,14,2,1,2,Still_image_1080p_25fps_20s
1762,1,p4x4,2,0.73765459479569,0,5,1,-10,16.928541766770305,-1:1,none,0,93,2,esa,61,0,0,vbr,1,baseline,0.7214316074693485,31,3,221,2,81,11,16,2,0,2,Still_image_1080p_25fps_20s
1762,0,p4x4,2,0.73765459479569,0,14,1,2,16.928541766770305,-1:1,none,0,93,2,esa,61,0,0,vbr,1,baseline,0.7214316074693485,31,3,5,2,81,11,16,2,0,2,Still_image_1080p_25fps_20s
1477,1,p4x4,0,0.8520082716211679,1,14,0,-10,29.32159763936856,-3:3,none,0,93,2,hex,10,0,1,vbr,0,baseline,0.7214316074693485,48,3,5,13,81,8,16,2,0,2,Still_image_1080p_25fps_20s
1477,1,none,0,0.8520082716211679,1,14,1,1,29.32159763936856,-4:4,none,1,93,1,hex,61,0,0,vbr,1,baseline,0.9859873526355616,22,13,240,5,81,11,16,2,0,2,Still_image_1080p_25fps_20s
1477,1,none,0,0.8783334300652605,0,5,1,-10,29.32159763936856,-4:4,none,0,93,2,hex,61,0,1,vbr,1,baseline,0.9859873526355616,22,9,241,5,81,11,16,2,0,2,Still_image_1080p_25fps_20s
1762,1,p4x4,2,0.73765459479569,0,5,1,-10,16.928541766770305,-1:1,none,0,93,2,esa,61,0,0,vbr,1,high,0.7214316074693485,31,16,221,2,81,11,16,2,0,2,Still_image_1080p_25fps_20s
1762,1,"p8x8,b8x8,i8x8,i4x4",0,0.73765459479569,1,14,1,-10,29.32159763936856,-1:1,none,0,93,1,esa,61,0,0,vbr,1,baseline,0.7214316074693485,31,3,221,2,81,11,16,2,0,2,Still_image_1080p_25fps_20s
1102,1,none,0,0.8520082716211679,1,14,1,1,25.253904572047247,2:-2,none,1,93,1,hex,61,0,0,vbr,1,baseline,0.9859873526355616,22,13,240,5,81,11,30,2,0,2,Still_image_1080p_25fps_20s
1477,1,none,0,0.73765459479569,0,2,0,-10,29.32159763936856,-1:1,none,0,93,2,hex,10,0,1,vbr,1,baseline,0.7214316074693485,31,3,56,2,81,5,16,2,0,2,Still_image_1080p_25fps_20s
1477,1,none,0,0.8520082716211679,1,14,1,1,29.32159763936856,-4:4,none,1,347,1,hex,61,0,0,vbr,1,baseline,0.9859873526355616,22,13,240,2,81,9,16,1,0,2,Still_image_1080p_25fps_20s
1762,1,"p8x8,b8x8,i8x8,i4x4",0,0.73765459479569,0,14,1,-10,29.32159763936856,-1:1,none,0,93,2,hex,10,0,1,vbr,1,baseline,0.7214316074693485,31,3,5,2,81,11,16,2,0,2,Still_image_1080p_60fps_20s
1762,0,p4x4,2,0.73765459479569,0,14,1,-10,16.928541766770305,-1:1,none,0,93,2,hex,61,0,1,vbr,1,baseline,0.9859873526355616,22,13,240,5,81,11,16,2,0,2,Still_image_1080p_60fps_20s
1477,1,none,0,0.73765459479569,1,14,1,-10,29.32159763936856,-4:4,none,0,93,2,hex,32,0,1,vbr,1,baseline,0.9859873526355616,22,3,149,2,81,11,16,2,0,2,Still_image_1080p_60fps_20s
1762,1,"p8x8,b8x8,i8x8,i4x4",0,0.73765459479569,1,14,1,-10,29.32159763936856,-1:1,none,0,93,2,hex,10,0,1,vbr,1,baseline,0.7214316074693485,31,3,5,2,81,11,16,2,0,2,Still_image_1080p_60fps_20s
1762,0,p4x4,2,0.73765459479569,0,14,1,-10,16.928541766770305,-1:1,none,0,93,2,esa,61,0,0,vbr,1,baseline,0.7214316074693485,31,3,5,2,81,11,16,2,0,2,Still_image_1080p_60fps_20s
1477,1,none,0,0.8520082716211679,1,14,1,1,29.32159763936856,-4:4,none,0,93,2,dia,32,0,1,vbr,1,baseline,0.8560696908748571,28,3,149,2,81,11,16,2,0,2,Still_image_1080p_60fps_20s
1102,1,none,0,0.73765459479569,2,14,1,-10,29.32159763936856,-1:1,none,0,93,2,hex,61,0,1,vbr,1,baseline,0.9859873526355616,22,13,240,2,81,9,16,2,0,2,Still_image_1080p_60fps_20s
1102,1,none,0,0.73765459479569,0,14,1,-10,29.32159763936856,-1:1,none,0,93,2,hex,61,0,1,vbr,1,baseline,0.9859873526355616,22,13,240,5,81,11,16,2,0,2,Still_image_1080p_60fps_20s
1102,1,none,0,0.73765459479569,0,2,0,-10,29.32159763936856,-1:1,none,0,93,2,hex,10,0,1,vbr,1,baseline,0.7214316074693485,31,3,5,2,81,5,16,2,0,2,Still_image_1080p_60fps_20s
1102,1,none,0,0.73765459479569,2,14,0,-10,29.32159763936856,-1:1,none,0,93,2,hex,61,0,1,vbr,1,baseline,0.9859873526355616,22,13,240,2,81,9,14,2,1,2,Still_image_1080p_60fps_20s
1102,1,none,0,0.73765459479569,2,14,0,-10,29.32159763936856,-1:1,none,1,226,2,hex,61,0,0,vbr,1,baseline,0.9859873526355616,22,13,240,2,81,9,14,2,1,2,Still_image_1080p_60fps_20s
1762,1,none,0,0.73765459479569,0,2,0,-8,29.32159763936856,-1:1,none,0,93,2,dia,10,0,0,vbr,1,main,0.7214316074693485,31,3,5,2,81,5,16,2,0,2,Still_image_1080p_60fps_20s
1762,1,"p8x8,b8x8,i8x8,i4x4",0,0.73765459479569,0,12,0,-10,29.32159763936856,-1:1,none,0,93,2,hex,10,0,1,vbr,0,baseline,0.7214316074693485,31,3,5,2,81,11,16,2,0,2,Still_image_1080p_60fps_20s
1762,1,p4x4,0,0.73765459479569,1,14,1,-10,29.32159763936856,-1:1,none,0,93,3,hex,10,0,1,vbr,1,baseline,0.7608250303182328,31,3,5,2,81,2,56,2,0,2,Still_image_1080p_60fps_20s
1102,1,none,0,1.4280740192306902,2,14,0,-10,29.32159763936856,-1:1,none,0,93,2,hex,61,0,1,vbr,1,baseline,0.9859873526355616,22,13,240,2,81,9,14,2,1,2,Still_image_1080p_60fps_20s
1762,1,"p8x8,b8x8,i8x8,i4x4",0,0.73765459479569,1,14,1,-10,29.32159763936856,-4:4,none,0,93,2,hex,32,0,1,vbr,1,baseline,0.9859873526355616,22,3,149,2,81,11,16,2,0,2,Still_image_1080p_60fps_20s
1477,1,none,0,0.73765459479569,1,14,1,-3,29.32159763936856,-1:1,none,0,93,2,hex,10,0,0,vbr,1,baseline,0.7214316074693485,31,3,5,2,81,11,16,2,0,2,Still_image_1080p_60fps_20s
1762,0,p4x4,0,0.73765459479569,0,12,0,-10,29.32159763936856,-1:1,none,0,141,3,hex,10,0,1,vbr,0,baseline,0.7214316074693485,31,3,174,2,81,11,16,2,0,2,Still_image_1080p_60fps_20s
1102,0,none,0,0.73765459479569,0,2,0,-10,26.742994964876253,-1:1,none,0,93,2,hex,10,0,1,vbr,1,baseline,0.7214316074693485,31,3,5,2,81,11,16,2,0,2,Still_image_1080p_60fps_20s
1464,1,none,0,0.73765459479569,2,14,0,8,29.32159763936856,-1:1,none,0,12,2,hex,61,1,1,vbr,1,baseline,0.1352890328900851,22,13,240,2,81,9,16,2,0,2,Still_image_1080p_60fps_20s
1477,1,none,0,0.73765459479569,0,14,1,-10,29.32159763936856,-4:4,none,1,93,2,hex,10,0,1,vbr,1,baseline,0.9859873526355616,22,20,5,2,81,11,16,2,0,2,Big_480p_60fps_10s
1102,1,none,0,0.73765459479569,0,14,1,-10,29.32159763936856,-4:4,none,1,93,2,tesa,10,0,1,vbr,1,baseline,0.7214316074693485,25,3,141,7,40,5,63,0,0,2,Big_480p_60fps_10s
1477,1,none,0,0.73765459479569,0,5,1,-10,29.32159763936856,-4:4,none,1,93,2,hex,10,0,1,vbr,1,baseline,0.9859873526355616,22,20,5,2,81,11,16,2,0,2,Big_480p_60fps_10s
527,1,none,0,0.73765459479569,0,7,1,-10,11.302398815321745,-4:4,none,0,93,2,hex,10,0,1,vbr,1,baseline,0.9859873526355616,22,20,75,6,49,11,16,0,0,2,Big_480p_60fps_10s
1102,1,none,0,0.73765459479569,0,14,1,-10,29.32159763936856,-4:4,none,1,93,2,hex,10,0,1,vbr,1,baseline,0.7214316074693485,31,3,240,14,81,11,16,2,0,2,Big_480p_60fps_10s
491,0,p8x8,3,0.73765459479569,0,14,1,-10,29.32159763936856,-4:4,none,1,93,2,hex,60,0,1,cbr,1,baseline,0.9789055283372072,22,20,5,2,50,9,16,1,0,2,Big_480p_60fps_10s
1477,1,none,0,0.73765459479569,0,5,1,-10,29.32159763936856,-4:4,none,0,93,2,hex,10,0,1,vbr,1,baseline,0.9859873526355616,22,20,5,2,0,9,16,2,0,2,Big_480p_60fps_10s
1477,1,none,0,0.73765459479569,0,14,1,-10,29.32159763936856,-4:4,none,1,93,4,hex,60,0,1,none,1,baseline,0.9859873526355616,22,6,5,2,20,11,16,2,0,2,Big_480p_60fps_10s
1477,1,none,0,0.73765459479569,0,14,1,-10,29.32159763936856,-4:4,none,1,93,2,hex,60,0,1,none,1,baseline,0.9859873526355616,22,20,5,2,50,9,16,2,0,2,Big_480p_60fps_10s
1102,1,none,0,0.73765459479569,0,14,1,-10,29.32159763936856,-4:4,none,1,93,2,tesa,10,0,1,vbr,1,baseline,0.7214316074693485,25,3,141,6,49,11,16,0,0,2,Big_480p_60fps_10s
1477,1,none,0,0.73765459479569,0,14,1,-10,46.49830692952848,-2:2,spatial,1,93,4,hex,60,0,1,none,0,baseline,0.8624284552535935,22,6,5,2,20,11,16,2,0,2,Big_480p_60fps_10s
1477,1,p4x4,0,0.73765459479569,0,14,1,-10,29.32159763936856,-4:4,none,1,93,0,hex,60,0,1,none,1,baseline,0.9859873526355616,22,20,5,2,81,11,16,0,0,2,Big_480p_60fps_10s
1477,1,none,0,0.73765459479569,0,14,1,-10,29.32159763936856,6:6,none,1,93,4,hex,60,1,1,none,1,baseline,0.9859873526355616,22,19,5,2,85,11,16,2,0,2,Big_480p_60fps_10s
1102,1,none,3,0.73765459479569,0,1,1,-10,29.32159763936856,-4:4,none,1,93,2,tesa,10,0,1,vbr,1,baseline,0.7214316074693485,25,3,89,7,40,5,63,0,0,2,Big_480p_60fps_10s
1477,1,none,0,0.73765459479569,0,14,1,-10,29.32159763936856,-4:4,none,1,93,4,hex,60,0,1,cbr,1,baseline,0.9859873526355616,22,13,240,2,81,9,16,2,0,2,Big_480p_60fps_10s
527,1,none,3,0.73765459479569,0,7,1,-10,11.302398815321745,-4:4,none,0,93,2,hex,5,0,1,vbr,1,baseline,0.9859873526355616,22,20,75,6,43,11,16,0,0,2,Big_480p_60fps_10s
2172,0,p8x8,3,0.73765459479569,1,14,1,-10,29.32159763936856,-4:4,none,1,93,3,hex,60,0,1,vbr,1,baseline,0.7214316074693485,25,3,141,6,49,11,16,0,0,0,Big_480p_60fps_10s
1102,1,none,0,0.73765459479569,0,14,1,-10,29.32159763936856,-4:4,none,1,93,2,hex,60,0,1,none,1,baseline,0.623709790865616,22,20,5,2,50,9,16,1,0,2,Big_480p_60fps_10s
1102,1,none,0,0.73765459479569,0,14,1,-10,29.32159763936856,-4:4,none,1,93,2,hex,10,0,1,vbr,1,baseline,0.7214316074693485,31,6,5,2,20,11,16,2,0,2,Big_480p_60fps_10s
1477,1,none,0,1.4189887628362736,0,14,1,-10,29.32159763936856,-4:4,none,1,93,4,hex,60,0,1,cbr,1,baseline,0.9859873526355616,22,13,240,2,81,9,16,2,0,2,Big_480p_60fps_10s
1477,1,none,0,0.8520082716211679,1,14,1,1,29.32159763936856,-4:4,none,1,93,2,dia,32,0,1,vbr,1,baseline,0.9859873526355616,22,13,240,2,81,9,16,1,0,2,Still_image_720p_25fps_15s
1762,1,"p8x8,b8x8,i8x8,i4x4",0,0.73765459479569,0,14,1,-10,29.32159763936856,-1:1,none,0,93,2,hex,10,0,1,vbr,1,baseline,0.7214316074693485,31,3,5,2,81,11,16,2,0,2,Still_image_720p_25fps_15s
1762,0,p4x4,2,0.73765459479569,0,14,1,-10,16.928541766770305,-1:1,none,0,93,2,hex,61,0,1,vbr,1,baseline,0.9859873526355616,22,13,240,5,81,11,16,2,0,2,Still_image_720p_25fps_15s
1477,1,none,0,0.73765459479569,1,14,1,-10,29.32159763936856,-4:4,none,0,93,2,hex,32,0,1,vbr,1,baseline,0.9859873526355616,22,3,149,2,81,11,16,2,0,2,Still_image_720p_25fps_15s
1762,0,p4x4,2,0.73765459479569,0,14,1,-10,16.928541766770305,-1:1,none,0,93,2,esa,61,0,0,vbr,1,baseline,0.7214316074693485,31,3,5,2,81,11,16,2,0,2,Still_image_720p_25fps_15s
1762,1,"p8x8,b8x8,i8x8,i4x4",0,0.73765459479569,1,14,1,-10,29.32159763936856,-1:1,none,0,93,2,hex,10,0,1,vbr,1,baseline,0.7214316074693485,31,3,5,2,81,11,16,2,0,2,Still_image_720p_25fps_15s
1102,1,none,0,0.73765459479569,0,14,1,-10,29.32159763936856,-1:1,none,0,93,2,hex,61,0,1,vbr,1,baseline,0.9859873526355616,22,13,240,5,81,11,16,2,0,2,Still_image_720p_25fps_15s
1102,1,none,0,0.73765459479569,0,2,0,-10,29.32159763936856,-1:1,none,0,93,2,hex,10,0,1,vbr,1,baseline,0.7214316074693485,31,3,5,2,81,5,16,2,0,2,Still_image_720p_25fps_15s
1102,1,none,0,0.73765459479569,2,14,1,-10,29.32159763936856,-1:1,none,0,93,2,hex,61,0,1,vbr,1,baseline,0.9859873526355616,22,13,240,2,81,9,16,2,0,2,Still_image_720p_25fps_15s
1477,1,none,0,0.8520082716211679,1,14,1,1,29.32159763936856,-4:4,none,0,93,2,dia,32,0,1,vbr,1,baseline,0.8560696908748571,28,3,149,2,81,11,16,2,0,2,Still_image_720p_25fps_15s
1477,1,none,0,0.73765459479569,0,5,1,-10,29.32159763936856,-4:4,none,0,93,2,hex,10,0,1,vbr,1,baseline,0.9859873526355616,22,13,240,2,81,9,16,2,0,2,Still_image_720p_25fps_15s
1102,1,none,0,0.73765459479569,1,14,1,-10,29.32159763936856,-1:1,none,0,93,1,hex,61,0,1,vbr,1,baseline,0.9859873526355616,22,13,240,11,81,11,16,2,0,2,Still_image_720p_25fps_15s
1102,1,none,0,0.73765459479569,0,14,1,-12,29.32159763936856,-4:4,none,0,93,2,hex,61,0,1,vbr,1,baseline,0.9859873526355616,22,13,240,5,81,11,16,2,0,2,Still_image_720p_25fps_15s
1102,1,none,0,0.73765459479569,0,2,0,-10,29.32159763936856,-1:1,none,0,93,2,hex,10,0,1,vbr,1,baseline,0.9562827234845592,31,3,5,2,81,11,16,2,0,2,Still_image_720p_25fps_15s
1102,0,p4x4,0,0.73765459479569,0,2,0,2,29.32159763936856,2:2,none,0,93,2,hex,10,0,1,vbr,1,baseline,0.9859873526355616,22,6,5,2,20,11,16,2,1,2,Still_image_720p_25fps_15s
1477,1,none,0,0.73765459479569,1,14,1,-10,29.32159763936856,-4:4,none,0,93,2,hex,32,0,1,vbr,1,baseline,0.7214316074693485,31,3,5,2,81,5,16,2,0,2,Still_image_720p_25fps_15s
1102,1,none,0,0.73765459479569,0,2,0,-10,29.32159763936856,-1:1,none,0,93,2,hex,10,0,1,vbr,1,baseline,0.1456507447520273,22,3,149,2,81,11,16,2,0,2,Still_image_720p_25fps_15s
1477,1,none,0,0.8520082716211679,1,10,1,-10,16.928541766770305,-1:1,none,0,93,2,esa,61,0,0,vbr,1,baseline,0.7214316074693485,31,3,5,2,81,11,16,2,0,2,Still_image_720p_25fps_15s
1477,1,none,0,0.8520082716211679,1,14,0,1,29.32159763936856,-4:4,none,0,93,2,dia,41,0,1,vbr,1,baseline,0.8560696908748571,28,3,149,8,81,11,16,2,0,2,Still_image_720p_25fps_15s
1762,1,"p8x8,b8x8,i8x8,i4x4",0,1.377528620834529,0,14,0,-5,29.32159763936856,0:0,none,0,93,2,hex,10,0,1,vbr,1,baseline,0.7214316074693485,31,3,5,2,81,11,16,2,0,2,Still_image_720p_25fps_15s
1477,1,none,0,0.73765459479569,0,14,1,-10,29.32159763936856,-4:4,none,1,93,2,hex,10,0,1,vbr,1,baseline,0.9859873526355616,22,20,5,2,81,11,16,2,0,2,Big_1080p_60fps_10s
1102,1,none,0,0.73765459479569,0,14,1,-10,29.32159763936856,-4:4,none,1,93,2,tesa,10,0,1,vbr,1,baseline,0.7214316074693485,25,3,141,7,40,5,63,0,0,2,Big_1080p_60fps_10s
1477,1,none,0,0.73765459479569,0,5,1,-10,29.32159763936856,-4:4,none,1,93,2,hex,10,0,1,vbr,1,baseline,0.9859873526355616,22,20,5,2,81,11,16,2,0,2,Big_1080p_60fps_10s
527,1,none,0,0.73765459479569,0,7,1,-10,11.302398815321745,-4:4,none,0,93,2,hex,10,0,1,vbr,1,baseline,0.9859873526355616,22,20,75,6,49,11,16,0,0,2,Big_1080p_60fps_10s
1102,1,none,0,0.73765459479569,0,14,1,-10,29.32159763936856,-4:4,none,1,93,2,hex,10,0,1,vbr,1,baseline,0.7214316074693485,31,3,240,14,81,11,16,2,0,2,Big_1080p_60fps_10s
1477,1,none,0,0.73765459479569,0,14,1,-10,29.32159763936856,-4:4,none,1,93,4,hex,60,0,1,none,1,baseline,0.9859873526355616,22,6,5,2,20,11,16,2,0,2,Big_1080p_60fps_10s
491,0,p8x8,3,0.73765459479569,0,14,1,-10,29.32159763936856,-4:4,none,1,93,2,hex,60,0,1,cbr,1,baseline,0.9789055283372072,22,20,5,2,50,9,16,1,0,2,Big_1080p_60fps_10s
1477,1,none,0,0.73765459479569,0,5,1,-10,29.32159763936856,-4:4,none,0,93,2,hex,10,0,1,vbr,1,baseline,0.9859873526355616,22,20,5,2,0,9,16,2,0,2,Big_1080p_60fps_10s
1102,1,none,0,0.73765459479569,0,14,1,-10,29.32159763936856,-4:4,none,1,93,2,tesa,10,0,1,vbr,1,baseline,0.7214316074693485,25,3,141,6,49,11,16,0,0,2,Big_1080p_60fps_10s
1477,1,none,0,0.73765459479569,0,14,1,-10,29.32159763936856,-4:4,none,1,93,2,hex,60,0,1,none,1,baseline,0.9859873526355616,22,20,5,2,50,9,16,2,0,2,Big_1080p_60fps_10s
1477,1,none,0,0.73765459479569,0,14,1,-10,29.32159763936856,-4:4,none,1,93,2,hex,60,0,1,none,1,baseline,0.9859873526355616,22,20,5,2,50,9,16,2,1,2,Big_1080p_60fps_10s
1102,1,none,0,0.73765459479569,0,14,1,-10,29.32159763936856,-4:4,none,0,93,2,hex,10,0,1,vbr,1,baseline,0.9859873526355616,22,20,5,2,0,9,16,2,0,2,Big_1080p_60fps_10s
1477,1,none,0,0.5949890779589972,0,5,1,-10,29.32159763936856,-4:4,none,1,93,2,hex,10,0,1,vbr,1,baseline,0.7214316074693485,30,3,134,14,81,11,16,1,0,2,Big_1080p_60fps_10s
1102,1,none,0,0.73765459479569,0,14,1,-10,29.32159763936856,-4:4,none,1,93,2,hex,10,0,1,vbr,1,baseline,0.8737280632491912,31,3,240,14,81,11,16,2,0,2,Big_1080p_60fps_10s
1477,1,none,3,0.73765459479569,0,14,1,-10,29.32159763936856,-4:4,none,1,93,4,hex,60,0,0,none,1,baseline,0.9859873526355616,22,6,5,2,20,11,16,2,1,2,Big_1080p_60fps_10s
1102,1,none,0,0.5949890779589972,0,5,1,-10,29.32159763936856,-4:4,none,1,93,2,hex,56,0,0,vbr,1,baseline,0.7214316074693485,49,3,140,14,81,11,16,1,0,2,Big_1080p_60fps_10s
1477,1,none,0,0.73765459479569,0,14,1,-10,29.32159763936856,-4:4,none,1,93,2,hex,60,1,1,none,1,baseline,0.9859873526355616,32,20,5,2,50,9,16,2,0,2,Big_1080p_60fps_10s
1477,1,none,0,0.73765459479569,0,7,1,-10,29.32159763936856,-4:4,none,1,93,2,hex,10,0,1,vbr,1,baseline,0.9859873526355616,22,20,5,2,81,11,16,2,0,2,Big_1080p_60fps_10s
1477,1,none,0,0.73765459479569,0,14,1,-10,29.32159763936856,0:0,none,1,93,2,hex,60,1,1,none,1,baseline,0.9859873526355616,22,20,5,2,81,11,16,2,0,2,Big_1080p_60fps_10s
491,0,p8x8,3,0.73765459479569,0,14,1,-10,29.32159763936856,-4:4,none,1,93,2,hex,60,0,1,cbr,1,baseline,0.7214316074693485,30,3,134,3,81,11,16,1,0,2,Big_1080p_60fps_10s
1477,1,none,0,0.73765459479569,0,14,1,-10,29.32159763936856,-4:4,none,1,93,2,hex,10,0,1,vbr,1,baseline,0.9859873526355616,22,20,5,2,81,11,16,2,0,2,Big_480p_60fps_20s
1102,1,none,0,0.73765459479569,0,14,1,-10,29.32159763936856,-4:4,none,1,93,2,tesa,10,0,1,vbr,1,baseline,0.7214316074693485,25,3,141,7,40,5,63,0,0,2,Big_480p_60fps_20s
1477,1,none,0,0.73765459479569,0,5,1,-10,29.32159763936856,-4:4,none,1,93,2,hex,10,0,1,vbr,1,baseline,0.9859873526355616,22,20,5,2,81,11,16,2,0,2,Big_480p_60fps_20s
527,1,none,0,0.73765459479569,0,7,1,-10,11.302398815321745,-4:4,none,0,93,2,hex,10,0,1,vbr,1,baseline,0.9859873526355616,22,20,75,6,49,11,16,0,0,2,Big_480p_60fps_20s
1102,1,none,0,0.73765459479569,0,14,1,-10,29.32159763936856,-4:4,none,1,93,2,hex,10,0,1,vbr,1,baseline,0.7214316074693485,31,3,240,14,81,11,16,2,0,2,Big_480p_60fps_20s
1477,1,none,0,0.73765459479569,0,14,1,-10,29.32159763936856,-4:4,none,1,93,4,hex,60,0,1,none,1,baseline,0.9859873526355616,22,6,5,2,20,11,16,2,0,2,Big_480p_60fps_20s
491,0,p8x8,3,0.73765459479569,0,14,1,-10,29.32159763936856,-4:4,none,1,93,2,hex,60,0,1,cbr,1,baseline,0.9789055283372072,22,20,5,2,50,9,16,1,0,2,Big_480p_60fps_20s
1477,1,none,0,0.73765459479569,0,5,1,-10,29.32159763936856,-4:4,none,0,93,2,hex,10,0,1,vbr,1,baseline,0.9859873526355616,22,20,5,2,0,9,16,2,0,2,Big_480p_60fps_20s
1102,1,none,0,0.73765459479569,0,14,1,-10,29.32159763936856,-4:4,none,1,93,2,tesa,10,0,1,vbr,1,baseline,0.7214316074693485,25,3,141,6,49,11,16,0,0,2,Big_480p_60fps_20s
1477,1,none,0,0.73765459479569,0,14,1,-10,29.32159763936856,-4:4,none,1,93,2,hex,60,0,1,none,1,baseline,0.9859873526355616,22,20,5,2,50,9,16,2,0,2,Big_480p_60fps_20s
1477,1,none,0,0.73765459479569,0,14,1,-10,27.161539979237823,-4:4,none,1,93,4,hex,32,0,1,vbr,1,baseline,0.9859873526355616,22,3,141,6,49,11,16,0,0,2,Big_480p_60fps_20s
1477,1,none,0,0.73765459479569,0,14,1,-10,29.32159763936856,-4:4,none,1,93,4,hex,60,0,1,none,0,baseline,0.9859873526355616,22,6,5,14,86,11,1,2,0,2,Big_480p_60fps_20s
1477,1,none,1,0.73765459479569,0,14,1,-10,29.32159763936856,-4:4,none,1,93,2,hex,10,0,1,vbr,1,baseline,0.9859873526355616,22,20,5,2,81,11,16,2,0,2,Big_480p_60fps_20s
1477,1,none,0,0.73765459479569,1,14,0,-10,29.32159763936856,6:6,none,1,93,2,hex,60,0,1,vbr,1,baseline,0.9859873526355616,22,3,132,6,49,11,16,0,0,2,Big_480p_60fps_20s
527,1,none,0,0.73765459479569,0,7,1,-10,29.32159763936856,-4:4,none,1,93,2,hex,60,0,0,none,1,baseline,0.9859873526355616,22,20,5,2,50,9,16,2,0,2,Big_480p_60fps_20s
491,0,p8x8,3,0.73765459479569,0,14,1,-10,29.32159763936856,-4:4,none,1,93,2,hex,60,0,1,cbr,1,baseline,0.9789055283372072,22,3,5,2,50,9,64,0,0,2,Big_480p_60fps_20s
1507,0,none,0,0.73765459479569,0,14,1,-10,29.32159763936856,-4:4,none,1,93,2,hex,60,0,1,vbr,1,baseline,0.8012340319498198,22,20,5,2,49,11,16,0,0,2,Big_480p_60fps_20s
1477,1,none,0,0.73765459479569,0,14,1,-10,27.161539979237823,-4:4,none,1,93,4,hex,32,0,1,vbr,1,baseline,0.9859873526355616,22,3,141,6,50,9,16,2,0,2,Big_480p_60fps_20s
1477,1,none,0,0.73765459479569,0,14,1,-10,29.32159763936856,-4:4,none,1,152,4,hex,60,0,1,none,0,baseline,0.9859873526355616,22,6,5,14,86,11,1,2,0,2,Big_480p_60fps_20s
1477,1,none,0,0.73765459479569,0,14,1,-10,27.161539979237823,-4:4,none,1,93,4,hex,32,0,1,vbr,1,baseline,0.9859873526355616,22,3,141,9,49,11,16,2,0,2,Big_480p_60fps_20s
1762,1,"p8x8,b8x8,i8x8,i4x4",0,0.73765459479569,0,14,1,-10,29.32159763936856,-1:1,none,0,93,2,hex,10,0,1,vbr,1,baseline,0.7214316074693485,31,3,5,2,81,11,16,2,0,2,Still_image_1080p_30fps_15s
1762,0,p4x4,2,0.73765459479569,0,14,1,-10,16.928541766770305,-1:1,none,0,93,2,hex,61,0,1,vbr,1,baseline,0.9859873526355616,22,13,240,5,81,11,16,2,0,2,Still_image_1080p_30fps_15s
1477,1,none,0,0.73765459479569,1,14,1,-10,29.32159763936856,-4:4,none,0,93,2,hex,32,0,1,vbr,1,baseline,0.9859873526355616,22,3,149,2,81,11,16,2,0,2,Still_image_1080p_30fps_15s
1762,0,p4x4,2,0.73765459479569,0,14,1,-10,16.928541766770305,-1:1,none,0,93,2,esa,61,0,0,vbr,1,baseline,0.7214316074693485,31,3,5,2,81,11,16,2,0,2,Still_image_1080p_30fps_15s
1762,1,"p8x8,b8x8,i8x8,i4x4",0,0.73765459479569,1,14,1,-10,29.32159763936856,-1:1,none,0,93,2,hex,10,0,1,vbr,1,baseline,0.7214316074693485,31,3,5,2,81,11,16,2,0,2,Still_image_1080p_30fps_15s
1102,1,none,0,0.73765459479569,0,14,1,-10,29.32159763936856,-1:1,none,0,93,2,hex,61,0,1,vbr,1,baseline,0.9859873526355616,22,13,240,5,81,11,16,2,0,2,Still_image_1080p_30fps_15s
1102,1,none,0,0.73765459479569,2,14,1,-10,29.32159763936856,-1:1,none,0,93,2,hex,61,0,1,vbr,1,baseline,0.9859873526355616,22,13,240,2,81,9,16,2,0,2,Still_image_1080p_30fps_15s
1477,1,none,0,0.8520082716211679,1,14,1,1,29.32159763936856,-4:4,none,0,93,2,dia,32,0,1,vbr,1,baseline,0.8560696908748571,28,3,149,2,81,11,16,2,0,2,Still_image_1080p_30fps_15s
1102,1,none,0,0.73765459479569,0,2,0,-10,29.32159763936856,-1:1,none,0,93,2,hex,10,0,1,vbr,1,baseline,0.7214316074693485,31,3,5,2,81,5,16,2,0,2,Still_image_1080p_30fps_15s
1102,1,none,0,0.73765459479569,2,14,0,-10,29.32159763936856,-1:1,none,0,93,2,hex,61,0,1,vbr,1,baseline,0.9859873526355616,22,13,240,2,81,9,14,2,1,2,Still_image_1080p_30fps_15s
1762,1,p4x4,0,0.73765459479569,0,14,1,-10,29.32159763936856,-4:4,none,0,93,2,hex,32,1,1,vbr,1,baseline,0.9859873526355616,22,3,149,2,81,11,16,1,0,2,Still_image_1080p_30fps_15s
1477,1,none,0,0.8520082716211679,1,14,0,1,29.32159763936856,-1:1,none,0,93,2,hex,61,0,0,vbr,1,baseline,0.9859873526355616,22,13,240,5,81,11,16,2,0,1,Still_image_1080p_30fps_15s
393,1,none,0,0.7331624604709461,0,14,1,-10,18.445442229444044,-4:4,none,1,93,2,hex,60,0,0,vbr,1,baseline,0.7214316074693485,31,3,5,2,76,11,16,2,0,2,Still_image_1080p_30fps_15s
1477,1,none,0,0.73765459479569,0,5,1,-10,29.32159763936856,-4:4,none,0,93,2,esa,61,0,0,vbr,1,baseline,0.7214316074693485,31,20,5,2,81,11,16,2,0,2,Still_image_1080p_30fps_15s
1762,0,none,0,0.8520082716211679,1,12,0,1,29.32159763936856,-2:2,none,0,93,2,hex,61,0,1,vbr,1,baseline,0.9859873526355616,22,13,240,5,84,11,16,1,0,1,Still_image_1080p_30fps_15s
1102,0,none,0,0.73765459479569,0,14,1,-9,21.944948587837445,-1:1,none,0,93,2,hex,61,0,0,vbr,1,baseline,0.7214316074693485,31,3,5,2,81,11,50,2,0,2,Still_image_1080p_30fps_15s
1499,1,none,1,0.73765459479569,1,14,0,-10,29.32159763936856,-1:1,none,0,93,2,hex,61,0,1,vbr,1,baseline,0.9859873526355616,28,3,149,2,81,11,16,2,0,2,Still_image_1080p_30fps_15s
1477,1,none,0,0.1010842381336602,1,14,1,-10,29.32159763936856,-4:4,none,0,93,1,hex,32,0,0,vbr,1,baseline,0.9859873526355616,22,3,5,2,81,11,16,2,0,2,Still_image_1080p_30fps_15s
2262,1,none,1,0.73765459479569,1,14,0,-10,29.32159763936856,-1:1,none,0,93,1,hex,61,0,1,vbr,1,main,0.9859873526355616,28,3,149,2,81,11,16,2,0,2,Still_image_1080p_30fps_15s
1762,1,p4x4,0,0.699790628039117,0,14,1,-10,29.32159763936856,-4:4,none,0,93,2,hex,32,1,0,vbr,1,baseline,0.9859873526355616,22,3,149,2,81,11,16,1,0,2,Still_image_1080p_30fps_15s
1477,1,none,0,0.8520082716211679,1,14,1,1,29.32159763936856,-4:4,none,1,93,2,dia,32,0,1,vbr,1,baseline,0.9859873526355616,22,13,240,2,81,9,16,1,0,2,Standard_1080p_25fps_10s
1762,1,"p8x8,b8x8,i8x8,i4x4",0,0.73765459479569,0,14,1,-10,29.32159763936856,-1:1,none,0,93,2,hex,10,0,1,vbr,1,baseline,0.7214316074693485,31,3,5,2,81,11,16,2,0,2,Standard_1080p_25fps_10s
1762,0,p4x4,2,0.73765459479569,0,14,1,-10,16.928541766770305,-1:1,none,0,93,2,hex,61,0,1,vbr,1,baseline,0.9859873526355616,22,13,240,5,81,11,16,2,0,2,Standard_1080p_25fps_10s
1477,1,none,0,0.73765459479569,1,14,1,-10,29.32159763936856,-4:4,none,0,93,2,hex,32,0,1,vbr,1,baseline,0.9859873526355616,22,3,149,2,81,11,16,2,0,2,Standard_1080p_25fps_10s
1762,1,"p8x8,b8x8,i8x8,i4x4",0,0.73765459479569,1,14,1,-10,29.32159763936856,-1:1,none,0,93,2,hex,10,0,1,vbr,1,baseline,0.7214316074693485,31,3,5,2,81,11,16,2,0,2,Standard_1080p_25fps_10s
1762,0,p4x4,2,0.73765459479569,0,14,1,-10,16.928541766770305,-1:1,none,0,93,2,esa,61,0,0,vbr,1,baseline,0.7214316074693485,31,3,5,2,81,11,16,2,0,2,Standard_1080p_25fps_10s
1102,1,none,0,0.73765459479569,0,14,1,-10,29.32159763936856,-1:1,none,0,93,2,hex,61,0,1,vbr,1,baseline,0.9859873526355616,22,13,240,5,81,11,16,2,0,2,Standard_1080p_25fps_10s
1102,1,none,0,0.73765459479569,0,2,0,-10,29.32159763936856,-1:1,none,0,93,2,hex,10,0,1,vbr,1,baseline,0.7214316074693485,31,3,5,2,81,5,16,2,0,2,Standard_1080p_25fps_10s
1102,1,none,0,0.73765459479569,2,14,1,-10,29.32159763936856,-1:1,none,0,93,2,hex,61,0,1,vbr,1,baseline,0.9859873526355616,22,13,240,2,81,9,16,2,0,2,Standard_1080p_25fps_10s
1477,1,none,0,0.8520082716211679,1,14,1,1,29.32159763936856,-4:4,none,0,93,2,dia,32,0,1,vbr,1,baseline,0.8560696908748571,28,3,149,2,81,11,16,2,0,2,Standard_1080p_25fps_10s
1477,1,none,0,0.8520082716211679,1,14,1,1,29.32159763936856,-1:1,none,0,93,2,hex,27,0,1,vbr,1,baseline,0.9859873526355616,22,13,240,2,81,9,16,2,0,2,Standard_1080p_25fps_10s
1102,1,none,0,0.73765459479569,1,2,0,-10,34.69620900095657,-1:1,none,0,93,2,hex,10,1,1,vbr,0,baseline,0.7214316074693485,31,7,99,3,100,5,16,2,0,2,Standard_1080p_25fps_10s
1762,1,p8x8,0,0.73765459479569,0,8,1,-10,29.32159763936856,-1:1,none,0,21,2,hex,10,0,0,vbr,1,baseline,0.7214316074693485,31,3,5,2,81,11,16,2,0,2,Standard_1080p_25fps_10s
1477,1,none,0,0.342291154985674,1,14,1,1,29.32159763936856,0:0,none,0,93,1,dia,29,0,1,vbr,1,baseline,0.9859873526355616,22,13,240,5,81,11,16,2,0,2,Standard_1080p_25fps_10s
1102,1,none,0,0.73765459479569,0,14,1,2,29.32159763936856,-1:1,none,0,93,2,hex,61,0,1,vbr,1,baseline,0.8560696908748571,30,3,149,6,81,11,16,2,0,2,Standard_1080p_25fps_10s
1102,1,none,0,0.73765459479569,0,2,0,-10,29.32159763936856,-1:1,none,0,93,2,hex,10,0,1,vbr,1,baseline,0.7214316074693485,31,3,99,3,100,5,16,2,0,2,Standard_1080p_25fps_10s
1477,1,none,0,0.73765459479569,1,14,1,-10,29.32159763936856,-4:4,none,0,93,2,hex,32,0,1,vbr,1,baseline,0.9859873526355616,22,3,240,5,81,11,39,2,0,1,Standard_1080p_25fps_10s
1102,1,none,0,0.73765459479569,2,14,1,-10,29.32159763936856,-1:1,none,0,93,3,esa,61,0,0,vbr,1,baseline,0.7214316074693485,31,3,5,2,15,11,16,2,0,2,Standard_1080p_25fps_10s
1477,1,none,0,0.8520082716211679,1,3,1,1,29.32159763936856,-4:4,none,0,93,3,hex,61,0,1,vbr,1,baseline,0.9859873526355616,22,13,17,5,81,11,16,2,0,2,Standard_1080p_25fps_10s
1477,1,none,0,0.342291154985674,1,14,1,1,29.32159763936856,0:0,none,0,93,1,dia,29,0,0,vbr,1,baseline,0.9859873526355616,22,13,240,5,81,11,16,2,0,2,Standard_1080p_25fps_10s
1477,1,none,0,0.73765459479569,0,14,1,-10,29.32159763936856,-4:4,none,1,93,2,hex,10,0,1,vbr,1,baseline,0.9859873526355616,22,20,5,2,81,11,16,2,0,2,Action_480p_25fps_15s
1102,1,none,0,0.73765459479569,0,14,1,-10,29.32159763936856,-4:4,none,1,93,2,tesa,10,0,1,vbr,1,baseline,0.7214316074693485,25,3,141,7,40,5,63,0,0,2,Action_480p_25fps_15s
1477,1,none,0,0.73765459479569,0,5,1,-10,29.32159763936856,-4:4,none,1,93,2,hex,10,0,1,vbr,1,baseline,0.9859873526355616,22,20,5,2,81,11,16,2,0,2,Action_480p_25fps_15s
527,1,none,0,0.73765459479569,0,7,1,-10,11.302398815321745,-4:4,none,0,93,2,hex,10,0,1,vbr,1,baseline,0.9859873526355616,22,20,75,6,49,11,16,0,0,2,Action_480p_25fps_15s
1102,1,none,0,0.73765459479569,0,14,1,-10,29.32159763936856,-4:4,none,1,93,2,hex,10,0,1,vbr,1,baseline,0.7214316074693485,31,3,240,14,81,11,16,2,0,2,Action_480p_25fps_15s
1477,1,none,0,0.73765459479569,0,14,1,-10,29.32159763936856,-4:4,none,1,93,4,hex,60,0,1,none,1,baseline,0.9859873526355616,22,6,5,2,20,11,16,2,0,2,Action_480p_25fps_15s
491,0,p8x8,3,0.73765459479569,0,14,1,-10,29.32159763936856,-4:4,none,1,93,2,hex,60,0,1,cbr,1,baseline,0.9789055283372072,22,20,5,2,50,9,16,1,0,2,Action_480p_25fps_15s
1477,1,none,0,0.73765459479569,0,5,1,-10,29.32159763936856,-4:4,none,0,93,2,hex,10,0,1,vbr,1,baseline,0.9859873526355616,22,20,5,2,0,9,16,2,0,2,Action_480p_25fps_15s
1102,1,none,0,0.73765459479569,0,14,1,-10,29.32159763936856,-4:4,none,1,93,2,tesa,10,0,1,vbr,1,baseline,0.7214316074693485,25,3,141,6,49,11,16,0,0,2,Action_480p_25fps_15s
1477,1,none,0,0.73765459479569,0,14,1,-10,29.32159763936856,-4:4,none,1,93,2,hex,60,0,1,none,1,baseline,0.9859873526355616,22,20,5,2,50,9,16,2,0,2,Action_480p_25fps_15s
1477,1,none,0,0.73765459479569,0,5,1,-10,29.32159763936856,-4:4,none,0,93,2,hex,34,0,1,vbr,1,baseline,0.9859873526355616,47,20,5,2,0,9,16,2,0,2,Action_480p_25fps_15s
1477,1,none,0,0.73765459479569,0,14,1,-10,29.32159763936856,-4:4,none,1,93,2,hex,10,0,1,vbr,1,baseline,0.9859873526355616,22,20,120,2,81,11,16,2,0,2,Action_480p_25fps_15s
1477,1,none,0,0.73765459479569,0,5,1,-10,29.32159763936856,-4:4,none,0,93,1,hex,34,0,1,vbr,1,baseline,0.9859873526355616,22,20,5,11,0,9,16,2,0,2,Action_480p_25fps_15s
527,1,none,0,0.73765459479569,0,14,1,-10,29.32159763936856,-4:4,none,1,93,2,hex,60,0,1,none,1,baseline,0.9859873526355616,22,20,5,2,50,9,16,2,0,2,Action_480p_25fps_15s
1477,1,none,0,0.73765459479569,0,14,1,-10,29.32159763936856,-4:4,none,1,93,2,hex,10,0,1,vbr,1,baseline,0.9859873526355616,22,20,5,2,81,11,16,1,0,2,Action_480p_25fps_15s
1102,1,none,2,0.73765459479569,0,14,1,-10,29.32159763936856,-4:4,none,1,93,2,tesa,34,0,1,vbr,1,baseline,0.9859873526355616,47,20,5,2,0,9,16,2,0,2,Action_480p_25fps_15s
1102,1,none,0,0.73765459479569,0,14,1,-10,29.32159763936856,2:-2,none,1,93,2,hex,60,0,0,none,1,baseline,0.9789055283372072,22,20,5,2,50,9,16,1,0,2,Action_480p_25fps_15s
1102,1,none,3,0.73765459479569,0,14,1,-10,29.32159763936856,6:-6,none,1,93,2,tesa,10,0,1,cbr,1,baseline,0.7214316074693485,25,3,141,7,40,5,63,0,0,2,Action_480p_25fps_15s
1477,1,none,0,0.73765459479569,0,5,0,8,29.32159763936856,-4:4,none,1,93,2,hex,60,0,1,none,1,baseline,0.9859873526355616,46,20,5,5,50,9,16,2,0,2,Action_480p_25fps_15s
1477,1,none,0,0.070254414822467,0,14,1,-10,29.32159763936856,-4:4,none,1,93,2,hex,60,0,1,none,1,baseline,0.9859873526355616,22,20,120,2,81,11,16,2,0,2,Action_480p_25fps_15s
1477,1,none,0,0.73765459479569,0,14,1,-10,29.32159763936856,-4:4,none,1,93,2,hex,10,0,1,vbr,1,baseline,0.9859873526355616,22,20,5,2,81,11,16,2,0,2,Big_720p_25fps_20s
1102,1,none,0,0.73765459479569,0,14,1,-10,29.32159763936856,-4:4,none,1,93,2,tesa,10,0,1,vbr,1,baseline,0.7214316074693485,25,3,141,7,40,5,63,0,0,2,Big_720p_25fps_20s
1477,1,none,0,0.73765459479569,0,5,1,-10,29.32159763936856,-4:4,none,1,93,2,hex,10,0,1,vbr,1,baseline,0.9859873526355616,22,20,5,2,81,11,16,2,0,2,Big_720p_25fps_20s
527,1,none,0,0.73765459479569,0,7,1,-10,11.302398815321745,-4:4,none,0,93,2,hex,10,0,1,vbr,1,baseline,0.9859873526355616,22,20,75,6,49,11,16,0,0,2,Big_720p_25fps_20s
1102,1,none,0,0.73765459479569,0,14,1,-10,29.32159763936856,-4:4,none,1,93,2,hex,10,0,1,vbr,1,baseline,0.7214316074693485,31,3,240,14,81,11,16,2,0,2,Big_720p_25fps_20s
491,0,p8x8,3,0.73765459479569,0,14,1,-10,29.32159763936856,-4:4,none,1,93,2,hex,60,0,1,cbr,1,baseline,0.9789055283372072,22,20,5,2,50,9,16,1,0,2,Big_720p_25fps_20s
1477,1,none,0,0.73765459479569,0,14,1,-10,29.32159763936856,-4:4,none,1,93,4,hex,60,0,1,none,1,baseline,0.9859873526355616,22,6,5,2,20,11,16,2,0,2,Big_720p_25fps_20s
1477,1,none,0,0.73765459479569,0,5,1,-10,29.32159763936856,-4:4,none,0,93,2,hex,10,0,1,vbr,1,baseline,0.9859873526355616,22,20,5,2,0,9,16,2,0,2,Big_720p_25fps_20s
1102,1,none,0,0.73765459479569,0,14,1,-10,29.32159763936856,-4:4,none,1,93,2,tesa,10,0,1,vbr,1,baseline,0.7214316074693485,25,3,141,6,49,11,16,0,0,2,Big_720p_25fps_20s
1477,1,none,0,0.73765459479569,0,14,1,-10,29.32159763936856,-4:4,none,1,93,2,hex,60,0,1,none,1,baseline,0.9859873526355616,22,20,5,2,50,9,16,2,0,2,Big_720p_25fps_20s
1477,0,all,0,0.73765459479569,0,14,1,-10,29.32159763936856,-4:4,none,1,93,4,hex,60,0,1,none,1,baseline,0.9859873526355616,22,13,240,2,81,9,16,1,0,2,Big_720p_25fps_20s
527,1,none,0,0.73765459479569,0,7,1,-10,22.79308128710138,-4:4,none,0,93,2,hex,10,0,1,vbr,1,baseline,0.9859873526355616,22,20,75,6,49,11,16,0,0,2,Big_720p_25fps_20s
1477,1,none,2,0.73765459479569,0,5,1,-10,35.433469488217966,-4:4,none,1,93,2,hex,10,0,1,vbr,1,baseline,0.9859873526355616,22,20,36,7,40,5,63,0,0,2,Big_720p_25fps_20s
1477,1,none,3,0.73765459479569,0,14,1,-10,29.32159763936856,-4:4,auto,1,93,2,hex,60,0,1,none,1,baseline,0.9859873526355616,22,20,240,2,89,9,16,1,0,2,Big_720p_25fps_20s
527,1,none,0,0.73765459479569,0,2,1,-7,29.32159763936856,-4:4,none,1,93,4,hex,60,0,1,cbr,1,high,0.9789055283372072,22,9,5,2,28,7,16,1,0,2,Big_720p_25fps_20s
1477,1,none,0,0.73765459479569,0,5,1,-10,37.70847627529538,-4:4,none,1,93,2,tesa,10,0,1,vbr,1,baseline,0.7214316074693485,25,3,141,6,49,11,16,0,0,2,Big_720p_25fps_20s
1477,1,none,2,0.73765459479569,0,5,1,-10,6.912485498238455,-4:4,none,1,93,2,hex,10,0,1,cbr,1,baseline,0.9859873526355616,22,13,240,5,81,3,16,2,0,2,Big_720p_25fps_20s
1477,1,none,0,0.73765459479569,0,14,1,-9,29.32159763936856,-4:4,none,1,93,4,hex,60,0,1,none,1,baseline,0.9859873526355616,22,6,5,10,20,11,16,2,0,2,Big_720p_25fps_20s
1477,1,none,0,0.73765459479569,0,14,0,-10,29.32159763936856,-4:4,none,1,469,2,hex,60,0,1,none,1,baseline,0.9859873526355616,31,20,5,2,50,9,16,2,0,2,Big_720p_25fps_20s
1477,0,none,2,0.73765459479569,0,5,1,-10,35.433469488217966,-4:4,auto,1,93,4,hex,48,0,1,none,1,baseline,0.9859873526355616,22,13,240,2,30,9,32,1,0,2,Big_720p_25fps_20s
1477,1,none,0,0.8520082716211679,1,14,1,1,29.32159763936856,-4:4,none,1,93,2,dia,32,0,1,vbr,1,baseline,0.9859873526355616,22,13,240,2,81,9,16,1,0,2,Still_image_480p_25fps_10s
1477,1,none,0,0.8520082716211679,1,14,1,0,29.32159763936856,-4:4,none,1,93,2,dia,32,0,1,vbr,1,baseline,0.9859873526355616,22,13,240,2,81,9,16,1,0,1,Still_image_480p_25fps_10s
1477,0,none,0,0.73765459479569,2,5,1,-11,29.32159763936856,-4:4,none,1,93,0,hex,10,0,1,vbr,1,baseline,0.9859873526355616,22,20,75,6,49,2,16,0,0,2,Still_image_480p_25fps_10s
1477,1,none,0,0.8520082716211679,0,14,1,1,28.72712341945474,-4:4,none,1,93,2,dia,32,0,1,vbr,1,baseline,0.9859873526355616,22,20,75,4,49,11,16,0,0,2,Still_image_480p_25fps_10s
1477,1,none,0,0.8520082716211679,1,14,1,1,29.32159763936856,-4:4,none,1,93,2,dia,32,0,1,vbr,0,baseline,0.9859873526355616,22,13,240,2,81,9,16,1,0,2,Still_image_480p_25fps_10s
527,1,none,0,0.73765459479569,0,7,1,-10,11.302398815321745,-4:4,none,0,93,2,hex,10,0,1,vbr,1,baseline,0.9859873526355616,22,20,75,6,49,11,16,0,0,2,Still_image_480p_25fps_10s
1477,1,none,0,0.73765459479569,0,14,1,-10,29.32159763936856,-4:4,none,1,93,2,hex,10,0,1,vbr,1,baseline,0.9859873526355616,22,20,5,2,81,11,16,2,0,2,Still_image_480p_25fps_10s
1102,1,none,0,0.73765459479569,0,14,1,-10,29.32159763936856,-4:4,none,1,93,2,tesa,10,0,1,vbr,1,baseline,0.7214316074693485,25,3,141,7,40,5,63,0,0,2,Still_image_480p_25fps_10s
1102,1,none,0,0.73765459479569,0,14,1,-10,29.32159763936856,-4:4,none,1,93,2,hex,10,0,1,vbr,1,baseline,0.7214316074693485,31,3,240,14,81,11,16,2,0,2,Still_image_480p_25fps_10s
1477,1,none,0,0.73765459479569,0,5,1,-10,29.32159763936856,-4:4,none,1,93,2,hex,10,0,1,vbr,1,baseline,0.9859873526355616,22,20,5,2,81,11,16,2,0,2,Still_image_480p_25fps_10s
491,0,p8x8,3,0.73765459479569,0,14,1,-10,29.32159763936856,-4:4,none,1,93,2,hex,60,0,1,cbr,1,baseline,0.9789055283372072,22,20,5,2,50,9,16,1,0,2,Still_image_480p_25fps_10s
1477,1,none,0,0.73765459479569,0,5,1,-10,29.32159763936856,-4:4,none,0,93,2,hex,10,0,1,vbr,1,baseline,0.9859873526355616,22,20,5,2,0,9,16,2,0,2,Still_image_480p_25fps_10s
1477,1,none,0,0.73765459479569,0,14,1,-10,29.32159763936856,-4:4,none,1,93,4,hex,60,0,1,none,1,baseline,0.9859873526355616,22,6,5,2,20,11,16,2,0,2,Still_image_480p_25fps_10s
1102,1,none,0,0.73765459479569,0,14,1,-10,29.32159763936856,-4:4,none,1,93,2,tesa,10,0,1,vbr,1,baseline,0.7214316074693485,25,3,141,6,49,11,16,0,0,2,Still_image_480p_25fps_10s
1477,1,none,0,0.73765459479569,0,14,1,-10,29.32159763936856,-4:4,none,1,93,2,hex,60,0,1,none,1,baseline,0.9859873526355616,22,20,5,2,50,9,16,2,0,2,Still_image_480p_25fps_10s
1477,1,none,0,0.73765459479569,0,5,1,-11,29.32159763936856,-4:4,none,1,93,2,hex,10,0,1,vbr,1,baseline,0.9859873526355616,22,20,5,2,0,9,16,2,0,2,Still_image_480p_25fps_10s
1477,1,none,0,0.73765459479569,0,6,1,-10,29.32159763936856,-4:4,none,1,93,3,hex,10,0,1,vbr,1,baseline,0.7214316074693485,31,3,240,14,81,11,16,2,0,2,Still_image_480p_25fps_10s
1273,0,p8x8,3,0.881329084536059,0,14,1,-10,29.32159763936856,-4:4,none,1,93,2,hex,10,0,1,vbr,1,baseline,0.9859873526355616,22,20,75,6,49,11,16,0,0,2,Still_image_480p_25fps_10s
1477,1,none,0,0.1014425253436275,0,6,1,5,27.245407558236742,-4:4,spatial,1,93,3,hex,10,0,1,vbr,1,baseline,0.7214316074693485,25,3,141,7,40,7,63,0,0,2,Still_image_480p_25fps_10s
1477,1,none,0,0.73765459479569,0,14,1,-10,29.32159763936856,-4:4,spatial,1,93,4,hex,60,0,1,none,1,baseline,0.9859873526355616,22,20,75,6,49,11,16,2,0,2,Still_image_480p_25fps_10s
1477,1,none,0,0.8520082716211679,1,14,1,1,29.32159763936856,-4:4,none,1,93,2,dia,32,0,1,vbr,1,baseline,0.9859873526355616,22,13,240,2,81,9,16,1,0,2,Action_1080p_25fps_5s
1477,1,none,0,1.2352523734581566,1,14,1,1,29.32159763936856,-4:4,none,1,20,2,dia,32,0,1,vbr,1,baseline,0.9859873526355616,22,13,240,2,81,9,16,1,0,2,Action_1080p_25fps_5s
1477,1,none,0,0.73765459479569,0,14,1,-10,29.32159763936856,-4:4,none,1,93,2,hex,10,0,1,vbr,1,baseline,0.9859873526355616,22,20,5,2,81,11,16,2,0,2,Action_1080p_25fps_5s
1102,1,none,0,0.73765459479569,0,14,1,-10,29.32159763936856,-4:4,none,1,93,2,tesa,10,0,1,vbr,1,baseline,0.7214316074693485,25,3,141,7,40,5,63,0,0,2,Action_1080p_25fps_5s
1477,1,none,0,0.73765459479569,0,5,1,-10,29.32159763936856,-4:4,none,1,93,2,hex,10,0,1,vbr,1,baseline,0.9859873526355616,22,20,5,2,81,11,16,2,0,2,Action_1080p_25fps_5s
527,1,none,0,0.73765459479569,0,7,1,-10,11.302398815321745,-4:4,none,0,93,2,hex,10,0,1,vbr,1,baseline,0.9859873526355616,22,20,75,6,49,11,16,0,0,2,Action_1080p_25fps_5s
1102,1,none,0,0.73765459479569,0,14,1,-10,29.32159763936856,-4:4,none,1,93,2,hex,10,0,1,vbr,1,baseline,0.7214316074693485,31,3,240,14,81,11,16,2,0,2,Action_1080p_25fps_5s
1477,1,none,0,0.73765459479569,0,5,1,-10,29.32159763936856,-4:4,none,0,93,2,hex,10,0,1,vbr,1,baseline,0.9859873526355616,22,20,5,2,0,9,16,2,0,2,Action_1080p_25fps_5s
491,0,p8x8,3,0.73765459479569,0,14,1,-10,29.32159763936856,-4:4,none,1,93,2,hex,60,0,1,cbr,1,baseline,0.9789055283372072,22,20,5,2,50,9,16,1,0,2,Action_1080p_25fps_5s
1477,1,none,0,0.73765459479569,0,14,1,-10,29.32159763936856,-4:4,none,1,93,4,hex,60,0,1,none,1,baseline,0.9859873526355616,22,6,5,2,20,11,16,2,0,2,Action_1080p_25fps_5s
1102,1,none,0,0.73765459479569,0,14,1,-10,29.32159763936856,-4:4,none,1,93,2,tesa,10,0,1,vbr,1,baseline,0.7214316074693485,25,3,141,6,49,11,16,0,0,2,Action_1080p_25fps_5s
1477,1,none,0,0.73765459479569,0,14,1,-10,29.32159763936856,-4:4,none,1,93,2,hex,60,0,1,none,1,baseline,0.9859873526355616,22,20,5,2,50,9,16,2,0,2,Action_1080p_25fps_5s
1477,1,none,0,0.73765459479569,0,14,1,-10,29.32159763936856,-4:4,none,1,93,2,esa,7,0,1,none,1,baseline,0.9859873526355616,22,20,5,4,85,9,16,0,0,2,Action_1080p_25fps_5s
491,0,p8x8,3,0.73765459479569,0,14,1,-10,29.32159763936856,-4:4,none,1,93,2,hex,60,0,1,cbr,1,baseline,0.9789055283372072,22,20,5,2,50,9,16,2,0,2,Action_1080p_25fps_5s
527,1,none,0,0.73765459479569,0,7,1,-10,11.302398815321745,6:-6,none,0,93,2,hex,10,0,1,vbr,1,baseline,0.9859873526355616,22,19,75,6,50,9,16,1,0,2,Action_1080p_25fps_5s
491,1,p8x8,3,0.73765459479569,0,14,1,-10,29.32159763936856,-4:4,none,1,295,2,hex,60,0,1,cbr,1,baseline,0.9789055283372072,22,20,5,2,49,2,16,0,0,2,Action_1080p_25fps_5s
1952,1,none,0,0.1186840764483573,0,14,1,-10,29.32159763936856,-4:4,spatial,1,93,1,hex,60,0,1,none,1,baseline,0.710221406484203,22,20,5,2,50,9,16,2,0,2,Action_1080p_25fps_5s
491,0,p8x8,3,0.73765459479569,0,9,1,-10,29.32159763936856,-4:4,none,1,93,0,hex,60,0,1,cbr,1,baseline,0.9789055283372072,22,20,5,2,50,9,16,1,0,2,Action_1080p_25fps_5s
1762,1,"p8x8,b8x8,i8x8,i4x4",0,0.73765459479569,0,14,1,-10,29.32159763936856,-1:1,none,0,93,2,hex,10,0,1,vbr,1,baseline,0.7214316074693485,31,3,5,2,81,11,16,2,0,2,Action_1080p_25fps_5s
1762,0,p4x4,2,0.73765459479569,0,14,1,-10,16.928541766770305,-1:1,none,0,93,2,hex,61,0,1,vbr,1,baseline,0.9859873526355616,22,13,240,5,81,11,16,2,0,2,Action_1080p_25fps_5s
1762,0,p4x4,2,0.73765459479569,0,14,1,-10,16.928541766770305,-1:1,none,0,93,2,hex,61,0,1,vbr,1,baseline,0.9859873526355616,22,13,240,8,81,11,16,0,0,2,Standard_480p_60fps_5s
527,1,none,0,0.73765459479569,0,7,1,-10,11.302398815321745,-4:4,none,0,93,3,tesa,10,1,0,vbr,1,baseline,0.9859873526355616,22,20,75,6,49,11,16,0,0,1,Standard_480p_60fps_5s
1477,1,none,0,0.8520082716211679,1,14,1,1,29.32159763936856,-4:4,none,1,93,2,dia,32,0,1,vbr,1,baseline,0.9859873526355616,22,13,240,2,81,9,16,1,0,2,Standard_480p_60fps_5s
1477,1,none,0,0.8520082716211679,1,14,1,0,29.32159763936856,-4:4,none,1,93,2,dia,32,0,1,vbr,1,baseline,0.9859873526355616,22,13,240,2,81,9,16,1,0,1,Standard_480p_60fps_5s
1102,1,none,0,0.73765459479569,0,14,1,-10,29.32159763936856,-4:4,none,1,93,2,tesa,10,0,1,vbr,1,baseline,0.7214316074693485,25,3,141,7,40,5,63,0,0,2,Standard_480p_60fps_5s
1477,1,none,0,0.73765459479569,0,14,1,-10,29.32159763936856,-4:4,none,1,93,2,hex,10,0,1,vbr,1,baseline,0.9859873526355616,22,20,5,2,81,11,16,2,0,2,Standard_480p_60fps_5s
527,1,none,0,0.73765459479569,0,7,1,-10,11.302398815321745,-4:4,none,0,93,2,hex,10,0,1,vbr,1,baseline,0.9859873526355616,22,20,75,6,49,11,16,0,0,2,Standard_480p_60fps_5s
1477,1,none,0,0.73765459479569,0,5,1,-10,29.32159763936856,-4:4,none,1,93,2,hex,10,0,1,vbr,1,baseline,0.9859873526355616,22,20,5,2,81,11,16,2,0,2,Standard_480p_60fps_5s
1102,1,none,0,0.73765459479569,0,14,1,-10,29.32159763936856,-4:4,none,1,93,2,hex,10,0,1,vbr,1,baseline,0.7214316074693485,31,3,240,14,81,11,16,2,0,2,Standard_480p_60fps_5s
1477,1,none,0,0.73765459479569,0,5,1,-10,29.32159763936856,-4:4,none,0,93,2,hex,10,0,1,vbr,1,baseline,0.9859873526355616,22,20,5,2,0,9,16,2,0,2,Standard_480p_60fps_5s
491,0,p8x8,3,0.73765459479569,0,14,1,-10,29.32159763936856,-4:4,none,1,93,2,hex,60,0,1,cbr,1,baseline,0.9789055283372072,22,20,5,2,50,9,16,1,0,2,Standard_480p_60fps_5s
1477,1,none,0,0.73765459479569,0,14,1,-10,29.32159763936856,-4:4,none,1,93,4,hex,60,0,1,none,1,baseline,0.9859873526355616,22,6,5,2,20,11,16,2,0,2,Standard_480p_60fps_5s
1762,1,"p8x8,b8x8,i8x8,i4x4",0,0.73765459479569,0,14,1,-10,29.32159763936856,-1:1,none,0,93,2,hex,10,0,1,vbr,1,baseline,0.7214316074693485,31,3,5,2,81,11,16,2,0,2,Standard_480p_60fps_5s
1102,1,none,0,0.73765459479569,0,14,1,-10,29.32159763936856,-4:4,none,1,93,2,tesa,10,0,1,vbr,1,baseline,0.7214316074693485,25,3,141,6,49,11,16,0,0,2,Standard_480p_60fps_5s
1477,1,none,0,0.73765459479569,0,14,1,-10,29.32159763936856,-4:4,none,1,93,2,hex,60,0,1,none,1,baseline,0.9859873526355616,22,20,5,2,50,9,16,2,0,2,Standard_480p_60fps_5s
1762,0,p4x4,2,0.73765459479569,0,14,1,-10,16.928541766770305,-1:1,none,0,93,2,hex,61,0,1,vbr,1,baseline,0.9859873526355616,22,13,240,5,81,11,16,2,0,2,Standard_480p_60fps_5s
1477,1,none,0,0.73765459479569,1,14,1,-10,29.32159763936856,-4:4,none,0,93,2,hex,32,0,1,vbr,1,baseline,0.9859873526355616,22,3,149,2,81,11,16,2,0,2,Standard_480p_60fps_5s
1762,1,"p8x8,b8x8,i8x8,i4x4",0,0.73765459479569,1,14,1,-10,29.32159763936856,-1:1,none,0,93,2,hex,10,0,1,vbr,1,baseline,0.7214316074693485,31,3,5,2,81,11,16,2,0,2,Standard_480p_60fps_5s
1762,0,p4x4,2,0.73765459479569,0,14,1,-10,16.928541766770305,-1:1,none,0,93,2,esa,61,0,0,vbr,1,baseline,0.7214316074693485,31,3,5,2,81,11,16,2,0,2,Standard_480p_60fps_5s
1762,0,p4x4,0,0.73765459479569,0,12,1,-10,16.928541766770305,-1:1,none,0,230,2,hex,61,0,1,vbr,1,baseline,0.9859873526355616,22,4,240,5,81,11,16,2,0,2,Standard_480p_60fps_5s
1477,1,none,0,0.8520082716211679,1,14,1,1,29.32159763936856,-4:4,none,1,93,2,dia,32,0,1,vbr,1,baseline,0.9859873526355616,22,13,240,2,81,9,16,1,0,2,Standard_1080p_30fps_10s
1762,1,"p8x8,b8x8,i8x8,i4x4",0,0.73765459479569,0,14,1,-10,29.32159763936856,-1:1,none,0,93,2,hex,10,0,1,vbr,1,baseline,0.7214316074693485,31,3,5,2,81,11,16,2,0,2,Standard_1080p_30fps_10s
1477,1,none,0,0.73765459479569,1,14,1,-10,29.32159763936856,-4:4,none,0,93,2,hex,32,0,1,vbr,1,baseline,0.9859873526355616,22,3,149,2,81,11,16,2,0,2,Standard_1080p_30fps_10s
1762,0,p4x4,2,0.73765459479569,0,14,1,-10,16.928541766770305,-1:1,none,0,93,2,esa,61,0,0,vbr,1,baseline,0.7214316074693485,31,3,5,2,81,11,16,2,0,2,Standard_1080p_30fps_10s
1762,0,p4x4,2,0.73765459479569,0,14,1,-10,16.928541766770305,-1:1,none,0,93,2,hex,61,0,1,vbr,1,baseline,0.9859873526355616,22,13,240,5,81,11,16,2,0,2,Standard_1080p_30fps_10s
1762,1,"p8x8,b8x8,i8x8,i4x4",0,0.73765459479569,1,14,1,-10,29.32159763936856,-1:1,none,0,93,2,hex,10,0,1,vbr,1,baseline,0.7214316074693485,31,3,5,2,81,11,16,2,0,2,Standard_1080p_30fps_10s
1102,1,none,0,0.73765459479569,0,14,1,-10,29.32159763936856,-1:1,none,0,93,2,hex,61,0,1,vbr,1,baseline,0.9859873526355616,22,13,240,5,81,11,16,2,0,2,Standard_1080p_30fps_10s
1102,1,none,0,0.73765459479569,0,2,0,-10,29.32159763936856,-1:1,none,0,93,2,hex,10,0,1,vbr,1,baseline,0.7214316074693485,31,3,5,2,81,5,16,2,0,2,Standard_1080p_30fps_10s
1102,1,none,0,0.73765459479569,0,2,0,-10,29.32159763936856,-1:1,none,0,93,2,hex,10,0,1,vbr,1,baseline,0.7214316074693485,31,3,5,2,81,6,16,2,0,2,Standard_1080p_30fps_10s
1477,1,none,0,0.73765459479569,0,14,1,-10,48.17272606635291,-1:1,none,0,93,2,hex,61,0,1,vbr,1,baseline,0.9859873526355616,22,13,240,5,81,4,16,2,0,2,Standard_1080p_30fps_10s
1477,1,none,0,0.73765459479569,1,14,1,-10,36.9019386974447,6:-6,none,0,93,2,hex,32,0,1,vbr,1,baseline,0.9859873526355616,22,3,149,2,81,10,16,2,0,2,Standard_1080p_30fps_10s
1477,1,none,0,0.5325918354391451,1,14,1,-10,29.32159763936856,-4:4,none,0,93,2,hex,32,0,1,vbr,1,high,0.9859873526355616,22,3,149,2,81,11,16,2,0,2,Standard_1080p_30fps_10s
1477,1,none,0,0.73765459479569,1,2,0,-10,29.32159763936856,-1:1,none,0,93,2,hex,10,0,0,vbr,1,baseline,0.7214316074693485,31,3,5,2,81,8,16,2,0,2,Standard_1080p_30fps_10s
1762,1,"p8x8,b8x8,i8x8,i4x4",0,0.73765459479569,0,14,1,-10,16.928541766770305,-1:1,none,0,93,2,hex,61,0,1,vbr,1,baseline,0.9859873526355616,22,13,240,5,81,11,16,2,0,2,Standard_1080p_30fps_10s
1477,0,none,3,0.73765459479569,0,1,0,0,48.17272606635291,-1:1,none,0,93,2,hex,32,0,1,vbr,1,baseline,0.9859873526355616,22,3,149,2,81,11,16,2,0,0,Standard_1080p_30fps_10s
1477,1,none,0,0.5919002570429192,1,14,1,2,29.32159763936856,-4:4,none,0,93,2,hex,61,1,1,vbr,1,baseline,0.9859873526355616,30,13,240,5,81,4,16,2,0,2,Standard_1080p_30fps_10s
1102,1,none,0,0.73765459479569,0,4,0,-10,29.32159763936856,-1:1,none,0,54,2,hex,10,0,1,vbr,1,baseline,0.7214316074693485,31,3,194,2,81,6,16,2,0,2,Standard_1080p_30fps_10s
1477,1,"p8x8,b8x8,i8x8,i4x4",3,0.73765459479569,0,2,0,0,3.72476418830568,-1:1,none,0,93,2,hex,32,0,1,vbr,1,baseline,0.9859873526355616,22,3,149,2,81,11,16,2,0,2,Standard_1080p_30fps_10s
1477,0,none,0,0.73765459479569,2,5,1,-11,29.32159763936856,-4:4,none,1,93,0,hex,10,0,1,vbr,1,baseline,0.9859873526355616,22,20,75,6,49,2,16,0,0,2,Standard_1080p_30fps_10s
1477,1,none,0,0.8520082716211679,0,14,1,1,28.72712341945474,-4:4,none,1,93,2,dia,32,0,1,vbr,1,baseline,0.9859873526355616,22,20,75,4,49,11,16,0,0,2,Standard_1080p_30fps_10s
1477,1,none,0,0.8520082716211679,1,14,1,1,29.32159763936856,-4:4,none,1,93,2,dia,32,0,1,vbr,1,baseline,0.9859873526355616,22,13,240,2,81,9,16,1,0,2,Action_480p_30fps_20s
1477,1,none,0,1.2352523734581566,1,14,1,1,29.32159763936856,-4:4,none,1,20,2,dia,32,0,1,vbr,1,baseline,0.9859873526355616,22,13,240,2,81,9,16,1,0,2,Action_480p_30fps_20s
1477,1,none,0,1.2352523734581566,1,14,1,1,29.32159763936856,-4:4,temporal,1,20,2,dia,41,0,1,cbr,1,baseline,0.9859873526355616,22,13,240,2,81,9,16,1,0,2,Action_480p_30fps_20s
1932,1,none,0,1.2352523734581566,1,14,1,5,29.32159763936856,-4:4,temporal,1,20,2,dia,41,0,1,cbr,1,baseline,0.9859873526355616,22,13,240,4,81,6,16,1,0,2,Action_480p_30fps_20s
1477,1,none,0,0.73765459479569,0,14,1,-10,29.32159763936856,-4:4,none,1,93,2,hex,10,0,1,vbr,1,baseline,0.9859873526355616,22,20,5,2,81,11,16,2,0,2,Action_480p_30fps_20s
1102,1,none,0,0.73765459479569,0,14,1,-10,29.32159763936856,-4:4,none,1,93,2,tesa,10,0,1,vbr,1,baseline,0.7214316074693485,25,3,141,7,40,5,63,0,0,2,Action_480p_30fps_20s
1477,1,none,0,0.73765459479569,0,5,1,-10,29.32159763936856,-4:4,none,1,93,2,hex,10,0,1,vbr,1,baseline,0.9859873526355616,22,20,5,2,81,11,16,2,0,2,Action_480p_30fps_20s
1102,1,none,0,0.73765459479569,0,14,1,-10,29.32159763936856,-4:4,none,1,93,2,hex,10,0,1,vbr,1,baseline,0.7214316074693485,31,3,240,14,81,11,16,2,0,2,Action_480p_30fps_20s
527,1,none,0,0.73765459479569,0,7,1,-10,11.302398815321745,-4:4,none,0,93,2,hex,10,0,1,vbr,1,baseline,0.9859873526355616,22,20,75,6,49,11,16,0,0,2,Action_480p_30fps_20s
1477,1,none,0,0.73765459479569,0,5,1,-10,29.32159763936856,-4:4,none,0,93,2,hex,10,0,1,vbr,1,baseline,0.9859873526355616,22,20,5,2,0,9,16,2,0,2,Action_480p_30fps_20s
491,0,p8x8,3,0.73765459479569,0,14,1,-10,29.32159763936856,-4:4,none,1,93,2,hex,60,0,1,cbr,1,baseline,0.9789055283372072,22,20,5,2,50,9,16,1,0,2,Action_480p_30fps_20s
1477,1,none,0,0.73765459479569,0,14,1,-10,29.32159763936856,-4:4,none,1,93,4,hex,60,0,1,none,1,baseline,0.9859873526355616,22,6,5,2,20,11,16,2,0,2,Action_480p_30fps_20s
1477,1,none,0,0.73765459479569,0,14,1,-10,29.32159763936856,-4:4,none,1,93,2,hex,60,0,1,none,1,baseline,0.9859873526355616,22,20,5,2,50,9,16,2,0,2,Action_480p_30fps_20s
1102,1,none,0,0.73765459479569,0,14,1,-10,29.32159763936856,-4:4,none,1,93,2,tesa,10,0,1,vbr,1,baseline,0.7214316074693485,25,3,141,6,49,11,16,0,0,2,Action_480p_30fps_20s
527,1,none,0,0.73765459479569,0,14,1,-10,16.734744336552392,-4:4,none,1,93,1,hex,60,0,1,none,1,baseline,0.9859873526355616,22,6,5,2,20,11,53,2,0,2,Action_480p_30fps_20s
1477,1,none,0,0.73765459479569,0,14,1,-10,29.32159763936856,-4:4,none,1,93,4,hex,60,0,1,none,1,baseline,0.9859873526355616,22,20,75,6,49,11,16,0,0,2,Action_480p_30fps_20s
1102,1,none,0,0.73765459479569,0,14,1,-10,41.53314091957675,-4:4,none,1,93,2,hex,10,0,1,vbr,1,baseline,0.7214316074693485,31,3,240,14,81,11,49,1,0,2,Action_480p_30fps_20s
1477,1,none,0,0.73765459479569,2,14,1,-10,29.32159763936856,-4:4,none,1,93,4,hex,53,0,1,vbr,1,main,0.9859873526355616,42,20,5,2,0,9,16,2,0,2,Action_480p_30fps_20s
1102,0,none,3,0.73765459479569,0,5,1,-10,29.32159763936856,-4:4,none,1,93,2,hex,60,0,1,cbr,1,main,0.9789055283372072,22,20,5,2,50,9,16,1,0,2,Action_480p_30fps_20s
1477,1,none,0,0.73765459479569,0,14,1,-10,29.32159763936856,2:2,none,1,93,4,esa,60,0,1,none,1,baseline,0.9859873526355616,22,20,5,2,46,9,16,2,0,2,Action_480p_30fps_20s
1477,1,none,0,0.8520082716211679,1,14,1,1,29.32159763936856,-4:4,none,1,93,2,dia,32,0,1,vbr,1,baseline,0.9859873526355616,22,13,240,2,81,9,16,1,0,2,Still_image_1080p_25fps_10s
1477,1,none,0,0.8520082716211679,1,14,1,0,29.32159763936856,-4:4,none,1,93,2,dia,32,0,1,vbr,1,baseline,0.9859873526355616,22,13,240,2,81,9,16,1,0,1,Still_image_1080p_25fps_10s
1102,1,none,3,0.73765459479569,0,14,1,-10,29.32159763936856,-1:1,temporal,0,93,2,hex,10,1,1,vbr,1,baseline,0.9859873526355616,22,20,5,2,81,11,16,2,0,2,Still_image_1080p_25fps_10s
1762,1,"p8x8,b8x8,i8x8,i4x4",0,0.73765459479569,0,14,1,-10,29.32159763936856,-1:1,none,0,93,2,hex,10,0,1,vbr,1,baseline,0.7214316074693485,31,3,5,2,81,11,16,2,0,2,Still_image_1080p_25fps_10s
1762,0,p4x4,2,0.73765459479569,0,14,1,-10,16.928541766770305,-1:1,none,0,93,2,hex,61,0,1,vbr,1,baseline,0.9859873526355616,22,13,240,5,81,11,16,2,0,2,Still_image_1080p_25fps_10s
1477,1,none,0,0.73765459479569,1,14,1,-10,29.32159763936856,-4:4,none,0,93,2,hex,32,0,1,vbr,1,baseline,0.9859873526355616,22,3,149,2,81,11,16,2,0,2,Still_image_1080p_25fps_10s
1762,0,p4x4,2,0.73765459479569,0,14,1,-10,16.928541766770305,-1:1,none,0,93,2,esa,61,0,0,vbr,1,baseline,0.7214316074693485,31,3,5,2,81,11,16,2,0,2,Still_image_1080p_25fps_10s
1762,1,"p8x8,b8x8,i8x8,i4x4",0,0.73765459479569,1,14,1,-10,29.32159763936856,-1:1,none,0,93,2,hex,10,0,1,vbr,1,baseline,0.7214316074693485,31,3,5,2,81,11,16,2,0,2,Still_image_1080p_25fps_10s
1102,1,none,0,0.73765459479569,0,14,1,-10,29.32159763936856,-1:1,none,0,93,2,hex,61,0,1,vbr,1,baseline,0.9859873526355616,22,13,240,5,81,11,16,2,0,2,Still_image_1080p_25fps_10s
1102,1,none,0,0.73765459479569,0,2,0,-10,29.32159763936856,-1:1,none,0,93,2,hex,10,0,1,vbr,1,baseline,0.7214316074693485,31,3,5,2,81,5,16,2,0,2,Still_image_1080p_25fps_10s
1477,1,none,0,0.73765459479569,0,14,1,-10,48.17272606635291,-1:1,none,0,93,2,hex,61,0,1,vbr,1,baseline,0.9859873526355616,22,13,240,5,81,4,16,2,0,2,Still_image_1080p_25fps_10s
1167,1,p4x4,0,0.8520082716211679,1,14,0,0,29.32159763936856,-4:4,none,0,93,2,hex,10,0,1,vbr,1,baseline,0.7214316074693485,31,17,5,2,81,5,16,2,0,2,Still_image_1080p_25fps_10s
1477,1,none,0,0.73765459479569,0,14,1,-10,48.17272606635291,-1:1,none,0,93,2,hex,10,0,0,vbr,1,baseline,0.7214316074693485,31,3,164,2,86,11,16,2,0,2,Still_image_1080p_25fps_10s
1762,1,"p8x8,b8x8,i8x8,i4x4",1,0.73765459479569,1,14,1,-10,29.32159763936856,3:3,none,0,93,2,hex,27,0,1,cbr,1,baseline,0.9859873526355616,22,13,89,5,81,4,16,2,0,2,Still_image_1080p_25fps_10s
1102,1,none,0,0.73765459479569,0,10,1,-10,29.32159763936856,-4:4,none,0,93,2,hex,10,0,1,vbr,1,baseline,0.9859873526355616,22,20,5,2,81,11,16,2,0,2,Still_image_1080p_25fps_10s
1762,0,p4x4,2,0.73765459479569,0,14,1,-10,16.928541766770305,-1:1,none,0,93,2,tesa,61,0,0,vbr,1,baseline,0.7214316074693485,31,3,5,2,81,11,16,2,0,2,Still_image_1080p_25fps_10s
1167,1,p4x4,0,0.8520082716211679,1,14,0,1,29.32159763936856,-4:4,none,0,93,2,hex,10,0,1,vbr,1,baseline,0.9859873526355616,22,13,240,1,81,11,16,2,0,2,Still_image_1080p_25fps_10s
1102,1,none,0,0.73765459479569,2,14,1,-10,29.32159763936856,-1:1,none,0,93,2,hex,61,0,1,vbr,1,baseline,0.7214316074693485,31,17,5,2,81,5,16,2,0,2,Still_image_1080p_25fps_10s
1102,1,none,0,0.73765459479569,0,14,0,-10,29.32159763936856,4:-4,none,0,93,3,hex,61,0,1,vbr,1,baseline,0.7214316074693485,27,3,5,2,81,11,16,2,0,2,Still_image_1080p_25fps_10s
1102,1,none,0,0.73765459479569,2,14,0,-10,29.32159763936856,-1:1,none,0,93,2,hex,61,0,1,vbr,1,baseline,0.7214316074693485,27,3,5,2,81,11,16,2,0,2,Still_image_1080p_25fps_10s
1102,1,none,0,0.73765459479569,0,14,1,-10,29.32159763936856,-4:4,none,1,93,2,tesa,10,0,1,vbr,1,baseline,0.7214316074693485,25,3,141,7,40,5,63,0,0,2,Big_720p_60fps_20s
1477,1,none,0,0.73765459479569,0,14,1,-10,29.32159763936856,-4:4,none,1,93,2,hex,10,0,1,vbr,1,baseline,0.9859873526355616,22,20,5,2,81,11,16,2,0,2,Big_720p_60fps_20s
1102,1,none,0,0.73765459479569,0,14,1,-10,29.32159763936856,-4:4,none,1,93,2,hex,10,0,1,vbr,1,baseline,0.7214316074693485,31,3,240,14,81,11,16,2,0,2,Big_720p_60fps_20s
1477,1,none,0,0.73765459479569,0,5,1,-10,29.32159763936856,-4:4,none,1,93,2,hex,10,0,1,vbr,1,baseline,0.9859873526355616,22,20,5,2,81,11,16,2,0,2,Big_720p_60fps_20s
527,1,none,0,0.73765459479569,0,7,1,-10,11.302398815321745,-4:4,none,0,93,2,hex,10,0,1,vbr,1,baseline,0.9859873526355616,22,20,75,6,49,11,16,0,0,2,Big_720p_60fps_20s
1477,1,none,0,0.73765459479569,0,5,1,-10,29.32159763936856,-4:4,none,0,93,2,hex,10,0,1,vbr,1,baseline,0.9859873526355616,22,20,5,2,0,9,16,2,0,2,Big_720p_60fps_20s
491,0,p8x8,3,0.73765459479569,0,14,1,-10,29.32159763936856,-4:4,none,1,93,2,hex,60,0,1,cbr,1,baseline,0.9789055283372072,22,20,5,2,50,9,16,1,0,2,Big_720p_60fps_20s
1477,1,none,0,0.73765459479569,0,14,1,-10,29.32159763936856,-4:4,none,1,93,4,hex,60,0,1,none,1,baseline,0.9859873526355616,22,6,5,2,20,11,16,2,0,2,Big_720p_60fps_20s
1477,1,none,0,0.73765459479569,0,14,1,-10,29.32159763936856,-4:4,none,1,93,2,hex,60,0,1,none,1,baseline,0.9859873526355616,22,20,5,2,50,9,16,2,0,2,Big_720p_60fps_20s
1102,1,none,0,0.73765459479569,0,14,1,-10,29.32159763936856,-4:4,none,1,93,2,tesa,10,0,1,vbr,1,baseline,0.7214316074693485,25,3,141,6,49,11,16,0,0,2,Big_720p_60fps_20s
1477,1,none,0,0.73765459479569,0,14,1,2,29.32159763936856,-4:4,none,1,93,2,hex,60,0,1,cbr,1,baseline,0.9789055283372072,22,20,5,2,50,9,16,1,0,2,Big_720p_60fps_20s
1477,1,none,2,0.73765459479569,0,14,1,-10,29.32159763936856,-4:4,none,1,93,2,hex,10,0,1,vbr,1,baseline,0.9859873526355616,22,20,5,2,81,11,16,1,1,2,Big_720p_60fps_20s
1762,1,none,0,0.73765459479569,0,14,1,-10,29.32159763936856,-4:4,none,1,93,2,tesa,10,0,1,vbr,1,baseline,0.7214316074693485,25,3,141,6,49,11,16,0,0,2,Big_720p_60fps_20s
1477,1,none,3,0.73765459479569,0,14,1,-10,29.32159763936856,-4:4,none,1,93,1,hex,60,0,1,cbr,1,baseline,0.9789055283372072,22,20,5,2,50,9,16,1,1,2,Big_720p_60fps_20s
491,0,p8x8,0,0.2164968758106834,0,14,1,-10,29.32159763936856,-4:4,none,1,93,4,esa,60,0,1,none,1,baseline,0.9859873526355616,22,6,5,2,20,11,16,0,0,2,Big_720p_60fps_20s
1477,1,none,0,0.73765459479569,0,14,1,-10,29.32159763936856,-4:4,none,1,93,2,hex,10,0,1,vbr,1,baseline,0.9859873526355616,22,19,92,2,0,9,16,2,0,2,Big_720p_60fps_20s
1477,1,p8x8,0,0.73765459479569,0,14,1,-10,29.32159763936856,-4:4,spatial,1,93,4,hex,60,0,1,none,0,baseline,0.9859873526355616,22,6,5,2,18,11,16,2,0,2,Big_720p_60fps_20s
1477,1,none,0,0.73765459479569,0,14,1,2,29.32159763936856,-4:4,none,1,93,0,hex,60,0,1,cbr,1,baseline,0.9789055283372072,42,20,1,2,50,9,16,1,0,2,Big_720p_60fps_20s
1477,1,none,0,0.73765459479569,0,14,1,-10,29.32159763936856,-4:4,spatial,1,93,2,hex,60,0,1,none,1,baseline,0.9859873526355616,22,20,5,2,50,9,32,2,0,2,Big_720p_60fps_20s
1102,0,none,0,0.73765459479569,1,14,1,-10,23.312004829095628,-4:4,none,1,93,4,hex,60,0,1,none,1,baseline,0.9859873526355616,22,6,5,2,20,11,16,2,0,2,Big_720p_60fps_20s
1477,1,none,0,0.8520082716211679,1,14,1,1,29.32159763936856,-4:4,none,1,93,2,dia,32,0,1,vbr,1,baseline,0.9859873526355616,22,13,240,2,81,9,16,1,0,2,Big_480p_30fps_10s
1477,1,none,0,0.8520082716211679,1,14,1,0,29.32159763936856,-4:4,none,1,93,2,dia,32,0,1,vbr,1,baseline,0.9859873526355616,22,13,240,2,81,9,16,1,0,1,Big_480p_30fps_10s
1477,1,none,1,0.8520082716211679,1,14,1,0,29.32159763936856,-4:4,none,1,93,2,dia,32,0,1,vbr,1,baseline,0.9859873526355616,22,13,5,2,44,3,16,2,0,2,Big_480p_30fps_10s
1477,1,none,0,0.8520082716211679,1,14,1,0,29.32159763936856,-4:4,none,1,93,2,dia,32,0,1,vbr,1,baseline,0.9859873526355616,22,13,240,2,81,9,16,1,0,2,Big_480p_30fps_10s
1477,1,none,1,0.8520082716211679,1,14,1,0,29.32159763936856,1:-1,none,1,93,2,dia,32,0,1,vbr,1,baseline,0.9859873526355616,22,7,240,2,81,9,16,1,0,0,Big_480p_30fps_10s
1102,1,none,0,0.73765459479569,0,14,1,-10,29.32159763936856,-4:4,none,1,93,2,tesa,10,0,1,vbr,1,baseline,0.7214316074693485,25,3,141,7,40,5,63,0,0,2,Big_480p_30fps_10s
1477,1,none,0,0.73765459479569,0,14,1,-10,29.32159763936856,-4:4,none,1,93,2,hex,10,0,1,vbr,1,baseline,0.9859873526355616,22,20,5,2,81,11,16,2,0,2,Big_480p_30fps_10s
1102,1,none,0,0.73765459479569,0,14,1,-10,29.32159763936856,-4:4,none,1,93,2,hex,10,0,1,vbr,1,baseline,0.7214316074693485,31,3,240,14,81,11,16,2,0,2,Big_480p_30fps_10s
1477,1,none,0,0.73765459479569,0,5,1,-10,29.32159763936856,-4:4,none,1,93,2,hex,10,0,1,vbr,1,baseline,0.9859873526355616,22,20,5,2,81,11,16,2,0,2,Big_480p_30fps_10s
527,1,none,0,0.73765459479569,0,7,1,-10,11.302398815321745,-4:4,none,0,93,2,hex,10,0,1,vbr,1,baseline,0.9859873526355616,22,20,75,6,49,11,16,0,0,2,Big_480p_30fps_10s
1477,1,none,0,0.73765459479569,0,5,1,-10,29.32159763936856,-4:4,none,0,93,2,hex,10,0,1,vbr,1,baseline,0.9859873526355616,22,20,5,2,0,9,16,2,0,2,Big_480p_30fps_10s
491,0,p8x8,3,0.73765459479569,0,14,1,-10,29.32159763936856,-4:4,none,1,93,2,hex,60,0,1,cbr,1,baseline,0.9789055283372072,22,20,5,2,50,9,16,1,0,2,Big_480p_30fps_10s
1477,1,none,0,0.73765459479569,0,14,1,-10,29.32159763936856,-4:4,none,1,93,4,hex,60,0,1,none,1,baseline,0.9859873526355616,22,6,5,2,20,11,16,2,0,2,Big_480p_30fps_10s
1477,1,none,0,0.73765459479569,0,14,1,-10,29.32159763936856,-4:4,none,1,93,2,hex,60,0,1,none,1,baseline,0.9859873526355616,22,20,5,2,50,9,16,2,0,2,Big_480p_30fps_10s
1102,1,none,0,0.73765459479569,0,14,1,-10,29.32159763936856,-4:4,none,1,93,2,tesa,10,0,1,vbr,1,baseline,0.7214316074693485,25,3,141,6,49,11,16,0,0,2,Big_480p_30fps_10s
1474,1,p4x4,1,0.73765459479569,0,14,1,-10,29.32159763936856,-4:4,none,1,93,2,hex,60,0,1,none,1,baseline,0.9859873526355616,37,20,240,2,81,9,16,2,0,1,Big_480p_30fps_10s
1477,1,none,0,0.73765459479569,0,14,1,9,29.32159763936856,-4:4,none,1,190,0,hex,60,0,1,none,1,baseline,0.9859873526355616,22,20,5,2,81,11,16,0,0,2,Big_480p_30fps_10s
1102,1,none,0,0.73765459479569,0,14,1,-10,29.32159763936856,-4:4,none,1,93,2,hex,60,0,1,cbr,1,baseline,0.9789055283372072,22,20,5,2,50,4,16,1,0,2,Big_480p_30fps_10s
1477,1,none,0,0.73765459479569,0,14,1,11,29.32159763936856,-4:4,none,1,93,4,hex,60,0,1,none,1,baseline,0.7214316074693485,31,3,5,2,12,5,16,2,0,2,Big_480p_30fps_10s
1477,1,none,0,0.73765459479569,0,1,1,-10,29.32159763936856,-4:4,none,0,93,2,hex,10,0,1,vbr,1,baseline,0.9859873526355616,22,20,5,2,0,9,61,1,0,2,Big_480p_30fps_10s
1477,1,none,0,0.8520082716211679,1,14,1,1,29.32159763936856,-4:4,none,1,93,2,dia,32,0,1,vbr,1,baseline,0.9859873526355616,22,13,240,2,81,9,16,1,0,2,Big_480p_25fps_10s
1477,1,none,0,0.8520082716211679,1,14,1,0,29.32159763936856,-4:4,none,1,93,2,dia,32,0,1,vbr,1,baseline,0.9859873526355616,22,13,240,2,81,9,16,1,0,1,Big_480p_25fps_10s
1477,1,none,0,0.73765459479569,0,14,1,-10,29.32159763936856,-4:4,none,1,93,2,hex,10,0,1,vbr,1,baseline,0.9859873526355616,22,20,5,2,81,11,16,2,0,2,Big_480p_25fps_10s
1102,1,none,0,0.73765459479569,0,14,1,-10,29.32159763936856,-4:4,none,1,93,2,tesa,10,0,1,vbr,1,baseline,0.7214316074693485,25,3,141,7,40,5,63,0,0,2,Big_480p_25fps_10s
1477,1,none,0,0.73765459479569,0,5,1,-10,29.32159763936856,-4:4,none,1,93,2,hex,10,0,1,vbr,1,baseline,0.9859873526355616,22,20,5,2,81,11,16,2,0,2,Big_480p_25fps_10s
527,1,none,0,0.73765459479569,0,7,1,-10,11.302398815321745,-4:4,none,0,93,2,hex,10,0,1,vbr,1,baseline,0.9859873526355616,22,20,75,6,49,11,16,0,0,2,Big_480p_25fps_10s
1102,1,none,0,0.73765459479569,0,14,1,-10,29.32159763936856,-4:4,none,1,93,2,hex,10,0,1,vbr,1,baseline,0.7214316074693485,31,3,240,14,81,11,16,2,0,2,Big_480p_25fps_10s
1477,1,none,0,0.73765459479569,0,5,1,-10,29.32159763936856,-4:4,none,0,93,2,hex,10,0,1,vbr,1,baseline,0.9859873526355616,22,20,5,2,0,9,16,2,0,2,Big_480p_25fps_10s
1477,1,none,0,0.73765459479569,0,14,1,-10,29.32159763936856,-4:4,none,1,93,4,hex,60,0,1,none,1,baseline,0.9859873526355616,22,6,5,2,20,11,16,2,0,2,Big_480p_25fps_10s
491,0,p8x8,3,0.73765459479569,0,14,1,-10,29.32159763936856,-4:4,none,1,93,2,hex,60,0,1,cbr,1,baseline,0.9789055283372072,22,20,5,2,50,9,16,1,0,2,Big_480p_25fps_10s
1102,1,none,0,0.73765459479569,0,14,1,-10,29.32159763936856,-4:4,none,1,93,2,tesa,10,0,1,vbr,1,baseline,0.7214316074693485,25,3,141,6,49,11,16,0,0,2,Big_480p_25fps_10s
1477,1,none,0,0.73765459479569,0,14,1,-10,29.32159763936856,-4:4,none,1,93,2,hex,60,0,1,none,1,baseline,0.9859873526355616,22,20,5,2,50,9,16,2,0,2,Big_480p_25fps_10s
1102,1,none,1,1.0980941953604266,0,14,1,-10,29.32159763936856,-4:4,none,1,93,2,hex,26,0,1,vbr,1,baseline,0.7214316074693485,31,3,240,12,81,11,16,2,0,2,Big_480p_25fps_10s
1102,1,none,0,0.73765459479569,0,14,1,-10,29.32159763936856,3:3,none,1,93,2,dia,32,0,1,cbr,1,baseline,0.9859873526355616,22,13,240,2,81,9,16,1,0,2,Big_480p_25fps_10s
2348,1,none,0,0.73765459479569,0,14,1,-10,29.32159763936856,-4:4,none,1,93,2,hex,10,0,1,vbr,1,baseline,0.9859873526355616,22,20,5,2,0,9,16,2,0,2,Big_480p_25fps_10s
1477,1,none,0,0.73765459479569,0,0,1,-10,29.32159763936856,4:-4,none,1,15,2,hex,60,0,1,none,1,baseline,0.9859873526355616,22,20,5,2,50,4,16,2,0,2,Big_480p_25fps_10s
1477,1,none,0,0.73765459479569,0,5,1,-10,29.32159763936856,-4:4,none,0,93,2,hex,50,0,1,vbr,1,baseline,0.9859873526355616,22,20,5,2,0,9,16,2,0,2,Big_480p_25fps_10s
1477,1,none,0,0.73765459479569,0,0,1,-10,29.32159763936856,4:-4,none,1,15,2,hex,60,1,1,cbr,1,baseline,0.9859873526355616,22,20,5,2,50,4,56,2,0,2,Big_480p_25fps_10s
1477,1,p4x4,0,0.73765459479569,0,14,1,-10,29.32159763936856,-4:4,none,1,93,4,hex,27,0,1,none,1,baseline,0.9859873526355616,22,20,5,2,0,9,16,2,0,2,Big_480p_25fps_10s
2348,1,none,0,0.73765459479569,0,12,1,-10,29.32159763936856,4:-4,none,1,93,2,hex,10,0,1,vbr,1,baseline,0.9859873526355616,22,20,5,2,81,11,16,2,0,2,Big_480p_25fps_10s
1762,1,"p8x8,b8x8,i8x8,i4x4",0,0.73765459479569,0,14,1,-10,29.32159763936856,-1:1,none,0,93,2,hex,10,0,1,vbr,1,baseline,0.7214316074693485,31,3,5,2,81,11,16,2,0,2,Standard_1080p_30fps_15s
1762,0,p4x4,2,0.73765459479569,0,14,1,-10,16.928541766770305,-1:1,none,0,93,2,hex,61,0,1,vbr,1,baseline,0.9859873526355616,22,13,240,5,81,11,16,2,0,2,Standard_1080p_30fps_15s
1477,1,none,0,0.73765459479569,1,14,1,-10,29.32159763936856,-4:4,none,0,93,2,hex,32,0,1,vbr,1,baseline,0.9859873526355616,22,3,149,2,81,11,16,2,0,2,Standard_1080p_30fps_15s
1762,1,"p8x8,b8x8,i8x8,i4x4",0,0.73765459479569,1,14,1,-10,29.32159763936856,-1:1,none,0,93,2,hex,10,0,1,vbr,1,baseline,0.7214316074693485,31,3,5,2,81,11,16,2,0,2,Standard_1080p_30fps_15s
1762,0,p4x4,2,0.73765459479569,0,14,1,-10,16.928541766770305,-1:1,none,0,93,2,esa,61,0,0,vbr,1,baseline,0.7214316074693485,31,3,5,2,81,11,16,2,0,2,Standard_1080p_30fps_15s
1102,1,none,0,0.73765459479569,0,14,1,-10,29.32159763936856,-1:1,none,0,93,2,hex,61,0,1,vbr,1,baseline,0.9859873526355616,22,13,240,5,81,11,16,2,0,2,Standard_1080p_30fps_15s
1102,1,none,0,0.73765459479569,0,2,0,-10,29.32159763936856,-1:1,none,0,93,2,hex,10,0,1,vbr,1,baseline,0.7214316074693485,31,3,5,2,81,5,16,2,0,2,Standard_1080p_30fps_15s
1762,1,"p8x8,b8x8,i8x8,i4x4",0,0.73765459479569,1,14,1,-10,29.32159763936856,-1:1,none,0,93,2,hex,59,0,1,vbr,1,baseline,0.7214316074693485,27,3,5,2,81,11,16,2,0,2,Standard_1080p_30fps_15s
1477,1,none,0,1.2708942101324612,1,14,1,-10,29.32159763936856,5:5,none,1,93,2,hex,59,0,0,vbr,1,baseline,0.7214316074693485,27,3,5,2,81,11,16,2,0,2,Standard_1080p_30fps_15s
1477,1,none,0,0.73765459479569,0,14,0,-10,29.32159763936856,-1:1,none,0,93,2,hex,61,0,1,vbr,1,baseline,0.9859873526355616,32,13,148,5,81,11,16,2,0,2,Standard_1080p_30fps_15s
1102,1,none,0,0.73765459479569,0,14,1,-10,23.83707821855837,-1:1,none,0,93,2,hex,61,0,0,vbr,1,baseline,0.9859873526355616,22,13,240,5,81,5,16,2,0,2,Standard_1080p_30fps_15s
1102,1,none,0,0.73765459479569,0,2,0,6,29.32159763936856,-1:1,none,0,93,2,esa,10,0,0,vbr,1,baseline,0.5187123521962554,31,3,5,2,45,11,16,2,0,1,Standard_1080p_30fps_15s
1762,1,p4x4,2,0.73765459479569,0,14,0,-10,26.561376680445694,-1:1,none,0,93,2,esa,47,0,0,vbr,1,baseline,0.7214316074693485,31,3,5,2,81,11,16,2,1,1,Standard_1080p_30fps_15s
1477,1,none,0,1.2708942101324612,1,14,1,-10,29.32159763936856,-1:1,none,0,93,2,tesa,61,0,1,vbr,1,baseline,0.9859873526355616,22,13,240,5,81,11,16,2,0,2,Standard_1080p_30fps_15s
1477,1,none,0,0.8520082716211679,1,14,1,1,29.32159763936856,-4:4,none,1,93,2,dia,32,0,1,vbr,1,baseline,0.9859873526355616,22,13,240,2,81,9,16,1,0,2,Standard_1080p_30fps_15s
1477,1,none,0,0.8520082716211679,1,14,1,0,29.32159763936856,-4:4,none,1,93,2,dia,32,0,1,vbr,1,baseline,0.9859873526355616,22,13,240,2,81,9,16,1,0,1,Standard_1080p_30fps_15s
1477,1,none,0,1.921503505925924,1,14,1,-10,29.32159763936856,-4:4,none,0,93,4,dia,32,0,1,none,1,baseline,0.9859873526355616,22,13,240,2,27,9,16,1,0,1,Standard_1080p_30fps_15s
1102,1,none,3,0.73765459479569,0,14,1,-10,29.32159763936856,-1:1,temporal,0,93,2,hex,10,1,1,vbr,1,baseline,0.9859873526355616,22,20,5,2,81,11,16,2,0,2,Standard_1080p_30fps_15s
2335,0,none,0,0.8520082716211679,1,14,1,0,29.32159763936856,-4:4,none,1,93,2,hex,10,1,1,vbr,1,baseline,0.3031495973258176,42,3,201,2,81,11,16,2,0,2,Standard_1080p_30fps_15s
1102,1,none,0,0.73765459479569,0,14,1,-10,29.32159763936856,-4:4,none,1,93,2,tesa,10,0,1,vbr,1,baseline,0.7214316074693485,25,3,141,7,40,5,63,0,0,2,Standard_1080p_30fps_15s
1477,1,none,0,0.8520082716211679,1,14,1,1,29.32159763936856,-4:4,none,1,93,2,dia,32,0,1,vbr,1,baseline,0.9859873526355616,22,13,240,2,81,9,16,1,0,2,Still_image_480p_30fps_10s
1477,1,none,0,0.8520082716211679,1,14,1,0,29.32159763936856,-4:4,none,1,93,2,dia,32,0,1,vbr,1,baseline,0.9859873526355616,22,13,240,2,81,9,16,1,0,1,Still_image_480p_30fps_10s
1477,1,none,0,0.8520082716211679,1,14,1,0,29.32159763936856,-4:4,none,1,93,2,dia,32,0,1,vbr,1,baseline,0.9859873526355616,22,13,240,2,81,9,16,1,0,2,Still_image_480p_30fps_10s
1477,1,none,0,0.8520082716211679,1,14,1,0,29.32159763936856,5:5,none,1,93,2,dia,32,0,1,vbr,1,baseline,0.0542640947741159,22,13,240,2,81,9,16,1,0,2,Still_image_480p_30fps_10s
1477,1,none,0,0.8520082716211679,1,14,1,1,29.32159763936856,-4:4,none,1,93,2,dia,32,0,1,vbr,1,baseline,0.9859873526355616,22,13,240,2,81,6,16,1,0,2,Still_image_480p_30fps_10s
1762,1,"p8x8,b8x8,i8x8,i4x4",0,0.73765459479569,0,14,1,-10,29.32159763936856,-1:1,none,0,93,2,hex,10,0,1,vbr,1,baseline,0.7214316074693485,31,3,5,2,81,11,16,2,0,2,Still_image_480p_30fps_10s
1762,0,p4x4,2,0.73765459479569,0,14,1,-10,16.928541766770305,-1:1,none,0,93,2,hex,61,0,1,vbr,1,baseline,0.9859873526355616,22,13,240,5,81,11,16,2,0,2,Still_image_480p_30fps_10s
1477,1,none,0,0.73765459479569,1,14,1,-10,29.32159763936856,-4:4,none,0,93,2,hex,32,0,1,vbr,1,baseline,0.9859873526355616,22,3,149,2,81,11,16,2,0,2,Still_image_480p_30fps_10s
1762,0,p4x4,2,0.73765459479569,0,14,1,-10,16.928541766770305,-1:1,none,0,93,2,esa,61,0,0,vbr,1,baseline,0.7214316074693485,31,3,5,2,81,11,16,2,0,2,Still_image_480p_30fps_10s
1762,1,"p8x8,b8x8,i8x8,i4x4",0,0.73765459479569,1,14,1,-10,29.32159763936856,-1:1,none,0,93,2,hex,10,0,1,vbr,1,baseline,0.7214316074693485,31,3,5,2,81,11,16,2,0,2,Still_image_480p_30fps_10s
1102,1,none,0,0.73765459479569,0,14,1,-10,29.32159763936856,-1:1,none,0,93,2,hex,61,0,1,vbr,1,baseline,0.9859873526355616,22,13,240,5,81,11,16,2,0,2,Still_image_480p_30fps_10s
1102,1,none,0,0.73765459479569,0,2,0,-10,29.32159763936856,-1:1,none,0,93,2,hex,10,0,1,vbr,1,baseline,0.7214316074693485,31,3,5,2,81,5,16,2,0,2,Still_image_480p_30fps_10s
1762,1,"p8x8,b8x8,i8x8,i4x4",0,1.837411806759884,0,8,1,-10,29.32159763936856,-1:1,none,0,93,2,hex,10,0,0,vbr,1,baseline,0.7214316074693485,31,3,240,5,81,11,16,2,0,2,Still_image_480p_30fps_10s
1102,1,none,0,0.73765459479569,0,14,1,-12,29.32159763936856,-1:1,none,0,93,4,hex,61,1,1,vbr,1,baseline,0.9859873526355616,22,13,5,2,81,11,16,2,0,2,Still_image_480p_30fps_10s
1477,1,none,0,0.73765459479569,1,14,1,-10,29.32159763936856,-4:4,none,0,93,0,hex,32,0,1,vbr,1,baseline,0.9859873526355616,22,3,49,2,81,5,16,2,0,2,Still_image_480p_30fps_10s
211,1,none,0,0.73765459479569,1,14,1,-10,29.32159763936856,-1:1,none,0,93,2,dia,61,0,1,vbr,1,baseline,0.9859873526355616,22,13,240,1,81,8,16,2,0,2,Still_image_480p_30fps_10s
1477,1,none,0,0.73765459479569,1,14,1,-10,29.32159763936856,-4:4,none,0,93,2,hex,32,0,1,none,1,baseline,0.9859873526355616,22,4,149,2,81,11,16,2,0,2,Still_image_480p_30fps_10s
1477,1,none,0,0.7499335209355751,1,14,1,-10,29.32159763936856,2:-2,none,1,93,2,hex,32,0,1,vbr,1,baseline,0.9859873526355616,22,3,149,13,81,11,16,0,0,2,Still_image_480p_30fps_10s
1762,1,"p8x8,b8x8,i8x8,i4x4",0,0.73765459479569,1,12,1,5,29.32159763936856,-1:1,none,0,93,2,hex,10,0,1,vbr,1,baseline,0.7214316074693485,31,13,5,2,81,11,16,1,0,2,Still_image_480p_30fps_10s
1477,1,none,0,1.226186676498901,1,14,1,-10,29.32159763936856,-4:4,none,1,93,2,hex,32,0,0,none,1,baseline,0.469671724081159,36,13,240,4,81,1,16,1,1,2,Still_image_480p_30fps_10s
1102,1,none,0,0.73765459479569,0,14,1,-10,29.32159763936856,-4:4,none,1,93,2,tesa,10,0,1,vbr,1,baseline,0.7214316074693485,25,3,141,7,40,5,63,0,0,2,Standard_1080p_60fps_5s
1102,1,none,0,0.73765459479569,0,14,1,-10,29.32159763936856,-4:4,none,1,93,2,hex,10,0,1,vbr,1,baseline,0.7214316074693485,31,3,240,14,81,11,16,2,0,2,Standard_1080p_60fps_5s
1477,1,none,0,0.73765459479569,0,5,1,-10,29.32159763936856,-4:4,none,1,93,2,hex,10,0,1,vbr,1,baseline,0.9859873526355616,22,20,5,2,81,11,16,2,0,2,Standard_1080p_60fps_5s
1477,1,none,0,0.73765459479569,0,14,1,-10,29.32159763936856,-4:4,none,1,93,2,hex,10,0,1,vbr,1,baseline,0.9859873526355616,22,20,5,2,81,11,16,2,0,2,Standard_1080p_60fps_5s
527,1,none,0,0.73765459479569,0,7,1,-10,11.302398815321745,-4:4,none,0,93,2,hex,10,0,1,vbr,1,baseline,0.9859873526355616,22,20,75,6,49,11,16,0,0,2,Standard_1080p_60fps_5s
1477,1,none,0,0.73765459479569,0,5,1,-10,29.32159763936856,-4:4,none,0,93,2,hex,10,0,1,vbr,1,baseline,0.9859873526355616,22,20,5,2,0,9,16,2,0,2,Standard_1080p_60fps_5s
1477,1,none,0,0.73765459479569,0,14,1,-10,29.32159763936856,-4:4,none,1,93,4,hex,60,0,1,none,1,baseline,0.9859873526355616,22,6,5,2,20,11,16,2,0,2,Standard_1080p_60fps_5s
491,0,p8x8,3,0.73765459479569,0,14,1,-10,29.32159763936856,-4:4,none,1,93,2,hex,60,0,1,cbr,1,baseline,0.9789055283372072,22,20,5,2,50,9,16,1,0,2,Standard_1080p_60fps_5s
1477,1,none,0,0.73765459479569,0,14,1,-10,29.32159763936856,-4:4,none,1,93,2,hex,60,0,1,none,1,baseline,0.9859873526355616,22,20,5,2,50,9,16,2,0,2,Standard_1080p_60fps_5s
1102,1,none,0,0.73765459479569,0,14,1,-10,29.32159763936856,-4:4,none,1,93,2,tesa,10,0,1,vbr,1,baseline,0.7214316074693485,25,3,141,6,49,11,16,0,0,2,Standard_1080p_60fps_5s
1477,1,none,0,0.73765459479569,0,14,1,5,22.68351038652525,-4:4,none,1,93,2,hex,60,0,1,none,0,baseline,0.9859873526355616,22,20,5,2,50,11,16,2,0,2,Standard_1080p_60fps_5s
1102,1,none,0,0.73765459479569,0,14,1,-10,29.32159763936856,3:-3,none,1,93,4,hex,18,0,0,none,1,baseline,0.9859873526355616,22,6,5,2,20,11,16,0,0,2,Standard_1080p_60fps_5s
1162,1,none,0,0.73765459479569,0,5,1,-10,29.32159763936856,-4:4,none,1,93,2,tesa,10,0,1,vbr,1,baseline,0.95326376099774,25,4,141,6,49,11,16,0,0,2,Standard_1080p_60fps_5s
1102,1,none,1,0.73765459479569,0,14,1,-10,29.32159763936856,-1:1,none,0,93,2,hex,61,0,1,none,1,baseline,0.9859873526355616,22,13,240,5,81,11,16,2,0,2,Standard_1080p_60fps_5s
1102,1,none,0,0.73765459479569,0,14,1,1,29.32159763936856,-4:4,none,1,20,2,dia,32,0,1,vbr,1,baseline,0.9859873526355616,22,13,240,2,81,9,8,0,0,2,Standard_1080p_60fps_5s
1477,1,none,0,1.2352523734581566,0,3,1,-10,29.32159763936856,-4:4,none,1,93,2,hex,10,0,1,cbr,1,baseline,0.7214316074693485,31,3,240,14,81,11,16,1,0,2,Standard_1080p_60fps_5s
1477,1,none,0,0.73765459479569,0,14,1,-10,29.32159763936856,-4:4,none,1,49,2,hex,10,0,1,vbr,1,baseline,0.7214316074693485,31,20,240,14,55,11,16,2,0,2,Standard_1080p_60fps_5s
1477,1,none,2,0.8520082716211679,1,14,1,1,37.10332526650151,-4:4,none,1,93,2,dia,32,0,1,none,1,baseline,0.9859873526355616,22,6,5,2,20,11,16,0,0,2,Standard_1080p_60fps_5s
527,1,none,0,0.73765459479569,0,7,1,-10,29.32159763936856,-6:6,none,1,93,4,hex,18,0,0,vbr,1,baseline,0.9859873526355616,22,6,5,2,20,11,16,0,0,2,Standard_1080p_60fps_5s
1102,1,none,1,0.73765459479569,0,14,1,-10,29.32159763936856,-1:1,none,0,93,2,hex,61,0,1,none,1,baseline,0.9859873526355616,22,13,240,5,46,9,34,2,0,2,Standard_1080p_60fps_5s
1477,1,none,0,0.8520082716211679,1,14,1,1,29.32159763936856,-4:4,none,1,93,2,dia,32,0,1,vbr,1,baseline,0.9859873526355616,22,13,240,2,81,9,16,1,0,2,Still_image_720p_30fps_15s
1477,1,none,0,0.8520082716211679,1,14,1,0,29.32159763936856,-4:4,none,1,93,2,dia,32,0,1,vbr,1,baseline,0.9859873526355616,22,13,240,2,81,9,16,1,0,1,Still_image_720p_30fps_15s
1762,1,"p8x8,b8x8,i8x8,i4x4",0,0.73765459479569,0,14,1,-10,29.32159763936856,-1:1,none,0,93,2,hex,10,0,1,vbr,1,baseline,0.7214316074693485,31,3,5,2,81,11,16,2,0,2,Still_image_720p_30fps_15s
1762,0,p4x4,2,0.73765459479569,0,14,1,-10,16.928541766770305,-1:1,none,0,93,2,hex,61,0,1,vbr,1,baseline,0.9859873526355616,22,13,240,5,81,11,16,2,0,2,Still_image_720p_30fps_15s
1477,1,none,0,0.73765459479569,1,14,1,-10,29.32159763936856,-4:4,none,0,93,2,hex,32,0,1,vbr,1,baseline,0.9859873526355616,22,3,149,2,81,11,16,2,0,2,Still_image_720p_30fps_15s
1762,0,p4x4,2,0.73765459479569,0,14,1,-10,16.928541766770305,-1:1,none,0,93,2,esa,61,0,0,vbr,1,baseline,0.7214316074693485,31,3,5,2,81,11,16,2,0,2,Still_image_720p_30fps_15s
1762,1,"p8x8,b8x8,i8x8,i4x4",0,0.73765459479569,1,14,1,-10,29.32159763936856,-1:1,none,0,93,2,hex,10,0,1,vbr,1,baseline,0.7214316074693485,31,3,5,2,81,11,16,2,0,2,Still_image_720p_30fps_15s
1102,1,none,0,0.73765459479569,0,14,1,-10,29.32159763936856,-1:1,none,0,93,2,hex,61,0,1,vbr,1,baseline,0.9859873526355616,22,13,240,5,81,11,16,2,0,2,Still_image_720p_30fps_15s
1102,1,none,0,0.73765459479569,0,2,0,-10,29.32159763936856,-1:1,none,0,93,2,hex,10,0,1,vbr,1,baseline,0.7214316074693485,31,3,5,2,81,5,16,2,0,2,Still_image_720p_30fps_15s
1762,1,"p8x8,b8x8,i8x8,i4x4",0,0.73765459479569,1,14,1,-10,29.32159763936856,-1:1,none,0,93,2,hex,59,0,1,vbr,1,baseline,0.7214316074693485,27,3,5,2,81,11,16,2,0,2,Still_image_720p_30fps_15s
1762,1,all,0,0.73765459479569,1,4,1,-10,11.967923633479923,-1:1,none,0,93,2,hex,59,0,1,vbr,1,baseline,0.7214316074693485,27,3,5,2,17,11,16,1,0,1,Still_image_720p_30fps_15s
1477,1,"p8x8,b8x8,i8x8,i4x4",0,0.73765459479569,1,14,1,-10,29.32159763936856,-4:4,none,0,93,2,hex,32,0,1,vbr,1,baseline,0.9859873526355616,22,3,149,2,81,11,16,2,0,2,Still_image_720p_30fps_15s
1019,1,none,0,0.73765459479569,1,14,1,-10,29.32159763936856,-1:1,none,0,93,2,tesa,59,0,0,vbr,0,baseline,0.7214316074693485,27,3,5,2,81,11,16,2,0,2,Still_image_720p_30fps_15s
1102,1,none,0,0.73765459479569,0,2,0,7,36.84834824330018,-1:1,none,0,93,2,hex,58,0,1,vbr,1,baseline,0.7214316074693485,31,3,5,2,81,5,16,2,0,2,Still_image_720p_30fps_15s
1102,1,none,0,0.73765459479569,0,2,1,7,36.84834824330018,-1:1,none,0,93,2,hex,59,0,1,vbr,1,baseline,0.9859873526355616,22,11,61,2,81,9,16,1,0,2,Still_image_720p_30fps_15s
1477,1,"p8x8,b8x8,i8x8,i4x4",2,0.2783506229640928,1,7,0,-10,29.32159763936856,-4:4,none,0,93,2,hex,32,0,1,vbr,1,baseline,0.9859873526355616,22,3,149,2,79,11,16,2,0,2,Still_image_720p_30fps_15s
1477,1,"p8x8,b8x8,i8x8,i4x4",0,0.73765459479569,1,14,1,-10,29.32159763936856,-4:4,none,0,92,2,hex,50,0,0,vbr,0,baseline,0.9859873526355616,22,3,149,6,81,11,16,2,0,2,Still_image_720p_30fps_15s
1102,1,none,0,0.73765459479569,0,14,1,-10,29.32159763936856,-1:1,none,0,93,2,hex,61,0,1,vbr,1,baseline,0.9043745000148548,22,13,240,5,81,11,16,2,0,2,Still_image_720p_30fps_15s
1762,0,p4x4,2,0.73765459479569,0,14,1,-10,16.928541766770305,-1:1,none,0,93,2,hex,61,0,1,vbr,1,baseline,0.9859873526355616,22,13,135,5,81,11,23,2,0,2,Still_image_720p_30fps_15s
1762,0,p4x4,1,0.73765459479569,0,14,1,-10,16.928541766770305,-1:1,none,0,93,2,hex,61,0,1,vbr,1,baseline,0.9859873526355616,22,13,203,5,81,11,16,2,0,2,Still_image_720p_30fps_15s
1102,1,none,0,0.73765459479569,0,14,1,-10,29.32159763936856,-4:4,none,1,93,2,tesa,10,0,1,vbr,1,baseline,0.7214316074693485,25,3,141,7,40,5,63,0,0,2,Action_480p_60fps_15s
1477,1,none,0,0.73765459479569,0,14,1,-10,29.32159763936856,-4:4,none,1,93,2,hex,10,0,1,vbr,1,baseline,0.9859873526355616,22,20,5,2,81,11,16,2,0,2,Action_480p_60fps_15s
527,1,none,0,0.73765459479569,0,7,1,-10,11.302398815321745,-4:4,none,0,93,2,hex,10,0,1,vbr,1,baseline,0.9859873526355616,22,20,75,6,49,11,16,0,0,2,Action_480p_60fps_15s
1477,1,none,0,0.73765459479569,0,5,1,-10,29.32159763936856,-4:4,none,1,93,2,hex,10,0,1,vbr,1,baseline,0.9859873526355616,22,20,5,2,81,11,16,2,0,2,Action_480p_60fps_15s
1102,1,none,0,0.73765459479569,0,14,1,-10,29.32159763936856,-4:4,none,1,93,2,hex,10,0,1,vbr,1,baseline,0.7214316074693485,31,3,240,14,81,11,16,2,0,2,Action_480p_60fps_15s
1477,1,none,0,0.73765459479569,0,5,1,-10,29.32159763936856,-4:4,none,0,93,2,hex,10,0,1,vbr,1,baseline,0.9859873526355616,22,20,5,2,0,9,16,2,0,2,Action_480p_60fps_15s
491,0,p8x8,3,0.73765459479569,0,14,1,-10,29.32159763936856,-4:4,none,1,93,2,hex,60,0,1,cbr,1,baseline,0.9789055283372072,22,20,5,2,50,9,16,1,0,2,Action_480p_60fps_15s
1477,1,none,0,0.73765459479569,0,14,1,-10,29.32159763936856,-4:4,none,1,93,4,hex,60,0,1,none,1,baseline,0.9859873526355616,22,6,5,2,20,11,16,2,0,2,Action_480p_60fps_15s
1102,1,none,0,0.73765459479569,0,14,1,-10,29.32159763936856,-4:4,none,1,93,2,tesa,10,0,1,vbr,1,baseline,0.7214316074693485,25,3,141,6,49,11,16,0,0,2,Action_480p_60fps_15s
1477,1,none,0,0.73765459479569,0,14,1,-10,29.32159763936856,-4:4,none,1,93,2,hex,60,0,1,none,1,baseline,0.9859873526355616,22,20,5,2,50,9,16,2,0,2,Action_480p_60fps_15s
1477,1,none,0,0.73765459479569,0,14,1,-10,29.32159763936856,-4:4,none,1,93,2,hex,60,0,1,vbr,1,baseline,0.9859873526355616,22,20,5,2,50,9,16,2,0,2,Action_480p_60fps_15s
1477,1,none,0,0.73765459479569,1,14,1,-10,46.80555441060279,-4:4,none,1,93,4,hex,57,0,1,vbr,1,baseline,0.7214316074693485,25,3,141,7,40,5,63,0,1,2,Action_480p_60fps_15s
1477,0,none,0,0.73765459479569,0,14,1,-10,29.32159763936856,-4:4,none,1,93,4,hex,60,1,1,none,1,baseline,0.9859873526355616,22,6,249,2,20,11,16,1,0,2,Action_480p_60fps_15s
1102,1,none,0,0.73765459479569,0,14,1,-10,29.32159763936856,-2:2,none,1,93,2,tesa,10,0,1,vbr,1,baseline,0.7214316074693485,25,3,141,6,49,11,16,0,0,2,Action_480p_60fps_15s
1102,1,none,0,0.73765459479569,0,14,1,-10,29.32159763936856,0:0,none,1,93,2,tesa,10,0,1,vbr,1,baseline,0.7214316074693485,25,3,141,6,40,5,63,0,0,2,Action_480p_60fps_15s
1477,1,none,0,0.73765459479569,0,14,1,-10,15.16052062819657,-4:4,none,1,93,2,hex,42,0,1,none,1,baseline,0.9859873526355616,22,20,5,2,50,9,16,2,0,2,Action_480p_60fps_15s
1477,0,none,2,0.73765459479569,1,14,1,-10,46.80555441060279,-5:5,none,1,93,4,hex,57,0,1,vbr,1,baseline,0.7214316074693485,37,3,141,7,50,9,16,1,0,2,Action_480p_60fps_15s
1477,1,none,0,0.73765459479569,0,14,1,-10,15.16052062819657,-4:4,spatial,1,55,3,hex,42,0,1,none,1,baseline,0.9859873526355616,22,20,5,2,50,9,16,2,0,2,Action_480p_60fps_15s
1477,1,none,0,0.73765459479569,0,5,1,-10,29.32159763936856,-4:4,none,1,93,2,hex,10,0,1,vbr,1,baseline,0.9859873526355616,22,20,5,2,15,11,16,1,0,2,Action_480p_60fps_15s
1477,1,none,0,0.73765459479569,1,14,1,-10,46.80555441060279,-4:4,none,1,93,4,hex,57,0,1,vbr,1,baseline,0.7214316074693485,22,20,5,13,50,9,16,1,0,2,Action_480p_60fps_15s
1477,1,none,0,0.8520082716211679,1,14,1,1,29.32159763936856,-4:4,none,1,93,2,dia,32,0,1,vbr,1,baseline,0.9859873526355616,22,13,240,2,81,9,16,1,0,2,Still_image_720p_60fps_20s
1477,1,none,0,0.8520082716211679,1,14,1,0,29.32159763936856,-4:4,none,1,93,2,dia,32,0,1,vbr,1,baseline,0.9859873526355616,22,13,240,2,81,9,16,1,0,1,Still_image_720p_60fps_20s
1762,1,"p8x8,b8x8,i8x8,i4x4",0,0.73765459479569,0,14,1,-10,29.32159763936856,-1:1,none,0,93,2,hex,10,0,1,vbr,1,baseline,0.7214316074693485,31,3,5,2,81,11,16,2,0,2,Still_image_720p_60fps_20s
1762,0,p4x4,2,0.73765459479569,0,14,1,-10,16.928541766770305,-1:1,none,0,93,2,hex,61,0,1,vbr,1,baseline,0.9859873526355616,22,13,240,5,81,11,16,2,0,2,Still_image_720p_60fps_20s
1477,1,none,0,0.73765459479569,1,14,1,-10,29.32159763936856,-4:4,none,0,93,2,hex,32,0,1,vbr,1,baseline,0.9859873526355616,22,3,149,2,81,11,16,2,0,2,Still_image_720p_60fps_20s
1762,0,p4x4,2,0.73765459479569,0,14,1,-10,16.928541766770305,-1:1,none,0,93,2,esa,61,0,0,vbr,1,baseline,0.7214316074693485,31,3,5,2,81,11,16,2,0,2,Still_image_720p_60fps_20s
1762,1,"p8x8,b8x8,i8x8,i4x4",0,0.73765459479569,1,14,1,-10,29.32159763936856,-1:1,none,0,93,2,hex,10,0,1,vbr,1,baseline,0.7214316074693485,31,3,5,2,81,11,16,2,0,2,Still_image_720p_60fps_20s
1102,1,none,0,0.73765459479569,0,14,1,-10,29.32159763936856,-1:1,none,0,93,2,hex,61,0,1,vbr,1,baseline,0.9859873526355616,22,13,240,5,81,11,16,2,0,2,Still_image_720p_60fps_20s
1102,1,none,0,0.73765459479569,0,2,0,-10,29.32159763936856,-1:1,none,0,93,2,hex,10,0,1,vbr,1,baseline,0.7214316074693485,31,3,5,2,81,5,16,2,0,2,Still_image_720p_60fps_20s
1762,1,"p8x8,b8x8,i8x8,i4x4",0,0.73765459479569,1,14,1,-10,29.32159763936856,-1:1,none,0,93,2,hex,59,0,1,vbr,1,baseline,0.7214316074693485,27,3,5,2,81,11,16,2,0,2,Still_image_720p_60fps_20s
1477,1,p8x8,0,0.73765459479569,0,2,0,-10,29.32159763936856,-1:1,none,0,93,3,hex,10,0,1,vbr,1,baseline,0.7214316074693485,31,3,5,2,93,5,16,2,0,2,Still_image_720p_60fps_20s
1102,1,none,0,0.73765459479569,1,14,1,-10,29.32159763936856,-4:4,none,0,93,3,hex,32,0,1,vbr,1,baseline,0.9859873526355616,22,3,149,2,81,11,16,2,0,2,Still_image_720p_60fps_20s
1102,1,p8x8,0,0.73765459479569,0,2,0,-10,29.32159763936856,-1:1,none,0,93,2,hex,10,0,1,vbr,1,baseline,0.7214316074693485,31,3,5,2,81,5,16,2,0,2,Still_image_720p_60fps_20s
1477,1,none,0,0.8520082716211679,1,14,1,1,29.32159763936856,-4:4,none,0,93,2,hex,32,0,1,vbr,1,baseline,0.9859873526355616,22,3,53,2,81,11,16,2,0,2,Still_image_720p_60fps_20s
1762,0,"p8x8,b8x8,i8x8,i4x4",0,0.73765459479569,1,14,1,7,29.32159763936856,-1:1,none,0,93,2,hex,59,0,1,vbr,1,baseline,0.9859873526355616,22,13,240,2,81,9,16,1,0,2,Still_image_720p_60fps_20s
1477,1,none,0,0.73765459479569,0,5,1,-10,29.32159763936856,-4:4,none,0,93,2,hex,10,0,0,vbr,1,baseline,0.9859873526355616,22,17,240,3,81,11,16,2,0,2,Still_image_720p_60fps_20s
1102,1,none,0,0.73765459479569,0,2,0,-10,29.32159763936856,-1:1,none,0,93,3,hex,10,0,1,vbr,1,baseline,0.7214316074693485,31,3,5,2,81,4,16,2,0,1,Still_image_720p_60fps_20s
1477,1,none,0,0.6167711428773693,1,14,1,9,29.32159763936856,-4:4,none,0,93,1,dia,32,0,0,vbr,1,baseline,0.9859873526355616,22,13,240,2,81,9,16,2,0,2,Still_image_720p_60fps_20s
1102,1,none,0,0.5316714327688821,0,2,0,-10,29.32159763936856,-1:1,none,0,93,3,hex,10,0,1,vbr,1,baseline,0.7214316074693485,31,3,5,2,81,4,16,2,0,2,Still_image_720p_60fps_20s
1102,1,none,0,0.73765459479569,0,14,1,-10,29.32159763936856,-4:4,none,1,93,2,tesa,10,0,1,vbr,1,baseline,0.7214316074693485,25,3,141,7,40,5,63,0,0,2,Still_image_720p_60fps_20s
1477,1,none,0,0.8520082716211679,1,14,1,1,29.32159763936856,-4:4,none,1,93,2,dia,32,0,1,vbr,1,baseline,0.9859873526355616,22,13,240,2,81,9,16,1,0,2,Action_1080p_25fps_15s
1477,1,none,0,1.2352523734581566,1,14,1,1,29.32159763936856,-4:4,temporal,1,20,2,dia,41,0,1,cbr,1,baseline,0.9859873526355616,22,13,240,2,81,9,16,1,0,2,Action_1080p_25fps_15s
1932,1,none,0,1.2352523734581566,1,14,1,5,29.32159763936856,-4:4,temporal,1,20,2,dia,41,0,1,cbr,1,baseline,0.9859873526355616,22,13,240,4,81,6,16,1,0,2,Action_1080p_25fps_15s
1477,1,none,0,0.8520082716211679,1,14,1,1,29.32159763936856,-4:4,none,1,93,2,dia,32,0,1,cbr,1,baseline,0.9859873526355616,22,13,240,2,81,9,16,1,0,2,Action_1080p_25fps_15s
1477,1,none,0,0.8520082716211679,1,14,1,1,29.32159763936856,-4:4,none,1,20,2,dia,41,0,1,cbr,1,baseline,0.9859873526355616,33,13,240,2,17,9,16,1,0,1,Action_1080p_25fps_15s
1069,1,none,0,1.2352523734581566,1,14,1,5,29.32159763936856,-4:4,auto,1,20,2,dia,41,0,1,cbr,1,baseline,0.9859873526355616,22,20,5,2,0,9,16,2,0,1,Action_1080p_25fps_15s
1477,1,none,0,0.73765459479569,0,14,1,-10,29.32159763936856,-4:4,none,1,93,2,hex,10,0,1,vbr,1,baseline,0.9859873526355616,22,20,5,2,81,11,16,2,0,2,Action_1080p_25fps_15s
1102,1,none,0,0.73765459479569,0,14,1,-10,29.32159763936856,-4:4,none,1,93,2,tesa,10,0,1,vbr,1,baseline,0.7214316074693485,25,3,141,7,40,5,63,0,0,2,Action_1080p_25fps_15s
1477,1,none,0,0.73765459479569,0,5,1,-10,29.32159763936856,-4:4,none,1,93,2,hex,10,0,1,vbr,1,baseline,0.9859873526355616,22,20,5,2,81,11,16,2,0,2,Action_1080p_25fps_15s
527,1,none,0,0.73765459479569,0,7,1,-10,11.302398815321745,-4:4,none,0,93,2,hex,10,0,1,vbr,1,baseline,0.9859873526355616,22,20,75,6,49,11,16,0,0,2,Action_1080p_25fps_15s
1102,1,none,0,0.73765459479569,0,14,1,-10,29.32159763936856,-4:4,none,1,93,2,hex,10,0,1,vbr,1,baseline,0.7214316074693485,31,3,240,14,81,11,16,2,0,2,Action_1080p_25fps_15s
1477,1,none,0,0.73765459479569,0,5,1,-10,29.32159763936856,-4:4,none,0,93,2,hex,10,0,1,vbr,1,baseline,0.9859873526355616,22,20,5,2,0,9,16,2,0,2,Action_1080p_25fps_15s
1477,1,none,0,0.73765459479569,0,14,1,-10,29.32159763936856,-4:4,none,1,93,4,hex,60,0,1,none,1,baseline,0.9859873526355616,22,6,5,2,20,11,16,2,0,2,Action_1080p_25fps_15s
491,0,p8x8,3,0.73765459479569,0,14,1,-10,29.32159763936856,-4:4,none,1,93,2,hex,60,0,1,cbr,1,baseline,0.9789055283372072,22,20,5,2,50,9,16,1,0,2,Action_1080p_25fps_15s
1102,1,none,0,0.73765459479569,0,14,1,-10,29.32159763936856,-4:4,none,1,93,2,tesa,10,0,1,vbr,1,baseline,0.7214316074693485,25,3,141,6,49,11,16,0,0,2,Action_1080p_25fps_15s
1477,1,none,0,0.73765459479569,0,14,1,-10,29.32159763936856,-4:4,none,1,93,2,hex,60,0,1,none,1,baseline,0.9859873526355616,22,20,5,2,50,9,16,2,0,2,Action_1080p_25fps_15s
2041,1,none,0,0.73765459479569,0,5,1,-10,29.32159763936856,-4:4,none,0,93,2,hex,60,1,1,none,1,baseline,0.9859873526355616,22,6,5,2,20,11,16,2,0,2,Action_1080p_25fps_15s
1477,1,none,1,0.73765459479569,0,14,1,-10,29.32159763936856,-4:4,none,1,93,4,tesa,10,0,1,vbr,1,baseline,0.9859873526355616,22,20,5,11,0,9,16,2,0,2,Action_1080p_25fps_15s
1102,1,none,0,0.73765459479569,0,5,1,-10,29.32159763936856,-4:4,none,1,93,2,hex,10,0,1,vbr,1,baseline,0.7214316074693485,27,3,240,14,81,11,16,0,0,2,Action_1080p_25fps_15s
527,1,none,0,0.73765459479569,0,7,1,-10,11.302398815321745,-4:4,none,1,93,2,hex,42,0,1,vbr,1,baseline,0.9859873526355616,22,20,75,6,49,11,6,2,0,2,Action_1080p_25fps_15s
1477,1,none,0,0.8520082716211679,1,14,1,1,29.32159763936856,-4:4,none,1,93,2,dia,32,0,1,vbr,1,baseline,0.9859873526355616,22,13,240,2,81,9,16,1,0,2,Standard_720p_60fps_15s
1477,1,none,0,1.2352523734581566,1,14,1,1,29.32159763936856,-4:4,temporal,1,20,2,dia,41,0,1,cbr,1,baseline,0.9859873526355616,22,13,240,2,81,9,16,1,0,2,Standard_720p_60fps_15s
1932,1,none,0,1.2352523734581566,1,14,1,5,29.32159763936856,-4:4,temporal,1,20,2,dia,41,0,1,cbr,1,baseline,0.9859873526355616,22,13,240,4,81,6,16,1,0,2,Standard_720p_60fps_15s
1477,1,none,0,0.8520082716211679,1,14,1,1,29.32159763936856,-4:4,none,1,93,2,dia,32,0,1,cbr,1,baseline,0.9859873526355616,22,13,240,2,81,9,16,1,0,2,Standard_720p_60fps_15s
1477,1,none,0,0.8520082716211679,1,14,1,1,29.32159763936856,-4:4,none,1,20,2,dia,41,0,1,cbr,1,baseline,0.9859873526355616,33,13,240,2,17,9,16,1,0,1,Standard_720p_60fps_15s
1932,1,none,0,0.8520082716211679,1,14,1,1,29.32159763936856,-4:4,none,1,14,2,dia,32,0,1,cbr,1,baseline,0.9859873526355616,22,13,240,2,81,9,16,1,0,1,Standard_720p_60fps_15s
1932,1,none,0,1.2352523734581566,1,14,1,5,12.095070249064712,-4:4,temporal,1,20,2,dia,41,0,1,cbr,1,baseline,0.9859873526355616,22,13,240,4,81,6,16,1,0,2,Standard_720p_60fps_15s
1932,1,none,0,1.2352523734581566,1,14,1,5,29.32159763936856,5:-5,temporal,1,20,2,dia,13,0,1,cbr,1,baseline,0.9859873526355616,22,13,240,4,81,6,16,1,0,2,Standard_720p_60fps_15s
1477,1,none,1,1.3200603414638283,1,14,1,1,29.32159763936856,-4:4,none,1,20,2,dia,41,0,1,cbr,1,baseline,0.9859873526355616,33,13,240,2,81,10,16,1,0,2,Standard_720p_60fps_15s
1477,1,none,0,0.8520082716211679,1,14,1,1,29.32159763936856,-4:4,none,1,93,2,dia,32,0,1,vbr,1,baseline,0.9859873526355616,22,13,240,2,81,4,16,1,0,2,Standard_720p_60fps_15s
2012,1,none,3,0.73765459479569,1,14,1,-12,29.32159763936856,-4:4,temporal,1,93,2,dia,32,0,1,none,1,baseline,0.9859873526355616,39,13,240,2,81,9,16,1,0,2,Standard_720p_60fps_15s
1766,1,none,0,0.8520082716211679,1,15,1,1,29.32159763936856,-4:4,temporal,1,20,2,dia,41,0,1,cbr,1,baseline,0.9859873526355616,22,13,240,4,81,6,16,1,0,2,Standard_720p_60fps_15s
1477,1,none,0,1.6921069144710108,1,14,1,1,29.32159763936856,-4:4,none,1,93,2,dia,41,0,1,cbr,1,baseline,0.9859873526355616,39,13,83,2,17,11,16,1,0,1,Standard_720p_60fps_15s
1477,1,none,0,1.6921069144710108,1,14,1,-9,29.32159763936856,-4:4,none,1,93,2,dia,27,0,1,cbr,1,baseline,0.4599322354566617,39,13,5,2,20,11,16,2,0,1,Standard_720p_60fps_15s
1932,1,none,0,1.2352523734581566,1,14,1,5,29.32159763936856,-4:4,temporal,1,20,2,dia,41,0,1,cbr,1,baseline,0.9859873526355616,22,13,240,4,81,10,16,1,0,1,Standard_720p_60fps_15s
1477,1,none,0,1.2352523734581566,1,6,1,1,29.32159763936856,1:-1,temporal,1,20,2,dia,41,0,1,cbr,1,baseline,0.9859873526355616,33,13,240,2,81,10,16,1,0,2,Standard_720p_60fps_15s
1477,1,none,1,0.9463336816109832,1,14,1,1,29.32159763936856,-4:4,none,1,20,4,dia,41,0,1,cbr,1,baseline,0.9859873526355616,33,13,5,2,81,11,16,2,0,2,Standard_720p_60fps_15s
1477,1,none,0,0.73765459479569,0,14,1,-10,29.32159763936856,-4:4,none,1,93,2,hex,10,0,1,vbr,1,baseline,0.9859873526355616,22,20,5,2,81,11,16,2,0,2,Standard_720p_60fps_15s
1102,1,none,0,0.73765459479569,0,14,1,-10,29.32159763936856,-4:4,none,1,93,2,tesa,10,0,1,vbr,1,baseline,0.7214316074693485,25,3,141,7,40,5,63,0,0,2,Standard_720p_60fps_15s
1477,1,none,0,0.73765459479569,0,5,1,-10,29.32159763936856,-4:4,none,1,93,2,hex,10,0,1,vbr,1,baseline,0.9859873526355616,22,20,5,2,81,11,16,2,0,2,Standard_720p_60fps_15s
1477,1,none,0,0.8520082716211679,1,14,1,1,29.32159763936856,-4:4,none,1,93,2,dia,32,0,1,vbr,1,baseline,0.9859873526355616,22,13,240,2,81,9,16,1,0,2,Standard_1080p_25fps_20s
1477,1,none,0,0.8520082716211679,1,14,1,0,29.32159763936856,-4:4,none,1,93,2,dia,32,0,1,vbr,1,baseline,0.9859873526355616,22,13,240,2,81,9,16,1,0,1,Standard_1080p_25fps_20s
1932,1,none,0,1.2352523734581566,1,14,1,5,12.095070249064712,-4:4,temporal,1,20,2,dia,41,0,1,cbr,1,baseline,0.9859873526355616,22,13,240,4,81,6,16,1,0,2,Standard_1080p_25fps_20s
1477,1,none,3,0.8520082716211679,1,14,1,0,29.32159763936856,1:1,none,1,93,2,dia,32,0,1,vbr,1,baseline,0.9859873526355616,22,13,37,2,81,9,16,1,0,1,Standard_1080p_25fps_20s
1477,1,none,0,1.9603130745095043,1,10,1,0,29.32159763936856,-4:4,none,1,93,2,dia,32,0,1,vbr,1,baseline,0.9859873526355616,22,13,240,15,81,9,16,1,0,1,Standard_1080p_25fps_20s
1477,1,none,0,0.8520082716211679,1,14,1,0,29.32159763936856,-4:4,none,1,93,2,dia,32,0,1,vbr,1,baseline,0.9859873526355616,22,13,240,2,81,9,16,1,0,2,Standard_1080p_25fps_20s
1477,1,none,1,0.8520082716211679,1,14,1,0,29.32159763936856,-4:4,none,1,93,2,dia,32,0,1,vbr,1,baseline,0.9859873526355616,22,13,219,2,81,9,16,1,0,1,Standard_1080p_25fps_20s
1477,1,none,1,0.8520082716211679,1,14,1,0,40.17304319775817,4:4,none,1,15,2,dia,32,1,1,none,1,baseline,0.0797997515790167,22,13,219,2,81,9,16,1,0,1,Standard_1080p_25fps_20s
1762,1,"p8x8,b8x8,i8x8,i4x4",0,0.73765459479569,0,14,1,-10,29.32159763936856,-1:1,none,0,93,2,hex,10,0,1,vbr,1,baseline,0.7214316074693485,31,3,5,2,81,11,16,2,0,2,Standard_1080p_25fps_20s
1762,0,p4x4,2,0.73765459479569,0,14,1,-10,16.928541766770305,-1:1,none,0,93,2,hex,61,0,1,vbr,1,baseline,0.9859873526355616,22,13,240,5,81,11,16,2,0,2,Standard_1080p_25fps_20s
1477,1,none,0,0.73765459479569,1,14,1,-10,29.32159763936856,-4:4,none,0,93,2,hex,32,0,1,vbr,1,baseline,0.9859873526355616,22,3,149,2,81,11,16,2,0,2,Standard_1080p_25fps_20s
1762,0,p4x4,2,0.73765459479569,0,14,1,-10,16.928541766770305,-1:1,none,0,93,2,esa,61,0,0,vbr,1,baseline,0.7214316074693485,31,3,5,2,81,11,16,2,0,2,Standard_1080p_25fps_20s
1762,1,"p8x8,b8x8,i8x8,i4x4",0,0.73765459479569,1,14,1,-10,29.32159763936856,-1:1,none,0,93,2,hex,10,0,1,vbr,1,baseline,0.7214316074693485,31,3,5,2,81,11,16,2,0,2,Standard_1080p_25fps_20s
1102,1,none,0,0.73765459479569,0,14,1,-10,29.32159763936856,-1:1,none,0,93,2,hex,61,0,1,vbr,1,baseline,0.9859873526355616,22,13,240,5,81,11,16,2,0,2,Standard_1080p_25fps_20s
1102,1,none,0,0.73765459479569,0,2,0,-10,29.32159763936856,-1:1,none,0,93,2,hex,10,0,1,vbr,1,baseline,0.7214316074693485,31,3,5,2,81,5,16,2,0,2,Standard_1080p_25fps_20s
1762,1,"p8x8,b8x8,i8x8,i4x4",0,0.73765459479569,0,14,1,-10,21.002650136456765,-1:1,none,0,93,2,hex,46,0,1,vbr,1,baseline,0.7214316074693485,31,3,89,2,81,8,16,2,0,2,Standard_1080p_25fps_20s
1102,1,none,0,0.73765459479569,0,4,1,-10,29.32159763936856,-2:2,none,0,93,2,hex,10,0,1,vbr,1,baseline,0.7214316074693485,31,3,5,2,81,5,32,2,0,2,Standard_1080p_25fps_20s
1762,0,p4x4,2,0.73765459479569,0,14,1,-10,16.928541766770305,-1:1,none,0,93,2,hex,61,0,1,vbr,1,baseline,0.7919147352571182,22,13,240,5,81,11,13,2,0,2,Standard_1080p_25fps_20s
1477,1,none,0,0.8520082716211679,1,14,1,0,29.32159763936856,-4:4,none,1,93,2,dia,32,0,1,vbr,1,baseline,0.7214316074693485,31,3,5,2,81,11,16,0,0,2,Standard_1080p_25fps_20s
1477,1,none,0,0.73765459479569,0,14,1,-10,29.32159763936856,-4:4,none,1,93,2,hex,10,0,1,vbr,1,baseline,0.9859873526355616,22,20,5,2,81,11,16,2,0,2,Standard_1080p_25fps_20s
1477,1,none,0,0.8520082716211679,1,14,1,1,29.32159763936856,-4:4,none,1,93,2,dia,32,0,1,vbr,1,baseline,0.9859873526355616,22,13,240,2,81,9,16,1,0,2,Action_1080p_30fps_15s
1477,1,none,0,0.8520082716211679,1,14,1,0,29.32159763936856,-4:4,none,1,93,2,dia,32,0,1,vbr,1,baseline,0.9859873526355616,22,13,240,2,81,9,16,1,0,1,Action_1080p_30fps_15s
1477,1,none,3,0.8520082716211679,1,14,1,0,29.32159763936856,1:1,none,1,93,2,dia,32,0,1,vbr,1,baseline,0.9859873526355616,22,13,37,2,81,9,16,1,0,1,Action_1080p_30fps_15s
2285,1,none,0,0.8520082716211679,1,14,1,0,29.32159763936856,-4:4,none,1,93,2,dia,32,0,1,vbr,1,baseline,0.1494510684792814,22,13,240,2,67,9,16,1,0,1,Action_1080p_30fps_15s
1477,1,none,0,0.73765459479569,0,14,1,-10,29.32159763936856,-4:4,none,1,93,2,hex,10,0,1,vbr,1,baseline,0.9859873526355616,22,20,5,2,81,11,16,2,0,2,Action_1080p_30fps_15s
1102,1,none,0,0.73765459479569,0,14,1,-10,29.32159763936856,-4:4,none,1,93,2,tesa,10,0,1,vbr,1,baseline,0.7214316074693485,25,3,141,7,40,5,63,0,0,2,Action_1080p_30fps_15s
1477,1,none,0,0.73765459479569,0,5,1,-10,29.32159763936856,-4:4,none,1,93,2,hex,10,0,1,vbr,1,baseline,0.9859873526355616,22,20,5,2,81,11,16,2,0,2,Action_1080p_30fps_15s
527,1,none,0,0.73765459479569,0,7,1,-10,11.302398815321745,-4:4,none,0,93,2,hex,10,0,1,vbr,1,baseline,0.9859873526355616,22,20,75,6,49,11,16,0,0,2,Action_1080p_30fps_15s
1102,1,none,0,0.73765459479569,0,14,1,-10,29.32159763936856,-4:4,none,1,93,2,hex,10,0,1,vbr,1,baseline,0.7214316074693485,31,3,240,14,81,11,16,2,0,2,Action_1080p_30fps_15s
1477,1,none,0,0.73765459479569,0,5,1,-10,29.32159763936856,-4:4,none,0,93,2,hex,10,0,1,vbr,1,baseline,0.9859873526355616,22,20,5,2,0,9,16,2,0,2,Action_1080p_30fps_15s
491,0,p8x8,3,0.73765459479569,0,14,1,-10,29.32159763936856,-4:4,none,1,93,2,hex,60,0,1,cbr,1,baseline,0.9789055283372072,22,20,5,2,50,9,16,1,0,2,Action_1080p_30fps_15s
1477,1,none,0,0.73765459479569,0,14,1,-10,29.32159763936856,-4:4,none,1,93,4,hex,60,0,1,none,1,baseline,0.9859873526355616,22,6,5,2,20,11,16,2,0,2,Action_1080p_30fps_15s
1477,1,none,0,0.73765459479569,0,14,1,-10,29.32159763936856,-4:4,none,1,93,2,hex,60,0,1,none,1,baseline,0.9859873526355616,22,20,5,2,50,9,16,2,0,2,Action_1080p_30fps_15s
1102,1,none,0,0.73765459479569,0,14,1,-10,29.32159763936856,-4:4,none,1,93,2,tesa,10,0,1,vbr,1,baseline,0.7214316074693485,25,3,141,6,49,11,16,0,0,2,Action_1080p_30fps_15s
1477,1,none,1,0.73765459479569,0,9,1,-10,29.32159763936856,-4:4,none,1,93,4,hex,60,0,1,none,1,baseline,0.0322787327694953,22,6,5,14,20,11,16,2,0,2,Action_1080p_30fps_15s
1477,1,all,0,0.73765459479569,0,14,0,-10,29.32159763936856,-4:4,none,1,93,2,hex,60,0,1,none,1,baseline,0.9859873526355616,22,6,5,5,20,7,16,0,0,2,Action_1080p_30fps_15s
714,1,none,0,1.1219151461645431,0,14,1,-10,29.32159763936856,-4:4,none,1,93,4,hex,38,0,1,vbr,1,baseline,0.9859873526355616,37,20,5,2,50,6,16,2,0,2,Action_1080p_30fps_15s
1102,1,p4x4,0,0.73765459479569,0,14,1,-10,39.06317718343513,-4:4,none,1,93,4,hex,60,0,1,none,1,high,0.9859873526355616,22,6,5,2,20,11,16,2,0,2,Action_1080p_30fps_15s
1477,1,none,3,0.73765459479569,0,14,1,-10,29.32159763936856,-4:4,none,1,93,4,hex,19,0,1,vbr,1,baseline,0.1794907376166343,37,3,240,14,81,11,16,2,0,2,Action_1080p_30fps_15s
1477,1,none,0,0.73765459479569,0,14,1,-10,29.32159763936856,-4:4,none,1,93,2,hex,32,0,1,vbr,1,baseline,0.9859873526355616,34,13,240,2,81,9,16,1,0,2,Action_1080p_30fps_15s
1477,1,none,0,0.8520082716211679,1,14,1,1,29.32159763936856,-4:4,none,1,93,2,dia,32,0,1,vbr,1,baseline,0.9859873526355616,22,13,240,2,81,9,16,1,0,2,Still_image_720p_60fps_15s
1477,1,none,0,0.8520082716211679,1,14,1,0,29.32159763936856,-4:4,none,1,93,2,dia,32,0,1,vbr,1,baseline,0.9859873526355616,22,13,240,2,81,9,16,1,0,1,Still_image_720p_60fps_15s
2285,1,none,0,0.8520082716211679,1,14,1,0,29.32159763936856,-4:4,none,1,93,2,dia,32,0,1,vbr,1,baseline,0.1494510684792814,22,13,240,2,67,9,16,1,0,1,Still_image_720p_60fps_15s
1102,1,none,0,0.73765459479569,0,14,1,-10,29.32159763936856,-4:4,none,1,93,2,tesa,10,0,1,vbr,1,baseline,0.7214316074693485,25,3,141,7,40,5,63,0,0,2,Still_image_720p_60fps_15s
1477,1,none,0,0.73765459479569,0,14,1,-10,29.32159763936856,-4:4,none,1,93,2,hex,10,0,1,vbr,1,baseline,0.9859873526355616,22,20,5,2,81,11,16,2,0,2,Still_image_720p_60fps_15s
527,1,none,0,0.73765459479569,0,7,1,-10,11.302398815321745,-4:4,none,0,93,2,hex,10,0,1,vbr,1,baseline,0.9859873526355616,22,20,75,6,49,11,16,0,0,2,Still_image_720p_60fps_15s
1477,1,none,0,0.73765459479569,0,5,1,-10,29.32159763936856,-4:4,none,1,93,2,hex,10,0,1,vbr,1,baseline,0.9859873526355616,22,20,5,2,81,11,16,2,0,2,Still_image_720p_60fps_15s
1102,1,none,0,0.73765459479569,0,14,1,-10,29.32159763936856,-4:4,none,1,93,2,hex,10,0,1,vbr,1,baseline,0.7214316074693485,31,3,240,14,81,11,16,2,0,2,Still_image_720p_60fps_15s
1477,1,none,0,0.73765459479569,0,5,1,-10,29.32159763936856,-4:4,none,0,93,2,hex,10,0,1,vbr,1,baseline,0.9859873526355616,22,20,5,2,0,9,16,2,0,2,Still_image_720p_60fps_15s
1477,1,none,0,0.73765459479569,0,14,1,-10,29.32159763936856,-4:4,none,1,93,4,hex,60,0,1,none,1,baseline,0.9859873526355616,22,6,5,2,20,11,16,2,0,2,Still_image_720p_60fps_15s
491,0,p8x8,3,0.73765459479569,0,14,1,-10,29.32159763936856,-4:4,none,1,93,2,hex,60,0,1,cbr,1,baseline,0.9789055283372072,22,20,5,2,50,9,16,1,0,2,Still_image_720p_60fps_15s
1477,1,none,0,0.73765459479569,0,14,1,-10,29.32159763936856,-4:4,none,1,93,2,hex,60,0,1,none,1,baseline,0.9859873526355616,22,20,5,2,50,9,16,2,0,2,Still_image_720p_60fps_15s
1102,1,none,0,0.73765459479569,0,14,1,-10,29.32159763936856,-4:4,none,1,93,2,tesa,10,0,1,vbr,1,baseline,0.7214316074693485,25,3,141,6,49,11,16,0,0,2,Still_image_720p_60fps_15s
1102,1,none,0,0.73765459479569,0,14,1,-10,29.32159763936856,-4:4,none,1,93,2,hex,42,0,1,vbr,1,baseline,0.9859873526355616,22,20,5,2,81,11,16,0,0,2,Still_image_720p_60fps_15s
1477,1,none,0,0.73765459479569,0,14,1,-10,29.32159763936856,-4:4,none,1,93,2,hex,60,0,1,none,1,baseline,0.9859873526355616,22,20,240,3,81,9,16,1,1,1,Still_image_720p_60fps_15s
1477,1,none,0,0.73765459479569,0,14,1,-10,29.32159763936856,-4:4,none,1,93,4,hex,60,0,1,none,1,baseline,0.9859873526355616,22,20,240,3,57,9,16,1,1,1,Still_image_720p_60fps_15s
1477,1,none,2,0.73765459479569,0,14,1,-10,29.32159763936856,-5:5,none,1,93,4,dia,60,0,1,none,1,baseline,0.2382937675380724,22,6,5,2,20,11,16,2,0,2,Still_image_720p_60fps_15s
1477,1,none,3,0.8520082716211679,0,5,1,-10,29.32159763936856,-4:4,none,1,93,2,esa,10,0,1,vbr,1,baseline,0.9859873526355616,22,13,5,2,81,11,16,2,0,2,Still_image_720p_60fps_15s
1477,1,none,0,0.73765459479569,0,14,1,-10,29.32159763936856,-4:4,none,1,93,4,hex,40,0,1,none,1,baseline,0.9859873526355616,30,6,5,2,20,11,2,2,0,2,Still_image_720p_60fps_15s
1102,1,p8x8,3,0.73765459479569,0,14,1,-10,25.685670956724724,-4:4,none,1,93,2,hex,60,0,1,cbr,0,baseline,0.9789055283372072,46,20,5,2,50,9,16,1,0,2,Still_image_720p_60fps_15s
1762,1,"p8x8,b8x8,i8x8,i4x4",0,0.73765459479569,0,14,1,-10,29.32159763936856,-1:1,none,0,93,2,hex,10,0,1,vbr,1,baseline,0.7214316074693485,31,3,5,2,81,11,16,2,0,2,Still_image_1080p_25fps_5s
1762,0,p4x4,2,0.73765459479569,0,14,1,-10,16.928541766770305,-1:1,none,0,93,2,hex,61,0,1,vbr,1,baseline,0.9859873526355616,22,13,240,5,81,11,16,2,0,2,Still_image_1080p_25fps_5s
1477,1,none,0,0.73765459479569,1,14,1,-10,29.32159763936856,-4:4,none,0,93,2,hex,32,0,1,vbr,1,baseline,0.9859873526355616,22,3,149,2,81,11,16,2,0,2,Still_image_1080p_25fps_5s
1762,0,p4x4,2,0.73765459479569,0,14,1,-10,16.928541766770305,-1:1,none,0,93,2,esa,61,0,0,vbr,1,baseline,0.7214316074693485,31,3,5,2,81,11,16,2,0,2,Still_image_1080p_25fps_5s
1762,1,"p8x8,b8x8,i8x8,i4x4",0,0.73765459479569,1,14,1,-10,29.32159763936856,-1:1,none,0,93,2,hex,10,0,1,vbr,1,baseline,0.7214316074693485,31,3,5,2,81,11,16,2,0,2,Still_image_1080p_25fps_5s
1102,1,none,0,0.73765459479569,0,14,1,-10,29.32159763936856,-1:1,none,0,93,2,hex,61,0,1,vbr,1,baseline,0.9859873526355616,22,13,240,5,81,11,16,2,0,2,Still_image_1080p_25fps_5s
1102,1,none,0,0.73765459479569,0,2,0,-10,29.32159763936856,-1:1,none,0,93,2,hex,10,0,1,vbr,1,baseline,0.7214316074693485,31,3,5,2,81,5,16,2,0,2,Still_image_1080p_25fps_5s
1102,1,none,0,0.73765459479569,0,2,0,-10,29.32159763936856,-1:1,none,0,93,2,hex,10,0,1,vbr,1,baseline,0.7214316074693485,31,3,5,11,81,5,16,2,0,2,Still_image_1080p_25fps_5s
1102,1,none,0,0.73765459479569,0,2,1,-10,29.32159763936856,-1:1,none,0,93,2,hex,40,0,0,vbr,1,baseline,0.9344307462705954,22,3,5,2,81,5,16,2,1,2,Still_image_1080p_25fps_5s
1102,1,all,0,0.73765459479569,0,2,0,-10,29.32159763936856,-1:1,none,0,93,2,hex,10,0,1,vbr,0,baseline,0.9859873526355616,22,13,240,2,81,9,16,1,0,2,Still_image_1080p_25fps_5s
1477,1,none,0,0.73765459479569,0,0,1,-10,29.32159763936856,-1:1,none,0,93,2,hex,10,0,0,vbr,1,baseline,0.7214316074693485,31,3,5,2,81,11,16,2,0,2,Still_image_1080p_25fps_5s
1477,1,none,0,1.1509069004246733,1,14,0,-4,29.32159763936856,-1:1,none,0,93,2,hex,10,0,1,vbr,1,baseline,0.8731166208213369,31,3,5,2,81,5,16,2,0,2,Still_image_1080p_25fps_5s
1102,1,none,0,0.73765459479569,0,2,0,-10,29.32159763936856,4:4,none,0,104,2,hex,10,0,1,vbr,1,baseline,0.7214316074693485,31,3,5,11,81,5,16,2,0,2,Still_image_1080p_25fps_5s
1477,1,none,0,1.1509069004246733,1,12,0,-4,29.32159763936856,-1:1,none,0,292,2,hex,10,0,1,vbr,1,baseline,0.8731166208213369,21,3,5,3,81,5,9,2,0,2,Still_image_1080p_25fps_5s
1762,1,p4x4,2,0.73765459479569,0,14,0,-10,16.928541766770305,-1:1,temporal,0,93,2,esa,61,0,0,vbr,1,baseline,0.7214316074693485,31,3,5,2,81,11,0,2,0,2,Still_image_1080p_25fps_5s
1102,1,all,0,0.73765459479569,0,2,1,-10,29.32159763936856,-1:1,none,0,71,2,hex,40,0,0,vbr,1,baseline,0.9344307462705954,22,3,5,2,81,5,16,2,1,2,Still_image_1080p_25fps_5s
1477,1,none,0,0.73765459479569,1,14,0,-10,29.32159763936856,-4:4,none,0,93,2,hex,32,0,1,vbr,1,baseline,0.8596076199799495,22,3,149,2,18,2,16,2,0,2,Still_image_1080p_25fps_5s
1477,1,none,0,0.8520082716211679,1,14,1,1,29.32159763936856,-4:4,none,1,93,2,dia,32,0,1,vbr,1,baseline,0.9859873526355616,22,13,240,2,81,9,16,1,0,2,Still_image_1080p_25fps_5s
1477,1,none,0,0.8520082716211679,1,14,1,0,29.32159763936856,-4:4,none,1,93,2,dia,32,0,1,vbr,1,baseline,0.9859873526355616,22,13,240,2,81,9,16,1,0,1,Still_image_1080p_25fps_5s
1069,1,none,0,1.2352523734581566,1,14,1,5,29.32159763936856,-4:4,auto,1,20,2,dia,41,0,1,cbr,1,baseline,0.9859873526355616,22,20,5,2,0,9,16,2,0,1,Still_image_1080p_25fps_5s
1762,1,"p8x8,b8x8,i8x8,i4x4",0,0.73765459479569,0,14,1,-10,29.32159763936856,-1:1,none,0,93,2,hex,10,0,1,vbr,1,baseline,0.7214316074693485,31,3,5,2,81,11,16,2,0,2,Big_1080p_30fps_20s
1762,0,p4x4,2,0.73765459479569,0,14,1,-10,16.928541766770305,-1:1,none,0,93,2,hex,61,0,1,vbr,1,baseline,0.9859873526355616,22,13,240,5,81,11,16,2,0,2,Big_1080p_30fps_20s
1477,1,none,0,0.73765459479569,1,14,1,-10,29.32159763936856,-4:4,none,0,93,2,hex,32,0,1,vbr,1,baseline,0.9859873526355616,22,3,149,2,81,11,16,2,0,2,Big_1080p_30fps_20s
1762,1,"p8x8,b8x8,i8x8,i4x4",0,0.73765459479569,1,14,1,-10,29.32159763936856,-1:1,none,0,93,2,hex,10,0,1,vbr,1,baseline,0.7214316074693485,31,3,5,2,81,11,16,2,0,2,Big_1080p_30fps_20s
1762,0,p4x4,2,0.73765459479569,0,14,1,-10,16.928541766770305,-1:1,none,0,93,2,esa,61,0,0,vbr,1,baseline,0.7214316074693485,31,3,5,2,81,11,16,2,0,2,Big_1080p_30fps_20s
1102,1,none,0,0.73765459479569,0,14,1,-10,29.32159763936856,-1:1,none,0,93,2,hex,61,0,1,vbr,1,baseline,0.9859873526355616,22,13,240,5,81,11,16,2,0,2,Big_1080p_30fps_20s
1102,1,none,0,0.73765459479569,0,2,0,-10,29.32159763936856,-1:1,none,0,93,2,hex,10,0,1,vbr,1,baseline,0.7214316074693485,31,3,5,2,81,5,16,2,0,2,Big_1080p_30fps_20s
1102,1,none,0,0.73765459479569,0,2,1,-10,29.32159763936856,-1:1,none,0,93,2,hex,40,0,0,vbr,1,baseline,0.9344307462705954,22,3,5,2,81,5,16,2,1,2,Big_1080p_30fps_20s
2080,1,none,0,1.3653973567571176,0,2,0,-10,29.32159763936856,-1:1,none,0,93,2,hex,10,0,1,vbr,1,baseline,0.7214316074693485,25,3,5,2,81,3,16,0,0,2,Big_1080p_30fps_20s
1970,1,none,0,0.73765459479569,1,2,0,-10,29.32159763936856,-1:1,none,0,93,2,hex,10,0,1,vbr,0,baseline,0.7214316074693485,33,3,5,2,81,11,0,2,0,2,Big_1080p_30fps_20s
2080,1,none,0,1.3653973567571176,0,2,0,-10,29.32159763936856,-1:1,none,0,93,2,hex,10,0,0,vbr,1,baseline,0.7214316074693485,31,3,5,4,81,5,16,2,0,2,Big_1080p_30fps_20s
1102,1,none,0,0.73765459479569,1,14,1,-10,29.32159763936856,-1:1,none,0,48,2,hex,61,0,1,vbr,1,baseline,0.7214316074693485,31,3,5,2,81,11,16,2,0,2,Big_1080p_30fps_20s
1102,1,none,0,0.73765459479569,0,4,1,-10,29.32159763936856,-1:1,none,0,93,2,hex,32,0,0,vbr,1,baseline,0.9344307462705954,22,20,5,2,0,1,16,2,0,2,Big_1080p_30fps_20s
1751,1,none,0,0.73765459479569,2,5,1,-10,29.32159763936856,-4:4,none,0,93,2,hex,10,0,1,vbr,1,baseline,0.9859873526355616,22,3,5,2,81,5,16,2,0,2,Big_1080p_30fps_20s
1102,1,none,0,0.73765459479569,0,2,1,-10,29.32159763936856,-1:1,none,0,93,4,hex,40,0,0,vbr,0,baseline,0.9344307462705954,22,11,5,2,81,5,16,2,1,2,Big_1080p_30fps_20s
1667,1,none,0,0.73765459479569,0,2,0,-10,29.32159763936856,4:-4,none,1,93,2,hex,60,0,0,cbr,1,baseline,0.9789055283372072,22,20,5,7,50,9,16,2,0,2,Big_1080p_30fps_20s
2080,1,none,0,1.3653973567571176,0,2,0,-7,29.32159763936856,-1:1,none,0,93,0,hex,46,0,1,vbr,1,baseline,0.9344307462705954,22,3,5,2,81,5,16,2,1,2,Big_1080p_30fps_20s
1667,1,none,2,0.73765459479569,0,2,0,-10,29.32159763936856,-4:4,none,0,93,2,hex,63,0,0,vbr,1,main,0.9859873526355616,22,3,5,2,81,5,49,2,0,2,Big_1080p_30fps_20s
1762,0,p4x4,0,1.8394848835234257,0,2,0,-10,29.32159763936856,-1:1,none,0,93,2,hex,40,0,0,vbr,1,baseline,0.9344307462705954,22,3,5,2,81,5,16,2,1,2,Big_1080p_30fps_20s
1102,1,none,0,0.73765459479569,1,14,1,-10,29.32159763936856,-1:1,none,0,48,2,hex,61,0,1,vbr,1,baseline,0.7214316074693485,31,8,5,2,81,11,16,2,0,2,Big_1080p_30fps_20s
1477,1,none,0,0.8520082716211679,1,14,1,1,29.32159763936856,-4:4,none,1,93,2,dia,32,0,1,vbr,1,baseline,0.9859873526355616,22,13,240,2,81,9,16,1,0,2,Action_1080p_30fps_20s
1477,1,none,0,0.8520082716211679,1,14,1,0,29.32159763936856,-4:4,none,1,93,2,dia,32,0,1,vbr,1,baseline,0.9859873526355616,22,13,240,2,81,9,16,1,0,1,Action_1080p_30fps_20s
2285,1,none,0,0.8520082716211679,1,14,1,0,29.32159763936856,-4:4,none,1,93,2,dia,32,0,1,vbr,1,baseline,0.1494510684792814,22,13,240,2,67,9,16,1,0,1,Action_1080p_30fps_20s
2285,1,none,0,0.8520082716211679,1,14,1,0,29.32159763936856,-4:4,none,1,30,1,dia,32,0,1,vbr,1,baseline,0.1494510684792814,22,13,240,2,61,9,16,1,0,1,Action_1080p_30fps_20s
2285,1,p8x8,3,0.8520082716211679,1,14,1,0,29.32159763936856,3:3,none,1,93,3,dia,32,0,1,none,1,baseline,0.1494510684792814,22,13,240,8,67,10,16,1,0,1,Action_1080p_30fps_20s
1102,1,none,0,0.73765459479569,0,14,1,-10,29.32159763936856,-4:4,none,1,93,2,tesa,10,0,1,vbr,1,baseline,0.7214316074693485,25,3,141,7,40,5,63,0,0,2,Action_1080p_30fps_20s
1477,1,none,0,0.73765459479569,0,14,1,-10,29.32159763936856,-4:4,none,1,93,2,hex,10,0,1,vbr,1,baseline,0.9859873526355616,22,20,5,2,81,11,16,2,0,2,Action_1080p_30fps_20s
527,1,none,0,0.73765459479569,0,7,1,-10,11.302398815321745,-4:4,none,0,93,2,hex,10,0,1,vbr,1,baseline,0.9859873526355616,22,20,75,6,49,11,16,0,0,2,Action_1080p_30fps_20s
1477,1,none,0,0.73765459479569,0,5,1,-10,29.32159763936856,-4:4,none,1,93,2,hex,10,0,1,vbr,1,baseline,0.9859873526355616,22,20,5,2,81,11,16,2,0,2,Action_1080p_30fps_20s
1102,1,none,0,0.73765459479569,0,14,1,-10,29.32159763936856,-4:4,none,1,93,2,hex,10,0,1,vbr,1,baseline,0.7214316074693485,31,3,240,14,81,11,16,2,0,2,Action_1080p_30fps_20s
1477,1,none,0,0.73765459479569,0,5,1,-10,29.32159763936856,-4:4,none,0,93,2,hex,10,0,1,vbr,1,baseline,0.9859873526355616,22,20,5,2,0,9,16,2,0,2,Action_1080p_30fps_20s
1477,1,none,0,0.73765459479569,0,14,1,-10,29.32159763936856,-4:4,none,1,93,4,hex,60,0,1,none,1,baseline,0.9859873526355616,22,6,5,2,20,11,16,2,0,2,Action_1080p_30fps_20s
491,0,p8x8,3,0.73765459479569,0,14,1,-10,29.32159763936856,-4:4,none,1,93,2,hex,60,0,1,cbr,1,baseline,0.9789055283372072,22,20,5,2,50,9,16,1,0,2,Action_1080p_30fps_20s
1477,1,none,0,0.73765459479569,0,14,1,-10,29.32159763936856,-4:4,none,1,93,2,hex,60,0,1,none,1,baseline,0.9859873526355616,22,20,5,2,50,9,16,2,0,2,Action_1080p_30fps_20s
1102,1,none,0,0.73765459479569,0,14,1,-10,29.32159763936856,-4:4,none,1,93,2,tesa,10,0,1,vbr,1,baseline,0.7214316074693485,25,3,141,6,49,11,16,0,0,2,Action_1080p_30fps_20s
1477,1,none,0,0.73765459479569,0,14,1,-10,29.32159763936856,-4:4,none,1,93,2,hex,10,0,1,vbr,1,baseline,0.9859873526355616,22,20,5,6,81,11,16,2,0,2,Action_1080p_30fps_20s
1477,1,none,0,0.73765459479569,0,5,1,-10,25.76419631609304,-4:4,none,0,93,2,hex,32,0,1,vbr,1,baseline,0.9859873526355616,49,3,149,2,81,11,16,1,0,2,Action_1080p_30fps_20s
1477,1,none,0,1.8717961756793624,0,14,1,-10,29.32159763936856,-4:4,none,1,93,2,hex,58,0,1,cbr,1,baseline,0.9859873526355616,22,20,75,6,49,11,16,0,0,2,Action_1080p_30fps_20s
491,0,p8x8,3,0.9293036003729886,0,14,1,-10,29.32159763936856,-4:4,none,1,93,2,hex,60,0,1,cbr,1,baseline,0.9789055283372072,22,20,5,3,50,9,16,1,0,2,Action_1080p_30fps_20s
2285,1,none,0,0.8520082716211679,1,14,1,-10,29.32159763936856,-4:4,none,1,93,4,hex,58,0,1,cbr,1,baseline,0.9859873526355616,22,3,75,6,49,11,16,0,0,2,Action_1080p_30fps_20s
1477,1,none,0,0.8520082716211679,1,14,1,1,29.32159763936856,-4:4,none,1,93,2,dia,32,0,1,vbr,1,baseline,0.9859873526355616,22,13,240,2,81,9,16,1,0,2,Still_image_1080p_25fps_15s
1477,1,none,0,0.8520082716211679,1,14,1,0,29.32159763936856,-4:4,none,1,93,2,dia,32,0,1,vbr,1,baseline,0.9859873526355616,22,13,240,2,81,9,16,1,0,1,Still_image_1080p_25fps_15s
2285,1,none,0,0.8520082716211679,1,14,1,0,29.32159763936856,-4:4,none,1,93,2,dia,32,0,1,vbr,1,baseline,0.1494510684792814,22,13,240,2,67,9,16,1,0,1,Still_image_1080p_25fps_15s
1102,1,none,0,0.73765459479569,0,14,1,-10,29.32159763936856,-4:4,none,1,93,2,tesa,10,0,1,vbr,1,baseline,0.7214316074693485,25,3,141,7,40,5,63,0,0,2,Still_image_1080p_25fps_15s
1477,1,none,0,0.73765459479569,0,14,1,-10,29.32159763936856,-4:4,none,1,93,2,hex,10,0,1,vbr,1,baseline,0.9859873526355616,22,20,5,2,81,11,16,2,0,2,Still_image_1080p_25fps_15s
527,1,none,0,0.73765459479569,0,7,1,-10,11.302398815321745,-4:4,none,0,93,2,hex,10,0,1,vbr,1,baseline,0.9859873526355616,22,20,75,6,49,11,16,0,0,2,Still_image_1080p_25fps_15s
1477,1,none,0,0.73765459479569,0,5,1,-10,29.32159763936856,-4:4,none,1,93,2,hex,10,0,1,vbr,1,baseline,0.9859873526355616,22,20,5,2,81,11,16,2,0,2,Still_image_1080p_25fps_15s
1102,1,none,0,0.73765459479569,0,14,1,-10,29.32159763936856,-4:4,none,1,93,2,hex,10,0,1,vbr,1,baseline,0.7214316074693485,31,3,240,14,81,11,16,2,0,2,Still_image_1080p_25fps_15s
1477,1,none,0,0.73765459479569,0,5,1,-10,29.32159763936856,-4:4,none,0,93,2,hex,10,0,1,vbr,1,baseline,0.9859873526355616,22,20,5,2,0,9,16,2,0,2,Still_image_1080p_25fps_15s
1477,1,none,0,0.73765459479569,0,14,1,-10,29.32159763936856,-4:4,none,1,93,4,hex,60,0,1,none,1,baseline,0.9859873526355616,22,6,5,2,20,11,16,2,0,2,Still_image_1080p_25fps_15s
491,0,p8x8,3,0.73765459479569,0,14,1,-10,29.32159763936856,-4:4,none,1,93,2,hex,60,0,1,cbr,1,baseline,0.9789055283372072,22,20,5,2,50,9,16,1,0,2,Still_image_1080p_25fps_15s
1102,1,none,0,0.73765459479569,0,14,1,-10,29.32159763936856,-4:4,none,1,93,2,tesa,10,0,1,vbr,1,baseline,0.7214316074693485,25,3,141,6,49,11,16,0,0,2,Still_image_1080p_25fps_15s
1477,1,none,0,0.73765459479569,0,14,1,-10,29.32159763936856,-4:4,none,1,93,2,hex,60,0,1,none,1,baseline,0.9859873526355616,22,20,5,2,50,9,16,2,0,2,Still_image_1080p_25fps_15s
527,1,none,0,0.73765459479569,0,14,1,-10,29.32159763936856,-4:4,none,1,93,2,hex,60,0,0,cbr,1,baseline,0.9789055283372072,22,20,5,2,50,9,16,1,0,2,Still_image_1080p_25fps_15s
1477,1,none,0,0.73765459479569,0,14,1,-10,29.32159763936856,-4:4,none,1,93,2,hex,10,0,1,vbr,1,baseline,0.9859873526355616,22,20,5,2,81,11,30,1,0,2,Still_image_1080p_25fps_15s
1477,1,none,0,0.73765459479569,0,12,0,-10,29.32159763936856,-4:4,none,1,93,4,hex,60,0,1,none,0,baseline,0.9859873526355616,22,6,5,2,20,11,16,2,0,2,Still_image_1080p_25fps_15s
1102,1,none,0,0.73765459479569,0,14,1,-10,36.80003912109306,-4:4,none,1,93,2,tesa,10,0,1,none,1,baseline,0.7214316074693485,25,3,134,6,49,11,16,0,0,2,Still_image_1080p_25fps_15s
1477,1,none,0,1.3984116311656738,0,6,1,-10,29.32159763936856,-4:4,none,1,93,4,hex,60,0,1,cbr,1,baseline,0.9859873526355616,22,6,240,2,81,9,16,1,0,1,Still_image_1080p_25fps_15s
1762,1,"p8x8,b8x8,i8x8,i4x4",0,0.73765459479569,0,14,1,-10,29.32159763936856,-1:1,none,0,93,2,hex,10,0,1,vbr,1,baseline,0.7214316074693485,31,3,5,2,81,11,16,2,0,2,Still_image_1080p_25fps_15s
1762,0,p4x4,2,0.73765459479569,0,14,1,-10,16.928541766770305,-1:1,none,0,93,2,hex,61,0,1,vbr,1,baseline,0.9859873526355616,22,13,240,5,81,11,16,2,0,2,Still_image_1080p_25fps_15s
1477,1,none,0,0.8520082716211679,1,14,1,1,29.32159763936856,-4:4,none,1,93,2,dia,32,0,1,vbr,1,baseline,0.9859873526355616,22,13,240,2,81,9,16,1,0,2,Action_1080p_60fps_5s
1477,1,none,0,0.8520082716211679,1,14,1,0,29.32159763936856,-4:4,none,1,93,2,dia,32,0,1,vbr,1,baseline,0.9859873526355616,22,13,240,2,81,9,16,1,0,1,Action_1080p_60fps_5s
1477,1,none,0,1.7821718076060096,1,14,1,0,29.32159763936856,-4:4,none,1,93,2,dia,32,0,1,cbr,1,baseline,0.9789055283372072,22,20,5,2,50,9,16,1,0,2,Action_1080p_60fps_5s
1477,1,none,2,1.7821718076060096,2,14,1,0,29.32159763936856,-4:4,temporal,1,93,2,dia,32,0,1,cbr,1,baseline,0.4869701459308392,23,20,5,2,50,11,16,2,0,2,Action_1080p_60fps_5s
491,0,p8x8,3,0.73765459479569,0,14,0,-10,29.32159763936856,-4:4,none,1,93,2,hex,60,0,1,cbr,1,baseline,0.9859873526355616,22,13,240,2,81,9,16,1,0,1,Action_1080p_60fps_5s
1477,0,none,0,0.8520082716211679,1,14,1,0,29.32159763936856,-4:4,none,1,93,2,dia,32,0,1,vbr,1,baseline,0.9859873526355616,22,13,240,2,81,9,16,1,0,1,Action_1080p_60fps_5s
1477,0,none,0,1.7821718076060096,0,14,1,0,29.32159763936856,-4:4,none,1,93,2,dia,32,0,1,cbr,1,baseline,0.7214316074693485,25,3,141,7,40,5,63,0,0,2,Action_1080p_60fps_5s
1102,1,none,0,0.73765459479569,0,14,1,-10,29.32159763936856,-4:4,none,1,93,2,tesa,10,0,1,vbr,1,baseline,0.7214316074693485,25,3,141,7,40,5,63,0,0,2,Action_1080p_60fps_5s
1477,1,none,0,0.73765459479569,0,14,1,-10,29.32159763936856,-4:4,none,1,93,2,hex,10,0,1,vbr,1,baseline,0.9859873526355616,22,20,5,2,81,11,16,2,0,2,Action_1080p_60fps_5s
527,1,none,0,0.73765459479569,0,7,1,-10,11.302398815321745,-4:4,none,0,93,2,hex,10,0,1,vbr,1,baseline,0.9859873526355616,22,20,75,6,49,11,16,0,0,2,Action_1080p_60fps_5s
1477,1,none,0,0.73765459479569,0,5,1,-10,29.32159763936856,-4:4,none,1,93,2,hex,10,0,1,vbr,1,baseline,0.9859873526355616,22,20,5,2,81,11,16,2,0,2,Action_1080p_60fps_5s
1102,1,none,0,0.73765459479569,0,14,1,-10,29.32159763936856,-4:4,none,1,93,2,hex,10,0,1,vbr,1,baseline,0.7214316074693485,31,3,240,14,81,11,16,2,0,2,Action_1080p_60fps_5s
1477,1,none,0,0.73765459479569,0,5,1,-10,29.32159763936856,-4:4,none,0,93,2,hex,10,0,1,vbr,1,baseline,0.9859873526355616,22,20,5,2,0,9,16,2,0,2,Action_1080p_60fps_5s
1477,1,none,0,0.73765459479569,0,14,1,-10,29.32159763936856,-4:4,none,1,93,4,hex,60,0,1,none,1,baseline,0.9859873526355616,22,6,5,2,20,11,16,2,0,2,Action_1080p_60fps_5s
491,0,p8x8,3,0.73765459479569,0,14,1,-10,29.32159763936856,-4:4,none,1,93,2,hex,60,0,1,cbr,1,baseline,0.9789055283372072,22,20,5,2,50,9,16,1,0,2,Action_1080p_60fps_5s
1102,1,none,0,0.73765459479569,0,14,1,-10,29.32159763936856,-4:4,none,1,93,2,tesa,10,0,1,vbr,1,baseline,0.7214316074693485,25,3,141,6,49,11,16,0,0,2,Action_1080p_60fps_5s
1477,1,none,0,0.73765459479569,0,14,1,-10,29.32159763936856,-4:4,none,1,93,2,hex,60,0,1,none,1,baseline,0.9859873526355616,22,20,5,2,50,9,16,2,0,2,Action_1080p_60fps_5s
1477,1,none,0,0.73765459479569,0,14,1,-10,29.32159763936856,-4:4,none,1,93,2,hex,39,0,1,vbr,1,baseline,0.7214316074693485,31,3,240,14,81,11,16,2,0,2,Action_1080p_60fps_5s
1102,1,none,0,0.73765459479569,0,14,1,-10,29.32159763936856,-4:4,none,1,93,2,hex,10,0,1,vbr,1,baseline,0.9789055283372072,22,20,5,2,50,9,16,1,0,2,Action_1080p_60fps_5s
527,1,none,0,0.73765459479569,0,7,0,-10,11.302398815321745,-5:5,none,1,93,2,umh,60,0,1,none,1,baseline,0.9859873526355616,22,18,5,2,50,9,16,2,0,2,Action_1080p_60fps_5s
1477,1,none,0,0.8520082716211679,1,14,1,1,29.32159763936856,-4:4,none,1,93,2,dia,32,0,1,vbr,1,baseline,0.9859873526355616,22,13,240,2,81,9,16,1,0,2,Still_image_480p_30fps_5s
1477,1,none,0,0.8520082716211679,1,14,1,0,29.32159763936856,-4:4,none,1,93,2,dia,32,0,1,vbr,1,baseline,0.9859873526355616,22,13,240,2,81,9,16,1,0,1,Still_image_480p_30fps_5s
1762,1,"p8x8,b8x8,i8x8,i4x4",0,0.73765459479569,0,14,1,-10,29.32159763936856,-1:1,none,0,93,2,hex,10,0,1,vbr,1,baseline,0.7214316074693485,31,3,5,2,81,11,16,2,0,2,Still_image_480p_30fps_5s
1762,0,p4x4,2,0.73765459479569,0,14,1,-10,16.928541766770305,-1:1,none,0,93,2,hex,61,0,1,vbr,1,baseline,0.9859873526355616,22,13,240,5,81,11,16,2,0,2,Still_image_480p_30fps_5s
1762,1,"p8x8,b8x8,i8x8,i4x4",0,0.73765459479569,1,14,1,-10,29.32159763936856,-1:1,none,0,93,2,hex,10,0,1,vbr,1,baseline,0.7214316074693485,31,3,5,2,81,11,16,2,0,2,Still_image_480p_30fps_5s
1762,0,p4x4,2,0.73765459479569,0,14,1,-10,16.928541766770305,-1:1,none,0,93,2,esa,61,0,0,vbr,1,baseline,0.7214316074693485,31,3,5,2,81,11,16,2,0,2,Still_image_480p_30fps_5s
1477,1,none,0,0.73765459479569,1,14,1,-10,29.32159763936856,-4:4,none,0,93,2,hex,32,0,1,vbr,1,baseline,0.9859873526355616,22,3,149,2,81,11,16,2,0,2,Still_image_480p_30fps_5s
1102,1,none,0,0.73765459479569,0,14,1,-10,29.32159763936856,-1:1,none,0,93,2,hex,61,0,1,vbr,1,baseline,0.9859873526355616,22,13,240,5,81,11,16,2,0,2,Still_image_480p_30fps_5s
1102,1,none,0,0.73765459479569,0,2,0,-10,29.32159763936856,-1:1,none,0,93,2,hex,10,0,1,vbr,1,baseline,0.7214316074693485,31,3,5,2,81,5,16,2,0,2,Still_image_480p_30fps_5s
1477,1,none,0,0.73765459479569,0,5,1,-10,29.32159763936856,-4:4,none,0,93,2,hex,10,0,0,none,1,baseline,0.9859873526355616,22,13,240,5,81,11,16,2,0,2,Still_image_480p_30fps_5s
1477,1,none,0,0.73765459479569,0,2,0,-10,29.32159763936856,-1:1,none,0,93,2,hex,10,0,1,vbr,1,baseline,0.7214316074693485,31,3,5,2,81,5,5,2,0,2,Still_image_480p_30fps_5s
1477,1,none,0,0.8520082716211679,0,2,0,-10,29.32159763936856,6:-6,none,0,187,2,hex,10,0,1,vbr,1,baseline,0.7214316074693485,31,1,5,2,81,5,16,2,0,2,Still_image_480p_30fps_5s
1477,0,none,0,0.8520082716211679,1,14,1,-10,29.32159763936856,-2:2,none,0,441,2,hex,61,0,1,vbr,1,baseline,0.9859873526355616,22,13,240,5,81,11,16,2,0,2,Still_image_480p_30fps_5s
1477,1,none,1,0.73765459479569,1,14,1,-12,16.928541766770305,-1:1,none,0,93,3,hex,61,0,1,vbr,1,baseline,0.9859873526355616,22,13,240,5,81,11,16,2,0,2,Still_image_480p_30fps_5s
1762,0,p4x4,0,0.73765459479569,1,14,1,-10,29.32159763936856,-4:4,none,0,93,2,hex,32,0,0,vbr,1,baseline,0.9859873526355616,22,3,149,2,81,11,16,2,0,2,Still_image_480p_30fps_5s
1477,0,none,0,0.73765459479569,0,14,0,-10,29.32159763936856,-4:4,none,0,93,4,hex,61,0,1,vbr,1,baseline,0.9859873526355616,43,13,240,5,81,11,7,2,0,2,Still_image_480p_30fps_5s
1477,1,none,0,0.73765459479569,0,14,1,-10,29.32159763936856,-4:4,none,1,93,2,hex,10,0,1,vbr,1,baseline,0.9859873526355616,22,20,5,2,81,11,16,2,0,2,Still_image_480p_30fps_5s
1102,1,none,0,0.73765459479569,0,14,1,-10,29.32159763936856,-4:4,none,1,93,2,tesa,10,0,1,vbr,1,baseline,0.7214316074693485,25,3,141,7,40,5,63,0,0,2,Still_image_480p_30fps_5s
527,1,none,0,0.73765459479569,0,7,1,-10,11.302398815321745,-4:4,none,0,93,2,hex,10,0,1,vbr,1,baseline,0.9859873526355616,22,20,75,6,49,11,16,0,0,2,Still_image_480p_30fps_5s
1477,1,none,0,0.73765459479569,0,5,1,-10,29.32159763936856,-4:4,none,1,93,2,hex,10,0,1,vbr,1,baseline,0.9859873526355616,22,20,5,2,81,11,16,2,0,2,Still_image_480p_30fps_5s
