id,8x8dct,analyse,aq-mode,aq-strength,b-adapt,bframes,cabac,chroma-qp-offset,crf,deblock,direct,fast-pskip,keyint,lookahead-threads,me,merange,mixed-refs,mbtree,nal-hrd,open-gop,profile,qcomp,qpmax,qpmin,rc-lookahead,ref,scenecut,subme,threads,trellis,weightb,weightp,workload
721,1,none,2,1.3443051931077403,1,15,0,12,40.323908075426026,-2:2,spatial,1,450,4,dia,29,0,0,none,1,baseline,0.7267739747153646,21,8,46,2,81,11,24,2,0,2,Action_1080p_30fps_10s
721,1,none,2,1.3443051931077403,1,15,0,6,40.323908075426026,-2:2,spatial,1,450,4,hex,29,1,0,none,1,baseline,0.7267739747153646,21,8,46,2,81,9,24,1,0,2,Action_1080p_30fps_10s
78,1,"p8x8,b8x8,i8x8,i4x4",1,1.9680592618204027,0,9,0,12,41.62378391495786,4:4,auto,1,312,0,dia,54,0,1,none,0,high,0.3634440361832308,42,8,140,6,59,11,43,2,0,1,Action_1080p_30fps_10s
1320,1,p4x4,3,0.6157864219350295,1,12,0,8,38.687654164818326,2:-2,spatial,1,435,3,dia,15,1,0,cbr,1,main,0.7214316074693485,25,3,141,7,40,5,63,1,0,2,Action_1080p_30fps_10s
1320,1,p4x4,3,0.6157864219350295,1,12,0,8,38.687654164818326,2:-2,spatial,1,435,3,dia,15,1,0,cbr,1,main,0.7214316074693485,25,3,141,4,40,3,63,1,0,2,Action_1080p_30fps_10s
1320,1,p4x4,3,0.6157864219350295,1,5,0,8,38.687654164818326,2:-2,spatial,1,435,3,dia,15,1,0,cbr,1,main,0.7214316074693485,25,3,141,7,40,5,64,1,0,2,Action_1080p_30fps_10s
76,0,p8x8,1,0.6295137611273145,2,0,1,9,29.58495568862226,4:4,none,0,51,0,tesa,45,0,0,none,1,baseline,0.8577477619777601,22,13,126,4,54,1,60,1,1,2,Action_1080p_30fps_10s
1588,1,p8x8,2,0.6295137611273145,1,0,1,-1,29.58495568862226,4:4,spatial,0,51,0,tesa,45,0,1,none,0,baseline,0.5966424120940658,22,13,242,7,67,0,42,0,1,1,Action_1080p_30fps_10s
76,0,p8x8,1,0.6295137611273145,2,0,1,9,29.58495568862226,4:4,spatial,0,51,0,dia,54,0,1,none,0,baseline,0.6493532546000097,48,4,92,2,80,0,2,0,0,0,Action_1080p_30fps_10s
76,0,p8x8,1,0.6295137611273145,2,0,1,-5,30.75302353903412,0:0,spatial,1,51,1,dia,54,0,1,none,0,high,0.3634440361832308,42,8,140,6,59,11,43,2,0,1,Action_1080p_30fps_10s
1041,1,p8x8,1,1.9680592618204027,0,4,0,-7,41.62378391495786,4:4,temporal,0,51,0,esa,54,0,0,none,0,baseline,0.6493532546000097,48,4,92,2,80,0,2,0,0,0,Action_1080p_30fps_10s
76,1,p8x8,2,0.6295137611273145,1,0,1,9,29.58495568862226,4:4,spatial,0,51,0,dia,54,0,1,none,0,baseline,0.6493532546000097,48,4,92,2,80,2,60,1,1,2,Action_1080p_30fps_10s
76,1,p8x8,1,0.6295137611273145,2,0,1,9,29.58495568862226,4:4,spatial,0,51,0,dia,47,0,1,none,0,baseline,0.5953676782928479,23,4,92,5,80,0,2,0,0,2,Action_1080p_30fps_10s
76,0,p8x8,1,0.6295137611273145,2,0,0,9,29.58495568862226,4:4,none,0,51,0,dia,54,1,1,none,0,baseline,0.1660662976573991,48,4,92,2,80,0,2,0,0,0,Action_1080p_30fps_10s
76,0,"p8x8,b8x8,i8x8,i4x4",3,0.5464211271629129,2,0,0,9,29.58495568862226,4:4,none,0,51,3,dia,54,1,1,cbr,1,baseline,0.1660662976573991,48,4,92,2,80,0,2,0,0,0,Action_1080p_30fps_10s
76,1,p8x8,1,0.6295137611273145,2,0,1,9,29.58495568862226,4:4,spatial,0,51,1,dia,18,0,1,cbr,0,high,0.3146554733477739,23,4,92,8,80,0,2,1,1,2,Action_1080p_30fps_10s
76,0,p8x8,2,0.6295137611273145,1,0,1,9,29.58495568862226,4:4,spatial,0,51,0,hex,54,0,0,none,0,baseline,0.6493532546000097,48,13,157,2,1,8,45,1,1,0,Action_1080p_30fps_10s
76,0,p8x8,3,0.6295137611273145,0,0,0,9,29.58495568862226,4:4,none,0,51,0,umh,54,1,1,none,0,baseline,0.1660662976573991,48,4,92,2,80,2,60,1,1,2,Action_1080p_30fps_10s
76,0,p8x8,2,0.6295137611273145,0,0,0,9,29.58495568862226,4:4,spatial,0,51,0,dia,54,0,1,none,0,baseline,0.6493532546000097,48,4,92,14,80,0,2,0,0,1,Action_1080p_30fps_10s
76,0,p8x8,0,0.6295137611273145,2,0,1,-5,30.75302353903412,0:0,spatial,0,51,0,dia,54,1,1,none,0,baseline,0.1660662976573991,48,4,92,2,80,0,2,0,0,0,Action_1080p_30fps_10s
76,0,p8x8,1,0.6295137611273145,2,0,1,9,29.58495568862226,4:4,none,0,51,0,tesa,45,0,0,none,1,baseline,0.8577477619777601,22,13,126,4,54,1,60,1,1,2,Still_image_720p_25fps_10s
1588,1,p8x8,2,0.6295137611273145,1,0,1,-1,29.58495568862226,4:4,spatial,0,51,0,tesa,45,0,1,none,0,baseline,0.5966424120940658,22,13,242,7,67,0,42,0,1,1,Still_image_720p_25fps_10s
76,0,p8x8,1,0.6295137611273145,1,0,1,-5,30.75302353903412,0:0,temporal,0,51,0,umh,45,0,1,none,0,baseline,0.5966424120940658,22,13,242,7,67,0,42,0,1,1,Still_image_720p_25fps_10s
76,0,p8x8,1,1.3391586382532998,1,12,1,-5,30.75302353903412,0:0,temporal,0,51,0,umh,45,0,1,none,0,baseline,0.5966424120940658,22,13,242,7,67,0,42,0,1,0,Still_image_720p_25fps_10s
76,0,p8x8,1,0.6295137611273145,1,0,1,-5,30.75302353903412,0:0,temporal,0,51,0,umh,45,0,1,none,0,baseline,0.5966424120940658,22,1,242,14,67,0,42,0,1,1,Still_image_720p_25fps_10s
76,0,none,1,1.3391586382532998,1,12,1,-5,30.75302353903412,0:0,temporal,0,135,0,umh,45,0,1,none,1,baseline,0.5966424120940658,22,9,242,7,67,0,42,0,1,2,Still_image_720p_25fps_10s
76,0,p8x8,1,1.923318914883718,0,0,1,-5,30.75302353903412,0:0,temporal,0,51,0,umh,45,0,1,none,0,baseline,0.5966424120940658,22,13,242,7,67,9,42,0,1,1,Still_image_720p_25fps_10s
1320,1,p4x4,3,0.6157864219350295,1,12,0,8,23.333519796148863,2:-2,spatial,1,435,0,dia,15,1,1,none,0,baseline,0.6493532546000097,48,16,92,2,80,0,2,0,1,0,Still_image_720p_25fps_10s
721,1,none,2,1.3443051931077403,1,15,0,12,40.323908075426026,-2:2,spatial,1,450,4,dia,29,0,0,none,1,baseline,0.7267739747153646,21,8,46,2,81,11,24,2,0,2,Still_image_720p_25fps_10s
721,1,none,2,1.3443051931077403,1,15,0,6,40.323908075426026,-2:2,spatial,1,450,4,hex,29,1,0,none,1,baseline,0.7267739747153646,21,8,46,2,81,9,24,1,0,2,Still_image_720p_25fps_10s
721,1,none,2,1.3443051931077403,1,15,0,12,40.323908075426026,-2:2,spatial,1,375,4,dia,29,0,0,none,0,baseline,0.7267739747153646,21,8,46,2,81,11,24,0,1,0,Still_image_720p_25fps_10s
721,1,none,2,1.3443051931077403,1,15,0,6,40.323908075426026,-2:2,spatial,1,450,4,hex,29,1,0,none,1,baseline,0.7267739747153646,21,8,46,2,81,0,42,0,1,0,Still_image_720p_25fps_10s
884,1,none,2,1.3443051931077403,1,15,0,12,40.323908075426026,-2:2,spatial,1,375,4,dia,29,0,0,none,1,baseline,0.7267739747153646,21,8,143,2,81,0,42,0,1,0,Still_image_720p_25fps_10s
721,1,none,3,1.3443051931077403,1,15,0,12,40.323908075426026,-2:2,spatial,0,450,4,dia,47,0,0,none,1,baseline,0.7267739747153646,21,8,46,2,81,11,24,1,1,1,Still_image_720p_25fps_10s
721,1,none,0,1.3443051931077403,1,15,0,12,40.323908075426026,6:-6,spatial,1,450,4,dia,29,0,0,none,1,baseline,0.7267739747153646,21,8,46,2,81,11,24,2,0,2,Still_image_720p_25fps_10s
721,1,none,2,1.3443051931077403,1,15,1,12,40.323908075426026,-2:2,spatial,0,375,4,dia,29,0,0,none,0,baseline,0.7267739747153646,48,16,92,2,80,0,2,0,1,0,Still_image_720p_25fps_10s
1320,1,p4x4,3,0.6157864219350295,1,12,0,8,38.687654164818326,2:-2,spatial,1,435,3,dia,15,1,0,cbr,1,main,0.7214316074693485,25,3,141,7,40,5,63,1,0,2,Still_image_720p_25fps_10s
1320,1,p4x4,3,0.6157864219350295,1,12,0,8,38.687654164818326,2:-2,spatial,1,435,3,dia,15,1,0,cbr,1,main,0.7214316074693485,25,3,141,4,40,3,63,1,0,2,Still_image_720p_25fps_10s
1320,1,p4x4,3,0.6157864219350295,1,5,0,8,38.687654164818326,2:-2,spatial,1,435,3,dia,15,1,0,cbr,1,main,0.7214316074693485,25,3,141,7,40,5,64,1,0,2,Still_image_720p_25fps_10s
1320,1,p4x4,3,0.6157864219350295,1,12,0,8,38.687654164818326,2:-2,spatial,1,435,3,dia,15,1,0,cbr,1,main,0.7214316074693485,25,3,141,7,40,5,64,1,0,2,Still_image_720p_25fps_10s
1320,1,p4x4,3,0.6157864219350295,1,12,0,8,23.333519796148863,2:-2,spatial,1,435,0,dia,15,1,1,none,0,baseline,0.6493532546000097,48,16,92,2,80,0,2,0,1,0,Standard_720p_30fps_10s
1320,1,p4x4,3,0.6157864219350295,1,12,0,4,38.687654164818326,2:-2,spatial,1,435,2,dia,15,1,1,none,0,high,0.6493532546000097,48,16,8,2,80,0,2,0,1,1,Standard_720p_30fps_10s
1320,1,p4x4,3,0.6157864219350295,1,12,0,8,23.333519796148863,2:-2,spatial,1,431,2,dia,15,1,1,none,0,baseline,0.6493532546000097,48,16,92,2,86,0,2,0,0,0,Standard_720p_30fps_10s
1320,1,p4x4,3,0.6157864219350295,2,13,0,8,23.333519796148863,2:-2,spatial,1,431,2,dia,15,1,1,none,0,high,0.6493532546000097,48,16,8,9,80,0,6,0,1,1,Standard_720p_30fps_10s
1331,1,p4x4,3,0.6157864219350295,1,12,0,4,5.497733642497615,2:-2,spatial,1,435,2,dia,15,1,1,none,0,baseline,0.6493532546000097,48,16,92,2,86,0,2,0,0,0,Standard_720p_30fps_10s
1320,1,p4x4,3,0.6157864219350295,1,12,0,8,23.333519796148863,0:0,spatial,1,435,0,dia,15,1,1,none,0,baseline,0.6493532546000097,48,16,210,2,80,0,2,0,1,1,Standard_720p_30fps_10s
1320,1,p4x4,3,0.6157864219350295,1,12,1,4,31.59368862677668,3:3,spatial,1,435,2,dia,15,1,1,none,0,baseline,0.6493532546000097,48,16,92,2,86,0,2,0,0,0,Standard_720p_30fps_10s
1331,1,p4x4,3,0.6157864219350295,2,12,0,4,32.34334981132251,-3:3,spatial,1,435,2,dia,15,1,1,none,0,baseline,0.6493532546000097,48,16,96,2,99,1,5,0,0,0,Standard_720p_30fps_10s
1320,1,p4x4,3,0.6157864219350295,1,4,0,4,38.687654164818326,2:-2,spatial,1,435,2,dia,15,1,1,none,0,baseline,0.6493532546000097,48,16,92,2,86,0,2,0,0,0,Standard_720p_30fps_10s
1320,0,p4x4,3,0.6157864219350295,1,12,0,8,23.333519796148863,1:1,spatial,1,435,0,dia,15,0,1,none,0,baseline,0.6493532546000097,48,16,0,2,80,0,2,0,0,2,Standard_720p_30fps_10s
1320,1,p4x4,3,0.6157864219350295,1,12,0,8,23.333519796148863,2:-2,spatial,1,435,0,dia,15,1,1,none,0,baseline,0.6493532546000097,33,19,92,2,80,0,2,0,1,1,Standard_720p_30fps_10s
1320,1,p4x4,3,0.6157864219350295,1,12,0,4,38.687654164818326,2:-2,spatial,1,435,0,dia,15,1,1,none,1,baseline,0.6493532546000097,48,16,92,2,80,0,2,0,1,2,Standard_720p_30fps_10s
1320,1,p4x4,3,0.6157864219350295,1,12,0,4,38.687654164818326,2:-2,spatial,1,118,4,esa,44,1,1,none,1,high,0.6814254153042811,26,18,19,8,99,1,5,0,1,0,Standard_720p_30fps_10s
1320,1,p4x4,3,0.6157864219350295,1,12,1,8,23.333519796148863,2:-2,spatial,1,435,2,dia,15,1,1,none,1,high,0.6493532546000097,48,16,8,2,80,0,2,0,1,1,Standard_720p_30fps_10s
1369,1,all,0,1.5207360757950117,2,3,0,12,37.29895552225626,1:-1,temporal,1,118,4,esa,44,1,1,none,1,high,0.6814254153042811,26,18,19,8,99,1,5,0,0,0,Standard_720p_30fps_10s
76,0,p8x8,1,0.6295137611273145,2,0,1,9,29.58495568862226,4:4,none,0,51,0,tesa,45,0,0,none,1,baseline,0.8577477619777601,22,13,126,4,54,1,60,1,1,2,Standard_720p_30fps_10s
76,0,p8x8,1,1.923318914883718,0,0,1,-5,30.75302353903412,0:0,temporal,0,51,0,umh,45,0,1,none,0,baseline,0.5966424120940658,22,13,242,7,67,9,42,0,1,1,Standard_720p_30fps_10s
76,0,none,1,1.3391586382532998,1,12,1,-5,30.75302353903412,0:0,temporal,0,135,0,umh,45,0,1,none,1,baseline,0.5966424120940658,22,9,242,7,67,0,42,0,1,2,Standard_720p_30fps_10s
76,0,p8x8,1,0.6295137611273145,1,0,1,-5,30.75302353903412,0:0,temporal,0,51,0,umh,45,0,1,none,0,baseline,0.5966424120940658,22,1,242,14,67,0,42,0,1,1,Standard_720p_30fps_10s
76,0,p8x8,1,0.6295137611273145,1,0,1,-5,30.75302353903412,0:0,temporal,0,51,0,umh,45,0,1,none,0,baseline,0.5966424120940658,22,13,242,7,67,0,42,0,1,1,Standard_720p_30fps_10s
1320,1,p4x4,3,0.6157864219350295,1,12,0,0,40.02961767606761,2:-2,spatial,0,435,4,dia,15,1,1,none,1,high,0.6493532546000097,48,16,8,2,80,0,2,0,0,1,Standard_1080p_30fps_5s
1331,1,p4x4,3,0.6157864219350295,2,12,0,0,44.70616914544182,-3:3,spatial,0,435,4,dia,15,1,1,none,1,high,0.6493532546000097,48,16,8,9,80,0,2,0,0,1,Standard_1080p_30fps_5s
1331,1,p4x4,3,0.6157864219350295,2,12,1,4,32.34334981132251,-3:3,spatial,1,435,2,dia,15,1,1,none,0,baseline,0.6493532546000097,48,16,96,2,99,1,5,0,0,0,Standard_1080p_30fps_5s
1320,1,p4x4,3,0.6157864219350295,1,12,1,4,32.34334981132251,-3:3,spatial,1,435,2,dia,15,1,1,none,0,baseline,0.6493532546000097,48,16,96,2,99,1,5,0,0,0,Standard_1080p_30fps_5s
721,0,none,2,1.3443051931077403,1,15,0,8,23.333519796148863,2:-2,auto,1,435,0,dia,15,0,1,none,0,baseline,0.6493532546000097,48,16,92,2,80,0,2,0,0,0,Standard_1080p_30fps_5s
1320,1,p4x4,3,0.6157864219350295,1,12,0,8,23.333519796148863,2:-2,spatial,1,435,0,dia,15,1,1,none,0,baseline,0.6493532546000097,48,16,92,2,80,0,2,0,1,0,Standard_1080p_30fps_5s
1320,1,p4x4,3,0.6157864219350295,1,4,0,4,38.687654164818326,2:-2,spatial,1,435,2,dia,15,1,1,none,0,baseline,0.6493532546000097,48,16,92,2,86,0,2,0,0,0,Standard_1080p_30fps_5s
1331,1,p4x4,3,0.6157864219350295,2,12,0,4,32.34334981132251,-3:3,spatial,1,435,2,dia,15,1,1,none,0,baseline,0.6493532546000097,48,16,96,2,99,1,5,0,0,0,Standard_1080p_30fps_5s
1320,1,p4x4,3,0.6157864219350295,1,12,1,4,31.59368862677668,3:3,spatial,1,435,2,dia,15,1,1,none,0,baseline,0.6493532546000097,48,16,92,2,86,0,2,0,0,0,Standard_1080p_30fps_5s
1320,1,p4x4,3,0.6157864219350295,1,12,0,8,23.333519796148863,0:0,spatial,1,435,0,dia,15,1,1,none,0,baseline,0.6493532546000097,48,16,210,2,80,0,2,0,1,1,Standard_1080p_30fps_5s
1331,1,p4x4,3,0.6157864219350295,1,12,0,4,5.497733642497615,2:-2,spatial,1,435,2,dia,15,1,1,none,0,baseline,0.6493532546000097,48,16,92,2,86,0,2,0,0,0,Standard_1080p_30fps_5s
1320,1,p4x4,3,0.6157864219350295,2,13,0,8,23.333519796148863,2:-2,spatial,1,431,2,dia,15,1,1,none,0,high,0.6493532546000097,48,16,8,9,80,0,6,0,1,1,Standard_1080p_30fps_5s
1320,1,p4x4,3,0.6157864219350295,1,12,0,8,23.333519796148863,2:-2,spatial,1,431,2,dia,15,1,1,none,0,baseline,0.6493532546000097,48,16,92,2,86,0,2,0,0,0,Standard_1080p_30fps_5s
1320,0,p4x4,3,0.6157864219350295,1,12,0,8,23.333519796148863,1:1,spatial,1,435,0,dia,15,0,1,none,0,baseline,0.6493532546000097,48,16,0,2,80,0,2,0,0,2,Standard_1080p_30fps_5s
1320,1,p4x4,3,0.6157864219350295,1,12,0,4,38.687654164818326,2:-2,spatial,1,435,2,dia,15,1,1,none,0,high,0.6493532546000097,48,16,8,2,80,0,2,0,1,1,Standard_1080p_30fps_5s
1320,1,p4x4,3,0.6157864219350295,1,12,0,-10,23.333519796148863,2:-2,spatial,1,435,0,tesa,15,1,0,none,0,baseline,0.0717177813115122,48,16,210,2,80,0,2,0,1,1,Standard_1080p_30fps_5s
1320,1,p4x4,3,0.6157864219350295,2,13,0,8,38.687654164818326,2:-2,spatial,1,435,2,dia,15,0,1,none,0,baseline,0.6493532546000097,48,16,92,2,86,0,2,0,0,1,Standard_1080p_30fps_5s
1320,1,p4x4,3,0.8875295029693533,1,12,1,4,8.171946540186346,3:3,spatial,1,435,2,dia,20,0,1,none,0,baseline,0.6493532546000097,48,5,210,2,80,0,2,0,1,1,Standard_1080p_30fps_5s
1331,1,p4x4,3,0.6157864219350295,2,12,0,4,32.34334981132251,1:1,spatial,1,435,2,dia,15,1,1,none,0,baseline,0.6493532546000097,48,16,96,2,99,0,2,0,0,0,Standard_1080p_30fps_5s
1320,1,p4x4,3,0.8535116690680645,2,15,0,8,38.687654164818326,2:-2,spatial,1,435,2,dia,15,0,0,none,0,baseline,0.6493532546000097,48,16,31,2,86,0,2,0,0,1,Standard_1080p_30fps_5s
1331,1,p4x4,3,0.6157864219350295,2,12,0,0,44.70616914544182,-3:3,spatial,0,435,4,dia,15,1,1,none,1,high,0.6493532546000097,48,16,8,9,80,0,2,0,0,1,Standard_480p_60fps_20s
1320,1,p4x4,3,0.6157864219350295,1,12,0,0,40.02961767606761,2:-2,spatial,0,435,4,dia,15,1,1,none,1,high,0.6493532546000097,48,16,8,2,80,0,2,0,0,1,Standard_480p_60fps_20s
1320,1,p4x4,3,0.6157864219350295,1,12,0,0,40.02961767606761,5:5,spatial,0,435,4,dia,15,1,1,none,1,high,0.6493532546000097,48,16,8,2,80,0,2,0,0,1,Standard_480p_60fps_20s
1331,1,p4x4,3,0.6157864219350295,2,12,0,0,44.70616914544182,-6:6,spatial,0,435,4,dia,15,1,1,none,0,baseline,0.6493532546000097,48,16,96,2,99,3,5,0,1,0,Standard_480p_60fps_20s
1320,1,p4x4,1,0.6157864219350295,2,4,0,0,44.70616914544182,-3:3,spatial,0,435,4,dia,15,1,1,none,1,high,0.6493532546000097,48,16,8,9,80,0,2,0,0,1,Standard_480p_60fps_20s
1905,1,p4x4,3,0.671499867898717,2,12,0,0,44.70616914544182,-3:3,spatial,0,435,4,dia,19,1,1,none,1,high,0.6493532546000097,48,16,247,15,80,0,2,0,1,0,Standard_480p_60fps_20s
1331,1,p4x4,3,0.6157864219350295,2,12,0,0,44.70616914544182,-3:3,spatial,1,435,4,dia,15,1,1,none,1,high,0.6493532546000097,48,16,8,9,80,0,2,0,0,1,Standard_480p_60fps_20s
1331,1,p4x4,2,0.6157864219350295,0,12,0,0,44.70616914544182,-6:6,spatial,0,435,4,dia,15,1,1,none,0,baseline,0.6493532546000097,48,16,96,2,99,1,5,0,0,0,Standard_480p_60fps_20s
126,1,p4x4,1,0.6157864219350295,2,4,0,0,44.70616914544182,-3:3,temporal,0,435,4,dia,15,1,1,none,1,high,0.184274686721981,48,16,8,9,80,0,2,0,1,1,Standard_480p_60fps_20s
1320,1,p4x4,3,0.6157864219350295,1,12,0,0,40.02961767606761,2:-2,spatial,0,435,4,dia,15,1,1,none,1,high,0.6493532546000097,48,16,8,2,80,0,2,2,0,1,Standard_480p_60fps_20s
1320,1,p4x4,1,0.6157864219350295,1,12,1,0,40.02961767606761,2:-2,spatial,0,435,4,dia,15,1,1,none,1,high,0.6493532546000097,48,16,8,2,80,5,2,2,1,0,Standard_480p_60fps_20s
2050,1,p4x4,3,1.3374303110676122,1,12,0,0,40.02961767606761,5:5,spatial,0,435,4,dia,15,1,1,none,1,high,0.6493532546000097,48,16,155,2,80,0,2,0,1,2,Standard_480p_60fps_20s
1320,1,p4x4,1,0.6157864219350295,1,12,1,0,40.02961767606761,5:-5,spatial,0,435,4,dia,15,1,1,none,1,high,0.6493532546000097,20,16,8,2,91,0,2,0,0,1,Standard_480p_60fps_20s
1331,1,p4x4,3,0.6157864219350295,1,12,0,0,40.02961767606761,3:3,spatial,0,435,4,dia,15,1,1,none,1,high,0.5115846338971608,21,16,8,2,75,0,2,0,0,1,Standard_480p_60fps_20s
1320,1,p4x4,3,0.6157864219350295,1,12,0,8,40.323908075426026,-2:2,spatial,0,435,4,dia,34,1,1,none,1,high,0.184274686721981,48,16,8,6,26,0,2,1,1,1,Standard_480p_60fps_20s
1320,1,p4x4,1,0.671499867898717,2,12,0,0,44.70616914544182,-3:3,spatial,0,435,4,dia,19,1,1,none,1,high,0.6493532546000097,48,16,247,15,80,0,2,0,1,0,Standard_480p_60fps_20s
1320,1,p4x4,3,1.6641711049953565,1,12,0,0,40.02961767606761,2:-2,spatial,1,247,4,dia,15,1,1,none,1,high,0.6493532546000097,48,16,82,2,80,0,2,0,0,1,Standard_480p_60fps_20s
1331,1,p4x4,3,0.6157864219350295,2,12,0,0,44.70616914544182,-3:3,spatial,1,489,4,dia,15,1,1,none,1,high,0.6493532546000097,51,16,8,9,80,0,2,0,0,1,Standard_480p_60fps_20s
1331,1,p4x4,3,0.6157864219350295,2,12,0,0,46.64463532914165,-3:3,spatial,0,435,4,dia,15,1,1,none,1,high,0.6493532546000097,48,16,8,5,80,0,2,0,0,1,Standard_480p_60fps_20s
1320,1,p4x4,1,0.8820049648870594,1,12,1,-4,40.02961767606761,2:-2,spatial,0,435,4,dia,15,1,1,none,1,high,0.6493532546000097,48,16,8,2,80,0,2,0,0,1,Standard_480p_60fps_20s
1320,1,p4x4,3,0.6157864219350295,1,12,0,0,40.02961767606761,2:-2,spatial,0,435,4,dia,15,1,1,none,1,high,0.6493532546000097,48,16,8,2,80,0,2,0,0,1,Big_480p_60fps_15s
1331,1,p4x4,3,0.6157864219350295,2,12,0,0,44.70616914544182,-3:3,spatial,0,435,4,dia,15,1,1,none,1,high,0.6493532546000097,48,16,8,9,80,0,2,0,0,1,Big_480p_60fps_15s
1905,1,p4x4,3,0.671499867898717,2,12,0,0,44.70616914544182,-3:3,spatial,0,435,4,dia,19,1,1,none,1,high,0.6493532546000097,48,16,247,15,80,0,2,0,1,0,Big_480p_60fps_15s
1320,1,p4x4,1,0.6157864219350295,2,4,0,0,44.70616914544182,-3:3,spatial,0,435,4,dia,15,1,1,none,1,high,0.6493532546000097,48,16,8,9,80,0,2,0,0,1,Big_480p_60fps_15s
1331,1,p4x4,2,0.6157864219350295,0,12,0,0,44.70616914544182,-6:6,spatial,0,435,4,dia,15,1,1,none,0,baseline,0.6493532546000097,48,16,96,2,99,1,5,0,0,0,Big_480p_60fps_15s
126,1,p4x4,1,0.6157864219350295,2,4,0,0,44.70616914544182,-3:3,temporal,0,435,4,dia,15,1,1,none,1,high,0.184274686721981,48,16,8,9,80,0,2,0,1,1,Big_480p_60fps_15s
1320,1,p4x4,3,0.6157864219350295,1,12,0,0,40.02961767606761,2:-2,spatial,0,435,4,dia,15,1,1,none,1,high,0.6493532546000097,48,16,8,2,80,0,2,2,0,1,Big_480p_60fps_15s
1331,1,p4x4,3,0.6157864219350295,2,12,0,0,44.70616914544182,-3:3,spatial,1,435,4,dia,15,1,1,none,1,high,0.6493532546000097,48,16,8,9,80,0,2,0,0,1,Big_480p_60fps_15s
1331,1,p4x4,3,0.6157864219350295,2,12,0,0,44.70616914544182,-6:6,spatial,0,435,4,dia,15,1,1,none,0,baseline,0.6493532546000097,48,16,96,2,99,3,5,0,1,0,Big_480p_60fps_15s
1320,1,p4x4,3,0.6157864219350295,1,12,0,0,40.02961767606761,5:5,spatial,0,435,4,dia,15,1,1,none,1,high,0.6493532546000097,48,16,8,2,80,0,2,0,0,1,Big_480p_60fps_15s
1320,1,p4x4,3,0.6157864219350295,1,12,0,0,10.35047041962931,2:-2,spatial,0,435,2,dia,36,1,1,none,1,high,0.6493532546000097,46,16,8,2,80,0,2,0,1,0,Big_480p_60fps_15s
1331,1,p4x4,1,0.6157864219350295,2,12,0,0,40.02961767606761,2:-2,spatial,0,435,4,dia,15,1,1,none,1,high,0.6493532546000097,48,16,8,2,80,0,2,2,0,1,Big_480p_60fps_15s
2284,1,p4x4,3,0.6157864219350295,1,12,1,0,12.35999823164585,2:-2,spatial,0,435,4,hex,15,1,1,none,1,baseline,0.6493532546000097,48,16,8,2,80,0,2,0,0,1,Big_480p_60fps_15s
1320,0,p4x4,3,0.6157864219350295,2,12,0,0,40.02961767606761,2:-2,spatial,0,435,4,dia,15,1,1,none,1,high,0.9726622467539516,48,16,8,2,47,0,2,0,0,1,Big_480p_60fps_15s
1331,0,p4x4,2,0.6157864219350295,2,12,0,0,44.70616914544182,-6:6,spatial,0,435,4,tesa,15,1,1,none,1,high,0.6493532546000097,48,16,8,2,80,0,2,0,0,2,Big_480p_60fps_15s
1320,1,p4x4,3,0.6157864219350295,0,12,0,0,45.54403787940809,2:2,spatial,0,435,0,dia,36,1,1,none,1,high,0.6493532546000097,46,16,132,2,80,0,2,0,1,0,Big_480p_60fps_15s
1320,1,p4x4,1,0.6157864219350295,1,16,0,0,44.70616914544182,-3:3,spatial,0,435,4,dia,15,1,1,none,1,high,0.6493532546000097,48,16,8,9,80,0,2,0,0,1,Big_480p_60fps_15s
1331,1,p4x4,3,0.6157864219350295,2,3,0,0,13.662166941194672,-3:3,spatial,0,435,4,tesa,15,1,1,none,1,high,0.7214316074693485,48,16,8,9,80,0,2,0,1,0,Big_480p_60fps_15s
1331,1,"p8x8,b8x8,i8x8,i4x4",3,0.6157864219350295,2,12,0,-12,44.70616914544182,-6:6,spatial,0,239,4,dia,36,1,1,none,1,high,0.6493532546000097,46,16,8,2,80,0,2,0,1,0,Big_480p_60fps_15s
1320,1,p4x4,3,0.6157864219350295,0,12,0,0,12.35999823164585,2:-2,auto,0,435,4,hex,15,1,1,none,1,baseline,0.6493532546000097,48,16,8,2,80,0,2,0,0,1,Big_480p_60fps_15s
1331,1,p4x4,3,0.6157864219350295,2,12,0,0,44.70616914544182,-3:3,spatial,0,435,4,dia,15,1,1,none,1,high,0.6493532546000097,48,16,8,9,80,0,2,0,0,1,Standard_1080p_60fps_15s
1320,1,p4x4,3,0.6157864219350295,1,12,0,0,40.02961767606761,2:-2,spatial,0,435,4,dia,15,1,1,none,1,high,0.6493532546000097,48,16,8,2,80,0,2,0,0,1,Standard_1080p_60fps_15s
1331,1,p4x4,2,0.6157864219350295,0,12,0,0,44.70616914544182,-6:6,spatial,0,435,4,dia,15,1,1,none,0,baseline,0.6493532546000097,48,16,96,2,99,1,5,0,0,0,Standard_1080p_60fps_15s
1331,1,p4x4,3,0.6157864219350295,2,12,0,0,44.70616914544182,-3:3,spatial,1,435,4,dia,15,1,1,none,1,high,0.6493532546000097,48,16,8,9,80,0,2,0,0,1,Standard_1080p_60fps_15s
1320,1,p4x4,3,0.6157864219350295,1,12,0,0,40.02961767606761,2:-2,spatial,0,435,4,dia,15,1,1,none,1,high,0.6493532546000097,48,16,8,2,80,0,2,2,0,1,Standard_1080p_60fps_15s
126,1,p4x4,1,0.6157864219350295,2,4,0,0,44.70616914544182,-3:3,temporal,0,435,4,dia,15,1,1,none,1,high,0.184274686721981,48,16,8,9,80,0,2,0,1,1,Standard_1080p_60fps_15s
1320,1,p4x4,1,0.6157864219350295,2,4,0,0,44.70616914544182,-3:3,spatial,0,435,4,dia,15,1,1,none,1,high,0.6493532546000097,48,16,8,9,80,0,2,0,0,1,Standard_1080p_60fps_15s
1905,1,p4x4,3,0.671499867898717,2,12,0,0,44.70616914544182,-3:3,spatial,0,435,4,dia,19,1,1,none,1,high,0.6493532546000097,48,16,247,15,80,0,2,0,1,0,Standard_1080p_60fps_15s
1331,1,p4x4,3,0.6157864219350295,2,12,0,0,44.70616914544182,-6:6,spatial,0,435,4,dia,15,1,1,none,0,baseline,0.6493532546000097,48,16,96,2,99,3,5,0,1,0,Standard_1080p_60fps_15s
1320,1,p4x4,3,0.6157864219350295,1,12,0,0,40.02961767606761,5:5,spatial,0,435,4,dia,15,1,1,none,1,high,0.6493532546000097,48,16,8,2,80,0,2,0,0,1,Standard_1080p_60fps_15s
1320,1,p4x4,1,0.6157864219350295,2,4,0,0,44.70616914544182,-3:3,spatial,0,435,4,dia,15,1,1,none,1,high,0.6493532546000097,48,16,113,2,99,1,5,0,0,2,Standard_1080p_60fps_15s
1331,1,p4x4,3,0.6157864219350295,2,12,0,0,44.70616914544182,-3:3,spatial,0,435,4,dia,15,1,1,none,1,high,0.6493532546000097,48,16,8,9,80,0,13,0,0,1,Standard_1080p_60fps_15s
1331,1,p4x4,1,0.6157864219350295,2,12,0,0,44.70616914544182,-3:3,spatial,0,435,4,dia,15,1,0,none,1,high,0.184274686721981,48,16,8,9,80,0,2,0,1,1,Standard_1080p_60fps_15s
126,1,p4x4,1,0.6157864219350295,2,4,0,0,44.70616914544182,-3:3,temporal,0,435,4,hex,56,1,1,none,1,high,0.6493532546000097,48,16,8,9,80,0,2,0,0,1,Standard_1080p_60fps_15s
1320,1,all,3,0.6157864219350295,1,12,0,2,40.02961767606761,6:-6,spatial,0,435,4,dia,15,1,1,vbr,1,high,0.6493532546000097,23,0,8,2,82,0,2,0,1,0,Standard_1080p_60fps_15s
1331,1,p4x4,2,0.6157864219350295,0,12,0,0,44.70616914544182,-6:6,spatial,0,435,4,dia,15,1,1,none,0,baseline,0.6493532546000097,48,16,1,2,80,0,2,0,1,1,Standard_1080p_60fps_15s
1320,1,p4x4,3,0.6157864219350295,1,12,0,0,40.02961767606761,2:-2,spatial,0,435,4,dia,15,1,1,none,1,high,0.6493532546000097,48,16,8,2,80,0,38,0,1,1,Standard_1080p_60fps_15s
1331,1,p4x4,2,0.6157864219350295,2,12,0,0,44.70616914544182,-6:6,spatial,0,435,4,dia,27,1,1,none,0,baseline,0.6493532546000097,48,16,96,2,99,3,5,0,1,0,Standard_1080p_60fps_15s
1915,1,p4x4,3,0.6157864219350295,2,12,0,0,44.70616914544182,-3:3,spatial,0,435,4,dia,15,1,1,none,1,high,0.6493532546000097,48,4,8,9,80,0,13,0,0,1,Standard_1080p_60fps_15s
1320,1,p4x4,3,0.6157864219350295,1,12,0,0,40.02961767606761,5:5,spatial,0,371,4,dia,15,0,1,none,1,high,0.6493532546000097,48,16,113,2,99,1,5,0,0,2,Standard_1080p_60fps_15s
1331,1,p4x4,3,0.6157864219350295,2,12,0,0,44.70616914544182,-3:3,spatial,0,435,4,dia,15,1,1,none,1,high,0.6493532546000097,48,16,8,9,80,0,2,0,0,1,Still_image_480p_25fps_15s
1320,1,p4x4,3,0.6157864219350295,1,12,0,0,40.02961767606761,2:-2,spatial,0,435,4,dia,15,1,1,none,1,high,0.6493532546000097,48,16,8,2,80,0,2,0,0,1,Still_image_480p_25fps_15s
1331,1,p4x4,2,0.6157864219350295,0,12,0,0,44.70616914544182,-6:6,spatial,0,435,4,dia,15,1,1,none,0,baseline,0.6493532546000097,48,16,96,2,99,1,5,0,0,0,Still_image_480p_25fps_15s
1331,1,p4x4,3,0.6157864219350295,2,12,0,0,44.70616914544182,-3:3,spatial,1,435,4,dia,15,1,1,none,1,high,0.6493532546000097,48,16,8,9,80,0,2,0,0,1,Still_image_480p_25fps_15s
1320,1,p4x4,3,0.6157864219350295,1,12,0,0,40.02961767606761,2:-2,spatial,0,435,4,dia,15,1,1,none,1,high,0.6493532546000097,48,16,8,2,80,0,2,2,0,1,Still_image_480p_25fps_15s
126,1,p4x4,1,0.6157864219350295,2,4,0,0,44.70616914544182,-3:3,temporal,0,435,4,dia,15,1,1,none,1,high,0.184274686721981,48,16,8,9,80,0,2,0,1,1,Still_image_480p_25fps_15s
1320,1,p4x4,1,0.6157864219350295,2,4,0,0,44.70616914544182,-3:3,spatial,0,435,4,dia,15,1,1,none,1,high,0.6493532546000097,48,16,8,9,80,0,2,0,0,1,Still_image_480p_25fps_15s
1905,1,p4x4,3,0.671499867898717,2,12,0,0,44.70616914544182,-3:3,spatial,0,435,4,dia,19,1,1,none,1,high,0.6493532546000097,48,16,247,15,80,0,2,0,1,0,Still_image_480p_25fps_15s
1331,1,p4x4,3,0.6157864219350295,2,12,0,0,44.70616914544182,-6:6,spatial,0,435,4,dia,15,1,1,none,0,baseline,0.6493532546000097,48,16,96,2,99,3,5,0,1,0,Still_image_480p_25fps_15s
1320,1,p4x4,3,0.6157864219350295,1,12,0,0,40.02961767606761,5:5,spatial,0,435,4,dia,15,1,1,none,1,high,0.6493532546000097,48,16,8,2,80,0,2,0,0,1,Still_image_480p_25fps_15s
1320,1,p4x4,1,0.6157864219350295,1,4,0,1,44.70616914544182,-3:3,spatial,0,435,4,dia,15,1,1,none,0,baseline,0.6493532546000097,48,16,96,2,99,1,5,0,0,0,Still_image_480p_25fps_15s
1331,1,p4x4,3,0.6157864219350295,1,12,0,0,40.02961767606761,5:5,spatial,0,435,4,dia,15,1,1,none,0,high,0.6493532546000097,48,16,8,2,80,0,2,0,0,1,Still_image_480p_25fps_15s
1320,1,p4x4,1,0.6157864219350295,1,12,0,0,40.02961767606761,2:-2,spatial,1,435,4,dia,25,1,1,none,1,high,0.6493532546000097,48,16,8,2,80,0,2,0,1,0,Still_image_480p_25fps_15s
126,0,p4x4,1,0.6157864219350295,2,4,0,0,44.70616914544182,-3:3,spatial,0,435,4,dia,15,1,1,none,1,high,0.6493532546000097,48,16,8,9,80,0,2,0,0,1,Still_image_480p_25fps_15s
2273,1,p4x4,1,0.6157864219350295,1,12,0,0,44.70616914544182,-3:3,temporal,0,435,4,dia,15,1,1,none,1,baseline,0.184274686721981,48,7,8,10,80,0,2,0,1,1,Still_image_480p_25fps_15s
93,0,p4x4,2,0.6157864219350295,0,12,1,0,44.70616914544182,-3:3,temporal,0,435,4,dia,15,1,1,none,1,high,0.184274686721981,48,16,8,9,76,0,2,2,1,1,Still_image_480p_25fps_15s
1320,0,p4x4,3,0.6157864219350295,1,12,0,0,40.02961767606761,2:-2,spatial,0,435,4,dia,15,1,1,none,1,high,0.6493532546000097,48,16,8,2,80,0,2,0,0,0,Still_image_480p_25fps_15s
1320,1,p4x4,3,0.6157864219350295,1,12,0,0,40.02961767606761,2:2,spatial,0,435,4,umh,15,1,1,none,1,high,0.6493532546000097,48,16,8,2,80,0,2,2,0,0,Still_image_480p_25fps_15s
1331,1,p4x4,3,0.6157864219350295,2,12,0,0,44.70616914544182,-3:3,spatial,0,435,4,dia,15,0,1,none,1,high,0.6493532546000097,48,8,8,9,80,0,63,0,0,1,Still_image_480p_25fps_15s
1320,0,p4x4,3,0.6157864219350295,0,12,0,0,40.02961767606761,2:-2,spatial,1,391,4,dia,15,1,1,none,1,high,0.6493532546000097,48,7,8,10,80,0,2,0,1,1,Still_image_480p_25fps_15s
1320,1,p4x4,2,0.6157864219350295,0,15,1,8,23.333519796148863,2:-2,spatial,1,435,0,dia,33,1,1,vbr,0,baseline,0.6493532546000097,48,16,92,2,86,0,2,0,0,0,Big_480p_25fps_20s
1320,1,p4x4,1,0.6157864219350295,0,15,1,8,23.333519796148863,2:-2,spatial,1,435,0,dia,33,1,1,vbr,0,baseline,0.6493532546000097,48,16,92,2,86,0,2,0,1,0,Big_480p_25fps_20s
1320,0,p4x4,2,0.6157864219350295,0,15,1,2,23.333519796148863,2:-2,spatial,1,435,0,dia,33,1,1,vbr,0,main,0.6493532546000097,48,16,92,2,86,0,51,0,0,0,Big_480p_25fps_20s
1320,0,none,3,0.6157864219350295,1,4,0,4,34.691924317849285,2:-2,spatial,1,207,2,dia,15,0,1,none,0,baseline,0.6493532546000097,48,16,92,2,86,0,51,0,0,0,Big_480p_25fps_20s
1320,0,none,3,0.6157864219350295,1,4,0,4,34.691924317849285,2:-2,spatial,1,207,2,dia,15,1,1,none,1,baseline,0.6493532546000097,48,16,92,2,86,0,2,0,0,0,Big_480p_25fps_20s
1320,1,p4x4,3,0.6157864219350295,1,12,0,8,23.333519796148863,2:-2,spatial,1,435,0,dia,15,1,1,none,0,baseline,0.6493532546000097,48,16,92,2,80,0,2,0,1,0,Big_480p_25fps_20s
1320,1,p4x4,3,0.6157864219350295,1,12,0,8,23.333519796148863,0:0,spatial,1,435,0,dia,15,1,1,none,0,baseline,0.6493532546000097,48,16,210,2,80,0,2,0,1,1,Big_480p_25fps_20s
1331,1,p4x4,3,0.6157864219350295,2,12,0,4,32.34334981132251,-3:3,spatial,1,435,2,dia,15,1,1,none,0,baseline,0.6493532546000097,48,16,96,2,99,1,5,0,0,0,Big_480p_25fps_20s
1320,1,p4x4,3,0.6157864219350295,1,12,1,4,31.59368862677668,3:3,spatial,1,435,2,dia,15,1,1,none,0,baseline,0.6493532546000097,48,16,92,2,86,0,2,0,0,0,Big_480p_25fps_20s
1320,1,p4x4,3,0.6157864219350295,1,4,0,4,38.687654164818326,2:-2,spatial,1,435,2,dia,15,1,1,none,0,baseline,0.6493532546000097,48,16,92,2,86,0,2,0,0,0,Big_480p_25fps_20s
1331,1,p4x4,3,0.6157864219350295,1,12,0,4,5.497733642497615,2:-2,spatial,1,435,2,dia,15,1,1,none,0,baseline,0.6493532546000097,48,16,92,2,86,0,2,0,0,0,Big_480p_25fps_20s
1320,1,p4x4,3,0.6157864219350295,2,13,0,8,23.333519796148863,2:-2,spatial,1,431,2,dia,15,1,1,none,0,high,0.6493532546000097,48,16,8,9,80,0,6,0,1,1,Big_480p_25fps_20s
1320,1,p4x4,3,0.6157864219350295,1,12,1,8,23.333519796148863,2:-2,spatial,1,431,2,dia,15,1,1,none,0,high,0.4657466388257029,48,16,8,9,80,0,6,0,1,1,Big_480p_25fps_20s
1320,1,p4x4,3,0.6157864219350295,2,13,0,4,31.59368862677668,3:3,spatial,1,87,2,dia,15,1,1,none,0,baseline,0.6493532546000097,48,16,92,2,86,0,2,0,0,0,Big_480p_25fps_20s
1331,1,p4x4,3,0.6157864219350295,2,12,1,4,32.34334981132251,-3:3,spatial,1,435,2,dia,15,1,1,none,0,baseline,0.6493532546000097,48,16,132,15,80,0,2,0,1,0,Big_480p_25fps_20s
1320,1,p4x4,3,0.6157864219350295,1,4,0,4,38.687654164818326,2:-2,spatial,1,435,2,dia,15,1,1,vbr,0,baseline,0.6493532546000097,48,16,92,2,86,0,5,0,1,0,Big_480p_25fps_20s
1320,1,p4x4,2,0.6157864219350295,0,15,0,8,23.333519796148863,2:-2,spatial,1,435,0,dia,33,1,1,vbr,0,baseline,0.6493532546000097,48,16,8,9,48,0,6,1,1,1,Big_480p_25fps_20s
1320,1,p4x4,3,0.6157864219350295,1,12,0,8,23.333519796148863,2:-2,spatial,1,133,0,dia,15,1,1,none,0,baseline,0.6493532546000097,48,16,92,2,80,0,46,0,1,2,Big_480p_25fps_20s
1331,1,p4x4,3,0.6157864219350295,1,12,0,0,44.70616914544182,-3:3,spatial,1,435,2,dia,15,1,1,none,0,high,0.4657466388257029,48,16,8,9,80,0,6,0,1,1,Big_480p_25fps_20s
1320,1,p4x4,3,1.97208283944277,1,4,0,4,38.687654164818326,2:-2,auto,1,435,2,dia,15,1,1,vbr,0,baseline,0.6493532546000097,48,16,92,13,86,0,5,0,1,0,Big_480p_25fps_20s
1320,1,p4x4,3,0.6157864219350295,1,12,0,8,23.333519796148863,2:-2,spatial,1,435,0,dia,15,1,1,none,0,baseline,0.6493532546000097,48,16,92,2,80,0,2,0,1,0,Standard_480p_25fps_5s
1331,1,p4x4,3,0.6157864219350295,2,12,0,4,32.34334981132251,-3:3,spatial,1,435,2,dia,15,1,1,none,0,baseline,0.6493532546000097,48,16,96,2,99,1,5,0,0,0,Standard_480p_25fps_5s
1320,1,p4x4,3,0.6157864219350295,1,4,0,4,38.687654164818326,2:-2,spatial,1,435,2,dia,15,1,1,none,0,baseline,0.6493532546000097,48,16,92,2,86,0,2,0,0,0,Standard_480p_25fps_5s
1320,1,p4x4,3,0.6157864219350295,1,12,1,4,31.59368862677668,3:3,spatial,1,435,2,dia,15,1,1,none,0,baseline,0.6493532546000097,48,16,92,2,86,0,2,0,0,0,Standard_480p_25fps_5s
1320,1,p4x4,3,0.6157864219350295,1,12,0,8,23.333519796148863,0:0,spatial,1,435,0,dia,15,1,1,none,0,baseline,0.6493532546000097,48,16,210,2,80,0,2,0,1,1,Standard_480p_25fps_5s
1320,1,p4x4,3,0.6157864219350295,1,12,0,8,23.333519796148863,2:-2,auto,1,435,0,dia,15,1,1,none,0,baseline,0.6493532546000097,48,16,92,2,80,3,2,0,1,0,Standard_480p_25fps_5s
1331,1,p4x4,3,0.6157864219350295,2,12,0,0,44.70616914544182,-3:3,spatial,1,435,4,dia,15,0,1,none,1,high,0.6493532546000097,45,16,8,9,80,0,2,0,1,1,Standard_480p_25fps_5s
1320,0,p4x4,3,0.6157864219350295,2,12,0,8,23.333519796148863,0:0,spatial,1,435,0,dia,15,1,1,vbr,0,baseline,0.6493532546000097,48,16,210,2,80,0,2,0,1,0,Standard_480p_25fps_5s
1331,1,p4x4,3,0.6157864219350295,2,12,0,4,32.34334981132251,-3:3,auto,1,435,0,dia,15,1,1,none,0,baseline,0.1751753048506136,48,16,92,2,80,0,2,0,1,0,Standard_480p_25fps_5s
1320,1,p4x4,3,0.6157864219350295,1,10,0,0,40.02961767606761,2:-2,spatial,0,435,4,dia,15,0,1,none,0,baseline,0.6493532546000097,48,16,92,2,86,0,51,0,0,0,Standard_480p_25fps_5s
1320,1,p4x4,3,1.6841905940638109,1,12,0,8,23.333519796148863,0:0,spatial,1,435,0,dia,20,1,1,none,0,baseline,0.6493532546000097,48,16,210,2,80,0,2,0,1,1,Standard_480p_25fps_5s
1320,1,p4x4,3,0.7441959905678903,1,12,0,8,23.333519796148863,0:0,spatial,0,435,0,dia,15,1,1,none,0,baseline,0.6493532546000097,48,16,210,2,80,0,2,0,1,0,Standard_480p_25fps_5s
1320,1,p4x4,3,0.6157864219350295,1,12,0,8,24.478428253108213,2:-2,auto,1,472,0,dia,42,1,1,none,0,baseline,0.6493532546000097,48,16,92,2,78,3,2,0,1,1,Standard_480p_25fps_5s
1320,1,p4x4,3,1.6841905940638109,1,3,0,8,23.333519796148863,0:0,spatial,1,435,0,dia,20,1,1,none,0,baseline,0.6493532546000097,48,16,210,15,19,0,2,0,0,1,Standard_480p_25fps_5s
1320,1,p4x4,3,0.1894575321054643,1,12,0,8,23.333519796148863,0:0,spatial,1,435,0,dia,15,1,1,vbr,0,baseline,0.6493532546000097,48,16,210,2,80,0,2,0,1,1,Standard_480p_25fps_5s
1320,1,p4x4,3,0.6157864219350295,1,12,0,8,23.333519796148863,0:0,spatial,1,423,0,dia,37,1,1,none,0,baseline,0.1751753048506136,48,16,81,2,80,0,2,0,1,0,Standard_480p_25fps_5s
1320,1,p4x4,3,0.6157864219350295,2,12,0,8,23.333519796148863,0:0,spatial,1,435,0,dia,15,1,0,none,0,baseline,0.2434775866030029,48,16,210,2,4,1,63,0,0,0,Standard_480p_25fps_5s
1320,1,p4x4,3,0.6157864219350295,1,4,0,4,38.687654164818326,2:-2,spatial,1,435,2,dia,15,0,1,none,0,baseline,0.6493532546000097,48,16,248,2,85,8,2,0,1,0,Standard_480p_25fps_5s
764,1,p4x4,3,0.6157864219350295,1,12,1,8,23.333519796148863,0:0,temporal,1,423,0,dia,37,1,1,none,0,baseline,0.1751753048506136,48,6,81,2,80,0,2,0,0,0,Standard_480p_25fps_5s
1320,1,p4x4,3,0.7441959905678903,1,12,0,8,50.83731095827911,-3:3,spatial,1,435,2,dia,15,1,1,none,0,baseline,0.6493532546000097,48,16,96,2,9,1,5,2,1,0,Standard_480p_25fps_5s
1320,1,p4x4,3,0.6157864219350295,1,12,0,0,40.02961767606761,2:-2,spatial,0,435,4,dia,15,1,1,none,1,high,0.6493532546000097,48,16,8,2,80,0,2,0,0,1,Standard_720p_30fps_15s
1331,1,p4x4,3,0.6157864219350295,2,12,0,0,44.70616914544182,-3:3,spatial,0,435,4,dia,15,1,1,none,1,high,0.6493532546000097,48,16,8,9,80,0,2,0,0,1,Standard_720p_30fps_15s
1331,1,p4x4,2,0.6157864219350295,0,12,0,0,44.70616914544182,-6:6,spatial,0,435,4,dia,15,1,1,none,0,baseline,0.6493532546000097,48,16,96,2,99,1,5,0,0,0,Standard_720p_30fps_15s
1331,1,p4x4,3,0.6157864219350295,2,12,0,0,44.70616914544182,-6:6,spatial,0,435,4,dia,15,1,1,none,0,baseline,0.6493532546000097,48,16,96,2,99,3,5,0,1,0,Standard_720p_30fps_15s
1331,1,p4x4,3,0.6157864219350295,2,12,0,0,44.70616914544182,-3:3,spatial,1,435,4,dia,15,1,1,none,1,high,0.6493532546000097,48,16,8,9,80,0,2,0,0,1,Standard_720p_30fps_15s
1320,1,p4x4,1,0.6157864219350295,2,4,0,0,44.70616914544182,-3:3,spatial,0,435,4,dia,15,1,1,none,1,high,0.6493532546000097,48,16,8,9,80,0,2,0,0,1,Standard_720p_30fps_15s
1905,1,p4x4,3,0.671499867898717,2,12,0,0,44.70616914544182,-3:3,spatial,0,435,4,dia,19,1,1,none,1,high,0.6493532546000097,48,16,247,15,80,0,2,0,1,0,Standard_720p_30fps_15s
1320,1,p4x4,3,0.6157864219350295,1,12,0,0,40.02961767606761,2:-2,spatial,0,435,4,dia,15,1,1,none,1,high,0.6493532546000097,48,16,8,2,80,0,2,2,0,1,Standard_720p_30fps_15s
126,1,p4x4,1,0.6157864219350295,2,4,0,0,44.70616914544182,-3:3,temporal,0,435,4,dia,15,1,1,none,1,high,0.184274686721981,48,16,8,9,80,0,2,0,1,1,Standard_720p_30fps_15s
1320,1,p4x4,3,0.6157864219350295,1,12,0,0,40.02961767606761,5:5,spatial,0,435,4,dia,15,1,1,none,1,high,0.6493532546000097,48,16,8,2,80,0,2,0,0,1,Standard_720p_30fps_15s
1935,1,p4x4,3,0.6157864219350295,2,12,0,0,44.70616914544182,-3:3,spatial,1,435,4,dia,15,1,1,none,1,high,0.6493532546000097,48,16,8,9,80,0,2,0,1,1,Standard_720p_30fps_15s
2398,1,p4x4,3,1.3192991926755504,2,12,0,0,44.70616914544182,-3:3,spatial,1,435,4,dia,15,1,1,none,1,high,0.6493532546000097,48,16,8,9,80,0,2,0,0,1,Standard_720p_30fps_15s
350,1,p4x4,3,0.6157864219350295,1,12,0,0,40.02961767606761,5:5,spatial,0,435,4,dia,15,1,1,none,1,high,0.6493532546000097,45,16,8,9,80,4,2,0,1,0,Standard_720p_30fps_15s
1320,1,p4x4,3,0.6157864219350295,1,12,0,0,40.02961767606761,5:5,spatial,0,435,4,dia,34,1,1,none,1,high,0.6493532546000097,48,16,8,2,80,0,2,0,1,0,Standard_720p_30fps_15s
1331,1,p4x4,3,0.6157864219350295,1,12,0,0,40.02961767606761,5:5,spatial,0,435,4,dia,15,1,1,vbr,0,high,0.6493532546000097,48,16,8,2,80,0,2,0,0,1,Standard_720p_30fps_15s
1320,1,p4x4,2,0.6157864219350295,0,12,0,0,44.70616914544182,-6:6,spatial,0,435,4,dia,32,1,1,none,0,baseline,0.6493532546000097,48,16,96,2,99,1,5,0,0,0,Standard_720p_30fps_15s
1320,1,p4x4,3,0.6157864219350295,2,12,1,0,44.70616914544182,-3:3,spatial,0,435,4,dia,19,1,1,none,1,high,0.6493532546000097,42,16,247,15,80,0,2,0,1,0,Standard_720p_30fps_15s
126,1,p4x4,1,0.6157864219350295,2,4,0,0,44.70616914544182,-3:3,spatial,0,435,4,dia,19,1,1,none,1,high,0.6493532546000097,48,16,247,15,80,0,2,0,1,0,Standard_720p_30fps_15s
1320,0,p4x4,1,0.6157864219350295,1,12,0,0,40.02961767606761,2:-2,spatial,0,435,4,dia,15,1,1,none,0,high,0.6493532546000097,48,16,8,2,80,0,2,2,0,1,Standard_720p_30fps_15s
1320,1,p4x4,3,0.6157864219350295,0,12,1,0,40.02961767606761,5:5,spatial,0,435,4,dia,15,1,0,none,1,high,0.6493532546000097,48,16,8,2,80,0,2,0,0,1,Standard_720p_30fps_15s
1331,1,p4x4,3,0.6157864219350295,2,12,0,0,44.70616914544182,-3:3,spatial,0,435,4,dia,15,1,1,none,1,high,0.6493532546000097,48,16,8,9,80,0,2,0,0,1,Still_image_480p_60fps_10s
1320,1,p4x4,3,0.6157864219350295,1,12,0,0,40.02961767606761,2:-2,spatial,0,435,4,dia,15,1,1,none,1,high,0.6493532546000097,48,16,8,2,80,0,2,0,0,1,Still_image_480p_60fps_10s
1331,1,p4x4,2,0.6157864219350295,0,12,0,0,44.70616914544182,-6:6,spatial,0,435,4,dia,15,1,1,none,0,baseline,0.6493532546000097,48,16,96,2,99,1,5,0,0,0,Still_image_480p_60fps_10s
1331,1,p4x4,3,0.6157864219350295,2,12,0,0,44.70616914544182,-3:3,spatial,1,435,4,dia,15,1,1,none,1,high,0.6493532546000097,48,16,8,9,80,0,2,0,0,1,Still_image_480p_60fps_10s
1320,1,p4x4,3,0.6157864219350295,1,12,0,0,40.02961767606761,2:-2,spatial,0,435,4,dia,15,1,1,none,1,high,0.6493532546000097,48,16,8,2,80,0,2,2,0,1,Still_image_480p_60fps_10s
126,1,p4x4,1,0.6157864219350295,2,4,0,0,44.70616914544182,-3:3,temporal,0,435,4,dia,15,1,1,none,1,high,0.184274686721981,48,16,8,9,80,0,2,0,1,1,Still_image_480p_60fps_10s
1320,1,p4x4,1,0.6157864219350295,2,4,0,0,44.70616914544182,-3:3,spatial,0,435,4,dia,15,1,1,none,1,high,0.6493532546000097,48,16,8,9,80,0,2,0,0,1,Still_image_480p_60fps_10s
1905,1,p4x4,3,0.671499867898717,2,12,0,0,44.70616914544182,-3:3,spatial,0,435,4,dia,19,1,1,none,1,high,0.6493532546000097,48,16,247,15,80,0,2,0,1,0,Still_image_480p_60fps_10s
1320,1,p4x4,3,0.6157864219350295,1,12,0,0,40.02961767606761,5:5,spatial,0,435,4,dia,15,1,1,none,1,high,0.6493532546000097,48,16,8,2,80,0,2,0,0,1,Still_image_480p_60fps_10s
1331,1,p4x4,3,0.6157864219350295,2,12,0,0,44.70616914544182,-6:6,spatial,0,435,4,dia,15,1,1,none,0,baseline,0.6493532546000097,48,16,96,2,99,3,5,0,1,0,Still_image_480p_60fps_10s
1331,1,p8x8,3,0.6157864219350295,2,12,0,0,44.70616914544182,-1:1,spatial,0,435,4,dia,15,1,1,none,0,high,0.6493532546000097,48,16,96,2,99,3,5,0,1,1,Still_image_480p_60fps_10s
1320,1,p4x4,3,0.6157864219350295,1,12,0,0,1.443886367319382,2:-2,spatial,0,435,1,tesa,15,1,1,none,1,high,0.6493532546000097,26,16,96,2,99,1,5,0,0,0,Still_image_480p_60fps_10s
1320,1,p4x4,3,0.6157864219350295,1,12,0,0,40.02961767606761,5:-5,spatial,0,435,4,dia,15,1,1,none,1,high,0.6493532546000097,48,16,247,15,80,0,2,0,0,0,Still_image_480p_60fps_10s
1320,1,p4x4,3,0.6157864219350295,1,12,0,8,23.333519796148863,0:0,spatial,1,435,0,dia,15,1,1,none,1,high,0.6493532546000097,48,16,8,2,80,0,2,0,0,1,Still_image_480p_60fps_10s
1320,1,p4x4,3,0.6157864219350295,1,12,0,0,40.02961767606761,2:-2,spatial,0,435,4,dia,15,1,1,none,0,high,0.6493532546000097,48,16,8,2,80,0,2,1,0,1,Still_image_480p_60fps_10s
1331,1,p4x4,3,0.6157864219350295,2,12,0,0,44.70616914544182,-3:3,spatial,0,435,4,dia,15,1,1,none,0,high,0.6493532546000097,48,16,8,9,80,0,1,0,0,1,Still_image_480p_60fps_10s
1320,1,p4x4,3,0.6157864219350295,1,12,0,0,40.02961767606761,2:-2,spatial,0,435,4,dia,15,1,1,none,1,high,0.4839506549575008,48,16,180,2,80,0,2,0,0,1,Still_image_480p_60fps_10s
1320,1,p4x4,1,0.6157864219350295,1,12,0,0,30.89457258338864,2:-2,auto,0,435,4,dia,15,1,1,none,0,high,0.6493532546000097,48,16,8,2,80,0,2,0,0,1,Still_image_480p_60fps_10s
1320,1,p4x4,3,0.6157864219350295,1,12,0,0,40.02961767606761,2:-2,spatial,0,435,4,dia,40,1,1,none,0,high,0.6493532546000097,48,16,96,2,99,3,5,0,1,0,Still_image_480p_60fps_10s
1320,1,p4x4,1,0.6157864219350295,1,12,0,0,30.89457258338864,2:-2,auto,0,435,4,dia,15,1,1,vbr,1,high,0.4839506549575008,48,16,180,2,80,0,2,0,1,1,Still_image_480p_60fps_10s
1331,1,p4x4,3,0.6157864219350295,2,12,0,0,44.70616914544182,-3:3,spatial,0,435,4,dia,15,1,1,none,1,high,0.6493532546000097,48,16,8,9,80,0,2,0,0,1,Big_1080p_25fps_5s
1320,1,p4x4,3,0.6157864219350295,1,12,0,0,40.02961767606761,2:-2,spatial,0,435,4,dia,15,1,1,none,1,high,0.6493532546000097,48,16,8,2,80,0,2,0,0,1,Big_1080p_25fps_5s
1331,1,p4x4,2,0.6157864219350295,0,12,0,0,44.70616914544182,-6:6,spatial,0,435,4,dia,15,1,1,none,0,baseline,0.6493532546000097,48,16,96,2,99,1,5,0,0,0,Big_1080p_25fps_5s
1331,1,p4x4,3,0.6157864219350295,2,12,0,0,44.70616914544182,-3:3,spatial,1,435,4,dia,15,1,1,none,1,high,0.6493532546000097,48,16,8,9,80,0,2,0,0,1,Big_1080p_25fps_5s
1320,1,p4x4,3,0.6157864219350295,1,12,0,0,40.02961767606761,2:-2,spatial,0,435,4,dia,15,1,1,none,1,high,0.6493532546000097,48,16,8,2,80,0,2,2,0,1,Big_1080p_25fps_5s
126,1,p4x4,1,0.6157864219350295,2,4,0,0,44.70616914544182,-3:3,temporal,0,435,4,dia,15,1,1,none,1,high,0.184274686721981,48,16,8,9,80,0,2,0,1,1,Big_1080p_25fps_5s
1320,1,p4x4,1,0.6157864219350295,2,4,0,0,44.70616914544182,-3:3,spatial,0,435,4,dia,15,1,1,none,1,high,0.6493532546000097,48,16,8,9,80,0,2,0,0,1,Big_1080p_25fps_5s
1905,1,p4x4,3,0.671499867898717,2,12,0,0,44.70616914544182,-3:3,spatial,0,435,4,dia,19,1,1,none,1,high,0.6493532546000097,48,16,247,15,80,0,2,0,1,0,Big_1080p_25fps_5s
1320,1,p4x4,3,0.6157864219350295,1,12,0,0,40.02961767606761,5:5,spatial,0,435,4,dia,15,1,1,none,1,high,0.6493532546000097,48,16,8,2,80,0,2,0,0,1,Big_1080p_25fps_5s
1331,1,p4x4,3,0.6157864219350295,2,12,0,0,44.70616914544182,-6:6,spatial,0,435,4,dia,15,1,1,none,0,baseline,0.6493532546000097,48,16,96,2,99,3,5,0,1,0,Big_1080p_25fps_5s
1320,1,p4x4,1,0.6157864219350295,2,12,0,0,40.02961767606761,2:-2,spatial,0,435,4,dia,15,1,1,none,1,high,0.6493532546000097,48,16,8,2,80,0,2,0,0,1,Big_1080p_25fps_5s
1331,1,p4x4,3,0.6157864219350295,2,12,0,0,44.70616914544182,-4:4,spatial,0,435,4,dia,15,1,1,none,1,high,0.6493532546000097,48,16,8,9,80,0,2,0,0,1,Big_1080p_25fps_5s
1331,1,p4x4,3,0.6157864219350295,2,12,0,0,44.70616914544182,0:0,spatial,0,435,4,dia,15,0,1,none,1,high,0.6493532546000097,45,16,8,9,80,0,2,0,1,1,Big_1080p_25fps_5s
1331,1,p4x4,3,1.836627942045124,0,12,0,0,44.70616914544182,-3:3,spatial,1,435,4,hex,15,0,1,none,1,high,0.6493532546000097,48,4,1,9,80,0,2,0,0,1,Big_1080p_25fps_5s
1331,1,p4x4,3,1.7109762820201706,2,12,0,0,44.70616914544182,-3:3,spatial,0,435,4,dia,15,0,1,none,1,high,0.6493532546000097,45,16,8,9,80,1,0,0,1,1,Big_1080p_25fps_5s
1331,0,p4x4,2,0.6413105171409678,0,12,0,0,44.70616914544182,5:5,spatial,0,435,4,dia,15,1,1,none,1,high,0.6493532546000097,40,16,85,2,80,0,33,0,0,1,Big_1080p_25fps_5s
1320,0,p4x4,3,0.6157864219350295,1,12,0,0,40.02961767606761,5:5,spatial,0,435,4,dia,15,1,1,none,0,high,0.6493532546000097,48,16,8,2,80,0,2,0,1,1,Big_1080p_25fps_5s
1320,1,p4x4,1,0.6157864219350295,1,4,0,0,40.02961767606761,2:-2,spatial,0,435,4,dia,15,0,1,none,1,baseline,0.6493532546000097,48,16,239,9,80,0,2,0,1,1,Big_1080p_25fps_5s
1905,1,p4x4,3,0.671499867898717,0,12,0,0,44.70616914544182,-3:3,spatial,0,435,4,esa,15,1,1,none,1,high,0.6493532546000097,48,16,8,9,80,0,2,0,1,1,Big_1080p_25fps_5s
1320,1,p4x4,1,0.6157864219350295,2,4,1,0,44.70616914544182,-3:3,spatial,0,435,4,dia,19,1,1,none,1,high,0.6493532546000097,48,16,247,15,80,0,2,0,1,0,Big_1080p_25fps_5s
1331,1,p4x4,3,0.6157864219350295,2,12,0,0,44.70616914544182,-3:3,spatial,0,435,4,dia,15,1,1,none,1,high,0.6493532546000097,48,16,8,9,80,0,2,0,0,1,Standard_720p_60fps_5s
1320,1,p4x4,3,0.6157864219350295,1,12,0,0,40.02961767606761,2:-2,spatial,0,435,4,dia,15,1,1,none,1,high,0.6493532546000097,48,16,8,2,80,0,2,0,0,1,Standard_720p_60fps_5s
1331,1,p4x4,2,0.6157864219350295,0,12,0,0,44.70616914544182,-6:6,spatial,0,435,4,dia,15,1,1,none,0,baseline,0.6493532546000097,48,16,96,2,99,1,5,0,0,0,Standard_720p_60fps_5s
1331,1,p4x4,3,0.6157864219350295,2,12,0,0,44.70616914544182,-3:3,spatial,1,435,4,dia,15,1,1,none,1,high,0.6493532546000097,48,16,8,9,80,0,2,0,0,1,Standard_720p_60fps_5s
1320,1,p4x4,3,0.6157864219350295,1,12,0,0,40.02961767606761,2:-2,spatial,0,435,4,dia,15,1,1,none,1,high,0.6493532546000097,48,16,8,2,80,0,2,2,0,1,Standard_720p_60fps_5s
126,1,p4x4,1,0.6157864219350295,2,4,0,0,44.70616914544182,-3:3,temporal,0,435,4,dia,15,1,1,none,1,high,0.184274686721981,48,16,8,9,80,0,2,0,1,1,Standard_720p_60fps_5s
1320,1,p4x4,1,0.6157864219350295,2,4,0,0,44.70616914544182,-3:3,spatial,0,435,4,dia,15,1,1,none,1,high,0.6493532546000097,48,16,8,9,80,0,2,0,0,1,Standard_720p_60fps_5s
1905,1,p4x4,3,0.671499867898717,2,12,0,0,44.70616914544182,-3:3,spatial,0,435,4,dia,19,1,1,none,1,high,0.6493532546000097,48,16,247,15,80,0,2,0,1,0,Standard_720p_60fps_5s
1320,1,p4x4,3,0.6157864219350295,1,12,0,0,40.02961767606761,5:5,spatial,0,435,4,dia,15,1,1,none,1,high,0.6493532546000097,48,16,8,2,80,0,2,0,0,1,Standard_720p_60fps_5s
1331,1,p4x4,3,0.6157864219350295,2,12,0,0,44.70616914544182,-6:6,spatial,0,435,4,dia,15,1,1,none,0,baseline,0.6493532546000097,48,16,96,2,99,3,5,0,1,0,Standard_720p_60fps_5s
1331,1,p4x4,2,0.6157864219350295,0,12,0,0,44.70616914544182,-6:6,spatial,0,435,4,dia,34,1,1,none,0,main,0.6493532546000097,48,16,38,2,80,0,0,0,1,1,Standard_720p_60fps_5s
1331,0,p4x4,3,0.6157864219350295,2,12,0,0,44.70616914544182,-3:3,spatial,1,435,4,dia,15,1,1,none,1,high,0.184274686721981,48,16,8,9,80,0,2,0,1,1,Standard_720p_60fps_5s
1320,1,p4x4,1,0.6157864219350295,2,4,0,0,44.70616914544182,-3:3,spatial,0,435,4,dia,15,0,1,none,1,high,0.6493532546000097,48,16,72,2,80,0,2,2,1,1,Standard_720p_60fps_5s
1331,1,p4x4,3,0.6157864219350295,0,12,0,0,8.685007818062894,-3:3,spatial,0,435,4,dia,15,1,1,none,1,high,0.6493532546000097,48,4,8,9,80,0,2,0,0,1,Standard_720p_60fps_5s
126,1,p4x4,1,0.4390814863299048,2,4,0,0,2.489530098633681,-3:3,temporal,0,172,4,dia,15,1,1,none,1,high,0.184274686721981,48,16,8,9,80,0,2,1,1,1,Standard_720p_60fps_5s
1320,1,p4x4,3,0.6157864219350295,1,12,0,0,40.02961767606761,2:-2,spatial,0,435,4,dia,15,1,0,none,1,high,0.6493532546000097,48,4,8,9,80,0,2,0,0,1,Standard_720p_60fps_5s
126,1,p4x4,1,0.6157864219350295,2,4,0,0,44.70616914544182,-3:3,temporal,0,435,4,dia,15,1,1,none,1,main,0.184274686721981,48,16,8,9,80,0,2,0,1,1,Standard_720p_60fps_5s
1331,1,p4x4,3,0.6157864219350295,2,12,0,0,44.70616914544182,-3:3,spatial,0,435,4,dia,15,1,1,cbr,1,high,0.184274686721981,38,18,8,9,80,0,2,0,1,1,Standard_720p_60fps_5s
1320,1,p4x4,1,0.6157864219350295,1,12,0,0,40.02961767606761,2:-2,spatial,0,435,2,dia,19,1,1,none,1,high,0.6493532546000097,48,16,247,15,80,0,2,0,1,0,Standard_720p_60fps_5s
1320,1,p4x4,2,0.6157864219350295,1,12,0,0,40.02961767606761,2:-2,spatial,0,435,4,dia,15,1,1,none,1,high,0.6493532546000097,48,3,96,2,99,1,5,0,0,2,Standard_720p_60fps_5s
1320,1,p4x4,0,0.6157864219350295,1,12,0,0,37.2206262770185,2:-2,spatial,1,435,4,dia,15,1,1,none,1,baseline,0.6493532546000097,30,16,92,2,86,0,51,0,0,2,Action_1080p_60fps_20s
1331,1,p4x4,2,0.6157864219350295,1,12,0,-9,44.70616914544182,2:-2,none,0,13,4,dia,27,1,1,none,1,baseline,0.0159168032975517,30,18,92,2,86,0,51,0,0,2,Action_1080p_60fps_20s
1331,1,p4x4,3,0.6157864219350295,2,12,0,0,44.70616914544182,-3:3,spatial,0,435,4,dia,15,1,1,none,1,high,0.6493532546000097,48,16,8,9,80,0,2,0,0,1,Action_1080p_60fps_20s
1320,1,p4x4,3,0.6157864219350295,1,12,0,0,40.02961767606761,2:-2,spatial,0,435,4,dia,15,1,1,none,1,high,0.6493532546000097,48,16,8,2,80,0,2,0,0,1,Action_1080p_60fps_20s
1331,1,p4x4,2,0.6157864219350295,0,12,0,0,44.70616914544182,-6:6,spatial,0,435,4,dia,15,1,1,none,0,baseline,0.6493532546000097,48,16,96,2,99,1,5,0,0,0,Action_1080p_60fps_20s
1331,1,p4x4,3,0.6157864219350295,2,12,0,0,44.70616914544182,-3:3,spatial,1,435,4,dia,15,1,1,none,1,high,0.6493532546000097,48,16,8,9,80,0,2,0,0,1,Action_1080p_60fps_20s
1320,1,p4x4,3,0.6157864219350295,1,12,0,0,40.02961767606761,2:-2,spatial,0,435,4,dia,15,1,1,none,1,high,0.6493532546000097,48,16,8,2,80,0,2,2,0,1,Action_1080p_60fps_20s
126,1,p4x4,1,0.6157864219350295,2,4,0,0,44.70616914544182,-3:3,temporal,0,435,4,dia,15,1,1,none,1,high,0.184274686721981,48,16,8,9,80,0,2,0,1,1,Action_1080p_60fps_20s
1320,1,p4x4,1,0.6157864219350295,2,4,0,0,44.70616914544182,-3:3,spatial,0,435,4,dia,15,1,1,none,1,high,0.6493532546000097,48,16,8,9,80,0,2,0,0,1,Action_1080p_60fps_20s
1905,1,p4x4,3,0.671499867898717,2,12,0,0,44.70616914544182,-3:3,spatial,0,435,4,dia,19,1,1,none,1,high,0.6493532546000097,48,16,247,15,80,0,2,0,1,0,Action_1080p_60fps_20s
1320,1,p4x4,3,0.6157864219350295,1,12,0,0,40.02961767606761,5:5,spatial,0,435,4,dia,15,1,1,none,1,high,0.6493532546000097,48,16,8,2,80,0,2,0,0,1,Action_1080p_60fps_20s
1331,1,p4x4,3,0.6157864219350295,2,12,0,0,44.70616914544182,-6:6,spatial,0,435,4,dia,15,1,1,none,0,baseline,0.6493532546000097,48,16,96,2,99,3,5,0,1,0,Action_1080p_60fps_20s
1905,1,p4x4,3,0.671499867898717,2,12,0,-3,44.70616914544182,-5:5,spatial,0,435,4,dia,19,1,1,none,1,baseline,0.6025254326741154,48,16,247,15,80,0,2,0,1,0,Action_1080p_60fps_20s
1331,1,p4x4,3,0.6157864219350295,2,12,0,0,44.70616914544182,-3:3,spatial,1,435,4,dia,15,0,1,none,1,high,0.6493532546000097,45,3,8,4,80,0,2,0,1,1,Action_1080p_60fps_20s
1331,0,p4x4,3,0.6157864219350295,0,12,0,0,44.70616914544182,-3:3,spatial,0,435,4,dia,15,1,1,none,1,high,0.6493532546000097,48,16,8,4,80,0,2,0,0,0,Action_1080p_60fps_20s
1331,1,p4x4,2,0.6157864219350295,0,12,0,-9,44.70616914544182,2:-2,none,0,13,4,dia,27,1,1,none,1,high,0.6493532546000097,48,16,8,2,80,0,16,0,0,1,Action_1080p_60fps_20s
1331,1,p4x4,3,0.6157864219350295,2,12,0,0,44.64631245082492,-3:3,spatial,0,435,4,dia,15,1,1,none,0,baseline,0.6493532546000097,41,16,96,2,99,3,5,0,1,0,Action_1080p_60fps_20s
904,1,p4x4,3,1.663276403580304,2,12,0,0,13.32660289180632,2:-2,spatial,0,435,4,dia,15,1,1,none,0,high,0.6493532546000097,48,16,8,2,80,0,2,0,0,1,Action_1080p_60fps_20s
1320,1,p4x4,0,0.6157864219350295,1,12,0,0,40.02961767606761,-2:2,spatial,0,435,4,dia,15,1,1,none,1,high,0.6493532546000097,48,16,8,2,80,0,2,0,0,1,Action_1080p_60fps_20s
1331,1,p4x4,2,1.0403408708440791,0,12,0,-9,25.868613569306508,2:-2,spatial,1,435,2,dia,15,1,1,none,1,high,0.6493532546000097,29,16,8,9,80,0,2,0,0,1,Action_1080p_60fps_20s
1331,1,p4x4,3,0.6157864219350295,2,12,0,0,44.70616914544182,-3:3,spatial,0,435,4,dia,15,1,1,none,1,high,0.6493532546000097,48,16,8,9,80,0,2,0,0,1,Standard_480p_30fps_10s
1320,1,p4x4,3,0.6157864219350295,1,12,0,0,40.02961767606761,2:-2,spatial,0,435,4,dia,15,1,1,none,1,high,0.6493532546000097,48,16,8,2,80,0,2,0,0,1,Standard_480p_30fps_10s
1320,1,p4x4,3,0.6157864219350295,1,12,0,0,40.02961767606761,2:-2,spatial,0,435,4,dia,15,1,1,none,1,high,0.6493532546000097,48,16,8,2,80,0,2,2,0,1,Standard_480p_30fps_10s
126,1,p4x4,1,0.6157864219350295,2,4,0,0,44.70616914544182,-3:3,temporal,0,435,4,dia,15,1,1,none,1,high,0.184274686721981,48,16,8,9,80,0,2,0,1,1,Standard_480p_30fps_10s
1320,1,p4x4,1,0.6157864219350295,2,4,0,0,44.70616914544182,-3:3,spatial,0,435,4,dia,15,1,1,none,1,high,0.6493532546000097,48,16,8,9,80,0,2,0,0,1,Standard_480p_30fps_10s
1905,1,p4x4,3,0.671499867898717,2,12,0,0,44.70616914544182,-3:3,spatial,0,435,4,dia,19,1,1,none,1,high,0.6493532546000097,48,16,247,15,80,0,2,0,1,0,Standard_480p_30fps_10s
1331,1,p4x4,3,0.6157864219350295,2,12,0,0,44.70616914544182,-3:3,spatial,1,435,4,dia,15,1,1,none,1,high,0.6493532546000097,48,16,8,9,80,0,2,0,0,1,Standard_480p_30fps_10s
1331,1,p4x4,2,0.6157864219350295,0,12,0,0,44.70616914544182,-6:6,spatial,0,435,4,dia,15,1,1,none,0,baseline,0.6493532546000097,48,16,96,2,99,1,5,0,0,0,Standard_480p_30fps_10s
1320,1,p4x4,3,0.6157864219350295,1,12,0,0,40.02961767606761,5:5,spatial,0,435,4,dia,15,1,1,none,1,high,0.6493532546000097,48,16,8,2,80,0,2,0,0,1,Standard_480p_30fps_10s
1331,1,p4x4,3,0.6157864219350295,2,12,0,0,44.70616914544182,-6:6,spatial,0,435,4,dia,15,1,1,none,0,baseline,0.6493532546000097,48,16,96,2,99,3,5,0,1,0,Standard_480p_30fps_10s
1320,1,p4x4,3,0.5409532078600718,1,12,1,0,40.02961767606761,2:-2,spatial,0,435,4,dia,15,1,1,none,1,baseline,0.6493532546000097,48,16,8,2,80,0,2,0,0,1,Standard_480p_30fps_10s
1320,1,p4x4,1,0.6157864219350295,2,4,0,1,26.39362786609533,-3:3,auto,0,435,4,dia,15,1,1,none,1,high,0.4637050419846092,48,16,8,9,80,0,2,0,0,1,Standard_480p_30fps_10s
1320,1,p4x4,1,0.6157864219350295,2,4,0,0,44.70616914544182,-3:3,spatial,0,435,4,dia,15,1,1,none,1,high,0.6493532546000097,48,16,8,2,80,1,2,0,0,2,Standard_480p_30fps_10s
1320,0,p4x4,3,1.7242186518228328,1,12,0,12,40.02961767606761,5:5,spatial,0,435,4,tesa,45,0,1,none,1,high,0.6493532546000097,48,16,8,9,80,0,2,0,1,1,Standard_480p_30fps_10s
355,1,p4x4,2,0.6157864219350295,0,12,0,0,44.70616914544182,-6:6,spatial,0,435,4,dia,15,1,1,none,0,baseline,0.6493532546000097,48,16,96,2,99,1,5,0,0,0,Standard_480p_30fps_10s
1331,1,p4x4,1,0.6157864219350295,2,12,0,0,44.70616914544182,-3:3,spatial,0,435,4,dia,15,1,1,none,1,high,0.6493532546000097,48,1,8,2,86,0,2,0,0,1,Standard_480p_30fps_10s
1320,0,p4x4,0,0.6157864219350295,2,2,0,0,44.70616914544182,-3:3,spatial,0,435,4,dia,15,1,1,none,1,high,0.6493532546000097,48,16,8,9,80,0,2,0,1,1,Standard_480p_30fps_10s
1331,1,p4x4,3,0.6157864219350295,2,12,0,0,44.70616914544182,-3:3,spatial,0,435,4,dia,15,1,1,vbr,1,high,0.6493532546000097,48,16,8,9,80,0,2,0,1,1,Standard_480p_30fps_10s
1320,1,p4x4,3,0.6157864219350295,0,12,0,0,40.02961767606761,2:-2,spatial,0,49,4,dia,15,1,1,none,1,high,0.6493532546000097,48,16,8,2,80,0,2,0,0,1,Standard_480p_30fps_10s
1320,1,p4x4,3,0.6157864219350295,1,12,0,0,40.02961767606761,5:5,auto,0,435,4,dia,15,1,1,none,1,high,0.6493532546000097,48,16,8,2,80,7,2,0,0,1,Standard_480p_30fps_10s
1331,1,p4x4,3,0.6157864219350295,0,12,0,0,44.70616914544182,-3:3,spatial,1,435,3,dia,15,0,1,none,1,high,0.6463106478333888,48,18,8,9,80,0,2,0,0,1,Action_480p_25fps_5s
1320,1,p4x4,0,0.6157864219350295,1,12,0,0,37.2206262770185,2:-2,spatial,1,435,4,dia,15,1,1,none,1,baseline,0.6493532546000097,30,16,92,2,86,0,51,0,0,2,Action_480p_25fps_5s
1331,1,p4x4,2,0.6157864219350295,1,12,0,-9,44.70616914544182,2:-2,none,0,13,4,dia,27,1,1,none,1,baseline,0.0159168032975517,30,18,92,2,86,0,51,0,0,2,Action_480p_25fps_5s
1320,1,p4x4,3,0.6157864219350295,1,12,1,4,31.59368862677668,-2:2,spatial,1,276,2,dia,15,1,1,none,1,high,0.6493532546000097,45,16,8,2,80,0,2,2,0,1,Action_480p_25fps_5s
65,1,p4x4,1,0.6157864219350295,1,12,1,4,31.59368862677668,-2:2,spatial,1,276,2,dia,15,1,1,none,1,high,0.6493532546000097,45,16,8,2,80,0,34,2,0,1,Action_480p_25fps_5s
1320,1,p4x4,2,0.6157864219350295,1,16,0,-9,44.70616914544182,2:-2,none,0,13,4,dia,27,1,1,none,1,baseline,0.0159168032975517,30,19,215,2,86,0,51,0,0,2,Action_480p_25fps_5s
1331,1,p4x4,0,0.0024759804637413,1,12,0,0,37.2206262770185,2:-2,spatial,1,435,4,dia,15,1,1,none,1,baseline,0.6493532546000097,30,16,92,2,86,0,51,0,0,2,Action_480p_25fps_5s
1320,1,p4x4,3,0.6157864219350295,1,12,1,4,31.59368862677668,3:3,spatial,1,435,2,dia,15,1,0,none,0,baseline,0.6493532546000097,48,16,96,2,49,1,5,0,0,0,Action_480p_25fps_5s
1320,1,p4x4,3,0.6157864219350295,1,12,1,-9,31.59368862677668,3:3,spatial,1,435,2,dia,15,1,0,none,0,baseline,0.6493532546000097,48,16,96,15,49,1,5,0,0,0,Action_480p_25fps_5s
1320,1,p4x4,3,0.6157864219350295,1,12,1,8,23.333519796148863,0:0,spatial,1,355,0,dia,15,1,0,none,0,baseline,0.6493532546000097,48,16,96,15,65,1,5,0,0,0,Action_480p_25fps_5s
1320,1,p4x4,3,0.6157864219350295,1,12,1,-9,31.59368862677668,3:3,spatial,1,435,2,dia,15,1,0,none,0,high,0.6493532546000097,48,16,96,15,49,1,5,0,0,0,Action_480p_25fps_5s
1320,1,p4x4,3,0.6157864219350295,1,12,1,4,31.59368862677668,3:3,spatial,1,435,2,dia,15,1,0,none,0,main,0.6493532546000097,48,16,96,2,49,1,5,0,0,0,Action_480p_25fps_5s
1320,1,p4x4,0,0.6157864219350295,1,12,0,0,37.2206262770185,2:-2,spatial,1,435,4,dia,15,1,0,none,1,baseline,0.6493532546000097,30,16,92,2,86,0,2,0,0,2,Action_480p_25fps_5s
1320,1,p4x4,3,0.6157864219350295,1,12,0,8,23.333519796148863,2:-2,spatial,1,435,0,dia,15,1,1,none,0,baseline,0.6493532546000097,48,16,92,2,80,0,2,0,1,0,Action_480p_25fps_5s
1320,1,p4x4,3,0.6157864219350295,1,12,0,8,23.333519796148863,0:0,spatial,1,435,0,dia,15,1,1,none,0,baseline,0.6493532546000097,48,16,210,2,80,0,2,0,1,1,Action_480p_25fps_5s
1320,1,p4x4,3,0.6157864219350295,1,12,1,4,31.59368862677668,3:3,spatial,1,435,2,dia,15,1,1,none,0,baseline,0.6493532546000097,48,16,92,2,86,0,2,0,0,0,Action_480p_25fps_5s
1331,1,p4x4,3,0.6157864219350295,2,12,0,4,32.34334981132251,-3:3,spatial,1,435,2,dia,15,1,1,none,0,baseline,0.6493532546000097,48,16,96,2,99,1,5,0,0,0,Action_480p_25fps_5s
1320,1,p4x4,3,0.6157864219350295,1,4,0,4,38.687654164818326,2:-2,spatial,1,435,2,dia,15,1,1,none,0,baseline,0.6493532546000097,48,16,92,2,86,0,2,0,0,0,Action_480p_25fps_5s
1331,1,p4x4,2,0.6157864219350295,1,12,0,8,23.333519796148863,2:-2,spatial,1,435,0,hex,15,0,1,none,1,baseline,0.6493532546000097,48,16,92,10,80,0,2,0,1,0,Action_480p_25fps_5s
1320,1,p4x4,3,0.6157864219350295,1,12,0,0,33.04351842985125,-5:5,spatial,1,435,0,dia,15,1,1,none,0,baseline,0.6493532546000097,48,16,92,2,74,0,2,0,1,0,Action_480p_25fps_5s
1331,1,p4x4,3,0.6157864219350295,2,12,0,0,44.70616914544182,-3:3,spatial,0,435,4,dia,15,1,1,none,1,high,0.6493532546000097,48,16,8,9,80,0,2,0,0,1,Action_480p_30fps_10s
1320,1,p4x4,3,0.6157864219350295,1,12,0,0,40.02961767606761,2:-2,spatial,0,435,4,dia,15,1,1,none,1,high,0.6493532546000097,48,16,8,2,80,0,2,0,0,1,Action_480p_30fps_10s
1905,1,p4x4,3,0.671499867898717,2,12,0,0,44.70616914544182,-3:3,spatial,0,435,4,dia,19,1,1,none,1,high,0.6493532546000097,48,16,247,15,80,0,2,0,1,0,Action_480p_30fps_10s
1320,1,p4x4,1,0.6157864219350295,2,4,0,0,44.70616914544182,-3:3,spatial,0,435,4,dia,15,1,1,none,1,high,0.6493532546000097,48,16,8,9,80,0,2,0,0,1,Action_480p_30fps_10s
126,1,p4x4,1,0.6157864219350295,2,4,0,0,44.70616914544182,-3:3,temporal,0,435,4,dia,15,1,1,none,1,high,0.184274686721981,48,16,8,9,80,0,2,0,1,1,Action_480p_30fps_10s
1320,1,p4x4,3,0.6157864219350295,1,12,0,0,40.02961767606761,2:-2,spatial,0,435,4,dia,15,1,1,none,1,high,0.6493532546000097,48,16,8,2,80,0,2,2,0,1,Action_480p_30fps_10s
1331,1,p4x4,3,0.6157864219350295,2,12,0,0,44.70616914544182,-3:3,spatial,1,435,4,dia,15,1,1,none,1,high,0.6493532546000097,48,16,8,9,80,0,2,0,0,1,Action_480p_30fps_10s
1331,1,p4x4,2,0.6157864219350295,0,12,0,0,44.70616914544182,-6:6,spatial,0,435,4,dia,15,1,1,none,0,baseline,0.6493532546000097,48,16,96,2,99,1,5,0,0,0,Action_480p_30fps_10s
1320,1,p4x4,3,0.6157864219350295,1,12,0,0,40.02961767606761,5:5,spatial,0,435,4,dia,15,1,1,none,1,high,0.6493532546000097,48,16,8,2,80,0,2,0,0,1,Action_480p_30fps_10s
1331,1,p4x4,3,0.6157864219350295,2,12,0,0,44.70616914544182,-6:6,spatial,0,435,4,dia,15,1,1,none,0,baseline,0.6493532546000097,48,16,96,2,99,3,5,0,1,0,Action_480p_30fps_10s
1320,1,p4x4,1,0.6157864219350295,2,12,0,0,44.70616914544182,-3:3,spatial,0,435,4,dia,57,1,1,none,1,high,0.6493532546000097,48,16,8,9,80,0,2,1,0,0,Action_480p_30fps_10s
1331,1,p4x4,2,0.6157864219350295,1,6,0,0,40.02961767606761,5:5,spatial,0,435,4,dia,15,1,1,none,1,high,0.6493532546000097,48,16,8,2,80,0,29,0,0,0,Action_480p_30fps_10s
1320,1,p4x4,3,0.6157864219350295,1,12,0,-8,40.02961767606761,2:-2,spatial,0,435,4,dia,15,1,1,none,1,high,0.6493532546000097,45,16,8,2,80,0,2,0,0,2,Action_480p_30fps_10s
1331,1,p4x4,2,0.6157864219350295,0,12,0,0,44.70616914544182,-6:6,spatial,0,435,4,hex,15,1,1,none,0,baseline,0.6493532546000097,47,9,247,13,51,0,2,0,1,0,Action_480p_30fps_10s
1320,1,p4x4,3,0.6157864219350295,0,12,1,0,40.02961767606761,2:-2,spatial,0,435,4,dia,15,1,1,none,1,high,0.6493532546000097,48,11,8,9,80,0,2,0,0,2,Action_480p_30fps_10s
1331,1,p4x4,2,0.6157864219350295,2,12,0,0,44.70616914544182,-2:2,spatial,1,435,4,dia,15,1,1,none,1,high,0.6493532546000097,25,16,8,1,80,0,2,0,0,2,Action_480p_30fps_10s
1331,1,p4x4,3,0.1052439882647704,2,12,0,0,44.70616914544182,-3:3,spatial,1,435,4,dia,15,1,1,none,1,high,0.6493532546000097,48,16,8,9,80,0,2,0,0,1,Action_480p_30fps_10s
1331,1,p4x4,2,0.6157864219350295,1,6,0,0,40.02961767606761,5:5,spatial,0,435,4,dia,15,1,1,cbr,1,high,0.184274686721981,48,16,8,9,80,0,2,0,1,1,Action_480p_30fps_10s
1320,1,p4x4,3,1.4286506417890164,1,12,0,0,40.02961767606761,2:-2,spatial,0,472,4,dia,15,1,0,none,1,high,0.7867488090342527,48,16,8,2,80,0,2,0,0,1,Action_480p_30fps_10s
1320,1,p4x4,3,0.6157864219350295,2,12,0,0,36.60020849037658,2:-2,spatial,0,435,4,dia,15,0,1,none,1,baseline,0.6493532546000097,48,20,8,2,80,0,8,0,0,1,Action_480p_30fps_10s
1331,1,p4x4,3,0.6157864219350295,2,12,0,0,44.70616914544182,-3:3,spatial,0,435,4,dia,15,1,1,none,1,high,0.6493532546000097,48,16,8,9,80,0,2,0,0,1,Big_720p_60fps_15s
1320,1,p4x4,3,0.6157864219350295,1,12,0,0,40.02961767606761,2:-2,spatial,0,435,4,dia,15,1,1,none,1,high,0.6493532546000097,48,16,8,2,80,0,2,0,0,1,Big_720p_60fps_15s
1905,1,p4x4,3,0.671499867898717,2,12,0,0,44.70616914544182,-3:3,spatial,0,435,4,dia,19,1,1,none,1,high,0.6493532546000097,48,16,247,15,80,0,2,0,1,0,Big_720p_60fps_15s
1320,1,p4x4,1,0.6157864219350295,2,4,0,0,44.70616914544182,-3:3,spatial,0,435,4,dia,15,1,1,none,1,high,0.6493532546000097,48,16,8,9,80,0,2,0,0,1,Big_720p_60fps_15s
126,1,p4x4,1,0.6157864219350295,2,4,0,0,44.70616914544182,-3:3,temporal,0,435,4,dia,15,1,1,none,1,high,0.184274686721981,48,16,8,9,80,0,2,0,1,1,Big_720p_60fps_15s
1320,1,p4x4,3,0.6157864219350295,1,12,0,0,40.02961767606761,2:-2,spatial,0,435,4,dia,15,1,1,none,1,high,0.6493532546000097,48,16,8,2,80,0,2,2,0,1,Big_720p_60fps_15s
1331,1,p4x4,3,0.6157864219350295,2,12,0,0,44.70616914544182,-3:3,spatial,1,435,4,dia,15,1,1,none,1,high,0.6493532546000097,48,16,8,9,80,0,2,0,0,1,Big_720p_60fps_15s
1331,1,p4x4,2,0.6157864219350295,0,12,0,0,44.70616914544182,-6:6,spatial,0,435,4,dia,15,1,1,none,0,baseline,0.6493532546000097,48,16,96,2,99,1,5,0,0,0,Big_720p_60fps_15s
1320,1,p4x4,3,0.6157864219350295,1,12,0,0,40.02961767606761,5:5,spatial,0,435,4,dia,15,1,1,none,1,high,0.6493532546000097,48,16,8,2,80,0,2,0,0,1,Big_720p_60fps_15s
1331,1,p4x4,3,0.6157864219350295,2,12,0,0,44.70616914544182,-6:6,spatial,0,435,4,dia,15,1,1,none,0,baseline,0.6493532546000097,48,16,96,2,99,3,5,0,1,0,Big_720p_60fps_15s
1331,1,p4x4,3,0.6157864219350295,2,12,0,0,44.70616914544182,-3:3,spatial,1,435,4,dia,15,1,1,none,1,high,0.6493532546000097,32,16,8,1,80,0,2,0,1,2,Big_720p_60fps_15s
1905,1,p4x4,3,0.671499867898717,0,12,0,0,44.70616914544182,-3:3,spatial,0,435,4,dia,19,1,1,none,1,high,0.6493532546000097,48,0,247,15,80,0,44,0,1,0,Big_720p_60fps_15s
1905,1,p4x4,0,0.671499867898717,2,16,0,0,44.70616914544182,-3:3,spatial,0,435,4,dia,19,1,1,none,1,high,0.6493532546000097,48,16,247,15,80,0,2,0,1,0,Big_720p_60fps_15s
1320,1,p4x4,3,0.6157864219350295,1,12,0,0,40.02961767606761,5:5,spatial,0,435,4,dia,15,1,1,cbr,1,high,0.184274686721981,48,16,8,5,80,0,2,0,0,1,Big_720p_60fps_15s
1331,1,p4x4,2,0.6157864219350295,0,12,0,0,44.70616914544182,-6:6,spatial,0,435,4,dia,15,1,1,none,1,high,0.6463106478333888,48,9,8,9,80,0,2,0,0,0,Big_720p_60fps_15s
1331,1,p4x4,3,0.6157864219350295,0,12,0,-5,44.70616914544182,-3:3,spatial,0,313,4,dia,15,0,1,none,1,high,0.6493532546000097,48,16,8,2,80,0,2,0,0,1,Big_720p_60fps_15s
1384,1,p4x4,3,0.6157864219350295,2,12,0,0,44.70616914544182,-3:3,spatial,1,435,4,dia,15,1,1,none,1,high,0.6493532546000097,48,16,8,9,75,0,2,0,0,1,Big_720p_60fps_15s
1331,1,p4x4,3,0.6157864219350295,2,12,0,0,1.9336260682801765,-3:3,spatial,0,435,4,dia,15,1,1,none,1,high,0.6493532546000097,48,16,8,9,80,0,2,0,1,1,Big_720p_60fps_15s
1320,1,p4x4,3,0.6157864219350295,1,12,0,0,40.02961767606761,5:5,spatial,0,435,4,dia,15,1,1,none,0,baseline,0.6493532546000097,48,16,96,2,99,3,5,0,1,0,Big_720p_60fps_15s
1331,1,p4x4,3,0.6157864219350295,0,12,0,-5,44.70616914544182,-3:3,spatial,0,435,4,dia,15,1,1,none,1,high,0.6493532546000097,48,16,8,10,80,0,2,2,0,1,Big_720p_60fps_15s
1331,1,p4x4,3,0.6157864219350295,2,12,0,0,44.70616914544182,-3:3,spatial,0,435,4,dia,15,1,1,none,1,high,0.6493532546000097,48,16,8,9,80,0,2,0,0,1,Big_1080p_25fps_10s
1320,1,p4x4,3,0.6157864219350295,1,12,0,0,40.02961767606761,2:-2,spatial,0,435,4,dia,15,1,1,none,1,high,0.6493532546000097,48,16,8,2,80,0,2,0,0,1,Big_1080p_25fps_10s
1905,1,p4x4,3,0.671499867898717,2,12,0,0,44.70616914544182,-3:3,spatial,0,435,4,dia,19,1,1,none,1,high,0.6493532546000097,48,16,247,15,80,0,2,0,1,0,Big_1080p_25fps_10s
1320,1,p4x4,1,0.6157864219350295,2,4,0,0,44.70616914544182,-3:3,spatial,0,435,4,dia,15,1,1,none,1,high,0.6493532546000097,48,16,8,9,80,0,2,0,0,1,Big_1080p_25fps_10s
126,1,p4x4,1,0.6157864219350295,2,4,0,0,44.70616914544182,-3:3,temporal,0,435,4,dia,15,1,1,none,1,high,0.184274686721981,48,16,8,9,80,0,2,0,1,1,Big_1080p_25fps_10s
1320,1,p4x4,3,0.6157864219350295,1,12,0,0,40.02961767606761,2:-2,spatial,0,435,4,dia,15,1,1,none,1,high,0.6493532546000097,48,16,8,2,80,0,2,2,0,1,Big_1080p_25fps_10s
1331,1,p4x4,3,0.6157864219350295,2,12,0,0,44.70616914544182,-3:3,spatial,1,435,4,dia,15,1,1,none,1,high,0.6493532546000097,48,16,8,9,80,0,2,0,0,1,Big_1080p_25fps_10s
1331,1,p4x4,2,0.6157864219350295,0,12,0,0,44.70616914544182,-6:6,spatial,0,435,4,dia,15,1,1,none,0,baseline,0.6493532546000097,48,16,96,2,99,1,5,0,0,0,Big_1080p_25fps_10s
1320,1,p4x4,3,0.6157864219350295,1,12,0,0,40.02961767606761,5:5,spatial,0,435,4,dia,15,1,1,none,1,high,0.6493532546000097,48,16,8,2,80,0,2,0,0,1,Big_1080p_25fps_10s
1331,1,p4x4,3,0.6157864219350295,2,12,0,0,44.70616914544182,-6:6,spatial,0,435,4,dia,15,1,1,none,0,baseline,0.6493532546000097,48,16,96,2,99,3,5,0,1,0,Big_1080p_25fps_10s
1331,1,p4x4,3,0.6157864219350295,2,12,0,0,44.70616914544182,-3:3,spatial,1,435,4,dia,15,1,1,none,1,high,0.6493532546000097,48,16,96,2,99,3,5,0,1,0,Big_1080p_25fps_10s
1320,1,p4x4,1,0.6157864219350295,1,12,0,0,40.02961767606761,5:5,spatial,1,205,4,dia,15,1,1,none,1,high,0.6493532546000097,48,16,8,2,80,0,2,0,0,1,Big_1080p_25fps_10s
1331,1,p4x4,3,0.6157864219350295,2,12,0,0,44.70616914544182,-3:3,spatial,0,435,4,dia,19,1,1,none,1,high,0.6493532546000097,48,13,247,15,80,0,2,0,1,0,Big_1080p_25fps_10s
1905,1,p4x4,3,0.671499867898717,2,12,0,0,44.70616914544182,-3:3,spatial,1,435,4,dia,15,1,1,none,1,high,0.6493532546000097,48,16,8,9,80,0,2,0,0,1,Big_1080p_25fps_10s
1320,1,p4x4,3,0.6157864219350295,1,15,0,0,40.02961767606761,-3:3,spatial,0,435,4,dia,15,1,1,none,1,high,0.6493532546000097,48,16,8,2,80,0,2,2,0,1,Big_1080p_25fps_10s
1320,1,all,3,0.6157864219350295,1,12,0,0,40.02961767606761,2:-2,spatial,0,435,4,dia,45,1,1,none,1,high,0.6493532546000097,48,3,8,15,80,0,19,0,0,1,Big_1080p_25fps_10s
1320,1,p4x4,3,0.6157864219350295,1,12,0,0,40.02961767606761,5:5,spatial,0,435,4,dia,15,1,0,none,1,high,0.6493532546000097,48,16,8,9,80,0,2,0,0,1,Big_1080p_25fps_10s
1320,1,p4x4,1,0.6157864219350295,2,4,1,0,44.70616914544182,-3:3,spatial,0,435,3,dia,15,1,1,none,1,high,0.6493532546000097,48,16,8,2,80,2,2,0,0,1,Big_1080p_25fps_10s
1331,1,p4x4,3,0.6157864219350295,1,12,0,0,40.02961767606761,2:-2,spatial,0,435,4,dia,15,1,1,none,0,high,0.6493532546000097,48,16,8,2,80,0,50,2,0,1,Big_1080p_25fps_10s
1320,1,p4x4,3,0.6157864219350295,1,12,0,0,1.864694607390001,2:-2,spatial,0,435,4,dia,15,1,1,none,1,high,0.8762925187926734,48,16,8,2,80,0,34,2,0,1,Big_1080p_25fps_10s
1331,1,p4x4,3,0.6157864219350295,2,12,0,0,44.70616914544182,-3:3,spatial,0,435,4,dia,15,1,1,none,1,high,0.6493532546000097,48,16,8,9,80,0,2,0,0,1,Action_1080p_25fps_10s
1320,1,p4x4,3,0.6157864219350295,1,12,0,0,40.02961767606761,2:-2,spatial,0,435,4,dia,15,1,1,none,1,high,0.6493532546000097,48,16,8,2,80,0,2,0,0,1,Action_1080p_25fps_10s
1905,1,p4x4,3,0.671499867898717,2,12,0,0,44.70616914544182,-3:3,spatial,0,435,4,dia,19,1,1,none,1,high,0.6493532546000097,48,16,247,15,80,0,2,0,1,0,Action_1080p_25fps_10s
1320,1,p4x4,1,0.6157864219350295,2,4,0,0,44.70616914544182,-3:3,spatial,0,435,4,dia,15,1,1,none,1,high,0.6493532546000097,48,16,8,9,80,0,2,0,0,1,Action_1080p_25fps_10s
126,1,p4x4,1,0.6157864219350295,2,4,0,0,44.70616914544182,-3:3,temporal,0,435,4,dia,15,1,1,none,1,high,0.184274686721981,48,16,8,9,80,0,2,0,1,1,Action_1080p_25fps_10s
1320,1,p4x4,3,0.6157864219350295,1,12,0,0,40.02961767606761,2:-2,spatial,0,435,4,dia,15,1,1,none,1,high,0.6493532546000097,48,16,8,2,80,0,2,2,0,1,Action_1080p_25fps_10s
1331,1,p4x4,3,0.6157864219350295,2,12,0,0,44.70616914544182,-3:3,spatial,1,435,4,dia,15,1,1,none,1,high,0.6493532546000097,48,16,8,9,80,0,2,0,0,1,Action_1080p_25fps_10s
1331,1,p4x4,2,0.6157864219350295,0,12,0,0,44.70616914544182,-6:6,spatial,0,435,4,dia,15,1,1,none,0,baseline,0.6493532546000097,48,16,96,2,99,1,5,0,0,0,Action_1080p_25fps_10s
1320,1,p4x4,3,0.6157864219350295,1,12,0,0,40.02961767606761,5:5,spatial,0,435,4,dia,15,1,1,none,1,high,0.6493532546000097,48,16,8,2,80,0,2,0,0,1,Action_1080p_25fps_10s
1331,1,p4x4,3,0.6157864219350295,2,12,0,0,44.70616914544182,-6:6,spatial,0,435,4,dia,15,1,1,none,0,baseline,0.6493532546000097,48,16,96,2,99,3,5,0,1,0,Action_1080p_25fps_10s
1320,1,p4x4,3,0.6157864219350295,1,12,0,0,40.02961767606761,2:-2,spatial,0,435,4,dia,15,1,1,none,1,high,0.6493532546000097,45,16,8,2,99,3,5,0,1,0,Action_1080p_25fps_10s
1331,1,p4x4,3,0.6157864219350295,1,10,0,0,44.70616914544182,-3:3,spatial,1,435,4,dia,15,1,1,none,1,high,0.6493532546000097,48,16,8,2,80,0,2,0,0,1,Action_1080p_25fps_10s
1320,1,p4x4,3,0.6157864219350295,1,12,0,0,40.02961767606761,5:5,spatial,0,417,4,dia,15,1,1,none,1,high,0.6493532546000097,48,16,8,2,80,0,47,0,0,2,Action_1080p_25fps_10s
1331,1,p4x4,3,0.1173510236692619,1,12,0,0,44.70616914544182,-6:6,spatial,0,435,4,dia,15,1,1,none,0,baseline,0.6493532546000097,48,16,96,2,99,3,5,0,1,0,Action_1080p_25fps_10s
1320,1,p4x4,3,0.6157864219350295,1,12,1,0,40.02961767606761,5:5,spatial,0,435,4,dia,15,1,0,none,1,high,0.6493532546000097,48,16,8,2,80,0,2,0,0,1,Action_1080p_25fps_10s
1320,1,p4x4,0,0.6157864219350295,1,12,0,0,37.2206262770185,2:-2,spatial,1,435,4,dia,15,1,1,none,1,baseline,0.6493532546000097,48,16,8,9,73,0,2,0,0,1,Action_1080p_25fps_10s
1320,1,p4x4,3,0.6157864219350295,1,12,0,0,40.02961767606761,-2:2,spatial,0,411,4,dia,15,1,1,none,1,high,0.6493532546000097,48,16,8,2,80,0,2,0,0,1,Action_1080p_25fps_10s
1331,1,p4x4,0,0.6855792715808768,1,12,0,0,44.70616914544182,-3:3,spatial,0,435,4,dia,19,1,1,none,1,high,0.6493532546000097,45,16,247,15,80,0,2,0,1,0,Action_1080p_25fps_10s
1331,1,p4x4,3,0.6157864219350295,1,12,0,0,40.02961767606761,5:5,spatial,0,435,4,hex,41,1,1,cbr,1,high,0.6493532546000097,48,16,8,9,80,0,2,0,0,1,Action_1080p_25fps_10s
1331,1,p4x4,3,0.6157864219350295,1,12,1,0,40.02961767606761,5:5,spatial,0,435,4,dia,15,1,0,none,1,high,0.842362423650262,48,16,8,2,61,0,2,0,0,1,Action_1080p_25fps_10s
126,1,p4x4,1,0.6157864219350295,2,4,0,0,44.70616914544182,-3:3,temporal,0,435,4,dia,15,1,1,none,1,baseline,0.6493532546000097,30,16,92,2,6,0,51,0,0,2,Action_480p_25fps_20s
1320,1,p4x4,0,0.0024759804637413,2,12,0,0,37.2206262770185,-5:5,spatial,1,227,4,dia,15,1,1,cbr,1,baseline,0.6493532546000097,50,16,92,2,86,0,51,0,0,2,Action_480p_25fps_20s
1331,1,p4x4,3,0.6157864219350295,2,12,0,0,44.70616914544182,-3:3,spatial,0,435,4,dia,15,1,1,none,1,high,0.6493532546000097,48,16,8,9,80,0,2,0,0,1,Action_480p_25fps_20s
1320,1,p4x4,3,0.6157864219350295,1,12,0,0,40.02961767606761,2:-2,spatial,0,435,4,dia,15,1,1,none,1,high,0.6493532546000097,48,16,8,2,80,0,2,0,0,1,Action_480p_25fps_20s
1905,1,p4x4,3,0.671499867898717,2,12,0,0,44.70616914544182,-3:3,spatial,0,435,4,dia,19,1,1,none,1,high,0.6493532546000097,48,16,247,15,80,0,2,0,1,0,Action_480p_25fps_20s
1320,1,p4x4,1,0.6157864219350295,2,4,0,0,44.70616914544182,-3:3,spatial,0,435,4,dia,15,1,1,none,1,high,0.6493532546000097,48,16,8,9,80,0,2,0,0,1,Action_480p_25fps_20s
126,1,p4x4,1,0.6157864219350295,2,4,0,0,44.70616914544182,-3:3,temporal,0,435,4,dia,15,1,1,none,1,high,0.184274686721981,48,16,8,9,80,0,2,0,1,1,Action_480p_25fps_20s
1320,1,p4x4,3,0.6157864219350295,1,12,0,0,40.02961767606761,2:-2,spatial,0,435,4,dia,15,1,1,none,1,high,0.6493532546000097,48,16,8,2,80,0,2,2,0,1,Action_480p_25fps_20s
1331,1,p4x4,3,0.6157864219350295,2,12,0,0,44.70616914544182,-3:3,spatial,1,435,4,dia,15,1,1,none,1,high,0.6493532546000097,48,16,8,9,80,0,2,0,0,1,Action_480p_25fps_20s
1331,1,p4x4,2,0.6157864219350295,0,12,0,0,44.70616914544182,-6:6,spatial,0,435,4,dia,15,1,1,none,0,baseline,0.6493532546000097,48,16,96,2,99,1,5,0,0,0,Action_480p_25fps_20s
1320,1,p4x4,3,0.6157864219350295,1,12,0,0,40.02961767606761,5:5,spatial,0,435,4,dia,15,1,1,none,1,high,0.6493532546000097,48,16,8,2,80,0,2,0,0,1,Action_480p_25fps_20s
1331,1,p4x4,3,0.6157864219350295,2,12,0,0,44.70616914544182,-6:6,spatial,0,435,4,dia,15,1,1,none,0,baseline,0.6493532546000097,48,16,96,2,99,3,5,0,1,0,Action_480p_25fps_20s
1905,1,p4x4,3,0.671499867898717,1,12,0,0,44.70616914544182,-3:3,spatial,0,435,4,dia,19,1,0,none,1,high,0.6493532546000097,48,16,247,15,99,3,5,0,1,0,Action_480p_25fps_20s
1700,1,p4x4,2,0.6157864219350295,0,12,0,-6,44.70616914544182,-6:6,spatial,0,435,4,dia,15,1,1,none,1,high,0.6493532546000097,45,16,8,2,80,0,34,2,0,1,Action_480p_25fps_20s
1331,1,p4x4,3,0.0024759804637413,1,12,0,0,37.2206262770185,2:-2,spatial,0,435,4,dia,15,1,1,none,1,high,0.184274686721981,48,16,8,9,80,0,2,0,1,1,Action_480p_25fps_20s
1331,1,p4x4,2,0.6157864219350295,0,12,0,0,44.70616914544182,-6:6,spatial,0,435,3,dia,15,1,1,none,1,high,0.6493532546000097,48,16,8,9,80,0,4,0,0,1,Action_480p_25fps_20s
1320,1,p4x4,1,0.6157864219350295,0,14,0,0,44.70616914544182,-3:3,spatial,0,259,4,dia,15,1,1,none,1,high,0.6493532546000097,45,16,8,2,80,0,34,2,0,1,Action_480p_25fps_20s
1700,1,p4x4,2,0.6157864219350295,0,12,0,-6,44.70616914544182,-6:6,auto,0,435,4,dia,15,1,1,none,1,high,0.5674618358614204,45,16,8,2,80,0,34,2,0,1,Action_480p_25fps_20s
1331,1,p4x4,3,0.6157864219350295,0,12,0,0,44.70616914544182,-3:3,spatial,0,435,4,dia,15,1,1,none,1,high,0.6493532546000097,48,16,8,2,99,1,5,0,0,0,Action_480p_25fps_20s
126,1,p4x4,3,0.671499867898717,2,12,0,0,44.70616914544182,-3:3,spatial,0,435,4,tesa,59,1,1,none,1,high,0.6493532546000097,48,16,64,15,80,0,2,0,1,2,Action_480p_25fps_20s
1320,1,p4x4,3,0.6157864219350295,1,12,1,-9,31.59368862677668,3:3,spatial,1,435,2,dia,15,1,0,none,0,baseline,0.6493532546000097,48,16,96,15,49,1,5,0,0,0,Big_480p_30fps_15s
1320,1,p4x4,3,0.6157864219350295,1,12,1,8,23.333519796148863,0:0,spatial,1,355,0,dia,15,1,0,none,0,baseline,0.6493532546000097,48,16,96,15,65,1,5,0,0,0,Big_480p_30fps_15s
1320,1,p4x4,3,0.6157864219350295,2,12,1,-9,31.59368862677668,3:3,spatial,1,435,2,dia,15,1,0,none,0,baseline,0.6493532546000097,42,16,96,15,49,5,5,0,0,1,Big_480p_30fps_15s
1320,1,p4x4,3,0.6157864219350295,1,12,1,-9,31.59368862677668,4:4,spatial,1,435,4,dia,15,1,0,none,0,baseline,0.6493532546000097,48,8,96,15,49,1,62,0,0,1,Big_480p_30fps_15s
1320,1,p4x4,3,0.1079265839304079,1,12,0,-9,31.59368862677668,4:4,spatial,1,435,4,dia,15,1,0,none,0,high,0.8655635668128767,48,8,92,2,6,0,51,0,0,2,Big_480p_30fps_15s
1320,1,p4x4,0,0.0024759804637413,2,12,0,0,37.2206262770185,-5:5,spatial,1,227,4,dia,15,1,1,cbr,1,baseline,0.6493532546000097,50,16,92,2,86,0,51,0,0,2,Big_480p_30fps_15s
126,1,p4x4,1,0.6157864219350295,2,4,0,0,44.70616914544182,-3:3,temporal,0,435,4,dia,15,1,1,none,1,baseline,0.6493532546000097,30,16,92,2,6,0,51,0,0,2,Big_480p_30fps_15s
126,1,p4x4,1,0.6157864219350295,2,4,0,0,44.70616914544182,-3:3,temporal,0,164,4,dia,15,1,1,cbr,1,baseline,0.6493532546000097,30,16,92,2,6,0,51,0,0,0,Big_480p_30fps_15s
1320,1,p4x4,3,0.6157864219350295,2,4,0,0,44.70616914544182,-3:3,temporal,0,48,0,dia,15,1,1,cbr,1,baseline,0.6493532546000097,30,19,92,2,65,0,51,0,0,0,Big_480p_30fps_15s
396,1,p4x4,1,0.6157864219350295,2,4,0,0,36.89562664231618,-3:3,temporal,0,164,4,dia,15,1,1,cbr,1,baseline,0.6493532546000097,30,16,92,2,6,0,51,0,0,0,Big_480p_30fps_15s
1320,0,p4x4,1,0.6157864219350295,1,4,0,0,44.70616914544182,3:3,spatial,0,435,4,dia,15,1,1,cbr,0,high,0.184274686721981,48,16,8,11,80,0,55,0,0,0,Big_480p_30fps_15s
1320,1,p4x4,3,0.6157864219350295,1,12,1,-9,31.59368862677668,3:3,spatial,1,435,2,esa,18,1,0,none,0,baseline,0.6493532546000097,48,16,8,9,80,0,2,0,1,1,Big_480p_30fps_15s
1320,0,p4x4,1,0.6157864219350295,1,4,0,0,44.70616914544182,3:3,spatial,0,435,4,dia,15,1,1,cbr,1,high,0.184274686721981,48,16,8,9,80,0,2,0,1,1,Big_480p_30fps_15s
1320,1,p4x4,0,0.0024759804637413,2,6,0,0,37.2206262770185,-6:6,spatial,0,435,4,dia,15,1,1,none,0,baseline,0.6493532546000097,48,16,96,1,99,3,5,0,1,0,Big_480p_30fps_15s
1331,1,p4x4,3,0.6157864219350295,2,12,0,0,44.70616914544182,-3:3,spatial,0,435,4,dia,15,1,1,none,1,high,0.6493532546000097,48,16,8,9,80,0,2,0,0,1,Big_480p_30fps_15s
1320,1,p4x4,3,0.6157864219350295,1,12,0,0,40.02961767606761,2:-2,spatial,0,435,4,dia,15,1,1,none,1,high,0.6493532546000097,48,16,8,2,80,0,2,0,0,1,Big_480p_30fps_15s
1905,1,p4x4,3,0.671499867898717,2,12,0,0,44.70616914544182,-3:3,spatial,0,435,4,dia,19,1,1,none,1,high,0.6493532546000097,48,16,247,15,80,0,2,0,1,0,Big_480p_30fps_15s
1320,1,p4x4,1,0.6157864219350295,2,4,0,0,44.70616914544182,-3:3,spatial,0,435,4,dia,15,1,1,none,1,high,0.6493532546000097,48,16,8,9,80,0,2,0,0,1,Big_480p_30fps_15s
126,1,p4x4,1,0.6157864219350295,2,4,0,0,44.70616914544182,-3:3,temporal,0,435,4,dia,15,1,1,none,1,high,0.184274686721981,48,16,8,9,80,0,2,0,1,1,Big_480p_30fps_15s
1320,1,p4x4,3,0.6157864219350295,1,12,0,0,40.02961767606761,2:-2,spatial,0,435,4,dia,15,1,1,none,1,high,0.6493532546000097,48,16,8,2,80,0,2,2,0,1,Big_480p_30fps_15s
1320,1,p4x4,3,0.6157864219350295,1,12,0,0,40.02961767606761,2:-2,spatial,0,435,4,dia,15,1,1,none,1,high,0.6493532546000097,48,16,8,2,80,0,2,0,0,1,Standard_720p_30fps_5s
1331,1,p4x4,3,0.6157864219350295,2,12,0,0,44.70616914544182,-3:3,spatial,0,435,4,dia,15,1,1,none,1,high,0.6493532546000097,48,16,8,9,80,0,2,0,0,1,Standard_720p_30fps_5s
1331,1,p4x4,3,0.6157864219350295,2,12,0,0,44.70616914544182,-3:3,spatial,1,435,4,dia,15,1,1,none,1,high,0.6493532546000097,48,16,8,9,80,0,2,0,0,1,Standard_720p_30fps_5s
1331,1,p4x4,2,0.6157864219350295,0,12,0,0,44.70616914544182,-6:6,spatial,0,435,4,dia,15,1,1,none,0,baseline,0.6493532546000097,48,16,96,2,99,1,5,0,0,0,Standard_720p_30fps_5s
1905,1,p4x4,3,0.671499867898717,2,12,0,0,44.70616914544182,-3:3,spatial,0,435,4,dia,19,1,1,none,1,high,0.6493532546000097,48,16,247,15,80,0,2,0,1,0,Standard_720p_30fps_5s
1320,1,p4x4,1,0.6157864219350295,2,4,0,0,44.70616914544182,-3:3,spatial,0,435,4,dia,15,1,1,none,1,high,0.6493532546000097,48,16,8,9,80,0,2,0,0,1,Standard_720p_30fps_5s
126,1,p4x4,1,0.6157864219350295,2,4,0,0,44.70616914544182,-3:3,temporal,0,435,4,dia,15,1,1,none,1,high,0.184274686721981,48,16,8,9,80,0,2,0,1,1,Standard_720p_30fps_5s
1320,1,p4x4,3,0.6157864219350295,1,12,0,0,40.02961767606761,2:-2,spatial,0,435,4,dia,15,1,1,none,1,high,0.6493532546000097,48,16,8,2,80,0,2,2,0,1,Standard_720p_30fps_5s
1320,1,p4x4,3,0.6157864219350295,1,12,0,0,40.02961767606761,5:5,spatial,0,435,4,dia,15,1,1,none,1,high,0.6493532546000097,48,16,8,2,80,0,2,0,0,1,Standard_720p_30fps_5s
1331,1,p4x4,3,0.6157864219350295,2,12,0,0,44.70616914544182,-6:6,spatial,0,435,4,dia,15,1,1,none,0,baseline,0.6493532546000097,48,16,96,2,99,3,5,0,1,0,Standard_720p_30fps_5s
1331,1,p4x4,3,0.6157864219350295,2,12,1,0,44.70616914544182,-3:3,spatial,0,435,4,dia,19,1,1,none,1,high,0.6493532546000097,48,16,247,15,80,2,2,0,1,0,Standard_720p_30fps_5s
1331,1,p4x4,3,0.6157864219350295,2,12,0,0,44.70616914544182,-6:6,spatial,0,435,1,hex,15,1,1,none,1,high,0.6493532546000097,48,16,8,9,80,0,2,0,0,1,Standard_720p_30fps_5s
1331,1,p4x4,2,0.6157864219350295,0,12,0,0,44.70616914544182,-3:3,spatial,1,435,2,dia,19,1,1,none,1,high,0.6493532546000097,48,16,247,15,80,0,2,0,1,2,Standard_720p_30fps_5s
1320,1,p4x4,0,0.6157864219350295,1,12,1,12,40.02961767606761,2:-2,spatial,0,435,4,hex,15,1,1,none,1,high,0.6493532546000097,48,16,8,15,80,0,2,2,1,1,Standard_720p_30fps_5s
1320,1,p4x4,2,0.1756666306068738,2,12,0,0,44.324044588238735,2:-2,spatial,0,435,4,dia,15,1,1,none,1,high,0.6493532546000097,48,16,96,2,99,1,5,0,0,0,Standard_720p_30fps_5s
1320,1,p4x4,3,1.8350621902850304,1,12,0,0,40.02961767606761,2:2,spatial,0,435,4,umh,15,1,1,none,1,high,0.6493532546000097,48,16,8,14,80,0,2,0,0,1,Standard_720p_30fps_5s
1331,1,p4x4,2,0.6157864219350295,0,12,0,-6,44.70616914544182,-6:6,spatial,0,435,4,dia,15,1,1,none,0,baseline,0.6493532546000097,48,9,196,2,99,0,5,0,0,1,Standard_720p_30fps_5s
1320,1,p4x4,3,0.6157864219350295,1,12,0,0,40.02961767606761,2:-2,spatial,0,435,2,tesa,15,1,1,none,1,high,0.9376695286920168,48,16,247,14,80,0,2,0,1,2,Standard_720p_30fps_5s
1331,1,p4x4,2,0.6157864219350295,0,12,0,0,3.209163816583762,-3:3,spatial,1,435,2,dia,19,1,1,none,1,high,0.6493532546000097,48,16,8,2,80,0,2,2,0,1,Standard_720p_30fps_5s
1320,1,p4x4,3,1.6453687374215715,1,12,0,0,40.02961767606761,2:-2,spatial,0,435,4,dia,10,1,1,none,1,high,0.6493532546000097,48,16,8,2,80,0,2,0,1,2,Standard_720p_30fps_5s
1320,1,p4x4,3,0.6157864219350295,1,12,0,0,40.02961767606761,2:-2,spatial,0,435,4,dia,15,1,1,none,1,high,0.6493532546000097,48,16,8,2,80,0,2,0,0,1,Still_image_1080p_60fps_15s
1331,1,p4x4,3,0.6157864219350295,2,12,0,0,44.70616914544182,-3:3,spatial,0,435,4,dia,15,1,1,none,1,high,0.6493532546000097,48,16,8,9,80,0,2,0,0,1,Still_image_1080p_60fps_15s
1331,1,p4x4,3,0.6157864219350295,2,12,0,0,44.70616914544182,-3:3,spatial,1,435,4,dia,15,1,1,none,1,high,0.6493532546000097,48,16,8,9,80,0,2,0,0,1,Still_image_1080p_60fps_15s
1331,1,p4x4,2,0.6157864219350295,0,12,0,0,44.70616914544182,-6:6,spatial,0,435,4,dia,15,1,1,none,0,baseline,0.6493532546000097,48,16,96,2,99,1,5,0,0,0,Still_image_1080p_60fps_15s
1905,1,p4x4,3,0.671499867898717,2,12,0,0,44.70616914544182,-3:3,spatial,0,435,4,dia,19,1,1,none,1,high,0.6493532546000097,48,16,247,15,80,0,2,0,1,0,Still_image_1080p_60fps_15s
1320,1,p4x4,1,0.6157864219350295,2,4,0,0,44.70616914544182,-3:3,spatial,0,435,4,dia,15,1,1,none,1,high,0.6493532546000097,48,16,8,9,80,0,2,0,0,1,Still_image_1080p_60fps_15s
126,1,p4x4,1,0.6157864219350295,2,4,0,0,44.70616914544182,-3:3,temporal,0,435,4,dia,15,1,1,none,1,high,0.184274686721981,48,16,8,9,80,0,2,0,1,1,Still_image_1080p_60fps_15s
1320,1,p4x4,3,0.6157864219350295,1,12,0,0,40.02961767606761,2:-2,spatial,0,435,4,dia,15,1,1,none,1,high,0.6493532546000097,48,16,8,2,80,0,2,2,0,1,Still_image_1080p_60fps_15s
1320,1,p4x4,3,0.6157864219350295,1,12,0,0,40.02961767606761,5:5,spatial,0,435,4,dia,15,1,1,none,1,high,0.6493532546000097,48,16,8,2,80,0,2,0,0,1,Still_image_1080p_60fps_15s
1331,1,p4x4,3,0.6157864219350295,2,12,0,0,44.70616914544182,-6:6,spatial,0,435,4,dia,15,1,1,none,0,baseline,0.6493532546000097,48,16,96,2,99,3,5,0,1,0,Still_image_1080p_60fps_15s
1331,1,p4x4,2,0.6157864219350295,1,12,0,-4,44.70616914544182,-3:3,auto,0,435,4,dia,15,0,1,none,1,high,0.184274686721981,48,16,8,9,80,0,2,0,1,1,Still_image_1080p_60fps_15s
1320,1,p4x4,3,0.6157864219350295,1,12,0,0,40.02961767606761,2:-2,spatial,0,435,4,dia,15,1,1,none,1,high,0.6493532546000097,48,16,8,2,99,3,5,0,1,0,Still_image_1080p_60fps_15s
1320,1,p4x4,3,0.1079265839304079,2,12,0,-9,31.59368862677668,4:4,spatial,0,435,4,dia,15,1,1,none,0,high,0.6493532546000097,48,16,96,2,99,1,5,0,0,0,Still_image_1080p_60fps_15s
1331,1,p4x4,0,0.6157864219350295,1,12,0,0,40.02961767606761,5:5,spatial,0,435,4,dia,15,0,1,none,1,high,0.6493532546000097,48,16,8,2,80,0,2,0,0,1,Still_image_1080p_60fps_15s
1320,1,p4x4,3,0.6157864219350295,1,12,0,10,40.02961767606761,2:-2,temporal,0,435,4,dia,15,1,1,none,1,high,0.6493532546000097,48,16,8,2,80,0,2,0,0,1,Still_image_1080p_60fps_15s
1331,1,p4x4,3,0.6157864219350295,2,4,0,0,44.70616914544182,-3:3,spatial,0,435,4,dia,15,1,1,none,1,high,0.6493532546000097,48,16,96,2,99,1,5,0,0,0,Still_image_1080p_60fps_15s
1331,0,p4x4,2,0.6157864219350295,0,12,0,0,44.70616914544182,-6:6,spatial,0,435,4,dia,15,1,1,none,0,baseline,0.6493532546000097,48,10,96,2,99,0,2,0,1,2,Still_image_1080p_60fps_15s
1331,1,p4x4,1,0.6157864219350295,2,12,0,0,40.02961767606761,2:-2,spatial,0,435,4,dia,15,1,1,none,1,high,0.6493532546000097,48,16,8,2,80,0,2,2,0,1,Still_image_1080p_60fps_15s
1320,1,p4x4,3,0.6157864219350295,1,12,0,0,44.70616914544182,-3:3,spatial,1,435,4,dia,15,1,1,none,1,high,0.6493532546000097,48,16,8,9,80,6,2,0,0,1,Still_image_1080p_60fps_15s
1320,1,all,3,0.6157864219350295,1,12,0,0,19.37653134840205,-3:3,spatial,1,435,4,dia,15,1,1,none,1,high,0.6493532546000097,48,16,8,2,99,0,2,0,1,2,Still_image_1080p_60fps_15s
1320,1,p4x4,3,0.6157864219350295,1,12,0,0,40.02961767606761,2:-2,spatial,0,435,4,dia,15,1,1,none,1,high,0.6493532546000097,48,16,8,2,80,0,2,0,0,1,Standard_480p_25fps_20s
1331,1,p4x4,3,0.6157864219350295,2,12,0,0,44.70616914544182,-3:3,spatial,0,435,4,dia,15,1,1,none,1,high,0.6493532546000097,48,16,8,9,80,0,2,0,0,1,Standard_480p_25fps_20s
1331,1,p4x4,3,0.6157864219350295,2,12,0,0,44.70616914544182,-3:3,spatial,1,435,4,dia,15,1,1,none,1,high,0.6493532546000097,48,16,8,9,80,0,2,0,0,1,Standard_480p_25fps_20s
1331,1,p4x4,2,0.6157864219350295,0,12,0,0,44.70616914544182,-6:6,spatial,0,435,4,dia,15,1,1,none,0,baseline,0.6493532546000097,48,16,96,2,99,1,5,0,0,0,Standard_480p_25fps_20s
1905,1,p4x4,3,0.671499867898717,2,12,0,0,44.70616914544182,-3:3,spatial,0,435,4,dia,19,1,1,none,1,high,0.6493532546000097,48,16,247,15,80,0,2,0,1,0,Standard_480p_25fps_20s
1320,1,p4x4,1,0.6157864219350295,2,4,0,0,44.70616914544182,-3:3,spatial,0,435,4,dia,15,1,1,none,1,high,0.6493532546000097,48,16,8,9,80,0,2,0,0,1,Standard_480p_25fps_20s
126,1,p4x4,1,0.6157864219350295,2,4,0,0,44.70616914544182,-3:3,temporal,0,435,4,dia,15,1,1,none,1,high,0.184274686721981,48,16,8,9,80,0,2,0,1,1,Standard_480p_25fps_20s
1320,1,p4x4,3,0.6157864219350295,1,12,0,0,40.02961767606761,2:-2,spatial,0,435,4,dia,15,1,1,none,1,high,0.6493532546000097,48,16,8,2,80,0,2,2,0,1,Standard_480p_25fps_20s
1320,1,p4x4,3,0.6157864219350295,1,12,0,0,40.02961767606761,5:5,spatial,0,435,4,dia,15,1,1,none,1,high,0.6493532546000097,48,16,8,2,80,0,2,0,0,1,Standard_480p_25fps_20s
1331,1,p4x4,3,0.6157864219350295,2,12,0,0,44.70616914544182,-6:6,spatial,0,435,4,dia,15,1,1,none,0,baseline,0.6493532546000097,48,16,96,2,99,3,5,0,1,0,Standard_480p_25fps_20s
1331,1,p4x4,1,1.8759452886983508,0,12,0,0,44.70616914544182,-6:6,spatial,0,133,4,dia,15,0,1,none,1,high,0.184274686721981,48,16,8,9,80,0,2,0,1,1,Standard_480p_25fps_20s
1320,1,p8x8,3,0.6157864219350295,2,4,0,0,44.70616914544182,-3:3,spatial,0,435,4,umh,15,1,1,none,1,high,0.6493532546000097,48,16,8,2,80,0,2,0,1,1,Standard_480p_25fps_20s
1331,1,p4x4,3,0.6157864219350295,2,12,1,0,44.70616914544182,-3:3,temporal,0,435,4,dia,15,1,1,none,1,high,0.184274686721981,48,16,8,9,80,0,19,0,1,1,Standard_480p_25fps_20s
1331,1,p4x4,2,0.6157864219350295,0,12,0,0,27.09589418461952,-6:6,spatial,0,435,4,dia,15,1,1,cbr,1,high,0.6493532546000097,48,16,247,15,80,0,2,0,1,0,Standard_480p_25fps_20s
1320,1,p4x4,3,0.6157864219350295,1,12,0,0,40.02961767606761,2:-2,spatial,0,435,4,dia,15,1,0,none,1,high,0.6493532546000097,48,16,8,9,80,0,2,0,0,1,Standard_480p_25fps_20s
1320,1,p4x4,3,0.6157864219350295,1,12,1,8,23.333519796148863,0:0,spatial,1,355,4,dia,28,1,1,none,1,high,0.8944885458168406,48,16,8,2,80,0,2,0,0,1,Standard_480p_25fps_20s
1331,1,p4x4,2,0.6157864219350295,1,12,0,0,48.79424836323551,-6:6,spatial,0,435,4,dia,15,1,1,none,0,baseline,0.6493532546000097,48,16,96,2,99,1,5,1,1,1,Standard_480p_25fps_20s
1320,1,p4x4,1,0.6157864219350295,0,12,0,0,25.980575723905687,-6:6,spatial,0,435,2,dia,15,1,1,none,0,baseline,0.6493532546000097,48,16,247,2,99,1,5,0,1,0,Standard_480p_25fps_20s
1331,1,p4x4,1,1.8759452886983508,0,12,0,0,44.70616914544182,-6:6,spatial,0,133,4,dia,15,0,1,none,1,high,0.184274686721981,31,16,8,9,80,0,2,0,1,1,Standard_480p_25fps_20s
1320,1,p4x4,1,0.6157864219350295,2,4,0,0,44.70616914544182,-3:3,spatial,0,435,4,dia,15,1,1,none,1,high,0.6493532546000097,22,16,8,9,80,0,2,0,0,1,Standard_480p_25fps_20s
1320,1,p4x4,3,0.6157864219350295,1,12,0,0,40.02961767606761,2:-2,spatial,0,435,4,dia,15,1,1,none,1,high,0.6493532546000097,48,16,8,2,80,0,2,0,0,1,Big_1080p_60fps_20s
1331,1,p4x4,3,0.6157864219350295,2,12,0,0,44.70616914544182,-3:3,spatial,0,435,4,dia,15,1,1,none,1,high,0.6493532546000097,48,16,8,9,80,0,2,0,0,1,Big_1080p_60fps_20s
1331,1,p4x4,3,0.6157864219350295,2,12,0,0,44.70616914544182,-3:3,spatial,1,435,4,dia,15,1,1,none,1,high,0.6493532546000097,48,16,8,9,80,0,2,0,0,1,Big_1080p_60fps_20s
1331,1,p4x4,2,0.6157864219350295,0,12,0,0,44.70616914544182,-6:6,spatial,0,435,4,dia,15,1,1,none,0,baseline,0.6493532546000097,48,16,96,2,99,1,5,0,0,0,Big_1080p_60fps_20s
1905,1,p4x4,3,0.671499867898717,2,12,0,0,44.70616914544182,-3:3,spatial,0,435,4,dia,19,1,1,none,1,high,0.6493532546000097,48,16,247,15,80,0,2,0,1,0,Big_1080p_60fps_20s
1320,1,p4x4,1,0.6157864219350295,2,4,0,0,44.70616914544182,-3:3,spatial,0,435,4,dia,15,1,1,none,1,high,0.6493532546000097,48,16,8,9,80,0,2,0,0,1,Big_1080p_60fps_20s
126,1,p4x4,1,0.6157864219350295,2,4,0,0,44.70616914544182,-3:3,temporal,0,435,4,dia,15,1,1,none,1,high,0.184274686721981,48,16,8,9,80,0,2,0,1,1,Big_1080p_60fps_20s
1320,1,p4x4,3,0.6157864219350295,1,12,0,0,40.02961767606761,2:-2,spatial,0,435,4,dia,15,1,1,none,1,high,0.6493532546000097,48,16,8,2,80,0,2,2,0,1,Big_1080p_60fps_20s
1320,1,p4x4,3,0.6157864219350295,1,12,0,0,40.02961767606761,5:5,spatial,0,435,4,dia,15,1,1,none,1,high,0.6493532546000097,48,16,8,2,80,0,2,0,0,1,Big_1080p_60fps_20s
1331,1,p4x4,3,0.6157864219350295,2,12,0,0,44.70616914544182,-6:6,spatial,0,435,4,dia,15,1,1,none,0,baseline,0.6493532546000097,48,16,96,2,99,3,5,0,1,0,Big_1080p_60fps_20s
1320,1,p4x4,2,0.6157864219350295,1,12,0,11,40.02961767606761,2:-2,spatial,0,435,4,dia,15,1,1,none,1,baseline,0.6493532546000097,48,0,8,2,80,0,2,0,0,0,Big_1080p_60fps_20s
1331,1,p4x4,2,1.7242186518228328,0,10,0,0,44.70616914544182,-6:6,spatial,0,435,4,dia,41,1,1,none,0,baseline,0.6493532546000097,48,7,96,2,87,1,5,1,0,1,Big_1080p_60fps_20s
1905,1,p4x4,3,0.6157864219350295,1,12,0,0,40.02961767606761,2:-2,spatial,0,435,4,dia,15,1,1,none,1,high,0.6493532546000097,48,16,8,2,80,10,2,0,0,1,Big_1080p_60fps_20s
1331,1,p4x4,3,0.6157864219350295,2,12,0,0,25.406235577055924,-3:3,spatial,0,435,4,dia,15,1,1,none,1,high,0.6493532546000097,48,16,8,9,80,9,51,0,1,2,Big_1080p_60fps_20s
126,1,p4x4,1,0.6157864219350295,2,4,0,0,44.70616914544182,-3:3,temporal,0,435,4,dia,15,1,1,none,1,high,0.184274686721981,48,16,8,9,80,1,62,0,0,1,Big_1080p_60fps_20s
1320,0,p4x4,1,0.6157864219350295,1,12,0,0,40.02961767606761,5:5,spatial,0,435,4,dia,15,1,1,none,1,high,0.6493532546000097,48,16,8,2,80,0,2,0,0,1,Big_1080p_60fps_20s
1331,1,p4x4,0,1.7242186518228328,0,10,0,0,44.70616914544182,-6:6,spatial,0,435,4,hex,41,1,1,none,1,baseline,0.6493532546000097,48,7,96,2,87,9,62,0,0,1,Big_1080p_60fps_20s
1331,1,all,3,0.6157864219350295,0,12,0,-9,7.822647859961445,-3:3,spatial,1,435,4,dia,15,1,1,none,1,high,0.6493532546000097,48,16,8,9,80,0,2,0,1,2,Big_1080p_60fps_20s
1331,1,p4x4,3,1.5219456513284046,0,12,0,0,25.406235577055924,-3:3,spatial,0,435,4,dia,15,1,1,none,1,high,0.7533330915173542,48,16,247,15,80,0,2,0,1,0,Big_1080p_60fps_20s
126,1,p4x4,1,0.6157864219350295,2,4,1,0,44.70616914544182,-3:3,spatial,0,435,4,dia,15,1,1,none,1,high,0.6493532546000097,48,16,8,9,80,0,2,0,0,1,Big_1080p_60fps_20s
1320,1,p4x4,3,0.6157864219350295,1,12,0,0,40.02961767606761,2:-2,spatial,0,435,4,dia,15,0,1,vbr,0,high,0.6493532546000097,48,16,8,9,17,0,2,0,0,1,Big_1080p_60fps_15s
1320,1,p4x4,3,0.6157864219350295,1,12,0,0,40.02961767606761,2:-2,spatial,1,435,0,dia,15,1,1,none,1,high,0.6493532546000097,48,16,8,16,80,0,2,0,0,1,Big_1080p_60fps_15s
1320,1,p4x4,3,0.6157864219350295,1,12,0,0,40.02961767606761,2:-2,spatial,0,435,4,dia,15,1,1,none,1,high,0.6493532546000097,48,16,8,2,80,0,2,0,0,1,Big_1080p_60fps_15s
1331,1,p4x4,3,0.6157864219350295,2,12,0,0,44.70616914544182,-3:3,spatial,0,435,4,dia,15,1,1,none,1,high,0.6493532546000097,48,16,8,9,80,0,2,0,0,1,Big_1080p_60fps_15s
1331,1,p4x4,3,0.6157864219350295,2,12,0,0,44.70616914544182,-3:3,spatial,1,435,4,dia,15,1,1,none,1,high,0.6493532546000097,48,16,8,9,80,0,2,0,0,1,Big_1080p_60fps_15s
1331,1,p4x4,2,0.6157864219350295,0,12,0,0,44.70616914544182,-6:6,spatial,0,435,4,dia,15,1,1,none,0,baseline,0.6493532546000097,48,16,96,2,99,1,5,0,0,0,Big_1080p_60fps_15s
1905,1,p4x4,3,0.671499867898717,2,12,0,0,44.70616914544182,-3:3,spatial,0,435,4,dia,19,1,1,none,1,high,0.6493532546000097,48,16,247,15,80,0,2,0,1,0,Big_1080p_60fps_15s
1320,1,p4x4,1,0.6157864219350295,2,4,0,0,44.70616914544182,-3:3,spatial,0,435,4,dia,15,1,1,none,1,high,0.6493532546000097,48,16,8,9,80,0,2,0,0,1,Big_1080p_60fps_15s
126,1,p4x4,1,0.6157864219350295,2,4,0,0,44.70616914544182,-3:3,temporal,0,435,4,dia,15,1,1,none,1,high,0.184274686721981,48,16,8,9,80,0,2,0,1,1,Big_1080p_60fps_15s
1320,1,p4x4,3,0.6157864219350295,1,12,0,0,40.02961767606761,2:-2,spatial,0,435,4,dia,15,1,1,none,1,high,0.6493532546000097,48,16,8,2,80,0,2,2,0,1,Big_1080p_60fps_15s
1320,1,p4x4,3,0.6157864219350295,1,12,0,0,40.02961767606761,5:5,spatial,0,435,4,dia,15,1,1,none,1,high,0.6493532546000097,48,16,8,2,80,0,2,0,0,1,Big_1080p_60fps_15s
1331,1,p4x4,3,0.6157864219350295,2,12,0,0,44.70616914544182,-6:6,spatial,0,435,4,dia,15,1,1,none,0,baseline,0.6493532546000097,48,16,96,2,99,3,5,0,1,0,Big_1080p_60fps_15s
1331,1,p4x4,2,0.6157864219350295,0,12,0,0,44.70616914544182,-6:6,spatial,0,435,4,dia,15,1,1,none,0,baseline,0.6493532546000097,48,16,96,2,99,3,21,0,1,0,Big_1080p_60fps_15s
1320,1,p4x4,1,0.6157864219350295,2,10,0,0,44.70616914544182,-3:3,spatial,0,435,4,dia,59,0,1,none,1,high,0.6493532546000097,48,16,8,9,80,0,2,0,1,1,Big_1080p_60fps_15s
1331,1,p4x4,0,0.6157864219350295,2,12,0,0,44.70616914544182,-3:3,spatial,0,435,4,dia,15,1,0,none,1,high,0.6493532546000097,48,16,21,9,80,0,2,0,0,1,Big_1080p_60fps_15s
1320,1,p4x4,3,0.6157864219350295,2,10,0,0,44.70616914544182,-3:3,spatial,0,435,4,dia,59,0,1,none,1,high,0.6568262158483255,48,16,8,9,80,0,2,0,1,2,Big_1080p_60fps_15s
1320,1,p4x4,1,0.6157864219350295,2,10,0,0,44.70616914544182,-3:3,spatial,1,435,4,dia,15,1,1,none,1,high,0.5330985093253601,48,16,8,9,80,0,2,0,0,1,Big_1080p_60fps_15s
1320,1,p4x4,3,0.6157864219350295,1,12,0,0,40.02961767606761,2:-2,spatial,0,435,0,dia,15,1,1,none,1,high,0.6493532546000097,48,16,8,2,80,0,2,0,0,1,Big_1080p_60fps_15s
1331,1,p4x4,0,0.6157864219350295,1,12,0,0,44.70616914544182,-3:3,spatial,0,435,4,dia,15,1,0,none,1,high,0.6493532546000097,48,16,21,2,80,0,2,0,0,1,Big_1080p_60fps_15s
1320,1,p4x4,3,0.903671399150069,1,7,0,-5,40.02961767606761,-1:1,spatial,0,435,4,dia,15,1,1,none,1,high,0.6493532546000097,48,9,8,9,80,0,2,0,0,0,Big_1080p_60fps_15s
1320,1,p4x4,3,0.6157864219350295,1,12,0,0,40.02961767606761,2:-2,spatial,0,435,4,dia,15,1,1,none,1,high,0.6493532546000097,48,16,8,2,80,0,2,0,0,1,Still_image_1080p_25fps_20s
1331,1,p4x4,3,0.6157864219350295,2,12,0,0,44.70616914544182,-3:3,spatial,0,435,4,dia,15,1,1,none,1,high,0.6493532546000097,48,16,8,9,80,0,2,0,0,1,Still_image_1080p_25fps_20s
1320,1,p4x4,1,0.6157864219350295,2,4,0,0,44.70616914544182,-3:3,spatial,0,435,4,dia,15,1,1,none,1,high,0.6493532546000097,48,16,8,9,80,0,2,0,0,1,Still_image_1080p_25fps_20s
1905,1,p4x4,3,0.671499867898717,2,12,0,0,44.70616914544182,-3:3,spatial,0,435,4,dia,19,1,1,none,1,high,0.6493532546000097,48,16,247,15,80,0,2,0,1,0,Still_image_1080p_25fps_20s
1331,1,p4x4,3,0.6157864219350295,2,12,0,0,44.70616914544182,-3:3,spatial,1,435,4,dia,15,1,1,none,1,high,0.6493532546000097,48,16,8,9,80,0,2,0,0,1,Still_image_1080p_25fps_20s
1331,1,p4x4,2,0.6157864219350295,0,12,0,0,44.70616914544182,-6:6,spatial,0,435,4,dia,15,1,1,none,0,baseline,0.6493532546000097,48,16,96,2,99,1,5,0,0,0,Still_image_1080p_25fps_20s
126,1,p4x4,1,0.6157864219350295,2,4,0,0,44.70616914544182,-3:3,temporal,0,435,4,dia,15,1,1,none,1,high,0.184274686721981,48,16,8,9,80,0,2,0,1,1,Still_image_1080p_25fps_20s
1320,1,p4x4,3,0.6157864219350295,1,12,0,0,40.02961767606761,2:-2,spatial,0,435,4,dia,15,1,1,none,1,high,0.6493532546000097,48,16,8,2,80,0,2,2,0,1,Still_image_1080p_25fps_20s
1320,1,p4x4,3,0.6157864219350295,1,12,0,0,40.02961767606761,5:5,spatial,0,435,4,dia,15,1,1,none,1,high,0.6493532546000097,48,16,8,2,80,0,2,0,0,1,Still_image_1080p_25fps_20s
1331,1,p4x4,3,0.6157864219350295,2,12,0,0,44.70616914544182,-6:6,spatial,0,435,4,dia,15,1,1,none,0,baseline,0.6493532546000097,48,16,96,2,99,3,5,0,1,0,Still_image_1080p_25fps_20s
1320,1,"p8x8,b8x8,i8x8,i4x4",3,0.6157864219350295,1,12,0,0,40.02961767606761,5:5,spatial,0,435,4,dia,15,1,1,none,1,high,0.6493532546000097,48,16,8,2,80,0,2,0,1,1,Still_image_1080p_25fps_20s
1320,1,p4x4,3,0.6157864219350295,1,12,0,0,44.70616914544182,-3:3,spatial,0,330,4,dia,15,1,1,none,1,high,0.6493532546000097,48,16,8,9,1,0,2,0,0,1,Still_image_1080p_25fps_20s
126,1,p4x4,1,0.6157864219350295,2,1,0,0,44.70616914544182,2:-2,spatial,0,435,4,hex,15,1,1,none,1,main,0.9869404130141588,48,16,8,9,80,8,2,0,0,1,Still_image_1080p_25fps_20s
1331,1,p4x4,3,0.6157864219350295,2,12,0,0,44.70616914544182,-6:6,spatial,0,435,4,dia,15,1,1,cbr,1,high,0.6493532546000097,48,16,8,2,80,0,2,2,1,1,Still_image_1080p_25fps_20s
1331,1,p4x4,3,0.6157864219350295,1,12,0,0,44.70616914544182,-3:3,spatial,1,435,4,dia,15,1,0,none,1,high,0.6493532546000097,48,16,8,9,80,0,2,0,0,1,Still_image_1080p_25fps_20s
2074,1,p4x4,1,0.6486918323278579,2,4,0,0,13.50888359355011,-3:3,spatial,0,435,4,dia,64,1,1,none,1,high,0.6493532546000097,48,16,8,9,80,0,2,0,0,1,Still_image_1080p_25fps_20s
1320,1,p4x4,3,0.6157864219350295,1,12,0,0,16.051348663892266,5:5,auto,0,435,4,dia,15,1,1,none,1,high,0.6493532546000097,48,16,8,8,80,0,2,0,0,1,Still_image_1080p_25fps_20s
1331,1,p4x4,3,0.6157864219350295,1,10,0,0,40.02961767606761,5:5,spatial,0,435,4,dia,15,1,1,none,1,high,0.6493532546000097,48,16,8,2,80,0,2,0,0,0,Still_image_1080p_25fps_20s
1320,1,p4x4,3,0.6157864219350295,0,12,0,0,40.02961767606761,2:-2,spatial,0,435,4,hex,31,1,1,vbr,1,main,0.9869404130141588,48,16,8,9,80,8,2,0,1,1,Still_image_1080p_25fps_20s
1320,1,p4x4,1,0.6157864219350295,1,12,0,0,44.70616914544182,5:5,spatial,0,435,3,dia,15,0,1,none,1,high,0.6493532546000097,48,16,8,2,80,0,2,1,1,1,Still_image_1080p_25fps_20s
1320,1,p4x4,3,0.6157864219350295,1,12,0,0,40.02961767606761,2:-2,spatial,0,435,4,dia,15,1,1,none,1,high,0.6493532546000097,48,16,8,2,80,0,2,0,0,1,Still_image_1080p_60fps_20s
1331,1,p4x4,3,0.6157864219350295,2,12,0,0,44.70616914544182,-3:3,spatial,0,435,4,dia,15,1,1,none,1,high,0.6493532546000097,48,16,8,9,80,0,2,0,0,1,Still_image_1080p_60fps_20s
1320,1,p4x4,1,0.6157864219350295,2,4,0,0,44.70616914544182,-3:3,spatial,0,435,4,dia,15,1,1,none,1,high,0.6493532546000097,48,16,8,9,80,0,2,0,0,1,Still_image_1080p_60fps_20s
1905,1,p4x4,3,0.671499867898717,2,12,0,0,44.70616914544182,-3:3,spatial,0,435,4,dia,19,1,1,none,1,high,0.6493532546000097,48,16,247,15,80,0,2,0,1,0,Still_image_1080p_60fps_20s
1331,1,p4x4,3,0.6157864219350295,2,12,0,0,44.70616914544182,-3:3,spatial,1,435,4,dia,15,1,1,none,1,high,0.6493532546000097,48,16,8,9,80,0,2,0,0,1,Still_image_1080p_60fps_20s
1331,1,p4x4,2,0.6157864219350295,0,12,0,0,44.70616914544182,-6:6,spatial,0,435,4,dia,15,1,1,none,0,baseline,0.6493532546000097,48,16,96,2,99,1,5,0,0,0,Still_image_1080p_60fps_20s
126,1,p4x4,1,0.6157864219350295,2,4,0,0,44.70616914544182,-3:3,temporal,0,435,4,dia,15,1,1,none,1,high,0.184274686721981,48,16,8,9,80,0,2,0,1,1,Still_image_1080p_60fps_20s
1320,1,p4x4,3,0.6157864219350295,1,12,0,0,40.02961767606761,2:-2,spatial,0,435,4,dia,15,1,1,none,1,high,0.6493532546000097,48,16,8,2,80,0,2,2,0,1,Still_image_1080p_60fps_20s
1320,1,p4x4,3,0.6157864219350295,1,12,0,0,40.02961767606761,5:5,spatial,0,435,4,dia,15,1,1,none,1,high,0.6493532546000097,48,16,8,2,80,0,2,0,0,1,Still_image_1080p_60fps_20s
1331,1,p4x4,3,0.6157864219350295,2,12,0,0,44.70616914544182,-6:6,spatial,0,435,4,dia,15,1,1,none,0,baseline,0.6493532546000097,48,16,96,2,99,3,5,0,1,0,Still_image_1080p_60fps_20s
1331,1,p4x4,3,0.6157864219350295,2,12,0,0,44.70616914544182,-3:3,spatial,0,435,4,dia,15,1,1,none,0,baseline,0.6493532546000097,48,16,96,2,99,3,5,0,1,0,Still_image_1080p_60fps_20s
1320,1,p4x4,3,0.6157864219350295,0,12,0,0,40.02961767606761,2:-2,temporal,0,435,4,dia,15,1,0,none,1,high,0.6493532546000097,48,16,8,2,80,0,2,0,0,1,Still_image_1080p_60fps_20s
1320,1,p4x4,3,0.6157864219350295,1,12,0,0,40.02961767606761,2:-2,spatial,0,435,0,dia,15,0,1,none,1,high,0.6493532546000097,48,16,8,2,80,0,2,0,1,1,Still_image_1080p_60fps_20s
1320,1,p4x4,3,0.6157864219350295,1,12,0,0,18.821466778041525,2:-2,spatial,0,435,3,dia,15,1,1,none,1,high,0.6493532546000097,48,8,8,9,80,0,2,2,1,1,Still_image_1080p_60fps_20s
126,1,p4x4,3,0.6157864219350295,2,12,0,0,44.70616914544182,-6:6,spatial,0,435,4,dia,15,1,1,none,0,baseline,0.6493532546000097,48,16,96,2,99,3,5,0,1,0,Still_image_1080p_60fps_20s
1320,1,p4x4,3,0.6157864219350295,1,12,0,0,37.5505870636302,2:-2,spatial,0,435,4,tesa,15,1,1,none,1,high,0.6493532546000097,48,16,247,15,79,0,2,0,1,0,Still_image_1080p_60fps_20s
1320,1,p4x4,3,0.6157864219350295,1,12,0,0,40.02961767606761,2:-2,spatial,0,435,4,dia,15,1,1,none,0,high,0.6493532546000097,48,16,8,2,80,0,24,2,1,1,Still_image_1080p_60fps_20s
1331,1,p4x4,3,0.6157864219350295,2,12,0,0,44.70616914544182,-3:3,spatial,0,435,4,umh,35,1,1,none,1,high,0.6493532546000097,48,16,8,2,80,3,2,0,0,1,Still_image_1080p_60fps_20s
1320,1,p4x4,2,0.6157864219350295,1,12,0,0,40.02961767606761,2:-2,spatial,0,435,4,dia,15,1,1,none,1,high,0.6493532546000097,48,16,8,2,80,0,37,2,1,1,Still_image_1080p_60fps_20s
1320,1,p4x4,3,0.6157864219350295,1,12,0,0,40.02961767606761,3:-3,spatial,0,435,4,dia,15,1,1,none,1,high,0.8762925187926734,48,16,8,9,80,0,4,1,0,1,Still_image_1080p_60fps_20s
1320,1,p4x4,3,0.6157864219350295,1,12,0,0,40.02961767606761,2:-2,spatial,0,435,4,dia,15,1,1,none,1,high,0.6493532546000097,48,16,8,2,80,0,2,0,0,1,Big_480p_60fps_10s
1331,1,p4x4,3,0.6157864219350295,2,12,0,0,44.70616914544182,-3:3,spatial,0,435,4,dia,15,1,1,none,1,high,0.6493532546000097,48,16,8,9,80,0,2,0,0,1,Big_480p_60fps_10s
1320,1,p4x4,1,0.6157864219350295,2,4,0,0,44.70616914544182,-3:3,spatial,0,435,4,dia,15,1,1,none,1,high,0.6493532546000097,48,16,8,9,80,0,2,0,0,1,Big_480p_60fps_10s
1905,1,p4x4,3,0.671499867898717,2,12,0,0,44.70616914544182,-3:3,spatial,0,435,4,dia,19,1,1,none,1,high,0.6493532546000097,48,16,247,15,80,0,2,0,1,0,Big_480p_60fps_10s
1331,1,p4x4,3,0.6157864219350295,2,12,0,0,44.70616914544182,-3:3,spatial,1,435,4,dia,15,1,1,none,1,high,0.6493532546000097,48,16,8,9,80,0,2,0,0,1,Big_480p_60fps_10s
1331,1,p4x4,2,0.6157864219350295,0,12,0,0,44.70616914544182,-6:6,spatial,0,435,4,dia,15,1,1,none,0,baseline,0.6493532546000097,48,16,96,2,99,1,5,0,0,0,Big_480p_60fps_10s
126,1,p4x4,1,0.6157864219350295,2,4,0,0,44.70616914544182,-3:3,temporal,0,435,4,dia,15,1,1,none,1,high,0.184274686721981,48,16,8,9,80,0,2,0,1,1,Big_480p_60fps_10s
1320,1,p4x4,3,0.6157864219350295,1,12,0,0,40.02961767606761,2:-2,spatial,0,435,4,dia,15,1,1,none,1,high,0.6493532546000097,48,16,8,2,80,0,2,2,0,1,Big_480p_60fps_10s
1320,1,p4x4,3,0.6157864219350295,1,12,0,0,40.02961767606761,5:5,spatial,0,435,4,dia,15,1,1,none,1,high,0.6493532546000097,48,16,8,2,80,0,2,0,0,1,Big_480p_60fps_10s
1331,1,p4x4,3,0.6157864219350295,2,12,0,0,44.70616914544182,-6:6,spatial,0,435,4,dia,15,1,1,none,0,baseline,0.6493532546000097,48,16,96,2,99,3,5,0,1,0,Big_480p_60fps_10s
1905,1,p4x4,3,0.671499867898717,2,12,0,0,40.02961767606761,5:5,spatial,0,435,4,dia,15,1,1,none,1,high,0.6493532546000097,43,16,8,2,80,0,2,0,0,1,Big_480p_60fps_10s
1320,1,p4x4,3,0.6157864219350295,1,12,0,0,44.70616914544182,-3:3,spatial,0,435,2,dia,19,1,1,none,1,high,0.6493532546000097,48,16,247,15,80,0,2,0,1,0,Big_480p_60fps_10s
2299,1,p4x4,3,0.6157864219350295,1,3,0,0,40.02961767606761,2:-2,spatial,0,435,4,dia,15,1,1,none,1,high,0.4129295044528527,48,16,8,2,80,0,2,0,0,1,Big_480p_60fps_10s
1320,1,p4x4,3,0.6157864219350295,2,12,0,0,40.02961767606761,5:5,spatial,0,435,4,dia,15,1,1,cbr,1,high,0.6493532546000097,48,19,8,2,80,0,2,0,0,1,Big_480p_60fps_10s
2299,1,p4x4,3,0.3315473836280835,1,3,0,-8,40.02961767606761,2:-2,spatial,0,435,4,dia,15,1,1,none,1,high,0.4129295044528527,48,16,8,2,80,0,2,0,0,1,Big_480p_60fps_10s
1905,1,p4x4,1,0.671499867898717,2,12,1,0,44.70616914544182,-3:3,spatial,0,435,4,hex,19,1,1,none,1,high,0.6493532546000097,48,16,96,2,51,3,5,0,0,2,Big_480p_60fps_10s
1331,1,p4x4,2,0.6157864219350295,0,12,0,0,44.70616914544182,-6:6,spatial,0,435,4,umh,15,1,1,none,1,high,0.184274686721981,48,16,8,9,80,0,2,0,1,1,Big_480p_60fps_10s
1331,1,p4x4,0,0.6157864219350295,0,12,0,0,44.70616914544182,-6:6,spatial,0,435,4,dia,15,1,0,none,1,high,0.6493532546000097,43,16,8,2,100,0,2,0,0,1,Big_480p_60fps_10s
126,1,p4x4,1,0.6157864219350295,0,4,0,5,44.70616914544182,-3:3,none,0,435,4,dia,15,1,1,none,1,high,0.6493532546000097,48,16,8,2,80,0,2,0,0,1,Big_480p_60fps_10s
61,1,p4x4,3,0.6157864219350295,1,12,0,-8,40.02961767606761,6:6,spatial,0,435,4,dia,15,1,1,none,1,high,0.2974340927239048,48,16,8,2,80,0,2,0,0,1,Big_480p_60fps_10s
1320,1,p4x4,3,0.6157864219350295,1,12,0,0,40.02961767606761,2:-2,spatial,0,435,4,dia,15,1,1,none,1,high,0.6493532546000097,48,16,8,2,80,0,2,0,0,1,Still_image_720p_25fps_15s
1331,1,p4x4,3,0.6157864219350295,2,12,0,0,44.70616914544182,-3:3,spatial,0,435,4,dia,15,1,1,none,1,high,0.6493532546000097,48,16,8,9,80,0,2,0,0,1,Still_image_720p_25fps_15s
1320,1,p4x4,1,0.6157864219350295,2,4,0,0,44.70616914544182,-3:3,spatial,0,435,4,dia,15,1,1,none,1,high,0.6493532546000097,48,16,8,9,80,0,2,0,0,1,Still_image_720p_25fps_15s
1905,1,p4x4,3,0.671499867898717,2,12,0,0,44.70616914544182,-3:3,spatial,0,435,4,dia,19,1,1,none,1,high,0.6493532546000097,48,16,247,15,80,0,2,0,1,0,Still_image_720p_25fps_15s
1331,1,p4x4,3,0.6157864219350295,2,12,0,0,44.70616914544182,-3:3,spatial,1,435,4,dia,15,1,1,none,1,high,0.6493532546000097,48,16,8,9,80,0,2,0,0,1,Still_image_720p_25fps_15s
1331,1,p4x4,2,0.6157864219350295,0,12,0,0,44.70616914544182,-6:6,spatial,0,435,4,dia,15,1,1,none,0,baseline,0.6493532546000097,48,16,96,2,99,1,5,0,0,0,Still_image_720p_25fps_15s
126,1,p4x4,1,0.6157864219350295,2,4,0,0,44.70616914544182,-3:3,temporal,0,435,4,dia,15,1,1,none,1,high,0.184274686721981,48,16,8,9,80,0,2,0,1,1,Still_image_720p_25fps_15s
1320,1,p4x4,3,0.6157864219350295,1,12,0,0,40.02961767606761,2:-2,spatial,0,435,4,dia,15,1,1,none,1,high,0.6493532546000097,48,16,8,2,80,0,2,2,0,1,Still_image_720p_25fps_15s
1320,1,p4x4,3,0.6157864219350295,1,12,0,0,40.02961767606761,5:5,spatial,0,435,4,dia,15,1,1,none,1,high,0.6493532546000097,48,16,8,2,80,0,2,0,0,1,Still_image_720p_25fps_15s
1331,1,p4x4,3,0.6157864219350295,2,12,0,0,44.70616914544182,-6:6,spatial,0,435,4,dia,15,1,1,none,0,baseline,0.6493532546000097,48,16,96,2,99,3,5,0,1,0,Still_image_720p_25fps_15s
1320,1,p4x4,1,0.6157864219350295,2,8,0,0,44.70616914544182,-3:3,spatial,0,435,4,dia,15,1,1,none,1,high,0.6493532546000097,48,16,247,15,80,0,2,0,1,0,Still_image_720p_25fps_15s
1320,1,p4x4,3,0.6157864219350295,1,12,0,0,40.02961767606761,2:-2,spatial,1,435,4,dia,15,1,1,none,1,high,0.6493532546000097,48,16,8,2,80,0,2,0,0,1,Still_image_720p_25fps_15s
1331,1,p4x4,2,0.671499867898717,2,12,0,0,14.348283976100896,-3:3,spatial,0,435,4,dia,19,1,1,none,1,high,0.6493532546000097,48,16,247,15,80,0,2,0,1,0,Still_image_720p_25fps_15s
126,1,p4x4,1,0.6157864219350295,2,4,0,0,44.70616914544182,-3:3,temporal,0,435,4,dia,15,1,1,none,1,high,0.184274686721981,48,16,8,12,80,0,2,0,1,1,Still_image_720p_25fps_15s
126,1,p4x4,1,0.3344214845460518,2,7,0,0,44.70616914544182,6:6,temporal,0,435,4,dia,55,1,1,none,1,high,0.184274686721981,48,16,8,9,80,0,2,0,1,1,Still_image_720p_25fps_15s
1331,1,p4x4,2,0.6157864219350295,0,12,0,7,44.70616914544182,-6:6,spatial,0,435,4,dia,34,1,1,none,0,baseline,0.6493532546000097,48,16,111,2,99,1,5,0,1,0,Still_image_720p_25fps_15s
1320,1,p4x4,1,0.6157864219350295,2,8,0,0,44.70616914544182,-3:3,spatial,0,435,4,dia,15,0,1,none,1,baseline,0.6493532546000097,48,16,96,15,65,1,5,0,1,0,Still_image_720p_25fps_15s
1320,1,none,3,0.6157864219350295,0,12,0,0,40.02961767606761,2:-2,spatial,0,435,4,dia,15,1,1,none,1,high,0.6493532546000097,48,16,8,9,80,8,39,0,0,1,Still_image_720p_25fps_15s
1320,1,p4x4,3,0.671499867898717,2,12,0,0,44.70616914544182,-3:3,spatial,1,435,4,dia,19,1,1,none,1,high,0.6493532546000097,48,16,247,15,80,0,1,0,1,0,Still_image_720p_25fps_15s
1905,1,p4x4,3,1.8904587036270388,0,12,0,0,16.57378628439784,-3:3,spatial,0,435,4,dia,19,1,1,none,1,high,0.6493532546000097,48,16,247,15,80,0,2,0,1,0,Still_image_720p_25fps_15s
1320,1,p4x4,3,0.6157864219350295,1,12,0,0,40.02961767606761,2:-2,temporal,0,435,3,dia,15,0,1,vbr,0,high,0.6493532546000097,48,0,96,2,99,1,5,0,0,0,Big_1080p_60fps_10s
1320,1,p4x4,3,1.226186676498901,1,12,0,0,40.02961767606761,2:-2,temporal,1,435,3,tesa,20,1,1,vbr,1,high,0.6732038566927606,29,16,8,2,99,1,23,0,0,0,Big_1080p_60fps_10s
1320,1,p4x4,3,0.6157864219350295,1,12,0,0,40.02961767606761,2:-2,spatial,0,435,4,dia,15,0,1,vbr,0,high,0.6493532546000097,48,16,8,9,17,0,2,0,0,1,Big_1080p_60fps_10s
1320,1,p4x4,3,0.6157864219350295,1,12,0,0,40.02961767606761,2:-2,spatial,1,435,0,dia,15,1,1,none,1,high,0.6493532546000097,48,16,8,16,80,0,2,0,0,1,Big_1080p_60fps_10s
1320,1,p4x4,3,0.6157864219350295,1,4,0,0,40.02961767606761,2:-2,spatial,1,435,0,dia,15,1,0,none,0,high,0.6493532546000097,49,16,8,9,68,0,2,0,1,1,Big_1080p_60fps_10s
1320,1,p4x4,3,0.6157864219350295,1,12,0,0,40.02961767606761,2:-2,temporal,1,435,3,tesa,15,0,1,vbr,0,high,0.6493532546000097,48,0,96,9,80,0,2,0,1,1,Big_1080p_60fps_10s
505,1,p4x4,3,0.6157864219350295,1,12,0,0,40.02961767606761,2:-2,spatial,1,435,0,dia,15,1,1,none,1,high,0.6493532546000097,48,16,48,16,80,0,2,0,0,1,Big_1080p_60fps_10s
1320,1,p4x4,3,0.6157864219350295,1,12,0,0,40.02961767606761,2:-2,spatial,1,435,0,dia,15,1,1,none,1,high,0.6493532546000097,48,16,8,9,80,0,2,0,0,1,Big_1080p_60fps_10s
1320,1,p4x4,3,0.6157864219350295,1,12,0,0,40.02961767606761,5:5,spatial,0,435,0,dia,15,1,1,none,0,baseline,0.6493532546000097,48,16,96,2,99,3,5,0,1,0,Big_1080p_60fps_10s
1320,1,p4x4,3,0.2989722959078462,1,12,0,0,40.02961767606761,2:-2,spatial,0,435,4,dia,15,0,1,vbr,0,baseline,0.6493532546000097,48,16,8,6,17,0,2,0,0,1,Big_1080p_60fps_10s
1320,1,p4x4,3,0.6157864219350295,1,12,0,0,40.02961767606761,2:-2,spatial,0,435,4,dia,15,1,1,none,1,high,0.6493532546000097,48,16,8,2,80,0,2,0,0,1,Big_1080p_60fps_10s
1331,1,p4x4,3,0.6157864219350295,2,12,0,0,44.70616914544182,-3:3,spatial,0,435,4,dia,15,1,1,none,1,high,0.6493532546000097,48,16,8,9,80,0,2,0,0,1,Big_1080p_60fps_10s
1320,1,p4x4,1,0.6157864219350295,2,4,0,0,44.70616914544182,-3:3,spatial,0,435,4,dia,15,1,1,none,1,high,0.6493532546000097,48,16,8,9,80,0,2,0,0,1,Big_1080p_60fps_10s
1905,1,p4x4,3,0.671499867898717,2,12,0,0,44.70616914544182,-3:3,spatial,0,435,4,dia,19,1,1,none,1,high,0.6493532546000097,48,16,247,15,80,0,2,0,1,0,Big_1080p_60fps_10s
1331,1,p4x4,3,0.6157864219350295,2,12,0,0,44.70616914544182,-3:3,spatial,1,435,4,dia,15,1,1,none,1,high,0.6493532546000097,48,16,8,9,80,0,2,0,0,1,Big_1080p_60fps_10s
1331,1,p4x4,2,0.6157864219350295,0,12,0,0,44.70616914544182,-6:6,spatial,0,435,4,dia,15,1,1,none,0,baseline,0.6493532546000097,48,16,96,2,99,1,5,0,0,0,Big_1080p_60fps_10s
126,1,p4x4,1,0.6157864219350295,2,4,0,0,44.70616914544182,-3:3,temporal,0,435,4,dia,15,1,1,none,1,high,0.184274686721981,48,16,8,9,80,0,2,0,1,1,Big_1080p_60fps_10s
1320,1,p4x4,3,0.6157864219350295,1,12,0,0,40.02961767606761,2:-2,spatial,0,435,4,dia,15,1,1,none,1,high,0.6493532546000097,48,16,8,2,80,0,2,2,0,1,Big_1080p_60fps_10s
1320,1,p4x4,3,0.6157864219350295,1,12,0,0,40.02961767606761,5:5,spatial,0,435,4,dia,15,1,1,none,1,high,0.6493532546000097,48,16,8,2,80,0,2,0,0,1,Big_1080p_60fps_10s
1331,1,p4x4,3,0.6157864219350295,2,12,0,0,44.70616914544182,-6:6,spatial,0,435,4,dia,15,1,1,none,0,baseline,0.6493532546000097,48,16,96,2,99,3,5,0,1,0,Big_1080p_60fps_10s
1320,1,p4x4,3,0.6157864219350295,1,12,0,0,40.02961767606761,2:-2,spatial,0,435,4,dia,15,1,1,none,1,high,0.6493532546000097,48,16,8,2,80,0,2,0,0,1,Big_480p_60fps_20s
1331,1,p4x4,3,0.6157864219350295,2,12,0,0,44.70616914544182,-3:3,spatial,0,435,4,dia,15,1,1,none,1,high,0.6493532546000097,48,16,8,9,80,0,2,0,0,1,Big_480p_60fps_20s
1320,1,p4x4,1,0.6157864219350295,2,4,0,0,44.70616914544182,-3:3,spatial,0,435,4,dia,15,1,1,none,1,high,0.6493532546000097,48,16,8,9,80,0,2,0,0,1,Big_480p_60fps_20s
1905,1,p4x4,3,0.671499867898717,2,12,0,0,44.70616914544182,-3:3,spatial,0,435,4,dia,19,1,1,none,1,high,0.6493532546000097,48,16,247,15,80,0,2,0,1,0,Big_480p_60fps_20s
1320,1,p4x4,3,0.6157864219350295,1,12,0,0,40.02961767606761,2:-2,spatial,0,435,4,dia,15,1,1,none,1,high,0.6493532546000097,48,16,8,2,80,0,2,2,0,1,Big_480p_60fps_20s
126,1,p4x4,1,0.6157864219350295,2,4,0,0,44.70616914544182,-3:3,temporal,0,435,4,dia,15,1,1,none,1,high,0.184274686721981,48,16,8,9,80,0,2,0,1,1,Big_480p_60fps_20s
1331,1,p4x4,2,0.6157864219350295,0,12,0,0,44.70616914544182,-6:6,spatial,0,435,4,dia,15,1,1,none,0,baseline,0.6493532546000097,48,16,96,2,99,1,5,0,0,0,Big_480p_60fps_20s
1331,1,p4x4,3,0.6157864219350295,2,12,0,0,44.70616914544182,-3:3,spatial,1,435,4,dia,15,1,1,none,1,high,0.6493532546000097,48,16,8,9,80,0,2,0,0,1,Big_480p_60fps_20s
1331,1,p4x4,3,0.6157864219350295,2,12,0,0,44.70616914544182,-6:6,spatial,0,435,4,dia,15,1,1,none,0,baseline,0.6493532546000097,48,16,96,2,99,3,5,0,1,0,Big_480p_60fps_20s
1320,1,p4x4,3,0.6157864219350295,1,12,0,0,40.02961767606761,5:5,spatial,0,435,4,dia,15,1,1,none,1,high,0.6493532546000097,48,16,8,2,80,0,2,0,0,1,Big_480p_60fps_20s
126,1,p4x4,1,0.6157864219350295,2,4,0,0,44.70616914544182,-3:3,temporal,0,435,4,dia,15,1,1,none,1,high,0.6493532546000097,48,8,8,2,80,0,2,0,0,1,Big_480p_60fps_20s
1320,0,p4x4,0,0.6157864219350295,1,11,0,0,40.02961767606761,5:5,spatial,0,435,4,dia,53,1,1,none,1,high,0.184274686721981,48,16,109,9,80,0,2,1,1,1,Big_480p_60fps_20s
1320,0,p4x4,1,0.6157864219350295,2,4,0,0,44.70616914544182,-3:3,spatial,0,335,4,dia,19,1,1,none,1,high,0.6493532546000097,48,16,61,6,80,0,2,0,1,0,Big_480p_60fps_20s
1331,1,p4x4,2,0.6157864219350295,0,12,0,0,44.70616914544182,-6:6,spatial,0,435,4,dia,15,1,0,none,1,baseline,0.6493532546000097,48,16,96,2,99,1,22,0,0,0,Big_480p_60fps_20s
1331,1,p4x4,3,1.44540116637286,2,13,1,0,44.70616914544182,-6:6,spatial,0,435,4,dia,15,1,1,none,1,high,0.6493532546000097,48,16,61,6,80,0,2,0,1,0,Big_480p_60fps_20s
1320,1,p4x4,1,0.6157864219350295,2,4,0,0,44.70616914544182,-3:3,spatial,0,435,4,dia,19,1,1,none,1,high,0.6493532546000097,48,16,61,6,80,0,2,0,1,0,Big_480p_60fps_20s
744,1,p4x4,3,0.6157864219350295,2,12,0,0,44.70616914544182,-6:6,spatial,0,435,4,dia,15,1,1,none,0,high,0.6493532546000097,48,16,96,2,99,3,5,0,1,0,Big_480p_60fps_20s
1320,0,p4x4,1,0.6157864219350295,2,4,0,0,44.70616914544182,-3:3,spatial,0,335,4,dia,19,1,1,none,1,high,0.6493532546000097,48,20,61,6,80,0,2,0,1,0,Big_480p_60fps_20s
1320,0,p4x4,0,0.6157864219350295,1,11,0,0,6.235057069937006,5:5,spatial,0,435,4,dia,53,1,1,cbr,1,high,0.184274686721981,48,16,8,9,80,0,44,0,1,1,Big_480p_60fps_20s
126,1,p4x4,1,0.6157864219350295,2,4,0,0,44.70616914544182,-3:3,temporal,0,435,4,dia,15,1,1,none,1,high,0.6493532546000097,48,16,8,2,80,0,47,2,0,1,Big_480p_60fps_20s
1320,0,"p8x8,b8x8,i8x8,i4x4",3,0.6157864219350295,1,12,0,0,40.02961767606761,2:-2,auto,1,435,3,dia,15,0,0,vbr,0,high,0.6493532546000097,48,16,8,2,80,0,2,0,0,1,Still_image_1080p_30fps_15s
1320,1,p4x4,3,0.6157864219350295,1,12,0,0,40.02961767606761,2:-2,spatial,1,435,0,dia,15,1,1,none,1,high,0.6493532546000097,48,16,8,16,80,0,2,0,0,1,Still_image_1080p_30fps_15s
1320,1,p4x4,3,0.6157864219350295,1,12,0,0,40.02961767606761,2:-2,spatial,0,435,4,dia,15,0,1,vbr,0,high,0.6493532546000097,48,16,8,9,17,0,2,0,0,1,Still_image_1080p_30fps_15s
1320,1,p4x4,3,0.6157864219350295,1,12,0,0,40.02961767606761,5:5,spatial,0,435,0,dia,15,1,1,none,0,baseline,0.6493532546000097,48,16,96,2,99,3,5,0,1,0,Still_image_1080p_30fps_15s
1320,1,p4x4,3,0.2989722959078462,1,12,0,0,40.02961767606761,2:-2,spatial,0,435,4,dia,15,0,1,vbr,0,baseline,0.6493532546000097,48,16,8,6,17,0,2,0,0,1,Still_image_1080p_30fps_15s
1320,1,p4x4,3,0.6157864219350295,1,4,0,0,40.02961767606761,2:-2,spatial,1,435,0,dia,15,1,0,none,0,high,0.6493532546000097,49,16,8,9,68,0,2,0,1,1,Still_image_1080p_30fps_15s
1320,1,p4x4,3,0.6157864219350295,1,12,0,0,40.02961767606761,2:-2,temporal,1,435,3,tesa,15,0,1,vbr,0,high,0.6493532546000097,48,0,96,9,80,0,2,0,1,1,Still_image_1080p_30fps_15s
1320,1,p4x4,3,0.6157864219350295,1,12,0,0,40.02961767606761,2:-2,spatial,1,435,0,dia,15,1,1,none,1,high,0.6493532546000097,48,16,8,9,80,0,2,0,0,1,Still_image_1080p_30fps_15s
505,1,p4x4,3,0.6157864219350295,1,12,0,0,40.02961767606761,2:-2,spatial,1,435,0,dia,15,1,1,none,1,high,0.6493532546000097,48,16,48,16,80,0,2,0,0,1,Still_image_1080p_30fps_15s
1320,1,p4x4,3,0.6157864219350295,1,12,0,0,40.02961767606761,2:-2,spatial,1,435,0,dia,15,0,1,none,1,high,0.6493532546000097,48,5,136,9,80,0,2,0,1,1,Still_image_1080p_30fps_15s
1320,1,p4x4,3,0.6157864219350295,1,12,0,1,40.02961767606761,2:-2,spatial,1,435,0,dia,15,1,1,none,1,high,0.6493532546000097,48,16,8,9,80,0,2,0,0,1,Still_image_1080p_30fps_15s
1320,1,p4x4,3,0.6157864219350295,1,12,0,0,40.02961767606761,2:-2,spatial,1,435,4,dia,15,0,1,vbr,0,high,0.6493532546000097,48,10,8,10,68,0,2,0,1,1,Still_image_1080p_30fps_15s
1320,1,p4x4,3,0.6157864219350295,1,12,0,0,40.02961767606761,2:-2,spatial,1,435,0,dia,15,1,1,none,1,high,0.6493532546000097,48,16,134,16,80,0,2,0,0,1,Still_image_1080p_30fps_15s
1320,1,p4x4,3,0.6157864219350295,1,4,0,0,40.02961767606761,2:-2,spatial,1,435,0,dia,15,0,1,none,1,baseline,0.6493532546000097,48,5,136,9,58,0,2,0,0,1,Still_image_1080p_30fps_15s
1320,1,p4x4,3,0.6157864219350295,0,4,0,0,20.885477252954807,2:-2,temporal,1,435,0,dia,15,1,0,none,0,high,0.6493532546000097,49,16,8,9,68,0,2,0,1,1,Still_image_1080p_30fps_15s
1320,1,p4x4,3,0.6157864219350295,1,12,0,0,40.02961767606761,3:-3,temporal,1,435,0,dia,15,1,1,none,1,high,0.6493532546000097,48,16,56,9,80,0,2,0,0,1,Still_image_1080p_30fps_15s
1320,1,p4x4,3,0.6157864219350295,1,16,0,0,40.02961767606761,2:-2,spatial,1,435,0,dia,15,1,0,none,0,high,0.6493532546000097,49,16,8,9,68,0,62,0,1,1,Still_image_1080p_30fps_15s
1320,1,p4x4,3,0.6157864219350295,1,12,0,-8,40.02961767606761,2:-2,spatial,0,435,4,dia,15,0,1,vbr,0,baseline,0.6493532546000097,48,16,179,6,17,0,2,0,1,1,Still_image_1080p_30fps_15s
1320,1,p4x4,3,0.2989722959078462,1,0,1,0,40.02961767606761,2:-2,spatial,1,323,0,dia,15,0,1,none,1,high,0.2506370249010458,48,5,88,9,80,0,32,0,1,1,Still_image_1080p_30fps_15s
1320,1,p4x4,2,0.6157864219350295,1,15,1,0,40.02961767606761,5:5,spatial,1,435,0,dia,40,1,1,none,0,baseline,0.6493532546000097,48,16,96,9,99,3,5,0,1,0,Still_image_1080p_30fps_15s
1320,1,p4x4,3,0.6157864219350295,1,12,0,0,40.02961767606761,2:-2,spatial,0,435,4,dia,15,1,1,none,1,high,0.6493532546000097,48,16,8,2,80,0,2,0,0,1,Standard_1080p_25fps_10s
1331,1,p4x4,3,0.6157864219350295,2,12,0,0,44.70616914544182,-3:3,spatial,0,435,4,dia,15,1,1,none,1,high,0.6493532546000097,48,16,8,9,80,0,2,0,0,1,Standard_1080p_25fps_10s
1320,1,p4x4,1,0.6157864219350295,2,4,0,0,44.70616914544182,-3:3,spatial,0,435,4,dia,15,1,1,none,1,high,0.6493532546000097,48,16,8,9,80,0,2,0,0,1,Standard_1080p_25fps_10s
1905,1,p4x4,3,0.671499867898717,2,12,0,0,44.70616914544182,-3:3,spatial,0,435,4,dia,19,1,1,none,1,high,0.6493532546000097,48,16,247,15,80,0,2,0,1,0,Standard_1080p_25fps_10s
1331,1,p4x4,2,0.6157864219350295,0,12,0,0,44.70616914544182,-6:6,spatial,0,435,4,dia,15,1,1,none,0,baseline,0.6493532546000097,48,16,96,2,99,1,5,0,0,0,Standard_1080p_25fps_10s
1331,1,p4x4,3,0.6157864219350295,2,12,0,0,44.70616914544182,-3:3,spatial,1,435,4,dia,15,1,1,none,1,high,0.6493532546000097,48,16,8,9,80,0,2,0,0,1,Standard_1080p_25fps_10s
1320,1,p4x4,3,0.6157864219350295,1,12,0,0,40.02961767606761,2:-2,spatial,0,435,4,dia,15,1,1,none,1,high,0.6493532546000097,48,16,8,2,80,0,2,2,0,1,Standard_1080p_25fps_10s
126,1,p4x4,1,0.6157864219350295,2,4,0,0,44.70616914544182,-3:3,temporal,0,435,4,dia,15,1,1,none,1,high,0.184274686721981,48,16,8,9,80,0,2,0,1,1,Standard_1080p_25fps_10s
1331,1,p4x4,3,0.6157864219350295,2,12,0,0,44.70616914544182,-6:6,spatial,0,435,4,dia,15,1,1,none,0,baseline,0.6493532546000097,48,16,96,2,99,3,5,0,1,0,Standard_1080p_25fps_10s
1320,1,p4x4,3,0.6157864219350295,1,12,0,0,40.02961767606761,5:5,spatial,0,435,4,dia,15,1,1,none,1,high,0.6493532546000097,48,16,8,2,80,0,2,0,0,1,Standard_1080p_25fps_10s
84,1,p4x4,2,0.6157864219350295,2,4,0,0,44.70616914544182,3:-3,temporal,0,435,4,dia,15,1,1,none,1,high,0.6493532546000097,48,16,8,9,80,0,2,0,0,1,Standard_1080p_25fps_10s
1320,1,p4x4,3,0.6157864219350295,2,10,0,0,36.9019386974447,-3:3,spatial,0,435,4,dia,15,0,1,none,1,high,0.6493532546000097,48,5,8,9,80,0,2,0,0,1,Standard_1080p_25fps_10s
1331,1,p4x4,3,0.6157864219350295,2,12,0,0,8.18468222928954,-6:6,spatial,0,435,4,dia,15,1,1,none,1,high,0.7675825234417498,48,16,75,2,80,0,2,0,0,1,Standard_1080p_25fps_10s
1320,0,p4x4,3,0.6157864219350295,0,12,0,-8,44.70616914544182,-3:3,temporal,0,435,4,dia,15,1,1,none,1,high,0.184274686721981,48,16,8,10,46,0,2,0,1,1,Standard_1080p_25fps_10s
126,1,p4x4,1,0.6157864219350295,2,4,0,0,40.02961767606761,2:2,spatial,1,435,3,dia,15,1,1,none,1,high,0.1599326782179331,48,16,8,16,80,0,2,0,0,1,Standard_1080p_25fps_10s
1331,1,p4x4,2,0.6157864219350295,0,12,0,0,44.70616914544182,-3:3,spatial,0,435,4,dia,15,1,1,none,1,high,0.6493532546000097,48,16,8,9,39,0,2,0,1,1,Standard_1080p_25fps_10s
1320,1,p4x4,3,0.6157864219350295,1,9,0,0,40.02961767606761,2:-2,spatial,0,435,4,umh,15,1,1,none,1,high,0.6493532546000097,27,16,8,8,80,0,2,0,0,1,Standard_1080p_25fps_10s
1331,1,p4x4,3,0.6157864219350295,2,12,0,0,44.70616914544182,-3:3,spatial,0,435,4,dia,15,1,1,none,1,high,0.1599326782179331,48,16,8,16,80,0,2,0,1,1,Standard_1080p_25fps_10s
238,1,p4x4,3,0.6157864219350295,2,12,0,0,40.02961767606761,5:5,spatial,0,435,0,dia,15,1,1,none,0,high,0.6493532546000097,48,16,8,2,80,0,2,0,0,1,Standard_1080p_25fps_10s
1320,1,p4x4,3,0.6157864219350295,1,12,0,0,40.02961767606761,5:5,spatial,0,435,4,dia,15,1,1,none,1,high,0.6493532546000097,48,7,8,2,80,0,49,0,0,1,Standard_1080p_25fps_10s
1320,0,p4x4,2,0.6157864219350295,0,12,0,-11,40.02961767606761,-3:3,spatial,1,435,4,dia,15,1,1,none,1,high,0.6493532546000097,48,16,8,2,80,0,2,2,0,1,Action_480p_25fps_15s
1320,1,p4x4,2,0.6157864219350295,2,12,0,-11,12.813249377019616,-3:3,temporal,1,307,4,dia,15,1,1,none,1,high,0.6493532546000097,48,16,8,2,80,0,2,2,0,1,Action_480p_25fps_15s
1320,1,p4x4,3,0.6157864219350295,2,12,0,0,33.542837146684725,-6:6,spatial,0,435,4,dia,15,1,0,none,0,baseline,0.6493532546000097,48,16,248,2,99,10,5,0,0,0,Action_480p_25fps_15s
1320,1,p4x4,3,0.6157864219350295,1,12,0,0,40.02961767606761,2:-2,spatial,0,435,4,dia,15,1,1,none,1,high,0.6493532546000097,48,16,8,2,80,0,2,0,0,1,Action_480p_25fps_15s
1331,1,p4x4,3,0.6157864219350295,2,12,0,0,44.70616914544182,-3:3,spatial,0,435,4,dia,15,1,1,none,1,high,0.6493532546000097,48,16,8,9,80,0,2,0,0,1,Action_480p_25fps_15s
1320,1,p4x4,1,0.6157864219350295,2,4,0,0,44.70616914544182,-3:3,spatial,0,435,4,dia,15,1,1,none,1,high,0.6493532546000097,48,16,8,9,80,0,2,0,0,1,Action_480p_25fps_15s
1905,1,p4x4,3,0.671499867898717,2,12,0,0,44.70616914544182,-3:3,spatial,0,435,4,dia,19,1,1,none,1,high,0.6493532546000097,48,16,247,15,80,0,2,0,1,0,Action_480p_25fps_15s
1331,1,p4x4,2,0.6157864219350295,0,12,0,0,44.70616914544182,-6:6,spatial,0,435,4,dia,15,1,1,none,0,baseline,0.6493532546000097,48,16,96,2,99,1,5,0,0,0,Action_480p_25fps_15s
1331,1,p4x4,3,0.6157864219350295,2,12,0,0,44.70616914544182,-3:3,spatial,1,435,4,dia,15,1,1,none,1,high,0.6493532546000097,48,16,8,9,80,0,2,0,0,1,Action_480p_25fps_15s
1320,1,p4x4,3,0.6157864219350295,1,12,0,0,40.02961767606761,2:-2,spatial,0,435,4,dia,15,1,1,none,1,high,0.6493532546000097,48,16,8,2,80,0,2,2,0,1,Action_480p_25fps_15s
126,1,p4x4,1,0.6157864219350295,2,4,0,0,44.70616914544182,-3:3,temporal,0,435,4,dia,15,1,1,none,1,high,0.184274686721981,48,16,8,9,80,0,2,0,1,1,Action_480p_25fps_15s
1331,1,p4x4,3,0.6157864219350295,2,12,0,0,44.70616914544182,-6:6,spatial,0,435,4,dia,15,1,1,none,0,baseline,0.6493532546000097,48,16,96,2,99,3,5,0,1,0,Action_480p_25fps_15s
1320,1,p4x4,3,0.6157864219350295,1,12,0,0,40.02961767606761,5:5,spatial,0,435,4,dia,15,1,1,none,1,high,0.6493532546000097,48,16,8,2,80,0,2,0,0,1,Action_480p_25fps_15s
1320,1,p4x4,3,0.6157864219350295,0,12,0,0,40.02961767606761,5:5,spatial,0,435,4,dia,15,1,1,none,1,high,0.6493532546000097,48,16,8,2,80,0,2,0,0,1,Action_480p_25fps_15s
1320,1,p4x4,3,0.6157864219350295,1,0,0,7,40.02961767606761,5:5,spatial,0,435,4,dia,47,1,1,none,1,high,0.6493532546000097,48,16,8,10,80,0,16,0,0,0,Action_480p_25fps_15s
1320,1,p4x4,3,0.6157864219350295,0,12,0,0,27.21788284977726,-3:3,spatial,0,435,4,dia,15,1,1,none,1,high,0.6342690993337762,28,16,8,9,80,0,2,0,0,1,Action_480p_25fps_15s
1320,1,p4x4,3,0.6157864219350295,1,12,0,-11,40.02961767606761,-3:3,spatial,1,435,4,dia,15,1,1,none,1,high,0.6493532546000097,48,16,8,9,80,0,2,0,0,1,Action_480p_25fps_15s
1331,1,p4x4,3,0.6157864219350295,2,3,0,0,44.70616914544182,-6:6,spatial,0,435,4,hex,15,1,1,none,0,baseline,0.6493532546000097,48,16,96,12,80,0,2,0,1,1,Action_480p_25fps_15s
1331,1,p4x4,3,0.6157864219350295,2,12,0,0,44.70616914544182,-3:3,spatial,1,435,4,dia,15,0,1,none,1,high,0.6493532546000097,28,0,96,9,80,0,2,0,1,1,Action_480p_25fps_15s
1320,1,p4x4,3,0.6157864219350295,1,12,0,0,40.02961767606761,-4:4,spatial,0,435,4,dia,44,1,0,none,1,high,0.6493532546000097,48,16,8,9,80,0,2,0,0,2,Action_480p_25fps_15s
1331,1,p4x4,3,0.6157864219350295,1,8,1,0,44.70616914544182,-6:6,auto,0,435,4,dia,15,0,1,none,1,baseline,0.184274686721981,30,16,96,2,51,1,5,0,0,1,Big_720p_25fps_20s
1331,1,p4x4,3,0.6157864219350295,2,12,0,0,44.70616914544182,-3:3,spatial,0,435,4,dia,15,1,1,none,1,high,0.6493532546000097,48,16,8,9,80,0,2,0,0,1,Big_720p_25fps_20s
1320,1,p4x4,3,0.6157864219350295,1,12,0,0,40.02961767606761,2:-2,spatial,0,435,4,dia,15,1,1,none,1,high,0.6493532546000097,48,16,8,2,80,0,2,0,0,1,Big_720p_25fps_20s
1331,1,p4x4,3,0.6157864219350295,2,12,0,0,44.70616914544182,-3:3,spatial,1,435,4,dia,15,1,1,none,1,high,0.6493532546000097,48,16,8,9,80,0,2,0,0,1,Big_720p_25fps_20s
1905,1,p4x4,3,0.671499867898717,2,12,0,0,44.70616914544182,-3:3,spatial,0,435,4,dia,19,1,1,none,1,high,0.6493532546000097,48,16,247,15,80,0,2,0,1,0,Big_720p_25fps_20s
1331,1,p4x4,2,0.6157864219350295,0,12,0,0,44.70616914544182,-6:6,spatial,0,435,4,dia,15,1,1,none,0,baseline,0.6493532546000097,48,16,96,2,99,1,5,0,0,0,Big_720p_25fps_20s
1320,1,p4x4,3,0.6157864219350295,1,12,0,0,40.02961767606761,2:-2,spatial,0,435,4,dia,15,1,1,none,1,high,0.6493532546000097,48,16,8,2,80,0,2,2,0,1,Big_720p_25fps_20s
1320,1,p4x4,1,0.6157864219350295,2,4,0,0,44.70616914544182,-3:3,spatial,0,435,4,dia,15,1,1,none,1,high,0.6493532546000097,48,16,8,9,80,0,2,0,0,1,Big_720p_25fps_20s
126,1,p4x4,1,0.6157864219350295,2,4,0,0,44.70616914544182,-3:3,temporal,0,435,4,dia,15,1,1,none,1,high,0.184274686721981,48,16,8,9,80,0,2,0,1,1,Big_720p_25fps_20s
1320,1,p4x4,3,0.6157864219350295,1,12,0,0,40.02961767606761,5:5,spatial,0,435,4,dia,15,1,1,none,1,high,0.6493532546000097,48,16,8,2,80,0,2,0,0,1,Big_720p_25fps_20s
1331,1,p4x4,3,0.6157864219350295,2,12,0,0,44.70616914544182,-6:6,spatial,0,435,4,dia,15,1,1,none,0,baseline,0.6493532546000097,48,16,96,2,99,3,5,0,1,0,Big_720p_25fps_20s
1320,1,p4x4,3,0.6157864219350295,2,12,0,0,16.180848516379182,-6:6,spatial,0,435,3,dia,15,1,1,none,1,baseline,0.6493532546000097,48,16,96,12,99,3,5,0,1,0,Big_720p_25fps_20s
1320,1,p4x4,3,0.6157864219350295,1,2,0,0,40.02961767606761,2:-2,spatial,0,473,4,dia,24,1,1,none,1,high,0.6493532546000097,48,16,96,2,99,3,5,0,0,2,Big_720p_25fps_20s
1320,0,p4x4,3,0.6157864219350295,1,12,0,0,40.02961767606761,2:-2,spatial,0,435,4,dia,15,1,1,none,1,high,0.6493532546000097,48,16,96,2,99,2,5,0,0,0,Big_720p_25fps_20s
1331,1,p4x4,3,0.6157864219350295,2,12,0,0,44.70616914544182,-3:3,spatial,1,470,4,dia,15,1,1,none,1,high,0.6493532546000097,48,16,46,8,75,0,2,0,0,1,Big_720p_25fps_20s
1331,1,p4x4,3,0.6157864219350295,1,8,0,0,44.70616914544182,-6:6,auto,0,435,4,dia,15,1,1,none,1,high,0.184274686721981,48,16,8,9,80,1,2,0,1,1,Big_720p_25fps_20s
1320,1,p4x4,3,0.6157864219350295,1,12,0,0,40.02961767606761,2:-2,spatial,0,441,4,dia,15,1,1,none,1,high,0.6493532546000097,48,12,8,2,80,0,2,2,0,1,Big_720p_25fps_20s
1320,1,p4x4,3,0.6157864219350295,1,12,0,0,40.02961767606761,2:-2,auto,0,332,4,hex,15,1,1,none,1,high,0.6493532546000097,49,16,8,2,80,0,2,1,1,0,Big_720p_25fps_20s
126,1,p4x4,1,0.6157864219350295,1,4,0,6,44.70616914544182,3:-3,temporal,0,435,4,dia,15,0,1,none,1,high,0.184274686721981,48,16,8,9,80,1,2,0,1,1,Big_720p_25fps_20s
1320,1,p4x4,3,0.6157864219350295,1,12,0,0,40.02961767606761,5:5,spatial,0,435,4,dia,15,1,1,none,1,high,0.1228152314499186,48,16,8,2,80,0,2,1,0,0,Big_720p_25fps_20s
1320,1,p4x4,3,0.6157864219350295,1,12,0,0,40.02961767606761,2:-2,spatial,0,435,4,dia,15,1,1,none,1,high,0.6493532546000097,48,16,8,2,80,0,2,0,0,1,Still_image_480p_25fps_10s
1331,1,p4x4,3,0.6157864219350295,2,12,0,0,44.70616914544182,-3:3,spatial,0,435,4,dia,15,1,1,none,1,high,0.6493532546000097,48,16,8,9,80,0,2,0,0,1,Still_image_480p_25fps_10s
1905,1,p4x4,3,0.671499867898717,2,12,0,0,44.70616914544182,-3:3,spatial,0,435,4,dia,19,1,1,none,1,high,0.6493532546000097,48,16,247,15,80,0,2,0,1,0,Still_image_480p_25fps_10s
1331,1,p4x4,3,0.6157864219350295,2,12,0,0,44.70616914544182,-3:3,spatial,1,435,4,dia,15,1,1,none,1,high,0.6493532546000097,48,16,8,9,80,0,2,0,0,1,Still_image_480p_25fps_10s
1320,1,p4x4,3,0.6157864219350295,1,12,0,0,40.02961767606761,2:-2,spatial,0,435,4,dia,15,1,1,none,1,high,0.6493532546000097,48,16,8,2,80,0,2,2,0,1,Still_image_480p_25fps_10s
1331,1,p4x4,2,0.6157864219350295,0,12,0,0,44.70616914544182,-6:6,spatial,0,435,4,dia,15,1,1,none,0,baseline,0.6493532546000097,48,16,96,2,99,1,5,0,0,0,Still_image_480p_25fps_10s
1320,1,p4x4,1,0.6157864219350295,2,4,0,0,44.70616914544182,-3:3,spatial,0,435,4,dia,15,1,1,none,1,high,0.6493532546000097,48,16,8,9,80,0,2,0,0,1,Still_image_480p_25fps_10s
126,1,p4x4,1,0.6157864219350295,2,4,0,0,44.70616914544182,-3:3,temporal,0,435,4,dia,15,1,1,none,1,high,0.184274686721981,48,16,8,9,80,0,2,0,1,1,Still_image_480p_25fps_10s
1320,1,p4x4,3,0.6157864219350295,1,12,0,0,40.02961767606761,5:5,spatial,0,435,4,dia,15,1,1,none,1,high,0.6493532546000097,48,16,8,2,80,0,2,0,0,1,Still_image_480p_25fps_10s
1331,1,p4x4,3,0.6157864219350295,2,12,0,0,44.70616914544182,-6:6,spatial,0,435,4,dia,15,1,1,none,0,baseline,0.6493532546000097,48,16,96,2,99,3,5,0,1,0,Still_image_480p_25fps_10s
1320,1,p4x4,3,0.6157864219350295,1,12,0,0,40.02961767606761,2:-2,spatial,1,435,4,tesa,15,1,1,none,1,high,0.6493532546000097,48,16,8,9,80,0,28,0,0,1,Still_image_480p_25fps_10s
1331,0,p4x4,3,0.6157864219350295,0,12,0,0,44.75852473025129,-3:3,spatial,1,435,4,dia,15,1,1,none,1,high,0.6493532546000097,48,16,8,9,80,0,2,0,1,1,Still_image_480p_25fps_10s
1331,1,p4x4,2,0.6157864219350295,0,12,0,0,44.70616914544182,-6:6,spatial,0,435,4,dia,15,1,1,none,0,baseline,0.6493532546000097,48,10,96,1,99,3,5,0,1,0,Still_image_480p_25fps_10s
1320,1,p4x4,3,0.6157864219350295,1,12,0,0,40.02961767606761,2:-2,spatial,0,435,4,dia,15,1,1,none,1,high,0.6493532546000097,48,16,8,9,80,0,2,0,1,1,Still_image_480p_25fps_10s
1331,1,p4x4,2,0.6157864219350295,0,12,0,-8,44.70616914544182,-6:6,spatial,0,435,4,dia,6,1,1,none,0,baseline,0.6493532546000097,48,16,96,2,99,1,5,0,0,0,Still_image_480p_25fps_10s
1320,1,p4x4,3,0.6157864219350295,1,12,1,0,40.02961767606761,-2:2,spatial,0,435,4,dia,15,1,1,none,1,high,0.184274686721981,48,16,8,9,28,0,2,0,1,1,Still_image_480p_25fps_10s
1320,1,p4x4,3,0.6157864219350295,1,12,0,0,40.02961767606761,2:-2,spatial,0,435,4,dia,15,1,1,none,1,high,0.6493532546000097,48,16,8,9,80,0,2,0,0,1,Still_image_480p_25fps_10s
470,1,p4x4,3,0.6157864219350295,2,12,0,0,44.70616914544182,-3:3,spatial,0,435,4,dia,15,1,1,none,1,high,0.6493532546000097,48,16,8,6,80,0,2,0,1,0,Still_image_480p_25fps_10s
1331,0,p4x4,3,0.6157864219350295,1,12,0,0,40.02961767606761,5:5,spatial,0,435,4,dia,15,1,1,none,1,high,0.6493532546000097,50,16,8,2,74,0,2,0,0,0,Still_image_480p_25fps_10s
1320,1,p4x4,3,0.6157864219350295,1,12,0,0,40.02961767606761,2:-2,spatial,0,489,4,dia,15,1,1,none,1,high,0.6493532546000097,48,16,8,2,80,0,2,2,0,1,Still_image_480p_25fps_10s
1320,1,p4x4,3,0.6157864219350295,1,12,0,0,40.02961767606761,2:-2,spatial,0,435,4,dia,15,1,1,none,1,high,0.6493532546000097,48,16,8,2,80,0,2,0,0,1,Action_1080p_25fps_5s
1331,1,p4x4,3,0.6157864219350295,2,12,0,0,44.70616914544182,-3:3,spatial,0,435,4,dia,15,1,1,none,1,high,0.6493532546000097,48,16,8,9,80,0,2,0,0,1,Action_1080p_25fps_5s
1905,1,p4x4,3,0.671499867898717,2,12,0,0,44.70616914544182,-3:3,spatial,0,435,4,dia,19,1,1,none,1,high,0.6493532546000097,48,16,247,15,80,0,2,0,1,0,Action_1080p_25fps_5s
1331,1,p4x4,3,0.6157864219350295,2,12,0,0,44.70616914544182,-3:3,spatial,1,435,4,dia,15,1,1,none,1,high,0.6493532546000097,48,16,8,9,80,0,2,0,0,1,Action_1080p_25fps_5s
1320,1,p4x4,3,0.6157864219350295,1,12,0,0,40.02961767606761,2:-2,spatial,0,435,4,dia,15,1,1,none,1,high,0.6493532546000097,48,16,8,2,80,0,2,2,0,1,Action_1080p_25fps_5s
1331,1,p4x4,2,0.6157864219350295,0,12,0,0,44.70616914544182,-6:6,spatial,0,435,4,dia,15,1,1,none,0,baseline,0.6493532546000097,48,16,96,2,99,1,5,0,0,0,Action_1080p_25fps_5s
1320,1,p4x4,1,0.6157864219350295,2,4,0,0,44.70616914544182,-3:3,spatial,0,435,4,dia,15,1,1,none,1,high,0.6493532546000097,48,16,8,9,80,0,2,0,0,1,Action_1080p_25fps_5s
126,1,p4x4,1,0.6157864219350295,2,4,0,0,44.70616914544182,-3:3,temporal,0,435,4,dia,15,1,1,none,1,high,0.184274686721981,48,16,8,9,80,0,2,0,1,1,Action_1080p_25fps_5s
1320,1,p4x4,3,0.6157864219350295,1,12,0,0,40.02961767606761,5:5,spatial,0,435,4,dia,15,1,1,none,1,high,0.6493532546000097,48,16,8,2,80,0,2,0,0,1,Action_1080p_25fps_5s
1331,1,p4x4,3,0.6157864219350295,2,12,0,0,44.70616914544182,-6:6,spatial,0,435,4,dia,15,1,1,none,0,baseline,0.6493532546000097,48,16,96,2,99,3,5,0,1,0,Action_1080p_25fps_5s
1320,1,p4x4,3,0.6157864219350295,1,12,1,12,40.02961767606761,5:5,spatial,0,435,4,dia,31,1,1,none,1,high,0.6168634461312432,48,16,8,2,80,0,2,0,0,1,Action_1080p_25fps_5s
1331,1,p4x4,2,0.6157864219350295,0,12,1,0,36.812707435804434,-6:6,spatial,0,307,4,esa,27,1,1,none,1,high,0.6493532546000097,48,16,8,2,80,7,2,2,0,1,Action_1080p_25fps_5s
1905,1,p4x4,3,0.671499867898717,2,12,1,0,44.70616914544182,-3:3,spatial,0,435,4,dia,19,1,1,none,1,high,0.469671724081159,48,16,247,15,80,0,2,0,1,0,Action_1080p_25fps_5s
1320,1,p4x4,3,0.6157864219350295,1,12,0,0,40.02961767606761,2:-2,spatial,0,435,4,tesa,15,1,1,none,0,high,0.184274686721981,48,16,8,9,80,0,2,0,1,1,Action_1080p_25fps_5s
165,1,p4x4,2,0.671499867898717,2,12,0,0,44.70616914544182,-3:3,spatial,0,435,4,dia,19,1,1,none,1,high,0.6493532546000097,42,16,4,2,99,1,5,0,0,0,Action_1080p_25fps_5s
1331,1,p4x4,2,0.6157864219350295,0,15,0,0,44.70616914544182,-6:6,spatial,0,435,4,dia,15,1,1,none,1,baseline,0.6493532546000097,48,16,247,14,31,0,2,0,1,0,Action_1080p_25fps_5s
1331,1,p4x4,3,0.6157864219350295,2,12,0,0,21.323171008151345,-3:3,temporal,1,435,4,dia,15,1,1,none,1,high,0.6493532546000097,48,8,8,9,80,0,2,0,1,1,Action_1080p_25fps_5s
1320,1,p4x4,3,0.8774330427703273,1,12,0,0,40.02961767606761,2:-2,spatial,0,435,0,dia,15,1,1,none,1,high,0.4437497580457576,48,2,8,9,80,0,2,0,0,1,Action_1080p_25fps_5s
1905,1,p4x4,3,0.671499867898717,2,12,0,0,44.70616914544182,-3:3,spatial,0,435,4,dia,19,1,1,none,1,high,0.6493532546000097,48,16,8,9,80,0,2,0,1,2,Action_1080p_25fps_5s
165,1,p4x4,3,0.6157864219350295,2,12,1,0,44.70616914544182,-6:6,spatial,0,435,4,hex,15,1,1,none,0,baseline,0.6493532546000097,48,3,96,2,99,3,5,0,1,0,Action_1080p_25fps_5s
1331,1,p4x4,2,1.6040744941823026,0,6,0,11,13.959679808570224,-3:3,spatial,0,236,4,hex,19,1,0,none,1,baseline,0.4437497580457576,34,16,247,15,80,0,2,0,0,0,Standard_480p_60fps_5s
1331,1,p4x4,3,0.6157864219350295,1,8,1,0,44.70616914544182,-6:6,auto,0,435,4,dia,15,0,1,none,1,baseline,0.184274686721981,30,16,96,2,51,1,5,0,0,1,Standard_480p_60fps_5s
1320,1,p4x4,3,0.6157864219350295,1,12,0,0,40.02961767606761,2:-2,spatial,0,435,4,dia,15,1,1,none,1,high,0.6493532546000097,48,16,8,2,80,0,2,0,0,1,Standard_480p_60fps_5s
1331,1,p4x4,3,0.6157864219350295,2,12,0,0,44.70616914544182,-3:3,spatial,0,435,4,dia,15,1,1,none,1,high,0.6493532546000097,48,16,8,9,80,0,2,0,0,1,Standard_480p_60fps_5s
1905,1,p4x4,3,0.671499867898717,2,12,0,0,44.70616914544182,-3:3,spatial,0,435,4,dia,19,1,1,none,1,high,0.6493532546000097,48,16,247,15,80,0,2,0,1,0,Standard_480p_60fps_5s
1331,1,p4x4,3,0.6157864219350295,2,12,0,0,44.70616914544182,-3:3,spatial,1,435,4,dia,15,1,1,none,1,high,0.6493532546000097,48,16,8,9,80,0,2,0,0,1,Standard_480p_60fps_5s
1320,1,p4x4,3,0.6157864219350295,1,12,0,0,40.02961767606761,2:-2,spatial,0,435,4,dia,15,1,1,none,1,high,0.6493532546000097,48,16,8,2,80,0,2,2,0,1,Standard_480p_60fps_5s
1331,1,p4x4,2,0.6157864219350295,0,12,0,0,44.70616914544182,-6:6,spatial,0,435,4,dia,15,1,1,none,0,baseline,0.6493532546000097,48,16,96,2,99,1,5,0,0,0,Standard_480p_60fps_5s
1320,1,p4x4,1,0.6157864219350295,2,4,0,0,44.70616914544182,-3:3,spatial,0,435,4,dia,15,1,1,none,1,high,0.6493532546000097,48,16,8,9,80,0,2,0,0,1,Standard_480p_60fps_5s
126,1,p4x4,1,0.6157864219350295,2,4,0,0,44.70616914544182,-3:3,temporal,0,435,4,dia,15,1,1,none,1,high,0.184274686721981,48,16,8,9,80,0,2,0,1,1,Standard_480p_60fps_5s
1320,1,p4x4,3,0.6157864219350295,1,12,0,0,40.02961767606761,5:5,spatial,0,435,4,dia,15,1,1,none,1,high,0.6493532546000097,48,16,8,2,80,0,2,0,0,1,Standard_480p_60fps_5s
1331,1,p4x4,3,0.6157864219350295,2,12,0,0,44.70616914544182,-6:6,spatial,0,435,4,dia,15,1,1,none,0,baseline,0.6493532546000097,48,16,96,2,99,3,5,0,1,0,Standard_480p_60fps_5s
1331,1,p4x4,2,1.6040744941823026,0,12,0,0,44.70616914544182,-3:3,spatial,0,435,4,hex,19,1,1,none,1,baseline,0.4437497580457576,48,16,247,15,39,0,2,1,1,1,Standard_480p_60fps_5s
1478,1,p4x4,0,0.6157864219350295,1,12,0,0,40.02961767606761,2:-2,spatial,1,435,4,dia,15,1,1,none,1,high,0.6493532546000097,48,16,247,15,80,0,2,0,1,0,Standard_480p_60fps_5s
1331,1,p4x4,3,0.6157864219350295,1,8,1,0,44.70616914544182,-6:6,auto,0,435,4,dia,15,1,1,none,1,high,0.6493532546000097,48,3,12,2,80,0,2,0,1,1,Standard_480p_60fps_5s
775,1,p4x4,0,0.6157864219350295,1,12,0,0,40.02961767606761,2:-2,spatial,0,435,4,dia,15,1,1,vbr,0,high,0.6493532546000097,48,16,8,9,17,0,2,0,1,0,Standard_480p_60fps_5s
1320,1,"p8x8,b8x8,i8x8,i4x4",3,1.8660114112999928,1,12,0,0,23.2396382873136,1:1,spatial,0,435,4,hex,15,1,1,none,0,baseline,0.6493532546000097,48,16,96,1,99,3,5,0,1,2,Standard_480p_60fps_5s
1320,1,"p8x8,b8x8,i8x8,i4x4",3,1.8660114112999928,1,12,0,0,23.2396382873136,1:1,spatial,0,435,4,hex,15,1,0,none,1,high,0.6493532546000097,48,9,8,2,80,0,2,2,0,1,Standard_480p_60fps_5s
1320,1,p4x4,3,0.6157864219350295,1,12,0,0,40.02961767606761,2:-2,spatial,0,435,4,dia,15,1,1,none,1,baseline,0.6493532546000097,48,16,8,15,80,1,55,0,1,0,Standard_480p_60fps_5s
1478,1,p4x4,3,1.4994125947692052,1,12,0,0,40.02961767606761,2:-2,spatial,0,435,4,dia,11,1,1,none,1,high,0.6493532546000097,48,16,8,10,80,0,2,2,0,1,Standard_480p_60fps_5s
1331,1,p4x4,3,0.6157864219350295,1,8,1,0,44.70616914544182,-6:6,auto,0,435,4,dia,15,0,1,none,1,baseline,0.184274686721981,30,16,96,2,51,1,5,0,0,1,Standard_1080p_30fps_10s
1331,1,all,3,0.6157864219350295,1,8,1,0,44.70616914544182,-6:6,auto,0,435,4,dia,15,0,1,none,1,baseline,0.184274686721981,30,16,96,2,51,1,53,0,0,2,Standard_1080p_30fps_10s
1320,1,p8x8,3,0.6157864219350295,1,8,1,0,44.70616914544182,-6:6,auto,0,435,4,dia,15,0,1,none,1,baseline,0.184274686721981,30,16,96,2,51,1,5,0,0,1,Standard_1080p_30fps_10s
1331,1,p4x4,2,1.55857211218537,1,12,0,0,44.70616914544182,-6:6,auto,0,454,4,dia,15,0,1,none,1,baseline,0.184274686721981,30,16,96,2,51,4,5,0,0,1,Standard_1080p_30fps_10s
1331,1,p4x4,3,0.6157864219350295,2,12,0,0,44.70616914544182,-3:3,spatial,0,435,4,dia,15,1,1,none,1,high,0.6493532546000097,48,16,8,9,80,0,2,0,0,1,Standard_1080p_30fps_10s
1320,1,p4x4,3,0.6157864219350295,1,12,0,0,40.02961767606761,2:-2,spatial,0,435,4,dia,15,1,1,none,1,high,0.6493532546000097,48,16,8,2,80,0,2,0,0,1,Standard_1080p_30fps_10s
1320,1,p4x4,1,0.6157864219350295,2,4,0,0,44.70616914544182,-3:3,spatial,0,435,4,dia,15,1,1,none,1,high,0.6493532546000097,48,16,8,9,80,0,2,0,0,1,Standard_1080p_30fps_10s
1905,1,p4x4,3,0.671499867898717,2,12,0,0,44.70616914544182,-3:3,spatial,0,435,4,dia,19,1,1,none,1,high,0.6493532546000097,48,16,247,15,80,0,2,0,1,0,Standard_1080p_30fps_10s
1331,1,p4x4,3,0.6157864219350295,2,12,0,0,44.70616914544182,-3:3,spatial,1,435,4,dia,15,1,1,none,1,high,0.6493532546000097,48,16,8,9,80,0,2,0,0,1,Standard_1080p_30fps_10s
1320,1,p4x4,3,0.6157864219350295,1,12,0,0,40.02961767606761,2:-2,spatial,0,435,4,dia,15,1,1,none,1,high,0.6493532546000097,48,16,8,2,80,0,2,2,0,1,Standard_1080p_30fps_10s
1331,1,p4x4,2,0.6157864219350295,0,12,0,0,44.70616914544182,-6:6,spatial,0,435,4,dia,15,1,1,none,0,baseline,0.6493532546000097,48,16,96,2,99,1,5,0,0,0,Standard_1080p_30fps_10s
126,1,p4x4,1,0.6157864219350295,2,4,0,0,44.70616914544182,-3:3,temporal,0,435,4,dia,15,1,1,none,1,high,0.184274686721981,48,16,8,9,80,0,2,0,1,1,Standard_1080p_30fps_10s
1320,1,p4x4,3,0.6157864219350295,1,12,0,0,40.02961767606761,5:5,spatial,0,435,4,dia,15,1,1,none,1,high,0.6493532546000097,48,16,8,2,80,0,2,0,0,1,Standard_1080p_30fps_10s
1331,1,p4x4,3,0.6157864219350295,2,12,0,0,44.70616914544182,-6:6,spatial,0,435,4,dia,15,1,1,none,0,baseline,0.6493532546000097,48,16,96,2,99,3,5,0,1,0,Standard_1080p_30fps_10s
47,1,p4x4,3,0.6157864219350295,1,12,0,0,40.02961767606761,5:5,spatial,0,435,4,dia,15,1,1,none,1,high,0.6493532546000097,33,16,8,2,80,0,2,0,0,1,Standard_1080p_30fps_10s
1320,1,p4x4,3,1.0130250558056673,1,12,0,0,29.824594198280657,6:6,spatial,0,435,4,dia,15,1,1,none,0,high,0.6493532546000097,48,10,8,9,80,0,2,0,0,1,Standard_1080p_30fps_10s
126,1,p4x4,1,1.2900694912189064,2,4,0,0,44.70616914544182,-3:3,temporal,0,435,4,dia,15,0,1,none,1,high,0.184274686721981,48,16,8,9,80,0,2,0,1,1,Standard_1080p_30fps_10s
861,1,p4x4,1,1.1011576678930228,2,4,0,0,44.70616914544182,-3:3,auto,0,382,4,dia,15,1,1,none,1,high,0.6493532546000097,48,19,8,9,80,0,2,0,1,1,Standard_1080p_30fps_10s
2349,0,p4x4,2,0.6157864219350295,0,12,0,0,44.70616914544182,-6:6,spatial,0,435,4,esa,15,1,1,none,0,baseline,0.6493532546000097,48,16,96,2,99,1,5,0,1,1,Standard_1080p_30fps_10s
1905,1,p4x4,3,1.6189483254665884,2,12,0,0,44.70616914544182,-3:3,spatial,0,435,4,dia,15,1,0,none,1,high,0.6493532546000097,48,16,8,9,80,0,2,0,1,1,Standard_1080p_30fps_10s
1320,1,p4x4,3,0.6157864219350295,2,12,0,0,33.542837146684725,-6:6,spatial,0,435,4,dia,15,1,0,none,0,baseline,0.6493532546000097,48,16,248,2,99,10,5,0,0,0,Action_480p_30fps_20s
1331,1,p4x4,3,0.6157864219350295,2,12,0,0,44.70616914544182,-6:6,none,1,435,4,dia,15,1,0,none,0,baseline,0.6493532546000097,48,16,96,2,99,3,5,0,0,0,Action_480p_30fps_20s
1320,1,p4x4,3,0.6157864219350295,2,12,0,0,33.542837146684725,-6:6,spatial,0,435,4,dia,15,0,0,none,0,baseline,0.6493532546000097,48,16,248,2,99,10,5,0,0,0,Action_480p_30fps_20s
1320,1,p4x4,3,0.6157864219350295,2,12,0,0,33.542837146684725,-6:6,spatial,0,206,0,dia,15,0,0,cbr,0,baseline,0.6493532546000097,48,16,248,2,80,0,2,0,0,1,Action_480p_30fps_20s
1320,1,p4x4,3,0.6157864219350295,1,12,0,0,40.02961767606761,2:-2,spatial,0,435,4,dia,15,1,1,none,1,high,0.6493532546000097,48,16,8,2,80,0,2,0,0,1,Action_480p_30fps_20s
1331,1,p4x4,3,0.6157864219350295,2,12,0,0,44.70616914544182,-3:3,spatial,0,435,4,dia,15,1,1,none,1,high,0.6493532546000097,48,16,8,9,80,0,2,0,0,1,Action_480p_30fps_20s
1320,1,p4x4,1,0.6157864219350295,2,4,0,0,44.70616914544182,-3:3,spatial,0,435,4,dia,15,1,1,none,1,high,0.6493532546000097,48,16,8,9,80,0,2,0,0,1,Action_480p_30fps_20s
1320,1,p4x4,3,0.6157864219350295,1,12,0,0,40.02961767606761,2:-2,spatial,0,435,4,dia,15,1,1,none,1,high,0.6493532546000097,48,16,8,2,80,0,2,2,0,1,Action_480p_30fps_20s
1331,1,p4x4,3,0.6157864219350295,2,12,0,0,44.70616914544182,-3:3,spatial,1,435,4,dia,15,1,1,none,1,high,0.6493532546000097,48,16,8,9,80,0,2,0,0,1,Action_480p_30fps_20s
1905,1,p4x4,3,0.671499867898717,2,12,0,0,44.70616914544182,-3:3,spatial,0,435,4,dia,19,1,1,none,1,high,0.6493532546000097,48,16,247,15,80,0,2,0,1,0,Action_480p_30fps_20s
1331,1,p4x4,2,0.6157864219350295,0,12,0,0,44.70616914544182,-6:6,spatial,0,435,4,dia,15,1,1,none,0,baseline,0.6493532546000097,48,16,96,2,99,1,5,0,0,0,Action_480p_30fps_20s
126,1,p4x4,1,0.6157864219350295,2,4,0,0,44.70616914544182,-3:3,temporal,0,435,4,dia,15,1,1,none,1,high,0.184274686721981,48,16,8,9,80,0,2,0,1,1,Action_480p_30fps_20s
1320,1,p4x4,3,0.6157864219350295,1,12,0,0,40.02961767606761,5:5,spatial,0,435,4,dia,15,1,1,none,1,high,0.6493532546000097,48,16,8,2,80,0,2,0,0,1,Action_480p_30fps_20s
1331,1,p4x4,3,0.6157864219350295,2,12,0,0,44.70616914544182,-6:6,spatial,0,435,4,dia,15,1,1,none,0,baseline,0.6493532546000097,48,16,96,2,99,3,5,0,1,0,Action_480p_30fps_20s
1331,1,p4x4,3,0.6157864219350295,1,12,0,0,44.70616914544182,-6:6,spatial,0,435,4,dia,53,1,1,none,1,high,0.6493532546000097,48,16,8,2,80,0,2,2,0,1,Action_480p_30fps_20s
1320,1,p4x4,0,0.6157864219350295,1,12,0,0,40.02961767606761,2:-2,spatial,0,435,4,dia,15,1,1,none,1,high,0.6493532546000097,30,16,8,2,80,0,2,2,0,1,Action_480p_30fps_20s
1331,1,p4x4,3,0.6157864219350295,0,12,0,-3,44.70616914544182,5:5,spatial,0,435,4,dia,15,1,1,none,1,high,0.6493532546000097,48,16,8,9,80,0,2,0,0,2,Action_480p_30fps_20s
1320,1,p4x4,3,0.6157864219350295,2,12,0,0,40.02961767606761,-3:3,temporal,0,435,4,dia,15,1,1,none,1,high,0.184274686721981,48,16,8,9,80,0,2,0,1,2,Action_480p_30fps_20s
126,1,p4x4,1,0.6157864219350295,2,14,0,0,44.70616914544182,5:5,spatial,1,392,4,dia,15,1,1,none,1,high,0.6493532546000097,48,16,8,2,80,8,2,0,0,1,Action_480p_30fps_20s
793,1,p4x4,2,0.6157864219350295,0,12,0,5,40.02961767606761,2:-2,spatial,0,435,4,dia,19,1,1,none,1,high,0.6493532546000097,48,16,8,2,80,0,2,2,0,1,Action_480p_30fps_20s
1331,1,p4x4,3,0.6157864219350295,1,8,1,0,44.70616914544182,-6:6,auto,0,435,4,dia,15,0,1,none,1,baseline,0.184274686721981,30,16,96,2,51,1,5,0,0,1,Still_image_1080p_25fps_10s
1331,1,all,3,0.6157864219350295,1,8,1,0,44.70616914544182,-6:6,auto,0,435,4,dia,15,0,1,none,1,baseline,0.184274686721981,30,16,96,2,51,1,53,0,0,2,Still_image_1080p_25fps_10s
1320,1,p8x8,3,0.6157864219350295,1,8,1,0,44.70616914544182,-6:6,auto,0,435,4,dia,15,0,1,none,1,baseline,0.184274686721981,30,16,96,2,51,1,5,0,0,1,Still_image_1080p_25fps_10s
1331,1,p4x4,2,1.55857211218537,1,12,0,0,44.70616914544182,-6:6,auto,0,454,4,dia,15,0,1,none,1,baseline,0.184274686721981,30,16,96,2,51,4,5,0,0,1,Still_image_1080p_25fps_10s
1331,1,p4x4,3,0.6157864219350295,1,10,1,0,44.70616914544182,-6:6,auto,1,435,4,dia,15,0,1,none,1,baseline,0.184274686721981,34,16,96,2,51,1,5,1,0,0,Still_image_1080p_25fps_10s
1331,0,p4x4,3,0.6157864219350295,1,12,1,0,44.70616914544182,1:-1,auto,0,454,4,dia,15,0,1,none,1,baseline,0.184274686721981,30,16,210,2,51,4,5,0,0,1,Still_image_1080p_25fps_10s
1331,1,p4x4,1,0.6157864219350295,1,8,1,0,44.70616914544182,-6:6,auto,0,435,4,dia,15,0,1,none,1,baseline,0.184274686721981,30,16,96,2,51,1,5,0,0,1,Still_image_1080p_25fps_10s
1320,1,p4x4,3,1.8145441599040564,1,12,1,0,44.70616914544182,-6:6,auto,0,378,4,dia,15,0,0,none,1,baseline,0.184274686721981,30,16,96,2,51,1,5,0,0,1,Still_image_1080p_25fps_10s
1320,1,p8x8,3,0.6157864219350295,1,8,1,0,44.70616914544182,1:-1,auto,0,454,4,dia,15,0,1,vbr,1,baseline,0.184274686721981,30,2,210,2,51,4,5,0,0,1,Still_image_1080p_25fps_10s
1320,0,p8x8,3,1.772261895261237,1,8,1,0,44.70616914544182,-6:6,auto,0,435,4,dia,15,0,1,none,1,baseline,0.184274686721981,30,16,230,2,51,4,5,0,0,1,Still_image_1080p_25fps_10s
1320,1,p4x4,2,0.6157864219350295,1,8,1,0,44.70616914544182,-6:6,auto,0,435,4,dia,15,0,1,none,1,baseline,0.184274686721981,30,16,96,2,51,1,5,0,1,1,Still_image_1080p_25fps_10s
1320,1,p4x4,3,1.8145441599040564,1,12,1,0,44.70616914544182,-6:6,auto,1,378,4,dia,15,0,1,none,1,baseline,0.0687122429978707,30,16,96,2,51,1,18,0,0,0,Still_image_1080p_25fps_10s
1331,1,p4x4,0,1.55857211218537,1,12,0,10,48.05002582766695,-6:6,auto,0,454,2,dia,15,0,1,none,1,baseline,0.184274686721981,30,16,96,2,51,1,5,0,0,1,Still_image_1080p_25fps_10s
1320,1,p4x4,2,0.6157864219350295,1,8,1,0,44.70616914544182,-6:6,auto,0,435,4,dia,15,0,1,none,1,baseline,0.184274686721981,30,16,96,2,51,1,19,0,1,1,Still_image_1080p_25fps_10s
1320,1,p8x8,3,0.6157864219350295,1,7,1,0,44.70616914544182,-6:6,auto,0,435,4,dia,18,0,1,none,1,baseline,0.184274686721981,30,16,232,2,51,4,5,0,0,0,Still_image_1080p_25fps_10s
1331,1,p4x4,3,0.6157864219350295,2,12,0,0,44.70616914544182,-3:3,spatial,0,435,4,dia,15,1,1,none,1,high,0.6493532546000097,48,16,8,9,80,0,2,0,0,1,Still_image_1080p_25fps_10s
1320,1,p4x4,3,0.6157864219350295,1,12,0,0,40.02961767606761,2:-2,spatial,0,435,4,dia,15,1,1,none,1,high,0.6493532546000097,48,16,8,2,80,0,2,0,0,1,Still_image_1080p_25fps_10s
1320,1,p4x4,3,0.6157864219350295,1,12,0,0,40.02961767606761,2:-2,spatial,0,435,4,dia,15,1,1,none,1,high,0.6493532546000097,48,16,8,2,80,0,2,2,0,1,Still_image_1080p_25fps_10s
1320,1,p4x4,1,0.6157864219350295,2,4,0,0,44.70616914544182,-3:3,spatial,0,435,4,dia,15,1,1,none,1,high,0.6493532546000097,48,16,8,9,80,0,2,0,0,1,Still_image_1080p_25fps_10s
1905,1,p4x4,3,0.671499867898717,2,12,0,0,44.70616914544182,-3:3,spatial,0,435,4,dia,19,1,1,none,1,high,0.6493532546000097,48,16,247,15,80,0,2,0,1,0,Still_image_1080p_25fps_10s
1331,1,p4x4,3,0.6157864219350295,1,8,1,0,44.70616914544182,-6:6,auto,0,435,4,dia,15,0,1,none,1,baseline,0.184274686721981,30,16,96,2,51,1,5,0,0,1,Big_720p_60fps_20s
1331,1,p4x4,2,1.55857211218537,1,12,0,0,44.70616914544182,-6:6,auto,0,454,4,dia,15,0,1,none,1,baseline,0.184274686721981,30,16,96,2,51,4,5,0,0,1,Big_720p_60fps_20s
1331,1,all,3,0.6157864219350295,1,8,1,0,44.70616914544182,-6:6,auto,0,435,4,dia,15,0,1,none,1,baseline,0.184274686721981,30,16,96,2,51,1,53,0,0,2,Big_720p_60fps_20s
1320,1,p8x8,3,0.6157864219350295,1,8,1,0,44.70616914544182,-6:6,auto,0,435,4,dia,15,0,1,none,1,baseline,0.184274686721981,30,16,96,2,51,1,5,0,0,1,Big_720p_60fps_20s
1320,0,p8x8,3,1.772261895261237,1,8,1,0,44.70616914544182,-6:6,auto,0,435,4,dia,15,0,1,none,1,baseline,0.184274686721981,30,16,230,2,51,4,5,0,0,1,Big_720p_60fps_20s
1331,0,p4x4,3,0.6157864219350295,1,12,1,0,44.70616914544182,1:-1,auto,0,454,4,dia,15,0,1,none,1,baseline,0.184274686721981,30,16,210,2,51,4,5,0,0,1,Big_720p_60fps_20s
1331,1,p4x4,3,0.6157864219350295,1,10,1,0,44.70616914544182,-6:6,auto,1,435,4,dia,15,0,1,none,1,baseline,0.184274686721981,34,16,96,2,51,1,5,1,0,0,Big_720p_60fps_20s
1331,1,p4x4,1,0.6157864219350295,1,8,1,0,44.70616914544182,-6:6,auto,0,435,4,dia,15,0,1,none,1,baseline,0.184274686721981,30,16,96,2,51,1,5,0,0,1,Big_720p_60fps_20s
1320,1,p4x4,3,1.8145441599040564,1,12,1,0,44.70616914544182,-6:6,auto,0,378,4,dia,15,0,0,none,1,baseline,0.184274686721981,30,16,96,2,51,1,5,0,0,1,Big_720p_60fps_20s
1320,1,p8x8,3,0.6157864219350295,1,8,1,0,44.70616914544182,1:-1,auto,0,454,4,dia,15,0,1,vbr,1,baseline,0.184274686721981,30,2,210,2,51,4,5,0,0,1,Big_720p_60fps_20s
1320,1,p4x4,3,1.8145441599040564,1,12,1,0,44.70616914544182,-6:6,auto,1,378,4,dia,15,0,1,none,1,baseline,0.184274686721981,30,16,210,2,51,4,5,0,0,0,Big_720p_60fps_20s
1320,1,p4x4,3,0.6157864219350295,1,8,1,0,44.70616914544182,-6:6,auto,1,435,4,dia,15,0,1,none,1,baseline,0.184274686721981,30,16,96,2,51,1,5,0,0,1,Big_720p_60fps_20s
1331,1,p4x4,3,0.6157864219350295,1,7,1,0,44.70616914544182,-6:6,auto,0,435,4,dia,15,0,1,none,1,baseline,0.184274686721981,30,16,96,2,51,1,61,0,1,1,Big_720p_60fps_20s
1320,0,p8x8,3,1.772261895261237,1,8,1,0,50.891546702591,-6:6,auto,0,435,4,dia,15,0,1,none,1,baseline,0.184274686721981,34,16,96,1,51,1,9,1,0,1,Big_720p_60fps_20s
1331,1,p4x4,3,0.6157864219350295,1,10,1,0,44.70616914544182,-6:6,auto,1,435,4,dia,15,0,1,none,1,baseline,0.184274686721981,30,16,230,2,51,4,5,0,0,1,Big_720p_60fps_20s
1331,1,p4x4,3,0.6157864219350295,1,7,1,0,44.70616914544182,-6:6,auto,0,137,4,dia,15,0,1,none,1,baseline,0.184274686721981,30,16,96,2,67,1,61,0,0,1,Big_720p_60fps_20s
1331,1,none,3,0.6157864219350295,1,10,1,0,44.70616914544182,-6:6,temporal,1,435,4,dia,8,0,1,none,1,baseline,0.184274686721981,30,16,230,2,51,4,5,0,0,1,Big_720p_60fps_20s
1320,0,none,3,1.772261895261237,1,8,1,0,44.70616914544182,-6:6,auto,1,36,4,dia,15,0,1,none,1,baseline,0.184274686721981,30,16,210,2,51,4,5,0,0,0,Big_720p_60fps_20s
1320,1,p4x4,3,1.3014369148170952,1,12,1,0,44.70616914544182,-3:3,auto,0,435,4,dia,15,0,1,none,1,baseline,0.184274686721981,30,16,230,2,51,4,5,0,0,2,Big_720p_60fps_20s
1331,1,p4x4,3,0.6157864219350295,1,15,1,0,44.70616914544182,-6:6,auto,1,435,4,dia,15,0,1,none,1,baseline,0.184274686721981,30,18,230,2,71,6,5,0,0,1,Big_720p_60fps_20s
1331,1,p4x4,3,0.6157864219350295,1,10,1,0,44.70616914544182,-6:6,auto,0,23,4,tesa,15,1,1,none,1,baseline,0.184274686721981,30,20,230,2,20,4,5,0,0,1,Big_480p_30fps_10s
1331,1,all,3,0.6157864219350295,1,8,1,0,44.70616914544182,-6:6,auto,0,435,4,dia,15,0,1,none,1,baseline,0.184274686721981,30,16,96,2,51,1,53,0,0,2,Big_480p_30fps_10s
1331,1,p4x4,2,1.55857211218537,1,12,0,0,44.70616914544182,-6:6,auto,0,454,4,dia,15,0,1,none,1,baseline,0.184274686721981,30,16,96,2,51,4,5,0,0,1,Big_480p_30fps_10s
1320,1,p8x8,3,0.6157864219350295,1,8,1,0,44.70616914544182,-6:6,auto,0,435,4,dia,15,0,1,none,1,baseline,0.184274686721981,30,16,96,2,51,1,5,0,0,1,Big_480p_30fps_10s
1331,1,p4x4,1,0.6157864219350295,1,8,1,0,44.70616914544182,-6:6,auto,0,435,4,dia,15,0,1,none,1,baseline,0.184274686721981,30,16,96,2,51,1,5,0,0,1,Big_480p_30fps_10s
1320,0,p8x8,3,1.772261895261237,1,8,1,0,44.70616914544182,-6:6,auto,0,435,4,dia,15,0,1,none,1,baseline,0.184274686721981,30,16,230,2,51,4,5,0,0,1,Big_480p_30fps_10s
1331,0,p4x4,3,0.6157864219350295,1,12,1,0,44.70616914544182,1:-1,auto,0,454,4,dia,15,0,1,none,1,baseline,0.184274686721981,30,16,210,2,51,4,5,0,0,1,Big_480p_30fps_10s
1331,1,p4x4,3,0.6157864219350295,1,10,1,0,44.70616914544182,-6:6,auto,1,435,4,dia,15,0,1,none,1,baseline,0.184274686721981,34,16,96,2,51,1,5,1,0,0,Big_480p_30fps_10s
1320,1,p8x8,3,0.6157864219350295,1,8,1,0,44.70616914544182,1:-1,auto,0,454,4,dia,15,0,1,vbr,1,baseline,0.184274686721981,30,2,210,2,51,4,5,0,0,1,Big_480p_30fps_10s
1320,1,p4x4,3,1.8145441599040564,1,12,1,0,44.70616914544182,-6:6,auto,0,378,4,dia,15,0,0,none,1,baseline,0.184274686721981,30,16,96,2,51,1,5,0,0,1,Big_480p_30fps_10s
1331,1,p4x4,3,0.6157864219350295,1,8,1,0,44.70616914544182,-6:6,auto,0,435,4,dia,15,0,1,none,1,baseline,0.184274686721981,30,16,96,2,51,1,5,0,0,1,Big_480p_30fps_10s
1331,1,p4x4,3,0.6157864219350295,1,10,1,-5,44.70616914544182,-6:6,auto,0,435,4,dia,11,0,1,none,1,baseline,0.3616718805364829,30,16,96,2,51,1,5,0,0,0,Big_480p_30fps_10s
1320,1,p4x4,3,1.772261895261237,1,8,1,-11,44.70616914544182,-6:6,auto,0,435,4,dia,15,0,1,none,1,baseline,0.184274686721981,30,20,230,2,20,4,5,0,0,1,Big_480p_30fps_10s
1331,0,p4x4,3,1.1058611549270343,1,12,1,0,44.70616914544182,1:-1,auto,1,454,4,dia,15,0,1,none,1,baseline,0.184274686721981,30,16,96,4,51,1,5,2,0,1,Big_480p_30fps_10s
1331,1,p4x4,3,0.6157864219350295,1,10,1,5,44.70616914544182,-6:6,auto,1,319,4,dia,62,0,1,none,1,baseline,0.184274686721981,34,16,96,2,51,1,5,0,0,1,Big_480p_30fps_10s
1331,1,p4x4,1,0.6157864219350295,1,8,1,0,44.70616914544182,-6:6,auto,0,435,4,dia,15,0,1,none,1,baseline,0.184274686721981,30,16,96,2,51,1,24,1,0,0,Big_480p_30fps_10s
2047,1,p4x4,3,0.6157864219350295,1,10,1,5,44.70616914544182,-6:6,auto,1,319,4,dia,62,0,1,none,1,baseline,0.184274686721981,34,16,96,2,73,1,5,2,0,1,Big_480p_30fps_10s
1331,1,p4x4,3,0.6157864219350295,1,12,1,0,44.70616914544182,1:-1,auto,0,454,4,dia,15,0,1,none,1,baseline,0.184274686721981,30,13,210,2,51,4,5,0,0,1,Big_480p_30fps_10s
1331,1,p4x4,3,0.6157864219350295,1,10,1,0,44.70616914544182,-6:6,auto,0,319,4,dia,62,0,1,none,1,baseline,0.184274686721981,34,16,96,2,51,1,63,0,0,1,Big_480p_30fps_10s
1331,1,none,3,0.6157864219350295,1,13,1,-7,44.70616914544182,-6:6,auto,0,435,4,dia,8,0,1,none,1,baseline,0.184274686721981,34,16,96,2,51,1,23,0,0,0,Big_480p_30fps_10s
1320,1,p4x4,3,0.6157864219350295,1,12,0,0,40.02961767606761,2:-2,spatial,0,435,4,dia,15,1,1,none,1,high,0.6493532546000097,48,16,8,2,80,0,2,0,0,1,Big_480p_25fps_10s
1331,1,p4x4,3,0.6157864219350295,2,12,0,0,44.70616914544182,-3:3,spatial,0,435,4,dia,15,1,1,none,1,high,0.6493532546000097,48,16,8,9,80,0,2,0,0,1,Big_480p_25fps_10s
1320,1,p4x4,1,0.6157864219350295,2,4,0,0,44.70616914544182,-3:3,spatial,0,435,4,dia,15,1,1,none,1,high,0.6493532546000097,48,16,8,9,80,0,2,0,0,1,Big_480p_25fps_10s
1320,1,p4x4,3,0.6157864219350295,1,12,0,0,40.02961767606761,2:-2,spatial,0,435,4,dia,15,1,1,none,1,high,0.6493532546000097,48,16,8,2,80,0,2,2,0,1,Big_480p_25fps_10s
1331,1,p4x4,3,0.6157864219350295,2,12,0,0,44.70616914544182,-3:3,spatial,1,435,4,dia,15,1,1,none,1,high,0.6493532546000097,48,16,8,9,80,0,2,0,0,1,Big_480p_25fps_10s
1905,1,p4x4,3,0.671499867898717,2,12,0,0,44.70616914544182,-3:3,spatial,0,435,4,dia,19,1,1,none,1,high,0.6493532546000097,48,16,247,15,80,0,2,0,1,0,Big_480p_25fps_10s
1331,1,p4x4,2,0.6157864219350295,0,12,0,0,44.70616914544182,-6:6,spatial,0,435,4,dia,15,1,1,none,0,baseline,0.6493532546000097,48,16,96,2,99,1,5,0,0,0,Big_480p_25fps_10s
126,1,p4x4,1,0.6157864219350295,2,4,0,0,44.70616914544182,-3:3,temporal,0,435,4,dia,15,1,1,none,1,high,0.184274686721981,48,16,8,9,80,0,2,0,1,1,Big_480p_25fps_10s
1320,1,p4x4,3,0.6157864219350295,1,12,0,0,40.02961767606761,5:5,spatial,0,435,4,dia,15,1,1,none,1,high,0.6493532546000097,48,16,8,2,80,0,2,0,0,1,Big_480p_25fps_10s
1331,1,p4x4,3,0.6157864219350295,2,12,0,0,44.70616914544182,-6:6,spatial,0,435,4,dia,15,1,1,none,0,baseline,0.6493532546000097,48,16,96,2,99,3,5,0,1,0,Big_480p_25fps_10s
178,1,p4x4,1,0.6157864219350295,2,11,0,0,44.70616914544182,-3:3,spatial,0,435,4,dia,15,1,1,none,1,high,0.1189724704449739,48,16,126,9,80,0,46,0,0,0,Big_480p_25fps_10s
1320,1,p4x4,1,0.6157864219350295,2,4,0,10,44.70616914544182,-3:3,spatial,0,435,4,dia,19,1,1,none,1,high,0.6493532546000097,48,16,163,15,80,0,2,0,1,0,Big_480p_25fps_10s
1320,1,"p8x8,b8x8,i8x8,i4x4",3,0.6157864219350295,1,12,0,0,40.02961767606761,3:3,spatial,0,435,4,dia,15,1,1,none,1,high,0.6493532546000097,48,16,8,2,80,0,2,0,0,1,Big_480p_25fps_10s
1320,0,p4x4,3,0.6157864219350295,1,12,0,1,40.02961767606761,2:-2,spatial,0,435,4,hex,15,1,1,none,1,high,0.6493532546000097,48,16,92,2,80,0,2,0,0,1,Big_480p_25fps_10s
1331,1,none,3,0.6157864219350295,1,12,0,0,40.02961767606761,2:-2,spatial,0,435,4,dia,15,1,1,none,1,high,0.6493532546000097,29,16,71,2,99,0,2,0,0,1,Big_480p_25fps_10s
1320,1,p4x4,3,0.6157864219350295,1,12,0,0,40.02961767606761,3:-3,spatial,0,435,4,dia,15,1,1,cbr,1,high,0.6493532546000097,48,16,8,2,80,1,2,0,0,1,Big_480p_25fps_10s
1320,1,p4x4,1,0.6157864219350295,2,4,0,10,44.70616914544182,-3:3,spatial,0,435,4,dia,15,0,1,none,1,high,0.6493532546000097,48,16,8,9,80,0,2,0,0,1,Big_480p_25fps_10s
1320,1,p4x4,1,0.6157864219350295,0,4,0,0,44.70616914544182,-3:3,spatial,1,435,4,dia,23,1,1,none,1,high,0.6493532546000097,48,8,163,15,80,0,2,0,1,0,Big_480p_25fps_10s
1331,1,p4x4,3,0.6157864219350295,2,12,0,0,44.70616914544182,-3:3,spatial,0,435,3,dia,15,1,1,none,1,high,0.6493532546000097,46,12,71,2,99,0,2,0,0,1,Big_480p_25fps_10s
1905,1,p4x4,3,0.6157864219350295,1,12,0,0,40.02961767606761,2:-2,spatial,0,435,4,dia,15,1,1,none,1,high,0.6493532546000097,48,16,8,8,80,0,2,0,1,1,Big_480p_25fps_10s
1320,1,p4x4,3,0.6157864219350295,1,12,0,0,40.02961767606761,2:-2,spatial,0,435,4,dia,15,1,1,none,1,high,0.6493532546000097,48,16,8,2,80,0,2,0,0,1,Standard_1080p_30fps_15s
1331,1,p4x4,3,0.6157864219350295,2,12,0,0,44.70616914544182,-3:3,spatial,0,435,4,dia,15,1,1,none,1,high,0.6493532546000097,48,16,8,9,80,0,2,0,0,1,Standard_1080p_30fps_15s
1320,1,p4x4,1,0.6157864219350295,2,4,0,0,44.70616914544182,-3:3,spatial,0,435,4,dia,15,1,1,none,1,high,0.6493532546000097,48,16,8,9,80,0,2,0,0,1,Standard_1080p_30fps_15s
1320,1,p4x4,3,0.6157864219350295,1,12,0,0,40.02961767606761,2:-2,spatial,0,435,4,dia,15,1,1,none,1,high,0.6493532546000097,48,16,8,2,80,0,2,2,0,1,Standard_1080p_30fps_15s
1331,1,p4x4,3,0.6157864219350295,2,12,0,0,44.70616914544182,-3:3,spatial,1,435,4,dia,15,1,1,none,1,high,0.6493532546000097,48,16,8,9,80,0,2,0,0,1,Standard_1080p_30fps_15s
1905,1,p4x4,3,0.671499867898717,2,12,0,0,44.70616914544182,-3:3,spatial,0,435,4,dia,19,1,1,none,1,high,0.6493532546000097,48,16,247,15,80,0,2,0,1,0,Standard_1080p_30fps_15s
1331,1,p4x4,2,0.6157864219350295,0,12,0,0,44.70616914544182,-6:6,spatial,0,435,4,dia,15,1,1,none,0,baseline,0.6493532546000097,48,16,96,2,99,1,5,0,0,0,Standard_1080p_30fps_15s
126,1,p4x4,1,0.6157864219350295,2,4,0,0,44.70616914544182,-3:3,temporal,0,435,4,dia,15,1,1,none,1,high,0.184274686721981,48,16,8,9,80,0,2,0,1,1,Standard_1080p_30fps_15s
1320,1,p4x4,3,0.6157864219350295,1,12,0,0,40.02961767606761,5:5,spatial,0,435,4,dia,15,1,1,none,1,high,0.6493532546000097,48,16,8,2,80,0,2,0,0,1,Standard_1080p_30fps_15s
1331,1,p4x4,3,0.6157864219350295,2,12,0,0,44.70616914544182,-6:6,spatial,0,435,4,dia,15,1,1,none,0,baseline,0.6493532546000097,48,16,96,2,99,3,5,0,1,0,Standard_1080p_30fps_15s
1320,1,p4x4,3,0.6157864219350295,1,12,0,0,40.02961767606761,5:5,auto,0,435,4,dia,44,1,1,none,1,high,0.6493532546000097,48,16,8,2,80,0,31,0,0,1,Standard_1080p_30fps_15s
1320,1,p4x4,3,0.6157864219350295,1,12,0,0,40.02961767606761,5:5,spatial,0,435,2,dia,15,1,1,cbr,1,high,0.6493532546000097,48,16,8,2,80,0,3,0,0,1,Standard_1080p_30fps_15s
1320,1,p4x4,3,0.6157864219350295,0,12,0,0,3.1779538617383563,2:-2,spatial,0,435,4,dia,15,1,1,cbr,1,high,0.6493532546000097,48,16,8,2,80,0,2,0,0,1,Standard_1080p_30fps_15s
1331,0,p4x4,1,0.6157864219350295,1,7,0,0,44.70616914544182,2:-2,auto,0,435,4,dia,15,1,1,none,1,high,0.184274686721981,48,16,8,9,80,0,2,0,1,1,Standard_1080p_30fps_15s
1320,1,p4x4,3,0.6157864219350295,1,12,0,0,27.64649970206645,2:-2,spatial,0,435,4,dia,15,1,1,none,1,main,0.6493532546000097,48,7,8,2,80,0,2,0,0,1,Standard_1080p_30fps_15s
1331,1,p4x4,3,0.6157864219350295,2,12,0,0,44.70616914544182,-6:6,spatial,0,435,4,dia,19,1,1,none,1,high,0.6493532546000097,48,16,247,15,80,0,2,0,1,1,Standard_1080p_30fps_15s
126,1,p4x4,1,1.4613940207896443,2,4,0,0,44.70616914544182,-3:3,temporal,0,435,4,esa,15,1,1,none,1,baseline,0.184274686721981,48,16,8,9,80,0,2,0,1,1,Standard_1080p_30fps_15s
1320,1,p4x4,3,0.6157864219350295,1,3,0,0,40.02961767606761,5:5,spatial,0,435,4,dia,15,1,1,none,1,high,0.6493532546000097,48,16,8,2,80,0,2,0,0,1,Standard_1080p_30fps_15s
1145,0,p4x4,1,0.6157864219350295,1,7,0,0,44.70616914544182,2:-2,auto,0,435,4,dia,15,1,1,none,1,baseline,0.184274686721981,48,16,8,9,80,0,2,0,1,1,Standard_1080p_30fps_15s
1320,1,p4x4,3,0.6157864219350295,1,12,0,0,40.02961767606761,2:-2,spatial,0,435,4,dia,15,1,0,none,1,high,0.6493532546000097,48,16,8,2,61,0,2,2,0,1,Standard_1080p_30fps_15s
1331,1,p4x4,3,0.6157864219350295,1,8,1,0,44.70616914544182,-6:6,auto,0,435,4,dia,15,0,1,none,1,baseline,0.184274686721981,30,16,96,2,51,1,5,0,0,1,Still_image_480p_30fps_10s
1320,0,p8x8,3,1.772261895261237,1,8,1,0,44.70616914544182,-6:6,auto,0,435,4,dia,15,0,1,none,1,baseline,0.184274686721981,30,16,230,2,51,4,5,0,0,1,Still_image_480p_30fps_10s
1331,1,p4x4,3,0.6157864219350295,1,10,1,0,44.70616914544182,-6:6,auto,1,435,4,dia,15,0,1,none,1,baseline,0.184274686721981,34,16,96,2,51,1,5,1,0,0,Still_image_480p_30fps_10s
1331,0,p4x4,3,0.6157864219350295,1,12,1,0,44.70616914544182,1:-1,auto,0,454,4,dia,15,0,1,none,1,baseline,0.184274686721981,30,16,210,2,51,4,5,0,0,1,Still_image_480p_30fps_10s
1320,1,p4x4,3,1.8145441599040564,1,12,1,0,44.70616914544182,-6:6,auto,0,378,4,dia,15,0,0,none,1,baseline,0.184274686721981,30,16,96,2,51,1,5,0,0,1,Still_image_480p_30fps_10s
1320,1,p8x8,3,0.6157864219350295,1,8,1,0,44.70616914544182,1:-1,auto,0,454,4,dia,15,0,1,vbr,1,baseline,0.184274686721981,30,2,210,2,51,4,5,0,0,1,Still_image_480p_30fps_10s
1331,1,p4x4,1,0.6157864219350295,1,8,1,0,44.70616914544182,-6:6,auto,0,435,4,dia,15,0,1,none,1,baseline,0.184274686721981,30,16,96,2,51,1,5,0,0,1,Still_image_480p_30fps_10s
1331,1,p4x4,2,1.55857211218537,1,12,0,0,44.70616914544182,-6:6,auto,0,454,4,dia,15,0,1,none,1,baseline,0.184274686721981,30,16,96,2,51,4,5,0,0,1,Still_image_480p_30fps_10s
1331,1,all,3,0.6157864219350295,1,8,1,0,44.70616914544182,-6:6,auto,0,435,4,dia,15,0,1,none,1,baseline,0.184274686721981,30,16,96,2,51,1,53,0,0,2,Still_image_480p_30fps_10s
1320,1,p8x8,3,0.6157864219350295,1,8,1,0,44.70616914544182,-6:6,auto,0,435,4,dia,15,0,1,none,1,baseline,0.184274686721981,30,16,96,2,51,1,5,0,0,1,Still_image_480p_30fps_10s
1320,0,p8x8,3,0.6157864219350295,1,8,1,0,44.70616914544182,5:5,auto,0,435,4,dia,15,0,1,none,1,baseline,0.184274686721981,30,16,96,2,51,4,5,0,0,1,Still_image_480p_30fps_10s
1470,1,p4x4,2,0.1647942771828123,0,12,1,0,44.70616914544182,-6:6,spatial,0,435,4,dia,15,0,1,none,1,baseline,0.184274686721981,34,16,96,2,62,1,5,1,0,0,Still_image_480p_30fps_10s
1331,0,p4x4,3,1.772261895261237,1,9,1,0,44.70616914544182,-6:6,auto,0,435,4,dia,15,0,1,none,1,baseline,0.184274686721981,30,16,230,2,51,4,5,0,0,1,Still_image_480p_30fps_10s
1320,1,p4x4,3,1.38968546286931,1,12,0,0,40.02961767606761,2:-2,auto,1,435,4,dia,15,0,1,none,1,baseline,0.184274686721981,35,16,96,2,51,1,5,1,0,2,Still_image_480p_30fps_10s
1331,0,p4x4,3,0.6157864219350295,1,12,1,0,44.70616914544182,1:-1,auto,0,454,4,dia,15,0,1,none,0,baseline,0.184274686721981,30,16,96,2,51,1,5,1,0,0,Still_image_480p_30fps_10s
1331,1,p4x4,3,0.6157864219350295,1,10,1,7,44.70616914544182,-6:6,auto,1,435,4,dia,15,0,1,none,1,baseline,0.184274686721981,34,16,223,2,35,4,5,0,0,1,Still_image_480p_30fps_10s
1320,1,p4x4,1,1.8145441599040564,1,8,1,0,44.3468159931044,-6:6,auto,0,435,4,dia,15,1,1,none,1,baseline,0.184274686721981,30,16,148,2,51,4,5,0,0,1,Still_image_480p_30fps_10s
1331,0,p4x4,3,0.6157864219350295,2,12,1,0,44.70616914544182,1:-1,auto,0,454,4,dia,15,0,1,none,0,baseline,0.184274686721981,30,16,96,2,51,1,5,1,0,0,Still_image_480p_30fps_10s
1331,1,p4x4,1,1.4278169187738816,1,8,0,0,44.70616914544182,-6:6,auto,1,435,4,dia,15,0,1,none,1,baseline,0.184274686721981,34,16,96,2,51,1,58,1,0,0,Still_image_480p_30fps_10s
1331,1,p4x4,3,0.6157864219350295,1,10,1,7,44.70616914544182,-6:6,auto,1,435,4,dia,15,0,1,none,1,baseline,0.184274686721981,34,16,223,2,35,1,5,0,0,1,Still_image_480p_30fps_10s
2145,0,p4x4,2,0.671499867898717,2,12,0,0,44.70616914544182,-3:3,spatial,0,435,4,dia,25,1,1,none,1,high,0.6493532546000097,42,16,8,9,80,0,2,0,0,0,Standard_1080p_60fps_5s
1320,1,p4x4,3,0.6157864219350295,1,12,0,0,40.02961767606761,2:-2,spatial,0,435,4,dia,15,1,1,none,1,high,0.6493532546000097,48,16,8,2,80,0,2,0,0,1,Standard_1080p_60fps_5s
1331,1,p4x4,3,0.6157864219350295,2,12,0,0,44.70616914544182,-3:3,spatial,0,435,4,dia,15,1,1,none,1,high,0.6493532546000097,48,16,8,9,80,0,2,0,0,1,Standard_1080p_60fps_5s
1320,1,p4x4,1,0.6157864219350295,2,4,0,0,44.70616914544182,-3:3,spatial,0,435,4,dia,15,1,1,none,1,high,0.6493532546000097,48,16,8,9,80,0,2,0,0,1,Standard_1080p_60fps_5s
1320,1,p4x4,3,0.6157864219350295,1,12,0,0,40.02961767606761,2:-2,spatial,0,435,4,dia,15,1,1,none,1,high,0.6493532546000097,48,16,8,2,80,0,2,2,0,1,Standard_1080p_60fps_5s
1331,1,p4x4,3,0.6157864219350295,2,12,0,0,44.70616914544182,-3:3,spatial,1,435,4,dia,15,1,1,none,1,high,0.6493532546000097,48,16,8,9,80,0,2,0,0,1,Standard_1080p_60fps_5s
1905,1,p4x4,3,0.671499867898717,2,12,0,0,44.70616914544182,-3:3,spatial,0,435,4,dia,19,1,1,none,1,high,0.6493532546000097,48,16,247,15,80,0,2,0,1,0,Standard_1080p_60fps_5s
1331,1,p4x4,2,0.6157864219350295,0,12,0,0,44.70616914544182,-6:6,spatial,0,435,4,dia,15,1,1,none,0,baseline,0.6493532546000097,48,16,96,2,99,1,5,0,0,0,Standard_1080p_60fps_5s
126,1,p4x4,1,0.6157864219350295,2,4,0,0,44.70616914544182,-3:3,temporal,0,435,4,dia,15,1,1,none,1,high,0.184274686721981,48,16,8,9,80,0,2,0,1,1,Standard_1080p_60fps_5s
1320,1,p4x4,3,0.6157864219350295,1,12,0,0,40.02961767606761,5:5,spatial,0,435,4,dia,15,1,1,none,1,high,0.6493532546000097,48,16,8,2,80,0,2,0,0,1,Standard_1080p_60fps_5s
1331,1,p4x4,3,0.6157864219350295,2,12,0,0,44.70616914544182,-6:6,spatial,0,435,4,dia,15,1,1,none,0,baseline,0.6493532546000097,48,16,96,2,99,3,5,0,1,0,Standard_1080p_60fps_5s
1905,1,p4x4,3,0.671499867898717,2,12,0,0,44.70616914544182,-3:3,spatial,0,435,4,dia,15,1,1,none,1,high,0.6493532546000097,42,16,8,9,80,0,2,0,0,0,Standard_1080p_60fps_5s
1331,1,p4x4,2,0.0870267057692019,0,12,0,0,41.24740753616432,-6:6,spatial,0,435,4,dia,55,1,1,none,1,baseline,0.6493532546000097,48,16,96,2,99,1,5,0,0,0,Standard_1080p_60fps_5s
2145,1,p4x4,1,0.6157864219350295,2,13,0,7,44.70616914544182,-6:6,spatial,0,435,4,hex,15,1,1,none,0,baseline,0.6493532546000097,48,16,96,2,99,3,5,0,1,1,Standard_1080p_60fps_5s
1905,1,p4x4,0,0.671499867898717,2,12,0,0,44.70616914544182,-3:3,spatial,0,435,4,dia,15,1,1,none,1,high,0.6493532546000097,21,16,8,2,80,0,2,2,0,1,Standard_1080p_60fps_5s
1320,1,none,3,0.6157864219350295,1,12,0,0,40.02961767606761,2:-2,spatial,0,435,4,dia,15,1,1,none,1,high,0.6493532546000097,42,16,8,9,80,0,2,0,1,0,Standard_1080p_60fps_5s
2229,1,p4x4,3,0.671499867898717,2,12,0,0,44.70616914544182,-3:3,spatial,0,435,4,dia,19,1,1,none,1,high,0.6493532546000097,48,16,27,2,80,0,2,1,0,1,Standard_1080p_60fps_5s
1331,1,p4x4,2,0.6157864219350295,0,12,1,6,9.72475271851656,-6:6,spatial,0,435,4,dia,15,0,1,none,1,high,0.6493532546000097,48,16,101,9,80,0,2,0,1,1,Standard_1080p_60fps_5s
1320,1,p4x4,3,0.6157864219350295,1,12,1,-12,40.02961767606761,2:-2,spatial,0,435,4,dia,20,1,1,vbr,1,high,0.6493532546000097,48,16,66,2,80,0,2,0,0,1,Standard_1080p_60fps_5s
1331,0,p4x4,3,0.6157864219350295,2,10,0,0,44.70616914544182,-3:3,spatial,0,435,4,dia,15,1,1,none,1,high,0.6493532546000097,48,16,8,9,57,0,2,0,1,1,Standard_1080p_60fps_5s
1331,1,p4x4,3,0.6157864219350295,2,12,0,0,44.70616914544182,-3:3,spatial,0,435,4,dia,15,1,1,none,1,high,0.6493532546000097,48,16,8,9,80,0,2,0,0,1,Still_image_720p_30fps_15s
1320,1,p4x4,3,0.6157864219350295,1,12,0,0,40.02961767606761,2:-2,spatial,0,435,4,dia,15,1,1,none,1,high,0.6493532546000097,48,16,8,2,80,0,2,0,0,1,Still_image_720p_30fps_15s
1320,1,p4x4,3,0.6157864219350295,1,12,0,0,40.02961767606761,2:-2,spatial,0,435,4,dia,15,1,1,none,1,high,0.6493532546000097,48,16,8,2,80,0,2,2,0,1,Still_image_720p_30fps_15s
1320,1,p4x4,1,0.6157864219350295,2,4,0,0,44.70616914544182,-3:3,spatial,0,435,4,dia,15,1,1,none,1,high,0.6493532546000097,48,16,8,9,80,0,2,0,0,1,Still_image_720p_30fps_15s
1905,1,p4x4,3,0.671499867898717,2,12,0,0,44.70616914544182,-3:3,spatial,0,435,4,dia,19,1,1,none,1,high,0.6493532546000097,48,16,247,15,80,0,2,0,1,0,Still_image_720p_30fps_15s
1331,1,p4x4,3,0.6157864219350295,2,12,0,0,44.70616914544182,-3:3,spatial,1,435,4,dia,15,1,1,none,1,high,0.6493532546000097,48,16,8,9,80,0,2,0,0,1,Still_image_720p_30fps_15s
1331,1,p4x4,2,0.6157864219350295,0,12,0,0,44.70616914544182,-6:6,spatial,0,435,4,dia,15,1,1,none,0,baseline,0.6493532546000097,48,16,96,2,99,1,5,0,0,0,Still_image_720p_30fps_15s
126,1,p4x4,1,0.6157864219350295,2,4,0,0,44.70616914544182,-3:3,temporal,0,435,4,dia,15,1,1,none,1,high,0.184274686721981,48,16,8,9,80,0,2,0,1,1,Still_image_720p_30fps_15s
1320,1,p4x4,3,0.6157864219350295,1,12,0,0,40.02961767606761,5:5,spatial,0,435,4,dia,15,1,1,none,1,high,0.6493532546000097,48,16,8,2,80,0,2,0,0,1,Still_image_720p_30fps_15s
1331,1,p4x4,3,0.6157864219350295,2,12,0,0,44.70616914544182,-6:6,spatial,0,435,4,dia,15,1,1,none,0,baseline,0.6493532546000097,48,16,96,2,99,3,5,0,1,0,Still_image_720p_30fps_15s
1331,1,p4x4,1,0.6157864219350295,2,12,0,0,44.70616914544182,-3:3,spatial,0,347,4,dia,15,1,1,none,1,high,0.6493532546000097,48,16,144,2,80,0,2,0,0,1,Still_image_720p_30fps_15s
1320,1,p4x4,1,0.6157864219350295,0,12,0,11,40.02961767606761,2:-2,none,0,435,3,dia,15,1,1,none,1,high,0.6493532546000097,48,14,8,2,80,0,2,0,0,1,Still_image_720p_30fps_15s
365,1,p4x4,3,0.6157864219350295,1,12,0,0,1.0275235568143526,2:-2,spatial,0,435,4,dia,15,1,1,none,1,high,0.6493532546000097,48,16,8,2,80,0,2,0,0,1,Still_image_720p_30fps_15s
1905,1,p4x4,3,0.671499867898717,2,12,0,0,44.70616914544182,-3:3,spatial,0,435,4,dia,19,0,1,none,1,high,0.6493532546000097,34,5,8,9,38,0,2,0,1,1,Still_image_720p_30fps_15s
1905,1,p4x4,3,0.671499867898717,0,12,0,0,44.70616914544182,0:0,spatial,0,435,4,dia,19,1,1,none,1,high,0.6493532546000097,22,16,247,15,80,0,2,0,0,0,Still_image_720p_30fps_15s
1320,1,p4x4,3,0.6157864219350295,2,12,1,0,23.207027383715413,-3:3,spatial,0,397,4,dia,15,1,1,none,1,high,0.6493532546000097,48,16,144,2,80,0,2,0,0,1,Still_image_720p_30fps_15s
1331,1,p4x4,1,0.6157864219350295,0,12,0,0,40.02961767606761,2:-2,spatial,0,435,4,dia,15,0,1,none,1,high,0.6493532546000097,48,16,8,2,80,9,2,2,1,1,Still_image_720p_30fps_15s
1320,1,p4x4,3,0.6157864219350295,1,12,0,0,40.02961767606761,2:-2,spatial,0,435,4,dia,53,1,1,none,1,high,0.1101924604691614,48,16,8,2,80,0,2,2,0,1,Still_image_720p_30fps_15s
1331,1,p4x4,2,0.6157864219350295,0,12,0,0,44.70616914544182,-6:6,spatial,0,435,4,dia,15,1,1,none,0,baseline,0.6493532546000097,34,16,96,2,99,3,2,0,0,1,Still_image_720p_30fps_15s
1905,1,p4x4,3,0.671499867898717,0,12,0,0,44.70616914544182,0:0,spatial,0,435,4,dia,19,1,0,none,1,high,0.6493532546000097,22,16,247,15,52,0,2,0,1,0,Still_image_720p_30fps_15s
1331,1,p4x4,3,0.6157864219350295,1,8,1,0,44.70616914544182,-6:6,auto,0,435,4,dia,15,0,1,none,1,baseline,0.184274686721981,30,16,96,2,51,1,5,0,0,1,Action_480p_60fps_15s
1320,1,p8x8,3,0.6157864219350295,1,8,1,0,44.70616914544182,-6:6,auto,0,435,4,dia,15,0,1,none,1,baseline,0.184274686721981,30,16,96,2,51,1,5,0,0,1,Action_480p_60fps_15s
1331,1,p4x4,2,1.55857211218537,1,12,0,0,44.70616914544182,-6:6,auto,0,454,4,dia,15,0,1,none,1,baseline,0.184274686721981,30,16,96,2,51,4,5,0,0,1,Action_480p_60fps_15s
1331,1,all,3,0.6157864219350295,1,8,1,0,44.70616914544182,-6:6,auto,0,435,4,dia,15,0,1,none,1,baseline,0.184274686721981,30,16,96,2,51,1,53,0,0,2,Action_480p_60fps_15s
1320,1,p8x8,3,0.6157864219350295,1,8,1,0,44.70616914544182,1:-1,auto,0,454,4,dia,15,0,1,vbr,1,baseline,0.184274686721981,30,2,210,2,51,4,5,0,0,1,Action_480p_60fps_15s
1320,0,p8x8,3,1.772261895261237,1,8,1,0,44.70616914544182,-6:6,auto,0,435,4,dia,15,0,1,none,1,baseline,0.184274686721981,30,16,230,2,51,4,5,0,0,1,Action_480p_60fps_15s
1331,0,p4x4,3,0.6157864219350295,1,12,1,0,44.70616914544182,1:-1,auto,0,454,4,dia,15,0,1,none,1,baseline,0.184274686721981,30,16,210,2,51,4,5,0,0,1,Action_480p_60fps_15s
1331,1,p4x4,3,0.6157864219350295,1,10,1,0,44.70616914544182,-6:6,auto,1,435,4,dia,15,0,1,none,1,baseline,0.184274686721981,34,16,96,2,51,1,5,1,0,0,Action_480p_60fps_15s
1331,1,p4x4,1,0.6157864219350295,1,8,1,0,44.70616914544182,-6:6,auto,0,435,4,dia,15,0,1,none,1,baseline,0.184274686721981,30,16,96,2,51,1,5,0,0,1,Action_480p_60fps_15s
1320,1,p4x4,3,1.8145441599040564,1,12,1,0,44.70616914544182,-6:6,auto,0,378,4,dia,15,0,0,none,1,baseline,0.184274686721981,30,16,96,2,51,1,5,0,0,1,Action_480p_60fps_15s
1331,1,p4x4,1,0.6157864219350295,1,8,1,0,44.70616914544182,5:-5,auto,1,435,3,dia,55,0,1,none,1,baseline,0.184274686721981,30,16,230,2,18,0,5,0,0,1,Action_480p_60fps_15s
1331,1,p4x4,3,0.6157864219350295,1,8,1,0,44.70616914544182,3:-3,auto,0,435,4,dia,44,0,1,none,1,baseline,0.184274686721981,24,16,96,2,51,1,5,1,0,0,Action_480p_60fps_15s
1331,1,p4x4,3,0.6081005545419484,2,10,1,0,44.70616914544182,-6:6,auto,1,435,4,dia,15,0,1,none,1,baseline,0.184274686721981,30,16,96,2,51,1,5,0,0,1,Action_480p_60fps_15s
1320,0,p8x8,3,1.772261895261237,1,8,1,0,44.70616914544182,-6:6,auto,0,435,4,dia,15,0,1,none,1,baseline,0.184274686721981,30,16,5,2,51,4,5,0,0,1,Action_480p_60fps_15s
2259,1,p4x4,2,1.55857211218537,1,12,0,0,44.70616914544182,-6:6,auto,0,454,4,dia,15,0,0,none,1,baseline,0.184274686721981,30,16,210,2,51,4,5,0,0,1,Action_480p_60fps_15s
1943,1,p4x4,1,0.6157864219350295,0,8,1,0,44.70616914544182,3:3,auto,0,435,4,dia,15,0,1,none,1,baseline,0.184274686721981,24,16,96,2,51,1,5,1,0,0,Action_480p_60fps_15s
1320,1,p4x4,3,1.8145441599040564,1,12,1,0,44.70616914544182,-5:5,auto,0,378,4,dia,15,0,0,none,1,baseline,0.184274686721981,30,16,96,2,51,1,5,0,0,1,Action_480p_60fps_15s
1331,1,none,3,1.1116683310749098,2,10,1,0,44.70616914544182,-6:6,auto,1,435,4,dia,15,0,1,none,1,baseline,0.4870954743970127,30,16,96,2,51,1,5,0,0,1,Action_480p_60fps_15s
1331,1,p8x8,2,1.55857211218537,1,8,0,0,44.70616914544182,-6:6,auto,1,454,4,dia,15,0,1,none,1,high,0.184274686721981,21,16,96,2,51,4,5,0,0,0,Action_480p_60fps_15s
1331,1,none,3,0.1310540811069741,2,8,1,0,44.70616914544182,3:-3,auto,1,435,4,dia,15,0,1,none,1,baseline,0.184274686721981,30,16,5,2,51,4,5,0,0,1,Action_480p_60fps_15s
1331,1,p4x4,3,0.6157864219350295,2,12,0,0,44.70616914544182,-3:3,spatial,0,435,4,dia,15,1,1,none,1,high,0.6493532546000097,48,16,8,9,80,0,2,0,0,1,Still_image_720p_60fps_20s
1320,1,p4x4,3,0.6157864219350295,1,12,0,0,40.02961767606761,2:-2,spatial,0,435,4,dia,15,1,1,none,1,high,0.6493532546000097,48,16,8,2,80,0,2,0,0,1,Still_image_720p_60fps_20s
1320,1,p4x4,3,0.6157864219350295,1,12,0,0,40.02961767606761,2:-2,spatial,0,435,4,dia,15,1,1,none,1,high,0.6493532546000097,48,16,8,2,80,0,2,2,0,1,Still_image_720p_60fps_20s
1320,1,p4x4,1,0.6157864219350295,2,4,0,0,44.70616914544182,-3:3,spatial,0,435,4,dia,15,1,1,none,1,high,0.6493532546000097,48,16,8,9,80,0,2,0,0,1,Still_image_720p_60fps_20s
1905,1,p4x4,3,0.671499867898717,2,12,0,0,44.70616914544182,-3:3,spatial,0,435,4,dia,19,1,1,none,1,high,0.6493532546000097,48,16,247,15,80,0,2,0,1,0,Still_image_720p_60fps_20s
1331,1,p4x4,3,0.6157864219350295,2,12,0,0,44.70616914544182,-3:3,spatial,1,435,4,dia,15,1,1,none,1,high,0.6493532546000097,48,16,8,9,80,0,2,0,0,1,Still_image_720p_60fps_20s
1331,1,p4x4,2,0.6157864219350295,0,12,0,0,44.70616914544182,-6:6,spatial,0,435,4,dia,15,1,1,none,0,baseline,0.6493532546000097,48,16,96,2,99,1,5,0,0,0,Still_image_720p_60fps_20s
126,1,p4x4,1,0.6157864219350295,2,4,0,0,44.70616914544182,-3:3,temporal,0,435,4,dia,15,1,1,none,1,high,0.184274686721981,48,16,8,9,80,0,2,0,1,1,Still_image_720p_60fps_20s
1320,1,p4x4,3,0.6157864219350295,1,12,0,0,40.02961767606761,5:5,spatial,0,435,4,dia,15,1,1,none,1,high,0.6493532546000097,48,16,8,2,80,0,2,0,0,1,Still_image_720p_60fps_20s
1331,1,p4x4,3,0.6157864219350295,2,12,0,0,44.70616914544182,-6:6,spatial,0,435,4,dia,15,1,1,none,0,baseline,0.6493532546000097,48,16,96,2,99,3,5,0,1,0,Still_image_720p_60fps_20s
1320,1,p4x4,3,0.6157864219350295,1,12,0,0,40.02961767606761,-1:1,spatial,0,435,4,dia,15,1,1,none,1,high,0.6493532546000097,48,16,8,9,80,0,2,0,1,1,Still_image_720p_60fps_20s
1320,1,p4x4,1,0.6157864219350295,1,12,0,0,35.21410796369704,5:5,spatial,0,435,4,dia,15,1,1,none,1,high,0.4486918164570883,48,16,51,2,80,0,2,0,0,1,Still_image_720p_60fps_20s
1320,1,p4x4,2,0.6157864219350295,0,4,0,0,44.70616914544182,-3:3,spatial,0,386,4,dia,15,0,1,none,1,high,0.6493532546000097,31,16,8,9,80,0,38,0,0,1,Still_image_720p_60fps_20s
1331,1,p4x4,3,0.6157864219350295,1,12,0,0,40.02961767606761,2:-2,spatial,0,435,4,dia,15,1,1,none,1,high,0.6493532546000097,48,16,8,2,80,0,2,2,0,1,Still_image_720p_60fps_20s
1320,1,p4x4,1,0.6157864219350295,0,12,0,0,44.70616914544182,-3:3,spatial,0,435,4,dia,15,1,1,none,1,high,0.6493532546000097,48,16,8,9,80,0,2,0,0,1,Still_image_720p_60fps_20s
1331,1,p4x4,2,0.6157864219350295,2,12,0,7,44.70616914544182,-3:3,spatial,1,435,4,dia,15,1,1,none,1,high,0.6493532546000097,48,5,8,9,80,0,2,0,0,1,Still_image_720p_60fps_20s
126,1,p4x4,1,0.3495389259880397,0,4,0,0,44.70616914544182,-3:3,auto,1,435,4,dia,50,1,1,none,1,high,0.6493532546000097,48,16,8,9,80,0,2,0,1,1,Still_image_720p_60fps_20s
2340,1,p4x4,3,0.6157864219350295,2,12,0,0,44.70616914544182,-3:3,spatial,0,435,4,dia,15,1,1,none,1,high,0.184274686721981,48,16,28,9,53,0,2,0,1,1,Still_image_720p_60fps_20s
1331,1,p4x4,3,0.6157864219350295,1,12,0,0,40.02961767606761,2:-2,spatial,0,435,3,dia,15,1,1,none,1,high,0.6493532546000097,48,10,8,2,80,0,38,0,0,1,Still_image_720p_60fps_20s
2340,1,p4x4,3,0.6157864219350295,2,12,0,0,44.70616914544182,-3:3,spatial,0,435,4,umh,15,1,1,none,1,high,0.184274686721981,48,14,8,9,80,0,2,0,0,1,Still_image_720p_60fps_20s
1331,1,p4x4,3,0.6157864219350295,1,8,1,0,44.70616914544182,-6:6,auto,0,435,4,dia,15,0,1,none,1,baseline,0.184274686721981,30,16,96,2,51,1,5,0,0,1,Action_1080p_25fps_15s
1320,1,p8x8,3,0.6157864219350295,1,8,1,0,44.70616914544182,-6:6,auto,0,435,4,dia,15,0,1,none,1,baseline,0.184274686721981,30,16,96,2,51,1,5,0,0,1,Action_1080p_25fps_15s
1331,1,p4x4,2,1.55857211218537,1,12,0,0,44.70616914544182,-6:6,auto,0,454,4,dia,15,0,1,none,1,baseline,0.184274686721981,30,16,96,2,51,4,5,0,0,1,Action_1080p_25fps_15s
1331,1,all,3,0.6157864219350295,1,8,1,0,44.70616914544182,-6:6,auto,0,435,4,dia,15,0,1,none,1,baseline,0.184274686721981,30,16,96,2,51,1,53,0,0,2,Action_1080p_25fps_15s
1320,1,p8x8,3,0.6157864219350295,1,8,1,0,44.70616914544182,1:-1,auto,0,454,4,dia,15,0,1,vbr,1,baseline,0.184274686721981,30,2,210,2,51,4,5,0,0,1,Action_1080p_25fps_15s
1320,0,p8x8,3,1.772261895261237,1,8,1,0,44.70616914544182,-6:6,auto,0,435,4,dia,15,0,1,none,1,baseline,0.184274686721981,30,16,230,2,51,4,5,0,0,1,Action_1080p_25fps_15s
1331,0,p4x4,3,0.6157864219350295,1,12,1,0,44.70616914544182,1:-1,auto,0,454,4,dia,15,0,1,none,1,baseline,0.184274686721981,30,16,210,2,51,4,5,0,0,1,Action_1080p_25fps_15s
1331,1,p4x4,3,0.6157864219350295,1,10,1,0,44.70616914544182,-6:6,auto,1,435,4,dia,15,0,1,none,1,baseline,0.184274686721981,34,16,96,2,51,1,5,1,0,0,Action_1080p_25fps_15s
1331,1,p4x4,1,0.6157864219350295,1,8,1,0,44.70616914544182,-6:6,auto,0,435,4,dia,15,0,1,none,1,baseline,0.184274686721981,30,16,96,2,51,1,5,0,0,1,Action_1080p_25fps_15s
1320,1,p4x4,3,1.8145441599040564,1,12,1,0,44.70616914544182,-6:6,auto,0,378,4,dia,15,0,0,none,1,baseline,0.184274686721981,30,16,96,2,51,1,5,0,0,1,Action_1080p_25fps_15s
1320,1,p8x8,1,0.6157864219350295,1,8,1,0,44.70616914544182,1:-1,auto,1,454,4,dia,15,0,1,cbr,1,baseline,0.184274686721981,30,16,96,2,51,1,5,0,0,1,Action_1080p_25fps_15s
342,1,p4x4,0,1.8145441599040564,1,12,1,0,44.70616914544182,-6:6,auto,0,378,4,dia,15,0,1,none,1,baseline,0.184274686721981,21,16,230,2,51,4,5,2,0,1,Action_1080p_25fps_15s
1320,0,p8x8,3,1.772261895261237,1,8,1,0,44.70616914544182,-6:6,auto,0,170,4,dia,15,0,1,none,1,high,0.184274686721981,30,16,230,2,51,1,5,0,0,1,Action_1080p_25fps_15s
1320,0,p8x8,3,1.772261895261237,1,8,1,0,44.70616914544182,-6:6,auto,0,435,4,dia,15,0,1,none,1,baseline,0.184274686721981,40,16,19,2,51,1,5,0,0,1,Action_1080p_25fps_15s
1331,1,none,3,0.6157864219350295,1,8,1,0,44.70616914544182,-6:6,auto,0,435,4,dia,15,0,1,none,1,baseline,0.184274686721981,30,16,96,2,51,1,5,0,0,1,Action_1080p_25fps_15s
1320,0,p8x8,3,1.772261895261237,1,12,0,0,44.70616914544182,-6:6,auto,1,454,4,dia,15,0,1,none,1,baseline,0.184274686721981,30,16,96,2,51,4,5,0,0,1,Action_1080p_25fps_15s
1320,1,p4x4,3,1.8145441599040564,1,12,1,0,44.70616914544182,-6:6,auto,0,489,4,dia,15,0,1,none,1,baseline,0.184274686721981,30,16,210,2,51,4,5,0,0,1,Action_1080p_25fps_15s
1331,1,p4x4,3,0.6157864219350295,1,12,1,0,44.70616914544182,1:-1,auto,0,454,4,dia,15,0,0,none,1,baseline,0.184274686721981,30,16,96,2,77,1,5,0,0,1,Action_1080p_25fps_15s
1320,0,p8x8,3,1.772261895261237,1,8,1,0,44.70616914544182,-6:6,auto,0,435,4,dia,27,0,1,none,1,baseline,0.184274686721981,30,16,160,2,77,1,5,0,0,1,Action_1080p_25fps_15s
1331,1,p4x4,3,0.6157864219350295,1,10,1,0,44.70616914544182,-6:6,auto,1,435,4,dia,15,0,1,none,1,baseline,0.184274686721981,34,16,19,2,51,1,5,0,0,0,Action_1080p_25fps_15s
1331,1,p4x4,3,0.6157864219350295,2,12,0,0,44.70616914544182,-3:3,spatial,0,435,4,dia,15,1,1,none,1,high,0.6493532546000097,48,16,8,9,80,0,2,0,0,1,Standard_720p_60fps_15s
1320,1,p4x4,3,0.6157864219350295,1,12,0,0,40.02961767606761,2:-2,spatial,0,435,4,dia,15,1,1,none,1,high,0.6493532546000097,48,16,8,2,80,0,2,0,0,1,Standard_720p_60fps_15s
1320,1,p4x4,3,0.6157864219350295,1,12,0,0,40.02961767606761,2:-2,spatial,0,435,4,dia,15,1,1,none,1,high,0.6493532546000097,48,16,8,2,80,0,2,2,0,1,Standard_720p_60fps_15s
1320,1,p4x4,1,0.6157864219350295,2,4,0,0,44.70616914544182,-3:3,spatial,0,435,4,dia,15,1,1,none,1,high,0.6493532546000097,48,16,8,9,80,0,2,0,0,1,Standard_720p_60fps_15s
1905,1,p4x4,3,0.671499867898717,2,12,0,0,44.70616914544182,-3:3,spatial,0,435,4,dia,19,1,1,none,1,high,0.6493532546000097,48,16,247,15,80,0,2,0,1,0,Standard_720p_60fps_15s
1331,1,p4x4,3,0.6157864219350295,2,12,0,0,44.70616914544182,-3:3,spatial,1,435,4,dia,15,1,1,none,1,high,0.6493532546000097,48,16,8,9,80,0,2,0,0,1,Standard_720p_60fps_15s
1331,1,p4x4,2,0.6157864219350295,0,12,0,0,44.70616914544182,-6:6,spatial,0,435,4,dia,15,1,1,none,0,baseline,0.6493532546000097,48,16,96,2,99,1,5,0,0,0,Standard_720p_60fps_15s
126,1,p4x4,1,0.6157864219350295,2,4,0,0,44.70616914544182,-3:3,temporal,0,435,4,dia,15,1,1,none,1,high,0.184274686721981,48,16,8,9,80,0,2,0,1,1,Standard_720p_60fps_15s
1320,1,p4x4,3,0.6157864219350295,1,12,0,0,40.02961767606761,5:5,spatial,0,435,4,dia,15,1,1,none,1,high,0.6493532546000097,48,16,8,2,80,0,2,0,0,1,Standard_720p_60fps_15s
1331,1,p4x4,3,0.6157864219350295,2,12,0,0,44.70616914544182,-6:6,spatial,0,435,4,dia,15,1,1,none,0,baseline,0.6493532546000097,48,16,96,2,99,3,5,0,1,0,Standard_720p_60fps_15s
126,1,p4x4,0,0.6157864219350295,0,4,0,0,44.70616914544182,-3:3,temporal,0,435,4,dia,15,1,1,none,1,high,0.184274686721981,48,16,207,9,80,10,2,0,1,1,Standard_720p_60fps_15s
1331,1,p4x4,3,0.6157864219350295,1,12,0,0,44.70616914544182,-6:6,spatial,0,285,4,dia,15,1,1,none,1,high,0.6493532546000097,48,7,8,2,80,0,2,0,0,1,Standard_720p_60fps_15s
1320,1,p4x4,3,0.6157864219350295,1,12,0,0,40.02961767606761,5:5,spatial,0,435,4,dia,15,1,1,none,0,baseline,0.6493532546000097,48,16,96,2,99,1,5,0,1,0,Standard_720p_60fps_15s
1331,1,p4x4,2,0.6586420706696499,0,12,0,0,44.70616914544182,-6:6,spatial,0,435,4,dia,15,1,1,none,0,baseline,0.6493532546000097,48,16,96,2,99,1,5,0,0,0,Standard_720p_60fps_15s
1331,1,p4x4,2,1.55857211218537,1,12,0,0,44.70616914544182,2:-2,spatial,0,435,4,dia,15,1,1,cbr,1,high,0.6493532546000097,48,16,8,2,80,0,2,0,1,1,Standard_720p_60fps_15s
1331,1,p4x4,2,0.6157864219350295,0,12,0,0,44.70616914544182,-6:6,spatial,0,435,4,dia,15,1,1,none,0,high,0.6493532546000097,48,16,8,9,80,0,2,0,0,1,Standard_720p_60fps_15s
1320,1,p4x4,3,0.6157864219350295,1,12,0,0,32.190138532278795,2:-2,spatial,0,435,4,dia,15,1,1,none,1,high,0.6493532546000097,48,16,8,2,80,0,2,0,1,1,Standard_720p_60fps_15s
1320,1,p4x4,3,0.6157864219350295,1,12,0,0,40.02961767606761,2:-2,spatial,0,435,4,dia,15,1,1,none,1,high,0.6493532546000097,48,16,8,2,80,0,31,2,0,1,Standard_720p_60fps_15s
1331,1,p4x4,2,0.6157864219350295,0,12,0,0,44.58825802315707,-6:6,spatial,0,435,4,dia,15,1,1,none,0,baseline,0.6493532546000097,25,16,96,2,99,3,5,0,1,0,Standard_720p_60fps_15s
1331,1,p8x8,3,0.6157864219350295,0,12,0,0,44.70616914544182,-6:6,spatial,0,435,4,dia,15,1,1,none,0,high,0.6493532546000097,48,16,155,9,80,0,2,0,1,0,Standard_720p_60fps_15s
1331,1,p4x4,3,0.6157864219350295,1,8,1,0,44.70616914544182,-6:6,auto,0,435,4,dia,15,0,1,none,1,baseline,0.184274686721981,30,16,96,2,51,1,5,0,0,1,Standard_1080p_25fps_20s
1320,1,p8x8,3,0.6157864219350295,1,8,1,0,44.70616914544182,-6:6,auto,0,435,4,dia,15,0,1,none,1,baseline,0.184274686721981,30,16,96,2,51,1,5,0,0,1,Standard_1080p_25fps_20s
1331,1,p4x4,2,1.55857211218537,1,12,0,0,44.70616914544182,-6:6,auto,0,454,4,dia,15,0,1,none,1,baseline,0.184274686721981,30,16,96,2,51,4,5,0,0,1,Standard_1080p_25fps_20s
1331,1,all,3,0.6157864219350295,1,8,1,0,44.70616914544182,-6:6,auto,0,435,4,dia,15,0,1,none,1,baseline,0.184274686721981,30,16,96,2,51,1,53,0,0,2,Standard_1080p_25fps_20s
1320,1,p4x4,3,1.8145441599040564,1,12,1,0,44.70616914544182,-6:6,auto,0,378,4,dia,15,0,0,none,1,baseline,0.184274686721981,30,16,96,2,51,1,5,0,0,1,Standard_1080p_25fps_20s
1331,1,p4x4,3,0.6157864219350295,1,10,1,0,44.70616914544182,-6:6,auto,1,435,4,dia,15,0,1,none,1,baseline,0.184274686721981,34,16,96,2,51,1,5,1,0,0,Standard_1080p_25fps_20s
1331,1,p4x4,1,0.6157864219350295,1,8,1,0,44.70616914544182,-6:6,auto,0,435,4,dia,15,0,1,none,1,baseline,0.184274686721981,30,16,96,2,51,1,5,0,0,1,Standard_1080p_25fps_20s
1320,1,p4x4,3,1.8145441599040564,1,8,1,0,44.70616914544182,-6:6,auto,1,378,4,dia,15,0,1,none,0,baseline,0.184274686721981,32,16,203,2,50,1,5,0,0,1,Standard_1080p_25fps_20s
1655,1,p4x4,3,0.6157864219350295,1,10,1,0,44.70616914544182,-6:6,auto,1,435,4,dia,4,0,1,none,1,baseline,0.184274686721981,34,16,96,2,51,1,5,2,0,1,Standard_1080p_25fps_20s
1994,1,p4x4,3,0.6157864219350295,2,8,1,0,44.70616914544182,-6:6,auto,1,444,4,dia,15,0,1,none,1,baseline,0.184274686721981,30,16,189,2,51,1,5,0,0,1,Standard_1080p_25fps_20s
1331,1,p4x4,2,1.55857211218537,1,12,0,0,26.885744404986628,-6:6,auto,0,435,4,dia,15,0,1,none,1,baseline,0.184274686721981,30,16,96,2,51,1,5,0,0,1,Standard_1080p_25fps_20s
1320,1,p8x8,3,0.6157864219350295,1,12,1,0,44.70616914544182,-6:6,auto,0,454,4,dia,15,0,1,none,1,baseline,0.3010544535217356,30,16,96,2,51,4,5,0,0,1,Standard_1080p_25fps_20s
1331,0,p4x4,3,0.0738892035341888,1,8,1,0,44.70616914544182,-6:6,auto,0,435,4,dia,15,0,1,none,1,baseline,0.2301426875691281,30,16,96,2,51,1,5,0,0,1,Standard_1080p_25fps_20s
1331,0,none,3,0.6157864219350295,1,8,1,0,44.70616914544182,-6:6,auto,0,435,4,dia,15,0,1,none,1,main,0.184274686721981,25,1,96,2,51,0,5,0,0,1,Standard_1080p_25fps_20s
1331,0,p4x4,2,1.55857211218537,1,12,0,0,26.885744404986628,-6:6,auto,0,361,3,dia,15,0,1,none,1,baseline,0.184274686721981,30,16,96,2,51,1,5,0,0,0,Standard_1080p_25fps_20s
1320,1,p8x8,3,0.5104855622259826,1,8,1,0,44.70616914544182,-6:6,auto,0,435,4,dia,15,0,1,none,1,baseline,0.184274686721981,30,16,96,2,51,1,5,0,0,1,Standard_1080p_25fps_20s
1331,1,p4x4,1,0.6157864219350295,1,8,1,0,44.70616914544182,-6:6,auto,1,208,4,dia,15,0,1,none,1,baseline,0.184274686721981,30,16,96,3,51,1,14,0,0,1,Standard_1080p_25fps_20s
1320,1,p4x4,3,1.8145441599040564,1,12,1,0,44.70616914544182,-6:6,auto,0,378,4,dia,15,0,0,none,1,baseline,0.0734023519072698,30,16,104,2,86,1,5,0,0,1,Standard_1080p_25fps_20s
1665,1,p4x4,2,1.55857211218537,1,0,0,0,44.70616914544182,-6:6,auto,0,435,4,dia,15,0,1,none,1,baseline,0.184274686721981,30,16,96,2,14,1,53,0,0,0,Standard_1080p_25fps_20s
1655,1,p4x4,3,0.6157864219350295,1,15,1,1,44.70616914544182,-6:6,auto,1,435,4,dia,4,0,1,none,1,baseline,0.184274686721981,34,16,96,2,51,1,5,2,0,0,Standard_1080p_25fps_20s
1320,1,p4x4,3,0.6157864219350295,1,12,0,0,40.02961767606761,2:-2,spatial,0,435,4,dia,15,1,1,none,1,high,0.6493532546000097,48,16,8,2,80,0,2,0,0,1,Action_1080p_30fps_15s
1331,1,p4x4,3,0.6157864219350295,2,12,0,0,44.70616914544182,-3:3,spatial,0,435,4,dia,15,1,1,none,1,high,0.6493532546000097,48,16,8,9,80,0,2,0,0,1,Action_1080p_30fps_15s
1320,1,p4x4,1,0.6157864219350295,2,4,0,0,44.70616914544182,-3:3,spatial,0,435,4,dia,15,1,1,none,1,high,0.6493532546000097,48,16,8,9,80,0,2,0,0,1,Action_1080p_30fps_15s
1320,1,p4x4,3,0.6157864219350295,1,12,0,0,40.02961767606761,2:-2,spatial,0,435,4,dia,15,1,1,none,1,high,0.6493532546000097,48,16,8,2,80,0,2,2,0,1,Action_1080p_30fps_15s
1331,1,p4x4,3,0.6157864219350295,2,12,0,0,44.70616914544182,-3:3,spatial,1,435,4,dia,15,1,1,none,1,high,0.6493532546000097,48,16,8,9,80,0,2,0,0,1,Action_1080p_30fps_15s
1905,1,p4x4,3,0.671499867898717,2,12,0,0,44.70616914544182,-3:3,spatial,0,435,4,dia,19,1,1,none,1,high,0.6493532546000097,48,16,247,15,80,0,2,0,1,0,Action_1080p_30fps_15s
1331,1,p4x4,2,0.6157864219350295,0,12,0,0,44.70616914544182,-6:6,spatial,0,435,4,dia,15,1,1,none,0,baseline,0.6493532546000097,48,16,96,2,99,1,5,0,0,0,Action_1080p_30fps_15s
126,1,p4x4,1,0.6157864219350295,2,4,0,0,44.70616914544182,-3:3,temporal,0,435,4,dia,15,1,1,none,1,high,0.184274686721981,48,16,8,9,80,0,2,0,1,1,Action_1080p_30fps_15s
1320,1,p4x4,3,0.6157864219350295,1,12,0,0,40.02961767606761,5:5,spatial,0,435,4,dia,15,1,1,none,1,high,0.6493532546000097,48,16,8,2,80,0,2,0,0,1,Action_1080p_30fps_15s
1331,1,p4x4,3,0.6157864219350295,2,12,0,0,44.70616914544182,-6:6,spatial,0,435,4,dia,15,1,1,none,0,baseline,0.6493532546000097,48,16,96,2,99,3,5,0,1,0,Action_1080p_30fps_15s
1320,1,p4x4,3,0.4982688530848584,1,12,0,0,40.02961767606761,5:5,spatial,0,435,4,esa,15,0,1,none,1,high,0.6493532546000097,48,16,122,2,80,0,2,0,1,1,Action_1080p_30fps_15s
1320,0,p4x4,3,0.6157864219350295,1,12,0,0,35.86456407703807,5:5,spatial,0,435,4,dia,15,1,1,none,1,high,0.6493532546000097,48,16,8,2,80,5,2,0,0,1,Action_1080p_30fps_15s
837,1,p4x4,3,0.6157864219350295,1,12,0,0,44.70616914544182,-6:6,spatial,0,435,4,dia,15,1,1,none,0,high,0.6493532546000097,48,16,8,2,80,0,2,0,0,1,Action_1080p_30fps_15s
1320,1,p4x4,3,1.8527549303832365,1,12,0,0,40.02961767606761,5:5,spatial,0,435,4,dia,15,1,1,none,1,baseline,0.6493532546000097,48,16,96,2,99,3,5,1,1,2,Action_1080p_30fps_15s
1331,1,p4x4,2,0.6157864219350295,0,12,0,0,44.70616914544182,-6:6,spatial,0,435,4,dia,15,1,1,none,1,baseline,0.6493532546000097,48,16,96,2,99,6,5,0,0,1,Action_1080p_30fps_15s
1320,1,p4x4,3,1.8527549303832365,0,12,0,0,44.70616914544182,-6:6,spatial,0,435,4,hex,15,1,1,none,1,baseline,0.6493532546000097,48,16,96,2,99,6,5,0,0,1,Action_1080p_30fps_15s
1460,1,p4x4,2,0.6157864219350295,0,12,0,0,40.02961767606761,5:5,spatial,0,435,4,dia,15,1,1,none,1,baseline,0.6493532546000097,48,2,96,2,99,3,5,1,1,0,Action_1080p_30fps_15s
1320,1,p4x4,3,0.5835926177809825,1,12,0,0,40.02961767606761,5:5,spatial,0,435,4,hex,15,1,1,vbr,1,high,0.6493532546000097,48,16,8,9,80,0,2,0,0,1,Action_1080p_30fps_15s
1331,1,p4x4,3,0.6157864219350295,2,12,0,0,44.70616914544182,-3:3,spatial,0,435,4,dia,6,1,1,none,1,high,0.6493532546000097,48,16,8,2,80,0,2,0,0,2,Action_1080p_30fps_15s
1331,1,"p8x8,b8x8,i8x8,i4x4",2,0.6157864219350295,0,12,0,0,44.70616914544182,6:6,spatial,0,435,4,dia,15,1,1,none,1,baseline,0.6493532546000097,48,14,96,2,99,6,5,0,0,1,Action_1080p_30fps_15s
1320,1,p4x4,3,0.6157864219350295,1,12,0,0,40.02961767606761,2:-2,spatial,0,435,4,dia,15,1,1,none,1,high,0.6493532546000097,48,16,8,2,80,0,2,0,0,1,Still_image_720p_60fps_15s
1331,1,p4x4,3,0.6157864219350295,2,12,0,0,44.70616914544182,-3:3,spatial,0,435,4,dia,15,1,1,none,1,high,0.6493532546000097,48,16,8,9,80,0,2,0,0,1,Still_image_720p_60fps_15s
1320,1,p4x4,1,0.6157864219350295,2,4,0,0,44.70616914544182,-3:3,spatial,0,435,4,dia,15,1,1,none,1,high,0.6493532546000097,48,16,8,9,80,0,2,0,0,1,Still_image_720p_60fps_15s
1320,1,p4x4,3,0.6157864219350295,1,12,0,0,40.02961767606761,2:-2,spatial,0,435,4,dia,15,1,1,none,1,high,0.6493532546000097,48,16,8,2,80,0,2,2,0,1,Still_image_720p_60fps_15s
1331,1,p4x4,3,0.6157864219350295,2,12,0,0,44.70616914544182,-3:3,spatial,1,435,4,dia,15,1,1,none,1,high,0.6493532546000097,48,16,8,9,80,0,2,0,0,1,Still_image_720p_60fps_15s
1905,1,p4x4,3,0.671499867898717,2,12,0,0,44.70616914544182,-3:3,spatial,0,435,4,dia,19,1,1,none,1,high,0.6493532546000097,48,16,247,15,80,0,2,0,1,0,Still_image_720p_60fps_15s
1331,1,p4x4,2,0.6157864219350295,0,12,0,0,44.70616914544182,-6:6,spatial,0,435,4,dia,15,1,1,none,0,baseline,0.6493532546000097,48,16,96,2,99,1,5,0,0,0,Still_image_720p_60fps_15s
126,1,p4x4,1,0.6157864219350295,2,4,0,0,44.70616914544182,-3:3,temporal,0,435,4,dia,15,1,1,none,1,high,0.184274686721981,48,16,8,9,80,0,2,0,1,1,Still_image_720p_60fps_15s
1320,1,p4x4,3,0.6157864219350295,1,12,0,0,40.02961767606761,5:5,spatial,0,435,4,dia,15,1,1,none,1,high,0.6493532546000097,48,16,8,2,80,0,2,0,0,1,Still_image_720p_60fps_15s
1331,1,p4x4,3,0.6157864219350295,2,12,0,0,44.70616914544182,-6:6,spatial,0,435,4,dia,15,1,1,none,0,baseline,0.6493532546000097,48,16,96,2,99,3,5,0,1,0,Still_image_720p_60fps_15s
1331,1,p4x4,3,0.6157864219350295,2,12,0,0,44.70616914544182,-3:3,spatial,0,435,4,dia,15,1,1,none,1,high,0.184274686721981,48,16,178,9,80,0,2,0,1,2,Still_image_720p_60fps_15s
1320,1,p4x4,3,0.6157864219350295,1,12,0,0,40.02961767606761,2:-2,spatial,0,435,4,dia,15,1,1,none,1,high,0.6493532546000097,48,13,8,2,80,0,2,2,0,1,Still_image_720p_60fps_15s
1331,1,p4x4,2,0.571265356724678,0,12,0,6,44.70616914544182,-5:5,auto,0,435,4,dia,10,1,1,none,1,high,0.6493532546000097,48,16,247,15,80,0,2,0,1,0,Still_image_720p_60fps_15s
1697,1,p4x4,3,0.6157864219350295,1,7,0,0,40.02961767606761,5:5,spatial,0,435,4,dia,15,1,1,none,1,high,0.6493532546000097,48,16,8,2,17,0,2,0,1,1,Still_image_720p_60fps_15s
1320,1,p4x4,3,0.6157864219350295,1,12,1,0,40.02961767606761,2:-2,spatial,0,435,4,dia,15,1,1,none,1,high,0.6493532546000097,48,16,8,2,80,0,38,0,0,1,Still_image_720p_60fps_15s
1320,1,p4x4,3,0.6157864219350295,1,12,0,0,40.02961767606761,2:-2,spatial,1,435,4,dia,15,1,1,none,1,high,0.6493532546000097,48,16,8,2,80,0,2,2,1,0,Still_image_720p_60fps_15s
1331,1,p4x4,3,0.6157864219350295,2,12,0,0,44.70616914544182,6:6,spatial,0,435,4,dia,15,0,1,none,1,high,0.6493532546000097,48,8,5,9,80,0,2,0,0,1,Still_image_720p_60fps_15s
1331,1,p4x4,3,0.6157864219350295,2,12,0,0,31.15287418125951,-3:3,spatial,0,435,4,dia,15,1,1,none,0,baseline,0.6493532546000097,48,16,96,1,99,3,5,0,1,0,Still_image_720p_60fps_15s
1320,1,p4x4,1,0.6157864219350295,1,1,0,0,40.02961767606761,2:-2,spatial,0,435,4,dia,15,1,1,none,1,high,0.6493532546000097,41,16,8,9,80,0,2,0,0,1,Still_image_720p_60fps_15s
1331,1,p4x4,3,0.6157864219350295,2,12,0,0,44.70616914544182,-3:3,spatial,0,435,4,tesa,15,1,1,none,1,high,0.184274686721981,48,16,178,9,80,0,2,0,1,2,Still_image_720p_60fps_15s
1320,1,p4x4,3,0.6157864219350295,1,12,0,0,40.02961767606761,2:-2,spatial,0,435,4,dia,15,1,1,none,1,high,0.6493532546000097,48,16,8,2,80,0,2,0,0,1,Still_image_1080p_25fps_5s
1331,1,p4x4,3,0.6157864219350295,2,12,0,0,44.70616914544182,-3:3,spatial,0,435,4,dia,15,1,1,none,1,high,0.6493532546000097,48,16,8,9,80,0,2,0,0,1,Still_image_1080p_25fps_5s
1320,1,p4x4,1,0.6157864219350295,2,4,0,0,44.70616914544182,-3:3,spatial,0,435,4,dia,15,1,1,none,1,high,0.6493532546000097,48,16,8,9,80,0,2,0,0,1,Still_image_1080p_25fps_5s
1320,1,p4x4,3,0.6157864219350295,1,12,0,0,40.02961767606761,2:-2,spatial,0,435,4,dia,15,1,1,none,1,high,0.6493532546000097,48,16,8,2,80,0,2,2,0,1,Still_image_1080p_25fps_5s
1331,1,p4x4,3,0.6157864219350295,2,12,0,0,44.70616914544182,-3:3,spatial,1,435,4,dia,15,1,1,none,1,high,0.6493532546000097,48,16,8,9,80,0,2,0,0,1,Still_image_1080p_25fps_5s
1905,1,p4x4,3,0.671499867898717,2,12,0,0,44.70616914544182,-3:3,spatial,0,435,4,dia,19,1,1,none,1,high,0.6493532546000097,48,16,247,15,80,0,2,0,1,0,Still_image_1080p_25fps_5s
1331,1,p4x4,2,0.6157864219350295,0,12,0,0,44.70616914544182,-6:6,spatial,0,435,4,dia,15,1,1,none,0,baseline,0.6493532546000097,48,16,96,2,99,1,5,0,0,0,Still_image_1080p_25fps_5s
126,1,p4x4,1,0.6157864219350295,2,4,0,0,44.70616914544182,-3:3,temporal,0,435,4,dia,15,1,1,none,1,high,0.184274686721981,48,16,8,9,80,0,2,0,1,1,Still_image_1080p_25fps_5s
1320,1,p4x4,3,0.6157864219350295,1,12,0,0,40.02961767606761,5:5,spatial,0,435,4,dia,15,1,1,none,1,high,0.6493532546000097,48,16,8,2,80,0,2,0,0,1,Still_image_1080p_25fps_5s
1331,1,p4x4,3,0.6157864219350295,2,12,0,0,44.70616914544182,-6:6,spatial,0,435,4,dia,15,1,1,none,0,baseline,0.6493532546000097,48,16,96,2,99,3,5,0,1,0,Still_image_1080p_25fps_5s
1331,1,p4x4,2,0.6157864219350295,0,12,0,0,44.70616914544182,-3:3,spatial,0,435,4,dia,15,1,1,none,0,high,0.6493532546000097,48,16,8,5,80,0,2,0,1,1,Still_image_1080p_25fps_5s
1320,1,p4x4,1,0.6157864219350295,0,0,0,0,40.02961767606761,2:-2,spatial,0,435,1,dia,15,1,1,none,1,high,0.6493532546000097,48,16,8,2,80,0,2,0,0,2,Still_image_1080p_25fps_5s
339,1,p4x4,1,0.6157864219350295,0,4,0,0,44.70616914544182,-3:3,temporal,0,435,1,dia,36,1,1,none,1,high,0.6493532546000097,48,16,237,15,80,0,61,0,1,0,Still_image_1080p_25fps_5s
126,1,p4x4,1,0.6157864219350295,0,4,0,0,44.70616914544182,-3:3,temporal,0,435,4,tesa,15,1,1,none,0,high,0.6493532546000097,48,8,8,9,88,0,2,0,0,1,Still_image_1080p_25fps_5s
1331,1,p4x4,2,0.6157864219350295,0,12,0,0,44.70616914544182,-3:3,temporal,0,435,4,dia,15,1,1,none,1,high,0.184274686721981,48,16,8,9,80,0,2,0,1,1,Still_image_1080p_25fps_5s
1320,1,p4x4,3,0.6157864219350295,1,12,0,0,13.50888359355011,5:5,none,0,435,4,dia,15,1,1,none,1,high,0.6415358727533688,48,16,8,2,80,0,2,0,0,2,Still_image_1080p_25fps_5s
1320,1,p4x4,1,0.6157864219350295,0,0,0,-6,5.411892350282831,2:-2,spatial,0,435,1,dia,15,0,1,none,1,high,0.6493532546000097,48,16,8,2,80,0,2,0,0,1,Still_image_1080p_25fps_5s
1331,1,all,3,0.6157864219350295,2,12,0,11,40.02961767606761,2:-2,spatial,0,435,4,hex,15,1,1,none,1,high,0.6493532546000097,48,16,8,2,80,0,2,0,0,0,Still_image_1080p_25fps_5s
126,1,p4x4,1,0.6157864219350295,2,16,0,0,44.70616914544182,2:2,temporal,0,435,4,dia,15,1,1,none,1,high,0.184274686721981,48,8,8,11,88,0,2,0,0,1,Still_image_1080p_25fps_5s
1331,1,p4x4,2,0.6157864219350295,0,12,0,0,4.206129924322289,-6:6,spatial,0,435,4,dia,15,1,1,none,1,high,0.6493532546000097,48,16,237,7,80,0,61,0,1,2,Still_image_1080p_25fps_5s
1320,1,p4x4,3,0.6157864219350295,1,3,0,0,22.176311362099508,2:-2,spatial,1,435,4,dia,15,1,1,none,1,baseline,0.210668167591233,30,2,210,2,51,4,5,0,0,1,Big_1080p_30fps_20s
1320,1,p4x4,3,0.6157864219350295,1,3,0,0,47.70258573479562,2:-2,spatial,1,435,4,dia,13,0,1,none,1,baseline,0.184274686721981,30,16,96,10,51,1,5,2,0,1,Big_1080p_30fps_20s
986,1,p4x4,3,0.6157864219350295,1,3,0,0,22.176311362099508,2:-2,spatial,1,435,4,dia,32,1,1,none,1,baseline,0.184274686721981,30,16,96,2,75,1,5,0,0,1,Big_1080p_30fps_20s
986,1,p4x4,3,1.316352875663054,1,3,0,0,22.176311362099508,2:-2,spatial,1,435,4,dia,10,1,1,none,1,baseline,0.184274686721981,30,15,96,2,75,1,5,0,0,0,Big_1080p_30fps_20s
1331,1,p4x4,3,0.6157864219350295,1,8,1,0,44.70616914544182,-6:6,auto,0,435,4,dia,15,0,1,none,1,baseline,0.184274686721981,30,16,96,2,51,1,5,0,0,1,Big_1080p_30fps_20s
1331,1,all,3,0.6157864219350295,1,8,1,0,44.70616914544182,-6:6,auto,0,435,4,dia,15,0,1,none,1,baseline,0.184274686721981,30,16,96,2,51,1,53,0,0,2,Big_1080p_30fps_20s
1331,1,p4x4,2,1.55857211218537,1,12,0,0,44.70616914544182,-6:6,auto,0,454,4,dia,15,0,1,none,1,baseline,0.184274686721981,30,16,96,2,51,4,5,0,0,1,Big_1080p_30fps_20s
1320,1,p8x8,3,0.6157864219350295,1,8,1,0,44.70616914544182,-6:6,auto,0,435,4,dia,15,0,1,none,1,baseline,0.184274686721981,30,16,96,2,51,1,5,0,0,1,Big_1080p_30fps_20s
1320,1,p4x4,3,1.8145441599040564,1,12,1,0,44.70616914544182,-6:6,auto,0,378,4,dia,15,0,0,none,1,baseline,0.184274686721981,30,16,96,2,51,1,5,0,0,1,Big_1080p_30fps_20s
1331,1,p4x4,1,0.6157864219350295,1,8,1,0,44.70616914544182,-6:6,auto,0,435,4,dia,15,0,1,none,1,baseline,0.184274686721981,30,16,96,2,51,1,5,0,0,1,Big_1080p_30fps_20s
1331,1,p4x4,3,0.6157864219350295,1,10,1,0,44.70616914544182,-6:6,auto,1,435,4,dia,15,0,1,none,1,baseline,0.184274686721981,34,16,96,2,51,1,5,1,0,0,Big_1080p_30fps_20s
1331,0,p4x4,3,0.6157864219350295,1,12,1,0,44.70616914544182,1:-1,auto,0,454,4,dia,15,0,1,none,1,baseline,0.184274686721981,30,16,210,2,51,4,5,0,0,1,Big_1080p_30fps_20s
1320,1,p8x8,3,0.6157864219350295,1,8,1,0,44.70616914544182,1:-1,auto,0,454,4,dia,15,0,1,vbr,1,baseline,0.184274686721981,30,2,210,2,51,4,5,0,0,1,Big_1080p_30fps_20s
1320,0,p8x8,3,1.772261895261237,1,8,1,0,44.70616914544182,-6:6,auto,0,435,4,dia,15,0,1,none,1,baseline,0.184274686721981,30,16,230,2,51,4,5,0,0,1,Big_1080p_30fps_20s
1320,0,p8x8,3,1.772261895261237,1,8,1,0,44.70616914544182,-6:6,auto,0,52,3,dia,15,0,1,none,1,baseline,0.184274686721981,30,16,230,2,51,4,5,0,0,1,Big_1080p_30fps_20s
1331,1,p4x4,0,0.6157864219350295,1,8,1,0,44.70616914544182,-6:6,auto,0,435,4,dia,13,0,1,none,1,baseline,0.184274686721981,30,16,96,2,51,1,5,0,0,1,Big_1080p_30fps_20s
1320,0,p8x8,3,1.772261895261237,1,13,1,0,29.358541532499515,-6:6,auto,0,435,0,dia,15,0,1,none,1,baseline,0.184274686721981,30,16,96,2,11,1,5,0,0,1,Big_1080p_30fps_20s
1331,1,p4x4,1,0.6157864219350295,1,10,1,0,44.70616914544182,-6:6,auto,0,435,4,dia,15,0,1,none,1,baseline,0.184274686721981,30,16,158,2,51,1,5,0,0,1,Big_1080p_30fps_20s
1320,1,p4x4,0,0.6157864219350295,1,8,1,4,44.70616914544182,-6:6,auto,0,435,4,dia,13,1,1,none,1,baseline,0.184274686721981,30,16,96,2,51,1,5,0,0,1,Big_1080p_30fps_20s
1320,0,p8x8,3,1.3285780518934895,1,8,1,0,37.74254972177123,-6:6,auto,0,52,3,esa,15,0,1,none,1,baseline,0.184274686721981,30,16,96,2,51,1,53,0,0,1,Big_1080p_30fps_20s
1331,1,all,3,0.6157864219350295,1,8,1,0,44.70616914544182,-6:6,auto,0,435,4,dia,15,0,1,none,1,baseline,0.184274686721981,30,16,96,2,51,1,53,0,0,2,Action_1080p_30fps_20s
1320,1,p8x8,3,0.6157864219350295,1,8,1,0,44.70616914544182,-6:6,auto,0,435,4,dia,15,0,1,none,1,baseline,0.184274686721981,30,16,96,2,51,1,5,0,0,1,Action_1080p_30fps_20s
1331,1,p4x4,2,1.55857211218537,1,12,0,0,44.70616914544182,-6:6,auto,0,454,4,dia,15,0,1,none,1,baseline,0.184274686721981,30,16,96,2,51,4,5,0,0,1,Action_1080p_30fps_20s
1331,1,p4x4,3,0.6157864219350295,1,8,1,0,44.70616914544182,-6:6,auto,0,435,4,dia,15,0,1,none,1,baseline,0.184274686721981,30,16,96,2,51,1,5,0,0,1,Action_1080p_30fps_20s
1331,1,p4x4,1,0.6157864219350295,1,8,1,0,44.70616914544182,-6:6,auto,0,435,4,dia,15,0,1,none,1,baseline,0.184274686721981,30,16,96,2,51,1,5,0,0,1,Action_1080p_30fps_20s
1320,1,p4x4,3,1.8145441599040564,1,12,1,0,44.70616914544182,-6:6,auto,0,378,4,dia,15,0,0,none,1,baseline,0.184274686721981,30,16,96,2,51,1,5,0,0,1,Action_1080p_30fps_20s
1331,1,p4x4,3,0.6157864219350295,1,10,1,0,44.70616914544182,-6:6,auto,1,435,4,dia,15,0,1,none,1,baseline,0.184274686721981,34,16,96,2,51,1,5,1,0,0,Action_1080p_30fps_20s
1331,0,p4x4,3,0.6157864219350295,1,12,1,0,44.70616914544182,1:-1,auto,0,454,4,dia,15,0,1,none,1,baseline,0.184274686721981,30,16,210,2,51,4,5,0,0,1,Action_1080p_30fps_20s
1320,1,p8x8,3,0.6157864219350295,1,8,1,0,44.70616914544182,1:-1,auto,0,454,4,dia,15,0,1,vbr,1,baseline,0.184274686721981,30,2,210,2,51,4,5,0,0,1,Action_1080p_30fps_20s
1320,0,p8x8,3,1.772261895261237,1,8,1,0,44.70616914544182,-6:6,auto,0,435,4,dia,15,0,1,none,1,baseline,0.184274686721981,30,16,230,2,51,4,5,0,0,1,Action_1080p_30fps_20s
1320,1,p4x4,3,1.8145441599040564,1,12,1,0,5.113158477523211,-6:6,auto,0,435,4,dia,15,0,1,none,1,baseline,0.184274686721981,31,16,96,2,51,1,53,0,0,2,Action_1080p_30fps_20s
1320,0,p4x4,3,1.2215940962840115,1,8,1,0,44.70616914544182,-6:6,auto,0,435,4,dia,15,0,1,none,1,baseline,0.184274686721981,30,16,96,2,51,1,5,0,0,1,Action_1080p_30fps_20s
717,1,p4x4,3,1.8145441599040564,1,12,1,0,44.70616914544182,-6:6,auto,0,83,4,dia,15,0,0,none,1,baseline,0.184274686721981,30,16,96,2,51,1,5,0,0,1,Action_1080p_30fps_20s
1320,1,p4x4,2,1.55857211218537,1,12,0,0,44.70616914544182,4:4,auto,0,454,4,dia,15,0,1,none,0,baseline,0.184274686721981,30,16,96,2,51,4,5,1,0,1,Action_1080p_30fps_20s
1607,0,p4x4,3,0.6157864219350295,1,12,1,0,44.70616914544182,1:-1,auto,0,454,4,dia,15,0,1,none,1,baseline,0.184274686721981,30,16,210,2,51,4,5,0,0,1,Action_1080p_30fps_20s
1320,1,p4x4,3,1.8145441599040564,1,12,1,0,44.70616914544182,-6:6,auto,0,378,4,dia,15,0,0,none,1,baseline,0.2175404691682907,46,16,96,2,51,1,5,0,0,1,Action_1080p_30fps_20s
1331,1,p4x4,2,1.55857211218537,1,12,0,0,44.70616914544182,-6:6,auto,0,454,4,dia,15,0,1,none,1,high,0.184274686721981,30,16,96,2,51,4,5,0,0,1,Action_1080p_30fps_20s
1320,1,p4x4,3,1.8145441599040564,1,12,1,-4,5.113158477523211,-6:6,auto,0,435,4,dia,15,0,1,vbr,1,baseline,0.184274686721981,31,16,96,2,51,1,53,0,0,1,Action_1080p_30fps_20s
1320,1,p4x4,3,1.8145441599040564,1,12,0,-3,29.9378266629975,-6:6,auto,0,435,4,dia,15,0,1,none,1,baseline,0.184274686721981,31,16,96,2,51,0,53,0,0,2,Action_1080p_30fps_20s
717,1,p4x4,0,1.8145441599040564,1,12,1,0,44.70616914544182,-6:6,auto,0,83,0,dia,15,0,1,none,1,baseline,0.184274686721981,30,16,96,2,51,4,5,0,0,1,Action_1080p_30fps_20s
1331,1,p4x4,3,0.6157864219350295,1,8,1,0,44.70616914544182,-6:6,auto,0,435,4,dia,15,0,1,none,1,baseline,0.184274686721981,30,16,96,2,51,1,5,0,0,1,Still_image_1080p_25fps_15s
1655,1,p4x4,3,0.6157864219350295,1,10,1,0,44.70616914544182,-6:6,auto,1,435,4,dia,4,0,1,none,1,baseline,0.184274686721981,34,16,96,2,51,1,5,2,0,1,Still_image_1080p_25fps_15s
1994,1,p4x4,3,0.6157864219350295,2,8,1,0,44.70616914544182,-6:6,auto,1,444,4,dia,15,0,1,none,1,baseline,0.184274686721981,30,16,189,2,51,1,5,0,0,1,Still_image_1080p_25fps_15s
1320,1,p4x4,3,1.8145441599040564,1,8,1,0,44.70616914544182,-6:6,auto,1,378,4,dia,15,0,1,none,0,baseline,0.184274686721981,32,16,203,2,50,1,5,0,0,1,Still_image_1080p_25fps_15s
1331,1,all,3,0.6157864219350295,1,8,1,0,44.70616914544182,-6:6,auto,0,435,4,dia,15,0,1,none,1,baseline,0.184274686721981,30,16,96,2,51,1,53,0,0,2,Still_image_1080p_25fps_15s
1320,1,p8x8,3,0.6157864219350295,1,8,1,0,44.70616914544182,-6:6,auto,0,435,4,dia,15,0,1,none,1,baseline,0.184274686721981,30,16,96,2,51,1,5,0,0,1,Still_image_1080p_25fps_15s
1331,1,p4x4,2,1.55857211218537,1,12,0,0,44.70616914544182,-6:6,auto,0,454,4,dia,15,0,1,none,1,baseline,0.184274686721981,30,16,96,2,51,4,5,0,0,1,Still_image_1080p_25fps_15s
1331,1,p4x4,3,0.6157864219350295,1,10,1,0,44.70616914544182,-6:6,auto,1,435,4,dia,15,0,1,none,1,baseline,0.184274686721981,34,16,96,2,51,1,5,1,0,0,Still_image_1080p_25fps_15s
1331,1,p4x4,1,0.6157864219350295,1,8,1,0,44.70616914544182,-6:6,auto,0,435,4,dia,15,0,1,none,1,baseline,0.184274686721981,30,16,96,2,51,1,5,0,0,1,Still_image_1080p_25fps_15s
1320,1,p4x4,3,1.8145441599040564,1,12,1,0,44.70616914544182,-6:6,auto,0,378,4,dia,15,0,0,none,1,baseline,0.184274686721981,30,16,96,2,51,1,5,0,0,1,Still_image_1080p_25fps_15s
1331,1,p4x4,1,0.6157864219350295,1,8,1,0,44.70616914544182,-6:6,auto,1,378,4,dia,15,0,1,none,0,baseline,0.184274686721981,32,16,203,2,50,8,27,0,0,1,Still_image_1080p_25fps_15s
1320,1,p4x4,3,1.8145441599040564,1,8,1,0,44.70616914544182,-6:6,auto,1,313,2,dia,15,0,1,none,0,baseline,0.184274686721981,32,16,203,2,50,1,5,0,0,2,Still_image_1080p_25fps_15s
1994,1,p4x4,3,0.6157864219350295,2,8,1,0,44.70616914544182,-6:6,auto,1,444,4,dia,15,0,1,none,0,baseline,0.184274686721981,29,16,189,2,51,1,5,0,0,0,Still_image_1080p_25fps_15s
1655,1,p4x4,3,0.6157864219350295,1,10,1,0,44.70616914544182,-6:6,auto,1,435,4,umh,4,0,1,none,1,baseline,0.184274686721981,34,16,96,2,51,1,5,2,0,1,Still_image_1080p_25fps_15s
1331,1,p4x4,1,0.6157864219350295,1,8,1,0,44.70616914544182,-6:6,auto,1,378,4,dia,15,0,1,none,0,baseline,0.184274686721981,48,16,203,2,50,8,27,0,0,1,Still_image_1080p_25fps_15s
1320,1,p4x4,3,1.8145441599040564,1,12,1,0,23.35701821103085,1:-1,auto,0,378,4,dia,15,0,0,none,1,baseline,0.184274686721981,30,16,96,2,51,4,5,0,0,1,Still_image_1080p_25fps_15s
1320,1,p4x4,3,1.8145441599040564,1,12,1,0,44.70616914544182,-6:6,auto,1,313,2,dia,15,0,1,none,0,baseline,0.184274686721981,32,16,203,2,50,1,5,0,0,2,Still_image_1080p_25fps_15s
2237,1,p4x4,3,1.8145441599040564,1,8,1,0,44.70616914544182,-6:6,auto,1,378,4,dia,15,0,0,vbr,1,baseline,0.184274686721981,30,16,96,2,51,1,5,0,0,1,Still_image_1080p_25fps_15s
1331,1,p4x4,1,0.6157864219350295,0,8,1,0,44.70616914544182,-6:6,auto,1,435,4,dia,15,0,1,none,1,baseline,0.184274686721981,34,16,96,2,51,1,5,2,0,1,Still_image_1080p_25fps_15s
1331,1,p4x4,3,0.5781934806773629,1,10,1,0,44.70616914544182,-6:6,auto,1,435,4,dia,15,0,0,none,0,baseline,0.184274686721981,30,16,96,2,51,1,28,0,0,1,Still_image_1080p_25fps_15s
1331,1,p4x4,3,0.6157864219350295,1,8,1,0,44.70616914544182,-6:6,auto,0,435,4,dia,15,0,1,none,1,baseline,0.184274686721981,30,16,96,2,51,1,5,0,0,1,Action_1080p_60fps_5s
1331,1,all,3,0.6157864219350295,1,8,1,0,44.70616914544182,-6:6,auto,0,435,4,dia,15,0,1,none,1,baseline,0.184274686721981,30,16,96,2,51,1,53,0,0,2,Action_1080p_60fps_5s
1331,1,p4x4,2,1.55857211218537,1,12,0,0,44.70616914544182,-6:6,auto,0,454,4,dia,15,0,1,none,1,baseline,0.184274686721981,30,16,96,2,51,4,5,0,0,1,Action_1080p_60fps_5s
1320,1,p8x8,3,0.6157864219350295,1,8,1,0,44.70616914544182,-6:6,auto,0,435,4,dia,15,0,1,none,1,baseline,0.184274686721981,30,16,96,2,51,1,5,0,0,1,Action_1080p_60fps_5s
1331,1,p4x4,1,0.6157864219350295,1,8,1,0,44.70616914544182,-6:6,auto,0,435,4,dia,15,0,1,none,1,baseline,0.184274686721981,30,16,96,2,51,1,5,0,0,1,Action_1080p_60fps_5s
1320,1,p4x4,3,1.8145441599040564,1,12,1,0,44.70616914544182,-6:6,auto,0,378,4,dia,15,0,0,none,1,baseline,0.184274686721981,30,16,96,2,51,1,5,0,0,1,Action_1080p_60fps_5s
1994,1,p4x4,3,0.6157864219350295,2,8,1,0,44.70616914544182,-6:6,auto,1,444,4,dia,15,0,1,none,1,baseline,0.184274686721981,30,16,189,2,51,1,5,0,0,1,Action_1080p_60fps_5s
1320,1,p4x4,3,1.8145441599040564,1,8,1,0,44.70616914544182,-6:6,auto,1,378,4,dia,15,0,1,none,0,baseline,0.184274686721981,32,16,203,2,50,1,5,0,0,1,Action_1080p_60fps_5s
1655,1,p4x4,3,0.6157864219350295,1,10,1,0,44.70616914544182,-6:6,auto,1,435,4,dia,4,0,1,none,1,baseline,0.184274686721981,34,16,96,2,51,1,5,2,0,1,Action_1080p_60fps_5s
1331,1,p4x4,3,0.6157864219350295,1,10,1,0,44.70616914544182,-6:6,auto,1,435,4,dia,15,0,1,none,1,baseline,0.184274686721981,34,16,96,2,51,1,5,1,0,0,Action_1080p_60fps_5s
1331,1,p4x4,2,1.55857211218537,1,12,0,0,44.70616914544182,-6:6,auto,1,435,4,dia,15,0,1,vbr,1,baseline,0.184274686721981,34,16,96,11,51,1,5,1,0,0,Action_1080p_60fps_5s
883,1,p4x4,3,1.8145441599040564,1,8,1,0,44.70616914544182,-6:6,auto,1,378,4,dia,15,0,1,none,0,baseline,0.9980655659967538,32,16,203,2,50,1,5,0,0,2,Action_1080p_60fps_5s
879,1,p4x4,3,1.8145441599040564,1,12,1,0,44.70616914544182,-6:6,auto,0,378,4,dia,15,0,0,none,1,baseline,0.184274686721981,30,16,96,2,51,1,5,0,0,1,Action_1080p_60fps_5s
1994,1,none,1,0.6157864219350295,2,8,1,0,44.70616914544182,-6:6,auto,0,444,4,dia,6,0,1,none,0,baseline,0.184274686721981,30,16,189,13,51,1,5,0,0,1,Action_1080p_60fps_5s
1331,0,p4x4,2,1.55857211218537,1,12,0,0,44.70616914544182,-6:6,auto,1,454,4,dia,15,0,1,none,1,baseline,0.184274686721981,30,16,96,2,51,4,5,0,0,1,Action_1080p_60fps_5s
1320,1,p4x4,3,1.1368947905042777,1,8,1,0,44.70616914544182,-6:6,auto,1,136,4,dia,15,0,0,none,0,baseline,0.184274686721981,30,16,96,2,51,1,53,0,0,2,Action_1080p_60fps_5s
1655,1,p4x4,3,0.6157864219350295,1,10,1,0,44.70616914544182,-6:6,auto,1,435,4,dia,4,1,1,none,1,baseline,0.184274686721981,21,16,96,2,51,9,5,0,0,1,Action_1080p_60fps_5s
1331,1,p4x4,3,0.6157864219350295,1,10,1,0,44.70616914544182,-6:6,auto,1,435,4,dia,15,0,1,none,1,baseline,0.9980655659967538,32,16,203,9,50,9,5,1,0,1,Action_1080p_60fps_5s
883,0,p4x4,3,1.8145441599040564,1,8,1,0,44.70616914544182,-6:6,auto,1,378,4,dia,15,0,1,none,0,baseline,0.184274686721981,34,16,96,2,51,1,5,1,0,0,Action_1080p_60fps_5s
1331,0,p4x4,2,1.55857211218537,1,12,0,0,44.70616914544182,-6:6,auto,0,435,4,dia,15,0,1,none,1,baseline,0.184274686721981,30,16,96,2,51,1,5,0,0,1,Action_1080p_60fps_5s
1320,1,p4x4,3,0.6157864219350295,1,12,0,0,40.02961767606761,2:-2,spatial,0,435,4,dia,15,1,1,none,1,high,0.6493532546000097,48,16,8,2,80,0,2,0,0,1,Still_image_480p_30fps_5s
1331,1,p4x4,3,0.6157864219350295,2,12,0,0,44.70616914544182,-3:3,spatial,0,435,4,dia,15,1,1,none,1,high,0.6493532546000097,48,16,8,9,80,0,2,0,0,1,Still_image_480p_30fps_5s
1320,1,p4x4,1,0.6157864219350295,2,4,0,0,44.70616914544182,-3:3,spatial,0,435,4,dia,15,1,1,none,1,high,0.6493532546000097,48,16,8,9,80,0,2,0,0,1,Still_image_480p_30fps_5s
1320,1,p4x4,3,0.6157864219350295,1,12,0,0,40.02961767606761,2:-2,spatial,0,435,4,dia,15,1,1,none,1,high,0.6493532546000097,48,16,8,2,80,0,2,2,0,1,Still_image_480p_30fps_5s
1331,1,p4x4,3,0.6157864219350295,2,12,0,0,44.70616914544182,-3:3,spatial,1,435,4,dia,15,1,1,none,1,high,0.6493532546000097,48,16,8,9,80,0,2,0,0,1,Still_image_480p_30fps_5s
1905,1,p4x4,3,0.671499867898717,2,12,0,0,44.70616914544182,-3:3,spatial,0,435,4,dia,19,1,1,none,1,high,0.6493532546000097,48,16,247,15,80,0,2,0,1,0,Still_image_480p_30fps_5s
1331,1,p4x4,2,0.6157864219350295,0,12,0,0,44.70616914544182,-6:6,spatial,0,435,4,dia,15,1,1,none,0,baseline,0.6493532546000097,48,16,96,2,99,1,5,0,0,0,Still_image_480p_30fps_5s
126,1,p4x4,1,0.6157864219350295,2,4,0,0,44.70616914544182,-3:3,temporal,0,435,4,dia,15,1,1,none,1,high,0.184274686721981,48,16,8,9,80,0,2,0,1,1,Still_image_480p_30fps_5s
1320,1,p4x4,3,0.6157864219350295,1,12,0,0,40.02961767606761,5:5,spatial,0,435,4,dia,15,1,1,none,1,high,0.6493532546000097,48,16,8,2,80,0,2,0,0,1,Still_image_480p_30fps_5s
1331,1,p4x4,3,0.6157864219350295,2,12,0,0,44.70616914544182,-6:6,spatial,0,435,4,dia,15,1,1,none,0,baseline,0.6493532546000097,48,16,96,2,99,3,5,0,1,0,Still_image_480p_30fps_5s
1905,1,p4x4,3,0.6237860890471121,2,12,0,0,44.70616914544182,-3:3,spatial,1,435,4,hex,15,0,1,none,1,high,0.6493532546000097,48,8,8,9,80,0,2,0,0,1,Still_image_480p_30fps_5s
1331,1,p4x4,3,0.6157864219350295,1,12,0,12,40.02961767606761,2:-2,spatial,0,359,4,dia,15,1,1,none,1,high,0.6493532546000097,48,16,8,12,80,0,2,0,0,1,Still_image_480p_30fps_5s
1477,1,"p8x8,b8x8,i8x8,i4x4",3,0.6157864219350295,1,12,0,0,40.02961767606761,2:2,spatial,0,435,4,dia,15,1,1,none,1,high,0.6493532546000097,30,16,96,2,51,1,50,0,0,1,Still_image_480p_30fps_5s
1905,1,p4x4,3,0.671499867898717,2,12,0,0,44.70616914544182,-3:3,spatial,0,435,4,dia,15,1,1,none,1,high,0.184274686721981,48,16,8,9,80,5,2,0,1,1,Still_image_480p_30fps_5s
1331,1,p4x4,2,0.6157864219350295,0,12,0,0,40.02961767606761,5:5,spatial,0,435,4,dia,12,1,1,none,1,high,0.6493532546000097,48,16,8,2,80,0,2,0,1,1,Still_image_480p_30fps_5s
1331,1,p4x4,3,0.3329065721413176,1,12,1,-9,40.02961767606761,2:-2,spatial,0,359,4,dia,15,1,1,none,1,high,0.6493532546000097,48,16,8,12,80,0,2,0,0,1,Still_image_480p_30fps_5s
1331,1,p4x4,3,0.6157864219350295,2,4,0,0,44.70616914544182,-3:3,spatial,0,435,4,dia,15,1,1,none,1,high,0.6493532546000097,48,16,32,9,50,0,2,0,1,1,Still_image_480p_30fps_5s
1320,1,p4x4,3,0.6157864219350295,1,12,0,12,6.822318127745964,2:-2,spatial,0,423,4,hex,15,1,1,none,1,high,0.6493532546000097,48,16,8,1,80,8,2,0,1,1,Still_image_480p_30fps_5s
1320,1,p4x4,3,0.6157864219350295,1,12,1,0,40.02961767606761,2:-2,spatial,0,435,4,dia,15,1,1,none,1,high,0.6493532546000097,48,16,247,15,80,0,2,0,1,0,Still_image_480p_30fps_5s
1331,1,p4x4,3,0.6157864219350295,2,12,0,0,44.70616914544182,-3:3,spatial,1,435,4,dia,15,1,1,none,1,high,0.6493532546000097,48,16,8,9,80,0,29,0,0,1,Still_image_480p_30fps_5s
1320,1,p4x4,3,0.6157864219350295,1,12,0,0,40.02961767606761,2:-2,spatial,0,435,4,dia,15,1,1,none,1,high,0.6493532546000097,48,16,8,2,80,0,2,0,0,1,Still_image_480p_25fps_20s
1331,1,p4x4,3,0.6157864219350295,2,12,0,0,44.70616914544182,-3:3,spatial,0,435,4,dia,15,1,1,none,1,high,0.6493532546000097,48,16,8,9,80,0,2,0,0,1,Still_image_480p_25fps_20s
1320,1,p4x4,1,0.6157864219350295,2,4,0,0,44.70616914544182,-3:3,spatial,0,435,4,dia,15,1,1,none,1,high,0.6493532546000097,48,16,8,9,80,0,2,0,0,1,Still_image_480p_25fps_20s
1320,1,p4x4,3,0.6157864219350295,1,12,0,0,40.02961767606761,2:-2,spatial,0,435,4,dia,15,1,1,none,1,high,0.6493532546000097,48,16,8,2,80,0,2,2,0,1,Still_image_480p_25fps_20s
1331,1,p4x4,3,0.6157864219350295,2,12,0,0,44.70616914544182,-3:3,spatial,1,435,4,dia,15,1,1,none,1,high,0.6493532546000097,48,16,8,9,80,0,2,0,0,1,Still_image_480p_25fps_20s
1905,1,p4x4,3,0.671499867898717,2,12,0,0,44.70616914544182,-3:3,spatial,0,435,4,dia,19,1,1,none,1,high,0.6493532546000097,48,16,247,15,80,0,2,0,1,0,Still_image_480p_25fps_20s
1331,1,p4x4,2,0.6157864219350295,0,12,0,0,44.70616914544182,-6:6,spatial,0,435,4,dia,15,1,1,none,0,baseline,0.6493532546000097,48,16,96,2,99,1,5,0,0,0,Still_image_480p_25fps_20s
126,1,p4x4,1,0.6157864219350295,2,4,0,0,44.70616914544182,-3:3,temporal,0,435,4,dia,15,1,1,none,1,high,0.184274686721981,48,16,8,9,80,0,2,0,1,1,Still_image_480p_25fps_20s
1320,1,p4x4,3,0.6157864219350295,1,12,0,0,40.02961767606761,5:5,spatial,0,435,4,dia,15,1,1,none,1,high,0.6493532546000097,48,16,8,2,80,0,2,0,0,1,Still_image_480p_25fps_20s
1331,1,p4x4,3,0.6157864219350295,2,12,0,0,44.70616914544182,-6:6,spatial,0,435,4,dia,15,1,1,none,0,baseline,0.6493532546000097,48,16,96,2,99,3,5,0,1,0,Still_image_480p_25fps_20s
1320,1,p4x4,1,0.6157864219350295,2,12,0,0,44.70616914544182,-3:3,spatial,0,435,4,dia,15,1,1,none,1,high,0.6493532546000097,48,16,8,9,80,0,58,2,0,1,Still_image_480p_25fps_20s
1331,1,p4x4,2,0.6157864219350295,0,9,0,0,44.70616914544182,-6:6,spatial,0,435,4,hex,15,1,1,none,1,high,0.184274686721981,28,16,8,9,80,0,24,0,1,1,Still_image_480p_25fps_20s
1331,1,p4x4,3,0.6157864219350295,2,12,0,0,44.70616914544182,-3:3,spatial,0,435,4,dia,15,1,1,none,1,high,0.6493532546000097,48,16,8,11,80,0,2,0,0,1,Still_image_480p_25fps_20s
126,1,p4x4,1,0.6157864219350295,2,4,0,0,44.70616914544182,-3:3,temporal,0,435,4,dia,15,1,1,none,1,high,0.3145580557711712,48,16,8,9,80,0,2,0,0,1,Still_image_480p_25fps_20s
1320,0,p4x4,1,0.6157864219350295,2,4,1,0,44.70616914544182,2:-2,spatial,0,435,4,dia,15,1,1,none,1,high,0.6493532546000097,48,16,8,9,90,3,5,0,1,0,Still_image_480p_25fps_20s
1331,1,p4x4,3,0.6157864219350295,1,12,0,0,40.02961767606761,2:-2,spatial,0,435,4,dia,15,1,1,none,1,high,0.984031714470867,47,16,8,2,40,0,2,2,0,1,Still_image_480p_25fps_20s
2341,1,p4x4,3,0.6157864219350295,0,12,0,-7,40.02961767606761,5:5,spatial,0,435,4,dia,15,1,1,none,1,high,0.6493532546000097,48,16,8,2,80,0,2,1,0,0,Still_image_480p_25fps_20s
1320,1,p4x4,1,0.6157864219350295,2,4,0,0,44.70616914544182,-3:3,spatial,0,435,4,dia,15,1,1,none,1,high,0.6493532546000097,48,16,8,2,80,0,2,1,0,1,Still_image_480p_25fps_20s
1331,1,"p8x8,b8x8,i8x8,i4x4",2,0.6157864219350295,0,0,0,0,44.70616914544182,-3:3,spatial,0,435,4,hex,15,1,1,none,0,baseline,0.6493532546000097,48,16,96,2,99,3,47,0,1,0,Still_image_480p_25fps_20s
1331,1,p4x4,3,0.6157864219350295,2,12,1,0,44.70616914544182,-6:6,spatial,0,166,4,hex,15,1,1,none,1,high,0.184274686721981,46,16,8,9,80,0,24,0,1,2,Still_image_480p_25fps_20s
1331,1,p4x4,3,0.6157864219350295,1,8,1,0,44.70616914544182,-6:6,auto,0,435,4,dia,15,0,1,none,1,baseline,0.184274686721981,30,16,96,2,51,1,5,0,0,1,Still_image_720p_25fps_5s
1331,1,all,3,0.6157864219350295,1,8,1,0,44.70616914544182,-6:6,auto,0,435,4,dia,15,0,1,none,1,baseline,0.184274686721981,30,16,96,2,51,1,53,0,0,2,Still_image_720p_25fps_5s
1331,1,p4x4,2,1.55857211218537,1,12,0,0,44.70616914544182,-6:6,auto,0,454,4,dia,15,0,1,none,1,baseline,0.184274686721981,30,16,96,2,51,4,5,0,0,1,Still_image_720p_25fps_5s
1320,1,p8x8,3,0.6157864219350295,1,8,1,0,44.70616914544182,-6:6,auto,0,435,4,dia,15,0,1,none,1,baseline,0.184274686721981,30,16,96,2,51,1,5,0,0,1,Still_image_720p_25fps_5s
1331,1,p4x4,1,0.6157864219350295,1,8,1,0,44.70616914544182,-6:6,auto,0,435,4,dia,15,0,1,none,1,baseline,0.184274686721981,30,16,96,2,51,1,5,0,0,1,Still_image_720p_25fps_5s
1320,1,p4x4,3,1.8145441599040564,1,12,1,0,44.70616914544182,-6:6,auto,0,378,4,dia,15,0,0,none,1,baseline,0.184274686721981,30,16,96,2,51,1,5,0,0,1,Still_image_720p_25fps_5s
1994,1,p4x4,3,0.6157864219350295,2,8,1,0,44.70616914544182,-6:6,auto,1,444,4,dia,15,0,1,none,1,baseline,0.184274686721981,30,16,189,2,51,1,5,0,0,1,Still_image_720p_25fps_5s
1320,1,p4x4,3,1.8145441599040564,1,8,1,0,44.70616914544182,-6:6,auto,1,378,4,dia,15,0,1,none,0,baseline,0.184274686721981,32,16,203,2,50,1,5,0,0,1,Still_image_720p_25fps_5s
1655,1,p4x4,3,0.6157864219350295,1,10,1,0,44.70616914544182,-6:6,auto,1,435,4,dia,4,0,1,none,1,baseline,0.184274686721981,34,16,96,2,51,1,5,2,0,1,Still_image_720p_25fps_5s
1331,1,p4x4,3,0.6157864219350295,1,10,1,0,44.70616914544182,-6:6,auto,1,435,4,dia,15,0,1,none,1,baseline,0.184274686721981,34,16,96,2,51,1,5,1,0,0,Still_image_720p_25fps_5s
1331,1,p4x4,2,1.55857211218537,2,12,0,0,44.70616914544182,-6:6,auto,0,454,4,dia,15,0,1,none,1,baseline,0.184274686721981,30,16,96,2,51,1,5,0,0,1,Still_image_720p_25fps_5s
1320,1,p8x8,3,0.6157864219350295,1,8,0,0,44.70616914544182,-6:6,auto,0,133,4,dia,15,0,1,none,1,baseline,0.184274686721981,30,16,96,2,67,0,5,0,0,2,Still_image_720p_25fps_5s
1331,1,all,3,0.6157864219350295,1,16,1,0,44.70616914544182,-6:6,auto,1,435,4,dia,15,0,1,none,1,baseline,0.184274686721981,30,18,96,2,51,1,53,0,0,2,Still_image_720p_25fps_5s
1655,1,p4x4,3,0.6157864219350295,1,0,1,0,44.70616914544182,-6:6,auto,1,435,4,dia,4,0,1,none,1,baseline,0.184274686721981,34,16,96,2,51,1,5,2,0,1,Still_image_720p_25fps_5s
1320,1,p4x4,3,1.8145441599040564,2,8,1,0,44.70616914544182,-6:6,auto,1,378,4,dia,15,0,1,none,1,baseline,0.184274686721981,30,16,96,2,51,1,53,0,0,2,Still_image_720p_25fps_5s
103,1,all,3,0.6157864219350295,1,8,1,0,44.70616914544182,-2:2,auto,1,435,4,dia,15,0,1,none,0,baseline,0.184274686721981,32,16,203,2,82,1,5,0,0,1,Still_image_720p_25fps_5s
1320,1,p4x4,3,1.8145441599040564,2,8,1,0,44.70616914544182,-6:6,auto,1,378,4,dia,15,0,1,none,1,main,0.184274686721981,30,16,96,2,51,4,5,0,0,1,Still_image_720p_25fps_5s
1331,1,p4x4,2,1.55857211218537,1,12,0,-9,44.70616914544182,-6:6,auto,0,454,4,dia,15,0,1,none,1,baseline,0.184274686721981,30,16,96,2,51,2,18,0,0,2,Still_image_720p_25fps_5s
1331,1,p4x4,2,1.55857211218537,1,12,0,0,35.08573554850005,-6:6,auto,0,117,4,dia,52,0,1,none,1,baseline,0.184274686721981,30,16,96,2,51,1,53,0,0,2,Still_image_720p_25fps_5s
1331,0,all,2,0.6157864219350295,1,8,1,0,44.70616914544182,-6:6,auto,0,435,4,dia,15,0,1,none,1,baseline,0.184274686721981,30,16,96,2,51,4,55,0,0,1,Still_image_720p_25fps_5s
1320,1,p4x4,3,0.6157864219350295,1,12,0,0,40.02961767606761,2:-2,spatial,0,435,4,dia,15,1,1,none,1,high,0.6493532546000097,48,16,8,2,80,0,2,0,0,1,Still_image_1080p_30fps_10s
1331,1,p4x4,3,0.6157864219350295,2,12,0,0,44.70616914544182,-3:3,spatial,0,435,4,dia,15,1,1,none,1,high,0.6493532546000097,48,16,8,9,80,0,2,0,0,1,Still_image_1080p_30fps_10s
1320,1,p4x4,1,0.6157864219350295,2,4,0,0,44.70616914544182,-3:3,spatial,0,435,4,dia,15,1,1,none,1,high,0.6493532546000097,48,16,8,9,80,0,2,0,0,1,Still_image_1080p_30fps_10s
1320,1,p4x4,3,0.6157864219350295,1,12,0,0,40.02961767606761,2:-2,spatial,0,435,4,dia,15,1,1,none,1,high,0.6493532546000097,48,16,8,2,80,0,2,2,0,1,Still_image_1080p_30fps_10s
1331,1,p4x4,3,0.6157864219350295,2,12,0,0,44.70616914544182,-3:3,spatial,1,435,4,dia,15,1,1,none,1,high,0.6493532546000097,48,16,8,9,80,0,2,0,0,1,Still_image_1080p_30fps_10s
1905,1,p4x4,3,0.671499867898717,2,12,0,0,44.70616914544182,-3:3,spatial,0,435,4,dia,19,1,1,none,1,high,0.6493532546000097,48,16,247,15,80,0,2,0,1,0,Still_image_1080p_30fps_10s
1331,1,p4x4,2,0.6157864219350295,0,12,0,0,44.70616914544182,-6:6,spatial,0,435,4,dia,15,1,1,none,0,baseline,0.6493532546000097,48,16,96,2,99,1,5,0,0,0,Still_image_1080p_30fps_10s
126,1,p4x4,1,0.6157864219350295,2,4,0,0,44.70616914544182,-3:3,temporal,0,435,4,dia,15,1,1,none,1,high,0.184274686721981,48,16,8,9,80,0,2,0,1,1,Still_image_1080p_30fps_10s
1320,1,p4x4,3,0.6157864219350295,1,12,0,0,40.02961767606761,5:5,spatial,0,435,4,dia,15,1,1,none,1,high,0.6493532546000097,48,16,8,2,80,0,2,0,0,1,Still_image_1080p_30fps_10s
1331,1,p4x4,3,0.6157864219350295,2,12,0,0,44.70616914544182,-6:6,spatial,0,435,4,dia,15,1,1,none,0,baseline,0.6493532546000097,48,16,96,2,99,3,5,0,1,0,Still_image_1080p_30fps_10s
1320,1,p4x4,3,0.6157864219350295,1,12,0,0,40.02961767606761,2:-2,spatial,0,435,4,dia,61,1,1,none,1,high,0.6493532546000097,48,16,8,2,80,0,2,0,0,1,Still_image_1080p_30fps_10s
57,0,p4x4,1,0.6157864219350295,0,4,0,0,44.70616914544182,-3:3,spatial,0,435,4,dia,15,1,1,none,1,high,0.184274686721981,48,16,8,9,80,0,2,1,1,1,Still_image_1080p_30fps_10s
1331,1,p8x8,3,0.6157864219350295,1,12,0,0,44.70616914544182,-3:3,spatial,1,435,4,dia,15,0,1,none,0,baseline,0.184274686721981,30,16,96,2,51,1,5,0,0,1,Still_image_1080p_30fps_10s
383,1,p4x4,1,0.6157864219350295,2,4,0,0,44.70616914544182,-3:3,temporal,0,435,4,dia,15,1,1,none,1,high,0.184274686721981,48,16,8,9,80,0,2,0,1,1,Still_image_1080p_30fps_10s
1320,1,p4x4,3,0.6157864219350295,1,12,0,0,40.02961767606761,2:-2,spatial,0,435,4,dia,15,1,1,none,0,baseline,0.6493532546000097,48,16,96,2,99,3,5,0,1,2,Still_image_1080p_30fps_10s
1331,1,p4x4,3,0.2313017363741105,2,12,0,0,44.70616914544182,-1:1,temporal,0,435,4,dia,15,1,1,none,1,high,0.6493532546000097,50,16,8,2,80,0,2,1,1,1,Still_image_1080p_30fps_10s
1320,1,p4x4,3,0.6157864219350295,1,12,0,0,40.02961767606761,2:-2,spatial,1,435,4,dia,15,1,1,none,0,baseline,0.6493532546000097,48,20,96,2,99,3,5,0,1,2,Still_image_1080p_30fps_10s
2220,1,p4x4,1,0.6157864219350295,2,4,0,0,44.70616914544182,-2:2,spatial,0,435,4,tesa,15,1,1,none,1,high,0.6493532546000097,42,16,100,9,80,0,2,0,0,1,Still_image_1080p_30fps_10s
57,0,"p8x8,b8x8,i8x8,i4x4",1,0.6157864219350295,0,2,0,0,44.70616914544182,-3:3,spatial,0,435,4,dia,15,1,1,none,1,high,0.6493532546000097,48,8,8,9,80,11,2,0,0,1,Still_image_1080p_30fps_10s
1905,1,p4x4,3,0.671499867898717,2,12,0,0,44.70616914544182,-3:3,spatial,0,435,4,dia,18,1,1,none,0,baseline,0.6493532546000097,48,4,96,2,99,3,5,0,1,0,Still_image_1080p_30fps_10s
1331,1,p4x4,3,0.6157864219350295,1,8,1,0,44.70616914544182,-6:6,auto,0,435,4,dia,15,0,1,none,1,baseline,0.184274686721981,30,16,96,2,51,1,5,0,0,1,Action_480p_60fps_20s
1331,1,all,3,0.6157864219350295,1,8,1,0,44.70616914544182,-6:6,auto,0,435,4,dia,15,0,1,none,1,baseline,0.184274686721981,30,16,96,2,51,1,53,0,0,2,Action_480p_60fps_20s
1331,1,p4x4,2,1.55857211218537,1,12,0,0,44.70616914544182,-6:6,auto,0,454,4,dia,15,0,1,none,1,baseline,0.184274686721981,30,16,96,2,51,4,5,0,0,1,Action_480p_60fps_20s
1320,1,p8x8,3,0.6157864219350295,1,8,1,0,44.70616914544182,-6:6,auto,0,435,4,dia,15,0,1,none,1,baseline,0.184274686721981,30,16,96,2,51,1,5,0,0,1,Action_480p_60fps_20s
1331,1,p4x4,1,0.6157864219350295,1,8,1,0,44.70616914544182,-6:6,auto,0,435,4,dia,15,0,1,none,1,baseline,0.184274686721981,30,16,96,2,51,1,5,0,0,1,Action_480p_60fps_20s
1320,1,p4x4,3,1.8145441599040564,1,12,1,0,44.70616914544182,-6:6,auto,0,378,4,dia,15,0,0,none,1,baseline,0.184274686721981,30,16,96,2,51,1,5,0,0,1,Action_480p_60fps_20s
1331,1,p4x4,3,0.6157864219350295,1,10,1,0,44.70616914544182,-6:6,auto,1,435,4,dia,15,0,1,none,1,baseline,0.184274686721981,34,16,96,2,51,1,5,1,0,0,Action_480p_60fps_20s
1994,1,p4x4,3,0.6157864219350295,2,8,1,0,44.70616914544182,-6:6,auto,1,444,4,dia,15,0,1,none,1,baseline,0.184274686721981,30,16,189,2,51,1,5,0,0,1,Action_480p_60fps_20s
1320,1,p4x4,3,1.8145441599040564,1,8,1,0,44.70616914544182,-6:6,auto,1,378,4,dia,15,0,1,none,0,baseline,0.184274686721981,32,16,203,2,50,1,5,0,0,1,Action_480p_60fps_20s
1655,1,p4x4,3,0.6157864219350295,1,10,1,0,44.70616914544182,-6:6,auto,1,435,4,dia,4,0,1,none,1,baseline,0.184274686721981,34,16,96,2,51,1,5,2,0,1,Action_480p_60fps_20s
1331,1,p4x4,2,1.55857211218537,1,12,0,0,44.70616914544182,-6:6,auto,0,454,4,hex,15,0,1,none,1,baseline,0.184274686721981,30,16,96,2,51,1,53,1,0,2,Action_480p_60fps_20s
1331,1,p4x4,3,0.6157864219350295,1,8,1,0,44.70616914544182,-6:6,auto,0,237,4,dia,15,0,1,none,1,baseline,0.184274686721981,30,15,96,2,51,1,5,0,0,1,Action_480p_60fps_20s
1320,1,p4x4,3,1.6639724319230165,1,12,0,0,40.02961767606761,2:-2,spatial,0,435,4,dia,15,0,1,none,1,baseline,0.184274686721981,30,16,96,4,51,1,5,0,0,1,Action_480p_60fps_20s
1331,1,p4x4,3,0.6750805957333441,1,5,1,0,44.70616914544182,-6:6,auto,0,435,4,dia,15,0,1,none,1,baseline,0.184274686721981,30,16,189,2,51,1,5,0,0,1,Action_480p_60fps_20s
1331,1,p4x4,2,0.6157864219350295,1,10,1,0,44.70616914544182,-6:6,auto,1,435,4,dia,15,0,1,none,1,baseline,0.184274686721981,34,10,96,2,51,1,5,1,1,0,Action_480p_60fps_20s
1331,1,p4x4,2,1.55857211218537,1,12,0,0,44.70616914544182,4:4,temporal,0,428,4,dia,15,0,1,none,1,baseline,0.184274686721981,30,16,96,2,51,1,5,0,0,1,Action_480p_60fps_20s
1320,0,p4x4,3,1.8145441599040564,1,12,1,0,44.70616914544182,-6:6,auto,1,378,4,dia,15,0,0,none,1,baseline,0.184274686721981,30,16,96,2,51,1,5,0,0,2,Action_480p_60fps_20s
1331,1,p4x4,3,0.6157864219350295,1,10,1,0,44.70616914544182,-6:6,auto,1,435,4,dia,15,0,1,none,1,baseline,0.184274686721981,34,16,96,4,51,1,5,1,0,1,Action_480p_60fps_20s
1655,1,p8x8,3,0.6157864219350295,1,10,1,0,44.70616914544182,-6:6,auto,1,336,4,dia,4,1,1,none,1,baseline,0.184274686721981,29,16,96,2,36,1,5,2,0,1,Action_480p_60fps_20s
1320,1,p4x4,3,1.8145441599040564,1,9,1,0,44.70616914544182,-6:6,auto,1,378,4,dia,15,0,1,none,1,baseline,0.184274686721981,30,16,189,2,51,1,5,0,0,1,Action_480p_60fps_20s
1320,1,p4x4,3,0.6157864219350295,1,16,0,0,44.70616914544182,-6:6,auto,1,435,4,dia,15,0,1,none,1,baseline,0.2078862734119957,30,16,96,2,3,1,5,0,1,1,Still_image_720p_30fps_20s
1320,1,p4x4,3,0.6157864219350295,1,16,0,0,44.70616914544182,-6:6,auto,1,435,2,dia,15,0,1,none,0,baseline,0.2078862734119957,30,16,96,2,3,1,5,0,0,1,Still_image_720p_30fps_20s
1320,1,p4x4,3,0.6157864219350295,1,16,0,0,44.608662334883306,-6:6,auto,1,435,4,dia,15,0,1,none,1,baseline,0.2078862734119957,30,16,198,2,3,1,5,2,1,1,Still_image_720p_30fps_20s
1320,1,p4x4,3,0.6157864219350295,1,12,0,0,40.02961767606761,2:-2,spatial,0,435,4,dia,15,1,1,none,1,high,0.6493532546000097,48,16,8,2,80,0,2,0,0,1,Still_image_720p_30fps_20s
1331,1,p4x4,3,0.6157864219350295,2,12,0,0,44.70616914544182,-3:3,spatial,0,435,4,dia,15,1,1,none,1,high,0.6493532546000097,48,16,8,9,80,0,2,0,0,1,Still_image_720p_30fps_20s
1320,1,p4x4,1,0.6157864219350295,2,4,0,0,44.70616914544182,-3:3,spatial,0,435,4,dia,15,1,1,none,1,high,0.6493532546000097,48,16,8,9,80,0,2,0,0,1,Still_image_720p_30fps_20s
1320,1,p4x4,3,0.6157864219350295,1,12,0,0,40.02961767606761,2:-2,spatial,0,435,4,dia,15,1,1,none,1,high,0.6493532546000097,48,16,8,2,80,0,2,2,0,1,Still_image_720p_30fps_20s
1331,1,p4x4,3,0.6157864219350295,2,12,0,0,44.70616914544182,-3:3,spatial,1,435,4,dia,15,1,1,none,1,high,0.6493532546000097,48,16,8,9,80,0,2,0,0,1,Still_image_720p_30fps_20s
1905,1,p4x4,3,0.671499867898717,2,12,0,0,44.70616914544182,-3:3,spatial,0,435,4,dia,19,1,1,none,1,high,0.6493532546000097,48,16,247,15,80,0,2,0,1,0,Still_image_720p_30fps_20s
1331,1,p4x4,2,0.6157864219350295,0,12,0,0,44.70616914544182,-6:6,spatial,0,435,4,dia,15,1,1,none,0,baseline,0.6493532546000097,48,16,96,2,99,1,5,0,0,0,Still_image_720p_30fps_20s
126,1,p4x4,1,0.6157864219350295,2,4,0,0,44.70616914544182,-3:3,temporal,0,435,4,dia,15,1,1,none,1,high,0.184274686721981,48,16,8,9,80,0,2,0,1,1,Still_image_720p_30fps_20s
1320,1,p4x4,3,0.6157864219350295,1,12,0,0,40.02961767606761,5:5,spatial,0,435,4,dia,15,1,1,none,1,high,0.6493532546000097,48,16,8,2,80,0,2,0,0,1,Still_image_720p_30fps_20s
1331,1,p4x4,3,0.6157864219350295,2,12,0,0,44.70616914544182,-6:6,spatial,0,435,4,dia,15,1,1,none,0,baseline,0.6493532546000097,48,16,96,2,99,3,5,0,1,0,Still_image_720p_30fps_20s
1331,1,p4x4,3,0.6157864219350295,1,8,1,0,44.70616914544182,-6:6,auto,0,435,4,dia,15,0,1,none,1,baseline,0.184274686721981,30,16,96,2,51,1,5,0,0,1,Still_image_720p_30fps_20s
1331,1,all,3,0.6157864219350295,1,8,1,0,44.70616914544182,-6:6,auto,0,435,4,dia,15,0,1,none,1,baseline,0.184274686721981,30,16,96,2,51,1,53,0,0,2,Still_image_720p_30fps_20s
1331,1,p4x4,2,1.55857211218537,1,12,0,0,44.70616914544182,-6:6,auto,0,454,4,dia,15,0,1,none,1,baseline,0.184274686721981,30,16,96,2,51,4,5,0,0,1,Still_image_720p_30fps_20s
1320,1,p8x8,3,0.6157864219350295,1,8,1,0,44.70616914544182,-6:6,auto,0,435,4,dia,15,0,1,none,1,baseline,0.184274686721981,30,16,96,2,51,1,5,0,0,1,Still_image_720p_30fps_20s
1331,1,p4x4,1,0.6157864219350295,1,8,1,0,44.70616914544182,-6:6,auto,0,435,4,dia,15,0,1,none,1,baseline,0.184274686721981,30,16,96,2,51,1,5,0,0,1,Still_image_720p_30fps_20s
1320,1,p4x4,3,1.8145441599040564,1,12,1,0,44.70616914544182,-6:6,auto,0,378,4,dia,15,0,0,none,1,baseline,0.184274686721981,30,16,96,2,51,1,5,0,0,1,Still_image_720p_30fps_20s
1331,1,p4x4,3,0.6157864219350295,1,10,1,0,44.70616914544182,-6:6,auto,1,435,4,dia,15,0,1,none,1,baseline,0.184274686721981,34,16,96,2,51,1,5,1,0,0,Still_image_720p_30fps_20s
1331,1,p4x4,3,0.6157864219350295,1,8,1,0,44.70616914544182,-6:6,auto,0,435,4,dia,15,0,1,none,1,baseline,0.184274686721981,30,16,96,2,51,1,5,0,0,1,Action_720p_30fps_5s
1331,1,all,3,0.6157864219350295,1,8,1,0,44.70616914544182,-6:6,auto,0,435,4,dia,15,0,1,none,1,baseline,0.184274686721981,30,16,96,2,51,1,53,0,0,2,Action_720p_30fps_5s
1320,1,p8x8,3,0.6157864219350295,1,8,1,0,44.70616914544182,-6:6,auto,0,435,4,dia,15,0,1,none,1,baseline,0.184274686721981,30,16,96,2,51,1,5,0,0,1,Action_720p_30fps_5s
1331,1,p4x4,2,1.55857211218537,1,12,0,0,44.70616914544182,-6:6,auto,0,454,4,dia,15,0,1,none,1,baseline,0.184274686721981,30,16,96,2,51,4,5,0,0,1,Action_720p_30fps_5s
1320,1,p4x4,3,1.8145441599040564,1,12,1,0,44.70616914544182,-6:6,auto,0,378,4,dia,15,0,0,none,1,baseline,0.184274686721981,30,16,96,2,51,1,5,0,0,1,Action_720p_30fps_5s
1331,1,p4x4,1,0.6157864219350295,1,8,1,0,44.70616914544182,-6:6,auto,0,435,4,dia,15,0,1,none,1,baseline,0.184274686721981,30,16,96,2,51,1,5,0,0,1,Action_720p_30fps_5s
1331,1,p4x4,3,0.6157864219350295,1,10,1,0,44.70616914544182,-6:6,auto,1,435,4,dia,15,0,1,none,1,baseline,0.184274686721981,34,16,96,2,51,1,5,1,0,0,Action_720p_30fps_5s
1320,1,p4x4,3,1.8145441599040564,1,8,1,0,44.70616914544182,-6:6,auto,1,378,4,dia,15,0,1,none,0,baseline,0.184274686721981,32,16,203,2,50,1,5,0,0,1,Action_720p_30fps_5s
1994,1,p4x4,3,0.6157864219350295,2,8,1,0,44.70616914544182,-6:6,auto,1,444,4,dia,15,0,1,none,1,baseline,0.184274686721981,30,16,189,2,51,1,5,0,0,1,Action_720p_30fps_5s
1655,1,p4x4,3,0.6157864219350295,1,10,1,0,44.70616914544182,-6:6,auto,1,435,4,dia,4,0,1,none,1,baseline,0.184274686721981,34,16,96,2,51,1,5,2,0,1,Action_720p_30fps_5s
1331,1,p4x4,3,0.6157864219350295,1,8,1,0,44.70616914544182,-6:6,auto,1,435,4,dia,15,0,1,none,1,baseline,0.184274686721981,30,16,96,2,51,1,5,0,0,1,Action_720p_30fps_5s
1304,1,all,3,1.3314347970274034,1,8,1,0,44.70616914544182,-6:6,auto,0,435,4,dia,46,0,1,none,1,baseline,0.184274686721981,30,16,96,2,51,1,53,0,0,0,Action_720p_30fps_5s
1331,1,p4x4,1,0.6157864219350295,1,8,1,9,44.70616914544182,-6:6,auto,0,31,4,dia,15,0,1,none,1,baseline,0.184274686721981,30,16,96,2,51,1,5,0,0,1,Action_720p_30fps_5s
1320,1,p4x4,3,1.8145441599040564,1,8,1,0,22.080771538695576,-6:6,auto,0,378,4,dia,15,0,1,none,1,baseline,0.184274686721981,44,16,96,2,51,1,5,1,0,0,Action_720p_30fps_5s
1655,1,p4x4,3,0.6157864219350295,1,10,1,0,44.70616914544182,-6:6,auto,0,273,4,dia,4,0,1,none,1,baseline,0.184274686721981,46,16,96,2,51,1,5,2,0,1,Action_720p_30fps_5s
1655,1,p4x4,0,0.6157864219350295,1,10,1,0,44.70616914544182,-6:6,auto,1,435,4,dia,4,0,1,none,1,high,0.184274686721981,34,16,96,2,51,1,5,2,0,1,Action_720p_30fps_5s
1655,1,p4x4,3,0.6157864219350295,0,8,1,0,44.70616914544182,-6:6,auto,1,444,2,dia,15,0,1,none,1,baseline,0.184274686721981,30,16,189,2,51,1,5,0,0,1,Action_720p_30fps_5s
1994,1,p4x4,3,0.6157864219350295,1,10,1,0,44.70616914544182,-6:6,auto,1,67,1,dia,4,0,1,none,1,baseline,0.0827156355850961,34,16,96,2,51,1,5,2,0,1,Action_720p_30fps_5s
1891,1,p4x4,3,0.6157864219350295,1,10,1,0,44.70616914544182,-6:6,auto,1,435,4,dia,39,0,1,none,1,baseline,0.184274686721981,34,16,233,2,37,1,5,1,0,0,Action_720p_30fps_5s
1994,1,p4x4,3,0.6157864219350295,2,8,1,0,44.70616914544182,-6:6,auto,1,444,4,dia,15,0,1,none,1,baseline,0.184274686721981,30,16,96,2,51,1,5,0,0,1,Action_720p_30fps_5s
1331,1,p4x4,3,0.6157864219350295,1,8,1,0,44.70616914544182,-6:6,auto,0,435,4,dia,15,0,1,none,1,baseline,0.184274686721981,30,16,96,2,51,1,5,0,0,1,Action_1080p_30fps_5s
1331,1,all,3,0.6157864219350295,1,8,1,0,44.70616914544182,-6:6,auto,0,435,4,dia,15,0,1,none,1,baseline,0.184274686721981,30,16,96,2,51,1,53,0,0,2,Action_1080p_30fps_5s
1320,1,p8x8,3,0.6157864219350295,1,8,1,0,44.70616914544182,-6:6,auto,0,435,4,dia,15,0,1,none,1,baseline,0.184274686721981,30,16,96,2,51,1,5,0,0,1,Action_1080p_30fps_5s
1331,1,p4x4,2,1.55857211218537,1,12,0,0,44.70616914544182,-6:6,auto,0,454,4,dia,15,0,1,none,1,baseline,0.184274686721981,30,16,96,2,51,4,5,0,0,1,Action_1080p_30fps_5s
1320,1,p4x4,3,1.8145441599040564,1,12,1,0,44.70616914544182,-6:6,auto,0,378,4,dia,15,0,0,none,1,baseline,0.184274686721981,30,16,96,2,51,1,5,0,0,1,Action_1080p_30fps_5s
1331,1,p4x4,1,0.6157864219350295,1,8,1,0,44.70616914544182,-6:6,auto,0,435,4,dia,15,0,1,none,1,baseline,0.184274686721981,30,16,96,2,51,1,5,0,0,1,Action_1080p_30fps_5s
1331,1,p4x4,3,0.6157864219350295,1,10,1,0,44.70616914544182,-6:6,auto,1,435,4,dia,15,0,1,none,1,baseline,0.184274686721981,34,16,96,2,51,1,5,1,0,0,Action_1080p_30fps_5s
1320,1,p4x4,3,1.8145441599040564,1,8,1,0,44.70616914544182,-6:6,auto,1,378,4,dia,15,0,1,none,0,baseline,0.184274686721981,32,16,203,2,50,1,5,0,0,1,Action_1080p_30fps_5s
1994,1,p4x4,3,0.6157864219350295,2,8,1,0,44.70616914544182,-6:6,auto,1,444,4,dia,15,0,1,none,1,baseline,0.184274686721981,30,16,189,2,51,1,5,0,0,1,Action_1080p_30fps_5s
1655,1,p4x4,3,0.6157864219350295,1,10,1,0,44.70616914544182,-6:6,auto,1,435,4,dia,4,0,1,none,1,baseline,0.184274686721981,34,16,96,2,51,1,5,2,0,1,Action_1080p_30fps_5s
1994,1,p4x4,3,0.6157864219350295,2,10,1,0,44.70616914544182,-6:6,auto,1,204,4,dia,4,0,1,none,1,baseline,0.184274686721981,34,16,96,2,51,1,5,2,1,1,Action_1080p_30fps_5s
1655,1,p4x4,3,0.6157864219350295,2,8,1,0,44.70616914544182,-6:6,spatial,1,444,0,dia,15,0,1,none,1,baseline,0.184274686721981,30,16,189,2,51,1,5,0,0,1,Action_1080p_30fps_5s
1655,1,p4x4,3,0.6157864219350295,1,8,1,0,44.70616914544182,-6:6,auto,0,435,4,dia,15,1,1,none,1,baseline,0.184274686721981,30,16,96,2,51,1,5,0,0,1,Action_1080p_30fps_5s
1673,1,p4x4,3,0.6157864219350295,1,10,1,0,44.70616914544182,-6:6,auto,1,435,4,esa,4,0,1,none,1,baseline,0.184274686721981,31,16,96,1,51,1,5,2,0,1,Action_1080p_30fps_5s
1655,1,p4x4,3,0.6157864219350295,1,10,0,0,44.70616914544182,-6:6,auto,1,307,4,tesa,4,0,1,none,1,baseline,0.184274686721981,34,16,189,2,51,1,59,0,0,1,Action_1080p_30fps_5s
1994,1,p4x4,3,0.6157864219350295,2,13,1,0,44.70616914544182,-6:6,auto,1,444,0,dia,15,0,0,none,1,baseline,0.184274686721981,30,16,96,2,51,1,5,2,0,1,Action_1080p_30fps_5s
1655,1,p4x4,3,0.6157864219350295,1,10,1,0,44.70616914544182,-6:6,auto,1,435,4,dia,4,0,1,none,1,baseline,0.184274686721981,34,16,228,2,51,1,5,0,0,1,Action_1080p_30fps_5s
1331,1,p4x4,2,1.55857211218537,1,12,0,0,44.70616914544182,-6:6,auto,0,454,4,hex,15,0,1,none,1,baseline,0.184274686721981,30,16,96,2,51,4,5,0,0,1,Action_1080p_30fps_5s
1429,1,p4x4,3,1.5710483738595258,1,8,0,0,42.04715469719215,2:-2,auto,0,435,3,dia,15,0,1,none,1,baseline,0.5156107634861674,30,16,96,2,51,1,5,0,0,1,Action_1080p_30fps_5s
1320,1,p8x8,3,0.6157864219350295,1,10,1,0,44.70616914544182,-6:6,auto,1,435,4,dia,4,0,1,none,1,baseline,0.184274686721981,34,16,96,2,51,1,5,2,0,1,Action_1080p_30fps_5s
1320,1,p4x4,0,0.6807787787673821,2,12,0,2,44.70616914544182,-6:6,spatial,0,138,4,dia,15,1,1,none,0,baseline,0.6493532546000097,40,16,96,2,99,3,5,0,1,0,Action_480p_30fps_15s
1331,1,p4x4,3,0.6157864219350295,2,12,0,0,44.70616914544182,-3:3,spatial,0,435,4,dia,15,1,1,none,1,high,0.6493532546000097,48,16,8,9,80,0,2,0,0,1,Action_480p_30fps_15s
1320,1,p4x4,3,0.6157864219350295,1,12,0,0,40.02961767606761,2:-2,spatial,0,435,4,dia,15,1,1,none,1,high,0.6493532546000097,48,16,8,2,80,0,2,0,0,1,Action_480p_30fps_15s
1320,1,p4x4,3,0.6157864219350295,1,12,0,0,40.02961767606761,2:-2,spatial,0,435,4,dia,15,1,1,none,1,high,0.6493532546000097,48,16,8,2,80,0,2,2,0,1,Action_480p_30fps_15s
1320,1,p4x4,1,0.6157864219350295,2,4,0,0,44.70616914544182,-3:3,spatial,0,435,4,dia,15,1,1,none,1,high,0.6493532546000097,48,16,8,9,80,0,2,0,0,1,Action_480p_30fps_15s
1905,1,p4x4,3,0.671499867898717,2,12,0,0,44.70616914544182,-3:3,spatial,0,435,4,dia,19,1,1,none,1,high,0.6493532546000097,48,16,247,15,80,0,2,0,1,0,Action_480p_30fps_15s
1331,1,p4x4,3,0.6157864219350295,2,12,0,0,44.70616914544182,-3:3,spatial,1,435,4,dia,15,1,1,none,1,high,0.6493532546000097,48,16,8,9,80,0,2,0,0,1,Action_480p_30fps_15s
1331,1,p4x4,2,0.6157864219350295,0,12,0,0,44.70616914544182,-6:6,spatial,0,435,4,dia,15,1,1,none,0,baseline,0.6493532546000097,48,16,96,2,99,1,5,0,0,0,Action_480p_30fps_15s
126,1,p4x4,1,0.6157864219350295,2,4,0,0,44.70616914544182,-3:3,temporal,0,435,4,dia,15,1,1,none,1,high,0.184274686721981,48,16,8,9,80,0,2,0,1,1,Action_480p_30fps_15s
1320,1,p4x4,3,0.6157864219350295,1,12,0,0,40.02961767606761,5:5,spatial,0,435,4,dia,15,1,1,none,1,high,0.6493532546000097,48,16,8,2,80,0,2,0,0,1,Action_480p_30fps_15s
1331,1,p4x4,3,0.6157864219350295,2,12,0,0,44.70616914544182,-6:6,spatial,0,435,4,dia,15,1,1,none,0,baseline,0.6493532546000097,48,16,96,2,99,3,5,0,1,0,Action_480p_30fps_15s
1320,1,p4x4,3,0.6157864219350295,1,12,0,0,40.02961767606761,5:5,spatial,0,435,4,dia,15,1,1,none,1,high,0.5636771074987238,48,16,8,9,80,0,2,0,0,1,Action_480p_30fps_15s
1320,1,p4x4,3,1.8145441599040564,2,12,0,0,44.70616914544182,-3:3,spatial,0,435,4,dia,15,1,1,none,1,high,0.6493532546000097,48,16,8,9,80,0,2,0,0,1,Action_480p_30fps_15s
1331,1,p4x4,1,0.6157864219350295,2,12,0,0,44.70616914544182,-3:3,spatial,0,435,4,dia,15,1,1,none,1,high,0.6493532546000097,20,16,8,9,51,4,5,0,1,1,Action_480p_30fps_15s
1320,1,p4x4,3,0.6157864219350295,1,12,0,0,40.02961767606761,2:-2,spatial,0,131,4,dia,15,1,1,none,1,high,0.18786310885356,43,16,8,1,80,0,2,0,0,1,Action_480p_30fps_15s
1331,1,p4x4,2,0.6157864219350295,0,16,0,0,44.70616914544182,-6:6,spatial,0,435,4,dia,15,1,1,none,1,high,0.6493532546000097,48,16,8,9,80,0,2,0,0,1,Action_480p_30fps_15s
1331,1,p4x4,3,0.6157864219350295,2,12,0,0,44.70616914544182,-3:3,spatial,0,435,4,umh,15,1,0,none,1,high,0.6493532546000097,48,16,8,2,80,0,2,0,0,1,Action_480p_30fps_15s
1320,1,p4x4,3,0.4173807921410571,1,12,0,5,40.02961767606761,1:1,spatial,0,435,3,dia,15,1,1,none,1,high,0.2448522266947982,48,12,8,9,80,0,12,0,0,1,Action_480p_30fps_15s
1331,1,p4x4,2,0.6157864219350295,0,16,0,0,44.70616914544182,-6:6,spatial,0,435,4,dia,15,1,1,none,1,high,0.6493532546000097,48,20,225,2,80,0,2,2,0,1,Action_480p_30fps_15s
1320,1,p4x4,3,0.6157864219350295,1,12,0,0,40.02961767606761,2:-2,spatial,0,435,0,dia,15,1,1,none,1,high,0.6493532546000097,48,16,8,9,80,0,2,0,0,1,Action_480p_30fps_15s
1331,1,p4x4,3,0.6157864219350295,1,8,1,0,44.70616914544182,-6:6,auto,0,435,4,dia,15,0,1,none,1,baseline,0.184274686721981,30,16,96,2,51,1,5,0,0,1,Still_image_1080p_60fps_5s
1331,1,all,3,0.6157864219350295,1,8,1,0,44.70616914544182,-6:6,auto,0,435,4,dia,15,0,1,none,1,baseline,0.184274686721981,30,16,96,2,51,1,53,0,0,2,Still_image_1080p_60fps_5s
1331,1,p4x4,2,1.55857211218537,1,12,0,0,44.70616914544182,-6:6,auto,0,454,4,dia,15,0,1,none,1,baseline,0.184274686721981,30,16,96,2,51,4,5,0,0,1,Still_image_1080p_60fps_5s
1320,1,p8x8,3,0.6157864219350295,1,8,1,0,44.70616914544182,-6:6,auto,0,435,4,dia,15,0,1,none,1,baseline,0.184274686721981,30,16,96,2,51,1,5,0,0,1,Still_image_1080p_60fps_5s
1331,1,p4x4,1,0.6157864219350295,1,8,1,0,44.70616914544182,-6:6,auto,0,435,4,dia,15,0,1,none,1,baseline,0.184274686721981,30,16,96,2,51,1,5,0,0,1,Still_image_1080p_60fps_5s
1320,1,p4x4,3,1.8145441599040564,1,12,1,0,44.70616914544182,-6:6,auto,0,378,4,dia,15,0,0,none,1,baseline,0.184274686721981,30,16,96,2,51,1,5,0,0,1,Still_image_1080p_60fps_5s
1331,1,p4x4,3,0.6157864219350295,1,10,1,0,44.70616914544182,-6:6,auto,1,435,4,dia,15,0,1,none,1,baseline,0.184274686721981,34,16,96,2,51,1,5,1,0,0,Still_image_1080p_60fps_5s
1320,1,p4x4,3,1.8145441599040564,1,12,1,8,44.70616914544182,-6:6,auto,0,378,4,dia,15,0,1,none,1,baseline,0.184274686721981,34,16,96,12,51,1,5,1,0,0,Still_image_1080p_60fps_5s
226,1,all,3,0.6157864219350295,1,8,1,0,44.70616914544182,-6:6,auto,0,435,4,dia,15,0,1,none,1,baseline,0.184274686721981,23,15,96,2,51,1,5,1,0,0,Still_image_1080p_60fps_5s
1331,1,none,1,0.6157864219350295,1,8,1,0,44.70616914544182,5:5,auto,0,435,4,dia,15,0,1,none,1,baseline,0.184274686721981,30,16,96,2,51,1,52,0,0,1,Still_image_1080p_60fps_5s
1331,1,none,3,0.0891988339828575,2,10,1,0,44.70616914544182,-6:6,auto,1,435,4,dia,15,0,1,none,1,baseline,0.184274686721981,34,16,96,11,51,1,5,0,0,1,Still_image_1080p_60fps_5s
1320,1,p8x8,2,0.6157864219350295,1,8,1,0,44.70616914544182,-6:6,auto,0,435,4,esa,15,0,1,none,1,baseline,0.184274686721981,30,16,96,2,51,4,5,0,0,1,Still_image_1080p_60fps_5s
1331,1,p4x4,3,0.6157864219350295,1,10,1,0,44.70616914544182,-6:6,auto,1,435,3,dia,15,0,0,none,1,baseline,0.184274686721981,34,16,96,2,13,1,5,1,0,0,Still_image_1080p_60fps_5s
1331,0,p4x4,1,0.6157864219350295,1,10,1,0,44.70616914544182,-6:6,auto,1,435,1,dia,15,0,1,none,1,baseline,0.184274686721981,34,16,210,2,51,1,5,0,0,1,Still_image_1080p_60fps_5s
1320,1,p4x4,1,1.8145441599040564,1,12,1,0,44.70616914544182,-6:6,auto,0,378,4,dia,15,0,0,none,1,baseline,0.184274686721981,30,16,96,2,8,1,5,0,0,1,Still_image_1080p_60fps_5s
1320,1,p4x4,3,1.8145441599040564,1,12,1,0,44.70616914544182,5:-5,auto,0,176,4,dia,15,0,0,none,1,baseline,0.184274686721981,30,16,96,2,57,1,5,0,0,1,Still_image_1080p_60fps_5s
645,1,p8x8,3,0.6157864219350295,1,8,1,0,44.70616914544182,-6:6,auto,1,435,4,tesa,15,0,1,none,1,baseline,0.184274686721981,34,16,96,15,51,1,5,1,0,0,Still_image_1080p_60fps_5s
1331,1,all,3,0.6157864219350295,1,10,1,0,44.70616914544182,-6:6,auto,1,435,0,dia,15,0,1,none,1,baseline,0.184274686721981,30,16,96,2,51,1,48,0,0,1,Still_image_1080p_60fps_5s
1331,1,p8x8,3,1.8145441599040564,1,12,1,8,44.70616914544182,-6:6,auto,0,272,4,dia,15,0,1,none,1,baseline,0.184274686721981,34,16,96,12,51,1,5,1,0,0,Still_image_1080p_60fps_5s
1320,1,p8x8,1,1.8145441599040564,1,14,1,0,44.70616914544182,5:-5,auto,0,176,4,dia,15,1,1,none,1,baseline,0.605992290478713,30,16,96,2,57,1,5,0,0,1,Still_image_1080p_60fps_5s
1331,1,p4x4,3,0.6157864219350295,2,12,0,0,44.70616914544182,-3:3,spatial,0,435,4,dia,15,1,1,none,1,high,0.6493532546000097,48,16,8,9,80,0,2,0,0,1,Still_image_720p_60fps_10s
1320,1,p4x4,3,0.6157864219350295,1,12,0,0,40.02961767606761,2:-2,spatial,0,435,4,dia,15,1,1,none,1,high,0.6493532546000097,48,16,8,2,80,0,2,0,0,1,Still_image_720p_60fps_10s
1320,1,p4x4,3,0.6157864219350295,1,12,0,0,40.02961767606761,2:-2,spatial,0,435,4,dia,15,1,1,none,1,high,0.6493532546000097,48,16,8,2,80,0,2,2,0,1,Still_image_720p_60fps_10s
1320,1,p4x4,1,0.6157864219350295,2,4,0,0,44.70616914544182,-3:3,spatial,0,435,4,dia,15,1,1,none,1,high,0.6493532546000097,48,16,8,9,80,0,2,0,0,1,Still_image_720p_60fps_10s
1905,1,p4x4,3,0.671499867898717,2,12,0,0,44.70616914544182,-3:3,spatial,0,435,4,dia,19,1,1,none,1,high,0.6493532546000097,48,16,247,15,80,0,2,0,1,0,Still_image_720p_60fps_10s
1331,1,p4x4,3,0.6157864219350295,2,12,0,0,44.70616914544182,-3:3,spatial,1,435,4,dia,15,1,1,none,1,high,0.6493532546000097,48,16,8,9,80,0,2,0,0,1,Still_image_720p_60fps_10s
1331,1,p4x4,2,0.6157864219350295,0,12,0,0,44.70616914544182,-6:6,spatial,0,435,4,dia,15,1,1,none,0,baseline,0.6493532546000097,48,16,96,2,99,1,5,0,0,0,Still_image_720p_60fps_10s
126,1,p4x4,1,0.6157864219350295,2,4,0,0,44.70616914544182,-3:3,temporal,0,435,4,dia,15,1,1,none,1,high,0.184274686721981,48,16,8,9,80,0,2,0,1,1,Still_image_720p_60fps_10s
1320,1,p4x4,3,0.6157864219350295,1,12,0,0,40.02961767606761,5:5,spatial,0,435,4,dia,15,1,1,none,1,high,0.6493532546000097,48,16,8,2,80,0,2,0,0,1,Still_image_720p_60fps_10s
1331,1,p4x4,3,0.6157864219350295,2,12,0,0,44.70616914544182,-6:6,spatial,0,435,4,dia,15,1,1,none,0,baseline,0.6493532546000097,48,16,96,2,99,3,5,0,1,0,Still_image_720p_60fps_10s
1905,1,p4x4,3,0.671499867898717,2,10,0,11,44.70616914544182,-3:3,spatial,0,435,4,dia,15,1,1,none,1,high,0.184274686721981,48,16,8,9,80,0,2,0,1,1,Still_image_720p_60fps_10s
440,1,p4x4,2,0.6157864219350295,0,12,0,0,44.70616914544182,-3:3,spatial,1,435,4,dia,15,1,1,none,1,high,0.6493532546000097,48,16,8,9,80,0,2,0,0,1,Still_image_720p_60fps_10s
1331,1,p4x4,3,0.6157864219350295,0,13,0,0,44.70616914544182,5:-5,spatial,0,435,4,dia,15,0,1,none,1,high,0.6493532546000097,48,16,8,9,80,0,2,0,1,1,Still_image_720p_60fps_10s
1320,1,p4x4,1,0.6157864219350295,1,12,0,0,40.02961767606761,2:-2,spatial,0,435,4,dia,15,1,0,none,1,high,0.6493532546000097,48,16,8,2,80,0,2,0,0,1,Still_image_720p_60fps_10s
1320,1,p4x4,3,0.6157864219350295,1,12,0,0,40.02961767606761,5:5,spatial,0,435,4,dia,15,1,1,none,1,high,0.6493532546000097,22,16,8,2,80,0,2,0,0,1,Still_image_720p_60fps_10s
1331,1,p4x4,2,0.6157864219350295,0,12,0,0,44.70616914544182,-6:6,spatial,0,435,4,dia,19,0,1,none,1,high,0.6493532546000097,48,16,247,9,80,0,2,0,1,0,Still_image_720p_60fps_10s
1320,0,all,3,0.6157864219350295,1,11,0,-8,40.02961767606761,5:5,spatial,0,435,4,dia,15,1,1,none,1,high,0.6493532546000097,48,16,8,5,80,0,2,0,1,1,Still_image_720p_60fps_10s
1320,1,p4x4,3,0.6157864219350295,1,12,0,0,40.02961767606761,2:-2,spatial,0,435,0,dia,15,1,1,none,1,high,0.6493532546000097,48,16,8,2,80,0,2,0,0,1,Still_image_720p_60fps_10s
1320,1,p4x4,3,0.4755933525337131,1,12,0,0,40.02961767606761,2:-2,spatial,0,435,4,dia,15,1,1,none,1,high,0.6493532546000097,29,16,8,2,80,0,2,0,0,2,Still_image_720p_60fps_10s
1331,1,p4x4,2,0.6157864219350295,0,12,0,0,44.70616914544182,-6:6,spatial,0,435,4,esa,15,1,1,none,1,high,0.6493532546000097,48,18,8,2,80,0,2,2,0,1,Still_image_720p_60fps_10s
1331,1,p4x4,3,0.6157864219350295,1,8,1,0,44.70616914544182,-6:6,auto,0,435,4,dia,15,0,1,none,1,baseline,0.184274686721981,30,16,96,2,51,1,5,0,0,1,Standard_1080p_30fps_20s
1331,1,all,3,0.6157864219350295,1,8,1,0,44.70616914544182,-6:6,auto,0,435,4,dia,15,0,1,none,1,baseline,0.184274686721981,30,16,96,2,51,1,53,0,0,2,Standard_1080p_30fps_20s
1320,1,p8x8,3,0.6157864219350295,1,8,1,0,44.70616914544182,-6:6,auto,0,435,4,dia,15,0,1,none,1,baseline,0.184274686721981,30,16,96,2,51,1,5,0,0,1,Standard_1080p_30fps_20s
1331,1,p4x4,2,1.55857211218537,1,12,0,0,44.70616914544182,-6:6,auto,0,454,4,dia,15,0,1,none,1,baseline,0.184274686721981,30,16,96,2,51,4,5,0,0,1,Standard_1080p_30fps_20s
1320,1,p4x4,3,1.8145441599040564,1,12,1,0,44.70616914544182,-6:6,auto,0,378,4,dia,15,0,0,none,1,baseline,0.184274686721981,30,16,96,2,51,1,5,0,0,1,Standard_1080p_30fps_20s
1331,1,p4x4,1,0.6157864219350295,1,8,1,0,44.70616914544182,-6:6,auto,0,435,4,dia,15,0,1,none,1,baseline,0.184274686721981,30,16,96,2,51,1,5,0,0,1,Standard_1080p_30fps_20s
1331,1,p4x4,3,0.6157864219350295,1,10,1,0,44.70616914544182,-6:6,auto,1,435,4,dia,15,0,1,none,1,baseline,0.184274686721981,34,16,96,2,51,1,5,1,0,0,Standard_1080p_30fps_20s
1320,1,p4x4,3,1.8145441599040564,1,8,1,0,44.70616914544182,-6:6,auto,1,378,4,dia,15,0,1,none,0,baseline,0.184274686721981,32,16,203,2,50,1,5,0,0,1,Standard_1080p_30fps_20s
1994,1,p4x4,3,0.6157864219350295,2,8,1,0,44.70616914544182,-6:6,auto,1,444,4,dia,15,0,1,none,1,baseline,0.184274686721981,30,16,189,2,51,1,5,0,0,1,Standard_1080p_30fps_20s
1655,1,p4x4,3,0.6157864219350295,1,10,1,0,44.70616914544182,-6:6,auto,1,435,4,dia,4,0,1,none,1,baseline,0.184274686721981,34,16,96,2,51,1,5,2,0,1,Standard_1080p_30fps_20s
1994,1,p4x4,3,0.6157864219350295,2,8,1,-9,44.70616914544182,-6:6,auto,0,444,4,dia,15,0,1,none,1,baseline,0.184274686721981,30,16,189,2,51,1,5,0,0,1,Standard_1080p_30fps_20s
1655,1,p4x4,3,1.6081817663459248,1,10,1,0,44.70616914544182,-6:6,auto,1,415,4,dia,4,0,1,none,0,baseline,0.184274686721981,34,16,96,2,51,1,5,0,0,1,Standard_1080p_30fps_20s
2385,1,p4x4,3,1.8145441599040564,0,12,1,0,44.70616914544182,-6:6,auto,0,378,4,dia,15,0,1,none,1,baseline,0.1404351194194261,30,16,96,2,51,1,5,2,0,1,Standard_1080p_30fps_20s
1320,1,p4x4,3,1.8145441599040564,1,14,1,0,44.70616914544182,-6:6,auto,1,378,4,dia,15,0,1,none,0,baseline,0.184274686721981,32,16,203,2,51,1,5,1,0,0,Standard_1080p_30fps_20s
1331,1,p4x4,3,0.6157864219350295,1,16,1,0,44.70616914544182,-6:6,auto,1,337,4,dia,15,0,1,none,1,baseline,0.184274686721981,29,16,96,2,50,1,45,0,0,2,Standard_1080p_30fps_20s
948,1,p8x8,3,0.6157864219350295,2,8,1,0,44.70616914544182,-6:6,auto,0,435,4,dia,15,0,1,none,1,baseline,0.184274686721981,30,16,96,2,51,1,5,0,0,1,Standard_1080p_30fps_20s
1331,1,p4x4,3,0.6157864219350295,2,12,0,0,44.70616914544182,-3:3,auto,0,435,4,dia,15,0,1,none,1,baseline,0.184274686721981,30,16,96,2,51,1,5,0,0,1,Standard_1080p_30fps_20s
1331,1,p4x4,3,0.6157864219350295,1,16,1,11,44.70616914544182,-6:6,auto,1,337,4,dia,15,0,0,none,1,baseline,0.184274686721981,29,16,96,2,51,1,5,0,0,1,Standard_1080p_30fps_20s
1655,1,p4x4,3,0.6157864219350295,1,10,1,0,44.70616914544182,-6:6,auto,1,435,4,dia,39,0,0,none,1,baseline,0.184274686721981,30,16,96,2,51,1,5,0,0,1,Standard_1080p_30fps_20s
1994,1,all,3,0.6157864219350295,1,8,1,0,44.70616914544182,-6:6,auto,0,435,4,dia,15,0,1,none,1,baseline,0.184274686721981,30,16,96,2,51,1,31,0,0,2,Standard_1080p_30fps_20s
1320,1,p4x4,3,1.8145441599040564,1,12,1,8,3.5988139181581675,-6:6,spatial,0,378,4,dia,15,0,1,none,1,baseline,0.184274686721981,28,16,96,2,51,1,52,0,0,1,Big_1080p_25fps_20s
1331,1,p4x4,3,0.6157864219350295,1,8,1,0,44.70616914544182,-6:6,auto,0,435,4,dia,15,0,1,none,1,baseline,0.184274686721981,30,16,96,2,51,1,5,0,0,1,Big_1080p_25fps_20s
1331,1,all,3,0.6157864219350295,1,8,1,0,44.70616914544182,-6:6,auto,0,435,4,dia,15,0,1,none,1,baseline,0.184274686721981,30,16,96,2,51,1,53,0,0,2,Big_1080p_25fps_20s
1320,1,p8x8,3,0.6157864219350295,1,8,1,0,44.70616914544182,-6:6,auto,0,435,4,dia,15,0,1,none,1,baseline,0.184274686721981,30,16,96,2,51,1,5,0,0,1,Big_1080p_25fps_20s
1331,1,p4x4,2,1.55857211218537,1,12,0,0,44.70616914544182,-6:6,auto,0,454,4,dia,15,0,1,none,1,baseline,0.184274686721981,30,16,96,2,51,4,5,0,0,1,Big_1080p_25fps_20s
1320,1,p4x4,3,1.8145441599040564,1,12,1,0,44.70616914544182,-6:6,auto,0,378,4,dia,15,0,0,none,1,baseline,0.184274686721981,30,16,96,2,51,1,5,0,0,1,Big_1080p_25fps_20s
1331,1,p4x4,1,0.6157864219350295,1,8,1,0,44.70616914544182,-6:6,auto,0,435,4,dia,15,0,1,none,1,baseline,0.184274686721981,30,16,96,2,51,1,5,0,0,1,Big_1080p_25fps_20s
1331,1,p4x4,3,0.6157864219350295,1,10,1,0,44.70616914544182,-6:6,auto,1,435,4,dia,15,0,1,none,1,baseline,0.184274686721981,34,16,96,2,51,1,5,1,0,0,Big_1080p_25fps_20s
226,1,all,3,0.6157864219350295,1,8,1,0,44.70616914544182,-6:6,auto,0,435,4,dia,15,0,1,none,1,baseline,0.184274686721981,23,15,96,2,51,1,5,1,0,0,Big_1080p_25fps_20s
1331,1,none,1,0.6157864219350295,1,8,1,0,44.70616914544182,5:5,auto,0,435,4,dia,15,0,1,none,1,baseline,0.184274686721981,30,16,96,2,51,1,52,0,0,1,Big_1080p_25fps_20s
1320,1,p4x4,3,1.8145441599040564,1,12,1,8,44.70616914544182,-6:6,auto,0,378,4,dia,15,0,1,none,1,baseline,0.184274686721981,34,16,96,12,51,1,5,1,0,0,Big_1080p_25fps_20s
1331,1,p4x4,2,1.55857211218537,1,12,0,0,44.70616914544182,-6:6,auto,0,454,4,dia,15,0,1,none,1,baseline,0.184274686721981,30,16,124,2,51,4,5,0,0,0,Big_1080p_25fps_20s
1320,1,p4x4,3,1.8145441599040564,1,12,1,8,44.70616914544182,-6:6,auto,0,378,4,dia,15,0,1,none,1,baseline,0.184274686721981,23,8,96,2,51,1,5,1,0,0,Big_1080p_25fps_20s
1331,1,p4x4,3,0.6157864219350295,1,10,1,0,10.686705821349024,-6:6,auto,1,435,4,dia,15,0,1,none,1,baseline,0.184274686721981,34,16,96,6,51,1,5,0,0,1,Big_1080p_25fps_20s
1331,1,p4x4,3,0.6157864219350295,1,10,1,0,44.70616914544182,-6:6,auto,1,435,4,dia,15,0,1,none,1,baseline,0.184274686721981,34,16,96,2,96,1,5,1,0,0,Big_1080p_25fps_20s
537,1,none,3,0.6157864219350295,1,10,1,0,44.70616914544182,-6:6,auto,1,435,4,dia,15,0,1,none,0,baseline,0.184274686721981,34,16,96,2,98,1,5,0,0,0,Big_1080p_25fps_20s
1331,1,p4x4,3,0.6157864219350295,1,10,1,0,44.70616914544182,-6:6,auto,1,435,1,dia,15,0,1,none,1,baseline,0.184274686721981,34,16,96,2,51,1,5,1,0,1,Big_1080p_25fps_20s
1331,1,none,1,1.9306308426661485,1,8,1,0,44.70616914544182,5:5,auto,0,435,4,dia,15,0,1,none,1,baseline,0.184274686721981,32,15,96,2,51,1,44,1,0,0,Big_1080p_25fps_20s
1320,1,p4x4,3,1.8145441599040564,1,12,1,0,44.70616914544182,-6:6,auto,1,435,1,dia,15,0,1,none,1,high,0.184274686721981,34,16,89,2,51,1,5,1,0,1,Big_1080p_25fps_20s
1331,1,p4x4,3,0.6157864219350295,1,10,1,0,44.70616914544182,-6:6,auto,1,435,4,dia,15,0,1,none,1,baseline,0.184274686721981,30,14,96,2,51,1,52,2,0,1,Big_1080p_25fps_20s
1331,1,p4x4,3,0.6157864219350295,1,8,1,0,44.70616914544182,-6:6,auto,0,435,4,dia,15,0,1,none,1,baseline,0.184274686721981,30,16,96,2,51,1,5,0,0,1,Big_720p_60fps_10s
1331,1,all,3,0.6157864219350295,1,8,1,0,44.70616914544182,-6:6,auto,0,435,4,dia,15,0,1,none,1,baseline,0.184274686721981,30,16,96,2,51,1,53,0,0,2,Big_720p_60fps_10s
1331,1,p4x4,2,1.55857211218537,1,12,0,0,44.70616914544182,-6:6,auto,0,454,4,dia,15,0,1,none,1,baseline,0.184274686721981,30,16,96,2,51,4,5,0,0,1,Big_720p_60fps_10s
1320,1,p8x8,3,0.6157864219350295,1,8,1,0,44.70616914544182,-6:6,auto,0,435,4,dia,15,0,1,none,1,baseline,0.184274686721981,30,16,96,2,51,1,5,0,0,1,Big_720p_60fps_10s
1331,1,p4x4,1,0.6157864219350295,1,8,1,0,44.70616914544182,-6:6,auto,0,435,4,dia,15,0,1,none,1,baseline,0.184274686721981,30,16,96,2,51,1,5,0,0,1,Big_720p_60fps_10s
1320,1,p4x4,3,1.8145441599040564,1,12,1,0,44.70616914544182,-6:6,auto,0,378,4,dia,15,0,0,none,1,baseline,0.184274686721981,30,16,96,2,51,1,5,0,0,1,Big_720p_60fps_10s
1331,1,p4x4,3,0.6157864219350295,1,10,1,0,44.70616914544182,-6:6,auto,1,435,4,dia,15,0,1,none,1,baseline,0.184274686721981,34,16,96,2,51,1,5,1,0,0,Big_720p_60fps_10s
1994,1,p4x4,3,0.6157864219350295,2,8,1,0,44.70616914544182,-6:6,auto,1,444,4,dia,15,0,1,none,1,baseline,0.184274686721981,30,16,189,2,51,1,5,0,0,1,Big_720p_60fps_10s
1655,1,p4x4,3,0.6157864219350295,1,10,1,0,44.70616914544182,-6:6,auto,1,435,4,dia,4,0,1,none,1,baseline,0.184274686721981,34,16,96,2,51,1,5,2,0,1,Big_720p_60fps_10s
1320,1,p4x4,3,1.8145441599040564,1,8,1,0,44.70616914544182,-6:6,auto,1,378,4,dia,15,0,1,none,0,baseline,0.184274686721981,32,16,203,2,50,1,5,0,0,1,Big_720p_60fps_10s
1312,1,p4x4,3,0.6157864219350295,2,8,1,0,44.70616914544182,-6:6,auto,1,320,4,dia,15,0,1,none,1,high,0.184274686721981,30,16,96,2,51,4,5,0,0,1,Big_720p_60fps_10s
1331,0,p4x4,3,0.6157864219350295,1,8,1,0,44.70616914544182,-6:6,auto,1,450,4,dia,4,0,1,none,1,baseline,0.184274686721981,34,16,96,2,51,1,5,2,0,1,Big_720p_60fps_10s
1331,0,p4x4,3,0.6157864219350295,1,8,1,0,27.87552024358917,-6:6,auto,1,450,4,dia,27,1,1,none,1,baseline,0.184274686721981,32,16,203,2,50,1,5,0,0,1,Big_720p_60fps_10s
1320,1,p4x4,3,1.8145441599040564,1,8,1,0,44.70616914544182,2:-2,auto,1,378,4,dia,15,0,1,none,0,baseline,0.184274686721981,25,16,96,2,51,1,5,2,0,1,Big_720p_60fps_10s
1331,1,p4x4,3,0.6157864219350295,1,10,1,0,44.70616914544182,-6:6,auto,1,435,4,tesa,15,0,0,none,1,baseline,0.184274686721981,34,16,96,2,51,1,5,1,0,1,Big_720p_60fps_10s
1331,1,p4x4,3,0.6157864219350295,1,10,1,0,44.70616914544182,-6:6,auto,1,435,4,dia,4,0,1,none,1,baseline,0.184274686721981,34,16,189,2,51,1,5,2,0,1,Big_720p_60fps_10s
1320,1,p4x4,3,1.8145441599040564,1,9,1,0,44.70616914544182,-6:6,auto,0,378,4,dia,4,0,1,none,1,baseline,0.184274686721981,34,16,183,2,51,1,5,2,0,1,Big_720p_60fps_10s
1331,1,"p8x8,b8x8,i8x8,i4x4",3,0.6157864219350295,1,10,1,0,44.70616914544182,-6:6,auto,1,45,4,dia,4,0,1,none,1,baseline,0.2894131832765896,34,16,96,7,51,1,5,2,0,1,Big_720p_60fps_10s
1331,1,p4x4,3,1.541653877171366,1,12,1,0,44.70616914544182,-6:6,auto,0,378,4,dia,15,0,1,none,1,baseline,0.184274686721981,30,16,3,2,51,1,5,0,0,2,Big_720p_60fps_10s
1331,1,p4x4,3,0.6157864219350295,1,10,1,0,44.70616914544182,-6:6,auto,0,435,4,dia,15,0,1,none,1,baseline,0.184274686721981,30,16,96,2,51,1,5,0,0,1,Big_720p_60fps_10s
1320,1,p4x4,3,0.6157864219350295,1,12,0,0,40.02961767606761,2:-2,spatial,0,435,4,dia,15,1,1,none,1,high,0.6493532546000097,48,16,8,2,80,0,2,0,0,1,Action_720p_60fps_20s
1331,1,p4x4,3,0.6157864219350295,2,12,0,0,44.70616914544182,-3:3,spatial,0,435,4,dia,15,1,1,none,1,high,0.6493532546000097,48,16,8,9,80,0,2,0,0,1,Action_720p_60fps_20s
1320,1,p4x4,1,0.6157864219350295,2,4,0,0,44.70616914544182,-3:3,spatial,0,435,4,dia,15,1,1,none,1,high,0.6493532546000097,48,16,8,9,80,0,2,0,0,1,Action_720p_60fps_20s
1320,1,p4x4,3,0.6157864219350295,1,12,0,0,40.02961767606761,2:-2,spatial,0,435,4,dia,15,1,1,none,1,high,0.6493532546000097,48,16,8,2,80,0,2,2,0,1,Action_720p_60fps_20s
1331,1,p4x4,3,0.6157864219350295,2,12,0,0,44.70616914544182,-3:3,spatial,1,435,4,dia,15,1,1,none,1,high,0.6493532546000097,48,16,8,9,80,0,2,0,0,1,Action_720p_60fps_20s
1905,1,p4x4,3,0.671499867898717,2,12,0,0,44.70616914544182,-3:3,spatial,0,435,4,dia,19,1,1,none,1,high,0.6493532546000097,48,16,247,15,80,0,2,0,1,0,Action_720p_60fps_20s
1331,1,p4x4,2,0.6157864219350295,0,12,0,0,44.70616914544182,-6:6,spatial,0,435,4,dia,15,1,1,none,0,baseline,0.6493532546000097,48,16,96,2,99,1,5,0,0,0,Action_720p_60fps_20s
126,1,p4x4,1,0.6157864219350295,2,4,0,0,44.70616914544182,-3:3,temporal,0,435,4,dia,15,1,1,none,1,high,0.184274686721981,48,16,8,9,80,0,2,0,1,1,Action_720p_60fps_20s
1320,1,p4x4,3,0.6157864219350295,1,12,0,0,40.02961767606761,5:5,spatial,0,435,4,dia,15,1,1,none,1,high,0.6493532546000097,48,16,8,2,80,0,2,0,0,1,Action_720p_60fps_20s
1331,1,p4x4,3,0.6157864219350295,2,12,0,0,44.70616914544182,-6:6,spatial,0,435,4,dia,15,1,1,none,0,baseline,0.6493532546000097,48,16,96,2,99,3,5,0,1,0,Action_720p_60fps_20s
84,1,p4x4,3,0.6157864219350295,2,14,0,0,44.70616914544182,-3:3,spatial,0,435,4,dia,15,1,0,none,1,high,0.6493532546000097,48,16,8,9,80,0,2,0,0,1,Action_720p_60fps_20s
126,1,"p8x8,b8x8,i8x8,i4x4",1,0.6157864219350295,2,4,0,0,44.70616914544182,-3:3,spatial,0,435,4,hex,15,0,1,none,1,high,0.6741285881561745,27,16,8,9,80,2,2,0,1,1,Action_720p_60fps_20s
1905,1,p4x4,3,0.671499867898717,1,12,0,0,40.02961767606761,5:5,spatial,0,435,4,dia,5,1,1,none,1,baseline,0.6493532546000097,48,16,8,2,80,0,2,0,0,1,Action_720p_60fps_20s
1331,1,p4x4,2,0.6157864219350295,0,12,0,0,44.70616914544182,-1:1,spatial,0,435,4,dia,15,1,1,none,0,baseline,0.6493532546000097,48,16,96,2,99,1,5,0,0,0,Action_720p_60fps_20s
1331,1,p4x4,2,0.6157864219350295,0,16,0,0,44.70616914544182,-6:6,spatial,0,435,4,esa,15,1,1,none,1,baseline,0.6493532546000097,48,16,96,2,99,1,5,0,0,0,Action_720p_60fps_20s
1320,1,p4x4,1,0.6157864219350295,2,4,0,0,44.70616914544182,-3:3,spatial,0,435,4,dia,15,1,1,none,1,high,0.6428370816714905,30,20,189,2,51,1,36,0,0,1,Action_720p_60fps_20s
1655,1,p4x4,3,0.6157864219350295,2,12,0,0,44.70616914544182,-3:3,spatial,0,435,4,dia,15,1,1,none,1,high,0.6493532546000097,48,16,8,9,80,0,2,0,0,1,Action_720p_60fps_20s
1331,1,p4x4,2,0.6157864219350295,0,12,0,-4,44.70616914544182,-6:6,spatial,0,435,4,dia,15,1,1,none,1,high,0.184274686721981,48,16,8,9,80,0,2,2,1,1,Action_720p_60fps_20s
1320,1,all,1,0.6157864219350295,2,3,1,0,44.70616914544182,5:-5,spatial,0,435,4,dia,15,1,1,none,1,high,0.6493532546000097,48,16,8,9,80,0,13,0,0,1,Action_720p_60fps_20s
84,1,p4x4,3,0.6157864219350295,2,1,0,0,31.357905289744508,-3:3,spatial,0,435,4,dia,15,1,1,none,1,high,0.6493532546000097,48,16,8,9,80,0,2,0,1,1,Action_720p_60fps_20s
1331,1,p4x4,3,0.6157864219350295,1,8,1,0,44.70616914544182,-6:6,auto,0,130,4,dia,17,0,1,none,1,high,0.184274686721981,30,16,96,2,51,1,20,0,0,2,Still_image_1080p_30fps_20s
1331,1,p4x4,3,0.6157864219350295,1,8,1,0,44.70616914544182,-6:6,auto,0,435,4,dia,15,0,1,none,1,baseline,0.184274686721981,30,16,96,2,51,1,5,0,0,1,Still_image_1080p_30fps_20s
1331,1,all,3,0.6157864219350295,1,8,1,0,44.70616914544182,-6:6,auto,0,435,4,dia,15,0,1,none,1,baseline,0.184274686721981,30,16,96,2,51,1,53,0,0,2,Still_image_1080p_30fps_20s
1331,1,p4x4,2,1.55857211218537,1,12,0,0,44.70616914544182,-6:6,auto,0,454,4,dia,15,0,1,none,1,baseline,0.184274686721981,30,16,96,2,51,4,5,0,0,1,Still_image_1080p_30fps_20s
1320,1,p8x8,3,0.6157864219350295,1,8,1,0,44.70616914544182,-6:6,auto,0,435,4,dia,15,0,1,none,1,baseline,0.184274686721981,30,16,96,2,51,1,5,0,0,1,Still_image_1080p_30fps_20s
1331,1,p4x4,1,0.6157864219350295,1,8,1,0,44.70616914544182,-6:6,auto,0,435,4,dia,15,0,1,none,1,baseline,0.184274686721981,30,16,96,2,51,1,5,0,0,1,Still_image_1080p_30fps_20s
1320,1,p4x4,3,1.8145441599040564,1,12,1,0,44.70616914544182,-6:6,auto,0,378,4,dia,15,0,0,none,1,baseline,0.184274686721981,30,16,96,2,51,1,5,0,0,1,Still_image_1080p_30fps_20s
1331,1,p4x4,3,0.6157864219350295,1,10,1,0,44.70616914544182,-6:6,auto,1,435,4,dia,15,0,1,none,1,baseline,0.184274686721981,34,16,96,2,51,1,5,1,0,0,Still_image_1080p_30fps_20s
1994,1,p4x4,3,0.6157864219350295,2,8,1,0,44.70616914544182,-6:6,auto,1,444,4,dia,15,0,1,none,1,baseline,0.184274686721981,30,16,189,2,51,1,5,0,0,1,Still_image_1080p_30fps_20s
1655,1,p4x4,3,0.6157864219350295,1,10,1,0,44.70616914544182,-6:6,auto,1,435,4,dia,4,0,1,none,1,baseline,0.184274686721981,34,16,96,2,51,1,5,2,0,1,Still_image_1080p_30fps_20s
1320,1,p4x4,3,1.8145441599040564,1,8,1,0,44.70616914544182,-6:6,auto,1,378,4,dia,15,0,1,none,0,baseline,0.184274686721981,32,16,203,2,50,1,5,0,0,1,Still_image_1080p_30fps_20s
1994,1,p4x4,3,0.6157864219350295,2,6,1,0,36.49226521088242,-6:6,auto,1,444,4,dia,15,1,1,none,1,baseline,0.2591799775771372,30,16,173,2,51,1,47,0,0,1,Still_image_1080p_30fps_20s
1331,1,p4x4,3,0.6157864219350295,1,8,1,0,44.70616914544182,-6:6,auto,0,435,4,dia,15,0,1,none,1,baseline,0.184274686721981,30,16,210,2,51,1,5,0,0,1,Still_image_1080p_30fps_20s
1320,1,p4x4,3,1.8145441599040564,1,12,1,0,44.70616914544182,5:-5,auto,0,378,4,dia,38,0,1,none,1,baseline,0.184274686721981,30,16,96,2,30,1,2,0,0,1,Still_image_1080p_30fps_20s
1331,1,p4x4,3,0.6157864219350295,1,10,0,0,5.595088676524388,-6:6,auto,1,435,4,dia,9,0,1,none,1,baseline,0.184274686721981,34,16,96,2,51,1,35,2,0,1,Still_image_1080p_30fps_20s
1331,1,p4x4,3,0.6157864219350295,1,8,1,0,44.70616914544182,-6:6,auto,0,435,4,dia,15,0,1,none,1,baseline,0.184274686721981,30,16,96,2,51,1,5,0,0,0,Still_image_1080p_30fps_20s
1994,1,p4x4,3,0.619277109268629,2,8,1,0,44.70616914544182,-6:6,spatial,1,444,0,dia,15,0,1,none,1,baseline,0.184274686721981,30,16,189,2,73,0,2,2,0,1,Still_image_1080p_30fps_20s
1655,1,p4x4,3,0.6157864219350295,1,10,1,0,44.70616914544182,-6:6,auto,1,435,4,dia,4,0,1,none,1,baseline,0.184274686721981,34,16,96,2,51,3,5,2,0,1,Still_image_1080p_30fps_20s
1655,1,p4x4,3,1.845101592667956,1,10,1,0,42.697291799443526,-6:6,auto,1,435,4,dia,5,0,1,none,1,baseline,0.184274686721981,34,16,96,2,21,1,5,2,0,1,Still_image_1080p_30fps_20s
1320,1,p4x4,1,1.8145441599040564,1,8,1,0,44.70616914544182,-6:6,auto,1,378,4,dia,15,0,1,none,0,baseline,0.184274686721981,30,16,189,11,51,1,5,0,0,1,Still_image_1080p_30fps_20s
1331,1,p4x4,3,0.6157864219350295,1,8,1,0,44.70616914544182,-6:6,auto,0,435,4,dia,15,0,1,none,1,baseline,0.184274686721981,30,16,96,2,51,1,5,0,0,1,Action_1080p_60fps_10s
1331,1,all,3,0.6157864219350295,1,8,1,0,44.70616914544182,-6:6,auto,0,435,4,dia,15,0,1,none,1,baseline,0.184274686721981,30,16,96,2,51,1,53,0,0,2,Action_1080p_60fps_10s
1320,1,p8x8,3,0.6157864219350295,1,8,1,0,44.70616914544182,-6:6,auto,0,435,4,dia,15,0,1,none,1,baseline,0.184274686721981,30,16,96,2,51,1,5,0,0,1,Action_1080p_60fps_10s
1331,1,p4x4,2,1.55857211218537,1,12,0,0,44.70616914544182,-6:6,auto,0,454,4,dia,15,0,1,none,1,baseline,0.184274686721981,30,16,96,2,51,4,5,0,0,1,Action_1080p_60fps_10s
1320,1,p4x4,3,1.8145441599040564,1,12,1,0,44.70616914544182,-6:6,auto,0,378,4,dia,15,0,0,none,1,baseline,0.184274686721981,30,16,96,2,51,1,5,0,0,1,Action_1080p_60fps_10s
1331,1,p4x4,1,0.6157864219350295,1,8,1,0,44.70616914544182,-6:6,auto,0,435,4,dia,15,0,1,none,1,baseline,0.184274686721981,30,16,96,2,51,1,5,0,0,1,Action_1080p_60fps_10s
1331,1,p4x4,3,0.6157864219350295,1,10,1,0,44.70616914544182,-6:6,auto,1,435,4,dia,15,0,1,none,1,baseline,0.184274686721981,34,16,96,2,51,1,5,1,0,0,Action_1080p_60fps_10s
1655,1,p4x4,3,0.6157864219350295,1,10,1,0,44.70616914544182,-6:6,auto,1,435,4,dia,4,0,1,none,1,baseline,0.184274686721981,34,16,96,2,51,1,5,2,0,1,Action_1080p_60fps_10s
1994,1,p4x4,3,0.6157864219350295,2,8,1,0,44.70616914544182,-6:6,auto,1,444,4,dia,15,0,1,none,1,baseline,0.184274686721981,30,16,189,2,51,1,5,0,0,1,Action_1080p_60fps_10s
1320,1,p4x4,3,1.8145441599040564,1,8,1,0,44.70616914544182,-6:6,auto,1,378,4,dia,15,0,1,none,0,baseline,0.184274686721981,32,16,203,2,50,1,5,0,0,1,Action_1080p_60fps_10s
1331,1,all,2,1.55857211218537,1,12,0,0,44.70616914544182,-6:6,auto,0,454,4,dia,15,0,1,none,1,baseline,0.184274686721981,42,16,96,2,51,1,5,0,0,1,Action_1080p_60fps_10s
1320,1,p4x4,3,1.8145441599040564,1,12,1,9,44.70616914544182,-6:6,auto,0,435,4,dia,15,0,1,none,1,baseline,0.184274686721981,34,16,96,2,51,1,5,0,0,1,Action_1080p_60fps_10s
1331,1,p4x4,2,1.55857211218537,1,10,1,0,44.70616914544182,-6:6,auto,1,30,4,dia,4,0,1,vbr,1,baseline,0.184274686721981,34,16,96,2,51,1,5,2,0,1,Action_1080p_60fps_10s
1320,1,p4x4,3,1.8145441599040564,1,12,1,9,44.70616914544182,-6:6,auto,0,435,4,dia,15,0,0,none,1,baseline,0.184274686721981,30,16,96,2,51,1,53,0,0,2,Action_1080p_60fps_10s
1655,1,all,3,0.6157864219350295,1,10,1,0,2.005763326171012,-6:6,auto,1,435,4,dia,4,0,1,none,1,baseline,0.184274686721981,34,16,96,2,51,1,5,2,0,1,Action_1080p_60fps_10s
1994,1,p4x4,3,0.6157864219350295,2,8,1,0,44.70616914544182,-6:6,auto,1,444,4,hex,15,0,1,none,1,baseline,0.184274686721981,30,16,189,2,51,1,5,0,0,1,Action_1080p_60fps_10s
1331,1,p4x4,2,1.55857211218537,1,10,1,0,5.2555770426067205,-6:6,auto,1,30,4,umh,15,0,1,none,1,baseline,0.184274686721981,23,8,96,2,51,1,5,0,0,1,Action_1080p_60fps_10s
1331,1,p4x4,1,0.6157864219350295,1,8,1,0,44.70616914544182,-6:6,auto,1,435,4,dia,4,0,1,vbr,1,baseline,0.184274686721981,34,16,96,2,51,1,5,2,0,1,Action_1080p_60fps_10s
1331,1,p4x4,2,1.55857211218537,1,10,0,0,44.70616914544182,-6:6,auto,0,435,4,dia,15,0,1,none,1,baseline,0.184274686721981,30,16,96,2,51,1,55,0,0,1,Action_1080p_60fps_10s
1320,1,p4x4,3,1.8145441599040564,1,12,1,0,44.70616914544182,-6:6,auto,0,378,4,dia,15,0,0,none,1,baseline,0.184274686721981,30,16,13,2,51,1,5,2,0,1,Action_1080p_60fps_10s
1432,1,p4x4,3,0.6157864219350295,1,12,0,0,44.70616914544182,-6:6,spatial,0,181,3,dia,15,1,1,none,0,baseline,0.6493532546000097,48,16,8,1,80,0,2,2,0,1,Standard_480p_25fps_15s
1331,1,p4x4,3,0.6157864219350295,2,12,0,0,44.70616914544182,-3:3,spatial,0,435,4,dia,15,1,1,none,1,high,0.6493532546000097,48,16,8,9,80,0,2,0,0,1,Standard_480p_25fps_15s
1320,1,p4x4,3,0.6157864219350295,1,12,0,0,40.02961767606761,2:-2,spatial,0,435,4,dia,15,1,1,none,1,high,0.6493532546000097,48,16,8,2,80,0,2,0,0,1,Standard_480p_25fps_15s
1320,1,p4x4,3,0.6157864219350295,1,12,0,0,40.02961767606761,2:-2,spatial,0,435,4,dia,15,1,1,none,1,high,0.6493532546000097,48,16,8,2,80,0,2,2,0,1,Standard_480p_25fps_15s
1320,1,p4x4,1,0.6157864219350295,2,4,0,0,44.70616914544182,-3:3,spatial,0,435,4,dia,15,1,1,none,1,high,0.6493532546000097,48,16,8,9,80,0,2,0,0,1,Standard_480p_25fps_15s
1905,1,p4x4,3,0.671499867898717,2,12,0,0,44.70616914544182,-3:3,spatial,0,435,4,dia,19,1,1,none,1,high,0.6493532546000097,48,16,247,15,80,0,2,0,1,0,Standard_480p_25fps_15s
1331,1,p4x4,3,0.6157864219350295,2,12,0,0,44.70616914544182,-3:3,spatial,1,435,4,dia,15,1,1,none,1,high,0.6493532546000097,48,16,8,9,80,0,2,0,0,1,Standard_480p_25fps_15s
1331,1,p4x4,2,0.6157864219350295,0,12,0,0,44.70616914544182,-6:6,spatial,0,435,4,dia,15,1,1,none,0,baseline,0.6493532546000097,48,16,96,2,99,1,5,0,0,0,Standard_480p_25fps_15s
126,1,p4x4,1,0.6157864219350295,2,4,0,0,44.70616914544182,-3:3,temporal,0,435,4,dia,15,1,1,none,1,high,0.184274686721981,48,16,8,9,80,0,2,0,1,1,Standard_480p_25fps_15s
1320,1,p4x4,3,0.6157864219350295,1,12,0,0,40.02961767606761,5:5,spatial,0,435,4,dia,15,1,1,none,1,high,0.6493532546000097,48,16,8,2,80,0,2,0,0,1,Standard_480p_25fps_15s
1331,1,p4x4,3,0.6157864219350295,2,12,0,0,44.70616914544182,-6:6,spatial,0,435,4,dia,15,1,1,none,0,baseline,0.6493532546000097,48,16,96,2,99,3,5,0,1,0,Standard_480p_25fps_15s
418,1,p4x4,3,0.6157864219350295,1,12,0,0,40.02961767606761,1:-1,spatial,0,435,2,dia,15,1,1,cbr,1,high,0.6493532546000097,48,7,8,2,80,0,2,0,0,1,Standard_480p_25fps_15s
1320,1,p4x4,3,0.6157864219350295,0,12,0,0,40.02961767606761,1:-1,spatial,0,435,4,dia,15,1,1,none,1,baseline,0.6493532546000097,22,16,8,3,80,0,2,2,1,1,Standard_480p_25fps_15s
1905,1,p4x4,3,0.8653997253366523,2,4,0,0,44.70616914544182,2:-2,spatial,0,435,4,dia,44,1,1,none,1,high,0.6493532546000097,48,18,97,15,80,0,2,0,1,0,Standard_480p_25fps_15s
126,1,p4x4,1,0.6157864219350295,2,4,0,0,44.70616914544182,-3:3,temporal,0,435,4,dia,15,1,1,none,1,high,0.184274686721981,48,16,8,9,80,0,2,2,1,1,Standard_480p_25fps_15s
1331,1,p4x4,3,0.671499867898717,2,12,0,0,44.70616914544182,-3:3,spatial,0,435,4,esa,19,1,1,none,1,high,0.6493532546000097,48,16,247,15,80,0,2,0,1,0,Standard_480p_25fps_15s
1331,1,p4x4,3,0.6157864219350295,2,12,0,0,44.70616914544182,-3:3,spatial,1,435,4,dia,15,1,1,none,1,high,0.3491420501492,48,16,8,9,80,0,2,0,0,1,Standard_480p_25fps_15s
1432,1,p4x4,3,0.6157864219350295,0,12,0,0,44.70616914544182,-6:6,spatial,0,181,4,dia,15,1,1,none,0,baseline,0.6493532546000097,48,14,8,9,80,0,2,0,1,1,Standard_480p_25fps_15s
2207,1,p4x4,3,0.6157864219350295,1,12,0,0,40.02961767606761,2:-2,spatial,0,435,4,dia,15,1,1,none,1,high,0.6493532546000097,48,16,8,2,80,0,36,0,0,1,Standard_480p_25fps_15s
1320,1,"p8x8,b8x8,i8x8,i4x4",3,0.6157864219350295,1,12,0,0,40.02961767606761,5:5,spatial,0,435,3,dia,15,1,1,none,1,high,0.6493532546000097,48,16,8,2,80,0,2,0,0,0,Standard_480p_25fps_15s
