write,0,select,1,0.1,1.1,0.2,1.2,1.3,0.3,2,2674,27906,20834,36784,18392,24891,55070,35593,9450,8624,9,14473,1.4,36179,0.4,0.5,1.5,0.6,1.6,workload
writev,1,select,1,0,0,0,1,1,2,0,10583,4182,2709,36070,17783,63770,46270,21089,19133,20665,15,1438,1,18160,0,1,1,0,1743,data_12threads_100connections_10s_True
write,1,libev,1,1,0,1,1,0,1,2,38468,24998,23416,27122,13561,42073,26258,23968,13042,11131,10,34162,1,61566,1,1,0,0,2029,data_12threads_100connections_10s_True
sendfile,0,poll,1,0,1,0,1,1,0,2,1408,18382,51470,34080,6771,48283,7260,44221,13042,11131,7,34162,1,53288,1,1,0,0,2029,data_12threads_100connections_10s_True
writev,1,select,0,0,0,0,1,1,2,0,10583,4182,2709,36070,17783,63770,46270,21089,19133,20665,15,1438,1,18160,0,1,1,0,1473,data_12threads_100connections_10s_True
writev,1,select,0,0,0,0,1,1,2,0,10583,4182,2709,36070,17783,63770,46270,21089,19133,20665,15,1438,1,6374,0,1,1,0,1992,data_12threads_100connections_10s_True
sendfile,0,poll,1,1,1,0,1,1,0,2,1408,18382,51470,34080,647,18185,7260,44221,13042,11131,7,3316,1,60150,1,0,0,0,2029,data_12threads_100connections_10s_True
writev,1,poll,1,0,1,1,1,0,1,2,38468,24998,23416,27122,13561,42073,26258,23968,60903,20272,3,57210,1,7848,0,0,0,0,797,data_12threads_100connections_10s_True
writev,1,select,0,0,1,1,1,1,2,2,1408,18382,51470,34080,647,18185,7260,60153,13042,11131,7,3316,1,60150,1,0,0,0,2029,data_12threads_100connections_10s_True
writev,1,select,1,0,1,1,1,1,2,1,1408,18382,30797,34080,647,22401,7260,60153,60903,20272,3,57210,1,8691,0,0,0,0,212,data_12threads_100connections_10s_True
write,1,libev,0,1,1,0,1,1,2,0,48821,4182,58695,36070,17783,63770,46270,21089,19133,20665,15,1438,1,18160,0,1,1,0,2414,data_12threads_100connections_10s_True
writev,1,linux-sysepoll,1,0,0,0,1,1,0,2,1408,18382,51470,34080,647,18185,7260,44221,13042,39176,7,3316,1,60150,1,0,0,1,2029,data_12threads_100connections_10s_True
writev,1,linux-sysepoll,1,0,0,0,1,1,0,2,1408,18382,51470,34080,647,2231,7260,44221,13042,11131,7,50240,1,60150,1,0,0,0,2029,data_12threads_100connections_10s_True
write,0,libev,0,1,0,1,1,0,1,2,38468,24998,23416,27122,13561,42073,26258,23968,13042,11131,7,3316,1,60150,1,1,0,0,2029,data_12threads_100connections_10s_True
sendfile,0,poll,1,1,1,1,1,0,1,1,24860,2763,25149,45667,20921,46190,5558,25913,65001,62422,12,37417,1,7848,1,0,0,0,797,data_12threads_100connections_10s_True
writev,1,libev,1,1,0,1,1,0,1,2,38468,1312,23416,27122,13561,42073,26258,23968,60903,20272,3,57210,1,61986,0,0,0,1,212,data_12threads_100connections_10s_True
writev,1,libev,1,1,0,1,1,0,1,2,25700,2763,8648,45667,20921,46190,5558,25913,65001,62422,1,37417,1,7848,0,0,0,1,797,data_12threads_100connections_10s_True
writev,1,libev,1,1,0,1,1,0,1,2,38468,24998,23416,27122,13561,42073,26258,23968,60903,20272,3,57210,1,61986,0,0,0,0,212,data_12threads_100connections_10s_True
writev,1,libev,1,1,0,1,1,0,1,1,25700,2763,25149,45667,20921,46190,5558,25913,65001,62422,1,37417,1,7848,0,0,0,0,797,data_12threads_100connections_10s_True
writev,1,libev,1,1,1,1,1,1,1,2,38468,24998,23416,27122,13561,42073,26258,23968,60903,20272,3,10854,1,61986,0,0,0,0,212,data_12threads_100connections_10s_True
write,1,libev,1,1,0,1,1,0,1,2,38468,24998,23416,27122,13561,42073,26258,23968,60903,20272,3,57210,1,57022,0,0,0,0,212,data_12threads_100connections_10s_True
writev,0,linux-sysepoll,0,1,1,0,1,0,1,2,60948,27117,17191,23565,10544,60275,37990,46509,23313,62795,9,50928,1,14964,1,0,1,1,877,data_8threads_100connections_60s_True
writev,0,linux-sysepoll,1,1,0,0,1,0,1,1,60948,27117,17191,23565,10544,60275,37990,46509,5947,62795,9,50928,1,43070,0,1,1,1,1196,data_8threads_100connections_60s_True
write,1,libev,1,1,0,1,1,0,1,2,38468,24998,23416,27122,13561,42073,26258,23968,13042,11131,10,34162,1,61566,1,1,0,0,2029,data_8threads_100connections_60s_True
write,0,linux-sysepoll,0,0,0,1,1,0,2,1,46379,54071,42483,25257,12628,14630,23424,15546,65037,42490,11,948,0,43070,0,1,1,1,1196,data_8threads_100connections_60s_True
write,0,linux-sysepoll,1,0,0,1,1,0,2,1,46379,54071,42734,25257,12628,14630,23424,15546,65037,42490,11,948,1,47909,0,1,1,1,1196,data_8threads_100connections_60s_True
sendfile,1,libev,1,1,0,1,1,0,1,2,38468,24998,23416,27122,10337,42073,26258,23968,13042,11131,10,34162,1,61566,1,1,0,0,2029,data_8threads_100connections_60s_True
writev,1,select,0,0,1,1,1,1,2,2,1408,18382,51470,34080,647,18185,7260,60153,13042,11131,7,3316,1,60150,1,0,0,0,2029,data_8threads_100connections_60s_True
sendfile,0,poll,1,0,1,0,1,1,0,2,1408,18382,51470,34080,6771,48283,7260,44221,13042,11131,7,34162,1,53288,1,1,0,0,2029,data_8threads_100connections_60s_True
write,0,select,0,0,1,1,1,1,2,1,46379,54071,42483,25257,12628,14630,23424,15546,65037,42490,4,37743,1,14964,1,0,1,1,877,data_8threads_100connections_60s_True
write,0,select,0,0,1,1,0,1,2,1,46379,54071,42483,25257,12628,14630,23424,15546,65037,42490,4,37743,1,14964,1,0,0,1,1041,data_8threads_100connections_60s_True
writev,0,libev,0,0,1,0,1,1,2,2,46379,54071,54821,25257,12628,14630,23424,15546,65037,42490,4,37743,1,14964,1,0,0,0,1041,data_8threads_100connections_60s_True
sendfile,0,select,0,0,1,1,1,1,2,1,46379,54071,42483,25257,12628,14630,52668,15546,65037,52496,4,37743,1,14964,1,0,1,1,492,data_8threads_100connections_60s_True
write,1,select,0,0,0,1,1,1,2,1,46379,54071,42483,25257,12628,14630,23424,15546,65037,1110,4,37743,1,14964,1,1,0,1,877,data_8threads_100connections_60s_True
write,1,select,0,0,1,1,1,1,2,2,46379,54071,42483,25257,12628,14630,24181,15546,65037,42490,4,26155,1,61566,1,1,0,0,1610,data_8threads_100connections_60s_True
sendfile,0,poll,1,1,1,0,1,1,0,2,1408,18382,51470,34080,647,18185,7260,44221,13042,11131,7,3316,1,60150,1,0,0,0,2029,data_8threads_100connections_60s_True
write,1,libev,0,1,1,0,1,1,2,0,48821,4182,58695,36070,17783,63770,46270,21089,19133,20665,15,1438,1,18160,0,1,1,0,2414,data_8threads_100connections_60s_True
writev,1,select,1,0,1,1,1,1,2,1,1408,18382,30797,34080,10068,22401,7260,23968,13042,10288,10,34162,1,61566,1,1,0,0,2029,data_8threads_100connections_60s_True
sendfile,0,poll,1,0,1,0,1,1,0,2,1408,18382,51470,34080,9063,34104,46270,21089,19133,20665,15,1438,1,18160,0,1,1,0,1473,data_8threads_100connections_60s_True
write,0,poll,0,1,1,0,1,1,0,2,1408,18382,51470,34080,647,18185,7260,44221,13042,11131,7,3316,1,60150,1,1,1,0,1473,data_8threads_100connections_60s_True
write,1,select,1,1,0,1,1,0,1,2,38468,24998,23416,27122,10337,64420,26258,23968,13042,11131,10,34162,1,61566,1,1,0,0,2029,data_8threads_100connections_60s_True
write,0,linux-sysepoll,1,0,0,1,1,0,1,1,64140,8261,41810,64113,32056,29968,42225,2831,39348,7572,2,1011,1,39130,1,0,0,1,569,data_12threads_300connections_60s_False
write,0,linux-sysepoll,1,0,0,1,1,1,1,1,64140,8261,41810,64113,32056,29968,42225,2831,39348,7572,2,1011,1,39130,1,0,1,1,877,data_12threads_300connections_60s_False
sendfile,0,linux-sysepoll,1,0,0,1,1,0,1,1,64140,8261,41810,64113,32056,29968,42225,2831,39348,7572,2,1011,1,39130,1,0,0,0,569,data_12threads_300connections_60s_False
write,0,libev,1,1,0,1,1,0,1,2,38468,47403,41810,64113,32056,29968,42225,2831,39348,7572,2,1011,1,39130,1,0,0,1,569,data_12threads_300connections_60s_False
write,0,linux-sysepoll,1,0,0,1,1,0,2,1,46379,54071,42734,25257,12628,14630,41999,15546,39348,7572,2,1011,1,39130,1,0,0,0,569,data_12threads_300connections_60s_False
write,0,libev,0,1,0,1,1,0,1,1,38468,47403,41810,64113,32056,29968,42225,2831,39348,7572,2,1011,0,39130,1,0,0,1,569,data_12threads_300connections_60s_False
write,1,poll,1,1,1,1,1,0,1,1,64140,8261,41810,64113,32056,29968,17061,2831,39348,7572,2,18751,1,39130,1,0,0,0,569,data_12threads_300connections_60s_False
writev,0,linux-sysepoll,1,0,0,1,1,0,1,1,64140,8261,41810,64113,32056,29968,42225,2831,39348,7572,2,1011,1,39130,0,0,0,1,569,data_12threads_300connections_60s_False
sendfile,0,linux-sysepoll,0,0,0,1,1,1,1,1,64140,8261,41810,64113,32056,29968,56678,2831,39348,7572,2,1011,1,39130,1,0,1,0,1582,data_12threads_300connections_60s_False
write,0,libev,1,0,0,0,1,1,1,1,64140,8261,41810,64113,32056,29968,42225,2831,39348,7572,2,1011,1,39130,1,0,1,1,877,data_12threads_300connections_60s_False
write,0,linux-sysepoll,1,0,0,1,1,0,1,1,64140,8261,41810,64113,32056,29968,42225,2831,39348,7572,2,1011,1,39130,1,0,1,1,877,data_12threads_300connections_60s_False
write,0,select,1,0,0,1,1,0,1,1,64140,8261,41810,64113,32056,29968,42225,2831,39348,7572,2,47049,1,40582,1,0,1,1,877,data_12threads_300connections_60s_False
sendfile,0,linux-sysepoll,1,1,1,1,1,0,1,1,64140,8261,34863,64113,32056,1123,17061,2831,39348,7572,2,18751,1,39130,1,0,0,0,569,data_12threads_300connections_60s_False
write,0,linux-sysepoll,1,0,0,1,1,0,2,1,64140,50828,41810,64113,32056,29968,42225,2831,39348,7572,2,29782,1,39130,1,0,1,1,877,data_12threads_300connections_60s_False
write,0,linux-sysepoll,1,0,0,1,1,0,2,2,46379,54071,42734,25257,12628,14630,41999,15546,39348,44313,2,1011,1,39130,1,0,0,0,569,data_12threads_300connections_60s_False
write,0,libev,1,0,0,0,1,0,1,2,38468,47403,41810,64113,32056,29968,42225,2831,39348,63541,2,1011,1,23692,1,1,0,1,569,data_12threads_300connections_60s_False
write,0,libev,1,0,0,1,1,0,1,2,38468,47403,41810,64113,32056,29968,42225,2831,23486,7572,2,1011,1,39130,1,0,0,1,569,data_12threads_300connections_60s_False
write,0,linux-sysepoll,0,0,0,1,1,1,2,1,64140,33965,41810,64113,32056,29968,42225,2831,39348,7572,2,1011,1,39130,1,0,1,1,877,data_12threads_300connections_60s_False
write,0,linux-sysepoll,1,0,0,1,1,0,1,1,64140,8261,41810,64113,32056,29968,42225,17345,39348,7572,2,1011,1,39130,1,0,0,1,569,data_12threads_300connections_60s_False
write,1,select,1,0,0,1,1,0,1,1,64140,8261,41810,64113,32056,29968,42225,38888,39348,7572,2,1011,1,39130,1,0,1,0,1582,data_12threads_300connections_60s_False
write,0,select,0,0,1,1,0,1,2,1,46379,54071,42483,25257,12628,14630,23424,15546,65037,42490,4,37743,1,14964,1,0,0,1,1041,data_12threads_100connections_10s_False
write,0,select,0,0,1,1,1,1,2,1,46379,54071,42483,25257,12628,14630,23424,15546,65037,42490,4,37743,1,14964,1,0,1,1,877,data_12threads_100connections_10s_False
write,0,select,0,0,1,1,1,0,2,1,46379,54071,42483,9353,12628,14630,23424,15546,65037,42490,4,37743,1,14964,1,1,1,0,877,data_12threads_100connections_10s_False
write,0,poll,0,1,0,1,1,1,1,1,46379,54071,24816,25257,12628,14630,23424,15546,65037,42490,4,37743,1,14964,1,0,1,1,877,data_12threads_100connections_10s_False
write,0,select,0,0,1,1,0,0,2,1,46379,54071,42483,25257,17773,14630,23424,15546,65037,42490,4,37743,1,14964,1,0,0,1,569,data_12threads_100connections_10s_False
write,0,select,0,0,1,1,0,1,2,1,21393,54071,42483,25257,12628,14630,23424,15546,35282,42490,4,37743,1,14964,1,0,1,1,877,data_12threads_100connections_10s_False
write,0,select,0,0,1,1,1,1,2,1,46379,54071,42483,17033,12628,14630,23424,15546,65037,42490,4,37743,1,14964,1,0,0,1,1041,data_12threads_100connections_10s_False
writev,1,select,0,0,1,1,1,1,2,1,46379,54071,42483,25257,15394,14630,23424,15546,65037,42490,4,37743,1,14964,1,0,1,1,1196,data_12threads_100connections_10s_False
write,0,select,0,0,1,0,1,1,2,1,46379,54071,42483,25257,12628,14630,23424,15546,65037,42490,4,37743,1,14964,1,0,1,1,877,data_12threads_100connections_10s_False
write,0,linux-sysepoll,0,0,1,1,0,1,0,1,46379,54071,42483,25257,12628,14630,23424,15546,65037,42490,11,1011,1,39130,1,0,1,1,569,data_12threads_100connections_10s_False
writev,0,linux-sysepoll,1,0,0,1,1,1,2,1,46379,54071,42734,25257,12628,14630,23424,15934,65037,42490,4,37743,1,14964,1,0,1,1,877,data_12threads_100connections_10s_False
write,0,select,0,1,1,1,1,1,0,1,46379,54071,42483,9353,12628,14630,23424,15546,65037,42490,4,37743,1,14964,1,1,1,0,877,data_12threads_100connections_10s_False
write,1,select,0,0,1,1,0,1,2,1,21393,54071,42483,25257,12628,14630,23424,15546,35282,42677,4,37743,1,14964,1,0,1,1,877,data_12threads_100connections_10s_False
writev,1,select,0,0,1,1,1,1,2,1,46379,54071,42483,25257,15394,14630,23424,15546,65037,42490,4,37743,1,14964,1,0,1,0,1196,data_12threads_100connections_10s_False
write,1,select,0,0,1,0,1,1,2,1,46379,54071,42483,25257,12628,14630,23424,15546,65037,42490,4,37743,1,14964,1,1,1,0,877,data_12threads_100connections_10s_False
sendfile,0,select,0,0,1,1,1,0,2,1,23458,54071,42483,9353,12628,14630,23424,15546,65037,42490,4,59039,1,14964,1,0,1,1,877,data_12threads_100connections_10s_False
write,0,select,1,0,0,0,1,1,2,1,46379,54071,42734,25257,12628,14630,23424,15934,65037,42490,4,37743,1,14964,1,0,1,1,768,data_12threads_100connections_10s_False
writev,0,linux-sysepoll,0,0,1,0,1,1,2,1,2754,54071,42483,25257,12628,28988,23424,15546,65037,42490,4,37743,1,14964,1,0,1,1,877,data_12threads_100connections_10s_False
write,0,select,0,0,1,1,1,1,2,1,46379,54071,42483,17033,12628,14630,23424,15546,65037,42490,4,37743,1,14964,1,0,0,1,877,data_12threads_100connections_10s_False
write,1,select,0,1,1,1,1,1,2,2,46379,54071,42483,25257,12628,14630,23424,15546,65037,42490,4,37743,1,14964,0,0,1,1,877,data_12threads_100connections_10s_False
writev,0,libev,0,1,0,1,1,0,2,1,38468,47403,2499,24604,32056,29968,42225,2831,39348,7572,2,1011,1,39130,1,0,1,1,877,data_8threads_100connections_10s_False
write,0,libev,0,1,0,1,1,0,1,1,38468,47403,41810,24604,32056,29968,41338,2831,40715,7572,2,18859,1,39130,0,0,0,0,569,data_8threads_100connections_10s_False
sendfile,0,libev,1,0,0,0,1,1,1,1,60442,8261,41810,64113,32056,14630,23424,15546,65037,42490,4,37743,1,14964,1,0,1,0,877,data_8threads_100connections_10s_False
sendfile,1,linux-sysepoll,1,0,0,1,1,0,2,1,46379,10160,42734,25257,12628,14630,42225,2831,39348,5325,2,1011,1,39130,1,0,1,0,877,data_8threads_100connections_10s_False
sendfile,0,libev,1,0,0,1,1,1,1,1,31108,43535,41810,64113,32056,29968,55899,2831,39348,7572,2,18859,1,39130,0,1,0,0,569,data_8threads_100connections_10s_False
sendfile,0,libev,1,0,0,1,1,0,1,1,31108,43535,41810,64113,32056,29968,55899,2831,64381,7572,2,18859,1,39130,0,1,0,0,569,data_8threads_100connections_10s_False
write,0,libev,1,0,0,0,1,1,1,1,60442,8261,41810,64113,32056,14630,23424,15546,65037,42490,4,37743,1,14964,1,0,1,0,877,data_8threads_100connections_10s_False
write,0,libev,1,0,0,0,1,1,1,1,60442,8261,41810,64113,970,14630,23424,15546,48413,42490,4,37743,1,14964,1,0,1,0,877,data_8threads_100connections_10s_False
sendfile,0,libev,1,0,0,1,1,1,1,1,64140,8261,41810,64113,32056,14630,23424,15546,65037,42490,4,37743,1,14964,1,1,1,0,877,data_8threads_100connections_10s_False
write,0,poll,1,0,0,0,1,1,1,1,60442,12449,41810,64113,32056,14630,23424,35011,61942,42490,4,37743,1,14964,1,0,1,0,877,data_8threads_100connections_10s_False
write,0,libev,1,0,0,0,1,1,1,1,64140,8261,41810,64113,32056,29968,42225,2831,39348,7572,2,1011,1,39130,1,0,1,1,877,data_8threads_100connections_10s_False
sendfile,0,linux-sysepoll,0,0,0,1,1,1,1,1,64140,8261,41810,64113,32056,29968,56678,2831,39348,7572,2,1011,1,39130,1,0,1,0,1582,data_8threads_100connections_10s_False
write,1,poll,1,1,1,1,1,0,1,1,64140,8261,41810,64113,32056,29968,17061,2831,39348,7572,2,18751,1,39130,1,0,0,0,569,data_8threads_100connections_10s_False
writev,0,linux-sysepoll,1,0,0,1,1,0,1,1,64140,8261,41810,64113,32056,29968,42225,2831,39348,7572,2,1011,1,39130,0,0,0,1,569,data_8threads_100connections_10s_False
write,0,libev,0,1,0,1,1,0,1,1,38468,47403,41810,64113,32056,29968,42225,2831,39348,7572,2,1011,0,39130,1,0,0,1,569,data_8threads_100connections_10s_False
write,0,linux-sysepoll,1,0,0,1,1,0,2,1,46379,54071,42734,25257,12628,14630,41999,15546,39348,7572,2,1011,1,39130,1,0,0,0,569,data_8threads_100connections_10s_False
sendfile,0,linux-sysepoll,1,0,0,1,1,0,1,1,64140,8261,41810,64113,32056,29968,42225,2831,39348,7572,2,1011,1,39130,1,0,0,0,569,data_8threads_100connections_10s_False
write,0,libev,1,1,0,1,1,0,1,2,38468,47403,41810,64113,32056,29968,42225,2831,39348,7572,2,1011,1,39130,1,0,0,1,569,data_8threads_100connections_10s_False
write,0,linux-sysepoll,1,0,0,1,1,0,1,1,64140,8261,41810,64113,32056,29968,42225,2831,39348,7572,2,1011,1,39130,1,0,0,1,569,data_8threads_100connections_10s_False
write,0,linux-sysepoll,1,0,0,1,1,1,1,1,64140,8261,41810,64113,32056,29968,42225,2831,39348,7572,2,1011,1,39130,1,0,1,1,877,data_8threads_100connections_10s_False
write,0,select,0,0,1,1,0,1,2,1,46379,54071,42483,25257,12628,14630,23424,15546,65037,42490,4,37743,1,14964,1,0,0,1,1041,data_4threads_100connections_60s_True
write,0,select,0,0,1,1,1,1,2,1,46379,54071,42483,25257,12628,14630,23424,15546,65037,42490,4,37743,1,14964,1,0,1,1,877,data_4threads_100connections_60s_True
write,0,linux-sysepoll,0,0,1,1,0,1,0,1,46379,54071,42483,25257,12628,14630,23424,15546,65037,42490,11,1011,1,39130,1,0,1,1,569,data_4threads_100connections_60s_True
writev,1,select,0,0,1,1,1,1,2,1,46379,54071,42483,25257,15394,14630,23424,15546,65037,42490,4,37743,1,14964,1,0,1,1,1196,data_4threads_100connections_60s_True
write,0,select,0,0,1,0,1,1,2,1,46379,54071,42483,25257,12628,14630,23424,15546,65037,42490,4,37743,1,14964,1,0,1,1,877,data_4threads_100connections_60s_True
write,0,select,0,0,1,1,0,0,2,1,46379,54071,42483,25257,17773,14630,23424,15546,65037,42490,4,37743,1,14964,1,0,0,1,569,data_4threads_100connections_60s_True
write,0,select,0,0,1,1,1,1,2,1,46379,54071,42483,17033,12628,14630,23424,15546,65037,42490,4,37743,1,14964,1,0,0,1,1041,data_4threads_100connections_60s_True
write,0,select,0,0,1,1,1,0,2,1,46379,54071,42483,9353,12628,14630,23424,15546,65037,42490,4,37743,1,14964,1,1,1,0,877,data_4threads_100connections_60s_True
write,0,poll,0,1,0,1,1,1,1,1,46379,54071,24816,25257,12628,14630,23424,15546,65037,42490,4,37743,1,14964,1,0,1,1,877,data_4threads_100connections_60s_True
write,0,select,0,0,1,1,0,1,2,1,21393,54071,42483,25257,12628,14630,23424,15546,35282,42490,4,37743,1,14964,1,0,1,1,877,data_4threads_100connections_60s_True
write,0,select,1,0,1,1,1,0,2,1,46379,48717,42483,9353,12628,14630,23424,15546,65037,42490,4,37743,1,14964,1,0,0,1,1041,data_4threads_100connections_60s_True
sendfile,0,libev,0,0,1,1,1,0,2,1,46379,54071,42483,17033,12628,41010,23424,15546,65037,42490,4,37743,1,14964,1,1,1,0,877,data_4threads_100connections_60s_True
writev,0,select,0,1,1,1,1,1,2,0,46379,54071,42483,25257,12628,14630,23424,15546,65037,51545,4,36788,1,14964,1,0,1,0,877,data_4threads_100connections_60s_True
write,0,select,0,0,1,0,1,1,2,1,46379,54071,42483,17033,12628,14630,23424,15546,65037,42490,4,37743,1,17621,1,0,0,1,1041,data_4threads_100connections_60s_True
writev,0,select,0,0,1,1,0,1,2,2,46379,54071,42483,46943,12628,14630,23424,15546,65037,42490,4,37743,1,14964,1,0,0,1,1041,data_4threads_100connections_60s_True
writev,1,select,0,0,1,1,1,1,2,1,48452,54071,42483,25257,23698,14630,23424,15546,46930,42490,4,37743,1,14964,0,0,1,1,877,data_4threads_100connections_60s_True
write,0,select,0,0,1,1,1,1,2,1,46379,54071,42483,25257,12628,14630,23424,15546,65037,42490,16,37743,0,14964,1,0,1,1,1196,data_4threads_100connections_60s_True
writev,1,select,0,0,1,1,1,1,2,1,23660,54071,42483,25257,15394,14630,23424,5341,65037,42490,4,37743,0,14964,1,0,0,1,1196,data_4threads_100connections_60s_True
write,0,select,0,0,1,1,0,0,2,2,46379,54071,42483,9353,12628,14630,23424,20450,65037,42490,4,37743,1,14964,1,1,1,0,877,data_4threads_100connections_60s_True
write,0,select,0,0,1,0,0,1,2,1,46379,54071,54280,25257,3841,30574,23424,15546,65037,42490,4,37743,1,14964,1,0,0,1,1012,data_4threads_100connections_60s_True
write,0,libev,1,1,1,1,1,1,2,1,60442,54945,41810,64113,12628,14630,42225,2831,39348,5325,2,1011,1,39130,1,1,1,1,2626,data_12threads_300connections_120s_False
sendfile,1,linux-sysepoll,1,0,0,1,1,0,2,1,46379,10160,42734,25257,12628,14630,42225,2831,39348,5325,2,1011,1,39130,1,0,1,0,877,data_12threads_300connections_120s_False
sendfile,1,linux-sysepoll,1,0,0,1,1,0,2,2,46379,10160,42734,62580,12628,14630,42225,2831,39348,5325,2,1011,1,39130,1,0,1,0,877,data_12threads_300connections_120s_False
sendfile,0,libev,1,0,0,1,1,0,1,1,31108,43535,41810,64113,32056,29968,55899,2831,64381,7572,2,18859,1,39130,0,1,0,0,569,data_12threads_300connections_120s_False
sendfile,0,libev,1,0,0,1,1,1,1,1,31108,43535,41810,64113,32056,29968,55899,2831,39348,7572,2,18859,1,39130,0,1,0,0,569,data_12threads_300connections_120s_False
sendfile,0,libev,1,0,1,1,1,1,1,1,31108,16393,41810,64113,32056,29968,55899,2831,39348,7572,2,18859,1,39130,0,1,0,0,569,data_12threads_300connections_120s_False
sendfile,1,libev,1,0,0,1,1,1,1,1,31108,43535,41810,64113,32056,29968,55899,2831,37377,7572,2,18859,1,39130,0,1,0,0,569,data_12threads_300connections_120s_False
sendfile,0,libev,1,0,0,1,1,1,1,1,31108,43535,41810,64113,32056,8064,55899,2831,39348,7572,2,18859,1,39130,0,1,0,0,569,data_12threads_300connections_120s_False
sendfile,0,libev,1,0,1,1,1,1,1,1,31108,16393,41810,64113,32056,29968,55899,2831,39348,7572,2,18859,1,39130,1,1,0,0,569,data_12threads_300connections_120s_False
write,0,libev,1,1,1,0,1,1,2,1,60442,8261,41810,64113,21697,14630,23424,15546,39348,5325,2,1011,1,39130,1,0,1,0,877,data_12threads_300connections_120s_False
write,0,libev,0,1,0,0,1,1,2,1,60442,8261,41810,64113,21697,14630,23424,15546,64837,5325,2,1011,1,39130,1,0,1,0,877,data_12threads_300connections_120s_False
write,0,libev,1,0,0,0,1,1,1,1,60442,8261,41810,64113,970,14630,23424,15546,48413,42490,4,37743,1,14964,1,0,1,0,877,data_12threads_300connections_120s_False
write,0,libev,1,0,0,0,1,1,1,1,60442,8261,41810,64113,32056,14630,23424,15546,65037,42490,4,37743,1,14964,1,0,1,0,877,data_12threads_300connections_120s_False
sendfile,0,libev,1,0,0,1,1,1,2,1,64140,8261,41810,64113,32056,14630,23424,15546,65037,42490,4,40874,1,14964,1,1,1,0,877,data_12threads_300connections_120s_False
sendfile,0,libev,1,0,0,1,1,1,1,1,31108,43535,41810,64113,32056,29968,55899,2831,39348,7572,2,48735,1,14964,1,0,1,0,1358,data_12threads_300connections_120s_False
sendfile,0,libev,1,0,0,1,1,1,1,1,64140,8261,35913,64113,32056,14630,26421,15546,65037,42490,13,49749,1,16023,1,0,1,0,624,data_12threads_300connections_120s_False
sendfile,0,libev,1,0,0,1,1,1,1,1,31108,43535,41810,64113,29111,29968,55899,2831,39348,7572,2,18859,1,14964,1,0,1,0,877,data_12threads_300connections_120s_False
sendfile,0,libev,1,0,0,1,1,1,1,0,31108,43535,41810,64113,32056,8064,55899,2831,39348,7572,2,1011,1,39130,1,0,1,0,877,data_12threads_300connections_120s_False
write,0,libev,1,0,0,0,1,1,1,1,58850,8261,35913,64113,32056,19410,26421,58217,65037,42490,13,49749,1,8472,1,0,1,0,1594,data_12threads_300connections_120s_False
sendfile,0,libev,1,0,0,1,1,1,1,1,64140,8261,41810,64113,970,14630,23424,15546,48413,42490,4,37743,1,14964,1,0,1,0,877,data_12threads_300connections_120s_False
sendfile,1,libev,1,1,0,1,1,1,1,1,31108,43535,41810,64113,32056,29968,55899,2831,37377,7572,2,18859,1,39130,0,0,0,0,569,data_4threads_10connections_30s_True
sendfile,1,linux-sysepoll,1,1,1,1,1,0,2,2,46379,10160,41810,64113,32056,29968,55899,2831,64381,7572,2,18859,1,39130,0,1,0,0,569,data_4threads_10connections_30s_True
sendfile,1,linux-sysepoll,1,0,1,1,1,0,2,2,46379,10160,46468,62580,12628,14630,42225,2831,39348,5325,2,1011,1,39130,0,1,0,0,569,data_4threads_10connections_30s_True
sendfile,1,linux-sysepoll,1,0,1,1,1,0,2,2,46379,10160,9587,62580,12628,14630,42225,2831,39348,5325,2,5719,1,39130,0,1,0,0,569,data_4threads_10connections_30s_True
sendfile,1,linux-sysepoll,1,0,1,1,1,0,2,2,46379,10160,46468,62580,12628,14630,42225,2831,39348,5325,2,1011,1,39130,0,1,1,1,877,data_4threads_10connections_30s_True
sendfile,1,linux-sysepoll,1,0,0,1,1,0,2,2,46379,10160,42734,62580,12628,14630,42225,2831,39348,5325,2,1011,1,39130,1,0,1,0,877,data_4threads_10connections_30s_True
sendfile,1,linux-sysepoll,1,0,0,0,0,0,2,1,46379,10160,42734,62580,12628,14630,44504,2831,39348,5325,2,1011,1,39130,1,0,0,1,569,data_4threads_10connections_30s_True
sendfile,0,libev,1,0,0,1,1,1,1,1,31108,43535,41810,64113,32056,29968,55899,2831,39348,7572,2,18859,1,39130,0,1,0,0,569,data_4threads_10connections_30s_True
sendfile,0,libev,1,0,0,1,1,0,1,1,31108,43535,41810,64113,32056,29968,55899,2831,64381,7572,2,18859,1,39130,0,1,0,0,569,data_4threads_10connections_30s_True
sendfile,0,libev,1,0,1,1,1,1,1,1,31108,16393,41810,64113,32056,29968,55899,2831,39348,7572,2,18859,1,39130,1,1,0,0,569,data_4threads_10connections_30s_True
sendfile,1,libev,1,0,0,1,1,1,1,1,31108,43535,41810,64113,32056,29968,55899,2831,37377,7572,2,18859,1,39130,0,1,0,0,569,data_4threads_10connections_30s_True
sendfile,0,libev,1,0,0,1,1,1,1,1,31108,43535,41810,64113,32056,8064,55899,2831,39348,7572,2,18859,1,39130,0,1,0,0,569,data_4threads_10connections_30s_True
sendfile,0,libev,1,0,1,1,1,1,1,1,31108,16393,41810,64113,32056,29968,55899,2831,39348,7572,2,18859,1,39130,0,1,0,0,569,data_4threads_10connections_30s_True
sendfile,0,libev,1,0,1,1,1,1,1,1,26366,16393,41810,64113,32056,29968,55899,2831,39348,7572,2,18859,1,39130,1,1,1,0,569,data_4threads_10connections_30s_True
sendfile,0,poll,1,0,1,0,1,1,1,1,31108,16393,41810,64113,32056,29968,55899,2831,39348,46193,2,18859,1,24669,0,1,0,0,569,data_4threads_10connections_30s_True
sendfile,1,libev,1,0,0,1,1,1,1,1,27921,43535,63191,64113,32056,29968,55899,2831,37377,7572,2,18859,1,39130,0,1,0,0,569,data_4threads_10connections_30s_True
sendfile,1,libev,1,0,1,1,1,1,1,1,31108,43535,41810,64113,32056,29968,55899,2831,37377,7572,2,18859,1,39130,0,1,0,0,569,data_4threads_10connections_30s_True
sendfile,0,libev,1,0,0,1,1,1,1,1,31108,43535,41810,64113,32056,29968,55899,2831,40075,7572,2,18859,1,39130,0,1,1,0,1832,data_4threads_10connections_30s_True
sendfile,0,libev,1,0,1,1,1,1,2,1,26366,18998,41810,64113,32056,52416,55899,2831,39348,7572,2,18859,1,39130,0,1,1,0,569,data_4threads_10connections_30s_True
sendfile,0,libev,1,0,0,1,1,1,1,1,31108,43535,41810,64113,32056,29968,55899,2831,39348,7572,2,18859,1,39130,0,0,1,0,569,data_4threads_10connections_30s_True
sendfile,0,libev,1,0,1,0,1,1,1,1,31108,16393,41810,64113,32056,29968,55899,2831,39348,7572,2,18859,1,39130,1,1,1,0,1943,data_8threads_100connections_30s_True
write,0,libev,1,0,1,0,1,1,1,1,31108,16393,41810,64113,32056,29968,55899,2831,39348,7572,2,18859,1,39130,1,1,0,0,569,data_8threads_100connections_30s_True
sendfile,0,libev,1,0,1,0,1,1,1,1,31108,16393,41810,64113,32056,29968,55899,2831,39348,7572,2,46982,1,39130,1,1,1,0,1943,data_8threads_100connections_30s_True
sendfile,0,libev,1,0,0,0,1,0,1,1,38527,60155,42495,45349,10856,29968,55899,30963,39348,56598,4,37743,1,14964,1,1,0,1,1041,data_8threads_100connections_30s_True
sendfile,0,libev,1,0,0,1,1,1,1,1,31108,43535,41810,64113,32056,29968,55899,2831,39348,7572,2,18859,1,39130,0,1,0,0,569,data_8threads_100connections_30s_True
sendfile,0,libev,1,0,0,1,1,0,1,1,31108,43535,41810,64113,32056,29968,55899,2831,64381,7572,2,18859,1,39130,0,1,0,0,569,data_8threads_100connections_30s_True
sendfile,0,libev,1,0,1,1,1,1,1,1,31108,16393,41810,64113,32056,29968,55899,2831,39348,7572,2,18859,1,39130,1,1,0,0,569,data_8threads_100connections_30s_True
sendfile,0,libev,1,0,0,1,1,1,1,1,31108,43535,41810,64113,32056,29968,55899,2831,39348,7572,2,18859,1,39130,0,1,0,1,569,data_8threads_100connections_30s_True
sendfile,0,libev,1,0,0,1,1,0,1,0,31108,43535,42495,64113,31563,29968,55899,2831,64381,7572,2,18859,1,45724,0,1,0,0,569,data_8threads_100connections_30s_True
sendfile,0,libev,1,0,1,1,1,0,1,1,31108,27493,41810,64113,16139,29968,16992,25900,39348,7572,2,19028,1,39130,0,1,0,0,569,data_8threads_100connections_30s_True
sendfile,0,libev,1,0,1,1,1,1,1,2,31108,16393,41810,64113,22674,29968,55899,28911,39348,7572,2,37743,1,14964,1,1,0,1,1041,data_8threads_100connections_30s_True
sendfile,0,libev,1,0,0,1,1,1,1,1,31108,43535,41391,64113,31563,21519,55899,2831,64381,7572,2,18859,1,45724,0,1,1,0,569,data_8threads_100connections_30s_True
sendfile,0,libev,1,0,0,1,1,0,1,1,38527,60155,42495,45349,32056,29968,55899,30963,39348,56598,2,18859,1,39130,0,1,0,0,569,data_8threads_100connections_30s_True
sendfile,0,libev,1,0,1,1,1,1,1,0,31108,16393,41810,64113,32056,49212,55899,2831,39348,7572,2,18859,1,39130,1,1,0,1,569,data_8threads_100connections_30s_True
sendfile,0,libev,1,0,1,0,1,1,1,1,31108,43535,41810,64113,32056,51909,55899,2831,39348,7572,2,18859,0,39130,0,1,0,0,569,data_8threads_100connections_30s_True
sendfile,0,libev,1,0,1,1,1,1,1,0,23067,16393,41810,64113,32056,49212,55899,2831,39348,7572,2,18859,1,39130,1,1,0,1,569,data_8threads_100connections_30s_True
sendfile,0,libev,1,0,0,0,1,1,0,1,31108,43535,41391,64113,31563,21519,55899,2831,64381,7572,5,18859,1,45724,0,1,0,0,569,data_8threads_100connections_30s_True
sendfile,0,libev,1,0,1,1,1,1,1,2,31108,39120,37759,64113,22674,29968,55899,28911,39348,7572,9,37743,0,39130,0,1,0,0,569,data_8threads_100connections_30s_True
sendfile,0,libev,1,0,1,1,1,0,1,1,31108,43535,41810,64113,32056,29968,55899,2831,64381,37686,2,18859,0,46539,1,1,0,0,1848,data_8threads_100connections_30s_True
sendfile,0,libev,1,0,1,1,1,1,1,1,31108,27556,41810,64113,32056,10793,55899,2831,39348,7572,9,39657,1,50557,0,1,0,0,569,data_8threads_100connections_30s_True
sendfile,1,libev,1,0,1,1,1,0,0,1,31108,19008,65110,64113,32056,29968,55899,2831,39348,7572,2,46982,1,39130,0,1,1,0,755,data_8threads_10connections_30s_True
sendfile,1,linux-sysepoll,1,0,0,1,1,0,2,2,46379,10160,42734,62580,12628,14630,42225,2831,39348,5325,2,1011,1,39130,1,0,1,0,877,data_8threads_10connections_30s_True
sendfile,0,poll,1,0,0,1,1,0,2,2,46379,10160,42734,62580,12628,14630,48410,2831,39348,5325,2,1011,1,39130,1,0,1,0,1041,data_8threads_10connections_30s_True
sendfile,0,libev,1,1,1,0,1,0,1,1,31108,16393,41810,64113,32056,29968,55899,2831,39348,7572,2,46982,1,39130,1,1,1,0,569,data_8threads_10connections_30s_True
sendfile,0,libev,1,1,1,0,1,0,1,1,31108,16393,65110,64113,32056,29968,55899,2831,39348,7572,2,46982,1,39130,1,1,1,0,755,data_8threads_10connections_30s_True
sendfile,0,libev,1,1,1,0,1,0,1,1,31108,16393,41810,64113,17626,29968,55899,2831,39348,7572,2,46982,1,39130,1,1,1,0,569,data_8threads_10connections_30s_True
sendfile,0,libev,1,1,1,1,1,0,1,2,31108,16393,65110,64113,32056,29968,55899,2831,39348,7572,2,46982,1,62484,1,0,1,0,755,data_8threads_10connections_30s_True
sendfile,1,linux-sysepoll,1,0,0,1,1,0,2,2,46379,10160,42734,62580,12628,14630,48410,2831,39348,5325,2,1011,1,39130,1,0,1,0,1041,data_8threads_10connections_30s_True
sendfile,1,linux-sysepoll,1,0,0,1,1,0,2,2,46379,10160,42734,62580,12628,14630,42225,2831,39348,5325,2,1011,1,9038,1,0,1,0,877,data_8threads_10connections_30s_True
sendfile,1,linux-sysepoll,1,0,0,1,1,0,2,2,46379,10160,42734,62580,12628,14630,48410,2831,39348,5325,2,1011,1,39130,0,0,0,0,2284,data_8threads_10connections_30s_True
sendfile,0,libev,1,1,0,1,1,0,1,0,56938,43535,41810,64113,32056,29968,55899,2831,64381,7572,2,18859,1,39130,0,1,0,0,1041,data_8threads_10connections_30s_True
sendfile,0,libev,1,1,0,1,1,0,1,0,31108,43535,42495,64113,31563,29968,55899,2831,64381,29264,2,18859,1,45724,0,0,0,0,569,data_8threads_10connections_30s_True
sendfile,0,linux-sysepoll,1,1,0,1,1,0,2,2,46379,20323,42734,62580,12628,14630,42225,2831,39348,7572,2,18859,1,39130,1,1,0,0,569,data_8threads_10connections_30s_True
sendfile,0,linux-sysepoll,1,1,0,1,1,0,1,0,31108,43535,42495,64113,31563,29968,56205,2831,64381,29264,2,18859,1,45724,0,0,0,0,408,data_8threads_10connections_30s_True
sendfile,0,libev,1,0,0,1,1,1,1,1,31108,43535,41810,64113,32056,29968,55899,2831,39348,7572,2,18859,1,39130,0,1,0,0,569,data_8threads_10connections_30s_True
sendfile,0,libev,1,0,0,1,1,0,1,1,31108,43535,41810,64113,32056,29968,55899,2831,64381,7572,2,18859,1,39130,0,1,0,0,569,data_8threads_10connections_30s_True
sendfile,0,libev,1,0,1,1,1,1,1,1,31108,16393,41810,64113,32056,29968,55899,2831,39348,7572,2,18859,1,39130,1,1,0,0,569,data_8threads_10connections_30s_True
sendfile,0,libev,1,0,1,1,1,0,1,1,31108,27493,41810,64113,16139,29968,16992,25900,39348,7572,2,19028,1,39130,0,1,0,0,569,data_8threads_10connections_30s_True
sendfile,0,libev,1,0,0,1,1,0,1,0,31108,43535,42495,64113,31563,29968,55899,2831,64381,7572,2,18859,1,45724,0,1,0,0,569,data_8threads_10connections_30s_True
sendfile,0,libev,1,0,1,1,1,0,1,1,31108,27493,41810,64113,16139,29968,56436,25900,39348,41794,2,19028,1,39130,0,1,0,0,569,data_8threads_10connections_30s_True
sendfile,0,poll,1,0,0,0,1,0,2,2,46379,10160,42734,62580,12628,14630,42225,2831,39348,48612,2,1011,1,39130,1,0,0,0,877,data_4threads_100connections_30s_False
sendfile,0,libev,1,0,0,1,1,1,1,1,31108,43535,41810,64113,32056,29968,55899,2831,39348,7572,2,1011,1,39130,1,0,1,0,1282,data_4threads_100connections_30s_False
sendfile,0,libev,1,0,0,1,1,1,2,1,31108,43535,41810,64113,32056,29968,55899,23102,39348,7572,2,39377,1,39130,1,1,1,0,1943,data_4threads_100connections_30s_False
sendfile,0,libev,1,0,0,1,1,1,2,1,31108,43535,41810,64113,32056,29968,55899,38627,54559,54688,2,46982,1,39130,1,0,1,0,1943,data_4threads_100connections_30s_False
write,0,libev,1,0,0,1,1,1,1,1,31108,43535,41810,64113,32056,29968,55899,2831,10429,7572,2,23333,1,39130,1,0,1,0,1282,data_4threads_100connections_30s_False
sendfile,1,linux-sysepoll,1,0,0,1,1,0,2,2,46379,10160,42734,62580,12628,14630,42225,2831,39348,5325,2,1011,1,39130,1,0,1,0,877,data_4threads_100connections_30s_False
sendfile,0,poll,1,0,0,1,1,0,2,2,46379,10160,42734,62580,12628,14630,48410,2831,39348,5325,2,1011,1,39130,1,0,1,0,1041,data_4threads_100connections_30s_False
sendfile,0,linux-sysepoll,1,0,0,1,1,1,2,2,46379,10160,42734,37493,12628,14630,42225,2831,39348,5325,2,1011,1,39130,1,0,1,1,877,data_4threads_100connections_30s_False
sendfile,0,libev,1,0,0,1,1,1,1,1,31108,43535,41810,64113,32056,29968,55899,2831,39348,7572,2,18859,1,39130,0,0,0,1,569,data_4threads_100connections_30s_False
sendfile,0,linux-sysepoll,1,0,0,1,1,1,2,2,46379,10160,42734,37493,24091,14630,42225,2831,39348,5325,2,1011,1,39130,1,0,1,1,877,data_4threads_100connections_30s_False
sendfile,0,libev,1,0,0,1,1,1,1,0,31108,43535,41810,64113,32056,29968,46624,2831,39348,7572,2,1011,1,39130,1,0,0,0,1282,data_4threads_100connections_30s_False
write,0,libev,1,0,0,1,1,0,2,1,31108,43535,41810,64113,32056,36400,46624,2831,39348,7572,6,11218,1,39130,1,1,0,1,1282,data_4threads_100connections_30s_False
writev,0,libev,1,0,0,1,1,1,1,1,31108,43535,41810,64113,32056,29968,55899,2831,39348,7572,2,18859,1,39130,1,0,0,1,877,data_4threads_100connections_30s_False
sendfile,0,linux-sysepoll,1,0,0,1,1,1,1,0,46379,10160,42734,37493,12628,14630,42225,2831,39348,5325,2,1011,1,39130,1,0,1,1,877,data_4threads_100connections_30s_False
writev,1,poll,1,1,0,1,1,0,2,2,46379,16393,41810,64113,32056,29968,55899,2831,39348,7572,2,18859,1,39130,1,1,1,0,1943,data_4threads_100connections_30s_False
write,0,libev,1,0,1,0,1,1,1,1,31108,16393,41810,64113,32056,29968,55899,2831,39348,7572,2,18859,1,39130,1,1,0,0,569,data_4threads_100connections_30s_False
sendfile,0,libev,1,0,1,0,1,1,1,1,31108,16393,41810,64113,32056,29968,55899,2831,39348,7572,2,46982,1,39130,1,1,1,0,1943,data_4threads_100connections_30s_False
sendfile,0,libev,1,0,1,0,1,1,1,1,31108,16393,41810,64113,32056,29968,55899,2831,39348,7572,2,18859,1,39130,1,1,1,0,1943,data_4threads_100connections_30s_False
sendfile,0,libev,1,0,0,0,1,1,1,1,31108,28123,41810,64113,32056,29968,29866,5088,39348,7572,2,18859,1,39130,1,1,0,0,569,data_4threads_100connections_30s_False
sendfile,0,select,1,0,0,1,1,1,1,1,31108,16393,41810,64113,27443,29968,19440,2831,39348,7572,2,46982,1,39130,1,1,1,0,1943,data_4threads_100connections_30s_False
write,0,libev,1,0,0,1,1,1,1,1,31108,43535,41810,64113,32056,29968,55899,2831,10429,7572,2,23333,1,39130,1,0,1,0,1282,data_4threads_300connections_120s_True
sendfile,0,libev,1,0,0,1,1,1,2,1,31108,43535,41810,64113,32056,29968,55899,38627,54559,54688,2,46982,1,39130,1,0,1,0,1943,data_4threads_300connections_120s_True
sendfile,0,libev,1,0,0,1,1,1,2,1,31108,43535,41810,64113,32056,29968,55899,23102,39348,7572,2,39377,1,39130,1,1,1,0,1943,data_4threads_300connections_120s_True
sendfile,0,libev,1,0,0,1,1,1,1,1,31108,43535,41810,64113,32056,29968,55899,2831,39348,7572,2,1011,1,39130,1,0,1,0,1282,data_4threads_300connections_120s_True
sendfile,0,libev,1,0,0,1,1,1,2,1,31108,15480,41810,64113,32056,29968,55899,23102,39348,7572,2,39377,1,39130,1,1,1,0,1943,data_4threads_300connections_120s_True
write,0,libev,1,0,0,1,1,1,1,1,31108,43535,41810,64113,32056,29968,55899,2831,10429,7572,7,23333,1,10306,1,0,1,0,1041,data_4threads_300connections_120s_True
write,0,libev,1,0,0,0,1,1,2,1,31108,43535,41810,64113,32056,29968,55899,38627,54559,54688,2,46982,1,39130,1,0,1,0,1943,data_4threads_300connections_120s_True
sendfile,0,libev,1,0,0,1,1,1,2,1,31108,43535,41810,64113,32056,29968,55899,38627,54559,54688,2,46982,1,3427,1,0,1,0,2187,data_4threads_300connections_120s_True
sendfile,0,libev,1,0,0,1,1,1,2,1,31108,43535,41810,64113,32056,29968,51260,2831,10429,7572,16,23333,1,39130,1,0,1,0,1282,data_4threads_300connections_120s_True
sendfile,0,libev,1,1,0,1,1,1,2,1,31108,43535,36914,64113,32056,29968,46501,39794,39348,46121,2,39377,1,9038,1,0,1,0,877,data_4threads_300connections_120s_True
sendfile,1,linux-sysepoll,1,0,0,1,1,1,2,2,46379,10160,42734,37493,24091,14630,42225,2831,39348,5325,2,1011,1,39130,1,0,1,0,1041,data_4threads_300connections_120s_True
sendfile,0,libev,0,0,1,0,1,1,2,1,31108,43535,33412,10603,32056,29968,55899,38627,54559,54688,2,46982,1,3427,1,0,1,0,2187,data_4threads_300connections_120s_True
sendfile,0,libev,1,0,1,0,1,1,1,1,31108,43535,41810,64113,32056,29968,51260,2831,10429,7572,2,23333,1,39130,1,0,1,0,1282,data_4threads_300connections_120s_True
sendfile,0,libev,0,0,0,0,1,0,2,1,31108,43535,33412,10603,32056,29968,55899,38627,39348,5325,2,1011,1,39130,1,0,1,0,1041,data_4threads_300connections_120s_True
sendfile,0,libev,1,0,1,0,0,1,2,1,31108,43535,33412,10603,32056,29968,55899,38627,54559,54688,2,46982,1,3427,1,0,1,0,535,data_4threads_300connections_120s_True
sendfile,0,linux-sysepoll,1,0,0,1,1,1,2,0,46379,10160,42734,37493,24091,14630,42225,56190,39348,5325,1,1011,1,39130,1,0,1,0,877,data_4threads_300connections_120s_True
sendfile,0,libev,1,0,0,0,1,1,1,1,31108,15480,41810,64113,32056,29968,55899,23102,39348,7572,2,39377,1,39130,1,1,0,0,1943,data_4threads_300connections_120s_True
sendfile,0,libev,1,0,0,1,1,0,2,1,31108,43535,41810,64113,32056,29968,42225,2831,22073,5325,2,1011,1,39130,1,0,1,0,1041,data_4threads_300connections_120s_True
sendfile,1,linux-sysepoll,1,0,0,1,1,0,2,1,46379,10160,42734,25257,12628,14630,42225,2831,39348,5325,2,1011,1,39130,1,0,1,0,877,data_4threads_300connections_120s_True
sendfile,1,linux-sysepoll,1,0,0,1,1,0,2,2,46379,10160,42734,62580,12628,14630,42225,2831,39348,5325,2,1011,1,9038,1,0,1,0,877,data_4threads_300connections_120s_True
sendfile,0,poll,1,0,0,0,1,0,2,2,46379,10160,42734,62580,12628,14630,42225,2831,39348,48612,2,1011,1,39130,1,0,0,0,877,data_8threads_100connections_120s_False
sendfile,0,poll,1,1,0,0,1,0,2,2,46379,10160,42734,62580,12628,14630,42225,2831,39348,48612,2,1011,1,39130,1,0,0,0,1942,data_8threads_100connections_120s_False
sendfile,0,libev,1,0,1,0,1,0,2,2,46379,10160,42734,62580,12628,14630,42225,23102,39348,7572,13,39377,1,41991,1,1,1,0,1943,data_8threads_100connections_120s_False
sendfile,0,libev,0,0,1,1,1,1,2,1,31108,43535,41810,64113,21029,29968,55899,38627,14451,54688,2,46982,1,16334,0,0,1,0,2187,data_8threads_100connections_120s_False
sendfile,0,poll,1,0,0,0,1,0,2,2,46379,10160,42734,62580,12628,14630,42225,23102,39348,7572,13,39377,1,39130,1,1,1,0,1943,data_8threads_100connections_120s_False
sendfile,0,libev,1,0,0,0,1,0,2,2,46379,10160,42734,14386,12628,14630,55899,2831,39348,16973,1,1011,1,39130,0,0,1,1,1282,data_8threads_100connections_120s_False
sendfile,0,libev,0,0,1,0,1,1,2,1,50277,43535,41810,41785,32056,29968,55899,38627,54559,54688,2,46982,1,39130,1,0,1,0,1943,data_8threads_100connections_120s_False
sendfile,0,libev,1,0,0,0,1,0,2,1,31108,43535,41810,64113,32056,29968,55899,2831,39348,16973,1,1011,1,39130,1,0,1,1,1282,data_8threads_100connections_120s_False
sendfile,0,libev,1,0,1,0,1,0,2,1,31108,43535,41810,64113,32056,29968,55899,17762,39348,62455,1,1011,1,39130,1,0,1,0,1943,data_8threads_100connections_120s_False
sendfile,1,libev,0,0,0,0,1,0,2,0,31108,43535,41810,64113,6493,29968,8817,2831,39348,15097,2,32127,1,39130,0,0,0,0,877,data_8threads_100connections_120s_False
sendfile,0,libev,1,0,0,1,1,1,2,1,31108,43535,41810,64113,32056,29968,55899,38627,54559,54688,2,46982,1,39130,1,0,1,0,1943,data_8threads_100connections_120s_False
sendfile,0,libev,1,0,0,1,1,1,2,1,31108,43535,41810,64113,32056,29968,55899,23102,39348,7572,2,39377,1,39130,1,1,1,0,1943,data_8threads_100connections_120s_False
write,0,libev,1,0,0,1,1,1,1,1,31108,43535,41810,64113,32056,29968,55899,2831,10429,7572,2,23333,1,39130,1,0,1,0,1282,data_8threads_100connections_120s_False
sendfile,0,libev,1,0,0,1,1,1,1,1,31108,43535,41810,64113,32056,29968,55899,2831,39348,7572,2,1011,1,39130,1,0,1,0,1282,data_8threads_100connections_120s_False
write,0,libev,1,0,0,1,1,1,1,1,31108,43535,41810,64113,32056,29968,55899,2831,10429,7572,7,23333,1,10306,1,0,1,0,1041,data_8threads_100connections_120s_False
sendfile,0,libev,1,0,0,1,1,1,2,1,31108,15480,41810,64113,32056,29968,55899,23102,39348,7572,2,39377,1,39130,1,1,1,0,1943,data_8threads_100connections_120s_False
sendfile,0,libev,1,0,0,1,1,1,2,1,31108,43535,41810,64113,32056,29968,55899,38627,54559,54688,2,46982,1,3427,1,0,1,0,2187,data_8threads_100connections_120s_False
write,0,libev,1,0,0,0,1,1,2,1,31108,43535,41810,64113,32056,29968,55899,38627,54559,54688,2,46982,1,39130,1,0,1,0,1943,data_8threads_100connections_120s_False
sendfile,0,libev,1,1,0,1,1,1,2,1,31108,43535,36914,64113,32056,29968,46501,39794,39348,46121,2,39377,1,9038,1,0,1,0,877,data_8threads_100connections_120s_False
sendfile,0,libev,1,0,0,1,1,1,2,1,31108,43535,41810,64113,32056,29968,51260,2831,10429,7572,16,23333,1,39130,1,0,1,0,1282,data_8threads_100connections_120s_False
sendfile,1,libev,0,0,0,0,1,0,2,0,31108,43535,41810,64113,6493,29968,8817,2831,39348,15097,2,32127,1,39130,0,0,0,0,877,data_4threads_100connections_10s_False
sendfile,1,libev,0,0,0,0,1,0,2,0,33422,43535,41810,64113,6493,29968,8817,2831,39348,15097,9,32127,1,39130,0,0,0,0,877,data_4threads_100connections_10s_False
sendfile,0,poll,1,0,0,0,1,0,2,2,46379,10160,42734,62580,12628,14630,42225,23102,39348,7572,13,39377,1,39130,1,1,1,0,1943,data_4threads_100connections_10s_False
sendfile,0,poll,1,0,0,1,1,1,2,1,31108,43535,41810,64113,32056,1069,55899,38627,54559,54688,2,46982,1,3427,1,0,1,1,2187,data_4threads_100connections_10s_False
sendfile,0,poll,1,0,0,1,1,1,2,1,31108,43535,41810,64113,32056,1069,55899,38627,54559,54688,2,2012,1,3427,0,1,0,1,2187,data_4threads_100connections_10s_False
write,0,libev,1,0,0,1,1,1,2,1,31108,43535,41810,64113,32056,29968,55899,2831,10429,9148,2,23333,1,39130,1,0,0,1,2187,data_4threads_100connections_10s_False
sendfile,0,linux-sysepoll,1,0,0,0,1,0,2,1,31108,61050,41810,64113,32056,29968,51260,2831,10429,7572,16,36231,1,39130,1,0,1,0,1282,data_4threads_100connections_10s_False
sendfile,1,linux-sysepoll,1,0,0,1,1,0,2,2,46379,10160,42734,62580,12628,14630,42225,2831,39348,5325,2,1011,1,39130,1,0,1,0,877,data_4threads_100connections_10s_False
sendfile,0,poll,1,0,0,1,1,0,2,2,46379,10160,42734,62580,12628,14630,48410,2831,39348,5325,2,1011,1,39130,1,0,1,0,1041,data_4threads_100connections_10s_False
sendfile,1,linux-sysepoll,1,0,0,1,1,0,2,1,46379,10160,42734,62580,12628,14630,42225,2831,39348,5325,2,1011,1,39130,1,0,1,1,2187,data_4threads_100connections_10s_False
sendfile,0,libev,1,1,0,1,1,1,2,1,48057,43535,36914,64113,32056,29968,7321,39794,39348,46121,2,39377,1,39130,0,0,0,1,877,data_4threads_100connections_10s_False
sendfile,0,libev,1,0,0,0,1,0,2,2,46379,10160,42734,62580,12628,14630,42225,23102,39348,7572,13,52150,1,39130,1,0,1,0,1943,data_4threads_100connections_10s_False
sendfile,0,libev,1,0,0,1,1,1,1,1,31108,43535,41810,64113,32056,29968,55899,2831,39348,7572,2,1011,1,39130,1,0,1,0,1282,data_4threads_100connections_10s_False
write,0,libev,1,0,0,1,1,1,1,1,31108,43535,41810,64113,32056,29968,55899,2831,10429,7572,2,23333,1,39130,1,0,1,0,1282,data_4threads_100connections_10s_False
sendfile,0,libev,1,0,0,1,1,1,2,1,31108,43535,41810,64113,32056,29968,55899,38627,54559,54688,2,46982,1,39130,1,0,1,0,1943,data_4threads_100connections_10s_False
sendfile,0,libev,1,0,0,1,1,1,2,1,31108,43535,41810,64113,32056,29968,55899,23102,39348,7572,2,39377,1,39130,1,1,1,0,1943,data_4threads_100connections_10s_False
sendfile,0,libev,1,0,0,1,1,1,2,1,31108,43535,41810,64113,32056,29968,51260,2831,10429,7572,16,23333,1,39130,1,0,1,0,1282,data_4threads_100connections_10s_False
sendfile,0,libev,1,0,0,1,1,1,2,1,31108,15480,41810,64113,32056,29968,55899,23102,39348,7572,2,39377,1,39130,1,1,1,0,1943,data_4threads_100connections_10s_False
write,0,libev,1,0,0,0,1,1,2,1,31108,43535,41810,64113,32056,29968,55899,38627,54559,54688,2,46982,1,39130,1,0,1,0,1943,data_4threads_100connections_10s_False
write,0,libev,1,0,0,1,1,1,1,1,31108,43535,41810,64113,32056,29968,55899,2831,10429,7572,7,23333,1,10306,1,0,1,0,1041,data_4threads_100connections_10s_False
sendfile,0,libev,0,0,1,0,1,1,2,2,46379,10160,42734,62580,12628,14630,42225,2831,39348,5325,2,1011,1,39130,1,0,1,0,877,data_4threads_300connections_120s_False
sendfile,0,libev,0,0,1,0,1,1,2,1,26366,43535,41810,41785,32056,29968,55899,38627,54559,54688,8,46982,1,39130,0,0,1,1,2187,data_4threads_300connections_120s_False
sendfile,0,libev,0,0,1,1,1,1,2,1,31108,43535,41810,64113,21029,29968,55899,38627,14451,54688,2,46982,1,16334,0,0,1,0,2187,data_4threads_300connections_120s_False
sendfile,0,libev,0,0,1,0,1,1,2,1,50277,43535,41810,41785,32056,29968,55899,38627,54559,54688,8,46982,1,39130,0,0,1,0,1943,data_4threads_300connections_120s_False
sendfile,1,libev,0,0,0,0,1,0,2,0,31108,43535,41810,64113,6493,29968,8817,2831,39348,15097,2,32127,1,39130,0,0,0,0,877,data_4threads_300connections_120s_False
sendfile,1,libev,0,0,0,0,1,0,2,0,33422,43535,41810,64113,6493,29968,8817,2831,39348,15097,9,32127,1,39130,0,0,0,0,877,data_4threads_300connections_120s_False
sendfile,1,libev,0,0,0,0,1,0,2,0,31108,43535,41810,64113,6493,29968,8817,2831,39348,15097,2,32127,1,39130,0,0,0,0,2296,data_4threads_300connections_120s_False
sendfile,0,libev,1,0,0,1,1,1,2,1,31108,43535,41810,64113,21029,29968,55899,38627,14451,54688,2,46982,1,16334,1,0,1,1,2187,data_4threads_300connections_120s_False
write,0,libev,1,0,0,1,1,1,2,1,31108,51435,41810,64113,14982,29968,55899,38627,14451,54688,2,46982,1,16334,0,0,1,0,2187,data_4threads_300connections_120s_False
sendfile,0,libev,1,0,0,0,1,1,2,1,46379,15388,42734,62580,12628,14630,42225,2831,39348,5325,2,1011,1,39130,1,0,1,0,877,data_4threads_300connections_120s_False
sendfile,0,libev,1,0,0,1,1,1,2,1,31108,43535,41810,64113,21029,29968,55899,38627,14451,54688,2,46982,1,16334,1,0,1,0,1943,data_4threads_300connections_120s_False
sendfile,0,libev,0,0,1,0,1,1,2,1,50277,43535,41810,41785,32056,29968,55899,38627,54559,54688,2,46982,1,39130,1,0,1,0,1943,data_4threads_300connections_120s_False
sendfile,0,libev,1,0,1,0,1,0,2,1,31108,43535,41810,64113,32056,29968,55899,17762,39348,62455,1,1011,1,39130,1,0,1,0,1943,data_4threads_300connections_120s_False
sendfile,0,libev,1,0,0,0,1,0,2,1,31108,43535,41810,64113,32056,29968,55899,2831,39348,16973,1,1011,1,39130,1,0,1,1,1282,data_4threads_300connections_120s_False
sendfile,0,libev,1,0,0,0,1,0,2,1,31108,43535,41810,64113,32056,14630,42225,2831,55492,60147,2,1011,1,39130,1,0,1,1,2187,data_4threads_300connections_120s_False
sendfile,0,libev,1,0,1,0,1,0,2,1,31108,43535,41810,64113,32056,14630,42225,2831,55492,60147,5,1011,1,39130,1,0,1,0,2187,data_4threads_300connections_120s_False
sendfile,0,libev,0,0,1,0,1,0,2,2,31108,43535,41810,64113,17733,29968,55899,17762,39348,62455,1,30495,1,39130,1,0,1,0,1943,data_4threads_300connections_120s_False
sendfile,0,libev,1,0,1,0,0,0,2,1,31108,43535,41810,64113,32056,29968,55899,17762,39348,62455,13,1011,1,58605,1,0,1,0,1943,data_4threads_300connections_120s_False
sendfile,1,linux-sysepoll,1,0,0,1,1,0,2,1,50277,3241,41810,41785,32056,29968,55899,38627,54559,54688,2,31538,1,39130,1,0,1,0,1943,data_4threads_300connections_120s_False
sendfile,0,libev,1,0,0,0,1,0,2,2,46379,10160,42734,14386,12628,14630,55899,2831,39348,16973,1,1011,1,39130,0,0,1,1,1282,data_4threads_300connections_120s_False
sendfile,0,libev,1,0,0,1,1,1,2,1,31108,43535,41810,64113,32056,29968,55899,38627,54559,54688,2,46982,1,39130,1,0,1,0,1943,data_12threads_100connections_60s_True
sendfile,0,libev,1,0,0,1,1,1,2,1,31108,43535,41810,64113,32056,29968,55899,23102,39348,7572,2,39377,1,39130,1,1,1,0,1943,data_12threads_100connections_60s_True
write,0,libev,1,0,0,1,1,1,1,1,31108,43535,41810,64113,32056,29968,55899,2831,10429,7572,2,23333,1,39130,1,0,1,0,1282,data_12threads_100connections_60s_True
sendfile,0,libev,1,0,0,1,1,1,1,1,31108,43535,41810,64113,32056,29968,55899,2831,39348,7572,2,1011,1,39130,1,0,1,0,1282,data_12threads_100connections_60s_True
sendfile,0,libev,0,0,0,1,1,1,2,1,31108,43535,41810,64113,32056,29968,55899,38627,54559,54688,2,46982,1,39130,1,0,1,1,1282,data_12threads_100connections_60s_True
sendfile,0,libev,1,0,0,1,1,1,2,1,31108,43535,41810,64113,32056,29968,55899,2831,39348,7572,2,1011,1,39130,1,0,1,0,1943,data_12threads_100connections_60s_True
sendfile,0,libev,1,0,0,1,1,1,2,1,31108,43535,41810,64113,32056,29968,55899,38627,62992,54688,6,46982,1,39130,1,0,1,0,1943,data_12threads_100connections_60s_True
sendfile,0,libev,1,0,0,1,1,1,2,1,31108,43535,41810,64113,32056,29968,12185,35562,50192,7572,2,39377,1,39130,1,1,1,0,1943,data_12threads_100connections_60s_True
sendfile,0,libev,1,0,0,1,1,1,1,0,31108,31907,41810,64113,32056,29968,55899,2831,39348,7572,2,1011,1,39130,1,0,1,0,1282,data_12threads_100connections_60s_True
sendfile,0,libev,1,0,0,1,1,1,1,1,31108,43535,41810,64113,24647,29968,55899,15367,39348,7572,2,1011,1,39130,1,0,1,0,987,data_12threads_100connections_60s_True
sendfile,0,libev,0,0,0,1,1,1,2,1,31108,43535,41810,64113,32056,29968,55899,38627,54559,54688,2,46982,1,39130,1,0,1,0,1943,data_12threads_100connections_60s_True
sendfile,0,libev,1,0,0,1,1,1,2,1,31108,43535,41810,64113,32056,29968,55899,2831,39348,5325,2,16386,1,39130,1,0,1,0,1041,data_12threads_100connections_60s_True
sendfile,0,libev,0,0,0,1,1,1,2,1,59354,43535,41810,64113,32056,2878,55899,38627,10138,54688,2,46982,1,39130,1,0,1,1,1282,data_12threads_100connections_60s_True
sendfile,0,libev,1,0,0,1,1,1,2,1,31108,43535,41810,64113,32056,29968,55899,38627,54559,54688,2,46982,1,39130,1,0,1,1,1282,data_12threads_100connections_60s_True
sendfile,0,libev,1,0,0,1,1,1,2,1,31108,43535,41810,64113,32056,29968,55899,38627,54559,54688,2,46982,1,39130,0,0,1,0,390,data_12threads_100connections_60s_True
sendfile,0,libev,1,0,0,1,1,1,1,0,31108,31907,41810,64113,32056,29968,55899,2831,7606,7572,2,1011,1,1642,1,0,1,0,1282,data_12threads_100connections_60s_True
sendfile,1,libev,0,0,0,0,1,0,2,0,31108,43535,41810,64113,6493,29968,8817,2831,39348,15097,2,32127,1,39130,0,0,0,0,877,data_12threads_100connections_60s_True
sendfile,1,libev,0,0,0,0,1,0,2,0,33422,43535,41810,64113,6493,29968,8817,2831,39348,15097,9,32127,1,39130,0,0,0,0,877,data_12threads_100connections_60s_True
sendfile,1,libev,0,0,0,0,1,0,2,0,31108,43535,41810,64113,6493,29968,8817,2831,39348,15097,2,32127,1,39130,0,0,0,0,2296,data_12threads_100connections_60s_True
sendfile,0,libev,1,0,0,1,1,1,2,0,31108,43535,41810,64113,6493,11451,8817,2831,39348,15097,13,32127,1,39130,0,0,0,0,2213,data_12threads_100connections_60s_True
write,1,libev,1,0,0,1,1,1,0,1,31108,43535,41810,64113,32056,29968,55899,2831,10429,14716,2,15059,1,30187,1,0,1,0,181,data_8threads_10connections_120s_True
write,0,libev,1,0,0,1,1,1,0,1,31108,43535,41810,64113,32056,29968,55899,2831,10429,7572,2,23333,1,49300,1,0,1,0,181,data_8threads_10connections_120s_True
write,0,poll,1,0,0,1,1,1,1,1,31108,59461,41810,64113,32056,29968,55899,2831,10429,7572,2,23333,1,39130,1,0,1,0,1943,data_8threads_10connections_120s_True
write,0,poll,0,1,0,1,1,1,1,1,31108,59461,41810,34407,32056,29968,55899,2831,10429,7572,2,23333,1,39130,1,0,1,0,587,data_8threads_10connections_120s_True
write,0,libev,1,0,0,1,1,1,0,1,31108,43535,41810,64113,23283,29968,55899,47887,10429,7572,2,48217,1,39130,1,0,1,0,1943,data_8threads_10connections_120s_True
write,0,poll,1,0,0,1,1,1,1,1,31108,59461,41810,64113,32056,29968,55899,55845,10429,7572,2,23333,1,39130,1,0,1,0,1943,data_8threads_10connections_120s_True
sendfile,0,libev,1,0,0,0,1,1,2,1,31108,43535,41810,64113,32056,29968,55899,38627,54559,54688,2,46982,1,39130,1,1,1,0,2559,data_8threads_10connections_120s_True
sendfile,0,linux-sysepoll,1,0,0,0,1,0,2,1,31108,61050,41810,64113,32056,29968,51260,2831,10429,7572,16,36231,1,39130,1,0,1,0,1282,data_8threads_10connections_120s_True
write,0,libev,1,0,0,1,1,1,1,1,31108,43535,41810,64113,32056,29968,55899,2831,10429,7572,2,23333,1,39130,1,0,1,0,1282,data_8threads_10connections_120s_True
sendfile,0,libev,1,0,0,1,1,1,2,1,31108,43535,41810,64113,32056,29968,55899,23102,39348,7572,2,39377,1,39130,1,1,1,0,1943,data_8threads_10connections_120s_True
sendfile,0,libev,1,0,0,1,1,1,2,1,31108,43535,41810,64113,32056,29968,55899,38627,54559,54688,2,46982,1,39130,1,0,1,0,1943,data_8threads_10connections_120s_True
sendfile,0,libev,1,0,0,1,1,1,1,1,31108,43535,41810,64113,32056,29968,55899,2831,39348,7572,2,1011,1,39130,1,0,1,0,1282,data_8threads_10connections_120s_True
sendfile,0,libev,1,0,0,1,1,1,2,1,31108,43535,41810,64113,32056,29968,55899,2831,39348,7572,2,1011,1,39130,1,0,1,0,1943,data_8threads_10connections_120s_True
sendfile,0,libev,1,0,0,1,1,1,2,1,31108,43535,41810,64113,32056,29968,12185,35562,50192,7572,2,39377,1,39130,1,1,1,0,1943,data_8threads_10connections_120s_True
sendfile,0,libev,0,0,0,1,1,1,2,1,31108,43535,41810,64113,32056,29968,55899,38627,54559,54688,2,46982,1,39130,1,0,1,1,1282,data_8threads_10connections_120s_True
sendfile,0,libev,1,0,0,1,1,1,1,1,31108,43535,41810,64113,24647,29968,55899,15367,39348,7572,2,1011,1,39130,1,0,1,0,987,data_8threads_10connections_120s_True
sendfile,0,libev,1,0,0,1,1,1,1,0,31108,31907,41810,64113,32056,29968,55899,2831,39348,7572,2,1011,1,39130,1,0,1,0,1282,data_8threads_10connections_120s_True
sendfile,0,libev,1,0,0,1,1,1,2,1,31108,43535,41810,64113,32056,29968,55899,38627,62992,54688,6,46982,1,39130,1,0,1,0,1943,data_8threads_10connections_120s_True
sendfile,0,linux-sysepoll,1,0,0,1,1,0,2,1,35129,43535,41810,64113,32056,29968,55899,45343,62992,54688,6,46982,1,15410,1,0,1,0,1943,data_8threads_10connections_120s_True
sendfile,0,libev,1,0,0,1,1,1,2,1,31108,10570,41810,64113,32056,29968,55899,2831,39348,7572,2,1011,1,39130,1,0,1,0,1943,data_8threads_10connections_120s_True
write,1,linux-sysepoll,0,0,0,0,1,0,2,1,31108,43535,41810,64113,18689,29968,8817,2831,39348,15097,2,32127,1,9433,0,0,0,0,877,data_8threads_300connections_30s_True
write,1,poll,1,0,0,1,1,0,2,0,14692,43535,41810,64113,6493,29968,8817,33992,39348,15097,2,32127,1,39130,0,0,0,0,877,data_8threads_300connections_30s_True
write,1,poll,0,0,0,0,1,0,2,0,31108,43535,41810,64113,16018,29968,8817,2831,39348,31626,2,54377,1,39130,0,0,0,0,1342,data_8threads_300connections_30s_True
sendfile,0,libev,0,0,1,0,1,1,2,1,50277,43535,41810,41785,32056,29968,55899,38627,54559,54688,8,46982,1,39130,0,0,1,0,1943,data_8threads_300connections_30s_True
sendfile,0,libev,0,0,1,0,1,1,2,1,50277,43535,41810,41785,6293,1184,55899,38627,54559,54688,8,46982,1,8073,0,0,1,0,1943,data_8threads_300connections_30s_True
sendfile,1,linux-sysepoll,1,0,0,1,1,0,2,2,46379,10160,42734,62580,12628,14630,42225,2831,39348,5325,2,1011,1,39130,1,0,1,0,877,data_8threads_300connections_30s_True
writev,0,poll,1,0,0,1,1,0,1,1,30130,59461,41810,64113,32056,29968,55899,2831,10429,7572,2,23333,1,39130,1,0,1,0,877,data_8threads_300connections_30s_True
sendfile,0,libev,0,1,0,0,1,1,2,1,26366,43535,41810,41785,1497,29968,55899,34809,54559,54688,8,46982,1,39130,0,1,1,1,1943,data_8threads_300connections_30s_True
write,0,libev,1,0,0,1,1,1,0,1,31108,43535,41810,64113,23283,29968,55899,47887,10429,7572,2,48217,1,39130,1,0,1,0,1943,data_8threads_300connections_30s_True
write,0,poll,1,0,0,1,1,1,1,1,31108,59461,41810,64113,32056,29968,55899,55845,10429,7572,2,23333,1,39130,1,0,1,0,1943,data_8threads_300connections_30s_True
write,0,poll,1,0,0,1,1,1,1,1,31108,59461,41810,64113,32056,29968,55899,2831,10429,7572,2,23333,1,39130,1,0,1,0,1943,data_8threads_300connections_30s_True
write,0,poll,0,1,0,1,1,1,1,1,31108,59461,41810,34407,32056,29968,55899,2831,10429,7572,2,23333,1,39130,1,0,1,0,587,data_8threads_300connections_30s_True
write,1,poll,0,1,1,1,1,0,1,1,31108,59461,41810,34407,32056,29968,55899,2831,10429,7572,2,23333,1,39130,1,0,1,1,1836,data_8threads_300connections_30s_True
write,1,poll,0,1,1,1,1,0,1,1,31108,59461,41810,34407,32056,29968,55899,2831,10429,7572,2,23333,1,39130,1,0,1,0,1943,data_8threads_300connections_30s_True
sendfile,0,poll,0,1,1,0,1,0,1,1,31108,59461,41810,48286,32056,29968,55899,2831,10429,7572,2,23333,1,1571,1,0,1,0,1943,data_8threads_300connections_30s_True
sendfile,1,libev,0,0,0,0,1,0,2,0,31108,43535,41810,64113,6493,29968,8817,2831,39348,15097,2,32127,1,39130,0,0,0,0,877,data_8threads_300connections_30s_True
sendfile,1,libev,0,0,0,0,1,0,2,0,33422,43535,41810,64113,6493,29968,8817,2831,39348,15097,9,32127,1,39130,0,0,0,0,877,data_8threads_300connections_30s_True
sendfile,1,libev,0,0,0,0,1,0,2,0,31108,43535,41810,64113,6493,29968,8817,2831,39348,15097,2,32127,1,39130,0,0,0,0,2296,data_8threads_300connections_30s_True
sendfile,1,libev,0,0,0,0,1,0,2,0,31108,43535,41810,56721,6493,29968,8817,2831,39348,15097,2,32127,1,39130,0,0,0,0,877,data_8threads_300connections_30s_True
sendfile,1,libev,0,0,0,0,1,0,2,0,31108,43535,41810,64113,6493,29968,8817,2831,39348,15097,2,32127,1,39130,0,1,0,0,2296,data_8threads_300connections_30s_True
write,0,poll,1,0,1,0,1,0,2,0,31108,62941,41810,49861,28326,29968,8817,2831,20138,31626,2,54377,1,39130,1,0,0,0,1342,data_4threads_10connections_60s_False
write,0,libev,1,0,0,1,1,1,0,1,31108,43535,41810,64113,23283,29968,55899,47887,10429,7572,2,48217,1,39130,1,0,1,0,1943,data_4threads_10connections_60s_False
write,0,poll,1,0,0,1,1,1,1,1,31108,59461,41810,64113,32056,29968,55899,55845,10429,7572,2,23333,1,39130,1,0,1,0,1943,data_4threads_10connections_60s_False
write,0,poll,1,1,0,1,1,0,2,0,13293,43535,50303,64113,6493,29968,55899,55845,10429,7572,2,23333,1,39130,1,0,1,0,1943,data_4threads_10connections_60s_False
write,0,libev,1,0,0,1,1,1,0,1,31108,43535,41810,64113,23283,29968,784,57669,10429,7572,2,48217,1,39130,1,0,1,0,1943,data_4threads_10connections_60s_False
write,0,libev,1,1,0,1,1,1,0,2,31466,43535,41810,64113,23283,29968,784,57669,10429,7572,2,48217,1,39130,1,0,1,0,1943,data_4threads_10connections_60s_False
write,0,poll,1,1,0,1,1,1,1,1,31108,22473,41810,64113,32056,29968,784,57669,10429,7572,2,48217,1,39130,1,0,1,0,1943,data_4threads_10connections_60s_False
write,0,libev,1,1,0,1,1,1,0,1,31108,43535,41810,64113,32056,29968,55899,55845,10429,7572,2,23333,0,39130,1,0,1,0,1943,data_4threads_10connections_60s_False
sendfile,0,libev,1,0,0,0,1,1,2,1,31108,43535,41810,64113,32056,29968,12185,35562,50192,7572,2,39377,1,39130,1,1,1,0,1943,data_4threads_10connections_60s_False
write,0,linux-sysepoll,1,0,0,0,1,1,0,1,31108,59461,41810,64113,32056,29968,55899,32031,57787,7572,2,23333,1,39130,0,1,1,1,1943,data_4threads_10connections_60s_False
writev,0,poll,1,0,0,1,1,1,2,1,31108,53961,41810,64113,32056,23079,14310,45536,54924,21078,2,46982,1,39130,1,0,0,0,1141,data_4threads_10connections_60s_False
sendfile,1,linux-sysepoll,1,0,0,1,1,0,2,2,46379,10160,42734,62580,12628,14630,42225,2831,39348,5325,2,1011,1,39130,1,0,1,0,877,data_4threads_10connections_60s_False
writev,0,poll,1,0,0,1,1,0,1,1,30130,59461,41810,64113,32056,29968,55899,2831,10429,7572,2,23333,1,39130,1,0,1,0,877,data_4threads_10connections_60s_False
sendfile,0,libev,1,0,0,1,1,1,2,1,31108,53961,41810,64113,32056,29968,55899,45536,54559,21078,2,46982,1,39130,1,0,0,0,1141,data_4threads_10connections_60s_False
writev,0,libev,1,0,0,1,1,1,2,1,31108,53961,43415,64113,32056,29968,55899,45536,54559,21078,2,46982,1,39130,1,1,0,0,1141,data_4threads_10connections_60s_False
sendfile,0,libev,1,0,0,1,0,0,2,0,31108,43535,41810,34399,32056,29968,55899,38627,54559,54688,2,46982,1,39130,1,0,0,1,1943,data_4threads_10connections_60s_False
write,1,poll,1,0,0,1,1,0,2,0,14692,43535,41810,64113,6493,29968,8817,33992,39348,15097,2,32127,1,39130,0,0,0,0,877,data_4threads_10connections_60s_False
write,1,poll,0,0,0,0,1,0,2,0,31108,43535,41810,64113,16018,29968,8817,2831,39348,31626,2,54377,1,39130,0,0,0,0,1342,data_4threads_10connections_60s_False
write,1,linux-sysepoll,0,0,0,0,1,0,2,1,31108,43535,41810,64113,18689,29968,8817,2831,39348,15097,2,32127,1,9433,0,0,0,0,877,data_4threads_10connections_60s_False
write,1,poll,1,0,0,1,1,0,2,0,14692,43535,53372,46033,6493,29968,8817,33992,39348,15097,2,32127,1,39130,0,0,0,0,877,data_4threads_10connections_60s_False
write,0,poll,1,0,0,1,1,1,1,1,31108,59461,41810,64113,32056,29968,55899,55845,10429,7572,2,23333,1,39130,1,0,1,0,1943,data_8threads_10connections_10s_True
write,0,libev,1,0,0,1,1,1,0,1,31108,43535,41810,64113,23283,29968,55899,47887,10429,7572,2,48217,1,39130,1,0,1,0,1943,data_8threads_10connections_10s_True
write,0,poll,1,1,0,1,1,1,1,1,31108,22473,41810,64113,32056,29968,784,57669,10429,7572,2,48217,1,39130,1,0,1,0,1943,data_8threads_10connections_10s_True
write,0,poll,1,1,0,1,1,0,2,0,13293,43535,50303,64113,6493,29968,55899,55845,10429,7572,2,23333,1,39130,1,0,1,0,1943,data_8threads_10connections_10s_True
write,0,libev,1,0,0,1,1,1,0,1,31108,43535,41810,64113,23283,29968,784,57669,10429,7572,2,48217,1,39130,1,0,1,0,1943,data_8threads_10connections_10s_True
write,0,libev,1,0,0,1,1,1,0,1,31108,43535,50303,64113,6493,29968,55899,55845,10429,7572,2,31616,1,39130,1,0,1,0,1943,data_8threads_10connections_10s_True
write,0,poll,0,1,0,1,1,1,1,1,31108,59461,41810,64113,32056,29968,55899,55845,10429,7572,2,23333,1,39130,1,0,1,0,1943,data_8threads_10connections_10s_True
write,0,libev,1,0,1,1,1,1,0,1,31108,21670,41810,32716,23283,29968,55899,47887,10429,7572,2,48217,1,39130,1,0,1,0,1943,data_8threads_10connections_10s_True
write,0,linux-sysepoll,1,0,1,0,1,1,0,1,31108,59461,41810,64113,32056,29968,55899,32031,10429,7572,2,23333,1,39130,1,0,1,0,1943,data_8threads_10connections_10s_True
write,0,libev,1,0,0,1,0,1,0,1,31108,43535,50303,64113,6493,17198,55899,55845,10429,7572,2,1011,1,39130,1,0,1,0,1282,data_8threads_10connections_10s_True
sendfile,0,libev,1,0,0,0,1,1,2,1,31108,43535,41810,64113,32056,29968,12185,35562,50192,7572,2,39377,1,39130,1,1,1,0,1943,data_8threads_10connections_10s_True
write,0,linux-sysepoll,1,0,0,0,1,1,0,1,31108,59461,41810,64113,32056,29968,55899,32031,57787,7572,2,23333,1,39130,0,1,1,1,1943,data_8threads_10connections_10s_True
write,0,linux-sysepoll,1,0,0,0,1,1,0,1,31108,59461,41810,64113,32056,29968,55899,32031,57787,7572,2,48217,1,43070,1,1,1,0,1943,data_8threads_10connections_10s_True
write,0,libev,1,0,0,1,1,1,1,1,31108,43535,41810,64113,32056,29968,55899,2831,10429,7572,2,23333,1,39130,1,0,1,0,1282,data_8threads_10connections_10s_True
sendfile,0,libev,1,0,0,1,1,1,2,1,31108,43535,41810,64113,32056,29968,55899,23102,39348,7572,2,39377,1,39130,1,1,1,0,1943,data_8threads_10connections_10s_True
sendfile,0,libev,1,0,0,1,1,1,2,1,31108,43535,41810,64113,32056,29968,55899,38627,54559,54688,2,46982,1,39130,1,0,1,0,1943,data_8threads_10connections_10s_True
sendfile,0,libev,1,0,0,1,1,1,1,1,31108,43535,41810,64113,32056,29968,55899,2831,39348,7572,2,1011,1,39130,1,0,1,0,1282,data_8threads_10connections_10s_True
sendfile,0,linux-sysepoll,1,0,0,1,1,1,2,1,31108,43535,41810,64113,32056,29968,55899,38627,28450,7572,2,48217,1,39130,1,0,1,0,1943,data_8threads_10connections_10s_True
sendfile,0,libev,1,0,0,0,1,1,2,1,31108,3290,41810,64113,32056,29968,12185,35562,10429,7572,2,23333,1,39130,1,0,1,0,1943,data_8threads_10connections_10s_True
write,0,libev,1,0,0,1,1,1,2,1,31108,43535,41810,64113,32056,29968,55899,23102,39348,7572,2,39377,1,39130,1,0,1,0,1943,data_8threads_10connections_10s_True
sendfile,0,libev,0,0,1,0,1,1,2,1,50277,43535,41810,41785,32056,29968,55899,38627,54559,54688,8,46982,1,39130,0,0,1,0,1943,data_4threads_300connections_60s_False
write,0,libev,1,0,1,1,1,1,1,1,31108,43535,41810,64113,32056,29968,55899,2831,45136,7572,8,49220,1,39130,0,0,1,0,1943,data_4threads_300connections_60s_False
sendfile,0,libev,0,0,1,0,1,1,2,0,31108,43535,41810,64113,32056,29968,55899,23102,39348,7572,3,49878,1,39130,1,0,1,0,1943,data_4threads_300connections_60s_False
sendfile,0,libev,0,0,1,0,1,1,2,1,31108,43535,41810,64113,32056,25542,55899,23102,39348,7572,3,49878,1,39130,0,0,1,0,1596,data_4threads_300connections_60s_False
sendfile,0,libev,0,0,1,0,1,1,2,0,31108,43535,41810,64113,32056,29968,55899,23102,39348,7572,3,49878,1,39130,1,0,1,0,1282,data_4threads_300connections_60s_False
sendfile,1,linux-sysepoll,1,0,0,1,1,0,2,2,46379,10160,42734,62580,12628,14630,42225,2831,39348,5325,2,1011,1,39130,1,0,1,0,877,data_4threads_300connections_60s_False
sendfile,0,libev,0,0,1,0,1,1,2,1,26366,43535,41810,41785,32056,29968,55899,38627,54559,54688,8,46982,1,39130,0,0,1,1,2187,data_4threads_300connections_60s_False
sendfile,0,libev,0,0,1,0,1,0,0,1,50277,43535,41810,41785,32056,9362,55899,38627,54559,54688,8,46982,1,13203,1,0,1,0,1282,data_4threads_300connections_60s_False
sendfile,0,libev,0,0,1,0,1,1,1,1,26366,43535,41810,22114,32056,29968,55899,34757,39348,5325,2,1011,1,39130,1,0,1,0,877,data_4threads_300connections_60s_False
sendfile,0,libev,0,0,1,0,1,0,0,1,50277,43535,41050,41785,32056,9362,38779,38627,54559,54688,8,46982,1,13203,1,0,1,0,1943,data_4threads_300connections_60s_False
sendfile,0,libev,1,0,1,0,1,1,2,1,46379,15388,42734,62580,12628,14630,42225,2831,39348,5325,2,1011,1,39130,1,0,1,0,877,data_4threads_300connections_60s_False
write,1,libev,1,0,0,1,1,1,0,1,31108,43535,41810,64113,23283,29968,784,57669,10429,16677,2,48217,1,39130,1,0,1,0,877,data_4threads_300connections_60s_False
sendfile,0,linux-sysepoll,0,0,1,0,1,1,0,1,31108,51435,41810,64113,14982,29968,55899,38627,14451,54688,2,46982,1,16334,0,0,1,0,2187,data_4threads_300connections_60s_False
write,0,poll,1,1,0,1,1,1,1,2,31108,22473,42734,62580,26878,14630,42225,2831,39348,5325,2,1011,1,39130,1,0,1,0,877,data_4threads_300connections_60s_False
write,0,poll,1,1,0,1,1,1,1,2,31108,11295,42734,62580,26878,14630,42225,2831,39348,5325,2,1011,1,39130,1,0,1,1,877,data_4threads_300connections_60s_False
write,0,poll,1,0,1,1,1,1,1,2,31108,14533,42734,62580,26878,14630,42225,2831,39348,5325,13,1011,1,39130,1,0,1,1,877,data_4threads_300connections_60s_False
write,0,poll,1,1,0,1,1,1,1,2,31108,11295,42734,62580,26878,14630,42225,22919,39348,5325,2,1011,1,39130,1,0,1,1,877,data_4threads_300connections_60s_False
write,1,libev,0,1,1,0,1,1,1,1,26366,43535,42185,41785,32056,27939,55899,38627,48082,54688,8,20584,1,39130,1,1,0,1,1943,data_4threads_300connections_60s_False
sendfile,0,libev,0,0,1,0,1,1,1,1,26366,43535,41810,41785,32056,29968,55899,38627,48082,54688,8,46982,1,39130,1,0,0,0,1943,data_4threads_300connections_60s_False
sendfile,1,libev,1,0,0,1,1,1,0,1,31108,43535,41810,64113,23283,29968,784,57669,10429,16677,2,48217,1,39130,1,0,1,0,877,data_4threads_300connections_60s_False
sendfile,0,libev,0,0,0,0,1,0,0,1,50277,43535,41810,22114,23009,29968,55899,34757,39348,5325,2,1011,1,4128,0,0,0,0,877,data_12threads_100connections_120s_False
sendfile,1,linux-sysepoll,1,0,0,1,1,0,2,2,11302,10160,42734,62580,12628,14630,42225,2831,39348,5325,2,1011,1,44835,1,0,1,0,877,data_12threads_100connections_120s_False
sendfile,1,linux-sysepoll,1,0,0,1,1,0,2,2,30362,43535,41810,64113,32056,29968,55899,2831,41603,7572,1,49220,1,39130,0,0,1,0,1943,data_12threads_100connections_120s_False
sendfile,1,linux-sysepoll,1,0,0,1,1,0,2,2,30362,43535,41810,64113,24748,29968,55899,2831,41603,7572,1,49220,1,49439,0,0,1,0,1282,data_12threads_100connections_120s_False
sendfile,1,libev,1,1,0,0,1,1,2,1,31108,43535,41810,29444,32056,29968,12185,35562,57084,7572,0,39377,1,39130,1,1,1,0,1282,data_12threads_100connections_120s_False
sendfile,1,libev,1,1,0,0,1,1,2,1,31108,43535,41810,29444,18778,29968,12185,35562,57084,7572,0,39377,1,39130,1,1,0,0,74,data_12threads_100connections_120s_False
sendfile,1,poll,1,1,0,0,1,1,2,1,31108,43535,41810,29444,32056,29968,12185,35562,57084,7572,2,1011,1,44835,1,0,1,0,877,data_12threads_100connections_120s_False
sendfile,0,libev,0,0,1,0,1,0,0,1,50277,43535,41810,41785,32056,9362,55899,38627,54559,54688,8,46982,1,13203,1,0,1,0,1282,data_12threads_100connections_120s_False
sendfile,0,libev,0,0,1,0,1,1,1,1,26366,43535,41810,22114,32056,29968,55899,34757,39348,5325,2,1011,1,39130,1,0,1,0,877,data_12threads_100connections_120s_False
sendfile,0,libev,0,0,1,0,1,0,0,1,50277,43535,41050,41785,32056,9362,38779,38627,54559,54688,8,46982,1,13203,1,0,1,0,1943,data_12threads_100connections_120s_False
sendfile,0,libev,0,0,1,0,1,0,0,2,50277,43535,41810,62580,12628,14630,42225,2831,39348,21185,2,1011,1,39130,1,0,1,0,877,data_12threads_100connections_120s_False
sendfile,0,libev,0,0,1,0,1,1,1,1,26366,55792,41810,22114,32056,29968,55899,34757,39348,5325,2,1011,1,39130,1,0,1,0,784,data_12threads_100connections_120s_False
sendfile,0,libev,1,0,1,0,1,0,0,1,50277,64662,41050,41785,32056,9362,38779,38627,54559,54688,8,46982,1,13203,1,0,1,0,877,data_12threads_100connections_120s_False
sendfile,0,libev,0,0,1,0,1,0,2,1,31108,43535,30660,22114,32056,37553,55899,34757,39348,5325,3,1011,1,39130,1,0,1,0,877,data_12threads_100connections_120s_False
sendfile,0,libev,0,0,1,0,1,0,0,1,50277,43535,41050,41785,32056,9362,38779,18207,54559,54688,8,46982,1,13203,1,0,1,0,1943,data_12threads_100connections_120s_False
sendfile,0,libev,0,0,1,0,1,0,0,1,50277,43535,41050,41785,32056,9362,38779,38627,56852,54688,8,46982,1,13203,1,0,1,0,1943,data_12threads_100connections_120s_False
write,0,libev,1,0,1,0,1,0,0,1,50277,43535,36867,41785,32056,9362,55899,38627,54559,8926,4,46982,1,13203,1,0,1,0,981,data_12threads_100connections_120s_False
sendfile,0,libev,0,0,1,0,1,0,0,1,50277,43535,41050,41785,32056,9362,38779,18207,54559,54688,8,46982,1,13203,0,0,1,0,1943,data_12threads_100connections_120s_False
sendfile,0,libev,1,0,1,0,1,0,2,1,50277,43535,41050,45951,32056,9362,38779,38627,56852,54688,8,34534,1,58345,1,0,1,0,1943,data_12threads_100connections_120s_False
sendfile,0,libev,0,0,1,0,1,0,0,2,50277,43535,41810,62580,16752,9362,56175,38627,54559,54688,8,46982,1,13203,1,0,1,0,1943,data_12threads_100connections_120s_False
sendfile,0,libev,1,0,0,0,1,1,2,1,31108,43535,41810,64113,32056,29968,12185,35562,50192,7572,2,39377,1,39130,1,1,1,0,1943,data_4threads_10connections_10s_True
write,0,linux-sysepoll,1,0,0,0,1,1,0,1,31108,59461,41810,64113,32056,29968,55899,32031,57787,7572,2,23333,1,39130,0,1,1,1,1943,data_4threads_10connections_10s_True
sendfile,0,libev,1,1,0,0,1,1,2,1,31108,59461,41810,64113,32056,29968,55899,142,57787,7572,2,23333,1,39130,1,1,1,1,1943,data_4threads_10connections_10s_True
write,1,linux-sysepoll,1,1,0,0,1,0,0,1,31466,43535,41810,64113,23283,29968,784,57669,10429,20174,2,48217,1,39130,1,0,1,1,1943,data_4threads_10connections_10s_True
write,0,libev,1,1,0,1,1,1,0,2,31466,43535,41810,64113,23283,29968,784,57669,10429,7572,2,48217,1,39130,1,0,1,0,1943,data_4threads_10connections_10s_True
write,0,libev,1,1,0,1,1,1,0,1,31108,43535,41810,64113,32056,29968,55899,55845,10429,7572,2,23333,0,39130,1,0,1,0,1943,data_4threads_10connections_10s_True
write,0,poll,1,0,0,1,1,1,1,1,31108,59461,41810,64113,32056,29968,55899,55845,10429,7572,2,23333,1,39130,1,0,1,0,1943,data_4threads_10connections_10s_True
write,0,libev,1,0,0,1,1,1,0,1,31108,43535,41810,64113,23283,29968,55899,47887,10429,7572,2,48217,1,39130,1,0,1,0,1943,data_4threads_10connections_10s_True
write,0,libev,1,1,0,1,1,1,0,2,39425,41688,41810,64113,23283,29968,784,57669,10429,7572,2,48217,1,39130,1,0,1,0,1943,data_4threads_10connections_10s_True
write,0,libev,1,1,0,1,1,1,0,1,31466,43535,32953,64113,23283,29968,784,57669,10429,7572,2,48217,1,39130,1,0,1,0,1943,data_4threads_10connections_10s_True
write,0,linux-sysepoll,1,0,0,1,1,1,0,1,31108,59461,41810,64113,32056,29968,55899,55845,10429,55715,2,23333,0,39130,1,0,1,0,1943,data_4threads_10connections_10s_True
write,0,libev,1,1,0,1,1,1,0,1,31108,43535,41810,29533,32056,29968,38835,55845,21594,765,2,23333,0,39130,1,0,1,0,1943,data_4threads_10connections_10s_True
write,0,libev,1,0,0,1,1,1,0,1,31108,43535,41810,28641,23283,29968,55899,47887,10429,7572,2,48217,1,16640,1,0,1,0,1943,data_4threads_10connections_10s_True
write,0,libev,1,1,1,1,1,1,0,1,31314,43535,41810,64113,32056,29968,55899,55845,10429,23077,2,23333,0,39130,1,0,1,0,1943,data_4threads_10connections_10s_True
sendfile,0,linux-sysepoll,1,0,0,1,1,1,0,1,31108,21339,41810,64113,32056,35982,55899,57669,10429,7572,2,46973,1,39130,1,0,1,0,1943,data_4threads_10connections_10s_True
write,0,libev,1,1,0,1,1,1,0,2,39425,41688,41810,64113,23283,29968,784,55845,10429,55715,2,23333,0,39130,1,0,1,0,1943,data_4threads_10connections_10s_True
write,0,libev,1,1,0,1,1,1,0,2,39425,5117,41810,4109,23283,29968,784,57669,10429,7572,2,48217,1,39130,1,0,1,0,1943,data_4threads_10connections_10s_True
write,0,libev,1,1,0,1,1,1,0,1,31108,43535,41810,64113,32056,29968,55899,55845,10429,7572,2,23333,1,39130,1,0,1,0,1943,data_4threads_10connections_10s_True
write,0,libev,1,1,0,1,1,1,0,1,31108,43535,41810,64113,5180,29968,55899,55845,10429,26579,2,23333,1,39130,1,0,1,0,1943,data_4threads_10connections_10s_True
write,0,libev,1,0,0,1,1,1,0,1,1082,38465,41810,28641,23283,29968,55899,47887,10429,7572,2,48217,1,16640,1,0,1,0,1943,data_4threads_10connections_10s_True
write,0,poll,1,0,1,0,1,0,2,0,31108,62941,41810,49861,28326,29968,8817,2831,20138,31626,2,54377,1,39130,1,0,0,0,1342,data_8threads_10connections_30s_False
write,0,linux-sysepoll,1,1,1,1,0,0,2,0,1922,43535,50303,50539,6493,29968,55899,55845,10429,7572,2,8405,1,39130,1,0,0,0,1943,data_8threads_10connections_30s_False
write,0,poll,1,0,1,0,1,0,2,0,31108,35997,41810,49861,28326,29968,8817,2831,20138,31626,2,54377,1,40215,1,0,0,0,2140,data_8threads_10connections_30s_False
sendfile,0,libev,1,0,0,0,1,1,2,1,31108,43535,41810,64113,32056,29968,12185,35562,50192,7572,2,39377,1,39130,1,1,1,0,1943,data_8threads_10connections_30s_False
write,0,linux-sysepoll,1,0,0,0,1,1,0,1,31108,59461,41810,64113,32056,29968,55899,32031,57787,7572,2,23333,1,39130,0,1,1,1,1943,data_8threads_10connections_30s_False
sendfile,0,libev,1,1,0,0,1,1,2,1,31108,59461,41810,64113,32056,29968,55899,142,57787,7572,2,23333,1,39130,1,1,1,1,1943,data_8threads_10connections_30s_False
sendfile,0,libev,1,1,0,0,1,1,2,1,31108,43535,41810,64113,32056,29968,12185,35562,50192,7572,2,23333,1,39130,1,1,1,1,1943,data_8threads_10connections_30s_False
sendfile,0,linux-sysepoll,1,0,0,0,1,1,0,1,31108,59461,41810,64113,32056,29968,55899,142,42721,7572,2,5173,1,61208,1,0,1,1,1943,data_8threads_10connections_30s_False
sendfile,0,linux-sysepoll,1,0,0,0,1,1,1,1,31108,22473,41810,64113,32056,29968,54358,57669,60897,7572,2,48217,1,39130,1,0,1,0,1943,data_8threads_10connections_30s_False
sendfile,0,linux-sysepoll,1,0,0,0,1,1,0,1,31108,59461,41810,64113,25341,29968,55899,142,42721,30601,2,48217,1,39130,1,0,1,0,1943,data_8threads_10connections_30s_False
write,1,linux-sysepoll,1,1,0,0,1,0,0,1,31466,43535,41810,64113,23283,29968,784,57669,10429,20174,2,48217,1,39130,1,0,1,1,1943,data_8threads_10connections_30s_False
write,0,libev,1,0,0,1,1,1,0,1,31108,43535,41810,64113,23283,29968,55899,47887,10429,7572,2,48217,1,39130,1,0,1,0,1943,data_8threads_10connections_30s_False
write,0,poll,1,0,0,1,1,1,1,1,31108,59461,41810,64113,32056,29968,55899,55845,10429,7572,2,23333,1,39130,1,0,1,0,1943,data_8threads_10connections_30s_False
write,0,libev,1,1,0,1,1,1,0,1,31108,43535,41810,64113,32056,29968,55899,55845,10429,7572,2,23333,0,39130,1,0,1,0,1943,data_8threads_10connections_30s_False
write,0,libev,1,1,0,1,1,1,0,2,31466,43535,41810,64113,23283,29968,784,57669,10429,7572,2,48217,1,39130,1,0,1,0,1943,data_8threads_10connections_30s_False
write,0,libev,1,1,0,1,1,1,0,1,31466,43535,32953,64113,23283,29968,784,57669,10429,7572,2,48217,1,39130,1,0,1,0,1943,data_8threads_10connections_30s_False
write,0,libev,1,1,0,1,1,1,0,2,39425,41688,41810,64113,23283,29968,784,57669,10429,7572,2,48217,1,39130,1,0,1,0,1943,data_8threads_10connections_30s_False
write,0,libev,1,0,0,1,1,1,0,1,31108,43535,41810,64113,23283,29968,784,57669,10429,7572,2,48217,1,39130,1,0,1,0,1943,data_8threads_10connections_30s_False
write,0,poll,1,1,0,1,1,1,1,1,31108,22473,41810,64113,32056,29968,784,57669,10429,7572,2,48217,1,39130,1,0,1,0,1943,data_8threads_10connections_30s_False
write,0,poll,1,1,0,1,1,0,2,0,13293,43535,50303,64113,6493,29968,55899,55845,10429,7572,2,23333,1,39130,1,0,1,0,1943,data_8threads_10connections_30s_False
sendfile,1,linux-sysepoll,1,0,0,1,1,0,0,2,46379,10160,42734,62580,12628,14630,42225,2831,39348,42138,2,48217,1,39130,1,0,1,0,2093,data_8threads_100connections_30s_False
writev,1,linux-sysepoll,1,1,0,1,1,0,2,2,46379,10160,42734,62580,12628,14630,42225,2831,43641,5325,2,1011,1,39130,1,0,1,0,2093,data_8threads_100connections_30s_False
sendfile,1,linux-sysepoll,1,0,1,1,1,0,0,2,46379,10160,42734,62580,12628,14630,42225,2831,39348,37978,4,48217,1,39130,1,0,1,0,515,data_8threads_100connections_30s_False
sendfile,1,linux-sysepoll,1,0,0,1,1,0,2,2,46379,10160,42734,62580,12628,14630,42225,2831,39348,5325,2,1011,1,39130,1,0,1,0,877,data_8threads_100connections_30s_False
sendfile,1,linux-sysepoll,1,0,0,1,1,0,2,2,46379,10160,42734,61169,12628,14630,2944,2831,20138,32063,2,54377,1,39130,1,1,0,0,1342,data_8threads_100connections_30s_False
write,1,linux-sysepoll,1,0,0,1,1,0,2,2,46379,10160,42734,31549,12628,14630,40272,2831,39348,5325,2,1011,1,39130,1,1,1,0,877,data_8threads_100connections_30s_False
sendfile,0,libev,1,1,0,0,1,1,0,1,31466,62941,53310,49861,28326,29968,8817,2831,20138,43332,2,54377,1,39130,1,0,0,0,588,data_8threads_100connections_30s_False
sendfile,1,linux-sysepoll,1,1,0,1,1,0,2,2,46379,10160,42734,62580,12628,14630,42225,17741,39348,5325,8,54377,1,40215,1,0,0,0,2140,data_8threads_100connections_30s_False
sendfile,0,libev,1,1,0,1,1,1,0,1,31466,62941,53310,49861,28326,29968,8817,2831,20138,31626,2,54377,1,39130,1,1,0,0,1342,data_8threads_100connections_30s_False
sendfile,0,libev,1,1,0,0,0,1,0,1,31466,34472,53310,49861,28326,29968,55899,55845,10429,7572,2,8405,1,51963,1,1,0,0,1342,data_8threads_100connections_30s_False
write,0,libev,1,0,0,1,1,1,1,1,31108,43535,41810,64113,32056,29968,55899,2831,10429,7572,2,23333,1,39130,1,0,1,0,1282,data_8threads_100connections_30s_False
sendfile,0,libev,1,0,0,1,1,1,2,1,31108,43535,41810,64113,32056,29968,55899,23102,39348,7572,2,39377,1,39130,1,1,1,0,1943,data_8threads_100connections_30s_False
sendfile,0,libev,1,0,0,1,1,1,2,1,31108,62941,41810,49861,28326,29968,43892,2831,39348,5325,2,1011,1,39130,1,0,1,0,877,data_8threads_100connections_30s_False
writev,0,libev,1,0,0,1,1,1,1,2,39425,41688,41810,64113,2857,29968,784,57669,10429,7572,2,48217,1,39130,1,0,0,0,1943,data_8threads_100connections_30s_False
sendfile,0,libev,1,0,0,1,1,0,1,2,39425,41688,41810,62580,12628,14630,42225,17741,39348,5325,8,54377,1,40215,1,0,0,1,269,data_8threads_100connections_30s_False
sendfile,0,libev,1,0,0,1,1,1,1,2,39425,41688,41810,64113,2857,29968,784,57669,10429,7572,2,48217,1,39130,1,0,1,1,1943,data_8threads_100connections_30s_False
writev,0,linux-sysepoll,1,1,1,1,0,1,2,1,57707,62941,41810,49861,28326,29968,8817,2831,20138,31626,2,54377,1,39130,1,0,0,0,1342,data_8threads_100connections_30s_False
write,1,poll,0,0,1,1,1,0,1,0,31108,35997,10771,50539,6493,42395,55899,55845,10429,7572,2,8405,1,51963,1,1,0,0,1342,data_8threads_100connections_30s_False
write,0,select,1,0,1,1,1,0,1,1,31108,35997,49205,50539,6493,29968,55899,55845,10429,7572,2,8405,1,51963,1,0,1,0,1282,data_8threads_100connections_30s_False
write,1,linux-sysepoll,1,0,0,0,1,0,2,2,54939,10160,19638,31549,12628,14630,8817,2831,20138,31626,2,54377,1,39130,1,0,0,0,1342,data_8threads_100connections_30s_False
sendfile,1,linux-sysepoll,1,1,0,1,1,0,2,2,46379,10160,42734,62580,12628,14630,42225,17741,39348,5325,8,54377,1,40215,1,0,0,0,2140,data_8threads_100connections_10s_True
sendfile,1,linux-sysepoll,1,0,0,1,1,0,2,2,46379,10160,42734,62580,12628,14630,42225,17741,39348,5325,8,54377,1,39130,1,0,0,0,2143,data_8threads_100connections_10s_True
sendfile,1,libev,1,1,0,0,1,0,2,2,46379,20055,42734,61169,12628,14630,2944,2831,20138,32063,15,54377,1,39130,0,0,0,0,1342,data_8threads_100connections_10s_True
sendfile,1,libev,1,1,0,0,1,0,2,2,46379,10160,62537,61169,12628,11907,32512,2831,20138,27331,2,54377,1,39130,1,1,0,0,1670,data_8threads_100connections_10s_True
sendfile,1,libev,1,1,0,0,1,0,2,2,46379,20055,42734,61169,12628,14630,2944,2831,20138,32063,15,54377,1,39130,0,0,0,0,133,data_8threads_100connections_10s_True
sendfile,1,libev,1,1,0,0,1,0,2,2,46379,984,42734,61169,12628,14630,2944,2831,20138,32063,15,54377,1,39130,1,0,1,0,2205,data_8threads_100connections_10s_True
write,0,libev,1,1,0,0,1,1,0,1,31466,62941,53310,49861,28326,29968,8817,2831,20138,43332,2,54377,1,39130,1,0,0,0,2205,data_8threads_100connections_10s_True
sendfile,1,linux-sysepoll,1,0,0,1,1,0,2,2,46379,10160,42734,61169,12628,14630,2944,2831,20138,32063,2,54377,1,39130,1,1,0,0,1342,data_8threads_100connections_10s_True
sendfile,1,libev,1,1,0,0,1,0,2,2,46379,10160,42734,61169,12628,14630,2944,2831,20138,32063,2,54377,1,39130,1,1,0,0,1342,data_8threads_100connections_10s_True
write,1,linux-sysepoll,1,0,0,1,1,0,2,2,46379,10160,42734,31549,12628,14630,40272,2831,39348,5325,2,1011,1,39130,1,1,1,0,877,data_8threads_100connections_10s_True
write,1,linux-sysepoll,1,0,0,1,1,1,1,2,46379,10160,42734,31549,12628,14630,40272,2831,39348,5325,2,1011,1,39130,1,0,0,0,2140,data_8threads_100connections_10s_True
sendfile,0,linux-sysepoll,1,0,0,1,1,1,2,2,46379,10160,9582,31549,12628,14630,40272,2831,39348,5325,2,1011,1,39130,0,0,0,0,588,data_8threads_100connections_10s_True
sendfile,1,linux-sysepoll,1,1,0,1,1,0,1,2,28724,10160,42734,62580,12628,14630,2944,26434,20138,32063,15,54377,1,39130,0,0,0,0,1342,data_8threads_100connections_10s_True
sendfile,0,linux-sysepoll,1,1,0,1,1,1,2,2,46379,10160,9582,31549,12628,14630,40272,2831,39348,5325,9,1011,1,39130,0,0,0,0,588,data_8threads_100connections_10s_True
sendfile,0,libev,1,1,0,0,1,1,0,1,31466,62941,53310,49861,28326,29968,8817,2831,20138,43332,2,54377,1,39130,1,0,0,0,588,data_8threads_100connections_10s_True
sendfile,0,poll,1,1,0,0,1,1,0,0,31466,62941,53310,28431,28326,29968,8817,2831,20138,43332,2,54377,1,39130,1,0,0,0,588,data_8threads_100connections_10s_True
sendfile,0,libev,1,1,0,0,1,1,0,1,38111,49791,53310,49861,28326,29968,8817,2831,20138,43332,2,54377,1,39130,1,0,0,0,588,data_8threads_100connections_10s_True
sendfile,1,linux-sysepoll,0,1,0,1,1,0,2,2,41623,10160,42734,62580,12628,14630,42225,17741,39348,5325,8,38064,1,40215,1,0,1,0,2140,data_8threads_100connections_10s_True
write,1,poll,1,0,0,0,1,1,1,0,46379,10160,42734,61169,12628,14630,2944,2831,20138,32063,2,54377,1,39130,1,1,0,0,1342,data_8threads_100connections_10s_True
sendfile,1,libev,1,1,0,0,1,0,2,2,46379,10160,42734,31549,12628,14630,40272,2831,39348,5325,2,1011,1,39130,1,1,0,0,2140,data_8threads_100connections_10s_True
write,0,poll,1,0,1,0,1,0,2,0,31108,62941,41810,49861,28326,29968,8817,2831,20138,31626,2,54377,1,39130,1,0,0,0,1342,data_4threads_10connections_30s_False
write,0,poll,1,0,1,0,1,0,2,0,31108,62941,41810,49861,28326,29968,52198,2831,20138,2805,2,54377,1,39130,1,0,1,0,1943,data_4threads_10connections_30s_False
write,0,poll,1,0,0,1,1,1,1,1,31108,59461,41810,64113,32056,29968,55899,55845,10429,7572,2,23333,1,39130,1,0,1,0,1943,data_4threads_10connections_30s_False
write,0,libev,1,0,0,1,1,1,0,1,31108,43535,41810,64113,23283,29968,55899,47887,10429,7572,2,48217,1,39130,1,0,1,0,1943,data_4threads_10connections_30s_False
write,0,libev,1,1,0,1,1,1,0,2,31466,43535,41810,64113,23283,29968,784,57669,10429,7572,2,48217,1,39130,1,0,1,0,1943,data_4threads_10connections_30s_False
write,0,libev,1,1,0,1,1,1,0,1,31108,43535,41810,64113,32056,29968,55899,55845,10429,7572,2,23333,0,39130,1,0,1,0,1943,data_4threads_10connections_30s_False
write,0,libev,1,1,0,1,1,1,0,2,39425,41688,41810,64113,23283,29968,784,57669,10429,7572,2,48217,1,39130,1,0,1,0,1943,data_4threads_10connections_30s_False
write,0,libev,1,1,0,1,1,1,0,1,31466,43535,32953,64113,23283,29968,784,57669,10429,7572,2,48217,1,39130,1,0,1,0,1943,data_4threads_10connections_30s_False
write,0,libev,1,1,0,1,1,1,0,1,31108,43535,367,64113,23283,29968,55899,8766,10429,7572,2,48217,1,45929,1,0,1,0,1943,data_4threads_10connections_30s_False
write,0,libev,1,1,0,1,1,1,0,2,31466,43535,41810,64113,2727,29968,784,57669,10429,7572,2,48217,1,39130,1,0,1,0,1943,data_4threads_10connections_30s_False
write,0,libev,1,1,0,0,1,1,0,1,31108,43535,41810,17910,32056,29968,55899,55845,10429,2805,2,54377,1,39130,1,0,1,0,1943,data_4threads_10connections_30s_False
writev,0,libev,1,1,0,1,1,1,0,1,31108,43535,41810,50231,23283,29968,57110,57669,10429,7572,2,48217,1,39130,1,0,1,0,1943,data_4threads_10connections_30s_False
write,0,select,1,1,0,1,1,1,0,1,31108,43535,8265,64113,13113,29968,55899,8766,10429,7572,2,48217,1,39130,1,0,1,0,1943,data_4threads_10connections_30s_False
write,0,libev,1,1,0,1,1,1,0,2,31466,43535,41810,64113,23283,29968,784,57669,10429,7572,2,48217,1,45929,1,0,1,0,1943,data_4threads_10connections_30s_False
write,0,libev,1,0,0,1,1,1,0,2,31466,43535,41810,21505,18209,29968,63515,57669,10429,7572,2,48217,1,64079,1,0,1,0,1342,data_4threads_10connections_30s_False
write,1,poll,1,1,0,1,1,1,0,1,31466,43535,32953,64113,23283,65361,784,6762,10429,7572,2,48217,1,39130,1,0,1,0,1943,data_4threads_10connections_30s_False
write,0,libev,1,1,0,1,1,1,0,1,31108,43535,13558,64113,13113,9537,55899,8766,10429,7572,2,48217,1,57633,1,0,1,0,1943,data_4threads_10connections_30s_False
write,0,libev,1,1,0,0,1,1,0,2,49016,43535,41810,64113,23283,30125,784,57669,10429,7572,2,48217,1,39130,1,0,1,0,1943,data_4threads_10connections_30s_False
write,0,libev,1,1,0,1,1,1,2,0,31108,62941,41810,49861,28326,29968,52198,2831,20138,2805,2,54377,1,39130,1,0,1,0,1943,data_4threads_10connections_30s_False
write,0,linux-sysepoll,1,0,0,0,1,1,0,1,31108,59461,41810,64113,32056,29968,55899,32031,57787,7572,2,23333,1,39130,0,1,1,1,1943,data_4threads_10connections_30s_False
sendfile,1,linux-sysepoll,1,1,0,1,1,0,2,2,29009,10160,42734,62580,12628,14630,42225,17741,39348,5325,8,54377,1,40215,1,1,0,0,2140,data_8threads_300connections_120s_False
sendfile,1,linux-sysepoll,0,1,0,1,1,0,2,2,29009,10160,42734,62580,12628,14630,42225,17741,42208,5325,8,54377,1,40215,1,1,0,0,1183,data_8threads_300connections_120s_False
sendfile,1,linux-sysepoll,1,1,0,0,1,0,2,2,29009,10160,42734,62580,12628,8928,42225,17741,39348,24889,8,54377,1,40215,1,1,0,0,2140,data_8threads_300connections_120s_False
sendfile,1,linux-sysepoll,1,1,0,1,1,0,2,2,29009,30297,42734,62580,12628,2847,49935,30050,42208,5325,8,54377,1,40215,1,1,0,0,1183,data_8threads_300connections_120s_False
write,1,linux-sysepoll,1,0,0,1,1,0,2,2,46379,10160,42734,31549,12628,14630,40272,2831,39348,5325,2,1011,1,39130,1,1,1,0,877,data_8threads_300connections_120s_False
writev,1,linux-sysepoll,1,1,0,1,1,0,2,1,46379,10160,42734,62580,12628,14630,42225,55845,10429,7572,2,8405,1,51963,1,1,0,0,1342,data_8threads_300connections_120s_False
writev,1,linux-sysepoll,1,1,0,1,1,0,2,1,46379,10160,51940,62580,12628,41455,20957,55845,10429,4878,2,8405,1,10534,1,1,0,0,524,data_8threads_300connections_120s_False
sendfile,1,linux-sysepoll,1,0,0,1,1,0,2,2,46379,10160,42734,61169,12628,14630,2944,2831,20138,32063,2,54377,1,39130,1,1,0,0,1342,data_8threads_300connections_120s_False
sendfile,1,libev,1,1,0,0,1,0,2,2,46379,10160,42734,61169,12628,14630,2944,2831,20138,32063,2,54377,1,39130,1,1,0,0,1342,data_8threads_300connections_120s_False
sendfile,1,libev,1,1,1,0,1,0,2,2,46379,10160,42734,50231,12628,14630,2944,2831,20138,32063,2,54377,1,39130,1,1,0,0,1342,data_8threads_300connections_120s_False
sendfile,1,linux-sysepoll,1,0,0,1,1,0,2,2,46379,10160,42734,62352,12628,14630,2944,2831,20138,32063,2,54377,1,39130,1,1,0,0,1342,data_8threads_300connections_120s_False
write,1,select,1,0,0,1,1,0,2,2,46379,10160,42734,62887,12628,14630,2944,2831,20138,32063,2,54377,1,39130,1,1,0,0,1342,data_8threads_300connections_120s_False
sendfile,1,libev,1,1,0,0,1,0,2,2,46379,10160,31171,61169,12628,14630,2944,2831,20138,32063,2,54377,1,39130,1,1,0,0,1342,data_8threads_300connections_120s_False
sendfile,1,linux-sysepoll,1,0,0,1,1,0,2,2,46379,14533,42734,62352,12628,14630,2944,2831,20138,5325,8,54377,1,40215,1,1,0,0,1183,data_8threads_300connections_120s_False
sendfile,1,linux-sysepoll,0,0,0,0,1,0,2,2,5378,10160,42734,61169,12628,14630,2944,2831,20138,53224,2,54377,1,39130,1,0,0,0,1342,data_8threads_300connections_120s_False
sendfile,1,linux-sysepoll,0,0,0,0,1,0,2,1,5378,10160,42734,61169,12628,14630,2944,64465,20138,32063,2,54377,1,39130,1,1,0,0,1342,data_8threads_300connections_120s_False
sendfile,1,linux-sysepoll,1,0,0,1,1,0,0,2,46379,10160,42734,62580,12628,14630,37388,17741,42208,5325,8,54377,1,40215,1,1,0,0,1183,data_8threads_300connections_120s_False
sendfile,0,libev,1,1,0,1,1,1,0,1,31466,62941,53310,49861,28326,29968,8817,2831,20138,31626,2,54377,1,39130,1,1,0,0,1342,data_8threads_300connections_120s_False
sendfile,0,libev,1,1,0,0,0,1,0,1,31466,34472,53310,49861,28326,29968,55899,55845,10429,7572,2,8405,1,51963,1,1,0,0,1342,data_8threads_300connections_120s_False
sendfile,0,libev,1,1,0,1,1,1,0,1,31466,31497,53310,49861,28326,29968,55899,55845,10429,7572,2,8893,1,51963,1,1,0,0,524,data_8threads_300connections_120s_False
sendfile,1,libev,0,1,1,0,1,0,2,2,46379,10160,6247,31549,12628,14630,40272,29623,39348,5325,2,1011,0,39130,1,1,1,0,877,data_8threads_300connections_60s_False
sendfile,1,libev,0,1,1,0,1,0,2,2,46379,10160,6247,31549,12628,14630,40272,29623,39348,5325,2,1011,1,39130,1,1,1,0,877,data_8threads_300connections_60s_False
sendfile,1,libev,0,1,1,0,1,0,2,2,46379,10160,42734,62580,12628,47559,25627,39833,19586,5325,11,1011,1,39130,1,0,0,1,877,data_8threads_300connections_60s_False
write,1,linux-sysepoll,0,0,0,1,1,0,2,2,46379,10160,4217,31549,1054,14630,40272,2831,39348,5325,2,1011,1,39130,1,1,0,1,1943,data_8threads_300connections_60s_False
sendfile,1,libev,1,1,0,0,1,0,2,2,46379,10160,42734,61169,18736,14630,2944,2831,20138,17154,2,1011,1,39130,1,1,1,1,877,data_8threads_300connections_60s_False
sendfile,1,linux-sysepoll,1,0,0,1,1,0,2,2,46379,10160,42734,62580,12628,14630,42225,2831,39348,5325,2,1011,1,39130,1,0,1,0,877,data_8threads_300connections_60s_False
write,1,linux-sysepoll,1,0,0,0,1,0,2,2,46379,10160,42734,62580,12628,14630,42225,2831,39348,5325,2,1011,1,39130,1,0,1,0,1943,data_8threads_300connections_60s_False
sendfile,1,linux-sysepoll,1,0,0,1,1,0,2,2,46379,10160,42734,62580,12628,14630,42225,39833,19586,5325,2,1011,1,39130,1,0,0,1,877,data_8threads_300connections_60s_False
write,1,linux-sysepoll,1,0,0,0,1,0,2,2,46379,10160,42734,62580,12628,14630,42225,2831,41402,5325,2,1011,1,39130,1,0,1,0,877,data_8threads_300connections_60s_False
sendfile,1,linux-sysepoll,0,0,0,1,1,0,0,2,11302,10160,42734,61169,12628,14630,2944,2831,20138,32063,2,54377,1,39130,1,1,0,0,1342,data_8threads_300connections_60s_False
sendfile,1,linux-sysepoll,1,0,0,1,1,0,2,2,11302,10160,42734,62580,12628,14630,42225,2831,39348,5325,2,1011,1,44835,1,0,1,0,877,data_8threads_300connections_60s_False
sendfile,1,linux-sysepoll,1,0,0,1,1,0,2,2,30362,43535,41810,64113,32056,29968,55899,2831,41603,7572,1,49220,1,39130,0,0,1,0,1943,data_8threads_300connections_60s_False
sendfile,1,linux-sysepoll,1,0,0,1,1,0,2,2,46379,10160,42734,62580,12628,14630,42225,2831,39348,5325,2,33004,1,39130,1,0,1,0,2368,data_8threads_300connections_60s_False
sendfile,1,linux-sysepoll,1,0,0,1,1,0,2,2,11302,10160,42734,62580,16796,14630,42225,2831,39348,5325,2,1011,1,44835,1,0,1,0,877,data_8threads_300connections_60s_False
sendfile,1,poll,1,1,0,1,1,1,0,2,13764,43535,41810,15987,16752,29968,784,57669,10429,7572,2,48217,1,39130,1,0,1,0,1943,data_8threads_300connections_60s_False
sendfile,1,linux-sysepoll,1,0,0,1,1,0,2,2,46379,10160,42734,61169,12628,14630,2944,2831,20138,32063,2,54377,1,39130,1,1,0,0,1342,data_8threads_300connections_60s_False
sendfile,1,libev,1,1,0,0,1,0,2,2,46379,10160,42734,61169,12628,14630,2944,2831,20138,32063,2,54377,1,39130,1,1,0,0,1342,data_8threads_300connections_60s_False
write,1,linux-sysepoll,1,0,0,1,1,0,2,2,46379,10160,42734,61169,12628,14630,2944,2831,20138,32063,2,54377,1,39130,1,1,0,0,1320,data_8threads_300connections_60s_False
write,1,linux-sysepoll,1,0,0,1,1,0,2,2,46379,10160,27677,47440,29511,10096,24676,59632,39348,32063,2,54377,1,39130,1,1,0,0,1342,data_8threads_300connections_60s_False
write,1,linux-sysepoll,1,0,0,1,1,0,2,2,46379,10160,27677,47440,12628,14630,24676,2831,39348,5325,2,1011,1,39130,1,1,1,1,877,data_8threads_300connections_60s_False
sendfile,1,linux-sysepoll,0,1,0,0,1,0,2,2,29009,43209,42734,62580,12628,14630,42225,55845,10429,7572,2,8405,1,25757,1,1,0,0,1342,data_4threads_300connections_30s_True
sendfile,1,linux-sysepoll,1,1,0,0,1,0,2,2,29009,10160,42734,62580,12628,8928,42225,17741,39348,24889,8,54377,1,40215,1,1,0,0,2140,data_4threads_300connections_30s_True
sendfile,1,linux-sysepoll,1,1,0,1,1,0,2,2,29009,10160,42734,62580,12628,14630,42225,17741,39348,5325,8,54377,1,40215,1,1,0,0,2140,data_4threads_300connections_30s_True
sendfile,1,linux-sysepoll,1,1,0,1,1,0,2,2,29009,30297,42734,62580,12628,2847,49935,30050,42208,5325,8,54377,1,40215,1,1,0,0,1183,data_4threads_300connections_30s_True
sendfile,1,linux-sysepoll,0,1,0,1,1,0,2,2,29009,10160,42734,62580,12628,14630,42225,17741,42208,5325,8,54377,1,40215,1,1,0,0,1183,data_4threads_300connections_30s_True
sendfile,1,linux-sysepoll,1,1,0,1,1,0,2,2,29009,10160,42734,14905,12628,14630,42225,17741,39348,5325,8,21383,1,40215,1,1,0,0,2140,data_4threads_300connections_30s_True
sendfile,1,linux-sysepoll,1,1,0,1,1,0,2,2,37944,10160,42734,62580,12628,14630,42225,55845,10429,7572,2,8405,1,51963,1,1,0,0,1342,data_4threads_300connections_30s_True
sendfile,1,linux-sysepoll,1,1,0,1,1,0,2,2,37944,10160,60608,62580,12628,14630,42225,55845,60636,7572,2,8405,1,51963,1,1,0,0,1342,data_4threads_300connections_30s_True
sendfile,1,linux-sysepoll,1,0,0,1,1,0,2,2,29009,10160,42734,62580,12628,8928,42225,17741,39348,24889,8,54377,1,40215,1,1,0,0,2140,data_4threads_300connections_30s_True
writev,1,linux-sysepoll,1,1,1,1,1,0,2,2,37944,10160,42734,62580,12628,14630,42225,55845,10429,7572,2,8405,1,50955,1,1,0,0,1342,data_4threads_300connections_30s_True
sendfile,1,linux-sysepoll,0,1,0,1,1,0,0,2,38840,10160,42734,62580,12628,48946,42225,17741,42208,5325,1,51149,1,51963,1,1,0,0,1342,data_4threads_300connections_30s_True
sendfile,1,linux-sysepoll,0,1,1,0,1,0,2,2,29009,43209,42734,62580,12628,14630,42225,2831,20138,32063,2,54377,1,39130,0,1,0,0,1342,data_4threads_300connections_30s_True
sendfile,1,linux-sysepoll,1,1,0,1,1,0,2,2,39122,10160,42734,62580,12628,14630,42225,55845,10429,7572,2,8405,1,51963,1,1,0,0,1342,data_4threads_300connections_30s_True
sendfile,1,linux-sysepoll,0,1,1,1,1,0,2,2,29009,43209,16187,62580,12628,14630,42225,2831,20138,32063,2,54377,1,23580,1,1,0,0,1285,data_4threads_300connections_30s_True
writev,1,linux-sysepoll,1,1,0,0,1,0,2,1,61759,10160,42734,62580,12628,14630,42225,55845,10429,7572,2,60351,1,39130,1,1,0,0,1342,data_4threads_300connections_30s_True
writev,1,linux-sysepoll,1,1,0,1,1,0,2,1,46379,10160,42734,62580,12628,14630,42225,55845,10429,7572,2,8405,1,51963,1,1,0,0,1342,data_4threads_300connections_30s_True
writev,1,linux-sysepoll,1,1,0,1,1,0,2,1,46379,10160,51940,62580,12628,41455,20957,55845,10429,4878,2,8405,1,10534,1,1,0,0,524,data_4threads_300connections_30s_True
writev,1,linux-sysepoll,1,1,0,1,1,0,2,1,46379,10160,51940,62580,12628,41455,57763,55845,10429,4878,2,8405,1,10534,1,1,0,0,524,data_4threads_300connections_30s_True
writev,1,linux-sysepoll,1,1,0,1,1,0,2,1,46379,10160,42734,62580,12628,14630,42225,55845,10429,7572,2,13408,1,51963,1,1,0,0,1342,data_4threads_300connections_30s_True
writev,1,linux-sysepoll,1,1,0,1,1,0,2,1,46379,3360,51940,62580,12628,41455,57763,55845,10429,4878,0,8405,1,10534,1,1,0,0,524,data_4threads_300connections_30s_True
sendfile,1,linux-sysepoll,0,0,0,0,1,0,2,1,46379,10160,51940,62580,20464,41455,20957,55845,10429,4878,2,8405,1,10534,1,1,0,1,524,data_4threads_100connections_120s_False
sendfile,1,linux-sysepoll,0,0,0,0,1,0,2,1,46379,10160,51940,62580,20464,41455,20957,55845,10429,4878,2,56991,1,10534,1,1,0,1,524,data_4threads_100connections_120s_False
sendfile,1,linux-sysepoll,0,0,0,0,1,0,2,1,46379,10160,51940,62580,20464,43854,20957,55845,10429,4878,2,8405,1,10534,1,1,0,1,524,data_4threads_100connections_120s_False
writev,1,linux-sysepoll,1,1,0,1,1,0,2,2,46379,10160,33412,15414,12628,14630,42225,2831,39348,5407,2,1011,1,28217,1,0,1,0,877,data_4threads_100connections_120s_False
sendfile,1,linux-sysepoll,1,0,1,1,1,0,1,2,64088,10160,42734,62580,12628,14630,42225,17741,39348,5407,2,1011,1,28217,1,0,1,0,877,data_4threads_100connections_120s_False
sendfile,0,linux-sysepoll,0,0,0,0,1,0,1,2,29009,10160,42734,62580,12628,10655,42225,17741,39348,24889,8,54377,1,40215,1,1,0,0,2140,data_4threads_100connections_120s_False
sendfile,1,linux-sysepoll,1,1,0,1,1,0,2,2,29009,10160,42734,62580,12628,14630,42225,17741,39348,5325,8,54377,1,39130,0,1,0,0,1342,data_4threads_100connections_120s_False
sendfile,1,linux-sysepoll,1,1,0,1,1,0,1,2,64088,10160,42734,62580,12628,14630,42225,17741,39348,5325,8,56488,1,39130,0,1,0,0,1342,data_4threads_100connections_120s_False
sendfile,1,linux-sysepoll,1,1,0,1,1,0,1,0,64088,10160,42734,62580,12628,14630,42225,17741,39348,5325,8,56488,1,39130,1,1,0,0,779,data_4threads_100connections_120s_False
sendfile,1,libev,1,0,0,0,1,1,2,2,46379,10160,42734,62580,6548,14630,42225,2831,39348,5325,2,36112,1,39130,1,0,1,0,877,data_4threads_100connections_120s_False
writev,1,linux-sysepoll,1,1,0,1,1,0,2,1,46379,10160,51940,62580,12628,41455,20957,55845,10429,4878,2,8405,1,10534,1,1,0,0,524,data_4threads_100connections_120s_False
writev,1,linux-sysepoll,1,1,0,1,1,0,2,1,46379,10160,42734,62580,12628,14630,42225,55845,10429,7572,2,8405,1,51963,1,1,0,0,1342,data_4threads_100connections_120s_False
writev,1,linux-sysepoll,0,1,0,1,1,0,0,2,46379,10160,33412,15414,22593,14630,2944,2831,20138,32063,2,54377,1,39130,0,1,0,0,1342,data_4threads_100connections_120s_False
writev,1,linux-sysepoll,1,1,0,1,1,0,2,1,46379,10160,51940,62580,12628,41455,20957,55845,10429,4878,2,8405,1,10534,1,1,0,0,1754,data_4threads_100connections_120s_False
writev,1,linux-sysepoll,1,1,0,1,1,0,2,1,46379,59436,51940,62580,12628,41455,20957,55845,10429,4878,2,8405,1,10534,1,1,0,0,877,data_4threads_100connections_120s_False
write,1,libev,1,0,0,0,1,0,1,2,64088,10160,42734,62580,12628,14630,52964,17741,39348,5325,8,56488,1,39130,0,1,0,0,1342,data_4threads_100connections_120s_False
sendfile,1,libev,1,0,0,1,1,1,1,2,46379,10160,41004,61169,12628,14630,42225,17741,39348,5325,8,54377,1,39130,0,1,0,0,1342,data_4threads_100connections_120s_False
writev,1,linux-sysepoll,1,1,0,1,1,0,1,1,64088,10160,42734,62580,12628,14630,42225,490,39348,5325,8,56488,1,39130,0,1,0,0,1342,data_4threads_100connections_120s_False
sendfile,1,linux-sysepoll,1,0,0,0,1,0,2,0,46379,10160,10368,62580,12628,2847,49935,27251,42208,36599,14,54377,1,40215,1,1,0,0,1183,data_4threads_100connections_120s_False
sendfile,1,linux-sysepoll,1,0,0,1,1,0,2,2,46379,10160,42734,61169,12628,14630,2944,2831,20138,32063,2,54377,1,39130,1,1,0,0,1342,data_4threads_100connections_120s_False
write,0,libev,1,1,0,1,1,0,0,1,31108,43535,41810,62580,12628,14630,42225,17741,39348,63332,2,1011,1,28217,0,0,1,0,877,data_4threads_10connections_60s_True
write,0,libev,0,1,0,1,1,1,0,2,36463,41688,41810,64113,23283,29968,784,57669,10429,5325,2,1011,1,39130,0,0,1,0,877,data_4threads_10connections_60s_True
write,0,libev,1,1,0,1,1,0,0,1,31108,43535,41810,62580,12628,14630,42225,17741,39348,63332,2,1011,1,28217,0,0,1,0,1943,data_4threads_10connections_60s_True
write,0,libev,1,1,0,1,1,0,0,1,31108,43535,41810,64113,32056,29968,55899,55845,10429,39369,2,23333,0,39130,1,0,1,0,1943,data_4threads_10connections_60s_True
write,0,libev,1,1,0,1,1,0,0,2,18675,41688,41810,64113,23283,29968,40507,57669,10429,7572,2,48217,1,39130,1,0,1,0,1943,data_4threads_10connections_60s_True
writev,1,linux-sysepoll,1,1,0,0,1,0,2,2,46379,10160,33412,15414,12628,14630,53582,42753,39348,55697,2,1011,1,28217,1,0,1,0,1943,data_4threads_10connections_60s_True
writev,1,linux-sysepoll,1,1,0,0,1,0,2,2,46379,10160,33412,15414,12628,14630,53582,42753,63286,55697,2,1011,1,28217,1,0,1,0,1943,data_4threads_10connections_60s_True
sendfile,0,linux-sysepoll,1,0,1,1,1,0,1,2,26602,10160,42734,63248,32056,29968,55899,55845,10429,7572,2,44990,0,39130,1,0,0,0,1943,data_4threads_10connections_60s_True
write,0,poll,1,0,0,1,1,1,1,1,31108,59461,41810,64113,32056,29968,55899,55845,10429,7572,2,23333,1,39130,1,0,1,0,1943,data_4threads_10connections_60s_True
write,0,libev,1,0,0,1,1,1,0,1,31108,43535,41810,64113,23283,29968,55899,47887,10429,7572,2,48217,1,39130,1,0,1,0,1943,data_4threads_10connections_60s_True
write,0,libev,1,1,0,1,1,1,0,1,31108,43535,41810,64113,32056,29968,55899,55845,10429,7572,2,23333,0,39130,1,0,1,0,1943,data_4threads_10connections_60s_True
write,0,libev,1,1,0,1,1,1,0,2,31466,43535,41810,64113,23283,29968,784,57669,10429,7572,2,48217,1,39130,1,0,1,0,1943,data_4threads_10connections_60s_True
write,0,libev,1,1,0,1,1,1,0,2,31466,43535,41810,64113,2727,29968,784,57669,10429,7572,2,48217,1,39130,1,0,1,0,1943,data_4threads_10connections_60s_True
write,0,libev,1,1,0,1,1,1,0,1,31108,43535,367,64113,23283,29968,55899,8766,10429,7572,2,48217,1,45929,1,0,1,0,1943,data_4threads_10connections_60s_True
write,0,libev,1,1,0,1,1,1,0,2,39425,41688,41810,64113,23283,29968,784,57669,10429,7572,2,48217,1,39130,1,0,1,0,1943,data_4threads_10connections_60s_True
write,0,poll,1,1,0,1,1,1,0,2,31466,43535,41810,64113,23283,29968,784,57669,10429,7572,2,48217,1,39130,1,0,1,0,1943,data_4threads_10connections_60s_True
write,0,libev,1,1,0,1,1,1,0,2,31108,64108,1537,64113,32056,29968,38251,55845,10429,7572,2,23333,0,39130,1,0,1,0,1943,data_4threads_10connections_60s_True
write,0,libev,1,1,0,1,0,1,0,2,31466,43535,41897,64113,23283,29968,44310,8766,10429,7572,2,48217,1,19274,1,0,1,0,1943,data_4threads_10connections_60s_True
write,0,libev,1,1,0,1,1,1,0,1,31108,43535,367,64113,23283,29968,55899,57669,10429,7572,2,48217,1,39130,1,0,0,0,1943,data_4threads_10connections_60s_True
write,0,libev,1,1,0,1,1,1,0,1,31108,43535,41810,64113,23283,29968,55899,47887,10429,26404,2,48217,1,39130,1,1,1,0,2129,data_4threads_10connections_60s_True
sendfile,1,linux-sysepoll,0,1,0,1,1,0,0,1,29009,10160,44107,62580,4596,14630,42225,17741,42208,5325,8,7502,1,40215,0,1,0,0,2140,data_12threads_300connections_60s_True
sendfile,1,linux-sysepoll,1,1,0,1,1,0,2,2,37944,10160,42734,62580,12628,14630,42225,55845,10429,7572,2,8405,1,51963,1,1,0,0,1342,data_12threads_300connections_60s_True
sendfile,1,linux-sysepoll,1,1,0,1,1,0,2,2,29009,10160,42734,14905,12628,14630,42225,17741,39348,5325,8,21383,1,40215,1,1,0,0,2140,data_12threads_300connections_60s_True
writev,1,linux-sysepoll,1,1,1,1,1,0,2,2,37944,10160,42734,62580,12628,14630,42225,55845,10429,7572,2,8405,1,50955,1,1,0,0,1342,data_12threads_300connections_60s_True
sendfile,1,linux-sysepoll,1,1,0,1,1,0,2,2,37944,10160,60608,62580,12628,14630,42225,55845,60636,7572,2,8405,1,51963,1,1,0,0,1342,data_12threads_300connections_60s_True
sendfile,1,linux-sysepoll,1,0,0,1,1,0,2,2,29009,10160,42734,62580,12628,8928,42225,17741,39348,24889,8,54377,1,40215,1,1,0,0,2140,data_12threads_300connections_60s_True
sendfile,1,linux-sysepoll,1,1,0,0,1,0,2,2,29009,10160,42734,62580,12628,8928,42225,17741,39348,24889,8,54377,1,40215,1,1,0,0,2140,data_12threads_300connections_60s_True
sendfile,1,linux-sysepoll,0,1,0,1,1,0,2,2,29009,10160,42734,62580,12628,14630,42225,17741,42208,5325,8,54377,1,40215,1,1,0,0,1183,data_12threads_300connections_60s_True
sendfile,1,linux-sysepoll,1,1,0,1,1,0,2,2,29009,10160,42734,62580,12628,14630,42225,17741,39348,5325,8,54377,1,40215,1,1,0,0,2140,data_12threads_300connections_60s_True
sendfile,1,linux-sysepoll,1,1,0,1,1,0,2,2,29009,30297,42734,62580,12628,2847,49935,30050,42208,5325,8,54377,1,40215,1,1,0,0,1183,data_12threads_300connections_60s_True
sendfile,1,linux-sysepoll,0,0,0,1,1,0,0,2,11302,10160,42734,61169,12628,14630,2944,2831,20138,32063,2,54377,1,39130,1,1,0,0,1342,data_12threads_300connections_60s_True
writev,1,libev,0,1,1,1,1,0,0,2,11302,10160,42734,61169,12628,14630,26636,2831,20138,32063,2,59886,1,39130,1,1,0,0,1342,data_12threads_300connections_60s_True
sendfile,0,linux-sysepoll,0,1,0,1,1,0,2,2,29009,10160,42734,62580,12628,2401,42225,17741,39348,5325,8,54377,1,40215,1,1,0,0,1183,data_12threads_300connections_60s_True
sendfile,1,linux-sysepoll,0,1,0,1,1,0,2,2,29009,10160,42734,62580,17846,14630,42225,17741,42208,5325,8,7502,1,40215,0,1,0,0,2140,data_12threads_300connections_60s_True
sendfile,1,linux-sysepoll,1,1,0,1,1,0,2,2,12267,10160,51017,62580,12628,14630,42225,20319,60636,7572,2,8405,1,51963,1,1,0,1,2140,data_12threads_300connections_60s_True
sendfile,1,linux-sysepoll,1,1,1,1,1,0,2,2,37944,10160,42734,62580,12628,14630,42225,55845,10429,7572,2,8405,1,50955,1,0,0,0,1342,data_12threads_300connections_60s_True
sendfile,1,linux-sysepoll,1,1,0,1,1,0,2,2,37944,10160,42734,62580,12628,14630,42225,55845,10429,7572,2,8405,1,51963,1,1,0,0,1183,data_12threads_300connections_60s_True
sendfile,1,linux-sysepoll,1,1,0,1,1,0,2,2,29009,30297,42734,62580,12628,2847,49935,30050,42208,5325,8,54377,1,40215,1,1,0,0,1342,data_12threads_300connections_60s_True
sendfile,1,linux-sysepoll,1,1,1,0,1,0,2,2,37944,13247,42734,62580,12628,14630,42225,55845,63083,5325,8,54377,1,40215,1,1,0,1,1342,data_12threads_300connections_60s_True
sendfile,0,linux-sysepoll,0,1,0,1,1,0,2,2,29009,5770,42734,56480,12628,2401,42225,17741,42208,5325,8,54377,1,40215,1,1,0,0,1183,data_12threads_300connections_60s_True
write,0,libev,1,0,0,1,1,1,0,1,31108,43535,41810,64113,23283,29968,55899,47887,10429,7572,2,48217,1,39130,1,0,1,0,1943,data_4threads_10connections_120s_False
write,0,poll,1,0,0,1,1,1,1,1,31108,59461,41810,64113,32056,29968,55899,55845,10429,7572,2,23333,1,39130,1,0,1,0,1943,data_4threads_10connections_120s_False
sendfile,1,linux-sysepoll,1,1,0,1,1,1,2,0,22134,59461,34030,4789,32056,29968,55899,53668,10429,7572,2,13570,1,39130,1,1,1,0,2357,data_4threads_10connections_120s_False
sendfile,1,linux-sysepoll,1,0,0,1,1,1,2,0,22134,59461,34030,4789,29655,29968,55899,53668,10429,7572,2,13570,1,39130,1,0,1,0,2357,data_4threads_10connections_120s_False
write,0,libev,1,0,0,1,1,1,0,2,31108,43535,41810,64113,23283,29968,55899,47887,10429,7572,2,48217,1,39130,1,0,1,0,1943,data_4threads_10connections_120s_False
sendfile,1,select,1,1,0,1,1,0,2,2,31108,59461,34030,4789,32056,29968,55899,52214,10429,7572,2,13570,1,39130,1,0,1,0,2357,data_4threads_10connections_120s_False
sendfile,1,libev,1,1,0,1,1,1,1,1,31108,59461,41810,59311,32056,29968,55899,55845,10429,7572,2,23333,1,39130,1,0,1,0,1713,data_4threads_10connections_120s_False
sendfile,1,select,1,1,0,1,1,0,2,2,31108,59461,34030,4789,32056,29968,55899,52214,10429,46244,2,23333,1,39130,0,0,1,0,1713,data_4threads_10connections_120s_False
sendfile,1,libev,1,1,0,1,1,1,1,2,51384,59461,60382,59311,32056,29968,55899,55845,10429,7572,2,13570,1,39130,1,0,1,0,2357,data_4threads_10connections_120s_False
sendfile,1,linux-sysepoll,1,1,0,1,1,0,2,2,31108,59461,34030,4789,32056,29968,55899,52214,10429,7572,2,13570,1,39130,1,0,1,0,2357,data_4threads_10connections_120s_False
sendfile,1,select,1,1,0,1,1,0,2,2,31108,59461,34030,4789,32056,29968,55899,52214,10429,46244,2,23333,1,39130,0,0,1,0,2140,data_4threads_10connections_120s_False
sendfile,1,linux-sysepoll,0,1,0,1,1,0,2,2,29009,10160,42734,62580,12628,14630,42225,17741,42208,5325,8,54377,1,40215,1,1,0,0,1183,data_4threads_10connections_120s_False
sendfile,1,linux-sysepoll,1,1,0,1,1,0,2,2,29009,30297,42734,62580,12628,2847,49935,30050,42208,5325,8,54377,1,40215,1,1,0,0,1183,data_4threads_10connections_120s_False
sendfile,1,linux-sysepoll,1,1,0,0,1,0,2,2,29009,10160,42734,62580,12628,8928,42225,17741,39348,24889,8,54377,1,40215,1,1,0,0,2140,data_4threads_10connections_120s_False
sendfile,1,linux-sysepoll,1,1,0,1,1,0,2,2,29009,10160,42734,62580,12628,14630,42225,17741,39348,5325,8,54377,1,40215,1,1,0,0,2140,data_4threads_10connections_120s_False
sendfile,1,linux-sysepoll,1,1,0,1,1,0,2,2,29009,30297,42734,62580,12628,2847,34191,30050,42208,5325,6,54377,1,40215,1,1,0,0,1183,data_4threads_10connections_120s_False
sendfile,1,linux-sysepoll,0,1,0,1,1,0,2,2,6536,10160,42734,62580,12628,14630,42225,17741,42208,5325,8,54377,1,40215,1,1,0,0,1183,data_4threads_10connections_120s_False
sendfile,1,linux-sysepoll,1,0,0,1,1,0,2,2,46379,10160,42734,62580,12628,14630,42225,2831,39348,5325,2,1011,1,39130,1,0,1,0,877,data_4threads_10connections_120s_False
write,0,libev,1,0,0,0,1,1,1,1,31108,59461,41810,64113,32056,29968,61579,55845,49331,7572,2,23333,1,39130,0,1,0,0,1342,data_4threads_10connections_120s_False
write,0,libev,1,0,0,1,1,1,1,1,31108,59461,41810,64113,32056,35702,61579,55845,49331,7572,2,23333,1,39130,0,1,1,0,1342,data_4threads_10connections_120s_False
write,0,libev,1,0,0,1,1,1,0,1,31108,43535,41810,64113,23283,29968,55899,47887,10429,7572,2,48217,1,39130,1,0,1,0,1943,data_8threads_10connections_60s_False
write,0,poll,1,0,0,1,1,1,1,1,31108,59461,41810,64113,32056,29968,55899,55845,10429,7572,2,23333,1,39130,1,0,1,0,1943,data_8threads_10connections_60s_False
write,0,libev,1,0,0,1,1,1,0,2,31108,43535,41810,64113,23283,29968,55899,47887,10429,7572,2,48217,1,39130,1,0,1,0,1943,data_8threads_10connections_60s_False
sendfile,1,linux-sysepoll,1,0,0,1,1,1,2,0,22134,59461,34030,4789,29655,29968,55899,53668,10429,7572,2,13570,1,39130,1,0,1,0,2357,data_8threads_10connections_60s_False
sendfile,1,linux-sysepoll,1,1,0,1,1,1,2,0,22134,59461,34030,4789,32056,29968,55899,53668,10429,7572,2,13570,1,39130,1,1,1,0,2357,data_8threads_10connections_60s_False
write,0,linux-sysepoll,0,0,0,0,1,1,1,1,31108,59461,41810,64113,32056,29968,55899,55845,10429,7572,2,23333,1,39130,1,0,1,0,1943,data_8threads_10connections_60s_False
write,1,linux-sysepoll,1,1,0,1,1,0,2,0,22134,59461,34030,4789,32056,29968,55899,53668,10429,7572,2,59426,1,39130,1,0,1,0,2357,data_8threads_10connections_60s_False
sendfile,1,linux-sysepoll,0,1,0,1,1,1,1,0,22134,45756,34030,4789,6381,28112,51339,53668,10429,7572,2,13570,1,39130,1,0,1,0,2357,data_8threads_10connections_60s_False
sendfile,1,linux-sysepoll,1,1,0,1,1,1,1,0,22134,45756,34030,4789,6381,28112,51339,53668,10429,7572,2,13570,1,39130,0,0,1,0,1713,data_8threads_10connections_60s_False
writev,1,linux-sysepoll,1,1,0,0,1,0,2,0,22134,59461,34030,4789,32056,29968,55899,53668,10429,7572,2,47716,1,39130,1,0,1,1,2357,data_8threads_10connections_60s_False
writev,1,linux-sysepoll,1,1,0,1,1,0,2,0,54595,59461,34030,4789,32056,29968,55899,53668,29816,7572,2,13570,1,39130,1,0,1,0,2357,data_8threads_10connections_60s_False
sendfile,1,select,1,1,0,1,1,0,2,2,31108,59461,34030,4789,32056,29968,55899,52214,10429,46244,2,23333,1,39130,0,0,1,0,1713,data_8threads_10connections_60s_False
sendfile,1,libev,1,1,0,1,1,1,1,1,31108,59461,41810,59311,32056,29968,55899,55845,10429,7572,2,23333,1,39130,1,0,1,0,1713,data_8threads_10connections_60s_False
sendfile,1,select,1,1,0,1,1,0,2,2,31108,59461,34030,4789,32056,29968,55899,52214,10429,7572,2,13570,1,39130,1,0,1,0,2357,data_8threads_10connections_60s_False
sendfile,1,linux-sysepoll,1,1,0,1,1,0,2,2,31108,59461,34030,4789,32056,29968,55899,52214,10429,7572,2,13570,1,39130,1,0,1,0,2357,data_8threads_10connections_60s_False
sendfile,1,libev,1,1,0,1,1,1,1,2,51384,59461,60382,59311,32056,29968,55899,55845,10429,7572,2,13570,1,39130,1,0,1,0,2357,data_8threads_10connections_60s_False
write,0,libev,1,1,0,1,1,0,0,1,31108,43535,41810,62580,12628,14630,42225,17741,39348,63332,2,1011,1,28217,0,0,1,0,1943,data_8threads_10connections_60s_False
write,0,libev,1,1,0,1,1,0,0,2,18675,41688,41810,64113,23283,29968,40507,57669,10429,7572,2,48217,1,39130,1,0,1,0,1943,data_8threads_10connections_60s_False
write,0,libev,1,1,0,1,1,0,0,1,31108,43535,41810,64113,32056,29968,55899,55845,10429,39369,2,23333,0,39130,1,0,1,0,1943,data_8threads_10connections_60s_False
write,0,libev,1,1,0,1,1,0,0,1,31108,43535,41810,62580,12628,14630,42225,17741,39348,63332,2,1011,1,28217,0,0,1,0,877,data_8threads_10connections_60s_False
sendfile,1,linux-sysepoll,0,1,0,1,1,0,1,0,22134,35870,34030,53103,6381,28112,51339,53668,10429,7572,2,13570,1,39130,1,0,1,0,1943,data_4threads_100connections_30s_True
sendfile,1,linux-sysepoll,1,1,0,1,1,0,2,0,29009,5117,42734,61169,12628,14630,36284,2831,20138,61696,2,54377,1,39130,1,0,0,0,1342,data_4threads_100connections_30s_True
writev,0,select,0,1,0,1,1,1,2,2,29009,10160,42734,62580,12628,8928,42225,17741,39348,24889,8,54377,1,39130,1,0,1,1,1943,data_4threads_100connections_30s_True
sendfile,1,libev,1,1,0,0,1,0,2,2,46379,10160,42734,61169,12628,14630,2944,2831,20138,32063,2,54377,1,39130,1,1,0,0,1342,data_4threads_100connections_30s_True
sendfile,1,linux-sysepoll,0,1,0,0,1,1,2,1,31108,59461,41810,64113,32056,29968,55899,55845,36053,7572,6,23333,1,39130,0,0,1,1,2357,data_4threads_100connections_30s_True
sendfile,1,linux-sysepoll,1,0,0,1,1,0,2,2,46379,10160,42734,61169,12628,33126,38388,2831,20138,32063,2,54377,1,39130,0,0,1,1,2357,data_4threads_100connections_30s_True
sendfile,1,libev,1,1,1,0,1,0,1,0,22134,59461,34030,4789,32056,29968,55899,53668,10429,7572,2,47716,1,39130,1,1,1,1,1060,data_4threads_100connections_30s_True
sendfile,1,linux-sysepoll,1,0,0,1,1,0,2,2,46379,10160,42734,61169,12628,33126,38388,2831,20138,32063,2,54377,1,39130,1,1,0,0,1342,data_4threads_100connections_30s_True
sendfile,1,linux-sysepoll,1,1,0,1,1,0,2,2,29009,10160,42734,62580,12628,8928,42225,17741,39348,24889,8,54377,1,39130,1,0,1,1,1943,data_4threads_100connections_30s_True
writev,0,linux-sysepoll,1,0,0,1,1,0,2,2,29009,56551,42734,62580,12628,2847,49935,30050,42208,5325,8,54377,1,40215,1,1,0,0,15,data_4threads_100connections_30s_True
writev,0,select,1,0,1,1,1,1,1,1,31108,59461,38321,5979,32056,29968,46816,55845,10429,7572,15,23333,1,39130,1,0,1,0,1943,data_4threads_100connections_30s_True
writev,0,select,1,0,1,1,1,1,1,1,31108,59461,38321,5979,32056,57034,46816,55845,10429,7572,15,23333,1,39130,1,0,1,0,1943,data_4threads_100connections_30s_True
writev,0,select,1,0,1,1,1,1,1,1,31108,59461,38321,5979,32056,57034,46816,55845,10429,7572,15,23333,1,39130,1,0,1,0,1478,data_4threads_100connections_30s_True
sendfile,1,linux-sysepoll,1,1,0,0,1,1,1,2,29009,59461,38321,5979,32056,29968,42749,55845,41493,7572,15,23333,1,39130,1,0,1,0,1213,data_4threads_100connections_30s_True
sendfile,1,linux-sysepoll,1,1,0,1,1,0,2,2,29009,10160,42734,62580,12628,14630,42225,17741,39348,5325,8,54377,1,40215,1,1,0,0,2140,data_4threads_100connections_30s_True
sendfile,1,linux-sysepoll,1,1,0,1,1,0,2,2,29009,30297,42734,62580,12628,2847,49935,30050,42208,5325,8,54377,1,40215,1,1,0,0,1183,data_4threads_100connections_30s_True
sendfile,1,linux-sysepoll,1,1,0,0,1,0,2,2,29009,10160,42734,62580,12628,8928,42225,17741,39348,24889,8,54377,1,40215,1,1,0,0,2140,data_4threads_100connections_30s_True
sendfile,1,linux-sysepoll,1,1,0,0,1,0,2,2,29009,10160,42734,62580,12628,8928,42225,17741,39348,24889,8,54377,1,40215,1,1,0,0,2357,data_4threads_100connections_30s_True
writev,1,libev,0,1,0,1,1,0,2,1,29009,56551,42734,62580,12628,2847,49935,30050,42208,5325,8,54377,1,40215,1,1,1,0,15,data_4threads_100connections_30s_True
sendfile,1,poll,1,1,1,1,0,0,2,2,29009,10160,42734,62580,3924,14630,42225,17741,39348,5325,8,54377,1,40215,1,0,0,0,2140,data_4threads_100connections_30s_True
write,0,libev,1,0,0,1,1,1,0,1,31108,43535,41810,64113,23283,29968,55899,47887,10429,7572,2,48217,1,39130,1,0,1,0,1943,data_8threads_10connections_120s_False
write,0,poll,1,0,0,1,1,1,1,1,31108,59461,41810,64113,32056,29968,55899,55845,10429,7572,2,23333,1,39130,1,0,1,0,1943,data_8threads_10connections_120s_False
write,0,linux-sysepoll,0,0,0,0,1,1,1,1,31108,59461,41810,64113,32056,29968,55899,55845,10429,7572,2,23333,1,39130,1,0,1,0,1943,data_8threads_10connections_120s_False
sendfile,1,linux-sysepoll,0,1,0,1,1,1,1,0,22134,45756,34030,4789,6381,28112,51339,53668,10429,7572,2,13570,1,39130,1,0,1,0,2357,data_8threads_10connections_120s_False
write,1,linux-sysepoll,1,1,0,1,1,0,2,0,22134,59461,34030,4789,32056,29968,55899,53668,10429,7572,2,59426,1,39130,1,0,1,0,2357,data_8threads_10connections_120s_False
sendfile,1,linux-sysepoll,1,1,0,1,1,1,1,0,22134,45756,34030,4789,6381,28112,51339,53668,10429,7572,2,13570,1,39130,0,0,1,0,1713,data_8threads_10connections_120s_False
sendfile,1,linux-sysepoll,1,1,0,1,1,1,0,1,31108,43535,41810,64113,15488,29968,55899,47887,10429,7572,2,48217,1,39130,1,0,1,0,1943,data_8threads_10connections_120s_False
write,1,linux-sysepoll,1,1,0,1,1,1,2,0,22134,59461,34030,4789,24290,29968,55899,53668,33645,7572,2,59426,1,39130,1,0,1,0,2357,data_8threads_10connections_120s_False
sendfile,1,linux-sysepoll,1,1,0,1,1,1,0,0,24813,43535,41810,64113,15488,29968,55899,47887,10429,7572,2,48217,1,39130,1,0,1,0,1943,data_8threads_10connections_120s_False
sendfile,1,linux-sysepoll,0,1,0,1,1,1,0,0,22134,45756,34030,4789,6381,28112,51339,53668,10429,63281,2,13570,1,39130,1,0,1,0,2357,data_8threads_10connections_120s_False
write,1,linux-sysepoll,1,1,0,1,1,1,2,0,22134,59461,34030,4789,24290,29968,55899,53668,33645,7572,2,46390,1,57874,1,0,1,0,2357,data_8threads_10connections_120s_False
write,1,linux-sysepoll,1,1,0,0,1,1,0,0,24813,43535,41810,64113,12249,29968,55899,47887,10429,7572,2,48217,1,39130,1,0,1,0,1943,data_8threads_10connections_120s_False
write,1,linux-sysepoll,1,1,0,1,1,1,1,0,22134,45756,34030,4789,6381,28112,51339,53668,10429,7572,2,13570,1,39130,1,0,1,0,2357,data_8threads_10connections_120s_False
sendfile,1,poll,1,1,0,1,1,1,0,0,31108,43535,41810,64113,15488,29968,55899,47887,10429,7572,2,48217,1,39130,1,0,1,0,2357,data_8threads_10connections_120s_False
sendfile,1,linux-sysepoll,1,1,0,1,1,1,0,1,31108,43535,41810,41228,15488,29968,55899,47887,10429,7572,2,515,0,39130,1,0,1,0,1943,data_8threads_10connections_120s_False
sendfile,1,linux-sysepoll,1,1,0,1,1,1,0,0,39432,43535,41810,64113,15488,29968,55899,47887,10429,7572,2,48217,1,49886,1,0,1,1,2357,data_8threads_10connections_120s_False
sendfile,1,linux-sysepoll,1,0,0,1,1,0,0,1,31108,43535,41810,64113,23283,29968,55899,47744,10429,7572,2,48217,0,39130,1,1,1,0,1914,data_8threads_10connections_120s_False
writev,1,linux-sysepoll,1,1,0,0,1,0,2,0,22134,59461,34030,4789,32056,29968,55899,53668,10429,7572,2,47716,1,39130,1,0,1,1,2357,data_8threads_10connections_120s_False
write,0,poll,1,0,0,1,1,1,1,1,31108,59461,41810,43784,32056,14630,42225,55845,60636,40354,2,8405,1,51963,1,1,0,0,1990,data_8threads_10connections_120s_False
sendfile,1,linux-sysepoll,1,1,0,1,1,0,2,2,29009,10160,42734,62580,12628,14630,42225,17741,39348,5325,8,54377,1,40215,1,1,0,0,2140,data_8threads_10connections_120s_False
sendfile,1,linux-sysepoll,1,1,0,1,1,0,2,2,37944,10160,40867,41843,12628,14630,42225,55845,7895,5325,2,1011,1,39130,1,0,0,0,877,data_8threads_300connections_10s_False
sendfile,1,linux-sysepoll,1,0,0,1,1,0,2,2,46379,10160,42734,62580,12628,14630,42225,2831,39348,5325,2,1011,1,39130,1,0,1,0,877,data_8threads_300connections_10s_False
write,0,linux-sysepoll,1,0,0,1,1,0,2,2,46379,10160,42734,62580,12628,14630,42225,2831,27733,5325,2,1011,0,39130,1,0,1,0,877,data_8threads_300connections_10s_False
sendfile,0,linux-sysepoll,1,1,0,1,1,0,2,0,37944,10160,19133,62580,12628,38995,42225,55845,7895,5325,2,1011,1,39130,1,0,0,1,877,data_8threads_300connections_10s_False
sendfile,0,linux-sysepoll,1,0,0,1,1,0,2,2,46379,10160,42734,62580,12628,14630,42225,2831,39348,5325,2,1011,1,39130,1,0,0,1,877,data_8threads_300connections_10s_False
write,0,linux-sysepoll,1,0,0,1,0,0,2,2,46379,10160,42734,62580,12628,14630,42225,2831,39348,5325,2,1011,1,39130,1,0,1,0,877,data_8threads_300connections_10s_False
writev,0,libev,1,0,0,1,1,1,0,2,31108,57462,41810,64113,23283,29968,55899,47887,10429,7572,2,48217,1,39130,1,0,1,0,2357,data_8threads_300connections_10s_False
write,0,linux-sysepoll,1,1,0,1,1,0,1,1,31108,43535,32398,62580,12628,14630,42225,17741,39348,63332,6,1011,1,28217,0,0,1,0,877,data_8threads_300connections_10s_False
write,0,libev,1,1,0,1,1,0,0,1,31108,43535,32398,62580,12628,14630,42225,17741,39348,63332,2,1011,1,28217,0,0,1,0,877,data_8threads_300connections_10s_False
sendfile,1,libev,1,0,0,0,1,1,0,1,31108,43535,41810,49784,23283,29968,55899,47887,10429,7572,2,48217,1,39130,1,0,1,0,1943,data_8threads_300connections_10s_False
sendfile,1,libev,1,0,0,0,0,1,0,1,31108,43535,41810,49784,23283,29968,55899,47887,10429,7572,2,15104,1,39130,1,0,1,1,877,data_8threads_300connections_10s_False
write,0,linux-sysepoll,1,1,0,1,1,0,2,0,37944,10160,19133,62580,12628,38995,42225,55845,7895,5325,2,1011,1,39130,1,1,0,0,877,data_8threads_300connections_10s_False
write,0,libev,1,0,0,1,1,1,0,1,37702,43535,41810,64113,23283,29968,55899,47887,10429,7572,2,48217,1,39130,1,0,0,0,2140,data_8threads_300connections_10s_False
writev,1,poll,0,1,1,0,1,1,0,2,37944,10160,42734,62580,15038,14630,42225,55845,7895,5325,2,1011,1,39130,1,0,0,0,877,data_8threads_300connections_10s_False
write,0,select,1,1,0,1,1,0,1,1,31108,43535,32398,62580,12831,14630,42225,17741,39348,24889,8,54377,1,40215,0,1,0,0,2140,data_8threads_300connections_10s_False
write,0,libev,1,0,0,1,1,0,0,1,31108,43535,32398,62580,12628,14630,42225,48960,8989,5325,2,1011,1,39130,0,0,0,0,877,data_8threads_300connections_10s_False
sendfile,1,linux-sysepoll,0,1,0,1,1,1,0,0,22134,45756,34030,62580,12628,14630,42225,17741,39348,63332,2,1011,1,28217,0,0,1,0,877,data_8threads_300connections_10s_False
sendfile,1,linux-sysepoll,0,1,0,1,1,1,0,0,22134,59148,34030,23740,12628,14630,42225,17741,39348,63332,2,1011,1,28217,0,0,1,0,877,data_8threads_300connections_10s_False
sendfile,1,linux-sysepoll,1,1,0,1,1,0,2,2,29009,10160,42734,14905,12628,14630,42225,17741,39348,5325,8,21383,1,40215,1,1,0,0,2140,data_8threads_300connections_10s_False
sendfile,1,linux-sysepoll,1,0,0,1,1,0,2,2,29009,10160,42734,62580,12628,8928,42225,17741,39348,24889,8,54377,1,40215,1,1,0,0,2140,data_8threads_300connections_10s_False
write,0,libev,1,0,0,1,1,1,0,1,31108,43535,41810,64113,23283,29968,55899,47887,10429,7572,2,48217,1,39130,1,0,1,0,1943,data_8threads_10connections_60s_True
write,0,poll,1,0,0,1,1,1,1,1,31108,59461,41810,64113,32056,29968,55899,55845,10429,7572,2,23333,1,39130,1,0,1,0,1943,data_8threads_10connections_60s_True
sendfile,1,linux-sysepoll,1,1,0,1,1,1,2,0,22134,59461,34030,4789,32056,29968,55899,53668,10429,7572,2,13570,1,39130,1,1,1,0,2357,data_8threads_10connections_60s_True
write,0,libev,1,0,0,1,1,1,0,2,31108,43535,41810,64113,23283,29968,55899,47887,10429,7572,2,48217,1,39130,1,0,1,0,1943,data_8threads_10connections_60s_True
sendfile,1,linux-sysepoll,1,0,0,1,1,1,2,0,22134,59461,34030,4789,29655,29968,55899,53668,10429,7572,2,13570,1,39130,1,0,1,0,2357,data_8threads_10connections_60s_True
sendfile,0,linux-sysepoll,1,0,0,1,1,1,2,0,22134,59461,34030,4789,5301,29968,55899,53668,10429,7572,2,13570,1,39130,1,0,1,0,2357,data_8threads_10connections_60s_True
write,0,libev,1,0,0,1,1,1,0,1,31108,43535,41810,19234,23283,29968,55899,47887,10429,3271,2,48217,1,39130,1,0,1,0,1943,data_8threads_10connections_60s_True
sendfile,1,linux-sysepoll,1,1,0,1,1,1,0,0,22134,59461,34030,4789,28856,29968,55899,53668,10429,7572,13,16110,1,39130,1,1,1,0,2357,data_8threads_10connections_60s_True
write,0,libev,1,0,0,1,1,1,0,2,13298,43535,41810,64113,23283,29968,24187,47887,10429,6423,2,48217,1,25854,1,0,1,0,1713,data_8threads_10connections_60s_True
write,0,linux-sysepoll,0,1,0,1,1,0,1,2,31108,6178,34030,4789,32056,29968,55899,52214,10429,7572,2,13570,1,39130,1,0,1,0,2357,data_8threads_10connections_60s_True
write,0,libev,1,0,0,1,1,1,0,1,31108,48619,41810,64113,23283,29968,55899,47887,10429,7572,2,48217,1,39130,1,0,1,0,1943,data_8threads_10connections_60s_True
write,0,poll,1,0,0,1,1,1,0,1,31108,43535,41810,19234,23283,29968,12684,47887,10429,3271,2,48217,1,39130,1,0,1,0,2357,data_8threads_10connections_60s_True
sendfile,1,linux-sysepoll,1,1,0,1,1,1,2,0,22134,59461,34030,4789,32056,29968,55899,45542,10429,5073,2,48217,1,39130,1,0,1,0,1943,data_8threads_10connections_60s_True
write,0,libev,1,0,0,1,1,1,0,2,13298,43535,50958,64113,23283,29968,24187,47887,10429,6423,2,48217,1,25854,1,0,1,0,1943,data_8threads_10connections_60s_True
sendfile,1,select,1,1,0,1,1,1,1,1,31108,59461,32656,64113,32056,29968,55899,55845,10429,7572,2,44853,1,39130,1,0,1,0,1943,data_8threads_10connections_60s_True
sendfile,1,linux-sysepoll,1,0,0,0,1,0,1,1,46306,43535,41810,64113,23283,62576,55899,47887,10429,61529,2,48217,1,13149,1,1,1,0,1943,data_8threads_10connections_60s_True
sendfile,0,linux-sysepoll,1,0,0,0,1,0,1,1,46306,43535,41810,64113,23283,62576,55899,47887,10429,61529,2,48217,1,13149,1,1,1,0,1943,data_8threads_10connections_60s_True
sendfile,0,linux-sysepoll,1,0,0,1,1,1,0,2,50277,43535,41810,8787,23283,29968,55899,47887,45452,7572,2,48217,1,39130,1,0,1,1,1943,data_8threads_10connections_60s_True
sendfile,1,linux-sysepoll,1,0,0,1,1,0,2,2,31108,59461,23926,4789,32056,29968,55899,52214,10429,46244,2,23333,1,39130,0,1,1,0,1713,data_8threads_10connections_60s_True
sendfile,1,libev,1,1,0,1,1,1,1,1,31108,59461,41810,59311,32056,29968,55899,55845,10429,7572,2,23333,1,39130,1,0,1,0,1713,data_8threads_10connections_60s_True
sendfile,1,libev,1,1,1,0,1,0,1,0,22134,59461,34030,4789,32056,29968,55899,53668,10429,7572,2,47716,1,39130,1,1,1,1,1060,data_4threads_300connections_30s_False
sendfile,1,libev,1,1,1,1,1,0,0,2,31108,59461,34030,4789,32056,29968,55899,52214,10429,7572,11,13570,1,39130,1,0,1,0,2524,data_4threads_300connections_30s_False
sendfile,1,libev,1,1,1,0,1,0,0,2,31108,59461,31420,4789,32056,29968,55899,53668,47745,7572,2,15771,1,39130,1,1,1,1,1342,data_4threads_300connections_30s_False
sendfile,1,libev,1,1,1,0,1,0,1,2,22134,59461,34030,4789,32056,29968,55899,52214,10429,7572,11,13570,1,39130,1,1,1,0,2524,data_4threads_300connections_30s_False
sendfile,0,libev,0,1,1,1,1,0,1,0,22134,59461,61764,4789,32056,29968,55899,53668,10429,7572,2,47716,1,39130,1,1,1,0,1060,data_4threads_300connections_30s_False
sendfile,1,libev,1,1,1,0,1,0,1,2,22134,59461,34030,4789,32056,29968,55899,53668,47745,7572,2,1011,1,39130,1,1,0,0,877,data_4threads_300connections_30s_False
sendfile,1,linux-sysepoll,0,1,1,1,1,0,1,0,22134,35870,34030,9130,2642,24458,51339,53668,10429,7572,2,1011,1,39130,1,1,0,0,877,data_4threads_300connections_30s_False
sendfile,1,libev,1,1,1,0,1,0,1,2,22134,59461,34030,4789,32056,29968,55899,53668,47745,7572,2,15771,1,39130,1,1,1,1,1060,data_4threads_300connections_30s_False
sendfile,1,libev,0,1,1,0,1,0,1,2,22134,59461,34030,4789,32056,29968,55899,53668,47745,7572,2,15771,1,39130,1,1,1,1,1060,data_4threads_300connections_30s_False
sendfile,1,libev,1,1,1,0,1,0,1,1,22134,59461,31420,4789,32056,29968,55899,53668,47745,7572,2,15771,1,39130,1,1,1,1,1342,data_4threads_300connections_30s_False
sendfile,1,linux-sysepoll,1,0,0,1,1,0,2,2,46379,10160,42734,62580,12628,14630,42225,2831,39348,5325,2,1011,1,39130,1,0,1,0,877,data_4threads_300connections_30s_False
sendfile,1,linux-sysepoll,0,1,0,1,1,0,1,0,22134,35870,34030,53103,2642,24458,51339,53668,10429,7572,2,1011,1,39130,1,1,0,0,877,data_4threads_300connections_30s_False
sendfile,1,linux-sysepoll,1,0,0,1,1,1,2,2,46379,10160,42734,33135,12628,14630,42225,2831,39348,5325,2,1011,1,39130,1,0,0,0,2357,data_4threads_300connections_30s_False
sendfile,1,linux-sysepoll,1,0,0,1,1,1,2,2,46379,10160,42734,33135,12628,14630,42225,2831,39348,5325,2,1011,1,40882,1,0,0,0,2357,data_4threads_300connections_30s_False
sendfile,1,libev,1,1,0,0,1,0,2,2,46379,10160,42734,61169,12628,14630,2944,2831,20138,32063,2,54377,1,39130,1,1,0,0,1342,data_4threads_300connections_30s_False
write,1,libev,1,1,0,0,1,0,2,2,46379,10160,42734,61169,19959,14630,2944,28284,20138,32063,2,54377,1,39130,1,1,0,0,1060,data_4threads_300connections_30s_False
sendfile,1,linux-sysepoll,0,1,0,1,1,0,1,0,22134,35870,34030,53103,6381,28112,51339,53668,10429,7572,2,13570,1,39130,1,0,1,0,1943,data_4threads_300connections_30s_False
sendfile,1,linux-sysepoll,1,1,0,1,1,0,2,0,29009,5117,42734,61169,12628,14630,36284,2831,20138,61696,2,54377,1,39130,1,0,0,0,1342,data_4threads_300connections_30s_False
sendfile,1,linux-sysepoll,1,1,0,1,1,0,2,0,29009,5117,42734,61169,12628,14630,36284,59632,20138,61696,2,54377,1,61519,1,0,0,0,2357,data_4threads_300connections_30s_False
sendfile,1,linux-sysepoll,1,0,0,1,1,0,2,2,46379,10160,28550,62580,12628,14630,36284,59632,20138,61696,2,54377,1,60007,1,0,0,0,2357,data_4threads_300connections_30s_False
sendfile,1,libev,1,1,1,0,1,0,1,0,22134,59461,34030,4789,32056,29968,55899,53668,10429,7572,2,47716,1,39130,1,1,1,1,1060,data_12threads_100connections_30s_False
sendfile,1,libev,1,1,1,1,0,0,1,0,22134,59461,34030,4789,32056,29968,55899,53668,10429,7572,2,47716,0,39130,1,1,1,1,1060,data_12threads_100connections_30s_False
sendfile,1,libev,1,1,1,1,1,0,1,0,22134,59461,34030,4789,32056,14630,54383,55845,45763,5325,2,1011,1,39130,1,0,0,0,877,data_12threads_100connections_30s_False
write,0,libev,1,1,0,1,1,0,0,2,18675,53403,41810,64113,23283,29968,40507,36688,10429,7572,2,47716,1,39130,1,1,1,1,1060,data_12threads_100connections_30s_False
sendfile,1,linux-sysepoll,1,1,0,1,1,0,2,2,37944,10160,40867,41843,12628,14630,42225,55845,7895,5325,2,1011,1,39130,1,0,0,0,877,data_12threads_100connections_30s_False
sendfile,1,linux-sysepoll,1,1,0,1,1,0,2,2,37944,10160,40867,41843,12628,14630,42225,55845,45763,5325,2,1011,1,39130,1,0,0,0,877,data_12threads_100connections_30s_False
writev,1,libev,1,0,0,0,1,1,0,2,31108,57462,41810,64113,23283,29968,55899,17741,39348,63332,6,1011,1,28217,0,0,1,0,877,data_12threads_100connections_30s_False
sendfile,0,libev,1,1,0,0,1,0,0,2,37944,10160,40867,3808,17981,14630,25627,55845,7895,6485,2,1011,1,39130,1,0,0,0,877,data_12threads_100connections_30s_False
sendfile,1,libev,1,1,0,0,1,1,0,2,37944,10160,40867,19993,17981,14630,25627,55845,7895,6485,2,1011,1,39130,1,1,1,0,1060,data_12threads_100connections_30s_False
writev,0,libev,1,0,0,1,1,1,0,2,31108,57462,41810,64113,23283,29968,55899,47887,10429,7572,2,48217,1,39130,1,0,1,0,2357,data_12threads_100connections_30s_False
write,0,libev,0,0,0,0,1,0,0,1,31108,43535,41810,49784,15544,29968,55899,47887,10429,7572,2,1011,1,39130,1,0,1,1,877,data_12threads_100connections_30s_False
sendfile,1,libev,1,0,0,0,1,1,0,1,31108,43535,41810,49784,23283,29968,55899,47887,10429,7572,2,48217,1,39130,1,0,1,0,1943,data_12threads_100connections_30s_False
sendfile,1,libev,1,0,0,0,1,1,0,1,31108,43535,41810,49784,23283,29968,55899,47887,10429,38916,2,48217,1,39130,1,0,0,1,877,data_12threads_100connections_30s_False
sendfile,1,libev,1,0,0,0,1,1,0,2,37944,10160,40867,41843,12628,16593,42225,55845,45763,5325,2,64877,1,39130,1,0,1,0,877,data_12threads_100connections_30s_False
sendfile,0,linux-sysepoll,1,1,0,1,1,0,0,2,31108,57462,41810,64113,23283,29968,55899,17741,39348,63332,11,1011,1,28217,0,0,1,0,877,data_12threads_100connections_30s_False
sendfile,0,libev,1,1,0,0,1,0,2,2,46379,10160,42734,62580,12628,40675,42225,2831,39348,5325,2,48217,1,39130,1,0,1,0,1943,data_12threads_100connections_30s_False
sendfile,1,libev,1,1,0,0,1,0,2,2,55602,10160,44288,62580,12628,40675,42225,2831,27733,5325,2,31902,1,39130,1,0,1,0,1943,data_12threads_100connections_30s_False
sendfile,1,linux-sysepoll,1,0,0,1,1,0,2,2,46379,10160,42734,62580,12628,14630,42225,2831,39348,5325,2,1011,1,39130,1,0,1,0,877,data_12threads_100connections_30s_False
sendfile,0,linux-sysepoll,1,1,0,1,1,0,2,0,37944,10160,19133,62580,12628,38995,42225,55845,7895,5325,2,1011,1,39130,1,0,0,1,877,data_12threads_100connections_30s_False
write,0,linux-sysepoll,1,0,0,1,0,0,2,2,46379,10160,42734,62580,12628,14630,42225,2831,39348,5325,2,1011,1,39130,1,0,1,0,877,data_12threads_100connections_30s_False
sendfile,1,linux-sysepoll,0,0,1,1,1,0,1,0,22134,35870,34030,9130,2642,24458,51339,18908,10429,7572,1,3765,1,53680,1,1,0,0,877,data_4threads_100connections_60s_False
sendfile,0,libev,0,1,1,1,1,0,1,0,22134,35870,34030,9130,2642,24458,51339,53668,10429,7572,2,1011,0,39130,1,0,0,0,877,data_4threads_100connections_60s_False
sendfile,1,libev,1,0,0,1,1,0,1,0,22134,35870,34030,9130,2642,24458,51339,18908,10429,7572,1,3765,1,53680,1,0,0,0,877,data_4threads_100connections_60s_False
writev,0,libev,1,0,0,1,1,1,0,2,31108,57462,41810,64113,23283,29968,55899,47887,10429,7572,2,48217,1,39130,1,0,1,0,2357,data_4threads_100connections_60s_False
writev,0,linux-sysepoll,0,1,1,1,1,0,1,1,22134,49777,31420,4789,32056,29968,55899,43121,47745,7572,2,1011,1,39130,1,1,0,0,877,data_4threads_100connections_60s_False
sendfile,1,libev,1,1,1,0,1,0,1,1,22134,59461,31420,4789,32056,29968,55899,43121,47745,7572,2,1011,1,39130,1,1,0,0,877,data_4threads_100connections_60s_False
sendfile,0,libev,0,1,1,1,1,0,1,1,22134,35870,34030,35312,2642,24458,51339,53668,10429,7572,2,1011,1,39130,1,1,0,1,877,data_4threads_100connections_60s_False
sendfile,0,select,1,1,1,0,1,0,1,2,22134,22694,4634,4789,32056,29968,55899,53668,47745,7572,2,15771,1,39130,1,1,1,1,1060,data_4threads_100connections_60s_False
sendfile,1,libev,0,1,1,0,1,0,2,0,35736,10160,19133,62580,12628,38995,42225,55845,7895,5325,6,1011,1,39130,0,0,0,1,877,data_4threads_100connections_60s_False
sendfile,0,select,1,1,1,0,1,0,2,2,47047,22694,4634,4789,32056,29968,55899,53668,47745,7572,2,15771,1,39130,1,1,1,1,1060,data_4threads_100connections_60s_False
sendfile,0,select,1,1,1,0,1,0,2,2,34952,22694,4634,4789,32056,29968,55899,53668,47745,7572,2,15771,1,39130,1,1,1,1,1060,data_4threads_100connections_60s_False
sendfile,1,libev,1,1,0,0,1,0,1,1,22134,59461,31420,4789,32056,29968,55899,43121,47745,7572,2,1011,1,39130,1,0,0,0,877,data_4threads_100connections_60s_False
sendfile,1,linux-sysepoll,0,1,1,1,1,0,1,0,22134,35870,34030,9130,2642,24458,51339,53668,10429,7572,2,1011,1,39130,1,1,0,0,877,data_4threads_100connections_60s_False
sendfile,1,linux-sysepoll,0,1,1,1,1,0,1,0,22134,35870,34030,9130,2642,24458,51339,18908,10429,7572,1,1011,1,39130,1,1,0,0,877,data_4threads_100connections_60s_False
sendfile,1,libev,1,1,1,0,1,0,1,2,22134,59461,34030,4789,32056,29968,55899,53668,47745,7572,2,15771,1,39130,1,1,1,1,1060,data_4threads_100connections_60s_False
sendfile,1,libev,1,1,1,0,1,0,1,1,22134,59461,31420,4789,32056,29968,55899,53668,47745,7572,2,15771,1,39130,1,1,1,1,1342,data_4threads_100connections_60s_False
sendfile,1,libev,0,1,1,0,1,0,1,2,22134,59461,34030,4789,32056,29968,55899,53668,47745,7572,2,15771,1,39130,1,1,1,1,1060,data_4threads_100connections_60s_False
sendfile,1,libev,1,1,1,0,1,0,1,1,22134,59461,49062,4789,32056,29968,55899,26496,47745,13462,2,54314,1,39130,1,1,1,1,1342,data_4threads_100connections_60s_False
sendfile,1,libev,1,0,1,1,1,0,1,2,22134,59461,34030,4789,32056,21086,55899,53668,47745,7572,2,15771,1,42531,1,1,1,1,1060,data_4threads_100connections_60s_False
sendfile,1,libev,1,1,1,0,1,0,1,2,27185,202,4634,41656,32056,29968,55899,53668,47745,7572,2,15771,1,39130,1,1,1,1,1041,data_4threads_100connections_60s_False
sendfile,1,linux-sysepoll,1,0,0,1,1,0,2,2,46379,10160,42734,61169,12628,33126,38388,2831,20138,32063,2,54377,1,39130,0,0,1,1,2357,data_12threads_300connections_10s_True
write,0,poll,1,0,0,1,1,1,1,1,31108,59461,41810,64113,32056,29968,55899,55845,10429,7572,2,23333,1,39130,1,0,1,0,1943,data_12threads_300connections_10s_True
write,0,libev,1,0,0,1,1,1,0,1,31108,43535,41810,64113,23283,29968,55899,47887,10429,7572,2,48217,1,39130,1,0,1,0,1943,data_12threads_300connections_10s_True
write,0,poll,1,0,0,1,1,1,1,1,31108,59461,41810,64113,32056,29968,55899,47887,10429,7572,2,48217,1,39130,1,0,1,0,1943,data_12threads_300connections_10s_True
write,0,libev,1,0,0,1,1,1,0,1,31108,34169,41810,64113,23283,29968,55899,55845,10429,7572,2,23333,0,39130,1,0,1,0,1943,data_12threads_300connections_10s_True
write,0,libev,1,0,0,1,1,1,0,1,31108,43535,41810,64113,23283,29968,32480,47887,10429,7572,2,48217,1,39130,1,0,1,0,1943,data_12threads_300connections_10s_True
write,0,poll,1,0,1,1,1,1,1,0,31108,26831,41810,64113,25858,29968,55899,47887,10429,7572,2,23258,1,39130,1,0,1,0,877,data_12threads_300connections_10s_True
write,0,poll,1,1,1,1,1,1,1,0,31108,26831,41810,64113,25858,29968,55899,55845,10429,55241,2,23333,1,49243,1,0,1,0,1943,data_12threads_300connections_10s_True
write,0,libev,1,1,0,1,1,1,0,1,31108,43535,41810,64113,23283,18523,32480,47887,10429,7572,2,48217,1,39130,1,0,1,0,1943,data_12threads_300connections_10s_True
sendfile,1,linux-sysepoll,0,1,0,1,1,0,1,0,22134,35870,34030,53103,6381,28112,51339,53668,10429,7572,2,13570,1,39130,1,0,1,0,1943,data_12threads_300connections_10s_True
sendfile,1,linux-sysepoll,1,1,0,1,1,0,2,0,29009,5117,42734,61169,12628,14630,36284,2831,20138,61696,2,54377,1,39130,1,0,0,0,1342,data_12threads_300connections_10s_True
sendfile,1,linux-sysepoll,0,1,0,0,1,1,2,1,31108,59461,41810,64113,32056,29968,55899,55845,36053,7572,6,23333,1,39130,0,0,1,1,2357,data_12threads_300connections_10s_True
sendfile,1,libev,0,1,1,0,1,0,1,1,22134,59461,47055,4789,32056,29968,8732,53668,10429,7572,2,52858,1,39130,1,1,0,0,1060,data_12threads_300connections_10s_True
sendfile,1,libev,1,1,1,0,1,0,1,1,22134,59461,31420,4789,32056,29968,55899,53668,47745,7572,2,15771,1,39130,1,0,1,0,1943,data_12threads_300connections_10s_True
sendfile,0,linux-sysepoll,0,0,1,1,1,0,1,0,22134,56381,34030,9130,2642,24458,51339,53668,10429,7572,2,1011,1,39130,1,1,0,0,1943,data_12threads_300connections_10s_True
sendfile,0,linux-sysepoll,0,0,1,1,1,0,1,0,22134,56381,34030,9130,2642,24458,51339,53668,10429,7572,2,1011,1,41579,0,1,0,0,1943,data_12threads_300connections_10s_True
sendfile,1,linux-sysepoll,0,1,1,1,1,0,1,0,22134,35870,34030,9130,2642,24458,51339,53668,10429,7572,2,1011,1,39130,1,1,0,0,877,data_12threads_300connections_10s_True
sendfile,1,linux-sysepoll,0,1,1,1,1,0,1,0,22134,35870,29086,9130,2642,24458,51339,53668,10429,38255,2,1011,1,39130,1,1,0,0,1943,data_12threads_300connections_10s_True
write,1,poll,1,0,0,1,1,1,1,1,31108,59461,41810,64113,32056,29968,55899,47887,10429,7572,2,23258,1,39130,1,0,1,0,877,data_12threads_300connections_10s_True
write,0,libev,1,1,0,1,1,1,0,2,31108,34169,41810,64113,23283,29968,55899,55845,10429,7572,2,23333,1,39130,0,0,1,1,2357,data_12threads_300connections_10s_True
sendfile,1,linux-sysepoll,0,1,1,1,1,0,1,0,22134,35870,34030,9130,2642,24458,51339,53668,47745,7572,2,15771,1,39130,1,1,0,1,1060,data_8threads_300connections_120s_True
sendfile,1,libev,1,1,1,0,1,0,1,2,22134,59461,34030,4789,32056,29968,55899,53668,47745,7572,2,15771,1,39130,1,1,1,1,1060,data_8threads_300connections_120s_True
sendfile,1,libev,0,1,1,0,1,0,1,2,22134,59461,34030,4789,32056,29968,55899,53668,47745,7572,2,15771,1,39130,1,1,1,1,1060,data_8threads_300connections_120s_True
sendfile,1,libev,1,1,1,0,1,0,1,1,22134,59461,31420,4789,32056,29968,55899,53668,47745,7572,2,15771,1,39130,1,1,1,1,1342,data_8threads_300connections_120s_True
writev,0,select,1,0,0,1,1,1,1,2,9723,43535,14938,64113,23283,29968,55899,63252,10429,7572,2,48217,1,39130,1,1,1,0,1943,data_8threads_300connections_120s_True
writev,0,libev,1,0,1,0,1,0,0,2,22134,59461,31420,4789,32056,29968,55899,15172,47745,7572,2,15771,1,39130,1,0,0,1,1342,data_8threads_300connections_120s_True
write,0,libev,1,0,0,1,1,1,0,1,9723,43535,41810,64113,23283,29968,32480,47887,10429,7572,2,15771,1,39130,1,1,1,1,1342,data_8threads_300connections_120s_True
sendfile,1,linux-sysepoll,0,1,0,1,1,0,1,0,22134,35870,34030,53103,6381,28112,51339,53668,10429,7572,2,13570,1,39130,1,0,1,0,1943,data_8threads_300connections_120s_True
sendfile,1,linux-sysepoll,0,1,0,1,1,0,1,0,22134,35870,39275,53103,6381,54294,51339,53668,10429,7572,2,13570,1,39130,1,0,0,0,1811,data_8threads_300connections_120s_True
sendfile,1,linux-sysepoll,0,1,1,1,1,0,1,0,22134,35870,34030,9130,2642,24458,51339,53668,10429,7572,2,1011,1,39130,1,1,0,0,877,data_8threads_300connections_120s_True
sendfile,1,libev,1,1,1,0,1,0,0,2,31108,59461,31420,4789,32056,29968,55899,53668,47745,7572,2,15771,1,39130,1,1,1,1,1342,data_8threads_300connections_120s_True
sendfile,0,libev,0,1,1,1,1,0,1,0,22134,59461,61764,4789,32056,29968,55899,53668,10429,7572,2,47716,1,39130,1,1,1,0,1060,data_8threads_300connections_120s_True
sendfile,1,libev,1,1,1,0,1,0,1,2,22134,59461,34030,4789,32056,29968,55899,53668,47745,7572,2,1011,1,39130,1,1,0,0,877,data_8threads_300connections_120s_True
sendfile,1,libev,1,1,1,0,1,0,1,2,22134,59461,34030,4789,32056,29968,55899,52214,10429,7572,11,13570,1,39130,1,1,1,0,2524,data_8threads_300connections_120s_True
sendfile,1,libev,1,1,1,1,1,0,0,2,31108,59461,34030,4789,32056,29968,55899,52214,10429,7572,11,13570,1,39130,1,0,1,0,2524,data_8threads_300connections_120s_True
sendfile,1,libev,1,1,1,0,1,0,1,0,22134,59461,34030,4789,32056,29968,55899,53668,10429,7572,2,47716,1,39130,1,1,1,1,1060,data_8threads_300connections_120s_True
sendfile,1,libev,1,1,1,0,1,0,0,2,31108,59461,31420,4789,15147,29968,55899,53668,47745,7572,2,15771,1,39130,1,1,1,1,1060,data_8threads_300connections_120s_True
sendfile,1,libev,1,1,1,0,1,0,1,2,22134,35870,34030,9130,2642,24458,51339,53668,10429,7572,2,1011,1,39130,1,1,1,0,877,data_8threads_300connections_120s_True
sendfile,0,libev,1,1,1,0,1,0,1,1,22134,59461,19133,4789,32056,7071,55899,53668,47745,7572,10,15771,1,39130,1,1,1,0,1943,data_8threads_300connections_120s_True
sendfile,1,libev,1,1,0,1,1,0,1,2,31108,59461,41810,64113,13200,29968,55899,47887,10429,7572,2,48217,1,39130,1,1,1,0,1943,data_8threads_300connections_120s_True
writev,0,linux-sysepoll,0,1,0,0,1,0,2,2,46379,10160,42734,61169,18736,14630,65383,2831,20138,17154,2,1011,1,39130,1,1,1,0,877,data_4threads_100connections_10s_True
sendfile,1,libev,1,1,0,0,1,0,2,2,46379,10160,42734,61169,18736,14630,2944,2831,20138,17154,2,1011,1,39130,1,1,1,1,877,data_4threads_100connections_10s_True
sendfile,1,libev,1,1,1,1,1,0,1,1,22134,59461,31420,4789,32056,29968,55899,39833,19586,5325,2,1011,1,39130,1,0,1,1,1060,data_4threads_100connections_10s_True
sendfile,1,libev,1,1,1,1,1,0,1,1,22134,55426,31420,4789,32056,29968,55899,48853,47745,7572,2,1011,1,39130,1,1,0,1,1943,data_4threads_100connections_10s_True
sendfile,1,libev,1,1,1,0,1,0,1,0,22134,59461,31420,4789,32056,29968,55899,43121,47745,29957,2,1011,1,39130,1,0,1,1,1943,data_4threads_100connections_10s_True
sendfile,1,libev,1,1,1,0,1,0,1,1,22134,59461,31420,4789,32056,29968,55899,43121,47745,7572,2,1011,1,39130,1,1,0,0,877,data_4threads_100connections_10s_True
write,1,libev,0,1,1,0,1,0,1,0,35736,10160,36365,62580,30298,24458,55899,53668,16000,7572,2,15771,1,39130,1,1,1,0,1060,data_4threads_100connections_10s_True
sendfile,1,libev,0,1,1,0,1,0,1,0,22134,35870,34030,9130,2642,24458,51339,53668,10429,30252,2,1011,1,53680,0,1,0,0,877,data_4threads_100connections_10s_True
sendfile,1,libev,1,1,0,0,1,0,1,0,22134,35870,34030,9130,2642,24458,51339,53668,10429,30252,2,1011,0,53680,0,1,0,0,877,data_4threads_100connections_10s_True
writev,0,linux-sysepoll,0,1,1,1,1,0,1,1,22134,55426,31420,4789,32056,29968,55899,48853,47745,7572,2,1011,1,39130,1,0,0,1,1943,data_4threads_100connections_10s_True
sendfile,1,libev,1,1,1,0,1,1,2,2,47047,22694,481,4789,32056,29968,55899,54793,47745,7572,2,15771,1,39130,1,1,1,1,877,data_4threads_100connections_10s_True
sendfile,1,linux-sysepoll,1,0,0,1,1,0,2,2,46379,10160,42734,52757,12628,14630,65290,39833,19586,5325,2,1011,1,53680,1,0,1,1,1060,data_4threads_100connections_10s_True
write,1,linux-sysepoll,1,1,1,1,1,0,1,1,22134,55426,31420,4789,32056,17327,55899,48853,47745,7572,2,1011,1,39130,1,0,0,1,1943,data_4threads_100connections_10s_True
sendfile,0,libev,0,1,1,1,1,0,1,0,22134,35870,34030,9130,2642,24458,51339,53668,10429,7572,2,1011,0,39130,1,0,0,0,877,data_4threads_100connections_10s_True
sendfile,0,select,1,1,1,0,1,0,1,2,22134,22694,4634,4789,32056,29968,55899,53668,47745,7572,2,15771,1,39130,1,1,1,1,1060,data_4threads_100connections_10s_True
sendfile,0,poll,1,1,1,1,1,0,1,0,22134,35870,9582,9130,2642,24458,55899,53668,47745,7572,2,15771,1,39130,1,1,1,0,1060,data_4threads_100connections_10s_True
sendfile,1,linux-sysepoll,1,0,0,1,1,0,2,2,46379,10160,42734,29693,12628,14630,65290,39833,19586,5325,2,1011,1,53680,0,1,0,0,877,data_4threads_100connections_10s_True
sendfile,1,libev,0,1,1,0,1,0,2,0,35736,10160,19133,62580,12628,38995,42225,55845,7895,5325,6,1011,1,39130,0,0,0,1,877,data_4threads_100connections_10s_True
sendfile,1,libev,0,1,1,0,1,0,2,0,35736,10160,36365,62580,12628,38995,42225,55845,7895,5325,6,1011,1,39130,0,0,0,1,1060,data_4threads_100connections_10s_True
sendfile,1,linux-sysepoll,1,0,0,0,1,1,0,2,46379,10160,42734,62580,12628,14630,9848,39833,19586,5325,2,1011,1,39130,1,0,1,1,1060,data_4threads_100connections_10s_True
write,0,libev,1,1,0,1,1,1,0,2,40720,43535,60694,19234,23283,29968,55899,47887,10429,3271,2,48217,1,39130,0,0,1,1,97,data_12threads_300connections_30s_True
write,0,libev,1,1,0,1,1,1,0,2,40720,43535,60694,19234,23283,29968,51339,18908,10429,13729,1,3765,1,53680,0,1,0,0,877,data_12threads_300connections_30s_True
write,0,libev,1,0,0,1,1,1,0,2,40720,43535,60694,19234,23283,29968,55899,47887,10429,3271,2,48217,1,39130,1,0,1,1,2476,data_12threads_300connections_30s_True
write,0,libev,1,0,0,1,1,1,0,1,40720,43535,60694,19234,6383,29968,55899,47887,10429,3271,2,48217,1,39130,1,0,1,1,2476,data_12threads_300connections_30s_True
write,0,libev,1,0,0,1,1,1,0,2,40720,43535,60694,19234,23283,29968,55899,47887,10429,3271,2,48217,1,39130,1,1,1,1,2476,data_12threads_300connections_30s_True
sendfile,1,linux-sysepoll,0,0,1,1,1,0,1,0,22134,35870,34030,9130,2642,24458,51339,18908,10429,7572,1,3765,1,53680,1,1,0,0,877,data_12threads_300connections_30s_True
sendfile,1,linux-sysepoll,0,0,1,1,1,0,1,2,22134,35870,34030,9130,2642,24458,51339,18908,10429,7572,1,3765,1,53680,1,1,0,1,877,data_12threads_300connections_30s_True
sendfile,1,linux-sysepoll,0,0,1,1,0,0,1,2,22134,35870,34030,9130,2642,50769,34377,18908,58950,7572,1,3765,1,53680,1,1,0,1,877,data_12threads_300connections_30s_True
sendfile,1,libev,1,0,1,1,1,0,1,0,22134,35870,34030,9130,2642,28112,51339,53668,10429,7572,2,13570,1,39130,1,1,1,0,1021,data_12threads_300connections_30s_True
sendfile,0,libev,0,1,1,1,1,0,2,1,22134,35870,34030,35312,2642,24458,51339,47887,10429,7572,2,48217,1,53680,1,1,1,0,877,data_12threads_300connections_30s_True
sendfile,0,linux-sysepoll,0,0,1,1,1,0,1,0,22134,50992,34030,9130,2642,24458,39284,18908,10429,7572,1,3765,1,39130,1,0,1,0,2357,data_12threads_300connections_30s_True
sendfile,0,linux-sysepoll,0,1,0,1,1,0,1,0,22134,35870,19133,62580,12628,38995,42225,55845,7895,5325,7,1011,1,39130,0,0,0,1,877,data_12threads_300connections_30s_True
sendfile,0,linux-sysepoll,0,1,0,1,1,0,1,0,22134,32810,19133,62580,12628,44781,9505,55845,7895,5325,7,1011,1,39130,0,0,0,1,877,data_12threads_300connections_30s_True
sendfile,1,linux-sysepoll,1,0,0,1,1,0,2,2,46379,10160,42734,62580,12628,14630,42225,2831,39348,5325,2,1011,1,39130,1,0,1,0,877,data_12threads_300connections_30s_True
sendfile,1,libev,1,0,0,1,1,0,1,0,22134,35870,34030,9130,2642,24458,51339,18908,10429,7572,1,3765,1,53680,1,0,0,0,877,data_12threads_300connections_30s_True
sendfile,0,select,1,1,1,0,1,0,1,2,22134,22694,4634,4789,32056,29968,55899,53668,47745,7572,2,15771,1,39130,1,1,1,1,1060,data_12threads_300connections_30s_True
writev,1,libev,1,0,0,1,1,0,1,0,22134,35870,61364,9130,2642,24458,51339,18908,10429,32063,2,54377,1,39130,0,0,1,1,2357,data_12threads_300connections_30s_True
sendfile,1,linux-sysepoll,1,0,0,1,1,0,2,2,46379,10160,42734,61169,12628,33126,38388,2831,20138,32063,2,54377,1,39130,0,0,1,1,2357,data_12threads_300connections_30s_True
sendfile,0,libev,0,1,1,1,1,0,1,0,22134,35870,34030,26956,2642,24458,51339,17378,10429,7572,2,53280,1,39130,1,0,0,0,877,data_12threads_300connections_30s_True
writev,0,linux-sysepoll,0,1,1,1,1,0,1,1,22134,49777,31420,4789,32056,29968,55899,43121,47745,7572,2,1011,1,39130,1,1,0,0,877,data_12threads_300connections_30s_True
write,0,linux-sysepoll,1,0,0,1,1,1,0,1,22134,35870,34030,35312,2642,24458,51339,47887,58694,7572,5,48217,1,41360,1,1,1,0,2513,data_8threads_10connections_10s_False
writev,0,linux-sysepoll,1,0,1,1,1,1,0,1,22134,35870,34030,35312,2642,24458,51339,47887,58694,6855,5,48217,1,41360,1,1,1,0,2513,data_8threads_10connections_10s_False
write,0,linux-sysepoll,1,0,0,1,1,0,0,1,22134,35870,34030,62580,2642,24458,51339,47887,58694,31897,5,52659,1,41360,1,1,1,0,2513,data_8threads_10connections_10s_False
write,0,linux-sysepoll,1,0,0,1,1,0,0,1,3864,43535,41810,64113,24811,31462,55899,47887,10429,7572,2,48217,1,39130,1,1,1,0,1289,data_8threads_10connections_10s_False
write,0,poll,1,0,0,1,1,1,1,1,31108,59461,41810,64113,32056,29968,55899,55845,10429,7572,2,23333,1,39130,1,0,1,0,1943,data_8threads_10connections_10s_False
write,0,libev,1,0,0,1,1,1,0,1,31108,43535,41810,64113,23283,29968,55899,47887,10429,7572,2,48217,1,39130,1,0,1,0,1943,data_8threads_10connections_10s_False
write,0,linux-sysepoll,1,0,0,1,1,1,0,1,22134,35870,34030,35312,2642,24458,51339,47887,10429,7572,5,48217,1,53680,1,1,1,0,2513,data_8threads_10connections_10s_False
write,0,linux-sysepoll,1,0,0,1,1,1,0,2,40720,43535,60694,19234,11620,47765,55899,47887,10429,3271,2,48217,1,39130,1,0,1,1,2476,data_8threads_10connections_10s_False
write,0,linux-sysepoll,1,1,0,1,1,1,0,1,22134,35870,34030,35312,2642,24458,55899,47887,10429,28741,2,48217,1,39130,1,0,1,1,2476,data_8threads_10connections_10s_False
write,0,poll,1,0,0,1,1,1,1,1,35675,59461,41810,64113,32056,63628,55899,55845,10429,7572,2,8399,1,39130,1,0,1,0,1943,data_8threads_10connections_10s_False
write,0,linux-sysepoll,1,0,0,1,1,1,0,1,31108,43535,41810,64113,23283,31462,55899,47887,10429,7572,2,48217,1,39130,1,0,1,0,1943,data_8threads_10connections_10s_False
write,0,linux-sysepoll,1,1,0,0,1,1,0,2,40720,43535,60694,19234,23283,29968,55899,47887,10429,3271,2,48217,1,39130,1,0,1,1,2476,data_8threads_10connections_10s_False
write,0,libev,1,0,0,1,1,1,0,1,45960,50436,41810,64113,23283,29968,32480,47887,35829,52343,1,3765,1,39130,1,0,1,0,1943,data_8threads_10connections_10s_False
writev,0,linux-sysepoll,1,0,0,1,1,1,0,0,31108,43535,41810,64113,23283,31462,55899,47887,10429,7572,8,48217,1,53680,1,1,1,0,2513,data_8threads_10connections_10s_False
write,0,linux-sysepoll,1,1,0,1,1,1,0,1,9654,35870,60299,26006,2642,24458,51339,47887,58694,7572,5,48217,1,41360,1,1,1,0,2513,data_8threads_10connections_10s_False
write,0,linux-sysepoll,1,1,0,1,1,0,0,1,31108,18652,41810,64113,23283,31462,55899,47887,10429,7572,2,48217,1,39130,1,0,1,1,1943,data_8threads_10connections_10s_False
write,0,libev,1,1,0,1,1,1,0,1,31108,43535,41810,64113,23283,29968,55899,47887,10429,7572,2,42410,1,39130,1,1,1,0,1943,data_8threads_10connections_10s_False
write,0,libev,1,0,0,1,1,1,0,1,31491,46374,41810,64113,23283,29968,55899,47887,10429,7572,2,48217,1,39130,1,0,1,0,1943,data_8threads_10connections_10s_False
write,0,linux-sysepoll,1,1,0,1,1,1,0,1,22134,35870,34030,35312,2642,43013,55899,47887,10429,28741,2,50377,1,39130,1,0,1,1,2476,data_8threads_10connections_10s_False
write,1,libev,1,0,0,1,1,1,0,1,40883,43535,41810,64113,23283,29968,32480,47887,35829,52343,1,3765,1,53680,1,1,1,0,877,data_8threads_10connections_10s_False
write,0,libev,1,1,0,1,1,0,1,2,18675,10160,40867,19993,17981,14630,25627,55845,7895,6485,2,1011,1,39130,0,1,1,0,1060,data_8threads_300connections_10s_True
write,0,libev,1,1,0,1,1,0,0,2,18675,10160,40867,19993,17981,14630,25627,10390,7895,6485,1,1011,1,39130,0,1,1,0,1060,data_8threads_300connections_10s_True
write,0,libev,1,1,0,1,1,0,0,2,18675,53403,41810,64113,23283,29968,40507,36688,10429,7572,2,47716,1,39130,1,1,1,1,1060,data_8threads_300connections_10s_True
write,0,libev,1,0,0,1,1,1,0,1,9723,43535,41810,64113,23283,29968,32480,47887,10429,7572,2,15771,1,39130,1,1,1,1,1342,data_8threads_300connections_10s_True
write,0,libev,1,1,0,1,1,0,0,2,18675,53403,41810,64113,23283,29968,32480,47887,37665,7572,2,15771,1,39130,1,1,1,1,1342,data_8threads_300connections_10s_True
sendfile,1,linux-sysepoll,1,0,0,1,1,0,2,2,46379,10160,42734,61169,12628,33126,38388,2831,20138,32063,2,54377,1,39130,0,0,1,1,2357,data_8threads_300connections_10s_True
sendfile,1,linux-sysepoll,1,0,0,1,1,0,2,2,46379,10160,42734,61169,12628,33126,38388,2831,20138,32063,2,54377,1,39130,1,0,1,1,2357,data_8threads_300connections_10s_True
sendfile,1,linux-sysepoll,1,0,0,1,1,0,2,2,29373,10160,42734,61169,12628,33126,38388,2831,20138,18127,2,54377,1,39130,1,0,0,1,2357,data_8threads_300connections_10s_True
writev,1,libev,1,0,0,0,1,1,0,1,9723,43535,41810,64113,23283,29968,32480,47887,10429,7572,2,15771,1,39130,1,1,1,1,1342,data_8threads_300connections_10s_True
sendfile,1,linux-sysepoll,0,1,0,1,1,0,1,0,22134,35870,39275,53103,6381,54294,51339,53668,10429,7572,2,13570,1,39130,1,0,1,0,1943,data_8threads_300connections_10s_True
sendfile,1,linux-sysepoll,0,0,0,1,1,0,1,0,22134,35870,34030,53103,6381,28112,51339,53668,10429,7572,2,13570,1,39130,1,1,0,1,1060,data_8threads_300connections_10s_True
sendfile,1,linux-sysepoll,0,1,1,0,1,0,1,0,22134,35870,35576,9130,2642,24458,51339,53668,47745,7572,2,47716,1,44257,1,0,1,1,1771,data_8threads_300connections_10s_True
sendfile,1,linux-sysepoll,0,0,0,1,1,0,1,0,22134,35870,49409,53103,25371,24458,51339,53668,47745,7572,2,7214,1,44257,1,0,1,1,1771,data_8threads_300connections_10s_True
write,0,libev,1,1,0,1,1,1,1,2,18675,10160,40867,19993,17981,14630,25627,55845,7895,6485,2,1011,0,39130,0,1,1,0,1181,data_8threads_300connections_10s_True
writev,1,libev,1,0,0,0,1,1,0,2,31108,57462,41810,64113,23283,29968,55899,17741,39348,63332,6,1011,1,28217,0,0,1,0,877,data_8threads_300connections_10s_True
writev,1,libev,1,0,0,0,1,1,0,2,31108,57462,41810,64113,23283,29968,55899,17741,39348,63332,6,1011,1,6408,0,0,1,1,877,data_8threads_300connections_10s_True
write,1,linux-sysepoll,0,1,0,1,1,0,1,0,22134,35870,39275,53103,6381,54294,51339,15522,10429,7572,2,15771,1,39130,1,0,0,0,1342,data_8threads_300connections_10s_True
write,1,linux-sysepoll,1,1,0,1,1,0,2,2,37944,10160,40867,4789,32056,29968,55899,15172,47745,7572,2,15771,1,39130,1,0,0,1,1342,data_8threads_300connections_10s_True
write,1,libev,1,0,0,1,1,1,0,2,18675,53403,21585,64113,23283,29968,40507,51910,10429,7572,2,47716,1,39130,1,1,1,1,1342,data_8threads_300connections_10s_True
sendfile,1,linux-sysepoll,0,1,1,1,1,0,1,0,22134,35870,34030,9130,2642,24458,51339,53668,47745,7572,2,15771,1,39130,1,1,0,1,1060,data_8threads_300connections_10s_True
sendfile,1,select,1,0,0,1,1,1,2,1,31108,59461,41810,64113,32056,29968,3228,55845,10429,44778,2,23333,1,11901,1,0,1,0,1943,data_4threads_10connections_10s_False
write,0,libev,1,0,0,1,1,1,0,1,31108,43535,41810,64113,23283,29968,55899,47887,10429,7572,2,48217,1,39130,1,0,1,0,1943,data_4threads_10connections_10s_False
write,0,poll,1,0,0,1,1,1,1,1,31108,59461,41810,64113,32056,29968,55899,55845,10429,7572,2,23333,1,39130,1,0,1,0,1943,data_4threads_10connections_10s_False
write,0,libev,1,0,0,1,1,1,0,1,31108,43535,41810,64113,23283,29968,55899,47887,10429,7572,2,48217,1,39130,1,0,1,0,1483,data_4threads_10connections_10s_False
writev,1,libev,1,0,1,1,1,0,1,1,50176,11295,19179,4789,32056,29968,55899,43121,47745,7572,2,1011,1,39130,1,1,0,0,877,data_4threads_10connections_10s_False
sendfile,1,libev,1,1,1,1,1,0,1,1,22134,11295,31420,4789,32056,29968,55899,39833,19586,5325,10,1011,1,39130,1,0,1,1,1060,data_4threads_10connections_10s_False
sendfile,1,libev,0,0,0,1,1,0,2,2,46379,10160,42734,53386,18736,14630,2944,2831,20138,17154,2,1011,1,39130,1,0,1,1,877,data_4threads_10connections_10s_False
sendfile,1,libev,1,1,1,1,1,0,1,1,22134,11295,19179,4789,32056,29968,55899,39833,19586,7572,2,1011,1,39130,0,1,0,0,877,data_4threads_10connections_10s_False
writev,1,select,1,0,0,1,1,1,1,0,31108,59461,41810,53386,16654,14630,22318,2831,20138,17154,2,1011,1,39130,1,0,1,1,877,data_4threads_10connections_10s_False
sendfile,1,linux-sysepoll,1,0,0,1,1,0,1,1,22134,59461,31420,4789,32056,29968,38397,42443,47745,7572,2,1011,1,39130,1,1,0,0,877,data_4threads_10connections_10s_False
writev,0,linux-sysepoll,0,1,1,1,1,0,1,1,22134,55426,31420,4789,32056,29968,55899,48853,47745,7572,2,1011,1,39130,1,0,0,1,1943,data_4threads_10connections_10s_False
write,0,libev,0,0,0,0,1,0,1,1,22134,59461,31420,4789,32056,29968,55899,43121,47745,5325,10,1011,1,39130,1,0,1,0,1060,data_4threads_10connections_10s_False
sendfile,1,libev,1,1,1,0,1,0,1,1,22134,59461,31420,4789,32056,29968,55899,43121,47745,7572,2,1011,1,39130,1,1,0,0,877,data_4threads_10connections_10s_False
write,1,libev,0,1,1,0,1,0,1,0,35736,10160,36365,62580,30298,24458,55899,53668,16000,7572,2,15771,1,39130,1,1,1,0,1060,data_4threads_10connections_10s_False
write,1,libev,0,1,0,0,1,0,1,1,22134,59461,31420,4789,32056,29968,55899,43121,47745,7572,2,1011,1,39130,1,1,0,0,877,data_4threads_10connections_10s_False
sendfile,1,libev,0,1,1,0,1,0,2,0,35736,10160,19133,62580,12628,38995,42225,8293,20056,5325,6,1011,1,39130,1,1,0,0,877,data_4threads_10connections_10s_False
sendfile,1,libev,0,1,1,1,1,0,2,0,35736,10160,19133,62580,12628,38995,42225,8293,20056,34643,6,1011,1,39130,1,1,0,0,877,data_4threads_10connections_10s_False
sendfile,1,libev,0,1,1,0,1,0,1,0,64342,10160,36365,63445,30298,24458,55899,36580,16000,7572,2,15771,1,39130,1,0,1,0,1060,data_4threads_10connections_10s_False
sendfile,1,libev,0,1,1,0,1,0,2,0,35736,10160,19133,49373,12628,38995,42225,8293,20056,5325,6,1011,1,39130,1,1,0,0,877,data_4threads_10connections_10s_False
sendfile,1,libev,0,1,1,0,1,0,2,0,35736,10160,19133,62580,12628,38995,42225,8293,20056,5325,6,1011,0,39130,1,1,0,0,877,data_4threads_10connections_10s_False
sendfile,1,linux-sysepoll,0,1,0,1,1,0,1,0,22134,35870,34030,53103,6381,28112,51339,53668,10429,7572,2,13570,1,39130,1,0,1,0,1943,data_8threads_300connections_30s_False
sendfile,1,linux-sysepoll,0,1,0,1,1,0,1,0,22134,35870,39275,53103,6381,54294,51339,53668,10429,7572,2,13570,1,39130,1,0,0,0,1811,data_8threads_300connections_30s_False
sendfile,1,linux-sysepoll,0,0,0,1,1,0,1,2,22134,35870,34030,53103,6381,28112,37066,53668,4294,7572,2,13570,1,39130,1,0,0,0,1943,data_8threads_300connections_30s_False
sendfile,1,linux-sysepoll,0,1,1,0,1,0,1,0,22134,35870,41181,9130,2642,24458,51339,53668,47745,7572,2,15771,1,39130,1,1,0,1,1060,data_8threads_300connections_30s_False
sendfile,1,linux-sysepoll,0,1,1,1,1,0,1,0,22134,35870,34030,9130,2642,24458,51339,53668,47745,7572,2,15771,1,39130,1,1,0,1,1060,data_8threads_300connections_30s_False
sendfile,1,linux-sysepoll,0,0,1,1,1,0,1,2,22134,35870,34030,9130,2642,24458,51339,18908,10429,7572,1,3765,1,53680,1,1,0,1,877,data_8threads_300connections_30s_False
sendfile,1,linux-sysepoll,0,0,1,1,0,0,1,2,22134,35870,34030,9130,2642,50769,34377,18908,58950,7572,1,3765,1,53680,1,1,0,1,877,data_8threads_300connections_30s_False
writev,1,linux-sysepoll,0,0,1,1,1,1,1,2,11475,35870,34030,9130,2642,24458,51339,18908,10429,7572,6,3765,1,53680,1,1,0,1,877,data_8threads_300connections_30s_False
sendfile,1,linux-sysepoll,1,0,1,1,1,0,1,2,22134,13302,34030,9130,2642,24458,51339,18908,10429,7572,1,3765,1,53680,1,1,0,1,1513,data_8threads_300connections_30s_False
sendfile,1,linux-sysepoll,0,0,1,1,1,0,1,2,22134,35870,34030,9130,2642,24458,21142,18908,10429,7572,6,3765,1,53680,1,1,0,1,1443,data_8threads_300connections_30s_False
sendfile,1,linux-sysepoll,1,0,1,1,1,0,1,2,22134,30083,34030,9130,2642,24458,51339,18908,10429,7572,1,3765,1,53680,1,1,0,1,1513,data_8threads_300connections_30s_False
sendfile,1,linux-sysepoll,0,0,1,1,1,1,1,2,11475,35870,34030,9130,2642,24458,51339,18908,10429,7572,6,3765,1,53680,1,1,0,1,877,data_8threads_300connections_30s_False
sendfile,1,linux-sysepoll,1,0,1,1,1,0,1,2,22134,13302,34030,9130,10419,24458,51339,18908,10429,7572,1,17666,1,53680,1,1,0,1,1060,data_8threads_300connections_30s_False
sendfile,1,linux-sysepoll,0,0,1,1,1,1,1,2,11475,41121,34030,9130,20376,24458,51339,18908,10429,31357,6,3765,1,53680,1,1,0,1,877,data_8threads_300connections_30s_False
write,0,libev,1,0,0,1,1,1,0,2,40720,59461,31420,4789,32056,29968,55899,15172,47745,7572,2,15771,1,39130,1,0,0,1,248,data_8threads_300connections_30s_False
sendfile,0,linux-sysepoll,1,0,0,1,1,0,2,2,46379,2861,42734,61169,16595,33126,38388,2831,20138,32063,2,9481,1,39130,1,0,0,1,1060,data_8threads_300connections_30s_False
sendfile,1,linux-sysepoll,1,0,0,1,1,0,2,2,46379,10160,42734,61169,12628,33126,38388,2831,20138,32063,2,54377,1,39130,0,0,1,1,2357,data_8threads_300connections_30s_False
write,0,libev,1,1,0,1,1,1,0,2,40720,43535,60694,19234,23283,29968,55899,47887,10429,3271,2,48217,1,39130,0,0,1,1,97,data_8threads_300connections_30s_False
sendfile,1,linux-sysepoll,0,1,0,1,1,1,1,0,22134,35870,39275,55768,6381,54294,51339,53668,10429,7572,2,13570,1,46606,1,1,0,0,1811,data_8threads_300connections_30s_False
write,0,libev,1,0,1,1,1,1,0,2,40720,43535,60694,19234,3732,29968,55899,47887,10429,3271,2,48217,1,53680,1,1,1,1,877,data_8threads_300connections_30s_False
sendfile,1,linux-sysepoll,1,0,0,1,1,0,2,2,46379,10160,42734,61169,12628,33126,38388,2831,20138,32063,2,54377,1,39130,0,0,1,1,2357,data_12threads_100connections_60s_False
writev,1,linux-sysepoll,1,0,0,0,1,0,1,0,22134,38154,39275,53103,6381,54294,51339,53668,10429,7572,2,13570,1,39130,1,1,0,1,1811,data_12threads_100connections_60s_False
writev,1,linux-sysepoll,0,1,1,0,1,1,1,2,11475,35870,34030,9130,2642,24458,51339,18908,10429,7572,6,3765,1,35003,1,1,0,1,1794,data_12threads_100connections_60s_False
write,1,libev,1,0,0,1,1,1,2,1,31108,43535,41810,64113,23283,63373,55899,63252,10429,7572,2,48217,1,39130,1,1,1,0,1943,data_12threads_100connections_60s_False
writev,0,libev,1,1,1,0,1,0,0,2,22134,59461,31420,4789,32056,29968,55899,15172,47745,7572,2,15771,1,53680,1,1,1,1,1443,data_12threads_100connections_60s_False
sendfile,1,linux-sysepoll,0,1,1,1,1,0,1,0,22134,35870,34030,9130,2642,24458,51339,53668,47745,7572,2,15771,1,39130,1,1,0,1,1060,data_12threads_100connections_60s_False
sendfile,1,linux-sysepoll,1,0,1,1,1,0,1,2,22134,13302,34030,9130,2642,24458,51339,18908,10429,7572,1,3765,1,53680,1,1,0,1,1513,data_12threads_100connections_60s_False
writev,1,linux-sysepoll,0,0,1,1,1,1,1,2,11475,35870,34030,9130,2642,24458,51339,18908,10429,7572,6,3765,1,53680,1,1,0,1,877,data_12threads_100connections_60s_False
sendfile,1,linux-sysepoll,0,0,1,1,1,0,1,2,22134,35870,34030,9130,2642,24458,21142,18908,10429,7572,6,3765,1,53680,1,1,0,1,1443,data_12threads_100connections_60s_False
sendfile,1,linux-sysepoll,1,0,1,1,1,0,1,2,23007,13302,34030,9130,2642,24458,51339,18908,10429,7572,1,3765,1,53680,1,1,0,1,1513,data_12threads_100connections_60s_False
sendfile,1,linux-sysepoll,1,0,1,1,1,0,2,0,22134,35870,34030,9130,2642,24458,46306,53668,47745,7572,2,15771,1,39130,1,1,0,1,1060,data_12threads_100connections_60s_False
sendfile,1,linux-sysepoll,0,1,0,1,1,0,1,0,22134,35870,43800,6807,6381,54294,51339,53668,10429,12099,0,13570,1,39130,1,0,0,0,2642,data_12threads_100connections_60s_False
sendfile,0,linux-sysepoll,0,1,0,0,1,0,1,0,22134,38154,39275,53103,6381,54294,51339,53668,10429,7572,2,13570,1,39130,1,1,0,0,1811,data_12threads_100connections_60s_False
sendfile,0,linux-sysepoll,0,1,0,0,1,0,1,0,22134,38154,39275,53103,6381,54294,51339,53668,10429,7572,2,13570,1,39130,0,1,0,0,1811,data_12threads_100connections_60s_False
writev,0,select,1,0,0,1,1,1,1,2,9723,43535,14938,64113,23283,29968,55899,63252,10429,7572,2,48217,1,39130,1,1,1,0,1943,data_12threads_100connections_60s_False
write,0,libev,1,0,0,1,1,1,0,1,9723,43535,41810,64113,23283,29968,32480,47887,10429,7572,2,15771,1,39130,1,1,1,1,1342,data_12threads_100connections_60s_False
writev,0,select,0,0,0,1,1,0,1,2,22134,35870,34030,50306,6381,28112,37066,53668,4294,7572,2,13570,1,39130,1,0,1,0,1943,data_12threads_100connections_60s_False
write,0,select,0,0,0,1,1,0,1,1,22134,35870,34030,50306,6381,28112,37066,53668,4294,7572,2,13570,1,39130,1,0,1,0,1943,data_12threads_100connections_60s_False
write,0,select,1,0,0,1,1,1,1,2,9723,43535,14938,64113,23283,29968,55899,63252,10429,7572,2,48217,1,39130,0,1,0,0,1513,data_12threads_100connections_60s_False
sendfile,1,linux-sysepoll,0,1,0,1,1,0,1,2,22134,35870,43800,6807,6381,54294,51339,53668,10429,12099,0,13570,1,39130,0,0,0,0,2642,data_12threads_100connections_60s_False
sendfile,1,libev,0,0,0,0,1,0,1,2,46379,56749,42734,53386,22550,14630,2944,2831,20138,32970,2,1011,1,39130,1,1,1,1,2476,data_12threads_100connections_30s_True
sendfile,1,libev,0,0,0,0,1,0,2,2,46379,56749,42734,41167,867,14630,2944,19731,20138,7572,10,26106,1,39130,1,0,1,0,1483,data_12threads_100connections_30s_True
sendfile,1,libev,0,0,0,0,1,0,2,2,46379,56749,42734,41167,18736,14630,2944,19731,20138,7572,10,1011,1,39130,1,0,1,0,1060,data_12threads_100connections_30s_True
write,1,libev,1,0,0,0,1,1,0,1,22134,35870,34030,35312,2642,24458,48827,47887,35934,31897,1,52659,1,35288,1,1,1,1,2513,data_12threads_100connections_30s_True
sendfile,1,libev,1,0,0,1,1,0,2,0,46379,10160,42734,4789,5301,29968,53273,39833,19586,7572,2,42593,1,65237,1,1,1,0,2513,data_12threads_100connections_30s_True
write,0,linux-sysepoll,1,0,0,1,1,0,0,1,22134,11295,31420,4789,32056,29968,37785,39833,19586,5325,10,1011,1,39130,1,0,0,1,1060,data_12threads_100connections_30s_True
write,0,linux-sysepoll,1,0,0,1,1,0,0,1,22134,11295,31420,4789,32056,29968,37785,39833,19586,5325,10,1011,1,34306,1,0,1,1,877,data_12threads_100connections_30s_True
sendfile,1,libev,0,0,0,1,1,0,2,2,46379,56749,42734,53386,18736,14630,2944,2831,20138,7572,2,23333,1,39130,1,0,1,0,646,data_12threads_100connections_30s_True
write,0,linux-sysepoll,0,1,0,1,1,1,0,2,22134,35870,34030,38174,18736,14630,2944,2831,20138,17154,2,30133,0,39130,0,0,1,1,877,data_12threads_100connections_30s_True
write,1,libev,1,0,0,0,1,1,0,1,22134,35870,34030,35312,2642,24458,48827,47887,35934,31897,1,52659,1,35288,1,0,1,1,600,data_12threads_100connections_30s_True
sendfile,1,libev,0,0,0,0,1,0,2,2,46379,56749,42734,41167,18736,14630,2944,16260,20138,7572,10,1011,1,39130,0,0,1,0,1747,data_12threads_100connections_30s_True
sendfile,1,libev,0,0,0,1,1,0,2,2,46379,23852,42734,53386,18736,14630,22889,30047,20138,17154,2,1011,1,39130,1,0,1,1,2478,data_12threads_100connections_30s_True
write,0,poll,1,0,0,1,1,0,0,1,31108,43535,41810,34844,23283,29968,2944,29942,20138,7572,10,1011,1,39130,1,0,1,0,1060,data_12threads_100connections_30s_True
sendfile,0,poll,1,0,0,1,1,0,2,2,6536,10160,42734,41167,18736,38959,63873,19731,20138,7572,6,1011,1,39130,1,0,1,0,1060,data_12threads_100connections_30s_True
write,1,poll,1,0,0,1,0,1,1,0,31108,59461,41810,64113,32056,29968,55899,55845,36299,17154,2,1011,1,37001,1,0,1,1,877,data_12threads_100connections_30s_True
write,0,poll,1,0,0,1,1,1,0,1,31108,43535,41810,34844,23283,29968,55899,47887,10429,7572,2,48217,1,39130,0,0,1,0,1483,data_12threads_100connections_30s_True
write,0,poll,1,0,0,1,1,1,0,1,31108,43535,47971,34844,23283,29968,55899,47887,10429,7572,2,48217,1,16102,0,0,1,0,2499,data_12threads_100connections_30s_True
write,0,linux-sysepoll,0,1,0,1,1,1,0,2,22134,35870,34030,35312,2642,24458,55899,21673,10429,28741,2,48217,0,39130,1,1,1,1,2476,data_12threads_100connections_30s_True
sendfile,1,select,1,0,0,1,1,0,2,2,6536,10160,42734,53386,22550,14630,2944,2831,20138,5713,2,1011,1,39130,1,0,0,1,2476,data_12threads_100connections_30s_True
write,0,libev,1,0,1,0,1,1,0,1,22134,35870,34030,35312,2642,24458,55899,49083,10429,22568,2,48217,1,39130,1,0,1,1,2476,data_12threads_100connections_30s_True
sendfile,1,linux-sysepoll,0,0,1,1,0,0,1,2,22134,35870,34030,9130,2642,50769,34377,18908,58950,7572,1,3765,1,53680,1,1,0,1,877,data_12threads_300connections_120s_True
sendfile,1,linux-sysepoll,0,0,1,1,1,0,1,2,22134,35870,34030,9130,2642,24458,51339,18908,10429,7572,1,3765,1,53680,1,1,0,1,877,data_12threads_300connections_120s_True
sendfile,1,linux-sysepoll,0,1,1,1,1,0,1,0,22134,35870,34030,9130,2642,24458,51339,53668,47745,7572,2,15771,1,39130,1,1,0,1,1060,data_12threads_300connections_120s_True
writev,1,linux-sysepoll,0,0,1,1,1,1,1,2,11475,35870,34030,9130,2642,24458,51339,18908,10429,7572,6,3765,1,53680,1,1,0,1,877,data_12threads_300connections_120s_True
sendfile,1,linux-sysepoll,1,0,1,1,1,0,1,2,22134,13302,34030,9130,2642,24458,51339,18908,10429,7572,1,3765,1,53680,1,1,0,1,1513,data_12threads_300connections_120s_True
sendfile,1,linux-sysepoll,0,0,1,1,1,0,1,2,22134,35870,34030,9130,2642,24458,21142,18908,10429,7572,6,3765,1,53680,1,1,0,1,1443,data_12threads_300connections_120s_True
writev,1,linux-sysepoll,0,0,1,1,1,0,1,2,22134,35870,34030,9130,2642,24458,51339,18908,10429,7572,1,3765,1,53680,1,1,0,1,877,data_12threads_300connections_120s_True
sendfile,1,linux-sysepoll,0,0,1,1,1,0,1,2,22134,35870,34030,9130,19690,24458,21142,31857,10429,7572,6,3765,1,53680,1,1,0,1,1443,data_12threads_300connections_120s_True
sendfile,1,linux-sysepoll,1,0,1,1,1,0,1,2,46821,13302,34030,9130,2642,37128,51339,18908,10429,7572,1,3765,1,53680,1,1,0,1,1513,data_12threads_300connections_120s_True
sendfile,1,linux-sysepoll,1,0,1,1,1,0,1,2,24745,35870,34030,9130,2642,24458,51339,18908,10429,7572,6,3765,1,53680,1,1,0,1,877,data_12threads_300connections_120s_True
sendfile,1,linux-sysepoll,0,0,1,1,1,0,1,2,22134,35870,34030,9130,19690,24458,51339,18908,10429,7572,1,3765,1,53680,1,1,0,1,1513,data_12threads_300connections_120s_True
sendfile,1,linux-sysepoll,1,0,1,1,1,0,1,2,46821,13302,34030,9130,2642,37128,51339,18908,47745,7572,11,1011,1,39130,1,1,0,1,1461,data_12threads_300connections_120s_True
writev,1,linux-sysepoll,0,0,1,1,1,0,1,2,22134,35870,34030,9130,2642,24458,21142,18908,10429,7572,6,3765,1,53680,1,1,0,1,1443,data_12threads_300connections_120s_True
sendfile,1,linux-sysepoll,0,0,1,1,0,0,1,2,22134,35870,34030,9130,2642,24458,51339,18908,10429,7572,1,3765,1,53680,1,1,0,1,877,data_12threads_300connections_120s_True
sendfile,1,libev,0,0,1,1,1,0,1,2,22134,35870,34030,9130,2642,24458,51339,18908,10429,7572,1,3765,1,53680,1,1,0,1,1513,data_12threads_300connections_120s_True
sendfile,1,linux-sysepoll,0,0,0,1,1,0,1,2,22134,35870,34030,53103,6381,28112,37066,53668,4294,7572,2,13570,1,39130,1,0,0,0,1943,data_12threads_300connections_120s_True
sendfile,1,libev,1,1,1,0,1,0,1,0,22134,59461,31420,4789,32056,29968,55899,43121,47745,29957,2,1011,1,39130,1,0,1,1,1943,data_12threads_300connections_120s_True
sendfile,1,libev,1,1,1,1,1,0,1,1,22134,55426,31420,4789,32056,29968,55899,48853,47745,7572,2,1011,1,39130,1,1,0,1,1943,data_12threads_300connections_120s_True
sendfile,1,libev,1,1,1,1,1,0,1,1,22134,59461,31420,4789,32056,29968,55899,39833,19586,5325,2,1011,1,39130,1,0,1,1,1060,data_12threads_300connections_120s_True
sendfile,1,libev,1,1,0,0,1,0,2,2,46379,10160,42734,61169,18736,14630,2944,2831,20138,17154,2,1011,1,39130,1,1,1,1,877,data_12threads_300connections_120s_True
