MDS_Dim1,MDS_Dim2,performance
-0.4553259301770125,0.6857673091103575,302.15
-0.9489123682646162,0.10396216036479619,309.11
-0.5050118402476503,0.6112553967012841,297.95
-0.3459584612473773,1.2477462368925694,294.11
-0.35839435525434493,0.42289586503679205,296.25
-0.9582385024577691,0.1343527828152112,297.38
-0.9933223742541468,0.10694921245048149,300.85
-0.9489123810436421,0.10396208716646298,300.2
-0.9489123785080145,0.10396210169056219,301.64
-0.7322579886019862,0.02554672227626095,305.54
-1.2742616738032095,0.21838120983547538,297.08
-0.04194702132409554,0.04497601447734989,263.53
0.054856857727532994,0.9962492354779559,305.23
-0.4795420419761609,1.2804554788965983,299.3
0.2623122145324662,1.4128273454360187,297.3
-1.0338384289195044,0.1066147925813306,301.14
-0.9489123767602671,0.10396211170168572,305.07
0.1389944541604539,1.1340943900323548,301.69
-0.9489123695271376,0.10396215313308604,301.24
-0.30739551332862947,0.4537244204496061,303.17
-1.0759360411910364,-0.03763008517436435,297.41
-1.1773165960232261,0.07580878613513066,298.46
-0.7823835867678859,0.0527620562193202,297.01
-0.9523597677730564,0.029306548098852466,300.79
-0.007926139529594811,-1.2802849224285402,303.32
-0.7496893178034353,0.0819390914603859,304.15
-0.8048982014000331,0.07939709372528646,308.56
-0.8917264859133758,0.020777058668024196,302.69
-0.7923826804757763,0.055720533304181065,304.79
-0.9769961751084295,0.11703803636205048,310.52
0.0968750153130029,1.0827566148289252,298.49
-0.5669989304528273,-0.29032438500394925,265.76
-0.4551373385592699,-0.16987562876850268,259.57
-1.2216816000409012,0.32781869060878294,296.61
0.22632413976908838,0.5097058161722285,259.59
-1.0850305349991287,-0.054826495862123764,300.66
-0.9909089947052888,0.10843628285217821,305.34
-1.125275993648887,0.16698214411474413,306.21
-0.8423723777999325,0.10553840334801384,303.66
-1.2769225586243607,0.3290699744979266,296.61
-0.7928110905568208,0.07854443568388869,292.14
-0.49450830390666817,0.8704556649904125,292.47
0.39321831634861076,1.0234626188260691,257.41
-1.0285635669563868,0.16305354372325057,300.08
-0.37215942876151553,0.4783972162191659,291.25
-1.0004877665688598,0.1048889836666996,296.6
-0.9489123786416154,0.10396210092530003,297.23
-0.9086134659402108,0.11330401087648721,288.55
-1.0377309815589524,0.10465563330031134,300.39
-0.747321447218722,0.05246769733292999,303.13
-0.47890339173603375,0.6370810155198983,300.27
-0.6631383195660696,0.6765308410221097,360.05
-0.23792811558369573,0.9970364670134811,364.97
-0.20774216137363982,0.26096525547474386,317.54
-0.25715132560234566,1.0747783316706216,356.12
-0.05083327249758314,1.0912271729887544,350.15
-0.37461496834523705,1.278787391758549,253.21
-0.33654315694858405,1.133157340282471,303.27
0.22272596284716728,0.47747766829435134,258.99
-1.1389678019940863,0.25161904589343576,354.34
-0.6588074102266912,0.6227153555971697,364.11
0.03225719425055639,1.1017032969622778,296.64
-0.5676618229789736,0.5527590014711613,362.02
-0.11635494135202502,0.8640877352116988,360.46
-0.11098117421597915,0.8001619464028307,351.37
-0.37574780574236066,1.2429977936987895,300.17
-0.0891915155984023,0.9452133665215451,357.03
-0.16677557802804088,0.9939327676354864,355.28
-0.3265738637607285,1.2126908539332577,264.98
-0.1676911866371283,1.14813766848209,297.96
-0.11959082741097848,1.1056916285987584,352.56
0.5083608783567196,0.24170090338232364,306.47
-0.5920911164301186,0.7140571030285326,322.62
-0.7394992488864476,0.7456747596341754,356.88
-0.45730034698661615,0.4692714177020156,343.51
0.13447263408663757,0.5469925503263107,313.49
-0.4997891492240004,0.4506788559335093,300.43
-0.23792811551529844,0.9970364670326236,345.27
-0.21073669739477052,1.0144462291455354,304.31
-0.14077539480178428,0.8377417835893978,352.01
-0.29710833463756775,1.1240853518206013,299.81
-0.5659303995296171,0.7031248337356868,359.24
-0.15228053162362926,1.0617737892959036,341.49
-0.5747107401562984,0.47357753292824845,369.47
-0.0797672415554671,0.8669022964347832,358.5
-0.5560212628911096,0.46154735769108063,301.29
0.13919209366363905,-0.23647352315633555,299.34
-0.4186162985433569,0.3972612773053524,359.94
-0.24235971016981722,1.1147007904849235,298.84
-0.6032593722083008,0.49866231228130037,362.21
-0.829818537021018,0.6356424144352091,307.13
-0.3531269959998129,0.3745481294174394,362.3
-0.13019431764300654,0.09341518621571765,328.74
1.1347445534513698,-0.1536438487765844,322.6
0.13917659937751573,-0.11820552602435506,326.65
0.09091547942093738,-0.09055198336755603,336.07
0.1293569487672925,-0.05097616660670493,342.58
-0.4060705772667508,-0.22857921500096226,319.91
0.16204384256065388,-0.052727162810411655,327.87
0.15022882450022454,-0.12990337091643622,346.43
0.2092252302334729,-0.06807142499112413,343.05
0.06440705117306891,-0.1358065824052691,322.31
0.06813579052878076,-0.08938824044115067,344.35
0.7541185716921738,0.46781679084675903,340.43
0.12714846429826113,-0.04854051380597779,371.97
0.6071109547287535,-0.4458406027847061,382.51
0.4108677227865384,-0.317544574777606,311.51
1.2442663013124966,0.3156934072312448,375.53
0.6005755467727308,-0.45319483538622246,387.48
0.05991707496076296,-0.09189123884596158,343.72
0.3773572623097776,-0.10185689190346231,328.14
0.16078586442345663,-0.15710575837284851,373.28
0.16081878766810584,-0.15705342766462274,371.01
-0.2072768836809592,0.16888992024169608,349.78
0.8699891349343635,-1.0436749352602925,394.78
0.7855006583196879,-1.0311971676146667,327.4
0.619609793880497,-0.5119289119861138,394.4
0.7652075988312383,-0.5515988265693835,372.42
0.34824739898107665,-0.4971014250021226,332.08
0.23702828214346908,-0.481628630732396,396.58
0.9874432594454543,-0.13196802893844103,347.72
0.893585314798212,-0.2931291056526242,329.84
0.7662399004384054,-0.8874199267870141,396.76
-0.4386431565802124,0.6235959904273362,334.28
0.5608566507540771,-0.46915796838243307,375.22
0.19219053534341313,-0.5022664989830956,393.29
-0.07218134403687936,-1.3953850224135922,345.82
1.006907353190668,-0.6428931255727592,382.59
0.5267296735514426,-0.7031954722032596,396.13
1.0372993349400568,-0.6969995198671902,366.11
1.1827789172063272,-0.7491564000521572,389.05
0.4615630808299743,-0.5701348972138677,397.4
0.5448831623556678,-0.7250961467331538,388.75
0.4173568475315035,-0.5797860735794618,390.85
0.040261736260769586,0.1325773147339596,343.41
0.16866361709511904,-0.42587825433785825,386.04
-0.4144117908777186,-0.446437022065847,328.08
0.0013981421271059432,0.07610596113190535,299.21
0.3115416469505741,-0.3764589969722264,382.56
0.38907015358031577,-0.23843674276376653,394.84
0.3153347701012524,-0.6865798457277988,330.4
0.6163066233420887,-0.7777391124784662,389.0
0.23680705456255619,-0.392880306483023,370.47
0.31297736941091675,-0.46131237469249187,388.29
0.8548915998445566,-0.6024308904583033,371.1
0.3459995623852624,-0.4038492937508363,388.05
0.45005933649846874,-0.6364841038733541,374.63
0.30343346310266117,-0.5911746248293723,381.64
0.5423989497276306,-0.5146313746812713,393.35
-0.0993409876858965,-0.007366575703385206,349.73
0.6998944550123829,-0.8697830780148703,363.98
0.0370446273359109,-0.4764890633604346,316.98
0.3276071276339654,-0.46367078002816836,386.95
0.31415410379136205,-0.2452217861936916,366.69
0.01974811131078974,-0.5723971340773946,390.66
-0.15527157903779895,0.1999842480492515,340.15
0.2872427063302383,-0.10856021812645833,379.04
0.5607725313268587,-0.4099229259659339,394.81
0.5436341188160182,-0.714497480495438,396.68
0.4508970414145767,-0.6708414395158788,390.46
0.6295205713091182,-0.8199398177905474,389.89
0.8508400466922291,-0.6978854764009451,372.34
0.30315324268788707,-0.509657985687016,369.25
-0.0390601160435388,0.06850249399672832,333.91
0.3428773124013344,-0.5209247013038322,398.7
0.27422144846084234,-0.3512246693484592,391.91
0.27408574115302115,-0.24649482716885404,391.71
0.07796919320563875,-0.39478341934145605,375.12
0.34099267039218223,-0.5195388289121013,395.48
0.38984066101819675,-0.5448565108355312,395.53
0.3724440516994203,-0.5591665904329371,387.07
0.26413737028102763,-0.41167466807211966,392.11
0.2864134821279429,-0.4101438948894079,381.96
-0.13737409267990594,0.024462958494466752,346.29
0.24054539934869112,-0.17314917199772378,396.89
0.5653924689802707,-0.5738922754784574,387.82
0.2904835287315859,-0.3105677642311472,392.38
0.22377334236911314,-0.2677916344507726,396.22
0.15579692176841956,-0.4022059435939213,389.11
0.48193496118474805,-0.5515258664358672,393.5
0.5197130159206413,-0.6586424593088066,368.07
0.46841921559846783,-0.7239967410237907,380.52
0.3428773135589221,-0.5209247009786805,394.35
0.346038960545396,-0.6644547397024991,388.54
0.46828557159466233,-0.41857919816676215,385.17
0.307442230712154,-0.4992548221122399,389.82
-0.27296530163780913,-0.9598956264770877,293.67
-0.06895115423820782,-0.7111667858943511,296.07
0.9772348630444249,0.5160879539250975,270.42
-0.2169393131469731,-0.5736668922726317,284.41
-0.20989273101798508,-0.6205873455016183,294.95
-0.0694928874060952,-0.7381926418594642,299.75
-0.15530646493455366,-0.5898231985555689,301.67
0.003775839406855024,-0.8490633147729983,292.16
-0.302837377000211,-0.5297778191236108,297.18
-0.06895115441306811,-0.7111667858511134,294.08
-0.3598604140636515,-0.7361379560686844,291.95
0.3214902631852631,0.04260629498315937,389.93
0.6320434208351686,0.17038986260333627,296.83
0.4826821886502814,-0.08062131604038825,394.96
0.2901589804442762,0.02592563790638314,304.58
-0.14319673496472177,-0.5844878665334449,300.99
0.276862898418476,-0.04843983244193927,386.62
0.25113539033830984,-0.02532001295629395,389.22
-0.22769538417748622,-0.6067702364311076,399.97
0.35675161057810445,-0.060345874330120154,381.34
0.429923005781041,0.015778706226472084,307.63
1.082475821731885,0.6790063958476407,296.37
0.42253863515990364,-0.018924365675039276,302.88
-0.12578803256939364,-0.5278372543076711,371.46
0.2044701664009839,-0.11885432014400527,384.34
0.4492633605392864,-0.09436211640730402,388.58
1.0000620328593237,-0.20695428335567911,265.59
0.2934019239646256,-0.9618415510999029,292.69
0.0003414139953535823,-0.740536262329394,292.77
0.4518601957103112,-0.12908425953161257,386.67
0.42983055596725506,-0.10942743156823259,394.16
0.955842399196457,0.3788331641919356,308.2
-0.04226995901547648,-0.11928253302046206,332.27
0.5088065687410454,-0.029868151430504707,375.62
0.4241173911720437,0.06150587265393383,303.46
0.2033259239202515,-0.23333011221807676,333.09
0.52213729209125,-0.04953281125252848,286.51
0.44396069148371853,-0.06456565816419009,314.72
0.2437756255862417,-0.1595738155422959,380.18
0.2904853359048313,-0.04267149860448161,383.61
0.01272624158369052,-0.08685696442095658,393.8
0.5804159948580504,-0.16484914344813895,358.16
0.3319598036064629,0.019531807878680644,304.05
0.1677929672860097,-0.030254304623096535,392.28
0.15356466922819692,-0.10650489835586188,393.22
-0.04188385227374653,-0.6213684674541705,394.32
0.4570267170670661,-0.07725130829465726,396.5
0.24898130385914038,-0.12842547507867644,382.3
0.5981508130055605,0.0654860198941514,379.59
0.4826821883974414,-0.08062131533704077,393.56
1.209602447477886,-0.1709571827113246,262.19
0.6295443785880711,-0.01948174628115124,308.67
0.30016000784219715,-0.047224284292533024,394.84
0.39854306069820444,-0.13552813414306328,396.96
0.3064664721732742,-0.09429052621662774,322.1
0.579361069925693,-0.15350449213252015,271.16
0.8217180039636892,0.2570653847264974,295.67
0.37024414056537003,-0.13823352379768963,390.87
0.33843229438319816,-0.05074315726535452,389.22
0.5803464364966593,-0.3499381355812426,292.63
0.568386379188629,-0.045049710300854744,384.83
0.34637613457943645,0.16874354705145675,391.53
0.2158985206412412,-0.08237847360839613,384.18
0.3114158604060836,-0.37082000530649467,400.1
0.25287628895442665,-0.11232098034049301,390.46
0.7698615769427926,-0.25573843574263416,302.04
0.09299001475949265,-0.23069206921823487,393.46
0.32750036367724294,-0.2506920094333066,385.79
-0.36697216517598374,-1.0197746677276702,370.12
0.10759291437986902,-0.06919930569897399,259.49
0.46151483179310504,-0.23319870191950107,307.28
0.2935897140292331,0.011189186151643958,390.79
0.2949193860431903,-0.42483684740745087,374.91
-0.08905409512812815,-0.21482398159363877,346.08
0.26011857701111085,-0.4057677903297601,372.01
0.46898175399588815,0.024556970633660524,389.97
-0.00451259516737657,-0.38881754413240266,372.89
0.19027715055722838,-0.3768564616555954,387.98
0.23400491994387598,-0.935503723578676,287.89
-0.07008602615869716,-0.2564350170346184,396.35
0.5083975508256874,-0.5033839749339452,396.78
0.2456489483489888,-1.142355238906885,391.84
0.27360130391826604,-0.1732857783928391,374.21
0.01108526777612285,-0.43188365685338764,376.52
0.18734498378259765,-0.21167018935260626,382.75
0.22342181670866973,-0.22533334715012054,392.84
0.28971227884844597,-0.40921015737764244,371.28
0.27814171598682036,-0.2397942382668979,388.79
0.5060386256753918,-0.2592763137602047,363.3
0.27803465138048744,-0.11637312188628265,394.74
0.14102278516905667,-0.1826415879255806,393.92
1.0642108179361753,-0.3362586259466774,386.08
0.39687881480114057,-0.45583567825082666,313.22
-0.5262182222517762,0.2816607305927045,235.22
0.8341767772739311,-0.5685715874839108,266.56
0.5934005368472698,1.5327951416966628,229.71
-1.412514989912112,-0.4426548234572015,318.08
0.2739074098163504,0.5044373138846864,234.48
-1.421478257790377,1.12352015865666,249.32
0.4934904689571938,1.0172081369967814,251.29
-0.9290037101954558,-1.2186207897673758,252.24
0.7099131285125725,1.2273876712165606,246.21
-1.8471495969815324,0.4987915023311962,254.02
-0.10635616935952116,0.4060881050358744,236.12
-0.5744077683256044,-1.4461777113189145,254.16
0.4782617615441767,1.6401088801111128,226.26
-0.05883098929118313,-0.8157939738923962,291.11
-0.5208472328457913,0.7296872066268215,222.52
-0.946482429514046,0.8731746892698695,259.13
0.8545754762252804,1.118822389734187,224.25
-0.9124356546871467,1.055495188598696,263.88
0.4340400161597198,1.128107379347296,233.18
-0.533502051550347,-1.1700663685910504,276.57
-0.5317080586779347,0.18260921438745653,233.55
0.8495003415729625,-1.526456678113111,254.29
0.5998492897469805,1.0867580444750335,227.7
-1.5307657891036337,0.12800172365561746,251.07
0.2279719785593759,0.7365280441475394,230.91
-1.0450331453428956,-0.9312488819068884,255.64
-1.314224810509502,-0.5953066285222759,274.18
-1.4216510412909258,1.0615436241323504,250.84
0.699290875231172,1.2713405594069809,222.95
-1.4256433930059345,0.0697024168356013,247.08
0.47697470106984136,-1.2328435257405206,314.47
1.1106491333297337,0.14813072738341485,302.74
0.7367772221706401,-0.7365856692264167,310.41
0.6923175694535417,-0.6346535679966601,350.26
0.30541238462415116,1.0986866605416394,329.43
-1.1111401503080276,-0.2752742483586209,347.61
0.6896781631439787,-0.5397886360903383,353.03
0.25421687530691145,-0.900119977064318,322.73
-0.42174306778006815,0.4113546680945263,348.38
0.3871678184912407,-0.9994256740972263,347.38
-1.0106676095945168,-0.20681965732104585,348.32
0.39644381039660287,-0.9008868186208795,320.23
-0.6411445777634368,0.8399636777643651,338.22
-0.8055762551117437,-0.01058700633025094,312.26
1.3037182211059095,-0.7556018253218156,305.56
-0.445460898936845,0.7726095236431177,358.07
0.515960136106879,1.4618986859663876,367.91
0.7978646821640437,-0.8277529019369579,359.81
0.8178848074625478,-0.8838103264637488,366.31
0.6653978603008385,-0.6913010360958992,374.8
-1.5632539973380695,-0.5769087874025887,368.79
-0.8510363174204614,0.5126370163557209,311.3
-0.11064628785303413,0.827639682756234,360.82
-1.4333066137642596,-0.46658508602359405,363.63
0.6595395809876159,-0.6721069098712534,373.4
0.2956003678648738,1.2323918107532534,364.36
0.45720990148697965,-1.2316464260151863,355.08
0.5450918324330654,-1.1962281524434293,371.08
-1.1620675924728563,-1.0371997346420354,376.66
-0.2653623009576869,0.7132250275456553,362.67
-1.2378270256877568,-0.30924110796874366,301.07
0.7957772216634386,-1.3788640723555905,374.78
0.879097865952002,-0.844811336284672,363.74
-1.4541144072138048,0.0674426375454859,370.29
-0.016659162267580102,-1.6141308567782058,362.39
1.5198018535104243,-0.004213908522328218,361.78
1.0413057248412436,-0.9094374451027489,377.02
1.3666689369206024,-0.008434398684677694,363.76
1.003064626865441,-0.9023101126779274,379.01
-0.315351627051819,0.7645121186421165,371.31
0.956640310472992,-0.8519459456001054,373.99
0.6227414689445159,-1.1773764685714028,301.76
-1.1828629511205306,-0.3652332386714293,366.2
0.6176404232561449,-1.1652927156430266,366.36
0.6439825648353165,-1.190965397647297,369.7
-1.5453618260490112,-0.686844928189628,365.6
0.8583463619841248,-0.8032137964304245,365.57
0.9196028960664653,-0.9104646196246651,363.75
0.8560911408692912,-0.9433500753024242,373.71
-0.5651192769183632,0.804657459703821,364.95
0.29266789247541214,1.2218575530036082,364.86
0.3355220742927739,1.2165771264822207,366.07
-1.1287124244862368,0.7022166559441039,367.25
1.051643348877087,-0.9444543951479601,370.08
0.6806669325796906,-1.274106919903009,355.89
-0.2781444936173461,0.5319390057665805,359.95
-0.2835752924352951,0.5279018808516698,367.41
0.9906273076095452,-0.853047049101974,374.07
-0.47072035922319744,0.4742659728273953,367.71
0.5511736102017549,-0.48044471313165543,369.09
0.9403697257779301,-0.8252854345719615,371.7
0.6504101794791941,1.1658537035491263,367.51
1.0525244126644961,-0.7949752041859798,367.63
1.2770098181874057,-0.180759950465259,354.81
0.9812752651291821,-0.8099985006035351,374.32
0.9731582461715844,-0.8182689101233545,378.67
1.0057948813145206,-0.7867975994218284,374.97
1.004212374059838,-0.7396648571156559,375.38
0.862845304843669,-0.8134009847418442,368.89
1.1062626851329571,-0.9357531490923452,365.74
0.9518069857016138,-0.7655829358362495,373.26
0.7850769052584005,-0.6500425726806492,370.44
1.0772054020306383,-0.9492740234851084,365.29
0.9492215972675306,-0.6639656610038561,336.76
0.7172588883669834,-0.7093007951457921,365.05
0.9668849630166685,-0.7614839933273417,364.19
0.5751090219533528,-0.5921827427802294,359.57
0.9939690273867302,-0.9020407100484232,369.58
0.9577827684287442,-0.8038451970664734,371.6
0.8451382899809593,-0.7920148078303163,382.55
0.8687619949599322,-0.7817574920356151,379.12
0.5373633369832065,-1.2022470951137638,360.73
0.8986782348815343,-0.7225745737292135,378.31
0.8451593733300933,-0.7920303140775408,374.79
0.7378450878352544,-0.616562542139641,370.02
0.9146911576032519,-0.8167334086438979,372.78
0.9200936133653012,-0.7925734687153034,382.84
0.8683096827502783,-0.7180387234313002,379.36
1.4302435979727472,-0.2592608926425914,371.9
0.9916601255303057,-0.7898443774741614,379.91
0.8593837555568802,-0.7365068088406136,376.46
0.9982146984131081,-0.819000926926045,382.03
0.9630190375220216,-0.7094651475062618,367.66
1.0599768838495573,-0.8680538163879573,377.98
1.0014583028559418,-0.916901098478222,373.06
0.9092715357106714,-0.7808243006817309,379.57
0.8983417022458245,-0.7514663389603439,371.75
1.4039092586184831,-0.33923413401179825,368.51
0.9885146523102905,-0.732232860685163,369.42
1.0305995705781985,-0.9097125550191535,374.15
0.7612259174342524,-0.8961885951829456,370.1
0.8105543450151396,-0.8181575116271609,374.44
0.8300626490265245,-0.7135248806165063,355.49
1.0488405582246925,-0.9029274351330329,364.54
0.7635337761145029,-0.6688728983763831,371.81
1.0381815801077645,-0.8792521230368925,378.64
1.0110186351555204,-0.766094119530047,378.97
0.8341526882362259,-0.6956488568978529,365.84
0.9758155476862059,-0.7781943043601913,375.73
0.9874792609919317,-1.2735244865627002,366.3
0.9004419715319604,-0.7010601624058366,369.95
0.9649386797537568,-0.7816368988222042,367.84
1.028194191195869,-0.9064435925437673,367.11
0.8608485505626506,-0.7379363338108272,364.62
1.1737646903316736,-0.9017589254599183,369.36
0.717080439964768,-0.6605546933047571,370.84
0.752687549622326,-1.2097107437115395,377.68
1.013242055378418,-0.8554880401742784,373.82
0.6883629865437235,-0.5768907672689358,362.8
0.699049621352654,-1.1890968683035004,361.64
0.7989184520826704,-0.7070412376450392,374.46
1.0687393574030146,-0.8250696107763508,365.8
0.9903213806879119,-0.7558772547528543,371.21
-0.05723949889569819,0.6632840104162234,366.95
0.7825973033071093,-0.6897378390441803,371.43
0.8274335542675759,-0.709873232442527,372.41
1.58980940642957,-0.28848767660580493,369.67
0.7175813416932764,-0.6218944327237729,369.94
0.942816380479598,-0.8348493044205035,376.3
0.8070351909975687,-0.686002235861143,367.92
0.7146133338244188,-0.6760877832218295,374.38
1.45367284263802,-0.2692490811167463,380.13
1.3991398496489824,-0.22594675332939568,374.06
0.952159374292867,-0.8080911347617209,366.43
0.8491289054535769,-0.9388212742041149,376.76
0.8985353119361327,-0.6903772058522791,377.89
1.040861316716864,-0.820905724463402,364.51
0.7586644021465728,-1.436249996213844,375.59
0.561998578907654,1.3003871847903457,369.06
1.3115525190758237,-0.28848254186956246,371.37
0.711271629582737,-0.752883206284445,375.35
0.48438991771592826,-1.2824657444092686,375.08
1.2489220482983043,-0.2579571098376599,368.16
0.7520692018687372,1.351421067402154,367.65
1.3303013829625843,-0.254528718256785,372.96
0.8169623346252562,-1.2254039537298336,377.44
0.9200936330260557,-0.7925734985816104,376.54
1.3101908899092964,-0.24164932146414284,374.53
0.7880394319233187,-1.2577131077569184,378.09
0.8355532117636421,-0.6846806509630784,371.65
0.7056709794023716,-1.4160334633476348,371.2
1.3878331121390506,-0.3177483627417433,379.31
0.7991122538697468,-1.2367118538450663,382.12
1.4236566533706592,-0.33416662789979673,372.58
0.6523150542143139,-1.2068891459499873,366.63
-1.2909661856133867,-0.386455194308251,371.04
1.3105254340512498,-0.20711556039177875,372.64
0.8770736961935902,-0.840960416041327,373.96
0.49550800827847,1.3201572448497267,367.67
0.946462090867143,-0.7268637390167395,375.14
1.3473966341802872,-0.29556338948903543,375.81
1.265791248873674,-0.22809889717207968,379.79
1.0043170153812433,-0.817302068955485,380.43
0.8148523241170725,-1.2469839155935722,375.48
0.9237680939090275,-0.7981065933835307,370.89
0.3928359340391289,-1.357661742718638,365.43
1.4147367128793722,-0.3377059527614439,377.8
1.341617471237621,-0.2546164568805053,356.62
1.106235957384147,-0.8848241175161079,349.13
0.9101737360594349,-1.2157361700086742,380.09
1.1023204392479662,-0.8274257120948262,377.69
0.8992010691842718,-0.8073957417598963,368.75
0.9280902810410915,-0.7035863755510645,368.23
0.8738483714667336,-1.3433889874089677,354.44
0.9310000499487489,-0.9342751309548717,344.67
1.1315058499889084,-0.8208359492451734,349.29
1.3231252066934673,-0.30310073317523595,377.58
0.8713214873172254,-0.7426371047627253,380.84
0.9244938317734618,-0.8570017249590427,378.44
1.0386621301894665,-0.8316128289333086,377.74
0.7520980300108009,-1.1481637905942148,385.09
0.7698597585260456,-1.1599068014826257,376.46
0.739026246335076,-1.1492224640652242,376.8
1.0223374786751405,-0.7960056632226236,367.88
0.8624122363301543,-1.275508269692744,370.76
0.7302361657927754,-1.1543626665265478,381.64
0.7422269791888386,-1.1940056690234813,377.02
0.6629765588695582,-1.0715832295580872,366.16
0.7982640978561273,-1.1631273215360174,370.81
0.6707863869890578,-1.115862868551508,367.02
1.2704631514346236,-0.12941208205871732,374.44
0.6931910295240736,-1.0940440385971058,375.11
0.5476441951671784,-1.0520557014111902,368.01
-1.2430278280818214,-0.45347049156438973,375.95
0.7148690598699059,-1.267467919036184,361.72
0.7581082725013975,-1.15376529438356,379.56
0.7434638292070742,-1.139934840995633,372.38
1.293070704806921,-0.31071580154023726,374.22
0.7583949789541025,-1.2358284988685573,374.63
0.7062444057849168,-1.3353577614226317,370.15
0.7997732155159359,-1.2331127234597374,377.9
0.9369178162236679,-0.7947127023980344,372.93
0.7194049610802353,-1.2640919148821408,376.78
0.8806032039437006,-0.9134088965221959,366.9
0.8867023402956804,-0.7112330187628519,378.86
0.6071605407342997,-1.2780376536007279,380.02
0.765927880904361,-1.1503225719074,364.95
0.8645021425457731,-1.2828370871718093,369.43
0.7035045966230452,-1.203346528711171,376.6
1.4741126363358972,-0.34655359636255034,377.63
0.6702574034904042,-1.3846155946642258,379.66
0.7807238442974758,-0.7141887059756571,370.88
1.4596923985156287,-0.32055112152126014,370.01
0.7443513658728004,-1.1488727239204082,380.86
0.6543368228752705,-1.451043199847416,374.39
0.8135938965132646,-1.198603933738618,378.36
0.8534293094920598,-0.9031822865605186,369.76
0.64486616387431,-1.1499826745767197,372.16
0.6633232551230337,-1.1857463041320526,369.85
0.7330041741981458,-1.159234126573423,366.88
0.5605732146706184,-1.1323009445836978,369.88
0.9973468524663253,-0.7628260504790194,376.38
0.7545960436428206,-1.1794754445951223,383.05
0.7457547848562036,-1.211134783576641,384.5
0.7706225112361763,-1.2185430445609424,376.56
1.0566439801251188,-0.8995690847376123,378.43
0.8397081595730462,-0.7755930682318558,374.96
0.9412715922784646,-0.7463852383779376,376.66
0.6531361979357538,-1.41641743715008,374.17
-1.3033829854931527,-0.5380622486005336,370.32
0.8261130881987603,-1.2517120720932011,376.62
0.6991305149860066,-1.1031738653386078,365.55
0.7123437903767856,-1.2080735678098529,375.17
0.7768730504299362,-1.239629188084787,369.39
0.9868122357082858,-0.7690288998055038,370.8
1.1135728286023683,-0.8624445631760748,371.09
0.7631030027019504,-1.1911642186813507,372.17
0.5159509343262054,-1.2940018321473383,376.64
0.877394474845149,-0.981416988971254,375.84
-1.563552925803103,-0.7294496044397424,368.58
0.6357960855637893,-1.0936207617295908,373.34
0.7313007667332728,-1.252607290195891,375.72
0.7494773255672151,-1.2004415116141534,374.9
1.5914983151832824,-0.26324602965965005,365.98
1.354779828929522,-0.2510301495367076,380.48
0.9548473481195634,-0.8500437996159963,380.14
-1.1510207151080718,0.7803976367488099,372.44
0.7397857252384591,-1.1738486429283317,372.61
0.7911126827096454,-1.2371297717367173,373.45
1.1365038357861752,-0.21078940263598497,375.16
1.3448141812304701,-0.2317243824698168,362.55
1.3081425067542802,-0.307515105310062,375.49
0.9265305871164379,-1.0028619091123532,371.1
0.49816290037076244,-0.37998403847024537,369.87
0.9774803300242183,-1.0390358125038865,377.19
1.3158729593867449,-0.2897010691965183,374.79
1.3674231674981707,-0.3502659438707761,367.62
1.559866590090406,-0.23860174116738667,374.22
1.2637598606546805,-0.23593080766592173,379.5
0.7520980310840383,-1.148163798308054,378.35
0.722648911227059,-1.4081015965424681,377.77
0.7207052688504537,1.2149399284256446,378.58
1.5023053956714727,-0.32177955426521326,382.25
1.0974713896125916,-0.8740511428312528,379.7
0.9096079430067439,-0.7773104926525386,387.94
0.9530445389973701,-0.8047989357211016,373.61
0.7786625047644844,-0.7567607592716246,368.08
0.8998509348690993,-0.792614510665877,374.09
0.8351921017546993,-0.6785534368682843,378.6
1.3270812203930091,-0.3354952810782262,378.6
0.6809174546527821,-1.1619030459662116,374.88
0.5297398418663812,-1.2943038762897643,374.18
0.9635018185819119,-0.8178614575746677,371.39
0.7340063433571618,0.16941796019392188,374.22
-0.08020211140379115,0.6718706276232156,375.0
-1.1274314426437144,-0.4489752905509614,227.93
1.0952798343521135,-0.7805143889275433,361.41
0.6657739137885126,-1.2385889084135433,368.56
1.3054461609756356,-0.330083326119901,374.08
0.9302803763249031,-0.7874247014254057,373.51
0.5196294291807318,-1.295127496918812,367.13
0.8197409289884542,-0.7302194166838852,371.56
1.3123719007844719,-0.25624484193221303,371.0
1.2005130462543707,-0.14787030861280692,369.51
0.8184555731980622,-1.3331499330374836,379.24
0.9418826338817514,-0.7409042585573391,369.89
1.0282195028142131,-0.9220613648834484,378.18
-0.6778475173841274,0.3034395990327999,225.35
0.8484427087024745,-1.3724692018758495,379.96
0.7662077235854223,-0.693082241170141,375.65
0.8907750205945586,-0.7660927530482129,370.85
0.9451538961301804,-0.7858092819095964,375.39
0.9599777486927873,-0.8143736101537791,368.27
1.006282973386616,-0.8930774640040648,383.15
0.8727619505439154,-0.7486485520890922,368.51
0.6319006362584458,-1.3517364516513473,373.05
1.0026297788701672,1.3076674582491166,374.98
1.513708213602113,-0.2522895145375522,375.39
-0.19270592687984298,0.5012344620324314,368.4
1.071404705768562,0.18890904702043254,240.77
0.5059483275678945,1.0457018060837908,372.59
0.9212878113994222,-0.7780436856366323,375.51
0.8201293525320772,-1.31787027035237,371.91
1.4746795513958453,-0.3183801461365685,372.18
0.5567344884027473,1.1423848021340068,365.94
0.906097431120864,-0.8056990616068701,375.19
1.0699118265172785,-0.812835030686449,375.34
-1.459211616608963,-0.5657478200536986,372.84
1.4408637561381603,-0.34537861108282886,366.44
1.6274787022925015,0.6341391186738221,262.71
0.5532064337379388,-1.2261823508251701,364.15
-1.2883336617165977,0.7314914957126133,231.29
-1.0647982557128752,-0.052703122943148766,276.0
0.5533381962838466,1.3567286250367436,231.38
0.680503073687555,-0.1480708097933319,263.45
-0.10963186659204754,0.02605803656690364,270.33
0.08548787921782863,-1.71140650258725,253.59
0.5575323172494582,1.2491470309021218,242.49
-1.173478013402903,1.2910157772142887,253.18
0.15668278169540503,0.7502954811290384,238.82
0.6992622315886645,-0.052880471364244896,259.23
-0.4891159645087583,0.2533983940823518,265.05
-2.1039900876001276,0.4431208813475085,253.92
0.6786840350785894,1.4200650768798555,214.61
-0.8234206999078907,1.252069247429777,258.3
-1.028493417618061,0.5149806151995002,225.63
-0.3313834555683896,-0.7308889496750509,272.42
-0.5516762698969894,0.5321194737126249,224.42
0.026672982263563447,-1.3321836118722128,258.68
0.8049345719464455,1.4981178598361922,210.47
-0.7604146779415006,0.6666616529047782,352.95
-1.3445188175675937,0.705239495265613,230.01
-1.6090476588901403,-0.2585601025699293,248.91
0.6332606671752854,1.1482023952330145,240.57
0.30232053874232373,-0.7850187300615286,265.67
0.8615009741942846,1.0666165506540364,250.03
-1.3602435837100328,1.134899393944232,257.41
-0.3176152808602197,0.6917545179635601,217.28
-0.5463845829752386,-1.1008544615824056,260.79
0.9984217327343441,1.4412054722296503,213.3
0.20304400189974406,-0.14162694604860698,284.67
-1.5276894789007407,-0.4707497550234443,323.41
1.1453978123138906,0.18633362446375837,376.44
0.4427957157570276,-0.6910981111627117,372.42
-0.05313359076406508,-1.1639943491710865,369.76
0.18196503890327215,1.5676894595337976,376.42
-0.9526698448069015,0.6373267526954483,331.81
1.178301352630607,0.15769644508053732,359.1
1.347739218727802,0.6100078026524267,322.52
0.3191303021197792,-0.6695341394604547,330.32
1.2830968666824691,0.07452434605482322,307.5
-0.9032275002085924,0.5370908890990416,341.81
-0.9179688336361911,0.6515064108310801,248.06
0.18765111760676279,1.3541382495701286,344.58
-0.9916961534066414,-0.09049359295530283,307.39
-0.03146111439343323,-1.109295912549737,380.01
-1.4597116132231904,-0.3514159945452287,304.8
-1.4408478152821262,-0.28980121009191995,376.52
0.029956567870316184,1.1803174787230901,366.69
-0.28658923815972165,-1.2910072542698912,273.21
-1.1414271441648192,-0.18720839346253035,349.69
0.4009930148719553,-0.7706588500682517,364.78
0.27521944974540286,-0.5754267089737147,364.12
-0.015333702887162515,-1.1799784115140985,373.71
0.005162640396392703,-1.010173724384618,358.03
-0.31581611332814546,-1.0613156893904134,375.81
0.210484604023165,-0.5977820286119896,365.61
1.0044784952382375,0.18957245235230416,373.28
-0.006406530364644657,-1.1473665349627573,370.66
0.34249780247019357,-0.6280762091836374,362.71
1.3329368811094315,0.2902768076474792,375.29
-1.1825469023542934,-0.1631519526049372,376.78
-0.01125283642637517,1.2086537636904144,367.21
1.3041660853778598,0.5432981498701271,375.56
-0.752560233764027,0.485736284340526,369.23
0.7998603960186744,0.1910184535431161,382.85
-0.20584179013101173,-1.2060197035066003,387.09
-0.28953628053822283,-1.1515717041983617,375.95
-1.3099585749875509,-0.28842353016964317,371.36
0.9506038867009925,0.15831341995666928,377.06
-0.10226682234474141,-0.9947002028141986,371.07
-0.2217769309311692,-1.1533763280248417,373.07
1.3886465885114754,0.3494844338248802,380.44
0.261285401700592,-0.8187332424555748,369.03
-1.3846799981919247,-0.38072181180357645,367.09
0.11462829775292771,1.5339333153579418,374.87
1.1568022399016062,0.19619576271592798,378.48
-1.218265343754412,0.6929318058991278,379.24
1.1409180121224054,0.1992638729027924,368.89
-0.40706135761391443,-1.3278827797891486,375.98
-0.1231352996294436,-1.2620319941176172,378.8
-0.3555663342601152,-1.2638747835240263,376.43
-1.577200323918295,-0.2557955572477444,372.7
-1.2476581162486633,-0.09773592267440526,364.31
-0.37965766617239577,-1.0628186899775134,372.18
1.3196435344905009,0.5371853373243907,376.65
-0.3964204488693749,-1.4152107193288075,377.14
0.9348290193683225,0.5150009494541762,368.43
-0.2394378402969812,-1.0482562555001989,390.49
0.9256714271507014,0.18865352815390088,369.4
-0.34311359055297563,-1.128392618220489,373.62
-0.0036677793755723084,-1.008497836705661,369.37
-1.1952578798472129,-0.15677473941239595,365.77
0.8188855075541017,0.22925910396734875,366.7
0.2733211706685376,-0.8067660672530524,378.34
1.1128983713725826,0.2914321872199728,368.54
-0.2205514815935907,-1.3407568176594868,373.53
-0.7114551326523006,-0.5626986114904399,344.79
-0.3821062030496957,-1.4606890269597088,367.31
-0.2855905029364172,-1.2376118272693448,376.98
-0.21691260625363376,-1.0185369919003862,375.54
-0.39446855196036956,-1.1808680041718453,370.57
-0.2620700172617665,-1.5734597942378679,372.46
-0.3349153640880502,1.296291060057092,332.59
0.2590448452233846,-0.6927215265282555,344.34
-0.247563215471854,-1.1429854780106847,336.13
0.9807978267271811,0.3204305291512676,376.92
1.1785399912810015,0.6505150407951794,362.19
-0.23811639225762343,-1.049295241102121,374.95
1.200067305889406,0.02662291655628473,375.75
0.032866618694606144,1.3331975690667077,360.25
-0.23869431176585557,-1.3303518362303184,374.22
-0.3302462012135307,-1.3157843365079214,324.11
-0.11533338201250692,-1.124964822890408,372.81
0.793810474822689,0.2451951525982397,368.18
0.3922308464228152,-0.7942020147278299,376.36
-0.277891047802343,-1.1795507943827543,370.88
0.2505790623338218,-0.6726332867574496,384.06
0.6826794065189732,0.2522742074703009,370.97
1.3194461686094296,0.37006756799177004,373.31
-0.24495188395003453,-1.153542842116562,378.64
0.15317487654543252,-0.902478547037697,370.52
1.1123457290579868,0.32249513292710574,362.24
0.9451607351025101,0.2532499617563555,370.4
0.24938098747247164,-0.6268233185756545,376.78
0.16347652943491447,-0.6836915099927424,371.12
0.15588624718031124,-0.5897536586520254,381.82
0.03610153771049963,-0.5834085407919555,373.27
1.1351439001603392,1.0860271618058805,351.41
0.07510219672539309,-1.0615398963863207,374.04
-0.188517560203803,-1.0777274361671225,378.73
-0.41945450300489345,-1.160342922069959,370.61
-0.237740273318146,-1.0834888087711356,379.33
0.8504692372484471,0.15288165458930109,371.54
0.272113986671195,-0.5506966058133762,373.37
-0.4515820964633893,-1.1966379924480977,376.43
0.46047878175722323,-0.8151276634760932,366.39
-0.17198049434907187,-0.963571709061284,372.19
-0.1822458473519977,-1.2247724256013415,374.17
-0.19060086869198745,-1.0890189388670473,373.64
0.09711194580949607,-1.3868549141415436,376.77
-0.23943782580656445,-1.048256233400836,382.82
-0.12029223077896083,-1.0554307931877507,375.54
-0.2117696517772846,-1.1624881451957745,380.42
-0.21210093644838796,-1.186737233728056,369.26
0.1270253393231312,-0.6152061238219044,371.72
-0.35077804095752196,-1.1410634131776727,373.56
-0.3750473737184398,-0.9973478290994006,374.09
0.11220943775694744,-0.5412142941399682,378.1
0.02638255102955703,-0.5526292532235907,380.32
-1.3204516865024962,-0.6253684661905654,244.38
0.08840257827062223,-0.4409785897076826,367.1
-0.28257146058940097,-1.0845465096451516,377.99
0.28010052820240067,-0.7143914362036895,378.52
0.14063109704101934,-0.5667823031277877,363.22
-0.9126358186509193,1.1696689932043818,252.99
1.0361767876425878,0.06649323302309107,368.45
-0.03001193237226182,-1.0436214060418068,375.49
-0.18896747072999245,-1.019782700621071,359.15
-0.38380435000484775,-1.0201346852617694,339.88
0.0063010913452004194,-1.1896071904558325,339.17
0.17755167962324375,-0.5294786916769681,376.19
-0.23356171345021984,-1.0462841219822139,375.26
1.2272857221715001,0.2818639147025887,374.75
-1.3145038840278054,-0.3155379459898906,366.8
-0.9366974631380325,-0.7055277232077246,339.98
0.7767836030778541,0.2409782442639208,372.66
-0.4222904647585984,-1.077839623604111,362.44
-0.23265454322966894,-1.2307146151091433,377.56
-0.06856184648644736,-1.131976702145926,378.83
0.578626248672126,-0.7979868971460374,372.74
-0.31025360509149835,1.4154328852723683,374.49
0.5456655228053645,-0.9446601305788085,373.35
0.5635249822686705,1.0294692858693886,229.71
-0.06845319070269072,-1.0959027799404886,372.8
-1.131344345750027,-0.17054169451978515,252.02
-0.3082296512297045,-1.1306591142580351,372.88
-0.23084723164278656,-0.9852513928302425,372.03
0.3536162618658851,1.3589193838260176,362.78
0.2259818620106059,-0.7516760169731802,370.58
-0.13289100241383486,-1.4266365976937994,371.03
0.11424137043452072,1.3876183619602314,367.06
1.0423707947007879,0.15792876775511777,372.63
-1.2109114378075063,-0.20059232217364287,371.54
0.1983768778782966,-0.6674766692669943,365.18
-0.12127155840888948,-0.8826197879202471,370.54
-0.2480221283098925,-0.9825004303873577,377.56
-0.36814265412481023,-1.3517514370833803,366.23
-1.2614100758085312,-0.3613571562544382,369.12
-0.19386260630360336,-1.3019225954533513,379.79
-0.15512606604951742,-0.7706655512813347,365.82
-0.027503009283610606,-1.182388546048739,379.07
1.0390064696007235,0.3449125000076632,373.79
-0.009218907645101084,-1.3843785891044278,375.83
-0.9914082706012808,0.5543108427834005,361.51
0.5312328800355381,-0.7999095273735459,378.6
-0.25630834598781377,-1.0757699192847723,373.97
1.224580531897197,0.03323911718934208,387.35
0.37576591301430656,-0.6189904386459572,370.04
1.116554350157923,0.1855317964942146,373.54
1.0851132874267315,-0.029805758827752042,347.94
0.2846735463744875,1.2458423411942787,339.2
0.35024362581934637,-0.6231805720914017,377.9
1.4078682799608297,0.10002808749443307,373.71
-0.2632694273249752,-1.0889645137465152,371.6
-0.05595514620839379,-1.137858596690639,368.89
-0.10989658053153864,-1.095231445494779,374.31
0.17707283870057167,-0.6025681314693425,373.37
0.2802896971875899,-0.5570878531372323,372.82
0.4136103626758123,-0.8795328309587582,375.04
0.006186673786614613,-1.3860908214574288,377.42
1.4062955544653943,0.0542456332157298,376.94
-0.06956482304796294,-1.2950238312522135,367.89
0.3000480993033348,-0.7958268623585762,380.77
-0.1825830863902377,-0.992236758320864,375.26
-0.19835812423904683,-1.0994751660576456,370.73
1.1024035779189252,0.050219484180313356,376.13
-0.23835652363713655,-1.0459110140632604,375.74
0.06599098688228584,-1.2567941836807588,364.7
1.4462663757535186,0.060122187653059565,377.92
-0.158938332700449,-1.2536711760749675,376.23
-0.20321340912079408,-0.9527095730207268,368.02
-0.25006667413165434,-1.0048479198544047,374.75
0.01635263004730495,-1.129929331982033,367.42
-0.2703944564706643,-1.041529409085723,363.15
0.26500224885430884,0.7043237398537382,237.97
0.49416027775017307,0.624283595089037,229.12
1.133948015834609,0.1172255768604124,367.7
0.9829648206722492,0.0753156224254675,373.3
-0.8289026113876674,-0.9050629293564028,365.1
0.29341435815242406,-0.6360739768138397,384.54
0.937707329578411,0.07950828812715058,380.93
0.38783388132350954,-0.6339845615789039,375.51
0.38483311532352393,-0.8516994316824379,371.17
0.26397124604269595,-0.5510411203220127,375.77
1.2769576932456705,0.1033738210464407,364.64
1.2841641245673294,0.24396353318467603,375.1
1.0894825367536258,0.2122876664782447,367.78
0.282449067075164,-0.6815284360647634,384.88
0.3328194830335732,-0.6511338572413182,376.9
1.2542773046690638,0.6643461353724686,250.24
0.9831034291276021,0.13143081604872373,374.7
0.989678216884404,0.14822452232037833,373.34
0.9968050489497505,0.13735391130431213,369.27
-0.24120397173218067,-1.037030439225399,371.87
0.8002434609941339,0.12315851968076924,379.07
1.0167477606829751,0.054112923108239126,369.47
-0.067146787692706,-1.2451342942526833,383.77
0.24759059250984553,-0.5599612208275698,371.84
1.2070394096798225,0.7009097632245376,269.23
-0.10745088861625378,-0.9855554697592827,376.26
1.312820466402857,0.3516237705511544,386.05
-0.25433786296348837,-1.2898997387885913,380.81
0.21126816982406302,-0.5549693893194017,375.72
1.3150341730219166,0.30248115766842903,381.55
1.1767610003164524,0.14697284595832233,371.01
0.11027778322152174,-0.4885095729303536,371.92
0.9845980097669733,0.22554024956772856,372.55
-0.3545297539663793,-1.2493032891016465,374.63
0.9196136749145143,0.12655786391159846,381.59
1.2129969000830334,0.4193020584093464,379.15
-0.24520001685647236,-1.0551369967933262,374.25
0.041602612047830625,-1.0832369122903065,382.87
0.31072936211938523,-0.7693645169596791,372.79
-0.47177809733617804,-1.446152786254906,376.09
-0.14559367820759794,-1.053845842976064,372.9
-0.2971320149624739,-1.2710572523458956,371.48
0.07852081129286799,-0.9426892246658242,364.05
1.2490487731775928,0.8253693997050439,264.73
1.3993174708497953,0.013343598863695688,372.31
0.7756050881428976,1.4577052487194404,229.94
0.21508532332479965,-0.6300601387990629,371.47
1.27003972408899,0.5061403275685503,383.11
0.36101607546457565,-0.8964859933493975,374.71
-0.17238706072475182,-1.397830770504241,381.62
-0.2975541039790141,-1.0990313188068948,372.02
1.3925868006646198,0.2882664719229974,386.25
0.7879315778617482,0.6971792861380381,269.77
1.221548149352019,0.2384427565161336,380.89
0.20954317117628554,-0.5675767398365114,367.53
0.18820196347850404,-0.9579318444376762,380.44
0.11746412594281769,-0.6980390459083038,366.55
0.31554165211611374,-0.9284853118570928,364.34
0.9372128471969299,0.10713834462894205,368.72
0.0004057522039789862,-0.7941783631255128,372.08
-0.29391980379550414,-1.1188159614644726,376.71
0.1996140164128348,-0.5714868308337164,376.9
-0.56083857339976,-0.37326252279452227,266.74
1.392248962075082,0.24836293649415625,246.11
-0.026103853544841918,-1.0729116485922416,375.84
-0.1710865199188759,-1.0625277217333673,376.25
1.1213645633852483,0.06407583699098861,385.06
0.058627913452351306,-1.3741284362475688,373.11
1.342767385457608,0.4256696182642616,379.02
0.034932493365311075,-1.1037016286309598,376.97
-0.36443599388970466,-1.1485944148568545,379.58
-0.3983966489021425,-1.2372154001898887,369.43
-0.24662596339207732,-1.0133553404919196,369.49
0.9003662902349285,0.11931087156318372,369.6
0.9448821871984675,1.4293644422996243,221.11
-0.002219495361530952,-0.24520798942218347,368.19
0.03615374285312086,-0.7666525441379503,369.49
1.4917435095312723,0.14799416657708173,369.03
1.469867226794314,-0.472634542392089,260.45
1.3343440582635087,0.1428022491949361,378.94
-0.079544977717641,-1.2069772207135572,372.61
1.280943794029439,0.04715003670395296,382.8
-0.7169012171397962,1.0259187251267852,297.39
0.39024931594351064,-0.7915149191638609,373.5
-0.11565231860830759,-1.0960001605411565,366.46
0.3252754205973233,-0.7020926406208257,374.48
1.1237994842832297,1.1232996687007053,228.42
0.18178328348898534,-0.5832037599867698,371.26
-0.23759902504495467,-1.1788631451356828,385.34
-0.12266962793807207,-1.194859862785383,384.2
-0.19574707945893333,-1.075301376424085,377.15
-0.06067438676844461,0.3776150949106386,243.94
-0.17872243976518443,-1.2295069641015985,378.89
0.6620993912384451,1.028407675238681,224.73
-0.2579347930637144,-1.2293707009831698,372.57
1.3590989673344536,0.2003072409991261,370.36
0.22740700312750387,-0.7129341027031302,365.22
-0.027747749641804525,-1.1909211693237036,377.78
1.3099713368861392,0.2895023364922739,367.42
1.5483232236150106,0.2126479960016115,258.05
1.2746154702914307,0.1324075428194344,368.84
-1.0908470992228259,0.6443465658041447,369.12
1.2116546167553945,0.1136705128142628,376.21
1.461852326230561,0.12323961643323203,379.64
-0.25704464545258476,-1.1253004796707582,371.06
0.730315338268279,-1.5644969329844791,253.7
1.145935288526392,0.21993727145567132,378.49
1.3247218497659157,0.07522399900887533,374.75
-1.3234460719396934,0.4780376634729233,278.37
0.14093893891668133,-1.213234173716713,369.97
1.2902413452900328,0.1881913477227382,376.96
-0.24937643899012127,-1.0700913429380812,367.84
0.9394690194454325,0.21865241455375603,370.13
-0.18498814944355016,-1.2331754085802284,376.4
-1.5557484192307813,-0.4837152285557151,372.54
1.060189916612624,-0.00516352215289208,376.8
0.4516596899169882,-0.8301292359441897,370.51
0.09047601056256102,-1.2791764448344436,368.64
-1.4295822545697687,1.1076003544903545,227.63
0.13620323734455,0.08762931620973663,277.48
-0.48545365012631225,1.4732591091472511,262.95
-0.7541523023996363,-1.0163861743923939,267.4
-0.8070578319290791,0.9396828467374669,276.97
-1.295835895465437,0.4902394590879239,264.45
0.39682152054834174,0.9833637002973519,242.99
-1.251317949361296,-0.650319626765312,232.93
-0.17765802454232352,1.631682248261852,270.91
-0.20794542073766706,-1.6396337576025404,270.62
-0.37479881117035246,0.027155800497504663,242.11
-1.354845596469318,0.07627607856030645,220.09
0.0910355053274588,0.9833898687986838,224.24
-0.7000379974710809,-0.34988142689663,225.62
-0.8752212344493376,1.171563769763551,252.6
-1.3244391517000076,-1.1407545323301953,317.4
-1.0379763208461072,1.1061486343664275,246.55
-0.30907775125802106,-0.8807475496007852,271.75
0.9136274314946998,1.5391024297649587,219.15
-0.9003552721666753,-0.4892825921086735,231.61
-0.0073450900168844984,0.640373876870682,219.16
-0.4466937214204329,0.19170022330087355,225.33
-0.03584152939207493,1.3158727916141355,372.96
-1.1962096772518165,-1.1995314270596276,255.93
0.712637507786112,1.0563237143600197,254.96
-1.3240304228965118,-0.6988980115242455,222.77
-1.1479734299626463,1.0382520908440689,264.45
0.7806528441721428,-1.0115165200921754,263.98
-0.38487203176145346,1.701273345670657,262.18
-0.2771679402860241,-1.5031870082084018,282.49
-1.0676026934134202,0.12575211935488348,375.63
-0.3305880241666321,-0.7726536611624583,378.67
0.8681258409268254,0.41875732104896407,402.0
-1.5738052712567359,0.26021889394495645,368.09
-0.7168070405435751,0.6148030126200624,326.22
-0.45101076514715577,-1.1053737272538227,370.64
-0.6511557698881052,-1.1089474207322023,384.32
-1.0673407657601335,0.16677907012767124,311.95
-1.1063674642658181,0.10969986222257107,383.12
-1.113927150980581,0.30876189393169595,378.3
-0.1781416742597411,1.241138862634063,383.02
-0.023127111648457575,1.1611177731819016,395.02
-0.2578262625881447,-0.683269880679983,375.37
-0.18031687054089132,1.0876583170750096,392.1
-0.3340779151557342,1.0817720423662514,376.68
-0.4212936503234111,1.3108661564047819,315.84
0.1537804499204078,-0.20223118410882204,382.68
0.532667478835384,0.44009459173722953,381.16
0.7977862848100101,0.3145314415652993,367.77
-1.1579569626996602,0.2776139874966727,386.03
0.45392824072354604,0.24619933584754874,391.79
-0.34753276934014576,-0.5801607128677959,388.29
0.6919155309269132,0.34121311085980083,389.31
0.5772844290889756,0.2915903069374586,395.36
0.1316204080475107,-0.35822116908827245,382.62
-0.28923455305629076,-0.5209171481041525,397.78
-0.07717476773839732,-0.5837944397491281,381.97
-0.24363803293717962,-0.6713242451220693,387.41
-0.13036927121031325,1.0113975656900067,399.29
-1.0798822439956026,0.2772705938098886,367.49
-0.17879496684329163,-0.5256572041511061,382.43
0.6138216832499521,0.3410924376334967,386.48
0.8001426646486497,0.35372927576133834,392.89
-0.22849866381793724,-0.667635794199311,391.52
0.5145090665137217,0.2768989074248131,395.07
0.6238876723680891,0.24489344791026266,389.48
-0.1735560951076631,0.9940095234111703,383.4
0.11534211910059541,-0.16008305188870986,393.47
-0.3585477838209265,-0.7160710559276698,384.31
-0.3155683654199685,-0.5593316746878257,384.99
-1.5229729325051213,0.4173548310489939,374.52
-0.13997569613701163,1.0371102688996665,389.92
-0.6174220322088377,-0.7087416470319633,379.03
0.6602265720096518,0.42538297367973077,386.42
-0.2663410726432721,-0.6300336577001672,397.68
0.9299176001276928,0.5427102863924052,390.98
0.05342918882591917,-0.8429147965254,384.81
0.6436570101198038,0.3169870740504732,389.45
-0.3191977737666683,-0.8567070885341148,383.46
0.7123085808536437,0.3354680850314579,386.51
-1.0249070050159335,0.14488431416162803,361.87
0.8063150617976221,0.3947159743768657,383.14
0.5625679455295283,0.35315464284356524,386.27
-0.38162036037707814,-0.6002828453745707,379.74
-0.25491062024598604,-0.5502804864379659,388.43
-0.36942758646026513,0.5431716051972072,383.94
-0.12417761027407036,0.7689307995186245,391.87
-0.8528253689240067,0.12181249438111197,385.73
0.14341681978469684,0.4848579005149084,348.15
-0.37292136237214396,0.407124876083728,395.36
0.06841122089520178,1.0077467636617268,380.0
-0.7038549228760126,0.574112926089114,378.43
-0.5133510606262319,0.5454809921736561,377.24
0.6039046572987361,0.18748621658976244,377.66
-0.6390025023997572,0.6483251730209598,380.42
0.04549121791924544,-0.17778644196288831,375.85
-0.8865079801176756,0.11854511512688522,373.09
0.531172136343293,0.3536889931642561,374.48
-0.10106550188755559,-0.7177369103270408,377.13
-0.20333658141180028,1.0440489060081457,370.81
-0.06822474213632759,-0.6881675216842186,376.16
-0.8670557053849103,0.10168007850994568,389.19
0.6685643656452646,0.22299133433713436,391.16
-0.14911499012741364,-0.5456722412119613,385.95
-0.3458930674285439,-0.6331725679472794,386.93
-0.250635592365037,1.1083445801882417,382.5
-0.09752610947286722,-0.7042068371497895,386.6
0.6538672713251474,0.29362425926998104,393.53
-0.07584350021330231,1.1336269017386804,380.1
-0.06638509968688995,1.4100000534504706,379.75
-0.6201226990364312,0.4551001890375293,382.04
0.7006057092486991,0.23200706241274557,372.65
1.329183871478598,0.6388039645636685,372.96
0.03882985091308377,-0.1600488461745089,379.51
-0.19080725474611365,1.1341171660304386,380.04
-0.16187778212588533,-0.60531036884982,383.9
-0.996919875902392,0.17623120041809584,368.69
-0.6641194643022026,0.5235426335124919,384.21
0.22216497022193618,-0.2572697964766106,386.02
-0.8748685677535799,0.16372275895601565,386.55
-0.9392391308855341,0.19366163126633523,388.37
-0.28446919926900144,-0.8034967358142342,369.36
-0.1564621506005209,0.9333153442610855,381.82
0.5324270326028111,0.2591684808573224,383.18
0.018744612588922398,-0.2038996413453031,390.82
-0.5158172847778829,0.5372806584320767,383.1
0.8505349295997169,0.37441634514238653,377.48
-0.31451344108664875,-0.5500224805682208,385.36
-0.0696824148400839,0.8157154391932985,382.15
-0.2135829205472297,0.9096318845118252,387.82
-0.4020939578876147,-0.6434289650718039,381.05
0.8610999109358844,0.4833733704420509,382.98
-0.09095651708004869,0.8197804710722266,382.0
-0.9789263409672911,0.07601067728712603,375.28
-0.24685670426158635,0.9388549264845255,366.78
0.40650051626232675,0.26043917120649956,389.3
-0.6925833857764478,0.5469101440793865,379.85
-0.16979499821991145,-0.5569501278144359,385.72
0.4901669745278268,0.2974846530936673,384.95
0.9566805652823952,0.5019474848882074,387.14
0.2313953647804431,-0.22988643125922795,379.56
-0.30309536371632123,1.1028323126258766,382.0
0.661372125752493,0.30645451961812925,387.71
0.1393060727684495,1.1987360955078794,385.37
0.06657483133741465,-0.5740702075887676,384.41
-0.07997440179085911,1.16277067850155,384.41
-0.9789532418632303,0.1709888511732741,388.39
-0.44072563260905234,0.4626455885139709,348.5
-0.2223227152536565,-0.8249200295950952,377.74
-0.36359422622560433,-0.6362646292642066,371.8
0.7967991585224982,0.36425736896946564,355.86
-1.1447286793181741,0.19910490728865948,356.73
0.1583812864543501,-0.21178965731043606,359.14
0.47703274252297956,0.2843553986852313,342.03
0.8681258592729779,0.4187573550684289,361.37
-0.32317551495176905,1.0060873092740805,356.07
-0.8740444917683905,0.06532020227174938,357.48
0.5931197681042668,0.2851021802009226,372.61
-0.1865359719386665,-0.5380755288370965,372.13
-1.1968787125148546,0.06267762478848196,345.23
-0.9192287834370527,0.19186857830902326,372.5
0.4201317906712975,0.2570410152865213,364.5
-0.1882553629648585,0.8079146237364969,381.61
-0.7927595140297111,0.10150938744621517,355.34
-0.32933745688802707,-0.6226140925101635,337.77
-0.8673140910884949,0.02058924258858701,343.8
-0.050941406352204205,0.9040234031317366,348.8
0.4959059168740762,0.31439190823698937,388.12
-0.4887300727278524,0.43508477724870304,378.41
0.615460101704748,0.32663272658972425,384.72
0.5864108998325304,0.3707976850064045,386.02
-0.16591077364820697,1.1128093076054055,360.46
-0.3229133452159072,-0.6424320618880491,401.82
-0.32275448795911094,-0.27422221885135445,382.18
-0.35923521640987793,-0.5650882876246871,385.55
-0.2329569280585977,-0.5978031312647984,383.45
0.01887061868852498,-0.16008225176583288,382.54
0.44517074103118287,0.26963985765073056,381.86
-0.06509596317903346,-0.27621764001630067,381.42
-0.391807407244328,-0.7164353240493427,346.0
0.07136844801765486,-0.1985875599175193,338.5
-0.02595040939716505,0.8670886167688635,339.15
0.7232176564017194,0.3906064003095853,355.26
-0.3721681550414128,-0.6849553156050985,364.99
-1.1199316136330533,0.2577438865104286,368.01
0.6333873500829165,0.3607879971785244,352.8
-0.2836602294849871,-0.5593264624578395,348.29
-0.2390378142663905,-0.711073751323993,345.84
0.11798032505598686,-0.19029626333709926,374.81
-1.2974185862613299,0.26428039013984955,371.19
-0.3051608274292425,-0.7780672471117205,323.38
-1.006965000451013,0.1737088555262065,348.1
0.030229499130534687,1.0277303808632594,339.0
-0.11182956505270673,1.1202333838087883,342.29
-0.09760363355524677,0.9224076197992632,334.63
-0.2758070736396799,-0.5732540750133941,354.13
-0.7396371422679914,0.6637958053979418,349.42
-0.8637493390054829,0.10889272239950772,370.38
0.18559932802942883,-0.20547897249938032,368.14
-0.39517593026842707,-0.675823322980127,365.03
0.520210147303116,0.41307045220887406,363.87
-1.0337951533671474,0.22243715364939926,337.9
-0.15251835006431497,-1.0864347017281137,369.84
-0.12664748772106102,0.9895385339919222,320.96
0.4713588081115826,0.1908971312858721,329.42
0.4789485017415818,0.39850310725569466,337.05
-0.9511944224161017,0.15810000332818214,341.51
-0.15729780293696613,0.9996363829132309,325.95
-0.07156351045359649,1.2132994895063116,305.58
0.08007086220614736,-0.15361781503362773,356.24
0.7964303187629667,0.4266616414983935,367.38
0.39410484012545816,0.42246744336798314,357.76
-0.25190904060059593,0.9491783337013193,381.12
0.4465412795096568,0.2916337405169439,390.06
-0.24122467019140503,1.0901841171915052,379.23
-0.22401298722555862,0.8845803129567656,379.69
0.6283755594330124,0.2844857643094093,384.73
-0.3344498769994868,-0.7004267177075618,385.17
-0.06846266403229644,1.0167533590628688,380.97
-0.1908432123761504,0.9568792024184891,374.47
-0.11383064226561572,-0.6822826136493143,379.72
-0.20665943308819865,-0.5375328234826519,380.86
-0.36198283544870014,-0.7545365950148553,379.77
0.6570086807437314,0.24113564736092877,383.35
0.14892483358948647,-0.33594757650072854,353.17
-0.4753584261142436,-0.8251588908121638,382.65
-0.14950093391404162,0.7952617648233055,381.64
-0.10351478203127724,-0.7103396894379204,385.27
0.8671866809101815,0.4996693336614356,386.31
0.629806923740348,0.27801582891732357,380.82
0.6070411275470124,0.34204542673439403,393.04
-1.2155232434289713,-0.7729734239200308,255.38
0.6664158361691568,0.3156418924393951,387.65
-1.4013680248351377,0.39884158817956883,260.71
0.7215324431704344,0.5436068151828062,391.34
-0.4912807529216225,1.2795861758009226,377.02
0.12292735654339554,-0.21220767151333142,384.47
-0.11350825485211832,0.9955437418040297,376.31
-0.038722465930900854,-0.8781971715235587,369.5
-0.4996241089705408,0.4259350447793255,380.13
-0.19435681257450826,-0.8700295763251119,380.92
-0.2560547031506447,-0.5622966786657319,378.91
0.6851570385915049,0.2814430598918112,382.29
-0.9401159214007282,0.18866464476441577,379.24
0.7204014487867761,0.49735624312919835,384.66
-0.3004524167886509,-0.7133236016787423,381.94
0.0014151880693787046,-0.8073895140232326,381.76
-0.24573317229519073,-0.5065553056102935,373.0
-0.349678878116364,-0.6929696749028604,382.24
0.7280630607011637,0.242161859803384,382.28
-0.3700622857734954,1.1169358887010479,380.97
0.13130649029596145,-0.17975849064827554,383.11
-0.24951722763313366,-0.5757738932281514,383.75
0.5824906910244187,0.28607696463545734,386.48
-0.474519760649969,0.5340312125713638,378.5
-0.18574018193508882,-0.613759348374895,384.94
-0.1693970701739604,0.8569108867711757,370.56
-0.04125562014301479,0.8901417854076569,380.8
0.5947612431975754,0.4248085828575216,387.88
0.7305396195833354,0.2956039325008995,382.85
0.8223690911454683,0.3726873134223666,380.8
-0.3620137937570519,-0.7113456040239592,383.92
-0.11451005852563904,0.9650688057785585,377.99
-0.27965790650986394,1.1853171588142752,374.69
0.12306055701908154,-0.1866707565528464,384.82
0.742531868355637,0.28791504458191414,380.71
-0.34772428118450305,-0.6114568865462667,383.0
-0.25074414345048973,-0.5472251661114643,379.19
-0.7867626109686696,0.13999097950424946,375.59
-0.29502475345273416,-0.6595243676640761,372.97
0.4864217114777276,0.33196711241443755,388.34
-0.2614388190713205,-0.5954257926846499,391.65
0.6417688963269482,0.2893243325103579,382.82
-0.34969812986561005,-0.6625523176944244,385.91
0.6210984385832601,0.3289664559557149,375.17
-0.4435529581814994,-0.6320439938370519,383.47
-0.11555214716778239,-0.6661378861274566,381.35
0.03930342087283339,-0.16299290233043265,383.28
-0.0781920211388034,-0.18316715289921245,389.46
-0.1996141991398001,-0.8396326076030376,375.31
-0.24769468466108058,1.008566574598771,385.56
-0.553317704739729,-0.8189007361763401,379.16
-0.2212688744809636,-0.6253987120698143,380.73
-0.27366341867932975,-0.5670133459895761,394.74
-0.2903166586604561,-0.5714067460862686,386.05
-0.2795732543347992,-0.671682921359712,389.13
-0.22265283266769342,-0.20185769534186362,387.19
0.7447284629822183,0.4750466452048094,380.02
-0.49187003242756544,0.42013147093653,382.43
0.678231502310523,0.36742123502409485,389.49
-0.08783441427561643,-0.6890966867478592,383.09
0.6068669138562363,0.48166032793060504,385.13
-0.11492068661855313,-0.615626119180632,345.97
0.8252803653424845,0.6262636648321409,349.96
0.645749274562053,0.20484336392468291,382.82
0.5731191508337056,0.42176991384612633,383.53
0.007390205099443269,-0.14423312089965443,380.53
0.80982023540745,0.5350119594324714,390.33
-0.2529589510531332,-0.39362208066197235,374.92
0.11324239269900098,-0.21958502288022202,387.05
-0.26370781263554866,0.968688178347498,377.9
0.6167448800438461,0.2689240223055015,384.38
-0.8792346114133472,1.0838898692321168,260.92
-0.0999586390881443,-0.6231965539891413,366.36
0.5992594351447735,0.24645154628623586,362.65
0.861612911559803,0.4216062184814262,387.51
0.028748373366326917,-0.3506141384252847,408.6
0.7703120565694991,0.4180426673127439,397.17
0.8408113053201889,0.43868288896505797,391.75
0.028323071924754105,-0.33870573734181353,386.76
1.0960716392797796,0.7310819723744836,395.59
-0.058415708369624585,-0.35703702841759477,390.46
-0.5311203503422501,-0.9657469845044574,385.59
-0.03847543435307823,-0.3178797421462134,388.73
0.8099650305355078,0.38498099889513115,381.08
1.0584079161998012,0.6104876115722634,381.87
0.025846063685377545,-0.34213818090231984,378.82
0.018998306837710272,-0.3630458440082581,391.2
-1.5311831275546626,0.2988147970971954,259.54
0.3199941298796661,-0.04563332990074,382.83
-0.0028392935500445764,-0.2883259088180696,384.03
-0.08697977329448639,-0.37427440044165783,389.56
-0.874443612722727,0.8245073385523134,383.17
0.037729849856621415,-0.179675239230494,380.98
-0.0002803413038886013,-0.34525528124138183,390.65
0.5788060557080715,0.35561119084291526,382.18
0.10586354951816448,-0.32114087930648455,385.04
0.8279280629364993,0.46159724524484175,379.7
0.05758665191898012,-0.2840308125884535,378.82
-0.33074884855151343,-0.5011730060873855,381.32
-0.34465759775719,-0.6740550039260073,384.64
0.5444184691610048,0.3007620926836224,382.86
0.9859130224633309,0.5956087970917048,384.84
0.7281677426000234,0.4361600028090586,379.63
0.027307953005246504,-0.35206143356965264,383.94
0.7417176272301331,0.35816166591538035,372.64
-1.152662059699815,-0.9164690552574182,269.98
-1.0473081492071958,-0.011906049829796232,270.08
-0.14778517974119465,0.4277233743611511,216.96
-0.9528391514811309,1.266304563455065,267.34
-0.8260154941109982,-0.30101792792507703,229.34
1.0567762960201588,1.0516777924841019,281.87
-0.9237210578546302,-1.0213736961086661,264.31
-1.546957399131443,0.2260256515332082,260.54
-0.5149470598140611,0.09593810241380282,336.3
1.1838634586440975,1.0863609991710195,267.89
0.6642199873382462,1.834957140663888,262.19
-1.1871383564166396,0.5981714088170063,217.35
-0.45830963809754166,-1.713485245994585,218.45
1.2169756601462152,-0.35486285355173014,264.39
0.8502599310580501,1.5434161403453242,214.11
-1.6867984927938413,0.7288417979107444,263.86
1.3003388001240566,0.2321131792515454,263.46
-1.7018064564064432,-0.33827284676696046,267.08
0.309584328691483,1.7777205684511865,263.13
0.6770752484504394,1.1234695758547442,214.48
0.07717951370710088,1.4017715669561026,271.84
0.34167679638804255,0.1917198358820191,279.09
1.3157573321524145,1.2849839391096722,269.01
1.5152370927276182,0.872775168982441,270.86
-0.6545254809879668,-0.18655526275132728,336.97
-0.520964563610468,1.636129266744937,283.95
1.712685522146375,0.6425073545259272,269.31
1.0517473456269053,0.1170327526209234,292.18
0.31977432602488326,1.4292784002213323,220.87
0.2344123018015564,1.5070304484433494,263.69
-1.845219881371465,-0.4071627502730138,274.94
1.41059424457841,-0.1850875243695357,264.97
0.07797195783412188,1.8968370581099205,260.69
-1.5075793883725794,0.0031188951315959134,260.81
-2.0518139721126123,0.01815279551563301,266.41
-1.619980514496574,-0.18638559567981777,273.46
0.08267221195199828,1.713317705253298,264.13
1.0338526411018738,1.1168876196965305,288.0
1.162288852009446,0.6732248709120051,288.75
-1.2861963354686479,0.1980678691294023,262.14
1.344422058840539,-0.899663858649126,277.87
-1.8243352135135196,0.30664518536728175,267.68
-0.9233403499868896,-0.5402979913307709,345.36
0.5669611463273456,0.9170128403737547,235.75
-0.37418764252136494,-0.1540357422112533,371.15
0.340720518688121,0.8570898908298652,229.39
0.9728998577977208,-0.2739739389621788,378.78
-0.5017420671097798,-0.2687114552564523,340.86
0.884628587213726,0.6413338620077675,279.0
-0.08661267198654168,1.4354872470721436,368.46
-0.9711103220806289,-0.3458694695367513,232.98
-0.7516518054936389,-0.7597683401856737,386.86
-0.5715944676589426,0.2938474616233471,214.58
0.2284498855608665,-0.5836151617923536,265.89
1.0090140327011259,0.5029422877285865,271.64
-0.9012222356412223,-0.12721801789894108,383.34
-0.6957606901429374,-0.14841895883330458,240.82
-1.5516042840193127,0.44392633117725516,265.98
-0.31437808071254936,1.7302640190222043,284.8
0.3439983845511553,1.1994843412270357,347.9
0.7928945876488744,0.4801833859207435,285.87
0.22173577505111206,-0.09783637764390213,384.89
-1.2052219877729422,0.5298349494716765,352.68
0.08231811683140908,1.1551416599121387,376.72
-0.8101163980387687,-0.22808398128429758,346.18
-0.20281055890807675,-0.2579285916590734,368.54
-0.6224060291968596,-0.18900272437881738,348.23
1.2826433345699504,0.6427313540256913,274.01
0.14595731126322678,1.0700308823902132,349.44
-1.1318958431221093,0.15446872048289706,383.78
-0.37691119736851264,-0.4184203574738239,344.27
-0.21522023100731336,1.48045964874711,385.8
-0.055750649865951636,-0.2389151804108305,380.89
-0.7104327127101856,-0.507060936090147,350.68
-1.1456434986040613,-0.13903285417753064,375.86
-1.0314061171118056,-1.1241979351886005,248.99
0.5025145019612363,0.9118935711746996,343.19
0.3079730417905753,1.0331821310271105,345.62
-1.4900672566557347,-1.065747089200886,257.54
0.28346490642477806,0.7488330711382576,254.65
-0.8085106747211499,-0.691636033259669,384.87
0.391661686029202,-1.3937473239666383,387.32
-0.66063879999544,0.8790206391720692,381.91
0.3171637741961464,-1.0874310924603632,387.71
-0.7014248889281182,0.9283419739304987,369.52
-0.11099399935369417,1.194769023766406,383.1
0.5315902347723616,-0.25974271703633256,373.79
-0.5490122877654326,1.3971429141263523,362.27
0.4860870459767467,-0.767132007383154,371.96
-0.3177484811114806,1.0116356777087185,260.58
-0.8187387288955469,-1.1040322141226582,372.22
-0.8091708502605429,-0.7700453813655124,374.16
0.4895118259456839,0.09598422188329951,377.64
0.4350041048601932,-1.0073549210266237,264.98
-0.0898783193812928,1.501789277561515,383.31
0.524237364105526,-0.9699981389914244,385.74
-0.5027261643548928,0.8184633561262415,382.33
-0.3594529087053508,1.5165284762215707,286.9
0.05688058783465405,0.08318291750745208,380.21
0.11682510540213492,-0.29780268887781663,374.37
-0.6289197091648036,0.04540882285724408,350.65
-0.009019552344475164,1.089685581743789,381.04
-0.7642443176991306,1.0114476059209567,379.94
-0.04315951902596874,1.302999324798806,386.76
0.5171982162160916,-1.1323200836374854,384.08
-0.4651451823295741,0.6980210074525454,377.59
-0.2354778106388231,1.6336561759999275,378.34
0.35028970289934375,-0.3661982526528316,383.2
-0.1453305214493328,-0.9165854299745397,382.12
-0.1699554007528143,1.464015134645204,383.53
-0.09941398947618944,1.5863329010637741,372.12
0.18808398703853893,-0.2846890378995201,383.75
0.5928960294943281,-0.02000190523261393,385.68
0.577370941309451,-0.29986746469063263,380.39
-1.3235133972340396,-0.19292674568156368,269.61
-1.2775637147447707,0.005140697145708354,372.86
-1.1869383243591103,0.2865223537348655,376.06
-0.5793947657942393,0.9019121919800179,376.86
0.05549252372048938,1.2661661031254612,388.29
0.21260252299090165,-1.2774189653617578,374.77
-0.17948281985203748,-0.307505639772847,374.03
-0.8852061117546982,0.013037929536184899,380.68
1.35030630944262,0.32152414980038657,388.26
-0.7781692148802856,-0.47647572624699025,355.27
0.26530231305200447,1.1853211907806074,392.55
0.21330771294839748,-0.8294341393680491,391.99
0.03169285252605604,1.5002112941458012,378.03
0.5555409466471675,-0.5045952142437774,375.97
-1.2570197823796716,-0.018593590745980385,373.95
1.3537818754388926,0.48253848476278105,375.57
-1.078229131343197,-0.15986317547115356,369.29
0.3734858248512625,-1.383991724522882,371.1
-0.10641898980839253,-1.1440376321768317,375.41
0.2044002743452478,1.400311310226942,378.26
-1.1469344357336404,-0.029733379573250812,376.66
0.14113639567087974,1.4663187935274227,385.73
0.5217599234792305,-0.9756237289194617,282.85
0.3210145258701288,-0.44071325471592704,388.54
0.3972232499874256,-0.29268845000305355,386.67
0.533667752809865,-0.07362813001263645,381.45
0.42464223870139944,-0.19879303925675862,376.42
1.3250416493582695,0.22926860950308853,385.25
0.03236412561202934,1.0059387999305585,377.74
0.22999682915328729,1.1737383030368977,380.37
0.7707702343588436,0.7748087809609369,346.14
-0.43674296942259416,0.5077213904824832,387.45
0.17428679220461185,-0.908117347699213,385.26
0.8039471345823861,-0.43371676830345895,378.24
-0.9531808454914044,-0.03184844405951934,388.37
1.5531130542948552,0.22220741763102192,372.16
1.209063745414333,0.4195634629033383,375.76
-0.45230946937147315,0.5265779277801306,375.58
-0.13087546107772013,1.5492069343305832,372.69
0.07806285124523324,-1.4388504728284226,376.59
0.41615856890417463,-1.5816104734737448,375.64
0.1622618526732929,-0.27889731897473635,381.12
-0.5151871411031184,-1.1767708517174558,373.22
-0.9742632818042598,-0.9669402876334884,360.24
0.5535406619489464,-0.6503006552830793,389.11
-0.45211387690763066,-1.5842286940958914,377.86
0.6124540865189682,-1.302604517378649,379.6
1.086225353058327,0.37004349316438473,394.93
0.5285731746293016,-0.6310519990010284,376.85
-0.007625569325864043,-0.7238007801696487,393.63
0.25241209208389737,-1.030691513528418,384.62
0.5924838461342473,-0.25176554787156796,386.83
0.06896462165582022,1.1111798489900089,365.57
0.3199441460329552,1.516347052784948,373.62
-0.20958050427176647,1.5397441628092647,363.19
0.5472060014421122,1.421216251031182,253.0
-0.02843662792099346,0.09299561519048014,342.06
0.773920479562121,-0.8031645613522637,374.48
-0.028608109925268632,-0.1369257803776628,366.7
0.13385482824456554,1.2723816937552392,366.31
0.31554030639777,-0.26659533741835834,387.96
-0.8586049617815783,0.8169218010722372,385.43
0.4925571942948893,-1.2788010099678968,396.73
0.1445726855762132,-0.9301211005825821,379.17
-0.9022317537560937,-0.017267396901121293,379.73
0.6156637842741544,-0.35670190777386523,394.89
-0.8084833585248512,-0.022931765817638335,383.93
1.1789396180874243,0.30776753385555583,379.65
-0.9266398223360995,0.09855594663823587,380.4
0.6358716838623476,-0.6443368399647914,379.65
0.31523919172549114,-0.9389877202837308,387.51
-0.0904367989499309,-0.627609522232618,386.78
1.188969484107447,0.21170709084750852,387.89
0.19641918451228602,-0.08222011712537951,382.31
0.6905513990329267,-1.2026252762694472,376.88
-0.2725830463413265,-0.9314345276130742,384.99
1.1675275105237277,0.25830317424291205,383.98
-1.1351897673071485,-0.41777686514633394,343.25
-0.5539317349295463,0.7090344389995853,381.89
0.8915089862634504,0.34174242848204156,379.21
0.25538551342659316,-0.9186328289380638,384.03
-0.015931863428658457,-1.1594245718206109,260.96
1.3804122271888741,0.65107352393185,379.57
0.4396687853611057,-0.2903583113823209,380.79
0.06971813885813564,1.303729245858784,371.8
0.82291632378719,-0.8732964816204973,388.19
0.017001402329564628,-0.7580620324395033,384.53
0.18030093735250308,-1.0760347256428844,390.67
0.5839406500881305,-0.5754334493171701,374.67
-0.39165944140285947,-1.6947762449827921,258.47
1.312025911908147,-0.1663276348601347,375.04
-0.5744596408496084,0.44485541863989037,379.92
1.449771423982577,0.381847246381142,375.19
-0.1114682052456232,-0.6342021534036812,374.06
1.1953049835940441,0.34604894892070986,369.55
0.8878590079658354,-1.0808806068278702,364.59
-0.1742251987918992,-0.8983189908040966,354.9
-0.34756069418454355,0.7612221460477983,248.07
1.3415328847406633,0.1641624886246704,351.41
0.7504475433491891,-1.0737593510895216,351.8
-0.34813734470257346,-0.9768281644950333,356.83
0.21963022465057178,-1.1117525425226449,370.33
0.8224771519789787,-0.47392413751948537,366.09
0.21367802220604795,-0.30615652024335194,369.08
0.4379682951962468,-0.3137653108852627,367.87
0.6568532167162969,-0.6496796417593821,365.47
0.30832966689368063,-1.3412744271251829,363.17
0.16021766096455115,-0.7137185707630471,367.59
-1.0115681242175314,-0.0639904090113901,362.17
0.27303024215986704,-1.3911748154448267,361.28
0.2243014343203414,-0.7922251552145823,352.72
0.0870519869164592,-1.1703263269892048,367.09
1.5179348189897226,0.031144341949424663,251.17
0.694343430083724,-0.39219502643637166,367.33
0.09838916848558192,1.0313722472921651,345.25
0.46601998400499617,-0.2894713687583964,366.36
0.03811753442104558,-0.9514847977269049,360.34
0.39313203947009534,1.2619211327000974,359.22
-0.1418451665221462,-0.7814979600566744,358.82
0.5545381841699559,-0.34696485855046666,359.86
-0.06727089568583745,-0.8753448294553615,354.49
0.40351268462812656,-0.2661203205498657,367.17
0.6438693314478255,-1.2185242709770265,362.56
0.36167553020827403,-1.2436458049436383,369.6
0.1506930905705363,-0.9133320491597411,359.85
0.5320732907035515,-0.9976234356621345,364.02
0.032837204563168215,-0.9697971793030787,370.66
0.34461394419151764,-0.8090981953020726,357.47
0.26243662658666683,-0.5234340306848393,369.19
1.083006435324474,-0.2014885376221817,373.26
1.1340646310282396,-0.09103512774148104,367.89
0.13023497026207756,1.1393455982783436,362.97
-0.5668661591410531,-1.0651804289492057,370.38
0.705373150520885,0.12602138042376532,365.8
0.09476629101944907,1.229774110000851,351.98
-0.844635453223717,-0.021294752288286097,351.21
1.1292296950974618,0.7171029552343301,353.51
0.7931045042159443,-0.5319720753449262,352.74
0.3229683925481573,-0.19486629334143477,340.28
1.3579367979980752,0.1530860275421358,344.22
1.0941411143247122,-0.0700537634893384,354.53
0.005482179860879565,1.4338668905572927,353.84
0.7838778080558941,0.21673494590636502,353.46
-0.292926168631969,0.24634676503749925,328.89
0.32105565169874045,-0.9178308742992095,368.57
0.48515430539437027,-0.3400369267690701,365.15
0.2526232317510258,-0.4868722082775062,360.6
1.0782617173961908,0.026241004648922286,358.77
-0.03766423817605884,-1.367469432866296,361.83
1.036522902587232,0.39293567239199184,356.58
1.3024043967282402,0.07826611421802396,365.73
-0.844956711655209,0.08555710579296179,357.23
1.1010606747172613,0.451126548078274,364.51
0.16402700501650241,-0.956771949118524,360.24
0.41643818711191616,-0.2610237750946629,363.73
0.14108001213705954,-0.884041749525436,355.47
0.8972620301307558,-0.35765435875767665,358.76
1.558693938494261,0.10314994293399044,354.28
0.14515912512732992,-0.8319621892412771,355.68
1.1223665666688059,-0.06173472725829195,353.82
-0.34238718190825956,-1.0063274474070718,361.26
1.2019217823286994,0.01676899985598281,362.24
-0.2992086790686187,0.3958188887723811,369.5
0.7024790934835918,-0.3599824731720406,354.38
-0.14291796899579015,-1.3983301184300485,355.68
-0.9045603296217206,0.000998677140259132,358.7
0.19961004623269707,1.1989559978934536,353.1
-0.8751901155709443,-0.03806755984318123,361.06
-0.5037189691504942,0.5646616810810999,351.07
0.028854911500969763,-0.8781785077265621,365.61
-0.39983714858059577,0.6492310885776948,356.18
0.21319002077712274,-1.4585285815765856,251.96
0.3098842339924042,-1.216916837433803,364.78
0.44225750132962355,-1.0222046319267453,368.51
1.519042031571237,0.011492236692998675,366.53
-0.08070434447315732,-1.0171123194879732,364.94
0.6917666248554808,-0.7468460847731312,365.38
0.7184019594712799,-0.5159137270334797,360.78
1.1554693579708537,0.13816856780765913,353.52
-1.11102985860338,0.09737244885009931,351.48
0.6960063228764066,0.8655147322980877,327.6
-0.4491472722149547,0.5620349201141337,341.52
1.138724641244402,-0.8009047389026399,371.6
-0.09106571496153583,-1.183578650170936,369.08
-1.1423882763735143,0.0051497744824763395,353.43
0.17528145436207643,1.181892464249087,360.8
0.30103937487037885,-0.9174780560514043,359.18
0.6684643490701692,-0.5735959857612408,361.83
0.0763918368989678,-0.9275956582200263,356.03
0.07038207715161111,-0.7057473559576432,364.07
0.6327583997454392,-0.42219822654956096,358.23
1.1094242429504795,0.315933504772353,361.44
0.908702183763663,0.22200697600710667,346.39
0.2907630598608284,-0.3182065647610343,360.19
0.42206814333326126,-1.3117122423302838,356.17
0.2696228797660649,-1.109476472574091,361.48
0.6391797835763113,-0.3554365884983242,359.08
0.4138820122048169,-1.0686588547589837,357.13
-1.1809765418449902,-0.06475204909043496,248.17
1.0155449770105414,0.5559911139812981,357.08
-0.3870819657098787,0.45317232874098734,345.32
0.21236476662954423,-1.0518330112008878,359.8
-0.02099834434042145,-0.744135351281868,354.67
1.2475349929119541,0.3789769645481248,358.11
-1.3264312630633444,-0.28262120370007054,361.26
1.0420715786226666,0.24844530444606258,363.68
0.27516025013016604,0.1590864369996198,331.84
0.25917235089273377,-0.30947473741307496,363.37
0.257444655927607,1.172064249798055,361.82
0.17400590813409414,-1.0995557292442832,359.27
1.0952602242111666,0.3992672590432792,358.61
0.0031568834117895526,1.1587774815818668,353.47
0.31574036845394,1.457936519251153,252.96
-1.0094564063148102,-0.045311388659153115,361.38
0.5451248768478141,-1.2913515933669897,366.7
1.2294711847234372,0.033629379022359455,364.16
-0.191666701933312,0.16486731991083178,323.1
0.10941181084949177,-0.8641447432277558,352.56
-1.110273101514438,-0.029423301721701427,343.66
-0.34940123791805544,0.49660952080441956,338.33
-0.12910255356840689,-0.8202760080528468,348.46
-0.571611948360279,0.6398943760954418,344.47
0.7485683411097872,-0.21265760484177906,343.84
1.3166333039505582,0.6082407779922699,349.82
1.0616843435864265,0.14511902059534032,365.41
0.39579535197301213,-0.629612365727219,358.92
1.2350462894700458,-0.0786150585943026,358.68
0.05834950986824772,-0.4143905424645053,287.68
-1.1916456575027092,-0.5553753444974516,236.02
-1.2229817440784105,0.15637781333736145,260.52
0.3977591640065294,-1.6843546764284698,253.01
0.4258571043147836,1.7004000930002472,256.97
-1.6653992574664143,-0.283724574172611,257.17
1.3371477885087992,0.6264500816043634,258.96
-0.9378532309809461,-1.466377133887345,253.28
-0.29935061270498425,0.2159963174067562,235.77
-0.3063855043070655,-1.356733140739346,296.99
0.47170552938984006,-0.39131200199728994,260.01
1.2576254200272314,0.9346088261510191,248.57
1.0429579277907748,1.184982037122764,221.82
0.385553839597038,-0.6968680934002088,245.38
1.2053119553847036,0.9295284702134367,248.39
-1.0426832627000684,-1.031415500790322,252.13
-1.575741884673732,0.6893328734309947,276.49
-0.7885539923581745,-0.36176652802923764,257.53
-0.2766829113064585,0.6681612547652437,225.05
-0.920693721323356,0.43812466908587666,231.39
-0.27291019311327447,-0.18777181030458284,264.67
0.04123853970972883,1.1444038992068601,271.0
1.2720685987106128,0.8674484031144364,247.83
1.1488303018337473,0.1580771791808308,253.55
0.3502605995305801,1.8220718703146597,250.22
-1.1727524926884494,0.8575629973643049,280.88
-0.7798638670086349,-1.1007510166173695,286.46
-0.21390167201388366,-0.40109643570756015,285.23
-1.5983638038698864,0.6939349820938977,277.96
1.1708699029041496,0.8648996698307377,256.94
-0.8958273889246131,1.1769661882153988,255.8
0.8530396536597588,-0.1024873778752074,266.31
-1.078253528417749,1.2441397516821864,251.77
-0.7389750086511235,-0.8209856460823817,295.39
0.5358565879165955,-1.7016705463786572,250.57
-0.4729517506440606,-1.6225517827708755,252.46
1.1907216062710904,0.14385078533747234,266.91
-1.575681835592937,0.6642590779806347,260.91
-1.2222527821023903,-1.0310897191281974,253.64
1.5906263901424662,0.2880003236739169,252.56
-0.07416023367028306,-0.12873748091788137,263.48
-1.4013075389807346,0.3796628066491153,292.99
-0.5411153533069105,-0.663779514474621,260.43
0.2832258134594993,-0.009344931759816516,265.31
1.0876818953757106,-0.15692788546522018,269.26
-0.15260821347040973,1.7777597935963312,275.06
1.044041058462784,0.2527923582987741,268.19
-0.2754411199194944,-0.5087680105344987,301.14
-0.7842189373419641,0.36693341913220945,227.77
0.15280629846452132,-1.3126271400150478,268.62
-0.8400997600558336,0.5857811072091234,265.43
-0.8991045933877695,-1.1426373542371995,255.07
-0.7677645264325422,0.5094161946846019,262.65
-0.7420551666598394,-0.6861886720873889,284.91
-1.2244443267456833,1.0166530151015076,253.33
-1.1805362017511647,-0.14372154534822054,280.4
1.3981005647403257,0.007011620655844065,257.69
-1.0720389043936693,1.0736472487377793,256.46
-1.5903155927210517,0.24490292707401376,274.43
-1.1889525003900454,0.8826974609560245,284.73
-1.4119990263066329,0.2844500430128144,258.28
-0.9983302349316046,1.0167958728768203,271.59
-1.113483058250695,0.848178105777924,283.25
0.21831114504440804,-0.4355866867803811,281.69
0.37766397187692274,-0.7653646451148385,283.8
-1.4832974471458702,0.5566868705412724,278.01
-1.369408447850161,0.49248683883580074,296.8
-1.422029277565487,0.36305461043674775,297.86
-0.26429384599639777,-1.4833088514786112,300.11
0.3662202747364223,-0.6636856793657177,270.9
-0.19644666733138216,1.481036915420593,278.07
-0.9509871336111728,-1.0003615178230472,283.42
-0.10889824510096681,-0.26891358886939704,282.82
-1.537646136157395,0.6001931750587398,280.35
-0.34575654118929194,1.4435130671291572,279.37
-0.2127426039693256,-0.12170182668196204,277.82
-1.6729957833688327,-0.054414596246158124,290.55
-1.5336934605900032,0.27742369185942145,287.91
1.1751146773431054,-0.08435147005904027,294.6
-0.1018774255027236,-0.280205424305763,287.61
-1.0716405310620418,-0.7288980170690605,244.94
0.4374106770195852,-0.013478943246118412,302.22
-1.5919318446825748,6.253710922768954e-05,280.97
-0.5569101093447146,-0.6016189341371269,294.93
-1.6834524396969637,-0.15060708635932865,296.84
-1.07214140939799,0.3371810335714374,282.98
-0.500155497345344,-0.5863793412120413,339.16
-0.6422639747068682,-1.086897162274192,302.75
-1.0625893141730323,-0.952033004096286,280.49
0.15953874889653935,-0.41153484837911425,284.54
0.06472479943971303,-0.35005548536261427,281.09
1.0622027966593428,-0.018717758107293803,294.29
0.22656545879302994,-1.7674210938935966,255.72
-1.3357868712868624,0.44074726329745895,294.54
-0.5911219476521056,-0.7066417637059609,300.09
-1.1961837525839178,0.16820238034991555,291.26
-1.4211590544593422,0.3627029926830882,293.41
0.5393342764686515,-0.8343946810753372,283.27
-1.4595108405438317,-0.07167319220000609,294.26
-0.527039965606718,-0.7554084122928475,299.92
0.6096302911945518,-0.2038979655692728,292.36
-1.3254949712654795,0.2087735103182769,298.6
0.31733276175999525,-1.5526401053242174,298.87
-0.7860023731033811,-0.8046533191303262,300.05
0.7856477209420318,-0.2884956360196689,297.3
-1.1640453828819866,1.0217230117405465,291.37
-0.6144907863633414,-1.0405702562572618,299.97
-1.335908314444646,0.439400674924556,298.36
-0.4016004732376513,-1.4808106063250823,298.81
-0.6039664009557314,-1.4641559767867522,304.81
-0.106269130101473,-0.15743391193888026,295.33
-0.6328970124139208,-0.8599775363479977,296.41
-0.5358358480974627,-0.6032278093185841,258.09
-0.6788749239802432,-0.9765039392582541,295.57
-0.7144459723481731,-0.9253610985367374,300.6
-0.2462181340173515,-0.6232074052681211,294.93
-0.5423902610143753,-0.714484110049682,296.01
-0.31084192720744,-1.4730756880453206,268.89
0.8321352128249698,0.09589673061231647,291.12
-0.6545592942971586,-1.494066355852371,288.61
-1.6481326328210353,0.45962491887245116,252.06
-0.553832726886257,-1.1982732762516062,291.44
-0.6343733195622735,-0.7183102920526627,294.95
-0.25562586662358217,-0.09742017561907422,290.34
-0.5273495151359886,-1.1785634367663316,297.08
-0.5446479483802878,-0.6676456862509224,297.22
-0.48394073287640815,-0.5922865348443669,302.01
0.36116302756515634,-1.3887411844545625,298.95
-0.6910567091958602,-0.7137157966017342,282.8
-1.5986902694323761,-0.32663846067587016,291.88
-1.4874278886715193,0.5204846898066194,304.74
-0.3629424110101432,-1.3674694611272953,302.05
-0.6373952547137921,-0.5831033282572874,303.65
0.024387762118994762,-1.0581211369568746,296.49
-0.08939527376270187,-1.5115160149187064,299.08
-0.47207060217397645,-1.3956646598712532,301.74
-0.538417417217939,-0.8161978093147447,293.69
-0.6023017902689011,-0.12524948178501727,263.5
-0.4634574305361067,-0.644922952080274,288.52
-0.372642267563422,-0.8260912174723731,294.05
-0.007687178808498573,-0.10190679542883677,302.09
-0.7014425169423616,-1.0109304920266493,299.15
-0.8163408371657722,-0.8487351135442038,304.01
-0.5154799261173163,-1.020793191901768,298.47
-0.7007933993026098,-1.1446422119741984,299.44
-0.07496809089055669,-0.5000568358031707,302.93
0.5551809978538114,-0.6354017051520748,301.03
-1.0569900303243265,-0.4460596606927078,266.77
-0.9517872029535182,-1.1367618120746457,298.56
-0.5939330758835173,-0.7196378254640037,302.82
-0.45167663565837185,-0.7066109972582342,300.69
0.37015209536969945,-0.04776418647012723,299.57
-0.7599221823353158,-0.8403590340954472,300.55
1.179984481408602,-0.573622070360005,299.63
-0.6720128344099262,-0.6023382640247306,252.55
0.7770731520586692,-0.6442451154815175,292.37
-0.6404522560956805,-1.1286445717037483,299.01
-0.34478318611708214,-1.314065018262461,302.85
-1.0248508911569612,-0.8743761124537033,301.71
-0.3987806201634908,-0.41966768077287514,295.76
-0.8184371172999165,-1.181371930700417,298.02
1.3677843712612328,0.10382462471062871,257.8
-0.720094512931968,-1.2721218285243354,291.81
-0.4180322883531781,-0.30102208115047646,297.91
-0.603162519614045,-0.825181741343559,296.72
-0.616715923959563,-0.6746219160995428,288.19
-0.28352243269335897,-1.3519918534839286,298.04
-0.6532792027503542,-1.3488738470477115,304.69
0.23350868889184553,-0.7977537670225759,300.16
0.9830685234663452,0.8117126360318417,295.32
0.9236675740637141,-0.44247183995125516,297.22
-0.6362956953957803,-1.1914293117751065,305.96
-1.099988445004056,-1.4020954559669758,295.58
-0.6876303122272557,-0.7054836018203431,295.1
-0.8805366290708864,-1.0565407030369534,298.64
-0.7518164881942776,-1.3259045335462756,289.91
-0.5533601435722211,-0.6673084964739057,296.12
-0.03519069802366449,-1.4129697852097494,297.78
-0.6539989120118794,-0.6975177337651209,297.52
-0.7895157854495733,-0.7325336308389496,303.73
-0.8874845588455953,-0.7565457818790512,291.0
-1.454010483924205,0.3507107610111394,296.78
-0.07276953511827736,-1.4999699591390263,304.76
-0.5391281622073965,-1.318617592356949,301.36
-0.7095627756483514,-0.6177002354648974,290.97
-0.8637417672802618,-0.8949370936846135,293.3
-0.16547898458181753,-1.3088861014619708,314.05
-1.1446810530988618,-0.6051744884758895,261.04
0.5714998691755678,-0.8246019770412901,303.95
-0.5915621490144651,-0.5030418073066856,290.91
-0.6051093282899174,-1.4127304210182292,305.69
-0.6953965801467045,-1.264146214898957,302.22
-0.6023443164436794,-1.1587659391263772,299.78
-0.5753137260291945,-0.6077323016182783,297.08
-0.16924976027782213,-0.02340987399351981,294.01
-0.8194215469862652,-1.2783745139481042,302.45
0.8301724195706667,-0.5432960312700412,308.35
-0.8732163311287612,-0.8552130329828074,297.16
-0.31598068763819487,-0.8068810804523535,306.61
-0.9798409245476003,-1.0265432900791576,296.74
-0.4879572079869868,-0.7765283315181822,301.41
0.7933632353754098,-0.9251577210525193,303.39
-0.3928891045003429,-1.4651744537260325,308.18
-0.787536427366226,-1.0559897086169197,293.61
-0.49797426810412104,-1.4721500427230412,305.99
0.3173108074366338,-1.5963980809025495,304.88
-0.5314246161493267,-0.6635840649953154,300.22
-0.2280337110864397,-1.6556259307594463,299.65
1.3782666602930231,0.2173571075270604,288.14
0.01647563572314123,-1.3286064941754323,301.76
-0.6215923094101025,-1.059225165555309,305.5
-1.2856614055057023,-0.15254155575209566,304.85
-0.917381414119692,-1.3605823035766265,300.92
-0.7697536613650471,-0.7645257933292937,300.16
-0.7825825256919394,-0.8188661777177393,301.15
-0.8788142952481277,-0.8757632561375269,291.42
-1.6224182177049606,-0.49336419235944795,296.69
-0.9850968675235048,-0.5883269484723295,266.92
-0.03333137461855748,-1.1647111332949307,296.76
-0.5623493609589651,-0.7876568677733431,290.68
-0.7166046102065133,-1.0914862482929517,297.08
-1.3877644656814434,-0.3722265217405224,299.88
-0.4271931682057018,-0.8621204849266706,304.65
-0.5923197754884658,-1.0638577761693417,307.28
-0.3402524221891181,-0.3360573732938478,306.33
-1.4180756020791334,-0.3873914157964604,306.75
-1.2304342347294606,0.19256938188727485,292.33
0.11888847410393234,-1.5430869021136615,307.32
-0.9719301240984348,-1.0759673344752207,298.95
-0.5789774810737851,-0.9458732142836854,309.82
-0.8344620937876304,-0.8085647757167712,295.26
-0.4822360717342757,-1.3941159391563105,312.52
-0.23619144540735526,-1.501071083308776,300.9
-0.7965448295830985,-1.3805196995850868,369.5
0.07462275612852899,-0.727617943642551,267.44
-1.4754823154752719,-0.266352983607721,303.27
-0.9414137525412838,-1.1333139134118064,300.54
-0.8132934008276329,-1.191814514011841,304.55
-1.3173132980985667,-0.07208188876419536,299.7
-0.47105026291230084,-0.8309132822904163,300.31
-1.004366498387487,-1.08044832734453,296.74
-0.9544887716701677,-1.1781289726491004,296.45
0.23969026366346546,-1.5022588263168082,307.19
-1.215483808662179,-0.1834690709157945,304.78
0.0539707218356253,-1.1876574536678268,306.25
-0.7181413586597131,-1.4166229755926496,371.95
1.4087072465563522,0.0814381823075864,304.77
0.5103512734391611,-0.13336757376622707,281.53
-0.5499115417438758,-1.4842797860779553,309.5
-0.24177868086767546,-1.3960025524727737,301.81
-0.7562778713036251,-1.2443688924648255,380.49
-0.4842469693314325,-1.1831030417043356,308.24
-0.017745569878535945,-1.0684708253812398,312.45
-0.8609047912686104,-1.3005780717972495,377.99
-0.8152706686989362,-1.484642925581897,253.7
-0.5354362694998546,-1.3616953169547985,305.16
-0.8925799783846784,-1.2506296061494133,370.79
-0.7994205105073381,-1.3811905280395107,375.72
-0.7226306419132706,-1.3525581548487122,383.75
-0.47419355019815485,-1.424000753304165,301.06
-0.575847468647309,-0.9243653740473111,307.27
-0.6093216562072468,-1.1061143133563727,373.61
-0.7180719893443044,-1.6150673314768562,293.92
-0.5713053297816443,-1.3227581890127835,304.24
-1.2713726627924988,-0.9363211248284692,341.26
-0.8116070148698584,-1.2923156587638345,379.06
-0.10563130613807925,-0.8519940068682805,302.96
-0.7029731755683367,-1.5459575726707422,308.49
-0.6023201368642863,-1.1459732140787873,286.25
-0.5239809509839122,-0.6106314876747204,294.82
-0.4614429071353035,-0.6650755970406871,308.11
-0.07412819100520106,-1.302209233447746,376.9
-0.7759692373714521,-0.8782353882119917,269.59
-0.8410871581976543,-1.2823970456745073,304.23
-0.7585651887462861,-1.2327200705503365,377.6
-0.4642832825946714,-1.2159674027758125,304.62
-0.591982857039908,-1.4788508569754215,303.3
-0.5721571174753928,-1.1777090547767384,378.92
-0.6895946610778739,-1.3623234326428026,307.3
-0.5033397843120965,-0.6008646726018856,363.07
-0.9477597108276401,-1.086654135135133,365.84
-0.7718304128854666,-1.2475811894286337,369.01
-0.8443198725210735,-1.298864014383391,369.3
-0.7759873155158156,-1.2753274560860186,377.86
-0.9912922165122451,-1.0974059117133226,376.47
-0.7233946506640353,-1.1547330171730814,370.19
-1.4822784891084615,-0.1618110550679338,377.0
-0.7930448560126131,-0.15260074968763637,343.48
-0.785016820798498,-1.425620142709302,364.64
-0.6722641802434394,-1.3678907443179062,379.59
-0.7182776797448074,-1.2390894905954268,370.82
-1.0921219176006702,-1.1449790518116783,365.48
-0.7323078092347419,-1.2078961475349963,373.71
-0.9411054734388341,-1.0983968764956011,366.75
-0.6156486202197036,-1.419335883541119,376.65
-0.8328966883133334,-1.2329544247427977,372.06
-0.9684232006808269,-1.2276898918954136,361.89
-0.7449007099018665,-1.117991980482054,268.41
-0.6505578458321197,-1.3224424058473125,368.44
-1.3669402163893023,-0.9285971286459208,341.91
-1.2645898594483491,-1.0377464428006493,338.4
-0.703868826517703,-1.2685768610715156,364.34
-0.8074298437237913,-1.524837365821185,256.71
-1.444312469043493,-0.12847418815047437,375.46
-0.56333455433762,-1.1897957430786472,374.92
-0.6783389533485992,-1.3933718596987905,369.07
-0.7103890983840504,-1.1009798361222025,374.1
-0.30754935430107855,-1.434341521284242,368.19
-0.6693145522690701,-1.0595049016186773,367.45
-1.012650563775671,-1.0599995995408493,367.09
-0.6724363931384446,-1.1672923212634179,371.2
-1.6676895523855941,-0.4658702798087343,370.4
-1.1890763685269037,-1.2441865326328418,256.58
-0.003134285200123328,-0.6128951115159176,378.43
-0.9880717435548811,-1.1825710888716978,363.08
-0.6922715552324787,-1.3355000843714906,368.1
-0.6951134231192537,-1.1815829119338188,371.63
-1.091875207237443,-1.359375736984693,256.31
-0.8430542898669988,-1.353954373190393,358.11
-0.8276689896435502,-1.1119094048051295,372.32
-1.0318554275953122,-1.1729767511199627,363.12
-0.8276548940453506,-1.3644428063906169,370.47
-0.6633901898848925,-1.1214132633461624,363.93
-0.9169213596619509,-1.1451386362415148,368.91
-0.9283547360568721,-1.1167367849831416,364.42
-0.6725928017795798,-1.3395636808219018,367.79
-0.7103438273484851,-1.2839953871865466,364.0
-0.7721339895197804,-1.3280883675805375,369.4
-0.6571550881298368,-1.1815717662723324,363.11
-0.6127345574586952,-1.373302723408578,367.85
-0.6959668527615742,-1.4869295020314037,364.87
-0.5651716644107484,-1.2658601048118263,375.27
-0.5412225486093128,-0.7380708519662432,370.14
-0.7685373293371076,-0.9406636031894312,364.37
-0.7018745309730883,-1.0550137908458537,374.67
-0.6833214468094674,-1.1478301706613523,370.38
-0.7565839843298986,-1.3985430692229943,363.35
-0.7232116196540755,-1.2815088879768484,366.62
-0.8320698774622415,-1.1886045858491383,373.68
-0.7296634237638084,-1.1958090739947025,370.6
-0.6119872625637052,-1.0354873406603824,379.38
-0.7587349048741951,-1.2458661680532486,367.77
-0.6694536241984986,-1.3665876612778278,376.31
1.5592308278115161,0.3060149407260089,256.7
-0.5258724718826718,-1.0875927897771835,257.32
-0.6561930740497541,0.5857297612418919,248.22
-0.17715137961497263,0.4040255929901099,228.87
0.3905155542532446,-1.351689497268141,319.69
-0.2806189522657607,1.817592950463017,241.56
-1.3049335741665689,-0.5130908135634821,203.82
-1.360185369899132,-0.6032344952497672,243.06
-0.4841118621063753,-1.6879119283549577,242.5
-0.2776564975175544,1.033731775604373,248.99
-0.8102305892286118,0.586162330315617,277.14
-0.4434975028621197,0.24445443622916355,219.9
0.6726815512250247,0.5093844114106856,245.82
-0.9547446309584062,0.01622902656095752,238.49
0.5058432069494806,0.8041309721632707,247.43
1.0109249564815441,1.1000156695802161,234.02
-0.10690113395337898,1.8060740250669347,234.62
-1.0650335178764365,1.0397376179225701,252.93
0.6807347981612968,0.998441146298753,212.13
-0.42892323902539964,1.6748585618970657,278.3
-0.6409858046709008,-0.30599497521406743,214.15
-1.0394647579562553,-0.8090370054581831,246.18
-0.39209258857246515,1.0626629441572857,241.66
1.043163621351823,0.370011933041771,243.86
-0.7394379907212919,-1.06601842602507,311.08
-0.14799853677554206,0.9667265996340323,262.47
-0.8584404417354415,0.6518222728647757,237.7
1.5721230138946953,0.3336359806284123,238.29
-0.4809405770514337,-1.1133464876367969,249.91
1.1766876975080003,0.5664354116010888,319.56
-0.6079693151140783,-0.6366306461986915,257.66
-1.3904004039138251,-0.8744085932790269,308.36
1.1933848022149103,0.5029709825499501,318.57
-1.0168540033310698,-1.2759635649864725,246.25
-1.1679430112922813,0.9026907617866953,295.21
0.5608570903226099,1.62355547888286,232.96
-0.05244205653793065,-0.10078092429592896,249.96
-0.4232938820278513,1.21263129546389,281.76
-1.0380065028542445,-1.3379481400697495,255.62
-0.47203147143497776,0.7044598459117465,311.21
-0.6230313153109998,-1.1377155376466337,258.75
-1.2882186921476517,0.8195574995768468,302.62
-0.523872627734097,-0.9392536861591915,264.56
-0.42098202550407354,1.4882521713916637,296.61
0.2020086251095435,-1.1499552633844485,323.97
1.4550501800007207,0.30971274325712533,323.21
-0.7685675222964639,-1.0057934353752118,290.74
-0.8954793303017629,1.157656902813179,314.99
0.42227221500760115,1.6139153657108154,311.71
0.4991649871596243,-0.24893336927466733,317.25
0.3088717390210451,0.31742625914421024,291.05
-1.3070730543616345,0.3912900968159821,239.28
-0.40489787602585514,-1.3306767882283843,344.37
-1.1382178250036086,0.2621572965243216,258.67
-0.890434768987331,0.3857803301475343,258.13
-1.5178207329621933,-0.7088069121446302,289.57
-1.045020483593575,0.641478362044544,285.19
-0.6754749587188653,0.6115035106299677,255.18
0.43192533493183954,-1.3808483068673614,313.53
-1.6579032326281629,0.3473156022922666,283.04
0.6978989573860201,-0.40230357477732376,254.82
-1.5924267306174813,-0.06914355238978138,321.4
0.5701056418061182,-0.6302081391975901,318.35
1.176954122849715,0.5711979966083465,319.99
0.42329412339608385,1.6801183935543063,320.51
0.2434478752048193,0.4080267673049473,300.87
-0.4045489322121285,-1.321807793155987,309.23
0.17394133997954062,-1.28334015897407,310.91
0.17697900806630704,-1.1536164877693582,305.18
0.5485217503452822,-0.7542410958921967,311.9
0.41308604988754305,-0.3992748070484563,308.98
0.09858464802727974,-1.1410961472881855,323.53
0.3447375841362503,-1.1895369486237892,336.68
0.7624455831668617,-0.32393804678882854,318.28
1.302069142588812,0.721017361558285,290.74
-1.3030076095928393,-0.17254560068023414,321.57
-0.603045441378011,1.3400904577616364,320.85
-1.4821161998668375,-0.3125501643866453,293.05
0.00014670456516095048,-0.07368612840521556,316.33
0.6301455414974847,-0.3887378193991591,324.25
0.13286796598205425,1.5505738428212303,278.06
0.2619141156118468,-1.218055656105294,311.47
-1.268613758688907,-0.1088444594052799,320.22
1.528164755556406,0.43271961249907803,312.59
0.819622548719984,-0.3687641584336362,314.02
1.2857494849860582,0.5925726181227576,302.39
1.4036634155514611,0.09725553105934095,300.71
0.09067516081175378,-1.399482134819817,307.26
-1.2683169871810787,-0.35223871289425457,306.57
0.41315123719198216,-1.051630132652282,305.89
0.13193754081670842,-1.3264038873527624,301.57
-1.5774532812803785,0.42720793956773767,303.12
0.3621753164606309,-1.4235790036758629,306.12
0.031064289242850256,1.60003909964475,325.97
-1.1266998772734853,0.011306419198086002,308.63
-1.3921792221784743,-0.32974469373733367,306.86
1.5723812278749236,0.3503793156467487,310.32
1.4087353643250877,0.4980695333493429,307.88
0.8712144284331569,-0.4199096754051879,312.53
0.8634502580616278,0.5798427617197235,306.33
1.3467174601029175,0.4395633212797008,306.68
-0.36451385205405484,-1.1571282588280731,308.42
-0.05749478776749743,-1.3469069208363815,246.13
-1.2986368705416305,-0.18949482318157404,330.52
0.722988922756363,-0.425780252543476,320.92
-1.3688357523388313,-0.12658760640581818,315.53
0.40144959560724774,-1.2171579666263928,317.93
-1.4773763447926673,-0.0002926636162361151,304.74
0.9252622729938919,-0.5593251064831078,308.34
0.33432091267957387,-1.4984942718537897,312.94
0.10518208088951367,-1.0453519416119768,304.09
-1.4586339772409,-0.23306009747057668,235.14
1.3903430611013425,0.40663564063767593,322.84
-1.5720010180955792,0.29821865075748094,247.32
0.5184354380294903,-0.3945396999330396,328.22
1.3254102319205954,0.09026528288505686,319.71
-1.6917723010236145,-0.20761356106412618,313.72
-1.2112887296643935,-0.7627093092627506,289.43
0.03194165284726933,-1.083191954095044,315.3
0.49300181838320223,-0.5937430304364613,316.53
0.3432010020495161,-1.2562426521875247,310.92
1.3725293893011672,0.425106665381625,310.82
-0.39350507756117464,-1.282427816926352,330.11
-1.419312470283749,0.16566425995314651,334.53
-1.4133130137419307,-0.1352164375689219,327.93
0.27820942283040107,-1.2797685745296257,324.77
0.35629531927776625,-0.4566227125315547,252.84
0.3547278819342087,1.7393149948861242,315.87
0.26599507992204685,1.6353793801878898,313.67
1.0140147412803233,0.5048287152298685,315.4
-0.3439235791205667,-1.3335161331046623,312.04
-1.4176121648819497,-0.1583287091678016,315.28
0.018258495617691405,1.453315127551008,314.05
-1.4935094552945931,-0.2523497060327616,318.62
1.3923125957739821,0.11879822751698774,317.63
-0.6099423919866569,1.021927973662837,320.04
1.034775984220182,0.3496610811743545,318.38
-1.4459710265343264,-0.30314365734928833,307.73
1.270992630147096,0.2160421510922237,294.27
0.22707265069490185,-1.5147603912124608,232.15
-0.061836333674408925,-0.9525622633465911,301.68
1.118990384161738,0.5647429395263553,312.54
-0.0019538085255857932,-1.542091045465581,308.29
-0.040104626614912216,1.581311569902642,320.87
-0.02880551031526068,1.5531272673941838,313.45
-0.769003318555966,-0.943173817410925,314.76
0.42265204427534786,0.7843925669515653,291.35
0.946745989694718,-0.5273839096439421,256.44
0.32051765822603595,-0.18496693221742508,322.85
-1.405126100966243,0.16444506950547613,307.03
-0.020438878086208402,-1.1387986460848154,315.48
0.22468900849910803,-1.5118384991047047,307.57
0.3364271342434429,1.6095136335894586,308.02
-1.6112297021699122,-0.17474404245479083,319.54
-0.02190020848049847,-1.4475375053777157,329.45
0.6237773051162899,-0.7909844685723553,315.83
0.14112711241673107,1.43722312600579,320.13
0.112995541601832,-1.2286738412097877,312.15
0.3379621326960763,-1.2463213092915955,308.73
0.2706438808586709,-1.1147087279769354,308.18
-1.0650591666480846,-0.450413843125484,299.95
0.30322196624639414,-1.037078557733719,314.8
0.6910087228613703,-0.5237256150175775,316.97
0.13463180382319256,-1.0348516748429624,326.96
-1.4711765782574557,-0.1585946970110189,306.31
-0.31468797802393284,-1.273251798419859,313.97
1.0955391541629294,0.4398380175482099,311.55
-0.3545322793786756,-0.881977820783701,315.51
-1.038861884899629,-0.7095368084898792,277.17
0.23477993007538223,-1.3544097430544004,303.71
0.199535865077636,-0.8546984940613951,276.96
-0.6206093057293027,0.7248667073877565,303.74
0.1843938588169831,-1.0937206387072336,315.54
-0.7551483456110335,0.5504418735177959,242.1
0.23630294293624354,-1.2417553107136072,320.38
-0.3016645337106928,-1.223002810468616,318.96
0.6996277200863663,-0.4454921094441284,323.42
-1.448298478939911,-0.1163127433117723,310.27
0.18324178709917344,-1.4571301625536257,310.39
1.0366527945675226,0.09318098801328037,303.91
-1.616031034229156,-0.3865394526239318,314.46
0.6505310221931914,-0.33752806049300127,316.31
0.2180327795653309,-1.0179726492954673,328.05
-0.6184524165696998,-1.4138179241268292,303.54
-1.277968147472633,0.3159854915027482,322.62
0.24887427393669584,-1.387952019258576,330.22
0.3400780298042137,-1.1148255851033768,319.1
0.20810838274296733,-1.139478405073709,323.49
-0.8944293274423029,0.7975363404593494,307.89
-0.12357042825390108,-1.3710604500647103,316.79
-0.15655047192286278,-1.279968813230694,312.36
-1.4336945663927565,-0.16024268702773334,312.96
-0.38163320085327457,-1.3381798469363826,309.73
-0.4174784049541914,-1.4409874852730202,316.27
-0.15583360377999037,-1.1621976843985744,326.57
0.3886027979462827,-1.22067089161245,327.65
0.5260017179672343,-0.4131864131643177,327.03
-0.2579946679939095,-1.205334699165465,322.6
0.31236678289761727,-1.4160227090028543,314.0
-1.5036631788962744,0.5622893009064092,301.73
0.07994991762186154,-1.1476634944798632,333.86
-1.4371907080609874,-0.014816919417230803,316.2
-1.367852127753964,-0.367671927249942,318.01
-1.3444909296170677,-0.17521707729963418,321.38
0.30297889305940745,-1.454456304182151,336.14
0.07838529752900467,-1.2574280405829026,342.93
-0.040221561085976305,-1.2306914970616676,339.82
-0.273811676175872,-1.296513155051662,329.53
-0.25340696843098454,-1.3422315548991295,328.57
-1.325253338597096,-0.04006994123500993,319.28
-1.0674863114700428,0.01714703411412254,315.71
0.7009469126561917,-0.5780240475936572,320.53
-0.5379255293414386,-1.084088419445318,307.88
0.43176378396611,-1.3917123643724671,321.53
0.16867794033213318,-0.8551895378671417,323.54
-1.5477248827588619,-0.3087088414458824,318.98
-0.3425872917105568,-1.2496961356563216,323.24
-0.059272065987003825,-1.3585406839543333,321.51
0.33813980265952975,-1.0262555204649078,321.64
0.1757062241743248,-1.2546758273722485,308.97
0.3128019124745385,-1.1229806252548142,321.64
0.28897758177955557,-1.3283478714580774,322.54
0.2811036830297971,-1.460067374834909,322.1
-0.22819973270554653,-1.3524776053804528,314.81
0.11143225642576655,-1.4732914437754276,315.58
0.33732924115947255,-1.1461789763770747,330.02
-1.3978102522179305,-0.06951110197688515,309.18
0.07654003676045482,-1.3142335754654317,316.02
-1.2146666029230166,-0.20848628437334707,299.01
-0.681900896668046,-1.3165977112201943,311.03
-1.4345656917497465,0.1351519888909318,307.86
-0.24221266504405653,-1.274830291336095,317.4
-0.005731429524391711,-1.0860469533009762,307.74
-0.243792282805839,-1.3129999190894754,320.83
-0.2574235389781369,-1.3096081275871503,319.85
-0.4978626215170206,-0.9668815131466146,330.3
-1.2850656162827185,-0.11353990068787612,324.36
-1.518373463909846,0.15118940891935562,320.58
-0.023325145516461088,-1.3450524467467615,324.39
-0.22194822355929208,-1.2959809891565588,317.38
-0.16474867469326157,-1.3374122048567532,314.94
0.3463429965290395,-1.1566397930538732,323.02
0.19391269462950173,-1.1990428588899924,308.08
0.5327515647514067,-1.4083729471128799,311.21
-1.2696508919052458,0.04130165201438415,314.8
-0.17457699639492077,-1.1862629643060119,313.69
-0.2015205696264201,-1.422422997034764,320.93
-0.05224571433955405,-0.9934901988323792,319.19
0.02820362220270358,-1.8023584364237013,239.11
-0.3718765383771119,-1.3150493915393267,247.04
-0.5357083379526308,-1.447877220936267,234.63
-1.4329008066741862,-0.21578707462538813,305.72
-0.7335922872260343,-1.0155167740728945,314.12
0.0852803155857018,-1.5242544662310975,328.22
0.7734158429791693,-0.5394132636370715,316.74
0.006782449865282817,-1.213840792580603,319.02
-0.006277286712248647,-1.339104979446719,334.24
-0.0004782210996796979,-0.8887923558196994,329.04
0.11670303725202207,-1.3029567567009994,318.31
-0.22593053941466754,-0.2371110966939635,322.99
0.37085577820102306,-1.269595943748801,318.49
-0.05815982242072974,-1.460681231687804,319.18
-0.38118273549802084,-0.8598467078749843,319.56
-1.3734519836035162,-0.16883097889791884,306.0
-0.6628535859267415,-1.1981262575180918,320.09
-1.3695404775022373,-0.0818226871867427,313.99
-0.624529449595344,-1.2049432484441656,332.1
-0.08298120846455441,-1.355015027904427,324.61
-0.3877039405741529,-0.8911251163501407,314.83
-1.4388761254754032,-0.3664107945685043,322.68
-0.20041563023703018,-0.9239982885390617,321.45
0.2843139425338599,-1.202937214685557,313.17
-0.5023372352609418,-0.9141057031160043,322.18
0.07852479265351275,-1.1786818167374244,319.15
0.13478680546543467,-1.4211812081564585,320.86
0.042022342799505764,-1.467353431724995,322.71
0.1627704782907957,-1.4921073010295833,327.7
0.11934942995398287,-1.2642248724761818,250.15
-0.10509930401668935,-1.5923108483778379,322.53
-1.4393455241821373,-0.2429125016487956,320.19
0.11949876392563431,-1.317855804415956,327.47
-0.09288497156334713,-1.4284115811873486,322.31
0.043849005788995817,-1.4194947783277707,321.18
0.3644914590925027,-1.3000568630312717,317.92
0.3398866088740599,-1.3599743189863913,317.53
-0.031772894788886875,-1.0284821520953098,319.65
-0.5713169095823412,-1.2578212685895038,336.87
0.24489878774635554,-1.3430944866093915,341.13
-0.31482850259449247,-1.203626175075295,332.37
0.04673516700498198,-1.2244911593915493,331.84
-0.6613343811540159,-1.4350441040718258,322.36
-1.5571291607265132,-0.018355683645431702,315.87
-1.008208995039729,-0.9730492584125024,317.61
0.17714255477099689,-1.3451598060447434,308.97
0.19065456606036973,-1.167073205971163,309.81
-1.235466320072209,-0.12644732604022169,323.32
0.09261008819866748,-1.259300624024557,316.72
0.2590215410455191,-1.314730660797452,328.83
-0.33147934835687837,-0.9416712739629443,322.34
-0.41756387604355627,-1.1914847626841407,317.51
-0.36445031430513747,-0.8342744188307659,323.32
-1.3943031708256823,-0.18480798910113078,308.42
-0.6421448807197409,-1.2862586495976005,313.52
-1.9099094069736218,0.11723666294021949,234.63
0.04846535658039607,-0.9005971146281346,314.69
0.5455651557281443,-1.4842476237950633,327.73
-0.598063787545706,-0.8581321644150149,322.63
0.28898877668252604,-1.3114784775108717,340.48
-0.7120186956392567,-0.9431643132151774,325.21
-0.4035560448172742,-1.5452461907569603,321.62
-0.5068504370441657,-0.9290558736056291,317.35
0.3221469801992391,-1.2728896983676852,321.91
0.11321533679515033,-1.1482525869052482,318.37
1.5871775098841312,0.400123935898174,323.19
-0.4032072687740254,-1.1570533910256544,312.32
0.020903517742198393,-1.6071682497107824,237.66
0.43263643106402394,-1.2018834583667823,324.85
0.25490671881011934,-1.107101171771125,333.36
-0.8696317286397868,-1.1764110929551281,332.22
-0.3263149217977277,-1.3553471309509222,322.69
-0.10521868182244842,-1.2403620447685253,319.39
0.26142569950638556,-1.2466717982892928,327.36
0.3561500925641094,-1.3138140712326958,304.05
1.1938896064295828,0.1970861012729195,319.44
0.14056969222722465,-1.4359311629492657,320.95
1.0839507315876806,0.07584642494441943,314.18
0.21817725846956312,-1.3534980739892362,317.57
0.03025635455414109,-1.5457126196737947,241.06
-0.46096611940958204,-1.4047885784931984,319.81
-1.555806678365508,0.502188735550228,241.49
-0.013177337494499545,-1.340764108337298,314.41
0.17085068848638052,-1.3515049257343454,319.97
0.15532977758088423,-1.2497769874035276,307.71
-0.29196363728482533,-1.3841547442648736,316.51
-0.011670911507380765,-1.182708730697669,308.7
1.340178027593869,0.24639331297863892,311.9
0.3810808075092742,-1.3058696913719405,316.6
0.11131080546376648,-1.2225309193048672,322.16
0.3616198171573878,-1.4878657546148963,328.7
-1.008885809626966,-0.370259098002641,270.58
0.7364654608869561,1.0693020958365644,224.66
-0.12119417411886704,1.7398091168602914,257.77
1.2071786673617286,0.5803500645815057,295.24
-1.6413652865357893,-0.7442724205517534,221.86
-0.7796752405856913,0.2981988107352026,226.91
-1.1052405342885063,-1.2391925998894402,248.19
-1.7185635998974047,0.4199739678731074,253.07
-0.9909671996422774,-0.6170864608980947,250.39
-0.45865425499493134,1.5138883584226772,254.84
-0.5100148769554569,0.24619408007741073,228.11
0.5615730368530629,1.5864416650139335,262.54
1.3832838495478978,1.0874747216151601,265.65
-0.6771734346669204,1.5165270227629102,259.96
-0.43536056245741694,0.25998252926742443,217.2
-0.6691156486371419,0.7648437492351853,255.51
-1.0290698489003198,1.1999854933434917,257.96
0.8344796724935329,1.1787230074674007,223.64
-1.3780750992286082,0.5033029303657331,253.68
-1.6316061377443254,0.015099098322342767,283.21
-1.381631303863706,0.8778380414847207,274.6
-1.4550203704881604,-0.44844103594305823,258.37
-1.0341236250983004,0.04495560160066348,268.32
1.2556061387188748,0.3747044810745605,218.96
-0.5491480457618308,1.348632076086885,284.51
-0.9305206917934451,0.7496600691197295,76.43
-0.9706791648779827,1.1633721685293958,105.2
-1.0579889714479833,0.42102079161975964,116.35
0.02971913444504359,0.3165821370946101,233.52
-1.0275970073283378,-0.45792578407028917,252.21
0.4442678740134929,0.898201517431318,224.13
-0.9122339022482989,-1.5108430090922533,280.79
0.3014548023107987,-1.3009011162948019,373.74
0.5143232484789667,-0.15407374658883569,349.54
0.8505435927384453,1.183472724580654,274.21
-0.35824657688449335,-1.1235164980423769,324.81
-1.448302996303778,0.21481947335311805,360.69
1.0151195346015425,0.43899887596856846,368.43
-0.7000092487247545,0.49153217677180927,369.4
-0.5593484085644022,-0.3238384773639039,292.7
0.4007528349727623,-0.12471390844278452,367.62
-0.8361579816650516,-0.9195394682513043,342.91
0.24410870251426495,0.7425610122171296,329.75
0.40986139436037383,1.6837443657558997,320.84
-1.0144305592360148,-0.6917587657289797,334.98
-0.001829969822517669,1.331570401953965,379.21
-0.5486812337426635,-1.3025363767913316,313.51
0.6454374881840437,1.7502771351318653,337.49
1.4927070189370344,-0.16717142097249743,373.71
-1.0638448608934175,-0.5303563387377218,344.55
-1.224175321955232,-0.12841187103575527,368.54
-1.2502472319459335,0.8430460128260996,349.44
0.47242934126682107,1.3777000039754914,367.92
0.032159837495976965,-0.8525361828621116,367.32
-0.5710358709663127,-0.1764388069389442,332.01
1.4623291222490589,0.19886236358676215,370.4
-0.19332415119219123,-0.25276257261316565,372.95
-1.3037995403078053,-0.0847373752002819,356.06
0.7803396013033264,0.9827218186756042,334.99
-0.07528066548055734,1.5125476229425605,338.76
-1.415326243007042,-0.37574078687389695,343.67
-1.0409144677764854,0.601351770148988,341.8
0.7520782090227185,0.3253532771145187,347.8
-1.09598307046044,0.9888908528654576,326.55
-0.7827787739310788,0.5219102315873154,349.94
-0.630954930199776,0.13006125291106788,192.5
-0.7397715617748114,-0.2560650544514098,269.17
0.9120564587477773,0.46561197539368965,353.38
-0.9095234637568202,-0.2909910933360019,177.88
-0.5749533668615665,1.6185665671461118,357.29
0.59811948223468,0.8176268070277521,237.53
-0.614770313775091,-0.7706235436846531,357.92
-0.2100321473495348,1.186242307650487,366.75
-0.24550202202453145,1.3193663058287455,362.96
-0.8064482567906419,1.1428179306676052,294.98
-1.467269690751575,-0.3838766825919141,367.13
0.4696616295964051,-0.16874075528248553,358.32
-0.7363532876663068,0.816196187352618,369.35
-0.020464104760858436,-0.07551421554209584,367.89
-0.9202756205990575,-0.6334273571945462,307.28
-0.3726562796605578,0.15726433453259683,321.23
1.2247707818874507,0.24799064502489748,371.89
-0.472759499674407,0.028731277683922172,330.96
1.5212542772356683,0.31409537486697664,358.61
-1.062530539235851,0.8797161149585984,360.49
-0.5154196175340398,0.1499564267235157,318.29
0.7159072783502668,-0.5929938654216597,368.48
0.34314343789703583,-0.2279137690185323,367.18
-1.005043541654379,0.7710356228664911,364.67
-0.4003738242354677,-1.0581375938836555,372.65
0.061328805652368965,1.6023128712853894,348.15
0.17730143169926457,-1.293785049793434,369.46
1.2364637023619485,-0.17504461583663355,363.12
-0.8975455723412736,-0.862348873357973,362.49
-1.513932809992901,0.11494974087888415,363.07
0.979835905203073,-0.3146139250178574,375.34
-0.6568259608694301,-0.448028373710249,332.73
-1.1070012484329912,0.9529155776648057,361.44
-0.4405520437711445,0.7115253719998532,362.93
-1.432789903363465,0.04179865911298728,347.05
0.8862757195209737,1.258143902556335,336.85
-0.8752054014162118,0.6184026758912748,365.92
1.334728044865561,0.09633533994989721,346.63
-0.1626274136022517,0.07976167102990696,165.28
-1.5074329663097432,0.2231706653505596,323.99
-0.02381355267388945,1.3690636380511978,337.81
0.6084676533703923,-0.9322995377020348,352.87
1.2536190118316972,-0.007097071702282617,337.7
0.27133667891687735,-1.5595982358144382,371.26
-0.10614650036074282,1.6840054202266252,369.86
1.4273942213748705,0.26741819708607667,339.37
-0.2644926392504396,0.4347549928421835,326.63
1.1388457440179294,0.3245696459987099,360.63
-0.4979203528338406,0.644085904735881,333.65
0.03367770585450737,-0.048622728169886845,347.83
-0.4521426855220569,-1.5376300597441672,335.65
-1.1823744056820014,0.027385526011515463,351.52
-0.8783419913434722,-0.33484951316564027,268.53
-0.8555819879621716,0.3140890303315996,339.63
-1.3706270267805916,0.44729728098566973,362.85
0.0554301387679046,1.1806112158001847,366.37
0.9572618746133511,-0.3851414626895637,364.13
0.17444765788896868,-0.7775338258768546,335.27
-1.1852822688512885,0.557480419381018,325.6
-1.450541525099122,0.5480386772824892,352.96
0.12870516961538703,-1.610404356171053,374.42
1.0731292963546157,0.8800996032247935,368.41
-0.5647413032082015,-0.9891855323070299,366.34
-1.424299921400603,-0.2619389970536031,357.36
-0.5053029152718153,1.322316685754309,367.3
1.00054074579019,0.31017487898716534,364.72
-1.031465240922628,-0.7373909694812308,362.3
-1.328322021000597,-1.2653645353447263,370.73
-0.8407788168781978,-0.994702827199973,362.1
0.4346328813134681,1.4375656907212013,334.74
-0.12684905066104396,-1.5461837899459037,373.83
1.2101388726703637,-0.5485606953448017,374.57
1.0610191759643628,0.8738794777029787,360.77
1.1886010583940594,0.9556998206920608,363.92
-0.9100364766400064,0.890094737039159,372.34
-0.49490631076469715,0.7196440149741948,357.59
-0.6839690944707641,0.4555375796710146,364.4
1.4720072385077474,-0.039170793247748116,369.41
-1.2964383644459683,0.8823015467074357,371.98
1.0512237648826415,0.56981669167058,377.82
-0.4853096549130297,-0.7086599250232024,364.44
0.3732117630491287,-0.5948045089409939,368.37
0.17422894173323483,1.4176447944127113,345.29
-0.6861891962818629,0.6304586741118687,355.3
0.989761068505106,-0.06430886208836313,363.8
0.08145437921874497,0.06422287195260566,368.23
-0.010686134386637115,-0.6734765149969485,365.03
1.4292479211644193,0.3185490340085859,344.55
0.4654175025857124,0.019124084687389166,360.24
-0.12581342937252749,-1.6012249508482608,369.14
1.5282373015448034,0.41607464088444956,366.77
-1.2970554808734458,0.9260180773781717,361.87
-0.36157472226760684,-1.7130603425697914,366.05
0.9255110778225698,0.46338796462107945,367.72
-0.8349401865959685,0.5863640783582089,366.92
0.8644664664565863,-0.2435485233100999,361.9
-0.8051174548694999,-0.8232761070812874,364.53
-0.2699120721316216,1.3772065687760433,371.02
0.6913106425877967,-0.03308446576861763,363.11
-0.9392986944324265,0.7303978868944999,343.79
0.05073523857787668,-0.3406332459168114,368.82
1.5377146282515821,0.634047882849093,360.26
-0.5255212467576125,1.524856191148939,358.68
-0.27715638182401126,1.3987588006878793,368.65
0.8043589732400953,0.10478976052250724,369.25
0.8461032115501992,0.5354132654659879,375.13
0.924021668128108,-0.2835287589554696,375.47
-0.1718087761865457,1.5573312433300068,363.25
-1.1765060094938704,0.19760520555702674,358.23
-0.36691105889018755,1.3428164058621623,361.09
0.7213000477017194,-1.4674743348057893,364.04
1.0186152984246692,-0.09047925996974636,356.79
1.1097389336014152,0.5013789856179683,348.68
-1.701135393540841,0.7206100299839899,353.5
0.24855733945292294,-1.1603913818744267,364.82
1.5615722187635266,0.17182263268255543,353.13
-1.2212749438780728,0.8796333134296126,356.92
-1.1303951083623098,-1.1206199426142203,352.39
0.8963500277524203,0.6665206882931569,369.78
-1.3158014505652889,1.232404286917563,364.15
0.6516373839023452,-1.1096134940499993,360.37
0.19010496870394533,1.752819047002382,357.82
-1.014548465206346,1.0236076887021182,366.67
0.4167995166691899,-1.438615928565143,360.17
-0.4328371529845947,-1.5850677928334773,374.61
-1.3224400543887467,-0.21034493610498178,361.9
0.18054178038452975,1.287447132032867,350.4
1.0700154985207893,0.5252952989589242,359.37
-0.7329542163040852,0.6991908899653364,351.94
-0.6388317228065868,-0.7375418998117852,364.37
-1.378457606997773,-0.04206494046719324,352.73
-0.4613301779206845,-0.46325059142642877,371.33
-0.22004716499046814,1.0885209544735799,372.6
-0.006612286972869653,-0.027357055278796755,359.75
1.2257074342529455,-0.0003807994658067946,369.6
1.3257666020265826,0.7650830047776737,361.14
-0.4420783431700673,-0.335548102513783,369.73
-0.44673687481392726,-1.2921706200286287,355.89
-0.345676388294049,-0.7940565247908474,365.26
1.180850316439705,0.3889198689421543,363.03
0.1437771527297389,-1.5256003795581898,360.07
1.4214857683479651,-0.5985404003699579,369.46
-0.1168775026872676,-0.2803918237026123,366.58
0.25032251544468787,-0.2866308549269767,375.03
-0.05191598565335309,-1.533012039851373,370.28
0.08659551423189593,-0.623999420816441,363.46
-0.40739935715127484,-0.6105135874282699,364.73
-0.8785778868844323,-1.3297474933560058,369.41
0.49321430510008574,-0.9397025415203573,380.88
-0.0629217576756927,-0.9430312155359415,369.68
-0.28474842948666407,1.4502395527233967,334.86
-0.28104366815795306,1.348272943511321,352.52
-1.1742898813026403,0.7736324339636933,363.98
0.3325178465934719,-1.000343326586406,374.32
-0.11032391989111674,-0.33402173402910995,368.82
-0.7826635019024251,0.6534442932484762,360.2
-0.05380395860007657,1.5865839451466504,347.12
-1.4755840319083022,0.9486384666140962,364.08
-0.2385376573754909,1.2803544805615072,361.02
1.060895142631666,0.3786194815149281,369.4
0.9071722261288118,0.8002395252537571,377.15
1.356319391209921,0.7137333361009813,375.31
-1.1344379784925898,0.05447055866991491,360.31
-0.6224504582178535,0.4810501162634505,370.69
1.5764451909269057,0.05794194241211114,369.78
-0.5933345492144809,0.6592066237072501,364.29
1.4765397465055556,0.07145310277589077,376.07
-0.8099181735369632,0.6437377893639272,349.55
1.2853278031841182,0.7781101928915732,373.64
0.9966475242321131,0.2161991685659134,358.14
1.0387690232948958,0.527376121339843,365.08
1.5581182466334982,-0.21196179001414084,356.32
-0.37834033935043104,-1.09448685891918,360.4
-0.6468654781144446,1.536978823464438,359.42
0.9780630340554087,0.7687061302153191,365.67
1.2630680302475201,1.2081110968792865,357.97
-1.74291160039067,-0.23265514562087494,361.68
-0.5988131124280497,1.5356484322610031,357.24
0.9909560735328722,-1.0796758350345546,370.23
1.0915047164396472,1.1133743742570794,372.88
0.27927578261951663,-1.3197082471025927,368.13
1.1616793709964706,0.9903867370638947,366.07
0.9090939326648471,-0.9749274817813395,364.65
-0.9135314508764638,-1.1696050512124039,353.5
1.5814309212030422,-0.10996747160137359,359.74
1.3801060699411993,0.798578428698921,364.43
-0.3176349411720751,-0.24644211067240568,364.64
-1.0221936854294096,-0.7754160941494597,368.93
0.6256151326960513,-1.0642046444064388,368.18
0.07885679864838453,1.3672279513147576,357.92
0.19334574677520855,-1.485011116774122,352.69
0.8325208931372001,0.519185291139221,371.85
1.31195242779378,0.4641990773334485,362.31
0.3369967141473101,-1.3627175154323667,373.66
0.5562878370111479,-1.3011813968454389,368.96
1.02570969530686,-1.1154230795198057,358.75
-0.2458362792755185,-0.03796698392774616,352.33
-0.15314762505988463,-1.474273064988108,388.86
1.492689265914443,0.5137381235402584,350.54
1.343763719237847,0.49285884126607016,370.48
1.1388674109312926,-0.5503008493393677,367.82
0.11902436731490315,1.47496170512165,345.78
1.3863963609063648,-0.011321071058523454,387.39
1.4328338202456932,0.16674670835721397,362.15
1.1848635358138468,0.32829776209012357,367.91
-0.9412187817735442,1.0793891540117342,359.73
-0.9959476462317234,-0.8894747197655329,371.85
1.0586835169976514,0.6620644944856957,373.4
0.17558642921312437,-1.4088694219972846,366.96
-0.20194288672555127,-1.5200176258367288,358.81
1.1457106090456415,0.0803733807090055,367.7
-0.3913323416318859,-1.5879188684831593,369.89
0.6896381320033607,0.6354339713596632,357.04
0.6811729359893742,0.23435789620003578,363.03
0.918638330515477,0.9144421328823472,367.98
0.9470861511942633,-1.2346280065176711,369.64
1.3066398922344924,0.7618943754478626,367.93
0.050841112478500525,-0.22367875049714717,371.44
-0.014589919632439495,-1.1111590319377787,365.64
-1.1520947561081454,0.06334140914949818,368.77
-0.8975353553886382,-1.2400975740960156,373.47
1.0813705350493066,0.3524961331426748,361.2
-0.7737508528567764,-1.3020004096386528,379.41
-0.9303650458806485,-1.242014855372376,367.94
0.6025511313755005,-0.47747771378978826,371.85
0.8871256563348987,0.4475322539464962,362.81
-1.0570546718802436,-0.051955166277058526,361.35
1.037602294201548,0.7391970165278292,356.67
-1.2991630807685686,1.1135290554487733,346.08
-0.1969356769548801,-0.6888488100654714,362.13
1.2086052645672278,0.8194701157206576,369.65
0.806826472637574,0.6021965805304188,359.09
0.7258040994057461,0.5056344146262486,368.09
-0.12272613354047257,-1.4524652511728975,375.23
-0.520545670820391,1.3828730045850495,365.94
-0.05570216570981568,1.690705178542162,362.74
-0.5171138357119172,-1.5733274275425875,365.15
1.3894614094153213,-0.12069801322956089,359.61
1.3212247959911325,0.28801222747926547,363.59
-0.931362811938077,-0.7829857550021624,345.06
-0.960913867729002,-1.1875189763056375,361.95
-1.04669808008724,-1.048736403192071,368.64
-1.6899152655833938,-0.25955466258430526,346.4
-1.148173400956828,0.8004314311447943,362.67
0.7266480940025505,0.6466340116071463,365.18
0.015913781758303342,1.190750201647889,361.39
1.1479918232062492,-0.6066832485247158,382.0
0.25448510391291773,-0.07838112578546408,365.55
0.47089196838109076,-1.3927656193244664,374.82
1.4806155086882105,-0.022696843452146644,356.53
0.9367672953429619,0.40597830032017584,358.17
-0.7451354909978696,1.4022236197735747,348.05
-1.6957974965371274,-0.3499338999739462,356.64
0.887394524515975,-0.6589051988880416,363.93
-1.752801172235129,-0.2781025628585125,357.19
-0.3490586306533388,1.6137754918222842,358.73
-0.3072913548017498,-0.7243226732523449,370.67
1.415357368167751,-0.12811906276944338,367.25
-1.3734974440062697,0.25537676117359176,367.1
0.0013391244908218848,-0.8757925379167264,364.31
-0.5720368577164351,-1.1985951870970484,354.7
1.2266111053448834,0.5490636869801003,357.51
-0.07979833353995291,-0.85869404024906,371.31
-1.1079633080217932,0.7910050193944511,355.13
0.17440830679229394,0.052700667969732176,365.02
-0.34531792598694044,-1.3131777751657725,365.1
0.9256098371328272,0.9548756326283975,354.94
0.42858505771176797,-1.169737637842571,360.57
-0.43092612615909137,-1.4615294543963957,360.67
-1.7598206464603987,0.07789100063499028,361.46
0.6909981736959436,0.6635442041133737,368.48
-0.9535813351510927,0.8482251359710263,347.62
-0.37180206544007316,0.7922821221808329,233.45
0.794133719407877,1.3133958162491643,236.71
-1.3753775149612357,1.2067563250371531,251.29
0.5075478140040071,-0.49548656683325476,272.08
0.7776724445469053,1.411026222298574,258.42
0.227023828377019,0.611378385471312,230.66
-0.9348266287108011,-0.4026059756952877,253.17
1.0387552718962552,-0.45122701862076575,254.85
-0.9230607759768684,0.4512600501865377,225.16
-0.599007063426812,0.7868710443269108,254.77
-0.9417124845363406,1.1138881427362157,257.84
-0.32715137161957414,0.31792052338189514,272.18
-0.0906261636467674,-0.08788393780500184,269.44
-1.747447775459442,0.06547957338602778,246.03
-0.9440347415368727,-0.5833411768094999,220.17
1.4331849325958537,0.879563987578531,260.55
-0.36200162380455236,1.2633480876076304,247.7
1.2525660692047604,-0.3977625729607398,255.55
-0.2414174090223135,1.2055512310199263,260.63
0.5281134425236891,1.5265363480478038,218.4
-1.1054129330415647,1.386825544516365,258.74
-1.0714042961361545,-1.223516326190265,261.74
0.784172292036565,-1.466951477606651,251.72
-1.3229406641573696,0.23585587181330597,254.71
-1.1795484615847827,-1.0441554700342879,249.45
-1.6163056174783128,-0.23193582772466975,283.83
-1.1336798071775567,1.2343577776780148,250.25
-1.6228855321143043,0.5380208705237137,247.8
0.6171110461964778,1.7469976421690838,251.41
-1.9459416973284143,-0.07604585115515611,254.15
-1.6720880714101938,0.11217969067119486,291.54
-0.8998126533314529,-1.1961992354917481,261.13
0.6902837597381172,1.24358433041602,272.56
-0.6314630183806023,1.64776154876793,259.76
-0.4948864187125963,1.759966091617951,295.07
1.0740824175087456,0.47472720505792526,371.23
-1.4909024444390448,-0.6149858685730516,224.98
0.3113756125144871,0.7105479101252883,284.46
-1.3278479581793035,-0.3677064013094005,368.31
-0.3714303756540028,0.17420354799882182,332.03
-1.0214595711720538,-1.3163793780598256,374.7
-0.8213488537249537,0.8267255625262078,351.67
0.6591343813317465,-1.569697279573677,381.66
-0.31055943527960445,-0.225586219514088,336.8
1.3683202997744137,0.8690175312708696,361.04
0.9549641979278259,0.22067119452501413,378.81
-0.3151747117334142,0.38361172763416174,322.92
1.7334203726070363,0.48664727057200835,377.17
0.10412960818297665,-1.5070057536645918,372.3
0.9407601994850646,0.5092859499316924,343.19
0.4539070077567548,-0.39500753433784197,374.22
1.1912653047059683,-0.6296002551248929,364.98
-0.44576546643023746,1.619441530759867,357.68
-1.6500626009230266,0.29336502138922205,348.53
-0.9181409115598319,-0.5385913515130711,313.17
-0.629126541978068,-1.1882878166260449,382.84
-1.2033545580976504,-0.5330389033285429,330.22
-0.6603195907006907,-1.4514445015934716,369.69
0.584201080350525,-0.6715889318223517,374.76
1.469657678183895,0.8120719125147385,360.87
0.5249748507089843,-1.5110069689549193,370.83
1.4753506164502148,0.5966363827410605,361.46
0.949004087629358,-0.4212452146043856,375.08
-0.08920912203858027,-0.9638883027107873,383.97
1.0884100688961331,-0.9600677462368559,368.58
0.6302637877111218,0.6784064268619265,376.55
-0.12958149241895697,-0.642526724813384,369.27
0.31262426702906787,-1.0323126992419551,369.33
1.0838370410513036,0.5777449791915183,366.96
1.4200304317522965,0.5525430342058375,378.29
0.42418799595941586,-0.5443704310251621,372.01
0.7436807013905655,0.6890390944427047,335.84
-0.7936563658088588,-1.3578074034130088,374.06
0.5361667344609795,-0.1979242080582738,359.89
-0.7118288100518475,0.4352870086403372,344.45
-0.5283335247413667,-0.40610169877306534,356.88
-0.46389077393494893,-0.9803885466951836,392.19
1.1592987641995094,0.7975429480899682,382.29
0.4698583549136881,-0.04590007827439373,355.51
-0.5545175098586408,-1.1038328214879858,363.87
1.2554554070015045,0.8024286305117286,368.89
-0.8347759697905434,-1.0449513404496213,378.82
0.045411249062241,-1.7630423433147095,373.54
-0.161741222123018,-0.10582588165817156,371.04
1.2002893754043125,-0.04160523580689917,370.77
-0.7132434906871047,-0.8781340789577371,361.68
0.6590375758119025,-0.9170011988113809,368.23
1.5398851884930804,0.1340048344122026,375.53
0.006027715301897433,-0.46273607033120784,381.89
0.35662126002357003,-0.2757315972752782,355.72
0.23192044901838912,1.5835992095497533,362.7
1.4893114824023697,0.8897159844628589,370.28
0.44075763353901454,0.4183061335043574,384.66
0.6751379247671404,0.3489938316628486,379.4
0.8979206384757663,0.6479905592748917,368.76
-1.4922308963441888,-0.48815673845576285,370.76
0.6412290643800408,-0.4590527176316751,358.87
1.0495372512962022,-0.37051848303246576,376.99
0.2383237106078058,1.6554570120209906,346.32
1.5156675076085646,0.556505888478174,368.36
0.6903837384975694,-0.3367829982502696,369.4
0.42899274148815464,-1.443035683102915,383.67
0.435522455888468,-0.7512727017712139,364.73
-0.7548102004187509,0.6514359784042926,372.55
-0.8884666247049243,-1.0852699718164525,359.45
0.49193018109337094,-1.1343564677322937,374.68
0.004113126057541467,-1.0460597575827235,367.82
0.6883997049629227,-0.7323798310616245,361.93
-0.3604299317504111,-0.4465767763622046,366.86
-0.07687057809761862,1.2288429811620394,372.43
-1.0665623198124488,0.22217107828661659,363.38
0.9902604039324961,0.7622462911126177,370.84
-1.4129284505490478,0.2666264057564071,375.66
-0.5796354062242326,0.8283531170607068,372.07
-0.951443993751538,0.6549443052788864,368.12
-0.7944764814738401,0.5316837097001083,359.7
-0.22743053176298547,-1.5574357493527697,371.58
-0.12077255438766753,1.5656984243895629,379.23
0.4041707588396031,1.5094746666649659,376.53
-0.28895212450283164,-0.38938007371191186,368.72
0.027434559931695718,1.3542382975523275,365.34
-0.3610856599880059,1.4875836618998899,374.56
-1.3815274537576867,-0.1548165479956666,374.84
1.5608557948763426,0.3886982797379117,358.56
-1.6126899245096384,-0.48974235619537215,371.01
-0.9300077945775921,0.09607870555066476,373.88
-1.4650862868413659,0.07104502728581134,375.32
-0.15003120677390488,-1.3267465073680345,371.2
-0.45379341255782035,1.356615783061609,366.51
-1.1940743855289653,-0.4152781801062766,334.63
0.25448318612891047,-0.9905702738580962,372.04
-0.37084802035676157,1.4089273726443028,362.41
1.054144006492962,-0.5054344844544584,373.59
0.1168262533045317,-0.0488932271053462,363.18
-0.6552778572785878,-1.642370385461997,363.06
1.4728180978349124,0.08981558703758516,372.74
-0.052120481884704604,1.753777160375826,370.45
-0.3144980341422355,1.4136955996650524,365.65
-0.5084075881826791,-0.8667925025078729,360.87
-1.2524474293701857,0.9860493079545123,359.6
-0.895056895772345,0.7662465757813196,363.85
-1.501137365992917,-0.11802518244663701,368.85
-1.3930543321831363,1.1262024877772587,362.96
0.7993103291325121,0.09732484796820605,383.24
0.8247846224135988,-0.3083194105803138,367.48
1.1666263290635495,0.5791444449806198,357.34
1.2267979917636926,0.23799118263972596,370.84
-0.14423105168329398,-1.366181106732987,374.03
0.600127797631782,1.6901127475886712,376.36
0.11129276739614415,1.0068171569476732,373.87
-0.6147509195996519,-0.4853928707586796,336.56
0.25956538838854887,0.1283225909629584,371.51
-0.40899729318384787,0.5219936095967076,368.82
0.5406555294604156,-0.2498924958319194,372.3
-1.3312308241795767,0.16356627370856672,342.24
-0.5790854499360821,1.4198048833257804,366.94
0.2347465153253445,-1.6026552002356678,371.29
-1.565864986954073,0.167793887864505,372.01
1.21104597779961,1.2165873052296696,369.92
-0.8734913437432892,0.657327823206873,344.91
-0.6648339926378274,-0.749894873971889,375.87
-0.7264872650591142,-1.1653117306243763,356.25
-1.3134533687588195,-0.20497056261016972,369.9
0.18755538981113565,1.5617181066620633,374.6
-1.3977699995666901,0.01854167880952299,364.59
-0.0902552337029828,1.292379373219867,365.16
-0.9721784275624759,1.2092631805177485,356.95
-0.38949880653650804,1.4529632194452373,370.06
0.8966346668189645,0.7449424020160963,364.34
1.4022431855660984,-0.020608500297500137,372.66
1.3220965569571308,1.132354669677887,380.42
-0.7488348014390692,1.4869117155495448,374.11
1.0787357414206766,-0.2630057534831785,366.37
0.20700041756153795,-0.2354830654628133,371.35
0.44771718681907013,-0.23563844126578687,371.75
-0.9051401814833275,0.8531737149380485,350.65
-1.6388994560070176,0.6077461001327185,370.23
-0.4464591945191675,0.8611712056940856,378.34
-1.099548348587735,-0.0344961683624327,371.37
-0.2237331231466627,-0.5494609462191021,364.87
-0.6712849366322986,-1.4325985911758021,361.53
-0.5605373450194419,0.06116196884785077,341.37
0.46741682053326544,-0.7603313647476527,374.87
0.7030047366649018,0.18258652227346306,367.48
-0.08903932975996466,-1.4718781039204356,375.87
-0.8706517301499034,1.0526738822495876,361.16
1.100274042446997,0.8426692343174562,377.02
-1.3336138272413762,0.009027191613156713,370.9
0.5041490025394529,-1.0535967514323925,378.06
-0.3816933025597801,-0.8119358313718102,368.58
0.4155039822750595,1.366167890144399,363.82
1.61236499724666,0.22367600017852268,367.46
0.5191781810633406,-0.7408822803991904,375.65
0.993139431077021,0.2691118478258181,382.82
-0.7313467646419353,1.4841402072848855,353.1
-1.129893433445526,0.6364032313069881,367.47
-0.3424924316464827,1.32415858092757,363.53
0.7780510078124754,0.9382989298183705,362.62
-0.2043395460634241,-1.144960796894245,372.53
-0.38773542036310193,1.8196704070307526,361.22
-1.2906617628303665,0.3601296106986275,361.03
-0.5809371311331846,-1.2979068795462592,376.43
1.1999728215262142,0.6237496044546281,367.07
1.2441436372186598,0.1361223824519588,356.64
1.0016240084975168,0.3011018402122961,372.33
-1.3405028539784423,0.38958025407580393,364.05
0.09473081343773253,1.2686756349765085,354.91
-0.19132763169591854,1.2633450550558463,369.26
1.4930358272713187,0.5093954302773998,374.5
0.03414128687589989,-1.5360405210138406,374.43
-0.4862878719189067,1.6731851225186936,369.27
0.36960648730345974,-1.2114598240764758,377.63
-0.5432653692689705,1.4109583703018984,377.04
-1.4212280295125124,0.42373631276257356,375.46
-0.44332910990447083,-0.9886978161193943,372.46
-0.9417819281987857,-0.7731846100227396,373.56
0.6533733984771166,0.5359513643076715,379.25
1.224213994100195,0.8319927936141827,350.06
0.8742656285845392,-0.07992992191699978,373.69
1.0915678543058163,0.8743183855764447,375.13
1.301814381828472,-0.08418397062201932,379.49
1.0852210152716777,0.7465571455661137,361.28
0.43877334025032355,1.578357690114467,362.14
-0.87141292959423,-0.9196441855412938,356.94
-1.5478985212058614,-0.13011331386886188,0.0
-0.613582444344223,1.7016766501128047,375.18
0.42167995080490006,-1.0507631763114147,365.42
-1.5498722520671888,0.08999698130930767,362.73
0.9981243636729464,-0.6907996550949,367.59
0.0908806805577527,-0.018947033135136123,372.03
0.7280488055029404,0.4783119261021617,373.82
-1.136165718011772,-0.914719806990117,377.98
-0.7945294185649509,-1.050531121648425,353.15
-1.0535700218841084,0.7425076476829534,370.6
0.10730693172767494,-0.7955813036145265,365.07
-0.5321601537470544,-0.777700683111616,368.99
-0.6152381053037895,-1.1754700524147994,383.09
0.9321612699215593,0.04462601057769379,368.24
-0.5265910527656039,0.9377801289887524,371.12
-1.2861494069091508,-0.022021944282713403,364.31
-0.7304192178103724,-1.05464038425729,382.24
-0.8227084637122583,-1.038837566990863,371.82
1.1460250152971472,-0.46935191627056444,380.34
1.3174156129462393,0.5198397717162468,379.6
-1.2330133911398578,0.4575706978889339,358.09
-0.060769916059406785,-1.2782387061852032,372.32
-0.6832053016066191,0.574112793953811,360.78
-1.459475312676198,-0.1727743589557585,365.26
-0.6840455016154502,-1.2785703724146078,375.5
-0.33580246551173576,-1.5067276760259103,375.66
0.9687024526724086,0.8531545163162322,370.46
-0.5791375626712728,1.4954453722950003,367.6
-1.3893758771784652,0.36307769978651705,375.3
1.3853220067047063,0.20750225464323804,375.88
-1.049286123646381,0.1872142544144927,375.05
-0.1423575911622915,1.3368947242784208,374.78
-0.8511083866510004,0.7013263612942104,368.44
0.7902942699467188,-0.13807255112240918,368.75
-0.3914885420638769,-0.9037568297374563,377.78
-0.6726283288617864,-1.0355913417618965,365.79
-0.2003727032191628,-0.7837899105079328,369.34
0.7562889676286183,-0.5609071738143204,370.23
-0.5730782187959184,1.5412266945458728,374.57
-0.730609566761753,-1.0898969576219562,363.91
-0.6366125396059006,-0.9544007620910758,370.4
-1.2521558081574238,-0.7904264289952841,366.9
-1.5830242686994265,-0.20143715961596154,377.85
1.272088777785827,0.695565076789712,377.54
0.2429503094620853,-1.0282709532723866,369.11
-0.04662154896064068,-1.624795825903113,375.36
-0.8596347571236206,1.140414716773249,370.63
-1.1875551827356374,0.09675030148195544,365.3
-0.15454128878330795,-0.1358017285417902,372.72
0.06974728830554078,1.8341924860196128,358.08
-0.2234458557541053,-0.33700246098323383,367.2
-1.5499835019485588,0.01042278503285945,360.78
0.6652199731384756,0.7116691333764349,379.12
-1.2385730760509155,1.0803810872172657,367.26
-0.5668095274072878,1.4060068859280332,369.06
0.6801752620579606,-1.3484552190878112,372.22
-0.7321148335594782,-1.4299033746317147,367.14
1.4692759407245053,0.5615359361415027,368.44
-0.5888878403348143,-0.9029761140844594,374.7
1.0183536905363797,-0.5175172951231999,370.83
-0.012224073695419274,1.0698798621089163,369.22
-0.98463892640917,1.0557411701220372,371.05
0.8971565797764915,0.12864151093186016,370.13
-0.4110737963696071,1.1746371174788384,353.22
0.05916895971134037,-1.3496093511480316,368.14
-0.6951981750435277,0.5828213863368427,374.62
0.7477024598966259,-0.9627828620542965,369.26
1.4340730458538824,-0.124923439005559,365.72
0.5114788679902815,-0.9029393526396635,375.17
0.7389619536659099,0.12187778009329532,378.55
-0.39855881785208713,-0.9615877177131587,365.83
-1.764498851418614,-0.007662956016484531,371.18
1.1078011442480855,-0.9291205095709113,364.76
-1.4884838223580035,-0.3275265342531982,367.0
-1.0473062779782143,-1.0968128416616691,363.28
-0.26476268564738425,-0.41693083689884475,359.39
1.1580244870361946,0.7285760370466382,360.84
-0.6710666965879084,1.5838071402952294,380.13
-1.7139385981230575,-0.14185350435537028,365.07
1.3651012266883922,0.5533758206551307,381.18
1.2257067517560567,0.580043166354288,370.87
-0.1656816436534472,-0.3673552140052005,370.55
-1.6022285831524457,0.3601413459733776,364.58
0.6237226531703305,-0.5935113588347111,371.43
-1.6455638397052446,0.25430471603839255,366.15
-1.427773099967678,0.23590975772431177,367.47
-0.6639248782798329,1.3955319173778555,366.22
-1.161670470480071,-1.111149341587128,356.86
1.7344233942621348,0.38428429255117574,367.6
-0.0012217848564617917,1.6765311364617619,330.44
1.4573692354098877,0.8071471123188744,373.59
1.2191830462815723,0.9761937540221628,370.17
-0.39328842352658155,-0.9950634557153589,369.21
0.7063156963130616,-1.1239173417214758,366.84
-0.8657743622385856,-1.3946937671181519,375.84
1.2794968197226662,-0.6423494865778894,364.51
-0.07706594195937874,-0.2400649889616567,363.98
1.2878171593894496,0.462469197446556,373.35
-0.7689970993390992,0.9631268058077441,350.81
1.342831702354327,1.057158370875848,341.8
1.1476737354295785,0.43169346373902995,342.78
-0.7223432551835509,1.035539560717961,350.12
-1.6451096270088463,0.06088819704713379,332.19
0.7100023023748933,-0.9872009740740485,336.46
-0.5281762676255051,0.8910308089704877,331.86
0.6962234638942518,-0.162861151682116,354.08
0.1604427883716093,-1.0846449324578644,361.82
-0.8951904222666823,0.0818558255375597,349.97
1.2758254519388779,0.9743544743537389,332.26
0.9729957430251479,-0.2461611710270847,284.25
-0.45768437328841505,0.6572117972605576,370.69
0.9650408865617114,0.4802401703954739,367.93
-1.1312068950004184,-1.045214673742099,373.15
-0.28917122659123246,-0.2902030225419223,367.38
1.0475509677332642,0.14762079113739057,378.59
-0.9198172188094531,0.6295167847712646,367.12
-0.8129093965610297,0.6527705995834341,376.14
0.6346195231607593,-0.429376965713907,368.77
-1.310750948643684,0.8698907724688053,230.14
-1.8085444789585032,0.6055041254666894,253.85
1.4079552746627444,0.6583814223227308,261.12
0.9445209838581833,1.199256240446282,219.91
-1.041208322338325,0.08381836362376859,258.32
-0.3724723118428546,-1.5358896276035554,256.98
-1.2662739869041157,0.8923306498424376,253.83
-1.9310848289380944,0.16939190559286285,250.26
-1.7376201706065253,0.123578151925805,254.53
-0.2722567657855625,-1.6216619157852883,256.71
-1.1465216015583273,-0.5369478520155467,221.51
1.6624149683616953,0.3981178028311737,252.27
-1.5076775616163551,0.30845740010260697,263.36
0.09548058617592273,-1.2408863504447667,265.96
-0.514933383287765,0.6368163965233343,262.33
-1.2032541587060948,0.7478758937896994,256.49
-0.8065003628347468,0.6657500155613741,257.64
-1.7100312226382588,0.6367418794570512,253.8
-0.6045204249146494,0.20747340231259437,228.58
0.43434117842338177,0.8933727151399706,231.5
0.002807184079128739,0.26060801243444615,256.55
-1.3119918891861824,-0.49183848078732334,221.74
-0.44579511455009413,0.3085193446664729,229.62
1.5700394281349037,0.18829581856807637,288.39
-0.30075420825066435,-0.5963604477488967,280.39
0.23672494492700988,0.23954440617036699,262.29
0.12801940816094984,-1.5563897111090084,225.62
-1.6494243692382011,0.11325792232537182,275.17
-0.31099408086308283,0.595093714972788,231.91
-0.9235995851807637,-1.0286247604994971,252.46
-0.9793693688329546,0.5345747658968525,222.58
0.9710796471790912,0.09411840307921157,263.49
0.4704739729069266,1.260419177048249,244.84
-0.8013867036712755,-1.3352332292116509,305.37
-1.5816663563176174,0.5162253109196925,209.9
0.5885878270192827,-0.18149151190779045,345.58
-0.697434447923946,1.1639494621319877,366.79
-0.7824874406108352,0.7618586187701736,249.26
-1.166016267455014,1.0543169285867506,247.9
-0.9544501695918818,-0.49176817782989923,181.78
0.05374603398314398,1.4889160710139469,281.8
0.3791831751013723,0.6756014354708189,269.35
-0.7134267606672159,0.3265434948981217,228.05
-1.5478872323183805,-0.01708674475162112,291.77
-1.618467050949893,0.5660329597747209,322.99
-0.9291862916724088,-1.0047750305001384,304.01
-0.06763709803911101,0.21466760001981458,335.02
-0.16838871824425455,0.38421302392612194,295.91
0.7883415800404858,1.098627236892266,339.82
-0.6021642194591814,0.20114179570434973,336.21
0.9108672784002321,1.0545747550616182,340.03
0.3851558535919529,1.1278705739571298,322.35
-0.5143259837353803,-1.638639125789956,322.04
-1.5910725664313345,0.5626265658809284,361.59
-0.22258636894608197,-0.14392971990616318,362.88
-1.6075071902384317,0.08262031214936723,358.58
-1.5580276031693485,0.5643125406561922,364.76
-1.143797471711337,-0.6263713472862129,328.15
-0.14814535095366377,0.34860274653612705,307.63
-0.8817556405195724,-0.9952873842626686,355.63
0.3921309755539357,1.0841298895875886,340.89
-0.10457228759698059,0.6417475242468865,331.45
-0.20397500553570322,1.289310614242635,362.43
0.7603653178687096,-0.088525499440055,369.3
-0.06483569361158413,0.10087504040349629,348.66
1.237993143750539,-0.05154767725621559,371.52
-0.33014983017261396,1.1921046332947043,359.86
-0.46175747891492425,1.5949509120569874,372.18
-0.7748963790355665,-0.7386396721739485,370.81
0.18209838502306774,1.7118598160150482,371.4
-0.7795342010540035,-1.0224301311349997,371.83
0.3599207218186391,1.070005754688159,339.54
-1.849692279576797,-0.22374264106983963,367.49
0.16665021797038318,0.6882582386595505,332.05
0.18758101258738707,-1.4292470207572106,365.63
-0.18159076443140773,-1.4218413169697046,377.88
-1.2546496821702202,0.09443962820581542,365.13
-0.20374888447246461,-1.469720644285477,370.04
-1.1466141076512577,0.08237266738407906,360.86
-0.3588843376855831,1.4276649304028741,366.99
-0.17835204108146066,0.2868256944101562,337.49
-1.3123635284782527,-0.6497740796734994,335.28
0.34566836267917816,0.5897493997967805,336.07
-0.5253140170644737,1.5269168048271007,374.62
0.7045622497101222,1.0757178351467402,328.32
0.891902550933229,0.10401127503056913,372.67
1.2953204757627113,1.1206798866261238,369.52
-0.45801299967442066,-0.4820380072130958,360.98
0.14291260781295903,0.16456890862502893,345.54
-1.1691329687913246,0.8824122304219237,367.64
0.42452500045951674,1.5183188720407952,377.21
0.8117869119969285,0.6455092515153832,353.13
0.45509472778171384,0.8705162215139354,325.97
-0.8918784925965308,0.671515064538171,366.17
-0.17165893617876427,-1.5213677756386998,373.45
0.07237230808624319,-1.4387334947313994,383.48
-0.007565788747885002,-0.20908284340886107,354.71
0.16643967423026565,0.6547443720056848,326.92
-0.6301020838045769,-0.8689638141910715,359.95
-1.131450864382251,-1.1534322888163915,378.09
1.4569515346000874,0.880224553721037,366.25
0.007860568433318954,1.4544842056873755,354.02
0.5685773983148654,-0.32654424216382577,376.19
-1.3925033610012745,0.002463347640108474,360.75
-1.559679534897966,0.02945074942946092,355.2
0.4709888596708708,-1.352850890037519,369.1
-1.354006719885261,0.8195051552118257,365.16
0.06176219676508594,-0.8719255671298951,367.54
-0.6717717128213837,0.6010189987148614,358.07
1.1478965110206805,0.9075524979291878,365.38
-1.3550882358985858,0.09478767720704627,366.2
0.8707848255807696,0.6085465011813671,366.23
-0.4500078596392529,1.6062548974189688,364.34
-0.2470718685347496,1.4292020828639904,318.86
1.3644844800477536,-0.5919788347939381,380.28
0.1551806950106995,-0.15535357998361565,370.94
-0.02262657165379715,1.3823946044053255,368.43
0.3018140172946951,-1.1487279940881523,349.92
0.9962137635808663,-0.3823966339745373,337.95
-0.1792439517986336,-1.5732768573536242,370.64
-1.5319429200533632,-0.27556011480403375,349.01
1.444486020054856,0.8654300501088429,335.56
0.07957372307073032,1.4675644105126733,305.55
-0.17056262377065184,-0.2499321664373976,350.45
0.07051623529939903,-0.36847965099762814,349.13
1.1908294416173186,1.089551021293686,337.86
1.4104778676632168,0.4357673958920038,356.96
1.0757412305155154,1.1587194452212832,340.89
0.4758605805109492,-0.11866943556047758,357.14
0.7833267472855674,-1.0627215819576399,362.95
-0.7824209765400144,-1.539162893472745,370.4
-0.9561030293696395,-0.12086387045472016,373.74
0.06136096533911753,-1.1497313093127564,368.73
-0.3439458351277892,-0.28168807243524274,346.51
-0.6918630943496854,0.9379951124714196,365.58
0.8173980526912962,-0.6538206874485787,358.37
-0.7667956849490359,0.8202603158503033,373.09
-0.8726500111948992,-0.4799377126461218,326.21
1.3885247505193563,-0.26096748515509544,374.03
0.019618688847028023,-0.3246281064272653,358.61
0.8391872088805262,0.07715671589538728,357.36
-1.180038413075573,-1.3477705566828035,360.71
-1.4772057967859569,-0.2509449910695905,351.81
-1.2094555494436705,0.8439229743626158,360.52
0.1722591475696562,1.4050377300541403,374.59
1.2435099614697023,0.0779590396978421,367.93
0.14229208306057564,1.5158812953828442,377.42
-0.3814418001527036,0.042023887509347276,327.39
-0.7023789077623042,-1.1362787530097387,364.39
-0.4373783434965727,-1.1677543892756599,366.54
-0.9300306275306265,-1.4552396364573632,377.05
-0.49079677304155905,0.9979103305393007,347.41
0.13434249350336488,-1.6233146107457044,371.61
1.0524265886013073,0.7629154435558241,374.22
0.08618892875565418,1.1051802153208088,366.19
-0.46373918351455445,1.3666900067457823,353.67
0.21658553741021772,1.363105143883067,379.58
-0.10752668750077138,-1.284252683542623,367.08
0.8630522132769648,0.4055142977393705,366.59
1.0642919250728033,-0.231688480146071,355.47
0.6093044215682618,-0.027030511233204185,362.68
-1.6660987045106097,-0.19526323836929488,358.72
-1.5798260056826177,-0.3420586603249703,365.96
-0.6365649903137434,0.8353823198292729,362.73
-0.6955520846396772,-1.0590239951320817,368.47
1.0763012070219173,-0.5406785184286865,374.64
-0.06265262358006168,1.4751112754313045,366.15
-0.09051042296304437,-1.261849722986114,321.36
0.568324898593365,-1.5445172277976105,374.88
-0.4626196460805121,1.2201857854743918,365.59
-0.21176755097056998,-0.48112022864274484,360.95
0.7767052435306664,0.27595679217551083,368.65
0.9706392220952444,0.46252218398742057,356.94
0.053967486507523366,-0.014092180203907193,368.54
-0.19437781676161336,1.3799034565017552,367.41
0.27859146449925176,-1.3013377888615398,383.14
-0.04748680764052555,0.4426536561433545,331.77
-0.8554222137677612,1.0232334503106273,374.25
-0.9577830280151811,0.053102496576723994,367.74
0.0284867784665542,-0.13817263805602473,370.79
-0.9479785387660978,-0.6238396185856404,321.33
-0.5660072286730778,0.6291275805681212,365.06
0.5736674573182016,-1.3766875330475694,362.56
0.11258867033075404,1.5902281895434973,361.31
0.46790061952607254,0.8038750940085102,339.99
-1.60183065577035,0.4024915973766175,361.0
-0.7353080686622275,1.540383247897653,367.23
0.8297175016452399,1.6062820078266258,363.77
0.7963962237722961,0.7311343882391461,361.04
0.14739311611904246,-0.8654477047954385,372.96
1.1702301421117416,0.5170432755506366,368.11
-1.5364055060707673,0.6179178714207413,370.99
-0.7701711939240521,-0.8932124725104104,366.04
-0.37177748027385654,-0.7317047266971941,367.79
1.1127426398885427,0.08113739050057979,377.64
0.8351937427061199,-0.20570055065959447,382.03
0.37256921081081495,-0.31922132149650634,373.0
1.0003902374101592,0.3381115519536692,368.83
0.8874039103705255,0.24142925239172308,365.42
0.8766696897540103,-0.18516909226022474,372.99
0.16644080721152932,-0.18196961902772982,367.99
-0.10927478815335478,-1.0644163893742564,362.8
-0.09278346942641526,1.1165209463574337,360.87
-0.808204561297213,-1.3444883965163061,370.27
0.8041777921407953,-0.2549225995239063,373.06
-0.17138584079784422,1.397059516153742,375.17
-1.2944282673747896,-0.03136457726131153,353.27
-0.2757025965697751,-1.457225582025863,360.21
0.32021678643448925,1.360573825256211,376.2
-1.1566037647210285,0.024222707803707815,358.93
-1.1789436173709784,0.9906326168057505,362.59
0.08314957571845745,-0.8014215654195443,371.24
-1.6360520291732317,0.19614098272802924,365.19
0.7072472843999148,-0.833045520542943,357.5
1.0738991487039933,-0.10037133029609495,367.63
1.0283598086106047,0.13354975560339863,356.87
-1.1453876130334344,-0.11628044683619447,379.01
1.1032020495331911,0.5762899661422938,368.74
-0.7885218200160259,-1.2978009701163822,360.19
1.1684990757157763,0.03356141457363132,364.85
0.4841440784845125,-0.4731348944812471,375.74
1.0588128026692238,-0.4853244867726524,375.1
-1.8273683642127465,0.0553803613089473,364.87
-1.056898815903238,0.7805729703113364,368.51
0.46347281724266587,-1.603275543327403,364.4
-1.5865120080826816,-0.12778068360210493,370.15
-0.0853147119848732,1.0208580245553078,377.95
0.5636477637378832,1.1259437312101914,338.06
0.8605344807323781,-0.38933922984358893,367.03
0.15862449101409395,-1.408275064459051,363.59
0.26354668740361437,-0.4584511260720468,363.07
1.3404562359048513,-0.008669607210311977,377.36
0.947697661282026,0.23941570067347723,370.07
-1.7153218955755565,-0.18073207297933333,349.77
-1.0248170796725005,0.7429405342872599,368.68
-0.6583860913257235,-0.9817979209831851,364.22
1.177876566245425,-0.5449018923807649,373.12
-1.789056902056899,-0.13901828238683828,372.71
1.181360359691061,-0.7416400638626274,363.83
0.7804749695903501,-0.2162854234119717,376.6
-1.4409275501616974,-0.10894113863649,363.59
0.11332152813161803,1.3408824458321258,357.9
-0.5376574113843307,1.369882289361375,368.09
-0.6621074793329018,-0.924688554180992,366.1
0.603437230941992,-0.9492604043830823,370.1
1.338813767239026,0.00012272287118859362,373.97
0.47673494002598066,-0.8003149524718302,372.2
0.8423234391471126,0.28066903317690145,376.39
-0.24226349789810933,-0.748135844240225,363.89
-0.4281056957073769,1.4735847917660962,353.7
-0.2874339926985275,0.6233288872811522,364.23
-0.19884685616345735,-0.19425781897704406,362.95
-0.9663520929788182,-0.11801817079783333,364.31
-0.37862652068992136,0.6376960884182943,363.66
-0.24282741653309523,1.571297895120917,361.22
-0.30837987276263695,-1.05454490486062,362.77
-0.5293052727695664,0.546267316760472,361.27
1.430398817930567,-0.09092633648121907,374.45
0.9722724023551479,-1.0153962740968283,370.84
1.1674500870253837,0.06844721077311476,372.09
-0.32612163155792323,1.5559640431053672,359.28
1.0829601585667128,0.6519084926702632,367.43
-1.0801260104525343,1.3098349934743903,357.33
-0.8496644582043333,1.0720871449116764,320.93
-0.42848203230505344,0.8672042832050039,336.59
-0.4581141862235966,0.5375449587432373,342.96
0.6954217293840396,1.3792324604946709,254.9
0.5873013400826349,-0.27700334137121657,370.38
-0.6944658670091738,-0.7327926023643967,359.14
-0.543275337786268,-1.0159465685911042,372.73
-0.11225252434737452,1.0688391469836667,360.92
-0.535418699907057,0.7741251567912635,385.88
-0.6224187155346356,0.6249837370004037,332.63
1.280369433718855,-0.6887501370874073,343.66
-0.5635504251963414,-1.079975628633721,365.98
1.3504498087836099,0.24519345741450435,375.99
-0.03868637817341913,1.2963845406125905,368.84
-1.3502570059708774,0.3615819441592833,363.27
-1.0605651014802897,0.8424760832805304,364.22
-0.821628926464938,-1.2295927330145138,309.0
-0.7785725676937993,1.202919627957803,372.54
-0.6016522445022451,-0.9575641513254549,365.6
0.23736819190120595,0.012115323689164528,364.94
0.665318964210137,-0.3712941283870827,368.94
-1.718984631209261,0.04348539339268484,356.73
0.4939794274762654,-1.1721451480174567,360.49
1.284537453890657,0.09026323088413825,363.15
0.09909125778675751,-0.854236513174575,377.86
1.0751757341511545,0.2278599269152284,364.23
0.294282440604086,-0.5696571820806962,365.67
-0.09954779556733209,-0.883808338206404,370.79
1.4116730411007947,0.931989998887138,363.88
1.363733963604111,-0.0949715593194185,381.52
0.08005662967371421,-0.4476240788908861,364.84
-1.4515810033442844,-0.0626027135828902,361.82
1.1521336849695618,-0.5583726512961896,372.84
-0.04638188058022923,-0.9323959365644737,366.77
1.6385282787680968,0.3462744489277481,373.3
0.24651112587648683,-1.2289334021023601,378.27
-0.4044319296424833,1.5868504828152363,367.65
0.4170309661113063,-1.2054006122467698,363.87
-1.4628386072723607,-0.007978695175848429,362.6
0.4229481245657795,-1.5074629519658607,372.59
-0.9793622414753342,0.7340412203260164,358.87
0.9493945324290491,-1.1202919538897063,368.67
0.044209892945466026,0.9077388179036797,359.48
-0.0446519435220647,-1.465353532967634,333.08
-0.5235104720361177,1.5432901678998225,344.62
1.2315805239893527,-0.11559564753879183,350.17
0.6319140501608146,-0.12288902692091302,337.8
-0.1702666901216425,-0.7200452896096428,341.95
-1.0781091197130017,-0.12288328369817474,340.47
-1.143165395113132,0.07486229918785631,313.39
1.0926946938927944,0.47226359589663486,345.84
-1.173979048951116,0.8016489109592545,346.85
0.6599493658800303,1.4210506312061828,300.98
0.3121405609983051,-1.4742496376085705,321.65
-0.8172403909882515,-0.7616044041442095,148.76
-0.7433785083652454,0.9750838166977247,332.14
0.20943549883559026,-1.3509682502582914,206.65
1.2981825722680695,0.4503796323866531,325.36
1.1131247177292345,-0.11854210251866722,214.7
-0.664575227204272,1.0107449377472129,162.72
0.4981251086388165,-0.4878926463114724,271.74
0.39861262445801077,-0.5532411593996818,348.35
1.5127374455938218,-1.395097566028763,391.09
1.5127374462630638,-1.3950975652872244,393.77
1.5127374622337841,-1.3950975476041956,390.2
1.9820411746823419,-0.5980827556773773,394.52
1.5127374666050535,-1.3950975428556676,393.02
1.5340310910747068,-1.3040622071964705,349.04
2.0084359792154376,-0.4067408111569811,391.74
1.9820411774340991,-0.5980827468625977,385.15
1.9820411874385855,-0.5980827147879504,400.05
2.1306363173107643,0.10991822861552197,384.91
1.5127366415977914,-1.3951006090611466,391.09
1.98204117671844,-0.598082749147892,398.16
2.130635225922382,0.10995762423879635,380.34
1.9820411787937304,-0.598082742504449,389.36
1.718582178491422,-0.9024818654151666,398.44
1.738311588886692,-0.9835168300787958,395.05
1.3439654308134767,-1.4868740601537778,386.76
1.9820411763336927,-0.5980827503835665,392.16
1.9678279653139665,-0.45512877252446554,394.48
1.5127374568209617,-1.395097553601389,384.53
1.982041178398288,-0.5980827437681383,396.89
1.7382857483374983,-0.9835635881070514,396.53
2.130638984771331,0.1098218283044062,392.62
1.9820487383416745,-0.5980874907780298,398.55
1.982041161263515,-0.598082798735311,393.15
1.7383117378209767,-0.9835169125954372,396.54
1.9820411775169064,-0.5980827465880434,389.49
1.9820399078443247,-0.5980868221746203,399.12
1.9820411798162372,-0.5980827392142103,387.67
1.4115946017190995,-1.3891462089998217,392.31
1.9803259725602973,-0.5972808833436029,383.63
1.9820411831818214,-0.5980827284413711,390.32
1.982041178578773,-0.5980827433770747,392.3
1.5127374682161838,-1.3950975409830584,388.29
1.5127374436102683,-1.395097568226473,387.86
1.512737451624743,-1.3950975596715856,384.06
1.9820411817211483,-0.5980827331198949,396.43
1.5127374461536653,-1.3950975654059647,386.88
1.9820411776584919,-0.598082746140264,391.11
1.9820411554289201,-0.5980828168117743,393.31
1.512737456166021,-1.395097554322992,397.44
1.9820413309912475,-0.5980828262305923,393.14
1.7383115603757946,-0.9835168816716044,394.08
1.9820411777890414,-0.5980827464287183,388.14
1.9820411724256122,-0.5980827629120142,389.6
1.5340295966515907,-1.3040638726711888,341.23
1.7383104526302982,-0.983518885805625,395.64
1.982041158251033,-0.5980828084198254,389.02
1.982041166593706,-0.5980827816186808,378.92
1.9820411821091852,-0.5980827363170726,382.49
1.9796170490944343,-0.5972084641374906,390.68
1.9820411766635992,-0.5980827493264307,391.66
1.982041186967395,-0.5980827163084651,384.59
1.9820411798407278,-0.5980827391408337,395.16
1.982041177212765,-0.5980827475695403,385.94
1.7674358199763305,-0.8318840709706606,346.64
1.5127374737116044,-1.3950975345729366,380.79
1.982041178150534,-0.5980827445472964,391.32
1.9820411779200076,-0.5980827452946497,386.94
2.130631269002439,0.11010023126331274,379.99
1.9820411790869343,-0.5980827415520942,379.06
1.9841489142052622,-0.5985826626828453,383.49
1.9820411857822064,-0.5980827200433181,377.37
1.9820411752999343,-0.5980827544505977,384.87
1.9820411787022845,-0.5980827427877419,383.62
1.5340326408700222,-1.3040626963570259,341.62
1.9820411896402812,-0.5980827077484467,387.34
1.3308319011199339,-1.5389085902732766,386.93
1.9818342775604436,-0.5979358373776955,365.23
1.9820411774164313,-0.598082746910132,386.39
1.7383115850078454,-0.983516839940424,384.27
1.9820411772248256,-0.5980827468207894,392.16
1.5127374901219697,-1.3950975167200936,388.11
1.6675873602336864,-0.9543622602957428,394.64
1.9820411784914822,-0.5980827434766449,384.76
1.5127374423309647,-1.395097569941763,392.99
1.9820411772658655,-0.5980827473993121,392.35
1.982041176864036,-0.5980827486893443,384.56
1.9339279812711776,-0.5534013762259412,374.65
1.9820411776558,-0.5980827461413317,400.4
1.9820411770126514,-0.5980827482116394,380.84
1.7383115880126943,-0.983516831658924,378.17
1.9841488673229977,-0.5985828139254901,382.63
1.9820411808146718,-0.5980827360185416,386.53
1.5127374575660637,-1.395097552775491,393.51
1.5127374544286958,-1.3950975562483996,392.63
1.9820411995661058,-0.5980826759508818,385.96
1.982041177591816,-0.5980827463534374,384.88
2.006796902002,-0.34263582826420064,339.26
1.9316501351550994,-0.6580396210729658,383.61
1.9820411768890156,-0.5980827486023131,392.04
1.98204121896362,-0.5980826138417386,384.32
1.534031768725711,-1.3040614529370105,348.0
1.6586552308679177,-1.298112773000739,374.5
2.0065679558198535,-0.3425399327314591,371.27
1.656016722659872,-1.2971319456969337,369.27
1.435820333077373,-1.545393349746232,379.17
1.5127374255375428,-1.3950975882279113,380.68
1.5340314285922103,-1.304061831009296,340.6
1.5340286933280043,-1.3040648776763488,338.6
1.5127374587870115,-1.3950975514187165,376.42
1.5127374283561277,-1.395097585108684,378.47
1.512737457742068,-1.395097552577616,382.32
1.4361688661778675,-1.5450766306263424,368.03
1.5127373111718119,-1.3950977146526589,384.08
1.5127350453341237,-1.3950974111347167,382.01
1.5127039450576003,-1.3951346866733085,374.25
1.5127374673847214,-1.3950975418994016,383.52
1.5340314625567542,-1.3040617935539531,351.21
1.7674354060790989,-0.8318849205935195,343.9
1.5127374421776214,-1.395097569809905,382.59
1.738311587740774,-0.9835168321466129,377.53
1.4217020347627727,-1.430040104951117,345.5
1.7406150223011199,-0.9839795057487944,385.02
1.7406150428989122,-0.9839794691941698,376.77
1.7429525431820025,-0.9844788451681653,379.59
1.7406150224061243,-0.9839795055672725,379.44
1.7406322850010987,-0.983990690991324,383.28
1.5340313936065129,-1.30406186996697,344.62
1.984148885413849,-0.5985827559746063,379.55
1.7406150228302495,-0.9839795048140006,382.46
1.5153447759549947,-1.3954838893681023,373.87
1.7406150222915904,-0.9839795057723739,373.49
1.740615022818486,-0.9839795048370463,375.18
1.740615023772045,-0.9839795026913819,377.36
1.7406150060353405,-0.9839795346410183,384.51
1.7406150216884206,-0.9839795068382655,383.69
1.5153448138330305,-1.3954838451333493,373.76
1.7697248411467157,-0.8324282429169235,338.5
1.7406150220570786,-0.9839795061870175,383.08
1.740615021841617,-0.9839795065685503,378.93
1.346210810457096,-1.4589637805576523,382.24
1.7406150397205074,-0.9839794749575527,371.06
2.131687186896353,0.13701079191948637,372.67
1.742952523357211,-0.984478881267378,369.21
1.738961732794614,-0.9829595029802952,374.18
1.7406150232118232,-0.9839795041348983,377.29
2.0107718105223285,-0.4066816233408282,375.99
1.7406148982997438,-0.9839797261316697,373.86
2.010773258974043,-0.40667556612140726,377.51
1.7406150202033501,-0.9839795094756417,370.94
1.9326588718777453,-0.6638783423611829,367.79
1.740622718321236,-0.983983891484335,372.98
1.6609007520437455,-0.9571165622839541,384.96
1.7406150214022957,-0.9839795073439543,371.08
1.7406150214105898,-0.9839795073329851,376.41
1.7406150222699377,-0.983979505810552,378.27
1.7406150173191708,-0.9839795146013972,376.49
1.7406150208085422,-0.9839795084014248,378.06
1.74061501976386,-0.983979510257793,379.32
1.9841488303061074,-0.5985829345362017,379.61
1.7694976107367841,-0.8322997262343945,359.69
1.7406150203598112,-0.9839795090738414,379.73
1.9841488592016148,-0.5985828409084412,381.78
1.5153433605335864,-1.3954855421668384,378.8
1.7406150188752914,-0.9839795118376367,374.14
1.740632270360645,-0.9839907168545113,381.24
1.984149027808234,-0.598582294569007,383.29
1.74061501855561,-0.9839795124051234,384.6
1.7406150214184153,-0.9839795073206254,375.44
2.010764220816592,-0.40671335047611124,377.85
1.767102697526363,-0.8314638453067945,343.28
2.010780267038281,-0.40664624874503025,369.96
1.7406150182253162,-0.9839795129913231,383.72
1.7406247947687103,-0.9839839731143777,372.33
1.7406150213165599,-0.9839795070498575,371.19
1.740615019032801,-0.9839795115543885,373.29
1.7406150215608445,-0.9839795070655966,373.41
1.9841418287584944,-0.5985773064692924,373.76
1.5153450200706262,-1.3954836042804846,380.95
1.7406148882957688,-0.983976858675612,369.73
1.7697255899709936,-0.8324266955835052,338.77
1.7406150218489298,-0.9839795065539328,369.36
1.7406150275340866,-0.9839794964617326,384.79
1.7406150219339072,-0.983979506400215,372.63
1.7406150217510985,-0.9839795063091279,383.1
1.7406151773215635,-0.9839795842132542,377.64
1.740615040181797,-0.9839794740151089,384.96
1.742952511898344,-0.9844788983647311,378.68
1.9841490291851445,-0.5985822901072798,371.36
1.9841558229842968,-0.5985880490009557,379.29
1.740615022260082,-0.983979509337967,380.72
2.0105258208548378,-0.4066059623097449,360.31
1.662816227391908,-0.9613549328897734,390.58
1.534005584468114,-1.3040905743959075,335.49
1.7172041428417553,-0.759550108377749,342.69
1.7383115900464854,-0.9835168275208501,391.08
1.5127374573300676,-1.3950975527162461,397.45
1.5127374193863152,-1.3950975948046265,386.82
1.5127374734084853,-1.3950975349093884,389.83
1.5127375043552074,-1.3950975006395554,392.31
1.5127374348003424,-1.3950975776555583,383.65
1.5340310989030057,-1.3040621981232605,342.23
1.738311576060699,-0.9835168528239641,392.75
1.9820411788953494,-0.5980827414613695,390.29
2.006790180072836,-0.3426688715049998,346.17
1.436145650285008,-1.5450977273800988,391.25
1.9820431498184201,-0.5980825982888192,385.43
1.5127376969179835,-1.3950975430275085,391.09
1.5127375810888493,-1.395095174459472,392.85
1.4357903591452332,-1.545420584168591,385.31
1.5127374396268878,-1.3950975743141871,390.53
1.5127554274217683,-1.3951084257129098,383.83
1.5340310264014698,-1.3040620113295076,343.19
1.5340315874345265,-1.304061653955882,348.58
1.6581558907366394,-1.298789765134257,385.38
1.5127374741851396,-1.395097534051926,384.55
1.5127374640589366,-1.3950975452618073,388.04
1.435981310485606,-1.5452470670491052,380.19
1.5127374568259482,-1.3950975532727745,383.38
1.738311591602681,-0.9835168247086576,390.16
1.5127374591857954,-1.395097550656163,385.97
1.4422525770845214,-1.3958443670414526,379.59
1.5127374681824421,-1.3950975406941395,384.23
1.5340315358588876,-1.304061708658096,338.05
1.7674358191028643,-0.8318840716426016,309.07
1.5127398237390224,-1.3950977447366173,390.45
1.5127374557440671,-1.395097554472966,392.68
1.5127374527792186,-1.3950975577536353,377.42
1.5127374456473461,-1.3950975656466063,396.77
1.7383115882267146,-0.9835168308145593,393.6
1.5127374553475539,-1.395097554909337,393.78
1.512737455843445,-1.3950975543607542,385.03
1.4361557484036085,-1.5450885509377281,386.22
1.5127374142087022,-1.3950976004450093,389.99
1.512737453255989,-1.3950975572284032,387.68
1.5127374472654778,-1.3950975638543226,394.47
1.5127374444375077,-1.3950975669862213,379.04
1.5127374535138969,-1.395097556937458,389.27
1.5127374560066396,-1.395097554179982,386.09
1.5153329645184777,-1.3954674944837417,385.83
1.5127374523667998,-1.3950975582101313,383.7
1.7383115660169473,-0.9835168710012285,387.35
1.5127374538368688,-1.3950975569031583,395.8
1.5127374535319713,-1.395097557239794,390.68
1.512737431349118,-1.3950975814753621,389.63
1.5127374486506477,-1.3950975623225375,385.07
1.5127374535251643,-1.3950975569286885,396.31
1.4689354919506588,-1.3864516549551336,390.57
1.9820411755375882,-0.5980827522239061,393.34
1.5127374667711742,-1.3950975422593828,390.49
1.6580373558438215,-1.2985211484067745,362.35
2.0067968414238235,-0.34263612504365815,346.38
1.5068550735602706,-1.3921272591155947,385.46
1.5127380284098757,-1.3950947414568406,383.7
1.4360685306690355,-1.5451678084011193,379.0
1.9820411790070784,-0.5980827411042097,389.1
1.9820411923369474,-0.5980826983925055,389.99
1.658196048950549,-1.2987506969441702,371.15
1.5127374551828805,-1.3950975523165483,382.43
1.9820411773791051,-0.5980827463255792,388.53
1.5127374481993148,-1.3950975628233506,386.28
1.5127374571021954,-1.3950975554746818,378.3
1.3157753399926722,-1.5788730328722893,392.39
1.5127374450497983,-1.3950975666333858,387.45
1.9820411782045235,-0.5980827436705353,377.21
1.51273745280108,-1.39509755772674,376.21
1.7382470246086448,-0.983633792161003,394.74
1.7382954322673554,-0.9835044036660416,392.88
1.738311697643883,-0.9835166330779139,381.59
1.5127374622642136,-1.3950975472529077,382.68
1.51273746133375,-1.3950975482835841,380.66
1.7383116012562339,-0.9835168072525278,377.37
1.4361494494849296,-1.545094274995246,389.15
1.5127374558546713,-1.3950975543488218,376.51
1.5100708650465295,-1.3941296675621964,381.2
1.9820411824008604,-0.598082730232626,387.09
1.5127194312374364,-1.395086722809474,389.43
1.5108703483018948,-1.3942903342286206,386.55
1.5127287407514645,-1.3950940613719571,382.0
1.5127374260815425,-1.3950975873040894,383.94
1.6582276003151464,-1.2986893748075248,382.68
1.5127374581330988,-1.3950975518230142,381.62
1.5127374714522765,-1.395097537418375,397.92
1.5127374624841332,-1.3950975470068874,390.46
1.5127377118776613,-1.3950972712779197,388.6
1.5127372777530976,-1.3950974896206094,387.43
1.5127374594985776,-1.395097550977878,387.5
1.7674251892022579,-0.8318800440323539,349.55
-0.410377228831492,-0.5183533152929576,262.83
-1.8033142944517868,0.7113379955711445,254.41
0.6358460629257925,-0.9813161622886866,262.16
-0.18261934436678737,1.0054448435333816,279.79
0.8630001273153206,-1.4571388183628349,257.5
-1.3116963119036882,-0.28792155385737656,269.93
0.28612551163227384,-1.8825170512262455,256.25
-0.884797919090987,0.9727744790332435,283.99
0.6054442019124927,1.3242082922307166,345.05
-0.1484858195207917,1.5458076904570028,249.3
-0.6158365231477925,-1.3009218689163378,265.12
-1.4361670705876133,-0.5644283797772979,232.18
0.10961184887776129,-1.553378819075215,273.21
0.28771524234659807,1.0954926370832774,335.43
0.045270753242449585,1.5824678207532847,377.52
-1.3123864989982044,-0.06908614273215752,320.86
-0.186070079453354,0.17287347643270165,348.07
-0.9174104568378204,-0.8879648942611054,310.47
-0.9820675636684391,0.1827782863495816,379.73
-1.1878256100506117,-0.8622294991067228,295.25
-0.5200440377544925,0.6546683509030521,304.73
-0.48644867722598306,-1.2492320682665283,313.87
-0.5839761759771194,1.0088891156058692,306.69
-0.36387162468304957,-1.1852714618283438,319.0
0.7280435384355363,1.2258616115673737,290.98
-0.6271334590321543,1.4085122159975518,295.73
-0.7347709270577396,1.6803478587475178,313.38
-0.3337655603133648,-0.13809929905175086,282.2
-1.2013231852818995,-0.7060536856920967,265.17
-1.4964971697042289,0.2874930909287826,308.49
-1.5358113777837465,-0.44005413559757406,308.9
0.2730911128311367,-1.5472139884001503,308.07
1.1070072603773058,0.9867601628318131,280.87
-1.798453414325963,0.2602640867844895,303.11
0.480690597840961,1.0664940448146307,265.22
-0.32391360993844137,-0.7752764732418633,300.83
0.49317119009725185,1.1239792958967638,255.82
-1.4208686076327588,0.22709819516674065,293.66
0.7432944122560698,1.2006552246214197,260.63
-1.2727849023362496,-0.5069200865786913,256.05
-0.3444271244851501,0.6274324652769774,295.65
1.0714347464898266,1.077697867660954,293.15
1.3325708188479723,-0.5645029696055999,291.8
0.0980235409957153,0.5550119184171821,249.3
1.090257964250082,-0.7949076746725648,299.95
-0.9583716033593381,-0.8674896839001259,297.78
1.0778255742193297,-0.4141473262276875,303.02
1.1533629573540871,0.8728520376198522,284.59
-0.14903457196740533,0.4931077603758537,263.2
-1.3748297257711102,-0.6104118677336434,236.8
0.15523343415415353,1.4859115781005918,305.39
1.2713605992842438,0.8507399138610204,306.5
-1.2096526479171867,0.7460851157343477,280.86
-1.5816195936726187,0.5436360340067325,303.15
-0.9566467026508207,-0.8088002887951986,256.41
-0.970953249225152,-1.3858305638280568,298.5
-1.365954435471652,-0.12269550742950441,297.03
0.4304204973551493,1.1753440775289636,266.4
-0.07179196733733195,-1.6310456222573544,390.84
0.1939487539279939,-1.2323959504263116,307.04
1.377497205138517,-0.46827605719792276,301.6
-0.5686111147794504,1.2275861142347602,288.88
-1.5922199075293413,-0.14892734810416597,387.35
1.5509045551279783,-0.15341517381115097,301.04
-1.0798398338559059,-0.7321917951468623,264.9
-0.3450459519089698,-1.6102275744844463,279.98
-0.23738828677820448,0.34660260122809533,255.9
-1.3743098386509807,0.13910166315211428,357.94
-0.4030801841378505,-0.0010639021456497876,275.54
1.1351882078661437,-0.32251227934731796,319.96
-0.5512736598062556,0.16958830395646554,280.86
1.5981153930846006,0.7488104673175748,308.36
0.46915379380404815,1.0881386252027248,267.1
0.512899605378514,-0.6589955795612547,306.61
-0.15893909013810714,1.5617079616734029,317.45
0.7854223168957415,0.9516588306972759,283.79
-1.350733067413192,-0.851159071417356,283.22
0.6243703236095836,1.153833333961495,283.52
-0.43344213917608515,-0.9758722314528829,322.64
-1.4199877439821549,1.0174442448382166,323.21
-0.48873417505811256,-0.7257087869168427,304.88
-1.2863526821402298,-1.2427243038745128,320.68
-0.3963979910587683,1.638520660460359,316.19
-0.06918659746999145,0.4067843787224542,275.96
-0.7903024748748902,0.8693732157888443,323.42
-1.5495264510005844,-0.16107856819312985,298.86
-1.0134844957653244,-1.0443513535529616,312.6
-1.1681182581998684,-0.5976860644836837,289.85
-1.4705428185655498,0.07883186737030497,305.71
-0.019057830037680374,0.7343368261973152,288.59
-1.0547685036972605,1.1103403417521582,287.63
-0.13089708448363785,-1.4380846876463442,319.54
-1.5376715796561222,-0.4260304963313929,307.4
-0.543798663308402,-0.44334686995374,315.65
1.379525013003119,0.9635467786598079,324.6
-0.7170753021073615,0.031985566054571764,289.21
-1.0244494368218813,-0.3042469994426339,283.18
0.6309356582554746,0.7656380438250864,274.91
1.240718091311426,0.9722682388208621,312.99
0.9680963999138921,1.1388396134931569,307.29
0.14316304960505288,0.6617805927967866,352.76
-1.1111153222943777,-1.138620857870981,312.35
-0.15024731304134634,0.1808521106489193,287.55
-0.26327816295185025,1.2984351136033654,324.39
0.8106452237599977,-0.9508468649502314,301.66
-0.8934363271617797,-0.6374871058358335,285.07
-1.2590854102210869,0.7503844885346127,309.81
-1.6660474179174543,-0.10585306860936894,306.28
1.4222544413712164,0.6734701883523144,293.84
0.6077335739836103,-1.4015021329540176,289.63
0.6059140160822231,1.5111350660419887,297.56
0.3779407471729167,1.5712608886166013,298.25
-1.1782480529485517,0.3674387232278478,298.44
1.358039117489983,0.010357645116107622,303.45
-1.2603114520451844,1.1733402042808538,289.58
-0.6456960981013273,0.18886862383046063,266.82
-1.194568764731025,-1.2956316844798434,294.18
-1.2576103718406642,0.4293308748311518,303.03
0.5012298568283519,-0.6440772094365714,295.14
-0.9476291276242931,0.7256026459898051,348.44
-0.18808871482428505,-0.15496445815911497,275.54
0.24900961452975454,1.5678765692280623,288.58
1.6170136388670846,0.07666299721793671,282.11
-1.1936112403215402,-0.786578323820005,284.88
-0.7893513353138731,-0.5795606249726482,263.22
-1.1229584517676654,1.2179456954559633,314.99
-1.4432288426546354,0.08574895714266514,283.33
-0.36595165661782125,0.4704673648177389,323.1
-0.729579936345017,-0.1521033036165975,287.26
-0.5771199347544361,-0.5183954509593327,295.31
0.8997181607037746,1.288904637902092,289.16
-0.8247073538660578,0.5454472614201942,312.86
-1.3729440788955953,0.1825608086073326,298.88
-1.1834569826437469,0.30705974863771773,289.62
-0.8816992128993727,0.7817517908746742,326.72
-1.5484999538044522,0.6325380891288792,267.03
-0.6966743741881144,-0.518644897667989,288.0
-0.2183543363700202,1.452362849955281,314.26
-1.3919389309342651,-0.46550415719424726,283.83
1.288440382726065,-0.6511724401803481,287.15
-0.7897577619507506,-0.479902077736941,311.34
-1.3911384180390158,0.9786843862844397,312.41
-1.0709318861040127,-0.5126496544619372,300.91
-1.1100014673192484,0.07249290295027615,274.46
-0.6092145698635192,-1.4744206907674506,298.22
0.45832639672737063,-1.385816240084712,308.96
-1.4121014376467278,0.9697318933948389,293.39
0.2923028440555184,1.009527701788333,271.69
-1.2496189874689239,1.2622295628223839,282.97
-1.5067409166739492,-0.24155103145809986,320.42
0.4161404356623761,-1.5473071048847375,299.14
1.079490666740907,0.626901223112592,303.28
-1.3840784576340337,-0.9001414405767215,297.5
0.44351550840571646,-0.41715863575944206,290.45
1.2728656735022428,0.9100847360606057,285.43
-0.4690682312318606,-1.7783825658388814,269.14
0.18292271073427052,0.8987380584432344,301.18
0.8857823552371947,1.058053618531952,271.21
-0.3714876087157376,1.5553186348109145,319.25
0.6372069116714754,-1.2785324199745398,285.77
-1.7375504678223155,0.3569854202127329,317.05
-0.4499754962898138,-1.5225726635767243,363.11
1.5732407703637656,-0.13609146475067507,326.69
1.3572150192215846,0.9880997995567251,322.29
-1.4319018048604344,-0.1186748690655331,308.19
-0.694117047960693,0.34723970673737015,297.18
0.6355034083096063,0.9672652829459949,268.92
0.840097014265057,1.1652650831751767,328.47
-0.5784801557024382,-0.3743049693297485,293.89
0.8092900894387144,0.92901608646499,309.74
-1.2999126218054715,-0.5675775531955004,267.24
-0.2862007446726401,1.5724130021573366,357.02
-1.3533571855107764,-0.02383957144294602,353.48
-0.7660732664715181,0.2511585505874725,305.1
-1.5082482876026737,-0.13312635615095736,351.12
-1.662326241391668,0.18904436832718258,348.08
-0.2147278141653448,-1.048130905828008,302.85
-0.10087298748470118,-1.1400364076450096,308.15
0.056652325145084594,1.4682715675855762,321.12
-0.09710459157932544,0.08838535554339365,305.43
0.8391441723995631,1.3650901168239542,314.21
-0.6086310954930954,0.16245274244431687,313.5
0.0492942067646449,1.1457738657181447,345.42
-0.6283238636512553,-0.8227136000624956,352.02
0.217725092178213,-1.0409673512922344,329.06
0.48802761325438787,1.2056396124779674,309.61
-1.3630642656531273,-0.939299753478497,312.99
0.5777453369755585,-0.8275045549430537,350.19
-0.2867759007127356,0.07013872845657323,310.59
-0.552119161857403,0.5686233232958136,343.1
-0.8825777997636196,-0.3723125085585278,307.25
-0.9835873450916885,0.99040132407219,342.39
0.138962823656781,1.3224572796214868,292.62
-1.1193143898179805,-0.7308483055453321,294.38
1.0920201581139606,0.3851171649845347,349.18
0.555719766452467,0.9358770232819462,310.38
1.6073018748291046,-0.11385848901396096,332.84
-0.7421879224764423,1.437166405889137,337.94
-0.6302672258638965,0.9677357073544341,334.35
-0.6193627587699257,1.5515461341150827,289.95
-1.2419281687296924,-0.5014642962739282,309.12
0.4561876906218935,-0.8907796166349125,314.7
-0.4075046719041669,-0.06141300789362539,305.75
0.6760208505785759,-1.0338001651356157,320.87
0.6188711572229397,-1.0286283628632735,337.27
-1.0713434106086706,-0.5842443499949479,307.24
-0.4991310938368082,-1.5439266878360887,337.46
-0.992101192126534,-0.4863016043593458,308.13
1.2504363814071655,0.695482208569162,337.28
-1.59119314383849,0.2504009815269956,342.11
-1.0230145062585485,-1.1494927617372814,329.7
-0.09272978405890323,1.0400716181166378,333.13
-1.4509729964143183,-0.7743806552477376,303.08
-0.5857263543094302,0.32640081624824374,298.85
0.6182732887327295,-1.5180151000298627,330.32
-0.5001482459704002,-0.6501486435301764,323.34
-1.702307660152369,-0.09749938067699798,335.45
-1.5409390751411776,0.28310851845566276,337.64
-0.1926429522696904,1.3016237182064057,332.87
-0.7009765985253318,0.7562659319845988,315.57
-1.7850570464839586,-0.08721818580406442,329.67
-1.042622560329373,-0.571858460441936,296.94
-1.3397810744074978,0.8297292177372669,337.16
-0.8997946103745416,1.1086439552422584,330.67
0.8111977998969189,-0.9344906907021737,320.04
1.4409664516254135,-0.09733318791276498,314.77
-0.7978472885032808,-0.3787592769471764,313.55
-0.8384108951314058,-0.9483354030978222,318.17
0.27350637759572227,-1.267519563218909,350.53
-0.616961957743832,0.3229954006322586,303.74
-0.5343404790975533,0.1363841540312092,303.96
-0.5771100810805456,1.6777832460407915,335.99
-1.0798222408357705,0.686347193458678,326.05
-0.8587709942481467,1.5779281245968548,335.67
1.4559299525693088,0.19797974696441048,336.47
0.25589311437306755,0.6349658672276324,312.1
-0.17112782799438297,1.6912155931278348,314.25
-1.2142868164959122,0.8629104760435189,331.1
1.0737853084682665,0.4839598370383767,323.03
0.6538073224972303,1.2261654793091434,312.78
-1.4752882770356182,-0.4272187374916623,347.74
-1.0753005497780932,-0.7904033312777828,327.31
-1.3603834818021583,-0.8073347856660527,306.7
-1.1635552730911405,-0.05140990911052732,331.51
0.3946264733797245,-1.476293396698861,319.05
-0.9951994036978838,1.1463538393972024,333.52
-1.2375165601154618,0.07112701926738448,351.48
-0.6689079887198498,0.2845772171528329,308.58
1.3065588132865442,0.942944768990333,326.89
-0.025372914809301154,1.1849636055430868,329.39
-1.670379500263847,0.2839644115092634,327.61
1.437743410257969,0.7181539271781201,315.35
-0.020831817672480463,-1.5905563803770828,279.91
0.34673502156084796,-1.0788490154208534,311.26
-1.513306270463792,0.3141248833089149,332.19
-0.8586659136653987,-0.9559353619917637,280.53
-1.7340869558193246,-0.23528086292589886,284.39
1.5454440131734066,0.11724029501387034,311.42
-1.468116139728351,0.98792649664988,316.32
-1.6838934654461457,-0.4269472566944854,326.03
0.7192014054508805,-0.8611645178917312,299.1
-0.6766750968930288,0.7695742520714633,337.58
0.6621738585522596,1.4864232724678286,321.93
-1.2872077670105748,1.0009867132046655,328.48
-1.843762194397825,0.16672621120830178,317.58
0.9304803230497203,1.3248245882605083,295.93
0.5147077523582428,-1.4753178470747568,327.01
-1.019234582371814,-1.2039397301213979,341.66
-0.8300412483593816,1.194840389975559,321.63
-0.6296292065961873,-1.5068667545803407,278.39
-0.9894164425450065,-0.5509625985131467,333.08
1.1242401389813004,0.8743446762853179,305.25
-0.43272807711938127,1.3137247369362934,348.47
0.230990582394277,0.8439606873696133,310.03
-1.307572610279937,-0.924435248517199,318.64
0.6332789811570826,0.7009523930823788,311.3
0.9227866674436724,0.5991454068496997,333.42
0.056815533314614856,-1.5786202731847316,313.08
-1.397151644458635,0.8676178091319533,294.11
-0.03600385352245334,1.0227867879376356,309.74
-1.0681301765696487,-1.3454851533014183,293.77
-0.8159406047403011,-0.6233371582418317,298.42
-1.590844181548839,0.3367335317043073,317.11
-1.1129025875630336,1.1233552453186055,309.46
-0.40366436824762686,0.5277089836636221,334.26
-0.4141455777700413,0.8164738415669935,271.59
-0.9964309156582937,-0.3746710899238487,307.53
-1.3155816917071808,0.9926640688772538,336.66
-1.3700400671404789,1.0256158028661067,319.38
-0.10912114606846636,-1.861623536141618,290.48
0.36199561698495136,1.4501498225469944,309.41
-1.1337109295606818,-0.7344066013509636,309.66
0.1571099368881032,1.4032796886271535,333.59
-1.2885341416683689,0.07325643547652425,323.33
-0.636189339656032,-0.9002203134742117,324.03
-0.44942392824149663,1.5117445211386937,343.39
0.7102474560819312,1.4810607591563685,265.46
1.160083173453313,-0.9780698940742752,321.73
0.702396260202671,1.4948664227294155,319.24
-1.4414239268881013,-0.17436702620879554,334.23
-0.45734827896099983,0.6867146082964231,314.11
-1.6078269854999976,-0.43501827279121946,285.47
-0.4451802190658465,1.7963816774969807,299.37
-1.2127965195267663,1.149138354231132,310.05
-1.7174366114778798,-0.3642236430091085,309.12
-0.9580576393388788,-0.6269303794992986,316.11
0.3081464373428708,1.621744796389095,326.72
1.1701099306619986,0.7091739598303461,331.87
-0.1671593254999867,0.3409687682335337,277.24
-0.924098605021525,-0.4159441087096356,319.92
0.9786822845669122,1.0904553080921489,313.92
-0.901147341273134,1.0010909665236765,331.66
1.6028231698751294,0.10558518041059835,313.49
0.2790848331126132,-1.6237865152008026,305.76
-1.7020107932811213,0.3035103273645487,308.24
-1.2409210599430611,1.124120773903562,314.28
-1.468909020511833,-0.21398064272008616,325.27
-0.9662971059986849,-1.380203130094279,296.47
-1.430238900474059,0.5398279961588481,313.4
-0.6366825765622972,1.5578065877922838,296.65
-0.16211593826635484,0.17751734233701877,267.44
-0.4554215134292426,1.8413488193026597,269.82
-1.0974493190564205,1.3480135354971454,288.03
-1.52750055838498,0.40972007747330574,293.77
0.09605131172843824,-1.8204047373184886,316.28
-0.7325010333084527,-0.2664147077097176,274.97
-0.5123418461485345,-1.5044812353368613,307.62
-0.824775467746578,-0.6593193256053749,320.44
-1.602455238626108,0.3280532273324969,265.64
0.16130400319721933,1.6784468932316134,313.17
-1.2376317685822829,0.7664475006936462,325.84
0.6140975810171165,-1.2764851810017142,327.92
0.06611749261372354,1.6566630044531776,326.35
1.5819660246641327,0.14379245062014095,332.4
-0.1158187336421427,0.22113139680126662,314.76
-0.7130585355851683,-0.90268740441973,312.23
0.646268886833179,-0.10980731316381999,313.46
-1.1401357195004247,0.6822886052125441,325.76
-0.2965071609185702,-1.184467361845884,293.32
-1.1742936127717742,-1.2456140030129936,333.81
0.7824177470484829,-0.9432870985043487,325.08
-0.5436396137796634,-1.5120124895838354,292.85
0.6490097085384462,-0.40580506453473736,339.94
-1.1835810732251315,0.8771473333224279,339.39
-1.296710805550149,0.15650505151765767,327.79
-1.4967568015957162,0.40379012502222184,336.95
-1.2003587002972955,-0.7376349969223887,324.24
-0.6176853853109248,-0.9429948138145327,300.75
-1.4357445353004084,-0.6134445483469876,237.14
1.13102969029048,-0.5671374486305925,273.97
-1.6392121920717302,-0.5747153581005324,232.44
-0.5689577254790515,0.6686711784802142,257.08
-1.5274610514163143,0.41986871213922883,266.89
-0.6970542955693244,-0.25319371034241667,232.8
0.8090336569495638,-0.21520953266797596,269.82
-0.49492434098437404,-1.5423988426642403,264.88
0.5412515576886572,0.7761758052600206,261.52
-1.1372728113969444,0.56963083711197,228.76
-0.574109984267659,0.23295229609331597,344.62
1.0839865663935297,0.9785906869317017,292.12
-1.139566208487505,1.1644255163608404,281.95
-0.8203676017474723,-0.5682470026267769,307.7
0.43102944386443276,0.9972127936264262,278.38
0.2361560499088752,1.3149550758494002,370.95
1.6228638612083794,0.23633070936330738,381.04
1.3378538150428543,0.6653719669803225,360.67
1.2181000195851763,0.504160611074118,328.36
0.052796524244758954,1.6861110188748771,382.23
0.9774631138228586,0.006927640146436542,370.9
0.05958465996477002,1.4923051104210543,381.56
-0.027222663625143705,-1.1531416049932386,379.14
1.257889529936773,0.1260182893090236,321.01
0.9164508499893027,0.8482054779213211,364.55
-1.2462471021816444,-0.5748303817062093,261.71
-0.22690836090624458,-0.17833336253152546,366.54
-0.7565489633206636,0.7921623725664372,313.61
0.12711500419688349,0.6862016442297668,263.12
0.7560701097160837,0.2985711265272547,317.13
0.013144508978494377,0.3898868220176126,266.26
1.424048093907846,0.4390004210312568,281.67
-1.4735829352500265,-1.2932473132825473,257.5
-1.4159903909513831,-0.8294350472731666,233.5
-1.2371426562993193,0.8057574622001726,296.93
-1.7318200356984739,-0.2402930020671056,300.47
-1.2900578038006065,-0.6290378217000973,261.69
-1.5103860365457036,-0.09100580070972787,311.72
0.5533100171440957,0.759796979700127,220.97
1.1289430145193051,1.3043764514140146,236.63
1.3783015024581018,0.9826842634640724,295.91
-1.3591386551795113,0.9398656405353204,283.64
0.39984036279243557,0.8194608648222499,345.86
-0.14356486982901157,-0.8850374674985808,312.39
-0.44295923033992096,-0.37470718475419545,320.48
0.515325123826836,1.001251902630925,272.5
1.0282755223959135,1.005792198174464,274.66
-0.36770015205139406,0.5596622930810247,299.03
0.2555028567469132,-0.3530149740393368,318.66
-0.7254945604888138,1.4830152003044066,330.15
-0.17791603905287753,1.723430396323639,311.48
1.0543989069430333,0.5630824167427503,318.2
-0.8256709094497315,0.904820990199685,323.71
-0.8845679911489229,-0.229109056674915,278.94
-1.3553335123574104,0.996834260177571,312.41
-0.18977036987359505,-1.7559689701089116,288.59
-1.7119044824031138,0.151665120061921,320.77
-1.2249200291303184,-0.6068508900618542,274.96
0.6566155720000478,1.032384833043929,274.2
0.33287758766494274,0.6622167379043243,279.17
1.5543396400140166,0.12212542673486308,309.05
1.281994719022397,0.024907876851393545,310.71
-0.8904936089597054,0.3555910770537219,283.74
0.1999218662125959,0.7422799577060601,278.8
-0.16248985156997792,-0.655031455758048,318.51
0.7469609829074136,0.7109795414556014,291.34
-1.0789852905104769,-0.5207520301265456,281.51
0.6693511086915848,1.3157312151320602,275.75
0.05374252130590806,-0.20088287008539715,334.67
-1.3540006252276624,-1.001550828055284,279.06
0.12129215828801876,1.4227213108549404,317.54
1.518191207397526,0.2586413660164099,319.2
-0.6056558420605505,-0.6701321215620129,317.97
-0.22268766065258916,0.3386790943979711,285.14
-1.1592302699509947,-0.47999266651154476,285.25
1.1991859497843338,0.8365915414399526,321.13
-1.639805161991981,0.004296364718940126,321.04
-0.8234217637834155,0.3384663899649983,274.44
-0.17321780207315707,-0.2322394315852134,316.25
0.46564451838429277,1.1812468888832075,303.06
-1.0340739170306001,-0.600475791166039,314.53
-0.8470095482028286,0.5497703689297142,347.11
-0.8630228372388832,-0.6197995454169594,294.84
-0.8251693056183941,-0.3080123345463086,328.79
-0.12680409664651904,-1.458503290509872,338.79
1.5233301752060087,0.4560355877694449,352.72
0.41089490040720994,0.6781270068452654,288.33
-0.2402858711576665,0.1043230021979282,298.91
-1.100609267529772,0.7058530276921346,335.43
-1.0825794394547816,-0.706904922960745,321.3
0.8863954437372972,0.7567330078120122,302.13
-1.4504934554261704,0.5846960154003547,346.48
-1.7555948886574315,0.28088784139343953,337.72
0.2514189926637573,0.9669068976069435,317.74
0.8284332312444208,1.4920983380379984,303.89
-0.8646296510568183,0.49413815373117354,332.31
-0.23468119867069195,1.0906324225202118,348.46
-0.48242526385465845,-0.21551242767112136,307.48
-1.3586790485940594,0.9747157441704591,344.72
-1.5750751842150994,0.19120501046636007,342.5
-1.3437209131904406,1.0462573051370685,329.77
-1.1029728265522698,1.1401653894318353,327.68
-0.40227288960215607,1.429875601989428,347.44
0.8371847338280539,0.9522804441374274,311.2
0.9712434087606789,0.34604598411400006,342.16
-0.5855404417538209,0.15350093484308006,295.34
-1.0308996940388113,0.4958664459005,292.32
1.532560195171043,-0.1597920427351536,338.61
0.5913922663682987,1.5850515369185916,346.0
-0.1276079824333331,1.6883098761158246,339.06
0.9441913612588663,0.8117483364508605,325.52
-0.04153126844180454,-0.8109978609422079,338.76
0.3428194614181005,-1.3080048985194817,326.19
0.13473450346450846,-1.0685605109915641,368.07
-0.040367145320962666,1.3846465416800222,342.63
-1.3648409110587039,-0.26124272899087664,327.48
-0.800872745029361,-0.41686125841281196,305.52
0.2994348505828185,-1.3580311134588414,312.73
1.427564363645462,0.7081615716245474,316.27
1.1390219375300747,0.43703104956343775,309.76
0.5973207114754037,1.187797397314424,307.64
-0.8426656613282132,-0.4829254337131642,339.2
-1.186430360481011,-0.4283987822657031,299.88
-0.027129071707240035,1.4587472862458841,381.89
0.9050429549928974,0.03928082232523359,354.38
-0.2500665675711589,1.5378793547620002,337.38
-0.2775128489777904,-0.15769621005469145,348.83
-0.13653279942944857,-1.6591275731336093,359.13
0.1537291479282917,-1.4591971548527873,340.53
0.2426035411581338,0.09477068024673263,326.69
0.7094891245088332,-0.8162756335175363,343.52
0.9142189751442172,1.0797171189182901,313.62
-0.9821765693375717,0.6466675275574174,318.28
-0.5568192591319439,-0.4874792456930528,318.57
0.33230500364828464,0.8317660801374008,309.47
0.6335539898148879,-0.986046506813053,347.74
-0.5131204520148374,1.6117967063457952,348.8
0.47603282137943553,1.3584941913536361,311.91
0.005852768205821748,0.24920963701321192,332.14
0.40826981284017433,1.058632929870683,312.44
0.2297288024982651,1.2992229355468465,360.81
-0.9373934255207413,1.499252112883562,362.68
0.7882387266357157,-0.7577298993431061,352.66
0.673208158913344,1.6432426727976033,314.96
0.4939759230734962,1.0640125046341442,321.31
-0.7175902400652133,0.7260964160493175,360.71
-0.9891936821065281,1.110760392082833,346.51
-0.9363473161925604,-0.6775202312873436,318.45
0.14438468067965834,1.713225195197618,352.14
-1.1012855554787044,-1.0566725776699286,345.43
-0.9189665980931657,0.5859453531490354,350.97
0.493617855614179,1.5483438120375341,353.13
0.05961136919185667,-0.5268260276645589,369.71
-1.3629757846146464,-0.032004238956537374,371.28
0.41514605735043203,0.69068389295455,349.92
-1.0007620407929636,-0.6344979921337794,314.81
-0.017304460716821117,0.4903012275184107,321.78
-1.7651454613858915,-0.0873699289659935,350.96
-1.709561518918863,-0.014381960679458516,378.15
1.2403384746123878,-0.4195962136501978,353.46
0.30721767552083173,0.8094974367408629,328.38
0.355227898139477,0.6978351283819046,325.68
-1.7943296406467748,-0.15382991095407644,334.02
-0.8639935657343077,-1.360869316156629,358.76
-1.6220194405894803,-0.23641745288993873,362.39
-1.4648627832285441,-0.028880310681590703,360.58
-0.7580229496353432,-0.523495521338995,334.6
-0.14970162752347116,1.2738064672023361,357.09
0.3105334206055661,-1.0179188441808427,389.36
-0.9655849112602792,0.9446928640829602,356.15
0.870402113014139,0.6513385730768367,357.14
-0.4136875902127165,-1.0847522670336862,354.76
-1.7810665902905967,-0.1270194566612822,354.01
-1.3178811195002003,0.038613448834586214,349.35
-1.0756330218097012,-0.6180214591707113,327.55
-1.5879945942251905,0.014518279135829905,362.1
0.0696496115271977,1.63464530492181,320.32
0.09040709784834268,1.6030335364495352,350.93
0.27579960974874934,-1.1680907390958408,350.27
-1.167883645623305,-0.07376211828761949,353.72
0.28508438929857594,1.488099244198223,381.02
0.512977377751713,0.5782090789068305,330.37
0.8506998224395292,-0.4599217576582182,353.45
0.07892555478947715,0.3234269140620199,330.5
0.20941610156874388,-0.650120699345763,349.15
-1.4767796571891507,-0.2862165877445455,373.13
0.9084725327443328,0.8808841081732456,345.5
0.433265504111139,1.4010169816528872,367.24
-1.3858817424883967,0.3237432924805722,350.81
-1.103728406949268,0.6573935562654297,356.0
-0.6247363650413726,1.0888375712737697,361.32
-0.39849086131155775,0.1573357300836113,350.31
-0.7942639145396243,1.5609070539436998,363.17
0.04195190659634188,-1.0610966747510153,337.43
-1.6938157275141652,-0.3962427886629622,353.01
-1.4202637590987917,-0.2331561716774386,378.0
0.16008817256138147,0.8116886264716666,325.57
-0.8912386702821286,1.6790660834560516,327.44
-0.5954569757753245,1.1463374213780366,354.66
-0.6160455110305034,1.3386873518238718,356.52
-0.7468825900804827,-1.420654999960752,338.71
-0.021521802569636834,0.23004466055109146,336.0
-0.7776091832502736,0.8262987308156677,348.42
-0.8390500562417377,-1.0423275216518115,321.45
-0.9985476691026234,-1.3923315176663418,352.01
-0.8054253815513905,-0.2860915128837119,335.56
0.37539499669131915,0.8624062825457536,337.54
1.5791437408836675,-0.4666726826365109,295.8
-0.7304703591460123,-1.265705119988356,318.13
-1.52942271208016,0.3213088690653061,343.56
0.19804482251811403,-1.6164567688785125,351.54
-1.2685412351941814,0.3075283634040412,355.39
-1.1740440663018652,-1.2711624453826103,346.7
-0.922207760001433,1.3179278973949216,346.17
0.28292852638191235,-0.012674996165072908,304.76
0.5779021497595408,-1.4470785416241712,344.18
1.1552859563126523,0.7605878935627775,319.05
0.6330699570740436,1.5708349789008873,360.92
-1.807734571285425,0.40536675280901424,354.38
0.31152921316564147,1.404212057746548,350.97
-0.5270603307278839,1.7214541463427497,355.56
-1.0509368666461496,1.22612567804687,330.75
0.3145710565397308,0.5126282043125768,337.07
0.9015926992385599,-0.901146694883099,355.87
0.327050798740752,0.7526858949151397,345.55
-0.5013738016101021,1.7604877962600214,358.71
0.5557572215039768,1.3962632356391218,375.95
1.0151173871519348,-0.596956518180747,344.0
-1.4437892884017176,1.0704218698250194,374.57
-0.8388784811307936,1.2570977648010355,373.83
-0.593635344011948,0.4932571646147367,354.35
-1.2075282359557427,0.9661582958571824,352.28
-0.3351019829774504,0.2961534127983247,336.28
1.0302820713244365,0.642020774928184,326.13
0.2614978234606953,1.7846338925170484,360.26
-1.3395109164231196,-0.7853208638095318,340.45
0.0010467881060487363,1.5367352144384312,349.35
-1.3269855592547746,0.8611640414201532,351.66
0.8658591171496597,0.6380264743939571,342.78
-1.8432463668497576,0.2103990560854485,351.71
0.06890857892181738,-1.0015935587402292,334.27
0.3298443279551278,0.8148891535131455,296.69
-0.6392463780074261,1.068217427744361,348.64
0.5191183390023923,-1.3292049326262627,337.01
-1.3679865222635608,0.09926184650785436,345.04
-0.7860553031665398,-0.562285147921136,328.54
0.16000174786860608,1.5498683221844767,351.13
-0.7380789726526115,-0.9530697042203133,332.6
-0.7609153990702874,-0.8174259289346395,363.76
-1.7772304808531456,-0.1076244315095727,364.17
0.7995600412660008,1.2085794424790082,335.73
-0.5885842034879506,1.6038734548929243,277.39
-1.7481101058599355,-0.2527797523564776,341.94
-0.419491806536526,1.5471224841311335,358.21
1.4496654528597628,0.44332276636353074,327.67
-1.4439316454979065,0.520171228874575,342.64
0.9001013887506821,-0.5793102197695742,345.77
-0.7432712917006794,-0.5654624971638466,305.93
0.4145923882330919,-0.9250579207261014,350.44
-1.5981523588371314,-0.07578473723213067,367.16
0.3567539048929342,0.9485685069080454,336.03
-0.408043848357454,-1.5001075951317178,346.67
-1.4131094962508144,1.0275005505903343,369.96
-1.2946065137260905,0.2447704587372307,358.14
-0.6086812747441879,0.6283426901882618,352.13
-0.9296900512109557,0.9885345597219571,348.11
1.3855140519452798,0.2797369845327187,278.86
-0.9586435629571315,-1.3036570238454088,336.22
1.0856019920537472,0.705385784861879,343.5
0.43366165816577434,0.6814173988172183,330.11
-1.3062993937977623,0.2914204560005439,276.81
-1.6818887627876018,0.6799608252195162,339.81
0.2559937158780321,1.2893869789446486,350.57
1.2350067003130232,1.2065687299686274,325.59
1.1164210164464137,0.9256173487281402,299.6
-0.7064235379602929,0.9105854051998634,320.71
-1.1896822141060996,-0.9858846268947586,323.64
-1.2745487085796696,1.0828452659533407,352.19
0.9710590641918369,0.9308434343403191,308.12
-0.6050310639701745,1.3722608439577726,345.74
-1.7360558058380888,-0.40728032869916725,336.91
-0.48686889452564436,1.7162518073751845,349.23
-1.4620861637817872,-0.6730436396167909,325.41
-1.4368369017647118,0.045353834727871245,366.2
0.8942943109758794,0.38060130617341403,303.46
1.5156162276672345,0.0758307510268414,326.12
-1.0548312137837887,-1.0104980896584026,324.11
0.4405365368486666,-1.2004565506339842,322.54
1.4823257026953143,-0.5967726884235598,341.85
-0.2949826635148811,1.3272270240005755,333.07
-1.3180062758158149,0.27922766897905404,362.27
0.021246329755122667,-1.3705758161820527,333.05
1.4684061858895718,0.34184669097364934,325.67
-1.5691805800438936,0.48148194024933977,328.43
-1.1494300019129107,0.6070151358736452,351.47
-1.3244453075453786,0.0001511652990586117,323.57
-0.8641477142511971,-0.5998713926686693,339.98
1.3640181509885496,0.7040920836395821,331.18
0.28723617560255416,-1.3594202929228123,346.1
-0.09514292974648665,-0.4547567237127764,334.3
-1.336675219579854,-0.6381201133177965,309.75
-1.2872136378660746,0.018733516895862553,337.23
1.1397022823242238,-0.6526813040724868,339.26
-1.2675023225500899,-0.8828110381749793,332.13
-1.0281363954140115,0.7910407024942773,325.24
1.5323824004766433,0.8132923320903304,343.49
-1.5819274910937824,-0.24639283048273647,340.74
-0.18476981417764768,-1.6624092839382314,345.52
0.3960723803362944,-1.5070810007198283,334.78
-0.2850580455566585,1.2806082595188037,338.21
1.2840196792174905,0.7847540151365509,329.78
-1.740886178505413,0.6648143988120868,320.38
1.1201245229971888,0.11053760802437188,359.1
0.911580392826646,-1.0040383645411952,337.09
-0.3213685166716665,-1.410058573965006,349.08
-1.5213719168696151,-0.15207680193526493,350.76
-1.246185106047755,0.8583779036545042,313.29
1.468984037465807,0.3067305089495959,351.9
-1.7148285532274479,-0.14834932893272118,339.87
0.20717764124041907,-1.642219874382623,342.32
-1.368901398341608,0.041741978303347894,321.34
1.185634051944102,-0.028618242003829283,348.01
-0.8203345831151746,-1.0098564290715226,334.0
-0.7759368842328656,-0.9671978045929946,337.83
1.1376259375295972,0.7518347190865058,327.63
0.7899085486086742,-1.047013371951935,328.54
1.3747400385508548,0.7650116011389356,339.42
-1.474585981974107,0.5662328212650228,372.09
-1.1464958556170401,0.8108373412715103,329.12
0.5337306169446883,1.4742045570182338,347.63
-0.7128455115201328,-1.520641779771618,328.85
-0.6837390280196746,0.9234015934631675,344.13
-0.8353210294174847,0.544796690312015,314.16
0.8944507983856882,-1.183923809971962,325.09
0.2707828407476345,1.3606356821140873,362.13
-0.927129859005888,0.9404427252574571,323.26
-0.2870021430146309,-1.7579640586433893,323.46
0.09800088300602013,-1.557779267108236,349.97
-0.6345735627172621,1.711961859380756,342.32
-1.744259766589881,0.21130191954351443,343.21
-1.1153219044119311,0.6504704686960574,341.93
0.16264845810769193,1.055453332017987,370.72
-1.8669636723407863,0.6048632721674351,342.19
-0.18155405945643427,-0.2913164319509063,351.88
0.3826795445104389,1.6991734295080452,335.63
0.5677687697217848,-1.1001071565208367,343.69
0.39006744526759124,0.8616792403814817,340.58
-0.5558692752840149,-1.1418246398636283,360.24
-0.39741990233365376,1.6576384870633505,276.61
-0.1154704778369623,0.4020745247879537,241.71
0.19014839935962335,1.8022150080057462,258.35
1.2847409039549533,0.4374905266153954,293.15
-0.19266262434639392,-0.8226280060582328,326.24
0.8345419448410312,0.465781809298053,265.97
0.7775900024718102,1.3453847320405474,228.78
-0.7409615190444876,0.5814982236103191,376.29
-1.4973760981544721,-0.793376268692101,233.0
0.45809605344076776,0.0946070515745276,262.12
-0.19221362496258987,1.5463977278836645,302.67
-0.31592662818325634,0.4805245636763845,305.72
0.3589732510669566,0.8274822195695228,336.69
0.44729736984014334,-0.711753483975562,326.54
0.3399969776784653,0.6304781650573977,352.61
-1.1511452193425187,0.6222305388998597,363.32
-1.066936420817272,-0.5096952467386148,288.79
-1.265757119938552,-0.2896144612502244,341.32
0.3899242038757739,1.5230863465500442,371.07
-0.06007431154729463,1.1461677315175776,279.81
-0.06376072142575993,0.2847468584746823,269.83
-0.7781345011613167,1.195218510907278,358.65
-0.7641846922077228,0.7172761814300345,294.6
0.06233757028415432,0.10692286806774971,280.2
-1.0154372477017006,-0.9648432319869121,359.15
1.3908759653094558,0.6654061248709795,313.99
1.2575605253343831,0.25832078130789615,271.34
-0.8316566587884949,0.5202286490698482,323.89
-1.3185711133438065,-0.1332226201898989,311.62
-0.35136976269169695,0.18862997985369168,294.05
-0.654422716492059,1.4488402616414484,303.88
-1.5615885733312875,0.43917662944015845,287.33
1.2947228031369085,0.4751276897075671,291.49
-0.9987628223890049,-1.1758471377974347,366.11
-0.6297672484618633,1.0294869645942857,249.88
-0.7064553811512289,-1.477801984155067,284.02
-0.7904135346781833,0.7466729926132215,275.11
-1.4447572489118468,0.292225605010231,277.7
-0.551067005407707,-1.3226941375973502,281.04
0.18320434630354218,1.6794002508649755,294.73
1.245806649978651,0.9330564535687655,279.61
0.45170121111316536,0.6930442053657194,287.22
0.5355839924842577,1.4578697710577433,261.14
-1.011774453265378,-0.5871664830691526,309.62
0.7184226171023437,1.3929417543687146,284.89
-0.6635440972992859,-0.791078500095469,312.59
1.2438600356374545,-0.30863480606095595,290.94
-0.5052246574367852,-1.3638202799538879,300.04
-1.6106369407897019,0.6365292428413528,308.26
-0.35670747858226787,0.2829813849957763,270.95
-0.8111364994361573,0.7380560100908047,279.42
-0.8118485572468742,1.1328180779863886,315.39
-1.5128517021289976,0.3757594718933857,310.67
-0.9261615118016329,-1.0558283266638961,307.9
-1.3488944916502457,-0.9654653516648597,276.55
1.3449977245284366,0.7772314384493827,317.66
0.6021562742966151,1.2562076962367397,273.06
1.5361756240831346,0.5257039921586989,303.84
-0.8389676290434982,-1.3810361166302632,317.24
0.2367405019245144,-1.1776973651855198,316.7
0.5666921231601726,1.2090442302914093,294.12
-0.12492467732808968,-1.2206124049640543,318.4
-0.878321974421166,-1.3818602386960215,308.97
0.5871864545429822,-1.6885693801903756,314.56
0.8351806957587626,0.8038812770758499,300.85
-0.4909203122623547,-1.3903754164466453,323.54
-1.4111292990012758,-0.28709061628059296,329.95
-0.7359226259874646,0.393182741510943,265.35
-1.2964859262627781,0.7426116966507924,294.01
0.6656369257348608,1.6925790161138414,314.04
0.47126338110141686,1.2724009842911936,292.1
-0.5537658682958512,-0.3443633137904527,281.36
0.3847313814787801,0.04851828684328006,310.27
0.4880798679230217,1.4079179879017603,308.75
0.1973933712516382,1.1478121139119448,315.2
0.4479024680225847,1.6476717038692328,371.23
-1.084510367002482,-0.3977620762639202,295.51
-1.4084145513832669,-0.21621743699329155,319.0
0.6978909314243895,-0.010119236542807993,311.32
1.4282207014241128,0.513382517979487,321.28
-1.4039003086714947,0.23533536564438196,317.42
0.19913866551790002,0.39289125543231024,297.6
-0.5567350005165801,0.21814926762488396,279.32
-1.0074877393231205,0.7750194179443793,316.45
-0.6238698248008177,-0.2018263696579616,337.26
-0.6304142849252354,0.904538540579301,341.71
1.043775994587825,0.27603081284807357,333.89
0.7223966816959078,1.0078445377499492,309.23
-0.9470191439271716,-0.5883042504251864,291.79
-1.3862529132693344,1.0663261762352758,332.88
-1.4194787472597248,-0.2512038058110581,335.36
-1.2390488883570574,-0.034074929547811904,331.41
-0.6343400850431395,0.8500794305261505,333.8
0.09485851590840272,1.3939158155545446,333.52
-0.8516860703159794,-0.5235423373498712,299.57
-0.6065222717148054,1.5570484760953271,329.83
-1.9126559798627225,0.5296349181766419,320.26
0.37452047401765165,0.8961363697335047,289.4
-0.921324560057586,0.6344154714310691,346.63
-0.7159388660437744,1.6745509926056383,328.04
-0.5999472305126169,-0.34621066115730237,296.57
-1.774051224097072,0.21328146801953338,326.05
0.8160104527997365,1.351716183568647,300.47
-0.40659266220843204,0.7375833141197091,329.11
0.5005554380304998,-1.0468608703989104,285.99
-0.716647944754315,1.1546667562772015,318.86
-0.4578252887277494,0.8311375630197111,328.03
0.4962206257553169,-1.5938383186973173,319.9
-0.3126760761046431,1.2012712368034413,328.58
0.6584479291733097,0.8107682923374011,315.6
0.7892302411764335,1.0395703927223587,296.58
-0.14199633549247376,0.39350987755008554,344.4
-0.9010689974205055,-0.453987784615905,343.85
0.5140567987970371,-1.3520997914573565,344.25
-0.8815144797016046,-0.297474991737277,333.29
-0.6521620371740449,0.34262640334117844,298.09
-1.1580965344932093,0.6505769428943625,319.85
-0.05044522212097915,0.14541995127108212,305.96
-0.092358202340133,-1.579690456558814,341.03
0.5019625620804565,0.859487788627847,305.52
-0.24497245418583735,0.14328514513754725,313.62
1.1006924061596266,-0.31430835474511937,344.66
-0.21924746367299183,0.4543947805802222,326.49
-0.7774066474155369,-0.3552228189737483,309.35
-0.3323389100623947,-1.6326215363267926,340.48
-1.257563573425845,-0.4732101048922136,318.0
-1.0206539599825002,-1.1315156825840882,338.22
0.10212137748054552,0.5809543482436117,325.7
-1.049275419067876,-0.8867745484843779,334.51
0.9682540031880729,-0.3073690027035415,334.31
1.5714331921836187,0.3000015845300372,345.27
-0.5265605794064361,-0.44339666337892325,311.38
-0.7732198587484234,0.904828706081922,342.9
0.5777590725129433,-1.662473009351493,334.83
-0.5108255898202239,-1.3292612349595223,352.13
-0.22694596568417422,-1.5427679956585312,336.67
-0.8798732889372523,1.1189432981634797,317.19
0.983264852438589,0.704080262761823,335.46
1.3340596926697768,0.9034929812035973,324.58
0.9318797198634484,0.8689298431149042,324.24
-0.901665743992628,-1.2895579750577897,323.96
1.5029632530902302,0.01753808825256321,324.55
-0.8180318641448491,1.0103623398631318,358.7
0.37266445626894484,1.6163399242763024,348.69
-1.4079592800404002,-1.2208871536905157,331.62
0.33415344921314954,1.6567850933526342,324.31
0.880472481915755,0.4976292474156362,334.07
-1.2422689106956841,-0.786818757385486,319.08
-0.6309432988151776,0.8177348921760482,352.81
-1.5738926784146055,0.3820918979731324,349.35
-0.8277486540196777,0.9390199478938007,334.86
-1.0397316805609187,0.6187279693345152,339.46
0.06515364515716342,1.1597861298799816,335.8
0.3142251969345586,1.3660940750843178,312.81
-1.12919195144982,0.9428265592820405,335.12
0.39650711054635623,1.6865226191977012,342.8
-1.384394102600089,0.21151870127983602,343.39
-1.5384034230079122,0.26874361247986006,343.02
-0.4718085403890105,-1.6974851285833779,354.25
-1.4073182606452777,-0.7413051508080258,320.77
-0.15240212749686102,0.08077006849624306,320.12
-0.8956676002675334,-0.6863193739590485,321.05
0.6659427295491689,0.0551502501027389,336.82
-1.0286141840089773,-0.4754566210917155,327.75
1.404716445496806,0.34194081177301683,349.32
1.2297504968071533,0.6717630674997045,350.02
0.08660211486144061,1.46262301419097,348.89
1.0416661707223434,1.1172745224541272,323.86
-0.8830970970182261,0.9241022409806463,346.87
1.1206024833008255,1.162729809317925,323.96
-0.8548626229270659,0.8121497294556421,352.04
-0.3235192210417514,1.2758571296961696,363.13
-0.1690602056652782,1.1549397548626248,349.03
-1.017405228472979,1.198710454542173,351.71
1.1634199666167253,-0.9635097442947702,320.55
-1.5778497099641544,-0.31527501994169627,360.19
-0.4649512352114031,1.7505433038386464,341.5
-1.6864434759840257,-0.1810518742939073,347.75
0.0056277829225235216,1.5793956038549524,338.41
0.580671697052641,1.442175056743473,346.53
-1.750695916295112,0.1945432427451135,343.38
-0.9522653075490642,-0.8834134193054592,337.41
-0.44158160965449555,0.005233805500753033,324.25
-0.719183789302406,-0.4747112487169928,319.32
0.3003914107965376,-0.29284548825993534,334.73
-0.7262950578865829,-0.3991963582284219,346.97
1.1006161517070798,1.375108325725048,348.8
1.4301193816382984,0.3217363989542812,343.42
-1.1066023993892216,-0.06914976328341513,347.2
-0.05362101571436778,0.492459516614438,321.83
-1.198946100964266,-0.7654234379926509,327.34
0.1917345705172107,1.2185419868550624,350.49
0.4703942949844875,-1.1796618631073983,344.47
0.8942503893558656,-0.9747682376076683,334.77
0.3413876068043277,1.5502592011193985,340.16
-1.0048363437490873,1.2183547464156796,344.4
-0.07896937121088617,-1.701570826676195,345.95
0.319709228551623,0.9337685068924986,324.35
-1.2040020197754833,0.2353501044122238,342.41
1.455193441536795,-0.017457379728080348,358.53
0.4858491700575532,1.4706067240629328,332.51
-0.25945821456180324,1.2551762113239766,343.41
-0.6122323911036935,0.974658762665519,334.65
-1.1696720089521222,0.7481327152588676,329.03
0.14301310661940286,-0.5211734908253469,335.0
0.6079028223887527,-1.100473254128347,330.16
1.0222220679834007,0.7660648158504263,308.79
-1.2110786376563858,-0.9902048595000944,349.5
0.2675184239056231,-0.16360649226274687,330.93
1.703638484800966,0.24246707595722633,342.09
-0.0452871016746443,0.22616260406865346,311.28
-1.668061883395207,-0.27451127123503544,332.34
-0.6536595694043835,0.5201178138013398,350.66
0.5409587246796254,1.6298307942825963,337.63
0.4622878317910907,0.9750940293180449,342.95
-1.452404211561117,-0.5365709617354539,323.11
-1.2759187743228275,-0.5448605310038842,334.51
1.213929894003392,-0.9911905669578777,337.04
0.18724758266020056,-1.0505826197794135,337.42
-0.3170060341055319,1.5940396147684395,324.39
0.0868218532409953,1.518591425583102,338.06
0.033349992520551514,0.2774354359474969,306.0
1.4286131271283145,-0.21135664577052884,339.83
-0.7663928131050525,0.8591642122841827,351.76
-1.52517958193174,-0.036215617997445916,352.72
0.767692037268955,-0.739776259047977,318.33
-0.7544451133646802,-0.9415638159861957,326.12
1.3859431623760774,-0.3254502146310909,326.8
-1.519265309048892,0.09811215217463078,329.9
-1.1193842030526964,-0.7855075511237147,325.3
-0.8656821711793082,-0.9432203172643818,339.85
-0.43742522110079857,1.2898162608062942,378.48
-0.17807913023279623,-1.6636358956283377,328.97
0.7270207654717374,1.3344021164982451,348.53
-0.6638885961795826,0.8201180882765494,340.0
-0.6029662963955276,1.38991479163187,343.38
1.5420695858279232,0.22633716746347524,333.43
-0.9082830083959222,-1.5590856094349443,345.45
0.5577084897934694,1.299318378605182,322.88
-1.2291439456989708,-1.039591599153351,352.38
-1.0719920436192714,0.9931183224540788,334.83
1.148380376909878,-0.2196725437465299,328.62
-0.6754524397229638,0.7097950706129621,346.18
-0.29319863468900065,1.376377395539952,347.24
-1.5790041001494302,-0.5227601622496918,351.14
1.205184876754446,1.1113315327359528,339.98
-0.21398532390891953,1.6015266014052831,339.54
0.9791760637673694,1.031930207004069,326.43
-1.4112152774072468,0.522450451485163,360.03
-1.086521901514443,-0.9786699078820963,317.03
-1.3659982952802956,0.32189019293974913,353.56
-0.229823392785962,-1.6793220160866598,332.14
1.3701559932681238,0.462371393259938,336.13
0.5076172732352716,1.6214106153638668,340.51
0.24446394392555615,1.5288541233712036,339.45
-0.28323616018647857,1.7232727391406661,339.84
-1.054396539104377,0.9823305227816832,350.4
1.3314177218509438,-0.1934240526057622,313.95
0.2993651907129973,-0.9549107927999955,331.09
-0.7387191197538431,1.693832850580347,318.42
-1.498315626075035,0.20029980685383741,325.59
-0.321215789343001,-1.1687741492419441,342.98
-1.496672449829862,0.20614095981685196,325.37
0.6468480294499592,-0.6984758105993278,321.27
-1.1333918701370007,1.4596324592759304,339.04
-0.2836913137280417,1.5605328543870371,343.94
0.07522856524025272,0.9377967195694562,351.61
0.7191172979713567,-0.22873948824365634,338.25
-0.4167656067098898,1.5145293417465906,327.32
-1.3910419914537668,0.4497082775625511,315.83
0.778753273508948,1.5734170148124367,329.92
1.2988811662331206,-0.517241224368657,331.84
1.1832540937008826,-0.2644407120387007,325.78
-0.5753839267466874,-1.617161516916375,327.23
-1.2938831448752521,0.18233209123091015,328.66
0.05450774520827289,1.5384783543347917,342.15
-0.661773829192115,0.7702633072205501,345.15
-0.991311731453338,-1.0485954908660982,343.13
1.3830915472285579,0.5741894668161097,318.04
-0.9947921570715028,-1.3155161511481779,335.01
-1.5904795668325327,-0.0636447261834613,334.94
-1.2886919733241164,-0.7100669062719818,339.65
-0.7373229127316456,1.4421016615746332,320.07
-0.48348092262869763,-1.0302417380895141,328.14
-0.5068131629563397,0.5187997385063984,329.48
-0.6003828211174672,0.5292750242287273,337.16
0.5767699984777931,0.7125750228942208,350.18
-0.613328526200192,-0.5326616370716128,319.96
1.0582501782076426,1.1883186865490796,347.41
-0.9253119870652996,1.3921475144815707,336.04
-0.8887576782189034,0.5482448239427693,321.18
0.12159289633165563,0.3318014925798114,324.32
-0.20114225643678424,-1.6207066338125595,319.43
1.585951949199071,-0.005271260930216296,348.0
0.04553760447174763,0.9812701736597209,290.28
-0.7884335304686035,1.1928168075156134,343.23
-0.7086570029893006,1.0375332048231596,342.91
-0.6278368587407215,-0.5210656234225867,333.05
-0.710503919382244,0.15015775827276195,327.33
-1.2830571141884493,-0.777623906635722,343.45
-1.5913967975185017,-0.8153448806988446,332.24
-1.0655999504096427,-1.054957607295332,342.28
-0.17537049433522847,-1.6460865177056587,343.95
-0.6923663082406524,-0.33480296579502106,316.86
-1.5881095994277032,-0.05332971717479742,324.51
-1.6041341565760026,-0.04057944911187619,328.18
-0.9244906669585063,0.4714897218896341,329.08
0.7152110471487826,0.7378600624202402,327.4
0.1795604447644737,-1.5288490839990323,335.18
-0.8047161914315949,1.5361085866139623,297.14
0.703628682574149,-1.352796791430977,344.42
0.4949124514613017,1.325291178583347,328.04
-0.601846406247724,1.415887151338585,348.23
-0.7360949013069437,0.9213228269223078,352.15
0.9407820310014067,0.8000109697008446,343.12
0.6681734336636042,-0.06574981940464565,350.13
-0.10948010539921864,-1.3483469615102834,326.46
0.2902505800083193,1.38656665750863,326.56
-1.4678951750320455,0.15767936016107148,327.98
-0.8838877631004646,0.7090104165803895,336.61
-1.2705290940711123,0.8380545755225145,342.81
1.2089276458145048,0.9304482465457073,356.39
1.2837368494906336,1.084870461476768,345.6
-1.410361490068369,0.3733616194372227,349.23
0.20333038723706656,1.2461823290525598,345.59
-1.3136960536678488,-0.27019589160902396,334.13
0.6509412557405541,-1.423868334928247,334.06
0.06225201926931652,1.676658021771407,348.89
0.9997224267459587,0.48722168167959834,312.87
-1.0574202892175464,0.9573073114086635,294.83
1.4530965042945918,0.8009560586053269,330.13
-0.30585727459322654,0.40949228826978984,333.6
-0.4654378213072252,0.8766533577916462,363.82
1.52835229504507,-0.117149154287902,315.76
-0.2095956718463776,-1.4107142835146451,322.35
-0.31493273819482137,1.2785692092602605,352.13
-0.10081728454562021,-1.6856998512841703,336.39
-0.9054527970393975,1.2019044031310255,342.47
0.18508486556191292,0.20767853977903386,317.39
0.5527658869623294,1.5462068420859898,348.67
0.22947660103840253,1.3348601471924495,346.95
-0.6324612941161268,-1.570661737802007,335.56
-0.8993659592413787,-0.5012041308197743,324.81
0.6659406945184843,0.8247081306548922,323.03
0.9639071659839076,-1.1076983724145695,330.43
-1.7272289515695607,0.2906893836436289,345.4
0.17171534262560098,0.3245626899588125,320.75
1.1553969113699496,-0.4027043281580041,328.75
-0.11080430418936156,-0.2054907665200324,291.92
0.3430333418195976,1.396831982388242,298.0
-1.2163011379064579,0.23127558959840963,273.07
0.5557218000522438,-0.31769031004772985,275.16
1.3559884298413525,0.5207778680985128,261.72
-0.25783205263910525,0.6222819447290888,269.17
0.007995664572952928,1.5682579502906795,293.5
-1.0018857634189888,0.41010048523663367,273.86
-1.0800645930814643,0.3997766491235715,241.52
1.4656745685460284,0.6363312624120189,252.73
-0.17036621448697759,-0.6454236061528901,263.07
-1.13374667673113,0.8078820483144257,270.18
1.4566381077760804,0.22025864534750286,261.6
0.16622667210916942,-1.8960244743639323,253.2
0.8263894938018004,-0.1346647417873362,256.54
-1.0962617711112213,0.8592325440770866,272.7
0.1912622369377211,0.9341602112050319,223.83
-0.07894331390661827,-0.18652033131663728,266.96
-1.9625929591898825,0.30566295300229906,247.6
-1.3627144958784667,0.38214216318809935,274.33
1.366903885973323,0.47727815175039573,255.65
-0.6625183167343492,0.4732377102962091,295.37
-0.6108031573636151,0.5905897717687673,335.11
-1.1006593567078902,-1.1863029419555786,254.79
-0.767391386836846,1.4863397916075094,278.78
-1.5971773627446915,0.2350246654149279,252.35
0.16933918368186482,0.9817666967726437,164.89
0.03838115169863623,1.7623384477475816,213.23
-0.9172588411268152,-0.46733114324652386,171.02
-0.7841410355118761,0.5132066383529764,257.2
0.9806714443424597,0.39589781211048136,328.84
-0.9334174027298792,1.26412121603028,360.85
-0.9336937393243612,0.8173824938932235,279.23
-0.3990849169036105,-1.7456349786287706,258.35
-1.5227979485183287,0.006710531042498378,270.97
-0.0646801934003244,-0.5200819639441042,268.9
-0.9555156572518124,-0.36749819418774415,223.72
1.3871023467383201,0.5626886559647634,255.52
0.8936792845377358,1.2239799512485765,219.99
0.66926421987782,0.427558996685935,364.76
1.0985276678542109,-0.6937428116319393,258.41
1.427742923179814,0.6863666041871959,264.23
1.1580646094906408,1.0487480034374337,260.55
-1.3990941218754227,1.2056549725633618,250.89
1.894510393242454,0.1236342991947395,254.0
0.23861125866446764,-0.9559783915475473,191.78
-0.36430727530520657,0.26454779370383236,156.42
-1.2330119794190633,1.324355561155486,212.77
0.45238529656715526,-1.5373074953025958,221.36
-1.05291458946225,1.0655319598510937,253.68
1.1192159300067817,-0.08516319654989622,285.98
-1.0788018747425177,-0.8679300444072773,251.95
1.133126282767028,-0.2525742935381783,249.6
-1.0415189218657221,0.21324301149530092,258.49
-1.2966104637296447,1.214287642527039,252.95
-0.2643872784864403,1.4830638016000872,284.8
0.17836391482002645,1.026186934860256,343.89
-1.6291035690397437,-0.6607501886477487,221.08
-1.2981258592344656,0.9814830648527751,257.76
-0.6583094067197458,0.65733477354046,267.55
0.9227899152106248,-0.22173054189979913,287.21
-1.6587426831467225,0.32816124487174836,258.95
-1.3442045637656652,-0.13452392793767423,256.53
1.4527355421821546,0.5621130443978621,264.02
0.527917645790466,1.6032699479748787,258.76
-0.02277174253268387,1.6230505232183108,275.27
-0.3037748321758138,1.602909658361223,310.47
-1.1986610684802206,1.2871819933904423,260.29
0.9376493023248718,0.38466370784388365,261.54
-0.3705017892823006,-1.6337009942393264,284.84
-0.735899246395237,1.0081882970099505,276.86
0.43257964966487955,-1.3133434199931908,374.94
-1.467490000995827,1.1169061487270506,218.5
1.299555924100162,-0.3181207971672115,265.0
-1.2826508584195142,-0.49617735708706245,139.85
0.45453739213170846,1.4026756901108124,154.5
-0.6394310906964511,-1.263244915600813,265.25
-1.1603201116096864,-0.08284640739040962,260.02
-1.2747026071015373,0.3430584916496079,299.88
1.090765867655943,0.6545375314333365,302.68
-1.0827436940507127,-1.1966315567828476,307.65
0.2458248398240901,1.8598704312668126,261.78
-1.7441367754131094,0.43627115883835493,272.28
-0.7436420207207752,1.549286350505718,201.35
0.3137780166663914,1.644697037066097,230.92
0.5855120521376052,-0.8780735841019925,267.62
-0.2796719970177278,0.27183368253712586,227.05
1.328972784778941,-0.09332484644160019,291.38
-1.5426475789462781,-0.19736193331456123,279.19
1.491614942400095,0.8580666670958443,270.78
-1.0313517534795855,0.20357559152468685,314.14
-0.010418972243317247,-0.33123597855113857,296.3
-1.4836646069045634,0.4221819445702901,257.12
0.6572009301520552,-0.7430955395582495,315.94
0.8788713246418067,-0.006157080481103918,275.02
-1.917600522618734,0.006961399517631954,234.78
1.4980484112524723,0.8841117254735166,266.11
-1.4459240651660688,0.11253477932570766,263.52
-1.1385726972603456,0.5193069015633658,224.69
-0.9230118341283753,-0.9654361906285743,273.82
-0.3784106207298287,1.471707712420014,338.49
-1.10207826922898,0.9096258663724973,278.7
-0.7712511174942223,-1.3692777405591794,263.8
-0.5254192301665677,-1.010965569198291,273.83
1.1871551615878528,0.41435838836961003,273.52
-1.6144866524646315,0.08627135586873343,258.31
0.47068054232504203,-1.5135736587613906,251.76
-0.48130377533337065,1.4474852537403866,245.95
-2.0193006181561226,0.15573727193935044,252.75
-0.5501501515881816,0.15779043268236664,175.71
-0.5933663994473181,0.974067984402005,283.38
-0.6995284523677149,1.4689288956225985,304.17
0.8811287214023218,0.4865317733357017,302.31
-0.4569048279301999,-0.3241944343224046,278.23
0.9382826275360636,-0.2702002264952869,285.67
0.9558903450504619,0.4556344457903615,286.73
-0.47285186342994556,0.15038326644951255,230.22
1.3507538304990694,0.9031361034115563,253.47
-0.8174464921883238,0.6776971611700228,263.02
-0.11830038608754112,0.3677573127679172,250.8
0.239785673380203,-1.388130015448857,346.79
-0.8733245258171033,-1.1137197781166963,265.23
1.2028169026946123,1.0079728476528396,249.57
0.9862936674408083,-0.5821213905538111,305.38
1.1312272371573235,-0.34611543778194415,265.56
-0.8926831719224212,-0.5235883725958378,223.05
0.5994323456910564,1.0998219629439578,230.13
-1.564059349297416,-0.7434866044872008,225.86
0.04049722359335894,1.6579190512730848,267.4
0.5899533331487582,1.1497807047619286,223.29
-1.3579957952441497,-0.36251067050214975,343.76
0.5967215877856278,-0.035305154968669684,265.8
-0.4321033177801345,-0.037076937373311095,334.72
-1.010071667240873,-1.3245368289045916,264.46
-0.06728132503989868,1.6046898539896475,260.5
0.9789506477931139,1.1114102313046896,261.55
-1.0682186072258342,0.9703006190488996,249.61
-1.0187393995817886,0.371357314152987,217.97
0.6154051090056544,1.2557401985696106,238.17
-0.5756749443362794,-1.5420323896720356,258.52
-1.0083896596428208,0.9716308758646748,282.06
1.0500506735035038,0.8100263928139424,306.5
-1.4972655236595065,0.49116749297562134,263.4
-1.3158521004333836,0.30374033565867387,293.09
1.0658622413857972,1.0032732956814578,260.55
0.1304519319300297,-0.9198546352639784,219.11
0.2948718794022834,1.3611803264106124,287.23
1.4286320608151895,-0.06538865628574701,273.38
-1.2506942429531271,-0.559176542674434,234.63
0.5718033032338304,-1.3815017302736978,260.97
1.1408552359038422,0.3707908662334326,340.26
-1.2618811963528294,0.7764875873619415,381.6
-0.49608982661441064,1.4824264750251093,233.55
0.8289354046794795,1.2943369032037737,226.14
-1.3877214601708008,0.1885365448104888,265.78
-0.6691781168727082,-0.42135303769513394,221.03
1.0804397191066848,-1.0526864710456572,258.83
-1.3925240212271306,-0.7706847087954393,255.14
0.4566366584868196,0.9267392576317284,229.27
0.882766034015112,0.8291230522578154,263.78
0.23691281520516072,-1.2723337537711101,275.17
-0.8406688073775864,1.521540365364257,285.94
1.1497334646083461,1.0672054995790177,286.36
0.7062403344690764,0.4228467174953839,288.16
-1.0503142371529883,-1.3721582706794677,264.9
0.02407136442974694,-0.23037241624344093,251.17
-0.08572413945165826,0.13944998046744952,247.04
-0.9295230218066809,-0.9137411716258678,256.16
1.6629646395231643,0.4771794437610662,259.43
-1.3151814333498761,-0.7086490714530639,221.45
-0.18872016366600303,-1.0324289356409666,243.24
0.1548723878854283,1.3786891342377419,297.34
1.1019381276750921,-0.34846639363389526,269.64
-1.18755527151319,0.7543393369413781,276.46
-1.00457592682242,1.0487537812116698,260.35
-0.7926846412707794,1.4942240272367018,253.61
-0.8283662836895649,-0.8829363765199376,264.74
0.19325525582335332,1.3379506843552147,255.16
1.5875482784131605,0.8330682619345797,265.38
0.636632424929538,1.5287976358511293,213.87
-1.1643169350957647,-0.4570223917282987,234.24
-0.09929439158473435,1.3886110801711962,336.17
0.20284052512640346,0.6461635837243236,275.5
0.1431659669655762,0.06994587060897234,269.17
-0.49408368896983984,0.5735240024361435,299.54
-0.3781240704977641,1.6208859077910844,255.99
0.10931734240748633,-1.4870508379423546,308.77
-1.1101835258785644,-1.3555770721248972,256.02
0.510088491731292,-1.527357676159718,262.82
0.9382550495814388,1.4698996493904728,224.48
-1.5098307568401192,0.6039579930179717,252.92
-1.05897870543478,0.6590625183481885,351.25
-0.08402662623208908,-0.3547624563437823,292.35
-1.4104254829603533,-1.0728982489652685,251.48
-0.8137924100115328,0.8170792330351198,270.15
0.1117182267245489,-1.6521260429138658,257.04
-1.5917103200990357,-0.386432289879979,253.85
0.5941154118223987,1.1762158701835368,230.25
1.0006516665623368,0.36543140944931213,280.67
-0.6257312977590589,1.5599520696663627,262.21
1.3655955683139889,0.2548853127869548,253.09
0.24524528939106086,-0.32444822373005305,368.28
0.11890752690793019,-1.2946211871851796,271.87
0.8654158845216952,0.851780304934571,278.14
-0.7083568862285429,-0.2996120712436677,274.34
-1.0320685363516977,-1.0958158113996308,250.2
0.8843380516957539,-1.5241152942184044,305.01
-0.052961507256073334,1.2535818811273116,247.74
-0.8794114811445025,-0.26721390760517016,239.03
-1.3369269410585107,-0.7663781783478658,275.94
-0.12801993951232465,0.287893167185488,241.35
-1.569908239572766,-0.4105575441899109,267.46
0.7961272381132041,-0.8925734420886869,250.05
1.8051259098521217,-0.16143536340310424,255.1
-1.1827468208067582,0.3945972402995862,262.85
-0.017120126567441652,1.7460426941699678,252.31
-0.9614319365972457,1.201177676310401,252.34
-1.072686399886971,0.2683558305615625,294.7
-0.020923159311634784,1.7967500089752926,253.06
-0.7182591594267103,1.5654021296153617,260.61
-1.070338962043755,-0.37238804515683765,226.05
-1.0553634918394297,0.06720775058040065,275.6
1.3629810917889427,1.0771599126111582,287.66
0.3562362385302695,-0.22638327474021924,268.24
0.6387757830297165,0.6270907297551735,259.11
-0.8147094551929451,1.625219579743117,249.55
-1.0243335124892612,-1.2546320762556638,253.26
-0.2097342447818561,1.6500490643039405,262.43
-0.9770235451790817,1.1027184353655657,287.48
0.8578132440543816,1.2610944292904225,220.81
-1.3704132044081998,-0.7334218276390579,217.53
0.5470954524335901,1.1088453106517553,343.98
-1.0842435350499013,-1.0205310949847537,261.77
0.9310795887076316,0.7365665693444966,272.61
-1.4280503625652676,-1.2173280985617367,261.53
1.0894587315904365,1.0230181854950051,255.22
0.8479706434287888,1.3987161666325316,216.39
0.45410323524773133,0.685576265139766,234.04
-1.0214167119128246,0.7618948044245089,270.4
0.7723275637853504,1.414400315916195,246.45
0.3614133959574522,-1.5846834650034924,248.57
1.5183324325539944,-0.029956387605448633,295.19
-0.4774317478107969,1.4285565043911794,281.22
-1.5732973162581494,0.45983989563979777,302.25
1.3828590186437217,0.8188333211275964,267.44
0.23118804451037134,1.647292470467115,258.65
1.4548960055061253,-0.1058678368564143,263.24
-1.335248807489096,0.8523328150779964,260.67
1.5574573569276204,0.313387423028818,253.92
0.27353802050561743,0.7962891385759975,242.11
-0.005207775411390639,1.7332022880956985,268.81
-0.8037394908039254,-0.9566807725485087,354.89
-0.8196709875310968,0.8252524416488471,306.75
-0.32573961980050187,1.2052466015009367,266.4
-0.6381120507990508,-1.6352502032011493,284.46
-0.6866776266669609,1.3717608793647411,255.2
-0.10829788798909878,-1.4251776307491955,309.88
-0.3483533446328177,1.8636368929602796,245.37
-0.6726567800306645,-1.102486936313968,282.38
1.3185478212508555,1.0777523927114694,247.93
0.8586543966543966,1.4491452228626318,195.76
1.499633883794136,0.5271200157625384,267.22
1.030008057511723,-1.6158334763458353,249.44
-0.3929670297828803,1.184598504049507,299.62
0.21682063227404327,0.1408324560971281,275.43
-0.8550175586967242,0.5233270060502453,291.2
-1.3067138328811538,-0.680592127633406,263.75
-0.6380434258200788,1.7492819321801363,252.81
0.2196152534228317,1.6299909546126903,258.89
0.8361613698911461,0.7695752359373536,257.41
-1.5563104085304458,0.13386576398631223,273.97
-1.1868930090594019,-0.4659815851845881,289.46
-0.005350490939489298,0.021318883980467208,266.25
-1.0571737544701563,0.7629341569074028,363.71
-0.8276193969150397,-1.2100976002091612,272.86
-0.7126381676195666,-1.3490584323143069,272.46
0.7279914200394054,0.6673547045625025,282.24
-1.5021597386491785,0.46662161296713645,252.86
0.6811161527678967,1.3213688121284017,214.85
-0.6873671669033679,-0.8083648364509144,254.3
-0.06595815899780491,1.130895015186767,306.06
-0.36905141845089623,-0.9180776299355947,268.18
-1.6408474798186536,-0.8164508084769038,220.08
0.6173332754736868,1.4552995592309614,270.96
-0.1940323271868434,-0.4222489360721187,274.63
-0.5705129518201337,-1.1327208443070593,368.43
-0.1121276091140804,-0.41491956073201847,302.14
0.4787657765319703,-1.4945583944151604,262.57
-0.44973163731974874,1.4509570204371143,284.48
0.7370332676866208,1.4153208864935816,235.04
-1.7383208792006892,0.7316180062025492,254.77
-0.3780042156510526,-0.6192115845016479,252.61
-0.49492071353179956,0.21150674143338696,221.84
-0.5558941318382435,0.7834793956982853,347.86
-1.4894457088019164,-0.4121157144029663,271.5
-0.17144122487826402,1.6129213438072698,268.69
0.8980511014003738,-0.13131846507239825,284.71
-0.3376814799790399,1.4829969153249853,252.25
-0.1208022163206538,1.4454924142543584,263.89
1.057103419518406,0.21191752620111642,247.88
-1.4515726383228102,-0.8086813877351667,220.17
0.06721875180225916,-1.6020208290830582,252.38
-1.789718964323034,0.026135182205824177,283.39
0.05677590777965728,-0.9774860690643324,277.76
0.719268427401713,-1.2509975024791815,292.15
0.24948263125066839,1.3919472980847092,288.6
-1.003074097562425,0.6754612718088979,287.72
-1.1782274290097616,1.2496963780855093,257.42
-0.8064752717244296,-1.3546925748041343,260.51
-1.4561279649994578,-0.760836072217374,226.92
-1.1040236429563925,1.106708890089726,267.85
0.9797750812337771,1.290636121736177,331.79
-0.2185180785509621,0.29121829255326315,217.86
-0.24497766018390946,-1.554292753423281,292.01
-0.25268054503714327,0.2015747086716922,263.15
-0.5714081159103919,-0.7464779945717918,349.62
1.000162581297428,0.7587155399941615,267.24
-0.5527762664869276,-0.41039645970372307,252.47
0.5306713763778423,1.2134371796883736,220.83
-1.5849390553519302,0.311238228016958,268.27
1.0802644498809868,-1.0875964096551276,266.75
-0.3676298887209649,2.020578784275279,252.3
-0.05196697602359906,-0.23685963611705899,250.84
1.40857037445604,0.16456026989229133,371.28
0.2858247142760834,1.4729541538235165,349.64
-0.13829711281729068,-1.4821228763941405,270.49
-1.0735976812567984,1.1335577513487107,346.43
-1.2371358894240898,-0.9988518050474048,271.7
-1.2650899834398337,0.972092648874548,245.02
-0.5841109168788289,-0.15755514848694174,251.64
0.757553322349065,1.3419040064733212,227.14
1.416011802656002,0.6318900129737798,258.46
-1.6870511956020429,-0.09897758160248274,256.34
-1.6985429352549932,0.3030668650174123,360.37
-0.10895847019943834,1.0206708264549693,269.72
-1.4995439637291241,0.5833869690927659,364.14
-1.206919053300894,-0.05977146638955753,267.26
0.3527753212506532,1.4511309856004564,255.78
0.9322422395096257,0.7591620363987842,255.7
-1.4160699871506162,0.08562953349927191,257.8
-1.1802621425642008,0.6232090646562373,223.57
1.3957964643617802,0.422606310519923,292.91
-1.7432445706771311,0.43201083585660166,253.17
0.049073506154046174,-1.4769923893753236,367.08
-0.7818144868286965,0.5754737973985599,276.0
0.3103364241988159,1.6563880319406048,357.1
1.499785695851676,0.6225348247911597,288.37
0.594220379753566,-0.9421445858681907,257.73
-0.05288665282370704,1.4729291006373053,264.68
-1.1764015791339693,1.014112502746543,247.8
-1.3358505634243067,-1.1287852607562254,256.15
-0.9533790960653836,-0.4780619728692781,221.45
0.8350709370332599,-0.45088833118904775,270.85
-0.05557294444583856,1.039912043953488,292.53
-1.0647459499135912,0.2748711945740397,287.34
0.029666593718262812,-1.6538393799851938,258.59
0.4520802870647049,-1.1828080446858953,250.07
1.2615384941033976,0.5527810996855829,262.44
-0.8713744410549056,-1.0835020270829634,224.92
-0.7686938681121168,0.7248263821729639,280.12
1.0049097439476264,0.85731461073879,257.78
-1.2204758174730854,-0.5797112269872409,241.03
1.1173011831725645,1.2260065388314607,252.14
-0.949016005329527,1.2174784370784428,292.31
-1.6023243048557128,0.6977828959034206,254.13
-0.06896628414283061,1.1893501123145858,276.61
-1.6860178243091057,0.14496628271042564,299.1
0.4972326080359771,1.4969440290939824,376.48
-1.3416475736995963,0.8370890017862356,296.74
-0.6966871802151893,1.1713068931346216,281.81
-1.2485274399249642,-0.925086267716677,260.27
-0.3860008360597683,0.7053707604979953,232.14
0.3907980154609399,1.4886040944421317,258.19
0.5890100241232772,0.8224936811434396,259.02
-1.4081440903646256,0.47949781681132625,0.0
0.26562370613490127,0.8929662501664857,342.08
0.5848251127578399,-1.0061166580041097,310.45
-0.4730877567753912,0.7510306395136422,271.84
0.30251768305634147,-1.5642118431608283,260.89
-0.536454444303778,1.4485401508547548,262.45
-1.5958074497874417,-0.6675826411313462,224.72
-1.3976034582175858,-0.1940540547680821,302.33
0.03869747477670846,0.3764219920563649,228.88
0.9699325774898063,0.8607446832766995,259.37
-1.2283629127199314,1.0278204071994643,254.64
-1.4065385077690478,0.4378357216440399,337.02
-1.3232900094524884,0.18391848153983692,259.96
-0.9648628491903076,0.9059700929551477,299.49
-0.27656515033530804,-0.7417728245375406,282.57
-0.22461489964959566,1.678879398955856,285.03
-0.9412715715884863,-0.6276902227686613,235.48
-1.154803132448592,-1.4263851133635006,261.11
0.811427176491754,-0.010767298507512565,306.43
-0.6944370511205774,1.3490238570947632,257.11
0.5077506163023021,1.598656538612593,256.1
-1.2650479072761833,0.7894181357433057,314.98
-0.5631627003161038,0.817557707342389,264.02
-0.42473536962067754,0.6479713631739751,344.01
0.15490541624741602,-1.4408806622534502,280.47
-0.10581890675642708,1.7853082487779546,271.24
0.3858045190940101,1.459855863759872,278.24
-1.2044756018614176,1.1265732584015693,261.65
-0.1499759245744186,-1.338948761017306,270.89
-0.9532753463334839,-0.5111715893579535,223.42
-0.22359237130380247,-1.698531000456097,257.53
-1.3629879033187635,0.0719257317695252,350.32
-1.1358497927372835,0.8205058747555125,278.82
-0.048376138062431885,1.4650713293458453,375.71
0.4248193607912359,-1.0711110989157129,275.54
-0.742583645632161,-0.5778128759846332,266.75
1.3658107116435312,-0.2448329688536847,226.49
-0.7864840902712698,1.6028392660422561,248.02
-1.557927055560654,0.24673068262853096,340.79
0.6357781977416876,1.3092837467680098,221.71
0.5246627300723882,-0.464754272038033,263.11
-1.0021386048271317,1.1414759460308121,373.94
-0.05362790528731618,0.2428005632456305,258.31
-0.975385418348472,-1.1767273877551971,287.88
1.2034554194786315,-0.28097926735465406,344.42
-1.7975096255622218,0.42643028464315674,257.78
0.6696791296258491,1.1417160644528515,222.33
-0.8618976946992811,0.8116343849776015,291.75
-1.8266675470186375,0.5093805634515906,252.45
1.4675737125492132,-0.4428729604248182,258.41
-0.6478643618667976,0.04243098724651977,233.81
1.178811859862672,0.015551579189011391,285.67
-1.9055284801384202,-0.13777751068330385,297.63
0.8848940100789622,-1.0871183717971644,246.39
0.9590281908961116,0.5436860721491862,270.35
-1.0234602787771854,-0.5411555016838896,262.67
-1.1455528310402514,-0.8749368838453393,223.82
0.4760435422326077,0.9082168190931744,295.55
0.397513987994476,0.16656901854680656,275.35
-0.26801054823077064,1.6285749561930178,260.68
-1.808544528069157,0.31585911039549563,253.92
-1.2590709700037546,0.26922329613414386,370.49
-1.5970035258605328,-0.1256568598285857,306.4
-1.2141707519637255,1.2626323351216289,257.12
1.1257018243522774,0.5934595455277926,381.0
-0.9435492543269218,1.061512438108966,277.31
0.564900974625346,-0.7062903450585029,291.28
-1.069497092640968,-0.46525021115526,225.72
0.976201900017588,-0.18132631871624658,266.26
-0.728472626451636,1.6113038694815085,247.76
0.2757151431330982,1.7231105518349537,250.19
-0.9923698792644365,1.0541357550075414,317.94
-0.014938296469560918,1.6624849604072724,276.32
1.0637211714445083,0.6996423966513623,296.7
1.231121641509538,0.18828950257108917,310.44
-1.4912083751665035,0.5306991030071954,252.82
-0.6451010680578992,1.8856150440449033,245.4
0.6896497795515549,-0.9739735015050007,292.15
-1.2887678570426426,-0.5546748254735742,227.88
-1.0003658511677247,-0.6692621729134551,229.52
0.5310856588951526,0.9535637439529098,237.28
-1.3506573532028383,0.8915400380433245,284.83
-0.3293983769531244,1.5176446931085468,278.56
0.8826132569312027,0.5145597363973083,301.08
-0.9685903223322612,-1.082116981738088,266.66
-0.829613759038319,1.3003927242309679,279.26
-0.9593129102794156,0.2732651986535475,275.18
-0.8433208121585201,1.6608248321928571,264.23
-1.0904870058585445,0.9616673158468952,256.37
0.11634620028997297,-1.8187320432765874,268.91
0.047727758979797245,1.5431616395247398,264.4
1.0879418176732827,-0.6189674062204318,265.69
-0.8578423809225209,-0.3400790837388154,248.47
-0.7098879462879513,0.8397592659670515,292.01
0.46937304722400514,-0.4662269495506798,274.54
-0.3376679544751092,-0.6282993102690804,279.36
-1.4273393427019927,0.1948191664904521,280.85
-0.1438072925050145,1.1209235201241288,276.06
0.3946634539337004,1.2423668455691863,228.46
-0.87937332097834,1.023851617014459,254.57
-1.2106917899298084,-1.4588732599599834,263.98
-1.3702015834609749,0.051732081029250164,275.47
1.1604109571423404,-0.36492523727736376,291.73
0.9522606050307273,1.1917528566926554,283.91
-0.048424621775128796,-1.440991814534748,384.52
-0.481163354250936,0.8643555074018094,286.31
1.1111530445515887,0.7179388828626128,295.08
0.8486994108021398,0.5019010639429092,271.22
-0.613921980777871,1.6357202370232156,267.99
-0.529949816769944,-1.6476034808275128,258.21
0.5701584873011246,0.9326565065307701,337.58
-0.34535131162153,0.1417909386133726,222.63
-1.5725562215990465,0.5851532717742898,251.55
-0.8279808236127201,1.6520867860903865,385.99
1.3644855356663188,0.019234317319676387,286.02
0.12082868835570751,1.3496974255438308,295.26
-1.1388223410689582,0.888975193627817,352.16
1.2586678819774562,0.6138140584427745,258.7
0.32302870598484096,-1.4312612344969189,240.14
1.7229120028556892,0.7486109323128367,261.06
-0.5447729019579571,0.5000533993481951,264.98
-1.701499350221648,0.5007002395937484,261.05
0.5966842682546347,0.8564840873173317,246.65
-1.2792866267519731,-0.23393600207777349,264.08
-1.8029510721431812,0.37285577743083487,274.82
-1.360091539448349,0.36168875209072626,259.87
-1.1615745396456025,0.914816820881625,262.55
-0.16788403709200603,-1.557897231135942,262.15
-0.8902409762973541,-0.41920576707082774,225.17
1.151100641262542,-0.6021318552045258,277.25
-0.401141014347408,1.830447069390845,252.45
-1.056893629680259,-0.5019883041399429,279.97
-0.9513407161894799,-0.7797009791240233,253.01
-0.20845168639866957,0.25650315107686655,327.73
-0.39305406243602015,0.7017990359119163,284.3
1.1965742177117549,0.47168758780564285,293.56
0.5602007830350514,1.459541962162493,278.89
1.0820985563348322,0.3039641741040683,263.11
1.6196402294537977,0.6854297828595898,264.36
-0.7739618609949981,0.8480796062185979,266.37
-1.1061787520820825,-0.6046893080158533,224.15
-0.6804469680393959,-0.8987647937156384,378.96
-1.1509028628871785,1.2540279908635712,250.53
-0.10152259927318703,-1.037524207700878,272.29
0.3119931128143427,-1.0522426119622443,288.89
0.24923712763431116,0.2842010625859413,296.73
-0.41854055802039836,1.6909394350700937,274.13
-0.8759967984084462,-0.9160076234098803,268.44
-2.135019623656565,0.25811771698761804,262.36
0.8634205107278324,-0.8693148454656736,267.91
-1.5226318164602175,-0.3729085666447203,276.04
0.9860006560425926,0.683277465002013,294.91
0.5211615895679382,1.1878905870880545,227.46
-1.141089174171484,0.9955991588705411,322.38
-0.0332023522521685,-0.4080100225237463,306.18
-1.6532462467956037,-0.09988933187975732,302.53
0.7884783661359954,-0.23258972878319642,282.06
-0.8854856817364336,1.6520467209380414,259.35
-1.3306641590463717,0.2662867579583007,260.91
0.5677990930610134,-1.798215757977468,268.02
-0.14653262066664985,0.20067681568131807,221.88
1.215499586001747,1.1307117755094322,298.44
0.8037193038811405,1.4806570135991979,219.44
-1.2167761159404253,-0.6146473844890997,308.07
-1.1364342596173616,0.34398149800021194,279.01
-1.1404059006874974,0.7768007348747878,292.46
1.2321667883785303,0.5291413916503173,277.66
-1.1133152706878333,0.8699315584772347,281.35
-0.329111821359533,1.7116845140401507,256.21
-0.05707967437793671,0.29351941971120693,230.74
-1.3231933647278207,-0.8842963543668889,215.52
0.9752043187066486,1.187540647138209,273.1
-0.03816662758182071,0.26392328146225363,222.74
-1.0184196431130337,-0.9344833078971196,276.78
-1.3698095537172694,1.2258513617709836,271.27
-1.1333529664538131,-1.1989210667867696,262.58
-1.2978780387166906,1.3694186439543032,222.58
-0.32342779473511896,0.2268611753424429,131.47
0.9752672909796013,-0.6628245974447498,294.35
-1.0408541299526946,-0.29756237503103206,194.07
0.7181987300923609,1.2988173775500598,221.19
-1.2867341857780128,1.3351644718002074,258.31
0.03519196863473022,0.28695464110862895,212.92
0.45365106611043965,1.5735447632572312,259.79
0.524928718020258,1.2166263825204149,217.06
-1.4916716058269683,0.4353909205566775,245.08
1.1536731182612772,0.6126048100404478,263.56
0.06331580151735504,1.2977720856994375,253.8
1.4410762540548383,-0.4128336642746767,252.96
-0.08791352962106629,1.592125586847605,267.62
-1.666189987933509,-0.020795754550741796,247.57
1.2412220838682937,0.6099165076386737,259.2
-0.9955383352500609,1.548420967218834,265.55
0.20859273156641792,0.7028606773231098,244.2
-1.401238676290647,-0.3006171773531818,263.99
1.3494409921238546,1.0361097465655293,256.75
-1.4660446141750567,-0.4016303026550238,260.26
1.4025282296718433,0.1920824940828195,258.5
-1.49390639269302,1.1611380653528713,252.88
0.18497921137916265,-1.7369064791382833,263.9
-1.3566389802711172,0.10703111020657868,265.2
-1.2174198752663172,0.25421023489305594,254.64
1.2396680077190407,0.953862767564146,257.21
-0.572798510803926,-1.437355127856438,252.12
-0.1111355638175831,1.704255694566085,248.89
0.7374935429113408,0.8995458715160279,270.03
0.7413945528859506,0.9393251905135129,270.5
-0.3481144974692568,0.0447428860789764,308.43
1.3038716248480027,-0.5775497579319041,344.92
-0.4666647403117117,0.10071973800272731,287.08
-0.5223207949304948,0.3486332069182407,314.78
1.2566540628321772,-0.2379557497820071,253.34
-1.3783600303876475,-0.5196460405702136,271.95
0.7002014782161369,1.199504109075729,239.89
1.4852582228876166,-0.5528426731859435,321.28
1.3863275766834937,0.7618123360824502,339.59
1.1756951901806105,-0.19345006644118873,298.87
-1.1895438911626055,-0.7110916241611528,247.88
1.4753317897045146,-0.5552598245133417,348.48
1.0651986390850603,-0.2713731783694202,348.58
1.2407515646041658,0.8336327476674859,356.61
-1.3239093046269872,-0.9027271501275107,309.38
-1.166234915397832,1.1564557387575387,250.54
1.0900283944931957,1.092987607505723,317.33
1.0129763935962106,-0.37073811064568407,343.27
0.813703150323222,0.8289096369629765,276.87
1.1060334454349983,1.0064732045890696,264.79
0.11455245781411165,1.6937282126273603,374.46
0.8519779131709587,-0.1275089787515041,354.57
-1.4802905615161885,-0.5037509978177779,338.45
-0.13584461870375203,0.21014168161507996,277.12
1.282585212046998,0.5950347697795122,358.03
1.3917682515119554,0.47841120426443595,363.95
-0.8256841624667344,1.2455611462834293,316.5
0.3511441321993408,-0.475969241069352,314.38
0.5689497220543148,0.9859338576723822,331.47
1.4635614699811768,0.9879999224178414,363.7
0.5874769141594313,1.038939919775204,339.55
0.8744393410670659,-0.19444912463672903,368.7
0.8776160856518137,1.0566808451441592,330.2
0.6332384424458327,1.3874914695638134,227.93
1.0400731423853655,-0.21828857226630327,349.07
1.2240416263083127,1.0946772273839362,359.3
-0.30357170442309783,-0.8371050003088777,366.63
0.023649488130375415,1.48801071892754,366.27
-0.8929200257125518,1.2731472867238742,375.0
-0.14279893353680717,1.3102437911538625,367.87
-0.2794851672736956,1.2005625985239914,340.86
-0.8676584688622385,1.3080504688708228,375.51
-0.7412634325308766,1.1360241136992784,359.3
0.25704025079415344,-0.7069431467343124,367.52
0.13877679855535982,1.5130368507306988,320.5
-0.841757729949108,1.1854072820229242,372.54
-0.7458332908681103,-1.6183796938630124,366.47
-1.0034370224716336,0.573505246021347,376.74
-1.0003472503500614,0.9080248033875861,371.55
-0.05861623435726113,1.492094828997904,364.03
0.6416403153221452,0.6391841537979717,340.44
-0.8745904307731815,0.4971917125717464,362.95
0.42912512249304996,-0.6724577675320028,371.59
-0.44052049974590607,1.5754696495432088,355.07
-0.9968679992089774,0.7928599750871793,364.42
-1.0287913817255672,0.8904151600094026,380.84
-1.1721521683870058,1.0635438355705071,371.14
0.8680252942693655,-0.4828263194922933,263.39
1.292737600146642,-0.5914290718674723,370.87
-0.8717879200315578,1.0389625144209922,362.22
0.9489441428040887,-0.29101647453759477,372.83
0.23894907574385063,1.5193216430403222,369.69
0.5407713933637827,0.8501675652239774,356.31
-1.1385885785997085,1.0626395448379073,365.37
0.8290822194539582,-0.2390094640410442,370.41
-0.849495721715097,1.2489977004722526,366.17
-1.0661770332134017,0.5826811587103997,368.51
0.5478114739293204,0.7569061286662347,347.22
0.7800447110892885,-0.862763827748044,383.09
-0.2580100140900919,-0.9799253316082952,369.4
1.2674006193972522,0.7276922877594771,372.93
-0.8855735669576436,1.2563236362718362,366.62
-0.900929851980939,1.2073939082869103,365.28
1.1816206754557,0.5949392277362876,367.65
0.08010243832581379,0.43338969869432736,344.33
0.18756379907816004,1.7215141256551216,370.94
0.19419370058454313,0.48230283715887434,345.4
-0.6604040405769493,0.9886734596927917,359.23
-0.9288920909847436,0.7232869642561955,368.15
1.3398914982950216,0.007496752896326638,376.0
1.4037491418415227,0.6410140857108899,368.69
1.1198892316040716,-0.02900478744599491,364.02
0.04267227377417651,1.3864297954287872,364.05
-0.8028588027800452,1.202992267293292,368.1
0.44213359169177,-1.1525360517562109,368.49
1.5849487768259432,0.15103961060039034,367.47
0.030955130175008675,-0.6259130447938821,362.85
-0.36653158048940504,-1.0449195512183393,372.54
-1.2382973103450674,-0.32471354950647724,361.75
0.536848024570508,0.15739399232128792,360.69
0.5567546839394555,-0.7858906030911832,365.09
0.47486459913993134,-0.6604358696788547,372.31
1.445493677020661,0.3959214517721104,362.18
0.10532752469186683,-1.214313401231873,365.92
0.02483221405320472,-1.1787800445439967,369.59
-0.9165892185475393,0.4886735133797894,371.15
0.6586398969136548,-0.9512794924293058,365.85
0.7696958100851313,-0.6642744843464252,368.08
-0.7024692291360902,1.0690694044851294,368.87
-0.935159371768347,0.8567587592917194,366.93
-0.956459390971172,0.2065185507502119,216.86
-0.873650093914285,1.1492410350430329,369.06
-0.7736270243296246,0.7148730138646627,377.32
0.4763796525005539,-1.415806623222014,378.41
0.5723968052075026,-0.8938483556448421,380.95
-0.08554054988595274,1.6311577816005154,356.46
-1.2014603547466116,1.176328090458063,250.8
-0.5581815420427129,0.9891663318654129,366.13
1.2324539030062225,-0.6876296248678401,379.13
-1.1390176691591272,0.8862589956467599,359.76
-0.9424740557212461,0.788250369343552,369.91
0.21504510539120036,1.6657451208496048,365.38
1.4727071935103124,0.18594660088457501,371.88
0.7086316175293398,-1.1836949273792947,371.25
1.269906046830001,-0.7216597840517892,377.41
-0.9982227564427638,1.1423421245967211,369.9
0.5860200650006829,-1.063856212152483,375.55
0.743545526958053,-0.9294775601068953,370.89
1.1137377414315528,-0.5014734525394277,376.83
0.2085686081680718,-0.20359302733348042,364.67
0.5388209074036245,-0.9237326245494297,376.7
1.1503083545574184,-0.03423774341734997,377.75
1.202066058841805,-0.5682563683582129,369.01
0.6727904791073608,1.0678303542244298,234.84
1.1909261438505112,-0.6921469129971248,377.6
0.12840570924215466,-0.771513959146114,375.65
0.8481504295754416,-0.31684089962007483,370.85
-1.3960509796966802,-1.209118194016729,248.65
1.379836676347497,0.2742446024356522,376.32
-0.9190379538475417,0.9064093111256548,357.55
0.6816077818798476,-1.069926966254784,373.02
0.6469463532320272,-0.48810948534045534,367.73
-0.09643415679776517,0.5972000430083866,245.78
0.8082995721488079,0.3313669917238762,377.09
0.95579148210378,-1.4275511514060115,257.13
1.2807517750118724,-0.7139017797556874,374.91
0.10686594362308781,-1.221364455644318,376.26
1.2887638065785338,0.012703682031836791,379.41
1.5443740747773174,0.06800621540623052,379.42
-1.107300798129525,-1.0463924088645766,356.9
-0.8274013281937855,1.772130083722769,252.39
1.2492669891845252,-0.1342730977460757,373.05
-0.13176800196408112,-0.3353082090968888,331.26
-1.2653421073715287,-0.08809766946282478,369.01
0.9026275357055445,-0.9387437102749443,363.3
1.065330432749908,1.44516158294506,224.7
0.8061948463267337,0.5721056774199464,255.05
1.2414763205008763,-0.5255805655134987,370.12
0.5577086233318713,0.7204108264738717,346.33
0.6080937887232337,-1.393744397546348,369.64
-0.3444900569309546,0.15385745444859028,332.98
-0.4708647214979085,0.21086731357016142,301.47
0.8477063214217484,-0.3436603572349822,378.8
1.1045973914244156,-0.6637416242001402,374.57
0.2605629944807254,-0.38167002551250684,370.93
0.27354516223740416,0.7319671515068485,337.07
1.0707925169420884,-0.35473881132185114,371.53
0.4426607189103453,-0.4479083968353283,373.55
0.696687759282504,0.4375103724024486,262.06
1.3114467590545542,-0.07112153958436312,372.55
0.7984789015812749,0.4556158125836569,360.82
1.4556087893116354,0.5786245557999243,362.99
1.1022419095525096,0.6249855087109403,362.43
0.6954870305068129,-1.3032947856863093,375.78
0.8637474141252448,-0.5057496551008224,371.68
-1.010267267018544,1.1853719747291769,372.14
1.1100961684179562,-0.54360059747066,382.8
1.2728477052528075,-0.10526442433885617,364.8
0.09535592920921132,-1.4280322690738934,373.4
-0.342374287477531,0.10057300073600943,247.57
-0.6687628966033721,1.057230531089455,325.05
1.0317086504250355,-0.594271857560042,372.68
1.1006625278113893,1.0887355088189847,370.67
1.1667212235495732,-0.39890097319733814,338.74
0.6115450248078177,-0.740281983509625,377.04
-1.3784364610615525,0.799453685497591,229.08
0.6048308385184087,-0.25969375182647464,384.19
0.38118293859265806,-0.17461160875319945,371.81
0.29096642744480516,-0.6786182163637188,376.4
0.4131207064070209,0.865096124846297,348.46
0.4389792846691226,-0.30700687175470875,375.41
1.0503267460818546,-0.3610911897581928,378.69
0.9112220102222541,-0.38132999966066733,378.2
0.48728435486650684,0.6524875881646077,286.07
0.6144229192253285,-0.29562041650441007,376.7
1.2894021026547264,-0.0377374151504797,381.89
0.5734929251372562,-0.13444022674871337,385.33
0.4237515431013351,-0.24561811274934642,372.76
-0.6566117561242626,0.290501124561823,236.01
0.9896334530279511,-0.47223739233928114,374.55
-0.5840796248837503,1.0288949589987424,342.47
1.0709352455580805,0.6230504345203558,360.48
0.6726199944806789,-0.8517167497044587,376.57
1.3414687401844394,-0.13742414405628484,369.43
0.3394590503431207,-0.06784518712307312,363.98
-0.7034322306467216,0.9984811938604371,372.46
-0.16731684919480416,1.8285593940801073,254.22
1.1223005572103208,-0.38792651145452106,381.28
-1.0389038460773734,-0.9928965602503323,371.48
1.104816466155542,0.9457456674621647,371.24
1.2512171233904679,-0.2965929524526282,325.96
-0.4721586155053013,0.8270992677213318,372.21
0.7360151971380118,-0.5472168734616176,383.87
-0.31349762399988024,-1.526554075469997,364.47
0.654604362523813,-0.5151946212160714,370.6
-1.0779999861966683,-1.1726023674793693,371.18
1.0362993061367374,-0.6482047815070522,389.16
0.602538111754091,-0.5574042385170752,369.48
-0.5817039954217895,-0.7625049999568343,257.32
0.742301125473924,0.1760998118200465,375.31
-0.23604050549038322,0.19259724941360687,344.69
-1.2540714870925076,-0.20756775973270108,360.21
0.667521431123686,-0.15040732168996915,345.84
0.9888519657863915,-0.6452273792254585,366.58
0.22985579493764643,-0.4550882635365838,366.07
1.171491236359754,-0.6754561957975908,366.17
-0.5371918642017843,1.1561518941083027,372.05
1.3171408112717276,-0.5118395438495476,373.55
0.32748411578233216,-0.46568355002200174,372.14
1.6675237014883075,0.035605207221776035,370.41
1.0592713628493935,-1.0286408063170018,376.37
1.1684615775096265,-0.7035226599962182,367.8
0.8491975714503114,1.2969005257913166,243.22
0.8099126721920491,-0.7835694020733323,377.53
0.8488402705225674,1.0749795737975616,232.57
0.9461651083424674,-0.43474256597753186,363.7
0.7771502942480212,-0.6082141147585548,374.08
1.2359481290050371,-0.6746631993246458,369.66
0.3606142952845897,0.6275121970997076,333.69
-0.8980172161922183,0.6303318707423338,363.33
0.3571742177743521,-1.074729787861817,379.87
0.5352660222348987,-0.359828338420923,374.13
1.0062434196508407,-0.6290915005804777,346.01
-0.7052285977619589,1.6927647906272327,332.54
0.7463285685094453,0.6366068682668837,254.68
0.8587190284167289,1.1497711983303185,293.58
0.47817539968805933,-1.2178993006413943,386.33
1.1558711065847167,-0.7562242794703907,371.93
-0.20508739132599063,1.70709705790364,355.73
1.0223884654246345,0.004158173790074296,374.3
-1.174106557257549,0.0216380654442195,377.92
0.8349194876148226,-0.42440279785096446,264.84
0.990006404497653,-0.6253938265057291,364.24
0.5381945350918494,-1.2725571885772777,381.97
-0.07304676548925712,0.2667959879890641,337.0
0.3374070376390589,-1.4091787189163447,281.36
-1.2108859043795916,-0.2072838227201914,361.61
-1.3179177120382426,-0.1119073242614434,375.67
-0.3204463257269323,1.4788242078494416,251.09
1.0607899265510394,0.4152260266085156,372.59
1.0888242337365206,-0.6666166724847422,366.26
0.4635812395539216,-1.3048205928243233,382.56
1.2607691400161771,-0.672607645839211,378.8
0.9246987334201405,-0.8730007382554931,346.07
0.595259265565944,-1.0866536003329976,384.84
-0.3279135197695071,-1.0231770338678692,366.73
0.7526732780569728,1.2993429610870377,231.11
1.4239992908433725,0.46612827747779695,366.72
0.09967218442612663,-0.37831990567575363,360.04
0.004523955649818554,-0.5167663086245153,370.93
-1.4832091006001729,0.012393683423033187,364.35
-0.9240369074819269,0.9643449292544081,321.96
0.055188177375226355,0.3807480340562368,346.32
-0.8534287621029116,-1.2686095723311508,363.14
0.6549255509296984,1.0072346091048858,332.73
-1.1065421790484993,-0.9640255055489513,359.32
-0.7988053695360893,1.002351638786395,320.3
0.593313461689283,-0.40693628949474425,372.87
0.8423127539872315,1.1259663666453157,290.67
1.0666917692892974,-1.0674302216890248,377.58
0.6255658506396666,-1.5796319744060976,376.03
0.11247071515149198,-1.1411011117858525,376.93
1.2384848712244694,-0.7468592275852339,372.27
0.7574784515405603,-0.6722565333725266,373.16
1.0430683420841935,0.12091121686278525,368.17
0.4906257594928675,-1.3418075820886721,374.39
-0.6269462640858945,0.8086718429967299,357.94
0.587752880270933,0.5533880955107883,274.53
-0.7379742468077766,1.0738751575980372,362.18
1.4051227247986422,-0.2841588691290568,368.08
1.2737972250641778,-0.11354674995365435,346.84
1.344171713598736,-0.5717385585651866,385.35
-0.7243700170863486,-0.8897667871970643,272.93
-0.3047427849436261,1.3598173947995569,366.26
0.5983846465770613,-1.2312222616076811,377.84
0.9950810785329306,0.07568798640838412,374.88
0.7105455380478797,-0.34717238491121444,384.96
0.4612435226447429,-1.4920107713276238,374.52
1.4309247145648343,0.02201069454233951,366.19
1.1967584743655455,-0.7851570427156386,357.8
-0.09575793780891895,-1.4444323274727073,368.65
1.246788083960639,-0.658430604672174,378.4
1.2697565006900613,-0.5505330830522919,375.01
0.9880528569806232,-0.173040651600207,369.95
0.2649056012295899,0.08776420219276088,343.97
-0.6395194167138729,1.055504580453883,367.46
0.05714005751049388,0.13488999943133892,337.8
1.3777661989374963,0.4284252077550691,356.09
-0.6262691926017926,-0.5163307821530566,325.85
0.3673850579516408,-1.0633616087290185,375.87
1.0335791255878688,-0.38730322619819507,366.42
0.941738201678483,0.03545802052536084,369.01
0.8950704019133994,-0.648689324552723,376.67
0.4852180971377985,-0.7343364928679665,363.64
0.04639964163461918,-1.359159017576975,360.54
0.3995819979263966,0.7853522023642839,338.44
1.1476192369356661,-0.5493916986522739,364.3
0.8517896063724893,-0.7470937044791481,372.42
1.6697270967945186,0.07615253674001855,374.55
0.6763019896336944,-0.3731076250245036,374.88
-1.3404069627551263,0.44094144131614715,276.38
1.1793391280230041,-0.3072092152499315,259.68
1.2619470777957253,0.7797226126238543,253.26
-0.15293724156003843,-0.33532931606894933,264.36
-1.2110904089461014,0.3981567922038961,295.84
-1.3553247932880879,0.9900557212079515,260.24
0.47667565285278285,0.8822645653774295,233.71
-0.0064575901257453855,-1.6252961256737004,261.86
0.40717738332106984,0.9437968650735515,233.32
-0.16122183303313103,-1.6295695184637653,256.76
0.7845319313581662,0.8010799863578407,234.16
-0.7411590878137442,-0.31925581618528365,238.3
1.6467427825235967,0.3885441684678478,264.38
1.2216131570730135,0.857595065889916,260.21
-0.1319278384728036,-1.5731559983307382,259.22
1.5302382871111486,0.48514487625824537,281.39
1.4842849429995524,0.6216901403081467,255.33
0.7193436025738752,1.1823107551666323,226.97
-1.032590780722898,-1.0771235045621925,253.71
-0.8988393718174766,0.1493285414686101,285.44
-1.5530663843437091,-0.5304547048714041,280.98
1.4852535990790499,0.532331463047917,264.12
1.306570129314962,0.4028715633726641,259.15
-1.9107412431086324,0.23644539535547857,258.81
-1.4658179361315644,0.6215111239923401,238.42
-0.4589158813218502,-1.0821082342611807,261.57
0.4849635547562294,1.5746550040598988,248.43
-1.8403066051297345,-0.12301950077161683,252.18
-1.0304802780462803,1.044021415006238,227.62
-0.660213135222194,-1.5651712816601626,250.03
0.9063741244031485,-1.1504907786609333,333.81
0.9022680753872858,1.187872742690882,242.73
0.16068237189381293,0.6916510414747788,326.27
0.3071142880443228,0.6299905382006269,337.59
0.5136107852977486,1.0159404747443568,295.14
0.2527110385703354,-1.028762875509258,249.22
0.20843802700635958,-1.486631640170459,273.14
-0.9301854845904104,0.8591513769362797,313.33
0.5951714504785075,0.8743825528012573,340.45
-0.6156597100483386,0.5895411638418402,313.09
-0.07365848249698444,0.1411045234213094,280.51
0.25821491791788537,0.6015972353553645,288.56
0.7459604835747964,0.9763862986905045,339.4
-0.33042078802856123,-1.3615694336136586,380.91
0.2623787689231076,1.4034289979352146,329.28
-0.33939149245571143,-1.4349235472344133,373.24
-1.6084439209937056,0.18838885418027265,218.99
-0.6809629980377702,0.872501764470326,364.33
-1.0969320161408807,-0.8214888647266685,339.89
0.8851946049363785,1.2119792527096414,289.03
-0.931251773819062,-0.7288831984747579,288.26
-0.8017029839740072,-0.624981908883819,278.28
1.4835906298506303,0.38108399857713904,372.98
0.9635797459744287,1.5855499194189981,223.68
-0.33410037115829994,-1.445415999964079,377.6
0.7531770271948787,-0.41123162786674844,369.69
-0.8386652314827948,-0.6867370818915126,341.67
-1.423388196221023,-0.8476413694244272,222.67
-1.445044585357189,0.25993000882082945,286.07
1.367055902697953,0.3516458267825519,381.53
-0.29569329475575584,-0.09226448105684194,365.3
-0.49852237404907246,-1.4698808561596022,375.53
0.7555925483689172,-0.4170512281043587,377.27
0.8625789339141956,0.8072211169319109,365.73
-0.3996227763188245,-1.4035817788606548,379.22
-0.45733091394332237,-1.4712218289495047,369.19
-0.463067608713285,-1.3484092019738765,366.35
-0.43256373910667734,-1.0801320791801394,370.76
0.7805017075272594,1.137782425460365,220.88
-0.29391704776565214,-1.0028138001053597,382.58
0.9735367687557457,-0.5654229271984736,373.46
-1.3265104258858833,-0.35247676000470524,373.3
-0.39306078549272144,-1.4440884711102178,343.43
-0.3942479259644878,-1.0131712284350973,367.86
-0.3254017211904539,-1.3719948867186222,374.63
0.1580335612307407,-0.10383372790377393,374.96
-1.721925585824744,0.3539985086834656,352.1
0.7202544792046689,-0.4312256622532652,376.28
-0.18691923889880696,-0.779321024319252,375.38
-0.8817351897898531,-0.3633905785653547,343.24
-0.2980879085827429,-0.9269650612283536,371.97
-0.2932936893484436,-1.3627060427272781,370.3
-0.18782115257737786,-1.3438230053579718,373.25
0.2304342205176793,-0.017519423059338998,382.52
1.2318325674384019,0.16169351653256472,357.76
-0.7508027263746865,-1.162881131137699,375.72
0.07161031847769764,-0.00019223277550459001,268.26
-0.27386570071918637,-0.812480726061033,382.55
0.35718783552986805,-0.11553652302776042,365.17
-0.8782304283436355,-1.2998700076185985,249.26
0.8596816494771685,0.691714074677731,258.62
-0.49388480748739755,-0.9234619490557426,364.79
0.04281404145334427,-1.2578432255423067,368.82
-0.27758882417894964,-0.8410667099325896,374.42
-0.2321472555016535,-1.369720220305714,375.64
-0.4623426427815508,-1.195299225460748,371.37
0.255418225182539,-0.06528786289870717,373.42
1.6123263804867534,0.2645447872023785,351.76
-0.3829271351827523,-1.3222035794306384,375.07
0.7628306586579983,0.2332162040965501,369.56
-0.9443201041205536,0.7433607291041516,242.88
-0.9826612159716964,0.011758038201477751,368.92
-0.2164129463913805,-1.3029790500980425,378.47
0.7215160330783845,0.2795504139810362,372.62
0.33452556978268133,-0.08268867722490385,375.43
-1.0792289637352048,0.03781273283474192,369.01
-1.6081259375294243,-0.3754270399522702,351.65
-1.26919918544786,-0.2770661431843072,374.47
-0.17525469926991827,-1.1956822761463943,365.39
-0.5118646998211549,-1.3088872118822759,370.77
-0.9178208916539654,-1.2028679616999232,363.6
-0.18870415058128437,-0.8325072755041847,363.88
-0.44614353451930067,-0.8734966717177907,375.09
1.1457287662896332,0.09831114072641506,372.85
0.0728375161172295,-0.29645024488873783,367.46
0.22240282668862021,-1.4254320597933963,370.76
-0.19144569639075654,-0.9536093858528357,368.8
0.22174623116466124,-1.4632125503717157,247.46
-0.2395438842663854,1.4885971636312945,299.95
-0.17031886303845617,-1.1265600093039185,372.13
-0.8393277832631317,-0.6702305735726518,283.82
-0.25445233381722615,-1.472892649930966,367.52
0.9921832693807547,0.10838964283901699,375.98
-1.3335994446874544,-0.1638849223389723,374.74
0.2415464566664579,-0.354756120466561,340.96
-0.07387681691531786,-1.154996026561031,372.07
0.7056867222421365,-0.49897891777094316,370.36
-1.1428997545307984,-0.18717193304559326,375.85
0.3489619790929323,-0.15160073049339418,379.42
-0.34176313358283134,-0.8517026156778275,377.41
-0.4191556219120164,-1.047221187130079,371.95
-1.2340530227950945,-0.27695013462169077,370.51
0.45520054968256396,-0.8039087761687395,372.66
0.0924563649338698,-1.005477726583321,366.4
0.12179433646420515,-0.47895036380379824,366.22
0.13892927909153927,1.2728591056892549,366.6
0.6200455905554023,-0.45922638037416047,367.52
0.37938853205872713,-0.0852947806903698,372.36
-0.24651764876331617,-1.2101900091605042,374.31
0.631622563164881,1.3486768650233691,340.29
0.2607487097765673,-0.009642828104581449,361.87
-1.3895073382219945,-0.3248398156619539,362.4
-0.22620608204589449,-0.9007738119325386,369.55
-0.2937691717066165,-1.038430363001259,358.79
-0.7063893580713821,-1.0983230298047022,366.69
0.07444215025028868,-0.511765017422863,369.68
-1.3258951851413434,-0.3443316994551921,365.2
1.2864607033811337,0.1372685213698923,375.05
0.30108045877874645,1.5096404515032542,363.2
0.2741526540672218,-0.9903938807965279,343.98
1.205555228078676,0.2660005378248989,373.64
0.33491972679553195,-1.0680117715460442,346.85
0.8522473291162465,0.31724189644810474,375.89
-0.3938610896806197,-0.8597148135286333,364.77
1.367182606355316,0.008349945868651372,352.65
0.09325737006288146,-0.4770088049447688,341.51
-0.0684168295318767,-0.948589296736676,375.92
0.6003427641043362,0.39660163492860867,373.67
0.7019695215967876,0.1765718062602233,369.54
0.28748467409429135,-0.05155550053374593,360.98
-1.3014401923501453,-0.07357590659937724,359.02
0.3108402243657658,-0.35349541849460214,332.23
0.9785772247911175,0.25896426872352757,369.5
-0.10585961625674013,-0.788583201793007,372.6
0.19906330503592332,-0.19354168803333238,366.4
0.6392717561651687,1.2637042840248598,345.65
-0.4339324965525268,-0.865120900174652,373.67
1.046675626563351,0.20256810194973646,378.54
-0.0963686236581688,-0.8763330980403402,388.37
-0.3475315869026714,-1.0790558729395214,371.9
0.46078273230446026,-0.2035766689766118,378.85
-0.7573846743876149,-0.6869867656683136,330.61
-0.4416075475523847,-1.0624721510845427,370.72
-0.9234577463699242,-0.016163605573448262,369.72
-1.3585880913615584,-0.3258420467681617,375.38
-0.4034060027596635,-1.4782255211447002,371.91
-0.22892143318962713,-0.97791823662004,385.25
0.4952346897599513,-0.11578494635657277,371.1
0.13157642711255488,-1.597450049088635,371.37
-1.2079536582916204,0.66823401173249,370.9
-0.5836642497219804,-0.3239067294815858,283.97
-1.139664842158498,-0.07127633195582733,356.01
0.170509976292856,0.033973354876067695,278.78
0.43983934368412514,-1.1749615488492458,367.87
-1.3174472375471808,0.9464475106291889,323.43
-1.352373031251649,0.34506887149187604,261.06
-0.2094063716542363,-0.8181288651898114,375.84
-1.0165584680159612,-0.1392150007901471,362.38
-0.24464249297043605,-1.0844900599788352,365.2
-0.5336536788122281,-1.263091966803016,366.68
-0.05915762080309413,-1.06021439440073,376.16
0.32742410813189926,-1.1461574314680758,372.62
-0.17322230184044832,-1.3399938410677963,363.21
-0.89153875263798,-0.41046112502067184,222.53
1.139448448419789,-0.04042926602195628,363.06
-0.011153000029469014,-1.0418572265635389,363.79
-0.8878506740713403,0.5012723397033867,363.86
0.5089490509620408,-0.10131226523451478,369.01
0.16223277540374412,-0.8807679546911867,370.93
-0.25531665165042994,-0.916847040880516,366.4
1.1743915346796714,0.3180292013285895,373.06
0.03242865249903386,-0.8502891397602244,374.55
-0.3495283406424518,1.133874017616686,253.12
-0.04109208110808445,1.0653063997813497,369.12
-0.6779943215711751,-0.5604870543093711,334.01
0.7274314595882586,0.2835433159693432,374.68
0.030451306526495015,-1.0178628739655928,372.55
-0.31773013500078107,-0.9948022611178048,369.95
-0.6908333003239354,-0.7898087108913251,371.83
-1.1188992622130491,-0.23560780345395835,373.41
-0.623085620442755,-0.4975899413985063,320.7
1.240430481504417,0.8078146643634333,251.23
1.0549127703099486,0.3368766792063778,378.8
0.015029574316856914,-0.9842878320622417,368.8
-0.09565507574996301,-1.2205474379659385,368.43
-0.1899682261315609,-1.4612089009315887,374.12
-0.33832388941199387,-0.9762060456311146,368.03
0.33372302222165146,-1.3547852892161503,371.98
-0.5341095162994566,-1.2999128649033982,372.92
-1.467485136746086,-0.411127161703421,374.46
0.5348001207448158,-1.0547047710038644,375.71
1.0405880613554044,0.31467632624700914,367.14
-0.8085395238509442,0.683315647546582,374.11
-0.12094810152204107,-0.8384058713533653,368.3
0.5773380600699446,-0.31661350579080183,363.21
0.5114271183301438,0.2987045097825737,366.17
-0.1725088857060988,-0.6345291018669672,364.34
-0.2679869302007408,-0.9467519172766697,363.73
-1.417450747874571,-0.4754189205395625,362.49
0.23124117692155027,-0.966802087203566,379.79
-0.4211413826087585,-1.1077313964434319,370.98
-0.37880552693859504,-1.2551152401510506,378.45
-0.0868747229469824,-0.1414957401915146,360.05
1.342642197602241,-0.060672340974468525,377.03
0.5591851365659241,-0.10179752450785295,377.52
0.7831165697093524,0.2792875141257428,374.15
0.6739172974177486,0.7910030424910621,227.96
0.9322916295702051,0.7670958232106615,377.19
0.07409594278764894,-0.9314344878823041,364.34
-0.5162585798318922,-1.261954156650529,254.35
-0.31662799929951246,-0.8989909685204555,366.68
-0.552397664058201,-1.3760488082081415,369.99
-0.017112330381623332,-0.43572900415600724,369.57
-0.914031737838547,0.1650669386315201,374.7
0.6555051226924976,0.9297531961259541,225.2
0.017701579837647034,-0.14787850822845883,362.42
-0.25869444275910886,-0.8050722944230676,373.34
0.6432403183291632,1.033985821766095,346.98
-0.056378215863806085,-1.4936587051108097,368.49
0.7346035703888921,0.3046146400552872,366.45
0.1498805955740266,-0.970475465230362,382.37
-0.08458809254687208,-1.0638043859045285,361.1
0.8710531864224497,0.15688621738212605,369.19
1.2049123042517391,0.21644811227473248,375.14
0.4230351633098513,0.6545273819321942,345.88
0.9860782377852939,0.3060278829402338,368.76
1.0151569239605802,0.6309377734314066,381.85
-0.710179702046051,-1.6469143107087452,250.28
0.3889489095623895,-0.09774272230097,369.8
-1.446072957534298,-0.3867727896886507,360.57
1.0459827795801133,0.18617410450794808,371.39
-0.011898949055707927,-0.9154611566586518,374.35
0.1550353221376193,-1.1486369479777894,362.43
-1.502477954975512,-0.4558384835320262,342.26
0.6100377273954133,0.4842606001881435,254.42
-1.1513621283287845,0.16473709454687083,266.53
-0.013010133823787299,-0.8257224363674073,359.51
-0.12329782775553456,-0.6297217308026469,383.03
1.3535746583455157,1.073641282558384,255.29
0.4484167287523065,1.552552677981687,358.94
0.7266345978190956,0.8608228753621343,332.23
0.02577181827637474,-0.6754251635364632,370.68
0.30394404058025076,-1.1363585179272666,368.84
0.48759153307182007,1.5318348569389353,230.84
0.9188890652229417,0.7342010595368172,386.7
0.9098770741096703,0.09983723875789124,369.62
-1.291735269672207,-0.8100942412008285,313.35
0.3248179159309319,-1.28145179574424,388.05
0.9686384123078902,0.7408446455929925,381.05
-0.01777750532913524,-1.0244067326258979,385.07
-0.37205636557520233,1.3128299320507786,372.32
0.6371451152570285,-0.22794521741870133,384.91
-0.16514735538742073,-0.93153370460639,390.3
-0.27355212950807767,-1.3442060123607853,383.98
1.1882491983341852,0.81397493576282,365.02
-0.4174780268942644,-0.37756441259302914,374.2
0.8169129086136625,-0.189548127831062,362.02
0.0996715702849083,-1.3361215983565848,377.85
0.23514244135586565,0.5787210901714798,342.08
1.0662796478109096,-0.798423465552113,384.77
0.14313562539174926,0.6463514181507848,342.02
1.1378068665931331,0.9477238198672394,378.28
0.9673040982205535,-0.5898616239459308,378.72
0.019199964647941308,-1.068244134109556,376.62
1.4098909020090373,0.5698545905004879,374.56
0.2574298996185614,-1.1521417455860954,378.81
0.8485416686464241,-0.897007234773694,366.46
-0.62720176301549,1.0810129822176184,362.48
0.5189693355398037,-0.7648993852038543,372.34
-0.13927659780243615,-0.8632500965558007,373.81
-1.0487309065306036,0.15733476095241544,365.73
-0.8884533272677632,0.6076363799978848,289.11
1.1247605476528635,0.012365886212209212,374.34
-0.35990254062394594,-1.0184280410154078,355.03
1.2543368538658366,1.2730156140195645,253.68
1.2153112953317438,0.006778645130248993,384.87
0.5178752281483827,-0.3417455023726279,354.47
0.5318807879807164,-0.5575720586301449,374.14
-0.31156070721746953,-0.9232419011590993,377.07
1.0815081881662973,0.8843433077175826,377.24
0.8727862486658701,-0.2868622732771552,380.92
-0.15494038009487623,-0.7563293975387446,372.7
1.0525386000387134,0.8299810159707088,373.34
-0.09048498555254172,-0.9161347468523391,337.72
0.22780843489884778,-1.3297424438640746,371.07
0.1685451621090463,-0.04558442462056307,378.02
0.18564454644353431,-1.0443529528596802,380.36
1.1640558211470606,0.847804317122737,375.62
-0.9432736772355218,-1.017161076153046,377.78
0.4444497058712808,-1.1301854596909404,385.37
0.568625601401454,0.8663506045977265,230.96
-0.2264088540337109,-1.6045117387074,375.22
-0.211271359829477,-1.4441304222357054,387.27
0.6510357530069871,-0.15904520727408633,385.86
-1.5254669713522553,-0.5855189042299888,376.33
-1.6725122218489354,0.17193477146099626,252.21
-0.05234675706060179,-0.9352143708767104,382.0
0.387725425141397,-1.5638062630214837,354.5
-1.2256397733499709,1.089930058090657,312.6
-1.110646581517071,0.18911999927334083,370.14
-0.4066737127451299,-1.29479672874097,375.98
-0.05154083343485653,1.0523394379987607,367.32
-1.1237601349955373,0.15472038178075542,381.04
0.16280861105477074,-1.1397287068531121,376.79
-1.5260044249114295,-0.45253879263372615,378.02
-0.1463909169796872,-0.1930972653651074,392.75
0.7140007698475064,-0.35814407771746287,373.45
0.9723616364376975,-0.5975115623717443,377.39
-1.2309341879365108,0.14855662068145153,375.29
-0.04292262251175818,-1.3297742628394238,379.91
0.32292829011176216,-1.4391525900376694,381.79
-0.1145438768609871,-0.9116893135549673,376.96
-1.4221573648232106,1.0986090628277827,254.51
-1.376002170313321,0.9247272831154216,259.87
0.11990273321261262,-1.502972553554495,231.66
-1.2890837005601097,-0.24124830937515393,309.9
-1.682844292637589,0.013272085201688568,285.4
0.6618613791913259,-0.014878049130700143,313.94
-1.3203814111936762,-0.5198585881329234,232.65
0.3548350329182015,1.2533255756125539,235.66
1.3853538642970291,-0.090413640017834,240.27
0.25946483002794385,0.1866045189466508,260.59
0.44849194957634664,0.9692979251998581,233.38
1.2571868051245358,0.45140090600751787,255.5
-0.39418994345822644,1.4633956389918172,258.97
-1.237631421356383,0.3686582404296965,296.15
-0.947140155111409,0.9761185822808228,250.77
0.9922293835813255,0.4664704481411607,269.23
1.2020445614247433,0.6070674322030695,260.91
-1.2630300827365877,1.1736818334891144,262.25
0.5258427669391079,1.2630753037528524,224.85
1.5616774931848378,0.24845599132101298,256.92
-0.8765593169455586,-0.12570553596449188,218.01
-1.2998559435419244,-0.6042953722552182,223.19
0.2974414885170949,0.20747220798613072,298.99
-0.595571633009682,-0.170786390294772,220.99
-0.9566352200112327,1.217039008510408,262.32
-1.1413549398086285,-0.8642040396988249,263.67
1.33758505721394,1.3060102607238109,258.25
1.0255040525288555,1.0921775008078316,252.57
1.3072732595521832,1.0469208106823045,259.95
1.3568916841562502,0.5682574663615835,258.67
-1.3884231902995618,-0.6127165465350604,272.55
-0.709035403296804,-0.3257484164173805,258.17
0.3789664774734984,0.5699875536506219,247.86
0.9635311753748848,0.18373696709845505,302.67
1.1263152566565473,0.30640230631058196,343.99
0.8147411245630327,1.1964924798677132,242.24
0.2328951747241063,0.675286613270931,253.19
0.8568417107071434,1.241346568519261,277.98
0.2963996349027511,0.769626288493818,313.13
-1.111636583204564,0.5148290720119838,283.07
-0.15962161164619088,1.2225031290843795,380.69
0.6357358191372762,0.8392368429054133,305.06
0.23154287081738611,1.0255873904987165,284.67
-0.34903137137045775,0.6866902585109145,377.85
-1.5148130673103648,0.06144729579562369,311.57
-1.6111724700041703,0.15216219299068745,254.85
-1.4014942322464536,0.8388746143436154,261.67
-1.0757473799865682,0.7318157740192893,358.82
-0.3865752292315589,0.08646978618598371,314.14
-1.250588885520445,0.39853476201898,326.53
-0.29693089014353313,0.5642672534064221,372.86
-0.3523765057598108,0.6022531336682638,364.95
1.2324888936504053,0.3570691870123776,371.63
0.09976312838380147,0.18398265228058408,331.82
0.3069463709961431,-0.16910849012193077,370.33
0.03037489554208306,0.1833518316753232,321.29
-0.29756805088193533,0.5875004563997475,375.16
-0.33018617261638245,1.545992438905999,323.74
-0.15288479575896136,1.2353185683351804,368.01
-0.09091318840485206,1.3407204621974982,373.28
-0.31931985666579515,1.3188492607353794,373.81
-0.20859959776758308,1.3429996604965453,374.36
-0.14091519302494263,1.1507341945473597,378.68
-0.11436870338658947,1.2179578817438086,358.8
-0.8160690964584126,0.1556350079880743,367.27
-0.16457851527376766,1.1964086911944152,378.75
0.02058724096870002,1.1358988964487309,382.45
0.9280833944247205,0.6190428493051815,391.56
-0.12566529991928008,1.3155331920418116,388.46
0.6754212411034677,0.14515503832153812,375.36
0.7007243341963221,0.5739034359484388,384.04
1.2855002273201062,0.3946928406483355,387.71
0.7857417703559343,0.6824667157674411,385.55
0.7938828972249181,0.5848143854680505,364.23
0.7327219738355212,0.5377601832607553,384.24
-1.2128118792602214,-0.6522229803892149,232.71
0.5813421832582057,-0.21402879099264427,392.62
-1.598364355169763,0.5416002541978392,252.69
0.82456643466938,0.5575416321518185,387.52
-0.9539116596384373,0.5022905089230253,258.02
-1.3737627522631841,-1.1719370012769077,258.77
0.4368994198342766,0.8221791867651776,324.91
0.32643940236792446,0.9677052364112627,339.6
0.8842341942075492,0.539364452417298,385.66
0.3960166484209765,0.8147812702680033,348.51
0.9409567569974413,0.5509066367595749,378.89
1.000732787790544,0.4149152755257489,381.23
0.8120261797665681,0.807710350188135,389.59
0.7809147905870913,0.48246593564334567,383.65
0.553843613050086,-0.24947726117361643,368.7
1.1529815731304645,0.5159360059806439,375.04
0.0019574677560433985,-0.10122750656679155,382.37
0.7498670449994917,0.18894813347036984,390.92
0.9507189994673575,0.6270652820011607,375.41
-0.5612406980364602,-0.7590544237259035,384.69
0.7737545534438034,0.6448025043399791,376.63
-0.10935466532755297,1.008002038773479,370.0
0.9161185253167271,0.4664974459788801,378.2
0.5934876647180839,0.5154430308391467,387.07
1.0622584422462116,0.5270163395112569,373.28
0.6884507102543335,0.3880979686690982,369.9
0.6875926513049604,0.49817273289801567,384.34
0.8185584106255295,-0.34308683228812953,394.39
0.8262871133429791,1.0848717787351596,225.61
0.726527771431658,0.7264510287878024,360.69
0.24019125734427638,-0.07459931291853422,375.67
0.6134017128620295,-0.2803837916676025,390.44
-0.8997133372591942,0.21564208317543124,382.13
0.9966310422504914,0.8964640125294494,390.83
0.6965564220354652,0.5621113945592537,384.2
-1.4316097776247052,0.30737123486609136,370.17
0.44747435576221894,0.08020055752828488,406.02
-0.27925208867602713,-0.3112639411710748,373.95
0.5036291494107298,-0.2831801108109352,392.11
-0.27352915909878084,0.5646839546703,363.35
0.43937346579695535,-0.23243840536816723,378.47
0.013525598126506328,1.3858211517986119,374.26
-0.7212859143581338,-0.6778956469618721,384.4
1.315366825122711,0.22272994629313686,357.76
0.6421534678386353,-0.28653271742002034,392.98
-1.1562540314612337,0.1515255675147533,313.48
0.9985089017844135,-0.3324429188485311,372.48
0.6604146665117229,-0.27259957699496556,385.28
0.6202448936269334,-0.014689520444531184,383.68
-0.7493114107793114,0.33418947322449805,225.77
0.5194371765426863,1.0209516669769922,236.58
1.1448849414688809,0.7130461639273064,382.23
0.4482942089883544,-0.05605629477905283,391.81
0.8447140572918581,-0.10295935449535826,382.52
0.34911536998233694,0.7835763737349757,339.45
0.7676094086165075,-0.37780057353319835,394.76
0.2799042630858063,-0.2075752261745119,379.09
0.4892369059305775,-1.4230008477379954,255.65
0.3131733836127577,-0.15752167422485386,388.4
0.429340087513107,-0.038912471451185315,392.57
-0.07940704384530883,1.25093560993364,379.22
-0.4179725427289478,1.419444975855017,333.35
0.42823202363320034,-0.08875963261040568,386.91
0.6939608433952554,-0.8804499082236961,384.34
0.3629188064241477,-0.21679823952384655,393.53
0.42406732655397483,-0.32990241289292066,379.56
0.3964304740932351,-0.190474716545968,387.21
0.4608288424155759,-0.9704790365762123,389.08
0.6064122880735691,-0.26885865320977576,403.46
-0.4434108017493796,-0.7070942653071761,383.77
-0.0033884548923873155,-0.6938243400073166,377.25
0.22436657211729882,-0.05963622438531516,381.13
0.40000431307500706,-0.21471902124568182,387.74
-0.5989751474941961,-1.1998045692764716,379.22
-0.3377214539061796,0.7681624772351969,390.94
0.3653503595626757,-0.18915981523448713,373.3
1.035104116470652,-0.43487891838027043,372.41
0.6161152532774421,0.011756443895455809,376.31
0.6465174396239352,-0.12682986805491733,391.92
0.14924682917304344,1.002493324367618,224.77
0.24553377070180893,1.4767486865961035,261.38
0.45336527896031376,-0.25225050181558145,358.57
0.4477063235288255,-0.19905982017038276,387.95
0.6814837096487786,-0.2792593216512776,368.48
0.7090472360950341,-0.17729416260297043,383.24
-0.05303783374719113,-0.0383438473419576,386.75
-0.3438448831507015,0.7918336990376313,381.81
1.1231912120433474,-0.44714554123822403,398.25
-1.2757739629518747,0.08061357640821454,344.52
1.1910351432541586,-0.3237584380207228,390.13
0.47662205898064397,-0.25350514545497954,387.71
1.2890296587527752,1.3019434168910566,256.73
0.9361652586157122,-0.9187129439325953,383.97
1.346416422718211,0.3053983278264337,366.97
0.7260457032364007,-0.2853102178345051,390.72
-0.9111895906418572,1.163646211347645,380.22
1.0128911169611703,-0.41173279141773494,396.1
-0.18011977059111625,-0.16474507580495787,383.71
1.0574348472834603,-0.4230429264302861,350.35
-0.23281265293973094,1.1852160776258405,387.87
-0.46970166871729985,0.812172077101055,392.55
0.9815821892863251,-0.5445404041525175,389.02
-0.15082780623097217,-0.22860333964269688,382.45
-0.33501046576286797,-0.289999143709487,381.01
-0.2860146980662384,0.48890716507716114,390.53
0.26645028293145906,0.13227769062129363,387.48
1.2644880119553628,-0.5640305954474192,395.36
0.5308981515273759,-0.12836606294720618,387.02
-1.1877766663902471,0.6370505551511507,222.15
-0.3687847925885391,1.3707094450119521,376.15
0.6360978368917537,-0.14062798207022684,397.6
1.422854178233866,0.23894461012760063,382.27
0.4578212644898102,-0.2531493305218351,392.29
0.589585345006625,-1.2385542538331544,346.16
-0.05839506299442662,0.809959637190189,391.1
1.0474350026541357,-0.40527089984979625,395.53
-0.995595686179511,-0.7314057004944365,375.92
0.7599367338872202,-0.10691243072025991,380.01
1.1545421660972564,-0.46928715209789773,386.4
0.7108633287426099,-0.2258538769182299,377.58
-0.8054117138630414,1.6741360516505766,270.19
-0.37907290542270283,0.7513364277404122,389.3
-0.46123579604747456,-0.19975133481296592,349.01
0.10808713338182326,0.2836586683871602,275.84
0.5627668885092836,-0.1484379726406575,360.41
0.5698675466216286,-0.16454484732115385,353.66
0.6861806181806552,-0.1830780491208916,356.51
0.6562686433681063,1.7110535597366188,263.35
0.9362505976760475,-0.37273566905530614,388.69
0.18908607338357195,0.02780537492539896,380.34
1.0253189796316788,-0.4076017966526109,381.47
-0.4388948291025638,0.5056883852980827,383.88
-0.5041087053951759,0.7290986424520904,381.48
0.9934330692637218,-0.363476836424223,387.58
0.4149652985576277,1.3221718738097477,397.25
0.9326794324626986,0.07621907098430161,364.88
1.3303138316669094,-0.41981575363639,383.94
0.6940713893498203,-0.3678468440652113,387.64
1.008457656432405,-0.47920500233926133,384.95
1.0445767197487599,-0.5187531329551862,397.21
-1.1234162889093522,-0.8438614992478166,385.79
-1.0461105009461047,-1.0525873038025677,257.16
1.0570492473039708,-0.5237175738778023,387.94
0.3835124601564274,0.08579066416815656,387.87
-0.8240696491149478,-1.1192166571497473,268.19
0.826733260984653,-0.4363746411418563,387.19
-0.7959652065735344,1.0305799447521584,255.64
0.8005496896086094,-0.37724529335272855,396.75
0.7592352684845236,-0.3045909245835005,382.38
0.7705884415607763,-0.32423182008449586,388.08
-0.24958438065032204,0.6955674151518981,378.95
0.9036469983295244,-0.33756427170731,397.5
0.7839956148810656,-0.3550435801355266,385.88
-1.2181413229017992,0.2277681777946978,383.56
0.9127639372360536,-0.39042022010694827,380.58
0.8921067395437149,-0.39472877873975903,387.21
0.8885869336241297,0.3448299945405519,381.4
-0.34241634632067897,0.8824651781610262,385.93
0.5824168470863836,-0.07410191074597011,387.2
1.1310604881962745,0.6145836138456664,389.62
0.5968630474550184,0.9834310453644345,230.09
1.0915602265190727,-0.4966066341141776,375.91
-1.0896597657957423,-0.955631450481685,384.23
0.4829970267694929,-0.22618458303755423,374.41
0.1861646594684908,1.6277286084912945,254.42
0.9804753205030299,-0.3011619761969827,383.64
-0.44166536040921534,0.7336039456242672,390.72
-0.4494283371897498,0.2034274513789649,266.93
-0.9587889581076748,0.9732481156476728,366.86
-0.6525511353909997,1.0666305694322737,391.46
1.007246802057785,-0.4858403170804349,354.47
0.2395643868339323,0.1798771458574466,380.58
0.7179780383027742,-0.49708364566564855,385.63
-0.7172954299909259,0.644000469134344,390.44
0.6386787017920963,-0.3380893548227799,396.43
1.282754253208113,-0.5199019630342989,386.23
-0.6897303634322378,0.8980094799552831,355.95
-0.0628285451572333,1.8215365405362862,217.77
0.8915599598370133,-0.468743604879554,361.64
-0.5555525137923254,-1.2478196667202357,351.07
-0.002203598103725736,-1.2723516595974798,383.7
-0.4905224625784965,0.8613662661366805,393.09
1.0127352310953561,-0.29705069954551877,392.23
0.20820370980322206,-0.49023984783746577,379.36
0.3206482001821703,-0.13138127370589345,370.57
1.2051769621306883,-0.45117598280032806,390.86
0.660335721930742,-0.03938408816902042,383.2
0.7034545352348281,-0.3325559635147236,398.51
0.8612957900501066,0.07989244873336872,392.3
-0.48238904430149454,0.9263802562200777,387.58
-0.37347008272584026,0.8131857206588667,396.37
1.2155065079292664,-0.4215684284906041,394.59
-0.3127406423720663,0.6744917966808828,380.99
-0.2814986592638792,0.665009494229643,377.44
0.6673145729510203,-0.1864122582468551,387.46
-0.40229839591670075,0.8165982861926643,392.52
-0.04931135582578814,-1.2478812707096387,378.47
1.0388745189186184,-0.4157815060658771,391.44
0.18438576515562893,0.23635979304594498,379.83
1.4861794723937731,0.7422747939311921,218.96
-0.9500735791924309,1.1828239904446858,385.36
-0.05765054917142431,1.1143424110196753,384.69
1.13784884433607,-0.5208951088404359,393.25
0.9436861767696457,-0.4687601867007217,382.29
0.8348897376542089,-0.3812014878452012,385.06
1.0815297449792136,-0.31862868268690164,379.42
0.9395511098586294,-0.4347034293734003,386.39
0.4606393253418885,1.709225715497527,276.73
0.37384255425524354,1.116025692084666,390.08
0.9985730459755259,1.205071205160307,262.86
1.0938933136688689,-0.35639307721641017,388.84
-0.9588285680631453,-0.8543611369291269,374.28
1.3179412160187058,-0.5418808556194722,383.83
0.04285277516298073,-0.10559753124247236,376.3
-1.1707357244648164,0.2213781299136815,375.15
0.796789950514273,-0.3170623026664759,387.56
0.723608363782963,-0.3085867300289714,392.1
1.2283882351892714,0.08865054463412818,377.1
1.1710081888354917,-0.4510910074072466,401.59
0.7493604871625936,-0.37576627642263194,386.43
0.7220367029663748,-0.10528467977793071,383.41
0.6792218070861811,-0.3169855964687691,389.22
0.7256810944472385,-0.39464924361598347,381.63
1.033367570917446,-0.5159552440724748,390.25
0.2974325895409229,-0.3550836708016689,384.57
-0.8401612712323301,1.0896545870897514,383.98
0.10984626261181839,1.200895227846097,381.27
0.3815855595390161,0.5915871486681389,348.45
0.6085023590283148,-0.3024486925746891,391.57
0.6009179239170291,-1.161003316605153,389.7
1.066615913762963,-0.2150894893287503,391.67
0.9772023219812586,1.235825871895756,217.24
0.6662746081711435,-0.30953333350323614,392.16
0.22724650503656946,0.2978987854493512,347.81
0.3599289637348818,-1.2306409983584867,382.66
-0.03271534612501653,0.17723303753689915,330.35
-0.8359354542905468,1.0132519552762624,385.04
-1.5418567616850363,-0.6697781369222194,215.5
1.1960828398175583,0.3283625161627359,378.76
0.7174508327142565,-0.398919225611255,253.88
0.8178833860766518,-0.37121883072296985,405.06
-1.2735658133914816,-0.23653127114821745,390.72
0.8980992024825015,-0.32838761633418634,394.36
1.0202931577357843,-0.4605653539460139,398.32
-0.6320714393264963,0.5916445092919401,394.17
0.4040814313877599,-0.17223469898548452,381.14
1.178805871725335,0.3183063934230802,388.67
-0.6760292143004523,1.1261088818906573,386.11
0.8800087685391257,-0.47223349116705016,397.57
0.5303559450631192,-0.2440323388287416,381.67
0.4780233049743016,-0.3099224170596458,390.12
-1.1669850315521253,1.1709216976591936,254.59
1.0495832397451248,0.15678105402193462,382.31
0.4919114707307947,-0.006476564004195011,370.36
-1.2504744112349129,-0.6920741286176243,228.98
1.2186364876654812,0.13564050256208807,398.06
0.8180873424569058,-0.32587246076790805,379.76
0.7185189326386496,0.05769638670178319,386.76
1.368996797587614,0.04781099350902119,396.28
-0.26296394309026133,0.6758679780386475,385.42
0.9790238156880189,-0.3749705885329782,383.96
0.46971226121101095,-1.171406937846914,388.83
0.9247199596431696,-0.007657962674873236,384.0
-1.68835985589603,0.13896251324841902,251.81
0.4109323521116486,-0.06313811918314757,390.27
0.2305157572416132,1.3545865731239655,384.42
-0.009397161808538123,1.2803833022555737,386.84
1.1642358401717159,0.4669293871752164,261.6
0.023021639850568727,0.9942330320642948,304.4
-1.0091740052381444,1.3163960164096533,270.1
-1.7763468324719325,0.6628204930259718,258.78
-1.06252173172476,1.078667607940475,269.93
1.3740567870816243,0.8060432988286107,281.84
-1.1992282358294684,-0.6338555456530596,234.24
0.3224195069306901,1.551969196336353,231.9
-0.44694023717714804,-0.25991466455513634,269.66
-0.007042560842876569,1.0304321622255754,286.61
-0.45141707999239805,0.5502342874681238,297.6
0.05012536021722705,1.003224688663191,284.95
0.17568101964503485,1.2784281625913685,290.0
0.5002305235404693,-0.4461247095422603,295.67
-0.45370151894651045,-0.28739523346926443,240.13
0.9732552982251987,0.07392889159382786,294.07
-1.499671857314565,0.03845087540882059,260.84
-0.3952495522762973,0.2281548341083922,236.46
0.2968349102490999,1.2883936191897059,262.0
1.0450093984627844,0.39658188575814357,291.03
-0.9005601245124831,1.581525361410551,264.44
-1.1636495850861868,-1.0884870785413538,269.81
0.7898636897431123,1.0493750772233312,223.33
-1.6404699653377495,0.502942103885732,252.5
-0.06829248457196098,0.12132522782806483,265.98
0.35247223591482646,0.577910755650617,237.68
-0.00874110774216292,0.9309858121927838,300.44
0.36476986322310356,-0.3359587183896569,294.13
-0.9058592698894138,0.006246993663039698,286.55
0.01889881363005071,-0.9313280251704611,294.94
0.04514404724532638,1.2371509904108604,302.97
0.016784459398593934,0.9836969785981251,290.29
0.004625983301330675,1.3009981849006969,290.07
1.1666335666235725,0.5255469627374063,269.1
-1.2543180947136383,1.2879230973946563,224.75
1.1108430126756579,1.153246479440754,271.04
-0.15306916271199322,0.2280218081491003,229.54
-0.21137226120572358,1.8052885087087482,256.62
-1.2905867115578733,0.09738060491799119,284.24
-1.5127406191864528,0.39460997506506595,266.93
0.05758610130121202,0.9538557836340734,290.28
0.8424200027008583,0.149396764357904,286.03
0.8845271174955476,0.12177989239360937,292.05
-0.8475883378370118,0.029515470896880665,286.8
0.3882559540736761,0.5752974775095978,249.06
-0.5071451617294815,-0.3376450451271963,258.32
-0.4333083996440747,0.5739676776278754,291.78
-0.3868832810150334,0.4980113452554057,302.87
-0.6428548815915692,1.6610786368441053,263.61
-1.004579993475235,1.109817990860172,253.66
0.7863828425362257,-0.5037181084762087,327.72
-0.2526970007179852,1.33802738892906,264.07
0.9203402462568964,1.2597395469648986,231.63
-1.5932842973776429,-0.8843212632590717,260.93
-1.0446011289198818,-0.6095482227909075,258.79
-1.6728018352006468,0.4163840051416249,267.34
1.2366716044414854,-0.09685497049360926,309.34
0.26542489741446607,1.2549495638423211,322.84
0.28683237745410994,-0.9300996784757943,312.28
-0.43529505183837364,0.8138366828479396,310.08
-0.21993367210821982,0.6686883784590116,297.47
-0.48967633344350703,-0.3266841257522651,243.61
0.2926451173150003,1.077453175818781,293.77
0.7293962114502737,0.7025786222448973,272.24
0.7829057838519012,0.7250440395538621,275.17
-1.1987347908802015,0.9132469626374266,258.9
-1.4679911431854424,-0.6787494563348551,218.07
0.8745615563229205,0.18936887204805267,304.55
0.22148680409925448,1.5622451011779261,259.72
0.628576866506108,1.10127012284954,250.2
-0.33127643334397183,1.7384826953895622,243.8
-1.5844809521406231,0.5025923330367419,254.69
-1.0050146887041305,-0.0712386650536431,322.94
1.052667678521073,-0.0005371052713809049,323.17
0.8664829288209253,-0.5580146307298339,323.98
0.6115446333323216,0.6335590385002988,291.2
0.8070202289383062,0.7481252216107587,271.11
0.20736052636101254,1.0741133617123972,314.98
-1.0528711894523546,-0.15661477686379732,319.41
-0.30186603766616016,0.6392283839372035,322.88
-1.5271274147689957,0.46986062338628237,270.95
-0.5168733801951442,0.342467414043924,220.08
-0.29710184830838965,1.6493375904206726,257.92
0.6183888114860115,1.2822012911484801,230.34
0.5129174518517524,-1.447940987973439,295.61
0.3634109983116446,1.534873786311376,262.92
-0.6108454416622505,-0.46100185399159627,292.29
1.1411732480408476,1.2043465407904297,266.04
0.29701059632197024,1.1690972238191555,302.4
-0.9257222043341358,-0.045021475196470095,306.0
0.15617359922222196,0.9383167473800244,307.95
1.0322604791476129,-0.042121730761546766,300.34
0.08405923644853386,0.1590146763926859,263.29
1.2191780303281265,-0.08308970709528406,315.99
-0.9738485457749305,-0.09744049605135184,316.73
0.15633064978985148,0.09863963863187483,279.32
1.1070053038636267,-0.4850416381769676,273.38
-0.6168937965255483,1.6864247502480882,264.29
0.9009779730584001,-1.435464456487389,229.61
0.4821565504144497,1.0205490872540646,235.93
-1.4923850764886184,0.11016277900810183,269.41
-0.8121957695682089,1.4901548385620982,266.95
-0.555907170219621,1.4609004997317274,295.39
-0.8069735881287274,-0.8704396132096817,289.6
0.32703586712680466,1.180159837626357,321.07
0.548458604586913,-1.0902711861730805,306.26
0.1672247584486374,0.1749006897372716,265.85
0.7505988705872867,0.6589036865620796,278.93
0.3812301541620466,1.204757919649095,314.82
1.2196078438983957,-0.0775201722023511,308.77
-1.0146483897295921,-0.15683401855845044,313.25
-0.23684544113996633,0.7312424579964184,308.33
-0.13580736251158015,-1.6593908110256221,270.67
-0.3121949268897442,1.7131859765291515,266.72
0.4596360185535025,1.3073226326459573,224.62
-1.1459071715454245,-0.5496679644309853,240.62
0.6521268667668292,-0.9156336622107015,266.98
-1.1010350336318604,1.064275656886259,289.34
-0.5382714087426314,1.5804480409004054,274.36
0.056316096215766456,1.0595684816759259,260.76
0.5768834378332399,0.6340701379535348,257.02
-0.258088950350419,0.5949544794464933,317.7
0.28678796358801667,1.229895214324155,316.81
-1.1134109230333498,-0.1823240378994405,327.61
1.2307675195217465,-0.005522551578085373,302.33
0.11713870250857529,0.14540449717233128,269.51
1.2458133781779654,-0.037447287615800434,316.44
-0.9779564184145145,-0.08080467945909692,311.02
-0.49124045346592227,1.0785151837454772,232.55
-1.2289818318636394,0.7831717887127659,267.96
-1.355329465757947,0.20106596063077897,296.45
0.8607209657503369,1.3685208535301046,227.05
-1.599748661811283,-0.0443509636497242,274.97
0.16981470714294405,1.8367149138814405,264.48
0.9867544265876576,0.5789340542725838,268.25
1.4723670514700327,0.45446108228810506,258.42
0.4722990526866135,0.04459622160891965,265.77
-1.1720351517444552,-0.18835030390049584,325.17
0.9761243228179161,0.6465268123267693,268.09
-0.3082542512756471,0.6589395564579608,302.44
0.32204881337599933,1.140492433591714,308.9
1.2808538817536852,-0.06642816252681455,310.64
-1.2377364061818263,-0.24745871417539875,302.73
1.3838275286510078,-0.06760487894327728,314.97
0.5245926122145304,1.38329702252121,227.75
1.574734084461738,1.0143655213579679,262.99
-0.37933631296696785,1.537119412214796,253.35
-1.1302590416900524,1.194172995889912,263.84
1.1514633849690312,1.0597845242550814,269.09
-1.254169725380303,-0.1727732195890313,278.61
0.07174044214468002,1.2078895249721375,275.53
-0.8862148783832011,-0.46076272650628064,264.66
0.4872180070896683,-1.1091045841940725,311.2
0.2794205626852301,1.1992183036782271,297.49
0.5132515832621698,0.570997922214332,253.54
-0.2459914015429731,0.6220746838581139,315.27
0.32295780251416956,1.123215429646463,308.8
0.605438731852774,0.5827298304025921,281.6
-0.20443643831394584,0.5893032017183801,327.44
0.39577752178632,-1.0213743381353941,300.61
0.9896291625925842,1.3096294188777466,262.89
-1.691572414419543,0.516746223664569,257.84
-0.0357770650346311,1.4823418084383302,332.58
-0.38989125059265284,0.539491866299967,274.99
-1.5308695195567437,-0.08635586376659277,267.9
0.5619217604569616,1.2653329587812232,256.06
0.809195606674045,1.0129589954699358,222.08
1.5841600765668749,0.774585947199531,267.11
-0.5026188736428936,-1.000008901577335,293.33
0.3877728921554943,0.9367882106849198,253.88
0.046469725460922,1.442653154727099,311.53
-0.1731513380357564,0.326486780443677,271.29
-0.5037590460363879,-1.3655634017843028,297.85
-0.6261939313140121,0.8452444518112032,298.32
-0.3001920771880388,1.2054530998410802,312.93
-0.018261558056024148,1.5064336183129396,298.91
-0.7079727246801152,0.38991492096969843,226.98
-0.4351115831140421,1.6986951719336054,263.98
-0.11260389172564343,1.4508215958096058,360.86
-1.0851348796941995,-0.8808141959229335,295.77
-1.5183983740558271,0.05011384873155561,262.74
0.8094623640052019,1.0535447921729617,234.76
-1.7026644584723047,0.6365513861748591,251.22
1.1601374154786241,0.19039430684708922,260.69
-0.5711275661424697,0.8498525462435945,278.74
-0.10556855144274191,1.3414709932706481,292.39
-0.568260261586035,-0.9537318609999507,309.61
0.8102663514897124,0.6914323663168738,293.59
0.3302010578561075,0.8633500101946364,275.69
-0.6196031221150701,0.9495445870435776,271.83
0.3774634589392793,0.9246467121063211,277.47
-1.2345515704282297,0.419894976007989,283.64
0.2979466369268227,0.5381214010376798,232.31
-0.7483088399675482,1.1515329966206718,263.29
0.892131699036593,1.3219730895937991,239.21
-1.2781880126393157,0.9169433472087626,261.15
-1.6209777682725768,0.30445437812216536,244.53
-1.1380599947830607,-0.8976614987206661,266.56
-0.13570543485565842,1.9278110964058506,265.67
0.7106259357021638,0.3526163275097339,311.23
-0.8100277509859978,-0.9475048079678163,315.44
-0.7800635259199573,0.9821998049455519,306.24
0.9621069703187504,0.7154704516126456,307.16
0.4377472167058963,1.0437275737750495,262.63
-0.16756274068459362,1.4085024223130898,324.78
-0.20145350236881213,0.4946265203220468,268.28
-1.3413352812656034,0.5172005086021296,322.14
-0.1837646560745357,1.3773433677503726,355.91
0.476428405407317,-0.15533287103621957,261.81
-0.40804803107907517,1.7395303685543397,256.53
-1.3682604633197422,-0.6050041320395956,245.56
1.3335867968183246,0.9271426562801288,255.17
1.487003366512833,0.6048489924854442,224.02
-0.839915945663008,1.1207314818359948,310.79
-0.5874868027993002,1.3636142759835639,275.47
-1.6281963883121175,0.6205762834211063,267.64
0.4580368140675561,1.040718259057241,263.54
0.35045456241775963,0.14953771821186504,304.85
-0.8103617060005383,-0.9406553496604426,347.21
-1.3023980929360834,0.47108245354350403,286.94
-0.6428241533269535,0.9307085944338419,299.52
-0.1516040287707638,1.4738978301589882,295.92
0.424485685769458,1.0244186574339125,254.37
-0.17697214744565476,1.4698180423379634,314.99
0.9084031376623879,1.2585483058280829,221.53
1.2475335958664995,-0.3668435608754038,262.04
0.8901162041902975,0.31278549217454105,258.08
-1.542349423884965,0.6552722548814985,288.76
-1.4183266671725376,-0.2564572306426565,298.46
-1.2356749924059542,1.121850731235484,242.12
-0.0384803977742337,1.2031751594142024,268.78
0.768168924310958,1.4904158477048914,225.27
-0.8853881675569475,-0.2930768370641478,262.35
-0.14202942566804,1.531463999354872,311.91
1.1032295327108406,0.8202812593019599,300.83
-0.5848649752186613,0.8732616454016852,355.64
-0.09809272575063022,1.2779653051888535,306.28
-0.9594027592903167,-0.3167470036957285,246.83
1.0325616743636536,0.7443540902678457,305.58
-0.5716585155132108,0.8539529090632799,299.18
-0.1959979316222937,1.2420088053600975,300.2
0.8724141551872724,-0.25637719559830385,275.65
-1.6609668076882291,0.5321477534090537,261.98
-0.8114029047049098,0.9720860163614414,273.34
-0.538455569878593,1.4559372650522482,249.74
-0.5940128103799314,1.4938746541288916,256.95
-0.4522130432693139,-1.6715804706459885,269.15
0.9913573267619875,1.1879034380189568,228.83
-0.7071682220902775,1.0555828154517346,325.74
-0.07271046793423908,1.4608415067612721,290.89
1.009650748085886,0.8030237459360176,311.67
-0.7015086483825106,0.9840344482896852,300.08
-1.3654987110788919,0.5440867758754317,302.5
-1.0338910871564793,-0.3532690002771039,272.43
1.056078984527249,0.8245352855318985,367.41
0.5811680283180326,1.184318809186461,280.32
-1.412059984814815,0.5705873520788581,358.63
-0.11399932262966493,1.489246340268107,295.13
-0.8149852721255576,-0.22168706998236445,274.11
-0.1342186044542131,1.4681714934749104,314.18
-0.13503349003283535,1.6065355367043117,303.4
1.0329433259094092,0.8953988421262083,290.53
0.5979601620589985,0.1459171574095067,305.82
-0.10310170761319995,0.5296283696112336,271.06
-1.3467346678483336,0.5192010169533899,336.43
-0.7766436089892612,1.0756217050139396,299.6
1.1112621031765857,0.7732572464574483,307.8
-0.8074607595190113,-1.0526817092013192,297.34
-0.6969807718677155,1.0250895150419361,337.22
-0.09862102289499469,1.4656074723743715,290.43
0.5009212999358857,1.1247818672658818,264.5
0.42804606060424355,1.022848986102164,280.0
-0.14031583664553027,1.525016994767369,315.54
0.5586120037581129,1.139054356586826,267.37
0.9140757366177009,0.742074841179225,299.41
-0.12213721063463905,0.5259815502175975,262.86
-1.1992836319258653,0.4046835617541597,289.92
-0.834293470324994,1.1593075161875095,312.3
-0.8449566383540575,-1.1447935932172353,367.07
-0.13576291985833053,1.4358209721047088,328.43
-0.1590889137079746,1.547908704340773,305.96
-0.6196042626327396,0.8988371264517561,295.93
0.5404778231693363,1.157876711372618,309.51
-0.12746489424852472,1.4281431463484182,310.44
-0.9219059951170366,-1.0325576804056031,297.4
-1.3575953688314357,0.534704415244152,330.61
0.5960889128239503,0.1447658864503709,298.16
0.5031872814464853,1.0255700916530959,264.88
-0.14070160141250027,1.8181552463225201,250.61
-1.331240272832165,-0.8041457768125099,224.16
-1.5384057831534983,0.02278386843404524,295.79
-1.2714648884954058,0.9113212828534756,265.52
-0.42599537930792136,-0.20520086804552398,266.21
-1.212460956870181,-0.8408996753665505,250.82
-0.8638021234358234,-0.31801575899065027,244.92
0.3132828344149132,1.4690855220217847,268.12
-1.2976981130404113,0.44801950810858177,320.98
0.5423905877082934,1.1696424619803414,319.18
0.7890695716053888,0.048025540556099984,306.73
-1.307113447784225,0.44291818710398484,333.29
-0.10440317942694882,1.3813676691819974,297.31
-0.1436387847459079,0.4214799519436996,276.76
-0.15492153565834296,1.3999145004170745,313.28
1.0200247812043812,0.7323548150630246,296.84
0.05316315737590699,-0.07417201781434084,288.17
1.323964881905541,0.6894460256530761,258.01
0.2400753855562139,1.6536158083183947,261.7
-1.6783291377288154,0.5393034903001719,266.24
0.2125587214753209,1.3459792236580777,302.43
-1.761113317943894,0.17502742873735266,260.64
0.7699565117122433,1.149380246008646,231.05
0.43541263297343796,1.1168346978696106,224.79
-0.8460879069512396,1.1162556915237907,306.98
-0.8709858285443964,-0.964982597758245,293.18
0.4771144831905099,1.1692144812184169,283.82
-0.24617500461032757,1.5034287941529865,299.63
1.0284854845158447,0.8173904760724611,309.17
-0.21695010531841546,1.5153786401772023,358.77
-1.0753400285812194,-0.3521160785659375,263.3
-0.8720406427727956,1.1023888531184487,290.51
0.5315232880458141,-0.5347919501414354,383.14
-1.960535256190804,0.39667300558020446,261.84
0.24389680154876364,1.774360073599341,261.77
-0.29294824535919917,1.5859852295207095,281.23
-0.09083742628451928,-1.6406892425316875,266.6
-0.36705520893827426,1.2856915947060388,266.68
-0.5258453029047121,0.12473160230583212,225.49
0.41903156972317473,1.14997241643797,216.48
-1.050615975436094,-0.7187786508678596,245.98
0.1561462504906721,1.1460830003412146,325.97
-1.151220425067225,-0.03111857211817717,292.88
0.7146124618408138,0.13909562215938326,376.92
0.8391994726726896,0.19818036530509905,282.18
0.4790421784856132,0.6882472940597378,253.04
-0.5120278502287902,0.42194954603663615,293.74
-0.6856428509582437,0.5474270872250956,281.23
-1.02380874303035,0.8240661783376702,263.09
-0.12261815197973198,1.2726154780162116,272.7
-0.34136807309390876,-1.5596253533013813,263.07
0.6433519036088292,1.3212036116932955,254.12
0.13829982635687094,1.6521499878393864,263.66
0.08443682907930254,1.7444783554530099,248.45
-0.8499517577798451,-1.4756653253667515,266.97
-0.5587098792444138,0.34941424215838846,215.67
-0.5169619759784081,0.4148293100792576,372.68
-1.2910296494766957,1.053989879153463,256.44
-1.4304658307502573,0.42465807507978415,261.15
0.40030109180021783,0.43885654159630827,276.1
-1.53550789507027,-1.0229714495618292,265.73
-0.01987557346148199,1.3409267126819178,255.11
0.5273720773690318,1.7073000996940997,250.6
0.7166020306317213,1.0669921021423154,222.25
1.0599844219284376,0.9899944028093945,263.2
-0.3491587652853549,1.0596732138895804,257.56
-0.7272901836246067,0.5236703477905588,262.68
-0.36365512472541256,0.22269037903151473,239.39
-0.6911398719922653,-0.21349663455837892,227.27
-0.9237338417686063,0.1940092670398664,290.46
-0.3666212204492872,1.0691081138793213,259.3
0.45145466400012835,0.5283403776509421,278.47
0.5982660677755858,0.5768581769410285,280.43
-0.6215619327894669,0.5116361195802765,282.21
-0.64280628366316,-0.1637107941997034,266.56
0.42325546096938566,0.40270996569204665,274.1
0.03580170562704704,0.6698858444530272,247.98
-0.9491314819929524,0.21309993232200905,263.37
-0.6088661519361965,0.504840723396905,279.04
-0.35430754987803686,1.01173711810877,281.88
0.4161399825752569,0.41253557057768503,288.72
-0.03850966402623699,-0.06669089871162452,287.35
-0.2725592971420239,0.9420282555015905,278.96
-0.588117208338088,0.47033792604284047,289.13
-0.34542040193958395,0.9978586653580771,276.35
-0.4521710422824979,-0.5402943770053249,283.35
-0.6920149438700621,-0.1700705586321578,251.96
-0.37049642348653894,1.0872595816808217,286.13
0.057659021080289447,0.6943813918728847,255.87
-0.6449031136123728,-0.17124061419174375,255.31
-0.3067592842592608,0.9789307706712266,280.64
-0.6375825180987574,0.5108024730200607,278.6
0.38643694181513927,0.3732417991073517,286.05
-0.684777590987375,-0.17770878360468967,254.09
-0.4152361138424348,1.120703103673389,268.2
-0.5839654757358131,0.5040807451907742,287.53
0.3726927087252082,0.3759441879951891,284.56
0.04287450008437361,0.6310712129147036,230.66
-0.07538573903984877,-0.09985599933978477,283.67
-0.38149950024281726,1.0680894717252167,284.61
-0.7031778517977632,-0.18319268629515345,262.39
-0.5594350857750159,0.4670270456502166,286.5
-0.940112133381559,0.20097653414797823,275.05
0.4621281229538109,0.4407590866375371,293.71
-0.31929595493717733,1.0000161338881015,274.3
-1.260919672987003,-0.43084728009786966,229.03
0.767666894816151,1.165306163402895,232.26
-1.1207876925344171,0.9009031533096055,256.1
-1.2945185877647094,0.23582945697136426,266.65
1.1409568778715564,0.8549546381913536,289.73
1.2612840671997008,0.45638998646047135,267.96
0.4096218640141169,1.792921049125354,249.84
-1.6183632920660924,0.16811982132971184,249.95
-0.3919493155061994,-0.5210160588908029,272.65
0.47788756084913825,0.462307472867846,249.78
0.0672787003317503,0.6393462817477786,259.41
-0.6405145741172823,0.5158495072087436,282.35
-0.3365850562048504,0.9972752932621672,289.55
-0.6042760059653967,-0.17222925936804132,260.54
-0.35070021528895545,1.0601771944000042,279.65
-0.6388931141576867,0.4966130332157577,284.68
0.5513908205476411,1.0158936344815013,220.95
-0.31324581672337004,0.23877624113600862,228.12
-1.2689485566112553,0.1577286474398553,259.94
-1.5186316464299945,1.098281128241352,249.98
-1.687010291302311,0.7084703314179583,249.84
-0.3621654139797731,1.5813620515411533,244.96
1.4476010254556424,0.8261192326151784,250.77
1.4638283339871085,0.6869941093262084,282.4
0.4674956842339452,0.4828283994183853,278.46
0.4907464283915572,0.4088376625300496,268.05
-0.4037041943610801,0.19585453410736575,261.87
-0.36291040285964665,1.0720715663893623,284.17
0.07799831929649569,0.6998870720697558,256.3
-0.7316808193282252,0.5854271793764523,289.53
-1.1335035018665243,0.24243984843359426,275.72
-1.0490828141403257,0.21556215634453366,276.38
1.6219144358835624,0.5951262604599903,280.64
-1.8087993520363808,0.5545203853375206,251.64
0.5134223401211402,1.0820871637286038,224.28
-0.19859885103434777,1.1776288967220179,252.95
0.6566895402192215,-0.3786371684873461,262.47
-1.386063416119023,-0.5461879184529004,228.38
0.406154114326645,1.8777807298254736,253.2
-0.533241015169208,0.7549464737583924,283.38
-1.1291969842220981,0.22922106504809825,274.12
-0.7007733585832358,0.5168197184150557,284.58
-0.38333075065320693,1.1227849579694087,284.65
-0.30899782894225114,0.15102847065170122,253.75
0.46298321585063107,0.4379491965971953,287.4
0.4943574729981686,0.43720972801881547,268.2
0.08860938131679134,0.6398283492808694,255.81
-0.9826021473959142,0.1959112589463019,284.34
-0.9442493282978747,0.8860631096539605,278.6
-1.5987484470507987,-0.36383556974806436,275.6
-0.6989074224165615,-0.3554977268764612,232.13
-0.7531421687252381,1.4220934262817109,250.95
0.3191731667761006,0.7284003840363428,231.28
1.5539758000154849,0.8084611334700654,257.51
1.2460347718264138,1.1577627005245084,254.04
0.3603064222319752,1.7040165799005882,254.95
-0.615644873501605,0.5261399841152712,281.53
-0.3288491158550429,1.0558792123058434,275.15
0.07208711314638629,0.641326254492734,237.71
0.433824004357036,0.3777080503470674,283.01
-0.9977665170559147,0.22264546735525528,277.18
0.0912625489470771,0.6390430141801215,252.02
-1.0081879499050899,0.22227052841641032,278.13
-0.08388426446636688,-0.1098068864795708,286.36
-0.6020024196214152,-0.8924468398205339,333.41
1.052873643481508,0.9827833565440852,243.88
-1.246152156102308,1.2341535127152725,250.59
-1.3138621299370314,-0.6934948346994999,231.26
-0.24681908061256413,1.5115874685164956,252.21
0.6611838578402189,1.5473702828932707,259.1
-0.1396797206861881,1.6327523831510722,246.44
0.6505784959442069,1.2668410592552426,249.44
-0.13094254247195422,1.2138021481891188,291.48
0.42687848921396543,0.8960601809957327,285.9
-0.24373130208803573,0.30021787690017887,236.17
-0.6874750745466056,-0.8323465268048037,283.11
-0.10542505381371386,1.2847501125338396,283.04
-1.258713629574412,0.3844106206996924,265.88
1.091590481738135,0.5239313347749208,275.44
-0.5372819970914204,0.6235614724376828,253.75
-0.36865798464967353,1.7959472033809916,250.38
-1.698686369624866,0.46695873385463904,265.35
-0.4774610072292904,-0.5041460978728841,253.32
0.6496618846874038,1.067131800954002,243.11
-1.1485964002991202,-0.7430334814053184,233.05
-0.8312520901740471,1.1815155512322384,254.61
1.202419292371116,1.0571920168203928,259.42
-0.25548403715204127,1.1479989855004493,303.16
0.9777433523341083,0.4853090854741927,325.63
-0.20341454160087452,1.37245294144761,301.01
-1.3132702023758618,0.3577567870738998,331.46
0.4184342090483845,0.8816917869426463,266.29
-0.717393479393056,0.9031436321020604,306.56
0.385082260323635,0.044964985274053404,309.34
-0.23775721470823977,1.268698753423872,315.12
-0.7329401583796984,-0.22055417066724306,265.18
0.9734614745996368,1.3867198326811636,221.9
-0.18003464648670545,0.8960233351142707,367.41
0.9886459840549462,0.7415050679441504,264.57
-1.0242154400964478,0.44585906624998,225.5
-0.010498457533189494,1.644114969950345,246.39
0.11970719984705681,1.5855908319755327,240.74
1.6919643401228066,0.5777636177988597,248.32
-1.479942280810121,-0.13746582555810585,220.88
-0.14561938193051496,0.9111613074904554,300.81
-0.894975919717888,0.09605782804894689,305.05
0.06195464711541669,-0.11948147161323538,292.95
0.48960092789314963,0.22123240284792645,277.43
-0.8130324845260195,0.11876974500512738,282.73
-0.200376838950973,0.9454047341727995,269.54
-0.1803087809165599,0.14248791010495993,250.48
0.13722437692086092,0.5213580534642523,244.63
-1.1640311543286421,-0.05334678385583142,251.92
-1.0655602256326517,1.1494419793758401,273.37
-0.8249514842036333,1.2173560770465761,209.67
-0.25499904750677027,1.3759872886590776,262.38
0.44406053715020133,1.4002942438556736,231.48
0.8577982543141043,0.11873146358379637,285.75
-0.7347268275669735,1.8336608914776507,252.38
-0.02211636525054369,-1.4343261898866349,256.58
0.11748545059713099,0.5593482654237517,253.33
-0.024678984713307792,-0.17855163801906987,302.29
-0.821604551904839,0.10058161060666398,281.83
0.4510402404641325,0.25720759558549317,292.81
-0.5406059406626813,0.48019368424935716,288.87
0.12231556355865522,0.5431438320799928,256.81
-0.2230824243543643,0.9229127582756915,295.09
-0.8618316082155646,0.11080410173294286,327.97
-0.416555270762546,1.3802563868169166,294.55
0.20000569122429904,1.7288094260439313,250.17
0.5518180554065215,1.6737661543597169,228.84
1.2598667145872435,1.0871666895159133,255.99
-0.8573059130549721,-0.8676404815909088,250.73
-0.7380978936721329,1.529565556588264,253.95
-1.4805002761308905,-0.4461225808796839,258.55
-0.21889948518633992,0.23534469492113427,231.93
-0.22622026143120288,0.9834051050479637,297.06
-0.8647844797823484,0.1459268550450911,295.49
0.0200244502567567,-0.12950317519076585,301.86
0.11282456114523692,0.5068424561461102,267.35
-0.19891224159490467,0.9019268795971598,359.87
-0.48430530060843524,0.46440141493318643,320.18
0.12372261647237533,0.5657709469161577,280.49
-0.2989897212676964,-0.5036720955536815,338.7
0.5960315908960995,1.1260773302018539,233.06
-0.8237983948746201,1.490217369526881,250.79
0.4183485702129247,1.3838255064798672,227.97
0.24363284979516922,-0.07146302916243884,253.87
0.5358249163827568,1.8395449175235938,253.75
-1.3734663564872511,1.1414368542705764,253.91
-0.7710900619275793,-1.079722810573917,251.07
0.4524586173769101,-1.1561236575586804,317.54
-0.168688473615396,0.9337900168117258,342.39
-0.885792005221713,0.15913528572117233,323.08
-0.44287741080783816,0.43473788002488484,348.41
-0.1566713500627349,0.13525168984350985,298.06
0.1554760763929717,0.5303074645706647,314.03
0.44379090453885933,0.26810434852102066,366.49
-0.15378946239598038,0.940482470992895,328.35
-0.2572034881282834,-0.616818687858221,343.76
0.23443497287769674,1.4951432739005244,253.3
1.3044742900237254,0.6349833705831979,257.63
-0.6697843461458014,1.5456946913963932,260.76
0.008178040758884722,1.0338091323746967,230.57
1.291684909256708,1.0184062367760027,251.78
-1.4072655685474305,-0.21348749979915102,262.54
-1.3900871526357557,-0.03205407237393234,255.93
-0.9575735669481323,0.7863255827053898,230.48
-0.4001041564374491,-0.6376702980622085,297.66
-0.21863916841798983,0.937769442311586,297.22
-0.5083320094130052,0.46153331814339354,291.64
-0.1499828261860531,0.878005526564218,289.08
-0.5245824988351914,-0.21124006306718654,267.86
-0.1968677216055955,0.12786194264948922,276.57
-0.15248849205514356,0.8945047078496525,307.56
0.48346048176466605,0.32369870720125793,337.28
0.3269521961181118,1.5741857842330844,284.4
1.0587426181869504,1.2136907246497635,223.09
-0.7785765360153938,1.2378431703280748,268.46
-0.6920470398609027,1.7701270727886143,237.36
-1.0801907034781721,1.006913386824375,254.08
-0.5895204617184716,-0.8728554255612918,222.02
-1.2150596689495021,-1.0670302681853667,248.07
0.38931666374768653,1.0415956164781448,230.44
-0.5605376548761871,-0.2166245488113791,277.17
-0.17766296834544296,0.9027760720686981,285.52
-0.1675731099956406,0.8997929221317872,305.4
-0.5490896161401055,0.508449751279916,304.59
0.0901823208655779,-0.1728779461044937,281.72
0.5250343695542116,0.2801889560680271,288.96
-0.1728456029983418,0.8881037754751315,339.56
-0.47617917404604837,-0.21180808823690814,260.3
-1.2599123609791163,0.9349274029267236,251.03
0.9072120886076586,0.583692352670622,252.91
0.10755750716191571,1.499665787946965,283.87
-0.26282859170169215,0.4340315907052154,216.84
0.6920938502260415,1.8725516739524168,215.42
0.1821048898671633,-1.2321925128988362,260.16
-1.419012349929872,0.43935055991198435,254.93
0.27549589220919285,1.516370333060986,266.13
-0.16479499302428527,0.8774806997376754,351.87
-0.5651690745043401,0.4639474148304869,311.02
0.1481858721445409,0.5420328251230104,321.33
-0.1717568651083011,0.9329965563874202,303.68
0.11086362183916441,0.5781386199828304,245.45
-0.9567466757916125,0.11381246506984327,298.74
-0.32277959280241647,-0.6677527989073457,292.51
0.01823588471245656,-0.14950241123897676,308.32
1.4856071451455535,1.0955509599239885,253.52
0.0773528663177999,-0.3185163651457751,253.13
-1.1957300830968203,0.1907222611144685,286.38
0.1028905280616008,1.9505999625551975,248.57
-0.9712998761489168,1.1433405495743283,246.63
-1.5121942046328676,0.2698429774789463,241.99
-1.0876301189713715,0.8676419397819979,218.04
0.15901262188582313,1.0832180555187785,236.44
-0.48493926269696275,-0.21148452341156257,247.61
0.5312267200474983,0.3131646945185571,294.23
0.47565487582704424,0.26782268971861267,321.86
-0.8575090085317737,0.10763050409891857,294.02
-0.4695364381793065,0.4485078638568151,301.47
-0.17378573800248498,0.8838840251867245,342.84
-0.17884614793654657,0.898187882018406,303.76
-0.17207739505634578,0.13352136630857486,269.34
-0.22296799572677545,1.26570371164881,292.74
-1.217405267955493,0.03935925402689452,254.64
0.9535606994586038,1.528846744310642,218.17
-0.27888582973193465,1.5785831008906865,252.52
-0.5322025471058401,0.2503155524486139,218.14
-0.23964649102962504,-0.2934555237459077,258.71
-1.323649857897659,-1.4330330185523923,255.44
0.472571850591338,1.3469962961699828,266.07
0.13215015362066113,0.5977563470029482,273.45
-0.5770959538870756,0.4802113274616166,356.44
-0.9258922359771792,0.14201607495903099,315.07
0.47204561770285075,0.283641391112322,302.96
-0.16654635468594267,0.8850807151407004,326.57
0.07634721186604645,-0.1555654211733888,302.51
-0.2491329548341816,1.0020667776488805,301.71
-0.5339997898851112,-0.185658230155072,258.74
0.3674524711207119,0.9390829472531412,246.97
-1.192600638552899,1.1146171867907804,250.89
0.0022192330666505255,0.48484593884023824,212.06
-1.6530661751594153,0.41236451351376824,247.01
1.448688653314551,-0.033714757048544285,259.12
-0.16722565632027517,1.839228993778865,249.36
0.893980967153531,0.5384907786887044,262.84
-1.6684076922284843,0.3491612100061506,268.85
0.0025855297792643063,-0.168570989802291,330.47
-0.20786779255885704,0.9772652559157868,285.4
-0.20807492575780676,0.9414386629710667,339.94
-0.2419844160986002,0.9845463734679784,299.49
-0.21141589906911845,1.0024546242554218,303.52
-0.6423840903137022,-0.22702520371870402,270.71
-0.582379274447626,-0.23711584073973738,206.44
0.019956617580925748,-0.19366267534923381,290.71
-1.3052986918459735,0.734049355856088,222.38
-0.2743368282153963,1.735147309130784,250.98
-0.8734651763217545,0.7408388538592239,292.89
-0.7357205536438451,1.675094873302753,245.33
-1.0315414187216791,-0.9302455587168111,254.43
1.4694084072020988,0.498433241434828,256.37
0.8171764129048175,1.1130034984728499,218.48
-1.1118695174718354,0.2407747807317716,246.61
-0.8336902933692814,0.14044284903012502,299.19
-0.23103671717714347,0.9788203144924555,366.19
0.11998892015949231,0.5806154603478716,268.29
-0.5215221712511715,0.48006305905393026,301.57
0.4338618675673399,0.3372804481911998,312.91
-0.4666553050457367,0.4496277870415505,289.54
-0.5441839484402284,-0.20246386637584862,273.78
0.4514986807938589,0.3303468095958089,294.86
-0.19383398111784342,1.7206106694711318,254.81
0.6175089503402198,0.899571867572953,233.38
-0.8788300556108148,1.569063424811121,249.83
-0.9304786564098941,1.0303085889803012,258.21
-0.9025504307594626,-1.5624735876564242,255.15
0.5062557294759569,-1.0174473456662718,294.43
-0.9652469188939534,0.8325764456576877,257.07
0.9324808740857543,1.3410869860075965,229.03
-0.206726045498276,0.1289074442336863,277.31
0.4268585808692449,0.3179420702511263,303.14
-0.21641313659192207,0.9213407538853856,322.06
-0.5002127507069619,0.4701210480834111,291.59
-0.8121932292920295,0.06321707533084842,350.4
-0.17372831192344607,0.848918527139257,310.92
-0.3102784846099035,-0.5617013525909278,307.43
0.13982471366475452,0.534882063444105,312.22
-1.2832137236396999,1.0218651062090371,277.63
-1.422559692035307,0.3830017093955207,247.22
1.047131108474057,1.305212971019373,240.24
-0.5272924720344735,1.4295639062978736,251.98
-0.27315944284658594,-1.155199151890802,248.97
1.4661328321675826,0.6659679255178605,246.07
-0.45159723942487057,-0.28854675069100977,239.03
-1.0865518279442392,0.966761468700755,277.64
-1.632839785400986,-1.0584271434957917,252.73
0.4609817235027311,1.166843972816564,233.6
1.3469264803670817,0.19980753361427847,252.46
-1.3976943520565759,0.29894307213869914,251.47
0.31614146092788825,1.7079203225337702,263.05
-0.5201989664680988,1.5620797995534152,276.34
-1.1180189493975177,-0.9504578805351158,279.9
-0.5032676524097208,1.2857017799123236,273.82
-0.691555250767164,1.4413743006666757,270.58
-1.528060113570986,0.5261129609150772,278.23
-0.5947073242903392,0.2991221292730833,242.59
0.15703201436249906,1.1697277335715646,232.0
0.7732562107383525,0.8046055154325605,275.69
-0.9662751067048321,0.8061970078810498,277.49
0.8213988799860171,0.8952696351540473,286.9
-1.0451962263925878,0.9073856387126991,276.35
0.12632911541194078,1.0650684477101113,248.39
-0.6602522547289402,1.4174566686511416,270.82
-0.8389443056921128,0.4196778530679152,250.92
0.8897890667823949,0.9723287620122963,270.57
-1.4646939802796572,0.4531601716254452,272.01
-1.451252173429264,0.4675837423930915,268.94
-0.6713437000953354,1.4564358879924193,288.29
0.9277803053257333,0.9792994191417875,274.85
-0.9693998938294085,0.840774037104938,276.15
0.14573412086852341,1.1868968552424997,252.45
-0.6566791915246544,1.4027195761491886,280.7
-1.3839637804173504,0.4629869127005443,271.06
-0.7321266540048806,-0.3760165007460463,271.59
-1.169128580201161,-0.3995367220451387,245.4
-1.1609777339469893,-0.38613878789543615,239.75
0.8726300043735937,0.9365480257877526,270.15
0.9495924450905046,1.0078903042513754,281.23
-0.6891134836072208,1.3988560280570475,270.74
-1.0743243496949266,0.9010484537238191,274.56
-1.0853161460394782,0.9126964823822823,278.6
-1.0589885482091133,-0.3016331568233397,245.29
-0.617609140043354,1.3913657105087387,277.15
-0.6332927213877854,1.3917554940393035,281.88
-0.7575186651673919,0.36999418597497674,242.92
-1.3896753961807948,0.46401080162206815,272.65
-0.6762433166005376,1.4360483278040563,271.71
-1.0909484692205664,-0.3310221028548896,247.34
-0.6698297117612994,-0.3471611246822723,283.43
0.8981251873715402,0.9756675391112698,275.42
-0.6395855308233114,1.389030199524128,278.26
1.0254762745077128,1.5258873931954982,221.19
-1.1627607498448105,0.9050006218790796,254.08
-0.40072600610116876,1.5716757633085576,276.53
-0.6265221970876595,-0.24563277557572016,232.34
1.0128572932799065,0.37654463618627687,255.73
0.9015814123281819,-1.4001919021371048,257.91
-0.17071071091368545,1.7803337760780444,252.15
-1.373892242725945,-0.3046218172559658,279.19
0.8130294736353256,0.9044765149688498,274.81
-0.6194107202566959,1.4122200205253177,283.5
-0.6780115029781171,1.4540632293033318,272.24
-0.5519693135802008,-0.2517945014615106,282.34
-1.232515065480502,-0.4392475540433232,252.37
-1.45494141668051,0.5000598540880813,281.67
0.1841005244319289,1.1738915204778,253.57
-1.0415745662980027,0.9122094912149818,281.1
-1.7850467426229577,-0.4746675869243505,219.61
-0.5380422513836867,-0.8753445750323005,264.86
-0.559805536749783,1.3169434510088909,333.23
-1.3047167395303614,-0.9612001803665706,255.86
-0.043701467611740936,1.5452301061084566,254.0
-0.025595121697997124,1.1499692282500704,252.29
0.5711692599815529,0.8723909177648649,228.29
-1.7837680263639681,-0.3426003117779457,255.08
-0.44651870403562843,1.1724607274230028,288.91
0.8810076911843909,0.6818097166923073,319.5
-0.6540470665550779,1.3459270018563845,282.58
-1.086441400151212,-0.5614540826814879,241.69
-0.7995654527713799,-1.0152377194667177,273.19
-0.5026495677628906,1.3185290454915928,290.14
-0.5293038761422642,0.15894069912081704,237.52
-0.8667400151460647,0.6250381844900231,292.39
0.9162440911444372,0.9073169114424048,276.5
0.7061633238006026,-0.9608463926262759,256.95
0.21733581527398224,1.5882839294257696,251.14
0.5734183473608437,1.3846076677277108,228.86
-1.7124173148821495,0.2215370830976468,258.07
0.35142956328543545,1.669941341068772,306.3
-1.2782320582980025,-0.5658774912257022,231.66
-0.9742822024426188,1.2533698371226756,256.92
-0.5014446857030767,1.2424983839205597,336.2
-0.6867306920557467,-0.9209360253823825,339.71
0.1930344764882522,0.8646797337970762,277.17
-0.3564725274633898,-0.4596310605101416,331.66
-0.5348683174136054,1.2866456006114377,331.6
-1.4471505234812807,0.038871022767835474,330.1
0.24137746170162733,0.8851632175587225,273.36
-1.0418769072987055,0.7019595045212523,329.5
0.7356430213331421,0.5752862164673977,331.79
-1.434025487801132,0.021608710939373645,318.15
0.18066489033313088,0.8058993218392645,285.88
-1.413749688108806,0.13868582130193846,321.65
-0.5337657027048619,0.10694027123149812,281.18
-0.5471560549813159,1.2962619144251917,331.27
-0.5060461243768564,1.2542517952056056,323.57
-0.24588685406328797,-0.38929847921727956,332.6
-0.4835377000914545,1.2218519392118443,324.65
0.21072329789743158,0.7949181725030596,296.76
-0.5378966480641786,1.3182780676812087,319.47
-0.547937585489182,1.3044923290494577,329.31
-0.33365692251878565,-0.37973165986670293,325.32
-1.0590317047668212,0.6993144223698352,330.34
-0.8506413885274978,-0.40672119830604986,294.75
-0.7157035007226241,-1.012924427759503,327.86
0.9480346997378545,0.7464519583704254,334.56
0.843869180011194,0.6806105423565837,336.77
-0.5429325051083416,1.275086430615648,321.69
0.24633984919007387,0.8721568189704881,286.71
-0.9894706658706065,0.6550779499338939,317.0
-1.4115262913336415,0.06188950988887596,333.22
-0.8891321803606925,0.5934147326725928,318.86
-0.932880202554801,-0.4567858526552639,286.5
-1.4872420019405161,-0.022910760584347115,334.77
0.922875357328809,0.6345635041250856,322.46
-0.5220108272843127,1.3029804129151423,333.12
-0.49099163449045097,0.11482664300471163,276.11
-0.6711695974043186,-1.011846634973573,322.94
-0.4396177001785354,1.155117758546424,320.53
0.2845643008966423,0.9580478788072916,293.9
-1.0066551431664124,0.6840824346911296,327.1
-1.6283946924764154,-0.6365061870089014,236.89
0.7094144020124881,1.1039465538892914,261.79
-0.6280995769445922,0.7265337841060678,256.45
1.6019995080297573,0.8608035762326305,246.71
-1.1125650826418214,1.0138832305414498,259.94
-0.5102092419729175,1.5661553490618048,253.02
-0.1487200122310327,1.3825517551934305,256.39
0.0029260578275062364,-1.4652389757202846,262.1
-1.3666627795155455,0.17695436578633833,309.86
0.15360978817098775,0.8471753942120978,263.13
-0.4338343961437327,1.167905551681689,317.4
-0.10128089819992679,-0.3106410663921477,308.16
-0.4509567894350637,1.1760975114553531,301.92
-1.2115398477589414,0.0925003044953621,311.46
0.5966604675145843,0.44209894387332577,317.62
-0.4646718821084443,0.09328027897709484,261.34
-0.7022478986364149,0.6632825539830548,270.33
0.6055426980655967,1.384943070398357,225.03
-0.11500183966449752,1.616985122064948,248.71
-1.2021666134237283,1.232262196006297,250.53
1.3299149432263377,0.001307578559102447,263.62
1.0630875436048284,0.7865831913848497,263.91
-1.3912631678526468,-0.8333610410256065,221.72
-1.8196075118020278,0.14206025028279254,292.42
0.14616439240304535,0.8209179828063694,269.33
-0.8487336116205277,0.6020233052330294,293.72
0.8150517917178476,0.6757484220159389,301.83
-0.5047291218260205,1.236117663764306,290.66
-0.9737927096155664,0.6872065668944821,289.61
0.1841516540809236,0.8596795548563129,279.5
-1.1246645098688994,0.1269668790848972,310.98
-0.5609004464830254,-0.8240785256600417,318.63
-1.0469883925077288,0.9965827471498817,260.76
1.4985405803645764,0.466135839959003,309.1
-0.8628267538465747,0.7517050322912026,263.37
-0.7783794822023425,1.661222606291274,254.96
-1.1519867043340075,-0.6833414648806281,223.32
1.082420385050898,1.0665347484873007,217.99
1.2930978315370374,1.1759149915451623,248.74
-1.582582788978821,0.1353495588567726,263.8
-0.5054820554834931,1.2503293222223673,325.54
-1.3883218674713242,0.0021252451934478524,323.59
-0.947031763156642,0.6088082156389618,325.41
-0.18580976212057826,-0.3752124210936635,337.88
-0.9406408496942583,-0.4116006296241154,281.38
0.784648871673475,0.5250598445666655,316.73
-0.528370745790479,1.2727879573222007,313.91
0.14540679337206128,0.7949405638003213,286.93
0.39320105473470296,0.03221951467137791,255.28
-0.5068357184231308,1.4073816330174014,256.59
1.5089373091603084,0.5403886733826476,286.03
-1.3069748291648666,-0.7079989451204816,280.16
-0.6815899572913756,0.947412220478198,253.18
-0.42152057060445636,1.7552925766120508,259.48
-1.3315539170621895,-0.6303503971906681,219.0
0.5109419479149316,1.573994362508473,255.59
-1.3395883069480432,0.11703971106675091,321.63
-0.8557118309197457,-0.3533186584015734,277.99
-0.991825385194567,0.6503773008802611,314.71
-0.9225278797556834,0.61573966971993,316.12
0.9131985186112199,0.6645670184388854,323.85
-0.44513655661037776,1.2089872273451425,328.12
0.22931870995337555,0.8777204614804683,288.76
0.9629411580717628,0.7728446698631646,328.45
-1.5271899545594565,-0.5144025245939038,265.99
-1.4112154278549134,0.17798671102885236,258.71
-0.9235162695706411,-0.6759297764161261,304.81
0.700866809975084,1.1786254815213166,231.89
-0.4010500981686069,1.4209107233966272,277.65
0.5977509319145811,1.5211140554052502,223.24
-0.9366581081765688,1.5814114770632555,249.4
1.3980107298290845,-0.4720876868234636,253.16
-0.8756375902702631,0.5881188733614358,316.45
-0.5082980557867449,1.303979980872394,312.17
0.7954626361827991,0.6254084188217808,312.35
-0.7846534328343565,-0.37548351537162744,284.76
0.8375632594054662,0.7275722634082267,316.96
-0.3779370867073358,0.1139845733993828,283.11
-0.51404535720189,1.2933224730276394,330.99
-1.1488799030702121,0.10419125699933536,324.11
-0.9652154597870332,-1.1349715779402614,252.4
1.042044836766482,0.6790324970741016,284.6
-0.23377891850010407,1.6026225072936389,278.39
-0.39917246646263477,1.7104611258474702,254.87
0.6604183197307758,1.124184757642417,234.54
-0.04367415695836096,0.20222343432091877,222.26
-1.0308896588486787,1.3016408587285613,266.21
-1.6138099898113452,0.12547465897751367,253.65
0.7943049780999637,0.6825373598231677,310.28
-0.6941241358655549,-0.8759672768406825,307.04
-0.5414578163107009,1.285771167080847,297.86
-1.2624881175281129,0.14872314494019923,291.77
-1.089302012913432,0.7526829671653638,279.22
0.15815090061343548,0.8644567419724578,249.77
-1.0514694755509033,0.6930075695238963,314.93
0.2611853450491433,1.0468843465275908,262.49
0.1624843490553282,1.8095003875965314,230.35
-0.43929243138408425,0.480905338691305,264.56
-1.4956283450893204,0.4977719674807932,252.92
0.5728222707807256,1.3636195639453832,224.97
0.40495356680906275,1.2258881818832719,376.24
-0.6012875437745719,1.886516767176608,242.45
-0.48455121553014846,-0.9076408839866692,265.15
1.667083643536677,-0.044099360820209245,255.99
-0.8992663652930646,-0.07236576931024513,278.69
-0.9282929493235901,-0.0687898667609641,290.82
0.7120153171951464,-0.3948841713045622,308.47
0.19516043426844942,1.0014234186352693,389.73
0.5390889675196499,0.687519497619764,242.83
1.1418113034402835,-0.1006346299035959,294.98
-0.35029454409439365,0.8032273153154649,317.39
0.5971914062243365,0.6081551905161701,244.14
0.5258856625413976,0.5075696603604327,340.41
0.347576260646306,1.1550898962998075,279.37
0.5677081177932966,0.5966847367347722,263.85
-0.9819926670395759,-0.06428170768911658,285.45
-0.2768964149811134,0.6168513839614087,291.77
0.4466266414675492,-0.9816561426133018,282.88
0.7065533119052522,-0.4474693257293017,299.98
0.26957670755602586,1.1310400392705862,273.64
0.471900221866275,-1.0500498763452843,292.18
-0.9488810224910889,-0.06918191425039448,313.33
0.20377814870012834,1.0977781272711349,284.58
0.5582610564227422,0.6325725998080162,352.49
-0.2217272832201154,0.571323930607826,274.49
1.112827076020136,-0.08803360365430216,281.24
0.18971985542436595,0.16519952178091862,249.47
0.21961504922854244,1.0432114402236303,300.69
-0.26133581105455095,0.6274169913511973,301.57
1.19444906392261,-0.06568124287777406,279.4
-1.0788158947845288,-0.11043367059565583,272.47
0.5408078269393614,-0.31420098202161195,323.73
-1.017476490742078,-0.12425357139693557,285.19
0.5230005689785829,0.5821426450860424,252.48
0.5217538523235397,0.5722751178934915,258.76
0.2402851724575473,1.090631119633942,298.96
0.41376514390112745,-0.9605608950316723,279.8
0.4909292988985347,0.5412526271596669,241.51
0.2603687672312191,1.1816154407599848,270.36
0.35000807769717185,1.1659389729236904,285.44
-0.2335711103100928,0.6371700006808698,294.46
0.26615122933762253,1.1125978748886507,296.19
0.14961812006952893,0.1677670316556884,245.89
0.43920460933289907,-0.9709375581535803,384.59
-0.13768133872414023,1.4475366045821605,356.3
-1.3919979465210475,-0.6445866092132453,226.49
-0.7310608932560186,1.176086294468491,260.59
-0.19428061722581794,1.6868285463811912,254.34
0.17322083900174254,-1.0662686992391848,277.46
-0.22328498292777904,1.1336601223494116,251.79
-0.038531193759816736,1.7427691134279237,220.36
1.2020450912214216,-0.24301763710156504,254.77
0.1490175507562096,0.9409159121565306,358.56
0.9876695810994766,-0.050645442873064266,344.55
0.2048186502354129,1.0047856770361987,373.86
0.10600734413700168,0.1005740181886563,340.42
-0.8720320510930674,-0.07258982081034272,383.78
-0.8532496065056235,-0.07225097727242137,354.66
0.9343698092149663,-0.03138634039997986,375.44
0.09771187222417842,0.0845872908325869,325.53
1.2583055071053126,0.4748104310896619,256.68
-1.394086093689835,0.49997883478909955,259.15
0.6452104103577696,1.4827922703968412,276.2
0.28777961814229513,1.7015204306961584,263.23
1.1037011855731254,-0.47499029859272623,254.77
-1.6160795318805878,0.8912051713455584,207.57
-1.4295229076073748,0.5274746150246745,260.5
0.1783302062688023,0.7869005533491281,243.62
-0.803290280319245,0.0031921125457425145,277.88
0.15203443652268844,0.9603377442156456,294.14
-0.2207505776236554,0.5619579992206062,300.65
0.11556305079767541,0.8870797329537682,294.76
0.7970663288871918,0.03500725902054438,350.36
0.5196268586520225,0.5061579524174491,317.05
0.37099289664001234,-0.8752906257767918,326.81
0.14376779043001633,0.129146339757232,273.16
1.044835218023074,1.3224546579648055,226.01
-0.504325845797655,-0.44619836012622716,258.1
-1.4331331399600582,-0.659740862805985,233.09
-1.021293440699157,-1.602298160382177,259.98
-0.3546031574344882,1.0875829028508919,377.93
-0.6922293879183163,1.1779227530731728,252.12
-0.5926955297720775,1.8376144809767292,255.98
-0.13898020034194702,1.049806977050249,285.49
-1.013272952663515,-0.12888250986461489,376.91
0.964025014106799,-0.039770808701565304,382.28
0.25651060148159915,1.0672191339375419,378.48
0.10215661443157713,0.10353697627728956,345.88
0.12246034731895453,0.1179831360313034,341.77
0.26329382925686023,1.0585521859505829,373.69
0.2410272325191898,1.0908644559250298,378.33
0.29748724840197077,-0.9040196877361829,390.59
0.6933367741074686,-0.4758228087355204,380.31
0.34763921646799517,-0.9206472636135838,376.55
0.20193972698073856,1.0916618418018909,368.37
0.5142083140030896,0.5157910527936105,332.65
0.18356433643138842,1.0037582069313409,383.47
0.5019782835428532,0.5137607155809062,346.02
-0.8784460247352348,-0.08387271394361326,371.63
-0.24900574703932013,0.4886620461224912,379.18
1.065120232249367,-0.07679111848631011,369.7
-0.2635737296128423,0.5842027252821793,373.92
-0.27128039679978816,-0.34909883461127206,342.31
0.44214295442182716,0.49480414935561473,340.5
-0.24965877571910597,0.4952954298515524,370.92
0.33467952175435123,1.178469400483914,375.93
0.1850634327740359,0.9876884166608205,364.21
0.33280055851461127,-0.9074675673390669,373.22
-0.2634852561829688,0.5497912896400188,373.55
0.1621440262416351,0.13348127630208684,336.82
-0.8560534968557162,-0.05586961003731881,372.63
1.0875654223526505,-0.08624059383283357,379.5
0.1635878839367721,0.9870769488848533,368.83
-0.8452639088434211,-0.05898817250976504,370.76
0.9616774554309465,-0.03481370604757895,375.35
0.5100770399625791,0.5254631840122836,340.71
