id,8x8dct,analyse,aq-mode,aq-strength,b-adapt,bframes,cabac,chroma-qp-offset,crf,deblock,direct,fast-pskip,keyint,lookahead-threads,me,merange,mixed-refs,mbtree,nal-hrd,open-gop,profile,qcomp,qpmax,qpmin,rc-lookahead,ref,scenecut,subme,threads,trellis,weightb,weightp,workload
721,1,none,2,1.8245416022471044,0,9,0,-5,40.323908075426026,4:-4,spatial,1,450,4,dia,29,0,0,none,0,baseline,0.0663849535012377,49,15,239,13,48,4,64,1,0,2,Action_1080p_30fps_10s
1514,1,p4x4,3,1.2767584299655177,2,7,1,-5,40.323908075426026,4:-4,spatial,1,450,4,dia,29,0,0,none,1,baseline,0.0663849535012377,49,15,239,13,48,11,64,1,0,2,Action_1080p_30fps_10s
1638,1,p4x4,3,0.6157864219350295,1,2,0,-11,38.687654164818326,-2:2,none,1,435,3,dia,15,0,0,vbr,1,main,0.7214316074693485,48,4,92,2,80,0,2,0,0,0,Action_1080p_30fps_10s
1320,1,p4x4,3,0.6157864219350295,1,12,0,8,38.687654164818326,2:-2,spatial,1,435,3,dia,15,1,0,cbr,1,main,0.7214316074693485,25,3,141,7,40,5,63,1,0,2,Action_1080p_30fps_10s
2002,1,p4x4,2,0.4771290174931774,1,9,1,-5,40.323908075426026,-6:6,spatial,1,450,4,dia,29,0,1,none,0,baseline,0.0784792835710588,21,8,46,12,82,4,3,2,0,2,Action_1080p_30fps_10s
1638,1,p4x4,3,0.6157864219350295,1,2,1,-11,38.687654164818326,-2:2,auto,1,435,3,dia,15,0,0,vbr,0,baseline,0.6493532546000097,35,3,141,7,40,5,63,1,0,2,Action_1080p_30fps_10s
2384,1,p4x4,3,0.6157864219350295,1,2,0,-11,38.687654164818326,-2:2,spatial,1,435,3,dia,15,0,1,vbr,1,main,0.7214316074693485,48,4,92,2,80,0,2,0,0,1,Action_1080p_30fps_10s
1610,1,p4x4,3,0.7615237565025129,1,2,0,-11,38.687654164818326,-2:2,spatial,1,435,3,dia,15,0,1,vbr,1,main,0.7214316074693485,48,4,92,2,80,0,2,0,0,1,Action_1080p_30fps_10s
1638,1,p4x4,3,0.6157864219350295,0,2,1,-11,38.687654164818326,-2:2,auto,1,435,1,dia,15,0,1,vbr,0,baseline,0.6493532546000097,35,4,92,2,80,0,21,0,0,0,Action_1080p_30fps_10s
2002,1,p4x4,2,0.4771290174931774,1,9,1,-5,40.323908075426026,-6:6,spatial,1,450,4,dia,42,0,1,none,0,baseline,0.6493532546000097,24,3,207,2,80,0,2,0,0,0,Action_1080p_30fps_10s
1432,1,p4x4,3,0.3037728833930453,1,2,1,-11,38.687654164818326,-2:2,spatial,1,435,3,dia,15,0,1,vbr,1,main,0.7214316074693485,30,8,92,2,80,0,2,0,0,0,Action_1080p_30fps_10s
1638,1,p4x4,3,0.6157864219350295,1,2,0,-11,38.687654164818326,-2:2,temporal,1,7,3,umh,15,0,0,vbr,1,main,0.7214316074693485,48,4,92,2,80,0,2,0,1,0,Action_1080p_30fps_10s
1514,1,p4x4,3,1.2767584299655177,1,2,1,-11,38.687654164818326,-2:2,none,1,435,3,dia,15,1,0,vbr,0,main,0.7214316074693485,48,4,92,2,80,0,12,1,1,0,Action_1080p_30fps_10s
1514,1,p4x4,3,1.2767584299655177,1,2,0,-2,38.687654164818326,-2:2,none,1,435,3,dia,15,1,0,vbr,0,main,0.7214316074693485,48,4,92,2,80,0,12,1,1,0,Action_1080p_30fps_10s
1514,0,p4x4,3,1.2767584299655177,1,2,0,-11,38.687654164818326,-2:2,none,1,435,3,dia,15,0,0,vbr,0,main,0.7214316074693485,39,4,92,2,80,0,12,1,0,0,Action_1080p_30fps_10s
76,0,p8x8,1,0.6295137611273145,2,0,1,9,29.58495568862226,4:4,spatial,0,51,0,dia,54,0,1,none,0,baseline,0.6493532546000097,48,4,92,2,80,0,2,0,0,0,Action_1080p_30fps_10s
76,0,p8x8,1,0.6295137611273145,2,0,1,9,29.58495568862226,4:4,spatial,0,51,0,umh,54,0,1,none,0,baseline,0.6493532546000097,25,3,141,7,40,5,63,1,0,2,Action_1080p_30fps_10s
76,0,p8x8,1,0.6295137611273145,2,0,1,9,29.58495568862226,4:4,spatial,0,51,0,umh,54,1,1,none,1,main,0.7214316074693485,48,4,92,2,80,0,2,0,0,1,Action_1080p_30fps_10s
995,1,none,0,0.8422819182175576,0,6,1,-7,29.58495568862226,4:4,spatial,1,143,0,dia,54,0,1,none,0,baseline,0.921769216566717,48,4,92,2,80,0,21,0,0,0,Action_1080p_30fps_10s
76,0,p8x8,1,0.6295137611273145,2,0,1,9,29.58495568862226,4:4,spatial,0,51,0,dia,54,0,1,none,0,baseline,0.6493532546000097,24,3,207,2,80,0,2,0,0,0,Action_1080p_30fps_10s
1320,1,p4x4,2,1.8245416022471044,0,9,0,-5,40.323908075426026,4:-4,auto,1,85,4,dia,29,0,1,none,0,baseline,0.0663849535012377,29,15,239,13,48,0,64,2,0,2,Still_image_720p_25fps_10s
1638,0,p4x4,3,0.6157864219350295,1,2,0,-11,38.687654164818326,-2:2,none,1,450,4,dia,42,0,1,none,1,baseline,0.6493532546000097,47,3,207,13,80,0,2,2,1,1,Still_image_720p_25fps_10s
2002,1,p4x4,2,0.4771290174931774,1,9,1,-5,40.323908075426026,-6:6,spatial,1,450,4,esa,29,0,1,none,0,baseline,0.4329007304231367,21,4,92,2,80,0,32,1,0,0,Still_image_720p_25fps_10s
2042,1,p4x4,2,0.4771290174931774,1,9,1,-5,40.323908075426026,-6:6,spatial,1,450,4,esa,29,0,1,none,0,baseline,0.4329007304231367,21,4,92,8,80,2,32,0,0,0,Still_image_720p_25fps_10s
2002,1,p4x4,2,0.4771290174931774,0,9,1,-5,40.323908075426026,-6:6,spatial,1,476,4,tesa,29,0,1,none,0,baseline,0.4329007304231367,21,5,92,2,80,0,32,1,0,0,Still_image_720p_25fps_10s
2002,1,p4x4,2,0.4771290174931774,1,9,1,-5,40.323908075426026,-6:6,spatial,1,450,4,esa,40,0,1,none,0,baseline,0.4329007304231367,38,4,92,2,80,0,32,1,0,0,Still_image_720p_25fps_10s
2002,1,p4x4,2,1.9898091605805617,0,9,1,-5,29.664439579982087,-6:6,spatial,0,476,4,tesa,29,0,1,none,0,baseline,0.4329007304231367,21,5,92,2,80,0,32,1,1,1,Still_image_720p_25fps_10s
2042,1,p4x4,2,0.4771290174931774,1,9,1,-5,40.323908075426026,-6:6,spatial,1,450,4,esa,29,0,1,none,0,baseline,0.4329007304231367,21,4,92,2,80,0,32,1,0,0,Still_image_720p_25fps_10s
2002,1,p4x4,2,0.4771290174931774,0,9,1,-5,40.323908075426026,-6:6,spatial,1,63,2,tesa,29,0,1,none,0,baseline,0.4329007304231367,21,11,92,2,80,0,64,2,0,2,Still_image_720p_25fps_10s
2002,1,p4x4,2,0.4771290174931774,1,15,1,-5,40.323908075426026,-6:6,spatial,1,450,4,esa,24,0,1,none,0,baseline,0.4329007304231367,21,4,92,8,100,2,32,0,0,0,Still_image_720p_25fps_10s
1638,1,p4x4,2,0.4771290174931774,0,9,1,-5,26.07578393076734,-6:6,spatial,1,476,4,tesa,29,0,1,none,0,baseline,0.4329007304231367,21,5,92,10,80,0,32,0,0,0,Still_image_720p_25fps_10s
1514,1,p4x4,3,1.2767584299655177,2,7,1,-5,40.323908075426026,4:-4,spatial,1,450,4,dia,29,0,0,none,1,baseline,0.0663849535012377,49,15,239,13,48,11,64,1,0,2,Still_image_720p_25fps_10s
2002,1,p4x4,3,1.2767584299655177,1,7,1,-5,40.323908075426026,4:-4,none,1,450,4,dia,45,0,0,none,1,baseline,0.210668167591233,49,15,239,13,48,11,64,1,0,2,Still_image_720p_25fps_10s
2002,1,p4x4,2,0.4771290174931774,1,9,1,-5,40.323908075426026,-6:6,auto,1,450,3,dia,15,0,0,vbr,0,baseline,0.6493532546000097,35,3,141,7,40,5,52,1,0,0,Still_image_720p_25fps_10s
2002,1,p4x4,3,0.6157864219350295,2,2,1,-11,38.687654164818326,-2:2,auto,1,435,3,umh,15,0,0,vbr,0,baseline,0.6493532546000097,35,3,141,7,40,11,10,1,0,2,Still_image_720p_25fps_10s
721,1,none,2,1.8245416022471044,0,9,0,-5,40.323908075426026,4:-4,spatial,1,450,4,dia,29,0,0,none,0,baseline,0.0663849535012377,49,15,239,13,48,4,64,1,0,2,Still_image_720p_25fps_10s
721,1,none,2,1.8245416022471044,0,9,0,-5,40.323908075426026,4:-4,spatial,1,194,4,dia,29,0,0,none,0,baseline,0.0663849535012377,49,15,239,13,32,0,2,0,1,0,Still_image_720p_25fps_10s
1638,1,p4x4,3,0.6157864219350295,1,2,0,-11,38.687654164818326,-2:2,none,1,435,3,dia,40,0,0,vbr,1,main,0.7214316074693485,48,8,46,12,82,4,3,1,0,2,Still_image_720p_25fps_10s
1320,1,p4x4,3,0.6157864219350295,1,12,0,8,38.687654164818326,2:-2,spatial,1,435,3,dia,15,1,0,cbr,1,main,0.7214316074693485,25,3,141,7,40,5,63,1,0,2,Still_image_720p_25fps_10s
2002,1,p4x4,2,0.4771290174931774,1,9,1,-5,40.323908075426026,-6:6,spatial,1,450,4,dia,42,0,1,vbr,1,main,0.6017070528227066,37,14,143,6,87,8,0,1,0,1,Still_image_720p_25fps_10s
1320,1,p4x4,2,1.8245416022471044,0,9,0,-5,40.323908075426026,4:-4,auto,1,85,4,dia,29,0,1,none,0,baseline,0.0663849535012377,29,15,239,13,48,0,64,2,0,2,Standard_720p_30fps_10s
1320,1,p4x4,2,1.8245416022471044,2,9,0,-5,40.323908075426026,3:-3,auto,1,378,4,dia,29,0,1,none,1,baseline,0.0663849535012377,29,15,239,13,48,0,64,2,0,2,Standard_720p_30fps_10s
1638,1,p4x4,2,1.8245416022471044,0,9,0,-5,40.323908075426026,4:-4,auto,1,85,2,dia,29,0,1,none,0,baseline,0.0663849535012377,29,15,127,13,48,0,64,2,0,2,Standard_720p_30fps_10s
1320,1,p8x8,2,1.8245416022471044,2,9,0,-5,40.323908075426026,3:3,auto,1,85,4,dia,15,0,1,none,0,baseline,0.0663849535012377,29,15,239,13,48,0,64,2,0,2,Standard_720p_30fps_10s
1638,0,p4x4,3,0.6157864219350295,1,2,0,-11,38.687654164818326,-2:2,none,1,450,4,dia,42,0,1,none,1,baseline,0.6493532546000097,47,3,207,13,80,0,2,2,1,1,Standard_720p_30fps_10s
1320,1,p4x4,2,1.8245416022471044,0,2,0,-11,38.687654164818326,-2:2,spatial,1,435,3,dia,15,0,1,vbr,1,high,0.7214316074693485,41,4,92,2,80,0,2,2,0,1,Standard_720p_30fps_10s
1320,1,p4x4,2,0.8656640353528438,0,2,0,3,38.687654164818326,-2:2,spatial,1,435,3,dia,15,0,1,vbr,1,high,0.7214316074693485,41,20,92,13,80,0,2,2,0,2,Standard_720p_30fps_10s
1320,1,"p8x8,b8x8,i8x8,i4x4",2,1.8245416022471044,0,2,0,-11,38.687654164818326,-2:2,spatial,0,435,3,dia,15,0,1,vbr,1,high,0.7214316074693485,41,3,92,2,80,0,2,2,0,2,Standard_720p_30fps_10s
2042,1,none,3,0.3962797854865518,0,15,1,-5,40.323908075426026,-6:6,spatial,1,450,4,dia,29,0,1,none,1,baseline,0.5761954704760283,49,15,119,13,48,11,64,1,0,2,Standard_720p_30fps_10s
1638,1,p4x4,3,0.6157864219350295,1,2,0,-11,38.687654164818326,-2:2,none,1,435,3,dia,15,0,0,vbr,1,main,0.7214316074693485,48,4,92,2,80,0,2,0,0,0,Standard_720p_30fps_10s
2042,1,p4x4,3,0.6157864219350295,1,7,0,-11,38.687654164818326,-2:2,none,1,27,3,dia,15,0,0,vbr,1,main,0.7214316074693485,48,4,92,2,80,0,2,0,0,0,Standard_720p_30fps_10s
1638,1,p4x4,3,1.842050410128074,1,2,0,-11,38.687654164818326,-2:2,none,1,435,3,dia,15,0,0,none,1,main,0.7214316074693485,48,4,92,2,80,0,2,0,0,2,Standard_720p_30fps_10s
1638,1,p4x4,3,0.6157864219350295,1,5,0,-11,38.687654164818326,-2:2,spatial,1,435,3,dia,15,0,0,vbr,1,main,0.1344547559381126,48,4,92,2,80,0,2,0,0,1,Standard_720p_30fps_10s
1356,1,p4x4,3,0.6157864219350295,1,2,0,-11,38.687654164818326,-2:2,none,1,435,4,umh,15,0,0,vbr,1,main,0.7214316074693485,48,4,92,2,80,0,21,0,0,1,Standard_720p_30fps_10s
1638,1,p4x4,3,1.842050410128074,2,2,0,-11,38.687654164818326,-2:2,none,1,435,3,dia,15,0,0,none,1,main,0.7214316074693485,48,4,92,2,80,0,2,0,0,2,Standard_720p_30fps_10s
1638,1,p4x4,3,1.842050410128074,1,2,0,-11,38.687654164818326,-2:2,none,1,435,3,dia,15,0,0,none,1,main,0.7214316074693485,48,4,92,2,80,9,2,0,0,2,Standard_720p_30fps_10s
1514,1,p4x4,3,1.2767584299655177,2,7,1,-5,40.323908075426026,4:-4,spatial,1,450,4,dia,29,0,0,none,1,baseline,0.0663849535012377,49,15,239,13,48,11,64,1,0,2,Standard_720p_30fps_10s
2002,1,p4x4,2,0.4771290174931774,0,15,1,-5,40.323908075426026,-6:6,spatial,1,450,4,dia,29,0,0,none,1,baseline,0.5761954704760283,49,15,119,13,48,11,64,1,0,2,Standard_720p_30fps_10s
721,1,none,2,1.8245416022471044,0,9,0,-5,40.323908075426026,4:-4,spatial,1,450,4,dia,29,0,0,none,0,baseline,0.0663849535012377,49,15,239,13,48,4,64,1,0,2,Standard_720p_30fps_10s
2042,1,p4x4,2,0.4771290174931774,0,9,1,4,40.323908075426026,-3:3,spatial,1,435,3,umh,20,0,1,vbr,1,main,0.7214316074693485,48,4,249,2,80,0,2,0,0,1,Standard_720p_30fps_10s
1320,1,none,2,1.8245416022471044,0,15,0,-11,38.687654164818326,-2:2,temporal,1,85,4,dia,54,1,0,none,0,baseline,0.0663849535012377,34,15,239,13,48,0,64,2,0,2,Standard_1080p_30fps_5s
1320,1,p4x4,2,1.8245416022471044,0,9,0,-5,40.323908075426026,4:-4,auto,1,85,4,dia,29,0,1,none,0,baseline,0.0663849535012377,29,15,239,13,48,0,64,2,0,2,Standard_1080p_30fps_5s
1320,1,p8x8,2,1.8245416022471044,2,9,0,-5,40.323908075426026,3:3,auto,1,85,4,dia,15,0,1,none,0,baseline,0.0663849535012377,29,15,239,13,48,0,64,2,0,2,Standard_1080p_30fps_5s
1638,1,p4x4,2,1.8245416022471044,0,9,0,-5,40.323908075426026,4:-4,auto,1,85,2,dia,29,0,1,none,0,baseline,0.0663849535012377,29,15,127,13,48,0,64,2,0,2,Standard_1080p_30fps_5s
1320,1,p4x4,2,1.8245416022471044,2,9,0,-5,40.323908075426026,3:-3,auto,1,378,4,dia,29,0,1,none,1,baseline,0.0663849535012377,29,15,239,13,48,0,64,2,0,2,Standard_1080p_30fps_5s
1320,1,p8x8,2,1.8245416022471044,2,9,0,-5,40.323908075426026,3:3,auto,1,85,4,dia,15,0,1,none,0,baseline,0.0663849535012377,29,15,92,2,80,0,20,1,0,0,Standard_1080p_30fps_5s
1320,1,p4x4,2,1.8245416022471044,1,9,0,-5,40.323908075426026,4:-4,auto,1,85,4,dia,29,0,1,none,0,baseline,0.0663849535012377,29,15,239,13,48,0,64,2,0,2,Standard_1080p_30fps_5s
1320,1,none,2,1.8245416022471044,0,11,0,-11,38.687654164818326,-2:2,temporal,1,85,4,dia,54,0,1,none,0,baseline,0.0663849535012377,29,15,92,2,80,0,20,1,0,0,Standard_1080p_30fps_5s
1638,1,p4x4,2,1.8245416022471044,0,9,1,-5,40.323908075426026,4:-4,auto,1,85,4,dia,29,0,1,none,0,baseline,0.0663849535012377,29,15,239,13,48,0,64,2,0,2,Standard_1080p_30fps_5s
1638,1,p4x4,2,1.8245416022471044,0,9,0,-5,40.323908075426026,4:-4,auto,1,85,2,dia,29,0,1,none,0,baseline,0.0663849535012377,29,15,127,2,48,0,40,2,0,1,Standard_1080p_30fps_5s
1320,1,p4x4,2,1.8245416022471044,1,9,0,7,40.323908075426026,4:-4,auto,1,85,4,dia,29,0,1,none,1,baseline,0.5094645340738965,29,15,239,13,51,0,64,1,1,0,Standard_1080p_30fps_5s
1320,1,p4x4,2,1.8245416022471044,0,2,0,-11,38.687654164818326,-2:2,spatial,1,435,3,dia,15,0,1,vbr,1,high,0.7214316074693485,41,4,92,2,80,0,2,2,0,1,Standard_1080p_30fps_5s
1320,1,"p8x8,b8x8,i8x8,i4x4",2,1.8245416022471044,0,2,0,-11,38.687654164818326,-2:2,spatial,0,435,3,dia,15,0,1,vbr,1,high,0.7214316074693485,41,3,92,2,80,0,2,2,0,2,Standard_1080p_30fps_5s
1320,1,p4x4,2,0.8656640353528438,0,2,0,3,38.687654164818326,-2:2,spatial,1,435,3,dia,15,0,1,vbr,1,high,0.7214316074693485,41,20,92,13,80,0,2,2,0,2,Standard_1080p_30fps_5s
1320,1,"p8x8,b8x8,i8x8,i4x4",2,1.8245416022471044,0,2,0,-11,38.687654164818326,1:1,spatial,1,435,3,dia,15,0,1,none,1,high,0.7214316074693485,41,5,92,13,80,0,2,2,0,2,Standard_1080p_30fps_5s
1320,1,p4x4,2,0.8656640353528438,0,2,0,-7,38.687654164818326,-3:3,spatial,1,435,3,dia,15,0,1,vbr,1,high,0.7214316074693485,41,3,92,2,80,0,2,2,0,2,Standard_1080p_30fps_5s
1320,1,p4x4,2,1.8245416022471044,0,2,0,-11,38.687654164818326,-2:2,spatial,1,435,3,dia,15,0,1,vbr,1,high,0.7214316074693485,47,3,207,13,80,0,40,2,0,1,Standard_1080p_30fps_5s
2045,1,p4x4,2,1.1063767469630867,0,2,0,3,38.687654164818326,-2:2,spatial,1,435,3,dia,15,0,1,vbr,1,high,0.7214316074693485,41,20,239,13,48,0,64,2,0,2,Standard_1080p_30fps_5s
2123,1,"p8x8,b8x8,i8x8,i4x4",3,1.8245416022471044,0,2,0,-11,38.687654164818326,-2:2,spatial,1,435,3,dia,15,0,1,none,1,high,0.7214316074693485,41,3,171,2,80,0,2,2,0,1,Standard_1080p_30fps_5s
1320,1,"p8x8,b8x8,i8x8,i4x4",2,1.8245416022471044,0,2,0,-11,38.687654164818326,-2:2,spatial,1,435,3,dia,15,0,1,vbr,1,high,0.7214316074693485,41,4,92,2,39,0,2,2,0,1,Standard_1080p_30fps_5s
1320,1,none,2,1.8245416022471044,0,15,0,-11,38.687654164818326,-2:2,temporal,1,85,4,dia,54,1,0,none,0,baseline,0.0663849535012377,34,15,239,13,48,0,64,2,0,2,Standard_480p_60fps_20s
1638,0,p4x4,3,0.6157864219350295,1,2,0,-11,38.687654164818326,-2:2,none,1,450,4,dia,42,0,1,none,1,baseline,0.6493532546000097,47,3,207,13,80,0,2,2,1,1,Standard_480p_60fps_20s
654,0,p4x4,3,1.878273939240144,1,6,0,-11,38.687654164818326,0:0,none,1,450,4,dia,42,0,1,none,1,baseline,0.0663849535012377,29,15,239,13,48,0,64,2,0,1,Standard_480p_60fps_20s
654,0,p4x4,2,1.878273939240144,1,6,0,-11,38.687654164818326,0:0,none,1,450,4,dia,4,0,1,none,1,baseline,0.0663849535012377,20,15,176,13,48,0,64,2,0,1,Standard_480p_60fps_20s
1320,1,p4x4,3,1.878273939240144,1,6,0,-11,38.687654164818326,0:0,none,1,462,4,dia,42,0,1,none,1,baseline,0.0663849535012377,29,15,239,13,48,0,64,2,0,1,Standard_480p_60fps_20s
1320,1,p4x4,2,0.8656640353528438,0,2,0,3,38.687654164818326,-2:2,spatial,1,435,3,dia,15,0,1,vbr,1,high,0.7214316074693485,41,20,92,13,80,0,2,2,0,2,Standard_480p_60fps_20s
1320,1,"p8x8,b8x8,i8x8,i4x4",2,1.8245416022471044,0,2,0,-11,38.687654164818326,-2:2,spatial,0,435,3,dia,15,0,1,vbr,1,high,0.7214316074693485,41,3,92,2,80,0,2,2,0,2,Standard_480p_60fps_20s
1320,1,p4x4,2,1.8245416022471044,0,2,0,-11,38.687654164818326,-2:2,spatial,1,435,3,dia,15,0,1,vbr,1,high,0.7214316074693485,41,4,92,2,80,0,2,2,0,1,Standard_480p_60fps_20s
1320,1,"p8x8,b8x8,i8x8,i4x4",2,1.8245416022471044,0,2,0,-11,38.687654164818326,-2:2,spatial,0,435,3,dia,15,0,1,vbr,1,high,0.7214316074693485,41,3,195,2,6,0,2,2,0,2,Standard_480p_60fps_20s
1320,1,p4x4,2,0.8656640353528438,0,2,0,3,38.687654164818326,5:5,spatial,1,435,3,dia,15,1,1,vbr,1,high,0.5878926163898945,41,20,92,13,80,0,2,2,0,2,Standard_480p_60fps_20s
1320,1,p4x4,2,1.5567877323457606,0,2,0,-11,38.687654164818326,2:2,spatial,1,282,3,dia,15,0,1,vbr,1,high,0.7214316074693485,41,4,92,8,91,0,31,2,0,2,Standard_480p_60fps_20s
1320,1,p4x4,2,1.8245416022471044,0,9,0,-5,40.323908075426026,4:-4,auto,1,85,4,dia,29,0,1,none,0,baseline,0.0663849535012377,29,15,239,13,48,0,64,2,0,2,Standard_480p_60fps_20s
1320,1,p8x8,2,1.8245416022471044,2,9,0,-5,40.323908075426026,3:3,auto,1,85,4,dia,15,0,1,none,0,baseline,0.0663849535012377,29,15,239,13,48,0,64,2,0,2,Standard_480p_60fps_20s
1638,1,p4x4,2,1.8245416022471044,0,9,0,-5,40.323908075426026,4:-4,auto,1,85,2,dia,29,0,1,none,0,baseline,0.0663849535012377,29,15,127,13,48,0,64,2,0,2,Standard_480p_60fps_20s
1320,1,p4x4,2,1.8245416022471044,2,9,0,-5,40.323908075426026,3:-3,auto,1,378,4,dia,29,0,1,none,1,baseline,0.0663849535012377,29,15,239,13,48,0,64,2,0,2,Standard_480p_60fps_20s
1638,1,p4x4,2,1.8245416022471044,0,9,0,-5,40.323908075426026,4:-4,auto,1,85,2,dia,29,0,1,none,0,baseline,0.0663849535012377,29,15,127,2,48,0,40,2,0,1,Standard_480p_60fps_20s
1638,1,p4x4,2,1.8245416022471044,0,9,1,-5,40.323908075426026,4:-4,auto,1,85,4,dia,29,0,1,none,0,baseline,0.0663849535012377,29,15,239,13,48,0,64,2,0,2,Standard_480p_60fps_20s
1320,1,p4x4,2,1.8245416022471044,1,9,0,-5,40.323908075426026,4:-4,auto,1,85,4,dia,29,0,1,none,0,baseline,0.0663849535012377,29,15,239,13,48,0,64,2,0,2,Standard_480p_60fps_20s
1320,1,none,2,1.8245416022471044,0,11,0,-11,38.687654164818326,-2:2,temporal,1,85,4,dia,54,0,1,none,0,baseline,0.0663849535012377,29,15,92,2,80,0,20,1,0,0,Standard_480p_60fps_20s
1320,1,p8x8,2,1.8245416022471044,2,9,0,-5,40.323908075426026,3:3,auto,1,85,4,dia,15,0,1,none,0,baseline,0.0663849535012377,29,15,92,2,80,0,20,1,0,0,Standard_480p_60fps_20s
1320,1,p4x4,2,1.8245416022471044,0,2,0,-11,38.687654164818326,5:-5,spatial,0,435,3,dia,15,0,1,none,1,high,0.7214316074693485,35,3,195,2,6,0,51,2,0,2,Big_480p_60fps_15s
1320,1,p4x4,2,1.8245416022471044,0,2,0,-11,38.687654164818326,5:-5,spatial,0,74,4,dia,15,0,1,none,1,high,0.7214316074693485,41,4,92,2,80,0,2,2,0,1,Big_480p_60fps_15s
1320,1,"p8x8,b8x8,i8x8,i4x4",2,1.8245416022471044,0,2,1,2,38.687654164818326,-2:2,spatial,0,435,3,dia,63,0,1,none,1,high,0.7214316074693485,35,3,195,2,4,0,51,2,0,2,Big_480p_60fps_15s
1320,1,p4x4,2,1.8245416022471044,0,2,1,-11,38.687654164818326,5:-5,spatial,0,435,3,dia,15,0,1,none,1,high,0.0796344057295156,35,3,239,13,48,0,64,2,0,2,Big_480p_60fps_15s
1320,1,"p8x8,b8x8,i8x8,i4x4",3,1.8245416022471044,0,2,1,2,38.687654164818326,-2:2,spatial,0,435,3,dia,63,0,1,none,1,high,0.7214316074693485,35,3,195,2,3,0,51,2,0,2,Big_480p_60fps_15s
1320,1,p4x4,2,1.8245416022471044,0,2,0,-11,38.687654164818326,5:-5,spatial,0,457,3,dia,15,0,1,none,1,high,0.7214316074693485,35,3,195,2,6,0,51,2,0,2,Big_480p_60fps_15s
1320,1,none,2,1.8245416022471044,0,15,0,-11,38.687654164818326,-2:2,temporal,1,85,4,dia,54,1,0,none,0,baseline,0.0663849535012377,34,15,239,13,48,0,64,2,0,2,Big_480p_60fps_15s
1320,0,none,2,1.8245416022471044,0,11,0,-11,38.687654164818326,-2:2,temporal,1,85,4,dia,54,0,0,none,0,baseline,0.0663849535012377,29,15,92,2,80,0,64,2,0,2,Big_480p_60fps_15s
1320,1,p4x4,2,0.8656640353528438,0,2,0,3,38.687654164818326,-2:2,spatial,1,435,3,dia,15,0,1,vbr,1,high,0.7214316074693485,41,20,92,13,80,0,2,2,0,2,Big_480p_60fps_15s
1320,1,"p8x8,b8x8,i8x8,i4x4",2,1.8245416022471044,0,2,0,-11,38.687654164818326,-2:2,spatial,0,435,3,dia,15,0,1,vbr,1,high,0.7214316074693485,41,3,92,2,80,0,2,2,0,2,Big_480p_60fps_15s
1320,1,p4x4,2,1.8245416022471044,0,2,0,-11,38.687654164818326,-2:2,spatial,1,435,3,dia,15,0,1,vbr,1,high,0.7214316074693485,41,4,92,2,80,0,2,2,0,1,Big_480p_60fps_15s
1320,1,"p8x8,b8x8,i8x8,i4x4",2,1.8245416022471044,0,2,0,-11,38.687654164818326,-2:2,spatial,0,435,3,dia,15,0,1,vbr,1,high,0.7214316074693485,41,3,195,2,6,0,2,2,0,2,Big_480p_60fps_15s
1320,1,p4x4,2,0.8656640353528438,0,2,0,3,38.687654164818326,5:5,spatial,1,435,3,dia,15,1,1,vbr,1,high,0.5878926163898945,41,20,92,13,80,0,2,2,0,2,Big_480p_60fps_15s
1320,1,none,2,0.7623991167746189,0,2,0,3,38.687654164818326,5:5,spatial,1,435,3,dia,15,1,1,vbr,1,high,0.5878926163898945,41,20,92,13,80,0,2,2,0,2,Big_480p_60fps_15s
910,1,p4x4,2,1.8245416022471044,2,9,0,-11,40.323908075426026,3:-3,spatial,1,450,3,dia,15,0,1,vbr,1,high,0.5878926163898945,41,20,92,13,80,0,32,2,1,2,Big_480p_60fps_15s
1320,1,"p8x8,b8x8,i8x8,i4x4",2,0.8656640353528438,0,2,0,3,38.687654164818326,5:5,spatial,1,435,3,dia,15,1,1,vbr,1,high,0.5878926163898945,41,20,207,13,80,0,2,2,0,2,Big_480p_60fps_15s
1320,1,"p8x8,b8x8,i8x8,i4x4",2,1.8245416022471044,1,2,0,-11,38.3251989937866,2:2,spatial,0,435,3,dia,15,0,1,vbr,1,high,0.7214316074693485,41,15,239,13,48,0,64,2,0,1,Big_480p_60fps_15s
1320,1,p4x4,2,0.8656640353528438,0,2,1,11,42.48878385415798,5:5,spatial,1,435,3,dia,64,1,1,vbr,1,high,0.5878926163898945,45,20,92,13,80,0,2,2,0,2,Big_480p_60fps_15s
1320,1,p4x4,2,0.8656640353528438,0,2,1,3,38.687654164818326,-2:2,spatial,1,435,3,dia,15,0,1,vbr,1,high,0.7214316074693485,41,13,92,13,80,0,2,1,0,1,Big_480p_60fps_15s
1320,1,p4x4,2,1.8245416022471044,0,9,0,-5,40.323908075426026,4:-4,auto,1,85,4,dia,29,0,1,none,0,baseline,0.0663849535012377,29,15,239,13,48,0,64,2,0,2,Big_480p_60fps_15s
1320,1,p4x4,2,1.8245416022471044,0,2,0,-11,38.687654164818326,5:-5,spatial,0,435,3,esa,15,1,1,none,1,high,0.7214316074693485,48,3,195,2,6,0,51,2,0,2,Standard_1080p_60fps_15s
1320,1,p4x4,2,1.8245416022471044,0,7,0,-11,38.687654164818326,5:-5,spatial,0,435,3,esa,15,1,1,none,1,high,0.7214316074693485,48,3,195,2,6,0,51,2,0,2,Standard_1080p_60fps_15s
1320,1,p4x4,2,1.8245416022471044,0,2,0,-11,38.687654164818326,5:-5,spatial,0,74,4,dia,15,0,1,none,1,high,0.7214316074693485,41,4,92,2,80,0,2,2,0,1,Standard_1080p_60fps_15s
1320,1,p4x4,2,1.8245416022471044,0,2,0,-11,38.687654164818326,5:-5,spatial,0,435,3,dia,15,0,1,none,1,high,0.7214316074693485,35,3,195,2,6,0,51,2,0,2,Standard_1080p_60fps_15s
1320,1,p4x4,2,1.8245416022471044,0,2,1,-11,38.687654164818326,5:-5,spatial,0,435,3,dia,15,0,1,none,1,high,0.0796344057295156,35,3,239,13,48,0,64,2,0,2,Standard_1080p_60fps_15s
1320,1,p4x4,2,1.8245416022471044,0,2,0,-11,38.687654164818326,5:-5,spatial,0,457,3,dia,15,0,1,none,1,high,0.7214316074693485,35,3,195,2,6,0,51,2,0,2,Standard_1080p_60fps_15s
1320,1,"p8x8,b8x8,i8x8,i4x4",3,1.8245416022471044,0,2,1,2,38.687654164818326,-2:2,spatial,0,435,3,dia,63,0,1,none,1,high,0.7214316074693485,35,3,195,2,3,0,51,2,0,2,Standard_1080p_60fps_15s
1320,1,"p8x8,b8x8,i8x8,i4x4",2,1.8245416022471044,0,2,1,2,38.687654164818326,-2:2,spatial,0,435,3,dia,63,0,1,none,1,high,0.7214316074693485,35,3,195,2,4,0,51,2,0,2,Standard_1080p_60fps_15s
1320,1,p4x4,2,1.8245416022471044,0,2,1,-11,38.687654164818326,5:-5,spatial,0,435,3,dia,8,0,1,none,1,high,0.0796344057295156,29,15,92,2,80,0,64,2,0,2,Standard_1080p_60fps_15s
1320,1,p4x4,2,1.8245416022471044,1,2,0,-11,38.687654164818326,5:-5,spatial,0,435,3,esa,15,0,1,none,1,high,0.7214316074693485,35,3,195,2,6,0,51,2,0,2,Standard_1080p_60fps_15s
2042,1,p4x4,2,1.8245416022471044,0,2,1,-11,38.687654164818326,5:-5,spatial,0,435,3,tesa,8,0,1,none,1,high,0.0796344057295156,29,15,92,7,80,0,59,2,0,2,Standard_1080p_60fps_15s
2140,1,p4x4,2,1.8245416022471044,0,2,1,-11,38.687654164818326,5:-5,spatial,0,435,3,dia,15,0,1,none,0,high,0.0796344057295156,37,3,239,13,48,0,64,0,0,2,Standard_1080p_60fps_15s
1320,1,"p8x8,b8x8,i8x8,i4x4",2,1.183465949375138,0,2,1,2,38.687654164818326,-2:2,spatial,0,435,3,dia,63,0,1,none,1,high,0.7214316074693485,35,5,195,2,4,0,51,2,0,2,Standard_1080p_60fps_15s
1320,1,p4x4,2,1.8245416022471044,0,2,0,-11,38.687654164818326,4:-4,spatial,0,435,3,dia,15,0,1,none,1,high,0.7214316074693485,35,5,83,2,4,0,51,2,0,2,Standard_1080p_60fps_15s
1320,0,"p8x8,b8x8,i8x8,i4x4",2,1.8245416022471044,0,5,1,0,38.687654164818326,-2:2,spatial,0,410,3,dia,29,0,1,none,1,high,0.9281630054597212,35,3,195,2,4,0,51,2,0,1,Standard_1080p_60fps_15s
1320,1,p4x4,2,1.8245416022471044,0,2,0,-11,38.687654164818326,5:-5,spatial,0,74,4,dia,15,0,0,none,1,baseline,0.0663849535012377,29,17,92,2,80,0,51,2,0,2,Standard_1080p_60fps_15s
1320,1,"p8x8,b8x8,i8x8,i4x4",3,1.8245416022471044,0,2,1,2,38.687654164818326,-2:2,none,0,435,3,dia,63,0,1,none,1,high,0.7214316074693485,35,3,195,2,3,0,51,1,0,2,Standard_1080p_60fps_15s
1320,1,p4x4,2,1.8245416022471044,0,2,1,-11,38.687654164818326,5:-5,spatial,0,435,3,dia,8,0,1,none,1,baseline,0.0796344057295156,29,13,92,2,80,0,53,2,0,2,Standard_1080p_60fps_15s
1320,1,none,2,1.8245416022471044,0,15,0,-11,38.687654164818326,-2:2,temporal,1,85,4,dia,54,1,0,none,0,baseline,0.0663849535012377,34,15,239,13,48,0,64,2,0,2,Standard_1080p_60fps_15s
1320,0,none,2,1.8245416022471044,0,11,0,-11,38.687654164818326,-2:2,temporal,1,85,4,dia,54,0,0,none,0,baseline,0.0663849535012377,29,15,92,2,80,0,64,2,0,2,Standard_1080p_60fps_15s
1320,1,p4x4,2,1.8245416022471044,0,7,0,-11,38.687654164818326,5:-5,spatial,0,435,3,esa,15,1,1,none,1,high,0.7214316074693485,48,3,195,2,6,0,51,2,0,2,Still_image_480p_25fps_15s
1320,1,p4x4,2,1.8245416022471044,0,2,0,-11,38.687654164818326,5:-5,spatial,0,435,3,esa,15,1,1,none,1,high,0.7214316074693485,48,3,195,2,6,0,51,2,0,2,Still_image_480p_25fps_15s
1320,1,p4x4,2,1.8245416022471044,0,2,0,-11,38.687654164818326,5:-5,spatial,0,435,3,esa,14,1,1,none,1,high,0.7214316074693485,48,3,195,2,6,0,51,2,0,2,Still_image_480p_25fps_15s
435,1,p4x4,2,1.8245416022471044,0,2,0,-11,38.687654164818326,5:-5,spatial,0,435,3,tesa,14,1,1,none,1,high,0.7214316074693485,48,3,195,2,76,0,51,0,0,1,Still_image_480p_25fps_15s
1320,1,p4x4,2,1.819922213644557,0,2,0,-11,38.687654164818326,5:-5,spatial,0,74,4,dia,15,1,1,none,1,high,0.7214316074693485,41,4,92,2,80,0,2,2,1,1,Still_image_480p_25fps_15s
1320,1,p4x4,2,1.8245416022471044,0,2,1,-11,38.687654164818326,5:-5,spatial,0,435,3,dia,15,0,1,none,1,high,0.0796344057295156,35,3,239,13,48,0,64,2,0,2,Still_image_480p_25fps_15s
1320,1,p4x4,2,1.8245416022471044,0,2,0,-11,38.687654164818326,5:-5,spatial,0,435,3,dia,15,0,1,none,1,high,0.7214316074693485,35,3,195,2,6,0,51,2,0,2,Still_image_480p_25fps_15s
1320,1,p4x4,2,1.8245416022471044,0,2,0,-11,38.687654164818326,5:-5,spatial,0,457,3,dia,15,0,1,none,1,high,0.7214316074693485,35,3,195,2,6,0,51,2,0,2,Still_image_480p_25fps_15s
1320,1,p4x4,2,1.8245416022471044,0,2,0,-11,38.687654164818326,5:-5,spatial,0,74,4,dia,15,0,1,none,1,high,0.7214316074693485,41,4,92,2,80,0,2,2,0,1,Still_image_480p_25fps_15s
1320,1,"p8x8,b8x8,i8x8,i4x4",2,1.8245416022471044,0,2,1,2,38.687654164818326,-2:2,spatial,0,435,3,dia,63,0,1,none,1,high,0.7214316074693485,35,3,195,2,4,0,51,2,0,2,Still_image_480p_25fps_15s
1320,1,"p8x8,b8x8,i8x8,i4x4",3,1.8245416022471044,0,2,1,2,38.687654164818326,-2:2,spatial,0,435,3,dia,63,0,1,none,1,high,0.7214316074693485,35,3,195,2,3,0,51,2,0,2,Still_image_480p_25fps_15s
1320,1,p4x4,2,1.8245416022471044,1,2,0,-11,38.687654164818326,5:-5,spatial,0,435,3,esa,15,0,1,none,1,high,0.7214316074693485,35,3,195,2,6,0,51,2,0,2,Still_image_480p_25fps_15s
1320,1,p4x4,2,1.8245416022471044,0,2,1,-11,38.687654164818326,5:-5,spatial,0,435,3,dia,8,0,1,none,1,high,0.0796344057295156,29,15,92,2,80,0,64,2,0,2,Still_image_480p_25fps_15s
543,1,"p8x8,b8x8,i8x8,i4x4",2,1.8245416022471044,0,2,1,2,38.687654164818326,-2:2,spatial,0,435,3,dia,63,0,1,none,1,high,0.5039932182427884,35,3,195,2,4,0,51,2,0,0,Still_image_480p_25fps_15s
1320,1,p4x4,2,1.8245416022471044,0,2,0,-11,38.687654164818326,5:-5,spatial,0,74,4,dia,15,0,1,none,1,high,0.7214316074693485,41,4,92,2,80,0,2,2,0,2,Still_image_480p_25fps_15s
1320,1,p4x4,2,1.8245416022471044,0,2,0,-11,48.10770196709472,1:-1,spatial,0,74,0,dia,15,0,1,none,1,high,0.0663849535012377,29,15,239,3,48,0,64,2,1,2,Still_image_480p_25fps_15s
1320,1,p4x4,2,1.8245416022471044,0,2,0,-11,38.687654164818326,5:-5,spatial,0,435,3,hex,15,0,1,none,1,baseline,0.7214316074693485,48,3,195,2,6,0,51,2,0,2,Still_image_480p_25fps_15s
1320,1,p4x4,2,1.2422425369473888,0,2,1,-11,38.687654164818326,5:-5,spatial,0,457,3,dia,51,0,1,none,1,high,0.7214316074693485,35,3,195,2,6,0,24,0,0,2,Still_image_480p_25fps_15s
1320,1,p4x4,2,1.7633768958285674,1,2,0,-11,38.687654164818326,5:-5,spatial,0,435,3,tesa,15,1,1,none,1,high,0.1779546679981341,48,3,195,2,6,0,51,2,0,1,Still_image_480p_25fps_15s
1320,1,p4x4,2,1.8245416022471044,0,2,0,-11,38.687654164818326,5:-5,spatial,0,435,3,tesa,15,0,1,cbr,1,high,0.7214316074693485,35,3,195,2,60,0,51,2,0,2,Still_image_480p_25fps_15s
1638,0,p4x4,3,0.6157864219350295,1,2,0,-11,38.687654164818326,-2:2,none,1,450,4,dia,42,0,1,none,1,baseline,0.6493532546000097,47,3,207,13,80,0,2,2,1,1,Big_480p_25fps_20s
1320,1,p4x4,2,1.8245416022471044,0,2,0,-11,38.687654164818326,5:-5,spatial,0,74,4,dia,15,0,1,none,1,high,0.7214316074693485,41,15,92,12,80,0,2,2,0,1,Big_480p_25fps_20s
1320,1,p4x4,2,1.8245416022471044,0,2,0,-11,38.687654164818326,5:-5,spatial,0,74,4,dia,15,0,1,none,1,high,0.7214316074693485,41,4,92,2,80,0,2,2,0,1,Big_480p_25fps_20s
1320,1,p4x4,2,1.8245416022471044,0,2,0,-11,38.687654164818326,5:-5,spatial,0,457,3,dia,15,0,1,none,1,high,0.7214316074693485,35,3,195,2,6,0,51,2,0,2,Big_480p_25fps_20s
1320,1,"p8x8,b8x8,i8x8,i4x4",2,1.8245416022471044,0,2,1,2,38.687654164818326,-2:2,spatial,0,435,3,dia,63,0,1,none,1,high,0.7214316074693485,35,3,195,2,4,0,51,2,0,2,Big_480p_25fps_20s
1320,1,p4x4,2,1.8245416022471044,0,2,1,-11,38.687654164818326,5:-5,spatial,0,435,3,dia,15,0,1,none,1,high,0.0796344057295156,35,3,239,13,48,0,64,2,0,2,Big_480p_25fps_20s
1320,1,p4x4,2,1.8245416022471044,0,2,0,-11,38.687654164818326,5:-5,spatial,0,435,3,dia,15,0,1,none,1,high,0.7214316074693485,35,3,195,2,6,0,51,2,0,2,Big_480p_25fps_20s
1320,1,"p8x8,b8x8,i8x8,i4x4",3,1.8245416022471044,0,2,1,2,38.687654164818326,-2:2,spatial,0,435,3,dia,63,0,1,none,1,high,0.7214316074693485,35,3,195,2,3,0,51,2,0,2,Big_480p_25fps_20s
1320,1,p4x4,2,1.8245416022471044,1,2,0,-11,38.687654164818326,5:-5,spatial,0,435,3,esa,15,0,1,none,1,high,0.7214316074693485,35,3,195,2,6,0,51,2,0,2,Big_480p_25fps_20s
1320,1,p4x4,2,1.8245416022471044,0,2,1,-11,38.687654164818326,5:-5,spatial,0,435,3,dia,8,0,1,none,1,high,0.0796344057295156,29,15,92,2,80,0,64,2,0,2,Big_480p_25fps_20s
1467,1,"p8x8,b8x8,i8x8,i4x4",3,1.8245416022471044,0,2,1,2,38.687654164818326,-2:2,spatial,0,435,3,esa,63,0,1,none,1,high,0.7214316074693485,35,18,195,2,3,0,51,2,1,2,Big_480p_25fps_20s
1320,1,"p8x8,b8x8,i8x8,i4x4",3,1.8245416022471044,0,2,1,2,38.687654164818326,-2:2,spatial,0,435,3,dia,63,0,1,none,1,baseline,0.7214316074693485,23,3,195,2,4,0,51,2,0,2,Big_480p_25fps_20s
1320,1,p4x4,2,1.8245416022471044,0,2,1,-11,38.687654164818326,5:-5,spatial,0,391,0,dia,15,0,0,none,1,high,0.7214316074693485,35,3,174,2,6,0,51,2,0,2,Big_480p_25fps_20s
1522,1,p4x4,2,1.8245416022471044,0,1,0,-11,38.687654164818326,5:-5,spatial,0,435,3,esa,15,0,1,none,1,high,0.7214316074693485,35,3,195,2,6,0,51,1,0,2,Big_480p_25fps_20s
1638,1,p4x4,2,1.8245416022471044,0,2,0,-11,38.687654164818326,5:-5,spatial,0,435,3,tesa,14,1,1,none,1,high,0.7214316074693485,24,3,195,2,6,0,51,2,0,2,Big_480p_25fps_20s
1320,1,"p8x8,b8x8,i8x8,i4x4",2,1.8245416022471044,0,2,1,2,38.687654164818326,-2:2,spatial,0,435,3,dia,63,0,1,none,1,high,0.5168133920197449,35,3,195,2,4,3,51,2,0,2,Big_480p_25fps_20s
1320,1,p4x4,2,1.8245416022471044,0,2,0,-11,38.687654164818326,5:-5,temporal,0,435,3,tesa,15,0,1,none,1,high,0.0796344057295156,35,3,239,13,48,0,64,1,0,2,Big_480p_25fps_20s
1320,1,p4x4,2,1.8245416022471044,0,2,0,-11,38.687654164818326,5:-5,spatial,0,457,3,dia,15,0,0,none,1,high,0.7214316074693485,35,3,195,2,6,0,51,2,0,2,Big_480p_25fps_20s
1320,1,p4x4,2,1.8245416022471044,0,2,0,-11,38.687654164818326,0:0,spatial,1,457,3,dia,15,0,1,none,1,high,0.7214316074693485,35,3,195,2,6,0,51,2,0,2,Big_480p_25fps_20s
1467,1,p4x4,3,1.8245416022471044,2,2,1,2,38.687654164818326,-2:2,spatial,0,435,3,esa,63,0,1,none,1,high,0.7214316074693485,35,3,195,2,6,0,31,2,0,2,Big_480p_25fps_20s
1320,1,none,2,1.8245416022471044,0,15,0,-11,38.687654164818326,-2:2,temporal,1,85,4,dia,54,1,0,none,0,baseline,0.0663849535012377,34,15,239,13,48,0,64,2,0,2,Standard_480p_25fps_5s
1320,1,p4x4,2,1.8245416022471044,0,2,0,-11,38.687654164818326,5:-5,spatial,0,435,3,dia,15,0,1,none,1,high,0.7214316074693485,35,3,195,2,6,0,51,2,0,2,Standard_480p_25fps_5s
1320,1,p4x4,2,1.8245416022471044,0,2,0,-11,38.687654164818326,5:-5,spatial,0,74,4,dia,15,0,1,none,1,high,0.7214316074693485,41,4,92,2,80,0,2,2,0,1,Standard_480p_25fps_5s
1320,1,p4x4,2,1.8245416022471044,0,2,0,-11,38.687654164818326,5:-5,spatial,0,457,3,dia,15,0,1,none,1,high,0.7214316074693485,35,3,195,2,6,0,51,2,0,2,Standard_480p_25fps_5s
1320,1,"p8x8,b8x8,i8x8,i4x4",2,1.8245416022471044,0,2,1,2,38.687654164818326,-2:2,spatial,0,435,3,dia,63,0,1,none,1,high,0.7214316074693485,35,3,195,2,4,0,51,2,0,2,Standard_480p_25fps_5s
1320,1,p4x4,2,1.8245416022471044,0,2,1,-11,38.687654164818326,5:-5,spatial,0,435,3,dia,15,0,1,none,1,high,0.0796344057295156,35,3,239,13,48,0,64,2,0,2,Standard_480p_25fps_5s
1320,1,"p8x8,b8x8,i8x8,i4x4",3,1.8245416022471044,0,2,1,2,38.687654164818326,-2:2,spatial,0,435,3,dia,63,0,1,none,1,high,0.7214316074693485,35,3,195,2,3,0,51,2,0,2,Standard_480p_25fps_5s
1320,1,p4x4,2,1.8245416022471044,0,2,1,-11,38.687654164818326,5:-5,spatial,0,435,3,dia,8,0,1,none,1,high,0.0796344057295156,29,15,92,2,80,0,64,2,0,2,Standard_480p_25fps_5s
1320,1,p4x4,2,1.8245416022471044,1,2,0,-11,38.687654164818326,5:-5,spatial,0,435,3,esa,15,0,1,none,1,high,0.7214316074693485,35,3,195,2,6,0,51,2,0,2,Standard_480p_25fps_5s
1320,1,p4x4,2,1.8245416022471044,0,2,1,-11,38.687654164818326,5:-5,spatial,0,435,3,dia,8,0,1,none,0,high,0.0796344057295156,29,15,92,2,80,0,64,2,0,2,Standard_480p_25fps_5s
1320,1,p4x4,2,1.8245416022471044,1,2,0,-11,38.687654164818326,5:-5,spatial,0,30,4,dia,15,0,1,none,1,high,0.0294669768092816,35,3,195,12,6,0,51,2,0,0,Standard_480p_25fps_5s
1320,1,p4x4,2,1.8245416022471044,1,2,1,-11,38.687654164818326,5:-5,spatial,0,435,3,hex,8,0,0,none,1,high,0.0796344057295156,29,3,92,2,80,0,64,2,0,1,Standard_480p_25fps_5s
1320,1,p4x4,2,1.8245416022471044,0,2,0,-11,38.687654164818326,5:-5,spatial,0,106,3,dia,15,0,1,none,1,high,0.7214316074693485,35,3,195,2,6,0,51,2,0,2,Standard_480p_25fps_5s
1320,0,p4x4,2,1.8245416022471044,1,2,1,5,38.687654164818326,5:-5,spatial,0,435,2,dia,8,0,1,none,1,high,0.7447447143024988,29,15,92,2,80,0,64,2,0,2,Standard_480p_25fps_5s
1320,1,p4x4,2,1.842223681740622,0,2,1,-10,38.687654164818326,-2:2,spatial,0,435,3,esa,63,0,1,none,1,high,0.7214316074693485,35,3,195,2,3,0,51,2,0,2,Standard_480p_25fps_5s
1117,1,"p8x8,b8x8,i8x8,i4x4",3,1.8245416022471044,0,2,0,-11,38.687654164818326,5:-5,spatial,0,435,3,dia,8,0,1,none,1,high,0.0542640947741159,29,15,92,2,80,11,64,2,0,2,Standard_480p_25fps_5s
1320,1,p4x4,2,1.8245416022471044,0,2,1,-11,38.687654164818326,5:-5,spatial,0,74,4,dia,15,0,0,none,1,high,0.7214316074693485,41,4,92,2,80,0,2,2,0,1,Standard_480p_25fps_5s
1320,1,"p8x8,b8x8,i8x8,i4x4",2,1.8245416022471044,0,2,1,2,38.687654164818326,-2:2,spatial,0,435,3,dia,63,0,1,none,0,high,0.7214316074693485,27,3,195,2,6,0,62,0,0,2,Standard_480p_25fps_5s
1320,1,p4x4,2,1.8245416022471044,0,2,1,-11,38.687654164818326,5:-5,none,0,457,3,dia,15,0,1,none,1,high,0.7214316074693485,35,3,195,2,4,0,51,2,0,2,Standard_480p_25fps_5s
817,1,p4x4,2,1.8245416022471044,0,2,1,-11,38.687654164818326,5:-5,spatial,0,74,4,dia,15,0,0,none,1,high,0.0796344057295156,29,15,92,2,80,0,64,2,0,2,Standard_480p_25fps_5s
1320,1,p4x4,2,1.8245416022471044,0,7,0,-11,38.687654164818326,5:-5,spatial,0,435,3,esa,15,1,1,none,1,high,0.7214316074693485,48,3,195,2,6,0,51,2,0,2,Standard_720p_30fps_15s
1320,1,p4x4,2,1.8245416022471044,0,2,0,-11,38.687654164818326,5:-5,spatial,0,435,3,esa,15,1,1,none,1,high,0.7214316074693485,48,3,195,2,6,0,51,2,0,2,Standard_720p_30fps_15s
1320,1,p4x4,2,1.819922213644557,0,2,0,-11,38.687654164818326,5:-5,spatial,0,74,4,dia,15,1,1,none,1,high,0.7214316074693485,41,4,92,2,80,0,2,2,1,1,Standard_720p_30fps_15s
1320,1,p4x4,2,1.8245416022471044,0,2,0,-11,38.687654164818326,5:-5,spatial,0,435,3,esa,14,1,1,none,1,high,0.7214316074693485,48,3,195,2,6,0,51,2,0,2,Standard_720p_30fps_15s
435,1,p4x4,2,1.8245416022471044,0,2,0,-11,38.687654164818326,5:-5,spatial,0,435,3,tesa,14,1,1,none,1,high,0.7214316074693485,48,3,195,2,76,0,51,0,0,1,Standard_720p_30fps_15s
1320,1,p4x4,2,1.819922213644557,0,13,0,-11,38.687654164818326,5:-5,spatial,0,291,4,dia,15,0,1,none,1,baseline,0.7214316074693485,31,4,92,2,80,0,2,2,0,1,Standard_720p_30fps_15s
1436,1,p4x4,2,1.8245416022471044,0,2,0,-11,38.687654164818326,5:-5,spatial,0,74,4,dia,15,1,1,none,1,high,0.7214316074693485,44,4,92,2,80,0,2,2,1,1,Standard_720p_30fps_15s
435,0,p4x4,2,1.8245416022471044,0,2,0,0,38.687654164818326,5:-5,spatial,0,350,3,tesa,14,1,1,none,1,baseline,0.7214316074693485,48,3,195,2,76,0,2,2,1,1,Standard_720p_30fps_15s
1320,1,p4x4,2,1.8245416022471044,0,2,0,-11,38.687654164818326,5:-5,spatial,0,457,1,umh,15,0,1,none,1,high,0.7214316074693485,41,4,92,2,80,0,2,2,1,2,Standard_720p_30fps_15s
1320,1,p4x4,2,1.8245416022471044,0,2,0,-11,38.687654164818326,5:-5,spatial,0,435,3,hex,15,1,1,none,1,high,0.7214316074693485,48,3,195,2,6,0,51,2,0,2,Standard_720p_30fps_15s
435,0,p4x4,2,1.8245416022471044,0,2,0,0,38.687654164818326,5:-5,spatial,0,350,3,tesa,14,1,1,none,1,high,0.7214316074693485,48,3,195,2,76,0,51,0,0,1,Standard_720p_30fps_15s
1320,1,p4x4,2,1.8245416022471044,0,2,0,1,38.687654164818326,5:-5,spatial,0,335,4,dia,15,0,1,none,1,high,0.7214316074693485,41,4,92,2,80,0,2,2,0,1,Standard_720p_30fps_15s
169,1,p4x4,2,1.819922213644557,0,2,0,-11,38.687654164818326,5:-5,spatial,0,74,4,dia,15,0,1,none,1,high,0.7214316074693485,41,4,92,2,80,0,2,0,1,1,Standard_720p_30fps_15s
1320,1,p4x4,3,1.8245416022471044,0,7,0,-11,38.687654164818326,5:-5,spatial,0,435,3,esa,14,1,1,none,1,high,0.7214316074693485,48,3,195,2,6,0,51,2,0,2,Standard_720p_30fps_15s
1320,1,p4x4,2,1.819922213644557,0,13,0,-7,38.687654164818326,5:-5,spatial,0,291,4,dia,34,0,1,vbr,1,baseline,0.7214316074693485,31,4,92,2,80,0,2,2,1,1,Standard_720p_30fps_15s
644,1,p4x4,2,1.8245416022471044,0,2,0,-11,38.687654164818326,5:-5,spatial,0,435,3,esa,14,1,1,none,1,high,0.7214316074693485,48,3,195,2,6,0,51,2,0,2,Standard_720p_30fps_15s
435,0,p4x4,2,1.8245416022471044,0,2,0,0,38.687654164818326,5:-5,spatial,0,350,3,tesa,14,1,1,none,1,high,0.7214316074693485,41,4,92,14,80,0,2,0,1,1,Standard_720p_30fps_15s
169,1,p4x4,2,1.819922213644557,0,2,0,-11,38.687654164818326,5:-5,spatial,0,213,4,dia,15,1,1,none,1,baseline,0.7214316074693485,48,3,195,2,76,0,52,2,1,1,Standard_720p_30fps_15s
1320,1,p4x4,3,1.8245416022471044,0,7,0,-11,38.687654164818326,5:-5,spatial,0,435,3,esa,14,1,1,none,1,high,0.7214316074693485,44,4,92,2,80,0,2,2,1,1,Standard_720p_30fps_15s
644,1,p4x4,2,1.8245416022471044,0,2,0,-11,38.687654164818326,5:-5,spatial,0,74,0,dia,15,1,1,none,1,main,0.7214316074693485,44,4,92,2,80,0,2,2,1,1,Standard_720p_30fps_15s
1320,1,p4x4,2,1.8245416022471044,0,7,0,-11,38.687654164818326,5:-5,spatial,0,435,3,esa,15,1,1,none,1,high,0.7214316074693485,48,3,195,2,6,0,51,2,0,2,Still_image_480p_60fps_10s
1320,1,p4x4,2,1.8245416022471044,0,2,0,-11,38.687654164818326,5:-5,spatial,0,435,3,esa,15,1,1,none,1,high,0.7214316074693485,48,3,195,2,6,0,51,2,0,2,Still_image_480p_60fps_10s
1320,1,p4x4,2,1.819922213644557,0,2,0,-11,38.687654164818326,5:-5,spatial,0,74,4,dia,15,1,1,none,1,high,0.7214316074693485,41,4,92,2,80,0,2,2,1,1,Still_image_480p_60fps_10s
1320,1,p4x4,2,1.8245416022471044,0,2,0,-11,38.687654164818326,5:-5,spatial,0,435,3,esa,14,1,1,none,1,high,0.7214316074693485,48,3,195,2,6,0,51,2,0,2,Still_image_480p_60fps_10s
435,1,p4x4,2,1.8245416022471044,0,2,0,-11,38.687654164818326,5:-5,spatial,0,435,3,tesa,14,1,1,none,1,high,0.7214316074693485,48,3,195,2,76,0,51,0,0,1,Still_image_480p_60fps_10s
1320,1,p4x4,2,1.8245416022471044,0,2,0,-11,38.687654164818326,5:-5,spatial,0,457,1,umh,15,0,1,none,1,high,0.7214316074693485,41,4,92,2,80,0,2,2,1,2,Still_image_480p_60fps_10s
1320,1,p4x4,2,1.819922213644557,0,13,0,-11,38.687654164818326,5:-5,spatial,0,291,4,dia,15,0,1,none,1,baseline,0.7214316074693485,31,4,92,2,80,0,2,2,0,1,Still_image_480p_60fps_10s
1436,1,p4x4,2,1.8245416022471044,0,2,0,-11,38.687654164818326,5:-5,spatial,0,74,4,dia,15,1,1,none,1,high,0.7214316074693485,44,4,92,2,80,0,2,2,1,1,Still_image_480p_60fps_10s
1320,1,p4x4,2,1.8245416022471044,0,2,0,-11,38.687654164818326,5:-5,spatial,0,435,3,hex,15,1,1,none,1,high,0.7214316074693485,48,3,195,2,6,0,51,2,0,2,Still_image_480p_60fps_10s
435,0,p4x4,2,1.8245416022471044,0,2,0,0,38.687654164818326,5:-5,spatial,0,350,3,tesa,14,1,1,none,1,baseline,0.7214316074693485,48,3,195,2,76,0,2,2,1,1,Still_image_480p_60fps_10s
1320,1,p4x4,2,1.819922213644557,0,13,0,-11,38.687654164818326,5:-5,spatial,0,291,4,hex,15,0,1,none,1,baseline,0.7214316074693485,30,4,92,2,80,0,2,2,1,1,Still_image_480p_60fps_10s
1320,1,p4x4,2,1.8245416022471044,0,7,0,-11,38.687654164818326,5:-5,spatial,0,435,3,esa,15,1,1,none,1,high,0.7214316074693485,48,3,195,2,76,0,51,0,0,1,Still_image_480p_60fps_10s
435,1,p4x4,2,1.8245416022471044,0,7,0,-11,38.687654164818326,5:-5,spatial,0,435,0,esa,15,1,0,none,1,high,0.7214316074693485,48,3,195,2,76,0,51,0,0,1,Still_image_480p_60fps_10s
1320,1,p4x4,2,0.2406564473937466,0,2,0,-11,38.687654164818326,5:-5,spatial,0,435,3,hex,15,1,1,none,0,high,0.7214316074693485,48,4,92,2,80,0,2,1,1,1,Still_image_480p_60fps_10s
1320,1,p4x4,2,1.8245416022471044,0,7,0,-11,38.687654164818326,5:-5,spatial,0,435,3,esa,15,1,0,none,1,high,0.7214316074693485,48,3,90,15,76,0,48,0,0,1,Still_image_480p_60fps_10s
1320,1,p4x4,2,1.819922213644557,0,2,0,-11,38.687654164818326,5:-5,spatial,0,74,4,dia,15,1,1,none,1,high,0.7214316074693485,41,15,92,2,80,0,2,2,1,1,Still_image_480p_60fps_10s
1557,1,p4x4,2,1.819922213644557,0,2,0,5,38.687654164818326,5:-5,spatial,0,291,4,hex,15,0,1,none,1,baseline,0.0675756478239162,30,4,92,2,80,0,2,2,1,1,Still_image_480p_60fps_10s
1320,1,none,2,1.819922213644557,0,13,0,-11,38.687654164818326,5:-5,spatial,0,74,4,dia,15,1,1,none,1,high,0.7214316074693485,41,4,92,2,80,0,2,2,1,1,Still_image_480p_60fps_10s
1320,1,p4x4,2,1.819922213644557,0,2,0,-11,38.687654164818326,5:-5,spatial,0,74,4,dia,15,1,1,none,1,high,0.7214316074693485,44,4,92,2,80,0,2,2,1,1,Still_image_480p_60fps_10s
129,1,p4x4,2,1.8245416022471044,0,12,0,-11,38.687654164818326,2:2,spatial,0,74,4,dia,15,1,1,none,1,high,0.7214316074693485,41,4,92,2,80,0,2,2,1,1,Still_image_480p_60fps_10s
1320,1,p4x4,2,1.8245416022471044,0,2,1,-11,38.687654164818326,5:-5,spatial,0,435,3,dia,15,0,1,none,1,high,0.0796344057295156,35,3,239,13,48,0,64,2,0,2,Big_1080p_25fps_5s
1320,1,"p8x8,b8x8,i8x8,i4x4",2,1.8245416022471044,0,2,1,2,38.687654164818326,-2:2,spatial,0,435,3,dia,63,0,1,none,1,high,0.7214316074693485,35,3,195,2,4,0,51,2,0,2,Big_1080p_25fps_5s
1320,1,p4x4,2,1.8245416022471044,0,2,0,-11,38.687654164818326,5:-5,spatial,0,74,4,dia,15,0,1,none,1,high,0.7214316074693485,41,4,92,2,80,0,2,2,0,1,Big_1080p_25fps_5s
1320,1,p4x4,2,1.8245416022471044,0,2,0,-11,38.687654164818326,5:-5,spatial,0,435,3,dia,15,0,1,none,1,high,0.7214316074693485,35,3,195,2,6,0,51,2,0,2,Big_1080p_25fps_5s
1320,1,p4x4,2,1.8245416022471044,0,2,0,-11,38.687654164818326,5:-5,spatial,0,457,3,dia,15,0,1,none,1,high,0.7214316074693485,35,3,195,2,6,0,51,2,0,2,Big_1080p_25fps_5s
1320,1,"p8x8,b8x8,i8x8,i4x4",3,1.8245416022471044,0,2,1,2,38.687654164818326,-2:2,spatial,0,435,3,dia,63,0,1,none,1,high,0.7214316074693485,35,3,195,2,3,0,51,2,0,2,Big_1080p_25fps_5s
1320,1,p4x4,2,1.8245416022471044,0,2,1,-11,38.687654164818326,5:-5,spatial,0,435,3,dia,8,0,1,none,1,high,0.0796344057295156,29,15,92,2,80,0,64,2,0,2,Big_1080p_25fps_5s
1320,1,p4x4,2,1.8245416022471044,1,2,0,-11,38.687654164818326,5:-5,spatial,0,435,3,esa,15,0,1,none,1,high,0.7214316074693485,35,3,195,2,6,0,51,2,0,2,Big_1080p_25fps_5s
1320,1,p4x4,2,1.8245416022471044,0,2,0,-11,36.80003912109306,5:-5,spatial,1,435,3,dia,8,0,1,none,1,high,0.0796344057295156,29,15,92,2,80,0,64,1,0,2,Big_1080p_25fps_5s
1320,1,p4x4,3,1.7294028608664858,0,2,0,-11,38.687654164818326,5:-5,temporal,0,120,3,dia,15,0,1,none,1,high,0.7214316074693485,35,3,195,2,38,0,51,2,0,2,Big_1080p_25fps_5s
2028,1,p4x4,1,1.8245416022471044,0,2,0,-9,38.687654164818326,5:-5,spatial,0,435,3,dia,8,0,1,vbr,1,high,0.0796344057295156,29,15,92,2,48,0,64,2,0,2,Big_1080p_25fps_5s
1320,1,p4x4,2,1.8245416022471044,0,2,1,-11,38.687654164818326,5:-5,spatial,0,435,3,dia,8,0,1,cbr,1,high,0.0796344057295156,29,15,92,2,80,0,64,1,0,2,Big_1080p_25fps_5s
1290,1,p4x4,2,1.8245416022471044,0,2,1,-11,38.687654164818326,5:-5,none,0,435,3,esa,8,0,1,cbr,1,high,0.0796344057295156,39,3,195,2,6,0,29,1,0,2,Big_1080p_25fps_5s
1320,1,p4x4,2,1.8245416022471044,0,5,1,-11,38.687654164818326,5:-5,spatial,0,435,3,dia,38,0,1,none,1,high,0.1474931579091038,35,3,121,13,48,0,64,2,0,2,Big_1080p_25fps_5s
1320,1,p4x4,2,1.8245416022471044,0,2,1,-11,38.687654164818326,5:-5,spatial,0,457,3,dia,15,0,1,none,1,high,0.7214316074693485,41,3,195,2,6,0,51,2,1,2,Big_1080p_25fps_5s
1320,1,p4x4,3,1.7294028608664858,0,2,0,-11,38.687654164818326,5:-5,spatial,0,435,3,hex,6,0,1,cbr,1,high,0.0796344057295156,29,15,92,2,80,0,64,1,0,2,Big_1080p_25fps_5s
1320,1,p4x4,2,1.819922213644557,0,2,0,-11,38.687654164818326,5:-5,spatial,0,74,4,tesa,58,0,1,none,1,high,0.0796344057295156,29,15,92,2,80,0,64,2,0,2,Big_1080p_25fps_5s
1320,1,p4x4,2,1.8245416022471044,0,2,1,-11,38.687654164818326,5:-5,spatial,0,435,3,dia,8,0,1,cbr,1,high,0.0796344057295156,29,15,195,2,6,0,51,2,0,2,Big_1080p_25fps_5s
1320,1,"p8x8,b8x8,i8x8,i4x4",2,0.0001557340610643,0,2,1,-7,38.687654164818326,5:-5,spatial,0,435,3,tesa,15,0,1,none,1,high,0.7214316074693485,35,3,195,2,4,0,51,2,0,2,Big_1080p_25fps_5s
1320,1,"p8x8,b8x8,i8x8,i4x4",1,1.8245416022471044,0,2,1,2,31.961475638554514,-2:2,spatial,0,435,3,dia,63,0,1,none,1,high,0.0796344057295156,35,3,47,13,48,0,64,2,0,2,Big_1080p_25fps_5s
1320,1,p4x4,2,1.819922213644557,0,2,0,-11,38.687654164818326,5:-5,spatial,0,74,4,dia,15,1,1,none,1,high,0.7214316074693485,41,4,92,2,80,0,2,2,1,1,Standard_720p_60fps_5s
1320,1,p4x4,2,1.8245416022471044,0,2,0,-11,38.687654164818326,5:-5,spatial,0,435,3,esa,14,1,1,none,1,high,0.7214316074693485,48,3,195,2,6,0,51,2,0,2,Standard_720p_60fps_5s
435,1,p4x4,2,1.8245416022471044,0,2,0,-11,38.687654164818326,5:-5,spatial,0,435,3,tesa,14,1,1,none,1,high,0.7214316074693485,48,3,195,2,76,0,51,0,0,1,Standard_720p_60fps_5s
1320,1,p4x4,2,1.8245416022471044,0,7,0,-11,38.687654164818326,5:-5,spatial,0,435,3,esa,15,1,1,none,1,high,0.7214316074693485,48,3,195,2,6,0,51,2,0,2,Standard_720p_60fps_5s
1320,1,p4x4,2,1.8245416022471044,0,2,0,-11,38.687654164818326,5:-5,spatial,0,435,3,esa,15,1,1,none,1,high,0.7214316074693485,48,3,195,2,6,0,51,2,0,2,Standard_720p_60fps_5s
1436,1,p4x4,2,1.8245416022471044,0,2,0,-11,38.687654164818326,5:-5,spatial,0,74,4,dia,15,1,1,none,1,high,0.7214316074693485,44,4,92,2,80,0,2,2,1,1,Standard_720p_60fps_5s
1320,1,p4x4,2,1.8245416022471044,0,2,0,-11,38.687654164818326,5:-5,spatial,0,435,3,hex,15,1,1,none,1,high,0.7214316074693485,48,3,195,2,6,0,51,2,0,2,Standard_720p_60fps_5s
1320,1,p4x4,2,1.8245416022471044,0,2,0,-11,38.687654164818326,5:-5,spatial,0,457,1,umh,15,0,1,none,1,high,0.7214316074693485,41,4,92,2,80,0,2,2,1,2,Standard_720p_60fps_5s
1320,1,p4x4,2,1.819922213644557,0,13,0,-11,38.687654164818326,5:-5,spatial,0,291,4,dia,15,0,1,none,1,baseline,0.7214316074693485,31,4,92,2,80,0,2,2,0,1,Standard_720p_60fps_5s
435,0,p4x4,2,1.8245416022471044,0,2,0,0,38.687654164818326,5:-5,spatial,0,350,3,tesa,14,1,1,none,1,baseline,0.7214316074693485,48,3,195,2,76,0,2,2,1,1,Standard_720p_60fps_5s
435,0,p4x4,2,1.8245416022471044,0,2,0,0,38.687654164818326,5:-5,none,0,350,3,tesa,39,1,1,none,1,high,0.7214316074693485,41,4,92,2,80,0,59,2,1,1,Standard_720p_60fps_5s
1320,1,p4x4,0,1.819922213644557,0,2,1,-11,38.687654164818326,5:-5,spatial,0,74,4,dia,15,1,1,none,1,baseline,0.2997558072330046,48,3,195,2,76,0,2,1,1,1,Standard_720p_60fps_5s
1320,1,p4x4,2,1.8245416022471044,0,2,0,-11,38.687654164818326,5:-5,spatial,0,435,3,hex,26,1,1,none,1,high,0.7214316074693485,48,3,195,2,6,0,51,2,0,2,Standard_720p_60fps_5s
2004,1,p4x4,2,1.819922213644557,0,2,0,-11,38.687654164818326,5:-5,spatial,0,74,4,dia,15,1,1,none,1,high,0.9833763420490024,41,4,92,2,80,0,2,2,1,1,Standard_720p_60fps_5s
1938,1,p4x4,2,1.819922213644557,0,13,0,-11,38.687654164818326,5:-5,spatial,1,263,4,dia,15,1,1,none,0,high,0.633983538585329,41,4,92,2,80,0,45,2,1,1,Standard_720p_60fps_5s
1320,1,p4x4,2,1.819922213644557,0,13,0,-11,38.687654164818326,5:-5,spatial,0,291,4,dia,15,0,1,none,0,high,0.7214316074693485,41,3,92,2,80,0,2,2,1,2,Standard_720p_60fps_5s
1320,1,p4x4,2,1.819922213644557,0,2,0,-11,38.687654164818326,5:-5,spatial,0,435,3,hex,15,1,1,none,1,high,0.7214316074693485,48,3,195,2,6,0,51,2,0,0,Standard_720p_60fps_5s
1436,0,p4x4,2,1.8245416022471044,0,2,0,-11,38.687654164818326,5:-5,spatial,1,74,4,dia,15,1,1,none,1,high,0.7214316074693485,44,4,92,2,80,0,2,1,1,2,Standard_720p_60fps_5s
1320,1,p4x4,2,1.8245416022471044,0,2,0,-11,38.687654164818326,5:-5,spatial,0,435,3,esa,14,1,1,none,1,high,0.7214316074693485,48,3,195,2,6,0,2,2,1,1,Standard_720p_60fps_5s
1119,1,p4x4,2,1.8245416022471044,0,2,0,-11,38.687654164818326,5:-5,spatial,0,74,4,dia,15,1,0,none,1,high,0.7214316074693485,44,4,92,2,46,0,2,2,1,1,Standard_720p_60fps_5s
1320,1,p4x4,2,1.8245416022471044,0,2,1,-11,38.687654164818326,5:-5,spatial,0,435,3,dia,15,0,1,none,1,high,0.0796344057295156,35,3,239,13,48,0,64,2,0,2,Action_1080p_60fps_20s
1320,1,p4x4,2,1.8245416022471044,0,2,0,-11,38.687654164818326,5:-5,spatial,0,457,3,dia,15,0,1,none,1,high,0.7214316074693485,35,3,195,2,6,0,51,2,0,2,Action_1080p_60fps_20s
1320,1,"p8x8,b8x8,i8x8,i4x4",2,1.8245416022471044,0,2,1,2,38.687654164818326,-2:2,spatial,0,435,3,dia,63,0,1,none,1,high,0.7214316074693485,35,3,195,2,4,0,51,2,0,2,Action_1080p_60fps_20s
1320,1,p4x4,2,1.8245416022471044,0,2,0,-11,38.687654164818326,5:-5,spatial,0,74,4,dia,15,0,1,none,1,high,0.7214316074693485,41,4,92,2,80,0,2,2,0,1,Action_1080p_60fps_20s
1320,1,p4x4,2,1.8245416022471044,0,2,0,-11,38.687654164818326,5:-5,spatial,0,435,3,dia,15,0,1,none,1,high,0.7214316074693485,35,3,195,2,6,0,51,2,0,2,Action_1080p_60fps_20s
1320,1,"p8x8,b8x8,i8x8,i4x4",3,1.8245416022471044,0,2,1,2,38.687654164818326,-2:2,spatial,0,435,3,dia,63,0,1,none,1,high,0.7214316074693485,35,3,195,2,3,0,51,2,0,2,Action_1080p_60fps_20s
1320,1,p4x4,2,1.8245416022471044,0,2,1,-11,38.687654164818326,5:-5,spatial,0,435,3,dia,8,0,1,none,1,high,0.0796344057295156,29,15,92,2,80,0,64,2,0,2,Action_1080p_60fps_20s
1320,1,p4x4,2,1.8245416022471044,1,2,0,-11,38.687654164818326,5:-5,spatial,0,435,3,esa,15,0,1,none,1,high,0.7214316074693485,35,3,195,2,6,0,51,2,0,2,Action_1080p_60fps_20s
1320,1,p4x4,2,1.8245416022471044,0,2,0,-11,36.80003912109306,5:-5,spatial,1,435,3,dia,8,0,1,none,1,high,0.0796344057295156,29,15,92,2,80,0,64,1,0,2,Action_1080p_60fps_20s
1320,1,p4x4,3,1.7294028608664858,0,2,0,-11,38.687654164818326,5:-5,temporal,0,120,3,dia,15,0,1,none,1,high,0.7214316074693485,35,3,195,2,38,0,51,2,0,2,Action_1080p_60fps_20s
1320,1,p4x4,2,1.8245416022471044,0,2,1,-11,31.33242962835254,5:-5,spatial,0,408,3,dia,15,0,1,none,1,high,0.0796344057295156,35,3,191,13,47,0,64,2,0,2,Action_1080p_60fps_20s
1320,1,"p8x8,b8x8,i8x8,i4x4",2,1.8245416022471044,0,2,1,2,38.687654164818326,-2:2,spatial,0,435,3,dia,15,0,1,none,1,high,0.0796344057295156,35,3,239,13,42,0,64,2,0,2,Action_1080p_60fps_20s
1320,1,"p8x8,b8x8,i8x8,i4x4",3,1.8245416022471044,0,2,1,-5,38.687654164818326,-5:5,spatial,0,435,3,esa,15,1,1,none,1,high,0.7214316074693485,48,3,195,2,6,0,51,2,0,2,Action_1080p_60fps_20s
1320,1,p4x4,2,1.8245416022471044,0,2,0,-11,38.687654164818326,5:-5,spatial,0,435,3,dia,15,0,0,none,1,high,0.974715758726028,35,3,195,2,6,3,51,2,0,2,Action_1080p_60fps_20s
1320,1,"p8x8,b8x8,i8x8,i4x4",2,1.8245416022471044,0,2,1,2,50.051504041190114,-2:2,spatial,0,435,3,dia,63,0,1,none,1,high,0.7214316074693485,35,3,195,2,4,0,51,2,0,2,Action_1080p_60fps_20s
1320,1,p4x4,2,1.456849172499039,2,2,1,-11,38.687654164818326,5:-5,spatial,0,435,3,dia,8,0,1,none,1,high,0.0796344057295156,44,4,191,2,80,0,2,2,0,1,Action_1080p_60fps_20s
1436,1,p4x4,2,1.8245416022471044,0,2,1,-11,38.687654164818326,5:-5,spatial,0,74,4,dia,15,1,1,none,1,high,0.7214316074693485,29,15,92,2,80,0,64,0,0,1,Action_1080p_60fps_20s
1320,1,"p8x8,b8x8,i8x8,i4x4",2,1.8245416022471044,1,2,1,2,46.74693242686554,0:0,spatial,0,435,3,dia,63,0,1,none,1,high,0.7214316074693485,35,3,195,2,4,0,51,2,0,2,Action_1080p_60fps_20s
1320,1,p4x4,2,1.8245416022471044,0,2,0,-11,38.687654164818326,5:-5,spatial,0,74,4,dia,15,0,1,none,1,high,0.7214316074693485,35,3,195,2,6,0,47,2,0,2,Action_1080p_60fps_20s
1320,1,none,2,1.8245416022471044,0,2,1,-11,38.687654164818326,5:-5,spatial,0,435,3,esa,15,1,1,none,1,high,0.7214316074693485,35,3,195,2,6,1,51,2,0,2,Action_1080p_60fps_20s
1320,1,p4x4,2,1.8245416022471044,0,7,0,-11,38.687654164818326,5:-5,spatial,0,435,3,esa,15,1,1,none,1,high,0.7214316074693485,48,3,195,2,6,0,51,2,0,2,Standard_480p_30fps_10s
1320,1,p4x4,2,1.8245416022471044,0,2,0,-11,38.687654164818326,5:-5,spatial,0,435,3,esa,15,1,1,none,1,high,0.7214316074693485,48,3,195,2,6,0,51,2,0,2,Standard_480p_30fps_10s
435,1,p4x4,2,1.8245416022471044,0,2,0,-11,38.687654164818326,5:-5,spatial,0,435,3,tesa,14,1,1,none,1,high,0.7214316074693485,48,3,195,2,76,0,51,0,0,1,Standard_480p_30fps_10s
1320,1,p4x4,2,1.8245416022471044,0,2,0,-11,38.687654164818326,5:-5,spatial,0,435,3,esa,14,1,1,none,1,high,0.7214316074693485,48,3,195,2,6,0,51,2,0,2,Standard_480p_30fps_10s
1320,1,p4x4,2,1.819922213644557,0,2,0,-11,38.687654164818326,5:-5,spatial,0,74,4,dia,15,1,1,none,1,high,0.7214316074693485,41,4,92,2,80,0,2,2,1,1,Standard_480p_30fps_10s
1320,1,p4x4,2,1.8245416022471044,0,2,0,-11,38.687654164818326,5:-5,spatial,0,435,3,hex,15,1,1,none,1,high,0.7214316074693485,48,3,195,2,6,0,51,2,0,2,Standard_480p_30fps_10s
1320,1,p4x4,2,1.8245416022471044,0,2,0,-11,38.687654164818326,5:-5,spatial,0,457,1,umh,15,0,1,none,1,high,0.7214316074693485,41,4,92,2,80,0,2,2,1,2,Standard_480p_30fps_10s
1436,1,p4x4,2,1.8245416022471044,0,2,0,-11,38.687654164818326,5:-5,spatial,0,74,4,dia,15,1,1,none,1,high,0.7214316074693485,44,4,92,2,80,0,2,2,1,1,Standard_480p_30fps_10s
1320,1,p4x4,2,1.819922213644557,0,13,0,-11,38.687654164818326,5:-5,spatial,0,291,4,dia,15,0,1,none,1,baseline,0.7214316074693485,31,4,92,2,80,0,2,2,0,1,Standard_480p_30fps_10s
435,0,p4x4,2,1.8245416022471044,0,2,0,0,38.687654164818326,5:-5,spatial,0,350,3,tesa,14,1,1,none,1,baseline,0.7214316074693485,48,3,195,2,76,0,2,2,1,1,Standard_480p_30fps_10s
1320,1,p4x4,2,1.8245416022471044,0,2,0,-11,38.687654164818326,5:-5,spatial,0,435,3,tesa,14,1,1,vbr,1,high,0.7214316074693485,42,3,195,2,76,0,51,0,0,1,Standard_480p_30fps_10s
435,1,p4x4,2,1.8245416022471044,0,2,0,-11,38.687654164818326,5:-5,spatial,0,435,3,esa,15,1,1,none,1,high,0.7214316074693485,48,3,43,2,6,0,51,2,1,2,Standard_480p_30fps_10s
1320,1,p4x4,2,1.8245416022471044,0,7,0,-11,38.687654164818326,5:-5,spatial,0,74,4,dia,15,1,1,none,1,high,0.0318961176930367,51,4,206,2,80,0,2,2,1,1,Standard_480p_30fps_10s
435,0,p4x4,2,1.8245416022471044,0,2,0,0,38.687654164818326,5:-5,spatial,0,350,3,tesa,14,1,1,none,1,high,0.7214316074693485,48,3,25,2,6,0,51,2,1,2,Standard_480p_30fps_10s
1320,1,p4x4,2,1.8245416022471044,0,2,0,-11,38.687654164818326,5:-5,spatial,0,272,3,esa,15,1,1,none,1,baseline,0.9657810013736936,48,3,195,2,76,0,2,2,1,1,Standard_480p_30fps_10s
2396,1,p4x4,2,1.8245416022471044,0,2,0,-11,38.687654164818326,5:-5,spatial,0,74,4,dia,11,1,1,none,1,high,0.7214316074693485,44,4,92,2,80,0,2,2,0,1,Standard_480p_30fps_10s
1320,1,p4x4,2,1.819922213644557,0,8,0,-1,38.687654164818326,5:-5,spatial,1,435,3,tesa,14,1,1,none,1,high,0.6421609386767896,48,3,195,2,76,0,51,0,0,1,Standard_480p_30fps_10s
1320,1,p4x4,2,1.8245416022471044,0,2,0,-11,38.687654164818326,3:3,spatial,0,74,4,dia,15,1,1,none,1,high,0.7214316074693485,41,4,92,2,80,0,2,2,1,1,Standard_480p_30fps_10s
1320,1,"p8x8,b8x8,i8x8,i4x4",2,0.903671399150069,0,7,0,-11,38.687654164818326,3:3,spatial,0,74,4,dia,15,1,0,none,1,high,0.0318961176930367,39,13,92,2,80,0,2,1,1,1,Standard_480p_30fps_10s
1320,1,p4x4,2,1.8245416022471044,0,2,1,-11,38.687654164818326,5:-5,spatial,0,436,4,dia,11,1,1,none,1,high,0.7214316074693485,44,9,92,2,80,8,17,2,0,1,Standard_480p_30fps_10s
1320,1,p4x4,2,1.8245416022471044,0,2,0,-11,38.687654164818326,5:-5,spatial,0,457,3,dia,15,0,1,none,1,high,0.7214316074693485,35,3,195,2,6,0,51,2,0,2,Action_480p_25fps_5s
1320,1,p4x4,2,1.8245416022471044,0,2,0,-11,38.687654164818326,5:-5,spatial,0,435,3,dia,15,0,1,none,1,high,0.7214316074693485,35,3,195,2,6,0,51,2,0,2,Action_480p_25fps_5s
1320,1,p4x4,2,1.8245416022471044,0,2,0,-11,38.687654164818326,5:-5,spatial,0,74,4,dia,15,0,1,none,1,high,0.7214316074693485,41,4,92,2,80,0,2,2,0,1,Action_480p_25fps_5s
1320,1,"p8x8,b8x8,i8x8,i4x4",2,1.8245416022471044,0,2,1,2,38.687654164818326,-2:2,spatial,0,435,3,dia,63,0,1,none,1,high,0.7214316074693485,35,3,195,2,4,0,51,2,0,2,Action_480p_25fps_5s
1320,1,p4x4,2,1.8245416022471044,0,2,1,-11,38.687654164818326,5:-5,spatial,0,435,3,dia,15,0,1,none,1,high,0.0796344057295156,35,3,239,13,48,0,64,2,0,2,Action_480p_25fps_5s
1320,1,"p8x8,b8x8,i8x8,i4x4",3,1.8245416022471044,0,2,1,2,38.687654164818326,-2:2,spatial,0,435,3,dia,63,0,1,none,1,high,0.7214316074693485,35,3,195,2,3,0,51,2,0,2,Action_480p_25fps_5s
1320,1,p4x4,2,1.8245416022471044,0,2,1,-11,38.687654164818326,5:-5,spatial,0,435,3,dia,8,0,1,none,1,high,0.0796344057295156,29,15,92,2,80,0,64,2,0,2,Action_480p_25fps_5s
1320,1,p4x4,2,1.8245416022471044,1,2,0,-11,38.687654164818326,5:-5,spatial,0,435,3,esa,15,0,1,none,1,high,0.7214316074693485,35,3,195,2,6,0,51,2,0,2,Action_480p_25fps_5s
1320,1,p4x4,2,1.8245416022471044,0,2,0,-11,36.80003912109306,5:-5,spatial,1,435,3,dia,8,0,1,none,1,high,0.0796344057295156,29,15,92,2,80,0,64,1,0,2,Action_480p_25fps_5s
1320,1,p4x4,3,1.7294028608664858,0,2,0,-11,38.687654164818326,5:-5,temporal,0,120,3,dia,15,0,1,none,1,high,0.7214316074693485,35,3,195,2,38,0,51,2,0,2,Action_480p_25fps_5s
1320,1,p4x4,2,1.8245416022471044,2,2,1,-11,38.687654164818326,5:-5,spatial,0,435,3,dia,15,0,1,vbr,1,high,0.0796344057295156,35,0,239,5,48,0,64,2,0,2,Action_480p_25fps_5s
1320,1,p4x4,2,1.8245416022471044,2,2,1,-11,38.687654164818326,5:-5,spatial,0,435,3,esa,15,0,1,none,1,high,0.0796344057295156,35,3,239,13,48,0,64,2,0,2,Action_480p_25fps_5s
1320,1,p4x4,2,1.8245416022471044,1,2,0,-11,36.80003912109306,5:-5,spatial,1,435,3,dia,8,0,1,none,1,high,0.0796344057295156,29,15,92,2,80,0,64,1,0,2,Action_480p_25fps_5s
1320,1,"p8x8,b8x8,i8x8,i4x4",2,1.8245416022471044,0,9,1,6,38.687654164818326,-2:2,spatial,0,435,3,dia,60,0,1,none,1,high,0.7214316074693485,35,3,195,2,4,0,51,0,0,2,Action_480p_25fps_5s
1320,1,p4x4,2,1.8245416022471044,1,2,1,-11,38.687654164818326,5:-5,spatial,0,435,3,dia,8,0,1,none,1,high,0.0796344057295156,35,15,92,2,80,0,64,2,0,2,Action_480p_25fps_5s
1320,1,"p8x8,b8x8,i8x8,i4x4",2,1.8245416022471044,0,2,1,2,38.687654164818326,5:-5,spatial,0,435,3,dia,63,0,1,none,1,high,0.7214316074693485,35,3,195,2,4,0,51,1,1,2,Action_480p_25fps_5s
1320,1,p4x4,2,1.8245416022471044,0,2,1,-11,38.687654164818326,5:-5,spatial,0,435,3,dia,8,0,1,none,1,high,0.0796344057295156,30,15,92,2,80,0,64,2,0,2,Action_480p_25fps_5s
1320,1,p4x4,2,1.8245416022471044,0,16,0,-11,38.687654164818326,5:-5,spatial,0,435,3,dia,15,0,1,none,1,high,0.7214316074693485,35,3,195,2,6,0,51,2,0,0,Action_480p_25fps_5s
1320,1,p4x4,2,1.8245416022471044,1,2,0,-11,38.687654164818326,5:-5,spatial,0,74,4,dia,15,0,1,none,1,high,0.0796344057295156,35,3,239,13,48,0,64,2,0,2,Action_480p_25fps_5s
1320,1,"p8x8,b8x8,i8x8,i4x4",3,1.3192991926755504,0,2,1,2,38.687654164818326,-2:2,spatial,0,435,3,dia,5,0,1,none,1,high,0.7214316074693485,35,3,249,13,9,0,51,2,0,2,Action_480p_25fps_5s
1320,1,p4x4,2,1.8245416022471044,0,2,0,-11,38.687654164818326,5:-5,spatial,0,435,3,dia,15,0,1,none,1,high,0.7214316074693485,35,3,195,2,6,0,51,2,0,2,Action_480p_30fps_10s
1320,1,p4x4,2,1.8245416022471044,0,2,0,-11,38.687654164818326,5:-5,spatial,0,74,4,dia,15,0,1,none,1,high,0.7214316074693485,41,4,92,2,80,0,2,2,0,1,Action_480p_30fps_10s
1320,1,p4x4,2,1.8245416022471044,0,2,0,-11,38.687654164818326,5:-5,spatial,0,457,3,dia,15,0,1,none,1,high,0.7214316074693485,35,3,195,2,6,0,51,2,0,2,Action_480p_30fps_10s
1320,1,"p8x8,b8x8,i8x8,i4x4",2,1.8245416022471044,0,2,1,2,38.687654164818326,-2:2,spatial,0,435,3,dia,63,0,1,none,1,high,0.7214316074693485,35,3,195,2,4,0,51,2,0,2,Action_480p_30fps_10s
1320,1,p4x4,2,1.8245416022471044,0,2,1,-11,38.687654164818326,5:-5,spatial,0,435,3,dia,15,0,1,none,1,high,0.0796344057295156,35,3,239,13,48,0,64,2,0,2,Action_480p_30fps_10s
1320,1,"p8x8,b8x8,i8x8,i4x4",3,1.8245416022471044,0,2,1,2,38.687654164818326,-2:2,spatial,0,435,3,dia,63,0,1,none,1,high,0.7214316074693485,35,3,195,2,3,0,51,2,0,2,Action_480p_30fps_10s
1320,1,p4x4,2,1.8245416022471044,0,2,1,-11,38.687654164818326,5:-5,spatial,0,435,3,dia,8,0,1,none,1,high,0.0796344057295156,29,15,92,2,80,0,64,2,0,2,Action_480p_30fps_10s
1320,1,p4x4,2,1.8245416022471044,1,2,0,-11,38.687654164818326,5:-5,spatial,0,435,3,esa,15,0,1,none,1,high,0.7214316074693485,35,3,195,2,6,0,51,2,0,2,Action_480p_30fps_10s
1320,1,p4x4,2,1.8245416022471044,0,2,0,-11,36.80003912109306,5:-5,spatial,1,435,3,dia,8,0,1,none,1,high,0.0796344057295156,29,15,92,2,80,0,64,1,0,2,Action_480p_30fps_10s
1320,1,p4x4,3,1.7294028608664858,0,2,0,-11,38.687654164818326,5:-5,temporal,0,120,3,dia,15,0,1,none,1,high,0.7214316074693485,35,3,195,2,38,0,51,2,0,2,Action_480p_30fps_10s
1320,1,"p8x8,b8x8,i8x8,i4x4",2,1.8245416022471044,0,2,1,2,38.687654164818326,-2:2,spatial,0,435,3,umh,63,0,1,none,1,high,0.7214316074693485,35,3,195,2,4,0,51,2,0,2,Action_480p_30fps_10s
1320,1,"p8x8,b8x8,i8x8,i4x4",2,1.8245416022471044,0,2,1,2,38.687654164818326,-2:2,spatial,0,435,3,dia,17,0,1,none,1,high,0.7214316074693485,35,3,195,2,4,0,51,2,0,2,Action_480p_30fps_10s
1320,1,p4x4,2,1.0861631279877222,0,2,1,-11,38.687654164818326,5:-5,spatial,0,435,3,dia,15,0,1,none,1,high,0.7214316074693485,35,3,195,2,59,0,51,2,0,2,Action_480p_30fps_10s
1320,1,p4x4,2,1.8245416022471044,0,2,1,-11,38.687654164818326,5:-5,spatial,0,435,3,dia,8,0,1,none,0,high,0.0796344057295156,29,15,92,2,80,0,31,2,0,2,Action_480p_30fps_10s
1320,1,p4x4,2,1.8245416022471044,0,2,0,-11,38.687654164818326,5:-5,spatial,0,435,3,dia,15,0,1,none,1,high,0.7214316074693485,35,3,14,2,6,0,14,2,0,2,Action_480p_30fps_10s
1436,1,p4x4,2,1.8245416022471044,0,0,0,9,38.687654164818326,5:-5,spatial,0,74,2,dia,15,0,1,none,1,high,0.7214316074693485,44,3,239,13,48,0,64,2,0,2,Action_480p_30fps_10s
1320,1,p4x4,2,1.8245416022471044,0,2,1,-11,38.687654164818326,5:-5,spatial,0,25,3,dia,15,0,1,none,1,baseline,0.7214316074693485,35,3,195,2,38,0,51,0,0,2,Action_480p_30fps_10s
1320,1,p4x4,2,1.8245416022471044,0,2,0,-11,38.687654164818326,5:-5,spatial,0,435,3,dia,8,0,1,none,1,baseline,0.0796344057295156,29,15,92,2,80,0,64,2,0,2,Action_480p_30fps_10s
1320,1,p4x4,2,1.3964506318822836,0,2,1,-11,38.687654164818326,5:-5,spatial,0,74,4,dia,15,0,0,none,1,high,0.7214316074693485,41,4,92,2,80,0,63,2,0,2,Action_480p_30fps_10s
1320,1,p4x4,2,1.8245416022471044,0,2,1,-2,38.687654164818326,-2:2,spatial,0,435,3,umh,63,0,1,none,1,main,0.7214316074693485,35,3,195,2,4,0,51,2,0,2,Action_480p_30fps_10s
1320,1,p4x4,2,1.8245416022471044,0,7,0,-11,38.687654164818326,5:-5,spatial,0,435,3,esa,15,1,1,none,1,high,0.7214316074693485,48,3,195,2,6,0,51,2,0,2,Big_720p_60fps_15s
1320,1,p4x4,2,1.8245416022471044,0,2,0,-11,38.687654164818326,5:-5,spatial,0,435,3,esa,15,1,1,none,1,high,0.7214316074693485,48,3,195,2,6,0,51,2,0,2,Big_720p_60fps_15s
1320,1,p4x4,2,1.8245416022471044,0,2,0,-11,38.687654164818326,5:-5,spatial,0,435,3,esa,14,1,1,none,1,high,0.7214316074693485,48,3,195,2,6,0,51,2,0,2,Big_720p_60fps_15s
1320,1,p4x4,2,1.819922213644557,0,2,0,-11,38.687654164818326,5:-5,spatial,0,74,4,dia,15,1,1,none,1,high,0.7214316074693485,41,4,92,2,80,0,2,2,1,1,Big_720p_60fps_15s
435,1,p4x4,2,1.8245416022471044,0,2,0,-11,38.687654164818326,5:-5,spatial,0,435,3,tesa,14,1,1,none,1,high,0.7214316074693485,48,3,195,2,76,0,51,0,0,1,Big_720p_60fps_15s
1436,1,p4x4,2,1.8245416022471044,0,2,0,-11,38.687654164818326,5:-5,spatial,0,74,4,dia,15,1,1,none,1,high,0.7214316074693485,44,4,92,2,80,0,2,2,1,1,Big_720p_60fps_15s
1320,1,p4x4,2,1.8245416022471044,0,2,0,-11,38.687654164818326,5:-5,spatial,0,435,3,hex,15,1,1,none,1,high,0.7214316074693485,48,3,195,2,6,0,51,2,0,2,Big_720p_60fps_15s
1320,1,p4x4,2,1.8245416022471044,0,2,0,-11,38.687654164818326,5:-5,spatial,0,457,1,umh,15,0,1,none,1,high,0.7214316074693485,41,4,92,2,80,0,2,2,1,2,Big_720p_60fps_15s
1320,1,p4x4,2,1.819922213644557,0,13,0,-11,38.687654164818326,5:-5,spatial,0,291,4,dia,15,0,1,none,1,baseline,0.7214316074693485,31,4,92,2,80,0,2,2,0,1,Big_720p_60fps_15s
435,0,p4x4,2,1.8245416022471044,0,2,0,0,38.687654164818326,5:-5,spatial,0,350,3,tesa,14,1,1,none,1,baseline,0.7214316074693485,48,3,195,2,76,0,2,2,1,1,Big_720p_60fps_15s
1320,1,p4x4,2,1.8245416022471044,0,2,0,-11,38.687654164818326,5:-5,spatial,0,457,1,umh,15,0,1,none,1,high,0.7214316074693485,41,19,92,2,54,0,2,2,1,1,Big_720p_60fps_15s
435,0,p4x4,2,1.8245416022471044,0,9,0,-9,38.687654164818326,5:-5,spatial,0,435,3,tesa,14,1,1,none,1,high,0.7214316074693485,35,3,195,2,4,0,51,2,0,2,Big_720p_60fps_15s
1320,1,p4x4,2,1.8245416022471044,0,2,0,-11,38.687654164818326,5:-5,spatial,0,291,4,esa,15,1,1,none,1,baseline,0.7214316074693485,31,4,92,2,80,0,2,2,0,1,Big_720p_60fps_15s
1320,1,p4x4,2,1.819922213644557,0,13,0,-11,38.687654164818326,5:-5,spatial,0,457,3,dia,28,1,1,none,1,high,0.7214316074693485,35,3,195,2,85,0,51,2,0,2,Big_720p_60fps_15s
1320,1,p4x4,2,1.8245416022471044,0,7,0,6,38.687654164818326,5:-5,spatial,0,435,3,esa,15,1,1,none,1,main,0.7214316074693485,48,3,92,2,80,0,2,2,1,1,Big_720p_60fps_15s
1320,1,p4x4,2,1.8245416022471044,1,8,0,-11,38.687654164818326,5:-5,spatial,0,435,4,esa,15,0,1,none,1,high,0.7214316074693485,41,4,92,2,60,7,2,2,1,2,Big_720p_60fps_15s
1472,1,p4x4,2,1.819922213644557,0,2,0,-11,38.687654164818326,5:-5,spatial,0,74,4,dia,15,1,1,none,0,baseline,0.7214316074693485,41,4,92,2,80,0,10,2,1,1,Big_720p_60fps_15s
1320,1,p4x4,2,1.8245416022471044,0,2,0,-11,38.687654164818326,5:-5,none,0,435,3,esa,26,1,1,none,1,high,0.7214316074693485,48,3,54,2,6,0,51,2,0,2,Big_720p_60fps_15s
1320,1,p4x4,2,1.8245416022471044,0,2,0,-11,38.687654164818326,5:-5,spatial,0,435,3,hex,15,0,1,none,1,high,0.7214316074693485,48,6,92,2,54,0,2,2,1,1,Big_720p_60fps_15s
24,1,p4x4,2,1.8245416022471044,0,2,0,-11,38.687654164818326,5:-5,spatial,0,435,3,tesa,14,1,1,none,1,high,0.7214316074693485,48,3,62,2,76,0,16,0,0,1,Big_720p_60fps_15s
1320,1,p4x4,2,1.8245416022471044,0,2,0,-11,38.687654164818326,5:-5,spatial,0,435,3,dia,15,0,1,none,1,high,0.7214316074693485,35,3,195,2,6,0,51,2,0,2,Big_1080p_25fps_10s
1320,1,p4x4,2,1.8245416022471044,0,2,0,-11,38.687654164818326,5:-5,spatial,0,74,4,dia,15,0,1,none,1,high,0.7214316074693485,41,4,92,2,80,0,2,2,0,1,Big_1080p_25fps_10s
1320,1,p4x4,2,1.8245416022471044,0,2,0,-11,38.687654164818326,5:-5,spatial,0,457,3,dia,15,0,1,none,1,high,0.7214316074693485,35,3,195,2,6,0,51,2,0,2,Big_1080p_25fps_10s
1320,1,"p8x8,b8x8,i8x8,i4x4",2,1.8245416022471044,0,2,1,2,38.687654164818326,-2:2,spatial,0,435,3,dia,63,0,1,none,1,high,0.7214316074693485,35,3,195,2,4,0,51,2,0,2,Big_1080p_25fps_10s
1320,1,p4x4,2,1.8245416022471044,0,2,1,-11,38.687654164818326,5:-5,spatial,0,435,3,dia,15,0,1,none,1,high,0.0796344057295156,35,3,239,13,48,0,64,2,0,2,Big_1080p_25fps_10s
1320,1,"p8x8,b8x8,i8x8,i4x4",3,1.8245416022471044,0,2,1,2,38.687654164818326,-2:2,spatial,0,435,3,dia,63,0,1,none,1,high,0.7214316074693485,35,3,195,2,3,0,51,2,0,2,Big_1080p_25fps_10s
1320,1,p4x4,2,1.8245416022471044,1,2,0,-11,38.687654164818326,5:-5,spatial,0,435,3,esa,15,0,1,none,1,high,0.7214316074693485,35,3,195,2,6,0,51,2,0,2,Big_1080p_25fps_10s
1320,1,p4x4,2,1.8245416022471044,0,2,1,-11,38.687654164818326,5:-5,spatial,0,435,3,dia,8,0,1,none,1,high,0.0796344057295156,29,15,92,2,80,0,64,2,0,2,Big_1080p_25fps_10s
1320,1,p4x4,2,1.8245416022471044,0,2,0,-11,36.80003912109306,5:-5,spatial,1,435,3,dia,8,0,1,none,1,high,0.0796344057295156,29,15,92,2,80,0,64,1,0,2,Big_1080p_25fps_10s
1320,1,p4x4,3,1.7294028608664858,0,2,0,-11,38.687654164818326,5:-5,temporal,0,120,3,dia,15,0,1,none,1,high,0.7214316074693485,35,3,195,2,38,0,51,2,0,2,Big_1080p_25fps_10s
1320,1,p4x4,2,1.8245416022471044,0,2,1,-11,38.687654164818326,5:-5,spatial,0,435,3,dia,8,0,1,none,1,high,0.0796344057295156,29,15,227,2,61,4,64,2,0,2,Big_1080p_25fps_10s
1320,1,p4x4,2,1.8245416022471044,0,2,1,-11,38.687654164818326,5:-5,spatial,0,435,3,dia,15,0,1,none,1,high,0.7214316074693485,37,3,195,2,6,0,51,2,0,2,Big_1080p_25fps_10s
1320,1,p4x4,3,1.7294028608664858,0,2,0,-11,38.687654164818326,5:-5,temporal,0,120,3,dia,15,1,1,none,1,high,0.7214316074693485,35,3,195,2,38,0,51,2,0,2,Big_1080p_25fps_10s
1320,1,p4x4,2,1.617832522410204,0,2,1,-11,38.687654164818326,5:-5,spatial,0,339,3,dia,63,0,1,none,1,high,0.7214316074693485,35,3,195,2,3,0,51,2,0,2,Big_1080p_25fps_10s
1320,1,p4x4,2,1.4090093734399498,0,2,1,-11,38.687654164818326,5:-5,spatial,0,435,3,dia,8,0,1,none,1,high,0.0796344057295156,29,15,92,2,82,0,64,2,0,1,Big_1080p_25fps_10s
1320,1,p4x4,2,1.8245416022471044,0,2,0,-11,38.687654164818326,5:-5,spatial,0,74,4,dia,15,0,1,none,1,high,0.7214316074693485,41,4,92,2,80,0,31,2,0,1,Big_1080p_25fps_10s
1320,1,p4x4,1,1.5410656472611937,0,2,0,-7,38.687654164818326,5:-5,spatial,0,435,3,dia,15,0,1,none,1,high,0.7214316074693485,35,3,195,2,4,0,13,2,0,2,Big_1080p_25fps_10s
1320,1,"p8x8,b8x8,i8x8,i4x4",2,1.8245416022471044,0,2,1,2,38.687654164818326,-2:2,spatial,0,435,3,dia,15,0,1,none,1,high,0.0796344057295156,35,3,239,13,48,0,64,2,0,2,Big_1080p_25fps_10s
1320,1,p4x4,2,1.8245416022471044,0,2,0,-11,38.687654164818326,5:-5,spatial,0,435,3,esa,15,0,1,none,1,high,0.8787041831230856,35,3,195,2,6,0,51,1,1,2,Big_1080p_25fps_10s
1320,1,"p8x8,b8x8,i8x8,i4x4",2,1.8245416022471044,0,2,1,2,38.687654164818326,-2:2,spatial,0,435,3,esa,15,0,1,none,1,high,0.8787041831230856,35,3,195,8,6,0,51,1,1,2,Big_1080p_25fps_10s
1320,1,p4x4,2,1.8245416022471044,0,2,0,-11,38.687654164818326,5:-5,spatial,0,435,3,dia,15,0,1,none,1,high,0.7214316074693485,35,3,195,2,6,0,51,2,0,2,Action_1080p_25fps_10s
1320,1,p4x4,2,1.8245416022471044,0,2,0,-11,38.687654164818326,5:-5,spatial,0,74,4,dia,15,0,1,none,1,high,0.7214316074693485,41,4,92,2,80,0,2,2,0,1,Action_1080p_25fps_10s
1320,1,p4x4,2,1.8245416022471044,0,2,0,-11,38.687654164818326,5:-5,spatial,0,457,3,dia,15,0,1,none,1,high,0.7214316074693485,35,3,195,2,6,0,51,2,0,2,Action_1080p_25fps_10s
1320,1,"p8x8,b8x8,i8x8,i4x4",2,1.8245416022471044,0,2,1,2,38.687654164818326,-2:2,spatial,0,435,3,dia,63,0,1,none,1,high,0.7214316074693485,35,3,195,2,4,0,51,2,0,2,Action_1080p_25fps_10s
1320,1,p4x4,2,1.8245416022471044,0,2,1,-11,38.687654164818326,5:-5,spatial,0,435,3,dia,15,0,1,none,1,high,0.0796344057295156,35,3,239,13,48,0,64,2,0,2,Action_1080p_25fps_10s
1320,1,"p8x8,b8x8,i8x8,i4x4",3,1.8245416022471044,0,2,1,2,38.687654164818326,-2:2,spatial,0,435,3,dia,63,0,1,none,1,high,0.7214316074693485,35,3,195,2,3,0,51,2,0,2,Action_1080p_25fps_10s
1320,1,p4x4,2,1.8245416022471044,0,2,1,-11,38.687654164818326,5:-5,spatial,0,435,3,dia,8,0,1,none,1,high,0.0796344057295156,29,15,92,2,80,0,64,2,0,2,Action_1080p_25fps_10s
1320,1,p4x4,2,1.8245416022471044,1,2,0,-11,38.687654164818326,5:-5,spatial,0,435,3,esa,15,0,1,none,1,high,0.7214316074693485,35,3,195,2,6,0,51,2,0,2,Action_1080p_25fps_10s
1320,1,p4x4,2,1.8245416022471044,0,2,0,-11,36.80003912109306,5:-5,spatial,1,435,3,dia,8,0,1,none,1,high,0.0796344057295156,29,15,92,2,80,0,64,1,0,2,Action_1080p_25fps_10s
1320,1,p4x4,3,1.7294028608664858,0,2,0,-11,38.687654164818326,5:-5,temporal,0,120,3,dia,15,0,1,none,1,high,0.7214316074693485,35,3,195,2,38,0,51,2,0,2,Action_1080p_25fps_10s
1320,1,p4x4,0,1.8245416022471044,0,2,1,-11,38.687654164818326,5:-5,spatial,0,435,3,esa,8,0,1,none,1,high,0.0796344057295156,29,15,92,2,80,0,64,2,0,2,Action_1080p_25fps_10s
1320,1,p4x4,2,1.9649953169839007,1,2,0,-11,38.687654164818326,5:-5,spatial,0,435,3,esa,15,0,1,none,1,high,0.7214316074693485,35,3,195,2,39,0,51,2,0,2,Action_1080p_25fps_10s
1320,1,p8x8,2,1.8245416022471044,0,2,1,-11,38.687654164818326,5:-5,spatial,0,435,3,dia,15,0,1,none,1,high,0.0796344057295156,35,3,133,13,48,0,64,2,0,2,Action_1080p_25fps_10s
2006,1,p4x4,3,1.8245416022471044,1,2,0,-11,39.157490216614654,5:-5,spatial,0,74,4,hex,15,0,1,none,1,high,0.2894131832765896,44,4,92,2,80,0,2,2,0,1,Action_1080p_25fps_10s
1320,1,p4x4,2,1.8245416022471044,0,2,0,-11,19.482663408782305,5:-5,spatial,0,457,3,dia,15,0,1,none,1,high,0.3397879849945255,35,8,23,15,6,0,51,2,0,1,Action_1080p_25fps_10s
1320,1,p4x4,2,1.8245416022471044,1,2,0,-11,36.80003912109306,5:-5,spatial,1,257,3,tesa,8,0,1,none,1,high,0.0796344057295156,29,15,60,2,80,0,0,0,0,2,Action_1080p_25fps_10s
815,1,"p8x8,b8x8,i8x8,i4x4",3,1.8245416022471044,0,2,1,2,38.687654164818326,-2:2,spatial,0,435,3,dia,15,0,1,none,0,high,0.7214316074693485,35,3,195,2,38,0,51,2,0,2,Action_1080p_25fps_10s
1320,1,none,2,1.8245416022471044,0,2,1,2,38.687654164818326,5:-5,spatial,0,120,3,dia,15,0,1,none,1,high,0.7214316074693485,35,3,195,2,38,3,51,2,0,2,Action_1080p_25fps_10s
815,1,p4x4,3,1.8245416022471044,0,2,1,1,38.687654164818326,-2:2,spatial,0,435,3,dia,15,0,1,none,1,high,0.3397879849945255,28,8,23,15,6,0,51,2,0,1,Action_1080p_25fps_10s
1320,1,p4x4,2,1.8245416022471044,1,2,1,-11,36.80003912109306,5:-5,spatial,0,257,3,tesa,8,0,1,none,1,high,0.0796344057295156,29,15,60,2,80,0,0,0,0,2,Action_1080p_25fps_10s
1032,1,p4x4,0,1.8245416022471044,0,2,1,-1,38.687654164818326,5:-5,spatial,1,10,3,dia,8,0,1,none,1,baseline,0.0796344057295156,29,4,92,2,80,9,64,2,0,1,Action_480p_25fps_20s
1320,1,p4x4,2,1.8245416022471044,0,2,0,-11,38.687654164818326,5:-5,spatial,0,435,3,dia,15,0,1,none,1,high,0.7214316074693485,35,3,195,2,6,0,51,2,0,2,Action_480p_25fps_20s
1320,1,p4x4,2,1.8245416022471044,0,2,0,-11,38.687654164818326,5:-5,spatial,0,74,4,dia,15,0,1,none,1,high,0.7214316074693485,41,4,92,2,80,0,2,2,0,1,Action_480p_25fps_20s
1320,1,p4x4,2,1.8245416022471044,0,2,0,-11,38.687654164818326,5:-5,spatial,0,457,3,dia,15,0,1,none,1,high,0.7214316074693485,35,3,195,2,6,0,51,2,0,2,Action_480p_25fps_20s
1320,1,"p8x8,b8x8,i8x8,i4x4",2,1.8245416022471044,0,2,1,2,38.687654164818326,-2:2,spatial,0,435,3,dia,63,0,1,none,1,high,0.7214316074693485,35,3,195,2,4,0,51,2,0,2,Action_480p_25fps_20s
1320,1,p4x4,2,1.8245416022471044,0,2,1,-11,38.687654164818326,5:-5,spatial,0,435,3,dia,15,0,1,none,1,high,0.0796344057295156,35,3,239,13,48,0,64,2,0,2,Action_480p_25fps_20s
1320,1,"p8x8,b8x8,i8x8,i4x4",3,1.8245416022471044,0,2,1,2,38.687654164818326,-2:2,spatial,0,435,3,dia,63,0,1,none,1,high,0.7214316074693485,35,3,195,2,3,0,51,2,0,2,Action_480p_25fps_20s
1320,1,p4x4,2,1.8245416022471044,0,2,1,-11,38.687654164818326,5:-5,spatial,0,435,3,dia,8,0,1,none,1,high,0.0796344057295156,29,15,92,2,80,0,64,2,0,2,Action_480p_25fps_20s
1320,1,p4x4,2,1.8245416022471044,1,2,0,-11,38.687654164818326,5:-5,spatial,0,435,3,esa,15,0,1,none,1,high,0.7214316074693485,35,3,195,2,6,0,51,2,0,2,Action_480p_25fps_20s
1320,1,p4x4,2,1.8245416022471044,0,2,0,-11,36.80003912109306,5:-5,spatial,1,435,3,dia,8,0,1,none,1,high,0.0796344057295156,29,15,92,2,80,0,64,1,0,2,Action_480p_25fps_20s
1320,1,p4x4,3,1.7294028608664858,0,2,0,-11,38.687654164818326,5:-5,temporal,0,120,3,dia,15,0,1,none,1,high,0.7214316074693485,35,3,195,2,38,0,51,2,0,2,Action_480p_25fps_20s
1320,1,"p8x8,b8x8,i8x8,i4x4",2,1.8245416022471044,0,2,1,2,38.687654164818326,-2:2,spatial,0,435,3,dia,63,0,1,none,1,high,0.7214316074693485,35,3,195,2,4,0,23,2,0,2,Action_480p_25fps_20s
1320,1,p4x4,2,1.8245416022471044,0,2,1,-1,38.687654164818326,5:-5,spatial,1,435,3,dia,8,0,1,none,1,high,0.0796344057295156,29,4,92,2,80,9,64,2,0,2,Action_480p_25fps_20s
1320,1,p4x4,2,1.8245416022471044,0,2,1,-11,38.687654164818326,5:-5,spatial,0,435,3,dia,15,0,1,none,1,high,0.9954085517614424,35,3,239,13,48,0,64,1,0,0,Action_480p_25fps_20s
1476,1,p4x4,2,1.8245416022471044,0,2,0,-11,38.687654164818326,5:-5,spatial,0,457,1,tesa,15,0,1,none,1,high,0.7214316074693485,35,3,195,2,3,0,51,2,0,2,Action_480p_25fps_20s
1320,1,p4x4,2,1.8245416022471044,0,2,0,-11,38.687654164818326,5:-5,spatial,0,457,3,dia,15,0,1,none,1,high,0.7214316074693485,35,3,58,2,6,0,51,2,0,1,Action_480p_25fps_20s
1320,1,p4x4,2,1.8245416022471044,0,2,0,-11,38.687654164818326,5:-5,spatial,0,435,3,dia,8,0,1,none,0,high,0.0796344057295156,29,15,92,2,80,0,64,2,0,2,Action_480p_25fps_20s
1320,1,p4x4,2,1.8245416022471044,0,2,0,-11,38.687654164818326,5:-5,spatial,0,457,3,dia,15,0,1,none,1,high,0.7214316074693485,35,3,195,2,6,0,33,2,0,2,Action_480p_25fps_20s
1320,1,p4x4,3,1.8245416022471044,0,2,1,-11,38.687654164818326,4:-4,none,0,84,3,dia,15,0,0,none,1,high,0.0796344057295156,35,3,92,1,80,0,26,2,0,0,Action_480p_25fps_20s
1174,1,p4x4,2,1.8245416022471044,0,2,1,-11,48.60896563742468,5:-5,spatial,0,435,3,dia,15,0,1,none,1,high,0.0796344057295156,46,3,195,2,30,0,51,2,0,2,Action_480p_25fps_20s
1320,1,"p8x8,b8x8,i8x8,i4x4",2,1.8245416022471044,0,2,1,2,38.687654164818326,-2:2,spatial,0,435,3,dia,63,0,1,none,1,high,0.7214316074693485,35,3,195,2,4,0,51,2,0,2,Big_480p_30fps_15s
1320,1,p4x4,2,1.8245416022471044,0,2,0,-11,38.687654164818326,5:-5,spatial,0,435,3,dia,15,0,1,none,1,high,0.7214316074693485,35,3,195,2,6,0,51,2,0,2,Big_480p_30fps_15s
1320,1,p4x4,2,1.8245416022471044,0,2,0,-11,38.687654164818326,5:-5,spatial,0,74,4,dia,15,0,1,none,1,high,0.7214316074693485,41,4,92,2,80,0,2,2,0,1,Big_480p_30fps_15s
1320,1,p4x4,2,1.8245416022471044,0,2,0,-11,38.687654164818326,5:-5,spatial,0,457,3,dia,15,0,1,none,1,high,0.7214316074693485,35,3,195,2,6,0,51,2,0,2,Big_480p_30fps_15s
1320,1,p4x4,2,1.8245416022471044,0,2,1,-11,38.687654164818326,5:-5,spatial,0,435,3,dia,15,0,1,none,1,high,0.0796344057295156,35,3,239,13,48,0,64,2,0,2,Big_480p_30fps_15s
1320,1,"p8x8,b8x8,i8x8,i4x4",3,1.8245416022471044,0,2,1,2,38.687654164818326,-2:2,spatial,0,435,3,dia,63,0,1,none,1,high,0.7214316074693485,35,3,195,2,3,0,51,2,0,2,Big_480p_30fps_15s
1320,1,p4x4,2,1.8245416022471044,1,2,0,-11,38.687654164818326,5:-5,spatial,0,435,3,esa,15,0,1,none,1,high,0.7214316074693485,35,3,195,2,6,0,51,2,0,2,Big_480p_30fps_15s
1320,1,p4x4,2,1.8245416022471044,0,2,1,-11,38.687654164818326,5:-5,spatial,0,435,3,dia,8,0,1,none,1,high,0.0796344057295156,29,15,92,2,80,0,64,2,0,2,Big_480p_30fps_15s
1320,1,p4x4,2,1.8245416022471044,0,2,0,-11,36.80003912109306,5:-5,spatial,1,435,3,dia,8,0,1,none,1,high,0.0796344057295156,29,15,92,2,80,0,64,1,0,2,Big_480p_30fps_15s
1320,1,p4x4,3,1.7294028608664858,0,2,0,-11,38.687654164818326,5:-5,temporal,0,120,3,dia,15,0,1,none,1,high,0.7214316074693485,35,3,195,2,38,0,51,2,0,2,Big_480p_30fps_15s
1320,1,"p8x8,b8x8,i8x8,i4x4",2,1.8245416022471044,1,2,1,2,38.687654164818326,-2:2,spatial,0,457,3,dia,15,0,1,none,1,high,0.7214316074693485,35,3,231,2,6,0,51,2,0,2,Big_480p_30fps_15s
1320,1,p4x4,2,1.8245416022471044,0,2,0,-11,38.687654164818326,-1:1,spatial,0,74,4,dia,15,0,1,none,1,high,0.7214316074693485,35,3,195,9,6,0,27,2,0,2,Big_480p_30fps_15s
1320,1,p4x4,2,1.8245416022471044,0,7,1,-11,38.687654164818326,5:-5,spatial,0,435,3,tesa,63,0,1,cbr,1,high,0.7214316074693485,35,3,195,2,3,0,51,2,0,2,Big_480p_30fps_15s
1320,1,p4x4,2,1.650420363547847,0,2,1,-11,38.687654164818326,5:-5,spatial,0,435,3,dia,15,0,1,none,1,high,0.7214316074693485,35,3,195,2,6,0,51,2,0,2,Big_480p_30fps_15s
1320,1,p4x4,2,1.8245416022471044,0,2,1,-11,38.687654164818326,5:-5,spatial,0,435,3,dia,8,0,1,none,1,high,0.7214316074693485,39,3,195,2,76,0,51,0,0,1,Big_480p_30fps_15s
1320,1,p4x4,2,1.8245416022471044,2,2,1,-11,38.687654164818326,5:-5,spatial,0,435,3,dia,15,0,1,none,1,high,0.7214316074693485,35,3,195,2,6,0,51,2,0,2,Big_480p_30fps_15s
435,0,p4x4,2,1.8245416022471044,0,2,0,0,38.687654164818326,5:-5,spatial,0,350,3,tesa,14,0,1,none,1,high,0.0796344057295156,29,15,92,5,80,0,64,1,0,1,Big_480p_30fps_15s
1320,1,p4x4,3,1.7294028608664858,1,5,0,-11,38.687654164818326,5:-5,temporal,0,120,3,dia,6,0,1,none,1,high,0.0796344057295156,29,15,92,2,80,0,64,2,0,2,Big_480p_30fps_15s
1320,1,p4x4,3,1.8245416022471044,1,2,0,-11,38.687654164818326,5:-5,spatial,0,435,3,dia,15,0,0,none,1,high,0.7214316074693485,35,3,195,2,4,0,51,2,0,2,Big_480p_30fps_15s
1320,1,"p8x8,b8x8,i8x8,i4x4",2,1.8245416022471044,0,2,1,2,38.687654164818326,-2:2,spatial,0,435,3,dia,63,0,1,none,0,high,0.0467550351254088,35,3,231,2,6,0,51,2,0,2,Big_480p_30fps_15s
1320,1,p4x4,2,1.8245416022471044,0,7,0,-11,38.687654164818326,5:-5,spatial,0,435,3,esa,15,1,1,none,1,high,0.7214316074693485,48,3,195,2,6,0,51,2,0,2,Standard_720p_30fps_5s
1320,1,p4x4,2,1.8245416022471044,0,2,0,-11,38.687654164818326,5:-5,spatial,0,435,3,esa,15,1,1,none,1,high,0.7214316074693485,48,3,195,2,6,0,51,2,0,2,Standard_720p_30fps_5s
1320,1,p4x4,2,1.8245416022471044,0,2,0,-11,38.687654164818326,5:-5,spatial,0,435,3,esa,14,1,1,none,1,high,0.7214316074693485,48,3,195,2,6,0,51,2,0,2,Standard_720p_30fps_5s
435,1,p4x4,2,1.8245416022471044,0,2,0,-11,38.687654164818326,5:-5,spatial,0,435,3,tesa,14,1,1,none,1,high,0.7214316074693485,48,3,195,2,76,0,51,0,0,1,Standard_720p_30fps_5s
1320,1,p4x4,2,1.819922213644557,0,2,0,-11,38.687654164818326,5:-5,spatial,0,74,4,dia,15,1,1,none,1,high,0.7214316074693485,41,4,92,2,80,0,2,2,1,1,Standard_720p_30fps_5s
1320,1,p4x4,2,1.8245416022471044,0,2,0,-11,38.687654164818326,5:-5,spatial,0,435,3,hex,15,1,1,none,1,high,0.7214316074693485,48,3,195,2,6,0,51,2,0,2,Standard_720p_30fps_5s
435,0,p4x4,2,1.8245416022471044,0,2,0,0,38.687654164818326,5:-5,spatial,0,350,3,tesa,14,1,1,none,1,baseline,0.7214316074693485,48,3,195,2,76,0,2,2,1,1,Standard_720p_30fps_5s
1436,1,p4x4,2,1.8245416022471044,0,2,0,-11,38.687654164818326,5:-5,spatial,0,74,4,dia,15,1,1,none,1,high,0.7214316074693485,44,4,92,2,80,0,2,2,1,1,Standard_720p_30fps_5s
1320,1,p4x4,2,1.8245416022471044,0,2,0,-11,38.687654164818326,5:-5,spatial,0,457,1,umh,15,0,1,none,1,high,0.7214316074693485,41,4,92,2,80,0,2,2,1,2,Standard_720p_30fps_5s
1320,1,p4x4,2,1.819922213644557,0,13,0,-11,38.687654164818326,5:-5,spatial,0,291,4,dia,15,0,1,none,1,baseline,0.7214316074693485,31,4,92,2,80,0,2,2,0,1,Standard_720p_30fps_5s
1320,1,p4x4,2,1.7239800916866286,1,7,1,-11,38.687654164818326,5:-5,spatial,0,345,4,dia,15,1,1,none,1,high,0.7214316074693485,41,4,92,2,80,0,2,0,1,1,Standard_720p_30fps_5s
435,0,p4x4,2,1.8245416022471044,0,2,0,0,38.687654164818326,5:-5,spatial,0,117,3,hex,15,1,1,none,1,high,0.7214316074693485,48,3,195,2,6,6,51,2,0,2,Standard_720p_30fps_5s
1320,1,p4x4,2,1.8245416022471044,0,2,1,-11,38.687654164818326,5:-5,spatial,0,350,3,tesa,14,1,1,none,1,baseline,0.7214316074693485,48,3,195,2,76,0,2,2,1,1,Standard_720p_30fps_5s
1320,1,p4x4,2,1.8245416022471044,0,2,0,-11,38.687654164818326,5:-5,auto,0,74,4,dia,15,1,1,none,1,high,0.7214316074693485,41,4,92,2,80,0,2,2,1,1,Standard_720p_30fps_5s
435,1,p4x4,0,1.8245416022471044,0,2,0,-11,21.754765735355893,5:-5,spatial,0,435,3,tesa,14,0,1,none,1,high,0.7214316074693485,44,4,92,2,80,0,2,2,1,1,Standard_720p_30fps_5s
1320,1,"p8x8,b8x8,i8x8,i4x4",0,1.8245416022471044,0,2,1,2,15.81762424310736,-2:2,spatial,0,435,3,dia,14,1,1,none,1,high,0.7214316074693485,48,3,67,2,76,0,2,2,1,1,Standard_720p_30fps_5s
1320,1,p4x4,2,1.8245416022471044,0,2,0,-11,38.687654164818326,5:-5,spatial,0,457,1,dia,15,0,1,none,1,main,0.7214316074693485,41,4,92,2,80,0,2,2,1,2,Standard_720p_30fps_5s
1320,1,p4x4,2,1.8245416022471044,0,2,0,-11,38.687654164818326,5:-5,spatial,0,435,0,dia,15,1,1,none,1,high,0.7214316074693485,48,3,195,2,6,0,51,2,1,2,Standard_720p_30fps_5s
1320,1,p4x4,2,1.8245416022471044,0,14,0,-11,38.687654164818326,5:-5,spatial,1,457,1,umh,15,0,1,none,1,high,0.7214316074693485,41,4,92,2,80,0,2,2,1,2,Standard_720p_30fps_5s
1320,1,p4x4,2,1.8245416022471044,0,2,0,-11,3.643598341057589,5:-5,spatial,0,435,3,esa,15,1,1,none,1,high,0.7214316074693485,48,3,195,2,6,0,51,0,0,2,Standard_720p_30fps_5s
1320,1,"p8x8,b8x8,i8x8,i4x4",2,1.8245416022471044,0,2,1,2,38.687654164818326,-2:2,spatial,0,435,3,dia,63,0,1,none,1,high,0.7214316074693485,35,3,195,2,4,0,51,2,0,2,Still_image_1080p_60fps_15s
1320,1,p4x4,2,1.8245416022471044,0,2,0,-11,38.687654164818326,5:-5,spatial,0,435,3,dia,15,0,1,none,1,high,0.7214316074693485,35,3,195,2,6,0,51,2,0,2,Still_image_1080p_60fps_15s
1320,1,p4x4,2,1.8245416022471044,0,2,0,-11,38.687654164818326,5:-5,spatial,0,74,4,dia,15,0,1,none,1,high,0.7214316074693485,41,4,92,2,80,0,2,2,0,1,Still_image_1080p_60fps_15s
1320,1,p4x4,2,1.8245416022471044,0,2,0,-11,38.687654164818326,5:-5,spatial,0,457,3,dia,15,0,1,none,1,high,0.7214316074693485,35,3,195,2,6,0,51,2,0,2,Still_image_1080p_60fps_15s
1320,1,p4x4,2,1.8245416022471044,0,2,1,-11,38.687654164818326,5:-5,spatial,0,435,3,dia,15,0,1,none,1,high,0.0796344057295156,35,3,239,13,48,0,64,2,0,2,Still_image_1080p_60fps_15s
1320,1,"p8x8,b8x8,i8x8,i4x4",3,1.8245416022471044,0,2,1,2,38.687654164818326,-2:2,spatial,0,435,3,dia,63,0,1,none,1,high,0.7214316074693485,35,3,195,2,3,0,51,2,0,2,Still_image_1080p_60fps_15s
1320,1,p4x4,2,1.8245416022471044,1,2,0,-11,38.687654164818326,5:-5,spatial,0,435,3,esa,15,0,1,none,1,high,0.7214316074693485,35,3,195,2,6,0,51,2,0,2,Still_image_1080p_60fps_15s
1320,1,p4x4,2,1.8245416022471044,0,2,1,-11,38.687654164818326,5:-5,spatial,0,435,3,dia,8,0,1,none,1,high,0.0796344057295156,29,15,92,2,80,0,64,2,0,2,Still_image_1080p_60fps_15s
1320,1,p4x4,2,1.8245416022471044,0,2,0,-11,36.80003912109306,5:-5,spatial,1,435,3,dia,8,0,1,none,1,high,0.0796344057295156,29,15,92,2,80,0,64,1,0,2,Still_image_1080p_60fps_15s
1320,1,p4x4,3,1.7294028608664858,0,2,0,-11,38.687654164818326,5:-5,temporal,0,120,3,dia,15,0,1,none,1,high,0.7214316074693485,35,3,195,2,38,0,51,2,0,2,Still_image_1080p_60fps_15s
1320,1,p4x4,3,1.7294028608664858,0,2,0,-11,38.687654164818326,5:-5,temporal,0,120,3,dia,15,0,1,none,1,high,0.7214316074693485,35,3,221,2,38,0,64,1,0,2,Still_image_1080p_60fps_15s
2,1,p4x4,3,1.7294028608664858,0,2,0,7,38.687654164818326,1:1,temporal,0,120,3,dia,15,0,1,none,1,high,0.3819765891155299,35,3,196,2,38,0,51,2,0,2,Still_image_1080p_60fps_15s
1320,1,p4x4,3,1.7294028608664858,0,2,1,-11,38.687654164818326,5:-5,spatial,0,120,3,dia,15,0,0,none,1,high,0.4656771502101967,35,3,195,10,38,0,51,2,0,2,Still_image_1080p_60fps_15s
1320,1,"p8x8,b8x8,i8x8,i4x4",3,1.8245416022471044,0,2,0,-11,38.687654164818326,5:-5,spatial,0,457,3,dia,15,0,1,none,1,high,0.7214316074693485,35,3,195,2,6,0,51,1,0,2,Still_image_1080p_60fps_15s
1320,1,p4x4,2,1.8245416022471044,0,2,0,-11,36.80003912109306,5:-5,spatial,1,435,3,dia,8,0,1,none,1,high,0.0796344057295156,29,15,202,2,4,0,51,1,0,2,Still_image_1080p_60fps_15s
1320,1,p4x4,2,1.8245416022471044,0,2,0,-11,36.80003912109306,5:-5,spatial,0,457,1,dia,15,0,1,none,1,high,0.7214316074693485,35,3,195,2,6,0,51,2,1,2,Still_image_1080p_60fps_15s
1320,0,p4x4,2,1.8245416022471044,0,2,1,-11,38.687654164818326,5:-5,spatial,0,435,3,dia,8,0,0,none,1,high,0.7214316074693485,35,3,195,2,6,0,51,2,0,2,Still_image_1080p_60fps_15s
245,1,p4x4,2,1.8245416022471044,0,2,1,-11,36.80003912109306,5:-5,spatial,0,435,3,hex,8,0,1,none,1,high,0.0796344057295156,29,15,92,2,80,0,2,2,0,1,Still_image_1080p_60fps_15s
1320,1,p4x4,3,1.7294028608664858,0,2,0,-11,38.687654164818326,5:-5,temporal,0,120,3,dia,15,0,1,none,1,baseline,0.7214316074693485,35,3,195,2,38,0,51,2,0,2,Still_image_1080p_60fps_15s
1320,1,p4x4,3,1.7294028608664858,0,2,1,-11,38.687654164818326,5:-5,spatial,0,197,3,dia,15,0,0,none,1,high,0.4656771502101967,35,12,79,10,38,0,51,1,0,2,Still_image_1080p_60fps_15s
1320,1,p4x4,2,1.8245416022471044,0,7,0,-11,38.687654164818326,5:-5,spatial,0,435,3,esa,15,1,1,none,1,high,0.7214316074693485,48,3,195,2,6,0,51,2,0,2,Standard_480p_25fps_20s
1320,1,p4x4,2,1.8245416022471044,0,2,0,-11,38.687654164818326,5:-5,spatial,0,435,3,esa,15,1,1,none,1,high,0.7214316074693485,48,3,195,2,6,0,51,2,0,2,Standard_480p_25fps_20s
1320,1,p4x4,2,1.8245416022471044,0,2,0,-11,38.687654164818326,5:-5,spatial,0,435,3,esa,14,1,1,none,1,high,0.7214316074693485,48,3,195,2,6,0,51,2,0,2,Standard_480p_25fps_20s
435,1,p4x4,2,1.8245416022471044,0,2,0,-11,38.687654164818326,5:-5,spatial,0,435,3,tesa,14,1,1,none,1,high,0.7214316074693485,48,3,195,2,76,0,51,0,0,1,Standard_480p_25fps_20s
1320,1,p4x4,2,1.819922213644557,0,2,0,-11,38.687654164818326,5:-5,spatial,0,74,4,dia,15,1,1,none,1,high,0.7214316074693485,41,4,92,2,80,0,2,2,1,1,Standard_480p_25fps_20s
1320,1,p4x4,2,1.8245416022471044,0,2,0,-11,38.687654164818326,5:-5,spatial,0,435,3,hex,15,1,1,none,1,high,0.7214316074693485,48,3,195,2,6,0,51,2,0,2,Standard_480p_25fps_20s
435,0,p4x4,2,1.8245416022471044,0,2,0,0,38.687654164818326,5:-5,spatial,0,350,3,tesa,14,1,1,none,1,baseline,0.7214316074693485,48,3,195,2,76,0,2,2,1,1,Standard_480p_25fps_20s
1436,1,p4x4,2,1.8245416022471044,0,2,0,-11,38.687654164818326,5:-5,spatial,0,74,4,dia,15,1,1,none,1,high,0.7214316074693485,44,4,92,2,80,0,2,2,1,1,Standard_480p_25fps_20s
1320,1,p4x4,2,1.8245416022471044,0,2,0,-11,38.687654164818326,5:-5,spatial,0,457,1,umh,15,0,1,none,1,high,0.7214316074693485,41,4,92,2,80,0,2,2,1,2,Standard_480p_25fps_20s
1320,1,p4x4,2,1.819922213644557,0,13,0,-11,38.687654164818326,5:-5,spatial,0,291,4,dia,15,0,1,none,1,baseline,0.7214316074693485,31,4,92,2,80,0,2,2,0,1,Standard_480p_25fps_20s
1320,1,p4x4,2,1.9835703071312232,0,2,0,-11,38.687654164818326,5:-5,spatial,0,353,3,esa,15,1,1,none,1,high,0.7214316074693485,48,3,195,2,4,0,51,2,0,1,Standard_480p_25fps_20s
1559,1,p4x4,1,1.8245416022471044,0,2,0,-11,38.687654164818326,5:-5,spatial,0,74,4,hex,15,1,1,none,1,high,0.7214316074693485,44,4,92,2,80,0,2,2,1,1,Standard_480p_25fps_20s
1320,1,"p8x8,b8x8,i8x8,i4x4",3,1.8245416022471044,0,2,0,0,38.687654164818326,5:-5,spatial,0,350,2,umh,14,1,1,none,1,baseline,0.7214316074693485,48,3,195,2,76,0,2,1,1,1,Standard_480p_25fps_20s
1320,1,p4x4,2,0.8617367849764486,0,2,0,-11,38.687654164818326,5:-5,spatial,0,262,3,esa,14,0,1,none,1,high,0.9882218556581384,41,4,92,2,80,0,2,0,1,2,Standard_480p_25fps_20s
1436,1,p4x4,2,1.8245416022471044,0,2,0,-11,38.687654164818326,5:-5,spatial,0,74,4,dia,15,1,1,none,1,high,0.7214316074693485,44,4,92,2,80,0,2,2,0,1,Standard_480p_25fps_20s
435,0,p4x4,2,1.8245416022471044,0,2,0,0,4.136230426514159,5:-5,spatial,1,350,3,tesa,14,1,1,none,1,baseline,0.7214316074693485,48,3,195,2,76,0,2,2,1,0,Standard_480p_25fps_20s
1320,1,"p8x8,b8x8,i8x8,i4x4",2,1.8245416022471044,0,2,0,0,38.687654164818326,5:-5,spatial,0,350,3,tesa,14,1,1,none,1,baseline,0.7214316074693485,48,3,198,2,76,3,2,2,1,1,Standard_480p_25fps_20s
435,1,p4x4,3,1.99532290453396,0,8,0,0,4.136230426514159,5:-5,spatial,0,350,3,tesa,14,1,1,none,1,baseline,0.7214316074693485,48,3,198,2,76,3,2,2,1,1,Standard_480p_25fps_20s
1320,1,p4x4,2,1.8245416022471044,0,7,0,-11,38.687654164818326,-3:3,spatial,0,457,1,umh,15,1,1,none,1,high,0.7214316074693485,41,4,92,2,80,0,2,2,1,2,Standard_480p_25fps_20s
435,1,p4x4,2,1.8245416022471044,0,6,0,-8,38.687654164818326,5:-5,spatial,0,247,4,dia,15,1,1,none,1,high,0.1174092957131501,44,4,92,2,80,0,2,2,0,1,Standard_480p_25fps_20s
1320,1,p4x4,2,1.8245416022471044,0,7,0,-11,38.687654164818326,5:-5,spatial,0,435,3,esa,15,1,1,none,1,high,0.7214316074693485,48,3,195,2,6,0,51,2,0,2,Big_1080p_60fps_20s
1320,1,p4x4,2,1.8245416022471044,0,2,0,-11,38.687654164818326,5:-5,spatial,0,435,3,esa,15,1,1,none,1,high,0.7214316074693485,48,3,195,2,6,0,51,2,0,2,Big_1080p_60fps_20s
1320,1,p4x4,2,1.8245416022471044,0,2,0,-11,38.687654164818326,5:-5,spatial,0,435,3,esa,14,1,1,none,1,high,0.7214316074693485,48,3,195,2,6,0,51,2,0,2,Big_1080p_60fps_20s
435,1,p4x4,2,1.8245416022471044,0,2,0,-11,38.687654164818326,5:-5,spatial,0,435,3,tesa,14,1,1,none,1,high,0.7214316074693485,48,3,195,2,76,0,51,0,0,1,Big_1080p_60fps_20s
1320,1,p4x4,2,1.819922213644557,0,2,0,-11,38.687654164818326,5:-5,spatial,0,74,4,dia,15,1,1,none,1,high,0.7214316074693485,41,4,92,2,80,0,2,2,1,1,Big_1080p_60fps_20s
1320,1,p4x4,2,1.8245416022471044,0,2,0,-11,38.687654164818326,5:-5,spatial,0,435,3,hex,15,1,1,none,1,high,0.7214316074693485,48,3,195,2,6,0,51,2,0,2,Big_1080p_60fps_20s
435,0,p4x4,2,1.8245416022471044,0,2,0,0,38.687654164818326,5:-5,spatial,0,350,3,tesa,14,1,1,none,1,baseline,0.7214316074693485,48,3,195,2,76,0,2,2,1,1,Big_1080p_60fps_20s
1436,1,p4x4,2,1.8245416022471044,0,2,0,-11,38.687654164818326,5:-5,spatial,0,74,4,dia,15,1,1,none,1,high,0.7214316074693485,44,4,92,2,80,0,2,2,1,1,Big_1080p_60fps_20s
1320,1,p4x4,2,1.8245416022471044,0,2,0,-11,38.687654164818326,5:-5,spatial,0,457,1,umh,15,0,1,none,1,high,0.7214316074693485,41,4,92,2,80,0,2,2,1,2,Big_1080p_60fps_20s
1320,1,p4x4,2,1.819922213644557,0,13,0,-11,38.687654164818326,5:-5,spatial,0,291,4,dia,15,0,1,none,1,baseline,0.7214316074693485,31,4,92,2,80,0,2,2,0,1,Big_1080p_60fps_20s
1320,1,p4x4,2,1.8245416022471044,0,2,0,-11,46.5368753892932,5:-5,spatial,0,435,3,hex,48,1,1,none,1,high,0.7214316074693485,48,3,195,2,6,0,51,2,0,2,Big_1080p_60fps_20s
1320,1,p4x4,2,1.819922213644557,0,13,0,-11,38.687654164818326,5:-5,spatial,0,291,4,dia,15,0,1,none,1,high,0.7214316074693485,41,4,92,2,80,2,2,2,0,1,Big_1080p_60fps_20s
1320,1,none,2,1.8245416022471044,0,2,0,-11,38.687654164818326,5:-5,spatial,0,74,4,umh,15,1,1,none,1,high,0.7214316074693485,44,4,92,2,80,0,2,2,1,1,Big_1080p_60fps_20s
1320,1,"p8x8,b8x8,i8x8,i4x4",2,1.8245416022471044,0,2,0,-11,38.687654164818326,5:-5,spatial,0,462,3,dia,34,0,1,none,1,high,0.7214316074693485,41,4,92,2,80,0,2,1,1,1,Big_1080p_60fps_20s
1320,1,p4x4,2,1.8245416022471044,0,2,0,-11,38.687654164818326,5:-5,spatial,0,435,3,dia,28,1,1,none,1,high,0.7214316074693485,41,4,92,2,80,0,2,2,1,1,Big_1080p_60fps_20s
1320,1,all,2,1.819922213644557,0,13,0,-11,38.687654164818326,5:-5,spatial,0,291,4,hex,63,1,1,none,1,high,0.7214316074693485,48,3,195,2,6,0,51,2,0,2,Big_1080p_60fps_20s
435,0,p4x4,2,1.8245416022471044,0,2,0,0,12.074067798883858,5:-5,spatial,0,201,3,tesa,14,1,1,none,1,baseline,0.7214316074693485,48,3,195,2,76,0,2,1,1,0,Big_1080p_60fps_20s
1320,1,p4x4,0,1.819922213644557,0,2,0,-11,38.687654164818326,5:-5,spatial,0,74,4,dia,19,1,1,none,1,high,0.7214316074693485,41,4,92,2,80,0,2,2,1,1,Big_1080p_60fps_20s
435,1,p4x4,2,1.8245416022471044,0,2,0,-8,2.041189139095674,5:-5,spatial,0,435,0,esa,14,1,1,none,1,high,0.4018193434889592,48,3,195,2,6,0,51,2,0,1,Big_1080p_60fps_20s
1320,1,none,2,1.8245416022471044,0,2,0,-11,38.687654164818326,5:-5,spatial,0,74,4,umh,15,1,1,none,1,high,0.7214316074693485,48,3,195,2,76,0,51,0,0,1,Big_1080p_60fps_20s
1320,1,"p8x8,b8x8,i8x8,i4x4",2,1.8245416022471044,0,2,1,2,38.687654164818326,-2:2,spatial,0,435,3,dia,63,0,1,none,1,high,0.7214316074693485,35,3,195,2,4,0,51,2,0,2,Big_1080p_60fps_15s
1320,1,p4x4,2,1.8245416022471044,0,2,0,-11,38.687654164818326,5:-5,spatial,0,435,3,dia,15,0,1,none,1,high,0.7214316074693485,35,3,195,2,6,0,51,2,0,2,Big_1080p_60fps_15s
1320,1,p4x4,2,1.8245416022471044,0,2,0,-11,38.687654164818326,5:-5,spatial,0,74,4,dia,15,0,1,none,1,high,0.7214316074693485,41,4,92,2,80,0,2,2,0,1,Big_1080p_60fps_15s
1320,1,p4x4,2,1.8245416022471044,0,2,0,-11,38.687654164818326,5:-5,spatial,0,457,3,dia,15,0,1,none,1,high,0.7214316074693485,35,3,195,2,6,0,51,2,0,2,Big_1080p_60fps_15s
1320,1,p4x4,2,1.8245416022471044,0,2,1,-11,38.687654164818326,5:-5,spatial,0,435,3,dia,15,0,1,none,1,high,0.0796344057295156,35,3,239,13,48,0,64,2,0,2,Big_1080p_60fps_15s
1320,1,"p8x8,b8x8,i8x8,i4x4",3,1.8245416022471044,0,2,1,2,38.687654164818326,-2:2,spatial,0,435,3,dia,63,0,1,none,1,high,0.7214316074693485,35,3,195,2,3,0,51,2,0,2,Big_1080p_60fps_15s
1320,1,p4x4,2,1.8245416022471044,0,2,1,-11,38.687654164818326,5:-5,spatial,0,435,3,dia,8,0,1,none,1,high,0.0796344057295156,29,15,92,2,80,0,64,2,0,2,Big_1080p_60fps_15s
1320,1,p4x4,2,1.8245416022471044,1,2,0,-11,38.687654164818326,5:-5,spatial,0,435,3,esa,15,0,1,none,1,high,0.7214316074693485,35,3,195,2,6,0,51,2,0,2,Big_1080p_60fps_15s
1320,1,p4x4,2,1.8245416022471044,0,2,0,-11,36.80003912109306,5:-5,spatial,1,435,3,dia,8,0,1,none,1,high,0.0796344057295156,29,15,92,2,80,0,64,1,0,2,Big_1080p_60fps_15s
1320,1,p4x4,3,1.7294028608664858,0,2,0,-11,38.687654164818326,5:-5,temporal,0,120,3,dia,15,0,1,none,1,high,0.7214316074693485,35,3,195,2,38,0,51,2,0,2,Big_1080p_60fps_15s
1320,1,p4x4,2,1.8245416022471044,0,2,1,-11,38.687654164818326,5:-5,spatial,0,435,3,dia,8,0,1,none,1,high,0.0796344057295156,29,15,92,2,80,0,25,2,0,2,Big_1080p_60fps_15s
1320,1,p4x4,2,0.4982688530848584,0,2,0,-11,38.687654164818326,5:-5,spatial,0,435,3,dia,15,0,1,none,1,high,0.7214316074693485,35,3,195,2,6,0,51,2,0,2,Big_1080p_60fps_15s
1320,1,p4x4,2,1.8245416022471044,0,2,0,-11,36.80003912109306,0:0,spatial,1,435,3,dia,8,0,1,none,1,high,0.7214316074693485,35,3,195,2,4,0,51,2,0,2,Big_1080p_60fps_15s
1320,1,p4x4,2,1.819922213644557,2,2,0,-11,38.687654164818326,5:-5,spatial,0,74,4,dia,46,0,1,none,1,high,0.7214316074693485,41,3,195,2,6,0,51,2,0,2,Big_1080p_60fps_15s
1320,1,"p8x8,b8x8,i8x8,i4x4",3,1.7294028608664858,0,2,0,-11,38.687654164818326,5:-5,temporal,0,120,3,dia,15,0,1,none,1,high,0.7214316074693485,35,3,195,2,38,0,51,0,0,2,Big_1080p_60fps_15s
1320,1,p4x4,2,1.8245416022471044,0,2,0,-11,38.687654164818326,4:4,spatial,0,78,3,dia,15,0,1,none,1,baseline,0.7214316074693485,27,3,195,2,6,0,27,2,0,2,Big_1080p_60fps_15s
1320,1,"p8x8,b8x8,i8x8,i4x4",3,1.8245416022471044,0,2,1,2,38.687654164818326,-2:2,spatial,0,435,3,dia,63,0,1,none,1,high,0.0796344057295156,29,19,92,2,80,0,28,1,0,2,Big_1080p_60fps_15s
1320,1,"p8x8,b8x8,i8x8,i4x4",3,1.8245416022471044,0,2,0,-11,38.687654164818326,5:-5,spatial,0,435,3,hex,15,1,1,none,1,high,0.0597605162179784,35,3,195,2,6,0,51,2,0,2,Big_1080p_60fps_15s
1436,1,p4x4,2,1.8245416022471044,0,2,0,-11,38.687654164818326,5:-5,spatial,0,74,4,dia,15,1,1,none,1,high,0.7214316074693485,32,4,92,2,80,0,51,2,0,2,Big_1080p_60fps_15s
1320,0,p4x4,2,1.8245416022471044,0,2,1,-11,38.687654164818326,5:-5,spatial,0,435,3,dia,8,0,1,none,1,high,0.7214316074693485,35,3,195,2,6,0,51,2,0,2,Big_1080p_60fps_15s
1320,1,p4x4,2,1.8245416022471044,0,7,0,-11,38.687654164818326,5:-5,spatial,0,435,3,esa,15,1,1,none,1,high,0.7214316074693485,48,3,195,2,6,0,51,2,0,2,Still_image_1080p_25fps_20s
1320,1,p4x4,2,1.8245416022471044,0,2,0,-11,38.687654164818326,5:-5,spatial,0,435,3,esa,15,1,1,none,1,high,0.7214316074693485,48,3,195,2,6,0,51,2,0,2,Still_image_1080p_25fps_20s
1320,1,p4x4,2,1.8245416022471044,0,2,0,-11,38.687654164818326,5:-5,spatial,0,435,3,esa,14,1,1,none,1,high,0.7214316074693485,48,3,195,2,6,0,51,2,0,2,Still_image_1080p_25fps_20s
435,1,p4x4,2,1.8245416022471044,0,2,0,-11,38.687654164818326,5:-5,spatial,0,435,3,tesa,14,1,1,none,1,high,0.7214316074693485,48,3,195,2,76,0,51,0,0,1,Still_image_1080p_25fps_20s
1320,1,p4x4,2,1.819922213644557,0,2,0,-11,38.687654164818326,5:-5,spatial,0,74,4,dia,15,1,1,none,1,high,0.7214316074693485,41,4,92,2,80,0,2,2,1,1,Still_image_1080p_25fps_20s
1320,1,p4x4,2,1.8245416022471044,0,2,0,-11,38.687654164818326,5:-5,spatial,0,435,3,hex,15,1,1,none,1,high,0.7214316074693485,48,3,195,2,6,0,51,2,0,2,Still_image_1080p_25fps_20s
435,0,p4x4,2,1.8245416022471044,0,2,0,0,38.687654164818326,5:-5,spatial,0,350,3,tesa,14,1,1,none,1,baseline,0.7214316074693485,48,3,195,2,76,0,2,2,1,1,Still_image_1080p_25fps_20s
1436,1,p4x4,2,1.8245416022471044,0,2,0,-11,38.687654164818326,5:-5,spatial,0,74,4,dia,15,1,1,none,1,high,0.7214316074693485,44,4,92,2,80,0,2,2,1,1,Still_image_1080p_25fps_20s
1320,1,p4x4,2,1.8245416022471044,0,2,0,-11,38.687654164818326,5:-5,spatial,0,457,1,umh,15,0,1,none,1,high,0.7214316074693485,41,4,92,2,80,0,2,2,1,2,Still_image_1080p_25fps_20s
1320,1,p4x4,2,1.819922213644557,0,13,0,-11,38.687654164818326,5:-5,spatial,0,291,4,dia,15,0,1,none,1,baseline,0.7214316074693485,31,4,92,2,80,0,2,2,0,1,Still_image_1080p_25fps_20s
643,1,p4x4,2,1.8245416022471044,0,9,0,-11,38.687654164818326,5:-5,spatial,0,435,3,hex,15,1,1,none,1,high,0.7214316074693485,48,3,195,2,6,0,51,2,0,2,Still_image_1080p_25fps_20s
1320,1,"p8x8,b8x8,i8x8,i4x4",2,0.8129319702322478,0,3,0,-11,38.687654164818326,1:-1,spatial,0,435,3,tesa,14,1,1,none,1,high,0.7214316074693485,48,3,18,3,76,0,27,0,0,1,Still_image_1080p_25fps_20s
1320,1,p4x4,2,1.8245416022471044,0,2,0,-11,38.687654164818326,5:-5,spatial,0,435,3,esa,14,1,1,none,1,high,0.7214316074693485,48,3,195,2,6,0,51,2,0,1,Still_image_1080p_25fps_20s
303,1,p4x4,2,1.8245416022471044,0,2,0,-11,38.687654164818326,5:-5,spatial,0,74,4,dia,15,0,1,none,1,high,0.7214316074693485,41,4,92,2,80,0,2,2,0,1,Still_image_1080p_25fps_20s
1320,1,p4x4,2,1.8245416022471044,0,16,0,-11,38.687654164818326,-5:5,spatial,0,435,3,tesa,14,1,1,none,1,high,0.7214316074693485,48,3,224,2,76,0,51,0,0,1,Still_image_1080p_25fps_20s
1320,1,p4x4,2,1.8245416022471044,0,2,0,-11,38.687654164818326,5:-5,spatial,0,457,4,dia,15,1,1,none,1,high,0.8545910084335228,39,4,92,2,80,0,2,2,1,1,Still_image_1080p_25fps_20s
1320,1,p4x4,2,0.8129319702322478,1,3,1,-11,38.687654164818326,1:-1,spatial,0,435,3,hex,14,1,1,none,1,high,0.7214316074693485,48,18,18,3,76,0,27,2,0,1,Still_image_1080p_25fps_20s
174,1,p4x4,2,1.8245416022471044,0,2,0,-11,38.687654164818326,5:-5,spatial,0,435,3,hex,15,0,1,none,0,high,0.7214316074693485,48,3,195,2,76,0,27,0,0,1,Still_image_1080p_25fps_20s
435,1,p4x4,2,1.8245416022471044,0,2,0,-2,38.687654164818326,5:-5,spatial,0,435,3,tesa,14,1,1,none,1,high,0.7214316074693485,48,3,195,2,76,0,51,2,0,1,Still_image_1080p_25fps_20s
1320,1,p4x4,2,1.378320435318206,0,16,0,-11,38.687654164818326,-5:5,auto,0,435,3,tesa,49,1,1,none,1,high,0.7214316074693485,41,4,92,2,80,0,2,2,1,2,Still_image_1080p_25fps_20s
1320,1,p4x4,2,1.819922213644557,0,13,0,-11,38.687654164818326,5:-5,auto,0,291,4,dia,15,0,1,none,1,baseline,0.7214316074693485,31,4,92,2,80,0,12,2,0,1,Still_image_1080p_60fps_20s
1320,1,"p8x8,b8x8,i8x8,i4x4",2,1.8245416022471044,0,2,1,2,38.687654164818326,-2:2,spatial,0,435,3,dia,63,0,1,none,1,high,0.7214316074693485,35,3,195,2,4,0,51,2,0,2,Still_image_1080p_60fps_20s
1320,1,p4x4,2,1.8245416022471044,0,2,0,-11,38.687654164818326,5:-5,spatial,0,435,3,dia,15,0,1,none,1,high,0.7214316074693485,35,3,195,2,6,0,51,2,0,2,Still_image_1080p_60fps_20s
1320,1,p4x4,2,1.8245416022471044,0,2,0,-11,38.687654164818326,5:-5,spatial,0,74,4,dia,15,0,1,none,1,high,0.7214316074693485,41,4,92,2,80,0,2,2,0,1,Still_image_1080p_60fps_20s
1320,1,p4x4,2,1.8245416022471044,0,2,0,-11,38.687654164818326,5:-5,spatial,0,457,3,dia,15,0,1,none,1,high,0.7214316074693485,35,3,195,2,6,0,51,2,0,2,Still_image_1080p_60fps_20s
1320,1,p4x4,2,1.8245416022471044,0,2,1,-11,38.687654164818326,5:-5,spatial,0,435,3,dia,15,0,1,none,1,high,0.0796344057295156,35,3,239,13,48,0,64,2,0,2,Still_image_1080p_60fps_20s
1320,1,"p8x8,b8x8,i8x8,i4x4",3,1.8245416022471044,0,2,1,2,38.687654164818326,-2:2,spatial,0,435,3,dia,63,0,1,none,1,high,0.7214316074693485,35,3,195,2,3,0,51,2,0,2,Still_image_1080p_60fps_20s
1320,1,p4x4,2,1.8245416022471044,1,2,0,-11,38.687654164818326,5:-5,spatial,0,435,3,esa,15,0,1,none,1,high,0.7214316074693485,35,3,195,2,6,0,51,2,0,2,Still_image_1080p_60fps_20s
1320,1,p4x4,2,1.8245416022471044,0,2,1,-11,38.687654164818326,5:-5,spatial,0,435,3,dia,8,0,1,none,1,high,0.0796344057295156,29,15,92,2,80,0,64,2,0,2,Still_image_1080p_60fps_20s
1320,1,p4x4,2,1.8245416022471044,0,2,0,-11,36.80003912109306,5:-5,spatial,1,435,3,dia,8,0,1,none,1,high,0.0796344057295156,29,15,92,2,80,0,64,1,0,2,Still_image_1080p_60fps_20s
1320,1,p4x4,3,1.7294028608664858,0,2,0,-11,38.687654164818326,5:-5,temporal,0,120,3,dia,15,0,1,none,1,high,0.7214316074693485,35,3,195,2,38,0,51,2,0,2,Still_image_1080p_60fps_20s
1727,1,p4x4,2,1.8245416022471044,0,2,0,-11,38.687654164818326,5:-5,spatial,0,435,3,dia,15,0,1,none,1,high,0.7214316074693485,35,3,195,2,6,0,51,2,0,2,Still_image_1080p_60fps_20s
1320,1,p4x4,2,1.8245416022471044,0,2,0,-11,38.687654164818326,5:-5,spatial,0,74,4,dia,19,0,1,none,1,high,0.7214316074693485,41,4,92,2,80,0,2,2,0,2,Still_image_1080p_60fps_20s
1320,1,none,2,1.8245416022471044,1,2,1,-11,38.687654164818326,5:-5,spatial,0,435,3,dia,15,0,1,none,1,high,0.0796344057295156,35,3,239,13,48,0,16,2,0,2,Still_image_1080p_60fps_20s
1320,1,all,2,1.8245416022471044,0,2,1,-11,38.687654164818326,5:-5,spatial,0,435,3,dia,15,0,1,none,1,high,0.0796344057295156,35,7,239,13,48,0,64,2,0,2,Still_image_1080p_60fps_20s
1727,1,p4x4,2,1.8245416022471044,0,2,0,-11,38.687654164818326,-1:1,spatial,0,435,3,dia,15,0,1,none,1,high,0.7214316074693485,35,3,195,15,6,0,51,2,0,2,Still_image_1080p_60fps_20s
1320,1,"p8x8,b8x8,i8x8,i4x4",2,1.8245416022471044,0,2,1,2,38.687654164818326,-2:2,spatial,0,142,3,dia,63,0,1,none,1,high,0.7214316074693485,35,3,195,2,6,0,51,2,0,2,Still_image_1080p_60fps_20s
1320,1,p4x4,0,1.8245416022471044,0,2,0,-11,38.687654164818326,5:-5,spatial,0,457,3,dia,15,0,1,none,1,high,0.7214316074693485,35,3,24,2,4,0,51,2,0,2,Still_image_1080p_60fps_20s
1320,1,p4x4,2,1.8245416022471044,0,2,0,-11,38.687654164818326,5:-5,spatial,0,457,0,dia,15,0,1,none,0,high,0.7214316074693485,35,3,130,2,6,0,51,2,0,2,Still_image_1080p_60fps_20s
1320,1,p4x4,2,1.8245416022471044,1,2,0,-11,30.41026934661955,5:-5,spatial,0,435,3,esa,15,0,1,none,1,high,0.7214316074693485,35,3,195,2,6,0,51,2,0,2,Still_image_1080p_60fps_20s
1320,1,p4x4,2,1.8245416022471044,0,7,0,-11,38.687654164818326,5:-5,spatial,0,435,3,esa,15,1,1,none,1,high,0.7214316074693485,48,3,195,2,6,0,51,2,0,2,Big_480p_60fps_10s
1320,1,p4x4,2,1.8245416022471044,0,2,0,-11,38.687654164818326,5:-5,spatial,0,435,3,esa,15,1,1,none,1,high,0.7214316074693485,48,3,195,2,6,0,51,2,0,2,Big_480p_60fps_10s
435,1,p4x4,2,1.8245416022471044,0,2,0,-11,38.687654164818326,5:-5,spatial,0,435,3,tesa,14,1,1,none,1,high,0.7214316074693485,48,3,195,2,76,0,51,0,0,1,Big_480p_60fps_10s
1320,1,p4x4,2,1.819922213644557,0,2,0,-11,38.687654164818326,5:-5,spatial,0,74,4,dia,15,1,1,none,1,high,0.7214316074693485,41,4,92,2,80,0,2,2,1,1,Big_480p_60fps_10s
1320,1,p4x4,2,1.8245416022471044,0,2,0,-11,38.687654164818326,5:-5,spatial,0,435,3,esa,14,1,1,none,1,high,0.7214316074693485,48,3,195,2,6,0,51,2,0,2,Big_480p_60fps_10s
1320,1,p4x4,2,1.8245416022471044,0,2,0,-11,38.687654164818326,5:-5,spatial,0,435,3,hex,15,1,1,none,1,high,0.7214316074693485,48,3,195,2,6,0,51,2,0,2,Big_480p_60fps_10s
1320,1,p4x4,2,1.8245416022471044,0,2,0,-11,38.687654164818326,5:-5,spatial,0,457,1,umh,15,0,1,none,1,high,0.7214316074693485,41,4,92,2,80,0,2,2,1,2,Big_480p_60fps_10s
435,0,p4x4,2,1.8245416022471044,0,2,0,0,38.687654164818326,5:-5,spatial,0,350,3,tesa,14,1,1,none,1,baseline,0.7214316074693485,48,3,195,2,76,0,2,2,1,1,Big_480p_60fps_10s
1436,1,p4x4,2,1.8245416022471044,0,2,0,-11,38.687654164818326,5:-5,spatial,0,74,4,dia,15,1,1,none,1,high,0.7214316074693485,44,4,92,2,80,0,2,2,1,1,Big_480p_60fps_10s
1320,1,p4x4,2,1.819922213644557,0,13,0,-11,38.687654164818326,5:-5,spatial,0,291,4,dia,15,0,1,none,1,baseline,0.7214316074693485,31,4,92,2,80,0,2,2,0,1,Big_480p_60fps_10s
435,1,p4x4,2,1.8245416022471044,2,2,1,-11,38.687654164818326,5:-5,spatial,0,435,3,esa,14,1,1,none,1,high,0.7214316074693485,48,3,92,2,38,0,2,0,1,2,Big_480p_60fps_10s
1320,1,p4x4,2,1.8245416022471044,0,7,0,-11,38.687654164818326,5:-5,spatial,0,350,3,tesa,14,1,1,none,1,baseline,0.7214316074693485,48,3,195,16,76,0,2,2,1,1,Big_480p_60fps_10s
1320,1,p4x4,2,1.8245416022471044,0,9,0,-11,38.687654164818326,5:-5,spatial,0,291,4,dia,15,0,1,none,1,baseline,0.7214316074693485,31,4,92,2,80,0,2,2,0,1,Big_480p_60fps_10s
1320,1,p4x4,2,1.8245416022471044,0,7,0,-11,38.687654164818326,5:-5,spatial,0,435,3,esa,60,1,1,none,1,high,0.7214316074693485,41,4,92,2,80,0,2,2,1,1,Big_480p_60fps_10s
1359,0,p4x4,2,1.8245416022471044,0,2,0,0,38.687654164818326,5:-5,spatial,0,350,3,esa,15,0,1,none,1,high,0.7214316074693485,44,4,92,2,80,0,2,2,1,1,Big_480p_60fps_10s
1320,1,p4x4,2,0.1149681229916604,0,2,0,-11,38.687654164818326,5:-5,spatial,0,435,3,esa,15,1,1,none,1,high,0.7214316074693485,44,4,92,2,80,0,2,2,1,2,Big_480p_60fps_10s
435,1,p4x4,2,1.8245416022471044,0,2,0,-11,38.687654164818326,5:-5,spatial,0,457,1,umh,15,1,1,none,1,high,0.7214316074693485,41,4,92,2,80,0,2,2,1,2,Big_480p_60fps_10s
1320,1,p4x4,2,0.922724152065378,0,13,0,-11,38.687654164818326,5:-5,spatial,0,291,4,dia,15,0,1,none,1,baseline,0.0567556546733169,31,4,92,2,80,0,2,2,1,1,Big_480p_60fps_10s
1436,1,all,2,1.8245416022471044,0,13,0,-11,31.59368862677668,5:-5,spatial,0,74,4,dia,15,1,1,none,1,main,0.7214316074693485,44,4,186,3,80,0,2,2,1,1,Big_480p_60fps_10s
1320,1,p4x4,2,1.819922213644557,0,12,0,-11,38.687654164818326,5:-5,spatial,0,74,4,dia,15,1,1,vbr,1,high,0.7214316074693485,41,4,92,2,80,0,2,2,0,1,Big_480p_60fps_10s
1320,1,p4x4,2,1.8245416022471044,0,7,0,-11,38.687654164818326,5:-5,spatial,0,435,3,esa,15,1,1,none,1,high,0.7214316074693485,48,3,195,2,6,0,51,2,0,2,Still_image_720p_25fps_15s
1320,1,p4x4,2,1.8245416022471044,0,2,0,-11,38.687654164818326,5:-5,spatial,0,435,3,esa,15,1,1,none,1,high,0.7214316074693485,48,3,195,2,6,0,51,2,0,2,Still_image_720p_25fps_15s
1320,1,p4x4,2,1.8245416022471044,0,2,0,-11,38.687654164818326,5:-5,spatial,0,435,3,esa,14,1,1,none,1,high,0.7214316074693485,48,3,195,2,6,0,51,2,0,2,Still_image_720p_25fps_15s
435,1,p4x4,2,1.8245416022471044,0,2,0,-11,38.687654164818326,5:-5,spatial,0,435,3,tesa,14,1,1,none,1,high,0.7214316074693485,48,3,195,2,76,0,51,0,0,1,Still_image_720p_25fps_15s
1320,1,p4x4,2,1.819922213644557,0,2,0,-11,38.687654164818326,5:-5,spatial,0,74,4,dia,15,1,1,none,1,high,0.7214316074693485,41,4,92,2,80,0,2,2,1,1,Still_image_720p_25fps_15s
1320,1,p4x4,2,1.8245416022471044,0,2,0,-11,38.687654164818326,5:-5,spatial,0,435,3,hex,15,1,1,none,1,high,0.7214316074693485,48,3,195,2,6,0,51,2,0,2,Still_image_720p_25fps_15s
1320,1,p4x4,2,1.8245416022471044,0,2,0,-11,38.687654164818326,5:-5,spatial,0,457,1,umh,15,0,1,none,1,high,0.7214316074693485,41,4,92,2,80,0,2,2,1,2,Still_image_720p_25fps_15s
435,0,p4x4,2,1.8245416022471044,0,2,0,0,38.687654164818326,5:-5,spatial,0,350,3,tesa,14,1,1,none,1,baseline,0.7214316074693485,48,3,195,2,76,0,2,2,1,1,Still_image_720p_25fps_15s
1436,1,p4x4,2,1.8245416022471044,0,2,0,-11,38.687654164818326,5:-5,spatial,0,74,4,dia,15,1,1,none,1,high,0.7214316074693485,44,4,92,2,80,0,2,2,1,1,Still_image_720p_25fps_15s
1320,1,p4x4,2,1.819922213644557,0,13,0,-11,38.687654164818326,5:-5,spatial,0,291,4,dia,15,0,1,none,1,baseline,0.7214316074693485,31,4,92,2,80,0,2,2,0,1,Still_image_720p_25fps_15s
435,0,p4x4,2,1.8245416022471044,0,2,0,0,38.687654164818326,5:-5,spatial,0,350,3,tesa,14,0,0,none,1,high,0.7214316074693485,41,4,16,2,80,0,20,2,1,2,Still_image_720p_25fps_15s
1320,1,p4x4,2,1.8245416022471044,0,7,0,-11,38.687654164818326,5:-5,spatial,0,435,3,esa,15,1,1,none,1,high,0.958743769840792,44,4,92,2,80,2,2,2,1,1,Still_image_720p_25fps_15s
678,1,p4x4,2,1.8245416022471044,0,7,0,-11,38.687654164818326,-5:5,spatial,0,435,3,esa,15,1,1,none,1,high,0.7214316074693485,44,4,92,2,80,0,2,2,1,1,Still_image_720p_25fps_15s
1320,1,all,2,1.819922213644557,0,2,0,-9,35.99157947953695,5:-5,spatial,0,74,4,dia,15,1,1,none,1,high,0.7214316074693485,41,4,92,2,80,0,2,2,1,1,Still_image_720p_25fps_15s
1320,1,p4x4,2,1.8245416022471044,0,7,1,-11,38.687654164818326,-5:5,auto,0,435,3,hex,15,1,1,none,1,high,0.7214316074693485,44,4,92,2,80,0,2,2,1,1,Still_image_720p_25fps_15s
1320,1,p4x4,2,0.7465744120613967,0,7,0,-11,38.687654164818326,5:-5,spatial,0,435,3,esa,15,1,1,none,1,high,0.7214316074693485,48,3,195,2,6,0,51,2,0,2,Still_image_720p_25fps_15s
435,0,p4x4,2,1.8245416022471044,0,2,0,0,38.687654164818326,5:-5,spatial,0,350,1,tesa,14,0,0,none,1,high,0.7214316074693485,41,4,16,2,80,0,20,0,1,2,Still_image_720p_25fps_15s
1320,1,p4x4,2,1.8245416022471044,0,2,0,-11,38.687654164818326,5:-5,spatial,0,222,3,tesa,47,1,1,none,1,high,0.7214316074693485,48,3,195,4,99,0,51,0,0,1,Still_image_720p_25fps_15s
1941,1,p4x4,2,1.8245416022471044,0,7,0,-11,38.687654164818326,5:-5,spatial,0,435,3,esa,15,1,1,none,1,high,0.958743769840792,44,4,92,2,80,2,2,2,1,2,Still_image_720p_25fps_15s
435,0,p4x4,2,1.8245416022471044,0,2,0,-11,38.687654164818326,5:-5,spatial,0,435,3,tesa,14,1,1,none,1,high,0.7214316074693485,48,3,195,2,76,0,51,0,0,1,Still_image_720p_25fps_15s
1320,1,p4x4,2,1.8245416022471044,0,2,0,-11,38.687654164818326,5:-5,spatial,0,457,3,dia,15,0,1,none,1,high,0.7214316074693485,35,3,195,2,6,0,51,2,0,2,Big_1080p_60fps_10s
1320,1,"p8x8,b8x8,i8x8,i4x4",2,1.8245416022471044,0,2,1,2,38.687654164818326,-2:2,spatial,0,435,3,dia,63,0,1,none,1,high,0.7214316074693485,35,3,195,2,4,0,51,2,0,2,Big_1080p_60fps_10s
1320,1,p4x4,2,1.8245416022471044,0,2,0,-11,38.687654164818326,5:-5,spatial,0,435,3,dia,15,0,1,none,1,high,0.7214316074693485,35,3,195,2,6,0,51,2,0,2,Big_1080p_60fps_10s
1320,1,p4x4,2,1.8245416022471044,0,2,0,-11,38.687654164818326,5:-5,spatial,0,74,4,dia,15,0,1,none,1,high,0.7214316074693485,41,4,92,2,80,0,2,2,0,1,Big_1080p_60fps_10s
1320,1,p4x4,2,1.8245416022471044,0,2,1,-11,38.687654164818326,5:-5,spatial,0,435,3,dia,15,0,1,none,1,high,0.0796344057295156,35,3,239,13,48,0,64,2,0,2,Big_1080p_60fps_10s
1320,1,"p8x8,b8x8,i8x8,i4x4",3,1.8245416022471044,0,2,1,2,38.687654164818326,-2:2,spatial,0,435,3,dia,63,0,1,none,1,high,0.7214316074693485,35,3,195,2,3,0,51,2,0,2,Big_1080p_60fps_10s
1320,1,p4x4,2,1.8245416022471044,0,2,1,-11,38.687654164818326,5:-5,spatial,0,435,3,dia,8,0,1,none,1,high,0.0796344057295156,29,15,92,2,80,0,64,2,0,2,Big_1080p_60fps_10s
1320,1,p4x4,2,1.8245416022471044,1,2,0,-11,38.687654164818326,5:-5,spatial,0,435,3,esa,15,0,1,none,1,high,0.7214316074693485,35,3,195,2,6,0,51,2,0,2,Big_1080p_60fps_10s
1320,1,p4x4,2,1.8245416022471044,0,2,0,-11,36.80003912109306,5:-5,spatial,1,435,3,dia,8,0,1,none,1,high,0.0796344057295156,29,15,92,2,80,0,64,1,0,2,Big_1080p_60fps_10s
1320,1,p4x4,3,1.7294028608664858,0,2,0,-11,38.687654164818326,5:-5,temporal,0,120,3,dia,15,0,1,none,1,high,0.7214316074693485,35,3,195,2,38,0,51,2,0,2,Big_1080p_60fps_10s
1320,1,p4x4,2,1.8245416022471044,0,2,0,-11,38.687654164818326,5:-5,spatial,0,435,3,esa,4,1,1,none,1,high,0.7214316074693485,48,3,195,2,6,0,51,2,0,2,Big_1080p_60fps_10s
1320,1,"p8x8,b8x8,i8x8,i4x4",3,1.8245416022471044,0,2,1,2,38.687654164818326,-2:2,spatial,0,435,3,dia,63,1,1,none,1,high,0.7214316074693485,35,3,195,2,3,8,51,2,0,2,Big_1080p_60fps_10s
686,1,"p8x8,b8x8,i8x8,i4x4",3,1.8245416022471044,0,2,1,2,38.687654164818326,-2:2,spatial,0,371,3,dia,63,0,1,none,1,high,0.7214316074693485,35,3,195,2,3,0,51,2,0,2,Big_1080p_60fps_10s
1320,0,p4x4,2,1.8245416022471044,0,2,1,-11,38.687654164818326,5:-5,spatial,0,435,3,dia,8,0,1,none,1,high,0.0796344057295156,29,17,92,2,80,8,64,2,0,2,Big_1080p_60fps_10s
1320,1,p4x4,0,1.8245416022471044,0,2,0,-11,38.687654164818326,5:-5,spatial,0,435,3,esa,15,0,1,none,1,high,0.7214316074693485,48,3,195,2,6,9,51,2,0,2,Big_1080p_60fps_10s
1320,1,p4x4,2,1.8245416022471044,0,2,0,-11,38.687654164818326,5:-5,spatial,0,74,4,tesa,15,0,1,none,1,high,0.7214316074693485,41,3,153,2,6,0,54,2,0,2,Big_1080p_60fps_10s
1320,1,p4x4,2,1.8245416022471044,0,2,1,-11,38.687654164818326,5:-5,spatial,0,435,3,dia,15,0,1,none,1,high,0.0796344057295156,35,17,239,13,48,0,64,2,0,2,Big_1080p_60fps_10s
1320,1,p4x4,2,1.8245416022471044,0,2,1,2,38.687654164818326,-2:2,spatial,0,435,3,dia,63,0,1,none,1,high,0.7214316074693485,35,3,195,6,4,0,51,1,0,2,Big_1080p_60fps_10s
1320,1,p4x4,2,1.8245416022471044,0,2,1,-11,38.687654164818326,0:0,spatial,0,435,3,dia,15,0,1,none,1,high,0.7214316074693485,35,3,195,2,6,0,51,2,1,2,Big_1080p_60fps_10s
1320,1,p4x4,2,1.8245416022471044,0,13,1,-11,38.687654164818326,5:-5,spatial,0,435,3,dia,8,0,1,none,1,high,0.4254669954053222,48,3,195,2,81,9,51,1,0,2,Big_1080p_60fps_10s
1320,1,p4x4,2,1.8245416022471044,0,7,0,-11,38.687654164818326,5:-5,spatial,0,435,3,esa,15,1,1,none,1,high,0.7214316074693485,48,3,195,2,6,0,51,2,0,2,Big_480p_60fps_20s
1320,1,p4x4,2,1.8245416022471044,0,2,0,-11,38.687654164818326,5:-5,spatial,0,435,3,esa,15,1,1,none,1,high,0.7214316074693485,48,3,195,2,6,0,51,2,0,2,Big_480p_60fps_20s
435,1,p4x4,2,1.8245416022471044,0,2,0,-11,38.687654164818326,5:-5,spatial,0,435,3,tesa,14,1,1,none,1,high,0.7214316074693485,48,3,195,2,76,0,51,0,0,1,Big_480p_60fps_20s
1320,1,p4x4,2,1.8245416022471044,0,2,0,-11,38.687654164818326,5:-5,spatial,0,435,3,esa,14,1,1,none,1,high,0.7214316074693485,48,3,195,2,6,0,51,2,0,2,Big_480p_60fps_20s
1320,1,p4x4,2,1.819922213644557,0,2,0,-11,38.687654164818326,5:-5,spatial,0,74,4,dia,15,1,1,none,1,high,0.7214316074693485,41,4,92,2,80,0,2,2,1,1,Big_480p_60fps_20s
1320,1,p4x4,2,1.8245416022471044,0,2,0,-11,38.687654164818326,5:-5,spatial,0,435,3,hex,15,1,1,none,1,high,0.7214316074693485,48,3,195,2,6,0,51,2,0,2,Big_480p_60fps_20s
435,0,p4x4,2,1.8245416022471044,0,2,0,0,38.687654164818326,5:-5,spatial,0,350,3,tesa,14,1,1,none,1,baseline,0.7214316074693485,48,3,195,2,76,0,2,2,1,1,Big_480p_60fps_20s
1436,1,p4x4,2,1.8245416022471044,0,2,0,-11,38.687654164818326,5:-5,spatial,0,74,4,dia,15,1,1,none,1,high,0.7214316074693485,44,4,92,2,80,0,2,2,1,1,Big_480p_60fps_20s
1320,1,p4x4,2,1.819922213644557,0,13,0,-11,38.687654164818326,5:-5,spatial,0,291,4,dia,15,0,1,none,1,baseline,0.7214316074693485,31,4,92,2,80,0,2,2,0,1,Big_480p_60fps_20s
1320,1,p4x4,2,1.8245416022471044,0,2,0,-11,38.687654164818326,5:-5,spatial,0,457,1,umh,15,0,1,none,1,high,0.7214316074693485,41,4,92,2,80,0,2,2,1,2,Big_480p_60fps_20s
1320,1,"p8x8,b8x8,i8x8,i4x4",2,1.8245416022471044,0,2,0,-11,38.687654164818326,5:-5,spatial,0,457,1,umh,15,1,1,none,1,high,0.7214316074693485,44,4,92,2,80,0,2,0,1,1,Big_480p_60fps_20s
1436,1,p4x4,2,1.8245416022471044,2,2,0,-11,38.687654164818326,5:-5,spatial,0,74,4,dia,15,0,1,none,1,high,0.7214316074693485,41,4,92,2,80,0,2,0,1,2,Big_480p_60fps_20s
1320,1,p4x4,2,1.8245416022471044,0,2,0,-11,38.687654164818326,5:-5,spatial,0,457,4,umh,15,1,1,none,1,high,0.7214316074693485,41,4,195,2,76,0,2,2,1,1,Big_480p_60fps_20s
435,0,p4x4,2,1.8245416022471044,0,2,0,0,38.687654164818326,5:-5,spatial,0,350,3,tesa,14,1,0,none,1,baseline,0.9343047742494072,48,3,92,2,80,2,2,2,1,2,Big_480p_60fps_20s
1320,1,p4x4,0,1.8245416022471044,0,2,1,-11,38.687654164818326,5:-5,spatial,0,435,3,hex,15,1,1,none,1,high,0.7214316074693485,48,3,229,2,6,0,51,2,0,1,Big_480p_60fps_20s
1320,1,p4x4,2,1.8245416022471044,0,2,0,-11,38.687654164818326,5:-5,spatial,0,435,3,hex,15,1,1,none,0,high,0.7214316074693485,48,3,195,2,6,0,51,2,0,1,Big_480p_60fps_20s
1436,1,p4x4,2,1.8245416022471044,2,2,0,-11,38.687654164818326,5:-5,auto,0,74,4,dia,15,1,1,none,1,high,0.7214316074693485,44,4,92,2,80,0,2,2,1,2,Big_480p_60fps_20s
1436,1,p4x4,2,1.8245416022471044,1,2,0,-3,38.687654164818326,5:-5,spatial,0,74,4,dia,15,1,1,none,1,high,0.7214316074693485,44,4,92,2,80,9,2,2,1,1,Big_480p_60fps_20s
435,1,p4x4,2,1.8245416022471044,0,12,0,-11,38.687654164818326,5:-5,spatial,0,435,3,tesa,14,1,1,none,1,high,0.7214316074693485,38,3,195,2,76,0,51,0,0,1,Big_480p_60fps_20s
1320,1,p4x4,2,1.8245416022471044,0,7,0,-11,38.687654164818326,5:-5,spatial,0,435,3,esa,15,1,1,none,1,high,0.7214316074693485,48,3,195,2,6,0,51,2,1,1,Big_480p_60fps_20s
1320,1,p4x4,2,1.8245416022471044,0,2,0,-11,38.687654164818326,5:-5,spatial,0,457,3,dia,15,0,1,none,1,high,0.7214316074693485,35,3,195,2,6,0,51,2,0,2,Still_image_1080p_30fps_15s
1320,1,"p8x8,b8x8,i8x8,i4x4",2,1.8245416022471044,0,2,1,2,38.687654164818326,-2:2,spatial,0,435,3,dia,63,0,1,none,1,high,0.7214316074693485,35,3,195,2,4,0,51,2,0,2,Still_image_1080p_30fps_15s
1320,1,p4x4,2,1.8245416022471044,0,2,0,-11,38.687654164818326,5:-5,spatial,0,435,3,dia,15,0,1,none,1,high,0.7214316074693485,35,3,195,2,6,0,51,2,0,2,Still_image_1080p_30fps_15s
1320,1,p4x4,2,1.8245416022471044,0,2,0,-11,38.687654164818326,5:-5,spatial,0,74,4,dia,15,0,1,none,1,high,0.7214316074693485,41,4,92,2,80,0,2,2,0,1,Still_image_1080p_30fps_15s
1320,1,p4x4,2,1.8245416022471044,0,2,1,-11,38.687654164818326,5:-5,spatial,0,435,3,dia,15,0,1,none,1,high,0.0796344057295156,35,3,239,13,48,0,64,2,0,2,Still_image_1080p_30fps_15s
1320,1,"p8x8,b8x8,i8x8,i4x4",3,1.8245416022471044,0,2,1,2,38.687654164818326,-2:2,spatial,0,435,3,dia,63,0,1,none,1,high,0.7214316074693485,35,3,195,2,3,0,51,2,0,2,Still_image_1080p_30fps_15s
1320,1,p4x4,2,1.8245416022471044,1,2,0,-11,38.687654164818326,5:-5,spatial,0,435,3,esa,15,0,1,none,1,high,0.7214316074693485,35,3,195,2,6,0,51,2,0,2,Still_image_1080p_30fps_15s
1320,1,p4x4,2,1.8245416022471044,0,2,1,-11,38.687654164818326,5:-5,spatial,0,435,3,dia,8,0,1,none,1,high,0.0796344057295156,29,15,92,2,80,0,64,2,0,2,Still_image_1080p_30fps_15s
1320,1,p4x4,2,1.8245416022471044,0,2,0,-11,36.80003912109306,5:-5,spatial,1,435,3,dia,8,0,1,none,1,high,0.0796344057295156,29,15,92,2,80,0,64,1,0,2,Still_image_1080p_30fps_15s
1320,1,p4x4,3,1.7294028608664858,0,2,0,-11,38.687654164818326,5:-5,temporal,0,120,3,dia,15,0,1,none,1,high,0.7214316074693485,35,3,195,2,38,0,51,2,0,2,Still_image_1080p_30fps_15s
1320,1,p4x4,2,1.8245416022471044,0,2,1,-11,38.687654164818326,5:-5,spatial,0,457,3,dia,15,1,1,none,1,baseline,0.7214316074693485,35,3,195,2,3,0,51,2,0,2,Still_image_1080p_30fps_15s
1320,1,"p8x8,b8x8,i8x8,i4x4",3,1.8245416022471044,0,2,1,2,38.687654164818326,-2:2,spatial,0,435,3,dia,63,0,1,none,1,high,0.2531148982522731,35,3,195,2,6,0,51,2,0,2,Still_image_1080p_30fps_15s
237,1,p4x4,2,1.8245416022471044,0,2,0,-11,38.687654164818326,5:-5,spatial,0,74,4,dia,15,0,1,cbr,1,high,0.2463157577572555,35,3,195,2,6,0,51,2,0,2,Still_image_1080p_30fps_15s
1320,1,p4x4,2,1.8245416022471044,0,2,0,-11,38.687654164818326,5:-5,spatial,0,74,4,dia,15,0,1,none,1,high,0.7214316074693485,37,4,92,2,80,0,51,2,0,1,Still_image_1080p_30fps_15s
1320,1,"p8x8,b8x8,i8x8,i4x4",3,1.8245416022471044,0,2,1,2,38.687654164818326,-2:2,spatial,0,435,3,dia,63,0,1,none,1,baseline,0.7214316074693485,35,3,195,2,3,0,51,2,0,1,Still_image_1080p_30fps_15s
2325,1,p4x4,2,1.8245416022471044,0,2,0,-11,38.687654164818326,5:-5,spatial,0,435,3,dia,15,0,1,none,1,high,0.0796344057295156,29,15,92,2,80,0,64,1,0,2,Still_image_1080p_30fps_15s
1320,1,p4x4,2,1.8245416022471044,0,2,0,-11,36.80003912109306,5:-5,spatial,1,435,3,dia,8,0,1,none,1,high,0.7214316074693485,35,3,195,2,6,0,51,2,0,2,Still_image_1080p_30fps_15s
1320,1,p4x4,2,1.8245416022471044,1,2,0,-11,38.687654164818326,5:-5,spatial,0,457,3,dia,49,0,1,none,1,high,0.9544631986942628,29,15,92,2,80,0,64,1,0,2,Still_image_1080p_30fps_15s
2325,0,p4x4,2,1.8245416022471044,0,2,1,-11,38.687654164818326,5:-5,spatial,0,435,3,dia,8,0,1,none,1,high,0.0796344057295156,31,15,137,2,80,0,64,2,0,2,Still_image_1080p_30fps_15s
1320,1,p4x4,2,0.7100691361428327,0,2,0,-11,38.687654164818326,5:-5,spatial,0,435,3,dia,15,0,1,none,1,high,0.0796344057295156,29,15,92,2,80,0,64,1,0,2,Still_image_1080p_30fps_15s
1320,1,p4x4,2,1.8245416022471044,0,2,0,-11,38.687654164818326,5:-5,spatial,0,457,3,dia,15,0,1,none,1,high,0.7214316074693485,35,3,195,2,6,0,51,2,0,2,Standard_1080p_25fps_10s
1320,1,"p8x8,b8x8,i8x8,i4x4",2,1.8245416022471044,0,2,1,2,38.687654164818326,-2:2,spatial,0,435,3,dia,63,0,1,none,1,high,0.7214316074693485,35,3,195,2,4,0,51,2,0,2,Standard_1080p_25fps_10s
1320,1,p4x4,2,1.8245416022471044,0,2,0,-11,38.687654164818326,5:-5,spatial,0,435,3,dia,15,0,1,none,1,high,0.7214316074693485,35,3,195,2,6,0,51,2,0,2,Standard_1080p_25fps_10s
1320,1,p4x4,2,1.8245416022471044,0,2,0,-11,38.687654164818326,5:-5,spatial,0,74,4,dia,15,0,1,none,1,high,0.7214316074693485,41,4,92,2,80,0,2,2,0,1,Standard_1080p_25fps_10s
1320,1,p4x4,2,1.8245416022471044,0,2,1,-11,38.687654164818326,5:-5,spatial,0,435,3,dia,15,0,1,none,1,high,0.0796344057295156,35,3,239,13,48,0,64,2,0,2,Standard_1080p_25fps_10s
1320,1,"p8x8,b8x8,i8x8,i4x4",3,1.8245416022471044,0,2,1,2,38.687654164818326,-2:2,spatial,0,435,3,dia,63,0,1,none,1,high,0.7214316074693485,35,3,195,2,3,0,51,2,0,2,Standard_1080p_25fps_10s
1320,1,p4x4,2,1.8245416022471044,1,2,0,-11,38.687654164818326,5:-5,spatial,0,435,3,esa,15,0,1,none,1,high,0.7214316074693485,35,3,195,2,6,0,51,2,0,2,Standard_1080p_25fps_10s
1320,1,p4x4,2,1.8245416022471044,0,2,1,-11,38.687654164818326,5:-5,spatial,0,435,3,dia,8,0,1,none,1,high,0.0796344057295156,29,15,92,2,80,0,64,2,0,2,Standard_1080p_25fps_10s
1320,1,p4x4,2,1.8245416022471044,0,2,0,-11,36.80003912109306,5:-5,spatial,1,435,3,dia,8,0,1,none,1,high,0.0796344057295156,29,15,92,2,80,0,64,1,0,2,Standard_1080p_25fps_10s
1320,1,p4x4,3,1.7294028608664858,0,2,0,-11,38.687654164818326,5:-5,temporal,0,120,3,dia,15,0,1,none,1,high,0.7214316074693485,35,3,195,2,38,0,51,2,0,2,Standard_1080p_25fps_10s
1320,1,p4x4,3,1.7294028608664858,0,2,0,-11,38.687654164818326,5:-5,spatial,0,435,3,esa,16,0,1,none,1,high,0.0833025022174705,48,3,195,2,6,0,51,1,0,2,Standard_1080p_25fps_10s
1320,1,p4x4,2,1.8245416022471044,0,2,0,-11,36.80003912109306,5:-5,spatial,0,435,3,dia,8,0,1,none,1,high,0.602613711351927,29,15,92,2,4,0,51,2,1,2,Standard_1080p_25fps_10s
1320,1,"p8x8,b8x8,i8x8,i4x4",2,1.8245416022471044,0,2,1,-1,38.687654164818326,-2:2,spatial,0,435,3,dia,63,0,1,none,1,high,0.7214316074693485,35,3,195,2,80,0,64,1,0,0,Standard_1080p_25fps_10s
1320,1,"p8x8,b8x8,i8x8,i4x4",3,1.8245416022471044,0,2,0,-11,38.687654164818326,5:-5,spatial,0,435,3,dia,15,0,1,none,1,high,0.7214316074693485,30,3,195,2,6,0,51,2,0,2,Standard_1080p_25fps_10s
1320,1,p4x4,2,1.8245416022471044,0,2,1,2,26.07578393076734,-2:2,spatial,0,435,3,tesa,63,0,0,none,1,high,0.7214316074693485,35,3,195,2,3,0,51,2,0,2,Standard_1080p_25fps_10s
1320,1,p4x4,2,1.8245416022471044,0,2,1,-11,38.687654164818326,5:-5,spatial,0,435,3,dia,15,0,1,cbr,1,high,0.0796344057295156,35,3,239,8,48,0,64,2,0,2,Standard_1080p_25fps_10s
1320,1,p4x4,2,1.8245416022471044,0,2,0,-11,38.687654164818326,5:-5,spatial,0,435,3,hex,15,0,1,none,1,high,0.7214316074693485,35,3,195,2,6,0,51,2,0,2,Standard_1080p_25fps_10s
1320,1,all,2,1.8245416022471044,0,2,0,-11,38.687654164818326,5:-5,spatial,0,435,3,dia,15,0,1,none,1,high,0.0796344057295156,35,3,239,13,48,0,64,2,0,2,Standard_1080p_25fps_10s
1320,1,p4x4,2,1.8245416022471044,0,3,1,-2,38.687654164818326,5:-5,auto,0,460,3,dia,8,0,1,none,1,high,0.7214316074693485,48,3,195,2,6,0,51,2,1,2,Standard_1080p_25fps_10s
1320,1,all,2,1.8245416022471044,0,2,1,-11,38.687654164818326,5:-5,spatial,0,435,3,tesa,55,0,0,none,1,high,0.7214316074693485,35,3,195,2,3,0,51,2,1,2,Standard_1080p_25fps_10s
1320,1,p4x4,2,1.5227870650445188,0,2,0,-11,38.687654164818326,5:-5,spatial,1,435,0,dia,8,0,1,none,1,high,0.0796344057295156,29,15,92,2,46,0,64,2,0,2,Action_480p_25fps_15s
1320,1,"p8x8,b8x8,i8x8,i4x4",3,1.8245416022471044,0,2,1,2,38.687654164818326,-2:2,spatial,0,435,3,dia,63,0,1,vbr,1,high,0.7214316074693485,35,3,195,2,70,0,51,2,0,2,Action_480p_25fps_15s
1320,1,"p8x8,b8x8,i8x8,i4x4",3,1.7294028608664858,0,2,0,-11,38.687654164818326,5:-5,spatial,1,435,0,dia,8,0,1,none,1,high,0.4400611630221483,29,6,92,2,46,0,64,2,0,1,Action_480p_25fps_15s
1320,1,p4x4,2,1.8245416022471044,0,2,1,-11,25.96995912262302,5:-5,spatial,0,435,3,dia,8,0,1,vbr,1,high,0.7214316074693485,35,2,195,2,70,0,51,2,0,2,Action_480p_25fps_15s
1320,1,"p8x8,b8x8,i8x8,i4x4",3,1.7294028608664858,0,2,0,-11,38.687654164818326,5:-5,spatial,1,392,0,dia,8,0,1,cbr,1,high,0.0796344057295156,29,15,92,10,80,0,2,2,1,2,Action_480p_25fps_15s
1320,1,p4x4,0,0.5037150110892193,0,2,1,2,38.687654164818326,-2:2,auto,1,435,3,dia,8,0,1,none,1,high,0.0796344057295156,29,15,92,2,46,0,64,2,0,1,Action_480p_25fps_15s
1320,1,"p8x8,b8x8,i8x8,i4x4",3,1.8245416022471044,0,2,1,2,36.80003912109306,5:-5,auto,1,435,3,dia,8,0,1,none,1,baseline,0.0796344057295156,31,15,92,2,80,0,64,1,0,2,Action_480p_25fps_15s
1320,1,p4x4,2,1.8245416022471044,0,2,0,-11,38.687654164818326,5:-5,spatial,0,457,3,dia,15,0,1,none,1,high,0.7214316074693485,35,3,195,2,6,0,51,2,0,2,Action_480p_25fps_15s
1320,1,"p8x8,b8x8,i8x8,i4x4",2,1.8245416022471044,0,2,1,2,38.687654164818326,-2:2,spatial,0,435,3,dia,63,0,1,none,1,high,0.7214316074693485,35,3,195,2,4,0,51,2,0,2,Action_480p_25fps_15s
1320,1,p4x4,2,1.8245416022471044,0,2,0,-11,38.687654164818326,5:-5,spatial,0,435,3,dia,15,0,1,none,1,high,0.7214316074693485,35,3,195,2,6,0,51,2,0,2,Action_480p_25fps_15s
1320,1,p4x4,2,1.8245416022471044,0,2,0,-11,38.687654164818326,5:-5,spatial,0,74,4,dia,15,0,1,none,1,high,0.7214316074693485,41,4,92,2,80,0,2,2,0,1,Action_480p_25fps_15s
1320,1,p4x4,2,1.8245416022471044,0,2,1,-11,38.687654164818326,5:-5,spatial,0,435,3,dia,15,0,1,none,1,high,0.0796344057295156,35,3,239,13,48,0,64,2,0,2,Action_480p_25fps_15s
1320,1,"p8x8,b8x8,i8x8,i4x4",3,1.8245416022471044,0,2,1,2,38.687654164818326,-2:2,spatial,0,435,3,dia,63,0,1,none,1,high,0.7214316074693485,35,3,195,2,3,0,51,2,0,2,Action_480p_25fps_15s
1320,1,p4x4,2,1.8245416022471044,1,2,0,-11,38.687654164818326,5:-5,spatial,0,435,3,esa,15,0,1,none,1,high,0.7214316074693485,35,3,195,2,6,0,51,2,0,2,Action_480p_25fps_15s
1320,1,p4x4,2,1.8245416022471044,0,2,1,-11,38.687654164818326,5:-5,spatial,0,435,3,dia,8,0,1,none,1,high,0.0796344057295156,29,15,92,2,80,0,64,2,0,2,Action_480p_25fps_15s
1320,1,p4x4,2,1.8245416022471044,0,2,0,-11,36.80003912109306,5:-5,spatial,1,435,3,dia,8,0,1,none,1,high,0.0796344057295156,29,15,92,2,80,0,64,1,0,2,Action_480p_25fps_15s
1320,1,p4x4,3,1.7294028608664858,0,2,0,-11,38.687654164818326,5:-5,temporal,0,120,3,dia,15,0,1,none,1,high,0.7214316074693485,35,3,195,2,38,0,51,2,0,2,Action_480p_25fps_15s
1320,1,p4x4,2,1.1156797772280571,0,2,0,-11,38.687654164818326,5:-5,spatial,0,435,3,dia,15,0,1,none,1,high,0.7214316074693485,35,3,195,2,6,0,51,2,0,1,Action_480p_25fps_15s
1320,1,p4x4,2,1.8245416022471044,0,16,0,-10,38.687654164818326,5:-5,spatial,0,74,4,dia,15,0,1,none,1,high,0.7214316074693485,41,4,92,2,80,0,2,2,0,2,Action_480p_25fps_15s
1320,1,p4x4,2,1.8245416022471044,0,2,1,-11,36.80003912109306,5:-5,spatial,1,435,3,dia,8,0,1,none,1,high,0.0796344057295156,29,15,92,2,80,0,64,1,0,2,Action_480p_25fps_15s
1320,1,p4x4,2,1.8245416022471044,0,2,0,-11,38.687654164818326,5:-5,spatial,0,435,3,dia,15,0,1,none,1,high,0.7214316074693485,35,3,195,2,6,0,51,2,0,2,Big_720p_25fps_20s
1320,1,p4x4,2,1.8245416022471044,0,2,0,-11,38.687654164818326,5:-5,spatial,0,457,3,dia,15,0,1,none,1,high,0.7214316074693485,35,3,195,2,6,0,51,2,0,2,Big_720p_25fps_20s
1320,1,"p8x8,b8x8,i8x8,i4x4",2,1.8245416022471044,0,2,1,2,38.687654164818326,-2:2,spatial,0,435,3,dia,63,0,1,none,1,high,0.7214316074693485,35,3,195,2,4,0,51,2,0,2,Big_720p_25fps_20s
1320,1,p4x4,2,1.8245416022471044,0,2,1,-11,38.687654164818326,5:-5,spatial,0,435,3,dia,15,0,1,none,1,high,0.0796344057295156,35,3,239,13,48,0,64,2,0,2,Big_720p_25fps_20s
1320,1,p4x4,2,1.8245416022471044,0,2,0,-11,38.687654164818326,5:-5,spatial,0,74,4,dia,15,0,1,none,1,high,0.7214316074693485,41,4,92,2,80,0,2,2,0,1,Big_720p_25fps_20s
1320,1,"p8x8,b8x8,i8x8,i4x4",3,1.8245416022471044,0,2,1,2,38.687654164818326,-2:2,spatial,0,435,3,dia,63,0,1,none,1,high,0.7214316074693485,35,3,195,2,3,0,51,2,0,2,Big_720p_25fps_20s
1320,1,p4x4,2,1.8245416022471044,1,2,0,-11,38.687654164818326,5:-5,spatial,0,435,3,esa,15,0,1,none,1,high,0.7214316074693485,35,3,195,2,6,0,51,2,0,2,Big_720p_25fps_20s
1320,1,p4x4,2,1.8245416022471044,0,2,1,-11,38.687654164818326,5:-5,spatial,0,435,3,dia,8,0,1,none,1,high,0.0796344057295156,29,15,92,2,80,0,64,2,0,2,Big_720p_25fps_20s
1320,1,p4x4,2,1.8245416022471044,0,2,0,-11,36.80003912109306,5:-5,spatial,1,435,3,dia,8,0,1,none,1,high,0.0796344057295156,29,15,92,2,80,0,64,1,0,2,Big_720p_25fps_20s
1320,1,p4x4,3,1.7294028608664858,0,2,0,-11,38.687654164818326,5:-5,temporal,0,120,3,dia,15,0,1,none,1,high,0.7214316074693485,35,3,195,2,38,0,51,2,0,2,Big_720p_25fps_20s
1320,1,p4x4,2,1.8245416022471044,0,2,0,-11,38.687654164818326,5:-5,spatial,0,457,3,dia,15,0,1,none,1,high,0.7214316074693485,35,3,195,2,0,0,51,2,0,2,Big_720p_25fps_20s
1320,1,p4x4,2,1.831890273951516,0,2,0,-11,36.80003912109306,5:-5,spatial,1,435,3,dia,8,0,1,none,1,high,0.0796344057295156,29,15,92,2,80,0,64,1,0,2,Big_720p_25fps_20s
1320,0,all,2,1.8245416022471044,0,2,1,-11,38.687654164818326,5:-5,spatial,0,50,3,dia,8,0,1,none,1,high,0.0796344057295156,29,15,92,2,80,0,64,2,0,2,Big_720p_25fps_20s
1320,1,p4x4,2,1.8245416022471044,1,2,1,-11,38.687654164818326,5:-5,spatial,0,435,3,esa,15,0,1,none,1,high,0.7214316074693485,35,3,195,2,6,0,51,2,1,2,Big_720p_25fps_20s
1320,1,"p8x8,b8x8,i8x8,i4x4",2,1.2175456712307644,0,2,1,2,38.687654164818326,-2:2,spatial,0,232,3,dia,63,0,1,none,1,high,0.7214316074693485,35,3,195,2,62,0,51,2,0,2,Big_720p_25fps_20s
1320,1,p4x4,3,1.7294028608664858,0,3,0,-11,38.687654164818326,5:-5,none,0,120,3,dia,15,0,1,none,1,high,0.0796344057295156,29,2,92,2,80,0,64,2,0,2,Big_720p_25fps_20s
1320,1,p4x4,2,1.8245416022471044,0,2,1,-11,38.687654164818326,5:-5,spatial,0,435,3,dia,8,0,1,none,1,high,0.7214316074693485,35,3,195,2,38,0,51,2,0,2,Big_720p_25fps_20s
1320,1,p4x4,3,1.8245416022471044,0,2,0,-11,38.687654164818326,5:-5,spatial,0,366,4,dia,15,0,0,none,1,high,0.7214316074693485,41,4,92,2,4,2,51,2,0,2,Big_720p_25fps_20s
945,1,p4x4,3,1.7294028608664858,0,2,0,-11,38.687654164818326,5:-5,spatial,0,435,1,dia,15,0,1,none,1,high,0.7214316074693485,35,3,195,2,6,5,51,2,0,2,Big_720p_25fps_20s
1320,1,p4x4,3,1.7294028608664858,1,3,0,-11,38.687654164818326,5:-5,none,0,255,3,dia,15,0,1,none,1,high,0.0796344057295156,29,2,92,2,80,0,41,2,0,2,Big_720p_25fps_20s
1320,1,p4x4,2,1.8245416022471044,0,7,0,-11,38.687654164818326,5:-5,spatial,0,435,3,esa,15,1,1,none,1,high,0.7214316074693485,48,3,195,2,6,0,51,2,0,2,Still_image_480p_25fps_10s
1320,1,p4x4,2,1.8245416022471044,0,2,0,-11,38.687654164818326,5:-5,spatial,0,435,3,esa,15,1,1,none,1,high,0.7214316074693485,48,3,195,2,6,0,51,2,0,2,Still_image_480p_25fps_10s
435,1,p4x4,2,1.8245416022471044,0,2,0,-11,38.687654164818326,5:-5,spatial,0,435,3,tesa,14,1,1,none,1,high,0.7214316074693485,48,3,195,2,76,0,51,0,0,1,Still_image_480p_25fps_10s
435,1,p4x4,2,1.8245416022471044,0,2,0,-11,28.49393314679334,5:-5,spatial,0,296,3,tesa,60,1,1,cbr,0,high,0.7214316074693485,48,3,195,2,55,0,51,0,0,1,Still_image_480p_25fps_10s
1320,1,"p8x8,b8x8,i8x8,i4x4",3,1.8245416022471044,0,7,0,-11,38.687654164818326,5:-5,spatial,0,435,3,hex,14,1,1,none,1,high,0.7214316074693485,48,3,195,2,76,0,51,0,0,1,Still_image_480p_25fps_10s
1320,1,"p8x8,b8x8,i8x8,i4x4",3,1.8245416022471044,0,7,0,-11,38.687654164818326,5:-5,spatial,0,435,3,hex,14,1,1,none,1,high,0.7214316074693485,48,3,195,2,8,0,51,2,0,1,Still_image_480p_25fps_10s
1320,1,p4x4,2,1.8245416022471044,0,7,0,-11,38.687654164818326,-1:1,spatial,1,435,3,hex,15,1,1,none,1,high,0.522821707066363,48,3,220,2,76,0,0,0,0,0,Still_image_480p_25fps_10s
435,1,p4x4,1,1.8245416022471044,0,2,0,0,38.687654164818326,-5:5,spatial,0,435,3,tesa,14,1,1,none,1,high,0.7214316074693485,48,3,195,2,76,0,51,0,0,1,Still_image_480p_25fps_10s
435,1,p4x4,2,1.8245416022471044,0,2,0,-11,38.687654164818326,6:-6,spatial,0,435,3,hex,14,1,1,none,1,high,0.7214316074693485,48,3,195,2,76,0,10,0,0,1,Still_image_480p_25fps_10s
1320,1,p4x4,2,1.8245416022471044,0,2,1,-11,25.96995912262302,5:-5,spatial,0,435,3,dia,8,0,1,vbr,1,high,0.7214316074693485,35,2,195,2,70,0,51,2,0,2,Still_image_480p_25fps_10s
1320,1,"p8x8,b8x8,i8x8,i4x4",3,1.7294028608664858,0,2,0,-11,38.687654164818326,5:-5,spatial,1,392,0,dia,8,0,1,cbr,1,high,0.0796344057295156,29,15,92,10,80,0,2,2,1,2,Still_image_480p_25fps_10s
1320,1,"p8x8,b8x8,i8x8,i4x4",3,1.8245416022471044,0,2,1,2,38.687654164818326,-2:2,spatial,0,435,3,dia,63,0,1,vbr,1,high,0.7214316074693485,35,3,195,2,70,0,51,2,0,2,Still_image_480p_25fps_10s
1320,1,"p8x8,b8x8,i8x8,i4x4",3,1.7294028608664858,0,2,0,-11,38.687654164818326,5:-5,spatial,1,435,0,dia,8,0,1,none,1,high,0.4400611630221483,29,6,92,2,46,0,64,2,0,1,Still_image_480p_25fps_10s
1320,1,p4x4,2,1.5227870650445188,0,2,0,-11,38.687654164818326,5:-5,spatial,1,435,0,dia,8,0,1,none,1,high,0.0796344057295156,29,15,92,2,46,0,64,2,0,2,Still_image_480p_25fps_10s
1320,1,"p8x8,b8x8,i8x8,i4x4",3,1.8245416022471044,0,2,1,2,38.687654164818326,-2:2,spatial,0,55,3,dia,63,0,1,vbr,1,high,0.7214316074693485,35,3,195,2,70,0,51,2,0,2,Still_image_480p_25fps_10s
1320,1,"p8x8,b8x8,i8x8,i4x4",3,1.8245416022471044,2,2,1,2,38.687654164818326,-2:2,spatial,0,435,0,dia,63,0,1,vbr,1,high,0.7214316074693485,35,3,195,11,70,0,51,2,0,2,Still_image_480p_25fps_10s
1320,1,"p8x8,b8x8,i8x8,i4x4",3,1.8245416022471044,0,2,1,2,38.687654164818326,-2:2,spatial,1,435,3,dia,63,0,1,none,1,high,0.5873361797477418,35,3,195,2,70,0,51,2,0,2,Still_image_480p_25fps_10s
435,1,p4x4,2,1.7294028608664858,0,2,0,-11,38.687654164818326,5:-5,spatial,1,435,0,dia,8,0,1,none,1,high,0.7318474148377241,29,6,92,7,46,0,64,2,0,1,Still_image_480p_25fps_10s
1320,1,p4x4,2,1.8245416022471044,0,2,0,-11,38.687654164818326,-2:2,spatial,0,435,0,dia,63,0,1,vbr,1,high,0.7214316074693485,35,3,195,11,70,0,51,2,0,2,Still_image_480p_25fps_10s
435,1,p4x4,2,1.8245416022471044,0,2,1,-11,25.96995912262302,5:-5,none,0,435,3,dia,8,0,1,vbr,1,high,0.9476371583339812,35,2,195,2,70,0,51,2,0,2,Still_image_480p_25fps_10s
1320,1,p4x4,2,1.8245416022471044,0,7,0,-11,38.687654164818326,5:-5,spatial,0,435,3,esa,15,1,1,none,1,high,0.7214316074693485,48,3,195,2,6,0,51,2,0,2,Action_1080p_25fps_5s
1320,1,p4x4,2,1.8245416022471044,0,2,0,-11,38.687654164818326,5:-5,spatial,0,435,3,esa,15,1,1,none,1,high,0.7214316074693485,48,3,195,2,6,0,51,2,0,2,Action_1080p_25fps_5s
435,1,p4x4,2,1.8245416022471044,0,2,0,-11,38.687654164818326,5:-5,spatial,0,435,3,tesa,14,1,1,none,1,high,0.7214316074693485,48,3,195,2,76,0,51,0,0,1,Action_1080p_25fps_5s
1320,1,p4x4,2,1.819922213644557,0,2,0,-11,38.687654164818326,5:-5,spatial,0,74,4,dia,15,1,1,none,1,high,0.7214316074693485,41,4,92,2,80,0,2,2,1,1,Action_1080p_25fps_5s
1320,1,p4x4,2,1.8245416022471044,0,2,0,-11,38.687654164818326,5:-5,spatial,0,435,3,esa,14,1,1,none,1,high,0.7214316074693485,48,3,195,2,6,0,51,2,0,2,Action_1080p_25fps_5s
1320,1,p4x4,2,1.819922213644557,0,13,0,-11,38.687654164818326,5:-5,spatial,0,291,4,dia,15,0,1,none,1,baseline,0.7214316074693485,31,4,92,2,80,0,2,2,0,1,Action_1080p_25fps_5s
1320,1,p4x4,2,1.8245416022471044,0,2,0,-11,38.687654164818326,5:-5,spatial,0,457,1,umh,15,0,1,none,1,high,0.7214316074693485,41,4,92,2,80,0,2,2,1,2,Action_1080p_25fps_5s
435,0,p4x4,2,1.8245416022471044,0,2,0,0,38.687654164818326,5:-5,spatial,0,350,3,tesa,14,1,1,none,1,baseline,0.7214316074693485,48,3,195,2,76,0,2,2,1,1,Action_1080p_25fps_5s
1436,1,p4x4,2,1.8245416022471044,0,2,0,-11,38.687654164818326,5:-5,spatial,0,74,4,dia,15,1,1,none,1,high,0.7214316074693485,44,4,92,2,80,0,2,2,1,1,Action_1080p_25fps_5s
1320,1,p4x4,2,1.8245416022471044,0,2,0,-11,38.687654164818326,5:-5,spatial,0,435,3,hex,15,1,1,none,1,high,0.7214316074693485,48,3,195,2,6,0,51,2,0,2,Action_1080p_25fps_5s
1628,1,p4x4,2,1.8245416022471044,0,7,0,-11,38.687654164818326,5:-5,spatial,0,435,3,esa,15,1,1,none,1,high,0.7214316074693485,49,3,195,2,6,0,51,2,0,2,Action_1080p_25fps_5s
1320,1,p4x4,0,1.819922213644557,0,0,0,-11,38.687654164818326,5:-5,spatial,0,74,4,esa,15,1,0,none,1,high,0.7214316074693485,41,4,92,2,80,2,2,2,1,1,Action_1080p_25fps_5s
1320,1,p4x4,2,1.8245416022471044,0,2,0,10,38.687654164818326,5:-5,spatial,0,411,4,dia,15,1,1,none,1,high,0.5522690910109491,41,4,92,2,19,0,2,2,1,1,Action_1080p_25fps_5s
1320,1,p4x4,3,1.8245416022471044,0,2,0,-11,38.687654164818326,5:-5,spatial,0,268,3,hex,15,1,1,none,1,high,0.7214316074693485,48,3,195,2,6,0,51,2,1,2,Action_1080p_25fps_5s
435,0,p4x4,2,1.8245416022471044,0,2,0,-11,38.687654164818326,5:-5,spatial,0,435,0,tesa,14,1,1,none,1,high,0.7397180255052767,48,3,195,2,76,0,51,2,0,1,Action_1080p_25fps_5s
1320,1,p4x4,2,1.885710516974611,0,2,0,-11,38.687654164818326,5:-5,spatial,0,435,3,hex,15,1,1,none,1,high,0.7214316074693485,48,4,195,2,6,0,51,2,0,2,Action_1080p_25fps_5s
1320,1,p4x4,2,1.819922213644557,0,13,0,-11,38.687654164818326,5:-5,spatial,0,268,3,hex,15,1,1,none,0,high,0.8200783624868462,48,3,195,2,6,0,51,2,1,2,Action_1080p_25fps_5s
1320,1,p4x4,3,1.8245416022471044,0,2,0,6,27.74342219638721,5:-5,spatial,0,457,1,umh,15,0,1,none,1,high,0.7214316074693485,41,4,92,1,80,0,2,2,1,2,Action_1080p_25fps_5s
483,1,p4x4,2,1.8245416022471044,0,2,0,-11,38.687654164818326,5:-5,spatial,0,268,3,hex,15,1,1,none,1,high,0.7214316074693485,48,3,195,2,6,0,51,2,1,2,Action_1080p_25fps_5s
1320,1,p4x4,3,1.8245416022471044,0,7,0,-11,38.687654164818326,5:-5,none,0,268,3,hex,60,1,1,none,1,high,0.7214316074693485,25,3,195,2,76,0,51,0,0,1,Action_1080p_25fps_5s
1320,1,p4x4,2,1.8245416022471044,0,2,0,-11,38.687654164818326,5:-5,spatial,0,435,3,esa,15,1,1,none,1,high,0.7214316074693485,48,3,195,2,6,0,51,2,0,2,Standard_480p_60fps_5s
1320,1,p4x4,2,1.8245416022471044,0,7,0,-11,38.687654164818326,5:-5,spatial,0,435,3,esa,15,1,1,none,1,high,0.7214316074693485,48,3,195,2,6,0,51,2,0,2,Standard_480p_60fps_5s
435,1,p4x4,2,1.8245416022471044,0,2,0,-11,38.687654164818326,5:-5,spatial,0,435,3,tesa,14,1,1,none,1,high,0.7214316074693485,48,3,195,2,76,0,51,0,0,1,Standard_480p_60fps_5s
1320,1,p4x4,2,1.819922213644557,0,2,0,-11,38.687654164818326,5:-5,spatial,0,74,4,dia,15,1,1,none,1,high,0.7214316074693485,41,4,92,2,80,0,2,2,1,1,Standard_480p_60fps_5s
1320,1,p4x4,2,1.8245416022471044,0,2,0,-11,38.687654164818326,5:-5,spatial,0,435,3,esa,14,1,1,none,1,high,0.7214316074693485,48,3,195,2,6,0,51,2,0,2,Standard_480p_60fps_5s
1436,1,p4x4,2,1.8245416022471044,0,2,0,-11,38.687654164818326,5:-5,spatial,0,74,4,dia,15,1,1,none,1,high,0.7214316074693485,44,4,92,2,80,0,2,2,1,1,Standard_480p_60fps_5s
435,0,p4x4,2,1.8245416022471044,0,2,0,0,38.687654164818326,5:-5,spatial,0,350,3,tesa,14,1,1,none,1,baseline,0.7214316074693485,48,3,195,2,76,0,2,2,1,1,Standard_480p_60fps_5s
1320,1,p4x4,2,1.8245416022471044,0,2,0,-11,38.687654164818326,5:-5,spatial,0,457,1,umh,15,0,1,none,1,high,0.7214316074693485,41,4,92,2,80,0,2,2,1,2,Standard_480p_60fps_5s
1320,1,p4x4,2,1.819922213644557,0,13,0,-11,38.687654164818326,5:-5,spatial,0,291,4,dia,15,0,1,none,1,baseline,0.7214316074693485,31,4,92,2,80,0,2,2,0,1,Standard_480p_60fps_5s
1320,1,p4x4,2,1.8245416022471044,0,2,0,-11,38.687654164818326,5:-5,spatial,0,435,3,hex,15,1,1,none,1,high,0.7214316074693485,48,3,195,2,6,0,51,2,0,2,Standard_480p_60fps_5s
1320,0,p4x4,2,1.819922213644557,0,13,0,2,38.687654164818326,5:-5,spatial,0,291,4,dia,15,0,1,none,1,high,0.7214316074693485,41,4,92,2,80,0,2,2,1,2,Standard_480p_60fps_5s
1320,1,p8x8,2,1.8245416022471044,0,2,0,-11,15.108634774237956,5:-5,spatial,0,74,4,dia,15,1,1,none,1,high,0.7214316074693485,34,4,92,2,80,0,2,2,1,1,Standard_480p_60fps_5s
435,1,p4x4,2,1.8245416022471044,0,2,0,0,38.687654164818326,5:-5,spatial,0,350,3,tesa,14,1,1,none,1,baseline,0.7214316074693485,41,4,92,2,80,0,2,2,1,2,Standard_480p_60fps_5s
1745,1,p4x4,2,1.8245416022471044,0,2,0,-11,38.687654164818326,5:-5,spatial,0,435,3,esa,15,1,1,none,1,high,0.7214316074693485,44,4,92,2,80,0,2,1,1,1,Standard_480p_60fps_5s
435,1,p4x4,2,1.8245416022471044,0,2,0,-11,38.687654164818326,5:-5,spatial,0,435,3,tesa,14,1,1,vbr,1,high,0.7214316074693485,48,3,195,2,76,0,51,0,0,1,Standard_480p_60fps_5s
1320,1,p4x4,2,0.5949890779589972,0,2,0,-11,38.687654164818326,6:-6,spatial,0,435,3,hex,15,1,1,none,1,high,0.7214316074693485,48,3,195,2,6,0,40,2,0,2,Standard_480p_60fps_5s
1320,1,p4x4,2,1.8245416022471044,0,2,0,0,38.687654164818326,5:-5,spatial,0,350,3,tesa,14,1,0,none,1,high,0.7214316074693485,48,3,195,2,76,0,2,2,1,1,Standard_480p_60fps_5s
435,1,p4x4,2,1.819922213644557,0,3,0,-6,38.687654164818326,5:-5,spatial,0,74,4,dia,15,1,1,none,1,high,0.7214316074693485,41,4,92,5,80,0,2,2,1,1,Standard_480p_60fps_5s
1320,1,p4x4,2,1.8245416022471044,0,2,0,-11,38.687654164818326,2:2,spatial,0,435,3,hex,15,1,1,none,1,high,0.7214316074693485,48,3,195,2,6,0,51,2,0,2,Standard_480p_60fps_5s
435,1,p4x4,2,1.8245416022471044,0,2,0,-11,38.687654164818326,5:-5,spatial,0,328,3,tesa,14,1,1,vbr,1,main,0.7214316074693485,48,3,195,2,76,0,51,0,0,1,Standard_480p_60fps_5s
1320,1,p4x4,2,1.819922213644557,0,13,0,-11,38.687654164818326,5:-5,auto,0,291,4,dia,15,0,1,none,1,baseline,0.7214316074693485,31,4,92,2,80,0,9,2,0,1,Standard_1080p_30fps_10s
1320,1,none,2,1.819922213644557,0,8,0,-11,38.687654164818326,5:-5,spatial,0,291,4,dia,15,0,1,none,1,baseline,0.7214316074693485,31,4,92,2,80,0,9,2,0,1,Standard_1080p_30fps_10s
1320,1,p4x4,2,1.8245416022471044,0,7,0,-11,38.687654164818326,5:-5,spatial,0,435,3,esa,15,1,1,none,1,high,0.7214316074693485,48,3,195,2,6,0,51,2,0,2,Standard_1080p_30fps_10s
1320,1,p4x4,2,1.8245416022471044,0,2,0,-11,38.687654164818326,5:-5,spatial,0,435,3,esa,15,1,1,none,1,high,0.7214316074693485,48,3,195,2,6,0,51,2,0,2,Standard_1080p_30fps_10s
435,1,p4x4,2,1.8245416022471044,0,2,0,-11,38.687654164818326,5:-5,spatial,0,435,3,tesa,14,1,1,none,1,high,0.7214316074693485,48,3,195,2,76,0,51,0,0,1,Standard_1080p_30fps_10s
1320,1,p4x4,2,1.819922213644557,0,2,0,-11,38.687654164818326,5:-5,spatial,0,74,4,dia,15,1,1,none,1,high,0.7214316074693485,41,4,92,2,80,0,2,2,1,1,Standard_1080p_30fps_10s
1320,1,p4x4,2,1.8245416022471044,0,2,0,-11,38.687654164818326,5:-5,spatial,0,435,3,esa,14,1,1,none,1,high,0.7214316074693485,48,3,195,2,6,0,51,2,0,2,Standard_1080p_30fps_10s
1436,1,p4x4,2,1.8245416022471044,0,2,0,-11,38.687654164818326,5:-5,spatial,0,74,4,dia,15,1,1,none,1,high,0.7214316074693485,44,4,92,2,80,0,2,2,1,1,Standard_1080p_30fps_10s
1320,1,p4x4,2,1.8245416022471044,0,2,0,-11,38.687654164818326,5:-5,spatial,0,435,3,hex,15,1,1,none,1,high,0.7214316074693485,48,3,195,2,6,0,51,2,0,2,Standard_1080p_30fps_10s
435,0,p4x4,2,1.8245416022471044,0,2,0,0,38.687654164818326,5:-5,spatial,0,350,3,tesa,14,1,1,none,1,baseline,0.7214316074693485,48,3,195,2,76,0,2,2,1,1,Standard_1080p_30fps_10s
1320,1,p4x4,2,1.819922213644557,0,13,0,-11,38.687654164818326,5:-5,spatial,0,291,4,dia,15,0,1,none,1,baseline,0.7214316074693485,31,4,92,2,80,0,2,2,0,1,Standard_1080p_30fps_10s
1320,1,p4x4,2,1.8245416022471044,0,2,0,-11,38.687654164818326,5:-5,spatial,0,457,1,umh,15,0,1,none,1,high,0.7214316074693485,41,4,92,2,80,0,2,2,1,2,Standard_1080p_30fps_10s
1320,1,p4x4,2,1.8245416022471044,0,2,0,-11,38.687654164818326,5:-5,spatial,0,435,4,esa,14,1,1,none,1,baseline,0.7214316074693485,48,3,195,2,6,0,51,0,0,2,Standard_1080p_30fps_10s
1320,1,p4x4,2,1.8245416022471044,0,2,0,-11,38.687654164818326,5:-5,spatial,0,435,3,hex,15,1,1,none,1,high,0.7214316074693485,48,3,195,2,6,0,13,2,0,2,Standard_1080p_30fps_10s
1436,1,p4x4,2,1.8245416022471044,0,2,0,-11,38.687654164818326,5:-5,spatial,0,74,4,dia,15,1,1,none,1,high,0.7214316074693485,44,4,48,2,26,0,2,2,0,1,Standard_1080p_30fps_10s
1320,1,p4x4,2,1.8245416022471044,0,2,0,-11,33.87353378196309,5:-5,spatial,0,457,1,umh,33,1,1,none,0,high,0.7214316074693485,41,4,2,2,80,0,2,2,1,2,Standard_1080p_30fps_10s
1320,1,p4x4,2,0.2621091847487807,0,2,0,-11,38.687654164818326,5:-5,spatial,0,435,3,esa,32,1,1,none,1,high,0.7214316074693485,48,3,195,2,6,0,51,2,0,2,Standard_1080p_30fps_10s
435,1,p4x4,2,1.8245416022471044,0,2,0,-11,38.687654164818326,5:-5,spatial,0,407,3,dia,15,1,1,none,1,high,0.0141537953153069,30,4,92,2,80,0,2,1,1,1,Standard_1080p_30fps_10s
435,1,p4x4,2,1.8245416022471044,0,2,0,-11,38.687654164818326,5:-5,spatial,0,435,3,umh,14,1,1,none,1,baseline,0.751790034854561,31,4,96,2,80,0,9,1,0,1,Standard_1080p_30fps_10s
1320,1,p4x4,2,1.819922213644557,0,13,0,-11,38.687654164818326,5:-5,auto,0,291,4,dia,15,0,1,none,1,high,0.7214316074693485,48,3,195,2,76,0,42,0,0,1,Standard_1080p_30fps_10s
1320,1,"p8x8,b8x8,i8x8,i4x4",2,1.8245416022471044,0,2,1,2,38.687654164818326,-2:2,spatial,0,435,3,dia,63,0,1,none,1,high,0.7214316074693485,35,3,195,2,4,0,51,2,0,2,Action_480p_30fps_20s
1320,1,p4x4,2,1.8245416022471044,0,2,0,-11,38.687654164818326,5:-5,spatial,0,435,3,dia,15,0,1,none,1,high,0.7214316074693485,35,3,195,2,6,0,51,2,0,2,Action_480p_30fps_20s
1320,1,p4x4,2,1.8245416022471044,0,2,0,-11,38.687654164818326,5:-5,spatial,0,457,3,dia,15,0,1,none,1,high,0.7214316074693485,35,3,195,2,6,0,51,2,0,2,Action_480p_30fps_20s
1320,1,p4x4,2,1.8245416022471044,0,2,0,-11,38.687654164818326,5:-5,spatial,0,74,4,dia,15,0,1,none,1,high,0.7214316074693485,41,4,92,2,80,0,2,2,0,1,Action_480p_30fps_20s
1320,1,p4x4,2,1.8245416022471044,0,2,1,-11,38.687654164818326,5:-5,spatial,0,435,3,dia,15,0,1,none,1,high,0.0796344057295156,35,3,239,13,48,0,64,2,0,2,Action_480p_30fps_20s
1320,1,"p8x8,b8x8,i8x8,i4x4",3,1.8245416022471044,0,2,1,2,38.687654164818326,-2:2,spatial,0,435,3,dia,63,0,1,none,1,high,0.7214316074693485,35,3,195,2,3,0,51,2,0,2,Action_480p_30fps_20s
1320,1,p4x4,2,1.8245416022471044,1,2,0,-11,38.687654164818326,5:-5,spatial,0,435,3,esa,15,0,1,none,1,high,0.7214316074693485,35,3,195,2,6,0,51,2,0,2,Action_480p_30fps_20s
1320,1,p4x4,2,1.8245416022471044,0,2,1,-11,38.687654164818326,5:-5,spatial,0,435,3,dia,8,0,1,none,1,high,0.0796344057295156,29,15,92,2,80,0,64,2,0,2,Action_480p_30fps_20s
1320,1,p4x4,2,1.8245416022471044,0,2,0,-11,36.80003912109306,5:-5,spatial,1,435,3,dia,8,0,1,none,1,high,0.0796344057295156,29,15,92,2,80,0,64,1,0,2,Action_480p_30fps_20s
1320,1,p4x4,3,1.7294028608664858,0,2,0,-11,38.687654164818326,5:-5,temporal,0,120,3,dia,15,0,1,none,1,high,0.7214316074693485,35,3,195,2,38,0,51,2,0,2,Action_480p_30fps_20s
1320,1,p4x4,2,0.3424527228392024,0,2,1,2,38.687654164818326,-2:2,spatial,0,435,3,dia,8,0,1,none,1,high,0.7214316074693485,28,3,195,9,3,0,51,2,0,2,Action_480p_30fps_20s
1320,1,p4x4,2,1.8245416022471044,1,2,0,-11,38.687654164818326,5:-5,spatial,0,435,3,dia,62,0,1,none,1,high,0.7214316074693485,35,3,195,2,6,0,51,2,0,2,Action_480p_30fps_20s
653,1,p4x4,2,1.8245416022471044,0,2,0,-11,38.687654164818326,5:-5,spatial,0,435,3,dia,15,0,1,none,1,high,0.7214316074693485,35,20,195,2,6,0,51,2,1,2,Action_480p_30fps_20s
356,1,p4x4,2,1.8245416022471044,0,2,0,-11,38.687654164818326,5:-5,auto,0,74,4,dia,15,0,1,none,1,high,0.7214316074693485,35,3,127,2,6,0,51,1,0,2,Action_480p_30fps_20s
1320,1,p4x4,2,1.8245416022471044,0,2,1,-11,38.687654164818326,5:-5,spatial,0,435,3,dia,15,0,1,none,1,high,0.7214316074693485,35,3,195,2,86,0,51,2,0,2,Action_480p_30fps_20s
1320,1,p4x4,2,1.8245416022471044,1,2,0,11,38.687654164818326,5:-5,spatial,0,435,4,dia,31,0,1,none,1,baseline,0.6062344141266178,48,3,195,2,6,0,51,0,0,2,Action_480p_30fps_20s
1720,1,"p8x8,b8x8,i8x8,i4x4",2,1.8245416022471044,0,6,1,2,38.687654164818326,-2:2,spatial,0,435,3,dia,63,0,1,none,1,high,0.7214316074693485,48,3,195,2,3,0,51,2,0,2,Action_480p_30fps_20s
1320,1,"p8x8,b8x8,i8x8,i4x4",2,1.8245416022471044,0,2,1,2,38.687654164818326,-2:2,spatial,0,435,3,dia,42,0,1,none,1,high,0.7214316074693485,28,3,195,9,3,0,51,2,0,2,Action_480p_30fps_20s
356,1,p4x4,2,1.8245416022471044,0,2,0,-11,38.687654164818326,5:-5,auto,0,74,4,dia,15,0,1,none,1,high,0.7214316074693485,35,3,195,2,6,0,51,2,1,2,Action_480p_30fps_20s
653,1,p4x4,2,1.8245416022471044,0,2,0,-11,38.687654164818326,5:-5,spatial,0,435,3,dia,15,0,1,none,1,high,0.7214316074693485,23,20,195,2,6,0,51,2,1,2,Action_480p_30fps_20s
1320,1,p4x4,2,1.8245416022471044,0,7,0,-11,38.687654164818326,5:-5,spatial,0,435,3,esa,15,1,1,none,1,high,0.7214316074693485,48,3,195,2,6,0,51,2,0,2,Still_image_1080p_25fps_10s
1320,1,p4x4,2,1.8245416022471044,0,2,0,-11,38.687654164818326,5:-5,spatial,0,435,3,esa,15,1,1,none,1,high,0.7214316074693485,48,3,195,2,6,0,51,2,0,2,Still_image_1080p_25fps_10s
435,1,p4x4,2,1.8245416022471044,0,2,0,-11,38.687654164818326,5:-5,spatial,0,435,3,tesa,14,1,1,none,1,high,0.7214316074693485,48,3,195,2,76,0,51,0,0,1,Still_image_1080p_25fps_10s
1320,1,p4x4,2,1.8245416022471044,0,2,0,-11,38.687654164818326,5:-5,spatial,0,435,3,esa,14,1,1,none,1,high,0.7214316074693485,48,3,195,2,6,0,51,2,0,2,Still_image_1080p_25fps_10s
1320,1,p4x4,2,1.819922213644557,0,2,0,-11,38.687654164818326,5:-5,spatial,0,74,4,dia,15,1,1,none,1,high,0.7214316074693485,41,4,92,2,80,0,2,2,1,1,Still_image_1080p_25fps_10s
1436,1,p4x4,2,1.8245416022471044,0,2,0,-11,38.687654164818326,5:-5,spatial,0,74,4,dia,15,1,1,none,1,high,0.7214316074693485,44,4,92,2,80,0,2,2,1,1,Still_image_1080p_25fps_10s
435,0,p4x4,2,1.8245416022471044,0,2,0,0,38.687654164818326,5:-5,spatial,0,350,3,tesa,14,1,1,none,1,baseline,0.7214316074693485,48,3,195,2,76,0,2,2,1,1,Still_image_1080p_25fps_10s
1320,1,p4x4,2,1.8245416022471044,0,2,0,-11,38.687654164818326,5:-5,spatial,0,435,3,hex,15,1,1,none,1,high,0.7214316074693485,48,3,195,2,6,0,51,2,0,2,Still_image_1080p_25fps_10s
1320,1,p4x4,2,1.819922213644557,0,13,0,-11,38.687654164818326,5:-5,spatial,0,291,4,dia,15,0,1,none,1,baseline,0.7214316074693485,31,4,92,2,80,0,2,2,0,1,Still_image_1080p_25fps_10s
1320,1,p4x4,2,1.8245416022471044,0,2,0,-11,38.687654164818326,5:-5,spatial,0,457,1,umh,15,0,1,none,1,high,0.7214316074693485,41,4,92,2,80,0,2,2,1,2,Still_image_1080p_25fps_10s
1320,1,p4x4,1,1.819922213644557,0,13,0,-11,38.687654164818326,5:-5,spatial,0,291,4,dia,15,0,1,none,1,baseline,0.7214316074693485,31,4,92,2,80,0,2,2,0,1,Still_image_1080p_25fps_10s
1320,1,p4x4,2,1.819922213644557,0,13,0,2,38.687654164818326,5:-5,spatial,0,291,4,dia,15,0,1,none,1,baseline,0.7214316074693485,31,4,98,2,80,0,2,2,0,1,Still_image_1080p_25fps_10s
1320,1,all,2,1.819922213644557,0,2,0,-11,38.687654164818326,5:-5,spatial,0,319,4,dia,15,1,1,none,1,high,0.7214316074693485,41,4,92,2,80,0,2,1,1,1,Still_image_1080p_25fps_10s
435,1,p4x4,2,1.8245416022471044,1,2,0,-11,28.67455693226908,5:-5,spatial,0,435,3,tesa,14,1,1,none,1,high,0.7214316074693485,48,16,195,2,76,0,51,0,0,1,Still_image_1080p_25fps_10s
2089,1,p4x4,0,1.8245416022471044,0,2,0,-11,38.687654164818326,5:-5,spatial,0,435,3,tesa,14,1,1,none,1,high,0.7214316074693485,48,3,195,2,76,0,5,0,1,1,Still_image_1080p_25fps_10s
435,1,p4x4,2,1.8882412900884025,0,2,0,-9,38.687654164818326,5:-5,spatial,0,435,3,tesa,14,1,1,none,1,high,0.7214316074693485,48,3,195,2,76,0,51,0,0,1,Still_image_1080p_25fps_10s
435,1,p4x4,2,1.8245416022471044,0,10,0,-11,38.687654164818326,5:-5,spatial,0,435,3,tesa,27,1,1,none,1,high,0.7214316074693485,48,6,195,2,76,0,38,0,0,1,Still_image_1080p_25fps_10s
1320,1,p4x4,2,1.819922213644557,0,13,0,1,38.687654164818326,5:-5,spatial,1,319,4,dia,21,1,0,none,1,high,0.7214316074693485,41,4,92,2,80,0,2,1,1,1,Still_image_1080p_25fps_10s
1320,1,p4x4,1,1.819922213644557,0,2,0,-11,38.687654164818326,5:-5,spatial,0,435,3,hex,15,1,1,none,1,high,0.7214316074693485,48,3,195,2,6,0,51,2,0,2,Still_image_1080p_25fps_10s
1320,1,p4x4,2,1.8245416022471044,0,13,0,-11,38.687654164818326,5:-5,spatial,0,291,4,dia,15,0,1,none,1,baseline,0.7214316074693485,47,4,92,2,80,0,48,2,0,1,Still_image_1080p_25fps_10s
1320,1,p4x4,2,1.8245416022471044,0,2,0,-11,38.687654164818326,5:-5,spatial,0,435,3,dia,15,0,1,none,1,high,0.7214316074693485,35,3,195,2,6,0,51,2,0,2,Big_720p_60fps_20s
1320,1,p4x4,2,1.8245416022471044,0,2,0,-11,38.687654164818326,5:-5,spatial,0,457,3,dia,15,0,1,none,1,high,0.7214316074693485,35,3,195,2,6,0,51,2,0,2,Big_720p_60fps_20s
1320,1,"p8x8,b8x8,i8x8,i4x4",2,1.8245416022471044,0,2,1,2,38.687654164818326,-2:2,spatial,0,435,3,dia,63,0,1,none,1,high,0.7214316074693485,35,3,195,2,4,0,51,2,0,2,Big_720p_60fps_20s
1320,1,p4x4,2,1.8245416022471044,0,2,1,-11,38.687654164818326,5:-5,spatial,0,435,3,dia,15,0,1,none,1,high,0.0796344057295156,35,3,239,13,48,0,64,2,0,2,Big_720p_60fps_20s
1320,1,p4x4,2,1.8245416022471044,0,2,0,-11,38.687654164818326,5:-5,spatial,0,74,4,dia,15,0,1,none,1,high,0.7214316074693485,41,4,92,2,80,0,2,2,0,1,Big_720p_60fps_20s
1320,1,"p8x8,b8x8,i8x8,i4x4",3,1.8245416022471044,0,2,1,2,38.687654164818326,-2:2,spatial,0,435,3,dia,63,0,1,none,1,high,0.7214316074693485,35,3,195,2,3,0,51,2,0,2,Big_720p_60fps_20s
1320,1,p4x4,2,1.8245416022471044,1,2,0,-11,38.687654164818326,5:-5,spatial,0,435,3,esa,15,0,1,none,1,high,0.7214316074693485,35,3,195,2,6,0,51,2,0,2,Big_720p_60fps_20s
1320,1,p4x4,2,1.8245416022471044,0,2,1,-11,38.687654164818326,5:-5,spatial,0,435,3,dia,8,0,1,none,1,high,0.0796344057295156,29,15,92,2,80,0,64,2,0,2,Big_720p_60fps_20s
1320,1,p4x4,2,1.8245416022471044,0,2,0,-11,36.80003912109306,5:-5,spatial,1,435,3,dia,8,0,1,none,1,high,0.0796344057295156,29,15,92,2,80,0,64,1,0,2,Big_720p_60fps_20s
1320,1,p4x4,3,1.7294028608664858,0,2,0,-11,38.687654164818326,5:-5,temporal,0,120,3,dia,15,0,1,none,1,high,0.7214316074693485,35,3,195,2,38,0,51,2,0,2,Big_720p_60fps_20s
1320,1,p4x4,2,1.8245416022471044,0,2,1,-11,38.687654164818326,5:-5,spatial,0,435,3,dia,8,0,1,none,0,high,0.7214316074693485,35,3,208,2,6,0,51,2,0,2,Big_720p_60fps_20s
1320,1,"p8x8,b8x8,i8x8,i4x4",2,1.8245416022471044,0,2,1,2,38.687654164818326,3:-3,spatial,0,457,3,dia,15,0,1,none,1,high,0.7214316074693485,35,3,195,2,6,0,51,2,0,2,Big_720p_60fps_20s
1320,1,p4x4,0,1.8245416022471044,0,2,0,-11,38.687654164818326,5:-5,spatial,0,435,3,dia,15,0,1,none,1,high,0.7214316074693485,35,3,195,13,6,0,51,2,0,2,Big_720p_60fps_20s
1320,1,"p8x8,b8x8,i8x8,i4x4",3,1.8245416022471044,0,11,1,2,38.687654164818326,-2:2,spatial,0,403,3,dia,63,0,1,none,1,high,0.7214316074693485,35,3,86,2,3,0,51,0,0,2,Big_720p_60fps_20s
1320,1,p4x4,2,1.8245416022471044,0,2,0,-11,38.687654164818326,5:-5,spatial,0,74,4,dia,15,0,1,none,1,high,0.7214316074693485,41,1,92,2,80,2,2,2,0,1,Big_720p_60fps_20s
1320,1,p4x4,2,1.8245416022471044,0,2,1,2,38.687654164818326,5:-5,spatial,0,429,3,dia,15,0,1,none,1,high,0.9430347760054753,35,3,195,2,6,0,51,2,0,2,Big_720p_60fps_20s
1320,1,"p8x8,b8x8,i8x8,i4x4",2,1.8245416022471044,0,2,1,2,38.687654164818326,-5:5,spatial,0,435,3,dia,63,0,1,none,1,high,0.7214316074693485,35,3,195,2,4,0,51,2,0,2,Big_720p_60fps_20s
1320,1,p4x4,2,1.8245416022471044,0,2,1,-11,38.687654164818326,5:-5,none,0,435,3,dia,8,0,1,none,0,high,0.7214316074693485,35,3,139,2,6,0,51,2,0,2,Big_720p_60fps_20s
1320,1,p4x4,1,1.8245416022471044,0,7,1,-11,38.687654164818326,5:-5,spatial,0,435,3,esa,15,1,1,none,1,high,0.3585203474760568,48,3,195,2,6,0,51,2,0,2,Big_720p_60fps_20s
1320,1,p4x4,2,1.8245416022471044,0,2,1,-11,38.687654164818326,5:-5,spatial,0,32,3,dia,8,0,1,none,0,high,0.7214316074693485,35,3,208,2,6,0,51,2,0,1,Big_720p_60fps_20s
1320,1,p4x4,2,1.8245416022471044,0,2,0,-11,38.687654164818326,5:-5,spatial,0,435,3,dia,15,0,1,none,1,high,0.7214316074693485,35,3,195,2,6,0,51,2,0,2,Big_480p_30fps_10s
1320,1,p4x4,2,1.8245416022471044,0,2,0,-11,38.687654164818326,5:-5,spatial,0,457,3,dia,15,0,1,none,1,high,0.7214316074693485,35,3,195,2,6,0,51,2,0,2,Big_480p_30fps_10s
1320,1,"p8x8,b8x8,i8x8,i4x4",2,1.8245416022471044,0,2,1,2,38.687654164818326,-2:2,spatial,0,435,3,dia,63,0,1,none,1,high,0.7214316074693485,35,3,195,2,4,0,51,2,0,2,Big_480p_30fps_10s
1320,1,p4x4,2,1.8245416022471044,0,2,1,-11,38.687654164818326,5:-5,spatial,0,435,3,dia,15,0,1,none,1,high,0.0796344057295156,35,3,239,13,48,0,64,2,0,2,Big_480p_30fps_10s
1320,1,p4x4,2,1.8245416022471044,0,2,0,-11,38.687654164818326,5:-5,spatial,0,74,4,dia,15,0,1,none,1,high,0.7214316074693485,41,4,92,2,80,0,2,2,0,1,Big_480p_30fps_10s
1320,1,"p8x8,b8x8,i8x8,i4x4",3,1.8245416022471044,0,2,1,2,38.687654164818326,-2:2,spatial,0,435,3,dia,63,0,1,none,1,high,0.7214316074693485,35,3,195,2,3,0,51,2,0,2,Big_480p_30fps_10s
1320,1,p4x4,2,1.8245416022471044,0,2,1,-11,38.687654164818326,5:-5,spatial,0,435,3,dia,8,0,1,none,1,high,0.0796344057295156,29,15,92,2,80,0,64,2,0,2,Big_480p_30fps_10s
1320,1,p4x4,2,1.8245416022471044,1,2,0,-11,38.687654164818326,5:-5,spatial,0,435,3,esa,15,0,1,none,1,high,0.7214316074693485,35,3,195,2,6,0,51,2,0,2,Big_480p_30fps_10s
1320,1,p4x4,2,1.8245416022471044,0,2,0,-11,36.80003912109306,5:-5,spatial,1,435,3,dia,8,0,1,none,1,high,0.0796344057295156,29,15,92,2,80,0,64,1,0,2,Big_480p_30fps_10s
1320,1,p4x4,3,1.7294028608664858,0,2,0,-11,38.687654164818326,5:-5,temporal,0,120,3,dia,15,0,1,none,1,high,0.7214316074693485,35,3,195,2,38,0,51,2,0,2,Big_480p_30fps_10s
1320,1,p4x4,2,1.8245416022471044,0,2,0,-11,38.687654164818326,5:-5,spatial,0,74,4,hex,15,0,1,none,1,high,0.7214316074693485,35,14,195,2,6,0,51,2,0,2,Big_480p_30fps_10s
1320,1,p4x4,2,1.8245416022471044,0,2,1,-11,38.687654164818326,5:-5,spatial,0,435,3,dia,8,0,1,none,1,high,0.0796344057295156,29,15,92,2,80,0,64,2,0,1,Big_480p_30fps_10s
1320,1,p4x4,2,1.8245416022471044,2,2,1,-11,38.687654164818326,5:-5,spatial,0,435,3,dia,15,0,1,none,1,high,0.8150552742346756,35,3,195,2,6,0,51,2,0,2,Big_480p_30fps_10s
1320,1,p4x4,2,1.819922213644557,0,3,0,-11,38.687654164818326,5:-5,spatial,0,291,4,dia,15,0,1,none,1,baseline,0.1302075664582268,35,3,239,5,48,0,11,2,0,2,Big_480p_30fps_10s
1320,1,none,2,1.8245416022471044,0,2,1,-11,38.687654164818326,6:-6,spatial,0,435,3,dia,6,0,0,none,1,high,0.0796344057295156,35,3,195,2,6,0,10,2,0,2,Big_480p_30fps_10s
1320,1,p4x4,2,1.8245416022471044,0,3,0,-11,38.687654164818326,5:-5,spatial,0,291,4,dia,15,0,1,none,1,baseline,0.1302075664582268,35,3,239,7,48,0,54,2,0,2,Big_480p_30fps_10s
1320,1,p4x4,2,1.819922213644557,0,2,0,-11,36.80003912109306,5:-5,spatial,1,435,3,umh,8,0,1,none,1,high,0.0796344057295156,29,15,92,1,80,0,64,1,0,2,Big_480p_30fps_10s
1320,1,p4x4,2,1.8245416022471044,0,14,0,-8,38.687654164818326,5:-5,spatial,0,74,4,dia,15,0,1,none,1,high,0.7214316074693485,35,3,195,2,6,0,51,2,0,2,Big_480p_30fps_10s
1320,1,p4x4,2,1.8245416022471044,0,2,1,-11,38.687654164818326,5:-5,spatial,0,435,3,dia,8,0,0,none,1,high,0.0796344057295156,29,15,168,2,80,0,64,2,0,1,Big_480p_30fps_10s
1320,1,p4x4,2,1.8245416022471044,0,2,1,-11,38.687654164818326,5:-5,spatial,0,435,3,dia,15,0,1,none,1,high,0.8150552742346756,35,3,195,15,6,0,51,2,0,2,Big_480p_30fps_10s
1320,1,p4x4,2,1.8245416022471044,0,2,0,-11,38.687654164818326,5:-5,spatial,0,435,3,esa,15,1,1,none,1,high,0.7214316074693485,48,3,195,2,6,0,51,2,0,2,Big_480p_25fps_10s
1320,1,p4x4,2,1.8245416022471044,0,7,0,-11,38.687654164818326,5:-5,spatial,0,435,3,esa,15,1,1,none,1,high,0.7214316074693485,48,3,195,2,6,0,51,2,0,2,Big_480p_25fps_10s
435,1,p4x4,2,1.8245416022471044,0,2,0,-11,38.687654164818326,5:-5,spatial,0,435,3,tesa,14,1,1,none,1,high,0.7214316074693485,48,3,195,2,76,0,51,0,0,1,Big_480p_25fps_10s
1320,1,p4x4,2,1.819922213644557,0,2,0,-11,38.687654164818326,5:-5,spatial,0,74,4,dia,15,1,1,none,1,high,0.7214316074693485,41,4,92,2,80,0,2,2,1,1,Big_480p_25fps_10s
1320,1,p4x4,2,1.8245416022471044,0,2,0,-11,38.687654164818326,5:-5,spatial,0,435,3,esa,14,1,1,none,1,high,0.7214316074693485,48,3,195,2,6,0,51,2,0,2,Big_480p_25fps_10s
1436,1,p4x4,2,1.8245416022471044,0,2,0,-11,38.687654164818326,5:-5,spatial,0,74,4,dia,15,1,1,none,1,high,0.7214316074693485,44,4,92,2,80,0,2,2,1,1,Big_480p_25fps_10s
435,0,p4x4,2,1.8245416022471044,0,2,0,0,38.687654164818326,5:-5,spatial,0,350,3,tesa,14,1,1,none,1,baseline,0.7214316074693485,48,3,195,2,76,0,2,2,1,1,Big_480p_25fps_10s
1320,1,p4x4,2,1.8245416022471044,0,2,0,-11,38.687654164818326,5:-5,spatial,0,435,3,hex,15,1,1,none,1,high,0.7214316074693485,48,3,195,2,6,0,51,2,0,2,Big_480p_25fps_10s
1320,1,p4x4,2,1.819922213644557,0,13,0,-11,38.687654164818326,5:-5,spatial,0,291,4,dia,15,0,1,none,1,baseline,0.7214316074693485,31,4,92,2,80,0,2,2,0,1,Big_480p_25fps_10s
1320,1,p4x4,2,1.8245416022471044,0,2,0,-11,38.687654164818326,5:-5,spatial,0,457,1,umh,15,0,1,none,1,high,0.7214316074693485,41,4,92,2,80,0,2,2,1,2,Big_480p_25fps_10s
1320,1,p4x4,2,1.819922213644557,0,13,1,-11,38.687654164818326,5:-5,spatial,0,435,3,tesa,14,1,1,none,1,high,0.7214316074693485,48,3,78,2,76,0,51,0,0,1,Big_480p_25fps_10s
1320,1,p4x4,1,1.8245416022471044,0,2,0,-11,12.877783612707974,5:-5,spatial,0,435,3,esa,15,1,1,none,1,high,0.7214316074693485,35,3,211,2,6,0,51,2,0,2,Big_480p_25fps_10s
1320,1,p4x4,2,1.819922213644557,0,14,0,-11,38.687654164818326,5:-5,spatial,1,74,4,dia,15,1,1,none,1,high,0.7214316074693485,41,4,92,2,80,0,2,2,1,1,Big_480p_25fps_10s
1320,1,"p8x8,b8x8,i8x8,i4x4",2,1.8245416022471044,0,13,1,2,38.687654164818326,-2:2,spatial,0,435,3,dia,63,1,1,none,1,high,0.7214316074693485,48,3,30,2,76,0,51,0,0,1,Big_480p_25fps_10s
1320,1,p4x4,2,1.8245416022471044,0,2,0,-11,38.687654164818326,5:-5,auto,0,435,3,hex,15,1,1,none,1,high,0.7214316074693485,48,3,195,2,6,0,51,2,0,2,Big_480p_25fps_10s
1320,1,p4x4,1,1.8245416022471044,0,2,0,-11,12.877783612707974,5:-5,spatial,1,435,3,esa,15,1,1,none,0,high,0.7214316074693485,35,3,211,2,62,0,53,2,1,1,Big_480p_25fps_10s
1320,1,p4x4,2,1.8245416022471044,0,2,0,-11,38.687654164818326,5:-5,spatial,0,435,4,hex,15,1,1,none,1,high,0.7214316074693485,48,3,195,5,6,0,51,2,0,2,Big_480p_25fps_10s
1320,1,p4x4,2,1.819922213644557,0,14,0,-11,38.687654164818326,5:-5,spatial,1,74,4,dia,15,1,1,none,1,high,0.602613711351927,41,4,92,2,80,0,2,2,1,1,Big_480p_25fps_10s
435,0,p4x4,2,1.8245416022471044,0,11,0,0,38.687654164818326,5:-5,spatial,0,350,3,tesa,14,1,1,none,1,high,0.7214316074693485,48,3,78,2,76,0,51,0,0,1,Big_480p_25fps_10s
435,1,p4x4,2,1.8245416022471044,0,1,1,8,38.687654164818326,-2:2,spatial,0,435,3,dia,63,1,1,none,1,high,0.7214316074693485,48,3,30,2,76,0,51,0,0,1,Big_480p_25fps_10s
1320,1,p4x4,2,1.8245416022471044,0,2,0,-11,38.687654164818326,5:-5,spatial,0,435,3,dia,15,0,1,none,1,high,0.7214316074693485,35,3,195,2,6,0,51,2,0,2,Standard_1080p_30fps_15s
1320,1,p4x4,2,1.8245416022471044,0,2,0,-11,38.687654164818326,5:-5,spatial,0,457,3,dia,15,0,1,none,1,high,0.7214316074693485,35,3,195,2,6,0,51,2,0,2,Standard_1080p_30fps_15s
1320,1,"p8x8,b8x8,i8x8,i4x4",2,1.8245416022471044,0,2,1,2,38.687654164818326,-2:2,spatial,0,435,3,dia,63,0,1,none,1,high,0.7214316074693485,35,3,195,2,4,0,51,2,0,2,Standard_1080p_30fps_15s
1320,1,p4x4,2,1.8245416022471044,0,2,1,-11,38.687654164818326,5:-5,spatial,0,435,3,dia,15,0,1,none,1,high,0.0796344057295156,35,3,239,13,48,0,64,2,0,2,Standard_1080p_30fps_15s
1320,1,p4x4,2,1.8245416022471044,0,2,0,-11,38.687654164818326,5:-5,spatial,0,74,4,dia,15,0,1,none,1,high,0.7214316074693485,41,4,92,2,80,0,2,2,0,1,Standard_1080p_30fps_15s
1320,1,"p8x8,b8x8,i8x8,i4x4",3,1.8245416022471044,0,2,1,2,38.687654164818326,-2:2,spatial,0,435,3,dia,63,0,1,none,1,high,0.7214316074693485,35,3,195,2,3,0,51,2,0,2,Standard_1080p_30fps_15s
1320,1,p4x4,2,1.8245416022471044,1,2,0,-11,38.687654164818326,5:-5,spatial,0,435,3,esa,15,0,1,none,1,high,0.7214316074693485,35,3,195,2,6,0,51,2,0,2,Standard_1080p_30fps_15s
1320,1,p4x4,2,1.8245416022471044,0,2,1,-11,38.687654164818326,5:-5,spatial,0,435,3,dia,8,0,1,none,1,high,0.0796344057295156,29,15,92,2,80,0,64,2,0,2,Standard_1080p_30fps_15s
1320,1,p4x4,2,1.8245416022471044,0,2,0,-11,36.80003912109306,5:-5,spatial,1,435,3,dia,8,0,1,none,1,high,0.0796344057295156,29,15,92,2,80,0,64,1,0,2,Standard_1080p_30fps_15s
1320,1,p4x4,3,1.7294028608664858,0,2,0,-11,38.687654164818326,5:-5,temporal,0,120,3,dia,15,0,1,none,1,high,0.7214316074693485,35,3,195,2,38,0,51,2,0,2,Standard_1080p_30fps_15s
1320,1,"p8x8,b8x8,i8x8,i4x4",3,1.8245416022471044,0,2,1,-5,38.687654164818326,-2:2,spatial,0,435,3,dia,63,0,1,none,1,high,0.0796344057295156,35,3,239,13,48,0,30,2,0,2,Standard_1080p_30fps_15s
1320,1,p4x4,2,1.8245416022471044,0,2,0,-11,38.687654164818326,5:-5,spatial,0,74,4,dia,15,0,1,none,1,high,0.7214316074693485,41,4,92,2,80,0,59,2,0,2,Standard_1080p_30fps_15s
1320,1,p4x4,2,1.819922213644557,0,13,1,-11,38.687654164818326,5:-5,temporal,0,120,3,dia,15,0,1,none,1,high,0.7214316074693485,35,3,195,2,38,0,51,2,0,2,Standard_1080p_30fps_15s
1320,1,p4x4,3,1.7294028608664858,0,2,0,-11,48.79424836323551,5:-5,spatial,0,291,4,dia,15,0,1,none,1,main,0.7214316074693485,31,9,92,2,80,0,2,2,0,1,Standard_1080p_30fps_15s
1320,1,p4x4,2,1.8245416022471044,0,2,1,3,38.687654164818326,5:-5,spatial,0,457,3,dia,15,0,1,none,1,high,0.7214316074693485,35,3,195,2,6,0,51,2,0,2,Standard_1080p_30fps_15s
1320,1,p4x4,2,1.8245416022471044,0,2,0,2,38.687654164818326,-2:2,spatial,0,435,2,dia,63,0,1,none,1,high,0.7214316074693485,35,3,195,2,3,0,51,2,0,2,Standard_1080p_30fps_15s
435,1,all,2,1.8245416022471044,1,2,1,-11,38.687654164818326,5:-5,spatial,0,435,3,dia,24,0,1,none,1,high,0.0796344057295156,35,3,187,13,48,0,64,2,0,2,Standard_1080p_30fps_15s
1320,1,p4x4,2,1.8145441599040564,0,2,0,-11,38.687654164818326,5:-5,spatial,0,74,4,dia,15,0,1,none,1,high,0.7214316074693485,35,3,195,2,3,0,51,2,0,2,Standard_1080p_30fps_15s
1436,1,p4x4,2,1.8245416022471044,0,2,0,-11,40.40876698671431,5:-5,spatial,0,74,4,dia,15,0,1,none,1,high,0.7214316074693485,35,4,92,2,80,0,2,2,0,1,Standard_1080p_30fps_15s
1436,1,p4x4,2,1.8245416022471044,0,2,1,-11,40.40876698671431,4:4,spatial,1,74,2,dia,15,0,1,none,1,high,0.7214316074693485,35,4,92,2,80,0,2,0,0,1,Standard_1080p_30fps_15s
1320,1,p4x4,2,1.8245416022471044,0,2,0,-11,38.687654164818326,5:-5,spatial,0,435,3,esa,15,1,1,none,1,high,0.7214316074693485,48,3,195,2,6,0,51,2,0,2,Still_image_480p_30fps_10s
1320,1,p4x4,2,1.8245416022471044,0,7,0,-11,38.687654164818326,5:-5,spatial,0,435,3,esa,15,1,1,none,1,high,0.7214316074693485,48,3,195,2,6,0,51,2,0,2,Still_image_480p_30fps_10s
435,1,p4x4,2,1.8245416022471044,0,2,0,-11,38.687654164818326,5:-5,spatial,0,435,3,tesa,14,1,1,none,1,high,0.7214316074693485,48,3,195,2,76,0,51,0,0,1,Still_image_480p_30fps_10s
1320,1,p4x4,2,1.8245416022471044,0,2,0,-11,38.687654164818326,5:-5,spatial,0,435,3,esa,14,1,1,none,1,high,0.7214316074693485,48,3,195,2,6,0,51,2,0,2,Still_image_480p_30fps_10s
1320,1,p4x4,2,1.819922213644557,0,2,0,-11,38.687654164818326,5:-5,spatial,0,74,4,dia,15,1,1,none,1,high,0.7214316074693485,41,4,92,2,80,0,2,2,1,1,Still_image_480p_30fps_10s
1436,1,p4x4,2,1.8245416022471044,0,2,0,-11,38.687654164818326,5:-5,spatial,0,74,4,dia,15,1,1,none,1,high,0.7214316074693485,44,4,92,2,80,0,2,2,1,1,Still_image_480p_30fps_10s
1320,1,p4x4,2,1.8245416022471044,0,2,0,-11,38.687654164818326,5:-5,spatial,0,435,3,hex,15,1,1,none,1,high,0.7214316074693485,48,3,195,2,6,0,51,2,0,2,Still_image_480p_30fps_10s
435,0,p4x4,2,1.8245416022471044,0,2,0,0,38.687654164818326,5:-5,spatial,0,350,3,tesa,14,1,1,none,1,baseline,0.7214316074693485,48,3,195,2,76,0,2,2,1,1,Still_image_480p_30fps_10s
1320,1,p4x4,2,1.819922213644557,0,13,0,-11,38.687654164818326,5:-5,spatial,0,291,4,dia,15,0,1,none,1,baseline,0.7214316074693485,31,4,92,2,80,0,2,2,0,1,Still_image_480p_30fps_10s
1320,1,p4x4,2,1.8245416022471044,0,2,0,-11,38.687654164818326,5:-5,spatial,0,457,1,umh,15,0,1,none,1,high,0.7214316074693485,41,4,92,2,80,0,2,2,1,2,Still_image_480p_30fps_10s
1320,1,p4x4,2,1.8245416022471044,0,2,0,-11,38.687654164818326,5:-5,spatial,0,435,3,tesa,59,1,1,none,1,baseline,0.7214316074693485,48,3,31,2,76,0,51,0,0,1,Still_image_480p_30fps_10s
1320,1,p4x4,2,1.8245416022471044,0,2,0,-11,38.687654164818326,5:-5,spatial,0,435,3,dia,15,1,1,none,1,baseline,0.7214316074693485,44,13,92,2,80,0,2,2,0,1,Still_image_480p_30fps_10s
923,1,p4x4,2,1.819922213644557,1,2,0,-11,49.14594849483733,5:-5,spatial,0,74,4,dia,15,0,1,none,1,high,0.7214316074693485,41,4,92,2,80,0,12,2,1,1,Still_image_480p_30fps_10s
1320,1,p4x4,2,1.819922213644557,0,2,0,9,38.687654164818326,5:-5,spatial,0,74,3,dia,15,1,1,none,1,high,0.7214316074693485,41,4,92,2,80,0,2,2,1,1,Still_image_480p_30fps_10s
1320,1,p4x4,2,1.819922213644557,0,13,0,-11,38.687654164818326,5:-5,spatial,0,74,4,dia,15,1,1,none,1,high,0.7214316074693485,41,4,92,2,80,0,2,0,1,1,Still_image_480p_30fps_10s
1320,1,p4x4,2,1.8245416022471044,0,2,0,-11,38.687654164818326,5:-5,spatial,0,435,3,hex,15,1,1,none,1,high,0.7214316074693485,48,3,195,2,6,6,51,2,0,2,Still_image_480p_30fps_10s
435,1,p4x4,3,1.8245416022471044,0,2,0,-11,38.687654164818326,5:-5,none,0,435,3,tesa,14,1,1,none,1,high,0.7214316074693485,48,3,195,2,76,0,51,0,0,2,Still_image_480p_30fps_10s
1320,1,p4x4,2,1.819922213644557,0,13,0,-11,38.687654164818326,5:-5,none,0,74,4,dia,15,1,0,none,1,high,0.7214316074693485,41,4,92,2,80,0,2,0,0,1,Still_image_480p_30fps_10s
1320,1,p4x4,2,1.819922213644557,0,13,0,-11,38.687654164818326,5:-5,spatial,0,291,4,dia,15,0,1,none,1,baseline,0.7214316074693485,31,4,167,2,80,0,2,0,1,1,Still_image_480p_30fps_10s
1320,0,p4x4,2,1.8245416022471044,0,2,0,-11,38.687654164818326,5:-5,temporal,0,74,3,dia,15,1,1,none,1,high,0.7214316074693485,41,4,92,2,80,0,2,2,1,1,Still_image_480p_30fps_10s
1320,1,p4x4,2,1.8245416022471044,0,2,0,-11,38.687654164818326,5:-5,spatial,0,435,3,esa,15,1,1,none,1,high,0.7214316074693485,48,3,195,2,6,0,51,2,0,2,Standard_1080p_60fps_5s
1320,1,p4x4,2,1.8245416022471044,0,7,0,-11,38.687654164818326,5:-5,spatial,0,435,3,esa,15,1,1,none,1,high,0.7214316074693485,48,3,195,2,6,0,51,2,0,2,Standard_1080p_60fps_5s
435,1,p4x4,2,1.8245416022471044,0,2,0,-11,38.687654164818326,5:-5,spatial,0,435,3,tesa,14,1,1,none,1,high,0.7214316074693485,48,3,195,2,76,0,51,0,0,1,Standard_1080p_60fps_5s
1320,1,p4x4,2,1.819922213644557,0,2,0,-11,38.687654164818326,5:-5,spatial,0,74,4,dia,15,1,1,none,1,high,0.7214316074693485,41,4,92,2,80,0,2,2,1,1,Standard_1080p_60fps_5s
1320,1,p4x4,2,1.8245416022471044,0,2,0,-11,38.687654164818326,5:-5,spatial,0,435,3,esa,14,1,1,none,1,high,0.7214316074693485,48,3,195,2,6,0,51,2,0,2,Standard_1080p_60fps_5s
1436,1,p4x4,2,1.8245416022471044,0,2,0,-11,38.687654164818326,5:-5,spatial,0,74,4,dia,15,1,1,none,1,high,0.7214316074693485,44,4,92,2,80,0,2,2,1,1,Standard_1080p_60fps_5s
1320,1,p4x4,2,1.8245416022471044,0,2,0,-11,38.687654164818326,5:-5,spatial,0,435,3,hex,15,1,1,none,1,high,0.7214316074693485,48,3,195,2,6,0,51,2,0,2,Standard_1080p_60fps_5s
435,0,p4x4,2,1.8245416022471044,0,2,0,0,38.687654164818326,5:-5,spatial,0,350,3,tesa,14,1,1,none,1,baseline,0.7214316074693485,48,3,195,2,76,0,2,2,1,1,Standard_1080p_60fps_5s
1320,1,p4x4,2,1.819922213644557,0,13,0,-11,38.687654164818326,5:-5,spatial,0,291,4,dia,15,0,1,none,1,baseline,0.7214316074693485,31,4,92,2,80,0,2,2,0,1,Standard_1080p_60fps_5s
1320,1,p4x4,2,1.8245416022471044,0,2,0,-11,38.687654164818326,5:-5,spatial,0,457,1,umh,15,0,1,none,1,high,0.7214316074693485,41,4,92,2,80,0,2,2,1,2,Standard_1080p_60fps_5s
435,1,p4x4,2,0.9981664009123554,0,2,0,-11,38.687654164818326,5:-5,spatial,1,331,3,tesa,45,1,1,none,1,high,0.7214316074693485,48,3,195,2,76,0,51,0,0,1,Standard_1080p_60fps_5s
435,1,p4x4,2,1.8245416022471044,0,2,0,-11,38.687654164818326,5:-5,spatial,0,435,3,tesa,14,1,1,none,1,high,0.6844977476996733,48,3,216,2,76,0,51,2,0,1,Standard_1080p_60fps_5s
435,1,p4x4,2,1.8245416022471044,0,2,0,-11,38.687654164818326,5:-5,spatial,0,435,3,tesa,14,0,1,none,1,high,0.7214316074693485,48,3,195,16,80,0,2,0,1,1,Standard_1080p_60fps_5s
1320,1,p4x4,2,0.2615254375458563,2,2,0,3,38.687654164818326,5:-5,spatial,0,74,4,dia,15,1,1,none,1,high,0.7214316074693485,41,4,92,2,80,0,57,2,1,1,Standard_1080p_60fps_5s
1320,1,p4x4,2,1.8245416022471044,0,2,0,-11,34.76968889996238,5:-5,spatial,0,435,2,hex,15,1,1,none,1,baseline,0.7214316074693485,48,3,194,2,76,0,2,2,1,1,Standard_1080p_60fps_5s
1320,1,p4x4,2,1.819922213644557,0,2,0,-11,38.687654164818326,5:-5,auto,0,435,3,hex,15,1,1,none,1,high,0.7214316074693485,48,3,195,2,6,0,51,2,0,2,Standard_1080p_60fps_5s
1320,1,p4x4,2,1.8245416022471044,0,2,0,-11,38.687654164818326,5:-5,spatial,0,457,3,tesa,14,0,1,none,1,high,0.7214316074693485,48,3,195,11,80,0,2,0,1,2,Standard_1080p_60fps_5s
186,1,p4x4,2,1.8245416022471044,0,2,1,-11,38.687654164818326,5:-5,spatial,0,435,3,hex,15,1,1,none,1,high,0.7214316074693485,48,3,195,14,6,0,2,2,0,1,Standard_1080p_60fps_5s
1320,0,p4x4,2,1.8245416022471044,0,7,0,9,38.687654164818326,5:-5,spatial,0,435,4,esa,15,1,1,none,1,main,0.7214316074693485,48,3,195,2,80,0,2,2,1,1,Standard_1080p_60fps_5s
1320,1,p4x4,2,1.8245416022471044,0,2,0,-1,8.007352284916857,5:-5,spatial,0,435,3,esa,15,1,1,none,1,high,0.1985352477944218,48,3,195,2,76,0,51,2,0,1,Standard_1080p_60fps_5s
1320,1,p4x4,2,1.8245416022471044,0,7,0,-11,38.687654164818326,5:-5,spatial,0,435,3,esa,15,1,1,none,1,high,0.7214316074693485,48,3,195,2,6,0,51,2,0,2,Still_image_720p_30fps_15s
1320,1,p4x4,2,1.8245416022471044,0,2,0,-11,38.687654164818326,5:-5,spatial,0,435,3,esa,15,1,1,none,1,high,0.7214316074693485,48,3,195,2,6,0,51,2,0,2,Still_image_720p_30fps_15s
435,1,p4x4,2,1.8245416022471044,0,2,0,-11,38.687654164818326,5:-5,spatial,0,435,3,tesa,14,1,1,none,1,high,0.7214316074693485,48,3,195,2,76,0,51,0,0,1,Still_image_720p_30fps_15s
1320,1,p4x4,2,1.819922213644557,0,2,0,-11,38.687654164818326,5:-5,spatial,0,74,4,dia,15,1,1,none,1,high,0.7214316074693485,41,4,92,2,80,0,2,2,1,1,Still_image_720p_30fps_15s
1320,1,p4x4,2,1.8245416022471044,0,2,0,-11,38.687654164818326,5:-5,spatial,0,435,3,esa,14,1,1,none,1,high,0.7214316074693485,48,3,195,2,6,0,51,2,0,2,Still_image_720p_30fps_15s
435,0,p4x4,2,1.8245416022471044,0,2,0,0,38.687654164818326,5:-5,spatial,0,350,3,tesa,14,1,1,none,1,baseline,0.7214316074693485,48,3,195,2,76,0,2,2,1,1,Still_image_720p_30fps_15s
1436,1,p4x4,2,1.8245416022471044,0,2,0,-11,38.687654164818326,5:-5,spatial,0,74,4,dia,15,1,1,none,1,high,0.7214316074693485,44,4,92,2,80,0,2,2,1,1,Still_image_720p_30fps_15s
1320,1,p4x4,2,1.8245416022471044,0,2,0,-11,38.687654164818326,5:-5,spatial,0,435,3,hex,15,1,1,none,1,high,0.7214316074693485,48,3,195,2,6,0,51,2,0,2,Still_image_720p_30fps_15s
1320,1,p4x4,2,1.8245416022471044,0,2,0,-11,38.687654164818326,5:-5,spatial,0,457,1,umh,15,0,1,none,1,high,0.7214316074693485,41,4,92,2,80,0,2,2,1,2,Still_image_720p_30fps_15s
1320,1,p4x4,2,1.819922213644557,0,13,0,-11,38.687654164818326,5:-5,spatial,0,291,4,dia,15,0,1,none,1,baseline,0.7214316074693485,31,4,92,2,80,0,2,2,0,1,Still_image_720p_30fps_15s
1320,1,p4x4,2,1.819922213644557,0,2,0,-11,38.687654164818326,5:-5,spatial,0,74,4,dia,15,1,1,none,1,high,0.7214316074693485,44,4,92,2,80,0,2,2,1,1,Still_image_720p_30fps_15s
1320,1,p4x4,2,1.8245416022471044,0,2,0,-11,38.687654164818326,5:-5,spatial,0,350,3,tesa,14,1,1,none,0,baseline,0.7214316074693485,48,3,195,2,76,0,2,2,1,2,Still_image_720p_30fps_15s
1320,1,p4x4,2,1.8245416022471044,0,2,0,-11,38.687654164818326,5:-5,spatial,1,435,3,esa,14,1,1,none,1,high,0.7214316074693485,48,3,195,7,6,0,51,2,1,2,Still_image_720p_30fps_15s
1320,1,p4x4,2,0.1941313188369961,0,2,0,-11,38.687654164818326,5:-5,spatial,0,435,3,esa,14,1,1,none,1,high,0.8521742837465596,48,3,195,2,6,0,51,2,0,2,Still_image_720p_30fps_15s
1320,1,p4x4,2,1.8245416022471044,0,2,0,-1,38.687654164818326,5:-5,spatial,0,435,3,esa,15,1,1,none,1,high,0.7214316074693485,48,3,195,2,6,0,51,2,0,2,Still_image_720p_30fps_15s
1320,1,p4x4,1,1.8245416022471044,0,2,0,-11,38.687654164818326,5:-5,spatial,0,435,3,tesa,14,1,1,none,1,high,0.7214316074693485,48,3,195,2,76,0,51,0,0,1,Still_image_720p_30fps_15s
1320,1,p4x4,2,1.819922213644557,0,2,0,-11,38.687654164818326,5:-5,spatial,0,74,4,dia,15,1,1,none,0,high,0.7214316074693485,41,12,92,2,80,0,2,2,1,1,Still_image_720p_30fps_15s
2109,1,p4x4,2,1.819922213644557,2,2,0,-11,38.687654164818326,5:-5,spatial,0,74,4,dia,48,1,1,none,1,high,0.7214316074693485,41,4,92,3,80,0,2,2,1,2,Still_image_720p_30fps_15s
1320,1,p4x4,2,1.8245416022471044,0,2,0,-11,38.687654164818326,5:-5,spatial,0,457,1,umh,15,0,1,none,1,high,0.7214316074693485,41,4,92,2,80,0,2,2,1,1,Still_image_720p_30fps_15s
1320,1,p4x4,0,1.8245416022471044,0,2,0,-11,38.687654164818326,5:-5,spatial,0,457,1,umh,15,0,1,none,1,high,0.7214316074693485,41,4,92,2,80,6,2,2,1,2,Still_image_720p_30fps_15s
1320,1,"p8x8,b8x8,i8x8,i4x4",3,1.8245416022471044,0,2,1,2,38.687654164818326,-2:2,spatial,1,435,3,dia,63,0,1,none,1,baseline,0.7214316074693485,31,4,92,2,80,0,2,2,0,1,Action_480p_60fps_15s
1320,1,"p8x8,b8x8,i8x8,i4x4",2,1.8245416022471044,0,2,1,2,38.687654164818326,-2:2,spatial,0,435,3,dia,63,0,1,none,1,high,0.7214316074693485,35,3,195,2,4,0,51,2,0,2,Action_480p_60fps_15s
1320,1,p4x4,2,1.8245416022471044,0,2,0,-11,38.687654164818326,5:-5,spatial,0,435,3,dia,15,0,1,none,1,high,0.7214316074693485,35,3,195,2,6,0,51,2,0,2,Action_480p_60fps_15s
1320,1,p4x4,2,1.8245416022471044,0,2,0,-11,38.687654164818326,5:-5,spatial,0,457,3,dia,15,0,1,none,1,high,0.7214316074693485,35,3,195,2,6,0,51,2,0,2,Action_480p_60fps_15s
1320,1,p4x4,2,1.8245416022471044,0,2,0,-11,38.687654164818326,5:-5,spatial,0,74,4,dia,15,0,1,none,1,high,0.7214316074693485,41,4,92,2,80,0,2,2,0,1,Action_480p_60fps_15s
1320,1,p4x4,2,1.8245416022471044,0,2,1,-11,38.687654164818326,5:-5,spatial,0,435,3,dia,15,0,1,none,1,high,0.0796344057295156,35,3,239,13,48,0,64,2,0,2,Action_480p_60fps_15s
1320,1,"p8x8,b8x8,i8x8,i4x4",3,1.8245416022471044,0,2,1,2,38.687654164818326,-2:2,spatial,0,435,3,dia,63,0,1,none,1,high,0.7214316074693485,35,3,195,2,3,0,51,2,0,2,Action_480p_60fps_15s
1320,1,p4x4,2,1.8245416022471044,0,2,1,-11,38.687654164818326,5:-5,spatial,0,435,3,dia,8,0,1,none,1,high,0.0796344057295156,29,15,92,2,80,0,64,2,0,2,Action_480p_60fps_15s
1320,1,p4x4,2,1.8245416022471044,1,2,0,-11,38.687654164818326,5:-5,spatial,0,435,3,esa,15,0,1,none,1,high,0.7214316074693485,35,3,195,2,6,0,51,2,0,2,Action_480p_60fps_15s
1320,1,p4x4,2,1.8245416022471044,0,2,0,-11,36.80003912109306,5:-5,spatial,1,435,3,dia,8,0,1,none,1,high,0.0796344057295156,29,15,92,2,80,0,64,1,0,2,Action_480p_60fps_15s
1320,1,p4x4,3,1.7294028608664858,0,2,0,-11,38.687654164818326,5:-5,temporal,0,120,3,dia,15,0,1,none,1,high,0.7214316074693485,35,3,195,2,38,0,51,2,0,2,Action_480p_60fps_15s
1320,1,p4x4,2,1.8245416022471044,0,2,0,-11,38.687654164818326,5:-5,spatial,0,74,4,dia,15,0,1,none,1,high,0.7214316074693485,35,3,195,2,9,0,51,2,0,0,Action_480p_60fps_15s
1320,1,p4x4,2,1.819922213644557,0,13,0,-11,38.687654164818326,5:-5,spatial,0,291,4,dia,15,0,1,none,1,high,0.7214316074693485,38,3,32,2,3,0,51,1,0,2,Action_480p_60fps_15s
1320,1,p4x4,3,1.7294028608664858,0,2,0,-11,38.687654164818326,5:-5,spatial,0,457,3,dia,15,0,1,none,1,high,0.7214316074693485,35,3,195,2,6,0,51,2,0,0,Action_480p_60fps_15s
1320,1,p4x4,2,1.8245416022471044,0,2,0,-2,38.687654164818326,5:-5,spatial,0,258,3,dia,15,0,1,none,1,high,0.7214316074693485,35,3,195,2,6,0,51,2,0,2,Action_480p_60fps_15s
1320,1,p4x4,3,1.4899681264751738,0,2,0,9,38.687654164818326,5:-5,temporal,0,120,3,dia,15,1,1,none,1,high,0.7214316074693485,35,10,195,10,38,0,51,2,0,2,Action_480p_60fps_15s
1320,1,p4x4,2,1.8245416022471044,0,11,1,2,38.687654164818326,-2:2,spatial,0,435,3,dia,4,0,1,none,1,high,0.7214316074693485,35,3,195,1,3,0,51,2,0,2,Action_480p_60fps_15s
1320,1,p4x4,2,1.819922213644557,0,2,1,-11,38.687654164818326,5:-5,spatial,0,435,3,dia,15,0,0,none,1,high,0.0796344057295156,35,3,239,13,48,0,64,2,0,2,Action_480p_60fps_15s
1068,1,p4x4,2,1.8245416022471044,0,2,1,-11,38.687654164818326,5:-5,spatial,0,131,3,dia,51,1,1,none,1,high,0.0796344057295156,29,15,92,2,25,0,51,2,0,2,Action_480p_60fps_15s
1320,1,p4x4,3,1.7294028608664858,0,2,0,7,38.687654164818326,5:-5,temporal,0,74,4,dia,15,0,1,none,1,high,0.7214316074693485,35,3,195,2,9,0,51,2,1,0,Action_480p_60fps_15s
1320,1,p4x4,2,1.8245416022471044,0,7,0,-11,38.687654164818326,5:-5,spatial,0,435,3,esa,15,1,1,none,1,high,0.7214316074693485,48,3,195,2,6,0,51,2,0,2,Still_image_720p_60fps_20s
1320,1,p4x4,2,1.8245416022471044,0,2,0,-11,38.687654164818326,5:-5,spatial,0,435,3,esa,15,1,1,none,1,high,0.7214316074693485,48,3,195,2,6,0,51,2,0,2,Still_image_720p_60fps_20s
435,1,p4x4,2,1.8245416022471044,0,2,0,-11,38.687654164818326,5:-5,spatial,0,435,3,tesa,14,1,1,none,1,high,0.7214316074693485,48,3,195,2,76,0,51,0,0,1,Still_image_720p_60fps_20s
1320,1,p4x4,2,1.819922213644557,0,2,0,-11,38.687654164818326,5:-5,spatial,0,74,4,dia,15,1,1,none,1,high,0.7214316074693485,41,4,92,2,80,0,2,2,1,1,Still_image_720p_60fps_20s
1320,1,p4x4,2,1.8245416022471044,0,2,0,-11,38.687654164818326,5:-5,spatial,0,435,3,esa,14,1,1,none,1,high,0.7214316074693485,48,3,195,2,6,0,51,2,0,2,Still_image_720p_60fps_20s
435,0,p4x4,2,1.8245416022471044,0,2,0,0,38.687654164818326,5:-5,spatial,0,350,3,tesa,14,1,1,none,1,baseline,0.7214316074693485,48,3,195,2,76,0,2,2,1,1,Still_image_720p_60fps_20s
1436,1,p4x4,2,1.8245416022471044,0,2,0,-11,38.687654164818326,5:-5,spatial,0,74,4,dia,15,1,1,none,1,high,0.7214316074693485,44,4,92,2,80,0,2,2,1,1,Still_image_720p_60fps_20s
1320,1,p4x4,2,1.8245416022471044,0,2,0,-11,38.687654164818326,5:-5,spatial,0,435,3,hex,15,1,1,none,1,high,0.7214316074693485,48,3,195,2,6,0,51,2,0,2,Still_image_720p_60fps_20s
1320,1,p4x4,2,1.819922213644557,0,13,0,-11,38.687654164818326,5:-5,spatial,0,291,4,dia,15,0,1,none,1,baseline,0.7214316074693485,31,4,92,2,80,0,2,2,0,1,Still_image_720p_60fps_20s
1320,1,p4x4,2,1.8245416022471044,0,2,0,-11,38.687654164818326,5:-5,spatial,0,457,1,umh,15,0,1,none,1,high,0.7214316074693485,41,4,92,2,80,0,2,2,1,2,Still_image_720p_60fps_20s
1320,1,p4x4,2,1.8245416022471044,0,2,0,-11,38.687654164818326,-6:6,spatial,0,435,3,tesa,14,1,1,none,1,high,0.7214316074693485,48,3,195,2,76,0,51,0,1,1,Still_image_720p_60fps_20s
1320,1,p4x4,2,1.819922213644557,0,2,0,3,38.687654164818326,5:-5,spatial,0,74,4,esa,15,1,1,none,1,high,0.7214316074693485,49,4,92,2,80,0,2,2,0,1,Still_image_720p_60fps_20s
1320,1,p4x4,2,0.138099768745655,0,12,0,-11,38.687654164818326,5:-5,spatial,0,435,3,esa,14,1,1,none,1,high,0.2115404214338969,31,4,92,7,27,0,2,2,0,1,Still_image_720p_60fps_20s
1320,1,p4x4,2,1.819922213644557,0,13,0,-11,38.687654164818326,5:-5,spatial,0,435,3,esa,14,1,1,none,0,high,0.7214316074693485,48,3,195,2,76,0,51,0,0,1,Still_image_720p_60fps_20s
1320,1,p4x4,2,1.8245416022471044,0,2,0,3,38.687654164818326,5:-5,spatial,0,435,3,hex,15,1,1,none,1,high,0.7214316074693485,48,3,195,2,27,0,2,2,0,1,Still_image_720p_60fps_20s
1320,1,p4x4,2,1.8245416022471044,0,2,0,-11,38.687654164818326,0:0,spatial,0,435,3,hex,15,1,1,none,1,high,0.7214316074693485,48,3,195,2,6,0,51,1,0,2,Still_image_720p_60fps_20s
1320,1,p4x4,3,0.138099768745655,0,12,0,-11,38.687654164818326,5:-5,spatial,0,435,3,esa,14,1,1,none,1,high,0.2115404214338969,31,6,110,2,80,0,2,2,1,2,Still_image_720p_60fps_20s
1320,1,p4x4,2,0.138099768745655,0,12,1,-11,38.687654164818326,5:-5,spatial,0,435,3,esa,14,1,0,none,1,high,0.7214316074693485,48,3,195,2,76,0,51,0,0,1,Still_image_720p_60fps_20s
1320,1,p4x4,2,1.819922213644557,0,2,0,-11,38.687654164818326,5:-5,temporal,0,130,4,esa,15,1,1,none,1,high,0.7214316074693485,41,4,145,2,80,0,37,0,1,1,Still_image_720p_60fps_20s
1320,1,p4x4,2,1.548713952641278,0,2,0,-11,38.687654164818326,3:3,spatial,0,74,4,dia,15,1,1,none,1,high,0.7214316074693485,41,5,92,2,80,0,2,2,0,1,Still_image_720p_60fps_20s
1320,1,p4x4,2,1.8245416022471044,0,2,0,-11,38.687654164818326,5:-5,spatial,0,457,3,dia,15,0,1,none,1,high,0.7214316074693485,35,3,195,2,6,0,51,2,0,2,Action_1080p_25fps_15s
1320,1,"p8x8,b8x8,i8x8,i4x4",2,1.8245416022471044,0,2,1,2,38.687654164818326,-2:2,spatial,0,435,3,dia,63,0,1,none,1,high,0.7214316074693485,35,3,195,2,4,0,51,2,0,2,Action_1080p_25fps_15s
1320,1,p4x4,2,1.8245416022471044,0,2,0,-11,38.687654164818326,5:-5,spatial,0,435,3,dia,15,0,1,none,1,high,0.7214316074693485,35,3,195,2,6,0,51,2,0,2,Action_1080p_25fps_15s
1320,1,p4x4,2,1.8245416022471044,0,2,1,-11,38.687654164818326,5:-5,spatial,0,435,3,dia,15,0,1,none,1,high,0.0796344057295156,35,3,239,13,48,0,64,2,0,2,Action_1080p_25fps_15s
1320,1,p4x4,2,1.8245416022471044,0,2,0,-11,38.687654164818326,5:-5,spatial,0,74,4,dia,15,0,1,none,1,high,0.7214316074693485,41,4,92,2,80,0,2,2,0,1,Action_1080p_25fps_15s
1320,1,"p8x8,b8x8,i8x8,i4x4",3,1.8245416022471044,0,2,1,2,38.687654164818326,-2:2,spatial,0,435,3,dia,63,0,1,none,1,high,0.7214316074693485,35,3,195,2,3,0,51,2,0,2,Action_1080p_25fps_15s
1320,1,p4x4,2,1.8245416022471044,1,2,0,-11,38.687654164818326,5:-5,spatial,0,435,3,esa,15,0,1,none,1,high,0.7214316074693485,35,3,195,2,6,0,51,2,0,2,Action_1080p_25fps_15s
1320,1,p4x4,2,1.8245416022471044,0,2,1,-11,38.687654164818326,5:-5,spatial,0,435,3,dia,8,0,1,none,1,high,0.0796344057295156,29,15,92,2,80,0,64,2,0,2,Action_1080p_25fps_15s
1320,1,p4x4,2,1.8245416022471044,0,2,0,-11,36.80003912109306,5:-5,spatial,1,435,3,dia,8,0,1,none,1,high,0.0796344057295156,29,15,92,2,80,0,64,1,0,2,Action_1080p_25fps_15s
1320,1,p4x4,3,1.7294028608664858,0,2,0,-11,38.687654164818326,5:-5,temporal,0,120,3,dia,15,0,1,none,1,high,0.7214316074693485,35,3,195,2,38,0,51,2,0,2,Action_1080p_25fps_15s
1320,1,p4x4,2,1.8245416022471044,0,2,0,8,38.687654164818326,5:-5,spatial,0,435,3,dia,15,1,1,none,1,high,0.0796344057295156,35,3,239,13,6,0,51,2,0,2,Action_1080p_25fps_15s
1320,1,p4x4,2,1.8245416022471044,0,2,0,-11,38.687654164818326,5:-5,spatial,0,435,3,dia,16,0,0,none,1,high,0.7214316074693485,35,3,125,2,6,0,51,2,0,2,Action_1080p_25fps_15s
1320,1,"p8x8,b8x8,i8x8,i4x4",3,1.8245416022471044,0,2,1,2,38.687654164818326,-2:2,spatial,0,435,3,hex,22,0,1,none,1,high,0.7214316074693485,35,3,195,2,40,0,51,2,0,1,Action_1080p_25fps_15s
1320,1,none,3,1.7294028608664858,0,2,0,-11,38.687654164818326,5:-5,temporal,0,203,3,dia,15,1,1,none,1,high,0.3509747585402405,35,5,195,2,6,0,51,2,0,2,Action_1080p_25fps_15s
1436,1,p4x4,2,1.8245416022471044,0,2,1,-11,38.687654164818326,5:-5,spatial,0,74,4,dia,15,1,1,none,1,high,0.7214316074693485,44,4,92,2,80,0,2,2,0,2,Action_1080p_25fps_15s
1320,1,p4x4,2,1.8245416022471044,0,2,0,-11,38.687654164818326,5:-5,spatial,0,435,3,dia,16,0,0,none,1,high,0.7214316074693485,35,3,7,2,6,0,51,2,0,2,Action_1080p_25fps_15s
1320,1,p4x4,2,1.8245416022471044,0,2,1,-11,38.687654164818326,-2:2,spatial,1,435,3,dia,15,0,1,none,1,high,0.432336974349697,35,3,125,2,6,0,51,2,0,2,Action_1080p_25fps_15s
1320,1,p4x4,3,0.4684300042543964,0,2,0,-11,38.687654164818326,5:-5,spatial,0,74,4,dia,15,0,1,none,1,high,0.7214316074693485,35,3,125,2,94,0,51,2,0,2,Action_1080p_25fps_15s
1320,1,p4x4,2,1.8245416022471044,1,2,0,-11,38.687654164818326,5:-5,spatial,0,435,4,esa,15,0,1,none,1,high,0.9195814880412572,35,3,195,2,6,0,51,2,0,2,Action_1080p_25fps_15s
1320,1,p4x4,2,0.0596641680543436,0,2,1,-11,38.687654164818326,5:-5,spatial,0,491,3,dia,16,0,0,none,1,high,0.7214316074693485,35,3,125,2,6,0,51,2,0,2,Action_1080p_25fps_15s
