write,0,select,1,0.1,1.1,0.2,1.2,1.3,0.3,2,2674,27906,20834,36784,18392,24891,55070,35593,9450,8624,9,14473,1.4,36179,0.4,0.5,1.5,0.6,1.6,workload
writev,1,select,0,0,0,0,1,1,1,0,63985,11306,56290,18828,9414,30271,39420,55672,7978,18969,3,10381,1,60150,0,0,0,1,797,data_12threads_100connections_10s_True
write,0,linux-sysepoll,0,1,0,0,1,1,1,2,63985,43803,56290,18828,9414,30271,39420,55672,7978,18969,3,10381,1,60150,0,0,0,1,797,data_12threads_100connections_10s_True
writev,1,select,1,0,0,1,1,1,2,2,45043,34805,35485,22259,25245,41941,29825,29081,20075,46141,14,51705,1,61153,1,1,1,1,681,data_12threads_100connections_10s_True
write,0,linux-sysepoll,0,1,0,0,1,0,2,1,17876,59019,30170,31821,10078,56080,51548,5965,11516,60937,11,46420,1,7286,1,0,1,1,1104,data_12threads_100connections_10s_True
writev,0,linux-sysepoll,0,1,0,0,1,0,2,1,17876,59019,30170,31821,19098,56080,51548,5965,11516,60937,11,46420,1,7286,1,0,1,1,520,data_12threads_100connections_10s_True
writev,1,select,0,0,0,0,1,1,2,0,10583,4182,2709,36070,17783,63770,46270,21089,19133,20665,15,1438,1,18160,0,1,1,0,1473,data_12threads_100connections_10s_True
write,1,libev,1,1,0,1,1,1,2,2,45043,34805,35485,22259,25245,41941,32879,29081,20075,46141,14,51705,1,61153,1,1,1,1,681,data_12threads_100connections_10s_True
write,0,linux-sysepoll,0,0,0,0,1,0,2,1,17876,59019,30170,31821,10078,56080,51548,5965,11516,60937,5,46420,1,65237,0,1,0,0,2177,data_12threads_100connections_10s_True
write,0,linux-sysepoll,0,0,0,0,1,0,2,1,17876,58338,30170,31821,531,56080,51548,21883,11516,60937,5,46420,1,65237,0,1,0,0,2177,data_12threads_100connections_10s_True
writev,1,select,1,0,0,1,1,1,2,2,25700,2763,8648,45667,22323,46190,5558,48641,22901,18221,11,25715,1,57633,1,1,1,1,1230,data_12threads_100connections_10s_True
writev,1,linux-sysepoll,1,1,0,1,1,0,1,2,25049,1312,23416,27122,13561,46190,5558,48641,22901,18221,14,54118,1,8691,1,1,1,0,1230,data_12threads_100connections_10s_True
writev,1,libev,1,1,0,1,1,1,2,2,25700,2763,8648,45667,20921,46190,5558,48641,22901,18221,14,54118,1,8691,1,1,0,0,1230,data_12threads_100connections_10s_True
writev,1,select,0,0,0,0,1,0,2,1,17876,59019,30170,31821,10078,56080,51548,2474,11516,60937,11,46420,1,7286,1,0,1,1,903,data_12threads_100connections_10s_True
write,0,linux-sysepoll,0,0,0,0,1,0,2,1,17876,59019,30170,31821,10078,56080,51548,5965,11516,60937,5,46420,1,15396,1,1,0,0,2177,data_12threads_100connections_10s_True
write,0,linux-sysepoll,0,1,0,0,1,1,2,1,17876,59019,30170,31821,10078,56080,51548,5965,11516,60937,11,46420,1,7286,1,1,0,0,2177,data_12threads_100connections_10s_True
write,1,linux-sysepoll,0,1,0,1,1,0,1,1,17876,59019,30170,31821,10078,56080,922,21883,11516,16908,5,46420,1,8186,0,1,0,0,2177,data_12threads_100connections_10s_True
writev,1,libev,1,1,0,1,1,0,2,0,10583,30860,2709,36070,17783,63770,46270,21089,19133,20665,15,1438,1,18160,0,0,1,1,1473,data_12threads_100connections_10s_True
write,0,poll,0,0,0,1,1,1,2,2,63826,34805,35485,22259,25245,41941,29825,29081,20075,46141,14,51705,1,61153,1,1,1,1,28,data_12threads_100connections_10s_True
write,0,libev,0,1,0,1,1,1,2,0,10583,4182,2709,36070,30006,63770,46270,21089,19133,20665,15,1438,1,18160,0,1,1,0,2266,data_12threads_100connections_10s_True
writev,1,poll,0,1,1,1,1,0,2,0,51761,26255,10614,13967,6983,52957,46270,20219,21389,20665,15,1438,1,18160,0,1,1,0,1473,data_12threads_100connections_10s_True
write,0,linux-sysepoll,0,1,0,0,1,0,2,1,17876,59019,30170,31821,10078,56080,51548,5965,11516,60937,11,46420,1,7286,1,0,1,1,1104,data_8threads_100connections_60s_True
writev,0,linux-sysepoll,0,1,0,0,1,0,2,1,17876,59019,30170,31821,19098,56080,51548,5965,11516,60937,11,46420,1,7286,1,0,1,1,520,data_8threads_100connections_60s_True
writev,0,linux-sysepoll,0,1,0,0,1,0,2,1,17876,59019,50580,31821,10078,56080,51548,5965,11516,60937,11,46420,1,7286,1,0,1,1,1104,data_8threads_100connections_60s_True
write,0,linux-sysepoll,0,1,0,0,1,0,2,0,63826,34805,35485,22259,25245,41941,29825,23929,20075,46141,14,51705,1,61153,1,0,1,1,28,data_8threads_100connections_60s_True
writev,0,linux-sysepoll,0,1,1,0,1,0,2,1,25152,1907,30170,31821,2976,56080,38481,5965,11516,7770,11,46420,1,7286,1,0,1,1,1104,data_8threads_100connections_60s_True
writev,1,linux-sysepoll,0,1,0,0,1,0,2,1,17876,59019,30170,31821,10078,37576,51548,5965,11516,60937,11,46420,1,7286,1,0,1,1,2171,data_8threads_100connections_60s_True
writev,0,linux-sysepoll,0,1,1,0,1,0,2,1,25152,1907,30170,31821,2976,26778,38481,5965,11516,7770,11,46420,1,7286,1,0,1,1,1104,data_8threads_100connections_60s_True
write,1,linux-sysepoll,1,1,0,0,1,0,2,1,17876,59019,30170,31821,10078,56080,51548,5965,11516,60937,11,46420,1,7286,1,1,1,1,1104,data_8threads_100connections_60s_True
write,0,poll,0,0,0,1,1,1,2,2,63826,34805,35485,22259,25245,41941,29825,29081,20075,46141,14,51705,1,61153,1,1,1,1,28,data_8threads_100connections_60s_True
write,0,poll,0,0,0,1,1,1,2,2,63826,33198,35485,22259,15268,41941,29825,29081,20075,48571,14,51705,0,61153,1,0,1,1,681,data_8threads_100connections_60s_True
write,1,poll,0,0,0,1,1,1,2,2,63826,34805,35485,31821,10078,27370,51548,5965,11516,60937,15,46420,1,7286,1,0,1,1,1104,data_8threads_100connections_60s_True
writev,1,select,1,0,0,1,1,1,2,2,45043,34805,35485,22259,25245,41941,29825,29081,20075,46141,14,51705,1,61153,1,1,1,1,681,data_8threads_100connections_60s_True
writev,1,select,1,0,0,1,1,1,2,2,25700,2763,8648,45667,22323,46190,5558,48641,22901,18221,11,25715,1,57633,1,1,1,1,1230,data_8threads_100connections_60s_True
writev,1,linux-sysepoll,1,0,0,0,1,1,0,2,61501,37379,61286,17028,8514,27095,14933,44920,22904,9971,5,22980,1,57471,0,1,0,1,2077,data_8threads_100connections_60s_True
writev,1,linux-sysepoll,0,0,0,0,1,1,0,1,61501,37379,61286,17028,13822,27095,32879,29081,20075,46141,14,51705,1,61153,1,1,1,1,681,data_8threads_100connections_60s_True
write,1,libev,1,1,0,0,1,0,2,0,61501,37379,61286,17028,8514,27095,14933,44920,22904,9971,5,22980,1,57471,0,1,0,1,2077,data_8threads_100connections_60s_True
writev,0,linux-sysepoll,1,1,0,0,1,0,2,0,61501,37379,28550,17028,8514,27095,14933,44920,22904,9971,5,22980,1,57471,0,1,0,1,2077,data_8threads_100connections_60s_True
write,1,libev,1,1,0,1,1,1,2,2,45043,34805,35485,22259,25245,41941,32879,29081,20075,46141,14,51705,1,61153,1,1,1,1,681,data_8threads_100connections_60s_True
writev,1,libev,0,0,0,1,1,1,2,2,63826,19003,35485,22259,25245,41941,29825,29081,20075,46141,13,51705,1,61153,1,0,1,1,28,data_8threads_100connections_60s_True
sendfile,1,libev,1,1,0,1,1,1,2,2,35292,34805,35485,21964,25245,41941,32879,29081,20075,46141,14,51705,1,61153,1,1,1,1,681,data_8threads_100connections_60s_True
write,1,linux-sysepoll,1,1,0,0,1,0,2,1,17876,59019,30170,31821,10078,56080,51548,5965,11516,60937,11,46420,1,7286,1,1,1,1,1104,data_12threads_300connections_60s_False
writev,0,linux-sysepoll,0,1,0,0,1,0,2,1,17876,59019,50580,31821,10078,56080,51548,5965,11516,60937,11,46420,1,7286,1,1,1,0,1104,data_12threads_300connections_60s_False
writev,0,linux-sysepoll,0,1,1,0,1,0,0,1,17876,59019,50580,31821,10078,56080,51548,5965,11516,60937,11,46420,1,7286,1,1,1,1,642,data_12threads_300connections_60s_False
sendfile,0,linux-sysepoll,0,1,0,0,1,0,0,2,45043,34805,35485,24331,10078,56080,51548,5965,11516,60937,11,46420,1,7286,1,1,1,1,1104,data_12threads_300connections_60s_False
writev,1,linux-sysepoll,1,1,0,0,1,0,2,1,17876,59019,20984,31821,10078,56080,51548,5965,11516,60937,11,46420,1,7286,1,1,1,1,1104,data_12threads_300connections_60s_False
writev,1,linux-sysepoll,0,1,0,0,1,0,2,0,17876,59019,50580,31821,10078,56080,51548,5965,11516,60937,13,30625,1,7286,1,1,1,0,1104,data_12threads_300connections_60s_False
write,1,libev,1,1,0,1,1,1,2,2,45043,34805,35485,22259,25245,41941,32879,29081,20075,46141,14,51705,1,61153,1,1,1,1,681,data_12threads_300connections_60s_False
write,1,libev,1,1,0,1,1,1,0,2,45043,34805,35485,22259,25245,41941,32879,29081,20075,46141,14,51705,1,61153,1,0,1,1,681,data_12threads_300connections_60s_False
write,0,linux-sysepoll,0,1,0,0,1,0,2,1,17876,59019,30170,31821,10078,56080,51548,5965,11516,60937,11,46420,1,7286,1,0,1,1,1104,data_12threads_300connections_60s_False
writev,0,linux-sysepoll,0,1,0,0,1,0,2,1,17876,59019,30170,31821,19098,56080,51548,5965,11516,60937,11,46420,1,7286,1,0,1,1,520,data_12threads_300connections_60s_False
writev,0,linux-sysepoll,0,1,0,0,1,0,2,1,17876,59019,50580,31821,10078,56080,51548,5965,11516,60937,11,46420,1,7286,1,0,1,1,1104,data_12threads_300connections_60s_False
write,0,linux-sysepoll,0,1,0,0,1,0,2,0,63826,34805,35485,22259,25245,41941,29825,23929,20075,46141,14,51705,1,61153,1,0,1,1,28,data_12threads_300connections_60s_False
writev,0,linux-sysepoll,0,1,1,0,1,0,2,1,25152,1907,30170,31821,2976,56080,38481,5965,11516,7770,11,46420,1,7286,1,0,1,1,1104,data_12threads_300connections_60s_False
writev,1,linux-sysepoll,0,1,0,0,1,0,2,1,17876,59019,30170,31821,10078,37576,51548,5965,11516,60937,11,46420,1,7286,1,0,1,1,2171,data_12threads_300connections_60s_False
writev,0,linux-sysepoll,0,1,1,0,1,0,2,1,25152,1907,30170,31821,2976,26778,38481,5965,11516,7770,11,46420,1,7286,1,0,1,1,1104,data_12threads_300connections_60s_False
writev,0,linux-sysepoll,0,1,1,0,1,1,2,1,25152,1907,30170,31821,2976,26778,38481,61054,11516,7770,11,46420,1,7286,1,0,1,1,1929,data_12threads_300connections_60s_False
writev,0,linux-sysepoll,0,0,0,0,1,0,2,1,25152,1907,30170,31821,2976,26778,38481,5965,11516,7770,11,28179,1,7286,1,0,1,1,1104,data_12threads_300connections_60s_False
writev,0,linux-sysepoll,0,1,1,0,1,0,2,1,17876,59019,50580,31821,10078,56080,51548,5965,11516,60937,11,46420,1,7286,1,0,1,1,642,data_12threads_300connections_60s_False
write,0,linux-sysepoll,0,1,0,0,1,0,2,2,45043,34805,35485,22259,25245,41941,32879,29081,20075,46141,14,51705,1,61153,1,1,1,1,681,data_12threads_300connections_60s_False
writev,0,linux-sysepoll,0,1,0,0,1,0,2,1,6276,59019,50580,31821,10078,56080,51548,5965,11516,18422,11,46420,1,7286,1,0,1,1,1104,data_12threads_300connections_60s_False
writev,1,linux-sysepoll,0,1,0,0,1,0,1,0,17876,59019,50580,31821,10078,56080,51548,5965,11516,60937,13,30625,1,7286,1,0,1,0,1473,data_12threads_100connections_10s_False
writev,0,linux-sysepoll,0,1,1,0,1,0,1,0,17876,59019,50580,31821,3687,56080,51548,21089,19133,60329,15,1438,1,9894,0,1,1,0,1473,data_12threads_100connections_10s_False
writev,0,linux-sysepoll,0,1,1,0,1,0,1,0,17876,59019,50580,31821,10078,56080,51548,21089,19133,20665,15,1438,1,9894,0,1,1,0,1473,data_12threads_100connections_10s_False
write,1,linux-sysepoll,0,1,0,0,1,0,2,0,17876,59019,50580,31821,10078,37306,51548,48641,22901,18221,11,25715,1,57633,1,0,1,0,2171,data_12threads_100connections_10s_False
write,1,linux-sysepoll,0,1,0,0,1,0,2,0,17876,59019,50580,31821,10078,56080,51548,5965,11516,60937,13,30625,1,7286,1,0,1,0,1473,data_12threads_100connections_10s_False
write,1,linux-sysepoll,0,1,0,0,1,1,1,2,17876,59019,6680,31821,10078,56080,51548,5965,11516,60937,13,30625,1,22001,1,0,1,0,1104,data_12threads_100connections_10s_False
writev,1,select,1,0,0,1,1,1,2,2,25700,2763,8648,45667,22323,46190,5558,48641,22901,18221,11,25715,1,57633,1,1,1,1,1230,data_12threads_100connections_10s_False
writev,1,select,1,0,0,1,1,1,2,2,25700,2763,8648,4015,22323,46190,5558,48641,22901,18221,11,25715,1,57633,1,0,1,1,2171,data_12threads_100connections_10s_False
writev,1,libev,1,0,0,1,1,1,2,2,25700,2763,8648,45667,22323,46190,5558,48641,22901,18221,11,25715,1,57633,1,1,1,1,1230,data_12threads_100connections_10s_False
write,1,libev,1,1,0,1,1,1,0,2,45043,34805,35485,64516,16977,41941,769,5965,11516,60937,13,38091,1,7286,1,0,1,1,1473,data_12threads_100connections_10s_False
write,1,linux-sysepoll,0,1,0,0,1,0,1,2,17876,59019,50580,31821,10078,56080,51548,5965,11516,60937,13,30625,1,22001,1,0,1,0,1104,data_12threads_100connections_10s_False
write,1,libev,1,1,0,1,1,1,0,2,45043,34805,35485,22259,25245,41941,32879,29081,20075,46141,9,2248,1,61153,1,1,1,1,681,data_12threads_100connections_10s_False
writev,1,select,1,0,0,1,1,1,0,2,45043,34805,35485,22259,25245,41941,32879,29081,20075,46141,14,51705,1,61153,1,0,1,1,681,data_12threads_100connections_10s_False
write,1,libev,1,1,0,1,1,1,0,2,45043,34805,35485,22259,25245,41941,32879,29081,20075,46141,14,51705,1,61153,1,0,1,1,681,data_12threads_100connections_10s_False
write,1,libev,1,1,0,1,1,1,2,2,45043,34805,35485,22259,25245,41941,32879,29081,20075,46141,14,51705,1,61153,1,1,1,1,681,data_12threads_100connections_10s_False
writev,1,linux-sysepoll,0,1,0,0,1,0,2,0,17876,59019,50580,31821,10078,56080,51548,5965,11516,60937,13,30625,1,7286,1,1,1,0,1104,data_12threads_100connections_10s_False
writev,0,linux-sysepoll,0,1,0,0,1,0,2,1,17876,59019,50580,31821,10078,56080,51548,5965,11516,60937,11,46420,1,7286,1,1,1,0,1104,data_12threads_100connections_10s_False
writev,0,linux-sysepoll,0,1,1,0,1,0,0,1,17876,59019,50580,31821,10078,56080,51548,5965,11516,60937,11,46420,1,7286,1,1,1,1,642,data_12threads_100connections_10s_False
sendfile,0,linux-sysepoll,0,1,0,0,1,0,0,2,45043,34805,35485,24331,10078,56080,51548,5965,11516,60937,11,46420,1,7286,1,1,1,1,1104,data_12threads_100connections_10s_False
write,1,linux-sysepoll,1,1,0,0,1,0,2,1,17876,59019,30170,31821,10078,56080,51548,5965,11516,60937,11,46420,1,7286,1,1,1,1,1104,data_12threads_100connections_10s_False
write,1,linux-sysepoll,1,0,0,0,1,0,2,1,17876,59019,50580,31821,10078,56080,51548,5965,8487,60937,13,30625,1,7286,1,1,0,0,443,data_8threads_100connections_10s_False
writev,1,linux-sysepoll,0,1,0,0,1,0,2,0,17876,59019,50580,31821,10078,56080,51548,5965,11516,60937,13,30625,1,7286,1,1,1,0,1104,data_8threads_100connections_10s_False
writev,0,linux-sysepoll,0,1,1,0,1,0,0,1,17876,59019,50580,31821,10078,56080,51548,5965,11516,60937,11,46420,1,7286,1,1,1,1,642,data_8threads_100connections_10s_False
sendfile,0,linux-sysepoll,0,1,0,0,1,0,0,2,45043,34805,35485,24331,10078,56080,51548,5965,11516,60937,11,46420,1,7286,1,1,1,1,1104,data_8threads_100connections_10s_False
write,1,linux-sysepoll,1,1,0,0,1,0,2,1,17876,59019,30170,31821,10078,56080,51548,5965,11516,60937,11,46420,1,7286,1,1,1,1,1104,data_8threads_100connections_10s_False
writev,1,linux-sysepoll,1,1,0,0,1,0,2,1,17876,59019,20984,31821,10078,56080,51548,5965,11516,60937,11,46420,1,7286,1,1,1,1,1104,data_8threads_100connections_10s_False
writev,0,linux-sysepoll,0,1,0,0,1,0,2,1,17876,59019,50580,31821,10078,56080,51548,5965,11516,60937,11,46420,1,7286,1,1,1,0,1104,data_8threads_100connections_10s_False
writev,1,linux-sysepoll,0,1,0,0,1,0,0,1,17876,59019,30170,31821,10078,56080,51548,5965,11516,60937,11,46420,1,7286,1,1,1,1,1104,data_8threads_100connections_10s_False
write,1,linux-sysepoll,1,1,0,0,1,0,2,1,17876,56532,30170,33282,10078,8681,51548,11402,11516,60937,11,46420,1,7286,1,1,1,1,1214,data_8threads_100connections_10s_False
write,1,linux-sysepoll,1,1,0,0,1,0,2,1,17876,59019,20984,31821,531,56080,51548,5965,11516,60937,11,39568,1,7286,1,1,1,1,1104,data_8threads_100connections_10s_False
writev,1,linux-sysepoll,1,1,0,0,1,0,2,0,17876,59019,6875,31821,10078,56080,51548,5965,11516,60937,0,46420,1,14759,1,1,1,1,1104,data_8threads_100connections_10s_False
write,1,linux-sysepoll,1,1,0,0,1,0,2,1,17876,59019,20984,31821,531,56080,51548,5965,11516,60937,11,46420,1,7286,1,1,1,0,1104,data_8threads_100connections_10s_False
sendfile,0,linux-sysepoll,0,1,0,1,1,0,2,1,24071,59019,25513,31821,10078,56080,11146,5965,11516,60937,11,39568,1,7286,1,1,1,1,1104,data_8threads_100connections_10s_False
writev,1,linux-sysepoll,1,1,0,1,1,0,2,1,17876,59019,20984,31821,10078,56080,51548,53710,11516,5657,11,46420,1,7286,1,1,1,1,1104,data_8threads_100connections_10s_False
writev,1,linux-sysepoll,1,1,0,0,1,0,2,0,17876,59019,50580,31821,10078,56080,51548,5965,11516,60937,13,30625,1,7286,1,1,1,0,1104,data_8threads_100connections_10s_False
writev,0,linux-sysepoll,1,1,0,0,0,0,2,1,17876,59019,40239,31821,10078,56080,55414,5965,11516,60937,11,46293,1,7286,1,1,1,1,1104,data_8threads_100connections_10s_False
write,1,linux-sysepoll,1,1,0,0,1,0,2,2,17876,59019,20984,31821,10078,56080,49692,5965,11516,60937,11,46420,1,7286,1,1,1,1,1104,data_8threads_100connections_10s_False
writev,1,linux-sysepoll,1,1,0,0,1,0,2,1,17876,59019,20984,31821,10078,56080,51548,5965,6510,60937,11,39568,0,7286,0,0,1,1,1104,data_8threads_100connections_10s_False
writev,0,linux-sysepoll,0,1,0,0,1,0,2,1,17876,59019,20984,31821,10078,56080,51548,5965,11516,60937,11,46420,0,7286,1,1,1,1,197,data_8threads_100connections_10s_False
write,1,linux-sysepoll,1,1,0,0,1,0,2,2,17876,59019,20984,31821,10078,56080,45750,5965,11516,60937,11,38198,1,7286,1,1,1,1,1104,data_8threads_100connections_10s_False
writev,0,select,1,0,0,1,1,0,2,0,17876,59019,20984,11221,531,56080,51548,52744,11516,31814,11,32538,1,59975,1,0,1,1,1104,data_4threads_100connections_60s_True
writev,0,linux-sysepoll,1,0,1,0,1,0,1,0,17876,59019,50580,4015,16018,46593,5558,48641,22901,18221,11,25715,1,57633,1,0,1,1,2171,data_4threads_100connections_60s_True
write,1,linux-sysepoll,1,0,0,1,1,0,2,0,17876,59019,20984,11221,531,56080,51548,5965,11516,31814,11,32538,1,59975,1,1,1,1,1104,data_4threads_100connections_60s_True
writev,1,linux-sysepoll,1,0,0,1,1,0,2,1,17876,59019,20984,31821,10078,56080,51548,11402,11516,60937,11,46420,1,7286,1,1,1,1,1214,data_4threads_100connections_60s_True
write,1,linux-sysepoll,1,0,0,0,1,1,2,1,17876,56532,35439,33282,24770,48379,51548,5965,11516,60937,11,46420,1,7286,1,1,1,1,1104,data_4threads_100connections_60s_True
writev,1,linux-sysepoll,1,0,1,1,1,0,2,1,17876,59019,20984,31821,10078,56080,51548,11402,11516,60937,11,46262,1,7286,1,1,1,1,1104,data_4threads_100connections_60s_True
writev,1,linux-sysepoll,1,0,0,1,1,1,2,2,25700,3649,8648,45667,22323,46190,5558,48641,22901,46185,11,25715,1,57633,1,1,1,1,1230,data_4threads_100connections_60s_True
writev,1,linux-sysepoll,1,0,0,1,1,1,2,0,17876,59019,20984,60350,10078,56080,51548,53026,11516,60937,11,46262,1,12667,1,1,1,1,1104,data_4threads_100connections_60s_True
write,1,linux-sysepoll,0,0,0,0,1,1,2,1,17876,56532,35439,33282,24770,48379,51548,5965,11516,39651,11,32538,1,42265,1,1,1,1,1104,data_4threads_100connections_60s_True
writev,1,libev,1,0,0,1,1,1,2,2,25700,2763,8648,45667,22323,46190,5558,48641,22901,18221,11,25715,1,57633,1,1,1,1,1230,data_4threads_100connections_60s_True
writev,1,select,1,0,0,1,1,1,2,2,25700,2763,8648,4015,22323,46190,5558,48641,22901,18221,11,25715,1,57633,1,0,1,1,2171,data_4threads_100connections_60s_True
writev,0,linux-sysepoll,0,1,1,0,1,0,1,0,17876,59019,50580,31821,10078,56080,51548,21089,19133,20665,15,1438,1,9894,0,1,1,0,2171,data_4threads_100connections_60s_True
write,1,linux-sysepoll,1,1,0,0,1,0,2,1,17876,56532,30170,33282,10078,8681,51548,11402,11516,60937,11,46420,1,7286,1,1,1,1,1214,data_4threads_100connections_60s_True
writev,1,linux-sysepoll,0,1,0,0,1,0,2,0,17876,59019,50580,31821,10078,56080,51548,5965,11516,60937,13,30625,1,7286,1,1,1,0,1104,data_4threads_100connections_60s_True
write,1,linux-sysepoll,1,1,0,0,1,0,2,1,17876,59019,30170,31821,10078,56080,51548,5965,11516,60937,11,46420,1,7286,1,1,1,1,1104,data_4threads_100connections_60s_True
write,1,linux-sysepoll,1,1,0,0,1,0,2,1,17876,59019,20984,31821,531,56080,51548,5965,11516,60937,11,39568,1,7286,1,1,1,1,1104,data_4threads_100connections_60s_True
sendfile,0,linux-sysepoll,0,1,0,0,1,0,0,2,45043,34805,35485,24331,10078,56080,51548,5965,11516,60937,11,46420,1,7286,1,1,1,1,1104,data_4threads_100connections_60s_True
writev,0,linux-sysepoll,0,1,1,0,1,0,0,1,17876,59019,50580,31821,10078,56080,51548,5965,11516,60937,11,46420,1,7286,1,1,1,1,642,data_4threads_100connections_60s_True
writev,0,linux-sysepoll,0,1,0,0,1,0,2,1,17876,59019,50580,31821,10078,56080,51548,5965,11516,60937,11,46420,1,7286,1,1,1,0,1104,data_4threads_100connections_60s_True
writev,1,linux-sysepoll,1,1,0,0,1,0,2,1,17876,59019,20984,31821,10078,56080,51548,5965,11516,60937,11,46420,1,7286,1,1,1,1,1104,data_4threads_100connections_60s_True
writev,1,select,1,0,0,1,1,1,2,2,25700,2763,8648,45667,22323,46190,5558,48641,22901,18221,11,25715,1,57633,1,1,1,1,1230,data_12threads_300connections_120s_False
sendfile,1,select,1,0,0,1,1,1,2,2,25700,2763,8648,45667,22323,46190,5558,48641,22901,18221,11,25715,1,57633,1,1,1,1,1695,data_12threads_300connections_120s_False
writev,0,linux-sysepoll,1,0,0,0,1,1,2,2,17876,59019,50580,31821,10078,31832,51548,11402,11516,60937,11,46420,1,7286,1,0,1,1,1214,data_12threads_300connections_120s_False
write,1,linux-sysepoll,1,1,0,0,1,1,1,0,17876,35989,6680,31821,10078,56080,51548,5965,11516,60937,11,46420,1,7286,1,1,1,1,1104,data_12threads_300connections_120s_False
write,1,linux-sysepoll,1,1,0,0,1,0,2,1,17876,59019,30170,31821,10078,56080,51548,5965,11516,60937,11,46420,1,7286,1,1,1,1,1104,data_12threads_300connections_120s_False
writev,1,linux-sysepoll,0,1,0,0,1,0,0,1,17876,59019,30170,31821,10078,56080,51548,5965,11516,60937,11,46420,1,7286,1,1,1,1,1104,data_12threads_300connections_120s_False
writev,1,linux-sysepoll,0,1,0,0,1,0,2,0,17876,59019,50580,31821,10078,56080,51548,5965,11516,60937,13,30625,1,7286,1,1,1,0,1104,data_12threads_300connections_120s_False
sendfile,0,linux-sysepoll,0,1,0,0,1,0,0,2,45043,34805,35485,24331,10078,56080,51548,5965,11516,60937,11,46420,1,7286,1,1,1,1,1104,data_12threads_300connections_120s_False
write,1,linux-sysepoll,1,1,0,0,1,0,2,1,17876,59019,20984,31821,531,56080,51548,5965,11516,60937,11,39568,1,7286,1,1,1,1,1104,data_12threads_300connections_120s_False
writev,1,linux-sysepoll,1,0,0,0,1,0,2,2,17876,59019,50580,31821,10078,56080,51548,11402,11516,60937,11,46420,1,7286,1,1,1,1,1214,data_12threads_300connections_120s_False
write,1,linux-sysepoll,1,1,0,0,1,0,2,1,17876,59019,20984,8787,531,56080,51548,5965,11516,60937,11,39568,1,7286,1,1,1,1,1104,data_12threads_300connections_120s_False
write,1,linux-sysepoll,1,1,0,0,1,0,2,1,17876,59019,20984,31821,531,56080,51548,5965,11516,60937,11,39568,1,7286,1,1,0,1,1104,data_12threads_300connections_120s_False
writev,0,linux-sysepoll,1,0,0,0,1,0,2,1,17876,59019,20984,31821,10078,56080,51548,11402,11516,60937,11,46420,1,7286,1,0,1,1,1214,data_12threads_300connections_120s_False
writev,0,linux-sysepoll,1,0,0,0,1,0,2,1,17876,59019,20984,8787,23854,56080,51548,5965,11516,60937,11,39568,0,7286,1,1,0,1,1104,data_12threads_300connections_120s_False
writev,1,linux-sysepoll,1,0,0,0,1,0,2,2,17876,59019,50580,39186,10078,56080,51548,11402,11516,60937,11,46420,1,7286,1,1,1,1,1214,data_12threads_300connections_120s_False
writev,1,linux-sysepoll,1,0,0,0,1,0,2,2,17876,32902,50580,7683,10078,56080,51548,11402,11516,60937,11,1326,1,7286,1,1,1,0,1473,data_12threads_300connections_120s_False
writev,1,libev,1,1,0,0,1,0,2,1,17876,59019,20984,31821,531,56080,51548,5965,30074,60937,11,39568,1,7286,1,1,1,1,1104,data_12threads_300connections_120s_False
writev,1,linux-sysepoll,0,1,0,0,1,0,0,1,17876,59019,30170,31821,10068,56080,51548,5965,11516,60937,15,46420,1,7286,1,1,1,1,1104,data_12threads_300connections_120s_False
write,0,linux-sysepoll,1,1,0,0,1,0,2,1,17876,59019,20984,8787,531,56080,21824,5965,11516,60937,11,39568,1,7286,1,1,1,1,1104,data_12threads_300connections_120s_False
writev,0,linux-sysepoll,1,0,0,0,1,0,2,1,17876,59019,20984,8787,23854,56080,51548,5965,11516,60937,12,39568,0,7286,1,1,0,1,1104,data_12threads_300connections_120s_False
writev,1,linux-sysepoll,0,1,0,0,1,0,2,1,17876,59019,30170,28406,30962,37576,17324,5965,25835,60937,11,46420,1,7286,1,0,1,1,2171,data_4threads_10connections_30s_True
write,1,libev,1,1,0,1,1,1,0,2,45043,34805,35485,22259,25245,41941,32879,29081,20075,46141,14,51705,1,61153,1,0,1,1,681,data_4threads_10connections_30s_True
write,1,libev,1,1,0,1,1,1,0,2,45043,34805,35485,22259,25245,41941,32879,29081,20075,46141,8,51705,1,61153,1,0,1,1,681,data_4threads_10connections_30s_True
writev,0,linux-sysepoll,0,1,1,0,1,0,0,1,17876,59019,50580,31821,10078,56080,51548,5965,11516,60937,11,46420,1,7286,1,1,1,1,642,data_4threads_10connections_30s_True
write,1,linux-sysepoll,1,1,0,0,1,0,2,1,17876,59019,30170,31821,10078,56080,51548,5965,11516,60937,11,46420,1,7286,1,1,1,1,1104,data_4threads_10connections_30s_True
writev,1,linux-sysepoll,1,0,0,0,1,0,2,2,17876,59019,50580,31821,10078,56080,51548,11402,11516,60937,11,46420,1,7286,1,1,1,1,1214,data_4threads_10connections_30s_True
writev,0,linux-sysepoll,0,1,0,0,1,0,2,1,17876,59019,50580,31821,10078,56080,51548,5965,11516,60937,11,46420,1,7286,1,1,1,0,1104,data_4threads_10connections_30s_True
writev,1,linux-sysepoll,1,1,0,0,1,0,2,1,17876,59019,20984,31821,10078,56080,51548,5965,11516,60937,11,46420,1,7286,1,1,1,1,1104,data_4threads_10connections_30s_True
writev,1,linux-sysepoll,0,1,0,0,1,0,0,1,17876,59019,30170,31821,10078,56080,51548,5965,11516,60937,11,46420,1,7286,1,1,1,1,1104,data_4threads_10connections_30s_True
writev,1,linux-sysepoll,0,1,0,0,1,0,2,0,17876,59019,50580,31821,10078,56080,51548,5965,11516,60937,13,30625,1,7286,1,1,1,0,1104,data_4threads_10connections_30s_True
writev,1,linux-sysepoll,1,0,0,0,1,0,2,2,17876,59019,50580,7616,10078,56080,51548,11402,18012,60937,8,46420,1,7286,1,1,1,0,1104,data_4threads_10connections_30s_True
writev,1,linux-sysepoll,1,1,0,0,1,0,2,1,17876,59019,29116,31821,10078,56080,51548,5965,11516,60937,11,46420,1,7286,1,1,1,1,1104,data_4threads_10connections_30s_True
writev,0,linux-sysepoll,1,0,0,0,1,0,2,1,17876,59019,50580,31821,10078,56080,51548,5965,11516,60937,11,46420,1,7286,1,0,1,1,1104,data_4threads_10connections_30s_True
writev,0,linux-sysepoll,1,0,0,1,1,0,2,2,35699,59019,30417,31821,10078,56080,51548,5965,11516,60937,11,46420,1,7286,1,1,1,0,1104,data_4threads_10connections_30s_True
writev,1,linux-sysepoll,1,1,0,0,0,0,2,1,28692,59019,20984,31821,10078,56080,51548,5965,11516,60937,11,46420,1,7286,1,1,1,1,1104,data_4threads_10connections_30s_True
write,1,linux-sysepoll,1,1,0,0,1,0,2,1,17876,59019,30170,7705,10078,56080,51548,5965,11516,60937,11,46420,1,7286,1,1,1,0,1104,data_4threads_10connections_30s_True
sendfile,1,linux-sysepoll,1,1,0,0,1,0,0,1,17876,59019,30170,31821,10078,56080,51548,5965,11516,60937,11,46420,1,7286,1,1,1,1,1104,data_4threads_10connections_30s_True
writev,0,poll,0,1,0,0,1,0,0,2,17876,59019,29116,18994,10078,56080,51548,5965,11516,60937,11,46420,1,7286,1,1,1,1,1104,data_4threads_10connections_30s_True
write,1,linux-sysepoll,1,1,0,0,1,0,2,1,17876,59019,30170,39470,10078,56080,51548,5965,11516,60937,11,46420,1,7286,1,1,0,1,1104,data_4threads_10connections_30s_True
writev,1,linux-sysepoll,1,1,0,0,1,0,2,0,27185,59019,50580,7616,10078,49487,51548,11402,18012,60937,8,46420,1,7286,0,1,1,1,1104,data_4threads_10connections_30s_True
writev,0,linux-sysepoll,0,1,1,0,1,0,0,1,17876,59019,50580,31821,10078,56080,51548,5965,11516,60937,11,46420,1,7286,1,1,1,1,642,data_8threads_100connections_30s_True
writev,1,linux-sysepoll,0,1,0,0,1,0,2,0,17876,59019,50580,31821,10078,56080,51548,5965,11516,60937,13,30625,1,7286,1,1,1,0,1104,data_8threads_100connections_30s_True
write,1,linux-sysepoll,1,1,0,0,1,0,2,1,17876,59019,20984,31821,531,56080,51548,5965,11516,60937,11,39568,1,7286,1,1,1,1,1104,data_8threads_100connections_30s_True
write,0,linux-sysepoll,1,1,0,0,1,0,2,1,17876,59019,50580,31821,10078,56080,51548,5965,11516,60937,11,46420,1,7286,1,1,1,1,642,data_8threads_100connections_30s_True
writev,0,linux-sysepoll,1,1,0,0,1,0,2,1,17876,56532,35439,33282,24770,48379,20957,5965,11516,60937,1,46420,1,7286,0,1,1,1,1104,data_8threads_100connections_30s_True
writev,0,linux-sysepoll,0,1,1,0,1,0,0,1,32884,3241,6728,31821,10078,57092,51548,5965,11516,60937,11,46420,1,7286,1,1,1,1,642,data_8threads_100connections_30s_True
write,0,linux-sysepoll,1,1,0,0,1,0,2,1,17876,59019,50580,31821,10078,56080,51548,5965,11516,60937,11,46420,1,7286,1,1,1,1,1104,data_8threads_100connections_30s_True
write,1,linux-sysepoll,1,1,0,0,1,0,2,1,17876,59019,20984,31821,531,56080,51548,5965,11516,60937,11,7357,1,7286,1,1,1,1,1104,data_8threads_100connections_30s_True
writev,0,linux-sysepoll,0,1,1,0,1,0,0,1,27383,59019,50580,31821,25439,56080,51548,48891,11516,60937,11,46420,1,7286,1,0,0,1,642,data_8threads_100connections_30s_True
write,0,linux-sysepoll,0,1,0,0,1,0,2,0,63826,34805,35485,22259,25245,41941,29825,23929,20075,46141,14,51705,1,61153,1,0,1,1,28,data_8threads_100connections_30s_True
write,0,linux-sysepoll,0,1,0,0,1,0,2,1,17876,59019,30170,31821,10078,56080,51548,5965,11516,60937,11,46420,1,7286,1,0,1,1,1104,data_8threads_100connections_30s_True
writev,0,linux-sysepoll,0,1,1,0,1,0,2,1,25152,1907,30170,31821,2976,26778,38481,5965,11516,7770,11,46420,1,7286,1,0,1,1,1104,data_8threads_100connections_30s_True
writev,0,linux-sysepoll,0,1,1,0,1,0,2,1,25152,1907,12277,31821,2976,26778,38481,50762,11516,7770,7,46420,1,7286,1,0,1,1,642,data_8threads_100connections_30s_True
writev,0,linux-sysepoll,0,1,1,0,1,0,2,1,15822,1907,30170,31821,2976,26778,38481,5965,11516,7770,7,46420,1,7286,1,0,1,1,642,data_8threads_100connections_30s_True
writev,0,linux-sysepoll,0,1,1,0,1,0,0,1,25152,1907,12277,14268,14038,26778,38481,50762,11516,7770,7,46420,1,7286,1,0,1,1,642,data_8threads_100connections_30s_True
writev,0,linux-sysepoll,0,1,1,0,1,0,2,1,25152,1907,12277,31821,2976,26778,38481,50762,11516,7770,7,46420,1,7286,1,1,1,1,1104,data_8threads_100connections_30s_True
writev,1,linux-sysepoll,1,1,0,0,1,0,1,0,17876,59019,50580,31821,7907,48379,51548,5965,11516,60937,6,46420,1,7286,0,1,1,1,1104,data_8threads_100connections_30s_True
write,1,linux-sysepoll,1,0,0,0,1,0,2,1,17876,59019,50580,31821,10078,56080,51548,5965,8487,60937,13,30625,1,7286,1,1,0,0,443,data_8threads_100connections_30s_True
sendfile,1,linux-sysepoll,1,1,1,1,1,0,2,1,17876,1907,12277,31821,2976,26778,38481,50762,11516,7770,7,46420,1,7286,1,0,1,1,2339,data_8threads_100connections_30s_True
writev,1,select,1,0,0,1,1,1,2,2,25700,2763,8648,4015,22323,46190,5558,48641,22901,18221,11,25715,1,57633,1,0,1,1,2171,data_8threads_100connections_30s_True
write,0,linux-sysepoll,1,0,0,1,1,0,2,1,17876,59019,35485,22259,25245,41941,32879,29081,20075,46141,14,51705,1,61153,1,0,1,1,681,data_8threads_10connections_30s_True
writev,1,linux-sysepoll,0,1,0,0,1,0,2,1,17876,59019,30170,28406,30962,37576,17324,5965,25835,60937,11,46420,1,7286,1,0,1,1,2171,data_8threads_10connections_30s_True
writev,1,linux-sysepoll,0,1,0,0,1,0,2,1,17876,59019,30170,28406,30962,37576,17324,5965,3447,60937,11,46420,1,7286,1,0,1,1,2171,data_8threads_10connections_30s_True
writev,1,linux-sysepoll,0,1,0,0,1,0,2,1,17876,35475,20984,39097,531,3919,26260,60870,11516,60937,2,36238,0,7286,1,0,1,1,1104,data_8threads_10connections_30s_True
write,0,linux-sysepoll,0,0,1,0,1,0,2,1,17876,59019,30170,55872,10078,56080,51548,47626,11516,60937,11,46420,1,7286,1,1,1,1,1104,data_8threads_10connections_30s_True
sendfile,1,linux-sysepoll,0,1,1,0,1,0,2,1,17876,59019,20984,31821,531,56080,51548,5965,11516,60937,11,46420,1,7286,1,1,1,0,642,data_8threads_10connections_30s_True
sendfile,1,linux-sysepoll,0,1,1,0,1,0,2,1,17876,59019,20984,31821,531,56080,51548,5965,11516,60937,11,46420,1,7286,1,1,1,0,1104,data_8threads_10connections_30s_True
sendfile,1,linux-sysepoll,0,1,1,0,1,0,2,1,17876,59019,30170,55872,10078,56080,51548,47626,11516,60937,11,46420,1,7286,1,1,1,0,727,data_8threads_10connections_30s_True
write,1,linux-sysepoll,1,0,0,0,1,0,2,1,17876,59019,50580,31821,10078,56080,51548,5965,8487,60937,13,30625,1,7286,1,1,0,0,443,data_8threads_10connections_30s_True
write,1,libev,1,1,0,1,1,1,0,2,45043,34805,35485,22259,25245,41941,32879,29081,20075,46141,14,51705,1,61153,1,0,1,1,681,data_8threads_10connections_30s_True
sendfile,1,linux-sysepoll,0,0,0,1,1,0,2,1,17876,59019,30170,31821,9754,56080,51548,5965,11516,60937,5,46420,1,65237,0,1,0,0,2177,data_8threads_10connections_30s_True
writev,1,linux-sysepoll,0,1,1,0,1,0,2,1,17876,59019,20984,31821,531,56080,51548,5965,11516,60937,5,25146,1,65237,0,1,0,0,2177,data_8threads_10connections_30s_True
writev,0,linux-sysepoll,0,1,0,0,1,1,2,1,17876,59019,30170,28406,30962,37576,17324,34882,51116,15650,11,46420,1,7286,1,0,1,1,2171,data_8threads_10connections_30s_True
writev,1,linux-sysepoll,0,1,0,0,1,0,0,1,17876,59019,30170,31821,10078,56080,51548,5965,11516,60937,11,46420,1,7286,1,1,1,1,1104,data_8threads_10connections_30s_True
writev,1,linux-sysepoll,1,1,0,0,1,0,2,1,17876,59019,20984,31821,10078,56080,51548,5965,11516,60937,11,46420,1,7286,1,1,1,1,1104,data_8threads_10connections_30s_True
writev,1,linux-sysepoll,0,1,0,0,1,0,2,0,17876,59019,50580,31821,10078,56080,51548,5965,11516,60937,13,30625,1,7286,1,1,1,0,1104,data_8threads_10connections_30s_True
write,1,linux-sysepoll,1,1,0,0,1,0,2,1,17876,59019,20984,31821,531,56080,51548,5965,11516,60937,11,7357,1,7286,1,1,1,1,1104,data_8threads_10connections_30s_True
write,1,linux-sysepoll,1,1,0,0,1,0,2,1,17876,59019,20984,31821,531,56080,51548,5965,11516,60937,11,39568,1,7286,1,1,1,1,1104,data_8threads_10connections_30s_True
write,1,linux-sysepoll,1,1,0,0,1,0,2,1,17876,59019,30170,31821,10078,56080,51548,5965,11516,60937,11,46420,1,7286,1,1,1,1,1104,data_8threads_10connections_30s_True
write,0,linux-sysepoll,1,1,0,0,1,0,2,1,17876,59019,50580,31821,10078,56080,51548,5965,11516,60937,11,46420,1,7286,1,1,1,1,642,data_8threads_10connections_30s_True
writev,0,linux-sysepoll,0,1,1,0,1,0,1,0,17876,59019,50580,31821,3687,56080,51548,21089,19133,60329,15,1438,1,9894,0,1,1,0,1473,data_4threads_100connections_30s_False
writev,0,linux-sysepoll,0,1,0,0,1,0,2,1,17876,59019,50580,31821,10078,56080,51548,5965,11516,60937,11,46420,1,7286,1,1,1,0,1104,data_4threads_100connections_30s_False
write,0,linux-sysepoll,1,1,0,0,1,0,2,1,17876,59019,50580,31821,10078,56080,51548,5965,11516,60937,11,46420,1,7286,1,1,1,1,1104,data_4threads_100connections_30s_False
writev,0,linux-sysepoll,1,1,0,0,1,0,2,1,17876,56532,35439,33282,24770,48379,20957,5965,11516,60937,1,46420,1,7286,0,1,1,1,1104,data_4threads_100connections_30s_False
write,1,linux-sysepoll,1,1,0,0,1,0,2,1,17876,59019,20984,31821,531,56080,51548,5965,11516,60937,11,39568,1,7286,1,1,1,1,1104,data_4threads_100connections_30s_False
write,1,linux-sysepoll,1,1,0,0,1,0,2,1,17876,59019,20984,31821,531,56080,51548,5965,11516,60937,11,7357,1,7286,1,1,1,1,1104,data_4threads_100connections_30s_False
write,1,linux-sysepoll,1,1,0,0,1,0,2,1,17876,59019,30170,31821,10078,56080,51548,5965,11516,60937,11,46420,1,7286,1,1,1,1,1104,data_4threads_100connections_30s_False
write,1,linux-sysepoll,1,1,1,0,1,0,2,1,17876,59019,33005,31821,531,56080,51548,5965,11516,60937,11,39568,1,7286,1,1,1,1,1104,data_4threads_100connections_30s_False
write,1,linux-sysepoll,1,1,1,0,1,0,2,1,17876,59019,20984,44306,10078,56080,51548,5965,29411,60937,11,46420,1,7286,1,1,1,1,1104,data_4threads_100connections_30s_False
writev,1,linux-sysepoll,1,1,0,0,1,1,2,1,17876,59019,30170,31821,10078,56080,51548,5965,11516,60937,11,46420,1,7286,1,1,1,1,1104,data_4threads_100connections_30s_False
write,1,linux-sysepoll,1,0,0,0,1,0,2,1,17876,59019,20984,31821,531,56080,51548,5965,11516,60937,13,7357,1,7286,1,1,1,1,2465,data_4threads_100connections_30s_False
writev,0,linux-sysepoll,0,1,0,1,1,0,2,1,17876,59019,50580,31821,10078,56080,51548,5965,11516,60937,11,46420,1,7286,1,1,1,1,1214,data_4threads_100connections_30s_False
writev,0,linux-sysepoll,1,1,0,0,1,0,2,1,17876,56532,35439,33282,24770,48379,20957,5965,11516,60937,11,7357,1,7286,1,1,1,1,1104,data_4threads_100connections_30s_False
writev,1,linux-sysepoll,1,1,1,1,1,0,2,1,33754,59019,4250,31821,531,56080,51548,5965,11516,60937,11,39568,1,7286,1,1,1,1,1104,data_4threads_100connections_30s_False
writev,0,linux-sysepoll,0,1,0,0,1,0,2,2,17876,59019,50580,31821,10078,56080,51548,5965,11516,60937,11,46420,1,7286,1,1,1,0,1104,data_4threads_100connections_30s_False
write,1,linux-sysepoll,1,1,1,0,1,0,2,1,17876,59019,37683,31821,531,56080,51548,5965,60191,60937,13,7357,1,7286,1,1,1,1,2465,data_4threads_100connections_30s_False
write,0,linux-sysepoll,0,1,1,0,1,0,2,1,17876,59019,20984,44306,10078,56080,51548,5965,29411,60937,11,46420,1,7286,1,1,1,1,1104,data_4threads_100connections_30s_False
writev,0,linux-sysepoll,1,1,0,0,1,0,2,1,17876,59019,50580,31821,531,56080,51548,5965,11516,60937,11,39568,1,7286,1,1,1,0,1104,data_4threads_100connections_30s_False
writev,0,linux-sysepoll,1,1,1,0,0,0,2,1,17876,59019,33005,31821,531,56080,51548,32855,11516,19604,11,14864,1,7286,0,1,1,1,1104,data_4threads_100connections_30s_False
sendfile,0,linux-sysepoll,0,1,0,0,1,0,2,1,17876,59019,50580,31821,10078,56080,51548,5965,11516,60937,11,46420,1,42309,1,1,1,1,1214,data_4threads_100connections_30s_False
sendfile,1,libev,1,1,0,1,1,1,2,1,17876,59019,30170,31821,8275,56080,51548,30443,11516,60937,11,46420,1,7286,1,1,1,0,1104,data_4threads_300connections_120s_True
sendfile,0,linux-sysepoll,0,1,0,0,1,0,0,2,45043,34805,35485,24331,10078,56080,51548,5965,11516,60937,11,46420,1,7286,1,1,1,1,1104,data_4threads_300connections_120s_True
write,1,linux-sysepoll,1,1,0,0,1,0,2,1,17876,59019,20984,31821,531,56080,51548,5965,11516,60937,11,39568,1,7286,1,1,1,1,1104,data_4threads_300connections_120s_True
write,1,linux-sysepoll,1,1,0,0,1,0,2,1,17876,59019,30170,31821,10078,56080,51548,5965,11516,60937,11,46420,1,7286,1,1,1,1,1104,data_4threads_300connections_120s_True
writev,1,linux-sysepoll,0,1,0,0,1,0,0,1,17876,59019,30170,31821,10078,56080,51548,5965,11516,60937,11,46420,1,7286,1,1,1,1,1104,data_4threads_300connections_120s_True
writev,1,linux-sysepoll,1,1,0,0,1,1,2,1,17876,59019,30170,31821,10078,56080,51548,5965,11516,60937,11,46420,1,7286,1,1,1,1,1104,data_4threads_300connections_120s_True
write,0,linux-sysepoll,1,1,0,0,1,0,2,1,17876,59019,50580,31821,10078,56080,51548,5965,11516,60937,11,46420,1,7286,1,1,1,1,642,data_4threads_300connections_120s_True
writev,0,linux-sysepoll,0,1,1,0,1,0,0,1,17876,59019,50580,31821,10078,56080,51548,5965,11516,60937,11,46420,1,7286,1,1,1,1,642,data_4threads_300connections_120s_True
sendfile,0,linux-sysepoll,1,0,0,0,1,0,2,1,17876,59019,50580,31821,10078,56080,51548,5965,8487,60937,13,30625,1,7286,1,1,1,0,1104,data_4threads_300connections_120s_True
writev,1,linux-sysepoll,1,1,0,1,1,0,2,1,37068,59019,50580,31821,10078,56080,51548,5965,43661,60937,11,46420,1,7286,1,1,1,1,1104,data_4threads_300connections_120s_True
write,1,linux-sysepoll,1,1,0,0,1,0,2,1,17876,59019,20984,31821,531,56080,51548,5965,19232,60937,11,46420,1,7286,1,1,1,0,1104,data_4threads_300connections_120s_True
write,0,linux-sysepoll,1,0,0,0,1,0,2,1,17876,59019,30170,31821,12831,56080,10220,5965,7068,60937,11,25183,1,7286,1,1,1,1,2171,data_4threads_300connections_120s_True
write,0,linux-sysepoll,1,1,0,0,1,0,0,2,45043,34805,35485,60780,14696,56080,51548,5965,11516,60937,11,46420,1,7286,1,1,1,1,1104,data_4threads_300connections_120s_True
sendfile,0,linux-sysepoll,0,1,1,0,1,0,2,1,45464,59019,30170,31821,17089,56080,51548,5965,11516,60937,1,46420,1,5189,1,0,1,1,1104,data_4threads_300connections_120s_True
writev,1,linux-sysepoll,1,1,0,0,1,1,0,1,44935,59019,30170,31821,10078,38633,51548,5965,11516,60937,11,46420,1,7286,1,1,1,1,642,data_4threads_300connections_120s_True
write,0,linux-sysepoll,1,0,0,0,1,0,2,1,17876,59019,50580,31821,10078,56080,51548,5965,11516,60937,11,46420,1,27512,1,1,1,0,1104,data_4threads_300connections_120s_True
writev,0,linux-sysepoll,0,1,0,0,1,0,0,1,17876,59019,12458,31821,10078,56080,51548,5965,11516,60937,3,46420,1,7286,1,1,1,1,1104,data_4threads_300connections_120s_True
writev,1,linux-sysepoll,1,1,0,1,1,0,2,1,37068,59019,50580,31821,10078,38995,51548,5965,11516,60937,11,46420,1,7286,1,1,1,1,642,data_4threads_300connections_120s_True
sendfile,0,linux-sysepoll,1,1,0,0,1,0,2,1,17876,59019,54489,31821,10078,56080,51548,5965,8487,60937,3,30625,1,7286,1,1,1,0,1104,data_4threads_300connections_120s_True
writev,1,select,1,0,0,1,1,1,2,2,25700,2763,8648,4015,22323,46190,5558,48641,22901,18221,11,25715,1,57633,1,0,1,1,2171,data_4threads_300connections_120s_True
writev,1,select,1,0,0,1,1,1,2,2,25700,2763,8648,4015,22323,46190,5558,48641,22901,18221,11,25715,1,57633,1,0,1,1,2171,data_8threads_100connections_120s_False
writev,0,select,1,0,0,1,1,1,2,2,25700,54745,8648,4015,11690,46190,5558,48641,22901,18221,11,25715,1,57633,1,1,1,1,2171,data_8threads_100connections_120s_False
writev,1,select,1,0,0,1,1,1,2,2,25700,2763,8648,4015,11690,46190,5558,48641,22901,18221,11,25715,1,57633,1,1,1,1,2171,data_8threads_100connections_120s_False
write,0,linux-sysepoll,0,0,0,0,1,0,2,1,17876,59019,30170,31821,10078,56080,51548,5965,11516,60937,5,46420,1,65237,0,1,0,0,2177,data_8threads_100connections_120s_False
write,1,linux-sysepoll,1,0,0,1,1,1,0,2,45043,34805,19628,64516,6881,41941,769,5965,11516,60937,13,38091,1,9894,1,0,1,1,1473,data_8threads_100connections_120s_False
sendfile,1,linux-sysepoll,1,0,0,0,1,0,2,1,17876,59019,30170,31821,10078,56080,51548,5965,11516,60937,5,46420,1,65237,0,0,0,0,2177,data_8threads_100connections_120s_False
write,1,libev,1,1,0,1,1,1,0,2,45043,34805,35485,64516,16977,41941,769,5965,11516,60937,13,38091,1,7286,1,0,1,1,1473,data_8threads_100connections_120s_False
write,1,linux-sysepoll,1,1,0,0,1,1,1,0,35138,59019,61705,31821,3687,56080,51548,21089,19133,60329,15,1438,1,9894,0,0,1,0,1473,data_8threads_100connections_120s_False
write,1,linux-sysepoll,1,1,0,0,1,1,1,0,35138,59019,61705,5235,22975,56080,51548,21089,19133,60329,15,1438,1,9894,0,0,1,0,1473,data_8threads_100connections_120s_False
write,1,linux-sysepoll,1,1,0,0,1,1,1,0,17876,35989,6680,31821,10078,56080,51548,5965,11516,60937,11,46420,1,7286,1,1,1,1,1104,data_8threads_100connections_120s_False
write,1,linux-sysepoll,1,1,0,1,1,0,2,0,17876,59019,20984,11221,531,56080,51548,5965,11516,31814,11,32538,1,59975,1,1,1,1,1104,data_8threads_100connections_120s_False
write,1,linux-sysepoll,1,1,1,0,1,1,0,0,35138,59019,20984,11221,531,56080,51548,5965,63372,31814,11,62386,1,59975,1,1,1,1,1104,data_8threads_100connections_120s_False
write,1,linux-sysepoll,0,1,0,0,1,0,2,0,17876,59019,20984,11221,531,56080,51548,5965,11516,60937,11,46262,1,12667,1,1,1,1,1104,data_8threads_100connections_120s_False
sendfile,1,linux-sysepoll,1,1,0,0,1,1,1,0,17876,14068,20984,12489,10078,56080,29825,23929,20075,46141,14,22272,1,61153,1,0,1,0,28,data_8threads_100connections_120s_False
writev,1,linux-sysepoll,1,0,0,1,1,1,2,0,17876,59019,20984,60350,10078,56080,51548,53026,11516,60937,11,46262,1,12667,1,1,1,1,1104,data_8threads_100connections_120s_False
write,1,linux-sysepoll,1,0,0,1,1,0,2,0,17876,59019,20984,11221,531,56080,51548,5965,11516,31814,11,32538,1,59975,1,1,1,1,1104,data_8threads_100connections_120s_False
writev,1,linux-sysepoll,1,0,0,1,1,1,2,2,25700,3649,8648,45667,22323,46190,5558,48641,22901,46185,11,25715,1,57633,1,1,1,1,1230,data_8threads_100connections_120s_False
writev,0,linux-sysepoll,1,0,0,1,1,1,2,2,65390,3649,8648,45667,22323,46190,5558,48641,22901,46185,11,25715,1,57633,1,1,1,1,1230,data_8threads_100connections_120s_False
writev,1,linux-sysepoll,1,0,0,1,1,1,2,1,17876,59019,20984,60350,10078,56080,29825,23929,20075,46141,14,51705,1,61153,1,0,1,1,28,data_8threads_100connections_120s_False
write,1,linux-sysepoll,1,0,0,1,1,1,2,0,17876,59019,20984,61719,10078,56080,51548,53026,11516,60937,11,46262,1,12667,1,1,1,1,1104,data_8threads_100connections_120s_False
writev,1,linux-sysepoll,1,0,0,0,1,0,2,2,17876,59019,50580,31821,10078,38128,51548,5965,11516,60937,12,46420,1,7286,1,0,1,0,1104,data_4threads_100connections_10s_False
write,1,linux-sysepoll,1,1,0,0,1,0,2,1,17876,59019,20984,31821,531,56080,51548,5965,11516,60937,11,39568,1,7286,1,1,1,1,1104,data_4threads_100connections_10s_False
writev,1,linux-sysepoll,0,1,0,0,1,0,0,1,17876,59019,30170,31821,10078,56080,51548,5965,11516,60937,11,46420,1,7286,1,1,1,1,1104,data_4threads_100connections_10s_False
writev,1,linux-sysepoll,1,1,0,0,1,1,2,1,17876,59019,30170,31821,10078,56080,51548,5965,11516,60937,11,46420,1,7286,1,1,1,1,1104,data_4threads_100connections_10s_False
write,1,linux-sysepoll,1,1,0,0,1,0,2,1,17876,59019,30170,31821,10078,56080,51548,5965,11516,60937,11,46420,1,7286,1,1,1,1,1104,data_4threads_100connections_10s_False
sendfile,0,linux-sysepoll,1,0,0,0,1,0,2,1,17876,59019,50580,31821,10078,56080,51548,5965,8487,60937,13,30625,1,7286,1,1,1,0,1104,data_4threads_100connections_10s_False
writev,1,linux-sysepoll,1,1,0,1,1,0,2,1,37068,59019,50580,31821,10078,56080,51548,5965,43661,60937,11,46420,1,7286,1,1,1,1,1104,data_4threads_100connections_10s_False
write,0,linux-sysepoll,1,1,0,0,1,0,2,1,17876,59019,50580,31821,10078,56080,51548,5965,11516,60937,11,46420,1,7286,1,1,1,1,642,data_4threads_100connections_10s_False
writev,0,linux-sysepoll,0,1,1,0,1,0,0,1,17876,59019,50580,31821,10078,56080,51548,5965,11516,60937,11,46420,1,7286,1,1,1,1,642,data_4threads_100connections_10s_False
writev,1,linux-sysepoll,1,0,0,0,1,0,2,2,17876,59019,50580,31821,10078,56080,51548,11402,11516,60937,11,46420,1,7286,1,1,1,1,1214,data_4threads_100connections_10s_False
writev,0,linux-sysepoll,0,1,0,0,1,0,2,1,17876,59019,50580,31821,10078,56080,51548,5965,11516,60937,11,46420,1,7286,1,1,1,0,1104,data_4threads_100connections_10s_False
writev,1,linux-sysepoll,1,1,0,0,1,0,2,1,17876,59019,43152,31821,10078,56080,30201,5965,11516,60937,11,46420,1,7286,1,1,0,1,1104,data_4threads_100connections_10s_False
writev,1,linux-sysepoll,1,1,0,0,1,0,2,1,29247,59019,30170,31821,10078,56080,51548,5814,11516,60937,11,46420,1,7286,1,1,1,0,1104,data_4threads_100connections_10s_False
writev,1,linux-sysepoll,1,0,0,0,1,0,2,2,17876,59019,50580,31821,10078,56080,51548,5965,11516,60937,11,46420,1,7286,1,1,1,1,642,data_4threads_100connections_10s_False
write,0,linux-sysepoll,1,1,0,0,1,0,2,2,17876,32149,50580,31821,20655,56080,51548,11402,11516,60937,11,46420,1,7286,1,1,1,1,498,data_4threads_100connections_10s_False
write,1,linux-sysepoll,0,1,0,0,1,0,2,1,17876,59019,30170,31821,10078,64561,51548,5965,11516,60937,11,46420,1,7286,1,1,1,1,1104,data_4threads_100connections_10s_False
writev,1,poll,1,1,0,0,1,0,2,1,37068,59019,50580,31821,16977,56080,51548,5965,43661,60937,11,46420,1,7286,1,1,1,1,1104,data_4threads_100connections_10s_False
write,0,linux-sysepoll,1,1,0,0,1,0,0,1,17876,59019,30170,31821,10078,56080,51548,5965,11516,60937,11,46420,0,7286,1,1,1,1,1104,data_4threads_100connections_10s_False
writev,1,linux-sysepoll,1,1,0,0,1,0,2,1,17876,59019,30170,31821,10078,56080,51548,5965,51323,60937,11,46420,1,7286,1,1,1,1,1104,data_4threads_100connections_10s_False
write,0,linux-sysepoll,1,1,0,0,1,0,2,1,17876,59019,50580,31821,10078,56080,51548,11402,11516,60937,11,46420,1,7286,1,1,1,0,1214,data_4threads_100connections_10s_False
write,1,libev,1,1,0,1,1,1,0,2,45043,34805,35485,64516,16977,41941,769,5965,11516,60937,13,38091,1,7286,1,0,1,1,1473,data_4threads_300connections_120s_False
writev,1,select,1,0,0,1,1,1,2,2,25700,2763,8648,4015,11690,46190,5558,48641,22901,18221,11,25715,1,57633,1,1,1,1,2171,data_4threads_300connections_120s_False
writev,1,select,1,1,0,1,1,1,2,2,25700,2763,8648,4015,11690,46190,5558,48641,22901,18221,11,25715,1,57633,1,1,1,1,1104,data_4threads_300connections_120s_False
sendfile,0,linux-sysepoll,0,1,0,0,1,0,0,2,45043,34805,35485,24331,10078,56080,51548,5965,11516,60937,11,46420,1,7286,1,1,1,1,1104,data_4threads_300connections_120s_False
write,0,linux-sysepoll,1,1,0,0,1,0,2,1,17876,59019,50580,31821,10078,56080,51548,5965,11516,60937,11,46420,1,7286,1,1,1,1,1104,data_4threads_300connections_120s_False
writev,0,linux-sysepoll,1,1,0,0,1,0,2,1,17876,56532,35439,33282,24770,48379,20957,5965,11516,60937,1,46420,1,7286,0,1,1,1,1104,data_4threads_300connections_120s_False
sendfile,0,linux-sysepoll,1,0,0,0,1,0,2,1,17876,59019,50580,31821,10078,56080,51548,5965,8487,60937,13,30625,1,7286,1,1,1,0,1104,data_4threads_300connections_120s_False
writev,0,linux-sysepoll,0,1,1,0,1,0,0,1,32884,3241,6728,31821,10078,57092,51548,5965,11516,60937,11,46420,1,7286,1,1,1,1,642,data_4threads_300connections_120s_False
writev,1,linux-sysepoll,0,1,0,0,1,0,2,0,17876,59019,50580,31821,10078,56080,51548,5965,11516,60937,13,30625,1,7286,1,1,1,0,1104,data_4threads_300connections_120s_False
writev,1,linux-sysepoll,1,1,0,0,1,1,2,1,17876,59019,30170,31821,10078,56080,51548,5965,11516,60937,11,46420,1,7286,1,1,1,1,1104,data_4threads_300connections_120s_False
writev,0,linux-sysepoll,1,1,0,0,1,0,2,1,17876,53303,35439,33282,24770,48379,20957,5965,11516,60937,1,46420,1,7286,0,1,1,1,1104,data_4threads_300connections_120s_False
writev,1,linux-sysepoll,0,1,0,0,1,0,0,1,32884,3241,6728,31821,10078,57092,51548,5965,11516,60937,11,46420,1,7286,1,1,1,1,642,data_4threads_300connections_120s_False
writev,0,linux-sysepoll,0,1,1,0,1,0,2,0,17876,42199,3879,31821,10078,56080,51548,5965,11516,60937,11,30625,1,7286,1,1,1,0,1104,data_4threads_300connections_120s_False
writev,1,linux-sysepoll,0,1,0,0,1,0,2,2,17876,59019,50580,31821,10078,56080,1258,5965,11516,60937,13,46420,1,7286,1,1,1,1,1104,data_4threads_300connections_120s_False
sendfile,0,linux-sysepoll,1,1,0,0,1,0,1,1,17876,53303,35439,33282,9213,48379,20957,5965,11516,39346,11,56253,1,57633,1,1,1,1,2171,data_4threads_300connections_120s_False
writev,1,linux-sysepoll,0,1,0,0,1,0,0,2,45043,34805,35485,24331,10078,56080,51548,2545,11516,60937,11,25736,1,7286,1,1,1,1,1104,data_4threads_300connections_120s_False
writev,0,linux-sysepoll,1,1,0,0,1,0,2,0,17876,42199,3879,54392,10078,56080,51548,5965,11516,60937,11,30625,1,7286,1,0,1,1,1104,data_4threads_300connections_120s_False
writev,0,linux-sysepoll,1,1,0,0,1,0,1,1,17876,56532,35439,33282,24770,41980,51548,5965,11516,60937,11,46420,1,7286,1,1,1,1,1104,data_4threads_300connections_120s_False
writev,0,linux-sysepoll,1,1,0,0,1,1,0,1,17876,28289,30170,31821,10078,56080,51548,48104,11516,60937,11,46420,1,17780,1,1,1,1,1104,data_4threads_300connections_120s_False
writev,0,linux-sysepoll,1,1,0,0,1,0,1,1,17876,56532,35439,33282,24770,52518,51548,5965,11516,60937,11,46420,1,7286,1,1,1,1,1104,data_4threads_300connections_120s_False
sendfile,1,linux-sysepoll,1,0,0,1,1,1,2,2,25700,2763,8648,45667,22323,46190,5558,48641,22901,18221,11,25715,1,57633,1,1,1,1,1695,data_12threads_100connections_60s_True
sendfile,1,linux-sysepoll,1,0,0,0,1,0,2,1,17876,59019,30170,31821,10078,56080,51548,5965,11516,60937,5,46420,1,65237,0,0,0,0,2177,data_12threads_100connections_60s_True
writev,1,linux-sysepoll,0,0,1,0,1,1,0,1,32884,3241,6728,31821,10078,57092,51548,47674,11516,60937,11,46420,1,11820,1,1,1,0,642,data_12threads_100connections_60s_True
writev,1,select,1,1,0,1,1,1,2,2,25700,2763,8648,4015,11690,46190,5558,48641,22901,18221,11,25715,1,57633,1,1,1,1,1104,data_12threads_100connections_60s_True
sendfile,1,select,1,0,0,1,1,1,2,2,25700,2763,8648,45667,22323,46190,5558,48641,22901,18221,11,25715,1,57633,1,1,1,1,1695,data_12threads_100connections_60s_True
writev,1,select,1,0,0,1,1,1,2,2,25700,2763,8648,4015,11690,46190,5558,48641,22901,18221,11,25715,1,57633,1,1,1,1,2171,data_12threads_100connections_60s_True
writev,1,select,1,0,0,1,1,1,2,2,25700,54835,8648,4015,11690,27939,5558,48641,47286,18221,11,25715,1,18991,1,1,1,1,2171,data_12threads_100connections_60s_True
sendfile,1,select,1,0,0,1,1,1,2,2,25700,54835,8648,4015,11690,27939,5558,48641,47286,2825,11,25715,1,18991,1,1,1,1,2171,data_12threads_100connections_60s_True
writev,0,select,0,1,0,0,1,0,0,2,17876,56532,35439,33282,24770,48379,20957,5965,13363,60937,1,46420,1,7286,0,1,1,1,1104,data_12threads_100connections_60s_True
write,1,libev,1,1,0,1,1,1,0,2,45043,34805,35485,22259,25245,41941,32879,29081,20075,46141,16,51705,1,61153,1,0,1,1,1104,data_12threads_100connections_60s_True
write,1,libev,1,1,0,1,1,1,0,2,45043,34805,35485,22259,25439,46190,5558,48641,22901,18221,11,43958,1,14537,1,0,1,1,1104,data_12threads_100connections_60s_True
sendfile,1,linux-sysepoll,1,0,0,0,1,0,2,1,25700,2763,8648,45667,22323,46190,5558,48641,22901,18221,11,59888,1,41256,1,1,1,1,1695,data_12threads_100connections_60s_True
sendfile,1,select,1,0,0,1,1,0,2,2,25700,2763,8648,4015,11690,46190,5558,48641,22901,18221,11,10419,1,57633,1,0,1,1,2171,data_12threads_100connections_60s_True
sendfile,1,linux-sysepoll,1,0,0,0,1,0,2,1,17876,2763,8648,45667,22323,46190,5558,48641,22901,30638,11,25715,1,57633,1,1,1,1,1759,data_12threads_100connections_60s_True
writev,1,linux-sysepoll,1,1,0,1,1,0,2,1,37068,59019,50580,31821,10078,56080,51548,5965,43661,60937,11,46420,1,7286,1,1,1,1,1104,data_12threads_100connections_60s_True
sendfile,0,linux-sysepoll,1,0,0,0,1,0,2,1,17876,59019,50580,31821,10078,56080,51548,5965,8487,60937,13,30625,1,7286,1,1,1,0,1104,data_12threads_100connections_60s_True
write,1,linux-sysepoll,1,1,0,0,1,0,2,1,17876,59019,30170,31821,10078,56080,51548,5965,11516,60937,11,46420,1,7286,1,1,1,1,1104,data_12threads_100connections_60s_True
writev,0,linux-sysepoll,0,1,1,0,1,0,0,1,17876,59019,50580,31821,10078,56080,51548,5965,11516,60937,11,46420,1,7286,1,1,1,1,642,data_12threads_100connections_60s_True
writev,0,linux-sysepoll,1,1,0,0,1,0,2,1,17876,56532,35439,33282,24770,48379,20957,5965,11516,60937,1,46420,1,7286,0,1,1,1,1104,data_12threads_100connections_60s_True
writev,1,linux-sysepoll,1,1,0,0,1,1,2,1,17876,59019,30170,31821,10078,56080,51548,5965,11516,60937,11,46420,1,7286,1,1,1,1,1104,data_12threads_100connections_60s_True
write,0,linux-sysepoll,0,1,1,0,1,0,2,1,8212,59019,20984,44306,10078,56080,51548,5965,29411,60937,11,46420,1,7286,0,1,1,1,549,data_8threads_10connections_120s_True
sendfile,1,linux-sysepoll,0,1,1,0,1,0,2,1,17876,59019,30170,55872,10078,56080,51548,47626,11516,60937,11,46420,1,7286,1,1,1,0,727,data_8threads_10connections_120s_True
writev,1,linux-sysepoll,0,1,0,0,1,0,2,1,17876,35475,20984,39097,531,3919,26260,60870,11516,60937,2,36238,0,7286,1,0,1,1,1104,data_8threads_10connections_120s_True
write,1,linux-sysepoll,1,1,0,0,1,0,2,1,17876,56532,30170,33282,10078,8681,8855,1081,3626,60937,6,15263,1,65292,1,1,1,1,1695,data_8threads_10connections_120s_True
write,0,linux-sysepoll,0,0,1,0,1,0,2,1,17876,59019,30170,55872,10078,56080,51548,47626,11516,60937,11,46420,1,7286,1,1,1,1,1104,data_8threads_10connections_120s_True
write,0,select,0,0,1,0,1,0,2,1,17876,59019,20984,31821,21311,56080,51548,5965,11516,60937,11,39568,1,7286,1,1,1,1,1104,data_8threads_10connections_120s_True
write,1,poll,1,1,1,0,1,0,2,1,58005,59019,20984,44306,10078,56080,51548,5965,29411,60937,11,46420,1,7286,1,1,1,1,1104,data_8threads_10connections_120s_True
write,1,linux-sysepoll,1,1,0,0,1,0,2,1,17876,56532,30170,33282,10078,8681,51548,11402,11516,60937,11,46420,1,7286,1,1,1,1,1214,data_8threads_10connections_120s_True
writev,0,linux-sysepoll,0,1,1,0,1,0,0,1,17876,59019,50580,31821,10078,56080,51548,5965,11516,60937,11,46420,1,7286,1,1,1,1,642,data_8threads_10connections_120s_True
write,1,linux-sysepoll,1,1,1,0,1,0,2,1,17876,59019,20984,44306,10078,56080,51548,5965,29411,60937,11,46420,1,7286,1,1,1,1,1104,data_8threads_10connections_120s_True
writev,1,linux-sysepoll,1,1,0,1,1,0,2,1,37068,59019,50580,31821,10078,56080,51548,5965,43661,60937,11,46420,1,7286,1,1,1,1,1104,data_8threads_10connections_120s_True
write,0,linux-sysepoll,1,1,0,0,1,0,2,1,17876,59019,50580,31821,10078,56080,51548,5965,11516,60937,11,46420,1,7286,1,1,1,1,642,data_8threads_10connections_120s_True
write,1,linux-sysepoll,1,1,0,0,1,0,2,1,17876,59019,20984,31821,531,56080,51548,5965,11516,60937,11,39568,1,7286,1,1,1,1,1104,data_8threads_10connections_120s_True
writev,1,linux-sysepoll,1,0,0,0,1,0,2,2,17876,59019,50580,31821,10078,56080,51548,11402,11516,60937,11,46420,1,7286,1,1,1,1,1214,data_8threads_10connections_120s_True
writev,1,linux-sysepoll,0,1,0,0,1,0,2,1,17876,59019,50580,31821,7801,56080,51548,5965,15140,60937,11,1529,1,7286,1,1,0,1,642,data_8threads_10connections_120s_True
write,1,linux-sysepoll,1,1,0,0,1,0,2,1,17876,56532,30170,33282,10078,8681,51548,11402,11516,60937,6,15263,1,57633,1,1,1,1,1695,data_8threads_10connections_120s_True
write,1,linux-sysepoll,0,1,1,0,1,0,2,1,17876,59019,20984,31821,21311,56080,51548,5965,11866,61553,11,39568,1,7286,1,1,1,1,1104,data_8threads_10connections_120s_True
writev,1,linux-sysepoll,0,1,0,0,1,0,2,1,17876,59019,50580,31821,7801,56080,51548,5965,15140,60937,11,1529,1,7286,1,1,1,1,1104,data_8threads_10connections_120s_True
write,0,linux-sysepoll,0,1,1,0,1,0,2,1,17876,59019,20984,44306,10078,56080,51548,5965,29411,60937,11,46420,1,7286,1,1,1,1,1104,data_8threads_10connections_120s_True
writev,1,linux-sysepoll,0,1,0,0,1,0,2,1,58005,59019,20984,44306,10078,56080,51369,5965,29411,60937,11,46420,1,7286,1,1,1,1,1104,data_8threads_10connections_120s_True
sendfile,1,select,1,0,0,1,1,1,2,2,25700,54835,8648,4015,11690,27939,5558,48641,47286,2825,11,25715,1,18991,1,1,1,1,2171,data_8threads_300connections_30s_True
writev,1,select,1,0,0,1,1,1,2,2,25700,54835,8648,4015,11690,27939,5558,48641,47286,18221,11,25715,1,18991,1,1,1,1,2171,data_8threads_300connections_30s_True
sendfile,1,select,1,0,0,1,1,1,2,1,25700,54835,8648,4015,11690,27939,5558,48641,47286,2825,11,25715,1,18991,1,1,1,1,2171,data_8threads_300connections_30s_True
writev,1,linux-sysepoll,0,1,0,0,1,0,2,0,17876,59019,50580,31821,10078,56080,51548,5965,11516,60937,13,30625,1,7286,1,1,1,0,1104,data_8threads_300connections_30s_True
sendfile,0,linux-sysepoll,1,0,0,0,1,0,2,1,17876,59019,50580,31821,10078,56080,51548,5965,8487,60937,13,30625,1,7286,1,1,1,0,1104,data_8threads_300connections_30s_True
writev,0,linux-sysepoll,1,1,0,0,1,0,2,1,17876,56532,35439,33282,24770,48379,20957,5965,11516,60937,1,46420,1,7286,0,1,1,1,1104,data_8threads_300connections_30s_True
write,1,linux-sysepoll,1,1,0,0,1,0,2,1,17876,56532,30170,33282,10078,8681,51548,11402,11516,60937,11,46420,1,7286,1,1,1,1,1214,data_8threads_300connections_30s_True
writev,1,linux-sysepoll,0,1,0,0,1,0,0,1,17876,59019,30170,31821,10078,56080,51548,5965,11516,60937,11,46420,1,7286,1,1,1,1,1104,data_8threads_300connections_30s_True
writev,1,linux-sysepoll,0,1,0,0,1,0,2,0,17876,59019,50580,10375,10078,56080,51548,5965,50414,60937,7,46420,1,7286,0,1,1,1,1370,data_8threads_300connections_30s_True
sendfile,1,linux-sysepoll,1,0,0,0,1,0,2,1,17876,59019,30170,31821,10078,56080,51548,5965,11516,60937,5,46420,1,65237,0,0,0,0,2177,data_8threads_300connections_30s_True
write,1,linux-sysepoll,0,1,0,0,1,0,2,1,17876,56532,30170,33282,10078,8681,51548,11402,6448,60937,13,30625,1,7286,1,1,0,0,1104,data_8threads_300connections_30s_True
writev,0,select,0,1,0,0,1,0,0,2,17876,56532,35439,33282,24770,48379,20957,5965,13363,60937,1,46420,1,7286,0,1,1,1,1104,data_8threads_300connections_30s_True
write,1,linux-sysepoll,1,1,0,0,1,1,1,0,35138,59019,61705,31821,3687,56080,51548,21089,19133,60329,15,1438,1,9894,0,0,1,0,1473,data_8threads_300connections_30s_True
writev,0,select,0,1,0,0,1,1,1,0,35138,59019,61705,41977,3687,56080,51548,21089,19133,60329,15,1438,1,9894,0,0,1,0,1473,data_8threads_300connections_30s_True
writev,0,select,0,1,0,1,1,0,0,2,17876,56532,35439,33282,24770,48379,20957,5965,13363,60937,1,24073,1,7286,0,1,1,1,1104,data_8threads_300connections_30s_True
write,1,linux-sysepoll,0,1,0,0,1,0,0,1,17876,56532,30170,33282,10078,8681,51548,11402,6448,60937,13,30625,0,7286,0,1,1,1,1104,data_8threads_300connections_30s_True
sendfile,0,linux-sysepoll,0,1,0,0,1,0,2,0,17876,59019,50580,31821,10078,56080,51548,5965,11516,60937,4,30625,1,7286,1,1,1,0,1104,data_8threads_300connections_30s_True
sendfile,1,select,1,0,0,1,1,1,2,2,25700,54835,8648,4015,11690,27939,5558,48641,47286,2825,11,25715,1,7286,0,1,1,1,1104,data_8threads_300connections_30s_True
write,1,libev,1,1,0,1,1,1,0,2,45043,34805,35485,22259,25245,41941,32879,29081,20075,46141,16,51705,1,61153,1,0,1,1,1104,data_8threads_300connections_30s_True
sendfile,0,linux-sysepoll,1,0,0,0,1,1,2,2,25700,54835,8648,4015,11690,27939,5558,48641,16889,18221,11,25715,1,19365,1,1,1,1,2171,data_8threads_300connections_30s_True
sendfile,1,linux-sysepoll,0,1,1,0,1,0,2,1,17876,59019,20984,31821,531,56080,51548,5965,11516,60937,11,46420,1,7286,1,1,1,0,642,data_4threads_10connections_60s_False
sendfile,1,linux-sysepoll,1,1,1,0,1,0,2,1,17876,59019,20984,31821,531,56080,51548,10154,11516,60937,11,61761,1,6246,1,1,1,0,642,data_4threads_10connections_60s_False
sendfile,1,linux-sysepoll,1,1,1,0,1,0,2,1,57785,59019,53816,59552,531,56080,51548,10154,48667,60937,11,61761,1,6246,1,1,1,0,642,data_4threads_10connections_60s_False
sendfile,1,select,1,1,1,0,1,0,2,1,17876,27731,57974,35383,531,56080,20957,5965,13363,60937,1,46420,1,7286,1,1,1,1,1104,data_4threads_10connections_60s_False
write,1,libev,1,1,0,1,1,0,0,2,35138,21339,61705,31821,3687,56080,51548,21089,19133,60329,15,1438,1,9894,0,0,1,1,1473,data_4threads_10connections_60s_False
write,1,poll,1,1,1,0,1,0,2,1,58005,59019,20984,44306,10078,56080,51548,5965,29411,60937,11,46420,1,7286,1,1,1,1,1104,data_4threads_10connections_60s_False
write,1,linux-sysepoll,1,1,0,0,1,0,2,1,17876,56532,30170,33282,10078,8681,8855,1081,3626,60937,6,15263,1,65292,1,1,1,1,1695,data_4threads_10connections_60s_False
write,1,linux-sysepoll,1,1,0,0,1,0,2,1,17876,56532,30170,33282,10078,8681,8855,1081,3626,60937,2,51705,1,3214,1,0,1,1,1104,data_4threads_10connections_60s_False
write,0,linux-sysepoll,0,0,0,0,1,0,2,1,17876,59019,35485,22259,25245,42395,32879,29081,20075,46141,14,46420,1,65237,0,1,0,1,1104,data_4threads_10connections_60s_False
writev,0,select,1,0,0,0,1,0,2,1,7538,59019,30170,31821,10078,56080,51548,25913,11516,60937,5,46420,1,65237,0,0,0,0,2177,data_4threads_10connections_60s_False
write,0,linux-sysepoll,0,0,0,0,1,0,2,1,17876,59019,30170,31821,10078,56080,51548,5965,11516,60937,5,46420,1,65237,0,1,0,0,2177,data_4threads_10connections_60s_False
writev,0,select,1,1,0,0,1,0,2,1,7538,59019,30170,31821,10078,56080,51548,25913,11516,60937,5,46420,1,65237,0,0,1,1,1104,data_4threads_10connections_60s_False
writev,0,select,1,0,0,1,1,0,2,0,17876,59019,20984,11221,531,56080,51548,52744,11516,31814,11,32538,1,59975,1,0,1,1,1104,data_4threads_10connections_60s_False
write,1,linux-sysepoll,1,1,0,0,1,1,1,0,45043,34805,35485,22259,25245,41941,32879,29081,20075,46141,16,51705,1,61153,1,0,1,1,1104,data_4threads_10connections_60s_False
write,1,linux-sysepoll,1,1,0,0,1,0,2,1,17876,56532,35439,33282,24770,48379,51548,59224,11516,60937,11,46420,1,7286,1,1,1,1,1713,data_4threads_10connections_60s_False
write,0,linux-sysepoll,0,0,0,0,1,0,2,1,17876,59019,30170,31821,10078,56080,51548,5965,11516,38095,5,46420,1,65237,0,1,0,1,1104,data_4threads_10connections_60s_False
write,0,linux-sysepoll,0,0,0,0,1,0,2,1,17876,59019,30170,31821,1213,56080,51548,5965,11516,38095,13,51705,1,61153,1,0,1,1,681,data_4threads_10connections_60s_False
write,1,linux-sysepoll,1,0,0,0,1,1,2,1,17876,56532,35439,33282,24770,48379,51548,5965,11516,60937,11,46420,1,7286,1,1,1,1,1104,data_4threads_10connections_60s_False
write,1,linux-sysepoll,1,1,0,1,1,1,2,1,17876,56532,30170,24918,10078,8681,8855,1081,3626,60937,6,38508,0,65292,1,1,1,1,1104,data_4threads_10connections_60s_False
write,1,linux-sysepoll,1,0,0,0,1,1,2,1,17876,15542,30170,33282,28454,51671,42184,1081,3626,60937,2,51705,1,3214,1,1,1,1,1104,data_4threads_10connections_60s_False
sendfile,0,linux-sysepoll,1,0,0,0,1,0,2,2,17876,59019,50580,31821,10078,8681,8855,1081,3626,60937,6,15263,1,65292,1,1,1,1,1676,data_8threads_10connections_10s_True
sendfile,0,linux-sysepoll,0,0,0,0,1,0,2,1,17876,59019,53741,31821,10078,56080,20957,56455,33203,60937,1,46420,1,7286,1,1,1,1,1104,data_8threads_10connections_10s_True
sendfile,1,linux-sysepoll,0,0,0,0,1,0,2,1,50586,59019,53741,31821,10078,56080,20957,56455,24021,65513,12,46420,1,65292,1,1,1,1,1695,data_8threads_10connections_10s_True
write,1,linux-sysepoll,1,1,0,0,1,0,2,1,17876,56532,30170,33282,10078,8681,8855,1081,3626,60937,6,15263,1,65292,1,1,1,1,1695,data_8threads_10connections_10s_True
write,1,linux-sysepoll,1,1,0,0,1,0,2,1,17876,42958,30170,33282,10078,8681,51548,1081,3626,17908,6,15263,1,65292,1,1,1,1,1695,data_8threads_10connections_10s_True
writev,1,linux-sysepoll,1,1,0,0,1,0,2,1,17876,42958,30170,33282,10078,8681,51548,1081,3626,17908,6,15263,1,65292,1,1,1,1,1695,data_8threads_10connections_10s_True
write,1,linux-sysepoll,1,1,0,0,1,0,2,1,17876,3142,30170,33282,10078,8681,8855,1081,3626,60937,6,15263,1,65292,1,0,1,1,1104,data_8threads_10connections_10s_True
writev,1,linux-sysepoll,1,1,0,0,1,0,2,1,17876,42958,56786,33282,10078,8681,51548,1081,3626,17908,2,15263,0,11054,1,1,1,1,1695,data_8threads_10connections_10s_True
write,1,linux-sysepoll,1,1,0,0,1,0,2,1,55668,42958,30170,34980,10078,16403,51548,1081,3626,36445,6,15263,1,65292,1,0,1,1,1695,data_8threads_10connections_10s_True
sendfile,1,linux-sysepoll,1,1,0,0,1,0,2,0,57785,59019,53816,59552,531,56080,51548,10154,48667,60937,11,61761,1,6246,0,1,1,1,1214,data_8threads_10connections_10s_True
sendfile,1,linux-sysepoll,1,1,0,0,1,0,2,0,57785,59019,53816,59552,531,3187,51548,8812,48667,60937,8,61761,1,6246,0,1,1,1,1214,data_8threads_10connections_10s_True
sendfile,1,select,1,1,1,0,1,0,2,1,17876,27731,57974,35383,531,56080,20957,5965,13363,60937,1,46420,1,7286,1,1,1,1,1104,data_8threads_10connections_10s_True
sendfile,1,linux-sysepoll,1,1,1,0,1,0,2,1,57785,59019,53816,59552,531,56080,51548,10154,48667,60937,11,61761,1,6246,1,1,1,0,642,data_8threads_10connections_10s_True
write,1,linux-sysepoll,1,1,1,0,1,0,2,1,17876,59019,30170,31821,10078,56080,51548,5965,11516,60937,11,46420,1,65103,1,1,1,1,1104,data_8threads_10connections_10s_True
writev,1,linux-sysepoll,0,0,1,0,1,0,2,0,17876,59019,50580,47471,29644,56080,51548,34499,50414,60937,7,46420,1,7286,0,1,1,1,1214,data_8threads_10connections_10s_True
sendfile,0,linux-sysepoll,0,0,0,0,1,1,2,1,17876,59019,53741,31821,10078,56080,20957,56455,33203,60937,1,46420,1,7286,1,0,1,1,1695,data_8threads_10connections_10s_True
writev,0,select,1,0,0,1,1,0,2,0,17876,59019,20984,11221,531,56080,51548,52744,11516,31814,11,32538,1,59975,1,0,1,1,1104,data_8threads_10connections_10s_True
writev,1,linux-sysepoll,1,0,0,0,1,0,2,2,17876,59019,50580,31821,10078,38128,51548,5965,11516,60937,12,46420,1,7286,1,0,1,0,1104,data_8threads_10connections_10s_True
write,0,select,0,0,1,0,1,0,2,1,17876,59019,20984,31821,21311,56080,51548,5965,11516,60937,11,39568,1,7286,1,1,1,1,1104,data_8threads_10connections_10s_True
write,1,linux-sysepoll,1,1,1,0,1,0,2,1,17876,59019,20984,44306,10078,56080,51548,5965,29411,60937,11,46420,1,7286,1,1,1,1,1104,data_8threads_10connections_10s_True
writev,0,linux-sysepoll,1,1,0,0,1,0,2,1,17876,56532,35439,33282,24770,48379,20957,5965,11516,60937,1,46420,1,7286,0,1,1,1,1104,data_4threads_300connections_60s_False
writev,0,linux-sysepoll,0,1,0,0,1,0,2,1,17876,59019,50580,31821,10078,56080,51548,5965,11516,60937,11,46420,1,7286,1,1,1,0,1104,data_4threads_300connections_60s_False
write,1,linux-sysepoll,1,1,1,0,1,0,2,1,17876,59019,20984,44306,10078,56080,51548,5965,29411,60937,11,46420,1,7286,1,1,1,1,1104,data_4threads_300connections_60s_False
writev,1,linux-sysepoll,1,1,0,0,1,0,1,1,17876,42958,40933,33282,10078,8304,51548,1081,3626,17908,2,15263,1,11054,1,1,1,0,1695,data_4threads_300connections_60s_False
writev,0,linux-sysepoll,1,1,0,0,1,0,2,1,17876,56532,35439,33282,24770,48379,20957,5965,11516,60937,1,46420,1,7286,0,1,1,0,1695,data_4threads_300connections_60s_False
writev,0,linux-sysepoll,0,1,0,0,1,0,2,1,17876,59019,50580,31821,10078,56080,51548,5965,11516,60937,11,46420,1,55007,1,1,0,1,1104,data_4threads_300connections_60s_False
write,1,libev,1,1,0,1,1,1,0,2,45043,34805,35485,22259,25245,41941,32879,29081,20075,46141,14,51705,1,61153,1,0,1,1,681,data_4threads_300connections_60s_False
sendfile,1,linux-sysepoll,1,0,0,1,1,1,2,2,25700,54835,52030,60350,10078,56080,51548,5965,11516,60937,11,46420,1,20945,1,1,1,0,1104,data_4threads_300connections_60s_False
sendfile,1,libev,1,1,0,1,1,1,2,1,17876,59019,30170,31821,8275,56080,51548,30443,11516,60937,11,46420,1,7286,1,1,1,0,1104,data_4threads_300connections_60s_False
writev,1,linux-sysepoll,1,1,0,0,1,0,1,0,17876,42958,56786,33282,10078,8681,51548,1081,3626,30109,2,15263,1,11054,1,0,0,1,28,data_4threads_300connections_60s_False
write,1,linux-sysepoll,0,1,0,0,1,0,2,0,63826,34805,35485,22259,25245,41941,29825,23929,20075,46141,14,51705,1,61153,1,0,1,1,28,data_4threads_300connections_60s_False
write,1,linux-sysepoll,1,1,1,0,1,0,2,1,17876,59019,18383,44306,10078,56080,51548,5965,29411,60937,16,32235,1,61153,1,0,1,1,1104,data_4threads_300connections_60s_False
write,1,linux-sysepoll,1,1,1,0,1,0,2,1,17876,59019,20984,36742,10078,56080,51548,5965,29411,60937,11,46420,1,7286,0,0,1,1,1104,data_4threads_300connections_60s_False
sendfile,1,linux-sysepoll,1,1,0,0,1,0,2,1,17876,56532,35439,33282,24770,48379,20957,5965,11516,60937,1,46420,1,7286,0,1,1,1,1104,data_4threads_300connections_60s_False
write,1,libev,1,1,0,1,1,1,0,2,45043,34805,35485,22259,25245,41941,32879,29081,20075,46141,16,51705,1,61153,1,0,1,1,1104,data_4threads_300connections_60s_False
sendfile,0,linux-sysepoll,1,1,0,0,1,1,2,1,17876,56532,35439,33282,22323,46190,5558,48641,22901,18221,11,25715,1,57633,1,1,1,1,1695,data_4threads_300connections_60s_False
writev,1,select,1,1,0,1,1,1,2,2,25700,2763,8648,4015,11690,46190,5558,48641,22901,18221,11,25715,1,57633,1,1,1,1,1104,data_4threads_300connections_60s_False
sendfile,1,select,1,0,0,1,1,1,2,2,25700,2763,8648,45667,22323,46190,5558,48641,22901,18221,11,25715,1,57633,1,1,1,1,1695,data_4threads_300connections_60s_False
writev,1,select,1,0,0,1,1,1,2,2,25700,54835,8648,4015,11690,27939,5558,48641,47286,18221,11,25715,1,18991,1,1,1,1,2171,data_4threads_300connections_60s_False
writev,1,select,1,0,0,1,1,1,2,2,25700,2763,8648,45667,22323,46190,5558,48641,22901,18221,11,25715,1,57633,1,1,1,1,1230,data_4threads_300connections_60s_False
writev,0,linux-sysepoll,1,0,1,0,1,0,1,0,17876,59019,50580,4015,16018,46593,5558,48641,22901,18221,11,25715,1,57633,1,0,1,1,2171,data_12threads_100connections_120s_False
writev,0,linux-sysepoll,1,0,1,0,1,0,1,0,17876,59019,50580,4015,164,46593,1109,48641,22901,18221,11,25715,1,57633,1,0,1,1,2171,data_12threads_100connections_120s_False
writev,0,linux-sysepoll,1,0,1,0,1,0,1,0,17876,59019,50580,4015,17643,46593,5558,48641,6956,18221,11,25715,1,57633,1,0,1,1,2171,data_12threads_100connections_120s_False
writev,0,linux-sysepoll,1,0,1,0,1,0,1,0,17876,59019,50580,4015,1296,56080,51548,5965,20075,46141,14,62282,1,61153,1,0,1,0,681,data_12threads_100connections_120s_False
writev,0,linux-sysepoll,1,0,1,0,1,0,1,0,27317,59019,50580,4015,164,46593,1109,12240,22901,18221,11,25715,1,57633,1,0,1,1,1104,data_12threads_100connections_120s_False
writev,0,linux-sysepoll,1,0,1,0,1,0,1,0,17876,59019,50580,4015,1954,46593,5558,48641,6956,18221,11,25715,1,57633,1,0,0,1,2171,data_12threads_100connections_120s_False
write,0,linux-sysepoll,1,0,0,1,1,0,2,1,17876,59019,35485,22259,25245,41941,32879,29081,20075,46141,14,51705,1,61153,1,0,1,1,681,data_12threads_100connections_120s_False
write,0,linux-sysepoll,0,1,0,0,1,0,2,1,17876,59019,30170,31821,10078,56080,51548,5965,11516,60937,11,46420,1,7286,1,0,1,1,1104,data_12threads_100connections_120s_False
write,0,linux-sysepoll,0,1,0,0,1,0,2,1,17876,59019,30170,31821,10078,5136,51548,14813,11516,60937,11,46420,1,7286,1,0,1,1,1104,data_12threads_100connections_120s_False
write,0,linux-sysepoll,0,1,0,0,1,0,2,1,17876,59019,51258,31821,10078,5136,51548,65441,11516,60937,11,46420,1,7286,1,1,1,1,1104,data_12threads_100connections_120s_False
write,1,linux-sysepoll,0,1,0,0,1,0,2,1,17876,59019,51258,31821,10078,5136,51548,65441,11516,60937,11,46420,1,7286,1,1,1,1,2171,data_12threads_100connections_120s_False
write,0,linux-sysepoll,0,1,0,0,1,0,2,1,17876,50937,38495,31821,10078,15546,51548,5965,11516,11600,8,46420,1,7286,1,1,1,1,1676,data_12threads_100connections_120s_False
writev,0,linux-sysepoll,0,0,0,0,1,0,1,0,17876,59019,50580,4015,16018,46593,5558,48641,22901,18221,11,25715,1,57633,0,0,0,1,2171,data_12threads_100connections_120s_False
write,0,linux-sysepoll,0,1,0,0,1,0,2,1,17876,50937,30170,31821,10078,15546,51548,5965,11516,60937,11,46420,1,7286,1,1,0,1,1676,data_12threads_100connections_120s_False
writev,0,linux-sysepoll,0,0,0,0,1,0,1,0,17876,59019,50580,4015,16018,46593,5558,48641,22901,18221,11,25715,1,57633,1,0,1,1,2171,data_12threads_100connections_120s_False
write,1,linux-sysepoll,1,0,0,0,1,0,2,1,17876,59019,50580,31821,10078,49530,5558,48641,22901,18221,11,25715,1,57633,1,0,1,0,2171,data_12threads_100connections_120s_False
writev,0,linux-sysepoll,0,0,1,0,1,0,1,0,17023,59019,50580,4015,16018,46593,49441,48641,22901,18221,11,25715,1,57633,1,0,1,0,2171,data_12threads_100connections_120s_False
write,0,linux-sysepoll,0,1,0,0,1,0,0,1,17876,59019,30170,31821,10078,5136,51548,35059,11516,60937,11,46420,1,7286,1,1,0,1,1676,data_12threads_100connections_120s_False
sendfile,0,linux-sysepoll,1,0,0,0,1,0,2,2,17876,59019,50580,31821,10078,8681,8855,1081,3626,60937,6,15263,1,65292,1,1,1,1,1676,data_12threads_100connections_120s_False
sendfile,0,linux-sysepoll,1,0,0,0,1,0,2,2,17876,59019,50580,31821,10078,8681,8855,1081,48314,60937,6,15263,1,65292,1,1,1,1,1676,data_12threads_100connections_120s_False
write,0,linux-sysepoll,0,1,1,0,1,0,2,1,8212,59019,20984,44306,10078,56080,51548,5965,29411,60937,11,46420,1,7286,0,1,1,1,549,data_4threads_10connections_10s_True
write,1,linux-sysepoll,1,1,0,1,1,0,2,1,55668,45471,30170,34980,10078,16403,51548,1081,3626,36445,8,15263,1,65292,1,0,1,1,1104,data_4threads_10connections_10s_True
write,1,libev,1,1,0,1,1,0,0,2,35138,21339,61705,31821,3687,56080,51548,21089,19133,60329,15,1438,1,9894,0,0,1,1,1473,data_4threads_10connections_10s_True
write,1,libev,1,1,0,1,1,0,0,2,22950,20176,61705,31821,3687,56080,51548,21089,19133,42934,15,25705,1,9894,0,0,1,1,2171,data_4threads_10connections_10s_True
write,0,select,0,0,1,0,1,0,2,1,17876,59019,20984,31821,21311,56080,51548,5965,11516,60937,11,39568,1,7286,1,1,1,1,1104,data_4threads_10connections_10s_True
write,1,linux-sysepoll,1,1,0,0,1,0,2,1,55668,42958,30170,34980,10078,16403,51548,1081,3626,36445,6,15263,1,65292,1,0,1,1,1695,data_4threads_10connections_10s_True
writev,0,linux-sysepoll,1,1,0,0,1,0,2,1,17876,56532,35439,33282,24770,48379,20957,29081,20075,46141,14,51705,1,61153,1,0,1,1,681,data_4threads_10connections_10s_True
write,0,select,0,0,1,0,1,0,2,1,17876,59019,20984,31821,21311,56080,51548,5965,11516,60937,11,46420,1,7286,1,0,1,0,1104,data_4threads_10connections_10s_True
write,1,libev,1,1,1,1,1,0,0,2,22950,20176,61705,31821,3687,56080,51548,21089,11516,4711,1,46420,1,47408,1,1,1,1,1104,data_4threads_10connections_10s_True
write,1,libev,1,1,0,1,1,1,0,2,45043,34805,35485,22259,25245,41941,32879,29081,20075,46141,14,51705,1,61153,1,0,1,1,681,data_4threads_10connections_10s_True
write,1,libev,1,1,0,1,1,1,0,2,45043,34805,35485,22259,25245,41941,32879,29081,20075,46141,8,51705,1,61153,1,0,1,1,681,data_4threads_10connections_10s_True
write,1,libev,1,1,0,1,1,1,0,2,45043,34805,35485,22259,25245,41941,32879,5965,11516,4711,1,46420,1,47408,0,1,1,1,1104,data_4threads_10connections_10s_True
sendfile,0,linux-sysepoll,0,0,0,0,1,0,2,1,17876,59019,53741,31821,10078,56080,20957,56455,33203,60937,1,46420,1,7286,1,1,1,1,1104,data_4threads_10connections_10s_True
sendfile,1,linux-sysepoll,0,0,0,0,1,0,2,1,50586,59019,53741,31821,10078,56080,20957,56455,24021,65513,12,46420,1,65292,1,1,1,1,1695,data_4threads_10connections_10s_True
sendfile,1,linux-sysepoll,0,0,0,0,1,0,2,1,17876,56532,35439,33282,24770,48379,20957,5965,11516,60937,1,46420,1,7286,1,1,1,1,1104,data_4threads_10connections_10s_True
writev,0,linux-sysepoll,1,0,1,0,1,0,1,0,17876,59019,50580,4015,164,46593,1109,48641,22901,18221,11,25715,1,57633,1,0,1,1,2171,data_4threads_10connections_10s_True
writev,0,linux-sysepoll,1,0,1,0,1,0,1,0,17876,59019,50580,4015,1296,56080,51548,5965,20075,46141,14,62282,1,61153,1,0,1,0,681,data_4threads_10connections_10s_True
writev,0,linux-sysepoll,1,0,1,1,1,0,2,1,17876,59019,20984,31821,21311,56080,51548,5965,11516,65231,11,39568,1,7286,1,1,1,1,1104,data_4threads_10connections_10s_True
writev,0,linux-sysepoll,1,0,1,0,1,0,1,0,9886,59019,50580,4015,1296,46593,1109,48641,22901,18221,11,25715,1,58650,1,0,1,1,2171,data_4threads_10connections_10s_True
writev,0,linux-sysepoll,1,0,1,0,1,0,1,0,9886,59019,50580,4015,1296,46593,1109,48641,58601,18221,11,25715,1,58650,1,0,1,1,2171,data_4threads_10connections_10s_True
writev,1,linux-sysepoll,1,1,0,0,1,0,2,1,17876,42958,56786,33282,10078,8681,51548,1081,3626,17908,2,15263,0,11054,1,1,1,1,1695,data_8threads_10connections_30s_False
writev,1,linux-sysepoll,1,1,0,0,1,0,2,1,17876,42958,30170,33282,10078,8681,51548,1081,3626,17908,6,15263,1,65292,1,1,1,1,1695,data_8threads_10connections_30s_False
writev,1,linux-sysepoll,0,1,0,0,1,0,2,1,17876,59019,30170,28406,30962,37576,17324,5965,25835,60937,11,46420,1,7286,1,0,1,1,2171,data_8threads_10connections_30s_False
writev,1,linux-sysepoll,0,1,0,0,1,0,2,1,17876,59019,30170,28406,30962,37576,17324,5965,3447,60937,11,46420,1,7286,1,0,1,1,2171,data_8threads_10connections_30s_False
write,1,linux-sysepoll,1,1,0,0,1,0,2,1,17876,56532,30170,33282,10078,8681,8855,1081,3626,60937,2,51705,1,3214,1,0,1,1,1104,data_8threads_10connections_30s_False
writev,1,linux-sysepoll,1,1,0,0,1,0,2,2,17876,42958,30170,33282,10078,8681,51548,1081,3626,17908,14,15263,0,65292,1,0,1,1,2065,data_8threads_10connections_30s_False
write,0,linux-sysepoll,1,1,0,0,1,0,2,1,4335,56532,30170,33282,10078,8681,8855,1081,3626,60937,2,51705,1,49662,1,0,1,1,1104,data_8threads_10connections_30s_False
writev,1,linux-sysepoll,1,1,0,0,1,0,2,1,17876,28926,30170,33282,10078,8681,31794,1081,3626,17908,6,15263,1,65292,1,1,1,1,1695,data_8threads_10connections_30s_False
writev,1,linux-sysepoll,1,1,0,0,1,0,2,1,17876,42958,30170,33282,10078,8681,51548,1081,3626,17908,2,51705,1,3214,1,0,1,1,1104,data_8threads_10connections_30s_False
writev,1,linux-sysepoll,1,1,0,0,0,0,2,1,20087,59019,30170,28406,30962,37576,17324,5965,52143,60937,11,46420,1,7286,1,0,1,1,2171,data_8threads_10connections_30s_False
writev,1,linux-sysepoll,1,0,1,1,1,0,2,2,17876,42958,54077,33282,10078,8681,51548,1081,3626,17908,14,15263,0,65292,1,0,1,1,1104,data_8threads_10connections_30s_False
write,1,libev,1,1,0,1,1,0,0,2,22950,20176,61705,31821,3687,56080,51548,21089,19133,42934,15,25705,1,9894,0,0,1,1,2171,data_8threads_10connections_30s_False
write,0,select,0,0,1,0,1,0,2,1,17876,59019,20984,31821,21311,56080,51548,5965,11516,60937,11,39568,1,7286,1,1,1,1,1104,data_8threads_10connections_30s_False
write,0,linux-sysepoll,1,0,0,1,1,0,2,1,17876,59019,35485,22259,25245,41941,32879,29081,20075,46141,14,51705,1,61153,1,0,1,1,681,data_8threads_10connections_30s_False
write,0,linux-sysepoll,0,0,0,0,1,0,2,1,17876,59019,30170,28406,30962,37576,17324,5965,3447,60937,16,46420,1,7286,1,0,1,1,2171,data_8threads_10connections_30s_False
write,0,linux-sysepoll,1,1,0,0,1,0,2,1,17876,59019,30170,28406,30962,37576,17324,5965,25835,60937,11,46420,0,7286,1,0,1,1,276,data_8threads_10connections_30s_False
write,1,libev,1,1,0,1,1,0,0,1,17876,59019,30170,28406,30962,37576,17324,5965,3447,60937,11,24755,1,7286,1,0,1,1,2171,data_8threads_10connections_30s_False
write,0,linux-sysepoll,1,1,0,0,0,0,2,1,4335,56532,9851,33282,20019,8681,8855,1081,3626,60937,2,51705,1,7286,1,0,1,1,2171,data_8threads_10connections_30s_False
write,0,linux-sysepoll,1,0,0,1,1,0,2,1,17876,59019,35485,22259,25245,41941,32879,29081,20075,46141,14,51705,1,61153,1,0,1,1,1104,data_8threads_10connections_30s_False
write,0,linux-sysepoll,1,1,0,1,1,0,2,1,17876,24389,35485,40165,25245,41941,32879,29081,20075,46141,14,51705,1,40926,1,0,0,1,681,data_8threads_10connections_30s_False
write,1,linux-sysepoll,1,1,0,0,1,1,1,0,17876,35989,6680,31821,10078,56080,51548,5965,11516,60937,11,46420,1,7286,1,1,1,1,1104,data_8threads_100connections_30s_False
write,1,linux-sysepoll,1,1,0,0,1,1,1,0,17876,35989,6680,31821,10078,56080,32879,29081,20075,46141,8,51705,1,61153,1,1,1,0,681,data_8threads_100connections_30s_False
write,1,libev,1,1,0,1,1,1,0,2,45043,34805,35485,22259,25245,41941,32879,29081,20075,46141,14,51705,1,61153,1,0,1,1,681,data_8threads_100connections_30s_False
write,1,libev,1,1,0,1,1,1,0,2,45043,34805,35485,22259,25245,41941,32879,29081,20075,46141,8,51705,1,61153,1,0,1,1,681,data_8threads_100connections_30s_False
write,1,libev,1,1,0,1,1,1,2,2,45043,34805,35485,22259,25245,41941,32879,29081,20075,46141,14,51705,1,61153,1,0,1,1,681,data_8threads_100connections_30s_False
write,1,libev,1,1,0,1,1,1,2,2,45043,34805,35485,22259,25245,41941,32879,29081,11516,60937,11,46420,1,7286,1,0,1,1,1104,data_8threads_100connections_30s_False
sendfile,0,linux-sysepoll,0,0,0,0,1,0,0,1,17876,59019,30170,31821,10078,56080,51548,5965,6431,424,5,53798,1,65237,0,1,1,0,2177,data_8threads_100connections_30s_False
write,1,select,1,0,0,1,1,1,2,2,25700,2763,8648,14592,22323,46190,5558,48641,22901,18221,11,27456,1,57633,1,1,1,0,1230,data_8threads_100connections_30s_False
sendfile,1,libev,1,1,0,0,1,1,0,2,45043,34805,35485,22259,25245,41941,32879,29081,20075,46141,14,51705,1,61153,1,0,0,1,1622,data_8threads_100connections_30s_False
write,0,linux-sysepoll,0,1,0,0,1,0,2,1,17876,59019,30170,31821,10078,5136,51548,14813,11516,60937,11,46420,1,7286,1,0,1,1,1104,data_8threads_100connections_30s_False
writev,0,linux-sysepoll,0,1,0,0,1,0,2,1,17876,59019,30170,31821,10078,5136,51548,14813,11516,60937,11,46420,1,7286,1,0,1,1,1104,data_8threads_100connections_30s_False
write,0,linux-sysepoll,0,1,0,0,1,0,2,0,17876,59623,30170,37147,10078,5136,51548,14813,11516,60937,11,46420,1,7286,1,0,1,1,1104,data_8threads_100connections_30s_False
sendfile,0,linux-sysepoll,0,0,0,0,1,0,2,1,17876,59019,53741,31821,10078,56080,20957,56455,33203,60937,1,46420,1,7286,1,1,1,1,1104,data_8threads_100connections_30s_False
sendfile,0,linux-sysepoll,1,0,0,0,1,0,2,2,17876,59019,50580,31821,10078,8681,8855,1081,3626,60937,6,15263,1,65292,1,1,1,1,1676,data_8threads_100connections_30s_False
sendfile,0,linux-sysepoll,0,0,0,0,1,0,2,1,17876,59019,53741,31821,10078,56080,20957,56455,60508,60937,6,15263,1,65292,1,1,1,1,1676,data_8threads_100connections_30s_False
write,0,linux-sysepoll,0,0,0,0,1,0,2,2,17876,59019,50580,31821,10078,8681,8855,1081,3626,60937,6,15263,1,65292,1,1,1,1,1676,data_8threads_100connections_30s_False
sendfile,0,linux-sysepoll,0,0,0,0,1,0,1,1,20317,59019,30170,31821,10078,56080,51548,5965,60354,424,5,38538,1,65237,0,1,1,1,1104,data_8threads_100connections_30s_False
write,1,linux-sysepoll,1,1,0,1,1,1,0,2,45043,34805,35485,22259,25245,23340,51548,5965,64553,60937,11,46420,1,7286,1,1,1,1,1104,data_8threads_100connections_30s_False
write,1,linux-sysepoll,1,1,0,0,1,1,1,1,17876,35989,6680,31821,10078,56080,51548,5965,22901,18221,11,25715,1,57633,1,0,1,1,1230,data_8threads_100connections_30s_False
sendfile,1,libev,1,1,0,0,1,1,2,2,17876,59019,50580,31821,10078,8681,8855,1081,3626,60937,6,42992,1,49886,1,1,1,1,1676,data_8threads_100connections_30s_False
writev,0,select,0,1,0,0,1,0,2,1,17876,59019,30170,31821,19098,56080,51548,5965,11516,60937,11,46420,1,7286,1,0,1,0,2375,data_8threads_100connections_10s_True
sendfile,1,libev,1,1,0,0,1,1,0,2,45043,34805,35485,22259,25245,41941,32879,29081,20075,46141,14,51705,1,61153,1,0,0,1,1622,data_8threads_100connections_10s_True
write,0,linux-sysepoll,1,1,0,1,1,0,1,1,17876,59019,30170,31821,19098,56080,2675,5965,11516,51829,11,46420,1,7286,1,0,0,1,520,data_8threads_100connections_10s_True
write,1,linux-sysepoll,1,0,0,1,1,0,2,0,17876,59019,20984,11221,531,56080,51548,5965,11516,31814,11,32538,1,59975,1,1,1,1,1104,data_8threads_100connections_10s_True
write,1,linux-sysepoll,1,0,0,1,1,0,2,0,17876,59019,20984,11221,19932,56080,51548,5965,11516,31814,11,32538,1,59975,1,0,1,1,2171,data_8threads_100connections_10s_True
write,1,linux-sysepoll,1,0,0,1,1,0,2,0,17876,7154,20984,11221,531,56080,51548,5965,11516,9189,11,32538,1,59975,1,1,0,1,1104,data_8threads_100connections_10s_True
write,0,select,0,0,0,1,1,1,2,2,63826,2763,8648,4015,11690,46190,5558,48641,22901,31814,11,32538,1,59975,1,1,1,1,1104,data_8threads_100connections_10s_True
writev,1,linux-sysepoll,0,1,0,0,1,0,2,1,17876,59019,30170,31821,10078,37576,51548,5965,11516,60937,11,46420,1,7286,1,0,1,1,2171,data_8threads_100connections_10s_True
write,0,linux-sysepoll,0,1,0,0,1,0,2,0,63826,34805,35485,22259,25245,41941,29825,23929,20075,46141,14,51705,1,61153,1,0,1,1,28,data_8threads_100connections_10s_True
writev,0,linux-sysepoll,0,1,0,0,1,0,2,1,17876,59019,30170,31821,19098,56080,51548,5965,11516,60937,11,46420,1,7286,1,0,1,1,520,data_8threads_100connections_10s_True
write,0,linux-sysepoll,0,1,0,0,1,0,2,1,17876,59019,51258,31821,10078,5136,51548,65441,11516,60937,11,46420,1,7286,1,1,1,1,1104,data_8threads_100connections_10s_True
writev,0,linux-sysepoll,0,1,1,0,1,0,2,1,17876,59019,30170,31821,19098,56080,51548,5965,11516,60937,11,46420,1,7286,1,0,1,1,520,data_8threads_100connections_10s_True
writev,0,linux-sysepoll,0,1,0,0,1,0,2,1,17876,59019,25458,58875,19098,56080,51548,39195,11516,60937,11,46420,1,7286,1,0,1,1,2285,data_8threads_100connections_10s_True
write,0,linux-sysepoll,0,1,0,0,1,0,2,1,17876,59019,51258,7123,10078,32683,51548,5965,11516,60937,11,46420,1,7286,1,0,1,1,2102,data_8threads_100connections_10s_True
writev,0,linux-sysepoll,0,1,0,0,1,0,2,1,17876,7865,19874,31821,10078,37576,51548,5965,11516,60937,5,46420,0,7286,1,0,1,1,2171,data_8threads_100connections_10s_True
writev,0,linux-sysepoll,0,1,0,0,1,0,2,1,17876,59019,51258,31821,6536,5136,51548,65441,11516,60937,11,46420,1,7286,0,1,1,1,1104,data_8threads_100connections_10s_True
write,0,linux-sysepoll,0,1,0,0,1,0,2,1,17876,59019,30170,31821,9213,56080,51548,5965,11516,60937,11,46420,1,7286,1,0,1,1,520,data_8threads_100connections_10s_True
write,0,linux-sysepoll,0,1,1,0,1,0,2,1,17876,59019,50580,31821,10078,56304,51548,5965,11516,60937,2,46420,1,7286,1,0,1,1,642,data_8threads_100connections_10s_True
write,0,linux-sysepoll,1,1,0,0,1,0,1,1,17876,59019,51258,31821,10078,5136,51548,65441,11516,60937,11,46420,1,7286,0,0,1,1,1104,data_8threads_100connections_10s_True
sendfile,1,libev,1,1,0,0,1,1,0,2,45043,34805,35485,22259,25245,41941,32879,29081,20075,46141,14,54005,1,61153,1,0,1,0,1104,data_8threads_100connections_10s_True
write,1,libev,1,1,0,1,1,0,0,2,35138,21339,61705,31821,3687,56080,51548,21089,19133,60329,15,1438,1,9894,0,0,1,1,1473,data_4threads_10connections_30s_False
write,1,libev,1,1,1,1,1,0,0,2,35138,21339,61705,31821,3687,56080,51548,21089,19133,60329,0,1774,1,9894,0,0,1,1,1473,data_4threads_10connections_30s_False
writev,1,linux-sysepoll,1,1,0,0,1,0,2,1,17876,28926,30170,33282,10078,8681,31794,1081,3626,17908,6,15263,1,65292,1,1,1,1,1695,data_4threads_10connections_30s_False
writev,1,linux-sysepoll,1,1,0,0,1,0,2,1,17876,42958,30170,33282,10078,8681,51548,1081,3626,17908,6,15263,1,65292,1,1,1,1,1695,data_4threads_10connections_30s_False
write,1,linux-sysepoll,1,1,0,0,1,0,2,1,17876,56532,30170,33282,10078,8681,8855,1081,3626,60937,6,15263,1,65292,1,1,1,1,1695,data_4threads_10connections_30s_False
writev,1,linux-sysepoll,1,1,0,0,1,0,2,2,17876,42958,30170,33282,10078,8681,51548,1081,3626,17908,14,15263,0,65292,1,0,1,1,2065,data_4threads_10connections_30s_False
writev,0,linux-sysepoll,1,1,0,0,1,0,2,1,17876,56532,35439,33282,24770,48379,20957,29081,20075,46141,14,51705,1,61153,1,0,1,1,681,data_4threads_10connections_30s_False
writev,1,linux-sysepoll,1,1,0,0,1,0,0,1,17876,42958,30170,33282,10078,8681,51548,1081,3626,17908,6,44782,1,65292,1,1,1,1,2426,data_4threads_10connections_30s_False
writev,1,linux-sysepoll,1,1,0,0,0,0,2,1,17876,28926,30170,33282,10078,8681,31794,1081,3626,17908,6,20032,1,39894,1,1,1,1,1695,data_4threads_10connections_30s_False
writev,1,linux-sysepoll,1,1,0,0,1,0,2,0,17876,42958,30170,33282,10078,8681,51548,1081,3626,17908,6,8997,1,65292,1,1,1,1,1695,data_4threads_10connections_30s_False
write,1,linux-sysepoll,1,1,0,0,1,0,2,1,17876,56532,30170,33282,10078,8681,8855,1081,3626,60937,6,44568,1,65292,1,0,0,1,2065,data_4threads_10connections_30s_False
write,1,linux-sysepoll,1,1,0,0,1,0,2,1,17876,42958,30170,33282,10078,8681,51548,1081,3626,17908,0,15263,1,65292,1,0,1,1,1695,data_4threads_10connections_30s_False
writev,1,linux-sysepoll,1,1,1,0,1,0,2,1,17876,28926,30170,33282,10078,8681,31794,1081,3626,17908,6,15263,1,65292,1,1,1,1,2065,data_4threads_10connections_30s_False
write,1,linux-sysepoll,1,1,0,0,1,0,2,1,26876,56532,30170,33282,10078,8681,8855,1081,3626,60937,6,44568,1,65292,1,0,0,1,1695,data_4threads_10connections_30s_False
writev,1,linux-sysepoll,1,1,0,0,1,0,2,1,34364,47043,30170,37514,10078,8681,8855,1081,40975,60937,6,15263,1,65292,1,1,1,0,1695,data_4threads_10connections_30s_False
writev,0,linux-sysepoll,1,1,0,0,1,0,2,1,17876,56532,35439,33282,24770,48379,20957,5965,11516,60937,1,46420,1,7286,0,1,1,0,1695,data_4threads_10connections_30s_False
write,1,linux-sysepoll,1,1,0,0,1,0,2,1,17876,59019,20984,31821,531,56080,51548,5965,11516,60937,11,7357,1,7286,1,1,1,1,1104,data_4threads_10connections_30s_False
sendfile,0,linux-sysepoll,0,1,0,0,1,0,0,2,45043,34805,35485,24331,10078,56080,51548,5965,11516,60937,11,46420,1,7286,1,1,1,1,1104,data_4threads_10connections_30s_False
writev,0,linux-sysepoll,0,1,0,0,1,0,2,1,17876,59019,50580,31821,10078,56080,51548,5965,11516,60937,11,46420,1,55007,1,1,0,1,1104,data_4threads_10connections_30s_False
sendfile,0,linux-sysepoll,1,0,0,0,1,0,2,1,17876,59019,50580,31821,10078,56080,51548,5965,8487,60937,13,30625,1,7286,1,1,1,0,1104,data_4threads_10connections_30s_False
sendfile,0,linux-sysepoll,0,1,0,0,1,0,0,2,45043,34805,35485,24331,10078,56080,51548,5965,11516,60937,11,46420,1,7286,1,1,1,1,1104,data_8threads_300connections_120s_False
write,1,linux-sysepoll,1,1,0,0,1,0,2,1,17876,59019,20984,31821,531,56080,51548,5965,11516,60937,11,7357,1,7286,1,1,1,1,1104,data_8threads_300connections_120s_False
writev,0,linux-sysepoll,0,1,0,0,1,0,2,1,17876,59019,50580,31821,10078,56080,51548,5965,11516,60937,11,46420,1,55007,1,1,0,1,1104,data_8threads_300connections_120s_False
writev,0,linux-sysepoll,1,1,0,0,1,0,2,1,17876,56532,35439,33282,24770,48379,20957,5965,11516,60937,1,46420,1,7286,0,1,1,1,1104,data_8threads_300connections_120s_False
writev,0,linux-sysepoll,0,1,0,0,1,0,2,1,17876,59019,50580,31821,10078,56080,51548,5965,11516,60937,11,46420,1,7286,1,1,1,0,1104,data_8threads_300connections_120s_False
sendfile,0,linux-sysepoll,1,0,0,0,1,0,2,1,17876,59019,50580,31821,10078,56080,51548,5965,8487,60937,13,30625,1,7286,1,1,1,0,1104,data_8threads_300connections_120s_False
writev,1,linux-sysepoll,1,1,0,0,1,0,2,1,31651,59019,50580,31821,10078,56080,51548,7126,11516,60937,11,46420,1,32030,1,1,1,0,1104,data_8threads_300connections_120s_False
writev,0,linux-sysepoll,0,1,0,1,1,0,2,1,17876,59019,50580,31821,10078,56080,51548,5965,11516,46185,11,25715,1,57633,1,1,1,1,1370,data_8threads_300connections_120s_False
writev,0,linux-sysepoll,0,1,0,0,1,0,2,1,17876,59019,50580,31821,10078,56080,51548,5965,11516,31814,12,32538,1,59975,1,1,1,1,1104,data_8threads_300connections_120s_False
writev,0,linux-sysepoll,0,1,0,0,1,0,0,2,45043,34805,35485,25449,10078,56537,51548,5965,11516,60937,7,46420,1,7286,1,1,1,1,1104,data_8threads_300connections_120s_False
write,0,linux-sysepoll,1,1,0,0,1,0,2,1,17876,56532,35439,33282,24770,48379,20957,5965,11516,31814,11,32538,1,59975,1,1,1,1,1104,data_8threads_300connections_120s_False
sendfile,0,linux-sysepoll,1,0,0,0,1,0,2,1,9243,59019,20984,31821,531,56080,50230,5965,11516,60937,11,7357,1,7286,1,1,1,1,1104,data_8threads_300connections_120s_False
writev,0,linux-sysepoll,1,1,0,0,1,0,2,1,17876,59019,50580,31821,10078,56080,51548,5965,11516,52514,11,46420,1,8635,1,1,1,1,1104,data_8threads_300connections_120s_False
writev,0,linux-sysepoll,0,1,0,0,1,0,2,1,17876,59019,50580,31821,10078,56080,51548,44853,45230,60373,12,16306,1,59975,1,1,1,1,1104,data_8threads_300connections_120s_False
writev,0,linux-sysepoll,0,1,0,0,1,0,2,1,17876,59019,50580,31821,14680,56080,51548,5965,15463,60937,11,46420,1,55007,1,1,1,0,361,data_8threads_300connections_120s_False
writev,0,linux-sysepoll,1,1,0,0,1,0,2,0,17876,56532,25906,31821,10078,56080,51548,27147,11516,60937,11,46420,1,55007,1,1,1,1,1443,data_8threads_300connections_120s_False
sendfile,0,linux-sysepoll,1,0,0,0,1,0,2,1,36805,59019,50580,31821,7907,56080,51548,5965,8487,60937,13,30625,1,7286,1,1,1,0,1104,data_8threads_300connections_120s_False
writev,0,linux-sysepoll,0,1,0,1,1,0,2,1,17876,59019,50580,21388,10078,56080,32879,29081,20075,46141,5,51705,1,61153,1,1,1,1,681,data_8threads_300connections_120s_False
writev,0,linux-sysepoll,0,1,0,0,1,0,2,1,17876,59019,50580,31821,10078,56080,51548,5965,11516,31814,12,16927,1,24080,1,1,1,1,1104,data_8threads_300connections_120s_False
writev,1,linux-sysepoll,1,1,0,0,1,0,2,1,31651,59019,35485,25449,24139,27854,51548,5965,11516,60937,7,46420,1,24888,1,1,1,1,1104,data_8threads_300connections_120s_False
write,1,libev,1,1,0,1,1,1,2,2,45043,34805,35485,22259,25245,41941,32879,29081,11516,60937,11,46420,1,7286,1,0,1,1,1104,data_8threads_300connections_60s_False
write,1,libev,1,1,0,1,1,1,2,2,45043,34805,35485,22259,25245,41941,32879,49668,11516,60937,4,46420,1,7286,1,0,1,1,2065,data_8threads_300connections_60s_False
writev,1,libev,1,1,0,1,1,1,2,2,45043,34805,35485,22259,25245,41941,32879,49668,11516,60937,4,46420,1,7286,1,0,1,1,2002,data_8threads_300connections_60s_False
write,1,linux-sysepoll,1,1,0,0,1,1,1,0,17876,35989,6680,31821,10078,56080,32879,29081,20075,46141,8,51705,1,61153,1,1,1,0,681,data_8threads_300connections_60s_False
write,0,linux-sysepoll,1,1,0,0,1,1,1,0,17876,35989,6680,31821,10078,56080,32879,29081,20075,46141,8,51705,1,61153,1,1,1,0,681,data_8threads_300connections_60s_False
write,0,linux-sysepoll,1,1,0,0,1,0,2,1,17876,59019,50580,31821,10078,56080,51548,5965,11516,60937,11,46420,1,7286,1,1,1,1,1104,data_8threads_300connections_60s_False
writev,1,linux-sysepoll,1,1,0,0,1,0,1,1,17876,42958,40933,33282,10078,8304,51548,1081,3626,17908,2,15263,1,11054,1,1,1,0,1695,data_8threads_300connections_60s_False
writev,1,linux-sysepoll,1,1,0,0,1,0,2,1,31651,59019,50580,31821,10078,56080,51548,7126,11516,60937,11,46420,1,32030,1,1,1,0,1104,data_8threads_300connections_60s_False
writev,1,linux-sysepoll,1,1,0,0,1,0,2,1,31651,59019,50580,31821,10078,56080,51548,7126,26800,46141,8,51705,1,61153,1,1,1,0,681,data_8threads_300connections_60s_False
writev,1,linux-sysepoll,1,1,1,1,1,0,2,1,17876,59019,20984,31821,10078,56080,51548,11402,11516,60937,11,46262,1,7286,1,1,1,1,1104,data_8threads_300connections_60s_False
writev,1,linux-sysepoll,1,1,0,0,1,0,2,1,31651,59019,50580,31821,10078,56080,51548,7126,11516,60937,11,46420,1,32030,1,1,1,0,1695,data_8threads_300connections_60s_False
write,0,linux-sysepoll,1,1,0,0,0,0,2,1,17876,59019,50580,31821,10078,56080,51548,5965,11516,60937,11,46420,0,7286,1,1,1,1,53,data_8threads_300connections_60s_False
writev,0,linux-sysepoll,1,1,0,0,1,0,2,1,31651,59019,50580,31821,10078,18602,51548,23407,26800,46141,8,51705,1,61153,1,1,1,0,681,data_8threads_300connections_60s_False
writev,1,linux-sysepoll,1,1,0,0,1,0,2,1,31651,59019,34613,31821,10078,56080,51548,7126,11516,60937,11,46420,1,32030,1,1,0,0,633,data_8threads_300connections_60s_False
writev,1,linux-sysepoll,1,1,0,0,1,0,2,1,31651,59019,50580,31821,10078,56080,17290,7126,62767,14056,11,46262,1,7286,1,1,1,1,1104,data_8threads_300connections_60s_False
write,0,linux-sysepoll,1,1,0,0,1,0,1,1,17876,42958,40933,33282,10078,8304,51548,1081,3626,17908,2,15263,1,11054,1,1,1,0,1695,data_8threads_300connections_60s_False
write,0,linux-sysepoll,1,1,1,1,1,0,2,1,17876,59019,20984,31821,10078,56080,51548,11402,11516,60937,11,46262,1,7286,1,1,1,1,1104,data_8threads_300connections_60s_False
write,1,linux-sysepoll,1,1,0,0,1,0,2,1,17876,59019,50580,31821,10078,56080,51548,5965,11516,60937,11,46420,1,7286,1,1,1,1,1104,data_8threads_300connections_60s_False
writev,1,linux-sysepoll,1,1,0,0,1,0,2,1,31651,59019,50580,31821,10078,56080,51548,7126,26800,46141,8,51705,1,32100,1,1,1,0,681,data_8threads_300connections_60s_False
write,0,linux-sysepoll,1,1,0,0,0,0,2,1,17876,59019,50580,31821,10078,56080,51548,5965,11516,60937,11,46420,1,7286,1,1,1,1,1104,data_8threads_300connections_60s_False
writev,1,select,1,1,0,0,1,0,0,2,17876,56532,35439,33282,24770,48379,20957,5965,13363,60937,1,46420,1,7286,0,0,1,1,1104,data_4threads_300connections_30s_True
writev,1,select,1,1,0,0,1,0,0,2,42243,56532,35439,33282,24770,48379,20957,47904,13363,60937,1,46420,1,7286,0,0,1,1,1104,data_4threads_300connections_30s_True
writev,0,linux-sysepoll,0,1,1,0,1,0,0,1,17876,59019,50580,31821,10078,56080,51548,47674,11516,60937,11,23817,1,11820,1,1,0,0,642,data_4threads_300connections_30s_True
writev,0,linux-sysepoll,0,1,1,0,1,0,0,1,17876,14713,50580,31821,10078,26043,51548,5965,11516,60937,11,27456,1,38133,1,1,1,0,1230,data_4threads_300connections_30s_True
writev,0,linux-sysepoll,0,1,1,0,1,0,0,1,17876,59019,50580,31821,10078,56080,51548,47674,11516,60937,5,23817,1,11820,1,0,0,0,642,data_4threads_300connections_30s_True
writev,0,linux-sysepoll,0,1,1,0,1,0,1,1,17876,14713,50580,31821,10078,26043,51548,5965,11516,60937,11,9040,1,38133,1,0,1,0,1230,data_4threads_300connections_30s_True
writev,0,linux-sysepoll,0,1,1,0,1,0,2,1,17876,59019,50580,13957,10078,8681,8855,1081,3626,60937,6,15263,0,65292,1,1,1,0,215,data_4threads_300connections_30s_True
writev,0,linux-sysepoll,0,1,1,0,1,0,0,1,17876,59019,50580,31821,10078,56080,51548,5965,11516,60937,11,51948,1,38133,1,1,1,0,1230,data_4threads_300connections_30s_True
writev,0,linux-sysepoll,0,1,0,0,0,0,1,1,17876,14713,50580,31821,10078,26043,51548,47674,11516,60937,11,23817,1,11820,1,1,0,0,642,data_4threads_300connections_30s_True
sendfile,0,linux-sysepoll,1,0,0,0,1,0,2,2,17876,59019,50580,31821,10078,8681,8855,1081,3626,60937,6,15263,1,65292,1,1,1,1,1676,data_4threads_300connections_30s_True
sendfile,0,linux-sysepoll,1,0,0,0,1,0,2,2,21453,59019,50580,31821,10078,8681,8855,27345,3626,22281,6,15263,0,65292,0,1,1,1,1676,data_4threads_300connections_30s_True
writev,1,select,1,0,0,1,1,1,2,2,25700,2763,8648,4015,11690,46190,5558,48641,22901,18221,11,25715,1,57633,1,1,1,1,2171,data_4threads_300connections_30s_True
writev,1,select,1,0,0,1,1,1,2,2,25700,2763,8648,4015,11690,46190,5558,48641,49820,18221,11,25715,1,57633,1,1,0,1,2405,data_4threads_300connections_30s_True
sendfile,0,linux-sysepoll,1,1,1,0,1,1,2,2,17876,59019,50580,31821,10078,8681,8855,1081,3626,60937,13,30625,1,42998,1,1,1,1,1104,data_4threads_300connections_30s_True
writev,0,linux-sysepoll,0,1,1,0,1,0,0,1,17876,59019,50580,31821,10078,56080,51548,5965,11516,60937,11,46420,1,7286,1,1,1,1,642,data_4threads_300connections_30s_True
writev,1,linux-sysepoll,0,1,0,0,1,0,2,0,17876,59019,50580,31821,10078,56080,51548,5965,11516,60937,13,30625,1,7286,1,1,1,0,1104,data_4threads_300connections_30s_True
writev,1,linux-sysepoll,0,1,0,0,1,0,2,1,17876,42958,30170,33282,10078,55063,51548,1081,57002,17908,6,15263,1,65292,1,1,1,1,1695,data_4threads_300connections_30s_True
writev,0,linux-sysepoll,1,0,1,0,1,0,1,1,17876,59019,50580,31821,10078,56080,58595,27973,11516,60937,11,23817,1,11820,1,1,1,1,642,data_4threads_300connections_30s_True
writev,0,linux-sysepoll,1,1,0,0,1,0,2,1,17876,42958,30170,33282,10078,8681,51548,1081,3626,17908,6,27456,1,38133,1,1,1,1,1230,data_4threads_300connections_30s_True
writev,0,linux-sysepoll,1,1,0,0,1,0,1,1,44325,59019,50580,31821,11737,56080,58595,27973,11516,60937,11,23817,1,11820,1,1,1,1,642,data_4threads_300connections_30s_True
writev,0,linux-sysepoll,0,1,0,1,1,0,2,1,17876,59019,50580,31821,10078,56080,51548,5965,11516,46185,11,25715,1,57633,1,1,1,1,1370,data_4threads_100connections_120s_False
sendfile,0,linux-sysepoll,1,0,0,0,1,0,2,1,17876,59019,50580,31821,10078,56080,51548,5965,8487,60937,13,30625,1,7286,1,1,1,0,1104,data_4threads_100connections_120s_False
writev,0,linux-sysepoll,1,1,0,0,1,0,2,1,17876,56532,35439,33282,24770,48379,20957,5965,11516,60937,1,46420,1,7286,0,1,1,1,1104,data_4threads_100connections_120s_False
writev,1,linux-sysepoll,1,1,0,0,1,0,2,1,17876,59019,20984,31821,10078,56080,51548,5965,11516,60937,11,46420,1,7286,1,1,1,1,1104,data_4threads_100connections_120s_False
sendfile,0,linux-sysepoll,0,1,0,0,1,0,0,2,45043,34805,35485,24331,10078,56080,51548,5965,11516,60937,11,46420,1,7286,1,1,1,1,1104,data_4threads_100connections_120s_False
writev,1,linux-sysepoll,1,1,0,1,1,0,2,1,37068,59019,50580,31821,10078,56080,51548,5965,43661,60937,11,46420,1,7286,1,1,1,1,1104,data_4threads_100connections_120s_False
write,0,linux-sysepoll,1,1,0,0,1,0,2,1,17876,59019,50580,31821,10078,56080,51548,5965,11516,60937,11,46420,1,7286,1,1,1,1,1104,data_4threads_100connections_120s_False
writev,1,linux-sysepoll,1,1,0,0,1,0,2,1,31651,59019,50580,31821,10078,56080,51548,7126,11516,60937,11,46420,1,32030,1,1,1,0,1104,data_4threads_100connections_120s_False
writev,1,linux-sysepoll,1,1,0,0,1,0,1,1,17876,42958,40933,33282,10078,8304,51548,1081,3626,17908,2,15263,1,11054,1,1,1,0,1695,data_4threads_100connections_120s_False
write,0,linux-sysepoll,0,1,0,0,1,0,1,1,17876,59019,50580,31821,10078,56080,51548,5965,11516,60937,11,46420,1,17903,1,1,1,1,2163,data_4threads_100connections_120s_False
writev,1,linux-sysepoll,1,1,0,0,1,0,1,1,17876,42958,40933,33282,10078,8304,51548,1081,43661,60937,2,46420,1,7368,1,1,1,1,1104,data_4threads_100connections_120s_False
writev,1,linux-sysepoll,1,1,0,1,1,0,2,1,37068,59019,50580,31821,10078,56080,51548,5965,3626,17908,2,15263,0,11054,1,1,1,0,129,data_4threads_100connections_120s_False
writev,1,linux-sysepoll,1,1,0,0,1,0,2,1,31651,59019,50580,31821,10078,56080,51548,49827,8487,60937,13,30625,1,7286,1,1,1,0,1104,data_4threads_100connections_120s_False
writev,0,linux-sysepoll,1,1,0,0,1,0,2,0,31651,59019,35439,33282,24770,48379,20957,5965,11516,60937,14,46420,1,7286,0,1,1,1,1104,data_4threads_100connections_120s_False
writev,0,linux-sysepoll,1,1,0,0,1,0,2,1,17876,56532,50580,31821,10078,14529,51548,7126,11516,60937,11,46420,1,32030,0,1,1,1,1104,data_4threads_100connections_120s_False
writev,0,poll,1,1,0,0,1,0,1,1,17876,56532,35439,33282,24770,48379,20957,5965,11516,60937,1,42130,1,7286,0,1,1,1,1104,data_4threads_100connections_120s_False
writev,0,linux-sysepoll,1,1,0,0,1,0,2,1,17876,42958,12577,33282,10078,8304,51548,1081,3626,17908,2,15263,1,11054,1,1,1,0,1695,data_4threads_100connections_120s_False
write,0,linux-sysepoll,1,0,0,0,1,0,2,0,17876,59019,50580,31821,10078,56080,51548,5965,43661,60937,11,18045,1,7286,1,1,1,1,1104,data_4threads_100connections_120s_False
writev,1,linux-sysepoll,1,1,1,1,1,0,2,1,37068,59019,50580,31821,10078,56080,51548,5965,43661,60937,11,46420,1,7286,1,1,1,1,1370,data_4threads_100connections_120s_False
writev,0,linux-sysepoll,1,1,0,0,1,0,0,1,17876,56532,50580,31821,10078,14529,51548,7126,11516,60937,11,46420,1,32030,1,1,1,1,2163,data_4threads_100connections_120s_False
sendfile,1,linux-sysepoll,0,1,1,0,1,0,2,1,17876,59019,20984,31821,531,56080,51548,5965,11516,60937,11,46420,1,7286,1,1,1,0,642,data_4threads_10connections_60s_True
write,1,linux-sysepoll,1,1,0,0,1,0,2,1,17876,3142,30170,33282,10078,8681,8855,1081,3626,60937,6,15263,1,65292,1,0,1,1,1104,data_4threads_10connections_60s_True
write,1,linux-sysepoll,1,1,0,0,1,0,2,1,17876,56532,30170,33282,10078,8681,8855,1081,3626,60937,2,51705,1,3214,1,0,1,1,1104,data_4threads_10connections_60s_True
writev,1,linux-sysepoll,1,1,0,0,1,0,0,1,17876,42958,30170,33282,10078,8681,51548,1081,3626,17908,6,44782,1,65292,1,1,1,1,2426,data_4threads_10connections_60s_True
write,1,linux-sysepoll,1,1,0,0,1,0,2,1,17876,42958,30170,33282,10078,8681,51548,1081,3626,17908,6,15263,1,65292,1,1,1,1,1695,data_4threads_10connections_60s_True
writev,0,linux-sysepoll,1,1,0,0,1,0,2,1,17876,56532,35439,33282,24770,48379,20957,29081,20075,46141,14,51705,1,61153,1,0,1,1,681,data_4threads_10connections_60s_True
writev,1,linux-sysepoll,1,1,0,0,1,0,2,1,17876,28926,30170,33282,10078,8681,31794,1081,3626,17908,6,15263,1,65292,1,1,1,1,1695,data_4threads_10connections_60s_True
write,1,select,1,1,0,0,1,0,2,1,17876,56532,30170,33282,10078,8681,8855,1081,3626,60937,2,51705,1,7286,1,0,1,1,2065,data_4threads_10connections_60s_True
sendfile,1,linux-sysepoll,1,1,0,0,1,0,2,1,17876,56532,35439,33282,24770,48379,20957,29081,20075,46141,14,51705,1,61153,1,0,1,1,681,data_4threads_10connections_60s_True
writev,0,select,1,1,0,0,1,0,2,1,17876,56532,30170,33282,10078,8681,8855,1081,3626,60937,2,51705,1,7286,1,0,1,1,2065,data_4threads_10connections_60s_True
sendfile,1,linux-sysepoll,1,1,0,0,1,0,2,1,17876,56532,35439,33282,24770,48379,20957,29081,20075,29417,14,51705,0,61153,1,0,1,1,1695,data_4threads_10connections_60s_True
writev,1,linux-sysepoll,1,1,0,0,1,0,0,1,17876,28926,30170,33282,10078,8681,31794,1081,3626,17908,6,51705,1,61153,1,0,1,1,1695,data_4threads_10connections_60s_True
sendfile,1,linux-sysepoll,1,1,0,0,1,0,2,1,1265,56532,35439,33282,7605,48379,20957,29081,20075,29417,14,15263,0,65292,1,0,1,1,1695,data_4threads_10connections_60s_True
sendfile,1,linux-sysepoll,1,1,0,0,1,0,0,1,17876,32382,30170,33282,10078,2401,8855,1081,3626,8337,6,15263,1,65292,1,0,1,1,1104,data_4threads_10connections_60s_True
sendfile,1,linux-sysepoll,1,1,0,0,1,0,2,1,17876,28926,48260,33282,10078,8681,31794,1081,3626,17908,6,15263,1,65292,1,1,1,1,1695,data_4threads_10connections_60s_True
write,1,select,1,1,0,1,1,0,1,1,17876,56532,30170,33282,10078,8681,8855,1081,3626,60937,2,51705,1,65292,1,0,1,1,1695,data_4threads_10connections_60s_True
sendfile,1,linux-sysepoll,0,1,1,0,1,0,2,0,17876,56532,30170,33282,10078,8681,8855,1081,3626,60937,2,51705,1,3214,1,0,1,1,1104,data_4threads_10connections_60s_True
writev,0,linux-sysepoll,0,1,1,0,1,1,0,1,17876,59019,50580,31821,10078,56080,51548,5965,11516,60937,2,15263,1,11054,1,1,1,0,1695,data_4threads_10connections_60s_True
sendfile,1,linux-sysepoll,1,1,1,0,1,0,2,1,53710,59019,20984,31821,17567,1069,29684,5965,11516,60937,11,46420,1,7286,1,0,1,0,642,data_4threads_10connections_60s_True
writev,0,linux-sysepoll,0,1,0,0,1,0,2,1,17876,59019,50580,31821,10078,56080,51548,5965,11516,60937,11,46420,1,7286,1,1,1,0,1104,data_4threads_10connections_60s_True
sendfile,0,linux-sysepoll,0,1,0,0,1,0,0,2,45043,34805,35485,24331,10078,56080,51548,5965,11516,60937,11,46420,1,7286,1,1,1,1,1104,data_12threads_300connections_60s_True
writev,1,linux-sysepoll,1,1,0,0,1,0,1,1,17876,42958,40933,33282,10078,8304,51548,1081,3626,17908,2,15263,1,11054,1,1,1,0,1695,data_12threads_300connections_60s_True
writev,1,linux-sysepoll,1,1,0,0,1,1,2,1,17876,59019,30170,31821,10078,56080,51548,5965,11516,60937,11,46420,1,7286,1,1,1,1,1104,data_12threads_300connections_60s_True
writev,1,linux-sysepoll,1,1,0,0,1,0,1,2,17876,42958,40933,33282,10078,8304,51548,1081,3626,17908,2,15263,1,11054,1,1,1,0,1695,data_12threads_300connections_60s_True
writev,1,linux-sysepoll,1,1,0,0,1,1,2,1,17876,59019,30170,31821,10078,56080,51548,5965,26329,60937,11,46420,1,7286,1,1,1,1,1104,data_12threads_300connections_60s_True
writev,1,linux-sysepoll,1,1,0,0,1,1,2,1,17876,59019,30170,31821,10078,56080,51548,10954,11516,60937,11,43775,1,7286,1,1,1,1,1104,data_12threads_300connections_60s_True
writev,1,linux-sysepoll,1,1,0,0,0,1,2,1,17876,59019,30170,31821,10078,56080,51548,5965,11516,60937,11,46420,1,7286,1,1,1,1,1104,data_12threads_300connections_60s_True
writev,1,linux-sysepoll,1,1,0,0,1,0,2,1,17876,9857,30170,31821,10078,56080,51548,5965,26329,60937,11,46420,1,7286,1,1,1,1,1104,data_12threads_300connections_60s_True
sendfile,0,linux-sysepoll,1,1,0,1,1,0,0,1,45043,34805,35485,24331,10078,56080,51548,5965,11516,60937,11,46420,1,7286,1,1,1,1,1230,data_12threads_300connections_60s_True
writev,1,select,1,1,0,0,1,0,0,2,17876,56532,35439,33282,24770,48379,20957,5965,13363,60937,1,46420,1,7286,0,0,1,1,1104,data_12threads_300connections_60s_True
writev,1,select,1,0,0,1,1,1,2,2,25700,2763,8648,4015,22323,46190,5558,48641,22901,18221,11,25715,1,57633,1,0,1,1,2171,data_12threads_300connections_60s_True
writev,1,select,1,0,0,1,1,1,2,2,25700,2763,8648,4015,22323,46190,5558,48641,22901,4711,9,25715,1,57633,1,0,1,1,1750,data_12threads_300connections_60s_True
sendfile,0,linux-sysepoll,0,1,0,0,1,0,0,2,45043,34805,35485,24331,10078,56080,51548,5965,11516,60937,15,46420,1,7286,1,1,1,0,1360,data_12threads_300connections_60s_True
sendfile,0,linux-sysepoll,1,0,0,0,1,0,2,2,17876,59019,50580,31821,10078,8681,8855,1081,3626,60937,6,15263,1,65292,1,1,1,1,1676,data_12threads_300connections_60s_True
writev,1,linux-sysepoll,0,1,0,0,1,1,2,1,17876,59019,58761,20144,10078,8681,8855,1081,3626,60937,6,15263,1,65292,1,1,1,1,1676,data_12threads_300connections_60s_True
write,1,libev,1,1,0,1,1,1,0,2,45043,34805,35485,64516,16977,41941,769,5965,11516,60937,13,38091,1,7286,1,0,1,1,1473,data_12threads_300connections_60s_True
writev,1,linux-sysepoll,1,1,0,0,1,0,0,2,17876,56532,43565,33282,24770,48379,20957,5965,13363,60937,1,46420,1,7286,0,0,1,1,1104,data_12threads_300connections_60s_True
write,0,linux-sysepoll,1,0,0,1,1,1,2,2,25700,43165,8648,14592,22323,9180,5558,48641,22901,18221,11,27456,1,57633,1,1,1,0,1230,data_12threads_300connections_60s_True
write,1,libev,1,0,0,1,1,0,0,2,45043,34805,35485,64516,8029,46190,5558,48641,22901,34670,11,25715,1,57633,0,0,0,0,2171,data_12threads_300connections_60s_True
write,0,linux-sysepoll,0,1,0,0,1,0,2,1,17876,59019,30170,31821,10078,5136,51548,14813,11516,60937,11,46420,1,7286,1,0,1,1,1104,data_12threads_300connections_60s_True
writev,0,linux-sysepoll,1,1,0,0,1,0,2,1,17876,56532,35439,33282,24770,48379,20957,29081,20075,46141,14,51705,1,61153,1,0,1,1,681,data_4threads_10connections_120s_False
write,1,select,1,1,0,0,1,0,2,1,17876,56532,30170,33282,10078,8681,8855,1081,3626,60937,2,51705,1,7286,1,0,1,1,2065,data_4threads_10connections_120s_False
write,1,linux-sysepoll,1,1,0,0,1,0,2,1,55668,42958,30170,34980,10078,16403,51548,1081,3626,36445,6,15263,1,65292,1,0,1,1,1695,data_4threads_10connections_120s_False
writev,0,linux-sysepoll,1,1,0,0,1,0,2,1,17876,56532,35439,33282,24770,48379,20957,29081,20075,46141,14,51705,1,61153,1,0,1,1,2177,data_4threads_10connections_120s_False
write,1,linux-sysepoll,1,1,0,0,1,0,2,1,55668,42958,30170,34980,10078,16403,51548,1081,3626,36445,10,15263,1,65292,1,0,1,1,2177,data_4threads_10connections_120s_False
write,1,libev,0,1,0,0,1,0,2,0,63826,34805,35485,22259,25245,41941,17073,23929,20075,46141,14,63590,1,61153,0,0,1,0,1104,data_4threads_10connections_120s_False
write,0,select,0,0,1,0,1,0,2,1,17876,59019,20984,56464,21311,56080,51548,5965,11516,60937,11,46420,1,7286,1,1,1,1,28,data_4threads_10connections_120s_False
write,0,linux-sysepoll,0,1,0,0,1,0,1,0,63826,34805,35485,22259,25245,41941,29825,23929,20075,46141,14,51705,1,61153,1,0,1,1,1104,data_4threads_10connections_120s_False
write,0,linux-sysepoll,0,1,0,0,1,0,2,0,63826,34805,35485,22259,25245,41941,29825,23929,20075,46141,14,51705,1,61153,1,0,1,1,28,data_4threads_10connections_120s_False
write,0,linux-sysepoll,0,1,0,0,1,0,2,0,63826,34805,35485,22259,25245,41941,17073,23929,20075,46141,14,63590,1,61153,1,0,1,1,28,data_4threads_10connections_120s_False
writev,0,linux-sysepoll,0,1,0,0,1,0,1,2,17876,42958,40933,33282,10078,8304,51548,5965,11516,60937,11,46420,1,55482,1,1,1,1,1914,data_4threads_10connections_120s_False
write,0,linux-sysepoll,0,0,0,0,1,0,2,2,44316,34805,45694,15706,25245,5178,29825,23929,20075,46141,14,51705,1,61153,1,0,1,1,1104,data_4threads_10connections_120s_False
write,0,select,0,0,1,0,1,0,2,1,17876,59019,20984,31821,21311,56080,51548,5965,11516,60937,11,46420,1,7286,1,0,1,0,1104,data_4threads_10connections_120s_False
write,0,select,1,1,1,0,1,0,2,1,17876,56532,30170,33282,10078,8681,41580,1081,3626,60937,2,51705,1,7286,1,0,1,1,2065,data_4threads_10connections_120s_False
write,0,linux-sysepoll,0,0,0,0,1,0,2,1,17876,59019,30170,31821,10078,56080,51548,5965,11516,60937,5,46420,1,65237,0,1,0,0,2177,data_4threads_10connections_120s_False
sendfile,0,linux-sysepoll,1,0,0,0,1,0,2,2,17876,59019,50580,31821,10078,8681,8855,1081,3626,60937,6,15263,1,65292,1,1,1,1,1676,data_4threads_10connections_120s_False
write,1,linux-sysepoll,1,1,0,0,1,0,2,1,17876,59019,20984,31821,531,56080,51548,5965,11516,60937,11,7357,1,7286,1,1,1,1,1104,data_4threads_10connections_120s_False
sendfile,0,linux-sysepoll,1,0,0,0,1,0,2,1,17876,59019,50580,31821,10078,56080,51548,5965,8487,60937,13,30625,1,7286,1,1,1,0,1104,data_4threads_10connections_120s_False
writev,1,linux-sysepoll,1,1,0,0,1,1,2,1,17876,59019,30170,31821,10078,56080,51548,5965,11516,60937,11,46420,1,7286,1,1,1,1,1104,data_4threads_10connections_120s_False
writev,0,linux-sysepoll,1,1,0,0,1,0,2,1,17876,56532,35439,33282,24770,48379,20957,5965,11516,60937,1,46420,1,7286,0,1,1,1,1104,data_4threads_10connections_120s_False
writev,1,linux-sysepoll,1,1,0,0,1,0,0,1,17876,42958,30170,33282,10078,8681,51548,1081,3626,17908,6,44782,1,65292,1,1,1,1,2426,data_8threads_10connections_60s_False
write,1,linux-sysepoll,1,1,0,0,1,0,2,1,17876,3142,30170,33282,10078,8681,8855,1081,3626,60937,6,15263,1,65292,1,0,1,1,1104,data_8threads_10connections_60s_False
writev,0,select,1,1,0,0,1,0,2,1,17876,56532,30170,33282,10078,8681,8855,1081,3626,60937,2,51705,1,7286,1,0,1,1,2065,data_8threads_10connections_60s_False
writev,1,linux-sysepoll,1,1,0,0,1,0,1,1,17876,42958,40933,33282,10078,8304,51548,1081,3626,60937,2,7374,1,7286,1,0,1,1,2065,data_8threads_10connections_60s_False
writev,1,linux-sysepoll,1,1,0,1,1,0,0,1,17876,42958,30170,33282,10078,8681,8855,1081,3626,60937,2,51705,1,7286,1,0,1,1,2065,data_8threads_10connections_60s_False
writev,1,linux-sysepoll,1,0,0,0,1,0,1,1,17876,42958,40933,33282,10078,8304,51548,1081,3626,60937,11,46420,1,7286,1,0,1,1,1104,data_8threads_10connections_60s_False
write,1,poll,1,1,1,0,1,0,2,1,58005,59019,20984,44306,10078,56080,51548,5965,29411,60937,11,46420,1,7286,1,1,1,1,1104,data_8threads_10connections_60s_False
write,1,poll,1,1,1,0,1,0,2,2,58005,59019,20984,44306,10078,56080,51548,5965,29411,60937,11,46420,1,7286,1,1,1,1,2426,data_8threads_10connections_60s_False
write,1,libev,0,1,0,0,1,0,2,0,63826,34805,35485,22259,25245,41941,17073,23929,20075,46141,14,63590,1,61153,0,0,1,0,1104,data_8threads_10connections_60s_False
writev,1,select,1,1,0,0,1,0,0,2,17876,56532,35439,33282,24770,48379,20957,5965,13363,60937,1,46420,1,7286,0,0,1,1,1104,data_8threads_10connections_60s_False
write,0,libev,1,1,0,1,1,0,2,2,45043,34805,35485,22259,25245,41941,32879,49668,11516,16405,15,46420,1,7286,1,0,1,1,2065,data_8threads_10connections_60s_False
write,1,libev,1,1,0,1,1,1,2,2,45043,34805,35485,22259,25245,41941,32879,49668,11516,60937,4,46420,1,7286,1,0,1,1,2065,data_8threads_10connections_60s_False
write,1,linux-sysepoll,1,1,1,1,1,0,2,1,17876,3142,30170,57258,10078,8681,8855,1081,29845,60937,2,51705,1,7286,1,0,0,0,2065,data_8threads_10connections_60s_False
write,0,linux-sysepoll,0,1,0,0,1,0,2,1,17876,59019,51258,31821,10078,5136,51548,65441,11516,60937,11,46420,1,7286,1,1,1,1,1104,data_8threads_10connections_60s_False
writev,0,linux-sysepoll,0,1,0,0,1,0,2,1,17876,61050,32087,31821,12450,5136,51548,65441,11516,60937,11,46420,0,7286,1,1,1,1,2426,data_8threads_10connections_60s_False
writev,1,linux-sysepoll,0,1,0,0,1,0,2,0,17876,42958,30170,33282,16104,8681,51548,65441,11516,60937,11,46420,1,7286,1,1,1,1,1104,data_8threads_10connections_60s_False
write,0,linux-sysepoll,0,1,0,0,1,0,1,1,17876,59019,51258,31821,10078,5136,51548,65441,11516,60937,6,15263,1,248,0,0,1,1,1104,data_8threads_10connections_60s_False
write,0,linux-sysepoll,0,1,0,0,1,0,2,1,17876,59019,51258,31821,10078,5136,51548,65441,11516,60937,11,51705,1,61153,1,0,1,0,681,data_8threads_10connections_60s_False
writev,1,linux-sysepoll,1,1,0,0,1,1,2,1,17876,59019,30170,31821,10078,56080,51548,5965,26329,60937,11,46420,1,7286,1,1,1,1,1104,data_8threads_10connections_60s_False
write,1,linux-sysepoll,1,1,1,0,1,0,2,1,17876,59019,33005,31821,531,56080,51548,5965,11516,60937,11,39568,1,7286,1,1,1,1,1104,data_8threads_10connections_60s_False
writev,1,linux-sysepoll,0,1,0,1,1,0,1,2,17876,56532,212,33282,24770,18015,20957,5965,8487,60937,13,37160,1,7286,1,1,1,0,1104,data_4threads_100connections_30s_True
sendfile,0,linux-sysepoll,0,0,0,0,1,1,2,1,17876,59019,50580,31821,10078,56080,51548,5965,11516,60937,11,46420,1,57633,1,1,1,1,350,data_4threads_100connections_30s_True
sendfile,0,linux-sysepoll,0,0,0,0,1,1,2,1,17876,59019,50580,31821,23949,9443,51548,5965,11516,60937,11,46420,1,57633,1,1,1,1,350,data_4threads_100connections_30s_True
writev,1,linux-sysepoll,0,0,1,0,1,1,0,1,32884,3241,6728,31821,10078,57092,51548,47674,11516,60937,11,46420,1,11820,1,1,1,0,642,data_4threads_100connections_30s_True
writev,1,linux-sysepoll,1,1,0,1,1,0,0,2,17876,56532,212,33282,24770,18015,20957,5965,8487,60937,13,37160,1,7286,1,1,1,0,1104,data_4threads_100connections_30s_True
writev,1,select,1,0,0,0,1,0,0,2,31651,59019,50580,31821,17254,56080,51548,5965,11516,41130,11,21995,1,57633,0,0,1,0,350,data_4threads_100connections_30s_True
sendfile,0,libev,1,0,1,0,1,0,2,1,17876,59019,20984,31821,10078,56080,51548,10697,48784,60937,8,62282,1,7286,0,0,1,1,1104,data_4threads_100connections_30s_True
writev,1,select,0,1,0,0,1,0,0,2,17876,56532,35439,33282,24770,48379,20957,5965,13363,40121,1,43068,1,7286,1,0,1,1,1104,data_4threads_100connections_30s_True
writev,1,select,0,1,0,0,1,0,0,2,17876,56532,35439,33282,21273,48379,20957,37522,13363,40121,13,43068,1,7286,1,0,0,1,421,data_4threads_100connections_30s_True
writev,1,select,1,1,0,0,1,0,0,2,17876,56532,35439,33282,24770,48379,20957,5965,13363,60937,1,46420,1,7286,0,0,1,1,1104,data_4threads_100connections_30s_True
writev,1,linux-sysepoll,1,1,0,0,1,0,2,1,31651,59019,50580,31821,10078,56080,51548,7126,26800,46141,8,51705,1,61153,1,1,1,0,681,data_4threads_100connections_30s_True
sendfile,0,linux-sysepoll,0,1,0,0,1,0,0,2,45043,34805,35485,24331,10078,56080,51548,5965,11516,60937,11,46420,1,7286,1,1,1,1,1104,data_4threads_100connections_30s_True
sendfile,0,linux-sysepoll,1,0,0,0,1,0,2,1,17876,59019,50580,31821,10078,56080,51548,5965,8487,60937,13,30625,1,7286,1,1,1,0,1104,data_4threads_100connections_30s_True
sendfile,0,linux-sysepoll,1,1,0,1,1,0,0,1,45043,34805,35485,24331,10078,56080,51548,5965,11516,60937,11,46420,1,7286,1,1,1,1,1230,data_4threads_100connections_30s_True
writev,0,linux-sysepoll,0,1,0,0,1,0,2,1,17876,59019,50580,31821,10078,56080,51548,5965,11516,31814,12,32538,1,59975,1,1,1,1,1104,data_4threads_100connections_30s_True
writev,0,linux-sysepoll,0,1,0,1,1,0,2,1,17876,59019,50580,31821,10078,56080,51548,5965,11516,46185,11,25715,1,57633,1,1,1,1,1370,data_4threads_100connections_30s_True
sendfile,0,linux-sysepoll,1,0,0,0,1,0,2,1,17876,59019,50580,31821,10078,56080,51548,5965,11516,60937,11,46420,1,11820,1,1,1,0,642,data_4threads_100connections_30s_True
write,0,linux-sysepoll,1,1,1,0,1,0,2,1,17876,59019,20984,31821,10078,56080,51548,11402,11516,60937,11,62282,1,7286,1,0,1,1,1104,data_4threads_100connections_30s_True
writev,1,linux-sysepoll,1,1,0,0,1,0,2,1,31651,59019,50580,31821,17254,56080,51548,5965,11516,46185,11,25715,1,57633,1,1,1,1,350,data_4threads_100connections_30s_True
writev,0,linux-sysepoll,0,1,0,0,1,0,2,1,17876,59019,50580,31821,10078,56080,51548,7126,26800,46141,8,51705,1,61153,1,1,1,0,681,data_4threads_100connections_30s_True
sendfile,1,linux-sysepoll,0,1,1,0,1,0,2,1,17876,59019,20984,31821,531,56080,51548,5965,11516,60937,11,46420,1,7286,1,1,1,0,1104,data_8threads_10connections_120s_False
sendfile,1,linux-sysepoll,0,1,1,0,1,0,2,1,17876,59019,30170,55872,10078,56080,51548,47626,11516,60937,11,46420,1,7286,1,1,1,0,727,data_8threads_10connections_120s_False
sendfile,1,linux-sysepoll,0,1,1,0,1,0,2,1,17876,59019,30170,55872,10078,56080,36078,47626,11516,60937,11,46420,1,7286,1,1,1,0,1104,data_8threads_10connections_120s_False
sendfile,1,linux-sysepoll,1,1,1,0,1,0,2,1,17876,59019,30170,55872,16078,56080,51548,58242,11516,60937,11,46420,1,7286,1,1,1,0,727,data_8threads_10connections_120s_False
writev,1,linux-sysepoll,1,0,0,0,1,0,1,1,17876,42958,40933,33282,10078,8304,51548,1081,3626,60937,11,46420,1,7286,1,0,1,1,1104,data_8threads_10connections_120s_False
writev,1,linux-sysepoll,1,1,0,0,1,0,2,1,17876,42958,30170,33282,10078,8681,51548,1081,3626,17908,2,51705,1,3214,1,0,1,1,1104,data_8threads_10connections_120s_False
writev,1,linux-sysepoll,1,1,0,0,0,0,2,1,20087,59019,30170,28406,30962,37576,17324,5965,52143,60937,11,46420,1,7286,1,0,1,1,2171,data_8threads_10connections_120s_False
writev,1,linux-sysepoll,1,1,0,0,1,0,2,1,17876,42958,30170,33282,10078,20374,26260,1081,3626,17908,2,46420,1,16636,1,1,1,0,1104,data_8threads_10connections_120s_False
write,1,libev,0,1,0,0,1,0,2,0,63826,34805,35485,22259,25245,41941,17073,23929,20075,46141,14,63590,1,61153,0,0,1,0,1104,data_8threads_10connections_120s_False
write,1,select,1,0,0,1,1,1,2,2,25700,2763,8648,14592,22323,46190,5558,48641,22901,18221,11,27456,1,57633,1,1,1,0,1230,data_8threads_10connections_120s_False
write,1,select,1,0,0,1,1,1,2,2,25700,2763,8648,14592,22323,46190,24527,48641,22901,18221,11,27456,1,57633,1,0,1,0,1104,data_8threads_10connections_120s_False
write,1,select,1,0,0,1,1,1,2,2,61207,2763,8648,14592,22323,46190,5558,48641,22901,18221,11,27456,0,57633,1,1,1,0,1230,data_8threads_10connections_120s_False
write,1,select,1,0,0,1,1,1,2,1,25700,2763,8648,14592,22323,46190,5558,48641,22901,18221,11,27456,1,57633,1,1,1,0,1749,data_8threads_10connections_120s_False
write,1,select,1,0,0,1,1,1,2,2,25700,2763,8648,14592,22323,46190,5558,48641,22901,18221,11,27456,1,57633,1,0,1,0,727,data_8threads_10connections_120s_False
write,1,select,1,0,0,1,1,1,2,1,25700,49891,8648,14592,22323,63298,5558,48641,22901,18221,11,27456,1,57981,1,1,1,0,1749,data_8threads_10connections_120s_False
writev,0,select,0,1,0,0,1,1,2,1,25700,54835,8648,4015,11690,10575,5558,48641,47286,64793,11,25715,1,18991,1,1,1,0,2171,data_8threads_10connections_120s_False
writev,1,linux-sysepoll,1,0,0,0,1,0,2,1,17876,42958,30170,33282,10078,8681,51548,1081,47696,17908,2,51705,1,3214,0,0,1,1,1104,data_8threads_10connections_120s_False
write,1,select,0,1,0,1,1,0,2,1,17587,59019,30170,55872,10078,56080,51548,47626,11516,60937,11,8399,1,7286,1,1,1,0,727,data_8threads_10connections_120s_False
write,0,linux-sysepoll,0,1,0,0,1,0,1,1,17876,59019,50580,31821,10078,56080,51548,5965,11516,60937,11,46420,1,17903,1,1,1,1,2163,data_8threads_10connections_120s_False
writev,0,linux-sysepoll,1,1,0,0,1,0,2,1,17876,56532,35439,33282,24770,48379,20957,5965,11516,60937,1,46420,1,7286,0,1,1,1,1104,data_8threads_10connections_120s_False
writev,1,linux-sysepoll,0,1,0,0,1,0,0,1,17876,59019,30170,31821,10078,56080,51548,5965,11516,60937,11,46420,1,7286,1,1,1,1,1104,data_8threads_300connections_10s_False
write,0,linux-sysepoll,0,1,0,0,1,0,1,1,17876,59019,50580,31821,10078,56080,51548,5965,11516,60937,11,46420,1,17903,1,1,1,1,2163,data_8threads_300connections_10s_False
writev,0,linux-sysepoll,0,1,0,0,1,0,2,1,17876,59019,50580,31821,10078,56080,51548,5965,11516,60937,11,46420,1,7286,1,1,1,0,1104,data_8threads_300connections_10s_False
writev,0,linux-sysepoll,1,1,0,0,1,0,2,1,17876,56532,35439,33282,24770,48379,20957,5965,11516,60937,1,46420,1,7286,0,1,1,1,1104,data_8threads_300connections_10s_False
writev,1,linux-sysepoll,0,1,0,0,1,0,2,0,17876,59019,50580,10375,10078,56080,51548,5965,50414,60937,7,46420,1,7286,0,1,1,1,1370,data_8threads_300connections_10s_False
writev,1,linux-sysepoll,1,1,0,0,1,0,2,1,31651,59019,50580,31821,10078,56080,51548,7126,26800,46141,8,51705,1,61153,1,1,1,0,681,data_8threads_300connections_10s_False
writev,0,linux-sysepoll,0,1,0,0,1,0,0,1,17876,28955,30170,31821,10078,34863,51548,5965,11516,60937,11,46420,1,7286,1,1,1,1,1104,data_8threads_300connections_10s_False
writev,0,linux-sysepoll,1,1,0,0,1,0,2,1,17876,56532,53991,33282,24770,14460,20957,5965,11516,60937,1,46420,1,7286,0,1,1,0,1370,data_8threads_300connections_10s_False
writev,0,linux-sysepoll,1,1,0,0,0,0,2,2,10810,59019,26356,31821,10078,5136,51548,14813,11516,60937,11,46420,1,7286,1,1,1,1,1104,data_8threads_300connections_10s_False
writev,0,linux-sysepoll,1,1,0,0,0,0,2,1,17876,59019,20984,31821,531,56080,51548,10154,11516,60937,7,61761,1,6246,1,1,1,0,642,data_8threads_300connections_10s_False
writev,0,linux-sysepoll,1,1,0,0,1,0,2,1,17876,59019,20984,31821,531,56080,51548,10154,11516,60937,7,61761,1,6246,1,1,1,1,2163,data_8threads_300connections_10s_False
writev,0,linux-sysepoll,1,1,0,0,1,0,1,1,17876,59019,20984,31821,531,56080,55696,10154,11516,60937,7,11372,1,31871,1,1,1,0,681,data_8threads_300connections_10s_False
writev,0,linux-sysepoll,1,1,0,0,1,0,2,1,31651,59019,18544,10291,10078,56080,51548,7126,26800,46141,8,61761,1,6246,1,1,1,0,642,data_8threads_300connections_10s_False
write,0,linux-sysepoll,0,1,0,0,1,0,2,1,17876,59019,30170,31821,10078,56080,51548,5965,11516,60937,11,46420,1,17903,1,1,1,1,2163,data_8threads_300connections_10s_False
writev,0,linux-sysepoll,1,1,0,1,1,0,2,1,31651,59019,18544,31821,10078,56080,51548,5965,11516,60937,11,46420,1,17903,1,1,1,1,2163,data_8threads_300connections_10s_False
write,0,linux-sysepoll,1,1,0,0,1,0,2,2,10810,42317,26356,31821,10078,5136,51548,14813,11516,61348,11,4440,1,7286,1,1,1,1,1104,data_8threads_300connections_10s_False
writev,0,linux-sysepoll,1,1,0,0,1,0,2,1,31651,59019,18544,10291,10078,56080,51548,7126,26800,46141,8,51705,1,61153,1,1,0,1,681,data_8threads_300connections_10s_False
writev,0,linux-sysepoll,0,1,0,0,1,0,2,1,36832,59019,50580,31821,10078,56080,51548,5965,11516,60937,11,46420,1,17903,1,1,0,1,2163,data_8threads_300connections_10s_False
writev,1,linux-sysepoll,1,1,1,0,1,0,2,1,31651,59019,50580,31821,10078,56080,51548,7126,26800,46141,8,12978,1,61153,1,1,1,1,2163,data_8threads_300connections_10s_False
writev,0,linux-sysepoll,1,1,0,0,1,0,1,1,17876,59019,20984,31821,531,56080,46230,10154,11516,60937,7,11372,1,31871,1,0,1,0,681,data_8threads_300connections_10s_False
write,1,libev,0,1,0,0,1,0,2,0,63826,34805,35485,22259,25245,41941,17073,23929,20075,46141,14,63590,1,61153,0,0,1,0,1104,data_8threads_10connections_60s_True
write,1,libev,0,1,0,0,1,0,2,0,63826,34805,35485,22259,25245,41941,17073,23929,20075,46141,3,63590,1,61153,0,0,1,0,1104,data_8threads_10connections_60s_True
write,1,libev,0,1,0,0,1,0,2,0,63826,34805,35485,22259,25245,13088,17073,23929,23427,46141,14,63590,1,61153,0,0,1,0,1104,data_8threads_10connections_60s_True
write,1,select,1,0,0,0,1,0,2,1,17876,56532,30170,33282,10078,6869,12782,1081,3626,60937,2,63590,1,61153,0,0,1,0,1104,data_8threads_10connections_60s_True
write,0,linux-sysepoll,0,1,1,0,1,0,2,1,8212,59019,20984,44306,10078,56080,51548,5965,29411,60937,11,46420,1,7286,0,1,1,1,549,data_8threads_10connections_60s_True
write,1,linux-sysepoll,1,1,0,0,1,0,2,1,55668,42958,30170,34980,10078,16403,51548,1081,3626,36445,10,15263,1,65292,1,0,1,1,2177,data_8threads_10connections_60s_True
write,1,select,1,1,0,0,1,0,2,1,17876,56532,30170,33282,10078,8681,8855,1081,3626,60937,2,51705,1,7286,1,0,1,1,2065,data_8threads_10connections_60s_True
writev,1,linux-sysepoll,1,1,0,1,1,0,0,1,17876,42958,30170,33282,10078,8681,8855,1081,3626,60937,2,51705,1,7286,1,0,1,1,2065,data_8threads_10connections_60s_True
write,1,linux-sysepoll,1,1,0,0,1,0,2,1,17876,59019,30170,31821,10078,8681,8855,1081,3626,60937,2,6342,1,7286,0,0,1,1,1104,data_8threads_10connections_60s_True
write,1,select,1,1,0,0,1,0,2,1,17876,56532,30170,33282,10078,8681,8855,1081,3626,60937,2,51705,1,7286,0,0,1,1,1104,data_8threads_10connections_60s_True
write,1,select,1,1,0,0,1,0,2,1,17876,56532,30170,33282,10078,8681,8855,27823,3626,60937,2,51705,1,7286,0,0,1,1,1104,data_8threads_10connections_60s_True
write,1,poll,1,1,1,0,1,0,2,2,58005,59019,20984,44306,10078,56080,51548,5965,29411,60937,11,46420,1,7286,1,1,1,1,2426,data_8threads_10connections_60s_True
write,0,linux-sysepoll,0,1,0,0,1,0,2,0,63826,34805,35485,22259,25245,41941,17073,23929,20075,46141,14,63590,1,61153,1,0,1,1,28,data_8threads_10connections_60s_True
writev,1,linux-sysepoll,1,1,0,0,0,1,2,1,17876,59019,30170,31821,10078,56080,51548,5965,11516,60937,11,46420,1,7286,1,1,1,1,1104,data_8threads_10connections_60s_True
sendfile,0,linux-sysepoll,1,0,0,0,1,0,2,1,17876,59019,50580,31821,10078,56080,51548,5965,8487,60937,13,30625,1,7286,1,1,1,0,1104,data_8threads_10connections_60s_True
writev,1,linux-sysepoll,1,0,0,0,1,0,2,2,17876,59019,50580,31821,10078,56080,51548,11402,11516,60937,11,46420,1,7286,1,1,1,1,1214,data_8threads_10connections_60s_True
write,1,linux-sysepoll,1,1,0,0,1,0,2,1,17876,59019,30170,31821,10078,56080,51548,5965,11516,60937,11,46420,1,7286,1,1,1,1,1104,data_8threads_10connections_60s_True
writev,1,linux-sysepoll,1,1,1,1,1,0,2,1,17876,59019,20984,31821,10078,56080,51548,11402,11516,60937,11,46262,1,7286,1,1,1,1,1104,data_8threads_10connections_60s_True
write,1,linux-sysepoll,1,1,0,0,1,0,2,1,17876,59019,30170,31821,10078,28256,51548,5965,11516,60937,11,46420,1,7286,1,1,1,1,1104,data_8threads_10connections_60s_True
sendfile,0,linux-sysepoll,1,0,0,0,1,0,2,1,17876,59019,20984,44306,10078,56080,51548,10960,29411,60937,11,46420,1,7286,1,1,1,1,2426,data_8threads_10connections_60s_True
write,1,linux-sysepoll,1,0,0,1,1,1,2,0,17876,59019,212,33282,5713,18015,20957,5965,8487,60937,13,37160,1,7286,0,0,0,0,1104,data_4threads_300connections_30s_False
write,1,linux-sysepoll,1,0,0,1,1,1,2,0,17876,59019,212,33282,5713,18015,20957,11204,8487,60937,13,37160,1,7286,0,0,0,0,1104,data_4threads_300connections_30s_False
writev,0,linux-sysepoll,0,1,1,0,1,0,2,1,17876,59019,50580,13957,10078,8681,8855,1081,3626,60937,6,15263,0,65292,1,1,1,0,215,data_4threads_300connections_30s_False
writev,0,select,0,1,0,0,1,0,0,2,17876,56532,35439,33282,24770,48379,20957,5965,13363,60937,1,46420,1,7286,0,1,1,1,1104,data_4threads_300connections_30s_False
writev,1,linux-sysepoll,0,0,1,0,1,1,0,1,32884,3241,6728,31821,10078,57092,51548,47674,11516,60937,11,46420,1,11820,1,1,1,0,642,data_4threads_300connections_30s_False
writev,1,linux-sysepoll,1,1,0,0,1,1,2,1,17876,59019,30170,31821,10078,56080,51548,10954,11516,60937,11,43775,1,7286,1,1,1,1,1104,data_4threads_300connections_30s_False
writev,0,linux-sysepoll,1,1,0,1,1,0,1,2,17876,56532,20984,11221,531,56080,51548,5965,11516,51154,11,32538,1,59975,1,1,1,1,1104,data_4threads_300connections_30s_False
writev,0,select,0,1,0,0,1,0,2,1,57785,59019,53816,59552,531,56080,51548,10154,48667,60937,11,17629,1,6246,1,1,1,0,2394,data_4threads_300connections_30s_False
write,1,linux-sysepoll,1,1,0,0,1,1,2,1,17876,59019,30170,31821,10078,56080,51548,10954,11516,60937,11,43775,1,7286,1,1,1,1,1104,data_4threads_300connections_30s_False
writev,0,linux-sysepoll,1,1,0,0,1,0,2,1,17876,59019,30170,31821,10078,56080,51548,17175,11516,60937,11,46420,1,7286,1,0,1,0,1104,data_4threads_300connections_30s_False
writev,1,linux-sysepoll,1,1,0,0,1,1,2,1,17876,59019,30170,31821,10078,56080,51548,5965,11516,60937,10,46420,1,7286,1,0,1,1,1104,data_4threads_300connections_30s_False
write,0,linux-sysepoll,0,1,0,0,1,0,2,1,17876,59019,30170,31821,10078,56080,51548,5965,11516,60937,11,46420,1,7286,1,0,1,1,1104,data_4threads_300connections_30s_False
write,0,linux-sysepoll,0,1,0,0,1,0,2,1,17876,59019,30170,31821,10078,56080,51548,5965,11516,60937,11,46420,1,7286,1,0,0,1,1104,data_4threads_300connections_30s_False
sendfile,0,linux-sysepoll,0,1,0,0,1,0,1,0,63826,34805,63966,22259,25245,3513,29825,23929,20075,46141,9,51705,1,61153,1,0,1,1,1104,data_4threads_300connections_30s_False
sendfile,0,linux-sysepoll,0,0,0,0,1,0,1,2,17876,56532,212,33282,24770,18015,20957,5965,8487,60937,13,37160,1,7286,1,1,1,0,1104,data_4threads_300connections_30s_False
writev,1,linux-sysepoll,0,1,0,1,1,0,1,2,17876,56532,212,33282,24770,18015,20957,5965,8487,60937,13,37160,1,7286,1,1,1,0,1104,data_4threads_300connections_30s_False
writev,1,linux-sysepoll,0,0,1,0,1,1,0,1,32884,3241,6728,48490,10078,57092,51548,47674,11516,60937,11,46420,1,11820,1,0,1,0,642,data_4threads_300connections_30s_False
write,0,linux-sysepoll,0,1,0,0,1,0,1,0,63826,34805,35485,22259,25245,41941,29825,23929,20075,46141,14,51705,1,61153,1,0,1,1,1104,data_4threads_300connections_30s_False
write,1,linux-sysepoll,0,0,0,1,1,0,2,1,17876,59019,30170,31821,10078,56080,51548,5965,11516,60937,11,46420,1,7286,1,0,1,1,1104,data_4threads_300connections_30s_False
writev,1,libev,1,0,1,0,1,1,2,1,34454,56532,212,33282,11850,18015,20957,5965,8487,8994,13,37160,1,7286,1,1,1,0,1104,data_4threads_300connections_30s_False
write,1,linux-sysepoll,1,1,1,0,1,0,2,1,17876,59019,33005,31821,531,56080,51548,5965,11516,60937,11,39568,1,7286,1,1,1,1,1104,data_12threads_100connections_30s_False
writev,1,linux-sysepoll,1,1,0,0,1,0,2,1,31651,59019,50580,31821,10078,56080,51548,7126,11516,60937,11,46420,1,32030,1,1,1,0,1104,data_12threads_100connections_30s_False
writev,1,linux-sysepoll,1,1,0,0,1,1,2,1,17876,59019,30170,31821,10078,56080,51548,5965,26329,60937,11,46420,1,7286,1,1,1,1,1104,data_12threads_100connections_30s_False
writev,1,linux-sysepoll,0,1,0,0,1,0,2,0,17876,59019,50580,10375,10078,56080,51548,5965,50414,60937,7,46420,1,7286,0,1,1,1,1370,data_12threads_100connections_30s_False
writev,0,linux-sysepoll,1,1,0,0,0,0,2,1,17876,59019,20984,31821,531,56080,51548,10154,11516,60937,7,61761,1,6246,1,1,1,0,642,data_12threads_100connections_30s_False
writev,1,select,1,1,1,0,1,0,2,1,17876,59019,33005,31821,531,56080,51548,5965,11516,60937,11,39568,1,7286,1,1,1,1,1104,data_12threads_100connections_30s_False
sendfile,0,linux-sysepoll,1,1,0,0,0,0,2,1,17876,59019,20984,31821,531,56080,24181,10154,11516,60937,7,61761,1,6246,1,1,1,1,642,data_12threads_100connections_30s_False
writev,1,select,1,1,1,0,1,0,2,1,17876,59019,33005,31821,531,56080,51548,5965,11516,60937,7,39568,1,7286,1,1,1,1,1104,data_12threads_100connections_30s_False
writev,1,linux-sysepoll,1,1,1,0,1,0,2,1,46682,59019,50580,11221,531,56080,51548,5965,11516,31814,11,32538,1,59975,1,1,1,1,1846,data_12threads_100connections_30s_False
sendfile,0,linux-sysepoll,1,1,0,0,0,0,2,1,17876,59019,6942,31821,531,56080,24181,10154,11516,36421,7,61761,1,35039,1,1,1,1,642,data_12threads_100connections_30s_False
writev,1,linux-sysepoll,0,1,1,0,1,0,2,1,17876,59019,30170,31821,10078,37576,51548,5965,11516,60937,11,46420,1,7286,1,1,1,1,642,data_12threads_100connections_30s_False
writev,0,linux-sysepoll,0,1,0,0,0,0,2,1,17876,34426,30070,31821,531,56080,51548,10154,11516,60937,7,61761,1,6246,1,1,1,0,642,data_12threads_100connections_30s_False
writev,0,linux-sysepoll,1,1,0,1,0,0,2,1,17876,59019,20984,31821,531,56080,28521,5965,11516,60937,11,39568,1,7286,1,1,1,1,1104,data_12threads_100connections_30s_False
sendfile,0,linux-sysepoll,1,1,0,0,0,0,2,0,17876,35599,20984,31821,531,56177,2944,29010,11516,60937,11,39568,1,7286,1,1,1,1,1104,data_12threads_100connections_30s_False
sendfile,0,linux-sysepoll,1,1,0,0,0,0,2,1,17876,35599,20984,31821,531,56080,2944,24954,11516,60937,7,61761,1,6246,1,1,1,0,2171,data_12threads_100connections_30s_False
sendfile,1,select,1,0,0,1,1,1,2,2,25700,54835,8648,4015,11690,27939,5558,48641,47286,2825,11,25715,1,18991,1,1,1,1,2171,data_12threads_100connections_30s_False
writev,1,linux-sysepoll,0,1,0,0,1,0,2,1,17876,59019,30170,31821,10078,37576,51548,5965,11516,60937,11,46420,1,7286,1,0,1,1,2171,data_12threads_100connections_30s_False
sendfile,0,linux-sysepoll,0,0,0,0,1,0,0,1,17876,59019,30170,31821,10078,56080,51548,5965,6431,424,5,53798,1,65237,0,1,1,0,2177,data_12threads_100connections_30s_False
write,1,linux-sysepoll,1,0,0,1,1,0,2,0,17876,59019,20984,11221,531,56080,51548,5965,11516,31814,11,32538,1,59975,1,1,1,1,1104,data_12threads_100connections_30s_False
writev,0,linux-sysepoll,1,0,0,0,1,1,2,2,17876,59019,50580,31821,10078,31832,51548,11402,11516,60937,11,46420,1,7286,1,0,1,1,1214,data_12threads_100connections_30s_False
sendfile,0,linux-sysepoll,1,1,0,1,1,0,0,1,45043,34805,35485,24331,10078,56080,51548,5965,11516,60937,11,46420,1,7286,1,1,1,1,1230,data_4threads_100connections_60s_False
write,1,linux-sysepoll,1,1,1,0,1,0,2,1,17876,59019,33005,31821,531,56080,51548,5965,11516,60937,11,39568,1,7286,1,1,1,1,1104,data_4threads_100connections_60s_False
writev,0,linux-sysepoll,0,1,0,0,1,0,2,1,17876,59019,50580,31821,10078,56080,51548,5965,11516,31814,12,32538,1,59975,1,1,1,1,1104,data_4threads_100connections_60s_False
writev,0,linux-sysepoll,1,1,0,0,1,0,2,1,17876,56532,35439,33282,24770,48379,20957,5965,11516,60937,1,46420,1,7286,0,1,1,1,1104,data_4threads_100connections_60s_False
writev,1,linux-sysepoll,1,1,0,0,1,0,2,1,31651,59019,50580,31821,10078,56080,51548,7126,11516,60937,11,46420,1,32030,1,1,1,0,1104,data_4threads_100connections_60s_False
write,1,linux-sysepoll,1,1,1,0,1,0,2,1,17876,59019,20984,44306,10078,56080,51548,5965,29411,60937,11,46420,1,7286,1,1,1,1,1104,data_4threads_100connections_60s_False
writev,0,linux-sysepoll,0,1,0,0,1,0,2,2,17876,59019,50580,31821,15661,56080,51548,5965,11516,31814,12,32538,1,59975,1,1,1,1,2082,data_4threads_100connections_60s_False
writev,1,linux-sysepoll,0,1,0,0,1,0,2,1,1274,59019,50580,31821,10078,56080,51548,5965,11516,44987,12,32538,1,59975,1,1,1,1,566,data_4threads_100connections_60s_False
sendfile,0,linux-sysepoll,0,1,0,0,1,0,2,1,17876,59019,50580,31821,10078,56080,51548,5965,11516,31814,12,32538,1,59975,1,1,1,1,1104,data_4threads_100connections_60s_False
writev,0,linux-sysepoll,0,1,0,0,1,0,2,1,17876,59019,50580,31821,10078,56080,51548,5965,11516,31814,4,32538,1,59975,1,1,1,0,1104,data_4threads_100connections_60s_False
writev,0,linux-sysepoll,1,1,0,0,1,0,2,1,31651,47403,50580,21964,6548,56080,51548,7126,16809,60937,1,46420,1,32030,1,1,1,1,1104,data_4threads_100connections_60s_False
writev,0,linux-sysepoll,1,1,0,0,1,0,2,1,17876,56532,35439,31821,10078,56080,51548,7126,11516,60937,2,46420,1,32030,1,0,1,0,1104,data_4threads_100connections_60s_False
writev,1,linux-sysepoll,0,1,0,0,1,0,2,1,1274,59019,50580,31821,31924,56080,64419,5965,11516,44987,12,9086,1,59975,1,1,1,1,566,data_4threads_100connections_60s_False
sendfile,0,linux-sysepoll,1,1,0,0,1,0,0,1,45043,34805,35485,24331,10078,56080,51548,5965,11516,60937,11,46420,1,7286,1,1,1,1,1230,data_4threads_100connections_60s_False
sendfile,0,linux-sysepoll,1,1,0,1,1,0,0,1,31732,34805,35485,24331,10078,56080,51548,5965,11516,60937,11,46420,1,7286,1,1,1,1,1230,data_4threads_100connections_60s_False
writev,1,linux-sysepoll,1,1,0,0,1,0,0,1,31651,59019,50580,31821,10078,56080,51548,7126,11516,31814,12,32538,1,59975,1,1,1,1,1104,data_4threads_100connections_60s_False
sendfile,0,linux-sysepoll,1,1,0,0,1,0,2,1,17876,59019,50580,31821,10078,56080,51548,5965,11516,31814,4,32538,1,59975,1,1,1,0,1570,data_4threads_100connections_60s_False
sendfile,0,linux-sysepoll,1,1,0,0,1,0,2,2,17876,59019,50580,31821,10078,56080,54118,5965,11516,44987,12,9086,1,59975,1,1,1,1,2534,data_4threads_100connections_60s_False
write,0,linux-sysepoll,1,1,0,0,1,0,2,1,17876,56532,35634,31821,10078,56080,51548,7126,13086,60937,2,46420,1,32030,1,0,1,0,1104,data_4threads_100connections_60s_False
sendfile,0,linux-sysepoll,1,1,0,0,1,0,2,0,17876,59019,50580,31821,10078,56080,51548,5965,11516,60937,11,46420,1,7286,1,1,1,1,1230,data_4threads_100connections_60s_False
sendfile,1,select,1,0,0,1,1,1,2,1,25700,54835,8648,4015,11690,27939,5558,48641,47286,2825,11,25715,1,18991,1,1,1,1,2171,data_12threads_300connections_10s_True
writev,1,select,1,0,0,1,1,1,2,2,25700,2763,8648,4015,22323,46190,5558,48641,22901,18221,11,25715,1,57633,1,0,1,1,2171,data_12threads_300connections_10s_True
writev,1,select,1,0,0,1,1,1,2,2,25700,2763,8648,4015,11690,46190,5558,48641,22901,18221,11,25715,1,57633,1,1,1,1,2171,data_12threads_300connections_10s_True
writev,1,select,1,0,0,1,1,1,2,2,25700,2763,19703,4015,6077,46190,39304,48641,22901,18221,11,25715,1,7286,1,1,1,1,587,data_12threads_300connections_10s_True
writev,1,select,1,0,0,1,1,1,1,2,62722,2763,8648,4015,22323,46190,10531,48641,22901,18221,11,25715,1,57633,1,1,1,1,2171,data_12threads_300connections_10s_True
writev,1,linux-sysepoll,1,1,0,0,1,0,2,1,17876,59019,20984,31821,10078,56080,51548,5965,11516,60937,11,46420,1,7286,1,1,1,1,1104,data_12threads_300connections_10s_True
writev,1,linux-sysepoll,1,1,0,0,1,1,2,1,17876,59019,30170,31821,10078,56080,51548,5965,11516,60937,11,46420,1,7286,1,1,1,1,1104,data_12threads_300connections_10s_True
write,1,linux-sysepoll,1,1,0,0,1,1,2,1,17876,59019,30170,31821,10078,56080,51548,10954,11516,60937,11,43775,1,7286,1,1,1,1,1104,data_12threads_300connections_10s_True
sendfile,0,linux-sysepoll,1,1,0,0,0,0,2,1,17876,59019,20984,31821,531,56080,24181,10154,11516,60937,7,61761,1,6246,1,1,1,1,642,data_12threads_300connections_10s_True
writev,0,linux-sysepoll,0,1,0,0,1,0,2,1,17876,59019,50580,31821,10078,56080,51548,5965,11516,31814,12,32538,1,59975,1,1,1,1,1104,data_12threads_300connections_10s_True
writev,1,linux-sysepoll,0,1,0,0,1,0,2,0,17876,59019,50580,31821,10078,56080,51548,5965,11516,31814,11,46420,1,7286,1,1,1,1,1104,data_12threads_300connections_10s_True
sendfile,0,linux-sysepoll,1,1,0,0,0,0,2,1,17876,48688,32513,31821,531,56080,24181,36688,11516,60937,7,61761,1,6246,1,1,1,1,642,data_12threads_300connections_10s_True
write,1,linux-sysepoll,1,1,0,0,1,0,2,1,17876,59019,50580,9266,10127,56080,51548,5965,4221,31457,12,43775,1,7286,1,1,1,1,1104,data_12threads_300connections_10s_True
writev,0,linux-sysepoll,1,1,0,0,0,0,0,1,17876,59019,50580,31821,10078,56080,51548,5965,11516,31814,12,32538,1,6246,1,1,1,1,642,data_12threads_300connections_10s_True
sendfile,0,linux-sysepoll,1,1,0,0,0,0,2,1,17876,59019,20984,31821,531,56080,24181,10154,11516,60937,5,61761,1,6246,1,1,1,1,642,data_12threads_300connections_10s_True
sendfile,1,linux-sysepoll,1,1,0,1,1,0,2,1,17876,59019,20984,31821,10078,56080,51548,5965,11516,60937,11,46420,1,7286,1,1,1,1,1104,data_12threads_300connections_10s_True
writev,1,linux-sysepoll,1,1,0,0,1,0,2,1,17876,7190,21531,9266,10127,56080,51548,5965,11516,60937,11,46420,1,7286,1,1,1,1,1104,data_12threads_300connections_10s_True
writev,0,linux-sysepoll,1,1,0,1,0,1,2,1,17876,59019,20984,31821,531,56080,24181,10154,11516,60937,5,61761,1,6246,1,1,1,1,642,data_12threads_300connections_10s_True
writev,0,linux-sysepoll,1,1,0,0,1,0,2,1,45464,23521,8648,4015,11690,27939,5558,48641,47286,47421,11,25715,1,18991,1,1,1,1,2171,data_12threads_300connections_10s_True
sendfile,0,linux-sysepoll,1,1,0,0,0,0,2,1,17876,59019,20984,31821,531,42918,24181,10154,11516,60937,5,61761,1,6246,1,1,1,1,642,data_12threads_300connections_10s_True
writev,0,linux-sysepoll,0,1,1,0,1,0,0,1,17876,59019,50580,31821,10078,56080,51548,47674,11516,60937,5,23817,1,11820,1,0,0,0,642,data_8threads_300connections_120s_True
writev,0,linux-sysepoll,0,1,1,0,1,0,0,1,17876,14713,50580,31821,10078,26043,51548,5965,11516,60937,11,27456,1,38133,1,1,1,0,1230,data_8threads_300connections_120s_True
writev,0,linux-sysepoll,0,1,1,0,1,0,0,2,10810,14299,26356,31821,10078,5136,47781,14813,11516,60937,8,46420,1,7286,1,1,1,0,1104,data_8threads_300connections_120s_True
write,1,libev,1,1,0,1,1,1,0,2,45043,34805,35485,22259,25245,41941,32879,29081,20075,46141,8,51705,1,61153,1,0,1,1,2265,data_8threads_300connections_120s_True
write,0,linux-sysepoll,0,1,0,0,1,0,2,0,63826,34805,35485,22259,25245,41941,17073,23929,20075,46141,14,63590,1,61153,1,0,1,1,28,data_8threads_300connections_120s_True
writev,0,linux-sysepoll,1,0,0,1,0,0,1,2,17876,57086,26356,31821,10078,62028,51548,14813,63551,8804,11,11696,1,61153,1,0,1,1,28,data_8threads_300connections_120s_True
writev,0,linux-sysepoll,1,1,0,0,0,0,2,1,17876,59019,20984,31821,531,56080,51548,10154,11516,60937,7,61761,1,6246,1,1,1,0,642,data_8threads_300connections_120s_True
writev,0,linux-sysepoll,1,1,0,1,1,0,1,2,17876,56532,20984,11221,531,56080,51548,5965,11516,51154,11,32538,1,59975,1,1,1,1,1104,data_8threads_300connections_120s_True
writev,1,linux-sysepoll,1,1,0,0,1,1,2,1,17876,59019,30170,31821,10078,56080,51548,5965,11516,60937,11,46420,1,7286,1,1,1,1,1104,data_8threads_300connections_120s_True
writev,1,linux-sysepoll,0,1,0,0,1,0,2,0,17876,59019,50580,10375,10078,56080,51548,5965,50414,60937,7,46420,1,7286,0,1,1,1,1370,data_8threads_300connections_120s_True
writev,0,linux-sysepoll,1,1,0,0,0,0,2,2,10810,59019,26356,31821,10078,5136,51548,14813,11516,60937,11,46420,1,7286,1,1,1,1,1104,data_8threads_300connections_120s_True
write,1,linux-sysepoll,1,1,0,0,1,0,2,1,17876,56532,30170,33282,10078,8681,51548,11402,11516,60937,11,46420,1,7286,1,1,1,1,1214,data_8threads_300connections_120s_True
writev,0,linux-sysepoll,1,0,0,1,1,0,1,2,17876,56532,20984,11221,531,56080,51548,10154,11516,60937,14,61761,1,6246,1,1,1,1,642,data_8threads_300connections_120s_True
writev,0,linux-sysepoll,1,1,0,1,1,0,1,2,17876,55105,30170,31821,10078,56080,51548,5965,11516,60937,11,46420,1,7286,1,1,1,1,1104,data_8threads_300connections_120s_True
writev,1,linux-sysepoll,1,1,1,0,1,0,2,1,17876,56532,20984,11221,531,56080,51548,5965,11516,51154,11,32538,1,59975,1,1,1,1,1104,data_8threads_300connections_120s_True
write,1,linux-sysepoll,1,1,0,0,1,0,2,2,17876,56532,30170,33282,10078,31735,51548,11402,11516,60937,11,21301,1,7286,1,1,1,1,1214,data_8threads_300connections_120s_True
writev,0,linux-sysepoll,1,0,0,1,1,0,1,2,17876,57086,26356,31821,10078,62028,51548,14813,63551,60937,11,11696,1,7286,1,1,1,1,1104,data_8threads_300connections_120s_True
write,0,linux-sysepoll,0,1,0,0,1,0,2,2,17876,56532,30170,33282,10078,31735,28877,11402,11516,60937,11,21301,1,7286,1,1,1,1,1214,data_8threads_300connections_120s_True
writev,1,linux-sysepoll,1,1,0,0,0,0,2,2,10810,59019,26356,31821,10078,5136,51548,14813,11516,60937,3,46420,0,7286,1,1,1,1,1104,data_8threads_300connections_120s_True
writev,0,linux-sysepoll,1,1,0,0,1,0,0,1,17876,56532,65120,21799,10078,56866,51548,11402,7674,60937,11,58438,1,7286,1,1,1,1,1214,data_8threads_300connections_120s_True
sendfile,1,linux-sysepoll,1,1,0,0,1,0,2,0,57785,59019,53816,59552,531,56080,51548,10154,48667,60937,11,61761,1,6246,0,1,1,1,1214,data_4threads_100connections_10s_True
writev,0,linux-sysepoll,0,1,0,1,1,0,0,2,45043,59244,35485,25449,10078,56537,51548,59144,11516,60937,7,46420,1,7286,1,1,1,1,1104,data_4threads_100connections_10s_True
write,0,libev,0,1,1,1,1,1,0,2,57785,59019,53816,59552,531,56080,51548,10154,11516,60937,7,19343,1,7286,1,1,1,1,1104,data_4threads_100connections_10s_True
write,0,libev,0,1,1,1,1,1,0,1,17876,59019,30170,31821,10078,56080,51548,10954,11516,60937,11,11323,1,7286,1,1,1,1,1104,data_4threads_100connections_10s_True
write,0,linux-sysepoll,0,0,0,0,1,0,2,1,17876,59019,30170,31821,10078,56080,51548,5965,11516,60937,5,46420,1,65237,0,1,0,0,2177,data_4threads_100connections_10s_True
write,0,linux-sysepoll,1,1,0,1,1,1,0,1,17876,59019,30170,31821,10078,56080,51548,1186,60903,60937,5,46420,1,65237,0,0,0,0,1778,data_4threads_100connections_10s_True
write,0,linux-sysepoll,1,1,0,1,1,1,0,2,45043,23138,35485,25449,10078,41748,51548,5965,33561,55556,7,46420,1,7286,0,0,1,0,1104,data_4threads_100connections_10s_True
write,0,linux-sysepoll,0,0,0,0,1,0,2,1,17876,59019,30170,59552,531,56080,51548,10154,64372,60937,7,48467,1,7286,1,1,1,1,1104,data_4threads_100connections_10s_True
writev,1,linux-sysepoll,0,1,0,0,1,0,2,0,17876,59019,50580,10375,10078,56080,51548,5965,50414,60937,7,46420,1,7286,0,1,1,1,1370,data_4threads_100connections_10s_True
writev,1,linux-sysepoll,1,1,1,0,1,0,2,1,46682,59019,50580,11221,531,56080,51548,5965,11516,31814,11,32538,1,59975,1,1,1,1,1846,data_4threads_100connections_10s_True
write,1,linux-sysepoll,1,1,0,0,1,1,2,1,17876,59019,30170,31821,10078,56080,51548,10954,11516,60937,11,43775,1,7286,1,1,1,1,1104,data_4threads_100connections_10s_True
sendfile,0,linux-sysepoll,1,1,0,0,0,0,2,1,17876,59019,6942,31821,531,56080,24181,10154,11516,36421,7,61761,1,35039,1,1,1,1,642,data_4threads_100connections_10s_True
write,1,linux-sysepoll,1,1,1,0,1,0,2,1,17876,59019,20984,44306,10078,56080,51548,5965,29411,60937,11,46420,1,7286,1,1,1,1,1104,data_4threads_100connections_10s_True
writev,0,linux-sysepoll,0,1,0,0,1,0,0,2,45043,34805,35485,25449,10078,56537,51548,5965,11516,60937,7,46420,1,7286,1,1,1,1,1104,data_4threads_100connections_10s_True
writev,0,linux-sysepoll,1,1,0,1,1,0,1,2,17876,56532,20984,11221,531,56080,51548,5965,11516,51154,11,32538,1,59975,1,1,1,1,1104,data_4threads_100connections_10s_True
writev,1,linux-sysepoll,1,1,0,0,1,0,2,1,17876,59019,20984,31821,10078,56080,51548,5965,11516,60937,11,46420,1,7286,1,1,1,1,1104,data_4threads_100connections_10s_True
write,0,linux-sysepoll,1,1,0,0,1,0,0,2,45043,23138,35485,25449,10078,56537,51548,5965,19605,60937,7,46420,1,7286,1,1,1,1,1104,data_4threads_100connections_10s_True
writev,1,linux-sysepoll,0,1,0,0,1,0,0,2,45043,34805,35485,25449,10078,54651,51548,5965,11516,60937,7,46420,1,7286,1,1,1,1,1104,data_4threads_100connections_10s_True
write,0,linux-sysepoll,1,1,0,0,1,0,2,2,45043,23138,35485,25449,10078,41748,51548,5965,19605,55556,7,46420,1,7286,1,1,1,1,1104,data_4threads_100connections_10s_True
writev,0,linux-sysepoll,1,1,0,1,1,0,1,2,17876,56532,20984,40937,531,56080,61034,5965,11516,51154,11,32538,1,28125,1,1,1,1,1104,data_4threads_100connections_10s_True
write,0,libev,0,0,0,0,1,0,2,1,17876,59019,20984,36765,10078,56080,51548,5965,11516,60937,11,46420,1,7286,1,1,0,1,1104,data_12threads_300connections_30s_True
sendfile,0,libev,1,0,1,1,1,1,2,1,61793,59019,20984,36765,10078,56080,51548,5965,11516,60937,11,46420,1,7286,1,1,1,1,1104,data_12threads_300connections_30s_True
sendfile,0,linux-sysepoll,1,0,0,0,1,0,2,1,17876,59019,50580,31821,10078,56080,51548,5965,8487,60937,13,30625,1,7286,1,1,1,0,1104,data_12threads_300connections_30s_True
writev,0,linux-sysepoll,0,1,0,0,1,0,0,1,17876,28955,30170,31821,10078,34863,51548,5965,11516,60937,11,46420,1,7286,1,1,1,1,1104,data_12threads_300connections_30s_True
writev,1,linux-sysepoll,0,1,0,0,1,0,2,0,17876,59019,50580,10375,10078,56080,51548,5965,50414,60937,7,46420,1,7286,0,1,1,1,1370,data_12threads_300connections_30s_True
writev,1,linux-sysepoll,1,1,0,0,1,1,2,1,17876,59019,30170,31821,10078,56080,51548,5965,11516,60937,11,46420,1,7286,1,1,1,1,1104,data_12threads_300connections_30s_True
writev,0,linux-sysepoll,0,0,0,0,1,0,2,1,17876,59019,30170,31821,10078,56080,51548,5965,11516,60937,5,21301,1,7286,1,1,0,1,1104,data_12threads_300connections_30s_True
writev,0,linux-sysepoll,0,1,0,0,1,0,1,1,17876,28955,30170,31821,10078,51280,51548,5965,11516,61988,11,46420,1,7286,1,1,1,1,1104,data_12threads_300connections_30s_True
writev,0,linux-sysepoll,0,1,0,0,1,0,0,1,17876,16487,30170,31821,10078,34863,51548,5965,11516,60937,14,46420,1,7286,1,1,1,1,1104,data_12threads_300connections_30s_True
writev,0,linux-sysepoll,0,0,0,0,0,0,2,1,17876,25137,30170,31821,10078,56080,51548,5965,11516,60937,5,21301,1,7286,1,1,0,1,1104,data_12threads_300connections_30s_True
sendfile,0,linux-sysepoll,1,0,0,0,1,0,2,1,17876,59019,50580,31821,10078,51280,51548,5965,11516,61988,11,46420,1,7286,1,1,1,1,1104,data_12threads_300connections_30s_True
writev,1,select,1,1,0,0,1,0,0,2,17876,56532,35439,33282,24770,48379,20957,5965,13363,60937,1,46420,1,7286,0,0,1,1,1104,data_12threads_300connections_30s_True
writev,1,linux-sysepoll,1,1,0,0,1,0,2,0,50176,59019,50580,10375,10078,56080,51548,5965,50414,60937,7,46420,1,7286,0,0,1,1,1370,data_12threads_300connections_30s_True
write,0,poll,0,1,1,1,1,1,2,2,63826,3484,35485,22259,25245,41941,29825,5965,50414,60937,7,46420,1,7286,0,1,1,1,1370,data_12threads_300connections_30s_True
writev,1,linux-sysepoll,1,0,1,1,1,1,1,1,61793,59019,20984,36765,10078,56080,10382,5965,11516,60937,11,46420,1,7286,1,1,1,1,1104,data_12threads_300connections_30s_True
writev,0,linux-sysepoll,1,0,0,1,1,1,2,1,61793,59019,20984,36765,10078,56080,51548,5965,11516,60937,11,46420,1,7286,1,1,1,1,1104,data_12threads_300connections_30s_True
writev,0,linux-sysepoll,0,1,1,0,1,0,2,1,17876,59019,50580,13957,10078,8681,8855,1081,3626,60937,6,15263,0,65292,1,1,1,0,215,data_12threads_300connections_30s_True
writev,0,linux-sysepoll,0,1,1,0,1,0,0,1,17876,59019,50580,31821,10078,56080,51548,47674,11516,60937,5,23817,1,11820,1,0,0,0,642,data_12threads_300connections_30s_True
sendfile,0,libev,1,0,0,0,1,0,2,1,17876,59019,50580,31821,10078,56080,51548,5965,8487,60937,13,30625,1,5371,1,1,1,0,1104,data_12threads_300connections_30s_True
sendfile,0,linux-sysepoll,0,0,0,0,1,0,2,1,17876,59019,53741,31821,10078,56080,20957,56455,33203,60937,1,46420,1,7286,1,1,1,1,1104,data_12threads_300connections_30s_True
sendfile,0,linux-sysepoll,0,0,0,0,1,1,2,1,17876,59019,50580,31821,10078,56080,51548,5965,11516,60937,11,46420,1,57633,1,1,1,1,350,data_8threads_10connections_10s_False
write,1,linux-sysepoll,1,1,0,0,1,0,2,1,17876,9224,30935,33282,10078,8681,8855,1081,3626,60937,2,51705,1,3214,1,0,1,1,1104,data_8threads_10connections_10s_False
write,1,linux-sysepoll,1,1,0,0,1,0,2,1,17876,56532,30170,33282,10078,8681,8855,1081,3626,17908,2,51705,1,3214,1,0,1,0,1104,data_8threads_10connections_10s_False
writev,1,linux-sysepoll,1,1,0,0,1,0,2,1,17876,42958,30170,33282,10078,8681,51548,1081,3626,17908,2,51705,1,3214,1,0,1,1,1104,data_8threads_10connections_10s_False
write,1,linux-sysepoll,1,1,0,0,1,0,2,1,17876,56532,30170,33282,10078,8681,8855,1081,3626,60937,2,51705,1,3214,1,0,1,1,1104,data_8threads_10connections_10s_False
writev,1,linux-sysepoll,0,1,0,0,1,0,2,1,17876,56532,30170,33282,10078,8681,8855,1081,3626,60937,2,11714,1,3214,1,0,1,1,1104,data_8threads_10connections_10s_False
write,1,linux-sysepoll,1,1,0,0,1,0,2,1,17876,56532,30170,33282,10078,8681,8855,1081,3626,17908,2,51705,1,3214,1,0,1,1,1104,data_8threads_10connections_10s_False
writev,1,linux-sysepoll,1,1,0,0,0,0,2,1,11475,42958,30170,33282,10078,8681,8855,1081,3626,60937,2,51705,0,4029,1,0,1,1,1104,data_8threads_10connections_10s_False
writev,1,linux-sysepoll,1,1,0,0,1,0,2,1,17876,42958,30170,33282,10078,8681,51548,1081,3626,17908,2,51705,1,3214,1,0,0,1,1104,data_8threads_10connections_10s_False
writev,1,libev,1,1,0,0,1,0,2,1,17876,42958,30170,33282,10078,8681,51548,1081,3626,17908,2,51705,1,3214,1,0,1,1,1104,data_8threads_10connections_10s_False
writev,0,linux-sysepoll,0,1,0,0,1,0,1,1,17876,28955,30170,31821,10078,51280,51548,5965,26067,61988,11,46420,1,7286,1,0,0,0,1104,data_8threads_10connections_10s_False
writev,0,linux-sysepoll,0,1,0,0,1,0,1,1,17876,28955,30170,31821,10078,51280,51548,5965,11516,61988,11,46420,1,7286,1,1,1,1,1104,data_8threads_10connections_10s_False
writev,1,linux-sysepoll,0,1,0,0,1,0,2,0,17876,59019,50580,10375,10078,56080,51548,5965,50414,60937,7,46420,1,7286,0,1,1,1,1370,data_8threads_10connections_10s_False
writev,0,linux-sysepoll,1,1,0,1,1,0,1,2,17876,56532,20984,11221,531,56080,51548,5965,11516,51154,11,32538,1,59975,1,1,1,1,1104,data_8threads_10connections_10s_False
write,0,linux-sysepoll,1,1,0,0,1,0,2,1,17876,59019,50580,31821,10078,56080,51548,5965,11516,60937,11,46420,1,7286,1,1,1,1,1104,data_8threads_10connections_10s_False
write,1,linux-sysepoll,1,1,0,0,1,1,2,1,17876,59019,30170,31821,10078,56080,51548,10954,11516,60937,11,43775,1,7286,1,1,1,1,1104,data_8threads_10connections_10s_False
writev,0,linux-sysepoll,1,1,0,0,0,0,2,2,10810,59019,26356,31821,10078,5136,51548,14813,11516,60937,11,46420,1,7286,1,1,1,1,1104,data_8threads_10connections_10s_False
writev,1,select,1,1,1,0,1,0,2,1,17876,59019,33005,31821,531,56080,51548,5965,11516,60937,11,39568,1,7286,1,1,1,1,1104,data_8threads_10connections_10s_False
writev,0,linux-sysepoll,1,1,0,0,1,0,2,1,17876,56532,35439,33282,24770,48379,20957,5965,11516,60937,1,46420,1,7286,0,1,1,1,1104,data_8threads_10connections_10s_False
write,1,linux-sysepoll,1,1,0,0,1,0,2,1,17876,59019,20984,31821,531,56080,51548,5965,11516,60937,11,39568,1,7286,1,1,1,1,1104,data_8threads_10connections_10s_False
writev,0,linux-sysepoll,1,1,1,0,1,0,0,2,10810,14299,26356,31821,10078,28203,51548,5965,53210,60937,5,46420,1,65237,0,1,0,0,2177,data_8threads_300connections_10s_True
writev,1,select,1,1,0,1,1,1,2,2,25700,2763,8648,14592,22323,46190,5558,48641,22901,51143,11,27456,1,57633,0,1,1,0,1230,data_8threads_300connections_10s_True
write,0,libev,0,0,0,0,1,0,2,1,17876,59019,20984,36765,10078,56080,51548,5965,11516,60937,11,46420,1,7286,1,1,0,1,1104,data_8threads_300connections_10s_True
writev,0,select,0,1,0,0,1,0,2,1,57785,59019,53816,59552,531,56080,51548,10154,48667,60937,11,17629,1,6246,1,1,1,0,2394,data_8threads_300connections_10s_True
writev,0,linux-sysepoll,0,1,0,0,1,0,2,2,17876,59019,50580,31821,15661,56080,51548,5965,11516,31814,12,32538,1,59975,1,1,1,1,2082,data_8threads_300connections_10s_True
writev,0,linux-sysepoll,1,1,0,0,1,0,2,1,17876,56532,35439,33282,24770,48379,20957,5965,11516,60937,1,46420,1,7286,0,1,1,0,1695,data_8threads_300connections_10s_True
writev,1,linux-sysepoll,0,1,0,0,1,0,2,0,17876,59019,50580,10375,10078,56080,51548,5965,50414,60937,7,46420,1,7286,0,1,1,1,1370,data_8threads_300connections_10s_True
writev,1,linux-sysepoll,1,0,0,0,1,0,2,2,17876,59019,50580,31821,10078,56080,51548,11402,11516,60937,11,46420,1,7286,1,1,1,1,1214,data_8threads_300connections_10s_True
writev,1,linux-sysepoll,1,1,0,0,1,0,2,1,31651,59019,50580,31821,10078,56080,51548,7126,11516,60937,11,46420,1,32030,1,1,1,0,1104,data_8threads_300connections_10s_True
writev,1,linux-sysepoll,1,0,0,0,1,0,2,2,17876,59019,50580,18643,10078,56080,51548,11402,11516,60937,11,46420,1,7286,1,1,1,1,1214,data_8threads_300connections_10s_True
write,0,linux-sysepoll,0,0,0,0,1,0,2,1,17876,59019,30170,31821,10078,56080,51548,5965,11516,60937,7,17629,1,6246,1,1,1,0,462,data_8threads_300connections_10s_True
writev,0,linux-sysepoll,1,1,0,0,1,0,2,2,17876,59019,50580,31821,15661,56080,51548,5965,11516,31814,12,32538,1,59975,1,1,1,1,2082,data_8threads_300connections_10s_True
writev,1,linux-sysepoll,1,1,0,0,1,0,2,1,31651,59019,50580,31821,10078,56080,51548,7126,11516,60937,11,46420,1,32030,1,1,1,0,2177,data_8threads_300connections_10s_True
writev,1,linux-sysepoll,1,1,0,0,1,0,2,2,17876,59019,50580,31821,10078,56080,51548,11402,10593,60937,11,46420,1,7286,1,1,1,1,1214,data_8threads_300connections_10s_True
writev,1,linux-sysepoll,0,0,0,0,1,0,2,2,17876,59019,50580,18643,10078,56080,51548,11402,11516,60937,11,46420,1,7286,1,1,1,1,1214,data_8threads_300connections_10s_True
writev,1,linux-sysepoll,1,1,0,0,1,0,2,1,31651,59019,50580,31821,10078,56080,51548,56475,11516,60937,11,46420,1,7286,1,1,1,1,1899,data_8threads_300connections_10s_True
writev,1,linux-sysepoll,1,1,0,0,1,0,2,1,49479,59019,50580,19891,10078,56080,51548,7126,11516,60937,11,46420,1,32030,1,1,1,0,1104,data_8threads_300connections_10s_True
writev,1,linux-sysepoll,0,1,0,0,1,0,2,2,17876,59019,50580,18643,10078,56080,51548,11402,11516,60937,11,46420,1,7286,1,1,1,1,1214,data_8threads_300connections_10s_True
writev,1,linux-sysepoll,1,1,0,0,1,0,2,2,17876,59019,50580,31821,10078,56080,51548,11402,10593,60937,12,32538,1,59975,1,1,1,1,2082,data_8threads_300connections_10s_True
writev,0,linux-sysepoll,1,1,0,0,1,0,1,2,17876,59019,50580,31821,10078,56080,51548,11402,11516,60937,11,46420,1,7286,1,0,1,1,1214,data_8threads_300connections_10s_True
writev,0,linux-sysepoll,1,1,0,0,1,0,2,1,17876,56532,35439,33282,24770,48379,20957,29081,20075,46141,14,51705,1,61153,1,0,1,1,681,data_4threads_10connections_10s_False
write,1,linux-sysepoll,1,1,0,0,1,0,2,1,17876,56532,30170,33282,10078,8681,8855,1081,3626,17908,2,51705,1,3214,1,0,1,1,1104,data_4threads_10connections_10s_False
sendfile,1,linux-sysepoll,1,1,0,0,1,0,2,1,17876,56532,35439,33282,24770,48379,20957,29081,20075,46141,14,51705,1,61153,1,0,1,1,681,data_4threads_10connections_10s_False
sendfile,1,linux-sysepoll,1,1,0,0,1,0,2,1,17876,56532,35439,33282,24770,27727,20957,29081,20075,37329,0,46420,1,7286,1,1,1,1,1104,data_4threads_10connections_10s_False
write,1,linux-sysepoll,1,1,0,0,1,0,2,1,17876,56532,35439,33282,24770,48379,20957,29081,3626,17908,2,51705,1,3214,1,0,1,1,1104,data_4threads_10connections_10s_False
sendfile,1,linux-sysepoll,1,1,0,0,1,0,2,1,17876,56532,35439,33282,24770,10293,20957,29081,20075,46141,14,51705,1,61153,1,0,1,1,681,data_4threads_10connections_10s_False
write,1,libev,1,1,0,0,1,0,2,1,17876,56532,35439,33282,24770,11778,20957,29081,3626,17908,2,51705,1,3214,1,0,1,1,1104,data_4threads_10connections_10s_False
writev,0,linux-sysepoll,1,1,0,0,1,0,2,1,22013,56532,35439,33282,24770,48379,20957,29081,20075,46141,1,51705,0,61153,1,0,1,1,681,data_4threads_10connections_10s_False
sendfile,1,linux-sysepoll,1,1,0,0,1,0,2,1,17876,56532,35439,33282,24770,48379,22313,29081,20075,46141,14,51705,1,61153,1,0,1,1,681,data_4threads_10connections_10s_False
write,1,poll,1,1,1,0,1,0,2,1,58005,59019,20984,44306,10078,56080,51548,5965,29411,60937,11,46420,1,7286,1,1,1,1,1104,data_4threads_10connections_10s_False
write,1,poll,1,1,1,0,1,0,2,1,58005,59019,20984,44306,10078,56080,51548,5965,61409,60937,11,46420,1,7286,1,1,1,1,1104,data_4threads_10connections_10s_False
sendfile,1,linux-sysepoll,0,1,1,0,1,0,2,1,17876,59019,20984,31821,531,56080,51548,5965,11516,60937,11,46420,1,7286,1,1,1,0,642,data_4threads_10connections_10s_False
sendfile,1,linux-sysepoll,0,1,1,0,1,0,2,1,17876,59019,30170,55872,10078,56080,36078,47626,11516,60937,11,46420,1,7286,1,1,1,0,1104,data_4threads_10connections_10s_False
sendfile,1,linux-sysepoll,0,1,1,0,1,0,2,1,17876,59019,20984,31821,531,56080,51548,5965,11516,60937,11,46420,1,7286,1,1,1,0,1104,data_4threads_10connections_10s_False
sendfile,1,linux-sysepoll,1,1,1,0,1,0,2,1,17876,59019,20984,31821,531,56080,51548,5965,11516,60937,11,46420,1,7286,1,1,1,0,1870,data_4threads_10connections_10s_False
sendfile,1,linux-sysepoll,1,1,1,0,1,0,2,1,17876,59019,20984,31821,531,56080,51548,5965,11516,60937,11,46420,1,7286,1,1,1,1,2612,data_4threads_10connections_10s_False
write,1,libev,1,1,0,1,1,1,2,2,45043,34805,35485,22259,25245,41941,32879,29081,11516,60937,11,46420,1,7286,1,0,1,1,1104,data_4threads_10connections_10s_False
write,1,libev,1,1,0,1,1,1,2,2,45043,34805,17428,22259,25245,41941,32879,29081,11516,60937,9,46420,1,7286,1,0,1,1,1104,data_4threads_10connections_10s_False
write,1,libev,0,1,0,0,1,0,2,0,63826,34805,35485,22259,25245,41941,17073,23929,20075,46141,14,63590,1,61153,0,0,1,0,1104,data_4threads_10connections_10s_False
writev,0,linux-sysepoll,1,1,0,0,1,0,2,0,63826,59676,35485,22259,25245,41941,17073,23929,20075,46141,14,63590,1,61153,0,0,1,1,1104,data_4threads_10connections_10s_False
writev,1,linux-sysepoll,0,1,0,1,1,0,1,2,17876,56532,212,33282,24770,18015,20957,5965,8487,60937,13,37160,1,7286,1,1,1,0,1104,data_8threads_300connections_30s_False
writev,1,linux-sysepoll,0,1,0,1,1,0,1,2,17876,48830,212,33282,24770,18015,20957,5965,8487,60937,13,37160,1,7286,1,1,1,0,1104,data_8threads_300connections_30s_False
write,1,libev,1,1,0,1,1,1,2,2,45043,34805,35485,22259,25245,41941,32879,29081,20075,46141,14,51705,1,61153,1,0,1,1,681,data_8threads_300connections_30s_False
write,1,libev,1,1,0,1,1,1,2,2,45043,34805,35485,6265,25245,41941,32879,29081,20075,46141,14,51705,1,25456,1,0,1,1,1104,data_8threads_300connections_30s_False
writev,1,linux-sysepoll,1,1,1,1,1,0,2,1,17876,59019,20984,31821,10078,56080,51548,11402,11516,60937,11,46262,1,7286,1,1,1,1,1104,data_8threads_300connections_30s_False
writev,0,linux-sysepoll,0,1,0,0,1,0,2,1,17876,59019,50580,31821,10078,56080,51548,5965,11516,31814,4,32538,1,59975,1,1,1,0,1104,data_8threads_300connections_30s_False
writev,1,select,1,1,1,0,1,0,2,1,17876,59019,33005,31821,531,56080,51548,5965,11516,60937,11,39568,1,7286,1,1,1,1,1104,data_8threads_300connections_30s_False
writev,1,linux-sysepoll,1,1,0,0,0,1,2,1,17876,59019,30170,31821,10078,56080,51548,5965,11516,60937,11,46420,1,7286,1,1,1,1,1104,data_8threads_300connections_30s_False
write,1,linux-sysepoll,1,1,1,0,1,0,2,1,17876,60535,33005,31821,531,56080,51548,5965,11516,60937,11,39568,1,7286,1,1,1,1,1104,data_8threads_300connections_30s_False
writev,0,linux-sysepoll,0,1,0,0,1,0,2,0,17876,59019,50580,31821,10078,56080,51548,13880,8200,31814,4,32538,1,25400,1,1,1,1,1104,data_8threads_300connections_30s_False
writev,0,linux-sysepoll,0,1,0,0,1,0,2,2,17876,59019,50580,31821,10078,56080,51548,5965,8487,60937,13,37160,1,7286,1,1,1,0,1104,data_8threads_300connections_30s_False
writev,0,linux-sysepoll,1,1,0,0,1,0,2,1,17876,59019,50580,31821,10078,56080,51548,5965,11516,31814,4,32538,1,12487,0,1,1,0,1104,data_8threads_300connections_30s_False
writev,0,linux-sysepoll,0,1,0,1,1,0,1,2,17876,56532,212,33282,24770,18015,20957,5965,8487,60937,13,37160,1,7286,1,1,1,0,1104,data_8threads_300connections_30s_False
write,1,linux-sysepoll,1,1,0,0,1,0,1,1,61793,59019,35485,22259,25245,41941,32879,29081,20075,46141,14,51705,1,61153,1,1,1,1,681,data_8threads_300connections_30s_False
writev,1,libev,1,1,1,1,1,0,2,1,17876,59019,20984,31821,10078,56080,51548,11402,11516,60937,11,46262,1,7286,1,1,1,0,1104,data_8threads_300connections_30s_False
sendfile,1,linux-sysepoll,1,0,0,1,1,0,1,1,17876,14713,50580,31821,10078,26043,51548,5965,29639,60937,11,9040,1,38133,1,0,1,0,1230,data_8threads_300connections_30s_False
sendfile,1,linux-sysepoll,1,0,0,1,0,0,1,1,17876,14713,50580,33282,27308,8681,8855,1081,57020,17908,2,5527,1,3214,1,0,1,0,1104,data_8threads_300connections_30s_False
sendfile,1,linux-sysepoll,1,0,0,1,1,1,2,2,25700,54835,52030,60350,10078,56080,51548,5965,11516,60937,11,46420,1,20945,1,1,1,0,1104,data_8threads_300connections_30s_False
sendfile,1,linux-sysepoll,1,0,0,1,1,1,1,2,25700,14713,50580,31821,10078,26043,51548,5965,11516,60937,11,27456,1,38133,1,1,1,0,1230,data_8threads_300connections_30s_False
sendfile,1,linux-sysepoll,1,0,0,1,1,1,1,2,25700,14713,50580,31821,10078,26043,31739,5965,11516,60937,11,27456,1,7286,1,1,1,0,1104,data_8threads_300connections_30s_False
writev,0,linux-sysepoll,1,1,1,0,1,0,1,0,17876,59019,50580,31821,3687,56080,51548,21089,19133,60329,15,1438,1,9894,0,1,1,0,443,data_12threads_100connections_60s_False
sendfile,1,select,1,0,0,1,1,1,2,1,25700,54835,8648,4015,11690,27939,5558,48641,47286,2825,11,25715,1,18991,1,1,1,1,2171,data_12threads_100connections_60s_False
sendfile,1,select,1,0,0,1,1,1,2,1,25700,54835,8648,4015,11690,27939,51548,5965,11516,60937,11,46420,1,17903,1,1,1,1,2163,data_12threads_100connections_60s_False
writev,0,linux-sysepoll,0,1,1,0,1,0,1,0,17876,59019,50580,31821,3687,56080,51548,21089,19133,60329,15,1438,1,9894,0,1,1,0,1473,data_12threads_100connections_60s_False
writev,0,linux-sysepoll,0,1,1,0,1,0,1,0,17876,59019,20984,31821,531,22501,24181,54843,11516,60937,7,61761,1,6246,1,1,0,1,247,data_12threads_100connections_60s_False
writev,0,linux-sysepoll,0,1,1,0,1,0,1,1,17876,59019,50580,31821,3687,56080,51548,21089,8473,60329,15,1438,1,57932,0,1,1,0,443,data_12threads_100connections_60s_False
writev,0,linux-sysepoll,0,1,1,0,1,0,1,0,17876,59019,20984,31821,531,22501,24181,54843,11516,60937,7,36572,1,6246,1,1,0,1,247,data_12threads_100connections_60s_False
writev,0,linux-sysepoll,0,1,1,1,1,0,0,1,45043,34805,35485,24331,10078,56080,47539,5965,59354,7967,11,46420,1,7286,1,1,1,1,1230,data_12threads_100connections_60s_False
write,1,linux-sysepoll,1,1,0,0,1,0,2,1,17876,59019,20984,31821,531,56080,51548,5965,11516,60937,11,7357,1,7286,1,1,1,1,1104,data_12threads_100connections_60s_False
write,0,linux-sysepoll,0,1,0,0,1,0,1,1,17876,59019,50580,31821,10078,56080,51548,5965,11516,60937,11,46420,1,17903,1,1,1,1,2163,data_12threads_100connections_60s_False
sendfile,0,linux-sysepoll,1,1,0,1,1,0,0,1,45043,34805,35485,24331,10078,56080,51548,5965,11516,60937,11,46420,1,7286,1,1,1,1,1230,data_12threads_100connections_60s_False
sendfile,0,linux-sysepoll,1,1,0,0,0,0,2,1,17876,59019,20984,31821,531,56080,24181,10154,11516,60937,7,61761,1,6246,1,1,1,1,642,data_12threads_100connections_60s_False
writev,1,linux-sysepoll,1,1,1,0,1,0,2,1,46682,59019,50580,11221,531,56080,51548,5965,11516,31814,11,32538,1,59975,1,1,1,1,1846,data_12threads_100connections_60s_False
write,0,linux-sysepoll,1,1,0,0,1,0,2,1,17876,59019,50580,31821,10078,56080,51548,5965,11516,60937,11,46420,1,7286,1,1,1,1,642,data_12threads_100connections_60s_False
writev,0,linux-sysepoll,1,1,0,0,0,0,2,2,10810,59019,26356,31821,10078,5136,51548,14813,11516,60937,11,46420,1,7286,1,1,1,1,1104,data_12threads_100connections_60s_False
writev,1,linux-sysepoll,1,1,0,0,1,1,2,1,17876,59019,30170,31821,10078,56080,51548,5965,26329,60937,11,46420,1,7286,1,1,1,1,1104,data_12threads_100connections_60s_False
writev,0,linux-sysepoll,1,1,0,0,1,0,2,1,50765,59019,50580,11221,531,56080,51548,5965,11516,30656,11,32538,1,59975,1,0,1,1,1846,data_12threads_100connections_60s_False
writev,1,linux-sysepoll,1,1,0,0,1,0,2,2,17876,59019,20984,31821,531,56080,51548,5965,11516,60937,11,7357,1,7286,1,0,1,0,1104,data_12threads_100connections_60s_False
sendfile,0,linux-sysepoll,1,1,0,1,1,0,0,1,45043,34805,35485,24331,10078,56080,51548,5965,11516,7967,11,46420,1,7286,1,1,1,1,1230,data_12threads_100connections_60s_False
writev,0,linux-sysepoll,1,1,1,0,1,0,1,0,17876,59019,50580,31821,3687,56080,59723,10154,11516,60937,7,61761,1,47395,1,1,1,1,642,data_12threads_100connections_60s_False
sendfile,1,linux-sysepoll,1,0,0,0,1,0,2,1,17876,59019,30170,31821,10078,56080,51548,5965,11516,60937,5,46420,1,65237,0,0,0,0,2177,data_12threads_100connections_30s_True
writev,0,linux-sysepoll,1,1,1,0,1,0,1,0,17876,59019,50580,31821,3687,56080,51548,21089,19133,60329,15,1438,1,9894,0,1,1,0,443,data_12threads_100connections_30s_True
writev,0,linux-sysepoll,0,1,1,0,1,1,1,1,17876,14713,50580,31821,10078,24925,51548,5965,11516,60937,11,25715,1,57633,1,1,1,1,1104,data_12threads_100connections_30s_True
writev,0,linux-sysepoll,0,1,1,0,1,1,1,1,17876,14713,50580,31821,10078,24925,51548,5965,11516,60937,11,28699,1,57633,1,1,1,1,1104,data_12threads_100connections_30s_True
writev,0,linux-sysepoll,1,1,1,0,1,0,1,0,17876,59019,50580,31821,3687,56080,51548,13550,19133,60329,15,1438,1,45709,0,1,1,0,443,data_12threads_100connections_30s_True
writev,0,linux-sysepoll,0,1,1,0,1,1,1,2,13325,59019,53816,59552,531,56080,51548,10154,7778,60937,7,19343,1,7286,0,1,1,1,1104,data_12threads_100connections_30s_True
writev,0,linux-sysepoll,1,0,1,0,1,1,1,1,17876,14713,50580,45176,10078,24925,51548,5965,11516,60937,11,25715,1,57633,1,1,1,1,1104,data_12threads_100connections_30s_True
writev,0,linux-sysepoll,0,1,1,0,1,1,1,1,17876,58281,50580,45176,10078,16406,51548,5965,11516,60937,11,25715,1,57633,1,1,1,1,1104,data_12threads_100connections_30s_True
writev,1,poll,1,1,1,0,1,1,1,1,17876,8162,50580,31821,10078,24925,51548,5965,11516,65474,11,25715,1,57633,1,1,1,1,1104,data_12threads_100connections_30s_True
writev,0,linux-sysepoll,0,1,1,0,1,1,1,2,13325,14713,50580,31821,10078,24925,51548,5965,11516,60937,11,28699,1,9067,1,1,1,0,1104,data_12threads_100connections_30s_True
writev,0,linux-sysepoll,0,1,1,0,1,1,1,1,17876,59019,53816,59552,31755,56080,51548,10154,7778,60937,7,19343,1,7286,0,0,1,1,1104,data_12threads_100connections_30s_True
writev,0,linux-sysepoll,1,0,1,0,1,0,1,0,17876,59019,50580,31821,3687,56080,51548,21089,19133,60329,15,1438,1,9894,0,1,1,1,443,data_12threads_100connections_30s_True
writev,1,linux-sysepoll,0,1,1,0,1,1,1,1,27971,14713,50580,31821,10078,24925,51548,5965,11516,60937,15,25715,1,57633,0,1,0,1,1104,data_12threads_100connections_30s_True
writev,0,linux-sysepoll,1,1,1,0,1,1,1,1,17876,14713,50580,47000,10078,24925,51548,5965,11516,60937,11,28699,1,57633,1,1,1,1,1104,data_12threads_100connections_30s_True
writev,0,linux-sysepoll,1,1,1,0,0,1,1,0,17876,14713,50580,59552,531,56080,51548,10154,7778,60937,7,19343,1,7286,0,0,1,1,1104,data_12threads_100connections_30s_True
writev,1,select,1,1,0,1,1,1,2,2,25700,2763,8648,4015,11690,46190,5558,48641,22901,18221,11,25715,1,57633,1,1,1,1,1104,data_12threads_100connections_30s_True
writev,1,select,1,1,1,1,1,1,2,2,9465,2763,8648,4015,11690,18736,5558,48641,22901,18221,11,25715,1,57633,1,1,1,1,1609,data_12threads_100connections_30s_True
writev,1,linux-sysepoll,1,1,0,0,1,0,1,0,17876,42958,56786,33282,10078,8681,51548,1081,3626,30109,2,15263,1,11054,1,0,0,1,28,data_12threads_100connections_30s_True
sendfile,0,linux-sysepoll,0,1,1,1,1,0,0,1,17876,59019,50580,31821,10078,56080,51548,47674,11516,60937,11,23817,1,38133,1,1,1,0,1230,data_12threads_100connections_30s_True
writev,0,linux-sysepoll,0,1,1,1,1,1,1,0,17876,827,50580,31821,10078,24925,51548,5965,11516,60937,11,28699,1,45709,1,1,1,0,443,data_12threads_100connections_30s_True
