MDS_Dim1,MDS_Dim2,performance
1.3152754280558687,-1.1812568227775546,2.29
1.7480736037099125,0.08703557067041905,4.65
1.5870494424603068,-1.3675434876407273,2.14
2.049140925601835,0.3768083957548153,3.8
1.7928851878476402,0.16621095317169227,3.01
1.4319885606161629,-1.2875794823608608,2.65
1.6597239444006686,0.1927571147889276,2.77
1.6087517719278335,0.04639454677103805,2.25
1.3647665417556638,0.8554099733240372,3.79
1.1003587068895193,-0.9443633476545565,1.64
1.7166117824802745,-0.13078177204536437,2.94
0.8263977389483219,-1.737921649210817,2.1
0.4419501240613057,-1.713404469673027,2.16
1.1662096148574619,-1.1427004151342433,1.9
0.16788900821346756,-1.7755894325346586,0.71
0.6230496546336807,-1.3927975386275855,2.41
0.2851061890437305,-1.5002988158638992,1.93
1.4045797138078349,-0.2103013662911254,3.23
0.12863162033712022,-1.6315870587678092,1.12
1.7650193697966112,-0.02786711389256489,2.02
1.2948780561590159,-1.3656397294893032,0.84
1.4584691400165182,-0.9537413698536588,2.13
1.081890456624837,-1.0231721126968136,0.57
1.5643922499570098,-0.13755494668449034,1.67
0.40802672304342813,-0.6442411249462846,2.04
0.4419501240613171,-1.7134044696730235,1.97
1.4182400947694158,-1.1776223876362852,3.31
0.3885613372782432,-1.7109296349333942,3.84
1.3152754280558625,-1.1812568227775593,2.42
0.32202796242466886,-1.699280952965264,1.93
1.7704199641213825,-0.21918112442964416,3.09
1.2290523010259795,-1.3984891612059849,0.95
1.79403204166325,0.3702054599322288,1.94
0.7773972938276879,-1.549170019320536,3.65
0.17341913469754255,-1.6059302199003493,1.07
0.3314857424490052,-1.6538331005860263,2.1
1.8814081352538548,-1.1535898259844473,3.19
1.6651976763688197,-0.12761507360958066,3.08
1.11140746359579,-0.897014408068961,2.82
0.23079153315993628,-1.7600726398508042,1.08
-0.32607794317103583,-1.6588728070769436,2.1
1.44469177826511,-0.31472754025370214,2.62
0.6812900606904883,-2.068427143813085,3.28
1.680381221011557,-0.21215990336575405,1.26
1.4236385666667948,-0.9932279121338189,0.96
1.5023903088455284,0.5130996599554328,3.36
-1.0183992246768703,1.7504661414152163,1.0
-1.375230443700826,1.144964283115462,1.49
-1.8760928453343915,0.13664517452872013,0.81
-1.619372864352906,0.8966489488833667,0.73
-0.4430326377773013,2.086241779535065,3.02
-1.7256715924429118,1.2175689899883393,2.04
-1.237513145893061,1.004011398324302,1.21
-1.408521252189599,0.573770776381701,0.69
-1.2788128046148013,1.123959636586202,1.25
-1.3547963931780118,-0.28390086598967185,2.28
-1.588189154229123,0.7803759384536375,0.59
-0.5361736195031387,1.7019645374654664,2.79
-0.48925609956061394,1.4078164008061556,1.7
-1.4777425250650142,0.7868919547875904,1.94
-1.8511154393894245,-0.032872165661342774,1.15
-1.354796393178008,-0.28390086598967185,2.28
-1.4791633572490128,1.0685188630593636,1.25
-1.8511154393894218,-0.03287216566134257,0.74
-0.6852603841240408,1.4906429018461447,0.85
-1.6946670067545895,0.37280207516311825,2.11
-0.8219331409235003,1.8790077422332456,0.98
-1.5016916413369346,1.4805762943973793,0.83
-0.6128013995781809,1.9222908743891312,2.28
-0.6128013995781801,1.9222908743891294,2.27
-1.8309479520904335,0.1857867098147244,1.42
-0.45658280279120933,2.0512054761647494,2.31
-1.4809538301357565,0.9197217546008161,1.4
-1.469746785983106,1.4849668126638587,2.05
-1.6946670067545873,0.3728020751631188,1.45
-0.3760513910258816,1.6437267777782583,1.21
-1.8511154393894238,-0.032872165661342954,0.75
-1.6689492036657971,1.278384879096689,1.36
-1.3577091428354502,1.0916741864916608,0.69
-0.9921147228564272,0.577641810145415,0.68
-1.5881891542291238,0.7803759384536387,0.59
-1.4351563775617653,0.8973582302462058,1.1
-1.551050957645663,1.4161367839609913,0.8
-1.8113077526144745,-0.7301318003186031,0.77
-1.675127254309706,0.9376315275116003,0.66
-1.628389780905958,1.0830393539641814,0.72
-0.8372807289876637,1.9771502767386038,0.99
-0.6128013995781804,1.9222908743891312,2.39
1.2981932412786745,-1.3471170497617448,3.45
1.6651976763688192,-0.12761507360958052,3.59
0.3580196894903754,-1.4573568822255276,2.85
1.0513216546517348,-1.0904362219531916,1.92
1.3297746555343541,-0.24721688794697178,1.32
1.656032793547311,0.14711925597111078,1.23
1.0576523952546582,0.19721220589881938,3.08
1.329774655537741,-0.24721688795673644,1.26
1.2965133697922926,-0.9053873308701933,1.49
1.560877557784773,-0.06772462775500182,2.79
1.6651976763688177,-0.12761507360958085,2.37
1.458469140016517,-0.9537413698536581,3.45
0.3964824890671,-1.6405150018804937,2.36
1.404579713807861,-0.21030136629134485,3.18
1.229052301025983,-1.3984891612059853,0.95
1.3618857466135146,-0.19509517237828303,3.14
1.6651976763688192,-0.12761507360958055,2.36
1.5643922499570082,-0.13755494668449023,1.76
1.7059856217957543,0.08567993625131619,3.07
-0.15298168269975698,-1.4814301650825124,3.98
1.0125645392328746,-0.9253159906601717,1.96
1.0513216546517365,-1.0904362219531913,1.94
1.3152754280558692,-1.181256822777554,2.72
0.17341913469679704,-1.6059302199014647,1.04
0.4419501240612897,-1.713404469673042,2.5
0.295341841315621,-1.417625892775057,1.42
1.2965133697922904,-0.9053873308701935,1.9
0.19334646069970676,-1.844839349882827,1.06
0.313928024865148,-1.8779769320436053,0.7
1.1003587068895198,-0.9443633476545575,2.66
0.295341841315621,-1.4176258927750591,2.2
0.013649964627516832,-1.23566513002104,2.14
1.3965079183835385,-0.9319697974212133,2.67
0.8599064373712545,-0.6711929558304934,3.44
1.4045797138079563,-0.21030136629201351,4.46
0.5106080873160278,-1.7821985928599393,2.74
1.3297746555362229,-0.24721688795236366,1.28
1.1662096148622862,-1.142700415132329,1.84
1.6651976763688168,-0.1276150736095807,3.26
1.4236385666667974,-0.9932279121338178,1.04
0.06760285758232888,-1.2765451823003366,3.26
1.2965133697922924,-0.9053873308701941,1.77
0.17341913469580209,-1.605930219902952,0.7
1.3297746555378132,-0.2472168879569406,1.26
0.44195012406129214,-1.7134044696730406,1.45
0.6492111456942848,-1.4220583970505363,2.1
1.6803812210115572,-0.21215990336575416,1.33
1.5643922499570087,-0.1375549466844904,1.69
0.3139280250391087,-1.8779769320193849,1.15
0.6492111456942848,-1.4220583970505363,2.11
1.4045797138078315,-0.21030136629112778,2.99
0.710238232576429,-1.5666080545371297,0.7
0.23079153315993656,-1.760072639850807,0.76
-0.18582966607037857,-1.6533645074481096,3.71
1.0125645392328744,-0.9253159906601712,1.92
1.1760953778120364,-1.236026661364935,1.09
1.54752182134841,-0.006085916545233437,2.34
1.4446917782651107,-0.31472754025370236,2.38
1.8082555300384942,-0.09404026174742937,3.21
1.0125645392328748,-0.9253159906601711,1.42
1.2965133697922926,-0.9053873308701933,1.8
1.630032769498283,-0.387868577541506,1.31
0.7773972938276873,-1.5491700193205327,2.68
1.08189045662485,-1.0231721126968183,1.04
0.7341238538649631,-1.4908771590147467,2.84
0.5262267429464758,-0.96977137226022,2.37
1.2981932412823873,-1.3471170497604572,3.16
1.3749645272664117,0.7566066756959595,2.34
1.8233486658869142,0.005050924777643388,4.29
1.8150509233401164,-0.2164396697676958,3.45
1.8150509233401158,-0.21643966976768841,3.72
1.404579713807831,-0.21030136629112162,4.59
1.913405192777921,-0.12375024682343168,3.72
0.6180143694616509,-0.6407279964400802,2.79
0.272903436804832,-1.5128839955271314,2.94
1.1560229395830048,-0.9779230092325162,1.97
1.767232720442311,-1.0004891652421897,3.34
1.9922037660453047,0.2781990079755243,4.59
1.856437137266162,-0.09661255801086756,4.74
0.27290347137069226,-1.5128839770776323,2.79
0.777397293827687,-1.5491700193205344,3.4
1.4584691400165193,-0.953741369853659,2.98
1.6677194238731778,-0.36469401486928454,3.11
0.892869883594383,-1.8111344099089157,3.83
1.7839799695819738,-1.165320017514475,2.47
1.823348665886914,0.005050924777643746,4.25
1.458469140016517,-0.9537413698536589,2.22
0.08481346460773828,-1.9947054674639677,3.2
1.9922037660428484,0.278199007985918,3.42
0.5747156608864937,-0.6091157678040297,3.13
1.171222297659149,-0.931104887297228,3.25
1.9600289717846304,0.5054261391818442,4.54
2.024158179668434,0.4055775873758077,4.51
0.48717812168549873,-2.062304200422249,3.15
1.7839799695761194,-1.1653200175249854,2.65
0.5272334038337362,-1.8258508571980927,3.97
0.37209057365982184,-1.4947057749945294,2.67
1.8564371372663335,-0.09661255800444665,3.71
2.049141090132077,0.37680772399634954,3.14
1.9462530159276288,-0.9407982549619571,3.29
1.298193241278175,-1.3471170497619167,2.72
0.08481346460773855,-1.9947054674639664,3.94
0.3720905736599871,-1.4947057749944934,3.89
1.843504305016722,0.9893608137889136,3.15
1.2981932412805648,-1.3471170497610896,3.42
1.6208675689478882,-1.3807558538401887,2.68
1.716611782480274,-0.13078177204536473,3.94
1.458469140016517,-0.9537413698536578,3.01
1.58100690607303,0.8013072280131276,3.8
1.9557635092703507,0.2768924118123061,2.93
0.7341238538649647,-1.4908771590147478,2.87
1.488598074276245,-0.3288745989202484,3.17
1.3618857466135175,-0.19509517237828378,3.09
1.396507918383538,-0.9319697974212132,2.36
1.0576523962097937,0.19721220800993458,3.0
1.6407579773800087,-1.0937514975549476,2.01
1.396507918383542,-0.9319697974212134,1.42
2.0178348752435267,0.37323345291966353,3.54
0.3033258464089289,-1.4559526013025188,3.02
1.2325989011418306,-1.31938574152954,2.62
1.7304682619595344,-0.9895561562682087,1.53
1.396507918383538,-0.9319697974212131,2.48
1.100358706889521,-0.9443633476545581,1.87
0.30332585098319714,-1.4559525992502975,2.36
0.7341238538649638,-1.4908771590147476,2.59
0.8740076604326587,-1.7802051202951237,2.42
0.41735678662412,-1.7819001125718559,2.31
1.3618857466135146,-0.19509517237828194,2.56
0.734123853864963,-1.4908771590147467,1.99
0.35801968949037566,-1.457356882225525,1.83
1.397924293229221,0.8605935834703513,3.66
0.331485740724449,-1.6538331011958372,3.13
1.174537085832616,-1.1041956602246688,2.64
1.87841867084529,-0.08757642382108803,3.11
1.396507918383538,-0.931969797421214,2.17
1.8082555300331427,-0.09404026168934407,3.76
0.5106080873160271,-1.7821985928599413,2.53
0.3580196894903754,-1.4573568822255243,1.89
1.3965079183835385,-0.9319697974212144,2.6
1.922733018260206,0.4979948397845167,2.39
1.8205560941199477,1.04648758840471,3.53
1.232598901141754,-1.3193857415295798,2.1
1.3861179414651026,-0.04365687437163499,3.55
0.5863758896768188,-1.686010639890172,2.89
1.4932714145160522,0.45691120847925676,3.3
1.3618857466135144,-0.19509517237828253,3.46
1.5954710159546683,-1.4213500964540726,2.09
1.8082555300330598,-0.09404026168842486,2.99
1.5074056918568308,-0.9909417340711475,2.24
1.4749857170540959,0.8727150108261994,3.58
2.0013729693690308,-0.4603167610615434,1.2
1.5074056918568313,-0.9909417340711468,1.89
1.808691972684997,0.059324039743367106,1.3
1.0576523957149992,0.19721220691631797,3.12
1.4236385666667963,-0.9932279121338184,0.69
1.872361013549704,0.3658987975925068,2.99
1.0125645392328742,-0.9253159906601706,2.0
1.4045797138078302,-0.2103013662911206,3.87
0.17341913469537773,-1.605930219903588,0.64
0.6492111456942857,-1.4220583970505376,1.89
1.272355598543709,-0.19731565848869842,2.27
0.17341913469744516,-1.6059302199004932,0.75
1.3082140891607668,-0.8669729716319244,2.05
1.6646471395227935,-0.979125349737671,2.06
1.8082555300341514,-0.09404026170030344,3.46
1.2965133697922924,-0.9053873308701922,1.45
1.550892282887087,-1.5382357888330929,0.6
1.5160915683373453,-1.5450946430478665,0.57
1.1481743403785156,0.7006630847679858,2.75
1.2950235123166796,-0.07856523229755716,2.76
1.615376005409695,0.17410952062198098,2.73
2.1208222667931587,-0.08421853011143832,3.69
1.988079322849581,0.40209258836479395,2.91
1.9938195708187223,-0.2579235289053284,2.41
1.5474527521071448,-1.0089130436841045,2.52
1.5652381778418865,-1.4318773144653794,0.99
1.5666020487236059,-1.256727232828614,1.18
0.3885613372782431,-1.7109296349333973,3.91
0.6881703460754204,-1.5500746110463244,1.06
1.3965079183835392,-0.9319697974212132,1.27
2.047746584204067,0.7886639268090418,1.06
1.808691972684997,0.05932403974336794,1.1
1.4045797138078302,-0.2103013662911175,3.45
0.25818146195853026,-1.4107984802957714,2.35
-0.05577050534370197,-2.0913202162379916,2.47
1.7166117824802758,-0.13078177204536476,3.83
0.4209900086105046,-2.037639945308878,1.94
1.2290523010259795,-1.3984891612059873,1.07
1.0818904566244925,-1.0231721126967679,0.82
0.31207940383501404,-0.6895800794530642,1.95
1.6020185064961279,-0.3821977173240051,2.05
1.3546494629223838,-0.2867403757210239,2.25
0.11570709349358177,-2.1045910842719517,1.15
1.0265439628861377,0.48367297049228136,1.26
0.5709259232204048,-1.7116610279331554,1.67
0.27619483891211694,-1.7388802899981397,1.58
1.919496193814368,0.3660140333769891,3.92
0.17341913469538536,-1.6059302199035734,1.22
0.4419501240612891,-1.7134044696730408,2.23
1.2723555985437103,-0.19731565848869867,1.67
1.3965079183835387,-0.9319697974212134,2.56
1.6651976763688174,-0.12761507360958052,3.49
1.7166117824802727,-0.1307817720453648,3.22
1.2152320021732246,-1.2005654250378226,0.99
0.25818146195864317,-1.4107984802956772,2.3
0.8298496276893123,-1.646381877179391,3.12
0.6230496546336807,-1.392797538627587,1.47
0.6881703460774395,-1.5500746110488346,0.84
1.7986851205176067,-0.27573503375398906,0.78
0.9665293653529566,-0.6350551528286444,1.91
1.0513216546517357,-1.0904362219531918,1.6
1.6597239444006673,0.1927571147889274,2.67
0.39648248906712075,-1.6405150018804846,2.84
1.3152754280558574,-1.1812568227775624,2.57
0.2877681163305963,-1.6952601669878093,2.66
1.4236385666667943,-0.9932279121338173,0.99
1.8232726397480494,0.20748595455734356,1.27
1.620864917681313,-1.3807587137103305,1.55
2.001373084305562,-0.460316448763268,1.17
2.1460588410954284,-0.19227651063320522,1.17
1.3965079183835398,-0.9319697974212133,1.27
1.7696643505769238,1.044487346470264,2.78
1.680381221011558,-0.21215990336575424,1.1
1.5524408500667974,-0.36699433927036806,3.72
0.623049654633681,-1.3927975386275866,2.03
1.5617690179537052,0.6970272552724868,2.9
1.176095377811821,-1.2360266613653645,0.99
2.019510703468887,-0.3962492063155464,3.52
1.808255537095566,-0.09404033836487612,3.3
1.0818904566233638,-1.0231721126966071,1.04
0.35266136132712916,-0.7575384867772759,1.02
1.7986851205176055,-0.27573503375399483,1.16
1.664710810984451,-0.24659683922849704,2.37
0.8677640617746826,-0.6521591524213362,1.98
1.7986851205176329,-0.2757350337539326,1.18
1.60201850649608,-0.3821977173239845,1.43
1.7704199641214045,-0.21918112442954024,1.84
1.6647108109844517,-0.24659683922849773,2.25
1.7650193697809249,-0.027867113846342526,2.25
0.49550860751511333,-1.6490861946146684,2.0
0.28510618919128283,-1.5002988157983603,1.89
1.4319885606147766,-1.2875794823627527,2.65
1.4885980741081066,-0.3288745983723097,1.85
1.0854459492486461,-0.988253516391369,0.96
1.354649462922441,-0.2867403757214544,1.48
-0.22552893101394111,-1.8255024457702729,3.13
1.3546494629226435,-0.28674037572298794,2.26
1.7979520580364379,-0.37262133765895067,3.71
1.3870417816580838,-1.3508094578399936,0.82
1.552440849777436,-0.3669943387920762,3.71
1.310572391384624,-1.4491333458321012,0.8
1.8767387584975939,-0.36439718101173746,3.74
0.5660456856763844,-1.8899510494563938,2.0
0.5709259232192625,-1.7116610279328048,1.7
1.776497469935121,-0.4108730828963774,1.1
0.26492773456239743,-1.8606279616051549,0.64
0.2877681163262785,-1.6952601669849772,3.15
0.7284708868993515,-1.525830978285846,1.84
-0.0324028333462171,-1.4724900925266948,1.83
1.2427338632426401,-1.1828763208459618,0.8
-0.09383824088709632,-1.6963703076840777,2.56
1.7243958913816126,0.2515310376661755,4.48
1.3714563489399654,0.8056086688879373,1.32
1.736966345708093,-0.46689136987307184,1.12
1.7979521932962559,-0.37262110893516454,2.43
1.9227330186239913,0.4979948389310216,3.47
1.981044800449079,0.33985142639723503,1.28
1.3618857466135157,-0.19509517237828253,3.27
1.4045797138078302,-0.21030136629111337,2.95
1.6829985701307875,0.058168268283191604,3.64
1.3297746555378458,-0.24721688795703983,1.37
1.680381221011558,-0.21215990336575435,0.96
1.6856479610803945,-0.3069261317355408,1.36
1.6829985701307875,0.05816826828285639,2.99
1.361885746613514,-0.19509517237828342,3.25
1.5685172170513015,-0.4231974645723811,1.88
1.2723555985437107,-0.19731565848869856,1.61
1.736966345708093,-0.46689136987307195,0.81
1.1108094681764251,0.2786373262825929,4.19
1.5643922499570087,-0.13755494668449023,2.82
1.6153760054096935,0.1741095206219813,2.75
1.7059856217988665,0.08567993624232166,4.49
1.8233486658869298,0.005050924777578073,4.1
1.9767986647668851,-0.417425340378449,3.14
1.4446917782651103,-0.3147275402537029,2.27
2.049140940520788,0.37680833484248677,4.45
1.5608775577818341,-0.06772462775775898,1.72
1.40457971380783,-0.21030136629111282,3.95
1.329774655534705,-0.2472168879479818,1.27
2.0194904386355454,-0.3963082225134996,2.46
1.6890745536176062,0.8457917040441298,1.31
1.7166117824802736,-0.1307817720453648,3.76
1.3618857466135155,-0.19509517237828072,3.56
1.0029022131802376,0.09788271301449324,1.22
1.5685172170512827,-0.4231974645723769,2.8
2.04528336795435,-0.22136813231782276,3.16
1.3297746555378245,-0.24721688795697233,1.26
1.500023085110847,0.6834912303676679,1.3
-0.4646241031932487,-1.8749960728976638,3.53
1.2199257350468011,-1.3572604803587247,0.95
0.8740076604348997,-1.7802051202939082,2.78
0.12863162033650014,-1.6315870587689794,1.08
1.564392249957009,-0.13755494668449025,2.59
1.4584691400165186,-0.9537413698536589,2.22
1.2965133697922901,-0.9053873308701944,2.02
0.7341238538649644,-1.4908771590147485,2.87
1.4584691400165202,-0.9537413698536598,2.16
1.9557635092656351,0.2768924118270314,3.48
1.5608775577828524,-0.06772462775680713,2.48
0.22808817946156748,-2.068445114523721,2.8
0.710238232576431,-1.5666080545371301,0.76
0.38856133727824455,-1.7109296349333933,2.53
1.7928851878471213,0.1662109531725405,2.44
0.3601420229606363,-0.8271911544870528,1.01
0.2953418413156213,-1.4176258927750562,1.84
0.4832596646267886,-1.8514231548190605,4.03
1.6661270141621676,0.2375473227709268,3.59
1.9880793215872292,0.40209259257190394,3.49
1.8671864971003087,-0.19235219558521155,3.89
0.17341913469538756,-1.6059302199035732,1.04
2.0178349352029157,0.3732332581749747,3.51
0.6492111456942858,-1.4220583970505394,1.39
1.0125645392328748,-0.9253159906601711,2.21
1.3297746555348644,-0.2472168879484323,1.26
0.17341913469540504,-1.6059302199035448,0.8
1.232116655133784,-1.4635449265566982,1.93
1.3965079183835378,-0.9319697974212128,2.11
1.1712222976594666,-0.9311048872975093,3.05
0.48325968393395613,-1.8514231476598189,3.65
1.3587658814415797,0.4010458890881435,2.63
0.6492111456942838,-1.4220583970505352,2.26
0.8641741493575625,-1.9445626984146105,0.97
1.1662096148620398,-1.142700415132429,2.05
1.4611971971524282,-1.5412446801773612,1.65
1.3910488823675087,0.9446164507225822,1.25
0.5414565313195523,-0.6943401968175607,0.96
1.5923839803835365,1.034068525128409,2.37
1.5303495216881413,1.0107162697538226,2.63
0.6643489831142406,-0.5120754882039656,1.54
0.4514193681419041,-0.7317364562909768,1.89
-0.22385165154089381,-1.5361730300247953,1.48
1.3912007451529875,0.4621989503432501,3.24
1.2908840669099284,0.5855282697303358,2.21
0.48535160747445,-0.5488032264353415,1.39
1.6362905701968578,0.936197180211364,2.49
-0.3364560566243353,-1.5545040286111322,2.08
0.6643489831142259,-0.5120754882039575,1.54
0.4207889450168282,-0.8927526287277519,0.67
1.6203326514868321,1.0575586298745798,2.87
0.7595595049556004,-0.5695585930178328,1.37
1.3546893980190071,1.340448280790019,2.31
-0.12114873998547504,-1.2531977352293782,1.8
1.4039142326604408,0.8118102365456554,3.19
1.6253037427133123,1.1430870868321763,0.94
1.50070086048229,0.6552782741574931,3.86
-0.2807094744721992,-1.6056819981439046,0.94
1.8033835115156676,-1.0343060250760159,2.57
1.4264998584399886,0.9185422775321109,1.32
1.4392000737051078,0.8093846305140922,0.85
1.5138704199407482,0.4899253760877961,2.63
1.589544801672039,1.1010765135695508,1.29
-0.22754871936954713,-1.7242563121078078,2.27
-1.2260464641200117,-1.7279515809086674,1.18
1.4584000531575527,0.4984202336753541,3.65
1.0010665055665242,0.2970692038811497,1.26
-0.1290346460260335,-1.412579440706361,2.91
-0.6689833053840042,-1.1768904669523002,3.01
0.5609623373902631,-0.567773709782861,2.46
1.7672135746521938,-1.0196819342347785,2.06
1.4320096975538146,0.700202401261625,2.97
0.4666932065365538,-0.6020370373769623,1.02
-0.06743415559953708,-0.44009531288739673,2.54
1.8150509233401266,-0.21643966976762394,2.46
1.872361013549702,0.36589879759250665,2.75
1.3697100910952782,-1.211636994444901,2.93
1.6560327935645676,0.14711925598823106,1.25
0.3226809505255555,-1.5797226626234264,1.59
1.7578378171573068,-1.2174501292975088,0.87
1.404579713807865,-0.2103013662913739,3.19
1.038515992543734,-1.041267902756569,1.46
1.9194961938076769,0.36601403339315314,3.86
1.299954337143531,-1.235475783597488,1.42
1.7166117824802725,-0.13078177204536487,3.2
1.0125645392328737,-0.9253159906601716,1.39
1.1760953778120482,-1.23602666136491,0.67
1.8086919726849942,0.05932403974337088,0.84
1.5701799234660365,0.8200617957793621,1.13
0.29534184131562113,-1.4176258927750578,1.96
1.448845133476838,0.006679733793308325,3.55
1.0513216546517377,-1.090436221953192,1.86
0.4877225143463841,-1.566019160948286,2.07
1.3297746555359573,-0.24721688795159083,1.13
1.1242093168498228,-1.2675474510051719,1.46
0.5272334038337001,-1.8258508571981054,3.32
1.665197676368818,-0.12761507360958083,2.32
1.4236385666667957,-0.9932279121338176,1.07
1.6604622804252007,-1.2544557878421958,1.0
1.9557635092655192,0.2768924118274011,2.29
1.8370239340488923,1.0972983341142895,2.77
1.5643922499570089,-0.13755494668449017,2.0
1.1003587068895184,-0.9443633476545579,2.47
0.6881703460768874,-1.55007461104815,1.06
1.2117739158212244,0.6288614499984313,2.49
1.1662096148622934,-1.1427004151323261,1.83
1.9938195709279514,-0.2579235283323036,2.17
1.22905230102598,-1.398489161205987,1.0
1.3162619798087911,-1.2760040807900157,1.06
1.6295858870052455,0.7126068185604449,2.67
1.9194961938076736,0.36601403339316235,3.35
1.100358706889519,-0.9443633476545585,1.47
1.2965133697922921,-0.9053873308701927,1.2
1.572670720071749,0.07094626936870939,2.0
1.7166117824802716,-0.13078177204536504,2.95
1.7479905753284988,0.009139318924110589,2.38
1.8232726397590417,0.20748595453917648,0.9
1.4236385666667948,-0.9932279121338171,0.65
1.174537085931358,-1.1041956601803598,1.42
0.43814482379413244,-1.8216386117053383,1.16
1.0513216546517363,-1.0904362219531913,0.96
0.42415018978671737,-0.6643061604108448,0.57
1.6646471395227944,-0.9791253497376702,1.53
0.19472793505902536,-1.8953641236754306,0.79
0.38856133727824377,-1.7109296349333931,2.54
1.914182395311203,0.4251602365146097,2.07
1.6647108109844504,-0.24659683922849718,1.45
1.6560327935426826,0.14711925596651634,0.82
0.510608087316026,-1.7821985928599413,1.45
1.0125645392328746,-0.925315990660171,0.95
1.166209614862358,-1.1427004151323017,0.93
0.1734191346954988,-1.605930219903406,0.64
1.4584691400165193,-0.9537413698536585,2.2
-0.20158285731927467,-2.0247770200662294,0.8
1.4236385666667946,-0.9932279121338178,0.56
1.404579713807902,-0.21030136629162782,3.1
0.5106080873160274,-1.7821985928599402,1.75
0.3280986395745692,-0.8202218670745973,0.61
0.3964824890671085,-1.6405150018804935,1.75
1.9938195708894781,-0.2579235285341336,1.49
1.2883116804863899,-1.1263084847351943,2.07
1.1662096148574592,-1.1427004151342444,1.46
0.5027875493193199,-0.8177148933304856,1.64
1.6407579558885172,-1.0937515325133298,2.32
1.9810447994584814,0.3398514297521016,0.91
1.955763509269534,0.2768924118148551,3.5
1.678048421788161,-1.110270705933491,2.46
1.7940320416632503,0.37020545993223203,1.79
0.11570710139176694,-2.1045910845793396,1.12
1.6388172970633827,-1.1815771444349428,1.01
1.9810448003109515,0.33985142686504033,1.39
1.955763509268229,0.2768924118189329,2.26
1.9439071055514505,0.4135264878538914,2.05
1.6646471395227949,-0.9791253497376686,1.49
-0.45578022885425734,-1.9088864735096867,1.09
1.8830275754454686,0.30479415122473413,2.7
1.8573164951494006,0.49172879561713884,2.71
1.6332174242740385,-1.3300189132583489,1.0
0.22808816583518096,-2.0684451154039567,2.85
0.11673786990542773,-1.9996321713127527,1.65
1.8830275753591583,0.304794151397383,2.41
1.8913100713181714,0.4469856615527285,1.3
1.633217893691008,-1.3300183897746936,0.63
-0.1361090859325862,-2.1109582065140353,2.96
1.8723610135497046,0.3658987975925066,3.48
0.092810580448188,-2.056330017435973,1.07
1.6532577934172665,1.0853438385860468,4.44
1.7006018307150181,-1.1887178422061737,3.03
1.6283034202204525,1.201506152526857,1.29
1.88302757545957,0.3047941511965294,1.91
0.649211145694285,-1.422058397050537,2.12
0.8928698830069655,-1.8111344101999776,3.67
1.9557635092686987,0.2768924118174613,2.31
1.9141823953100565,0.4251602365179827,2.69
1.7243958913822122,0.2515310376646205,4.06
1.9922037660459067,0.2781990079729752,3.84
1.7535933246247524,0.18207226998489326,2.44
1.856437137265775,-0.09661255802523229,2.96
1.919496193813365,0.3660140333794105,3.22
1.049238927866362,0.23573244718031758,3.25
1.664647139522793,-0.979125349737671,2.01
0.2748203863756246,-1.7379217725581835,2.12
0.23079153315993672,-1.7600726398508058,1.18
1.5475218213484156,-0.006085916545227144,2.45
1.7928851878471697,0.1662109531724591,3.67
0.6175137299305753,-1.7605416135831766,2.81
0.3314857424541546,-1.653833100584204,3.09
0.023629526947704996,-1.9950798224855433,1.07
1.448845133476043,0.00667973379189856,3.19
1.6327652502907888,-0.924864399635348,1.85
1.4076226593066872,0.020780717890678223,1.26
0.7163229992880995,-1.4680397625998223,3.1
1.6287069036574717,1.061495041397117,3.44
1.229052301025982,-1.3984891612059853,1.01
1.5618095377422536,-1.088344016153312,2.03
-0.35253188547204745,-1.5170624866963547,2.07
0.7773972938276862,-1.5491700193205336,2.79
0.7773972938276869,-1.5491700193205353,3.95
0.7102382325764284,-1.5666080545371308,1.15
1.3618857466135144,-0.19509517237828353,2.43
1.404579713807837,-0.21030136629115675,3.76
1.6651976763688183,-0.1276150736095807,2.75
1.5475218213484125,-0.006085916545228052,1.81
1.3965079183835385,-0.9319697974212114,1.52
1.6803812210115587,-0.2121599033657541,0.97
1.456259738012794,0.467134892120936,4.37
1.2723555985437107,-0.19731565848869842,2.21
0.388561337278245,-1.7109296349333922,3.97
1.747990575328501,0.009139318924113043,3.42
1.0513216546517357,-1.0904362219531938,2.07
1.8564371372661936,-0.09661255800964613,4.29
1.1560229395830064,-0.9779230092325171,2.04
1.5643922499570089,-0.1375549466844903,2.5
1.8086919726850008,0.05932403974335749,1.22
1.7166117824802707,-0.1307817720453648,3.09
0.3720905736599589,-1.4947057749945014,3.92
0.3139280248771787,-1.8779769320419313,1.05
0.37462269611978577,-0.700806921165161,1.98
0.3139280250478839,-1.8779769320181643,1.1
1.3162619798082078,-1.2760040807903072,0.99
1.520675880513723,0.8692395751742751,1.23
0.9289312469922153,-1.9040850914774947,2.02
1.2883116773293426,-1.1263084866355952,1.59
1.3546494629226884,-0.2867403757233311,1.45
1.9194961938094361,0.36601403338890554,3.55
1.664710810984452,-0.24659683922849718,1.46
1.4446917782651094,-0.31472754025370236,1.46
1.7059856217964204,0.08567993624939006,2.93
0.31392802507864476,-1.877976932013882,0.76
0.5005006113363333,-0.6419805267871593,1.41
1.5475218213483861,-0.0060859165452592425,1.74
1.038515994631724,-1.041267905493508,1.19
1.9432245140219624,0.5566640074614492,0.87
0.4877225143463851,-1.5660191609482887,1.16
1.9938195708380566,-0.257923528803896,1.46
1.1003587068895193,-0.9443633476545561,1.56
1.7011039482946377,-0.4598829512123305,1.45
1.6651976763688168,-0.1276150736095805,2.2
1.7704199641214038,-0.2191811244295616,1.89
1.68038122101156,-0.21215990336575402,0.75
0.194727945132808,-1.8953641245890005,0.71
1.9359659776629004,-0.9641599423508859,0.75
1.1760953778116845,-1.2360266613656339,0.55
1.295023512323754,-0.078565232286577,2.03
0.1933464597081985,-1.8448393497953102,0.79
0.2770225781773096,-0.7874348194840057,0.64
1.2965133697922917,-0.9053873308701932,1.14
2.0452833678912965,-0.2213681328794925,1.84
0.31392802518500224,-1.877976931999075,0.7
1.166209614857455,-1.142700415134247,0.94
0.3526613602463033,-0.7575384885900831,0.7
1.5643922499570082,-0.1375549466844904,2.26
0.6881703460754964,-1.5500746110464227,0.75
1.3965079183835403,-0.9319697974212131,2.1
0.7341238538649628,-1.4908771590147483,3.1
0.7341238538649648,-1.4908771590147483,2.32
0.8928698836354877,-1.8111344098885487,2.42
1.7166117824802731,-0.1307817720453652,3.04
0.7341238538649627,-1.490877159014748,2.02
1.580424630416777,0.5179006850436676,3.72
0.649211145694285,-1.4220583970505378,1.83
0.6881703460794567,-1.5500746110513404,1.16
1.757556874377769,-1.1506262934829894,2.16
0.7102382325764283,-1.5666080545371301,0.92
1.682998570130785,0.058168268283969725,2.6
0.6230496546336816,-1.3927975386275844,2.37
1.4236385666667968,-0.9932279121338176,0.98
0.8740076604322189,-1.780205120295364,2.1
1.8070241310725779,1.117186930506755,1.39
1.296513369792292,-0.9053873308701931,1.66
0.7341238538649629,-1.490877159014748,2.76
1.5397859091441726,0.7604406797625958,4.44
1.2965133697922935,-0.9053873308701942,1.99
0.9159032248154619,-1.8782787602779287,2.61
0.7102382325764296,-1.5666080545371293,1.07
1.5239393338050442,-1.0419331533288922,0.81
-0.19530552860503372,-2.091084830805817,3.12
1.404579713807847,-0.21030136629123544,3.07
1.5924989748279992,-1.1634435455172305,2.02
1.2290523010259824,-1.398489161205983,1.0
0.621888154680069,-1.7457243042892365,3.61
1.7166117824802751,-0.13078177204536526,2.94
0.19318250134247708,-2.0178425804580593,1.85
1.8150509233401178,-0.21643966976767756,2.45
-0.3360803827616136,-1.7596307191861753,3.59
1.2965133697922917,-0.9053873308701927,1.6
1.4847098490451591,-0.9458640549400823,1.01
1.051321654651736,-1.0904362219531931,2.05
1.7847549605697672,0.2288922409368142,1.27
1.757556874376897,-1.1506262934845366,1.96
1.7704199641214078,-0.21918112442953205,2.61
1.8564371372613304,-0.09661255819094398,4.72
1.552440850004112,-0.36699433916675056,2.45
1.1712222976593014,-0.9311048872973603,2.33
1.3297746555342405,-0.247216887946643,1.23
0.8928698835811628,-1.8111344099154667,2.89
1.8445199237394647,1.0591806532002972,3.78
1.564392249957008,-0.13755494668449011,2.02
1.4885980742704676,-0.3288745989019949,2.59
0.04874980920436669,-1.8799921147977152,2.02
1.4203984619530552,0.4984881432544266,1.09
0.23079153315993628,-1.7600726398508064,1.04
1.9096558653982545,-0.4520048285433032,2.31
1.3162619798093815,-1.276004080789718,1.04
1.7304682619595355,-0.9895561562682106,1.99
1.6665512018568684,0.7363766173554906,3.19
1.6597239443896572,0.19275711478709853,1.71
2.002446278985572,-0.3586412910817074,1.47
1.0818904566215495,-1.0231721126963509,0.58
1.423638566666795,-0.9932279121338173,0.67
1.156022939583006,-0.9779230092325162,1.98
1.5726707200741858,0.07094626941097273,1.81
0.5352266397125852,-0.7584117341273214,1.05
1.1518897126581908,-1.1818401347414678,0.94
1.6829985701307786,0.05816826828561201,2.53
0.16788900821346786,-1.7755894325346597,0.74
0.6812900417965315,-2.0684271507828185,2.08
1.7704199641213894,-0.21918112442962145,1.83
1.2325989011440432,-1.3193857415284114,1.04
0.15335933532536625,-2.021273602848244,1.58
1.3297746555378511,-0.24721688795704752,0.89
1.7166117824802747,-0.13078177204536487,2.96
1.6803812210115578,-0.2121599033657537,0.86
1.770419964121382,-0.2191811244296564,1.82
1.6440130122199146,0.8697702618929049,1.85
1.3618857466135141,-0.19509517237828541,1.9
1.1003587068895202,-0.9443633476545571,1.2
0.829849627689312,-1.6463818771793923,2.0
-0.26805523785923274,-1.6085779365292334,2.79
0.5863758896767546,-1.6860106398901307,1.75
2.0275929614344763,-0.4552403304325397,1.43
0.17341913469570963,-1.6059302199030905,0.75
1.3749997756285945,-1.244136867207568,0.69
0.03609737526379087,-1.2191491167726354,1.36
1.615376005409691,0.1741095206219797,2.83
1.981044800141653,0.3398514274384007,1.26
1.272355598543711,-0.1973156584886984,1.95
2.017834875245948,0.37323345291179133,2.38
1.9227330182633267,0.49799483977719566,2.32
1.2170767119681887,0.5564725275353356,2.83
1.547503875641332,0.18716499494770572,2.77
1.784754960569847,0.22889224093666474,1.3
1.666127014163181,0.23754732277197574,3.74
0.18726199985416278,-2.054827015570388,2.82
0.3139280251680747,-1.8779769320014301,1.15
0.23079153315993645,-1.7600726398508055,0.73
1.68299857013078,0.058168268285315225,3.27
1.724366384453472,0.15617162470038212,1.33
1.9600289689876857,0.5054261460081686,3.27
1.4518186197133147,-1.2214204075819088,1.79
0.04874980920436654,-1.8799921147977143,2.08
0.17341913469565054,-1.6059302199031775,1.2
-0.43854833684359285,-1.7230835299170062,1.12
1.5643922499570073,-0.13755494668449014,2.24
1.5652585213079329,-1.4318572215711063,0.99
-0.6150490727224961,-1.9999455279446974,1.07
1.4236385666667948,-0.9932279121338182,0.86
0.9289312469922051,-1.9040850914774994,2.01
1.6651976763688197,-0.12761507360958055,2.37
0.710238232576429,-1.56660805453713,0.75
-0.23673709770004253,-1.598448393793669,2.23
1.296513369792291,-0.9053873308701932,1.6
0.16788900821346794,-1.7755894325346584,1.1
1.038515994611081,-1.0412679054664489,2.14
0.19334683415298032,-1.8448393828473817,1.17
0.9159032248154639,-1.8782787602779283,2.43
0.19334667731544164,-1.8448393690034741,1.05
0.4419501240612915,-1.7134044696730395,2.25
1.0125645392328735,-0.9253159906601707,1.43
1.8564371372666528,-0.09661255799260669,4.28
0.1157070934943497,-2.1045910842719824,1.08
1.6388855297164195,-1.1814597041468575,0.62
1.5937942088140076,-1.0662459217955986,1.96
1.6651976763688188,-0.12761507360958027,2.89
1.4076157801709899,0.02077034279800904,1.28
0.1286316203327221,-1.6315870587761128,1.04
-0.30588462593707055,-1.7977958918419192,3.47
1.1560229395830055,-0.9779230092325164,2.81
1.9938195709293378,-0.2579235283250274,2.34
0.3964824890670945,-1.6405150018804986,3.06
1.2965133697922924,-0.9053873308701941,1.94
1.4964212432088162,0.4984619941195367,2.26
1.6446691501617012,-1.2879601383354427,1.69
1.7672327204423024,-1.0004891652422052,2.09
1.8150509233401255,-0.21643966976763654,2.45
1.5804246304166005,0.5179006850431976,3.51
1.8830275754291237,0.30479415125742987,2.79
1.3082140891605951,-0.8669729716318808,2.06
0.23079153315993656,-1.7600726398508058,0.89
1.5666019920410645,-1.2567273212787797,2.13
0.48701243009376843,-2.031727999557598,2.13
1.2965133697922926,-0.9053873308701927,1.98
0.5106080873160268,-1.7821985928599409,2.71
0.1258724521986489,-1.9571842270963793,1.67
0.19334656508816944,-1.8448393590972105,1.11
1.6677194238725552,-0.36469401486963243,3.04
1.3583277484880227,-1.5164973990297177,1.01
1.665197676368818,-0.1276150736095807,2.59
0.3580196894903758,-1.4573568822255256,2.88
0.13435107330627155,-1.85344912345171,1.05
1.5528881844149263,0.5973784930728896,2.11
1.5643922499570073,-0.13755494668449023,2.75
0.363221393997257,-2.1232652747379293,0.99
1.6803812210115598,-0.21215990336575408,1.32
1.429732978840619,-0.8983601240518574,1.87
1.175395494719563,0.2930381239899108,3.25
0.6492111456942853,-1.4220583970505396,1.36
0.29534184131562125,-1.4176258927750574,1.4
1.2170767120977406,0.556472528799329,1.88
1.1224838215833732,-1.2317250441245717,1.25
1.74807360371934,0.08703557072286074,3.12
0.26969765414072977,-1.5786727648529235,1.61
1.6332178898820866,-1.3300183940223242,0.65
1.7986851205176102,-0.27573503375398656,0.76
1.444691778265111,-0.31472754025370214,1.47
0.3139280250934071,-1.8779769320118254,0.73
1.1242093168496958,-1.2675474510044549,1.43
1.7166117824802756,-0.13078177204536523,3.03
1.6803812210115587,-0.21215990336575447,0.78
1.757925001765485,0.8120586107884248,0.97
1.3697100910952806,-1.2116369944448988,1.51
1.3618857466135152,-0.19509517237828286,2.47
0.4114377504752191,-1.546465266571117,1.46
1.5465678552028004,0.7321352220855443,1.91
1.5643922499570069,-0.13755494668449028,1.67
0.49706865299379677,-2.0677348056392293,1.17
0.3720905736599145,-1.4947057749945094,2.57
1.2981932412801418,-1.3471170497612377,1.95
1.7580418818101913,0.9388303901050482,1.52
1.7704199641214007,-0.21918112442955406,1.82
0.42415019208577576,-0.6643061572780783,0.61
1.5726707200740744,0.07094626940903273,1.76
1.7480736037038045,0.08703557063645102,3.12
0.23079153315993647,-1.760072639850805,0.64
2.111618571605714,-0.19979934904910107,1.85
1.4045797138078382,-0.21030136629116897,2.42
1.5508925543187961,-1.5382355303384023,0.56
1.5365984027460333,-1.3326310391093665,1.49
1.7243663844610229,0.15617162467327772,0.87
0.734123853864963,-1.4908771590147478,1.82
1.3297746555377676,-0.24721688795681046,0.9
1.6803812210115643,-0.21215990336575474,0.81
1.8596897281846256,-0.9263384338292651,1.25
1.8233486658869391,0.0050509247775499455,2.44
1.4045797138078318,-0.21030136629112708,2.98
0.48772251434638475,-1.5660191609482919,1.67
-0.35845523970059495,-1.6177291781623513,0.72
0.3720905736598573,-1.494705774994522,2.87
0.8641741493618321,-1.9445626984125417,0.65
1.1242093168497254,-1.26754745100462,1.42
1.1242093168498226,-1.2675474510051732,0.94
0.3526613554398425,-0.7575384966459385,0.62
1.7943346415512338,-1.0594467279271895,1.53
1.568517217051218,-0.4231974645723594,1.77
1.2622917742491302,-1.3891142520792306,0.67
0.32268095052555046,-1.5797226626234284,1.19
1.3697100910952766,-1.2116369944449015,1.91
1.6647108109844533,-0.24659683922849887,1.49
1.1242093168498226,-1.2675474510051685,1.4
0.3139280249827349,-1.8779769320272335,0.67
1.7764974632247368,-0.4108730945783674,0.77
1.4076158897026063,0.020770507997598737,1.03
1.0818904566202099,-1.0231721126961635,0.68
1.6560327935648373,0.1471192559884975,0.76
1.7696643570388524,1.0444873365485339,1.89
1.4045797138078353,-0.21030136629116242,2.42
0.27650198841716594,-2.0982106358861348,0.66
0.4419501240612836,-1.7134044696730464,1.18
1.0608088941097766,0.08989164699999369,2.33
1.2723555985437107,-0.19731565848869856,1.69
2.0013726953064213,-0.4603175057273968,0.77
1.680381221011559,-0.21215990336575424,0.79
1.1760953778116878,-1.2360266613656339,0.61
1.5276562324268745,0.8189480206456209,0.88
0.46142461612595864,-0.5777828105851309,1.81
1.1481743403541922,0.7006630847431329,2.86
-0.31485641328450154,-1.6460584919410404,0.9
1.4348683697218458,0.7389782046056653,1.29
0.4987938399100272,-0.624914632734778,1.58
-0.1965787921145041,-1.364561465414397,1.83
-0.40655669805875494,-1.754811087776291,1.15
1.4647275679099898,0.8449752825978002,3.18
1.4562597380128441,0.4671348921211852,3.7
1.2759598376900099,0.7438092039705194,1.31
0.49990401710138604,-0.6593100950041949,1.23
-0.5574849540311692,-1.5566516409622957,2.12
1.2481615959827879,0.5442729475239227,2.28
1.1108094681764893,0.2786373262827733,4.52
0.05197458814681959,-1.316465143737862,3.12
-0.312883778874701,-0.6189156761661023,0.98
0.5224986463762935,-0.6796513406066113,3.08
-0.3833664749068803,-2.0037591950488496,0.93
0.4265392825555935,-0.780592370550813,1.76
0.4149681464154579,-0.9147653443924565,0.97
1.0299083682318841,1.1563301023919277,1.26
1.3082140891606382,-0.8669729716318929,2.09
0.32268095052555024,-1.5797226626234318,1.84
1.166209614862511,-1.142700415132241,1.75
1.5643922499570087,-0.1375549466844903,2.27
1.5608775576721001,-0.0677246278605672,2.44
1.1224838164349116,-1.231725044657032,2.1
1.3954652452676874,-0.968448283435816,0.95
0.8673058093716773,-1.8523784353866002,1.91
0.29534184131562125,-1.4176258927750567,1.38
-0.09196077332460123,-1.7681899093086584,2.15
1.5685172170512116,-0.42319746457235696,2.33
1.7940320416632498,0.3702054599322316,2.7
0.6492111456942852,-1.4220583970505385,2.32
1.358765998236881,0.40104539665438227,2.28
1.0125645392328746,-0.9253159906601711,2.08
0.49706854017289015,-2.0677348357930465,1.9
0.29534184131562147,-1.4176258927750567,2.06
1.1242093168497207,-1.2675474510045937,1.85
-0.3244398795501635,-1.6967892283152954,1.86
0.2696976541398545,-1.5786727648539394,2.1
0.6175137299130503,-1.7605416135853955,3.69
1.82327263991988,0.20748595427337913,1.26
1.7243663844519057,0.1561716247060093,0.86
1.8232726399434964,0.20748595423434818,1.31
1.2152320028102623,-1.2005654247534308,1.0
0.6881703460754254,-1.5500746110463328,0.71
1.7639711773857156,0.8689519622578711,3.58
1.018894255342354,-0.8752635350483183,2.08
0.258181461958558,-1.4107984802957498,2.24
-0.38017004472805177,-1.7238703611646031,3.74
1.4847098490458583,-0.9458640549461188,0.99
-0.3869163285965835,-1.8210537092715728,3.71
0.23079153315993653,-1.7600726398508044,0.9
0.3964824890671122,-1.6405150018804902,2.81
1.7764974708631494,-0.4108730812807881,0.77
1.444691778265111,-0.3147275402537031,2.27
1.9432245142246163,0.5566640069691984,1.35
0.3226809505255515,-1.5797226626234306,1.21
2.01748908408178,0.8414275392737586,2.38
1.1745370858971438,-1.1041956601957164,2.12
0.3964824890672665,-1.6405150018804093,3.1
1.874274045812643,0.6311065929146339,3.81
1.6560327935549726,0.1471192559787115,1.24
2.1018516011543342,-0.3143134558873495,1.14
1.4446917782651103,-0.31472754025370264,2.35
1.0385159945849947,-1.0412679054322527,2.06
1.2267575947518339,0.7033504428642255,2.28
1.3152754280558603,-1.1812568227775606,2.07
1.7479905753285017,0.009139318924115191,3.82
1.5666019898684211,-1.2567273246690769,1.7
0.6218881546800682,-1.7457243042892372,3.59
0.13435107330625262,-1.8534491234517074,1.07
0.19334645970678438,-1.844839349795185,0.76
-0.10588831486670568,-1.9105190646984056,2.16
0.19334661713939463,-1.8448393636917617,0.9
0.1933466220033311,-1.844839364121102,1.09
1.4960773683032127,0.8313166519308495,3.64
1.8233486658869125,0.005050924777642762,4.81
2.111618571491232,-0.19979935259568068,3.15
0.4877225143463855,-1.5660191609482905,2.24
1.2999543371439946,-1.235475783597247,1.6
-0.3691352237714922,-1.7978477501515602,1.05
1.9177838638856446,-0.049368627582184514,1.11
1.5257158156445054,-1.543354159561863,2.16
1.7329288938324932,-0.3812655201694171,1.85
0.49706844619442797,-2.0677348609108277,1.71
0.4236782015817154,-2.143452190704854,1.0
1.765019369798726,-0.027867113898796265,1.46
0.7341238538649636,-1.4908771590147476,2.6
0.4114377504789042,-1.5464652665709961,2.53
0.5660456856597129,-1.8899510494617036,3.28
-0.45365286930232235,-2.035676857315297,0.95
0.4870059757224298,-2.0317294849145124,2.57
1.4990449155786643,-1.3852717096380254,1.68
1.5000017940013612,0.6835267442388924,1.13
1.7369663457081,-0.46689136987306545,1.34
1.0125645392328746,-0.9253159906601716,1.59
1.8139821679145138,-0.42435737045208366,2.6
0.14140874621356134,-1.7453388337632059,0.89
0.39648248906710604,-1.6405150018804935,1.49
0.37209057365999193,-1.4947057749944934,3.13
1.2723555985437107,-0.19731565848869878,2.31
0.7102382325764293,-1.5666080545371304,1.04
1.522505745538732,0.5714746129741174,1.1
0.4419501240613191,-1.7134044696730208,2.36
0.6036938417855908,-2.1058712434845193,3.14
1.3162619798092248,-1.276004080789797,1.02
1.5023903088374033,0.5130996600618262,3.52
1.80825553003313,-0.09404026168913636,2.22
0.4419501240612897,-1.7134044696730406,1.87
2.025766830482943,0.4678274648702946,1.28
2.12739276803728,-0.3555701754383835,2.56
1.3496374801087514,-1.4745748495959141,1.74
1.8564371370073094,-0.09661256765911816,3.71
0.5106080873160276,-1.7821985928599413,2.56
1.5434168750526134,0.9032855751407736,4.5
1.7369663457080933,-0.46689136987307217,1.31
1.5581828918746838,-1.5547436930904703,2.68
1.2981932412824109,-1.3471170497604497,2.71
1.2199257350433745,-1.3572604803600816,1.6
1.5225604217139688,0.7830400721919306,2.79
1.2883116773666474,-1.12630848661314,2.07
1.6803812210115578,-0.21215990336575405,0.78
1.4847098490456963,-0.9458640549446972,0.63
0.9651576056766751,-0.8354605460805282,1.29
1.808255536578909,-0.09404033275531135,1.84
1.8723610135497037,0.3658987975925061,2.29
0.8740076603974457,-1.78020512031424,1.86
0.6502250474824919,-0.5363466749471025,0.75
0.6492111456942851,-1.422058397050539,1.45
0.8673058093716713,-1.8523784353866024,1.17
1.5475218213484156,-0.006085916545227914,1.66
1.4297329788406246,-0.8983601240518582,1.62
0.5963188176735498,-0.45794600927709417,1.19
1.9810447997877099,0.3398514286371028,1.24
0.6230496546336792,-1.3927975386275866,1.43
1.7378136797135415,0.6685050680188513,1.33
1.7369663457080915,-0.46689136987307106,1.12
1.4885980778007775,-0.3288746104072109,2.89
0.22808816569690302,-2.0684451154128873,2.34
-0.37263445007995105,-1.8283588448338237,0.91
1.6651976763688199,-0.12761507360958038,3.04
2.09249526997955,-0.08865270368759329,2.93
1.564392249957009,-0.13755494668449034,2.51
1.2427338636181506,-1.1828763195077996,0.8
1.8100968740573629,0.9375767998861718,2.42
1.8502350956930418,-0.18476975790104175,0.89
1.7460431094247564,0.8366462948908682,1.38
1.329774655536867,-0.24721688795421437,1.12
1.0818904566245178,-1.0231721126967717,1.05
0.3632213378563303,-2.1232652819257916,0.94
1.6326504087516946,0.6213660087518729,1.14
0.23079153315993664,-1.760072639850806,1.03
1.5215764507658243,-1.4852969125015736,0.86
1.6560327935644874,0.14711925598815118,1.28
1.7505543660681935,-1.0330587692047266,0.98
0.35266135543971533,-0.757538496646153,1.02
1.6690355611663805,-0.9587911569218038,0.7
0.17341913469689085,-1.6059302199013226,0.65
1.2723555985437123,-0.19731565848869842,1.43
0.29534184131562047,-1.4176258927750571,1.63
1.2205536195776523,0.23593122475910613,3.12
1.2981932412782033,-1.3471170497619078,2.16
0.4970685254739931,-2.0677348397216453,1.17
1.5643922499570078,-0.13755494668449036,1.69
1.2325989011439984,-1.3193857415284345,1.48
1.657120196851746,0.6046303197123248,2.48
-0.27225973273301374,-2.1507957384536978,2.84
-0.9295198033415282,-1.7376515747423327,1.09
1.7943177622311355,0.6759769801739314,1.33
1.9952189891758287,0.8653138090232032,1.16
1.355934992405685,1.6144963612475018,1.34
1.4045797138079243,-0.210301366291781,3.7
0.17341913469540224,-1.6059302199035497,0.92
1.561768762892671,0.6970279694800651,3.1
1.17609537781198,-1.236026661365041,0.81
0.03609737526379097,-1.2191491167726347,1.92
0.07612198123528896,-1.9520659775730982,2.79
-0.5225934532425055,-1.9179915245714958,3.96
0.29534184131562174,-1.417625892775057,2.24
2.001372695471421,-0.4603175052790641,1.14
1.012564539232874,-0.9253159906601709,1.81
1.0818904566247582,-1.0231721126968054,0.95
-0.19393891179183,-1.5258791877363032,2.57
-0.3847805174931226,-1.792460886016648,0.92
0.35801968949037655,-1.457356882225524,2.79
0.9289312469921616,-1.9040850914775258,3.27
0.39648248906727096,-1.640515001880408,2.52
-0.1904962979280083,-2.0592136998463166,2.57
1.5225057265461286,0.571474664419241,1.22
1.9138370963355853,0.752520245791685,3.77
-0.2680552378592388,-1.6085779365292947,3.31
0.3790081744209706,-0.6785862470613183,2.76
-0.9802458486707113,-1.5479887624053559,2.54
1.4236385666667937,-0.9932279121338178,0.96
1.355728839123989,0.47574962193161,2.84
1.757837818049237,-1.2174501278280603,0.86
1.2852877488745145,-1.6638578024888027,1.65
1.2883116773107002,-1.1263084866468185,3.01
0.6811229534889272,-0.5523002078728234,1.77
0.3301684319509182,-0.8356210861024758,1.0
-1.5881891542291238,0.7803759384536385,0.71
-1.7282005003431102,1.2844293006551035,0.81
-0.35083171052902384,1.8407955183892715,2.96
-0.44303263777921414,2.086241779534762,3.03
-0.7881176478000197,1.661523292286986,0.98
-0.607048434186631,1.9622159271845838,2.91
-1.9076152894776188,0.1672534404545203,1.88
-2.035156502053027,0.5477504216250477,0.89
-0.03362442586637039,2.064955495522648,0.99
-1.8149312891845748,0.3944367243055572,0.82
-0.6852603841240408,1.4906429018461447,0.9
-1.541546763872244,-0.4328297208885228,0.74
-0.7564425783358403,1.3843707699270096,1.8
-0.6902310612823263,1.289157761682313,1.72
-1.804661478614396,0.05683213050383431,1.5
-1.6283897711202067,1.0830393657835813,0.72
-0.7318990435240528,1.5966122953840396,1.4
-0.15737083367323274,1.132238173691876,1.67
-1.4524433609607634,1.4527273101119023,1.52
-0.7823973631431511,1.5118602515823791,2.81
-1.7977806421995768,1.1242511364229064,0.77
-1.264254544760218,1.1419917771567303,1.9
-0.8219331409234907,1.879007742233248,1.0
-1.712680555706167,0.006716467257904987,1.36
-0.3173744759888899,2.0400083210408626,2.25
-1.9821700396846464,-0.03866501334551622,0.79
-1.5072480769664118,1.186720561700654,1.98
-0.42289182913557155,1.6144132446828998,1.7
-0.33075244760360395,1.7043085358641974,2.76
-1.5881891542291224,0.7803759384536384,0.7
-1.9388248620084823,0.5384504848132543,1.47
-0.975415966357312,0.3816961887907801,1.5
-0.8052551375883035,1.3630093638827796,0.87
-1.9489874783357592,-0.24538891218211745,2.35
-1.5238744508863087,0.9615064927929572,1.98
0.4211231325666673,1.703295832836898,0.94
-1.851115439389422,-0.032872165661342455,0.71
-1.9247902784145916,-0.02584672315465077,2.47
-0.6128013995781799,1.92229087438913,2.33
-1.7725215390622762,-0.5647920652909088,0.74
-1.7747633955473014,1.281903968859099,0.75
-0.4228918291353774,1.6144132446830588,1.84
-1.6751272442563014,0.9376315407236463,0.63
-1.7985348754991037,-0.1909951891604001,1.37
-1.8104933215936339,-0.10202560896310085,2.25
-0.9097812568045638,1.7733206450418317,2.28
-2.1153639324524605,-0.3523211159238872,0.89
-1.5300577411853304,1.046978515213135,1.86
-1.810493321593722,-0.10202560896323827,2.3
-1.7126805557061684,0.006716467257905177,1.46
-0.35687459119680076,0.9869499440234781,0.84
-0.7564425783358399,1.3843707699270102,1.72
-1.6198875084947384,1.3877610263419236,1.75
-1.5500589274429204,1.0757216144309767,0.76
-2.173506137452373,0.0973492564263617,0.87
-1.3103841761253527,1.2475007901409543,2.71
-1.5148276756584969,-0.6705634550974771,1.81
-1.4618608950102172,0.8502518138277884,1.3
-1.8309479520904357,0.18578670981472398,1.5
-0.9172335222854358,1.812985560897396,3.12
-1.7720131951563287,0.2759178814927998,1.09
-2.093865571593639,0.28061511725585886,0.87
-2.112388829826161,-0.35641755294242083,0.85
-0.8219331409234762,1.8790077422332516,1.14
-1.3577091428354502,1.0916741864916606,0.69
-1.6193728643529062,0.8966489488833671,0.73
-0.8052551375883045,1.3630093638827785,0.86
-1.588189154229123,0.7803759384536382,0.59
-1.6283897714410718,1.0830393653960362,0.72
-2.0084021590018217,0.5982054672477722,2.46
-1.644021226326502,0.2504255036143416,1.83
-1.4524433609607628,1.4527273101119016,1.59
-2.169425108919636,0.04784728260118309,2.44
-1.022574600392061,0.5533878865177113,0.57
-1.7294016295652017,0.11364967885644639,1.5
-1.278812804614802,1.1239596365862004,1.21
0.2259199434486367,2.0182456708385534,2.91
-0.8680004440237131,1.4723938742349718,0.91
-1.3439448104633567,0.9730809523664509,1.28
-0.9097812568045639,1.77332064504183,2.4
-1.018399224676871,1.7504661414152174,0.97
0.1885082997643657,1.644103351269378,0.85
-0.7297106160166973,1.8120915167324625,1.74
-1.8511154393894225,-0.03287216566134251,0.72
-0.6128013995781801,1.9222908743891314,2.3
-1.3848853648572783,1.2001060151339709,0.71
-1.4556913164587788,1.3755939327007196,1.27
-1.718552770260798,-0.45951870425506636,1.39
-1.851115439389423,-0.032872165661342455,0.75
-0.5495787673226814,1.6512850168895534,2.22
-1.6193728643529044,0.8966489488833665,0.72
0.40403650474705805,1.646371176553037,1.48
-0.7297106160166968,1.8120915167324636,1.88
-1.7977806421995766,1.1242511364229049,0.84
-0.45658280302137944,2.051205476130522,2.35
-1.8760928453343897,0.13664517452872005,1.09
0.4840147246004581,1.670874760439987,1.47
-1.2375131458930624,1.0040113983243018,1.17
-1.876092845334389,0.13664517452872021,0.79
-1.8511154393894211,-0.032872165661342496,0.74
-1.8149312891845744,0.39443672430555715,1.15
-1.5515873577292634,0.874633202962127,0.6
-2.1382877191038454,-0.19663033866011373,0.88
-1.5987711422806092,1.367392529280953,1.65
-2.093865571593513,0.28061511725642746,0.99
-1.6193728643529055,0.8966489488833665,0.68
-1.5881891542291235,0.7803759384536376,0.64
-0.38253044167568995,1.787061299989286,2.2
-1.4556913164587786,1.3755939327007198,1.35
-0.31177816066513103,1.7531496679642253,2.33
-1.6193728643529048,0.8966489488833663,1.09
-1.998598491818186,0.3006614094461027,1.55
-1.480953830134145,0.9197217546035158,1.39
-0.5229992305212056,1.5120117424916324,1.72
-0.07777759948458551,1.7551667612299415,2.37
-1.932783727535126,0.0484678670588618,0.84
-0.5495787673226826,1.6512850168895512,2.29
-1.4618608950102194,0.8502518138277884,1.31
0.1446946802578087,2.01067492996589,2.36
-1.2375131458930622,1.004011398324301,1.2
-0.33075244771349044,1.7043085358261378,2.21
-0.9097812568045645,1.7733206450418293,2.35
-2.1735061384779555,0.09734920915145857,0.84
-1.7725215390622762,-0.564792065290916,0.74
-0.29008821351354325,1.7771641838380332,2.88
-1.6440212263265013,0.25042550361434135,1.45
-1.9821700396803834,-0.038665013282558024,0.81
-1.5881891542291244,0.7803759384536374,0.63
-0.83723965962574,1.9771694929334525,1.01
-1.836969672391313,-0.5323703107819111,0.76
-0.6068958932485535,1.6075611985768141,1.79
-0.6070484341866306,1.9622159271845865,2.85
-1.5881891542291249,0.7803759384536378,0.67
-0.2041018538823176,0.9897323039059441,2.41
-1.6283897812484334,1.0830393535505332,0.75
-0.7318990435240543,1.5966122953840343,0.94
-0.5385975059807963,1.9742821136085411,1.77
-1.2788128046147982,1.1239596365862,1.14
-1.8760928453343881,0.13664517452872055,1.12
0.5464716939658293,1.8068942970208233,2.39
-1.6946670067545857,0.3728020751631173,1.49
-0.5361736195031399,1.7019645374654657,2.81
-2.0084021590018226,0.5982054672477707,2.5
-1.8760928453343897,0.1366451745287202,1.12
-0.5361736195031429,1.7019645374654657,2.77
0.10756130621165592,1.7492887990667467,1.87
-1.4697467859831055,1.4849668126638589,1.93
-0.8372804944730111,1.9771503864851683,1.02
-0.27304809893447407,1.821405004101125,2.91
-1.4777425250650147,0.7868919547875902,1.9
-1.5881891542291247,0.7803759384536376,0.62
-1.7443557738661162,0.1505065247378106,1.59
-1.810493321593718,-0.10202560896323405,2.26
-0.868000444023711,1.4723938742349718,1.34
-1.9327837274367596,0.04846786738864493,0.8
-1.4777425250649954,0.7868919547876143,1.91
-0.6070484341866298,1.9622159271845887,2.86
-1.0482781587303946,0.2475385530065509,0.95
-1.7443557738661162,0.1505065247378108,1.48
-1.4556913164587784,1.3755939327007185,1.24
-0.5361736195031387,1.701964537465466,2.77
-2.00840215900182,0.598205467247772,2.52
-0.6070484341866312,1.9622159271845856,2.84
-0.6070484341866313,1.9622159271845852,2.98
-1.8149312891845761,0.3944367243055571,0.78
0.19110804597482364,1.6026812147577276,1.78
-0.8372347732651692,1.9771717788188106,1.02
-1.5987713284427532,1.3673923317529717,1.51
-1.357709142835451,1.091674186491661,0.7
-1.7977806421995752,1.124251136422908,0.79
-2.063617927465594,-0.42006143249727645,1.88
-1.5881891542291233,0.7803759384536385,0.61
-0.6128013995781794,1.9222908743891292,2.23
-1.5881891542291235,0.7803759384536373,0.66
-1.0225746003920453,0.5533878865177263,0.56
-0.6369240338834201,1.5246816538625239,1.69
-1.5515873563369167,0.8746332046753121,0.66
-1.5881891542291247,0.7803759384536382,0.61
-1.2642545447602607,1.1419917771567973,1.92
-1.8046614786143937,0.0568321305038397,1.83
-1.3166026615829305,-0.22108220269260406,1.35
-0.8136187851565909,1.9372932217343553,0.99
-0.5361736195031406,1.7019645374654644,2.82
-2.035156502053029,0.5477504216250472,1.17
-1.8511154393894236,-0.032872165661342635,0.69
-0.03509223560886989,1.9861964786543456,1.75
-0.9172335222854349,1.8129855608973944,2.85
-0.9097812568045645,1.7733206450418322,2.37
-1.675127244365751,0.9376315405798101,0.77
-0.8052551375883036,1.3630093638827763,0.86
-1.482427104373188,1.1544485312836197,1.4
-1.4239921779540605,0.7417623584749391,1.12
-1.9909462407806202,0.07639664358286073,1.17
-0.6068958957668816,1.6075611986092144,1.79
-1.5979617788297926,1.2833048384476993,1.23
-0.1164874551553236,1.1800722558215315,2.28
-0.9387198837574955,1.6843931318762753,1.76
-1.2375131458930628,1.0040113983243006,1.12
-1.343944810463367,0.9730809523664105,1.18
-0.009518745166640285,1.5865207795843868,1.75
-1.7126805557061704,0.006716467257904362,1.33
-1.7720131951563283,0.2759178814927994,0.76
-0.8680004440237121,1.4723938742349716,0.93
-0.5361736195031388,1.7019645374654637,2.87
-2.1009349217080633,-0.24989448000434591,0.86
-1.4556913164587795,1.3755939327007178,1.22
-1.615611133495771,1.4073355812307775,1.99
-0.5361736195031405,1.7019645374654646,2.8
-1.0687259265172633,0.9461035678581702,1.33
-0.8753983774060812,0.5813920723381465,1.95
-1.4518212575314033,1.188798422900739,1.97
-0.42289182913543594,1.6144132446830135,1.72
-1.2860477548003544,1.2103913403324547,1.3
-0.9172335222854359,1.8129855608973955,4.23
-0.8871115105125564,0.5682643358878883,1.47
-1.8511154393894242,-0.03287216566134266,0.79
-0.5585785517166837,1.4753685288155256,0.88
-0.5495787673226818,1.6512850168895525,2.23
-0.6128013995781796,1.9222908743891314,3.7
-1.5510509576456653,1.4161367839609902,0.77
-1.8821973454945642,-0.7274979935624643,0.72
-1.8149312891845755,0.3944367243055573,0.79
-1.7165545850347181,-0.09552574784513673,1.36
-2.035156502053029,0.5477504216250468,0.9
-0.9097812568045645,1.7733206450418295,2.29
-1.6751272442869551,0.9376315406833606,0.62
-1.477742525064994,0.7868919547876116,1.88
-1.5515873563519063,0.8746332046568727,0.6
-1.6325093177394614,1.0206906833072134,1.07
-0.558577441749624,1.4753690845350538,0.87
-1.9388248620084836,0.538450484813254,1.53
-1.7282005021564082,1.2844292980178154,0.84
-1.4398762114868175,-0.46410783314673903,1.96
-2.0882328143819966,0.26029537531788793,2.44
-1.8309479520904322,0.18578670981472153,1.45
-0.8219331409234553,1.8790077422332572,1.02
-1.7025713796997142,1.2828938948671567,0.89
-1.0183992246768712,1.7504661414152165,1.02
-1.964021893111549,-0.10772959730285428,2.41
-0.8680004440237121,1.4723938742349723,0.94
-0.007936458184840364,1.6120793242590254,0.94
-1.5881891542291227,0.7803759384536372,0.62
-0.8052551375883048,1.3630093638827792,0.9
0.3082945556072598,1.6525516128455655,1.82
-1.5881891542291242,0.7803759384536381,0.63
-0.6852603841240394,1.4906429018461453,0.85
-1.357709142835452,1.0916741864916606,0.65
0.5464716939662037,1.8068942970208457,2.4
-1.6946670067545875,0.3728020751631179,1.44
-1.8511154393894234,-0.03287216566134241,0.78
-1.7977806421994738,1.1242511364230734,0.78
-1.4777425250649958,0.7868919547876125,1.97
0.5440516513104825,1.8194185713105242,0.78
-1.8104933215937176,-0.10202560896323387,2.34
-0.7823973631431512,1.5118602515823774,2.8
-1.9909462571815217,0.07639657623331834,1.09
-1.8511154393894231,-0.03287216566134258,0.75
-1.426242781538397,0.564338183638634,0.65
-0.5495787673226822,1.6512850168895525,2.25
-1.2375131458930617,1.0040113983243009,1.16
-1.8046614786143933,0.05683213050383891,1.44
-2.0938655715936227,0.28061511725593286,0.88
-1.6193728643529042,0.8966489488833671,0.72
-1.2375131458930617,1.0040113983243009,1.19
-0.3480282726099947,2.054782070667475,2.9
-2.093865571593543,0.28061511725629007,0.87
-1.4880148042663701,1.0075378405242994,1.61
-1.5881891542291238,0.7803759384536381,0.59
0.6035057477334812,1.8759270551494467,2.41
-1.6751272543037,0.9376315275194941,0.66
0.18713040694783023,2.1185412943474287,1.06
-1.7747634370738925,1.2819039080192032,0.81
-1.9778717968647768,0.580363553195713,1.99
-1.9778717968647772,0.5803635531957134,2.0
0.12300662152324267,1.5196041169884533,0.83
-2.173506139172784,0.09734917712281903,0.89
-1.2013515342563268,0.8261093437642523,1.44
-1.5881891542291238,0.7803759384536378,0.67
-1.7732019025689545,0.41457122891288184,2.55
-1.316602661582933,-0.22108220269260426,1.38
-1.2788128046148026,1.1239596365862,1.19
-1.5881891542291238,0.7803759384536378,0.68
-2.093865571593564,0.28061511725620186,0.9
-1.7977806421995766,1.1242511364229062,0.77
-1.6946670067545897,0.37280207516311775,1.92
-1.0972558364265304,0.3312040838553166,0.6
-1.729401629565094,0.11364967885664626,1.43
-1.7977806421994995,1.1242511364230316,0.79
-1.851115439389422,-0.03287216566134272,0.81
-2.0084021590018204,0.5982054672477719,2.73
-1.8511154393894225,-0.032872165661342594,0.77
-1.1411172596701153,0.7596903387865178,1.21
-2.0084021590018213,0.5982054672477725,2.5
-1.6545813289090667,1.3777177611791682,1.55
-1.6283897813668313,1.0830393534075307,0.67
-1.2788128046148024,1.123959636586201,1.15
-1.264254544760219,1.141991777156732,1.94
-1.452443360960763,1.4527273101119016,1.55
-1.469746785983105,1.4849668126638604,2.15
-2.0084021590018213,0.5982054672477722,3.57
-1.343944810463379,0.9730809523663558,1.16
-1.3081531094990821,0.8179990309418178,1.16
-2.0882328143807407,0.26029537532019104,2.56
-1.022574600377881,0.5533878865306806,0.55
-1.7720131951563278,0.2759178814927995,0.71
-1.4556913164587784,1.3755939327007185,1.45
-1.3577091428354517,1.0916741864916604,0.64
-1.348001282479654,1.536662623368294,1.97
-1.9778717968647772,0.5803635531957126,2.05
-1.8760928453343895,0.13664517452872024,0.84
-1.7126805557061706,0.006716467257904326,1.35
-1.320198702458347,1.3935981892876994,1.2
0.1539597533639494,2.132515883129508,1.04
-0.8219331409234836,1.8790077422332512,1.06
-0.63692403388342,1.5246816538625225,1.71
-0.6852603841240388,1.490642901846146,0.85
-0.20410185388232183,0.9897323039059437,2.85
-0.7318990435240531,1.596612295384036,0.92
-1.8511154393894225,-0.03287216566134244,0.78
-0.9387198837574963,1.684393131876275,1.82
-1.5300577502269694,1.0469785035433912,1.99
-2.0711031131552944,0.3738907022974063,2.16
-0.3200809723703664,1.0052213524468656,0.83
-1.7114813932234643,0.2662159796108622,2.31
-0.7209460517135098,1.5827594855177767,0.84
-2.0938655715936076,0.28061511725599775,0.85
-0.909781256804565,1.773320645041829,2.84
-0.7297106160166973,1.8120915167324627,1.81
0.027566581624561274,2.044071871508512,2.3
-1.7256712949925463,1.2175693380154613,1.99
-1.840701267816961,-0.15550871095837038,1.39
-0.4565828030620993,2.0512054761244674,2.28
-0.6070484341866307,1.9622159271845847,2.85
-0.6068958950023037,1.6075611985993794,1.79
-1.9778717968647768,0.580363553195713,1.9
-0.5495787673226821,1.6512850168895532,2.19
-1.7294016295652355,0.11364967885638363,2.1
-1.5510509576456666,1.4161367839609906,0.81
-2.040435534208856,0.3192755088511767,1.96
-1.1814875491444872,0.48862776228421473,0.62
-1.0183992246768723,1.7504661414152158,0.98
-2.173014056940534,0.31313027540107513,0.87
-0.7564425783358398,1.3843707699270107,1.77
-1.8273157841465633,1.0259431367679104,0.8
-1.774763423249595,1.2819039282729479,0.88
-0.9097812568045647,1.773320645041829,2.4
-1.7354329120239576,0.3994952891304529,1.83
-1.948987478335755,-0.24538891218211745,2.29
-1.7640673627529582,-0.45855034207048345,0.8
-1.8824057606368834,-0.3993571261679541,0.78
0.29718796307248696,2.0547082193322765,2.32
-0.10934737623480693,1.5219181722822641,1.93
-0.7077376039194395,0.024922901843995485,2.04
-0.02185963984734736,2.087938197436931,1.03
-1.8463617376255548,-0.47466736029810136,2.66
-2.0788023105012647,-0.48322284744774274,1.67
0.04578191744402115,2.048134398658378,2.27
-1.201351536370922,0.8261093407974125,1.87
0.4668282952993028,1.2379027521042827,0.79
-1.8527451548149783,-0.7439800247255598,0.7
0.1274751451390822,1.7478400542369663,0.84
-1.8292850449548053,1.0802058339531062,2.05
-1.8883513992007197,-0.7249731067977514,1.1
-0.009662898663993712,1.8054747643946856,0.9
0.7908104908953946,1.658231769465782,1.76
0.28956287868651376,2.0807676476839294,2.39
0.19902753704613965,2.110191339766885,2.29
-1.4085212521896056,0.5737707763817025,0.68
-1.1226247121527086,0.7777429534805103,1.4
-1.0289969985374134,0.8890726844495541,1.9
-1.4085212516211685,0.5737707762074511,0.67
0.2783440172605483,1.7089750271199673,2.42
0.1219835521850746,1.682801336933902,1.87
0.2783440175042468,1.7089750271187947,1.65
-1.8824057606368816,-0.3993571261679537,0.76
-0.8951232458204434,-0.03910178088714389,0.64
0.08995916154264025,1.7901992165345597,1.84
-0.021859639847325786,2.0879381974369347,1.0
0.1274749277016155,1.747839943159911,0.88
0.8595403589696442,1.5332196692822029,0.83
-1.8369696723912998,-0.5323703107821471,0.72
-0.02185963984733472,2.087938197436933,0.98
-1.8035830577416343,-0.433027574192149,2.05
-1.7444151655454578,-0.33314036064337677,1.69
0.9173244653951339,1.8767637921706697,3.28
-1.8104933215937202,-0.10202560896323835,2.46
-1.4791633571256804,1.0685188632649862,1.27
-1.3672047863314163,0.2530167589935935,1.48
-0.9097812568045642,1.7733206450418302,2.36
-1.588189154229124,0.7803759384536376,0.64
-1.3439448104633733,0.9730809523663934,1.35
-1.4179137832289215,1.0018450442022508,1.17
-1.9445466635378839,-0.2248007654267259,1.12
-1.4751093081672746,-0.5300400290857538,1.49
-1.417913783229302,1.0018450441998128,1.29
-0.3584752516438309,2.015476531221897,2.27
-1.8760928453343906,0.13664517452872016,1.16
-1.237513145893062,1.0040113983243015,1.19
-1.8922069000476602,-0.5481787125905014,0.81
-1.6325102024105245,1.02068975480582,0.73
-0.6070484341866312,1.9622159271845852,2.97
-1.9909463157054652,0.07639633590723538,0.84
-0.9097812568045649,1.7733206450418295,2.35
-0.7564425783358407,1.3843707699270114,1.72
-2.0938655715935357,0.28061511725632693,0.9
-1.4809538301357557,0.9197217546008155,1.45
-0.38253044167562517,1.7870612999893136,3.28
-1.8104933215937233,-0.10202560896323833,2.31
-1.977871796864778,0.5803635531957131,1.93
-1.3603771624530105,-0.3807321046719983,1.18
-0.45658280290720693,2.0512054761475036,2.34
-1.773201902568953,0.41457122891288134,2.41
-0.6070484341866308,1.9622159271845856,2.85
0.18546453295188753,2.0457949330758947,2.86
-1.4697467859831064,1.4849668126638629,1.99
-1.3577091428354515,1.0916741864916608,0.85
-0.7318990435240542,1.5966122953840385,0.93
-1.773201902568955,0.4145712289128811,2.42
-1.118379179702583,1.0153723300399777,0.81
-0.6852603841240386,1.4906429018461456,0.89
-1.3860595414435546,-0.431219174952022,1.85
-1.4239921779540612,0.7417623584749399,1.18
-1.8511154393894247,-0.03287216566134254,0.73
-0.8136111598894389,1.9372963209609855,0.98
-1.4697467859831064,1.4849668126638595,2.26
-0.2900882138808216,1.7771641837552323,3.52
-0.28193265799332223,1.1556546671770878,0.88
-2.071103113155553,0.37389070229637533,1.5
-0.37605139108258084,1.6437267777348652,0.92
-0.8219331409234978,1.8790077422332456,1.04
-1.5238744508862296,0.9615064927931163,2.48
-1.876092845334391,0.1366451745287203,0.79
0.06263796414229406,1.785114741058326,1.76
-1.6751272543094773,0.9376315275118988,0.65
-0.6070484341866302,1.9622159271845852,3.06
-0.8680004440237123,1.4723938742349707,0.99
-1.588189154229122,0.7803759384536388,0.65
-2.0351565020530287,0.5477504216250467,0.87
-1.9778717968647772,0.5803635531957134,2.91
-1.7443557738661164,0.1505065247378103,1.5
-0.6070484341866312,1.962215927184586,2.85
-0.7823973631431512,1.5118602515823774,2.78
-1.4398762114868133,-0.46410783314673576,2.41
-1.8511154393894236,-0.03287216566134272,0.71
-1.3848853648572812,1.20010601513397,0.7
-1.357709142835452,1.0916741864916604,0.68
-1.5439934659937309,-0.043732667465937576,1.86
-0.6070484341866309,1.962215927184586,2.94
-1.8760928453343906,0.13664517452872021,0.81
-0.6128013995781797,1.922290874389129,2.3
-0.6070484341866308,1.9622159271845847,2.96
0.10676179095356772,1.6913201324812126,2.27
-0.24552786208773883,0.939640458507139,1.52
-1.9909463614577423,0.07639614802718141,0.82
-0.7876263272236085,1.6617810108317084,0.92
-1.6193728643529046,0.8966489488833669,0.73
-0.5229992305211675,1.512011742491657,1.75
-1.8046614786144004,0.05683213050381745,2.06
0.07006387460600931,1.2219021330197224,2.42
-1.8760928453343897,0.1366451745287202,0.81
-1.7720131951563256,0.2759178814927995,0.78
-0.8680004440237118,1.4723938742349718,0.93
-0.5495787673226822,1.6512850168895543,3.32
-0.5495787673226815,1.6512850168895528,2.36
-1.426242781676886,0.5643381837311826,0.69
-1.423992177954061,0.7417623584749395,1.17
-0.63692403388342,1.5246816538625214,1.8
-0.8052551375883038,1.36300936388278,0.85
-0.27304809893447435,1.8214050041011236,2.73
-1.5500589785255254,1.0757215511389167,0.76
-0.6369240338834202,1.5246816538625223,2.53
-0.5495787673226821,1.6512850168895532,2.32
-1.6946670067545893,0.3728020751631182,1.5
-1.5881891542291224,0.7803759384536378,0.68
-1.9233035984462414,-0.4068572322035362,0.57
-1.735432912023956,0.3994952891304518,1.91
-1.773201902568953,0.4145712289128815,2.38
-0.5361736195031386,1.701964537465465,2.8
-0.9466310072347721,0.7324329052756595,1.91
-0.4228918291354187,1.6144132446830264,1.79
-0.7534067496916567,1.5903809756528178,0.96
0.12300662129185291,1.5196041169385315,0.85
-1.2680615707705503,0.19082614381926288,0.96
-1.5415467638722447,-0.43282972088852256,0.77
-1.3468474490172035,-0.48822511094917787,1.44
0.0551386498900542,1.3281534791130116,0.78
-0.08091104343556411,1.1090549661278986,2.16
-0.11648745515604683,1.1800722558212169,2.19
-0.1158699093324541,1.036726888839404,1.79
-0.20410185388232394,0.9897323039059432,2.75
-0.21518722759330697,0.9641238952825991,1.85
-0.9981488803476392,0.37669144743461325,1.56
-0.1771266842497459,1.121654010725963,1.53
0.6945334356159278,1.4367853398158308,2.72
-0.13718372553064875,1.1410618483699795,0.84
-1.4464352312342057,-0.640021056319182,2.35
-1.4435400558545162,-0.579136927228726,1.41
-0.11586990933234852,1.0367268888394536,1.47
-1.0000746572423909,0.3074578747488748,1.22
-0.8753983774060807,0.5813920723381487,1.92
0.10093408152076945,1.3511192094406157,3.57
-1.05764298877465,0.3168926442952324,1.46
-0.17712668425010963,1.1216540107257156,1.53
-1.923303598446235,-0.40685723220343994,0.59
-0.9754159664025877,0.3816961887394102,1.26
-1.439876211486818,-0.4641078331467384,2.45
-0.2819326579985631,1.1556546671732701,0.79
-0.08121755844533304,1.224984790384734,2.71
-0.37553721357758296,0.1081427748361456,1.86
-0.9754159664025281,0.38169618873947636,1.22
-1.4398762114868242,-0.46410783314674203,2.43
-0.11648745515627684,1.1800722558211194,2.2
-1.3860595414435588,-0.43121917495202455,1.8
0.3038435717486241,0.8109365074571167,2.24
-1.7126805557061684,0.006716467257904874,1.39
-0.6836867630509219,1.8618235545781963,1.83
-0.3916221388705666,1.5152768138113277,1.64
-0.6070484341866302,1.9622159271845856,3.57
-1.268060411106475,0.1908340378343277,0.98
-0.5495787673226822,1.6512850168895543,2.32
-1.711481393223465,0.2662159796108624,2.35
-1.8511154393894216,-0.032872165661342295,0.75
-1.932783727536739,0.0484678670534502,1.12
-0.8136116912272164,1.9372961049961592,1.02
0.0321565158841055,1.766590692766382,2.24
-1.8511154393894225,-0.03287216566134217,0.72
-2.1458451744498626,0.16739304209630942,2.47
-2.093175142742227,0.11890998123418993,1.51
-0.33075244773777923,1.7043085358177248,2.21
-1.3577091428354504,1.0916741864916597,1.0
-2.0827276697201014,0.33850871707864005,1.9
-1.4351563775588647,0.8973582302428333,1.17
-0.6068958945890018,1.6075611985940599,1.75
0.40403650473909397,1.6463711765472488,1.46
-0.4523828839550888,1.7381858874256237,0.93
-1.9778717968647772,0.5803635531957139,1.93
-0.7297106160166966,1.8120915167324643,1.79
-1.5096725461886948,0.007233104555358224,1.5
-2.0938655715936303,0.2806151172559057,0.87
-0.6128013995781806,1.9222908743891298,2.52
-2.00840215900182,0.5982054672477716,2.62
-0.8052551375883042,1.3630093638827794,0.87
0.1939708951227236,1.661712133676753,1.73
-1.9766136175188804,-0.17634914469952126,0.78
-0.4420931875127792,1.9570677225674769,1.82
-1.9388248620084827,0.5384504848132543,1.77
-0.9295804714971182,0.3439844354332904,1.13
-1.4524433609607645,1.4527273101119018,1.51
-2.071103113146366,0.3738907023333119,1.58
-1.7977806421994937,1.1242511364230392,0.89
-0.8219331409234838,1.8790077422332518,1.43
-0.4420931970147747,1.9570677204280973,1.77
-1.4262427815415526,0.5643381836407383,0.67
-2.0882328143304663,0.2602953754123776,2.5
-1.4556913164587806,1.3755939327007192,1.32
-0.7297106160166961,1.8120915167324632,1.78
-1.797780642199577,1.1242511364229058,0.79
-1.4351563775588567,0.8973582302428305,1.08
-2.093865571593632,0.280615117255893,0.92
-0.6070484341866319,1.9622159271845852,2.84
-0.6128013995781797,1.9222908743891303,2.88
-2.0938655715936445,0.2806151172558289,0.92
-0.6070484341866316,1.962215927184586,2.91
-1.4398762114868213,-0.4641078331467411,2.28
-0.6369240338834199,1.5246816538625236,1.73
-0.42289182913540446,1.6144132446830397,1.72
-1.4556913164587797,1.3755939327007185,1.26
-2.08893811026882,-0.33590026946303814,0.87
-1.5979617787958067,1.2833048384852346,1.25
-0.3584752516875762,2.015476531217637,2.3
-0.61280139957818,1.9222908743891305,2.34
-1.6946670067545884,0.3728020751631179,1.67
0.10676179092237442,1.6913201324684553,2.44
-2.093175142944799,0.11890997993481196,1.51
-0.11586990933243241,1.0367268888394134,1.71
-1.7443557738661157,0.15050652473781037,1.57
-0.9097812568045642,1.7733206450418293,2.44
-1.6751272543106035,0.937631527510421,0.99
-0.5385975059808149,1.9742821136085393,1.84
0.05769775701282081,2.020421428638379,2.32
-0.8680004440237127,1.4723938742349698,0.93
-1.477742525065016,0.7868919547875894,1.86
-0.44209319847730866,1.9570677200988065,1.84
-0.9097812568045645,1.7733206450418293,2.26
-0.38253044167563444,1.7870612999893098,2.23
-1.6782075308875355,0.833486421591648,0.61
-1.7126805557061693,0.006716467257904854,1.43
-1.9821700396846895,-0.038665013346135,1.14
-2.14879832331394,0.19250517316289695,0.92
-0.3916221388479705,1.515276813831132,1.69
-0.5082186255625194,1.6452094747317454,0.85
-1.5835802924035114,-0.3347447591757465,0.74
-1.851115439389423,-0.03287216566134263,0.74
-0.34802827264562053,2.054782070663997,3.0
-0.8052551375883038,1.3630093638827787,0.82
0.39712079046400833,2.0423482210150428,2.85
-1.851115439389423,-0.03287216566134263,0.74
-0.3584752516545611,2.015476531220853,2.34
-1.8760928453343897,0.13664517452872016,0.82
-1.7443557738661144,0.15050652473781073,1.51
0.19397089529011569,1.6617121336855945,1.71
-0.5361736195031426,1.7019645374654655,3.74
-1.7228527520341204,-0.8799610903305333,1.17
-1.4697467859831055,1.484966812663861,1.95
-0.38253044167722455,1.7870612999886013,2.28
-1.2375131458930626,1.0040113983243026,1.16
-0.7272064433140029,1.921130142986123,2.64
-0.3825304416756431,1.7870612999893067,2.21
-2.0928311881104773,-0.5730624830055902,1.83
-1.550058987400646,1.075721540142505,0.73
-1.5979617769099268,1.2833048405680385,1.23
-0.39162213928990863,1.515276813443791,1.83
-0.6128013995781801,1.922290874389129,2.26
-0.6852603841240399,1.490642901846145,0.87
-0.8136133248772656,1.9372954409977143,0.98
-0.8219331409235037,1.8790077422332454,1.06
-0.2294771604091153,1.7985696743592843,2.67
-1.876092845334391,0.13664517452872005,0.84
-0.281932657992499,1.1556546671776888,0.87
-1.698089320724429,1.197294151285449,1.42
-1.3704775537385214,0.7956692591831034,1.11
-0.6070484341866305,1.9622159271845865,3.0
-1.0881573389616914,0.8565969075182075,1.17
-1.8104933215936445,-0.10202560896311559,2.41
-1.8760928453343895,0.13664517452872024,0.8
-0.35083171052919015,1.8407955183892044,3.23
-1.8104933215936208,-0.1020256089630791,2.34
-1.817550614758259,-0.4194172594784015,0.84
-0.08121755854253888,1.224984790356612,3.98
-0.34802827261082764,2.0547820706673954,4.38
-0.31177816066511554,1.7531496679642335,3.16
-1.8149312891845768,0.3944367243055569,1.16
-0.607048434186631,1.9622159271845874,4.24
0.15845713259075075,1.8421639775213123,1.33
-1.5881891542291238,0.7803759384536378,1.05
-2.0938655715936267,0.2806151172559147,1.18
-1.2788128046148035,1.123959636586201,1.87
-0.5901465252170015,1.4125899988801704,2.08
-0.4228918291354163,1.6144132446830286,2.26
-0.35083171052888595,1.8407955183893294,3.72
-1.826367711086671,0.13483319935071647,3.36
-1.4351563775588645,0.8973582302428332,1.59
-1.3081531094889531,0.8179990309602758,1.56
-1.2375131458930624,1.004011398324301,1.72
-1.6325101607738028,1.0206897985053722,1.07
0.4914779449249004,1.6818887983324144,2.83
-1.7114813932234643,0.26621597961086024,2.59
-1.2860477548003542,1.2103913403324533,2.28
-0.48445927506813835,1.5056250917429246,2.02
0.04380249311341073,2.0554871066829987,1.45
-0.868000444023712,1.4723938742349703,1.29
-1.9076152838505747,0.16725345127706012,2.22
-0.5361736195031386,1.7019645374654655,3.72
-0.788122375525382,1.6615208084256505,1.4
-1.6746264933283357,-0.7544641118483767,0.65
-0.21518722759330697,0.9641238952825991,2.23
-0.11648745515392134,1.1800722558221393,1.82
-0.13099363150727486,1.2873781017482915,1.29
-1.0554979058936358,0.6956265324045702,1.49
-0.80548300577183,-0.16981447002821556,1.99
-1.371037496435991,0.48724107765676117,0.55
-0.3568745911968011,0.9869499440234777,0.76
-0.21518722759330686,0.9641238952825983,2.17
-0.8933595360130941,0.54669686348544,1.11
-0.0730446267285665,1.2536085991676393,0.84
-1.386059541443555,-0.4312191749520218,1.92
-0.9110101579521878,0.35269524983945244,2.28
-0.9754159664025983,0.381696188739397,1.28
-1.3547963931780114,-0.28390086598967196,2.26
-0.20410185388240154,0.9897323039059296,2.76
-0.9981488803476392,0.37669144743461463,0.96
-0.9754159663510179,0.3816961887979214,1.37
-0.11648745515475079,1.180072255821778,2.26
-0.1876473330515732,1.2242682497394741,0.77
0.7466329848590588,1.4314597045293698,0.79
-1.6057094855337608,-0.688006888291592,0.65
-1.549191424184787,-0.5610358692825935,0.74
-1.4435400558545157,-0.579136927228726,1.16
0.24178929537334934,1.4680769282929778,1.46
-1.0295675944567348,-0.7713586501953781,1.51
-1.3577091428354515,1.0916741864916606,0.61
-1.977871796864778,0.5803635531957131,1.88
-2.035156502053029,0.547750421625047,1.21
-1.9327837275233555,0.04846786709832386,0.83
0.027566581658594446,2.0440718715090638,2.38
-0.3508317105292682,1.8407955183891718,2.89
-2.1208863573177577,0.38176732311722816,1.95
-1.5510509576456644,1.4161367839609909,0.77
-1.6946670067545881,0.37280207516311814,1.44
-1.5881891542291229,0.7803759384536385,0.67
-1.3577091428354522,1.09167418649166,0.64
-1.6946670067545886,0.372802075163118,2.16
-1.9021665143538002,-0.18129475412709728,0.72
-0.7564425783358398,1.3843707699270087,1.91
-1.9076160974713192,0.1672518864130309,1.82
-1.360377162453012,-0.3807321046719981,1.3
-2.0084021590018204,0.5982054672477723,2.49
-0.4844592709305017,1.505625095971853,1.7
-0.7318990435240528,1.596612295384037,1.01
-1.8273195982353854,1.0259353609827473,0.76
-0.5901465252170006,1.412589998880171,1.76
-0.27196485247203095,1.7180874604044318,2.1
-1.384885364857278,1.2001060151339702,0.67
-2.1208863812774568,0.3817672408185949,1.97
0.25473434529077443,2.08544556479781,1.05
-1.469746785983104,1.4849668126638607,2.07
-1.4697467859831062,1.4849668126638618,3.03
-0.8052551375883036,1.3630093638827778,0.84
-1.8821973454945522,-0.7274979935624708,0.79
-0.9172335222854335,1.8129855608973975,2.96
-1.4556913164587764,1.3755939327007207,1.35
-1.41791378322918,1.0018450442006075,1.19
-1.4777425250650162,0.7868919547875897,1.89
-1.8407012678201848,-0.15550871097013907,1.38
-1.4697467859831046,1.4849668126638609,2.14
-0.5361736195031401,1.7019645374654666,3.85
-1.5881891542291253,0.7803759384536372,0.67
-0.6369240338834207,1.5246816538625225,1.79
-2.093865571593637,0.28061511725588023,0.94
-0.20410185388241098,0.9897323039059278,2.74
-0.6068958929896631,1.6075611985734843,1.7
-1.9044896026004103,-0.22360290686679174,1.78
-0.5082185339769079,1.6452095546114307,0.85
-1.7720131951563263,0.2759178814928001,0.74
-0.9172335222854362,1.812985560897397,2.95
-1.5238744508861228,0.9615064927933212,1.99
-0.590146525217001,1.4125899988801704,1.71
-1.2642545447603364,1.141991777156914,1.95
-1.2631391449438256,0.5746986070335047,1.92
-0.7876338343284109,1.6617770792037525,0.93
-0.3480282725274701,2.054782070675529,3.06
-2.0404355329268475,0.3192755159228563,1.95
-1.6193728643529066,0.8966489488833665,0.75
-0.756442578335839,1.3843707699270091,1.82
-0.3085070444598168,2.079592868610441,2.83
-0.9172335222854354,1.8129855608973953,4.26
-1.3577091428354515,1.0916741864916608,0.67
-0.5901465252170012,1.4125899988801702,1.81
-1.3439448104633829,0.9730809523663502,1.86
-0.07304462636326207,1.253608599256749,0.78
-0.7555938707207815,1.458990117979104,2.26
-0.27196485247206126,1.7180874604044059,2.16
0.1854645365716228,2.0457949327787457,2.88
-0.3480282726374582,2.0547820706647975,2.81
-1.3577091428354517,1.0916741864916606,0.63
-1.6193728643529077,0.8966489488833663,0.73
-1.9985984918180835,0.30066140944661063,1.47
0.18851027959593075,1.644103403650936,0.85
-0.5495787673226825,1.6512850168895514,3.13
-1.822666591909776,-0.35028235427245086,2.85
-1.4880148042551993,1.0075378405384146,1.73
-1.944546663537875,-0.22480076542676625,1.14
-1.4351563775588565,0.8973582302428278,1.5
-1.7354329120239562,0.399495289130452,2.59
-1.7126805557061673,0.006716467257904969,1.86
-1.6751272543007691,0.9376315275233483,1.01
-0.7823973631431512,1.5118602515823747,3.87
-0.6068958928206589,1.6075611985713092,2.17
-0.31737447598888463,2.0400083210408635,3.01
-0.5229992305198853,1.5120117424924997,2.59
-0.42289182913545104,1.614413244683,2.24
-1.0000746572509374,0.30745787473635117,1.4
-1.3577091428354515,1.0916741864916608,1.09
-1.4518212510447466,1.1887984296100536,2.68
-1.7977806421995235,1.124251136422992,1.11
-1.8742116128219213,-0.6028580738826746,1.11
-1.6283897730551187,1.083039363446561,1.05
-1.6265133889129342,1.4330095354728967,3.21
-1.7720131951563283,0.2759178814927997,1.11
0.12548120986313702,2.0016346254099178,2.88
-1.8786980137300269,-0.4072976765775086,0.79
-0.9097812568045657,1.773320645041829,2.37
-2.0938655715936334,0.28061511725588506,0.91
-0.9172335222854334,1.8129855608973966,2.96
-0.7272064581721347,1.9211301350434424,1.8
-0.6836867626993619,1.8618235546161332,1.76
-1.4777425250649983,0.7868919547876074,2.18
-1.9985984918184827,0.30066140944466396,1.53
-0.3117781606652939,1.7531496679641465,2.21
-0.14604866847893544,0.9814322785981616,1.88
-0.805255137588304,1.3630093638827783,0.83
-0.3480282725140302,2.0547820706768385,2.86
-0.8052551375883031,1.3630093638827792,0.89
-0.999136819987531,0.9217602561356018,1.24
-0.8680004440237128,1.4723938742349727,0.95
-0.6068958950578704,1.6075611986000953,1.92
-2.0931751432518477,0.11890997796524504,1.51
-0.6128013995781801,1.9222908743891296,2.28
-1.032404804902187,0.7756080074125525,1.21
-1.190664571654621,1.0985989667511187,0.73
-1.8321329262548631,-0.5465945814230627,0.73
-0.06765170887697579,1.6456461223385543,1.77
-0.035092235608937775,1.986196478654343,1.77
0.0940460728044153,2.063028261964931,2.85
-1.1480669348820502,0.8713601270510007,0.7
-1.714130160113369,-0.46989974510808624,1.41
-1.940752523168966,-0.5873033761122737,1.13
-1.877429743644079,0.9978851563496631,0.84
-0.038355948430875766,1.4345591476484996,1.91
0.025565525795073547,1.5892194204683738,0.9
0.7649732085345118,1.8169201550824357,2.81
-0.035092235608867796,1.986196478654346,1.78
0.30920086933221985,2.1098667458654514,2.84
-1.8774297833614648,0.997885055334446,0.81
-1.626447317507008,-1.0593655330165563,0.7
-1.5502447709384535,1.4989896265572924,1.48
0.08231381965531193,1.7374094557019866,0.86
-0.03509223560892533,1.9861964786543447,1.75
0.09404607271274115,2.0630282619581086,2.9
-0.6057177008480895,0.5237432090258164,0.69
-0.8372376003676989,1.9771704562846875,1.0
-1.588189154229125,0.7803759384536385,0.63
-0.2730480989344738,1.8214050041011267,2.94
-1.8760928453343895,0.13664517452872016,0.81
-0.2730480989344736,1.8214050041011256,2.84
-0.731899043524054,1.5966122953840376,1.39
-1.3577091428354524,1.0916741864916606,0.67
-1.477742525064996,0.7868919547876118,1.84
-0.6070484341866307,1.9622159271845878,3.0
-0.32008097237034466,1.0052213524468732,0.79
-1.9327837275243227,0.04846786709507914,0.87
-1.7977806421995621,1.1242511364229284,0.78
-1.8273157778030542,1.0259431497000002,0.75
-1.3577091428354515,1.0916741864916601,0.62
-1.851115439389423,-0.0328721656613423,0.77
-0.9097812568045655,1.7733206450418302,2.39
-1.7720131951563278,0.27591788149279983,0.76
-0.6128013995781793,1.9222908743891305,2.35
-1.7010201511680074,1.1202153288374759,1.23
-1.45569131645878,1.3755939327007185,1.25
-0.3173744759888857,2.0400083210408617,2.27
-1.8104933215937218,-0.10202560896323874,2.39
-0.2891632462011226,0.9298350439861327,1.48
-0.9097812568045652,1.773320645041829,2.33
-0.6070484341866303,1.9622159271845865,2.97
-0.938719883757496,1.6843931318762762,1.76
-0.3760513910349982,1.6437267777712825,0.88
-0.6070484341866306,1.9622159271845883,2.85
-0.81361902107208,1.9372931258518966,1.02
-0.8052551375883041,1.363009363882779,0.85
0.2547342376781025,2.0854455811024106,1.09
-1.5881891542291238,0.7803759384536381,0.64
-0.7297106160166965,1.812091516732466,1.76
-1.4777425250650151,0.7868919547875909,1.91
-1.018399224676871,1.750466141415217,1.01
-1.6946670067545884,0.3728020751631179,1.84
-0.6070484341866308,1.9622159271845856,2.91
-0.9097812568045657,1.7733206450418304,2.3
-1.477742525064999,0.7868919547876078,2.0
-0.048200204996395345,1.7191882531686984,1.7
-0.6369240338834208,1.524681653862522,1.71
-1.9766136175188789,-0.17634914469951266,0.73
-0.9172335222854366,1.812985560897394,2.85
-1.6457155556907106,-0.40119092490352676,1.38
-0.636924033883421,1.524681653862522,1.82
-1.998598491818379,0.30066140944516107,1.56
-1.5510509576456653,1.4161367839609904,0.78
-2.093865571593638,0.28061511725586924,0.86
-2.071938247660398,-0.3930179501314238,0.94
-0.6068958934977705,1.6075611985800198,1.72
-0.8052551375883032,1.3630093638827778,0.86
-1.5881891542291253,0.780375938453638,0.61
-0.9172335222854348,1.8129855608973968,2.86
-0.4565828029372024,2.0512054761430414,2.36
-1.8511154393894225,-0.03287216566134237,0.74
0.10093408150905868,1.351119209434641,2.74
-0.29008821344835634,1.7771641838527306,2.9
-1.2642545447603393,1.1419917771569181,2.0
-1.3103841761253523,1.2475007901409556,1.95
0.33019726700506813,2.0577432891563143,2.25
-0.9172335222854353,1.8129855608973968,2.96
-0.63692403388342,1.524681653862523,1.73
-0.44303263787742375,2.086241779519176,2.94
-1.8511154393894216,-0.03287216566134229,0.76
0.12300724285272423,1.5196042510424848,0.88
-1.5979617788052902,1.2833048384747612,1.22
-0.9387198837574952,1.6843931318762766,1.8
-1.551587357166779,0.8746332036541781,1.09
-0.5385975059807679,1.9742821136085462,1.79
-1.8104933215935382,-0.10202560896295178,2.29
-1.3171058364636197,0.6281891676731457,1.18
-1.8104933215937187,-0.10202560896323626,2.4
-0.5361736195031401,1.7019645374654653,2.84
-0.44303263778104335,2.086241779534471,2.88
-1.827319598233459,1.0259353609866724,0.81
-1.357709142835452,1.0916741864916601,0.71
-0.5361736195031396,1.7019645374654657,2.8
-2.0938655715936307,0.2806151172558979,0.88
-1.7400014939930646,1.06320208426704,1.66
-0.6128013995781804,1.9222908743891312,2.27
-1.2375131458930622,1.0040113983243018,1.65
-0.683686763239005,1.861823554557901,1.76
-1.7443557738661182,0.15050652473781032,1.61
-1.3704775513948784,0.7956692632642756,1.07
-0.29525900922906007,1.1878898249556873,1.74
-1.6283897714158306,1.0830393654265236,0.74
-0.6964096462996349,1.6147344460498507,0.92
-1.2642545447602203,1.141991777156733,1.84
-0.45238288396775295,1.738185887422118,0.97
-1.7720131951563267,0.27591788149279967,0.76
-1.9327837274230384,0.04846786743464244,0.79
-0.42289182913538736,1.6144132446830486,1.74
0.16761282512149842,2.038840768752723,2.96
-2.1487983309905907,0.19250505991732092,1.19
-0.5901465252170008,1.4125899988801718,1.73
-0.7297106160166965,1.8120915167324634,1.81
-1.9778717968647777,0.5803635531957132,2.02
-1.5415467638722447,-0.43282972088852334,0.74
-1.5510509576456637,1.4161367839609924,0.78
-1.67820753261139,0.8334864162781163,0.68
0.2726879706259676,1.7821013160744834,0.91
-0.6369240338834193,1.5246816538625216,1.75
-1.5510509576456624,1.416136783960994,0.76
-1.619372864352908,0.896648948883367,0.73
-0.7534067523340531,1.5903809737614172,0.95
-1.4086844054651266,1.4821791030504068,0.84
-1.9778717968647785,0.5803635531957125,2.26
-1.9388248620084858,0.5384504848132544,1.78
-0.3825304416756253,1.7870612999893134,3.2
-0.8753983774060808,0.5813920723381482,2.11
-1.9327837275300017,0.04846786707604181,1.13
-1.668949203661672,1.2783848791028987,1.85
-1.9095302108833652,-0.5718864891428578,1.09
-1.3439448104633824,0.9730809523663456,1.97
-0.7876264199974632,1.6617809622452722,1.31
-0.7564425783358392,1.384370769927007,2.55
-1.0746205806700577,0.7644107193319128,1.68
-1.7010201511626002,1.1202153288446735,1.29
-0.3916221389034247,1.5152768137825279,1.67
-1.0593270809179407,0.34675919125805726,1.03
-1.851115439389422,-0.032872165661342254,0.76
-2.1551558153447066,0.37127380933231074,2.47
-0.3508317105456522,1.8407955183824394,2.8
0.22738210392012734,1.6740140728479815,1.73
-0.422891829135379,1.61441324468306,1.77
-0.5361736195031404,1.7019645374654633,2.91
-0.7564425783358393,1.3843707699270063,1.75
-2.093865571593472,0.2806151172566151,0.91
-1.8238980456859484,-0.7666307496070619,0.77
-1.4351563775588543,0.897358230242825,1.3
-1.0213379469493602,0.4004714409211138,1.17
-1.4777425250650158,0.78689195478759,1.86
-1.9640218930620816,-0.10772959804085414,2.53
-0.35847525122290197,2.0154765312628933,2.33
-1.8046614786143937,0.05683213050383579,1.49
-0.9172335222854356,1.8129855608973957,3.0
-0.7272064592028473,1.9211301344924552,1.8
-1.7114813932234652,0.2662159796108623,2.28
0.14576474879861673,1.971389003427402,2.32
-1.3468474490171989,-0.48822511094917787,1.22
-1.4880148042543262,1.007537840539522,1.33
-0.61280139957818,1.922290874389129,2.25
-0.27196485251175523,1.718087460373335,2.18
-1.1121331902498548,1.0386577647307782,0.69
-1.0183992246768712,1.7504661414152174,1.04
-0.5229992305228722,1.5120117424905388,1.75
-1.6193728643529064,0.8966489488833661,0.74
-0.6852603841240413,1.490642901846145,0.91
0.1230132492214489,1.5196055469377916,0.83
-1.5111608996196857,-0.46804232164738024,1.56
-1.3588942189020008,-0.11774898369302782,1.48
0.021932503144711873,1.1562694776160696,2.16
-0.6760535679422333,0.13420910375051756,0.67
-0.992114722856427,0.5776418101454149,0.69
-1.3468474490172033,-0.4882251109491783,1.31
-1.1687906055502142,0.39315802116630966,0.62
-0.20410185388231886,0.9897323039059446,2.73
-1.5451852521578948,-1.1512694724218848,1.48
-2.0351565020530304,0.5477504216250457,0.86
-0.45658280279906927,2.0512054761635814,2.28
0.36102783906111796,1.7256568777198509,2.24
-0.6836866453826214,1.8618235672760133,1.81
-1.8046614786144017,0.05683213050381981,1.55
-1.7732019025689543,0.4145712289128822,2.5
-0.8680004440237115,1.4723938742349711,0.95
0.10676179095337734,1.6913201324811349,2.26
-1.675127254310669,0.9376315275103325,0.59
0.3322494233344533,1.813111046346701,2.32
-1.4556913164587786,1.3755939327007178,1.23
-1.8309479520904353,0.18578670981472423,1.52
-0.45658280279206104,2.0512054761646223,2.31
-0.3085070444598046,2.0795928686104403,2.96
0.17379717003997933,2.112953320317434,1.03
0.18546453591327194,2.0457949328327913,2.87
-0.731899043524052,1.5966122953840374,0.92
-1.6325102130697373,1.0206897436185163,0.72
-1.7977806421995761,1.124251136422906,0.8
-0.7297106160166963,1.8120915167324632,1.78
0.026574313114791637,1.7333493573997427,0.92
0.22592073211165162,2.018245631989184,3.08
0.16260141598531,1.5292139780794498,0.84
0.2023390627174551,1.7778469441869047,2.97
-0.009518745091721972,1.586520779602477,1.71
-0.2369955608482037,0.3335334952981226,0.7
-0.821933140923483,1.8790077422332494,1.04
-2.173013854960717,0.3131312984368651,0.91
-0.5082185256273692,1.6452095618937856,0.86
0.18041738892026313,1.7652649675264718,2.95
-0.9097812568045653,1.7733206450418297,2.37
-2.0351565020530273,0.5477504216250465,0.87
-0.45658280279834673,2.0512054761636898,2.44
-1.8175506147582554,-0.41941725947838315,0.78
-0.007934705669636673,1.6120798982896718,0.96
-0.7876263328402356,1.6617810078902349,0.94
0.4453301160457701,-0.5960339385476152,2.56
-1.17301339003874,-1.5329200438685306,2.09
0.8308633369034913,1.7818321923967742,1.84
-0.4595056793786943,0.14527973667882635,1.1
-0.3760513910652219,1.6437267777481492,0.87
-1.4791633571334126,1.0685188632520946,1.22
-1.1464268329707166,-0.7975561095487124,2.41
0.9765468647526885,1.0829670649190308,4.25
0.5796284675138561,0.5352454061119523,2.49
0.9067993465232471,0.9790109564460545,1.47
-1.72940162956521,0.11364967885642996,1.42
0.021932503126510267,1.1562694776006937,2.12
1.4584691400165162,-0.9537413698536588,3.35
0.5753936190984084,1.319161672231635,1.25
0.9390539055553643,0.9092729142208045,1.83
0.3950675389326105,1.083186808870445,1.21
0.4497041173472955,-1.8411099979525565,2.05
0.4497041173479232,-1.8411099979524712,2.02
-0.12786474993686991,-0.5155722766435511,1.64
0.5753936077920214,1.3191616616901412,1.28
0.8030580335619077,0.7981534484774571,1.12
-0.2891632462011223,0.9298350439861338,1.8
-0.4595059545234687,0.14527972498462996,1.19
-0.29333333376892534,-0.6494010797334193,0.83
1.0144494531788928,1.110270423640811,1.48
-0.7645838871752239,0.0309536740416973,1.08
-0.9976344953111976,-0.7918105650033629,2.51
-0.16377911605451528,-0.5047497746475079,1.73
0.264927734562397,-1.8606279616051566,0.66
0.8599063414225825,-0.6711928835787561,3.03
0.24426351908992108,0.7783816842007164,2.23
0.6865899691024563,1.3445820601276872,3.75
0.2649277345623995,-1.8606279616051555,0.67
-1.4751093081672904,-0.530040029085764,1.18
-0.3279284192070239,-2.0035672481486078,1.89
-0.7645845948974677,0.030952653596964065,1.22
1.1108094681751717,0.27863732627913457,3.12
1.2290523010259828,-1.398489161205985,1.05
1.5140649807450621,0.7899761583473189,1.83
-1.8922068999573307,-0.5481787130095214,1.09
1.6064384867571748,-1.4773177111967526,2.69
-0.4420931875208232,1.957067722565666,2.61
-1.4038982131920674,-0.6018574677673533,1.82
-1.6569893506553175,1.2953717075705309,1.9
-1.4435400558545162,-0.5791369272287265,1.89
0.34181266416142286,0.8586164833293469,3.61
-0.48579664328569044,0.11976650649720498,1.08
-0.2568856882580514,-1.6857965993788206,1.5
-1.4618608950102148,0.8502518138277882,1.16
0.32202796242465753,-1.6992809529652684,1.17
0.18659954817020566,0.792278715103179,2.31
-0.9729246090510465,0.27917489260092665,1.59
1.321251579815161,1.3888528379376592,1.71
0.3183639849268947,0.9891394463028602,2.34
-1.572525198204728,1.3277754228289502,1.89
-1.3603771624530112,-0.38073210467199825,1.8
-0.24143632789047367,-1.7898817639207971,1.44
-0.004083984602618699,1.113335495760547,1.46
-0.11241839906505578,-1.351390120662529,2.1
-0.11241839906506763,-1.3513901206625385,2.23
0.6701127194876563,0.6482862758136024,1.49
-0.38356361097161384,-2.0342774592770962,1.91
-0.22465756523277905,-0.5897130818774755,0.83
-1.7443557738661162,0.1505065247378107,1.52
0.36426432806043035,0.9593080310772512,2.23
-0.3590875267500131,0.3124693598347375,1.05
-1.8309479520904348,0.18578670981472828,1.54
-1.343944810463362,0.9730809523664371,1.34
-1.772013195156328,0.27591788149279983,0.82
-0.004083984822444043,1.1133354955124937,1.46
-1.4179137832292912,1.0018450441998863,1.17
0.2591246041909466,1.9963189514771582,2.57
-0.3068421347930293,-1.9693040457782833,2.2
-0.5258305422321011,0.31392103455515447,1.54
-0.04820020499637734,1.7191882531687188,2.17
1.002831643801364,1.0308725182800424,1.47
-0.2842678335070595,-2.0586128116941826,2.58
0.6451286849179204,1.2465444756751005,3.57
0.11838692013541849,-0.3379919725520694,2.0
-1.5415467638722442,-0.4328297208885224,0.94
0.552194995516624,1.1605021098637547,3.65
1.5768751695327594,0.6126885439386595,3.19
-0.28917583913894446,-1.9744204054189076,2.15
-0.28917583913894485,-1.974420405418908,2.14
0.5635174120618883,1.2791438998590183,4.48
-1.439876211486823,-0.46410783314674103,3.02
-1.3577091428354517,1.0916741864916604,0.7
0.32202796242462695,-1.6992809529652837,1.18
0.1428021745413502,2.041093674194775,2.3
-0.5761823341608042,0.29916652210909483,1.15
-2.0484802316398643,-0.5283442809170497,1.78
-0.0830407787916157,-0.5759583864951636,2.1
1.3697100910952749,-1.2116369944449035,2.66
-1.739232751376556,-0.7995188115507428,1.95
0.26492773456239704,-1.8606279616051586,0.65
-0.004083984665498464,1.1133354956895931,1.47
-1.357709142835449,1.0916741864916601,0.71
-1.8572251214688513,-0.63081561100195,2.3
1.4301073391075334,0.6004682053017201,2.25
0.05965299596511729,-0.24371632393892265,1.46
1.2948780561561655,-1.3656397294893863,0.55
-0.2891758391388741,-1.974420405418918,2.41
-0.8298335870614102,-0.1998517638695987,1.19
-1.8368563158707312,-0.8290528759793192,0.98
-1.8149312891845726,0.3944367243055573,0.83
-0.9397799667940478,-1.4604210010007028,2.07
1.316261979809232,-1.2760040807897934,0.81
1.5528881844068185,0.5973784930888961,2.25
0.3854421732366755,1.1111319931720494,2.28
-2.03515650205303,0.5477504216250464,0.87
-2.0351565020530282,0.5477504216250462,0.86
-0.7474861423901055,-1.316623493400806,1.89
-0.28917583913894435,-1.9744204054189107,2.48
-0.6590259933513309,-0.020475270082020307,1.26
1.176095377812051,-1.2360266613649118,0.56
-0.08091104343343505,1.1090549661296234,1.74
-0.18198651876617417,-1.7088275814975724,1.45
-1.6782075308752096,0.8334864216296389,0.61
1.38747357051898,0.6650738057041539,1.45
0.3129129595994454,0.9272280444339476,4.19
-0.3083208926332409,-1.9179541909396465,1.69
-0.13624626385275093,-1.2980216910353641,2.05
-0.4857964670186934,0.11976653435621672,1.21
-1.678207530882414,0.8334864216074291,0.65
-0.080911043437493,1.1090549661263334,1.48
1.2908874927783638,0.5855355011999669,1.47
-1.8149312891845735,0.3944367243055569,0.8
0.40339696522743307,1.0304737692362604,2.24
-0.1362462638527502,-1.298021691035365,1.68
1.4249359925074552,0.5620881700170723,2.27
-1.3704775537286513,0.7956692592002915,1.24
-1.786900614678318,-0.9032120290150559,3.09
-1.6946670067545881,0.372802075163118,1.52
-1.7748025508800442,-1.0348038529999901,3.05
1.6430516444582817,0.6470990533881488,3.09
0.6504046268305992,0.5902880266364199,2.22
-0.7670084276604122,-1.805016104672631,2.42
0.47155120235844095,1.9045742688496214,2.55
1.4246689485225186,0.6811928056223425,1.91
-0.8664546389921449,-1.2048074033095952,1.82
0.6839528085183552,1.3835492524442183,4.29
-1.877875264326963,-0.47644637061439876,2.58
1.566528107222347,0.6430978034176845,3.02
-0.21329999966471017,-1.7779646561917797,2.57
-0.1662798101467974,-1.4217760654267115,1.65
0.6141022052512031,1.3588961637358665,3.25
-0.6590259933543797,-0.020475270166176226,1.25
0.5129196546748624,1.7257750361086615,1.51
-1.3704775537335088,0.7956692591918372,1.17
-0.8298335331140574,-0.1998520793071492,1.18
-1.8029424479570577,-1.0398724696205655,3.03
0.23079153315993672,-1.76007263985081,0.68
1.28831167854176,-1.126308485905775,2.75
0.5928003738187495,1.2228748651989685,3.04
-0.24418597992794863,1.083776017645269,1.75
1.288311678264361,-1.1263084860727552,3.34
-0.7307889202059261,-0.07559067404453167,1.22
0.5111308527777774,1.2473064791843742,3.53
1.4373369480818703,-1.2089171622654187,2.71
0.4527424604378153,1.9450602745970926,2.58
-2.066216345693015,-0.6166520000857937,2.34
-0.24418597992794985,1.0837760176452689,1.48
-1.770429402371998,-0.9792390175252451,3.2
0.880518373122737,0.9879961918009488,1.47
-1.6946670067545888,0.3728020751631181,1.59
1.3749645272664066,0.7566066756959584,1.46
-2.024162501176114,-0.514847272160875,1.93
-0.3047352057876785,-1.7622595299590815,1.84
-0.222090800397418,-1.6954913483461007,1.84
1.2290523010259808,-1.3984891612059858,0.55
1.0818904566219112,-1.0231721126964022,0.55
0.5952177888010175,0.58809737533209,1.46
1.1518897126577683,-1.1818401347414536,1.61
-0.22695223426301228,-1.677373187278948,1.79
-0.7070720352418375,-1.7301080989793305,1.44
-1.4661609626837337,0.9626790104715776,1.98
-1.4661609625597836,0.9626790105700502,1.93
-1.6946670067545886,0.37280207516311775,1.44
0.4333182090972504,1.8565231738623649,2.55
1.0146982836350031,1.058398658607727,1.88
0.27465182192314,2.0829985175456236,2.79
-0.2318260072378146,-0.4624910769421394,1.2
1.3162619798082367,-1.276004080790291,0.56
-0.8240250082900251,-1.7244436390480757,1.55
1.6020185064960615,-0.3821977173239769,2.29
1.1372321956952152,0.5702842175583575,1.45
1.24650703861407,1.342261907813085,1.23
-0.7887919680100488,-1.4141864548701195,1.42
-0.8298331411544871,-0.19985437101285455,1.17
1.26344799222346,0.6430013071772518,1.85
0.8436826949968699,0.8459362367863693,2.31
1.1560229395830077,-0.9779230092325177,2.64
1.3105723913846086,-1.4491333458321136,0.58
-0.17792001356742665,-1.629829052114741,2.67
1.2534493615700972,0.30150998366178355,3.21
-0.197171281513166,-0.46250237384219695,1.41
-1.4661609626674479,0.9626790104845132,2.05
0.3676886944303219,2.03504729796331,2.84
-1.8046614786143937,0.05683213050383854,1.52
-0.21353364127211247,-1.7651354700091204,2.55
-0.790901147205292,-0.05890461679358921,1.37
1.2427339080286983,-1.1828761611323533,0.58
-0.7500155878992866,-1.5932320607194699,1.47
0.8758985471420739,0.9158660139320721,2.31
0.910666754665541,0.2539727058705536,1.46
-0.8509152579237911,-1.5692539720869778,1.46
-1.4661640040486577,0.9626765962211817,2.01
0.9203810377086806,0.05897423026326855,1.47
1.362346570881845,0.6946320237471095,1.47
1.1295877321976953,1.1344249155059933,1.85
-0.2856817901281291,-1.8316442706920701,2.51
1.14894288083078,1.131945126219475,1.89
-0.8054757526801796,-0.16984715316002957,2.57
-1.2642545447602098,1.141991777156716,1.93
-0.4228918291354363,1.6144132446830106,1.79
-1.2642545447603344,1.1419917771569126,1.91
0.040772352627935014,-0.3122517975839479,1.6
-1.735514769000004,-0.9293052638320303,1.89
0.27022618703009166,0.8689901732003036,3.1
-0.17865601522892258,-0.5521731661422443,1.6
0.32821115154484815,0.8506003245882985,3.05
1.0100270035515648,0.20924506941301474,2.14
-0.659025993459782,-0.020475273079244852,1.14
-1.3450122919211358,0.9107792870439593,1.96
0.4783066837359049,1.1712548639704494,3.19
-1.3450122852694386,0.9107793016984145,1.88
-1.8329135041506233,-0.9570937930993215,0.99
-0.2635648975533257,-1.8365389858455425,2.54
1.3870417810149234,-1.3508094586210537,0.56
-1.3874412753912637,1.5364685096118769,1.88
0.4040365047473026,1.6463711765532143,1.51
0.31392802490415356,-1.8779769320381758,0.66
0.3670008179143478,-1.9407197759136023,0.65
-0.7020931712875331,-1.4572116652308795,1.43
-0.49000719355686706,0.0635667590570913,1.1
-0.281478843885583,-1.7673866714861235,1.84
1.0396254103019416,1.0590122776352322,1.85
1.0204142702472618,0.1694136323481769,1.45
1.5508930258224913,-1.5382350813086458,0.83
-0.11586990933243194,1.0367268888394137,1.79
1.2857972590214435,0.6570493903826051,1.44
-1.4582749465643685,1.5414484424116333,1.96
1.4999406906679553,-1.6072246382602022,0.83
-0.4228918291353936,1.614413244683046,1.79
-1.8046614786143942,0.05683213050383724,1.51
1.0146982836349745,1.0583986586076766,2.13
-0.3117781606651012,1.7531496679642384,2.19
-0.48579642592956374,0.11976654085033062,1.19
0.493157415504263,1.0810898348259506,3.0
-1.2968275447867563,0.6401565313155302,1.62
-0.4900071936170599,0.06356675898255539,1.19
0.9300212545344131,0.15487447172149693,1.53
-0.5229992305227843,1.5120117424905957,1.77
1.2117739158189718,0.6288614499940719,1.46
-1.3081531094992098,0.8179990309415855,1.04
-0.5229992305096186,1.5120117424992332,1.77
0.4130912244089683,-2.154282088918691,0.92
-0.7698087572899508,-1.74051334049286,1.48
1.0396254103019207,1.0590122776352002,2.2
0.44652114854724406,1.1183520206678943,2.27
0.32202796242461423,-1.6992809529652924,1.18
-0.7020931712758374,-1.4572116645644957,1.75
-0.7853430790792244,-0.35020650578290574,2.67
-0.5229992305058383,1.5120117425017159,1.8
-0.7887919735743096,-1.414186457362959,1.78
-1.525025830806645,1.373050133091945,1.7
-1.5971171951041943,-0.646464695192471,0.93
-0.7172067610161339,-1.1395415284701635,1.56
-0.28916324620112266,0.9298350439861333,1.74
-0.7307889202059222,-0.0755906740445226,1.37
1.026855134408377,1.031547794226669,1.48
-0.7923316981609023,-0.06200921518875742,1.24
0.3708651798211197,1.7737266345142344,2.91
-1.3081531094890038,0.8179990309601853,1.11
-0.5761823341610804,0.29916652210879435,1.11
0.47676393738420786,1.048046453540851,2.28
-1.5216404508211723,-0.7204550457552088,3.0
1.1212555594924702,1.2445134520106869,1.44
-0.959329205857543,-1.2553521043371925,1.43
-1.4351563775617544,0.8973582302461905,1.12
-0.7318967942598524,-0.18269591273809535,2.6
-1.2865818103204287,-1.0473816084696475,3.2
-0.7225752706924375,-1.819056781170079,1.61
-0.13624626385275054,-1.298021691035363,2.21
-0.522999230523198,1.5120117424903246,1.72
-0.576182334161027,0.29916652210885203,1.16
-1.4351563775588565,0.8973582302428277,1.18
1.6295858870050717,0.7126068185608236,3.11
1.4611971971870974,-1.541244680145221,1.72
-0.1990337428856489,-0.5039539048534889,1.34
0.5889814968931659,1.796732270057775,2.58
-1.2202740591214285,-0.9357361800756577,3.12
-0.8539191395369151,-1.4144867860356931,1.18
1.0187349368176124,0.057267708298806494,1.44
-0.8091252302434421,-1.7901964812580575,2.11
0.1265400205117591,1.2440857462016295,2.52
1.2288741940367534,1.3476195847642276,1.36
1.1242093168496987,-1.2675474510044733,1.64
-0.7390553640044157,-1.4816632496209279,1.19
0.2505810196665984,0.8383466015192695,2.29
1.1836396907448012,1.1798657955761325,2.46
-1.305008908924744,-1.1785059821298587,3.06
1.1242093168498226,-1.267547451005168,1.83
-0.5149680643114054,-1.1009492995012702,1.81
-1.4435400558545175,-0.5791369272287259,2.15
0.045402391456976304,1.2257992957625017,2.2
-0.21518722759330694,0.964123895282599,2.26
-0.29008821512766325,1.7771641834741458,2.88
0.01440556470914987,-0.22871840666088877,1.24
0.3964824890671108,-1.640515001880492,1.48
-1.4239921779540627,0.7417623584749391,1.15
-1.7732019025689543,0.41457122891288156,2.38
0.03591673988368649,1.2645298071174513,1.13
0.4173567866247948,-1.7819001125717613,1.43
-0.3590875267500013,0.3124693598347499,1.35
-0.7989605010618472,-1.6446798517564643,2.03
-1.712680555706168,0.006716467257904939,1.45
-0.13624626385274866,-1.2980216910353624,1.88
1.529121701547307,0.6942436788347042,2.26
1.22905230102598,-1.3984891612059858,0.81
1.4016297434547995,0.7070156892938386,1.83
-0.9152633556703939,-1.289708596498761,1.71
-0.619635192590988,-1.1761577131409315,1.83
1.1979393162132925,1.1747667901184828,2.4
0.9158136746028639,0.21013715915971995,2.25
0.31185139157040037,0.823207917694344,2.23
-1.3468474490172029,-0.48822511094917864,2.21
-1.9044896026004117,-0.2236029068667914,1.84
0.658606714555304,1.3372940732433642,3.1
0.021932503206916646,1.1562694776686198,2.24
-1.101733164524762,-0.7826772956323255,3.7
0.441950124061273,-1.7134044696730555,1.16
-0.8853734279062676,-1.623232703842691,1.99
-1.9044896026004083,-0.2236029068667915,1.87
-0.3200809723703556,1.005221352446869,1.14
0.9158136746029614,0.2101371591598239,2.62
-1.3603771624530108,-0.38073210467199803,2.09
0.5440516513105159,1.8194185713105278,1.17
-0.5258305424100327,0.313921034270318,1.19
-0.35581802182561095,-2.0825958603385755,2.68
-0.44998648570772454,0.34018424570483446,2.98
0.6232255453802443,1.1915317167784107,3.03
-0.11586990933238861,1.0367268888394345,1.6
0.05513866604825821,1.3281534872582288,1.13
0.8533359905644602,0.9210661829108544,1.46
-0.5361736195031419,1.701964537465463,2.83
1.7011553673885633,-0.45983851252259306,2.25
-0.08091104344653235,1.109054966119002,1.84
0.544051651310669,1.819418571310533,1.22
-1.0000746435245083,0.3074578948493652,1.8
1.7650193697808159,-0.02786711384601367,2.27
-0.28916324620112266,0.9298350439861338,1.69
-1.0000746572125554,0.307457874792593,1.56
0.565103914888504,1.166688419800599,3.79
-0.29511354102748605,-2.0567828389954954,2.46
-0.35908752675001326,0.3124693598347375,1.2
1.2723555985437085,-0.19731565848869892,2.82
0.7648313957217694,0.6640785551799476,3.15
0.37229175761430133,0.9568649807125774,3.08
1.3370359706187742,1.3792835800368977,1.63
1.178817879924682,0.2602235084693137,1.86
-1.3603771624530134,-0.38073210467199825,1.31
0.43814482387933884,-1.8216386116774856,1.18
0.7842012262878404,0.7183050187269722,3.07
0.882577230878411,0.9333092118426932,1.45
-0.5258305423875385,0.31392103430632806,1.59
-1.4435400558545173,-0.5791369272287263,1.36
1.0492389278714531,0.235732447193386,1.83
-1.7732019025689552,0.4145712289128816,2.41
0.5651039149090743,1.1666884198246492,3.84
0.5106080873160276,-1.782198592859939,1.44
0.9158136746028032,0.2101371591596552,2.46
0.4143679407400323,0.9172781325421867,3.15
-0.31060572832115185,-2.008459399010882,1.88
-0.6896250183045654,-1.3093521505217716,1.19
0.5179881048787542,1.1348142994611525,4.28
1.1108094681764222,0.2786373262825837,4.12
0.5179881048789624,1.1348142994614332,3.91
1.074085442555414,1.078755248842097,3.02
-0.1635471631672327,-0.5812232846599331,1.99
1.9096557329707977,-0.45200514535580044,2.33
1.1108094681763643,0.27863732628242294,3.68
-0.3200809723702998,1.0052213524468894,1.17
0.602175929930583,1.3364752069873032,2.26
0.5179881048499274,1.1348142994222103,3.64
0.8601702619164032,0.826539999309396,3.02
-0.3137306154118523,-0.5587776124014697,1.53
-0.29008821346887065,1.7771641838481076,2.8
0.5179881048727503,1.1348142994530408,3.68
-0.2730480989344735,1.8214050041011247,2.93
0.5858897397599971,1.1987267718124364,2.26
-0.7851923305588923,-1.2437956679633555,1.22
1.078964859574316,1.1284056222452745,2.44
0.5516874986901069,-1.8582562975853456,1.49
-1.7165545849598862,-0.09552574767490177,1.41
0.6492111456942852,-1.422058397050537,1.18
-1.403898213192053,-0.6018574677673291,1.2
-0.15298168269972087,-1.4814301650824653,3.61
0.7456587313646976,1.4457265534732455,3.11
-1.9640218930806577,-0.10772959776371845,2.48
-0.004083984453243093,1.1133354959291044,1.49
-0.2730480989344736,1.8214050041011245,3.19
2.046950002742701,-0.11091912508215046,2.32
0.7284708869006763,-1.5258309782863912,1.17
-1.3468474490172024,-0.4882251109491781,1.18
0.692164584261348,1.2736028116480091,3.87
-1.716554585041087,-0.09552574785962208,1.38
0.7519151769990062,1.3564515740150123,3.17
0.055138666038095786,1.3281534872531018,1.15
1.6560327935445263,0.14711925596834713,1.15
1.3582774227646492,0.7587745253558932,1.47
-0.043515964061912334,-0.29507215484746196,1.5
-1.0130120912833114,-1.4031407193545076,1.82
-1.1474337551319818,0.30602221218228354,0.85
-1.9021665143537991,-0.18129475412709745,0.72
0.4840147246004793,1.670874760440002,2.2
0.44148089892809783,1.1109744054578385,2.33
-1.964021893063995,-0.1077295980122831,2.5
1.8620450691021049,0.7945195886884542,3.28
0.5651039149050124,1.1666884198199006,4.43
1.1005356969506284,1.1283271233589856,2.38
-0.746191969668663,-1.5471589888911448,2.03
-0.854332526747522,-1.5092939329678563,1.96
1.2954383739876223,1.2958887658545926,2.03
-0.11586990933242919,1.0367268888394154,1.49
0.5631831781981093,1.756196386081156,2.64
-0.15298168269976004,-1.4814301650825181,3.4
-0.1529816826997567,-1.4814301650825135,3.23
-0.7307889198136747,-0.07559067279050498,1.13
0.2386962377179479,0.8272411218034773,2.24
0.5651039148896049,1.166688419801888,3.69
-0.19717280900955939,-0.4625039558299867,1.33
-0.7307889202057902,-0.07559067404409779,1.15
-0.707715615496654,-0.15288709033449174,1.38
1.2465070386140698,1.3422619078130855,1.22
1.1108094681764948,0.2786373262827865,3.38
0.28879969223286783,0.7872535801374951,2.23
1.7970782934103287,0.7911624439546693,2.37
0.7108031683667874,1.2960439259614775,3.71
-1.9021665143537982,-0.18129475412709767,0.75
0.734123853864964,-1.4908771590147474,1.45
0.8073678046996676,-1.6058369602528784,1.5
-0.6852603841240383,1.4906429018461462,0.85
-1.3468474490172018,-0.488225110949178,1.65
-1.964021893062069,-0.10772959804100062,2.41
1.2267581247622363,0.7033508232073244,1.51
-0.7307889202059247,-0.07559067404453,1.2
0.3674427177277996,0.8990261004553961,3.9
0.7102382325764283,-1.5666080545371297,0.66
0.3674427177642158,0.8990261004942844,4.44
-0.6852603841240387,1.490642901846146,0.82
0.9158136746029114,0.21013715915977027,2.03
1.1760953778120775,-1.2360266613648496,0.97
0.7867262990001087,-1.6701927925193318,0.67
-0.11586990933234081,1.036726888839458,1.76
0.38856133727824327,-1.7109296349333951,2.03
1.8442741672804908,0.7924820889264794,2.32
-1.5009014913581653,-0.6925364209107101,1.18
-1.134077496953185,0.26679143854006576,0.83
-0.9921147228564257,0.5776418101454152,0.82
-0.15298168269973955,-1.4814301650824906,2.67
1.8503673190926146,0.8131826130459129,3.06
-1.4435400558545164,-0.5791369272287265,1.17
0.6287233520026155,1.2031675060412026,3.02
0.9546108932362178,0.9701949809878664,3.21
0.3882099338941487,0.8733623540038858,3.0
0.45578718678383306,1.0254801115072478,2.23
0.669996307995941,1.34785036818509,3.02
-0.31177816066511815,1.7531496679642307,2.22
-1.8046614786144013,0.05683213050382175,1.48
1.154347010430946,0.3028467461512621,1.46
-0.2455278620877385,0.9396404585071392,2.01
-0.6852603841240394,1.490642901846145,0.9
1.1108094681750929,0.2786373262789191,3.2
1.7865570023934692,0.8077720511915106,2.34
-0.6852603841240391,1.4906429018461467,0.93
-1.500901491358166,-0.6925364209107111,1.17
1.9014789348394772,0.7988399095019522,3.16
-0.578955481964203,-0.25110971218179234,1.99
-0.14604863080697805,0.9814322845265055,2.58
0.4497041174459945,-1.8411099979392602,2.0
-0.5585785446434921,1.4753685323568126,0.87
-0.7077156154966752,-0.15288709033455666,1.53
-0.16627981006890996,-1.4217760651427507,1.67
0.23877421073717114,1.9148205955642923,0.85
-0.5585774384152049,1.4753690862044737,0.86
0.3674427177669961,0.8990261004972546,3.66
1.0357149305328215,1.1029482167006772,3.09
-1.3956279671623204,0.31944561025016016,0.85
-0.37605139128640325,1.6437267775788684,0.86
0.4716508986579399,0.9807347989435634,3.72
-1.4435400558545182,-0.5791369272287268,1.17
1.82341690639682,0.8478597734277441,2.3
1.5616214905500154,0.6756578777862834,1.51
-0.9593292058575986,-1.2553521043372464,1.42
-1.2680615454414341,0.19082631621780466,1.65
-0.7443417255395144,-0.25032895983608355,2.03
-0.13624626385275082,-1.2980216910353632,1.64
1.425303807564768,0.8099699915999979,0.78
1.316261979809198,-1.27600408078981,0.98
0.017210017312187492,-0.38837919986461517,2.0
0.8533359914747096,0.921066183764972,1.95
0.8825772311181477,0.9333092120702123,1.75
-1.443540055854518,-0.5791369272287271,1.31
-0.6768499643694571,-0.23824453093755288,2.11
0.3674427178046859,0.899026100537502,3.55
-0.22671117201918986,-0.6235398697850871,2.12
0.527233403833679,-1.8258508571981116,2.07
1.2857971883347885,0.6570496862238713,1.44
-0.7172067610159276,-1.139541528470134,1.44
-0.13624626385275124,-1.2980216910353632,2.22
-0.0462469631506564,-0.42007135563792464,2.14
1.0950178236625594,1.0297285222297967,3.03
0.3118417055825773,1.7138283091141275,2.06
-0.13624626385275065,-1.298021691035363,1.85
-1.8046614786143964,0.05683213050382805,1.45
-0.6910550910580049,-0.41286777900233446,2.0
-0.37605139102876006,1.6437267777760565,0.86
1.2948780561576705,-1.3656397294893463,0.84
-0.7906459019531761,-0.3930036482003841,2.16
0.021936389464263312,1.1873975800087422,2.03
-0.3310793841491458,-2.0905223286353203,2.59
-0.14703305303607167,-1.3709762443976474,1.62
1.1212555661575434,1.2445134542854124,1.6
-2.093175142777312,0.11890998100912677,1.5
-2.093175143434608,0.11890997679293228,1.47
-0.7077156154966886,-0.15288709033460274,1.36
0.5660456856602001,-1.8899510494615468,2.06
-0.12114873998548957,-1.253197735229383,1.63
-2.1735061368117314,0.09734928595716412,0.87
-0.8263671649831538,-0.38050730466465804,2.01
1.486529408092878,0.7655638365526475,2.51
-1.3261574259869924,0.15842710650541475,1.65
-2.1403379402989655,0.06610710108648148,2.01
-1.5971171951041931,-0.6464646951924703,0.72
0.7773972938276865,-1.5491700193205304,2.01
-1.9778717968647763,0.5803635531957128,1.86
-1.9021665143537982,-0.18129475412709764,0.78
0.32202796242461385,-1.6992809529652921,1.17
-0.6896250183082989,-1.3093521505258754,1.96
1.8836660953038677,0.8456399084883746,3.12
0.42183691910935617,1.845819520484757,2.1
1.4253038075648659,0.8099699915996739,0.76
-1.9021665143537967,-0.18129475412709786,0.76
-2.0424676030026694,0.23337667118147584,1.58
-0.3611964948050416,-2.042145403686119,1.96
-2.040435532927612,0.3192755159186528,1.84
1.4351543095122201,0.6207617796264602,3.13
-0.7851923265651302,-1.2437956635988279,1.37
-0.7077156078644333,-0.1528870655422381,1.36
1.1550581238124416,1.1152840924367124,3.21
1.0513216546517385,-1.0904362219531945,1.81
1.4351543095122263,0.6207617796264542,3.57
-0.35847525122660384,2.015476531262533,2.37
0.6648738167795634,1.2473253041139905,4.01
1.0789648595743135,1.128405622245275,3.24
0.1604917285230167,1.3096663649400127,2.54
-0.7698086851829653,-1.7405133553959717,1.75
1.2883116772962646,-1.1263084866555075,3.43
-1.5971171951041936,-0.6464646951924697,0.74
1.4298609138405405,0.5832929704734549,3.15
-0.1211487399855052,-1.2531977352293895,1.87
-1.71655458491057,-0.09552574756271635,1.36
0.7424029469730741,1.3598486109132983,3.02
-0.12114873998550199,-1.2531977352293862,1.87
-1.716554584937117,-0.09552574762310322,1.4
-1.1460720649938279,0.5371183186552526,1.65
0.10554423763295766,-0.48194727543382143,2.0
1.429860913984711,0.5832929703261162,3.53
-1.4435400558545155,-0.5791369272287265,1.3
1.2857972590251678,0.6570493903669821,1.48
-1.1353122891281726,0.5711424138867774,2.06
-1.4435400558545157,-0.5791369272287262,1.47
-0.08490713457995329,-0.6893832236447207,2.16
0.48401472460048045,1.6708747604400038,2.11
1.1489428808307778,1.1319451262194742,3.06
1.1005356969506284,1.1283271233589853,2.73
1.1748863808167485,1.2192795821222924,3.12
-0.7461919696685216,-1.54715898889109,2.76
1.551195092552885,0.619165124878106,3.58
0.6648738167796586,1.2473253041140924,4.26
-0.8543325087558818,-1.5092939186929977,2.41
-0.14604866841975234,0.9814322786074764,2.53
1.4351543095121115,0.6207617796265955,3.26
-0.011472180343434618,-0.5708281526771138,2.0
-1.840701268656636,-0.15550871404149666,1.46
0.3964824890674592,-1.6405150018803145,1.44
-0.13624626385275085,-1.2980216910353637,2.06
-1.5987711416182926,1.3673925299837062,1.46
0.7572073056784194,0.8457387044730061,1.64
-0.7318990435240543,1.596612295384037,0.94
-0.2071980985408323,-0.5119309885829486,1.54
0.4173567866242723,-1.7819001125718326,1.49
1.423638566666794,-0.9932279121338178,0.83
0.05966688004509104,-0.2436955603087952,1.58
0.8805183731164956,0.9879961917936465,1.94
-0.722575270678611,-1.8190567811711877,1.47
0.5631831781981093,1.7561963860811558,2.61
-0.24552786208773855,0.9396404585071386,2.04
1.458469140016517,-0.953741369853659,2.61
-0.1211487399854998,-1.253197735229385,1.83
1.3212515798151618,1.3888528379376603,1.46
-0.18704417120077127,-0.7146558806834065,2.1
-1.5971171951041934,-0.6464646951924702,0.75
1.2679606125304053,0.4386235242945311,1.45
1.0100270035005363,0.2092450691718448,2.12
-1.8407012678354517,-0.15550871102592354,1.44
0.9188591984386566,1.0088679470960062,2.26
0.9158136746030344,0.2101371591599024,2.08
0.6648738167797185,1.2473253041141568,3.71
-0.4523828839547751,1.7381858874257108,0.93
-0.7555938707207803,1.4589901179791047,2.25
0.4381448237432387,-1.8216386117219756,1.18
0.915813674602907,0.21013715915976616,2.17
1.7048321746308215,-1.1428864943499535,1.69
1.5511950925554854,0.6191651248716364,3.21
1.0223284283759486,1.1289666976490236,2.18
-0.63692403388342,1.5246816538625227,1.75
0.7556165751632546,1.449125302663747,3.12
-1.7985348754823423,-0.1909951891355927,1.48
1.5511950925505675,0.6191651248838699,3.65
-0.7077156154966963,-0.15288709033462664,1.37
0.021936389459565102,1.1873975800057595,2.08
-0.5204221781122221,-0.14014241540390127,2.0
-0.6220238993133619,-0.09423516172184071,1.37
-1.8469725813959563,-0.27418115641229673,0.85
-1.7985348754775825,-0.19099518912855232,1.41
0.8673058093719712,-1.8523784353864519,1.9
1.4351543095127475,0.6207617796258148,3.09
0.510608087316028,-1.7821985928599406,1.45
-1.6440212263265008,0.25042550361434174,1.4
1.117973690230134,1.0868850327777195,3.03
1.137232118630146,0.5702840980551552,1.61
0.9158136746029394,0.2101371591598,2.14
-1.6440212263265008,0.25042550361434174,1.39
1.0204142702421282,0.1694136323399007,2.04
1.151929890693743,1.1953344482888442,3.2
-0.9397799638787694,-1.4604210037803356,2.05
0.16049172852346974,1.3096663649404487,2.65
0.029295148655941714,-0.503852346168256,2.0
-0.977609752291268,0.3158938960231605,1.98
-0.6369240338834197,1.524681653862523,1.78
0.7953493671088158,1.3596474460832917,3.69
-0.8091252302435686,-1.7901964812580082,1.86
-1.5971171951041956,-0.6464646951924712,0.77
-0.17707289833788722,-0.7074586334945138,2.11
0.551687498677442,-1.8582562975897174,1.45
0.23079153315993636,-1.7600726398508075,0.65
1.1372321956467202,0.5702842174831344,1.66
1.1372321957021114,0.5702842175690548,1.44
-1.4435400558545177,-0.5791369272287261,1.33
-0.49000719361622286,0.06356675898359121,1.12
1.4298609138679703,0.583292970445418,3.62
-0.09986200509505629,-0.2473661218929119,1.3
0.6648738167797125,1.24732530411415,3.58
0.9300212545344135,0.15487447172149693,2.0
1.5228570371135217,0.718250324891556,3.5
0.3670007710097659,-1.940719782438993,0.66
-0.69198521687229,-1.7320136490990963,1.26
0.9300212545344131,0.15487447172149704,2.24
-0.6261734418863564,-0.3175762444821822,2.0
0.6492111456942853,-1.4220583970505374,1.18
-1.268061569461975,0.19082615272574088,1.46
-0.659025993459764,-0.02047527307877166,1.64
-1.2375131458930622,1.004011398324301,1.17
-0.43153164488477136,0.04252882610054081,2.56
-1.066444401376545,-1.3775631777951483,1.45
-0.7564425783358395,1.3843707699270076,1.73
-0.3631209545712471,0.13617534866067033,2.54
0.7284708869000094,-1.525830978286115,1.18
-0.4261671604654732,0.050858523022702974,1.39
-1.443540055854517,-0.5791369272287265,1.34
-0.08091104343307454,1.109054966129917,2.27
0.7341238538649647,-1.4908771590147474,1.45
-0.6220236739815059,-0.0942333695003835,1.18
0.9300212545344145,0.15487447172149693,2.25
0.9158136746029447,0.2101371591598062,2.48
0.9300212545344141,0.15487447172149704,2.17
-0.490007193576023,0.06356675903337082,1.06
1.2679606130330496,0.4386235235496697,1.72
-1.111553598586586,-0.9653491299850222,3.15
-1.632134256893771,-0.7462797573180692,0.67
-0.622023679418061,-0.09423341273718727,2.15
0.7735626897613341,0.8562827507420216,1.77
0.9024379240453363,1.0010920464628847,1.72
-1.0331414090238924,-0.8498060427786281,3.04
-0.28916324620112244,0.9298350439861331,2.26
1.1492268181485692,1.2023293025719033,3.05
-1.278812804614802,1.1239596365862006,1.25
0.029220764716406784,1.9063588432978902,2.59
-1.8256764031855244,-0.5963195779404996,1.71
-1.0358482717838389,0.3293277403710615,1.41
-1.0229366009987757,0.33001483649169,1.58
-1.048278157211398,0.2475385549523266,1.4
-0.8812303771361718,-1.2961350802741702,1.62
-1.0076383444395647,-1.4186859832779986,1.83
-1.0415593595335801,0.23279018639699595,1.59
1.1639868895464562,1.283498469408672,3.14
1.1560229395830046,-0.9779230092325162,3.39
-0.6220236739465695,-0.09423336922252859,1.18
0.8073678046996673,-1.6058369602528777,1.46
-0.7077156154966947,-0.15288709033462747,2.03
-1.2375131458930617,1.0040113983243006,1.13
-0.12324671653261587,-0.6148452332277363,1.98
-0.8633315476218453,-1.8161982101256555,1.93
-1.63213425689377,-0.7462797573180697,0.67
-0.6590259933513539,-0.020475270082694546,1.1
0.7102382325764297,-1.5666080545371313,0.66
0.5272334038336582,-1.825850857198121,3.12
0.04493369167692175,2.0075106950959016,1.42
-0.3293346711050205,-0.5089039930861116,1.26
1.2679606123646054,0.4386235245402226,1.73
0.9353816848889742,1.0132997736430018,2.21
-1.2642545447603373,1.1419917771569135,1.86
-0.42616711044065503,0.05085858897302186,1.4
-0.17792001356742942,-1.6298290521147412,2.64
1.3824067812252296,0.5543068705610753,0.92
-1.2642545447603375,1.1419917771569161,1.85
0.9953368494692201,1.1519284289881646,2.1
-0.15298168269974255,-1.481430165082497,2.65
1.046159831702447,1.1385909322429608,2.29
-0.6531423243650133,-1.2626153684089882,2.45
1.382406781226248,0.5543068705578568,0.84
-0.7998130411719252,-0.28313337799591237,1.97
-0.7088698138970764,-0.2539641956060941,2.18
0.5272334038336709,-1.8258508571981151,3.92
-0.34446218120431343,0.03309733731678658,2.54
-1.1973791936027487,-1.13583816740099,3.03
0.5863758896766521,-1.6860106398900654,2.61
-0.6005382052762648,-1.2805641831007524,2.45
0.09276128838880898,1.39706085848255,2.09
1.522857037113507,0.7182503248915748,3.34
-0.7787115644875969,-1.478488990574332,2.55
0.6724587530536348,-2.0437759221871517,2.54
-1.4618608950102157,0.8502518138277881,1.13
-1.3439448104633709,0.9730809523663918,1.13
-0.42616711045382866,0.05085858895565394,1.37
1.3824067863509315,0.5543068543444667,0.76
1.5770781386773896,-1.466717917171583,2.25
1.5228570371135084,0.7182503248915749,3.84
-1.3450122919263519,0.9107792870324841,1.95
-0.49000719354501193,0.06356675907177108,1.12
0.05513866604275188,1.3281534872554517,0.8
-0.6016245596961347,-1.3379136056887473,2.56
0.6250966550507697,-0.9302395113061062,2.42
1.3022915215295892,0.7536390738842244,0.89
-1.9319062812978764,-0.5417393025636827,0.89
-0.6220236740024132,-0.09423336966666268,1.71
1.3022915215295938,0.7536390738842361,0.79
-1.3450122852663757,0.9107793017051841,2.03
0.47362558880045086,1.0595583907744113,3.02
-1.5300572951562859,1.0469790908936922,1.92
-1.278812804614802,1.1239596365861997,1.17
-0.4497816515662234,-0.029139447218686585,2.54
-0.6756045487492738,-1.0877565535048535,1.49
-0.07304462645696094,1.2536085992338917,0.87
-1.1783136921023822,0.33055039081205817,0.83
-0.4261671604174994,0.05085852308594931,1.39
-0.6590259933605782,-0.02047527033737745,1.08
0.12301325661224924,1.5196055485323814,1.25
1.3022915169284686,0.7536390651921319,0.88
-0.08996917254937814,-0.2743598372745393,1.21
-0.8863019130546818,-1.3831101113687405,2.43
-1.310384176125352,1.2475007901409552,2.06
0.5794352717934893,1.2246701494516807,3.03
0.7867262990001082,-1.6701927925193316,0.64
1.7634073283004807,0.7404442258970323,1.44
0.41591618564458466,1.69335386868499,1.23
-1.5300572950118136,1.0469790910801644,1.8
-0.7560620369071229,-1.35285253678597,1.65
0.30768653768889737,1.5260483693669105,2.2
-1.0333866783442855,-1.4949752018794942,2.58
-0.4261671604685933,0.050858523018589404,1.28
0.6785785998713436,-0.7574372745667574,2.37
-0.15874733003209027,-0.28722009046088004,1.2
0.3885613372782424,-1.7109296349333942,2.0
0.2431230834348817,1.9650484981772112,2.66
-0.8676952946780747,-1.5664742885923584,2.44
-1.5491914241847848,-0.5610358692825934,0.8
-0.20895088765268605,-1.652615252019474,2.83
-0.345557122813545,0.0902455595287812,2.52
-0.6717843171374592,-1.2371674649078688,1.73
-0.2989939194043419,-1.747172786365135,2.82
-0.9132358434865412,-1.595664909442962,2.52
-0.619746490944639,-1.3436589857008652,2.55
-0.21751979213852707,-1.5615392168144884,2.11
1.6087517926403818,0.04639356883471929,1.44
1.4446917782651105,-0.3147275402537019,1.69
1.100358706889519,-0.944363347654558,2.08
1.9938195708223412,-0.2579235288863329,1.45
0.44970411734701665,-1.8411099979525931,2.0
-0.6590259934597397,-0.02047527307807411,1.08
0.5272334038336577,-1.8258508571981202,2.03
-0.9120721023210736,-1.383779163510324,2.44
-0.49679394997407206,-0.8270139158245086,1.33
-0.7693244937018873,-1.5247716283747672,1.76
-0.7291589349875757,-1.0642374346830934,1.34
0.2792508670451796,2.0531655198895042,1.39
0.27746943339782193,-0.17037257334903916,1.6
2.0672835751658996,-0.19450802346490295,1.46
-0.1529816826996175,-1.4814301650823276,3.16
0.5660456856703145,-1.8899510494583251,1.99
0.4722866662494595,1.1657178225860578,3.02
-1.2304723921360108,-1.1446928592734629,3.05
-0.42616716007041544,0.05085852354352809,1.65
1.8293211645781187,0.8364461290867715,0.81
0.09750256290604482,-0.5169589586538155,1.8
-1.346847449017202,-0.488225110949178,1.52
0.7773972938276864,-1.5491700193205338,2.05
-1.4543437385364393,-0.2644133657027698,0.66
-0.32607794317113903,-1.6588728070768517,2.06
0.829849627689313,-1.6463818771793912,2.01
-0.8493420283652149,-1.2997130484924306,1.5
-1.1812576334706801,0.2489531687749593,0.82
-0.15298168269973933,-1.48143016508249,3.27
-1.1476285023898367,-1.0321440309836951,3.17
1.100358706889519,-0.9443633476545581,2.48
0.3226809505255497,-1.5797226626234326,1.45
0.3226809505255493,-1.5797226626234322,1.66
1.3708859020701551,-1.176758919660118,2.13
-0.9690452123693989,-1.4345894970053295,2.62
-0.1699345681983566,-1.5994015912882686,2.61
-0.12903464602576237,-1.4125794407060501,2.59
0.32808570417374655,1.5730513508066022,2.22
0.32268095052558077,-1.5797226626234149,1.7
-1.0692502106827326,0.34359160421918716,1.41
-1.530057295025499,1.0469790910624999,1.88
0.35068452009198214,1.5810369501422041,2.14
1.2286290906038693,1.2516264770509757,1.57
-0.490007193617119,0.06356675898248215,1.25
0.976973552361427,0.9712047061631747,1.44
1.1745370859339732,-1.1041956601791876,2.34
1.4297329788406201,-0.8983601240518566,2.5
-0.12903464602603867,-1.412579440706366,2.89
1.229179873807452,1.3676466356914607,1.56
0.8436826950212768,0.845936236807688,1.44
-0.5958820166009094,-1.1326571596295798,1.16
1.6995154161892738,0.886067487572264,1.45
1.7739646018276938,0.954757549169949,0.78
-0.4245930347696573,-0.12775110751106725,2.56
-0.6220236740311174,-0.09423336989494761,1.45
-0.7072247536231903,-1.8254431586901214,1.6
-1.0593339855918518,0.34674648052744306,1.58
-0.7669895791416215,-1.603003106075334,2.6
-0.6220238993134533,-0.09423516172256834,1.58
0.6277433344017497,1.3721942281539996,3.04
1.3115166732443542,1.3593903923451445,1.63
0.30829455574608156,1.6525516128883815,2.21
-0.30355741007757825,-1.6647459752806093,2.08
-1.2117317626762627,0.340754529478243,0.85
-0.1290346460260406,-1.4125794407063688,2.89
1.307248616858839,1.279792343521884,1.4
-1.5491914241847864,-0.5610358692825929,0.75
-0.6542252144325339,-0.41766858665198425,2.02
0.3964824890670998,-1.640515001880496,1.85
0.396482489067118,-1.640515001880487,1.89
-0.9183617413916608,-1.3581210663688992,0.67
1.1003587068895186,-0.9443633476545574,2.07
0.010260687134177897,1.2431999743377817,2.06
-0.7496259820665672,-0.4127090427773526,2.15
-1.5300577476749049,1.0469785068372581,1.93
0.17853248755796144,1.3744714528791062,2.54
1.5475218213484156,-0.006085916545227485,1.46
1.3631025657863811,-1.1459107938539386,2.74
0.06204939867583462,1.3928953195614464,1.14
-0.730788920205823,-0.0755906740442053,1.13
-1.267212431137593,-1.245584054043737,3.03
-0.22385112417586905,-1.536172942814364,1.84
-0.5761823341610892,0.29916652210878475,1.26
-1.3327897194354699,0.1496319295695155,2.17
-1.66428130939365,1.4143798840511876,1.99
1.1372321186300534,0.5702840980550116,1.49
-0.7914502257403933,-0.40988922573592423,2.01
1.2325989011440053,-1.3193857415284294,2.48
0.32543266160902673,0.023350214320299083,1.54
-0.15298168269975707,-1.481430165082516,3.69
1.6445548886932941,-1.2880983156773416,2.4
-0.44985990364756967,-0.02923579763987652,2.15
-0.20688821903034496,-1.6729435572807803,2.83
-0.27432653308257143,-1.751734285328622,2.82
0.2883694175692765,1.6487719462044887,2.11
0.7288580292378827,1.2893657791055073,3.02
-1.6642813129909804,1.4143798797369334,2.03
0.7439531261114432,1.3933020877324342,3.25
-0.6182721812077823,-1.3333747596508503,1.18
0.7547012965371526,1.3966737533633218,3.01
-1.3468474490172,-0.48822511094917753,1.46
0.5352266397104946,-0.7584117341282808,1.78
0.39648248906721856,-1.6405150018804333,1.82
-0.1290346460258248,-1.4125794407061198,3.67
1.2679606157005363,0.4386235195967449,1.65
-0.583648130629864,-0.31681617105359394,2.09
1.5475218213484185,-0.006085916545227463,1.8
-0.08091104343379302,1.1090549661293343,2.27
-0.8815071946443963,-1.5709420443111226,0.67
1.5643922499570098,-0.13755494668449045,1.45
0.27745155154079904,-0.17044615543889272,1.48
1.2534493458878166,0.3015099712344359,3.21
-1.4543437385364417,-0.264413365702771,0.69
-0.6644036586242057,-1.3953913960171347,1.18
-1.346847449017201,-0.48822511094917787,1.34
-0.7565464997081836,-0.3229066263273804,2.03
1.2679606143120568,0.43862352165433016,1.49
0.045402391456892496,1.2257992957624055,2.86
1.137232118626099,0.5702840980488855,1.65
-0.7225752700984307,-1.8190567812176919,1.52
-1.0576429385918793,0.3168927130059766,2.08
1.1108094681763776,0.2786373262824657,3.22
-0.7019453617510157,-0.32479561962835396,2.12
1.110809468176472,0.27863732628272375,3.5
0.5529850014644971,1.1213653957393936,3.14
0.44195012406129125,-1.7134044696730404,1.39
1.5643922499570087,-0.1375549466844902,1.68
-1.6689492036658844,1.2783848790965548,1.22
-0.43153382283278396,0.04252602987566752,2.08
1.1108094681754093,0.27863732627979204,3.8
0.44195012406127754,-1.7134044696730506,1.41
1.2723555985437116,-0.1973156584886986,1.53
-0.3631209539079591,0.13617534919326252,2.06
-0.359087526750013,0.3124693598347376,1.18
-1.0745943388463255,0.22187870200676907,2.07
0.44195012406128936,-1.7134044696730426,1.42
0.5753424326349559,1.2660544115859917,3.0
0.5825216569254442,1.2724109564727704,3.1
1.2723555985437112,-0.1973156584886986,1.75
0.4832596653690336,-1.8514231545438322,3.81
0.6309823133772348,-0.8105993496919225,2.26
-0.26202899934920443,0.2594488969561218,2.0
0.295341841315621,-1.4176258927750556,1.84
0.5793634580851924,-0.7103307289958553,1.6
0.5937944796421973,1.8034868630180332,3.18
1.2723555985437116,-0.1973156584886988,1.44
1.296045214826728,0.3356086652601695,3.16
-0.9567073740585071,-1.612914041232626,2.65
-0.49091897684572444,0.006036090247435996,1.64
-0.3480481974078095,0.08395386672120024,2.05
0.32454432637962516,-2.0123954420643257,1.91
-0.1990337136395515,-0.5039538768145135,1.48
1.1208896966078088,0.23035116045471157,3.26
0.27650198729598957,-2.098210635982506,0.95
0.503681725692316,-0.8721855083642378,1.82
-1.5491914241847855,-0.5610358692825932,0.73
-1.774763395106962,1.2819039695042325,0.77
1.2723555985437114,-0.19731565848869867,1.68
-1.4435400558545188,-0.5791369272287269,1.4
-1.2304723921360115,-1.144692859273464,2.58
-0.8374140059244811,-1.6325626122924866,2.56
0.510608087316027,-1.7821985928599409,1.77
0.5106080873160268,-1.7821985928599424,1.75
0.4209899746097403,-2.037639951408383,1.9
-1.1115535985677971,-0.9653491299670101,2.72
1.1208897125875332,0.23035117590348375,3.32
-0.44684152023258855,0.07749078947760743,1.61
-0.4900071936171077,0.0635667589824958,0.94
1.1372321186272376,0.5702840980506482,1.69
-0.040429884160262164,1.0673335348125834,3.24
1.120889712305627,0.23035117563094387,3.57
0.2272831735201507,1.38454581828348,3.14
0.5106080873160275,-1.78219859285994,1.92
-0.9255146169963863,-1.6002143737493768,0.69
-0.9837811604764043,-1.6261022616234526,2.56
1.0879921830660755,0.5255092727983872,1.69
1.2465070386140673,1.3422619078130855,1.14
-0.9805496355283257,-1.7741026569111369,2.58
0.5709259232188028,-1.7116610279326636,1.86
0.314344630820504,-1.9311267089243411,0.94
-2.1730145346215894,0.31312785589023967,0.85
-0.9593292058576239,-1.2553521043372702,1.5
1.1372321930895495,0.5702842135166639,1.65
0.676718432281,-0.8874887853133918,2.64
-1.597117195104193,-0.6464646951924707,0.75
-0.4909189768442357,0.006036090250506324,0.97
0.6630766694290866,-0.78934052993801,1.6
1.564392249957009,-0.1375549466844904,1.47
-1.7282004505510922,1.2844293730734289,0.78
0.23079153315993664,-1.7600726398508062,0.76
-0.6590259933520325,-0.020475270101401388,1.21
-0.9057029766233482,-1.73950027911223,1.46
-0.8231626967260708,-1.1949493783145275,1.17
-2.093865571593617,0.28061511725595956,0.92
-1.0949693512318304,0.3408794143152332,2.08
0.3885613372782439,-1.7109296349333956,3.13
0.23079153315993625,-1.7600726398508053,0.68
0.31392802507585466,-1.8779769320142687,0.72
-0.4900071936168349,0.06356675898283422,1.09
-0.7673269430132302,-0.1440040396059879,0.82
-1.095768066821818,-1.4441210536798463,0.66
-1.5971171951041943,-0.6464646951924709,0.79
-1.04505512921479,-1.7316497590174567,2.46
-0.8539196764236604,-1.4144860688672605,1.17
0.24244604330631864,1.439368786289011,3.11
1.2725038634697932,1.204865427865072,1.87
-1.4435400558545168,-0.5791369272287261,1.41
-1.071584600446103,-1.5428207356246084,0.65
0.5791448190791678,-2.075229944439621,3.16
-0.869007932646038,-0.16450061719644613,0.83
-1.7710675996564476,-0.9403542983396918,1.68
-0.9229884373972128,-1.4753502547203958,1.19
-2.0351565020530296,0.5477504216250462,0.88
-0.4900071935507618,0.06356675906465084,1.1
-0.7172067610160655,-1.139541528470153,1.55
0.32202796242461773,-1.6992809529652897,1.65
-0.6590259933513101,-0.020475270081447023,0.95
0.6391791493299641,1.291869477394245,1.13
-2.0351565020530287,0.5477504216250466,0.86
-1.9388248620084827,0.5384504848132544,1.55
1.1108094681753422,0.27863732627960924,4.08
1.5643922499570084,-0.13755494668449003,1.75
1.7059856217995744,0.08567993624026393,3.12
-1.0706547298403977,-0.8325221454182852,1.61
1.2117739158215728,0.6288614499991072,1.77
-0.7698087572899363,-1.7405133404928617,1.82
-0.14916736799528676,1.2508161537068614,2.57
1.797952289650368,-0.3726209460007874,2.44
-1.0136026461434688,-1.7921737778276354,2.58
0.32268095052555174,-1.5797226626234298,1.94
-1.0733197758368087,-1.7499515866620217,2.45
2.0766962271583385,-0.21372214992664826,2.44
0.19397089529057132,1.6617121336856195,2.58
-0.9397799637186467,-1.4604210039335834,2.13
-0.1971715532372482,-0.46250265525873685,1.5
-1.0742179270933199,-1.5717823442148424,0.66
-0.6710405623033373,-0.1489515380043019,0.95
-1.0950205798133639,-1.7467772526613066,2.55
-0.5773645950905029,-1.0412072739701463,1.21
0.5828083318464261,1.8409121094936056,2.61
-0.7723084691550908,-1.1560152488627116,0.67
0.059652990629503584,-0.2437163319172097,1.39
1.2117174781754736,0.6287508848527136,1.65
0.22738210391618918,1.6740140728488502,2.57
0.32268095052555096,-1.5797226626234313,1.65
0.5352266397108572,-0.758411734128117,1.61
-0.73078891981194,-0.07559067278495982,0.93
0.7341822209369703,-0.9104225130403497,2.22
0.14461194846919975,1.7528859260623024,2.79
0.5119325103342222,1.7722658857481626,2.09
1.120889679074268,0.23035114350375177,3.89
0.6785785998712448,-0.7574372745663196,2.01
0.6581877582769798,-1.829330860018538,3.07
0.3226809505255503,-1.579722662623431,1.98
-0.5628907151243353,-1.1696263813079626,1.17
0.46033373491080537,1.1256555524289884,1.16
0.32268095052555146,-1.5797226626234309,2.2
-1.7822243152215735,-1.0158106642230125,2.1
-0.1470330530360723,-1.3709762443976492,1.68
-1.9388248620084836,0.538450484813254,1.5
-1.4038982131920636,-0.601857467767348,1.18
-0.6097233564413297,-1.75840604634021,1.65
0.32268095052554957,-1.5797226626234322,2.38
0.24178934435419525,1.4680769555715767,2.16
1.388066344823696,1.3379887434532862,2.65
-0.9562401953334004,-1.8500084975207731,2.58
1.4200075605636473,1.2552130792150666,2.45
0.10756130529976574,1.749288798633614,2.57
-1.0295675944567344,-0.771358650195378,1.62
-1.1383183446509908,-0.9423405019059001,1.65
0.3964824890671068,-1.6405150018804915,2.14
1.2117174772674144,0.6287508831209004,2.01
0.5036816855804926,-0.8721855034777317,1.59
1.0879921830639545,0.5255092727957643,1.64
-1.0785318320559434,-0.8699759577407417,1.68
-2.0400864919778665,0.24050582617398403,1.49
1.2285209328874684,0.4049082052010384,1.66
-1.6057094855337615,-0.6880068882915926,0.68
2.0195104245545266,-0.3962500186842058,2.46
-1.070654729840397,-0.8325221454182852,1.65
-0.7307889198176631,-0.07559067280325366,1.31
-0.12114873998550636,-1.2531977352293893,1.62
0.7409788873639642,-1.0229374565130132,2.16
-0.8153211172636886,-1.3756094880641794,0.66
-1.1383183446522647,-0.9423405019075848,1.61
1.2679606131004775,0.43862352344975675,1.75
2.076696227995477,-0.21372214348176877,2.43
-0.001160133088247509,-2.035896521250891,1.67
-1.0523467826218598,-1.830072257369732,2.67
1.2285209328534175,0.40490820523766485,1.45
0.48772251434638375,-1.5660191609482914,2.3
-2.043672807935286,0.22990071558810685,1.48
-0.9756184199165367,-1.8561841185226704,2.59
2.019510726796152,-0.39624913837219666,2.54
1.4289779833218597,-1.5456285433430024,2.0
1.9938195709334234,-0.25792352830359977,1.52
-1.7448902562851478,-0.9528939696415019,2.1
0.3885613372782466,-1.710929634933391,3.92
1.4231777873560567,1.306582736330062,2.48
1.2474573476887176,-1.6598835400775256,1.71
0.3580196894903755,-1.4573568822255245,2.96
0.3580196894903757,-1.4573568822255272,2.29
-1.5009014913581642,-0.6925364209107104,1.19
-0.6183337297812473,-1.2177774427268486,1.18
0.5793634580840555,-0.7103307289963109,1.87
-0.7307889202059252,-0.07559067404453074,0.97
1.4346702440181294,1.375471846260883,2.56
1.9096558558258088,-0.45200485144394437,1.46
-1.761974889744602,-0.8727680913870276,2.09
0.35801968949037516,-1.4573568822255258,2.36
-2.0711031131463664,0.373890702333314,1.49
-2.0711031131551936,0.37389070229781357,1.52
-0.7307889202058352,-0.07559067404424252,1.14
0.4114377504787183,-1.5464652665710052,2.06
-0.023545506152416195,1.3458117835163919,3.44
0.5352266397105377,-0.7584117341282623,1.97
-2.148798322712893,0.19250518202952988,0.91
1.9096558646254307,-0.45200483039216965,1.45
-0.7646919378844013,-0.19397484129884024,0.96
0.503681685568206,-0.8721855034762316,2.17
-2.145845174231621,0.1673930444167603,2.57
1.0879921830924821,0.5255092728310271,1.46
-0.7894755977846203,-1.1830134144292175,2.87
-0.824025008291779,-1.7244436390476006,1.51
-0.6274615235207668,-1.1150025655276892,2.89
-1.078531832055945,-0.8699759577407432,1.62
0.7466329848590578,1.431459704529372,1.14
-1.0295675944567353,-0.7713586501953776,1.61
-1.0130120912833913,-1.4031407193545191,2.03
-0.8765326451458665,-1.804767178478021,2.03
2.0452833678595077,-0.22136813316269077,1.84
-0.6274615235200903,-1.1150025655272122,2.65
1.2285209328895366,0.4049082051988112,1.62
1.6146654924209884,0.06903447284104272,2.36
0.3527573555853986,1.7667603784704655,3.2
0.7341238538649638,-1.4908771590147474,2.18
-0.5831892091905851,-1.1606615321164513,2.88
0.5352266397126293,-0.7584117341273013,1.96
-0.583189209190356,-1.1606615321160432,2.94
0.6309823668882709,-0.8105993059716207,2.34
-0.6133003249830542,0.08362824769092135,0.83
-0.23182600944118376,-0.4624910798664003,1.28
-0.8879790611165027,-1.4444616488143127,0.66
0.37086517982110667,1.7737266345142362,3.15
-0.7291589349429113,-1.064237434655153,1.16
0.8073678046996683,-1.6058369602528784,2.07
-1.6321342568937713,-0.7462797573180698,0.65
0.26941021792260883,1.8371854761703803,3.15
-0.6590259933513345,-0.020475270082136506,1.1
1.3735708947679734,0.4204902153992163,1.5
1.7329288938122684,-0.3812655201897352,1.83
0.625096685281498,-0.9302395154306222,2.3
1.2508268255061807,1.4076129764873317,1.21
-0.6133003245928733,0.0836282478273575,1.08
-1.3166026615829318,-0.2210822026926038,1.18
-1.1162951579403728,-0.9417533073657484,1.69
0.7341238538649628,-1.4908771590147463,2.85
-0.121148739985472,-1.2531977352293804,1.92
0.678578601257088,-0.7574372765156533,2.48
-1.329540164728301,0.249988427101129,1.73
0.29078202150754534,1.8366519202209848,3.77
1.6651976763688179,-0.12761507360958058,1.84
0.5680022608362557,-2.0492824538848367,2.14
0.19318250207296397,-2.017842580480166,2.29
1.6651976763688188,-0.12761507360958071,2.11
1.9227330186201126,0.4979948389401278,2.84
-0.4900071936167772,0.06356675898290576,0.93
-1.346847449017204,-0.4882251109491784,1.39
1.3618857466135161,-0.19509517237828747,1.88
-1.7448902562852189,-0.9528939696413704,2.09
1.3618857466135148,-0.19509517237828206,2.14
-0.6710405521660601,-0.1489511602607408,0.94
-1.1916847525495862,-1.0696180320540551,1.73
0.6218881546800689,-1.7457243042892379,4.01
-1.6409967917479722,1.2709143648236818,1.2
1.6146654924106636,0.06903447327786531,2.61
-1.5491914241847853,-0.5610358692825927,0.78
-1.7619748897446033,-0.8727680913870269,2.11
1.665197676368817,-0.1276150736095804,2.16
-0.12114873998550629,-1.2531977352293902,1.89
1.665197676368819,-0.12761507360958071,1.82
0.6309823668997646,-0.810599305954556,2.6
-1.4435400558545175,-0.5791369272287261,1.47
-1.597117195104195,-0.6464646951924709,0.76
-1.4435400558545186,-0.5791369272287261,1.45
1.3370359706187929,1.3792835800368821,1.66
-0.12114873998550564,-1.2531977352293897,1.85
0.3226809505255522,-1.5797226626234313,2.24
-0.9152633556677351,-1.2897085964939383,1.43
-1.5971171951041945,-0.6464646951924712,0.79
-0.4900071935456857,0.06356675907093651,1.18
1.3618857466135155,-0.19509517237828025,2.77
0.9906755095608049,1.6454611799203298,1.16
0.311841705582621,1.7138283091141677,1.67
-0.19102663364215797,1.1697732364610003,2.58
0.9702919772753793,1.711373890180565,1.13
-1.3294503299682747,0.25036437427177327,1.65
-1.1916847525495784,-1.0696180320540478,1.63
-1.4038982131920663,-0.6018574677673512,1.19
0.9812186084880298,1.64702588154525,1.16
1.0290727390914212,1.6937974773168054,1.16
-1.605709485533761,-0.688006888291592,0.66
-1.586786762698159,-1.1226469326919242,1.14
-1.5009014913581658,-0.6925364209107107,1.17
1.0217022814206564,1.6951757503133207,1.16
-0.7474866340377911,-1.3166234453423242,1.89
-0.7670084276604104,-1.805016104672632,2.0
1.7329288938170546,-0.3812655201849268,1.84
1.2548412804526106,0.6215016808511371,1.49
-0.6274615234860418,-1.1150025655032931,2.99
0.9571827081218474,1.5874559472992618,1.15
-0.5784471619212106,0.27055187191601326,0.96
0.4877225143463853,-1.5660191609482896,1.83
-1.116295157940371,-0.9417533073657472,1.61
-0.5761823341609537,0.29916652210893213,1.16
0.014405564715357217,-0.2287184066522521,1.21
-0.3646530819955479,1.0263301876499549,2.66
-0.583189209190594,-1.160661532116468,2.78
-1.273556930623166,-0.9841414063791151,1.63
-0.7894755963816281,-1.1830134139193225,2.6
0.625096685443471,-0.9302395154527199,2.66
0.6785785998704006,-0.757437274565548,2.06
1.380305409246547,0.45439732480575284,1.46
-0.5761823341607395,0.2991665221091651,1.16
1.5898598687544951,-0.34071339180759597,2.32
0.57936345691606,-0.710330729448887,1.83
1.2857972590201419,0.6570493903880618,1.44
0.91581367460303,0.2101371591598966,1.47
-0.7027904818989463,-1.2337792718964833,2.82
-0.2053245046550277,1.2728119305373615,2.63
1.3618857466135155,-0.19509517237828125,2.79
1.020414270124411,0.16941363215008204,2.05
-0.7894755968596147,-1.18301341409304,2.91
-1.6409970264730793,1.2709140177321878,1.31
-1.0308256037854158,-1.312575309209482,0.67
0.19110803664512577,1.6026812140613251,2.57
1.488598074101549,-0.3288745983514572,2.68
-1.551050957645664,1.4161367839609917,0.77
-0.041220584614006364,1.4777613952326378,2.63
0.9473065966370142,1.660298376957568,1.13
-1.6321342568937707,-0.7462797573180698,0.65
0.9158136746028038,0.21013715915965583,1.64
-1.1791152321837435,-0.8394676222185834,1.65
0.5036817256618454,-0.8721855083605351,1.88
-1.5510509576456644,1.4161367839609909,0.8
-1.3166026615829325,-0.22108220269260417,1.17
-1.4464352312342041,-0.6400210563191818,2.37
-0.7027904826614231,-1.2337792720996448,3.35
0.579363456916046,-0.7103307294488924,1.59
1.3618857466135137,-0.19509517237828172,1.83
-1.1340753801840624,-0.7689890720384785,1.68
-0.7851923388156744,-1.2437956769867224,1.17
0.21616279536694846,1.6094050241766482,2.61
0.49147794492578145,1.6818887983328459,2.6
1.010027003547685,0.20924506939467485,1.44
1.3618857466135146,-0.19509517237827967,2.12
-1.668949203663963,1.2783848790994483,1.19
-0.03305025525957352,1.4845627314918368,2.61
0.4877225143463841,-1.566019160948289,2.32
0.9460195494493606,1.5871705555457813,1.18
-1.6689492036623625,1.2783848791018566,1.22
-1.060663727808704,-1.4427253277347099,0.66
1.3618857466135141,-0.1950951723782822,3.21
0.1265400210074537,1.244085746706381,2.54
-1.2198033923859368,-0.8957756465575216,1.65
-1.5979617788355929,1.283304838441294,1.35
-1.4038982131913462,-0.6018574677662578,1.69
-1.597961778695787,1.2833048385957,1.25
-0.7027904826599788,-1.2337792720993213,3.04
1.6651976763688185,-0.12761507360958055,2.89
0.6063076783759122,-0.8478597421147174,1.65
0.9300212545344134,0.1548744717214968,1.49
0.6029086451133536,-0.9596593004970831,1.63
-0.8220327555195686,-1.4078037565903374,2.61
-0.7210009994092694,-1.4653055601352465,2.97
1.5898598687483634,-0.34071339170417503,2.28
-1.1791152321837484,-0.8394676222185845,1.65
0.9300212545344131,0.15487447172149676,1.74
0.9760699797108736,1.7065631478311696,1.18
-1.4464352312342046,-0.6400210563191819,2.44
-1.7228527520341188,-0.8799610903305344,1.67
0.6009193542648432,-2.0267333169246244,1.92
-1.5295033473422317,-0.7593770176098835,2.01
0.9300212545344126,0.15487447172149696,2.02
-0.7210009994050277,-1.465305560135951,3.12
1.6651976763688192,-0.1276150736095806,3.2
0.930021254534414,0.1548744717214967,2.28
-1.4176984033249012,-0.4543769548473272,1.64
-1.7392327513765546,-0.7995188115507436,1.67
-0.8493420341733405,-1.299713053172446,1.16
-1.4464352312342037,-0.6400210563191809,1.98
0.9300212545344136,0.1548744717214972,2.25
0.12198353244650298,1.6828013218010685,2.73
1.5898598687544543,-0.34071339180759375,2.35
2.092493224169929,-0.08875482699361913,2.67
-0.8220327555211088,-1.4078037565880996,2.9
-0.11586990933242956,1.036726888839415,2.04
1.3546494629224453,-0.28674037572149785,2.03
0.3226809505255504,-1.5797226626234286,2.2
1.9767985967831887,-0.4174255215974748,1.87
-1.5216404508211718,-0.7204550457552067,2.31
1.2288741940367527,1.3476195847642332,1.52
-1.0738492525851948,-1.4789297375193562,0.67
-0.7297657890667615,-1.2588333437053052,1.2
1.27235559854371,-0.19731565848869886,2.22
-1.2735569306231576,-0.9841414063791187,1.64
0.9300212545344139,0.15487447172149682,2.2
0.07781268984347832,1.6793589987872235,2.54
0.23079153315993636,-1.7600726398508073,1.15
0.7600316897352197,-0.8661519775542269,2.01
1.0204142701135592,0.169413632132585,1.45
0.2649277345623988,-1.860627961605154,0.92
-0.822032755518518,-1.4078037565915424,2.83
-0.5761823341042751,0.2991665221706116,0.95
-0.7210009994092519,-1.4653055601352523,2.97
-1.2198033923854636,-0.895775646557675,1.63
-0.8945024290074763,-1.461817857151529,2.6
-0.8023830780279069,-1.5241462606146514,2.75
-0.2891632462011227,0.9298350439861331,2.03
-0.1093481802948551,1.521917563799735,2.72
-0.35908752675000183,0.3124693598347496,1.11
1.1662096148623795,-1.1427004151322913,1.6
1.5060658922669983,-1.4711502068155886,1.68
-1.469746785983105,1.484966812663861,2.06
1.564392249957009,-0.13755494668449023,2.25
2.1460696499423126,-0.1920342509588766,1.17
1.976797707176692,-0.417427892942314,1.85
1.8086919726849962,0.059324039743370534,1.16
-0.8023830780418632,-1.5241462606119123,3.08
1.5643922499570082,-0.13755494668449023,2.51
-0.894502428848475,-1.4618178573337877,2.98
-1.134075380184065,-0.7689890720384815,1.61
-0.7390553613186496,-1.4816632522638569,1.17
-0.16993456819833958,-1.5994015912882515,2.57
-1.5216404508211716,-0.7204550457552069,2.53
0.6309823668973575,-0.8105993059579439,2.19
-0.12903464602604003,-1.4125794407063696,2.67
0.9158136746029273,0.21013715915978717,1.62
0.6250937570446389,-0.930239115660199,2.15
-1.3468474490172049,-0.4882251109491782,1.84
-1.316602661582933,-0.22108220269260445,1.65
-1.5216404508211723,-0.7204550457552071,1.99
-0.8945024288432241,-1.4618178573398075,2.74
-1.3166026615829334,-0.2210822026926042,1.76
0.9300212545344145,0.15487447172149685,1.75
-0.12903464602578038,-1.4125794407060708,2.82
1.8086919726849953,0.05932403974337163,1.27
-0.12903464602583609,-1.4125794407061336,2.95
-0.12632407504831605,1.5148365416057263,2.58
-1.570781611084555,-0.8091019912156239,1.94
0.5549544373732852,-0.8615871218069688,2.64
-1.3603771624530119,-0.3807321046719979,1.69
-0.17205585615905775,-0.516020668314486,1.67
-1.469746785983104,1.48496681266386,2.11
1.6647108109844553,-0.24659683922849757,2.06
0.16105007203769262,1.7081195836996934,2.68
-1.0664444013765473,-1.3775631777951547,1.6
-0.8042683631398115,-1.579046505869636,2.04
-1.0076383444395403,-1.418685983277992,1.81
1.4446917782651136,-0.31472754025370275,2.04
0.19092609704922228,1.7271084234612812,2.55
1.5643922499570078,-0.13755494668449006,2.33
-1.2396066089083035,-0.9918110265819372,1.68
1.2848580842799886,1.3166078782573776,1.98
2.0452833678797053,-0.2213681329827787,1.86
0.9152976938685368,1.6057281281413642,2.3
0.08995916154565044,1.7901992165353147,2.83
1.7369663457080924,-0.4668913698730722,1.13
-1.4556913164587781,1.375593932700718,1.21
-1.1924188057539733,-0.8747362024880053,0.9
-0.12903464602603595,-1.4125794407063645,3.39
1.993819570806106,-0.2579235289715159,1.44
0.6103565683940737,-0.6971615344752773,2.61
-1.2987883773270412,-1.1116356347803784,1.63
2.078044250244112,-0.2547794576983704,0.76
-0.8023830780360381,-1.5241462606130602,2.92
-1.3468474490172033,-0.48822511094917864,1.86
0.06263796414229253,1.7851147410583224,2.56
-1.7540255364118167,-0.737014455131111,1.7
0.86730580937168,-1.852378435386598,1.17
1.2960451653618887,0.3356086158298815,3.13
-1.7282004991025526,1.2844293024593882,0.8
-0.9708714201428398,-1.3568472248517736,3.09
-0.034854617396031545,1.293281715567702,3.15
-1.2594951592800052,-0.9583587450189712,0.93
-1.5295033473422335,-0.7593770176098836,2.58
-1.192418805753972,-0.8747362024880044,1.07
2.10902638311866,-0.439855944532101,1.13
0.6355508589069704,-0.6663276725609919,2.22
2.127827393171773,-0.3538000484053617,3.93
-1.3307236198504238,-1.0801540560158263,0.92
1.2285209328521898,0.40490820523900545,1.43
-1.5987711416312347,1.3673925299699754,1.59
-0.09935147049765554,-0.24672815091445352,1.32
-0.4420931979456071,1.9570677202185205,1.81
-0.5258305422340281,0.3139210345520684,0.96
1.6055632536148816,-1.1407393452540504,2.77
1.1208897124242416,0.23035117574561656,3.13
-0.6756045487478559,-1.087756553503671,1.38
-0.6919852192819689,-1.7320136493474898,1.2
-1.298788377327042,-1.1116356347803782,1.61
1.2723555985437107,-0.1973156584886987,2.21
2.1208222615747316,-0.08421993216161508,3.76
-0.3106750001797083,1.0742834575665945,3.16
-0.06006025143635639,1.3850614233679341,3.1
1.1208896954208096,0.23035115930715058,3.34
1.667719423872878,-0.36469401486945124,3.88
-1.239606608910809,-0.9918110265866296,1.63
-0.6896250181645162,-1.3093521503676537,1.34
-1.3547963931780096,-0.28390086598967185,2.37
-0.29097953663485643,-0.5290516876562328,1.54
-1.4464352312342055,-0.640021056319181,3.42
-1.259495159280007,-0.958358745018972,1.1
0.5342273504057699,-0.614114819580614,1.83
-1.0706547298403963,-0.8325221454182856,2.18
0.8641741493583992,-1.9445626984142041,0.64
-0.44209318846253515,1.9570677223536403,1.85
-1.4464352312342026,-0.6400210563191816,2.89
-1.3547963931780107,-0.2839008659896717,2.58
1.5117916364888873,-1.1446577713474795,2.04
0.499904017102043,-0.6593100950035944,2.06
0.9159032248154686,-1.8782787602779267,1.44
1.1208896968105315,0.23035116065069655,3.49
0.4411716823755766,-0.7920296651893447,1.96
-0.5258305422319831,0.3139210345553426,1.14
-0.9708714207409758,-1.3568472251972419,2.88
-1.0295675944567353,-0.7713586501953781,1.86
-0.881230352375071,-1.2961350479035543,1.63
0.7816413168141912,-1.005086442216963,2.2
-1.1397387549883822,-0.9953147491336753,1.63
-1.354796393178013,-0.28390086598967196,2.28
-1.2149817211980756,-1.1174077983025577,1.62
-1.3547963931780111,-0.2839008659896719,2.73
0.9289312469921642,-1.9040850914775227,2.0
-1.8103679109639024,-0.8534761826574552,2.66
1.3735708947680907,0.4204902153991216,1.44
1.380305410733381,0.45439732227450147,1.44
-1.3603771624530114,-0.380732104671998,1.74
-0.9708714207616973,-1.3568472252092083,2.91
2.0766962270474205,-0.2137221507805657,2.44
-0.04351596399272785,-0.295072154735697,1.45
-1.3547963931780105,-0.28390086598967207,1.97
1.120889711920822,0.23035117525892204,3.87
1.0879921830681374,0.5255092728009348,1.44
-0.26673553513461495,-1.640615182965855,0.92
-0.6756045487372743,-1.087756553494843,1.69
1.2723555985437105,-0.19731565848869878,2.42
-0.8472277303358253,-1.226265735570522,3.28
-1.0706547298403963,-0.832522145418285,1.87
0.349292987969646,1.7144796383552072,3.18
-0.8472277310577225,-1.226265736413908,2.82
1.6677194238727835,-0.3646940148695046,3.17
-1.442839515074561,-0.3873937626324526,1.96
0.5027875493527829,-0.8177148933280681,1.6
1.2548413334634034,0.6215023401547286,1.45
-0.33297348779614494,0.2944804755206572,0.94
-1.439876211486823,-0.46410783314674103,2.58
-1.2149817211980647,-1.1174077983025446,1.68
1.2285209329219926,0.40490820516388254,1.62
1.783979969573033,-1.1653200175305298,1.55
1.272386360309782,-1.647637734721329,1.66
-1.1397387549888847,-0.995314749134269,1.63
-0.30850704445980626,2.0795928686104395,2.93
-0.25037082973705405,-1.4904150110876124,0.91
-1.029567594456735,-0.7713586501953773,2.08
-1.2594951592800077,-0.958358745018971,1.05
-1.439876211486819,-0.46410783314673887,2.72
-1.2631902606304461,-1.0424791720154447,1.63
1.228520932853224,0.40490820523787274,1.67
1.396875190282857,-1.6232576803951435,2.16
-1.3170571431536975,-1.1570508093551926,1.68
1.6677194238721653,-0.3646940148698483,4.61
-1.3170571431536968,-1.1570508093551912,1.68
-1.1924188057539724,-0.8747362024880043,1.2
-0.6896250182495915,-1.309352150461274,1.48
-1.4464352312342041,-0.6400210563191819,2.31
1.0879921912996393,0.5255092829759134,1.62
-0.6756045487493987,-1.0877565535049598,1.61
-0.30850704445980487,2.07959286861044,2.9
1.6677194238724524,-0.3646940148696887,4.19
-0.12705063436948066,-0.3167978863116928,1.51
-0.25037082973705044,-1.4904150110876089,1.06
-1.2850045639984917,-1.003926038363306,0.91
-1.786900614667527,-0.9032120290374935,2.66
1.8233486658869154,0.005050924777640172,3.73
-0.5258305422335697,0.31392103455280435,1.11
-0.5175738788522817,0.28522434941365193,0.96
0.0913682564350827,1.5763564546980946,3.36
-1.0706547298403966,-0.8325221454182863,2.19
-0.12705056464961625,-0.31679779065883007,1.54
-1.4464352312342024,-0.6400210563191806,2.33
0.05823862655740222,-0.14477621151775527,1.48
-0.05312677862271867,-0.32129666188711065,1.63
1.0879921831006727,0.5255092728411519,1.65
-0.8472277234636935,-1.2262657275421383,2.92
0.05823862639043588,-0.14477621190585585,1.45
0.3610278390886785,1.725656877721453,3.25
-1.2631902606304477,-1.0424791720154447,1.63
0.915813674602765,0.21013715915961392,1.47
-0.6896250182873275,-1.3093521505028018,1.39
1.0100270028882488,0.2092450662779941,1.44
2.137799205417473,-0.21011412344886846,3.75
1.7166117824802714,-0.13078177204536476,3.7
1.3207272044333251,-1.565610543574542,1.74
-1.446435231234203,-0.6400210563191822,1.97
-0.9815768815095811,-1.3297464292153889,0.75
1.3136737632866273,-1.6390897378724567,2.17
-1.5295033473422333,-0.7593770176098823,1.96
-0.2503708297370306,-1.4904150110875904,1.09
0.10753675318474129,1.5865903818524956,3.17
-0.053126786898566314,-0.321296669588675,1.44
-0.9708714207570932,-1.3568472252065489,2.56
0.25583337000362694,1.798700849183498,3.06
1.3066289530277395,-1.6846905083806973,2.15
-1.330723619850424,-1.0801540560158276,0.97
-0.5658523381051573,2.0545682725730363,1.02
-1.521640450821173,-0.7204550457552077,2.32
-0.9966678315652128,-1.4922094374588821,0.72
-1.259495159280009,-0.9583587450189716,0.94
0.9300212545344145,0.15487447172149682,1.47
-0.04361492177527489,-0.14968218228563196,1.48
-0.9815768754841027,-1.3297464260178218,0.74
-0.565847181101169,2.0545687790622438,1.05
-0.729710616016697,1.8120915167324636,1.83
0.2772927710635928,1.796076674749219,3.62
-0.9966678317468787,-1.4922094373547332,0.73
1.9134051920359072,-0.12375025494255254,3.89
1.0204142701342989,0.16941363216602476,1.47
-1.1924188057539726,-0.8747362024880042,0.91
0.7712392502870357,-0.961406339835705,2.61
-0.607048434186631,1.9622159271845843,2.98
-0.8472277297727904,-1.2262657349127344,2.54
-1.2850045639984933,-1.0039260383633044,0.95
-1.0785318320559434,-0.8699759577407401,1.81
-1.5216404508211732,-0.7204550457552069,2.33
-0.6070484341866303,1.9622159271845865,2.91
-0.943857159550865,-1.5193711993411676,2.51
1.8233486658869174,0.005050924777643649,4.47
-0.683686759797966,1.8618235549292297,1.77
-1.2594951592800088,-0.9583587450189718,0.92
0.676480544669636,-0.8491292164516124,3.16
-0.28070947447219324,-1.6056819981439032,0.93
-1.7618070047435492,-0.3567130177914736,1.87
-1.5216404508211725,-0.7204550457552075,1.97
1.716611782480273,-0.13078177204536504,4.21
-0.9815768814755563,-1.3297464291973327,0.7
0.7173368229796291,-0.7965212213865717,2.55
-1.3307236198504238,-1.0801540560158247,0.93
-1.0482782392751406,0.2475384498314321,0.95
-1.5707816110845514,-0.8091019912156246,2.0
-0.6836867634238409,1.861823554537956,1.77
-0.20522797138603582,-0.37356956747811887,1.61
0.7173368229961057,-0.7965212214364311,3.0
0.6764805446652531,-0.8491292164516406,3.68
1.7048321746290624,-1.1428864943529435,0.95
1.0854459492437132,-0.9882535163911845,1.6
-0.9438571595617222,-1.5193711993341639,2.76
-0.34802827263079494,2.054782070665447,2.86
-0.9438571593215404,-1.5193711994890922,2.99
-0.9966678317514188,-1.4922094373521266,0.77
0.6753274353232631,-0.9670971053856813,3.17
-1.2850045639984924,-1.0039260383633042,0.9
1.7575568743794914,-1.1506262934799367,1.02
-0.35908752675001376,0.3124693598347372,1.19
-0.7560620218631791,-1.3528525430017153,1.64
-0.04361475688318777,-0.14968195481449673,1.46
-0.3480282725428486,2.054782070674029,2.86
0.7173368229759852,-0.7965212213755484,2.88
-1.0482782362260212,0.2475384537372649,0.93
1.7166117824802731,-0.13078177204536512,3.96
-1.1924188057539724,-0.8747362024880052,0.95
-0.943857159560453,-1.519371199334983,2.93
-0.9802458486708643,-1.5479887624052455,2.81
-0.24260473304488175,-1.4299042941486602,0.91
0.6753313904037659,-0.967097448587764,3.39
-1.0295675944567348,-0.771358650195377,1.8
0.00945879722551553,1.6629216756839986,3.26
-1.1924188057539713,-0.874736202488004,1.09
-0.35908752675000216,0.31246935983474966,0.97
0.9158136746028712,0.2101371591597277,1.63
-0.7297106160166968,1.8120915167324623,1.8
-1.30443124285778,-1.0860168513703883,0.92
0.6764805437738727,-0.8491292164570735,3.26
-0.24260473304492938,-1.4299042941487317,1.05
-1.1812576334720422,0.24895316876664958,0.55
1.8150509233401204,-0.21643966976766724,3.32
-0.5293521143103295,-0.08332242383427643,1.58
1.7166117824802745,-0.13078177204536473,4.21
-0.8386105834135784,-0.3271596346093446,0.84
-0.9802458487193153,-1.5479887623701465,3.04
-0.4096867803757374,0.19933709395923163,2.13
-1.1812576334705087,0.24895316877602208,0.57
-1.2063053798962953,-1.0072918831916347,2.67
-1.3458344004559184,-1.193976214299308,0.94
1.404579713807836,-0.21030136629115534,3.7
0.023318897630967637,1.659224723729913,3.53
1.5524408497959732,-0.36699433882271904,3.2
-0.24260473304291638,-1.4299042941457036,1.1
0.91581367460293,0.21013715915979023,1.67
-0.30850704445980626,2.0795928686104395,2.82
-0.2819326580068023,1.155654667167265,0.78
-0.7560620179813862,-1.3528525446047357,1.46
-1.4851418700862813,-1.1537746557556825,2.56
-0.2819326580024911,1.1556546671704069,0.79
-0.7560620367933116,-1.3528525368330122,1.63
1.2285209328532207,0.4049082052378739,1.76
-1.3962063887741623,-1.3617876902748305,3.05
0.3134600473748936,1.804778240572883,3.17
0.2851061891163269,-1.5002988158316537,1.82
1.4045797138078353,-0.21030136629116047,4.23
1.7578378170343887,-1.2174501295000153,0.55
-0.2768219498754731,0.29613856650016834,1.0
0.7173368687650269,-0.796521364390813,2.91
0.5680022580688415,-2.0492824546653057,2.58
-1.0225746003778862,0.5533878865306744,0.55
-0.9921147228564224,0.577641810145418,0.69
0.6753313910328383,-0.9670974486418804,3.51
-0.1703401213865681,0.2613547985154928,2.14
-1.3501373449015397,-1.3426654225793322,2.58
-0.980245848719329,-1.5479887623701383,2.77
-0.9921147228564265,0.5776418101454143,0.67
-1.3547963931780123,-0.2839008659896723,2.37
-1.3458344004559166,-1.1939762142993078,0.91
1.8573164951499614,0.4917287956137278,2.38
-1.0178744951925904,-1.5315551172311903,0.69
-1.3547963931780116,-0.28390086598967207,2.34
-1.0178744964876232,-1.531555116049262,0.77
-0.30850704445980354,2.079592868610441,2.81
-0.992114722856422,0.5776418101454187,0.59
0.3964824890671151,-1.6405150018804886,2.55
-0.9921147228564186,0.5776418101454213,0.65
-0.44209318750059384,1.9570677225702209,1.84
1.267960612614823,0.43862352416943445,1.64
1.0879921830863648,0.5255092728234667,1.71
-0.6274615235149149,-1.1150025655235771,2.44
-0.44209318782449597,1.9570677224972954,1.85
0.6764789081704597,-0.8491291993666454,2.6
-0.9267266208026577,-0.03544259847427368,1.96
0.33224942328368817,1.813111046350647,3.23
-0.20488384050893158,-0.37323216298383627,1.55
-1.3044312428577831,-1.0860168513703885,0.9
-0.25037082973705,-1.4904150110876109,1.07
-0.4263332715279348,0.3041421058398993,1.03
1.7940320416632516,0.3702054599322271,2.4
-0.3045394907553464,0.3120452434403331,0.99
0.3964824890671013,-1.6405150018804957,2.76
-1.0178744955910588,-1.5315551168675234,0.74
0.6492111456942847,-1.4220583970505374,1.18
1.8913100718826668,0.44698565882199054,1.27
1.9439072152750543,0.4135261380887415,2.35
-0.44781283877951844,0.32597873101050684,1.04
-0.24260473304499114,-1.4299042941488258,1.08
-0.3045394907553463,0.3120452434403307,1.56
2.0257677805734886,0.4678243887134707,1.28
-0.4478128396982847,0.3259787303454591,1.63
-1.6057923358450883,-1.0822684499899147,1.04
0.2139036406810226,1.8630795445008044,3.08
0.008719174029807705,-0.16728323930403258,1.53
-0.447812839694474,0.32597873034826363,1.33
0.649211145694285,-1.4220583970505376,1.41
-0.30453949075534525,0.3120452434400074,1.22
-1.3547963931780107,-0.283900865989672,2.07
1.1745370858415431,-1.1041956602206622,2.33
1.1286010166144853,0.3683565328031018,1.13
-0.8186668134357431,-1.5941833861560868,2.67
0.9951729492362309,0.3318361516843191,1.08
0.7341238538649637,-1.4908771590147483,1.43
-0.7894755977838317,-1.1830134144289333,2.42
0.8073678046996681,-1.6058369602528784,2.54
-1.4428395148032747,-0.38739376238869694,2.0
0.7906257015402121,-0.9193834417251602,2.54
0.7341238538649641,-1.4908771590147476,1.79
0.6753313888949429,-0.96709744845796,2.63
-1.4186434172834075,-1.0967957142076274,0.9
-0.2819326579953728,1.1556546671755938,0.84
1.943224514281677,0.5566640068306005,1.34
-1.516392323880563,-1.1956171000241143,2.68
0.35801968949037516,-1.4573568822255232,2.53
0.008719174040201658,-0.16728323928685945,1.49
1.9194961938076742,0.36601403339316413,4.67
-0.6836867633640619,1.861823554544406,1.83
-1.346847449017202,-0.4882251109491784,1.19
-0.8186668123290106,-1.5941833863068045,2.79
-0.2819326579964954,1.1556546671747767,0.9
0.11468001377913233,-0.0520628109924109,1.7
1.404579713807874,-0.21030136629142332,3.6
1.2723555985437112,-0.19731565848869825,2.27
-1.3745478246062315,-0.9945161740364296,0.94
0.9951729494340174,0.33183615180981607,1.22
0.8043886265554905,-1.084419173294386,2.75
1.5185473539182117,-0.392742851260022,1.14
1.6803812210115605,-0.21215990336575438,1.1
1.6803812210115565,-0.21215990336575438,1.25
0.1253341649271708,0.014067815657237352,1.3
0.5346895156680558,1.4434075283091974,1.85
0.23570243943947508,1.8623159120112363,3.59
0.9951729492578929,0.33183615169806496,1.22
1.1372321186354324,0.5702840980633508,1.66
2.078044240066743,-0.25477951123686166,1.14
-1.5900599751002755,-0.9974075483418728,1.04
0.9158136746029316,0.21013715915979153,1.63
-0.7027904816410476,-1.2337792718276288,2.56
-1.5491914241847853,-0.5610358692825927,0.67
-1.526582062441769,-1.0661050387522135,3.35
-0.7211719980335833,-1.366622379241141,2.66
-1.336999284879084,-0.9162340608241765,0.94
-1.4001445201830667,-1.0271424322953893,0.91
0.3158623065013341,-0.014719333251550712,1.73
-0.5831892091906065,-1.1606615321164873,2.55
-0.11586990933245117,1.0367268888394034,2.13
-0.4856941022784126,0.32366481932589314,0.99
-0.28193265799613193,1.155654667175041,0.88
1.914182395309657,0.4251602365191606,2.36
1.3419677271691037,-1.6621476006701752,2.68
-0.18764732357838315,1.2242682559623175,0.78
-0.7211718580373346,-1.366622154153472,2.38
-1.3468474490172013,-0.4882251109491781,1.17
-0.822032755518026,-1.407803756592297,2.43
-0.1876473444753991,1.224268242235281,0.79
2.0048419322476696,0.47536067958674544,1.26
-0.28916324620112216,0.9298350439861334,2.14
1.3382032279099905,-1.7011822633192537,2.66
0.7827773484199065,1.5713484432382931,2.53
-0.6836867633891424,1.8618235545417006,1.73
-0.15736969541451884,1.1322393618211886,2.19
-0.9387198837574956,1.6843931318762775,1.77
1.6560327935483639,0.14711925597215117,1.36
-1.5491914241847857,-0.5610358692825936,0.65
-0.746191969668323,-1.5471589888910124,2.95
-0.2819326579993424,1.1556546671727017,0.89
1.716611782480271,-0.1307817720453645,4.79
0.9300212545344128,0.1548744717214967,1.7
-0.7461919696687299,-1.5471589888911736,2.46
1.228520932949857,0.40490820513389975,1.65
1.1598841776921391,0.38148363633629645,1.13
2.0766962272273717,-0.2137221493951799,3.76
1.914182395309642,0.42516023651920287,2.52
-0.7210009994092644,-1.465305560135249,2.52
1.2679606125452978,0.4386235242724578,1.65
1.087992184496204,0.5255092745661638,1.64
-1.7228527520341215,-0.8799610903305335,1.21
-0.5385975059807749,1.974282113608547,1.84
-1.823697711300999,-0.908506605229808,0.68
1.0010665084277772,0.29706920701646294,1.12
-1.7228527520341215,-0.8799610903305335,1.18
1.0010665069817364,0.2970692054319164,1.3
-0.538597505980776,1.9742821136085433,1.74
-1.8236977113105128,-0.9085066052107544,0.66
1.7166117824802736,-0.13078177204536495,4.51
0.7284708868999467,-1.5258309782860877,1.17
1.3731800815401156,-1.635684400981555,2.59
-0.28193265799225586,1.155654667177866,0.86
2.004841928981735,0.47536069047336593,1.3
0.3222643818048075,1.530363142719401,2.22
0.832783957938344,1.670529118996863,1.31
0.6492111456942854,-1.422058397050537,1.34
-0.9921147228564204,0.5776418101454207,0.62
-1.3745478246062326,-0.9945161740364298,0.91
0.5793634580864803,-0.7103307289953434,1.61
0.8804733210466724,1.6494601934047666,3.83
0.6250937570418041,-0.9302391156598103,2.29
0.11448443955671547,1.3973763175140628,2.19
0.1253341649271711,0.01406781565723768,1.33
-0.99211472285642,0.5776418101454209,0.63
1.1946380123695037,1.2412737554870017,1.28
0.777397293827686,-1.5491700193205336,2.57
0.6492111456942861,-1.4220583970505376,1.33
0.2819445815874541,1.5937192310272876,2.34
-1.0225746003790526,0.5533878865296084,0.57
1.5361046884765683,-1.3332018733305613,1.74
0.26554526197208767,1.589372988760001,2.22
1.2723555985437105,-0.19731565848869848,2.67
1.0010665076535679,0.2970692061680981,1.34
1.7011039482946242,-0.459882951212341,1.45
0.11468001377953302,-0.052062810991035,1.77
-0.9921147228564268,0.5776418101454145,0.57
-0.9387198837574962,1.6843931318762762,1.72
-0.596615828728919,-1.2132817112892884,2.36
-0.4654922676623992,0.2955482347458017,1.0
-0.8945024321212075,-1.4618178535822777,2.42
-0.5934659815670721,-0.9322265830630388,1.64
-1.7704294023719973,-0.9792390175252464,1.98
-0.8023830780297289,-1.5241462606142977,2.57
0.7773972938276863,-1.5491700193205338,2.82
0.9158136746029429,0.21013715915980352,1.64
0.6309823133779694,-0.8105993496920689,2.17
0.9300212545344143,0.15487447172149685,1.62
1.4446917782651116,-0.31472754025370236,2.78
1.747990575328503,0.009139318924115389,3.2
1.081890456624662,-1.0231721126967916,0.83
0.6785785998736524,-0.757437274569881,2.05
-1.4186434172834061,-1.0967957142076306,0.91
0.8298496276893129,-1.6463818771793932,2.0
-0.5165005257250183,-1.0564656241657882,3.06
0.9300212545344145,0.15487447172149674,1.66
-0.48569312557178373,0.32366891794112446,1.41
0.31392802505778306,-1.8779769320167867,0.9
1.2883116773200551,-1.126308486641188,3.23
0.9300212545344145,0.15487447172149674,1.7
0.7761616790324214,1.5722460536255551,2.73
-0.006882493140790699,1.442108999573932,2.28
0.777397293827686,-1.5491700193205342,1.99
-1.4001445201830656,-1.0271424322953884,0.92
-1.7704294023719962,-0.9792390175252451,1.98
1.5189063238927027,1.0194130199053064,2.03
-0.11586990933247963,1.03672688883939,1.49
1.4929636553542898,1.0814657810326052,1.74
-0.5966158286234408,-1.2132817109912548,2.32
-0.4884249306448171,-0.9434246840968726,1.86
-0.6158630392218936,-1.6838199604650264,2.0
-0.0383398953882599,1.4345655816740035,2.28
0.8282950210519416,1.674436330138858,1.31
-0.9921147228564224,0.5776418101454186,0.66
0.7773972938276855,-1.549170019320534,2.38
-0.6373764535154204,-1.4183386872180432,2.32
-1.3369992848790913,-0.9162340608241855,0.9
0.7375811780737823,0.7611179355716301,2.22
-1.3972370815607729,-1.0981854738472752,0.94
-0.7077156078573653,-0.15288706551923834,0.98
-0.11586990933238471,1.0367268888394374,1.51
1.7166117824802738,-0.13078177204536467,2.45
0.3448717528643186,1.6245225981443252,2.24
0.6454871589726846,-1.788684509215655,1.44
0.8747159987577107,1.6528417103562307,4.55
1.716611782480275,-0.13078177204536512,3.22
1.4829118321222128,1.090325946426379,2.01
0.2578347782411159,1.7128809124546645,2.1
1.5251629891464853,-1.243264858176439,1.72
0.9951729495305852,0.3318361518710874,1.3
-1.4188802053545408,-1.1950303329814689,0.9
-0.42616711041787547,0.0508585890030533,0.99
-1.397237081560784,-1.0981854738472328,0.91
-1.4543437385364397,-0.26441336570277085,0.68
-0.607048434186631,1.9622159271845865,2.88
-0.5934659815670709,-0.9322265830630384,1.58
-0.6761678403578996,-0.2375670719353573,1.02
1.8150509233401266,-0.21643966976762868,2.53
0.6218881546800691,-1.745724304289238,3.28
-0.5750394228535335,0.4726272559434334,1.97
1.0010665056532733,0.2970692039762099,1.27
1.5303495216881426,1.0107162697538228,1.71
0.737581178145298,0.761117935645167,2.52
-0.7443417255407687,-0.25032895983738895,1.01
-0.48842493064481723,-0.9434246840968731,1.91
-0.9172335222854345,1.812985560897395,2.91
-1.4543437385364397,-0.26441336570277096,0.67
0.5352266357508269,-0.7584117357032004,1.78
0.7493308204797149,1.6978712258700939,1.08
0.06425606870108196,2.0644794430447653,2.63
0.3499039605565138,1.8600594079089245,1.37
-1.5186794131718644,-1.0343492218688415,2.7
-1.4188802053545404,-1.1950303329814695,0.91
1.7166117824802742,-0.1307817720453649,3.05
0.6218881546800693,-1.7457243042892374,3.96
1.7696643505770475,1.044487346470074,1.96
-1.4543437385364393,-0.26441336570277024,0.74
1.7302401233182032,1.1393972749774803,1.89
-0.6373764579624382,-1.4183386962983868,2.37
-0.6809394865784707,-1.4942084085610792,2.35
1.7166117824802725,-0.1307817720453647,3.23
-0.0809110434364809,1.109054966127154,1.46
0.6180425554281113,0.539877668020098,2.23
-0.6158630392218926,-1.6838199604650266,2.02
1.4295790903363153,0.9956662580804376,1.81
1.4425678602239644,0.9893574978436286,1.81
0.853000446559228,1.7073781528890597,3.27
-1.45434373853644,-0.2644133657027708,0.72
-1.3551596113643187,-1.2312014761129262,0.94
0.9144663889520881,1.6708747202993555,4.49
1.3697100910952758,-1.2116369944449041,3.41
1.3994885135246207,-1.2587558749234,1.04
0.7375811782064324,0.7611179357080289,2.51
0.5036816855786715,-0.8721855034775092,1.61
0.5106080873160278,-1.7821985928599402,3.0
1.5643922499570075,-0.13755494668449034,1.45
0.9209114065411509,1.6670843390949848,3.74
-1.3207235678233045,-1.1400931750573424,0.91
-0.2667355351346111,-1.6406151829658557,0.9
-0.08091104343436298,1.1090549661288716,1.48
0.36102044961315466,1.857687290372593,1.28
1.722611052063944,1.063746502594567,1.86
0.5952919692866556,-2.081707924356635,2.57
1.564392249957007,-0.13755494668449017,1.69
-1.5397428641962922,-0.37735027604652405,0.67
-0.4392449091873272,-0.014080134152563662,1.03
-1.01839922467687,1.7504661414152183,1.01
-0.5545326078819193,-1.452397763262218,1.57
0.677285006252749,0.5840405272224752,2.22
-1.3207235678233045,-1.1400931750573426,0.93
-0.6809394865826658,-1.4942084085676814,2.48
0.6180425554281129,0.5398776680200988,2.53
0.27290380490580973,-1.512883799055231,3.8
-0.6220238993102994,-0.09423516169746732,1.04
0.6454871589726844,-1.7886845092156531,1.46
0.717336822983985,-0.7965212213997521,2.58
1.6647108109844544,-0.2465968392284979,1.44
1.3994885135227693,-1.2587558749259398,1.02
1.4829118321222128,1.0903259464263795,1.91
0.6218881546800675,-1.745724304289242,3.36
-0.6227003007466219,-0.9722480654428354,1.92
1.5753157322611262,-1.2558100360408953,2.3
0.5863758896767699,-1.6860106398901389,1.86
0.0691141815840405,2.1493887290030234,1.39
1.6651976763688163,-0.1276150736095805,2.38
-0.047026066253703064,-0.3658602308553103,2.17
0.1167378698976549,-1.9996321713120033,2.12
-0.7077156154966828,-0.15288709033458373,1.23
-0.1158699093323321,1.0367268888394618,1.48
1.5303495216881413,1.0107162697538223,1.92
0.44195012406128564,-1.7134044696730428,1.85
0.5863758896765295,-1.686010639889987,1.91
-0.2503708297370509,-1.4904150110876089,0.92
-1.0183992246768707,1.750466141415217,1.12
1.3152754280558692,-1.1812568227775546,1.73
-0.6902310612823273,1.2891577616823142,1.75
1.3152754280558683,-1.1812568227775588,1.41
-0.2503708297370532,-1.4904150110876102,1.05
1.1662096148574583,-1.1427004151342448,1.39
1.4929636553542893,1.0814657810326054,1.82
-1.7873610158225666,-1.1668802892282357,2.96
0.6180425554281116,0.5398776680200981,2.61
0.08813051189433085,2.1504875089614055,1.37
-0.2503708297370464,-1.4904150110876049,1.03
0.27834401750428084,1.7089750271187927,2.29
1.1662096148624326,-1.1427004151322704,1.4
-0.047026105873759,-0.36586027170883495,2.15
-0.690231061282327,1.289157761682314,1.68
0.850953411508854,0.7982219311900324,2.32
-0.4261671596551326,0.05085852409101648,1.41
-1.5397428648643345,-0.37735027693231815,0.69
0.0006925457727589914,-0.518385571488604,1.86
0.7347700790267364,0.7127153630489174,2.26
1.315275428055868,-1.181256822777555,1.4
-0.7375902377958583,-1.742438893465282,2.09
0.4173567866238034,-1.7819001125718958,2.65
0.08103456001672371,2.0668770002505465,2.67
0.4600769680868773,1.8455778869472816,3.04
1.564392249957008,-0.13755494668449023,1.69
-0.6220238992045499,-0.09423516085594093,1.47
0.7347700790378427,0.7127153630607304,2.53
-0.7077156078595387,-0.1528870655263102,1.43
0.08200635555729048,-2.0884159764293555,1.1
1.770419964121383,-0.2191811244296521,1.87
0.06457930580068727,-0.016412938013205657,1.36
-0.11586990933233812,1.0367268888394587,1.47
-0.24418597992794977,1.0837760176452678,1.65
1.2951533984897616,0.6713688003766327,3.23
0.73477007900798,0.7127153630289674,2.5
1.2999543371469453,-1.2354757835957269,0.92
1.3870417817435639,-1.3508094577361847,0.56
0.0006925463786137337,-0.518385570533413,2.19
1.28887723767854,1.2897904718323676,2.39
-0.8052551375883037,1.3630093638827785,0.84
-0.6220236739332702,-0.09423336911677022,1.36
0.27965282542438347,-0.050217277010612876,1.21
-1.4543437385364404,-0.26441336570277124,0.76
-0.28070947447213673,-1.6056819981436048,0.92
1.0608088874380588,0.08989164095817985,3.21
0.8539575241785387,1.940315713661903,3.11
0.3664006876284657,-0.013819363102126307,1.5
1.252084202152194,1.1902719659342784,2.33
-0.44303263777581076,2.086241779535301,2.85
1.3316666189542263,1.2451173644939708,2.32
-0.4261671104843017,0.05085858891547901,1.38
1.0023868515490468,1.052891779319532,1.15
-0.4430326377774886,2.0862417795350336,2.91
1.5643922499570078,-0.13755494668449023,1.71
-1.721796092555881,-0.2452508276453821,4.47
1.3162619798082178,-1.276004080790301,0.71
-1.3551596113643194,-1.2312014761129264,0.91
0.8592433961505057,0.919781227983699,1.13
-0.24260473304498648,-1.429904294148819,0.91
1.3162619798081931,-1.276004080790313,0.65
-0.07612903011895726,-0.5302011894471439,2.14
-1.4703562735325704,0.002254493460222203,4.21
-0.24418597992795116,1.0837760176452655,1.67
-0.6312768885110226,-0.9132298572497569,1.54
-0.8136188756701741,1.937293184947153,1.1
-1.4543437385364404,-0.2644133657027704,0.72
1.0513216546517363,-1.0904362219531925,0.95
-0.07989617050849762,-0.5360815871182335,2.09
0.8922997429598238,1.945154110274585,3.25
-0.24260473304493413,-1.4299042941487388,1.07
1.6651976763688163,-0.12761507360958016,2.28
-0.8136190378097182,1.9372931190492735,1.03
0.30920092636651886,2.1098667362399426,4.24
-0.48569312651620605,0.3236689139502619,1.25
-1.763535318666948,-1.227885657559961,3.12
0.802199869447594,1.6213422255080647,0.97
1.0608070465699015,0.08988997390863025,3.6
-0.17712668424953132,1.121654010726107,1.49
0.7677340718446247,0.7173868492739262,1.17
0.9163438126163014,1.701660128022659,1.04
0.9479406117929603,1.885982048563425,4.44
-0.7160149144999026,-1.6600128259386613,1.62
1.569493399256441,1.0678919810351306,3.54
1.518906323892705,1.0194130199053033,2.09
-0.8219331409234911,1.8790077422332483,1.04
-0.5618200514864674,-1.9195983325726884,2.12
-1.5110640256836685,-1.1050945950656603,0.95
1.7696643505770246,1.0444873464701105,1.83
-1.4071136709148049,-1.1457372860641593,0.91
1.9888030157837977,0.5465888437363822,3.68
-0.24260473304498664,-1.4299042941488176,1.07
0.9452207789077447,1.8865065631074005,4.45
-0.632295017464005,-1.670460676786354,1.97
1.6803812210115587,-0.21215990336575424,0.77
-1.4271875286301048,-1.2299032654527888,0.9
0.6680836501593236,0.6305701133318812,1.12
1.7302401233182023,1.139397274977482,1.93
1.2199257350466663,-1.357260480358777,0.97
-0.2503708297370527,-1.490415011087612,1.16
0.33233620299206873,2.106342667261259,4.49
0.3152655241466091,0.010789513752198074,1.35
1.1760953778120928,-1.2360266613648219,0.59
-0.8219331409235067,1.879007742233244,1.0
-1.4271875286301046,-1.2299032654527882,0.92
0.11330804874976602,-0.028780833811700202,1.47
1.3105723913846155,-1.4491333458321092,0.58
1.993819570818013,-0.25792352890905135,2.42
-1.4543437385364408,-0.26441336570277124,0.65
-1.4071136709148053,-1.1457372860641588,0.91
1.1206151699165772,1.10864646479261,1.14
1.6726363703984959,0.322509223972491,2.38
0.9817425106166111,1.0112010815161214,1.13
0.07577082250023442,-0.288720004423805,1.97
1.722611052078073,1.0637465025712802,1.83
-1.4843294892734882,-1.3650360216685038,1.73
1.6803812210115598,-0.21215990336575458,0.89
-0.24260473304499292,-1.429904294148828,1.18
1.429579090336315,0.9956662580804359,2.07
0.710238232576429,-1.56660805453713,0.75
-0.17712668425422515,1.1216540107229283,1.5
1.128601809870714,0.36835675328223005,1.14
0.7102382325764279,-1.5666080545371286,0.77
-0.565847213705237,2.054568775860196,1.01
0.07577082240391333,-0.2887200045565064,1.88
0.7193488756556434,1.3164790215188853,2.39
1.3115166834088734,1.3593903834924692,1.51
1.442567860223964,0.9893574978436286,1.74
0.7102382325764287,-1.566608054537129,0.66
1.1242093168498206,-1.2675474510051608,1.21
-1.4543437385364393,-0.26441336570276947,0.66
1.5475218213483826,-0.006085916545265055,2.27
0.9951729505648964,0.33183615252736,1.09
0.6372181428598993,1.3062509495235701,0.77
1.2117175132079974,0.6287509516660986,1.72
0.8992351875124668,1.5991091941329083,1.26
1.2965133697922933,-0.9053873308701929,1.48
1.3623465708814755,0.6946320237486917,1.5
1.211773915820201,0.6288614499964512,1.66
1.1240647967060278,1.1910952092634908,1.16
1.0513216546517363,-1.0904362219531927,1.49
-1.4543437385364404,-0.26441336570277146,0.73
0.9950900757012476,1.0918510451394337,1.13
0.9951729513973426,0.33183615305554826,1.25
1.2965133697922933,-0.9053873308701931,1.41
0.9951729496000853,0.3318361519151858,1.25
0.10988618623233093,-0.42899976897850023,1.81
0.4557871868011311,1.0254801115255174,1.47
1.1599037794514275,0.3814490948740886,1.15
2.0672836337903377,-0.1945074715297642,2.32
-0.5287392375955525,-1.993891712363527,3.67
-0.5040804573640835,-0.8892151115357981,1.54
0.32268163880636574,2.0859432423802664,4.32
-0.5658472002122804,2.0545687771853407,0.98
1.1242093168498235,-1.2675474510051714,1.44
-0.8372354200814937,1.9771714762372357,1.02
-0.5271415663149566,-1.9392850243371416,1.08
1.0736370246790832,1.2065267061195386,1.17
1.0010665083561878,0.29706920693801536,1.12
1.2117739158214886,0.6288614499989414,1.78
1.1760953778118552,-1.2360266613652953,0.67
1.2117739158203635,0.6288614499967649,1.45
0.7193488781399979,1.3164790236876511,2.42
0.637222211990357,1.3062543424591433,0.8
0.4557871871292272,1.0254801118720567,1.44
-0.08121755843874577,1.224984790386637,2.52
1.0010665084321322,0.2970692070212328,1.27
1.547521821348415,-0.006085916545227363,2.78
-0.5733154506007888,-1.5340261790383503,1.48
-0.5801178547961618,-0.993886428500482,2.18
0.9117442923206351,1.7020156469407162,0.99
0.06773199532468638,-0.03590295690562299,1.32
0.9076277545454676,1.5950027091386232,1.25
1.0187260501848365,0.05726121401707203,1.45
0.520152910010416,1.0731919246291532,1.43
1.001066505644096,0.29706920396615333,1.38
2.0277356390867243,-0.45480340673434866,2.37
0.9951729511109043,0.3318361528738041,1.27
1.4236385666667943,-0.9932279121338187,0.67
-1.5193283003943756,-1.2442920083165838,1.04
1.1560229395830055,-0.9779230092325155,3.12
0.9203810377072953,0.058974230263566095,1.52
0.7905774220045785,1.3692761977861725,2.4
-1.4543437385364393,-0.2644133657027711,0.68
1.2290523010259844,-1.3984891612059849,0.65
0.10984478105863692,-0.42906176359613984,1.9
1.001066508078464,0.2970692066336912,1.26
-1.4543437385364397,-0.26441336570277046,0.76
-0.8372349707329894,1.9771716864432565,1.0
-0.08121755845994603,1.2249847903805045,2.41
0.7102382325764294,-1.5666080545371301,0.77
-0.5110067257887174,-1.8169329739766136,2.09
-0.16627981005411493,-1.4217760650888134,1.84
-1.5664269109414475,-1.1653412573782111,0.95
-1.5671252328722232,-1.1339396993167548,0.94
0.07006387460254726,1.2219021330156423,2.89
0.8434878970990125,1.5013513254347515,2.29
-0.13624626385275146,-1.2980216910353632,1.91
1.4236385666667943,-0.9932279121338187,0.62
0.7102382325764294,-1.5666080545371317,0.76
0.1933464598081926,-1.844839349804136,1.16
-0.13624626385275138,-1.2980216910353628,2.21
-1.4543437385364397,-0.26441336570277035,0.72
0.4557871867133981,1.0254801114328533,1.44
-0.13624626385275082,-1.2980216910353628,2.23
-1.5649619510280106,-1.2617294539498025,1.03
0.9203810377097459,0.058974230263039565,1.85
-0.4539058476560584,-1.7423702346567502,2.08
0.9062611294437746,0.9270280445721518,1.13
0.07006387444268079,1.2219021328272703,2.75
0.8641741493559304,-1.944562698415399,0.66
0.18729906694857099,1.3188836553675682,2.39
-1.3405570565708185,-0.28951312641492644,1.17
0.16603666238918866,0.0023625783934134127,1.53
0.786726299000109,-1.670192792519333,0.64
0.8531574020618218,0.8884035543477766,1.14
0.8514128542955847,1.4992408211299417,2.14
0.3396791896894089,2.0832444300943833,4.41
0.3652668742232369,-0.042425175022368755,1.66
0.40407270912328763,2.0355837420949077,4.2
0.7193488781413032,1.3164790236887898,2.42
-0.14703305303606237,-1.3709762443976454,1.8
1.0564834182051328,1.2048717860351337,1.12
0.9203810377072636,0.05897423026357312,1.66
0.04554971716052221,-1.2869332403063962,1.85
-0.12114873998549949,-1.2531977352293868,1.83
-0.7181034253455361,-0.9457744215068296,1.61
0.18729906301974203,1.3188836513050324,2.51
0.6218881546800699,-1.7457243042892374,3.54
0.04468130058473512,-0.42985302362462763,1.86
0.9203810377108836,0.058974230262795094,1.68
1.2290523010259846,-1.3984891612059844,0.75
